[0.000000] (-) TimerEvent: {}
[0.000467] (slam_toolbox) JobQueued: {'identifier': 'slam_toolbox', 'dependencies': OrderedDict()}
[0.000514] (autodrive_f1tenth) JobQueued: {'identifier': 'autodrive_f1tenth', 'dependencies': OrderedDict([('slam_toolbox', '/home/malik/controller-benchmarks/ros2/install/slam_toolbox')])}
[0.000548] (slam_toolbox) JobStarted: {'identifier': 'slam_toolbox'}
[0.005889] (slam_toolbox) JobProgress: {'identifier': 'slam_toolbox', 'progress': 'cmake'}
[0.006638] (slam_toolbox) JobProgress: {'identifier': 'slam_toolbox', 'progress': 'build'}
[0.007374] (slam_toolbox) Command: {'cmd': ['/usr/bin/cmake', '--build', '/home/malik/controller-benchmarks/ros2/build/slam_toolbox', '--', '-j8', '-l8'], 'cwd': '/home/malik/controller-benchmarks/ros2/build/slam_toolbox', 'env': OrderedDict([('GJS_DEBUG_TOPICS', 'JS ERROR;JS LOG'), ('LESSOPEN', '| /usr/bin/lesspipe %s'), ('USER', 'malik'), ('XDG_SESSION_TYPE', 'wayland'), ('SHLVL', '1'), ('LD_LIBRARY_PATH', '/home/malik/controller-benchmarks/ros2/install/slam_toolbox/lib:/opt/ros/humble/opt/rviz_ogre_vendor/lib:/opt/ros/humble/lib/x86_64-linux-gnu:/opt/ros/humble/lib'), ('HOME', '/home/malik'), ('CONDA_SHLVL', '0'), ('OLDPWD', '/home/malik/controller-benchmarks'), ('DESKTOP_SESSION', 'ubuntu'), ('GIO_LAUNCHED_DESKTOP_FILE', '/usr/share/applications/terminator.desktop'), ('ROS_PYTHON_VERSION', '3'), ('GNOME_SHELL_SESSION_MODE', 'ubuntu'), ('GTK_MODULES', 'gail:atk-bridge'), ('PS1', '\\[\\e[38;5;81m\\]\\u@\\h \\[\\e[38;5;226m\\]\\w \\[\\e[0m\\]$'), ('MANAGERPID', '1387'), ('SYSTEMD_EXEC_PID', '1654'), ('DBUS_SESSION_BUS_ADDRESS', 'unix:path=/run/user/1000/bus'), ('COLORTERM', 'truecolor'), ('_CE_M', ''), ('TERMINATOR_DBUS_NAME', 'net.tenshu.Terminator25ef4b219e3b005583550f2b0f9f990c3'), ('_CONDA_ROOT', '/home/malik/miniconda3'), ('GIO_LAUNCHED_DESKTOP_FILE_PID', '2887'), ('IM_CONFIG_PHASE', '1'), ('WAYLAND_DISPLAY', 'wayland-0'), ('COLCON_PREFIX_PATH', '/home/malik/controller-benchmarks/ros2/install:/home/malik/ros2_ws/install'), ('ROS_DISTRO', 'humble'), ('LOGNAME', 'malik'), ('JOURNAL_STREAM', '8:9178'), ('_', '/usr/bin/colcon'), ('ROS_VERSION', '2'), ('XDG_SESSION_CLASS', 'user'), ('USERNAME', 'malik'), ('TERM', 'xterm-256color'), ('GNOME_DESKTOP_SESSION_ID', 'this-is-deprecated'), ('_CE_CONDA', ''), ('ROS_LOCALHOST_ONLY', '0'), ('PATH', '/home/malik/miniconda3/condabin:/opt/ros/humble/bin:/home/malik/.local/bin:/usr/local/sbin:/usr/local/bin:/usr/sbin:/usr/bin:/sbin:/bin:/usr/games:/usr/local/games:/snap/bin:/snap/bin'), ('SESSION_MANAGER', 'local/malik-System-Product-Name:@/tmp/.ICE-unix/1625,unix/malik-System-Product-Name:/tmp/.ICE-unix/1625'), ('INVOCATION_ID', '24d3f90f15574b00a257e7966ba040b6'), ('XDG_MENU_PREFIX', 'gnome-'), ('GNOME_SETUP_DISPLAY', ':1'), ('XDG_RUNTIME_DIR', '/run/user/1000'), ('DISPLAY', ':0'), ('TERMINATOR_DBUS_PATH', '/net/tenshu/Terminator2'), ('LANG', 'en_US.UTF-8'), ('XDG_CURRENT_DESKTOP', 'ubuntu:GNOME'), ('IBUS_DISABLE_SNOOPER', '1'), ('XMODIFIERS', '@im=ibus'), ('XDG_SESSION_DESKTOP', 'ubuntu'), ('XAUTHORITY', '/run/user/1000/.mutter-Xwaylandauth.JB62R3'), ('LS_COLORS', 'rs=0:di=01;34:ln=01;36:mh=00:pi=40;33:so=01;35:do=01;35:bd=40;33;01:cd=40;33;01:or=40;31;01:mi=00:su=37;41:sg=30;43:ca=30;41:tw=30;42:ow=34;42:st=37;44:ex=01;32:*.tar=01;31:*.tgz=01;31:*.arc=01;31:*.arj=01;31:*.taz=01;31:*.lha=01;31:*.lz4=01;31:*.lzh=01;31:*.lzma=01;31:*.tlz=01;31:*.txz=01;31:*.tzo=01;31:*.t7z=01;31:*.zip=01;31:*.z=01;31:*.dz=01;31:*.gz=01;31:*.lrz=01;31:*.lz=01;31:*.lzo=01;31:*.xz=01;31:*.zst=01;31:*.tzst=01;31:*.bz2=01;31:*.bz=01;31:*.tbz=01;31:*.tbz2=01;31:*.tz=01;31:*.deb=01;31:*.rpm=01;31:*.jar=01;31:*.war=01;31:*.ear=01;31:*.sar=01;31:*.rar=01;31:*.alz=01;31:*.ace=01;31:*.zoo=01;31:*.cpio=01;31:*.7z=01;31:*.rz=01;31:*.cab=01;31:*.wim=01;31:*.swm=01;31:*.dwm=01;31:*.esd=01;31:*.jpg=01;35:*.jpeg=01;35:*.mjpg=01;35:*.mjpeg=01;35:*.gif=01;35:*.bmp=01;35:*.pbm=01;35:*.pgm=01;35:*.ppm=01;35:*.tga=01;35:*.xbm=01;35:*.xpm=01;35:*.tif=01;35:*.tiff=01;35:*.png=01;35:*.svg=01;35:*.svgz=01;35:*.mng=01;35:*.pcx=01;35:*.mov=01;35:*.mpg=01;35:*.mpeg=01;35:*.m2v=01;35:*.mkv=01;35:*.webm=01;35:*.webp=01;35:*.ogm=01;35:*.mp4=01;35:*.m4v=01;35:*.mp4v=01;35:*.vob=01;35:*.qt=01;35:*.nuv=01;35:*.wmv=01;35:*.asf=01;35:*.rm=01;35:*.rmvb=01;35:*.flc=01;35:*.avi=01;35:*.fli=01;35:*.flv=01;35:*.gl=01;35:*.dl=01;35:*.xcf=01;35:*.xwd=01;35:*.yuv=01;35:*.cgm=01;35:*.emf=01;35:*.ogv=01;35:*.ogx=01;35:*.aac=00;36:*.au=00;36:*.flac=00;36:*.m4a=00;36:*.mid=00;36:*.midi=00;36:*.mka=00;36:*.mp3=00;36:*.mpc=00;36:*.ogg=00;36:*.ra=00;36:*.wav=00;36:*.oga=00;36:*.opus=00;36:*.spx=00;36:*.xspf=00;36:'), ('SSH_AGENT_LAUNCHER', 'gnome-keyring'), ('SSH_AUTH_SOCK', '/run/user/1000/keyring/ssh'), ('AMENT_PREFIX_PATH', '/home/malik/controller-benchmarks/ros2/install/autodrive_f1tenth:/home/malik/controller-benchmarks/ros2/install/slam_toolbox:/home/malik/ros2_ws/install/autodrive_nigel:/home/malik/ros2_ws/install/autodrive_f1tenth:/opt/ros/humble'), ('CONDA_PYTHON_EXE', '/home/malik/miniconda3/bin/python'), ('SHELL', '/bin/bash'), ('TERMINATOR_UUID', 'urn:uuid:dc838e09-211a-4772-b0ed-4826f1e883ce'), ('QT_ACCESSIBILITY', '1'), ('GDMSESSION', 'ubuntu'), ('LESSCLOSE', '/usr/bin/lesspipe %s %s'), ('GJS_DEBUG_OUTPUT', 'stderr'), ('_CONDA_EXE', '/home/malik/miniconda3/bin/conda'), ('QT_IM_MODULE', 'ibus'), ('PWD', '/home/malik/controller-benchmarks/ros2/build/slam_toolbox'), ('LC_ALL', 'en_US.UTF-8'), ('XDG_CONFIG_DIRS', '/etc/xdg/xdg-ubuntu:/etc/xdg'), ('CONDA_EXE', '/home/malik/miniconda3/bin/conda'), ('XDG_DATA_DIRS', '/usr/share/ubuntu:/home/malik/.local/share/flatpak/exports/share:/var/lib/flatpak/exports/share:/usr/local/share/:/usr/share/:/var/lib/snapd/desktop'), ('PYTHONPATH', '/home/malik/controller-benchmarks/ros2/build/autodrive_f1tenth:/home/malik/controller-benchmarks/ros2/install/autodrive_f1tenth/lib/python3.10/site-packages:/home/malik/controller-benchmarks/ros2/install/slam_toolbox/local/lib/python3.10/dist-packages:/home/malik/ros2_ws/install/autodrive_nigel/lib/python3.10/site-packages:/home/malik/ros2_ws/build/autodrive_f1tenth:/home/malik/ros2_ws/install/autodrive_f1tenth/lib/python3.10/site-packages:/opt/ros/humble/lib/python3.10/site-packages:/opt/ros/humble/local/lib/python3.10/dist-packages'), ('COLCON', '1'), ('VTE_VERSION', '6800'), ('CMAKE_PREFIX_PATH', '/home/malik/controller-benchmarks/ros2/install/slam_toolbox:/home/malik/controller-benchmarks/ros2/install/autodrive_f1tenth:/home/malik/ros2_ws/install/autodrive_nigel:/home/malik/ros2_ws/install/autodrive_f1tenth:/opt/ros/humble')]), 'shell': False}
[0.056878] (slam_toolbox) StdoutLine: {'line': b'[  1%] Built target slam_toolbox__cpp\n'}
[0.062032] (slam_toolbox) StdoutLine: {'line': b'[ 10%] Built target slam_toolbox__rosidl_generator_c\n'}
[0.066991] (slam_toolbox) StdoutLine: {'line': b'[ 10%] Built target ament_cmake_python_symlink_slam_toolbox\n'}
[0.071682] (slam_toolbox) StdoutLine: {'line': b'[ 12%] Built target kartoSlamToolbox\n'}
[0.079451] (slam_toolbox) StdoutLine: {'line': b'[ 21%] Built target slam_toolbox__rosidl_typesupport_introspection_cpp\n'}
[0.079902] (slam_toolbox) StdoutLine: {'line': b'[ 37%] Built target slam_toolbox__rosidl_typesupport_fastrtps_cpp\n'}
[0.079986] (slam_toolbox) StdoutLine: {'line': b'[ 37%] Built target slam_toolbox__rosidl_typesupport_cpp\n'}
[0.082655] (slam_toolbox) StdoutLine: {'line': b'[ 46%] Built target slam_toolbox__rosidl_typesupport_introspection_c\n'}
[0.082801] (slam_toolbox) StdoutLine: {'line': b'[ 58%] Built target slam_toolbox__rosidl_typesupport_c\n'}
[0.082860] (slam_toolbox) StdoutLine: {'line': b'[ 62%] Built target slam_toolbox__rosidl_typesupport_fastrtps_c\n'}
[0.097254] (slam_toolbox) StdoutLine: {'line': b'[ 62%] Built target slam_toolbox\n'}
[0.099815] (-) TimerEvent: {}
[0.110785] (slam_toolbox) StdoutLine: {'line': b'[ 64%] Built target SlamToolboxPlugin\n'}
[0.120290] (slam_toolbox) StdoutLine: {'line': b'[ 65%] Built target slam_toolbox__py\n'}
[0.120635] (slam_toolbox) StdoutLine: {'line': b'[ 66%] Built target ceres_solver_plugin\n'}
[0.130684] (slam_toolbox) StdoutLine: {'line': b'[ 71%] Built target toolbox_common\n'}
[0.155102] (slam_toolbox) StdoutLine: {'line': b'[ 79%] Built target slam_toolbox__rosidl_generator_py\n'}
[0.165881] (slam_toolbox) StdoutLine: {'line': b'[ 81%] Built target localization_slam_toolbox\n'}
[0.166030] (slam_toolbox) StdoutLine: {'line': b'[ 81%] Built target lifelong_slam_toolbox\n'}
[0.166090] (slam_toolbox) StdoutLine: {'line': b'[ 84%] Built target merge_maps_kinematic\n'}
[0.166524] (slam_toolbox) StdoutLine: {'line': b'[ 85%] Built target sync_slam_toolbox\n'}
[0.169105] (slam_toolbox) StdoutLine: {'line': b'[ 87%] Built target async_slam_toolbox\n'}
[0.174889] (slam_toolbox) StdoutLine: {'line': b'[ 88%] Built target slam_toolbox__rosidl_typesupport_fastrtps_c__pyext\n'}
[0.182493] (slam_toolbox) StdoutLine: {'line': b'[ 90%] Built target slam_toolbox__rosidl_typesupport_c__pyext\n'}
[0.184078] (slam_toolbox) StdoutLine: {'line': b'[ 92%] Built target slam_toolbox__rosidl_typesupport_introspection_c__pyext\n'}
[0.201166] (-) TimerEvent: {}
[0.205271] (slam_toolbox) StdoutLine: {'line': b'[ 94%] Built target localization_slam_toolbox_node\n'}
[0.207202] (slam_toolbox) StdoutLine: {'line': b'[ 96%] Built target lifelong_slam_toolbox_node\n'}
[0.209426] (slam_toolbox) StdoutLine: {'line': b'[ 97%] Built target async_slam_toolbox_node\n'}
[0.214050] (slam_toolbox) StdoutLine: {'line': b'[ 98%] Built target sync_slam_toolbox_node\n'}
[0.221469] (slam_toolbox) StdoutLine: {'line': b'[ 99%] Built target map_and_localization_slam_toolbox\n'}
[0.250073] (slam_toolbox) StdoutLine: {'line': b'[100%] Built target map_and_localization_slam_toolbox_node\n'}
[0.301244] (-) TimerEvent: {}
[0.319499] (slam_toolbox) StdoutLine: {'line': b'running egg_info\n'}
[0.320071] (slam_toolbox) StdoutLine: {'line': b'writing slam_toolbox.egg-info/PKG-INFO\n'}
[0.320238] (slam_toolbox) StdoutLine: {'line': b'writing dependency_links to slam_toolbox.egg-info/dependency_links.txt\n'}
[0.320353] (slam_toolbox) StdoutLine: {'line': b'writing top-level names to slam_toolbox.egg-info/top_level.txt\n'}
[0.322969] (slam_toolbox) StdoutLine: {'line': b"reading manifest file 'slam_toolbox.egg-info/SOURCES.txt'\n"}
[0.323803] (slam_toolbox) StdoutLine: {'line': b"writing manifest file 'slam_toolbox.egg-info/SOURCES.txt'\n"}
[0.361145] (slam_toolbox) StdoutLine: {'line': b'[100%] Built target ament_cmake_python_build_slam_toolbox_egg\n'}
[0.370762] (slam_toolbox) CommandEnded: {'returncode': 0}
[0.371573] (slam_toolbox) JobProgress: {'identifier': 'slam_toolbox', 'progress': 'install'}
[0.382677] (slam_toolbox) Command: {'cmd': ['/usr/bin/cmake', '--install', '/home/malik/controller-benchmarks/ros2/build/slam_toolbox'], 'cwd': '/home/malik/controller-benchmarks/ros2/build/slam_toolbox', 'env': OrderedDict([('GJS_DEBUG_TOPICS', 'JS ERROR;JS LOG'), ('LESSOPEN', '| /usr/bin/lesspipe %s'), ('USER', 'malik'), ('XDG_SESSION_TYPE', 'wayland'), ('SHLVL', '1'), ('LD_LIBRARY_PATH', '/home/malik/controller-benchmarks/ros2/install/slam_toolbox/lib:/opt/ros/humble/opt/rviz_ogre_vendor/lib:/opt/ros/humble/lib/x86_64-linux-gnu:/opt/ros/humble/lib'), ('HOME', '/home/malik'), ('CONDA_SHLVL', '0'), ('OLDPWD', '/home/malik/controller-benchmarks'), ('DESKTOP_SESSION', 'ubuntu'), ('GIO_LAUNCHED_DESKTOP_FILE', '/usr/share/applications/terminator.desktop'), ('ROS_PYTHON_VERSION', '3'), ('GNOME_SHELL_SESSION_MODE', 'ubuntu'), ('GTK_MODULES', 'gail:atk-bridge'), ('PS1', '\\[\\e[38;5;81m\\]\\u@\\h \\[\\e[38;5;226m\\]\\w \\[\\e[0m\\]$'), ('MANAGERPID', '1387'), ('SYSTEMD_EXEC_PID', '1654'), ('DBUS_SESSION_BUS_ADDRESS', 'unix:path=/run/user/1000/bus'), ('COLORTERM', 'truecolor'), ('_CE_M', ''), ('TERMINATOR_DBUS_NAME', 'net.tenshu.Terminator25ef4b219e3b005583550f2b0f9f990c3'), ('_CONDA_ROOT', '/home/malik/miniconda3'), ('GIO_LAUNCHED_DESKTOP_FILE_PID', '2887'), ('IM_CONFIG_PHASE', '1'), ('WAYLAND_DISPLAY', 'wayland-0'), ('COLCON_PREFIX_PATH', '/home/malik/controller-benchmarks/ros2/install:/home/malik/ros2_ws/install'), ('ROS_DISTRO', 'humble'), ('LOGNAME', 'malik'), ('JOURNAL_STREAM', '8:9178'), ('_', '/usr/bin/colcon'), ('ROS_VERSION', '2'), ('XDG_SESSION_CLASS', 'user'), ('USERNAME', 'malik'), ('TERM', 'xterm-256color'), ('GNOME_DESKTOP_SESSION_ID', 'this-is-deprecated'), ('_CE_CONDA', ''), ('ROS_LOCALHOST_ONLY', '0'), ('PATH', '/home/malik/miniconda3/condabin:/opt/ros/humble/bin:/home/malik/.local/bin:/usr/local/sbin:/usr/local/bin:/usr/sbin:/usr/bin:/sbin:/bin:/usr/games:/usr/local/games:/snap/bin:/snap/bin'), ('SESSION_MANAGER', 'local/malik-System-Product-Name:@/tmp/.ICE-unix/1625,unix/malik-System-Product-Name:/tmp/.ICE-unix/1625'), ('INVOCATION_ID', '24d3f90f15574b00a257e7966ba040b6'), ('XDG_MENU_PREFIX', 'gnome-'), ('GNOME_SETUP_DISPLAY', ':1'), ('XDG_RUNTIME_DIR', '/run/user/1000'), ('DISPLAY', ':0'), ('TERMINATOR_DBUS_PATH', '/net/tenshu/Terminator2'), ('LANG', 'en_US.UTF-8'), ('XDG_CURRENT_DESKTOP', 'ubuntu:GNOME'), ('IBUS_DISABLE_SNOOPER', '1'), ('XMODIFIERS', '@im=ibus'), ('XDG_SESSION_DESKTOP', 'ubuntu'), ('XAUTHORITY', '/run/user/1000/.mutter-Xwaylandauth.JB62R3'), ('LS_COLORS', 'rs=0:di=01;34:ln=01;36:mh=00:pi=40;33:so=01;35:do=01;35:bd=40;33;01:cd=40;33;01:or=40;31;01:mi=00:su=37;41:sg=30;43:ca=30;41:tw=30;42:ow=34;42:st=37;44:ex=01;32:*.tar=01;31:*.tgz=01;31:*.arc=01;31:*.arj=01;31:*.taz=01;31:*.lha=01;31:*.lz4=01;31:*.lzh=01;31:*.lzma=01;31:*.tlz=01;31:*.txz=01;31:*.tzo=01;31:*.t7z=01;31:*.zip=01;31:*.z=01;31:*.dz=01;31:*.gz=01;31:*.lrz=01;31:*.lz=01;31:*.lzo=01;31:*.xz=01;31:*.zst=01;31:*.tzst=01;31:*.bz2=01;31:*.bz=01;31:*.tbz=01;31:*.tbz2=01;31:*.tz=01;31:*.deb=01;31:*.rpm=01;31:*.jar=01;31:*.war=01;31:*.ear=01;31:*.sar=01;31:*.rar=01;31:*.alz=01;31:*.ace=01;31:*.zoo=01;31:*.cpio=01;31:*.7z=01;31:*.rz=01;31:*.cab=01;31:*.wim=01;31:*.swm=01;31:*.dwm=01;31:*.esd=01;31:*.jpg=01;35:*.jpeg=01;35:*.mjpg=01;35:*.mjpeg=01;35:*.gif=01;35:*.bmp=01;35:*.pbm=01;35:*.pgm=01;35:*.ppm=01;35:*.tga=01;35:*.xbm=01;35:*.xpm=01;35:*.tif=01;35:*.tiff=01;35:*.png=01;35:*.svg=01;35:*.svgz=01;35:*.mng=01;35:*.pcx=01;35:*.mov=01;35:*.mpg=01;35:*.mpeg=01;35:*.m2v=01;35:*.mkv=01;35:*.webm=01;35:*.webp=01;35:*.ogm=01;35:*.mp4=01;35:*.m4v=01;35:*.mp4v=01;35:*.vob=01;35:*.qt=01;35:*.nuv=01;35:*.wmv=01;35:*.asf=01;35:*.rm=01;35:*.rmvb=01;35:*.flc=01;35:*.avi=01;35:*.fli=01;35:*.flv=01;35:*.gl=01;35:*.dl=01;35:*.xcf=01;35:*.xwd=01;35:*.yuv=01;35:*.cgm=01;35:*.emf=01;35:*.ogv=01;35:*.ogx=01;35:*.aac=00;36:*.au=00;36:*.flac=00;36:*.m4a=00;36:*.mid=00;36:*.midi=00;36:*.mka=00;36:*.mp3=00;36:*.mpc=00;36:*.ogg=00;36:*.ra=00;36:*.wav=00;36:*.oga=00;36:*.opus=00;36:*.spx=00;36:*.xspf=00;36:'), ('SSH_AGENT_LAUNCHER', 'gnome-keyring'), ('SSH_AUTH_SOCK', '/run/user/1000/keyring/ssh'), ('AMENT_PREFIX_PATH', '/home/malik/controller-benchmarks/ros2/install/autodrive_f1tenth:/home/malik/controller-benchmarks/ros2/install/slam_toolbox:/home/malik/ros2_ws/install/autodrive_nigel:/home/malik/ros2_ws/install/autodrive_f1tenth:/opt/ros/humble'), ('CONDA_PYTHON_EXE', '/home/malik/miniconda3/bin/python'), ('SHELL', '/bin/bash'), ('TERMINATOR_UUID', 'urn:uuid:dc838e09-211a-4772-b0ed-4826f1e883ce'), ('QT_ACCESSIBILITY', '1'), ('GDMSESSION', 'ubuntu'), ('LESSCLOSE', '/usr/bin/lesspipe %s %s'), ('GJS_DEBUG_OUTPUT', 'stderr'), ('_CONDA_EXE', '/home/malik/miniconda3/bin/conda'), ('QT_IM_MODULE', 'ibus'), ('PWD', '/home/malik/controller-benchmarks/ros2/build/slam_toolbox'), ('LC_ALL', 'en_US.UTF-8'), ('XDG_CONFIG_DIRS', '/etc/xdg/xdg-ubuntu:/etc/xdg'), ('CONDA_EXE', '/home/malik/miniconda3/bin/conda'), ('XDG_DATA_DIRS', '/usr/share/ubuntu:/home/malik/.local/share/flatpak/exports/share:/var/lib/flatpak/exports/share:/usr/local/share/:/usr/share/:/var/lib/snapd/desktop'), ('PYTHONPATH', '/home/malik/controller-benchmarks/ros2/build/autodrive_f1tenth:/home/malik/controller-benchmarks/ros2/install/autodrive_f1tenth/lib/python3.10/site-packages:/home/malik/controller-benchmarks/ros2/install/slam_toolbox/local/lib/python3.10/dist-packages:/home/malik/ros2_ws/install/autodrive_nigel/lib/python3.10/site-packages:/home/malik/ros2_ws/build/autodrive_f1tenth:/home/malik/ros2_ws/install/autodrive_f1tenth/lib/python3.10/site-packages:/opt/ros/humble/lib/python3.10/site-packages:/opt/ros/humble/local/lib/python3.10/dist-packages'), ('COLCON', '1'), ('VTE_VERSION', '6800'), ('CMAKE_PREFIX_PATH', '/home/malik/controller-benchmarks/ros2/install/slam_toolbox:/home/malik/controller-benchmarks/ros2/install/autodrive_f1tenth:/home/malik/ros2_ws/install/autodrive_nigel:/home/malik/ros2_ws/install/autodrive_f1tenth:/opt/ros/humble')]), 'shell': False}
[0.384863] (slam_toolbox) StdoutLine: {'line': b'-- Install configuration: "Release"\n'}
[0.385665] (slam_toolbox) StdoutLine: {'line': b'-- Execute custom install script\n'}
[0.385991] (slam_toolbox) StdoutLine: {'line': b'-- Up-to-date symlink: /home/malik/controller-benchmarks/ros2/install/slam_toolbox/include//karto_sdk/Karto.h\n'}
[0.386099] (slam_toolbox) StdoutLine: {'line': b'-- Up-to-date symlink: /home/malik/controller-benchmarks/ros2/install/slam_toolbox/include//karto_sdk/Macros.h\n'}
[0.386180] (slam_toolbox) StdoutLine: {'line': b'-- Up-to-date symlink: /home/malik/controller-benchmarks/ros2/install/slam_toolbox/include//karto_sdk/Mapper.h\n'}
[0.386244] (slam_toolbox) StdoutLine: {'line': b'-- Up-to-date symlink: /home/malik/controller-benchmarks/ros2/install/slam_toolbox/include//karto_sdk/Math.h\n'}
[0.386306] (slam_toolbox) StdoutLine: {'line': b'-- Up-to-date symlink: /home/malik/controller-benchmarks/ros2/install/slam_toolbox/include//karto_sdk/Types.h\n'}
[0.386387] (slam_toolbox) StdoutLine: {'line': b'-- Up-to-date symlink: /home/malik/controller-benchmarks/ros2/install/slam_toolbox/include//karto_sdk/nanoflann.hpp\n'}
[0.386483] (slam_toolbox) StdoutLine: {'line': b'-- Up-to-date symlink: /home/malik/controller-benchmarks/ros2/install/slam_toolbox/include//karto_sdk/nanoflann_adaptors.h\n'}
[0.386628] (slam_toolbox) StdoutLine: {'line': b'-- Up-to-date symlink: /home/malik/controller-benchmarks/ros2/install/slam_toolbox/share/ament_index/resource_index/rosidl_interfaces/slam_toolbox\n'}
[0.387549] (slam_toolbox) StdoutLine: {'line': b'-- Up-to-date symlink: /home/malik/controller-benchmarks/ros2/install/slam_toolbox/include/slam_toolbox/slam_toolbox/msg/detail/graph_edge__functions.h\n'}
[0.387768] (slam_toolbox) StdoutLine: {'line': b'-- Up-to-date symlink: /home/malik/controller-benchmarks/ros2/install/slam_toolbox/include/slam_toolbox/slam_toolbox/msg/detail/graph_edge__struct.h\n'}
[0.387834] (slam_toolbox) StdoutLine: {'line': b'-- Up-to-date symlink: /home/malik/controller-benchmarks/ros2/install/slam_toolbox/include/slam_toolbox/slam_toolbox/msg/detail/graph_edge__type_support.h\n'}
[0.388062] (slam_toolbox) StdoutLine: {'line': b'-- Up-to-date symlink: /home/malik/controller-benchmarks/ros2/install/slam_toolbox/include/slam_toolbox/slam_toolbox/msg/detail/graph_node__functions.h\n'}
[0.388337] (slam_toolbox) StdoutLine: {'line': b'-- Up-to-date symlink: /home/malik/controller-benchmarks/ros2/install/slam_toolbox/include/slam_toolbox/slam_toolbox/msg/detail/graph_node__struct.h\n'}
[0.388397] (slam_toolbox) StdoutLine: {'line': b'-- Up-to-date symlink: /home/malik/controller-benchmarks/ros2/install/slam_toolbox/include/slam_toolbox/slam_toolbox/msg/detail/graph_node__type_support.h\n'}
[0.388448] (slam_toolbox) StdoutLine: {'line': b'-- Up-to-date symlink: /home/malik/controller-benchmarks/ros2/install/slam_toolbox/include/slam_toolbox/slam_toolbox/msg/detail/localized_laser_scan__functions.h\n'}
[0.388688] (slam_toolbox) StdoutLine: {'line': b'-- Up-to-date symlink: /home/malik/controller-benchmarks/ros2/install/slam_toolbox/include/slam_toolbox/slam_toolbox/msg/detail/localized_laser_scan__struct.h\n'}
[0.388895] (slam_toolbox) StdoutLine: {'line': b'-- Up-to-date symlink: /home/malik/controller-benchmarks/ros2/install/slam_toolbox/include/slam_toolbox/slam_toolbox/msg/detail/localized_laser_scan__type_support.h\n'}
[0.388976] (slam_toolbox) StdoutLine: {'line': b'-- Up-to-date symlink: /home/malik/controller-benchmarks/ros2/install/slam_toolbox/include/slam_toolbox/slam_toolbox/msg/detail/loop_closure_event__functions.h\n'}
[0.389033] (slam_toolbox) StdoutLine: {'line': b'-- Up-to-date symlink: /home/malik/controller-benchmarks/ros2/install/slam_toolbox/include/slam_toolbox/slam_toolbox/msg/detail/loop_closure_event__struct.h\n'}
[0.389094] (slam_toolbox) StdoutLine: {'line': b'-- Up-to-date symlink: /home/malik/controller-benchmarks/ros2/install/slam_toolbox/include/slam_toolbox/slam_toolbox/msg/detail/loop_closure_event__type_support.h\n'}
[0.389166] (slam_toolbox) StdoutLine: {'line': b'-- Up-to-date symlink: /home/malik/controller-benchmarks/ros2/install/slam_toolbox/include/slam_toolbox/slam_toolbox/msg/detail/new_node_event__functions.h\n'}
[0.389216] (slam_toolbox) StdoutLine: {'line': b'-- Up-to-date symlink: /home/malik/controller-benchmarks/ros2/install/slam_toolbox/include/slam_toolbox/slam_toolbox/msg/detail/new_node_event__struct.h\n'}
[0.389266] (slam_toolbox) StdoutLine: {'line': b'-- Up-to-date symlink: /home/malik/controller-benchmarks/ros2/install/slam_toolbox/include/slam_toolbox/slam_toolbox/msg/detail/new_node_event__type_support.h\n'}
[0.389314] (slam_toolbox) StdoutLine: {'line': b'-- Up-to-date symlink: /home/malik/controller-benchmarks/ros2/install/slam_toolbox/include/slam_toolbox/slam_toolbox/msg/detail/pose_graph__functions.h\n'}
[0.389367] (slam_toolbox) StdoutLine: {'line': b'-- Up-to-date symlink: /home/malik/controller-benchmarks/ros2/install/slam_toolbox/include/slam_toolbox/slam_toolbox/msg/detail/pose_graph__struct.h\n'}
[0.390285] (slam_toolbox) StdoutLine: {'line': b'-- Up-to-date symlink: /home/malik/controller-benchmarks/ros2/install/slam_toolbox/include/slam_toolbox/slam_toolbox/msg/detail/pose_graph__type_support.h\n'}
[0.390873] (slam_toolbox) StdoutLine: {'line': b'-- Up-to-date symlink: /home/malik/controller-benchmarks/ros2/install/slam_toolbox/include/slam_toolbox/slam_toolbox/msg/graph_edge.h\n'}
[0.391071] (slam_toolbox) StdoutLine: {'line': b'-- Up-to-date symlink: /home/malik/controller-benchmarks/ros2/install/slam_toolbox/include/slam_toolbox/slam_toolbox/msg/graph_node.h\n'}
[0.391196] (slam_toolbox) StdoutLine: {'line': b'-- Up-to-date symlink: /home/malik/controller-benchmarks/ros2/install/slam_toolbox/include/slam_toolbox/slam_toolbox/msg/localized_laser_scan.h\n'}
[0.391316] (slam_toolbox) StdoutLine: {'line': b'-- Up-to-date symlink: /home/malik/controller-benchmarks/ros2/install/slam_toolbox/include/slam_toolbox/slam_toolbox/msg/loop_closure_event.h\n'}
[0.391414] (slam_toolbox) StdoutLine: {'line': b'-- Up-to-date symlink: /home/malik/controller-benchmarks/ros2/install/slam_toolbox/include/slam_toolbox/slam_toolbox/msg/new_node_event.h\n'}
[0.391586] (slam_toolbox) StdoutLine: {'line': b'-- Up-to-date symlink: /home/malik/controller-benchmarks/ros2/install/slam_toolbox/include/slam_toolbox/slam_toolbox/msg/pose_graph.h\n'}
[0.391672] (slam_toolbox) StdoutLine: {'line': b'-- Up-to-date symlink: /home/malik/controller-benchmarks/ros2/install/slam_toolbox/include/slam_toolbox/slam_toolbox/msg/rosidl_generator_c__visibility_control.h\n'}
[0.391727] (slam_toolbox) StdoutLine: {'line': b'-- Up-to-date symlink: /home/malik/controller-benchmarks/ros2/install/slam_toolbox/include/slam_toolbox/slam_toolbox/srv/add_submap.h\n'}
[0.391775] (slam_toolbox) StdoutLine: {'line': b'-- Up-to-date symlink: /home/malik/controller-benchmarks/ros2/install/slam_toolbox/include/slam_toolbox/slam_toolbox/srv/clear.h\n'}
[0.391823] (slam_toolbox) StdoutLine: {'line': b'-- Up-to-date symlink: /home/malik/controller-benchmarks/ros2/install/slam_toolbox/include/slam_toolbox/slam_toolbox/srv/clear_queue.h\n'}
[0.391871] (slam_toolbox) StdoutLine: {'line': b'-- Up-to-date symlink: /home/malik/controller-benchmarks/ros2/install/slam_toolbox/include/slam_toolbox/slam_toolbox/srv/deserialize_pose_graph.h\n'}
[0.391918] (slam_toolbox) StdoutLine: {'line': b'-- Up-to-date symlink: /home/malik/controller-benchmarks/ros2/install/slam_toolbox/include/slam_toolbox/slam_toolbox/srv/detail/add_submap__functions.h\n'}
[0.391967] (slam_toolbox) StdoutLine: {'line': b'-- Up-to-date symlink: /home/malik/controller-benchmarks/ros2/install/slam_toolbox/include/slam_toolbox/slam_toolbox/srv/detail/add_submap__struct.h\n'}
[0.392023] (slam_toolbox) StdoutLine: {'line': b'-- Up-to-date symlink: /home/malik/controller-benchmarks/ros2/install/slam_toolbox/include/slam_toolbox/slam_toolbox/srv/detail/add_submap__type_support.h\n'}
[0.392086] (slam_toolbox) StdoutLine: {'line': b'-- Up-to-date symlink: /home/malik/controller-benchmarks/ros2/install/slam_toolbox/include/slam_toolbox/slam_toolbox/srv/detail/clear__functions.h\n'}
[0.392168] (slam_toolbox) StdoutLine: {'line': b'-- Up-to-date symlink: /home/malik/controller-benchmarks/ros2/install/slam_toolbox/include/slam_toolbox/slam_toolbox/srv/detail/clear__struct.h\n'}
[0.392224] (slam_toolbox) StdoutLine: {'line': b'-- Up-to-date symlink: /home/malik/controller-benchmarks/ros2/install/slam_toolbox/include/slam_toolbox/slam_toolbox/srv/detail/clear__type_support.h\n'}
[0.392273] (slam_toolbox) StdoutLine: {'line': b'-- Up-to-date symlink: /home/malik/controller-benchmarks/ros2/install/slam_toolbox/include/slam_toolbox/slam_toolbox/srv/detail/clear_queue__functions.h\n'}
[0.392339] (slam_toolbox) StdoutLine: {'line': b'-- Up-to-date symlink: /home/malik/controller-benchmarks/ros2/install/slam_toolbox/include/slam_toolbox/slam_toolbox/srv/detail/clear_queue__struct.h\n'}
[0.392390] (slam_toolbox) StdoutLine: {'line': b'-- Up-to-date symlink: /home/malik/controller-benchmarks/ros2/install/slam_toolbox/include/slam_toolbox/slam_toolbox/srv/detail/clear_queue__type_support.h\n'}
[0.392441] (slam_toolbox) StdoutLine: {'line': b'-- Up-to-date symlink: /home/malik/controller-benchmarks/ros2/install/slam_toolbox/include/slam_toolbox/slam_toolbox/srv/detail/deserialize_pose_graph__functions.h\n'}
[0.392494] (slam_toolbox) StdoutLine: {'line': b'-- Up-to-date symlink: /home/malik/controller-benchmarks/ros2/install/slam_toolbox/include/slam_toolbox/slam_toolbox/srv/detail/deserialize_pose_graph__struct.h\n'}
[0.392543] (slam_toolbox) StdoutLine: {'line': b'-- Up-to-date symlink: /home/malik/controller-benchmarks/ros2/install/slam_toolbox/include/slam_toolbox/slam_toolbox/srv/detail/deserialize_pose_graph__type_support.h\n'}
[0.392599] (slam_toolbox) StdoutLine: {'line': b'-- Up-to-date symlink: /home/malik/controller-benchmarks/ros2/install/slam_toolbox/include/slam_toolbox/slam_toolbox/srv/detail/loop_closure__functions.h\n'}
[0.392646] (slam_toolbox) StdoutLine: {'line': b'-- Up-to-date symlink: /home/malik/controller-benchmarks/ros2/install/slam_toolbox/include/slam_toolbox/slam_toolbox/srv/detail/loop_closure__struct.h\n'}
[0.392698] (slam_toolbox) StdoutLine: {'line': b'-- Up-to-date symlink: /home/malik/controller-benchmarks/ros2/install/slam_toolbox/include/slam_toolbox/slam_toolbox/srv/detail/loop_closure__type_support.h\n'}
[0.392751] (slam_toolbox) StdoutLine: {'line': b'-- Up-to-date symlink: /home/malik/controller-benchmarks/ros2/install/slam_toolbox/include/slam_toolbox/slam_toolbox/srv/detail/merge_maps__functions.h\n'}
[0.393451] (slam_toolbox) StdoutLine: {'line': b'-- Up-to-date symlink: /home/malik/controller-benchmarks/ros2/install/slam_toolbox/include/slam_toolbox/slam_toolbox/srv/detail/merge_maps__struct.h\n'}
[0.393878] (slam_toolbox) StdoutLine: {'line': b'-- Up-to-date symlink: /home/malik/controller-benchmarks/ros2/install/slam_toolbox/include/slam_toolbox/slam_toolbox/srv/detail/merge_maps__type_support.h\n'}
[0.393984] (slam_toolbox) StdoutLine: {'line': b'-- Up-to-date symlink: /home/malik/controller-benchmarks/ros2/install/slam_toolbox/include/slam_toolbox/slam_toolbox/srv/detail/pause__functions.h\n'}
[0.394065] (slam_toolbox) StdoutLine: {'line': b'-- Up-to-date symlink: /home/malik/controller-benchmarks/ros2/install/slam_toolbox/include/slam_toolbox/slam_toolbox/srv/detail/pause__struct.h\n'}
[0.394127] (slam_toolbox) StdoutLine: {'line': b'-- Up-to-date symlink: /home/malik/controller-benchmarks/ros2/install/slam_toolbox/include/slam_toolbox/slam_toolbox/srv/detail/pause__type_support.h\n'}
[0.394188] (slam_toolbox) StdoutLine: {'line': b'-- Up-to-date symlink: /home/malik/controller-benchmarks/ros2/install/slam_toolbox/include/slam_toolbox/slam_toolbox/srv/detail/reset__functions.h\n'}
[0.394561] (slam_toolbox) StdoutLine: {'line': b'-- Up-to-date symlink: /home/malik/controller-benchmarks/ros2/install/slam_toolbox/include/slam_toolbox/slam_toolbox/srv/detail/reset__struct.h\n'}
[0.394713] (slam_toolbox) StdoutLine: {'line': b'-- Up-to-date symlink: /home/malik/controller-benchmarks/ros2/install/slam_toolbox/include/slam_toolbox/slam_toolbox/srv/detail/reset__type_support.h\n'}
[0.394793] (slam_toolbox) StdoutLine: {'line': b'-- Up-to-date symlink: /home/malik/controller-benchmarks/ros2/install/slam_toolbox/include/slam_toolbox/slam_toolbox/srv/detail/save_map__functions.h\n'}
[0.394853] (slam_toolbox) StdoutLine: {'line': b'-- Up-to-date symlink: /home/malik/controller-benchmarks/ros2/install/slam_toolbox/include/slam_toolbox/slam_toolbox/srv/detail/save_map__struct.h\n'}
[0.394915] (slam_toolbox) StdoutLine: {'line': b'-- Up-to-date symlink: /home/malik/controller-benchmarks/ros2/install/slam_toolbox/include/slam_toolbox/slam_toolbox/srv/detail/save_map__type_support.h\n'}
[0.394971] (slam_toolbox) StdoutLine: {'line': b'-- Up-to-date symlink: /home/malik/controller-benchmarks/ros2/install/slam_toolbox/include/slam_toolbox/slam_toolbox/srv/detail/serialize_pose_graph__functions.h\n'}
[0.395034] (slam_toolbox) StdoutLine: {'line': b'-- Up-to-date symlink: /home/malik/controller-benchmarks/ros2/install/slam_toolbox/include/slam_toolbox/slam_toolbox/srv/detail/serialize_pose_graph__struct.h\n'}
[0.395101] (slam_toolbox) StdoutLine: {'line': b'-- Up-to-date symlink: /home/malik/controller-benchmarks/ros2/install/slam_toolbox/include/slam_toolbox/slam_toolbox/srv/detail/serialize_pose_graph__type_support.h\n'}
[0.395182] (slam_toolbox) StdoutLine: {'line': b'-- Up-to-date symlink: /home/malik/controller-benchmarks/ros2/install/slam_toolbox/include/slam_toolbox/slam_toolbox/srv/detail/toggle_interactive__functions.h\n'}
[0.395241] (slam_toolbox) StdoutLine: {'line': b'-- Up-to-date symlink: /home/malik/controller-benchmarks/ros2/install/slam_toolbox/include/slam_toolbox/slam_toolbox/srv/detail/toggle_interactive__struct.h\n'}
[0.398287] (slam_toolbox) StdoutLine: {'line': b'-- Up-to-date symlink: /home/malik/controller-benchmarks/ros2/install/slam_toolbox/include/slam_toolbox/slam_toolbox/srv/detail/toggle_interactive__type_support.h\n'}
[0.398793] (slam_toolbox) StdoutLine: {'line': b'-- Up-to-date symlink: /home/malik/controller-benchmarks/ros2/install/slam_toolbox/include/slam_toolbox/slam_toolbox/srv/loop_closure.h\n'}
[0.399744] (slam_toolbox) StdoutLine: {'line': b'-- Up-to-date symlink: /home/malik/controller-benchmarks/ros2/install/slam_toolbox/include/slam_toolbox/slam_toolbox/srv/merge_maps.h\n'}
[0.399861] (slam_toolbox) StdoutLine: {'line': b'-- Up-to-date symlink: /home/malik/controller-benchmarks/ros2/install/slam_toolbox/include/slam_toolbox/slam_toolbox/srv/pause.h\n'}
[0.399921] (slam_toolbox) StdoutLine: {'line': b'-- Up-to-date symlink: /home/malik/controller-benchmarks/ros2/install/slam_toolbox/include/slam_toolbox/slam_toolbox/srv/reset.h\n'}
[0.399975] (slam_toolbox) StdoutLine: {'line': b'-- Up-to-date symlink: /home/malik/controller-benchmarks/ros2/install/slam_toolbox/include/slam_toolbox/slam_toolbox/srv/save_map.h\n'}
[0.400894] (slam_toolbox) StdoutLine: {'line': b'-- Up-to-date symlink: /home/malik/controller-benchmarks/ros2/install/slam_toolbox/include/slam_toolbox/slam_toolbox/srv/serialize_pose_graph.h\n'}
[0.401017] (slam_toolbox) StdoutLine: {'line': b'-- Up-to-date symlink: /home/malik/controller-benchmarks/ros2/install/slam_toolbox/include/slam_toolbox/slam_toolbox/srv/toggle_interactive.h\n'}
[0.401296] (-) TimerEvent: {}
[0.401416] (slam_toolbox) StdoutLine: {'line': b'-- Up-to-date symlink: /home/malik/controller-benchmarks/ros2/install/slam_toolbox/share/slam_toolbox/environment/library_path.sh\n'}
[0.401488] (slam_toolbox) StdoutLine: {'line': b'-- Up-to-date symlink: /home/malik/controller-benchmarks/ros2/install/slam_toolbox/share/slam_toolbox/environment/library_path.dsv\n'}
[0.401544] (slam_toolbox) StdoutLine: {'line': b'-- Up-to-date symlink: /home/malik/controller-benchmarks/ros2/install/slam_toolbox/include/slam_toolbox/slam_toolbox/msg/detail/graph_edge__rosidl_typesupport_fastrtps_c.h\n'}
[0.401625] (slam_toolbox) StdoutLine: {'line': b'-- Up-to-date symlink: /home/malik/controller-benchmarks/ros2/install/slam_toolbox/include/slam_toolbox/slam_toolbox/msg/detail/graph_node__rosidl_typesupport_fastrtps_c.h\n'}
[0.401686] (slam_toolbox) StdoutLine: {'line': b'-- Up-to-date symlink: /home/malik/controller-benchmarks/ros2/install/slam_toolbox/include/slam_toolbox/slam_toolbox/msg/detail/localized_laser_scan__rosidl_typesupport_fastrtps_c.h\n'}
[0.401738] (slam_toolbox) StdoutLine: {'line': b'-- Up-to-date symlink: /home/malik/controller-benchmarks/ros2/install/slam_toolbox/include/slam_toolbox/slam_toolbox/msg/detail/loop_closure_event__rosidl_typesupport_fastrtps_c.h\n'}
[0.401788] (slam_toolbox) StdoutLine: {'line': b'-- Up-to-date symlink: /home/malik/controller-benchmarks/ros2/install/slam_toolbox/include/slam_toolbox/slam_toolbox/msg/detail/new_node_event__rosidl_typesupport_fastrtps_c.h\n'}
[0.401838] (slam_toolbox) StdoutLine: {'line': b'-- Up-to-date symlink: /home/malik/controller-benchmarks/ros2/install/slam_toolbox/include/slam_toolbox/slam_toolbox/msg/detail/pose_graph__rosidl_typesupport_fastrtps_c.h\n'}
[0.401894] (slam_toolbox) StdoutLine: {'line': b'-- Up-to-date symlink: /home/malik/controller-benchmarks/ros2/install/slam_toolbox/include/slam_toolbox/slam_toolbox/msg/rosidl_typesupport_fastrtps_c__visibility_control.h\n'}
[0.401951] (slam_toolbox) StdoutLine: {'line': b'-- Up-to-date symlink: /home/malik/controller-benchmarks/ros2/install/slam_toolbox/include/slam_toolbox/slam_toolbox/srv/detail/add_submap__rosidl_typesupport_fastrtps_c.h\n'}
[0.402020] (slam_toolbox) StdoutLine: {'line': b'-- Up-to-date symlink: /home/malik/controller-benchmarks/ros2/install/slam_toolbox/include/slam_toolbox/slam_toolbox/srv/detail/clear__rosidl_typesupport_fastrtps_c.h\n'}
[0.402081] (slam_toolbox) StdoutLine: {'line': b'-- Up-to-date symlink: /home/malik/controller-benchmarks/ros2/install/slam_toolbox/include/slam_toolbox/slam_toolbox/srv/detail/clear_queue__rosidl_typesupport_fastrtps_c.h\n'}
[0.402177] (slam_toolbox) StdoutLine: {'line': b'-- Up-to-date symlink: /home/malik/controller-benchmarks/ros2/install/slam_toolbox/include/slam_toolbox/slam_toolbox/srv/detail/deserialize_pose_graph__rosidl_typesupport_fastrtps_c.h\n'}
[0.402256] (slam_toolbox) StdoutLine: {'line': b'-- Up-to-date symlink: /home/malik/controller-benchmarks/ros2/install/slam_toolbox/include/slam_toolbox/slam_toolbox/srv/detail/loop_closure__rosidl_typesupport_fastrtps_c.h\n'}
[0.402309] (slam_toolbox) StdoutLine: {'line': b'-- Up-to-date symlink: /home/malik/controller-benchmarks/ros2/install/slam_toolbox/include/slam_toolbox/slam_toolbox/srv/detail/merge_maps__rosidl_typesupport_fastrtps_c.h\n'}
[0.402362] (slam_toolbox) StdoutLine: {'line': b'-- Up-to-date symlink: /home/malik/controller-benchmarks/ros2/install/slam_toolbox/include/slam_toolbox/slam_toolbox/srv/detail/pause__rosidl_typesupport_fastrtps_c.h\n'}
[0.402412] (slam_toolbox) StdoutLine: {'line': b'-- Up-to-date symlink: /home/malik/controller-benchmarks/ros2/install/slam_toolbox/include/slam_toolbox/slam_toolbox/srv/detail/reset__rosidl_typesupport_fastrtps_c.h\n'}
[0.402492] (slam_toolbox) StdoutLine: {'line': b'-- Up-to-date symlink: /home/malik/controller-benchmarks/ros2/install/slam_toolbox/include/slam_toolbox/slam_toolbox/srv/detail/save_map__rosidl_typesupport_fastrtps_c.h\n'}
[0.402583] (slam_toolbox) StdoutLine: {'line': b'-- Up-to-date symlink: /home/malik/controller-benchmarks/ros2/install/slam_toolbox/include/slam_toolbox/slam_toolbox/srv/detail/serialize_pose_graph__rosidl_typesupport_fastrtps_c.h\n'}
[0.402760] (slam_toolbox) StdoutLine: {'line': b'-- Up-to-date symlink: /home/malik/controller-benchmarks/ros2/install/slam_toolbox/include/slam_toolbox/slam_toolbox/srv/detail/toggle_interactive__rosidl_typesupport_fastrtps_c.h\n'}
[0.402958] (slam_toolbox) StdoutLine: {'line': b'-- Up-to-date symlink: /home/malik/controller-benchmarks/ros2/install/slam_toolbox/include/slam_toolbox/slam_toolbox/msg/detail/graph_edge__builder.hpp\n'}
[0.403051] (slam_toolbox) StdoutLine: {'line': b'-- Up-to-date symlink: /home/malik/controller-benchmarks/ros2/install/slam_toolbox/include/slam_toolbox/slam_toolbox/msg/detail/graph_edge__struct.hpp\n'}
[0.403130] (slam_toolbox) StdoutLine: {'line': b'-- Up-to-date symlink: /home/malik/controller-benchmarks/ros2/install/slam_toolbox/include/slam_toolbox/slam_toolbox/msg/detail/graph_edge__traits.hpp\n'}
[0.403186] (slam_toolbox) StdoutLine: {'line': b'-- Up-to-date symlink: /home/malik/controller-benchmarks/ros2/install/slam_toolbox/include/slam_toolbox/slam_toolbox/msg/detail/graph_edge__type_support.hpp\n'}
[0.403232] (slam_toolbox) StdoutLine: {'line': b'-- Up-to-date symlink: /home/malik/controller-benchmarks/ros2/install/slam_toolbox/include/slam_toolbox/slam_toolbox/msg/detail/graph_node__builder.hpp\n'}
[0.403277] (slam_toolbox) StdoutLine: {'line': b'-- Up-to-date symlink: /home/malik/controller-benchmarks/ros2/install/slam_toolbox/include/slam_toolbox/slam_toolbox/msg/detail/graph_node__struct.hpp\n'}
[0.403323] (slam_toolbox) StdoutLine: {'line': b'-- Up-to-date symlink: /home/malik/controller-benchmarks/ros2/install/slam_toolbox/include/slam_toolbox/slam_toolbox/msg/detail/graph_node__traits.hpp\n'}
[0.403368] (slam_toolbox) StdoutLine: {'line': b'-- Up-to-date symlink: /home/malik/controller-benchmarks/ros2/install/slam_toolbox/include/slam_toolbox/slam_toolbox/msg/detail/graph_node__type_support.hpp\n'}
[0.403420] (slam_toolbox) StdoutLine: {'line': b'-- Up-to-date symlink: /home/malik/controller-benchmarks/ros2/install/slam_toolbox/include/slam_toolbox/slam_toolbox/msg/detail/localized_laser_scan__builder.hpp\n'}
[0.403467] (slam_toolbox) StdoutLine: {'line': b'-- Up-to-date symlink: /home/malik/controller-benchmarks/ros2/install/slam_toolbox/include/slam_toolbox/slam_toolbox/msg/detail/localized_laser_scan__struct.hpp\n'}
[0.403512] (slam_toolbox) StdoutLine: {'line': b'-- Up-to-date symlink: /home/malik/controller-benchmarks/ros2/install/slam_toolbox/include/slam_toolbox/slam_toolbox/msg/detail/localized_laser_scan__traits.hpp\n'}
[0.404337] (slam_toolbox) StdoutLine: {'line': b'-- Up-to-date symlink: /home/malik/controller-benchmarks/ros2/install/slam_toolbox/include/slam_toolbox/slam_toolbox/msg/detail/localized_laser_scan__type_support.hpp\n'}
[0.404536] (slam_toolbox) StdoutLine: {'line': b'-- Up-to-date symlink: /home/malik/controller-benchmarks/ros2/install/slam_toolbox/include/slam_toolbox/slam_toolbox/msg/detail/loop_closure_event__builder.hpp\n'}
[0.404838] (slam_toolbox) StdoutLine: {'line': b'-- Up-to-date symlink: /home/malik/controller-benchmarks/ros2/install/slam_toolbox/include/slam_toolbox/slam_toolbox/msg/detail/loop_closure_event__struct.hpp\n'}
[0.404931] (slam_toolbox) StdoutLine: {'line': b'-- Up-to-date symlink: /home/malik/controller-benchmarks/ros2/install/slam_toolbox/include/slam_toolbox/slam_toolbox/msg/detail/loop_closure_event__traits.hpp\n'}
[0.404984] (slam_toolbox) StdoutLine: {'line': b'-- Up-to-date symlink: /home/malik/controller-benchmarks/ros2/install/slam_toolbox/include/slam_toolbox/slam_toolbox/msg/detail/loop_closure_event__type_support.hpp\n'}
[0.405044] (slam_toolbox) StdoutLine: {'line': b'-- Up-to-date symlink: /home/malik/controller-benchmarks/ros2/install/slam_toolbox/include/slam_toolbox/slam_toolbox/msg/detail/new_node_event__builder.hpp\n'}
[0.405105] (slam_toolbox) StdoutLine: {'line': b'-- Up-to-date symlink: /home/malik/controller-benchmarks/ros2/install/slam_toolbox/include/slam_toolbox/slam_toolbox/msg/detail/new_node_event__struct.hpp\n'}
[0.405176] (slam_toolbox) StdoutLine: {'line': b'-- Up-to-date symlink: /home/malik/controller-benchmarks/ros2/install/slam_toolbox/include/slam_toolbox/slam_toolbox/msg/detail/new_node_event__traits.hpp\n'}
[0.405224] (slam_toolbox) StdoutLine: {'line': b'-- Up-to-date symlink: /home/malik/controller-benchmarks/ros2/install/slam_toolbox/include/slam_toolbox/slam_toolbox/msg/detail/new_node_event__type_support.hpp\n'}
[0.405282] (slam_toolbox) StdoutLine: {'line': b'-- Up-to-date symlink: /home/malik/controller-benchmarks/ros2/install/slam_toolbox/include/slam_toolbox/slam_toolbox/msg/detail/pose_graph__builder.hpp\n'}
[0.405340] (slam_toolbox) StdoutLine: {'line': b'-- Up-to-date symlink: /home/malik/controller-benchmarks/ros2/install/slam_toolbox/include/slam_toolbox/slam_toolbox/msg/detail/pose_graph__struct.hpp\n'}
[0.405396] (slam_toolbox) StdoutLine: {'line': b'-- Up-to-date symlink: /home/malik/controller-benchmarks/ros2/install/slam_toolbox/include/slam_toolbox/slam_toolbox/msg/detail/pose_graph__traits.hpp\n'}
[0.405442] (slam_toolbox) StdoutLine: {'line': b'-- Up-to-date symlink: /home/malik/controller-benchmarks/ros2/install/slam_toolbox/include/slam_toolbox/slam_toolbox/msg/detail/pose_graph__type_support.hpp\n'}
[0.405499] (slam_toolbox) StdoutLine: {'line': b'-- Up-to-date symlink: /home/malik/controller-benchmarks/ros2/install/slam_toolbox/include/slam_toolbox/slam_toolbox/msg/graph_edge.hpp\n'}
[0.406021] (slam_toolbox) StdoutLine: {'line': b'-- Up-to-date symlink: /home/malik/controller-benchmarks/ros2/install/slam_toolbox/include/slam_toolbox/slam_toolbox/msg/graph_node.hpp\n'}
[0.406178] (slam_toolbox) StdoutLine: {'line': b'-- Up-to-date symlink: /home/malik/controller-benchmarks/ros2/install/slam_toolbox/include/slam_toolbox/slam_toolbox/msg/localized_laser_scan.hpp\n'}
[0.406270] (slam_toolbox) StdoutLine: {'line': b'-- Up-to-date symlink: /home/malik/controller-benchmarks/ros2/install/slam_toolbox/include/slam_toolbox/slam_toolbox/msg/loop_closure_event.hpp\n'}
[0.406321] (slam_toolbox) StdoutLine: {'line': b'-- Up-to-date symlink: /home/malik/controller-benchmarks/ros2/install/slam_toolbox/include/slam_toolbox/slam_toolbox/msg/new_node_event.hpp\n'}
[0.406368] (slam_toolbox) StdoutLine: {'line': b'-- Up-to-date symlink: /home/malik/controller-benchmarks/ros2/install/slam_toolbox/include/slam_toolbox/slam_toolbox/msg/pose_graph.hpp\n'}
[0.406413] (slam_toolbox) StdoutLine: {'line': b'-- Up-to-date symlink: /home/malik/controller-benchmarks/ros2/install/slam_toolbox/include/slam_toolbox/slam_toolbox/msg/rosidl_generator_cpp__visibility_control.hpp\n'}
[0.406460] (slam_toolbox) StdoutLine: {'line': b'-- Up-to-date symlink: /home/malik/controller-benchmarks/ros2/install/slam_toolbox/include/slam_toolbox/slam_toolbox/srv/add_submap.hpp\n'}
[0.406530] (slam_toolbox) StdoutLine: {'line': b'-- Up-to-date symlink: /home/malik/controller-benchmarks/ros2/install/slam_toolbox/include/slam_toolbox/slam_toolbox/srv/clear.hpp\n'}
[0.406589] (slam_toolbox) StdoutLine: {'line': b'-- Up-to-date symlink: /home/malik/controller-benchmarks/ros2/install/slam_toolbox/include/slam_toolbox/slam_toolbox/srv/clear_queue.hpp\n'}
[0.406645] (slam_toolbox) StdoutLine: {'line': b'-- Up-to-date symlink: /home/malik/controller-benchmarks/ros2/install/slam_toolbox/include/slam_toolbox/slam_toolbox/srv/deserialize_pose_graph.hpp\n'}
[0.406691] (slam_toolbox) StdoutLine: {'line': b'-- Up-to-date symlink: /home/malik/controller-benchmarks/ros2/install/slam_toolbox/include/slam_toolbox/slam_toolbox/srv/detail/add_submap__builder.hpp\n'}
[0.406750] (slam_toolbox) StdoutLine: {'line': b'-- Up-to-date symlink: /home/malik/controller-benchmarks/ros2/install/slam_toolbox/include/slam_toolbox/slam_toolbox/srv/detail/add_submap__struct.hpp\n'}
[0.406807] (slam_toolbox) StdoutLine: {'line': b'-- Up-to-date symlink: /home/malik/controller-benchmarks/ros2/install/slam_toolbox/include/slam_toolbox/slam_toolbox/srv/detail/add_submap__traits.hpp\n'}
[0.406853] (slam_toolbox) StdoutLine: {'line': b'-- Up-to-date symlink: /home/malik/controller-benchmarks/ros2/install/slam_toolbox/include/slam_toolbox/slam_toolbox/srv/detail/add_submap__type_support.hpp\n'}
[0.406911] (slam_toolbox) StdoutLine: {'line': b'-- Up-to-date symlink: /home/malik/controller-benchmarks/ros2/install/slam_toolbox/include/slam_toolbox/slam_toolbox/srv/detail/clear__builder.hpp\n'}
[0.406969] (slam_toolbox) StdoutLine: {'line': b'-- Up-to-date symlink: /home/malik/controller-benchmarks/ros2/install/slam_toolbox/include/slam_toolbox/slam_toolbox/srv/detail/clear__struct.hpp\n'}
[0.407022] (slam_toolbox) StdoutLine: {'line': b'-- Up-to-date symlink: /home/malik/controller-benchmarks/ros2/install/slam_toolbox/include/slam_toolbox/slam_toolbox/srv/detail/clear__traits.hpp\n'}
[0.407080] (slam_toolbox) StdoutLine: {'line': b'-- Up-to-date symlink: /home/malik/controller-benchmarks/ros2/install/slam_toolbox/include/slam_toolbox/slam_toolbox/srv/detail/clear__type_support.hpp\n'}
[0.407148] (slam_toolbox) StdoutLine: {'line': b'-- Up-to-date symlink: /home/malik/controller-benchmarks/ros2/install/slam_toolbox/include/slam_toolbox/slam_toolbox/srv/detail/clear_queue__builder.hpp\n'}
[0.407196] (slam_toolbox) StdoutLine: {'line': b'-- Up-to-date symlink: /home/malik/controller-benchmarks/ros2/install/slam_toolbox/include/slam_toolbox/slam_toolbox/srv/detail/clear_queue__struct.hpp\n'}
[0.407241] (slam_toolbox) StdoutLine: {'line': b'-- Up-to-date symlink: /home/malik/controller-benchmarks/ros2/install/slam_toolbox/include/slam_toolbox/slam_toolbox/srv/detail/clear_queue__traits.hpp\n'}
[0.408352] (slam_toolbox) StdoutLine: {'line': b'-- Up-to-date symlink: /home/malik/controller-benchmarks/ros2/install/slam_toolbox/include/slam_toolbox/slam_toolbox/srv/detail/clear_queue__type_support.hpp\n'}
[0.408516] (slam_toolbox) StdoutLine: {'line': b'-- Up-to-date symlink: /home/malik/controller-benchmarks/ros2/install/slam_toolbox/include/slam_toolbox/slam_toolbox/srv/detail/deserialize_pose_graph__builder.hpp\n'}
[0.408578] (slam_toolbox) StdoutLine: {'line': b'-- Up-to-date symlink: /home/malik/controller-benchmarks/ros2/install/slam_toolbox/include/slam_toolbox/slam_toolbox/srv/detail/deserialize_pose_graph__struct.hpp\n'}
[0.408657] (slam_toolbox) StdoutLine: {'line': b'-- Up-to-date symlink: /home/malik/controller-benchmarks/ros2/install/slam_toolbox/include/slam_toolbox/slam_toolbox/srv/detail/deserialize_pose_graph__traits.hpp\n'}
[0.408846] (slam_toolbox) StdoutLine: {'line': b'-- Up-to-date symlink: /home/malik/controller-benchmarks/ros2/install/slam_toolbox/include/slam_toolbox/slam_toolbox/srv/detail/deserialize_pose_graph__type_support.hpp\n'}
[0.408898] (slam_toolbox) StdoutLine: {'line': b'-- Up-to-date symlink: /home/malik/controller-benchmarks/ros2/install/slam_toolbox/include/slam_toolbox/slam_toolbox/srv/detail/loop_closure__builder.hpp\n'}
[0.408979] (slam_toolbox) StdoutLine: {'line': b'-- Up-to-date symlink: /home/malik/controller-benchmarks/ros2/install/slam_toolbox/include/slam_toolbox/slam_toolbox/srv/detail/loop_closure__struct.hpp\n'}
[0.409071] (slam_toolbox) StdoutLine: {'line': b'-- Up-to-date symlink: /home/malik/controller-benchmarks/ros2/install/slam_toolbox/include/slam_toolbox/slam_toolbox/srv/detail/loop_closure__traits.hpp\n'}
[0.409263] (slam_toolbox) StdoutLine: {'line': b'-- Up-to-date symlink: /home/malik/controller-benchmarks/ros2/install/slam_toolbox/include/slam_toolbox/slam_toolbox/srv/detail/loop_closure__type_support.hpp\n'}
[0.409494] (slam_toolbox) StdoutLine: {'line': b'-- Up-to-date symlink: /home/malik/controller-benchmarks/ros2/install/slam_toolbox/include/slam_toolbox/slam_toolbox/srv/detail/merge_maps__builder.hpp\n'}
[0.409617] (slam_toolbox) StdoutLine: {'line': b'-- Up-to-date symlink: /home/malik/controller-benchmarks/ros2/install/slam_toolbox/include/slam_toolbox/slam_toolbox/srv/detail/merge_maps__struct.hpp\n'}
[0.409677] (slam_toolbox) StdoutLine: {'line': b'-- Up-to-date symlink: /home/malik/controller-benchmarks/ros2/install/slam_toolbox/include/slam_toolbox/slam_toolbox/srv/detail/merge_maps__traits.hpp\n'}
[0.409729] (slam_toolbox) StdoutLine: {'line': b'-- Up-to-date symlink: /home/malik/controller-benchmarks/ros2/install/slam_toolbox/include/slam_toolbox/slam_toolbox/srv/detail/merge_maps__type_support.hpp\n'}
[0.409787] (slam_toolbox) StdoutLine: {'line': b'-- Up-to-date symlink: /home/malik/controller-benchmarks/ros2/install/slam_toolbox/include/slam_toolbox/slam_toolbox/srv/detail/pause__builder.hpp\n'}
[0.409837] (slam_toolbox) StdoutLine: {'line': b'-- Up-to-date symlink: /home/malik/controller-benchmarks/ros2/install/slam_toolbox/include/slam_toolbox/slam_toolbox/srv/detail/pause__struct.hpp\n'}
[0.409892] (slam_toolbox) StdoutLine: {'line': b'-- Up-to-date symlink: /home/malik/controller-benchmarks/ros2/install/slam_toolbox/include/slam_toolbox/slam_toolbox/srv/detail/pause__traits.hpp\n'}
[0.409999] (slam_toolbox) StdoutLine: {'line': b'-- Up-to-date symlink: /home/malik/controller-benchmarks/ros2/install/slam_toolbox/include/slam_toolbox/slam_toolbox/srv/detail/pause__type_support.hpp\n'}
[0.410051] (slam_toolbox) StdoutLine: {'line': b'-- Up-to-date symlink: /home/malik/controller-benchmarks/ros2/install/slam_toolbox/include/slam_toolbox/slam_toolbox/srv/detail/reset__builder.hpp\n'}
[0.410098] (slam_toolbox) StdoutLine: {'line': b'-- Up-to-date symlink: /home/malik/controller-benchmarks/ros2/install/slam_toolbox/include/slam_toolbox/slam_toolbox/srv/detail/reset__struct.hpp\n'}
[0.410158] (slam_toolbox) StdoutLine: {'line': b'-- Up-to-date symlink: /home/malik/controller-benchmarks/ros2/install/slam_toolbox/include/slam_toolbox/slam_toolbox/srv/detail/reset__traits.hpp\n'}
[0.410207] (slam_toolbox) StdoutLine: {'line': b'-- Up-to-date symlink: /home/malik/controller-benchmarks/ros2/install/slam_toolbox/include/slam_toolbox/slam_toolbox/srv/detail/reset__type_support.hpp\n'}
[0.410346] (slam_toolbox) StdoutLine: {'line': b'-- Up-to-date symlink: /home/malik/controller-benchmarks/ros2/install/slam_toolbox/include/slam_toolbox/slam_toolbox/srv/detail/save_map__builder.hpp\n'}
[0.410410] (slam_toolbox) StdoutLine: {'line': b'-- Up-to-date symlink: /home/malik/controller-benchmarks/ros2/install/slam_toolbox/include/slam_toolbox/slam_toolbox/srv/detail/save_map__struct.hpp\n'}
[0.410487] (slam_toolbox) StdoutLine: {'line': b'-- Up-to-date symlink: /home/malik/controller-benchmarks/ros2/install/slam_toolbox/include/slam_toolbox/slam_toolbox/srv/detail/save_map__traits.hpp\n'}
[0.410544] (slam_toolbox) StdoutLine: {'line': b'-- Up-to-date symlink: /home/malik/controller-benchmarks/ros2/install/slam_toolbox/include/slam_toolbox/slam_toolbox/srv/detail/save_map__type_support.hpp\n'}
[0.410698] (slam_toolbox) StdoutLine: {'line': b'-- Up-to-date symlink: /home/malik/controller-benchmarks/ros2/install/slam_toolbox/include/slam_toolbox/slam_toolbox/srv/detail/serialize_pose_graph__builder.hpp\n'}
[0.410850] (slam_toolbox) StdoutLine: {'line': b'-- Up-to-date symlink: /home/malik/controller-benchmarks/ros2/install/slam_toolbox/include/slam_toolbox/slam_toolbox/srv/detail/serialize_pose_graph__struct.hpp\n'}
[0.412130] (slam_toolbox) StdoutLine: {'line': b'-- Up-to-date symlink: /home/malik/controller-benchmarks/ros2/install/slam_toolbox/include/slam_toolbox/slam_toolbox/srv/detail/serialize_pose_graph__traits.hpp\n'}
[0.412229] (slam_toolbox) StdoutLine: {'line': b'-- Up-to-date symlink: /home/malik/controller-benchmarks/ros2/install/slam_toolbox/include/slam_toolbox/slam_toolbox/srv/detail/serialize_pose_graph__type_support.hpp\n'}
[0.412285] (slam_toolbox) StdoutLine: {'line': b'-- Up-to-date symlink: /home/malik/controller-benchmarks/ros2/install/slam_toolbox/include/slam_toolbox/slam_toolbox/srv/detail/toggle_interactive__builder.hpp\n'}
[0.412335] (slam_toolbox) StdoutLine: {'line': b'-- Up-to-date symlink: /home/malik/controller-benchmarks/ros2/install/slam_toolbox/include/slam_toolbox/slam_toolbox/srv/detail/toggle_interactive__struct.hpp\n'}
[0.412486] (slam_toolbox) StdoutLine: {'line': b'-- Up-to-date symlink: /home/malik/controller-benchmarks/ros2/install/slam_toolbox/include/slam_toolbox/slam_toolbox/srv/detail/toggle_interactive__traits.hpp\n'}
[0.412604] (slam_toolbox) StdoutLine: {'line': b'-- Up-to-date symlink: /home/malik/controller-benchmarks/ros2/install/slam_toolbox/include/slam_toolbox/slam_toolbox/srv/detail/toggle_interactive__type_support.hpp\n'}
[0.412673] (slam_toolbox) StdoutLine: {'line': b'-- Up-to-date symlink: /home/malik/controller-benchmarks/ros2/install/slam_toolbox/include/slam_toolbox/slam_toolbox/srv/loop_closure.hpp\n'}
[0.412722] (slam_toolbox) StdoutLine: {'line': b'-- Up-to-date symlink: /home/malik/controller-benchmarks/ros2/install/slam_toolbox/include/slam_toolbox/slam_toolbox/srv/merge_maps.hpp\n'}
[0.412773] (slam_toolbox) StdoutLine: {'line': b'-- Up-to-date symlink: /home/malik/controller-benchmarks/ros2/install/slam_toolbox/include/slam_toolbox/slam_toolbox/srv/pause.hpp\n'}
[0.412821] (slam_toolbox) StdoutLine: {'line': b'-- Up-to-date symlink: /home/malik/controller-benchmarks/ros2/install/slam_toolbox/include/slam_toolbox/slam_toolbox/srv/reset.hpp\n'}
[0.412867] (slam_toolbox) StdoutLine: {'line': b'-- Up-to-date symlink: /home/malik/controller-benchmarks/ros2/install/slam_toolbox/include/slam_toolbox/slam_toolbox/srv/save_map.hpp\n'}
[0.412912] (slam_toolbox) StdoutLine: {'line': b'-- Up-to-date symlink: /home/malik/controller-benchmarks/ros2/install/slam_toolbox/include/slam_toolbox/slam_toolbox/srv/serialize_pose_graph.hpp\n'}
[0.412962] (slam_toolbox) StdoutLine: {'line': b'-- Up-to-date symlink: /home/malik/controller-benchmarks/ros2/install/slam_toolbox/include/slam_toolbox/slam_toolbox/srv/toggle_interactive.hpp\n'}
[0.413793] (slam_toolbox) StdoutLine: {'line': b'-- Up-to-date symlink: /home/malik/controller-benchmarks/ros2/install/slam_toolbox/include/slam_toolbox/slam_toolbox/msg/detail/graph_edge__rosidl_typesupport_fastrtps_cpp.hpp\n'}
[0.415938] (slam_toolbox) StdoutLine: {'line': b'-- Up-to-date symlink: /home/malik/controller-benchmarks/ros2/install/slam_toolbox/include/slam_toolbox/slam_toolbox/msg/detail/graph_node__rosidl_typesupport_fastrtps_cpp.hpp\n'}
[0.416091] (slam_toolbox) StdoutLine: {'line': b'-- Up-to-date symlink: /home/malik/controller-benchmarks/ros2/install/slam_toolbox/include/slam_toolbox/slam_toolbox/msg/detail/localized_laser_scan__rosidl_typesupport_fastrtps_cpp.hpp\n'}
[0.416163] (slam_toolbox) StdoutLine: {'line': b'-- Up-to-date symlink: /home/malik/controller-benchmarks/ros2/install/slam_toolbox/include/slam_toolbox/slam_toolbox/msg/detail/loop_closure_event__rosidl_typesupport_fastrtps_cpp.hpp\n'}
[0.416219] (slam_toolbox) StdoutLine: {'line': b'-- Up-to-date symlink: /home/malik/controller-benchmarks/ros2/install/slam_toolbox/include/slam_toolbox/slam_toolbox/msg/detail/new_node_event__rosidl_typesupport_fastrtps_cpp.hpp\n'}
[0.416274] (slam_toolbox) StdoutLine: {'line': b'-- Up-to-date symlink: /home/malik/controller-benchmarks/ros2/install/slam_toolbox/include/slam_toolbox/slam_toolbox/msg/detail/pose_graph__rosidl_typesupport_fastrtps_cpp.hpp\n'}
[0.416331] (slam_toolbox) StdoutLine: {'line': b'-- Up-to-date symlink: /home/malik/controller-benchmarks/ros2/install/slam_toolbox/include/slam_toolbox/slam_toolbox/msg/rosidl_typesupport_fastrtps_cpp__visibility_control.h\n'}
[0.416386] (slam_toolbox) StdoutLine: {'line': b'-- Up-to-date symlink: /home/malik/controller-benchmarks/ros2/install/slam_toolbox/include/slam_toolbox/slam_toolbox/srv/detail/add_submap__rosidl_typesupport_fastrtps_cpp.hpp\n'}
[0.416441] (slam_toolbox) StdoutLine: {'line': b'-- Up-to-date symlink: /home/malik/controller-benchmarks/ros2/install/slam_toolbox/include/slam_toolbox/slam_toolbox/srv/detail/clear__rosidl_typesupport_fastrtps_cpp.hpp\n'}
[0.416496] (slam_toolbox) StdoutLine: {'line': b'-- Up-to-date symlink: /home/malik/controller-benchmarks/ros2/install/slam_toolbox/include/slam_toolbox/slam_toolbox/srv/detail/clear_queue__rosidl_typesupport_fastrtps_cpp.hpp\n'}
[0.416548] (slam_toolbox) StdoutLine: {'line': b'-- Up-to-date symlink: /home/malik/controller-benchmarks/ros2/install/slam_toolbox/include/slam_toolbox/slam_toolbox/srv/detail/deserialize_pose_graph__rosidl_typesupport_fastrtps_cpp.hpp\n'}
[0.416600] (slam_toolbox) StdoutLine: {'line': b'-- Up-to-date symlink: /home/malik/controller-benchmarks/ros2/install/slam_toolbox/include/slam_toolbox/slam_toolbox/srv/detail/loop_closure__rosidl_typesupport_fastrtps_cpp.hpp\n'}
[0.416652] (slam_toolbox) StdoutLine: {'line': b'-- Up-to-date symlink: /home/malik/controller-benchmarks/ros2/install/slam_toolbox/include/slam_toolbox/slam_toolbox/srv/detail/merge_maps__rosidl_typesupport_fastrtps_cpp.hpp\n'}
[0.416702] (slam_toolbox) StdoutLine: {'line': b'-- Up-to-date symlink: /home/malik/controller-benchmarks/ros2/install/slam_toolbox/include/slam_toolbox/slam_toolbox/srv/detail/pause__rosidl_typesupport_fastrtps_cpp.hpp\n'}
[0.416763] (slam_toolbox) StdoutLine: {'line': b'-- Up-to-date symlink: /home/malik/controller-benchmarks/ros2/install/slam_toolbox/include/slam_toolbox/slam_toolbox/srv/detail/reset__rosidl_typesupport_fastrtps_cpp.hpp\n'}
[0.416814] (slam_toolbox) StdoutLine: {'line': b'-- Up-to-date symlink: /home/malik/controller-benchmarks/ros2/install/slam_toolbox/include/slam_toolbox/slam_toolbox/srv/detail/save_map__rosidl_typesupport_fastrtps_cpp.hpp\n'}
[0.416865] (slam_toolbox) StdoutLine: {'line': b'-- Up-to-date symlink: /home/malik/controller-benchmarks/ros2/install/slam_toolbox/include/slam_toolbox/slam_toolbox/srv/detail/serialize_pose_graph__rosidl_typesupport_fastrtps_cpp.hpp\n'}
[0.416915] (slam_toolbox) StdoutLine: {'line': b'-- Up-to-date symlink: /home/malik/controller-benchmarks/ros2/install/slam_toolbox/include/slam_toolbox/slam_toolbox/srv/detail/toggle_interactive__rosidl_typesupport_fastrtps_cpp.hpp\n'}
[0.417664] (slam_toolbox) StdoutLine: {'line': b'-- Up-to-date symlink: /home/malik/controller-benchmarks/ros2/install/slam_toolbox/include/slam_toolbox/slam_toolbox/msg/detail/graph_edge__rosidl_typesupport_introspection_c.h\n'}
[0.417770] (slam_toolbox) StdoutLine: {'line': b'-- Up-to-date symlink: /home/malik/controller-benchmarks/ros2/install/slam_toolbox/include/slam_toolbox/slam_toolbox/msg/detail/graph_node__rosidl_typesupport_introspection_c.h\n'}
[0.417823] (slam_toolbox) StdoutLine: {'line': b'-- Up-to-date symlink: /home/malik/controller-benchmarks/ros2/install/slam_toolbox/include/slam_toolbox/slam_toolbox/msg/detail/localized_laser_scan__rosidl_typesupport_introspection_c.h\n'}
[0.417879] (slam_toolbox) StdoutLine: {'line': b'-- Up-to-date symlink: /home/malik/controller-benchmarks/ros2/install/slam_toolbox/include/slam_toolbox/slam_toolbox/msg/detail/loop_closure_event__rosidl_typesupport_introspection_c.h\n'}
[0.417930] (slam_toolbox) StdoutLine: {'line': b'-- Up-to-date symlink: /home/malik/controller-benchmarks/ros2/install/slam_toolbox/include/slam_toolbox/slam_toolbox/msg/detail/new_node_event__rosidl_typesupport_introspection_c.h\n'}
[0.417977] (slam_toolbox) StdoutLine: {'line': b'-- Up-to-date symlink: /home/malik/controller-benchmarks/ros2/install/slam_toolbox/include/slam_toolbox/slam_toolbox/msg/detail/pose_graph__rosidl_typesupport_introspection_c.h\n'}
[0.418023] (slam_toolbox) StdoutLine: {'line': b'-- Up-to-date symlink: /home/malik/controller-benchmarks/ros2/install/slam_toolbox/include/slam_toolbox/slam_toolbox/msg/rosidl_typesupport_introspection_c__visibility_control.h\n'}
[0.418069] (slam_toolbox) StdoutLine: {'line': b'-- Up-to-date symlink: /home/malik/controller-benchmarks/ros2/install/slam_toolbox/include/slam_toolbox/slam_toolbox/srv/detail/add_submap__rosidl_typesupport_introspection_c.h\n'}
[0.418121] (slam_toolbox) StdoutLine: {'line': b'-- Up-to-date symlink: /home/malik/controller-benchmarks/ros2/install/slam_toolbox/include/slam_toolbox/slam_toolbox/srv/detail/clear__rosidl_typesupport_introspection_c.h\n'}
[0.418173] (slam_toolbox) StdoutLine: {'line': b'-- Up-to-date symlink: /home/malik/controller-benchmarks/ros2/install/slam_toolbox/include/slam_toolbox/slam_toolbox/srv/detail/clear_queue__rosidl_typesupport_introspection_c.h\n'}
[0.418323] (slam_toolbox) StdoutLine: {'line': b'-- Up-to-date symlink: /home/malik/controller-benchmarks/ros2/install/slam_toolbox/include/slam_toolbox/slam_toolbox/srv/detail/deserialize_pose_graph__rosidl_typesupport_introspection_c.h\n'}
[0.418414] (slam_toolbox) StdoutLine: {'line': b'-- Up-to-date symlink: /home/malik/controller-benchmarks/ros2/install/slam_toolbox/include/slam_toolbox/slam_toolbox/srv/detail/loop_closure__rosidl_typesupport_introspection_c.h\n'}
[0.418468] (slam_toolbox) StdoutLine: {'line': b'-- Up-to-date symlink: /home/malik/controller-benchmarks/ros2/install/slam_toolbox/include/slam_toolbox/slam_toolbox/srv/detail/merge_maps__rosidl_typesupport_introspection_c.h\n'}
[0.418523] (slam_toolbox) StdoutLine: {'line': b'-- Up-to-date symlink: /home/malik/controller-benchmarks/ros2/install/slam_toolbox/include/slam_toolbox/slam_toolbox/srv/detail/pause__rosidl_typesupport_introspection_c.h\n'}
[0.418570] (slam_toolbox) StdoutLine: {'line': b'-- Up-to-date symlink: /home/malik/controller-benchmarks/ros2/install/slam_toolbox/include/slam_toolbox/slam_toolbox/srv/detail/reset__rosidl_typesupport_introspection_c.h\n'}
[0.418617] (slam_toolbox) StdoutLine: {'line': b'-- Up-to-date symlink: /home/malik/controller-benchmarks/ros2/install/slam_toolbox/include/slam_toolbox/slam_toolbox/srv/detail/save_map__rosidl_typesupport_introspection_c.h\n'}
[0.418670] (slam_toolbox) StdoutLine: {'line': b'-- Up-to-date symlink: /home/malik/controller-benchmarks/ros2/install/slam_toolbox/include/slam_toolbox/slam_toolbox/srv/detail/serialize_pose_graph__rosidl_typesupport_introspection_c.h\n'}
[0.418735] (slam_toolbox) StdoutLine: {'line': b'-- Up-to-date symlink: /home/malik/controller-benchmarks/ros2/install/slam_toolbox/include/slam_toolbox/slam_toolbox/srv/detail/toggle_interactive__rosidl_typesupport_introspection_c.h\n'}
[0.418804] (slam_toolbox) StdoutLine: {'line': b'-- Up-to-date symlink: /home/malik/controller-benchmarks/ros2/install/slam_toolbox/include/slam_toolbox/slam_toolbox/msg/detail/graph_edge__rosidl_typesupport_introspection_cpp.hpp\n'}
[0.418874] (slam_toolbox) StdoutLine: {'line': b'-- Up-to-date symlink: /home/malik/controller-benchmarks/ros2/install/slam_toolbox/include/slam_toolbox/slam_toolbox/msg/detail/graph_node__rosidl_typesupport_introspection_cpp.hpp\n'}
[0.418943] (slam_toolbox) StdoutLine: {'line': b'-- Up-to-date symlink: /home/malik/controller-benchmarks/ros2/install/slam_toolbox/include/slam_toolbox/slam_toolbox/msg/detail/localized_laser_scan__rosidl_typesupport_introspection_cpp.hpp\n'}
[0.418995] (slam_toolbox) StdoutLine: {'line': b'-- Up-to-date symlink: /home/malik/controller-benchmarks/ros2/install/slam_toolbox/include/slam_toolbox/slam_toolbox/msg/detail/loop_closure_event__rosidl_typesupport_introspection_cpp.hpp\n'}
[0.419062] (slam_toolbox) StdoutLine: {'line': b'-- Up-to-date symlink: /home/malik/controller-benchmarks/ros2/install/slam_toolbox/include/slam_toolbox/slam_toolbox/msg/detail/new_node_event__rosidl_typesupport_introspection_cpp.hpp\n'}
[0.419140] (slam_toolbox) StdoutLine: {'line': b'-- Up-to-date symlink: /home/malik/controller-benchmarks/ros2/install/slam_toolbox/include/slam_toolbox/slam_toolbox/msg/detail/pose_graph__rosidl_typesupport_introspection_cpp.hpp\n'}
[0.419945] (slam_toolbox) StdoutLine: {'line': b'-- Up-to-date symlink: /home/malik/controller-benchmarks/ros2/install/slam_toolbox/include/slam_toolbox/slam_toolbox/srv/detail/add_submap__rosidl_typesupport_introspection_cpp.hpp\n'}
[0.420075] (slam_toolbox) StdoutLine: {'line': b'-- Up-to-date symlink: /home/malik/controller-benchmarks/ros2/install/slam_toolbox/include/slam_toolbox/slam_toolbox/srv/detail/clear__rosidl_typesupport_introspection_cpp.hpp\n'}
[0.420270] (slam_toolbox) StdoutLine: {'line': b'-- Up-to-date symlink: /home/malik/controller-benchmarks/ros2/install/slam_toolbox/include/slam_toolbox/slam_toolbox/srv/detail/clear_queue__rosidl_typesupport_introspection_cpp.hpp\n'}
[0.420397] (slam_toolbox) StdoutLine: {'line': b'-- Up-to-date symlink: /home/malik/controller-benchmarks/ros2/install/slam_toolbox/include/slam_toolbox/slam_toolbox/srv/detail/deserialize_pose_graph__rosidl_typesupport_introspection_cpp.hpp\n'}
[0.420539] (slam_toolbox) StdoutLine: {'line': b'-- Up-to-date symlink: /home/malik/controller-benchmarks/ros2/install/slam_toolbox/include/slam_toolbox/slam_toolbox/srv/detail/loop_closure__rosidl_typesupport_introspection_cpp.hpp\n'}
[0.420682] (slam_toolbox) StdoutLine: {'line': b'-- Up-to-date symlink: /home/malik/controller-benchmarks/ros2/install/slam_toolbox/include/slam_toolbox/slam_toolbox/srv/detail/merge_maps__rosidl_typesupport_introspection_cpp.hpp\n'}
[0.420891] (slam_toolbox) StdoutLine: {'line': b'-- Up-to-date symlink: /home/malik/controller-benchmarks/ros2/install/slam_toolbox/include/slam_toolbox/slam_toolbox/srv/detail/pause__rosidl_typesupport_introspection_cpp.hpp\n'}
[0.420988] (slam_toolbox) StdoutLine: {'line': b'-- Up-to-date symlink: /home/malik/controller-benchmarks/ros2/install/slam_toolbox/include/slam_toolbox/slam_toolbox/srv/detail/reset__rosidl_typesupport_introspection_cpp.hpp\n'}
[0.421137] (slam_toolbox) StdoutLine: {'line': b'-- Up-to-date symlink: /home/malik/controller-benchmarks/ros2/install/slam_toolbox/include/slam_toolbox/slam_toolbox/srv/detail/save_map__rosidl_typesupport_introspection_cpp.hpp\n'}
[0.421287] (slam_toolbox) StdoutLine: {'line': b'-- Up-to-date symlink: /home/malik/controller-benchmarks/ros2/install/slam_toolbox/include/slam_toolbox/slam_toolbox/srv/detail/serialize_pose_graph__rosidl_typesupport_introspection_cpp.hpp\n'}
[0.421432] (slam_toolbox) StdoutLine: {'line': b'-- Up-to-date symlink: /home/malik/controller-benchmarks/ros2/install/slam_toolbox/include/slam_toolbox/slam_toolbox/srv/detail/toggle_interactive__rosidl_typesupport_introspection_cpp.hpp\n'}
[0.421642] (slam_toolbox) StdoutLine: {'line': b'-- Up-to-date symlink: /home/malik/controller-benchmarks/ros2/install/slam_toolbox/share/slam_toolbox/environment/pythonpath.sh\n'}
[0.421761] (slam_toolbox) StdoutLine: {'line': b'-- Up-to-date symlink: /home/malik/controller-benchmarks/ros2/install/slam_toolbox/share/slam_toolbox/environment/pythonpath.dsv\n'}
[0.421993] (slam_toolbox) StdoutLine: {'line': b'-- Up-to-date symlink: /home/malik/controller-benchmarks/ros2/install/slam_toolbox/local/lib/python3.10/dist-packages/slam_toolbox-2.6.10-py3.10.egg-info/PKG-INFO\n'}
[0.422075] (slam_toolbox) StdoutLine: {'line': b'-- Up-to-date symlink: /home/malik/controller-benchmarks/ros2/install/slam_toolbox/local/lib/python3.10/dist-packages/slam_toolbox-2.6.10-py3.10.egg-info/SOURCES.txt\n'}
[0.422154] (slam_toolbox) StdoutLine: {'line': b'-- Up-to-date symlink: /home/malik/controller-benchmarks/ros2/install/slam_toolbox/local/lib/python3.10/dist-packages/slam_toolbox-2.6.10-py3.10.egg-info/dependency_links.txt\n'}
[0.422237] (slam_toolbox) StdoutLine: {'line': b'-- Up-to-date symlink: /home/malik/controller-benchmarks/ros2/install/slam_toolbox/local/lib/python3.10/dist-packages/slam_toolbox-2.6.10-py3.10.egg-info/top_level.txt\n'}
[0.422923] (slam_toolbox) StdoutLine: {'line': b'-- Up-to-date symlink: /home/malik/controller-benchmarks/ros2/install/slam_toolbox/local/lib/python3.10/dist-packages/slam_toolbox/__init__.py\n'}
[0.423012] (slam_toolbox) StdoutLine: {'line': b'-- Up-to-date symlink: /home/malik/controller-benchmarks/ros2/install/slam_toolbox/local/lib/python3.10/dist-packages/slam_toolbox/_slam_toolbox_s.ep.rosidl_typesupport_c.c\n'}
[0.423082] (slam_toolbox) StdoutLine: {'line': b'-- Up-to-date symlink: /home/malik/controller-benchmarks/ros2/install/slam_toolbox/local/lib/python3.10/dist-packages/slam_toolbox/_slam_toolbox_s.ep.rosidl_typesupport_fastrtps_c.c\n'}
[0.423162] (slam_toolbox) StdoutLine: {'line': b'-- Up-to-date symlink: /home/malik/controller-benchmarks/ros2/install/slam_toolbox/local/lib/python3.10/dist-packages/slam_toolbox/_slam_toolbox_s.ep.rosidl_typesupport_introspection_c.c\n'}
[0.423277] (slam_toolbox) StdoutLine: {'line': b'-- Up-to-date symlink: /home/malik/controller-benchmarks/ros2/install/slam_toolbox/local/lib/python3.10/dist-packages/slam_toolbox/libslam_toolbox__rosidl_generator_py.so\n'}
[0.423364] (slam_toolbox) StdoutLine: {'line': b'-- Up-to-date symlink: /home/malik/controller-benchmarks/ros2/install/slam_toolbox/local/lib/python3.10/dist-packages/slam_toolbox/msg/__init__.py\n'}
[0.423434] (slam_toolbox) StdoutLine: {'line': b'-- Up-to-date symlink: /home/malik/controller-benchmarks/ros2/install/slam_toolbox/local/lib/python3.10/dist-packages/slam_toolbox/msg/_graph_edge.py\n'}
[0.423513] (slam_toolbox) StdoutLine: {'line': b'-- Up-to-date symlink: /home/malik/controller-benchmarks/ros2/install/slam_toolbox/local/lib/python3.10/dist-packages/slam_toolbox/msg/_graph_edge_s.c\n'}
[0.423587] (slam_toolbox) StdoutLine: {'line': b'-- Up-to-date symlink: /home/malik/controller-benchmarks/ros2/install/slam_toolbox/local/lib/python3.10/dist-packages/slam_toolbox/msg/_graph_node.py\n'}
[0.423658] (slam_toolbox) StdoutLine: {'line': b'-- Up-to-date symlink: /home/malik/controller-benchmarks/ros2/install/slam_toolbox/local/lib/python3.10/dist-packages/slam_toolbox/msg/_graph_node_s.c\n'}
[0.423728] (slam_toolbox) StdoutLine: {'line': b'-- Up-to-date symlink: /home/malik/controller-benchmarks/ros2/install/slam_toolbox/local/lib/python3.10/dist-packages/slam_toolbox/msg/_localized_laser_scan.py\n'}
[0.423787] (slam_toolbox) StdoutLine: {'line': b'-- Up-to-date symlink: /home/malik/controller-benchmarks/ros2/install/slam_toolbox/local/lib/python3.10/dist-packages/slam_toolbox/msg/_localized_laser_scan_s.c\n'}
[0.423858] (slam_toolbox) StdoutLine: {'line': b'-- Up-to-date symlink: /home/malik/controller-benchmarks/ros2/install/slam_toolbox/local/lib/python3.10/dist-packages/slam_toolbox/msg/_loop_closure_event.py\n'}
[0.423945] (slam_toolbox) StdoutLine: {'line': b'-- Up-to-date symlink: /home/malik/controller-benchmarks/ros2/install/slam_toolbox/local/lib/python3.10/dist-packages/slam_toolbox/msg/_loop_closure_event_s.c\n'}
[0.424019] (slam_toolbox) StdoutLine: {'line': b'-- Up-to-date symlink: /home/malik/controller-benchmarks/ros2/install/slam_toolbox/local/lib/python3.10/dist-packages/slam_toolbox/msg/_new_node_event.py\n'}
[0.424087] (slam_toolbox) StdoutLine: {'line': b'-- Up-to-date symlink: /home/malik/controller-benchmarks/ros2/install/slam_toolbox/local/lib/python3.10/dist-packages/slam_toolbox/msg/_new_node_event_s.c\n'}
[0.424950] (slam_toolbox) StdoutLine: {'line': b'-- Up-to-date symlink: /home/malik/controller-benchmarks/ros2/install/slam_toolbox/local/lib/python3.10/dist-packages/slam_toolbox/msg/_pose_graph.py\n'}
[0.425157] (slam_toolbox) StdoutLine: {'line': b'-- Up-to-date symlink: /home/malik/controller-benchmarks/ros2/install/slam_toolbox/local/lib/python3.10/dist-packages/slam_toolbox/msg/_pose_graph_s.c\n'}
[0.425438] (slam_toolbox) StdoutLine: {'line': b'-- Up-to-date symlink: /home/malik/controller-benchmarks/ros2/install/slam_toolbox/local/lib/python3.10/dist-packages/slam_toolbox/slam_toolbox_s__rosidl_typesupport_c.cpython-310-x86_64-linux-gnu.so\n'}
[0.425688] (slam_toolbox) StdoutLine: {'line': b'-- Up-to-date symlink: /home/malik/controller-benchmarks/ros2/install/slam_toolbox/local/lib/python3.10/dist-packages/slam_toolbox/slam_toolbox_s__rosidl_typesupport_fastrtps_c.cpython-310-x86_64-linux-gnu.so\n'}
[0.425760] (slam_toolbox) StdoutLine: {'line': b'-- Up-to-date symlink: /home/malik/controller-benchmarks/ros2/install/slam_toolbox/local/lib/python3.10/dist-packages/slam_toolbox/slam_toolbox_s__rosidl_typesupport_introspection_c.cpython-310-x86_64-linux-gnu.so\n'}
[0.425815] (slam_toolbox) StdoutLine: {'line': b'-- Up-to-date symlink: /home/malik/controller-benchmarks/ros2/install/slam_toolbox/local/lib/python3.10/dist-packages/slam_toolbox/srv/__init__.py\n'}
[0.425955] (slam_toolbox) StdoutLine: {'line': b'-- Up-to-date symlink: /home/malik/controller-benchmarks/ros2/install/slam_toolbox/local/lib/python3.10/dist-packages/slam_toolbox/srv/_add_submap.py\n'}
[0.426080] (slam_toolbox) StdoutLine: {'line': b'-- Up-to-date symlink: /home/malik/controller-benchmarks/ros2/install/slam_toolbox/local/lib/python3.10/dist-packages/slam_toolbox/srv/_add_submap_s.c\n'}
[0.426245] (slam_toolbox) StdoutLine: {'line': b'-- Up-to-date symlink: /home/malik/controller-benchmarks/ros2/install/slam_toolbox/local/lib/python3.10/dist-packages/slam_toolbox/srv/_clear.py\n'}
[0.426503] (slam_toolbox) StdoutLine: {'line': b'-- Up-to-date symlink: /home/malik/controller-benchmarks/ros2/install/slam_toolbox/local/lib/python3.10/dist-packages/slam_toolbox/srv/_clear_queue.py\n'}
[0.426584] (slam_toolbox) StdoutLine: {'line': b'-- Up-to-date symlink: /home/malik/controller-benchmarks/ros2/install/slam_toolbox/local/lib/python3.10/dist-packages/slam_toolbox/srv/_clear_queue_s.c\n'}
[0.426820] (slam_toolbox) StdoutLine: {'line': b'-- Up-to-date symlink: /home/malik/controller-benchmarks/ros2/install/slam_toolbox/local/lib/python3.10/dist-packages/slam_toolbox/srv/_clear_s.c\n'}
[0.426910] (slam_toolbox) StdoutLine: {'line': b'-- Up-to-date symlink: /home/malik/controller-benchmarks/ros2/install/slam_toolbox/local/lib/python3.10/dist-packages/slam_toolbox/srv/_deserialize_pose_graph.py\n'}
[0.427151] (slam_toolbox) StdoutLine: {'line': b'-- Up-to-date symlink: /home/malik/controller-benchmarks/ros2/install/slam_toolbox/local/lib/python3.10/dist-packages/slam_toolbox/srv/_deserialize_pose_graph_s.c\n'}
[0.427227] (slam_toolbox) StdoutLine: {'line': b'-- Up-to-date symlink: /home/malik/controller-benchmarks/ros2/install/slam_toolbox/local/lib/python3.10/dist-packages/slam_toolbox/srv/_loop_closure.py\n'}
[0.427457] (slam_toolbox) StdoutLine: {'line': b'-- Up-to-date symlink: /home/malik/controller-benchmarks/ros2/install/slam_toolbox/local/lib/python3.10/dist-packages/slam_toolbox/srv/_loop_closure_s.c\n'}
[0.427522] (slam_toolbox) StdoutLine: {'line': b'-- Up-to-date symlink: /home/malik/controller-benchmarks/ros2/install/slam_toolbox/local/lib/python3.10/dist-packages/slam_toolbox/srv/_merge_maps.py\n'}
[0.427693] (slam_toolbox) StdoutLine: {'line': b'-- Up-to-date symlink: /home/malik/controller-benchmarks/ros2/install/slam_toolbox/local/lib/python3.10/dist-packages/slam_toolbox/srv/_merge_maps_s.c\n'}
[0.427951] (slam_toolbox) StdoutLine: {'line': b'-- Up-to-date symlink: /home/malik/controller-benchmarks/ros2/install/slam_toolbox/local/lib/python3.10/dist-packages/slam_toolbox/srv/_pause.py\n'}
[0.428132] (slam_toolbox) StdoutLine: {'line': b'-- Up-to-date symlink: /home/malik/controller-benchmarks/ros2/install/slam_toolbox/local/lib/python3.10/dist-packages/slam_toolbox/srv/_pause_s.c\n'}
[0.428324] (slam_toolbox) StdoutLine: {'line': b'-- Up-to-date symlink: /home/malik/controller-benchmarks/ros2/install/slam_toolbox/local/lib/python3.10/dist-packages/slam_toolbox/srv/_reset.py\n'}
[0.428631] (slam_toolbox) StdoutLine: {'line': b'-- Up-to-date symlink: /home/malik/controller-benchmarks/ros2/install/slam_toolbox/local/lib/python3.10/dist-packages/slam_toolbox/srv/_reset_s.c\n'}
[0.428685] (slam_toolbox) StdoutLine: {'line': b'-- Up-to-date symlink: /home/malik/controller-benchmarks/ros2/install/slam_toolbox/local/lib/python3.10/dist-packages/slam_toolbox/srv/_save_map.py\n'}
[0.428734] (slam_toolbox) StdoutLine: {'line': b'-- Up-to-date symlink: /home/malik/controller-benchmarks/ros2/install/slam_toolbox/local/lib/python3.10/dist-packages/slam_toolbox/srv/_save_map_s.c\n'}
[0.428817] (slam_toolbox) StdoutLine: {'line': b'-- Up-to-date symlink: /home/malik/controller-benchmarks/ros2/install/slam_toolbox/local/lib/python3.10/dist-packages/slam_toolbox/srv/_serialize_pose_graph.py\n'}
[0.428865] (slam_toolbox) StdoutLine: {'line': b'-- Up-to-date symlink: /home/malik/controller-benchmarks/ros2/install/slam_toolbox/local/lib/python3.10/dist-packages/slam_toolbox/srv/_serialize_pose_graph_s.c\n'}
[0.429044] (slam_toolbox) StdoutLine: {'line': b'-- Up-to-date symlink: /home/malik/controller-benchmarks/ros2/install/slam_toolbox/local/lib/python3.10/dist-packages/slam_toolbox/srv/_toggle_interactive.py\n'}
[0.429630] (slam_toolbox) StdoutLine: {'line': b'-- Up-to-date symlink: /home/malik/controller-benchmarks/ros2/install/slam_toolbox/local/lib/python3.10/dist-packages/slam_toolbox/srv/_toggle_interactive_s.c\n'}
[0.429692] (slam_toolbox) StdoutLine: {'line': b'-- Up-to-date symlink: /home/malik/controller-benchmarks/ros2/install/slam_toolbox/local/lib/python3.10/dist-packages/slam_toolbox/slam_toolbox_s__rosidl_typesupport_fastrtps_c.cpython-310-x86_64-linux-gnu.so\n'}
[0.429746] (slam_toolbox) StdoutLine: {'line': b'-- Up-to-date symlink: /home/malik/controller-benchmarks/ros2/install/slam_toolbox/local/lib/python3.10/dist-packages/slam_toolbox/slam_toolbox_s__rosidl_typesupport_introspection_c.cpython-310-x86_64-linux-gnu.so\n'}
[0.429840] (slam_toolbox) StdoutLine: {'line': b'-- Up-to-date symlink: /home/malik/controller-benchmarks/ros2/install/slam_toolbox/local/lib/python3.10/dist-packages/slam_toolbox/slam_toolbox_s__rosidl_typesupport_c.cpython-310-x86_64-linux-gnu.so\n'}
[0.429929] (slam_toolbox) StdoutLine: {'line': b'-- Up-to-date symlink: /home/malik/controller-benchmarks/ros2/install/slam_toolbox/share/slam_toolbox/srv/Pause.idl\n'}
[0.429980] (slam_toolbox) StdoutLine: {'line': b'-- Up-to-date symlink: /home/malik/controller-benchmarks/ros2/install/slam_toolbox/share/slam_toolbox/srv/ClearQueue.idl\n'}
[0.430054] (slam_toolbox) StdoutLine: {'line': b'-- Up-to-date symlink: /home/malik/controller-benchmarks/ros2/install/slam_toolbox/share/slam_toolbox/srv/ToggleInteractive.idl\n'}
[0.430230] (slam_toolbox) StdoutLine: {'line': b'-- Up-to-date symlink: /home/malik/controller-benchmarks/ros2/install/slam_toolbox/share/slam_toolbox/srv/Clear.idl\n'}
[0.430445] (slam_toolbox) StdoutLine: {'line': b'-- Up-to-date symlink: /home/malik/controller-benchmarks/ros2/install/slam_toolbox/share/slam_toolbox/srv/SaveMap.idl\n'}
[0.430533] (slam_toolbox) StdoutLine: {'line': b'-- Up-to-date symlink: /home/malik/controller-benchmarks/ros2/install/slam_toolbox/share/slam_toolbox/srv/LoopClosure.idl\n'}
[0.430734] (slam_toolbox) StdoutLine: {'line': b'-- Up-to-date symlink: /home/malik/controller-benchmarks/ros2/install/slam_toolbox/share/slam_toolbox/srv/MergeMaps.idl\n'}
[0.430936] (slam_toolbox) StdoutLine: {'line': b'-- Up-to-date symlink: /home/malik/controller-benchmarks/ros2/install/slam_toolbox/share/slam_toolbox/srv/AddSubmap.idl\n'}
[0.431016] (slam_toolbox) StdoutLine: {'line': b'-- Up-to-date symlink: /home/malik/controller-benchmarks/ros2/install/slam_toolbox/share/slam_toolbox/srv/DeserializePoseGraph.idl\n'}
[0.431066] (slam_toolbox) StdoutLine: {'line': b'-- Up-to-date symlink: /home/malik/controller-benchmarks/ros2/install/slam_toolbox/share/slam_toolbox/srv/SerializePoseGraph.idl\n'}
[0.431376] (slam_toolbox) StdoutLine: {'line': b'-- Up-to-date symlink: /home/malik/controller-benchmarks/ros2/install/slam_toolbox/share/slam_toolbox/srv/Pause.srv\n'}
[0.431583] (slam_toolbox) StdoutLine: {'line': b'-- Up-to-date symlink: /home/malik/controller-benchmarks/ros2/install/slam_toolbox/share/slam_toolbox/srv/Pause_Request.msg\n'}
[0.431673] (slam_toolbox) StdoutLine: {'line': b'-- Up-to-date symlink: /home/malik/controller-benchmarks/ros2/install/slam_toolbox/share/slam_toolbox/srv/Pause_Response.msg\n'}
[0.431812] (slam_toolbox) StdoutLine: {'line': b'-- Up-to-date symlink: /home/malik/controller-benchmarks/ros2/install/slam_toolbox/share/slam_toolbox/srv/ClearQueue.srv\n'}
[0.432008] (slam_toolbox) StdoutLine: {'line': b'-- Up-to-date symlink: /home/malik/controller-benchmarks/ros2/install/slam_toolbox/share/slam_toolbox/srv/ClearQueue_Request.msg\n'}
[0.432218] (slam_toolbox) StdoutLine: {'line': b'-- Up-to-date symlink: /home/malik/controller-benchmarks/ros2/install/slam_toolbox/share/slam_toolbox/srv/ClearQueue_Response.msg\n'}
[0.432423] (slam_toolbox) StdoutLine: {'line': b'-- Up-to-date symlink: /home/malik/controller-benchmarks/ros2/install/slam_toolbox/share/slam_toolbox/srv/ToggleInteractive.srv\n'}
[0.432598] (slam_toolbox) StdoutLine: {'line': b'-- Up-to-date symlink: /home/malik/controller-benchmarks/ros2/install/slam_toolbox/share/slam_toolbox/srv/ToggleInteractive_Request.msg\n'}
[0.432662] (slam_toolbox) StdoutLine: {'line': b'-- Up-to-date symlink: /home/malik/controller-benchmarks/ros2/install/slam_toolbox/share/slam_toolbox/srv/ToggleInteractive_Response.msg\n'}
[0.432842] (slam_toolbox) StdoutLine: {'line': b'-- Up-to-date symlink: /home/malik/controller-benchmarks/ros2/install/slam_toolbox/share/slam_toolbox/srv/Clear.srv\n'}
[0.433010] (slam_toolbox) StdoutLine: {'line': b'-- Up-to-date symlink: /home/malik/controller-benchmarks/ros2/install/slam_toolbox/share/slam_toolbox/srv/Clear_Request.msg\n'}
[0.434065] (slam_toolbox) StdoutLine: {'line': b'-- Up-to-date symlink: /home/malik/controller-benchmarks/ros2/install/slam_toolbox/share/slam_toolbox/srv/Clear_Response.msg\n'}
[0.434189] (slam_toolbox) StdoutLine: {'line': b'-- Up-to-date symlink: /home/malik/controller-benchmarks/ros2/install/slam_toolbox/share/slam_toolbox/srv/SaveMap.srv\n'}
[0.434255] (slam_toolbox) StdoutLine: {'line': b'-- Up-to-date symlink: /home/malik/controller-benchmarks/ros2/install/slam_toolbox/share/slam_toolbox/srv/SaveMap_Request.msg\n'}
[0.434309] (slam_toolbox) StdoutLine: {'line': b'-- Up-to-date symlink: /home/malik/controller-benchmarks/ros2/install/slam_toolbox/share/slam_toolbox/srv/SaveMap_Response.msg\n'}
[0.434360] (slam_toolbox) StdoutLine: {'line': b'-- Up-to-date symlink: /home/malik/controller-benchmarks/ros2/install/slam_toolbox/share/slam_toolbox/srv/LoopClosure.srv\n'}
[0.434410] (slam_toolbox) StdoutLine: {'line': b'-- Up-to-date symlink: /home/malik/controller-benchmarks/ros2/install/slam_toolbox/share/slam_toolbox/srv/LoopClosure_Request.msg\n'}
[0.434461] (slam_toolbox) StdoutLine: {'line': b'-- Up-to-date symlink: /home/malik/controller-benchmarks/ros2/install/slam_toolbox/share/slam_toolbox/srv/LoopClosure_Response.msg\n'}
[0.434511] (slam_toolbox) StdoutLine: {'line': b'-- Up-to-date symlink: /home/malik/controller-benchmarks/ros2/install/slam_toolbox/share/slam_toolbox/srv/MergeMaps.srv\n'}
[0.434568] (slam_toolbox) StdoutLine: {'line': b'-- Up-to-date symlink: /home/malik/controller-benchmarks/ros2/install/slam_toolbox/share/slam_toolbox/srv/MergeMaps_Request.msg\n'}
[0.434618] (slam_toolbox) StdoutLine: {'line': b'-- Up-to-date symlink: /home/malik/controller-benchmarks/ros2/install/slam_toolbox/share/slam_toolbox/srv/MergeMaps_Response.msg\n'}
[0.434666] (slam_toolbox) StdoutLine: {'line': b'-- Up-to-date symlink: /home/malik/controller-benchmarks/ros2/install/slam_toolbox/share/slam_toolbox/srv/AddSubmap.srv\n'}
[0.434715] (slam_toolbox) StdoutLine: {'line': b'-- Up-to-date symlink: /home/malik/controller-benchmarks/ros2/install/slam_toolbox/share/slam_toolbox/srv/AddSubmap_Request.msg\n'}
[0.434807] (slam_toolbox) StdoutLine: {'line': b'-- Up-to-date symlink: /home/malik/controller-benchmarks/ros2/install/slam_toolbox/share/slam_toolbox/srv/AddSubmap_Response.msg\n'}
[0.434864] (slam_toolbox) StdoutLine: {'line': b'-- Up-to-date symlink: /home/malik/controller-benchmarks/ros2/install/slam_toolbox/share/slam_toolbox/srv/DeserializePoseGraph.srv\n'}
[0.434910] (slam_toolbox) StdoutLine: {'line': b'-- Up-to-date symlink: /home/malik/controller-benchmarks/ros2/install/slam_toolbox/share/slam_toolbox/srv/DeserializePoseGraph_Request.msg\n'}
[0.435038] (slam_toolbox) StdoutLine: {'line': b'-- Up-to-date symlink: /home/malik/controller-benchmarks/ros2/install/slam_toolbox/share/slam_toolbox/srv/DeserializePoseGraph_Response.msg\n'}
[0.435257] (slam_toolbox) StdoutLine: {'line': b'-- Up-to-date symlink: /home/malik/controller-benchmarks/ros2/install/slam_toolbox/share/slam_toolbox/srv/SerializePoseGraph.srv\n'}
[0.435451] (slam_toolbox) StdoutLine: {'line': b'-- Up-to-date symlink: /home/malik/controller-benchmarks/ros2/install/slam_toolbox/share/slam_toolbox/srv/SerializePoseGraph_Request.msg\n'}
[0.435641] (slam_toolbox) StdoutLine: {'line': b'-- Up-to-date symlink: /home/malik/controller-benchmarks/ros2/install/slam_toolbox/share/slam_toolbox/srv/SerializePoseGraph_Response.msg\n'}
[0.435981] (slam_toolbox) StdoutLine: {'line': b'-- Up-to-date symlink: /home/malik/controller-benchmarks/ros2/install/slam_toolbox/share/slam_toolbox//rviz_plugins.xml\n'}
[0.436078] (slam_toolbox) StdoutLine: {'line': b'-- Up-to-date symlink: /home/malik/controller-benchmarks/ros2/install/slam_toolbox/share/slam_toolbox//solver_plugins.xml\n'}
[0.436394] (slam_toolbox) StdoutLine: {'line': b'-- Up-to-date symlink: /home/malik/controller-benchmarks/ros2/install/slam_toolbox/lib/slam_toolbox/async_slam_toolbox_node\n'}
[0.436721] (slam_toolbox) StdoutLine: {'line': b'-- Up-to-date symlink: /home/malik/controller-benchmarks/ros2/install/slam_toolbox/lib/slam_toolbox/sync_slam_toolbox_node\n'}
[0.436821] (slam_toolbox) StdoutLine: {'line': b'-- Up-to-date symlink: /home/malik/controller-benchmarks/ros2/install/slam_toolbox/lib/slam_toolbox/localization_slam_toolbox_node\n'}
[0.437090] (slam_toolbox) StdoutLine: {'line': b'-- Up-to-date symlink: /home/malik/controller-benchmarks/ros2/install/slam_toolbox/lib/slam_toolbox/map_and_localization_slam_toolbox_node\n'}
[0.437174] (slam_toolbox) StdoutLine: {'line': b'-- Up-to-date symlink: /home/malik/controller-benchmarks/ros2/install/slam_toolbox/lib/slam_toolbox/merge_maps_kinematic\n'}
[0.437445] (slam_toolbox) StdoutLine: {'line': b'-- Up-to-date symlink: /home/malik/controller-benchmarks/ros2/install/slam_toolbox/lib/libtoolbox_common.so\n'}
[0.437511] (slam_toolbox) StdoutLine: {'line': b'-- Up-to-date symlink: /home/malik/controller-benchmarks/ros2/install/slam_toolbox/lib/libSlamToolboxPlugin.so\n'}
[0.437690] (slam_toolbox) StdoutLine: {'line': b'-- Up-to-date symlink: /home/malik/controller-benchmarks/ros2/install/slam_toolbox/lib/libceres_solver_plugin.so\n'}
[0.437878] (slam_toolbox) StdoutLine: {'line': b'-- Up-to-date symlink: /home/malik/controller-benchmarks/ros2/install/slam_toolbox/lib/libasync_slam_toolbox.so\n'}
[0.438050] (slam_toolbox) StdoutLine: {'line': b'-- Up-to-date symlink: /home/malik/controller-benchmarks/ros2/install/slam_toolbox/lib/libsync_slam_toolbox.so\n'}
[0.438102] (slam_toolbox) StdoutLine: {'line': b'-- Up-to-date symlink: /home/malik/controller-benchmarks/ros2/install/slam_toolbox/lib/liblocalization_slam_toolbox.so\n'}
[0.438170] (slam_toolbox) StdoutLine: {'line': b'-- Up-to-date symlink: /home/malik/controller-benchmarks/ros2/install/slam_toolbox/lib/liblifelong_slam_toolbox.so\n'}
[0.438435] (slam_toolbox) StdoutLine: {'line': b'-- Up-to-date symlink: /home/malik/controller-benchmarks/ros2/install/slam_toolbox/lib/libmap_and_localization_slam_toolbox.so\n'}
[0.438600] (slam_toolbox) StdoutLine: {'line': b'-- Up-to-date symlink: /home/malik/controller-benchmarks/ros2/install/slam_toolbox/lib/libkartoSlamToolbox.so\n'}
[0.438762] (slam_toolbox) StdoutLine: {'line': b'-- Up-to-date symlink: /home/malik/controller-benchmarks/ros2/install/slam_toolbox/include/slam_toolbox/experimental/slam_toolbox_lifelong.hpp\n'}
[0.438890] (slam_toolbox) StdoutLine: {'line': b'-- Up-to-date symlink: /home/malik/controller-benchmarks/ros2/install/slam_toolbox/include/slam_toolbox/experimental/slam_toolbox_map_and_localization.hpp\n'}
[0.438941] (slam_toolbox) StdoutLine: {'line': b'-- Up-to-date symlink: /home/malik/controller-benchmarks/ros2/install/slam_toolbox/include/slam_toolbox/get_pose_helper.hpp\n'}
[0.438989] (slam_toolbox) StdoutLine: {'line': b'-- Up-to-date symlink: /home/malik/controller-benchmarks/ros2/install/slam_toolbox/include/slam_toolbox/laser_utils.hpp\n'}
[0.439035] (slam_toolbox) StdoutLine: {'line': b'-- Up-to-date symlink: /home/malik/controller-benchmarks/ros2/install/slam_toolbox/include/slam_toolbox/loop_closure_assistant.hpp\n'}
[0.439082] (slam_toolbox) StdoutLine: {'line': b'-- Up-to-date symlink: /home/malik/controller-benchmarks/ros2/install/slam_toolbox/include/slam_toolbox/map_saver.hpp\n'}
[0.439136] (slam_toolbox) StdoutLine: {'line': b'-- Up-to-date symlink: /home/malik/controller-benchmarks/ros2/install/slam_toolbox/include/slam_toolbox/merge_maps_kinematic.hpp\n'}
[0.439405] (slam_toolbox) StdoutLine: {'line': b'-- Up-to-date symlink: /home/malik/controller-benchmarks/ros2/install/slam_toolbox/include/slam_toolbox/serialization.hpp\n'}
[0.439490] (slam_toolbox) StdoutLine: {'line': b'-- Up-to-date symlink: /home/malik/controller-benchmarks/ros2/install/slam_toolbox/include/slam_toolbox/slam_mapper.hpp\n'}
[0.439579] (slam_toolbox) StdoutLine: {'line': b'-- Up-to-date symlink: /home/malik/controller-benchmarks/ros2/install/slam_toolbox/include/slam_toolbox/slam_toolbox_async.hpp\n'}
[0.439652] (slam_toolbox) StdoutLine: {'line': b'-- Up-to-date symlink: /home/malik/controller-benchmarks/ros2/install/slam_toolbox/include/slam_toolbox/slam_toolbox_common.hpp\n'}
[0.439727] (slam_toolbox) StdoutLine: {'line': b'-- Up-to-date symlink: /home/malik/controller-benchmarks/ros2/install/slam_toolbox/include/slam_toolbox/slam_toolbox_localization.hpp\n'}
[0.439801] (slam_toolbox) StdoutLine: {'line': b'-- Up-to-date symlink: /home/malik/controller-benchmarks/ros2/install/slam_toolbox/include/slam_toolbox/slam_toolbox_sync.hpp\n'}
[0.439885] (slam_toolbox) StdoutLine: {'line': b'-- Up-to-date symlink: /home/malik/controller-benchmarks/ros2/install/slam_toolbox/include/slam_toolbox/snap_utils.hpp\n'}
[0.439959] (slam_toolbox) StdoutLine: {'line': b'-- Up-to-date symlink: /home/malik/controller-benchmarks/ros2/install/slam_toolbox/include/slam_toolbox/toolbox_msgs.hpp\n'}
[0.440036] (slam_toolbox) StdoutLine: {'line': b'-- Up-to-date symlink: /home/malik/controller-benchmarks/ros2/install/slam_toolbox/include/slam_toolbox/toolbox_types.hpp\n'}
[0.440113] (slam_toolbox) StdoutLine: {'line': b'-- Up-to-date symlink: /home/malik/controller-benchmarks/ros2/install/slam_toolbox/include/slam_toolbox/visualization_utils.hpp\n'}
[0.440352] (slam_toolbox) StdoutLine: {'line': b'-- Up-to-date symlink: /home/malik/controller-benchmarks/ros2/install/slam_toolbox/share/slam_toolbox/launch/localization_launch.py\n'}
[0.440426] (slam_toolbox) StdoutLine: {'line': b'-- Up-to-date symlink: /home/malik/controller-benchmarks/ros2/install/slam_toolbox/share/slam_toolbox/launch/merge_maps_kinematic_launch.py\n'}
[0.440499] (slam_toolbox) StdoutLine: {'line': b'-- Up-to-date symlink: /home/malik/controller-benchmarks/ros2/install/slam_toolbox/share/slam_toolbox/launch/offline_launch.py\n'}
[0.440571] (slam_toolbox) StdoutLine: {'line': b'-- Up-to-date symlink: /home/malik/controller-benchmarks/ros2/install/slam_toolbox/share/slam_toolbox/launch/online_async_launch.py\n'}
[0.440655] (slam_toolbox) StdoutLine: {'line': b'-- Up-to-date symlink: /home/malik/controller-benchmarks/ros2/install/slam_toolbox/share/slam_toolbox/launch/online_sync_launch.py\n'}
[0.440850] (slam_toolbox) StdoutLine: {'line': b'-- Up-to-date symlink: /home/malik/controller-benchmarks/ros2/install/slam_toolbox/share/slam_toolbox/config/mapper_params_lifelong.yaml\n'}
[0.440924] (slam_toolbox) StdoutLine: {'line': b'-- Up-to-date symlink: /home/malik/controller-benchmarks/ros2/install/slam_toolbox/share/slam_toolbox/config/mapper_params_localization.yaml\n'}
[0.440997] (slam_toolbox) StdoutLine: {'line': b'-- Up-to-date symlink: /home/malik/controller-benchmarks/ros2/install/slam_toolbox/share/slam_toolbox/config/mapper_params_offline.yaml\n'}
[0.441067] (slam_toolbox) StdoutLine: {'line': b'-- Up-to-date symlink: /home/malik/controller-benchmarks/ros2/install/slam_toolbox/share/slam_toolbox/config/mapper_params_online_async.yaml\n'}
[0.441217] (slam_toolbox) StdoutLine: {'line': b'-- Up-to-date symlink: /home/malik/controller-benchmarks/ros2/install/slam_toolbox/share/slam_toolbox/config/mapper_params_online_sync.yaml\n'}
[0.441278] (slam_toolbox) StdoutLine: {'line': b'-- Up-to-date symlink: /home/malik/controller-benchmarks/ros2/install/slam_toolbox/share/slam_toolbox/config/slam_toolbox_default.rviz\n'}
[0.441561] (slam_toolbox) StdoutLine: {'line': b'-- Up-to-date symlink: /home/malik/controller-benchmarks/ros2/install/slam_toolbox/share/solver_plugins.xml\n'}
[0.441618] (slam_toolbox) StdoutLine: {'line': b'-- Up-to-date symlink: /home/malik/controller-benchmarks/ros2/install/slam_toolbox/share/rviz_plugins.xml\n'}
[0.441798] (slam_toolbox) StdoutLine: {'line': b'-- Up-to-date symlink: /home/malik/controller-benchmarks/ros2/install/slam_toolbox/share/ament_index/resource_index/package_run_dependencies/slam_toolbox\n'}
[0.441985] (slam_toolbox) StdoutLine: {'line': b'-- Up-to-date symlink: /home/malik/controller-benchmarks/ros2/install/slam_toolbox/share/ament_index/resource_index/parent_prefix_path/slam_toolbox\n'}
[0.442047] (slam_toolbox) StdoutLine: {'line': b'-- Up-to-date symlink: /home/malik/controller-benchmarks/ros2/install/slam_toolbox/share/slam_toolbox/environment/ament_prefix_path.sh\n'}
[0.442258] (slam_toolbox) StdoutLine: {'line': b'-- Up-to-date symlink: /home/malik/controller-benchmarks/ros2/install/slam_toolbox/share/slam_toolbox/environment/ament_prefix_path.dsv\n'}
[0.442452] (slam_toolbox) StdoutLine: {'line': b'-- Up-to-date symlink: /home/malik/controller-benchmarks/ros2/install/slam_toolbox/share/slam_toolbox/environment/path.sh\n'}
[0.442625] (slam_toolbox) StdoutLine: {'line': b'-- Up-to-date symlink: /home/malik/controller-benchmarks/ros2/install/slam_toolbox/share/slam_toolbox/environment/path.dsv\n'}
[0.442681] (slam_toolbox) StdoutLine: {'line': b'-- Up-to-date symlink: /home/malik/controller-benchmarks/ros2/install/slam_toolbox/share/slam_toolbox/local_setup.bash\n'}
[0.442730] (slam_toolbox) StdoutLine: {'line': b'-- Up-to-date symlink: /home/malik/controller-benchmarks/ros2/install/slam_toolbox/share/slam_toolbox/local_setup.sh\n'}
[0.442777] (slam_toolbox) StdoutLine: {'line': b'-- Up-to-date symlink: /home/malik/controller-benchmarks/ros2/install/slam_toolbox/share/slam_toolbox/local_setup.zsh\n'}
[0.442848] (slam_toolbox) StdoutLine: {'line': b'-- Up-to-date symlink: /home/malik/controller-benchmarks/ros2/install/slam_toolbox/share/slam_toolbox/local_setup.dsv\n'}
[0.444069] (slam_toolbox) StdoutLine: {'line': b'-- Symlinking: /home/malik/controller-benchmarks/ros2/install/slam_toolbox/share/slam_toolbox/package.dsv\n'}
[0.452513] (slam_toolbox) StdoutLine: {'line': b'-- Up-to-date symlink: /home/malik/controller-benchmarks/ros2/install/slam_toolbox/share/ament_index/resource_index/packages/slam_toolbox\n'}
[0.452674] (slam_toolbox) StdoutLine: {'line': b'-- Up-to-date symlink: /home/malik/controller-benchmarks/ros2/install/slam_toolbox/share/ament_index/resource_index/rviz_common__pluginlib__plugin/slam_toolbox\n'}
[0.452781] (slam_toolbox) StdoutLine: {'line': b'-- Up-to-date symlink: /home/malik/controller-benchmarks/ros2/install/slam_toolbox/share/ament_index/resource_index/slam_toolbox__pluginlib__plugin/slam_toolbox\n'}
[0.452850] (slam_toolbox) StdoutLine: {'line': b'-- Up-to-date symlink: /home/malik/controller-benchmarks/ros2/install/slam_toolbox/share/ament_index/resource_index/rclcpp_components/slam_toolbox\n'}
[0.452902] (slam_toolbox) StdoutLine: {'line': b'-- Up-to-date symlink: /home/malik/controller-benchmarks/ros2/install/slam_toolbox/share/slam_toolbox/cmake/rosidl_cmake-extras.cmake\n'}
[0.452977] (slam_toolbox) StdoutLine: {'line': b'-- Up-to-date symlink: /home/malik/controller-benchmarks/ros2/install/slam_toolbox/share/slam_toolbox/cmake/ament_cmake_export_dependencies-extras.cmake\n'}
[0.453045] (slam_toolbox) StdoutLine: {'line': b'-- Up-to-date symlink: /home/malik/controller-benchmarks/ros2/install/slam_toolbox/share/slam_toolbox/cmake/ament_cmake_export_include_directories-extras.cmake\n'}
[0.453132] (slam_toolbox) StdoutLine: {'line': b'-- Up-to-date symlink: /home/malik/controller-benchmarks/ros2/install/slam_toolbox/share/slam_toolbox/cmake/ament_cmake_export_libraries-extras.cmake\n'}
[0.454162] (slam_toolbox) StdoutLine: {'line': b'-- Up-to-date symlink: /home/malik/controller-benchmarks/ros2/install/slam_toolbox/share/slam_toolbox/cmake/ament_cmake_export_targets-extras.cmake\n'}
[0.454253] (slam_toolbox) StdoutLine: {'line': b'-- Up-to-date symlink: /home/malik/controller-benchmarks/ros2/install/slam_toolbox/share/slam_toolbox/cmake/rosidl_cmake_export_typesupport_targets-extras.cmake\n'}
[0.454317] (slam_toolbox) StdoutLine: {'line': b'-- Up-to-date symlink: /home/malik/controller-benchmarks/ros2/install/slam_toolbox/share/slam_toolbox/cmake/rosidl_cmake_export_typesupport_libraries-extras.cmake\n'}
[0.454365] (slam_toolbox) StdoutLine: {'line': b'-- Up-to-date symlink: /home/malik/controller-benchmarks/ros2/install/slam_toolbox/share/slam_toolbox/cmake/slam_toolboxConfig.cmake\n'}
[0.454411] (slam_toolbox) StdoutLine: {'line': b'-- Up-to-date symlink: /home/malik/controller-benchmarks/ros2/install/slam_toolbox/share/slam_toolbox/cmake/slam_toolboxConfig-version.cmake\n'}
[0.454495] (slam_toolbox) StdoutLine: {'line': b'-- Up-to-date symlink: /home/malik/controller-benchmarks/ros2/install/slam_toolbox/share/slam_toolbox/package.xml\n'}
[0.454545] (slam_toolbox) StdoutLine: {'line': b'-- Up-to-date: /home/malik/controller-benchmarks/ros2/install/slam_toolbox/lib/libslam_toolbox__rosidl_generator_c.so\n'}
[0.454596] (slam_toolbox) StdoutLine: {'line': b'-- Up-to-date: /home/malik/controller-benchmarks/ros2/install/slam_toolbox/lib/libslam_toolbox__rosidl_typesupport_fastrtps_c.so\n'}
[0.454642] (slam_toolbox) StdoutLine: {'line': b'-- Up-to-date: /home/malik/controller-benchmarks/ros2/install/slam_toolbox/lib/libslam_toolbox__rosidl_typesupport_fastrtps_cpp.so\n'}
[0.454686] (slam_toolbox) StdoutLine: {'line': b'-- Up-to-date: /home/malik/controller-benchmarks/ros2/install/slam_toolbox/lib/libslam_toolbox__rosidl_typesupport_introspection_c.so\n'}
[0.454746] (slam_toolbox) StdoutLine: {'line': b'-- Up-to-date: /home/malik/controller-benchmarks/ros2/install/slam_toolbox/lib/libslam_toolbox__rosidl_typesupport_c.so\n'}
[0.454814] (slam_toolbox) StdoutLine: {'line': b'-- Up-to-date: /home/malik/controller-benchmarks/ros2/install/slam_toolbox/lib/libslam_toolbox__rosidl_typesupport_introspection_cpp.so\n'}
[0.454996] (slam_toolbox) StdoutLine: {'line': b'-- Up-to-date: /home/malik/controller-benchmarks/ros2/install/slam_toolbox/lib/libslam_toolbox__rosidl_typesupport_cpp.so\n'}
[0.490465] (slam_toolbox) StdoutLine: {'line': b"Listing '/home/malik/controller-benchmarks/ros2/install/slam_toolbox/local/lib/python3.10/dist-packages/slam_toolbox'...\n"}
[0.490866] (slam_toolbox) StdoutLine: {'line': b"Listing '/home/malik/controller-benchmarks/ros2/install/slam_toolbox/local/lib/python3.10/dist-packages/slam_toolbox/msg'...\n"}
[0.490948] (slam_toolbox) StdoutLine: {'line': b"Listing '/home/malik/controller-benchmarks/ros2/install/slam_toolbox/local/lib/python3.10/dist-packages/slam_toolbox/srv'...\n"}
[0.498894] (slam_toolbox) StdoutLine: {'line': b'-- Up-to-date: /home/malik/controller-benchmarks/ros2/install/slam_toolbox/lib/libslam_toolbox__rosidl_generator_py.so\n'}
[0.499141] (slam_toolbox) StdoutLine: {'line': b'-- Up-to-date: /home/malik/controller-benchmarks/ros2/install/slam_toolbox/share/slam_toolbox/cmake/export_slam_toolbox__rosidl_generator_cExport.cmake\n'}
[0.499239] (slam_toolbox) StdoutLine: {'line': b'-- Up-to-date: /home/malik/controller-benchmarks/ros2/install/slam_toolbox/share/slam_toolbox/cmake/export_slam_toolbox__rosidl_generator_cExport-release.cmake\n'}
[0.499308] (slam_toolbox) StdoutLine: {'line': b'-- Up-to-date: /home/malik/controller-benchmarks/ros2/install/slam_toolbox/share/slam_toolbox/cmake/export_slam_toolbox__rosidl_typesupport_fastrtps_cExport.cmake\n'}
[0.499375] (slam_toolbox) StdoutLine: {'line': b'-- Up-to-date: /home/malik/controller-benchmarks/ros2/install/slam_toolbox/share/slam_toolbox/cmake/export_slam_toolbox__rosidl_typesupport_fastrtps_cExport-release.cmake\n'}
[0.499453] (slam_toolbox) StdoutLine: {'line': b'-- Up-to-date: /home/malik/controller-benchmarks/ros2/install/slam_toolbox/share/slam_toolbox/cmake/export_slam_toolbox__rosidl_generator_cppExport.cmake\n'}
[0.499524] (slam_toolbox) StdoutLine: {'line': b'-- Up-to-date: /home/malik/controller-benchmarks/ros2/install/slam_toolbox/share/slam_toolbox/cmake/export_slam_toolbox__rosidl_typesupport_fastrtps_cppExport.cmake\n'}
[0.499586] (slam_toolbox) StdoutLine: {'line': b'-- Up-to-date: /home/malik/controller-benchmarks/ros2/install/slam_toolbox/share/slam_toolbox/cmake/export_slam_toolbox__rosidl_typesupport_fastrtps_cppExport-release.cmake\n'}
[0.499655] (slam_toolbox) StdoutLine: {'line': b'-- Up-to-date: /home/malik/controller-benchmarks/ros2/install/slam_toolbox/share/slam_toolbox/cmake/slam_toolbox__rosidl_typesupport_introspection_cExport.cmake\n'}
[0.499717] (slam_toolbox) StdoutLine: {'line': b'-- Up-to-date: /home/malik/controller-benchmarks/ros2/install/slam_toolbox/share/slam_toolbox/cmake/slam_toolbox__rosidl_typesupport_introspection_cExport-release.cmake\n'}
[0.499791] (slam_toolbox) StdoutLine: {'line': b'-- Up-to-date: /home/malik/controller-benchmarks/ros2/install/slam_toolbox/share/slam_toolbox/cmake/slam_toolbox__rosidl_typesupport_cExport.cmake\n'}
[0.499854] (slam_toolbox) StdoutLine: {'line': b'-- Up-to-date: /home/malik/controller-benchmarks/ros2/install/slam_toolbox/share/slam_toolbox/cmake/slam_toolbox__rosidl_typesupport_cExport-release.cmake\n'}
[0.499945] (slam_toolbox) StdoutLine: {'line': b'-- Up-to-date: /home/malik/controller-benchmarks/ros2/install/slam_toolbox/share/slam_toolbox/cmake/slam_toolbox__rosidl_typesupport_introspection_cppExport.cmake\n'}
[0.499995] (slam_toolbox) StdoutLine: {'line': b'-- Up-to-date: /home/malik/controller-benchmarks/ros2/install/slam_toolbox/share/slam_toolbox/cmake/slam_toolbox__rosidl_typesupport_introspection_cppExport-release.cmake\n'}
[0.500044] (slam_toolbox) StdoutLine: {'line': b'-- Up-to-date: /home/malik/controller-benchmarks/ros2/install/slam_toolbox/share/slam_toolbox/cmake/slam_toolbox__rosidl_typesupport_cppExport.cmake\n'}
[0.500109] (slam_toolbox) StdoutLine: {'line': b'-- Up-to-date: /home/malik/controller-benchmarks/ros2/install/slam_toolbox/share/slam_toolbox/cmake/slam_toolbox__rosidl_typesupport_cppExport-release.cmake\n'}
[0.500174] (slam_toolbox) StdoutLine: {'line': b'-- Up-to-date: /home/malik/controller-benchmarks/ros2/install/slam_toolbox/share/slam_toolbox/cmake/export_slam_toolbox__rosidl_generator_pyExport.cmake\n'}
[0.500223] (slam_toolbox) StdoutLine: {'line': b'-- Up-to-date: /home/malik/controller-benchmarks/ros2/install/slam_toolbox/share/slam_toolbox/cmake/export_slam_toolbox__rosidl_generator_pyExport-release.cmake\n'}
[0.500269] (slam_toolbox) StdoutLine: {'line': b'-- Up-to-date: /home/malik/controller-benchmarks/ros2/install/slam_toolbox/share/slam_toolbox/cmake/SlamToolboxPluginExport.cmake\n'}
[0.500315] (slam_toolbox) StdoutLine: {'line': b'-- Up-to-date: /home/malik/controller-benchmarks/ros2/install/slam_toolbox/share/slam_toolbox/cmake/SlamToolboxPluginExport-release.cmake\n'}
[0.501399] (-) TimerEvent: {}
[0.502893] (slam_toolbox) CommandEnded: {'returncode': 0}
[0.525399] (slam_toolbox) JobEnded: {'identifier': 'slam_toolbox', 'rc': 0}
[0.526266] (autodrive_f1tenth) JobStarted: {'identifier': 'autodrive_f1tenth'}
[0.601474] (-) TimerEvent: {}
[0.701864] (-) TimerEvent: {}
[0.802265] (-) TimerEvent: {}
[0.902537] (-) TimerEvent: {}
[1.002787] (-) TimerEvent: {}
[1.103039] (-) TimerEvent: {}
[1.147862] (autodrive_f1tenth) Command: {'cmd': ['/usr/bin/python3', '-W', 'ignore:setup.py install is deprecated', '-W', 'ignore:easy_install command is deprecated', 'setup.py', 'develop', '--editable', '--build-directory', '/home/malik/controller-benchmarks/ros2/build/autodrive_f1tenth/build', '--no-deps', 'symlink_data'], 'cwd': '/home/malik/controller-benchmarks/ros2/build/autodrive_f1tenth', 'env': {'GJS_DEBUG_TOPICS': 'JS ERROR;JS LOG', 'LESSOPEN': '| /usr/bin/lesspipe %s', 'USER': 'malik', 'XDG_SESSION_TYPE': 'wayland', 'SHLVL': '1', 'LD_LIBRARY_PATH': '/home/malik/controller-benchmarks/ros2/install/slam_toolbox/lib:/opt/ros/humble/opt/rviz_ogre_vendor/lib:/opt/ros/humble/lib/x86_64-linux-gnu:/opt/ros/humble/lib', 'HOME': '/home/malik', 'CONDA_SHLVL': '0', 'OLDPWD': '/home/malik/controller-benchmarks', 'DESKTOP_SESSION': 'ubuntu', 'GIO_LAUNCHED_DESKTOP_FILE': '/usr/share/applications/terminator.desktop', 'ROS_PYTHON_VERSION': '3', 'GNOME_SHELL_SESSION_MODE': 'ubuntu', 'GTK_MODULES': 'gail:atk-bridge', 'PS1': '\\[\\e[38;5;81m\\]\\u@\\h \\[\\e[38;5;226m\\]\\w \\[\\e[0m\\]$', 'MANAGERPID': '1387', 'SYSTEMD_EXEC_PID': '1654', 'DBUS_SESSION_BUS_ADDRESS': 'unix:path=/run/user/1000/bus', 'COLORTERM': 'truecolor', '_CE_M': '', 'TERMINATOR_DBUS_NAME': 'net.tenshu.Terminator25ef4b219e3b005583550f2b0f9f990c3', '_CONDA_ROOT': '/home/malik/miniconda3', 'GIO_LAUNCHED_DESKTOP_FILE_PID': '2887', 'IM_CONFIG_PHASE': '1', 'WAYLAND_DISPLAY': 'wayland-0', 'COLCON_PREFIX_PATH': '/home/malik/controller-benchmarks/ros2/install:/home/malik/ros2_ws/install', 'ROS_DISTRO': 'humble', 'LOGNAME': 'malik', 'JOURNAL_STREAM': '8:9178', '_': '/usr/bin/colcon', 'ROS_VERSION': '2', 'XDG_SESSION_CLASS': 'user', 'USERNAME': 'malik', 'TERM': 'xterm-256color', 'GNOME_DESKTOP_SESSION_ID': 'this-is-deprecated', '_CE_CONDA': '', 'ROS_LOCALHOST_ONLY': '0', 'PATH': '/home/malik/miniconda3/condabin:/opt/ros/humble/bin:/home/malik/.local/bin:/usr/local/sbin:/usr/local/bin:/usr/sbin:/usr/bin:/sbin:/bin:/usr/games:/usr/local/games:/snap/bin:/snap/bin', 'SESSION_MANAGER': 'local/malik-System-Product-Name:@/tmp/.ICE-unix/1625,unix/malik-System-Product-Name:/tmp/.ICE-unix/1625', 'INVOCATION_ID': '24d3f90f15574b00a257e7966ba040b6', 'XDG_MENU_PREFIX': 'gnome-', 'GNOME_SETUP_DISPLAY': ':1', 'XDG_RUNTIME_DIR': '/run/user/1000', 'DISPLAY': ':0', 'TERMINATOR_DBUS_PATH': '/net/tenshu/Terminator2', 'LANG': 'en_US.UTF-8', 'XDG_CURRENT_DESKTOP': 'ubuntu:GNOME', 'IBUS_DISABLE_SNOOPER': '1', 'XMODIFIERS': '@im=ibus', 'XDG_SESSION_DESKTOP': 'ubuntu', 'XAUTHORITY': '/run/user/1000/.mutter-Xwaylandauth.JB62R3', 'LS_COLORS': 'rs=0:di=01;34:ln=01;36:mh=00:pi=40;33:so=01;35:do=01;35:bd=40;33;01:cd=40;33;01:or=40;31;01:mi=00:su=37;41:sg=30;43:ca=30;41:tw=30;42:ow=34;42:st=37;44:ex=01;32:*.tar=01;31:*.tgz=01;31:*.arc=01;31:*.arj=01;31:*.taz=01;31:*.lha=01;31:*.lz4=01;31:*.lzh=01;31:*.lzma=01;31:*.tlz=01;31:*.txz=01;31:*.tzo=01;31:*.t7z=01;31:*.zip=01;31:*.z=01;31:*.dz=01;31:*.gz=01;31:*.lrz=01;31:*.lz=01;31:*.lzo=01;31:*.xz=01;31:*.zst=01;31:*.tzst=01;31:*.bz2=01;31:*.bz=01;31:*.tbz=01;31:*.tbz2=01;31:*.tz=01;31:*.deb=01;31:*.rpm=01;31:*.jar=01;31:*.war=01;31:*.ear=01;31:*.sar=01;31:*.rar=01;31:*.alz=01;31:*.ace=01;31:*.zoo=01;31:*.cpio=01;31:*.7z=01;31:*.rz=01;31:*.cab=01;31:*.wim=01;31:*.swm=01;31:*.dwm=01;31:*.esd=01;31:*.jpg=01;35:*.jpeg=01;35:*.mjpg=01;35:*.mjpeg=01;35:*.gif=01;35:*.bmp=01;35:*.pbm=01;35:*.pgm=01;35:*.ppm=01;35:*.tga=01;35:*.xbm=01;35:*.xpm=01;35:*.tif=01;35:*.tiff=01;35:*.png=01;35:*.svg=01;35:*.svgz=01;35:*.mng=01;35:*.pcx=01;35:*.mov=01;35:*.mpg=01;35:*.mpeg=01;35:*.m2v=01;35:*.mkv=01;35:*.webm=01;35:*.webp=01;35:*.ogm=01;35:*.mp4=01;35:*.m4v=01;35:*.mp4v=01;35:*.vob=01;35:*.qt=01;35:*.nuv=01;35:*.wmv=01;35:*.asf=01;35:*.rm=01;35:*.rmvb=01;35:*.flc=01;35:*.avi=01;35:*.fli=01;35:*.flv=01;35:*.gl=01;35:*.dl=01;35:*.xcf=01;35:*.xwd=01;35:*.yuv=01;35:*.cgm=01;35:*.emf=01;35:*.ogv=01;35:*.ogx=01;35:*.aac=00;36:*.au=00;36:*.flac=00;36:*.m4a=00;36:*.mid=00;36:*.midi=00;36:*.mka=00;36:*.mp3=00;36:*.mpc=00;36:*.ogg=00;36:*.ra=00;36:*.wav=00;36:*.oga=00;36:*.opus=00;36:*.spx=00;36:*.xspf=00;36:', 'SSH_AGENT_LAUNCHER': 'gnome-keyring', 'SSH_AUTH_SOCK': '/run/user/1000/keyring/ssh', 'AMENT_PREFIX_PATH': '/home/malik/controller-benchmarks/ros2/install/autodrive_f1tenth:/home/malik/controller-benchmarks/ros2/install/slam_toolbox:/home/malik/ros2_ws/install/autodrive_nigel:/home/malik/ros2_ws/install/autodrive_f1tenth:/opt/ros/humble', 'CONDA_PYTHON_EXE': '/home/malik/miniconda3/bin/python', 'SHELL': '/bin/bash', 'TERMINATOR_UUID': 'urn:uuid:dc838e09-211a-4772-b0ed-4826f1e883ce', 'QT_ACCESSIBILITY': '1', 'GDMSESSION': 'ubuntu', 'LESSCLOSE': '/usr/bin/lesspipe %s %s', 'GJS_DEBUG_OUTPUT': 'stderr', '_CONDA_EXE': '/home/malik/miniconda3/bin/conda', 'QT_IM_MODULE': 'ibus', 'PWD': '/home/malik/controller-benchmarks/ros2/build/autodrive_f1tenth', 'LC_ALL': 'en_US.UTF-8', 'XDG_CONFIG_DIRS': '/etc/xdg/xdg-ubuntu:/etc/xdg', 'CONDA_EXE': '/home/malik/miniconda3/bin/conda', 'XDG_DATA_DIRS': '/usr/share/ubuntu:/home/malik/.local/share/flatpak/exports/share:/var/lib/flatpak/exports/share:/usr/local/share/:/usr/share/:/var/lib/snapd/desktop', 'PYTHONPATH': '/home/malik/controller-benchmarks/ros2/build/autodrive_f1tenth/prefix_override:/usr/lib/python3/dist-packages/colcon_core/task/python/colcon_distutils_commands:/home/malik/controller-benchmarks/ros2/install/autodrive_f1tenth/lib/python3.10/site-packages:/home/malik/controller-benchmarks/ros2/build/autodrive_f1tenth:/home/malik/controller-benchmarks/ros2/install/autodrive_f1tenth/lib/python3.10/site-packages:/home/malik/controller-benchmarks/ros2/install/slam_toolbox/local/lib/python3.10/dist-packages:/home/malik/ros2_ws/install/autodrive_nigel/lib/python3.10/site-packages:/home/malik/ros2_ws/build/autodrive_f1tenth:/home/malik/ros2_ws/install/autodrive_f1tenth/lib/python3.10/site-packages:/opt/ros/humble/lib/python3.10/site-packages:/opt/ros/humble/local/lib/python3.10/dist-packages', 'COLCON': '1', 'VTE_VERSION': '6800', 'CMAKE_PREFIX_PATH': '/home/malik/controller-benchmarks/ros2/install/slam_toolbox'}, 'shell': False}
[1.203133] (-) TimerEvent: {}
[1.303411] (-) TimerEvent: {}
[1.403746] (-) TimerEvent: {}
[1.405656] (autodrive_f1tenth) StdoutLine: {'line': b'running develop\n'}
[1.503851] (-) TimerEvent: {}
[1.576662] (autodrive_f1tenth) StdoutLine: {'line': b'running egg_info\n'}
[1.576989] (autodrive_f1tenth) StdoutLine: {'line': b'writing autodrive_f1tenth_bench.egg-info/PKG-INFO\n'}
[1.577375] (autodrive_f1tenth) StdoutLine: {'line': b'writing dependency_links to autodrive_f1tenth_bench.egg-info/dependency_links.txt\n'}
[1.577835] (autodrive_f1tenth) StdoutLine: {'line': b'writing entry points to autodrive_f1tenth_bench.egg-info/entry_points.txt\n'}
[1.578442] (autodrive_f1tenth) StdoutLine: {'line': b'writing requirements to autodrive_f1tenth_bench.egg-info/requires.txt\n'}
[1.578582] (autodrive_f1tenth) StdoutLine: {'line': b'writing top-level names to autodrive_f1tenth_bench.egg-info/top_level.txt\n'}
[1.581126] (autodrive_f1tenth) StdoutLine: {'line': b"reading manifest file 'autodrive_f1tenth_bench.egg-info/SOURCES.txt'\n"}
[1.582637] (autodrive_f1tenth) StdoutLine: {'line': b"writing manifest file 'autodrive_f1tenth_bench.egg-info/SOURCES.txt'\n"}
[1.584512] (autodrive_f1tenth) StdoutLine: {'line': b'running build_ext\n'}
[1.585542] (autodrive_f1tenth) StdoutLine: {'line': b'Creating /home/malik/controller-benchmarks/ros2/install/autodrive_f1tenth/lib/python3.10/site-packages/autodrive-f1tenth-bench.egg-link (link to .)\n'}
[1.586098] (autodrive_f1tenth) StdoutLine: {'line': b'Installing confidence_log script to /home/malik/controller-benchmarks/ros2/install/autodrive_f1tenth/lib/autodrive_f1tenth\n'}
[1.586304] (autodrive_f1tenth) StdoutLine: {'line': b'Installing dl_slot script to /home/malik/controller-benchmarks/ros2/install/autodrive_f1tenth/lib/autodrive_f1tenth\n'}
[1.586448] (autodrive_f1tenth) StdoutLine: {'line': b'Installing dl_slot_scan script to /home/malik/controller-benchmarks/ros2/install/autodrive_f1tenth/lib/autodrive_f1tenth\n'}
[1.586519] (autodrive_f1tenth) StdoutLine: {'line': b'Installing follow_stack script to /home/malik/controller-benchmarks/ros2/install/autodrive_f1tenth/lib/autodrive_f1tenth\n'}
[1.590461] (autodrive_f1tenth) StdoutLine: {'line': b'Installing plot_pure_pursuit_runs script to /home/malik/controller-benchmarks/ros2/install/autodrive_f1tenth/lib/autodrive_f1tenth\n'}
[1.590860] (autodrive_f1tenth) StdoutLine: {'line': b'Installing pure_pursuit script to /home/malik/controller-benchmarks/ros2/install/autodrive_f1tenth/lib/autodrive_f1tenth\n'}
[1.590943] (autodrive_f1tenth) StdoutLine: {'line': b'Installing pure_pursuit_target script to /home/malik/controller-benchmarks/ros2/install/autodrive_f1tenth/lib/autodrive_f1tenth\n'}
[1.590999] (autodrive_f1tenth) StdoutLine: {'line': b'Installing safety script to /home/malik/controller-benchmarks/ros2/install/autodrive_f1tenth/lib/autodrive_f1tenth\n'}
[1.591052] (autodrive_f1tenth) StdoutLine: {'line': b'Installing slam script to /home/malik/controller-benchmarks/ros2/install/autodrive_f1tenth/lib/autodrive_f1tenth\n'}
[1.591100] (autodrive_f1tenth) StdoutLine: {'line': b'Installing slam_toolbox_bridge script to /home/malik/controller-benchmarks/ros2/install/autodrive_f1tenth/lib/autodrive_f1tenth\n'}
[1.591170] (autodrive_f1tenth) StdoutLine: {'line': b'Installing target_vehicle_tracker script to /home/malik/controller-benchmarks/ros2/install/autodrive_f1tenth/lib/autodrive_f1tenth\n'}
[1.591222] (autodrive_f1tenth) StdoutLine: {'line': b'\n'}
[1.591269] (autodrive_f1tenth) StdoutLine: {'line': b'Installed /home/malik/controller-benchmarks/ros2/build/autodrive_f1tenth\n'}
[1.591316] (autodrive_f1tenth) StdoutLine: {'line': b'running symlink_data\n'}
[1.603938] (-) TimerEvent: {}
[1.621562] (autodrive_f1tenth) CommandEnded: {'returncode': 0}
[1.633525] (autodrive_f1tenth) JobEnded: {'identifier': 'autodrive_f1tenth', 'rc': 0}
[1.633929] (-) EventReactorShutdown: {}
