[0.000000] (-) TimerEvent: {}
[0.000345] (slam_toolbox) JobQueued: {'identifier': 'slam_toolbox', 'dependencies': OrderedDict()}
[0.000470] (autodrive_f1tenth) JobQueued: {'identifier': 'autodrive_f1tenth', 'dependencies': OrderedDict([('slam_toolbox', '/home/malik/controller-benchmarks/ros2/install/slam_toolbox')])}
[0.000600] (slam_toolbox) JobStarted: {'identifier': 'slam_toolbox'}
[0.007738] (slam_toolbox) JobProgress: {'identifier': 'slam_toolbox', 'progress': 'cmake'}
[0.009375] (slam_toolbox) JobProgress: {'identifier': 'slam_toolbox', 'progress': 'build'}
[0.010186] (slam_toolbox) Command: {'cmd': ['/usr/bin/cmake', '--build', '/home/malik/controller-benchmarks/ros2/build/slam_toolbox', '--', '-j8', '-l8'], 'cwd': '/home/malik/controller-benchmarks/ros2/build/slam_toolbox', 'env': OrderedDict([('GJS_DEBUG_TOPICS', 'JS ERROR;JS LOG'), ('LESSOPEN', '| /usr/bin/lesspipe %s'), ('USER', 'malik'), ('XDG_SESSION_TYPE', 'wayland'), ('SHLVL', '1'), ('LD_LIBRARY_PATH', '/home/malik/controller-benchmarks/ros2/install/slam_toolbox/lib:/opt/ros/humble/opt/rviz_ogre_vendor/lib:/opt/ros/humble/lib/x86_64-linux-gnu:/opt/ros/humble/lib'), ('HOME', '/home/malik'), ('CONDA_SHLVL', '0'), ('OLDPWD', '/home/malik/controller-benchmarks'), ('DESKTOP_SESSION', 'ubuntu'), ('GIO_LAUNCHED_DESKTOP_FILE', '/usr/share/applications/terminator.desktop'), ('ROS_PYTHON_VERSION', '3'), ('GNOME_SHELL_SESSION_MODE', 'ubuntu'), ('GTK_MODULES', 'gail:atk-bridge'), ('PS1', '\\[\\e[38;5;81m\\]\\u@\\h \\[\\e[38;5;226m\\]\\w \\[\\e[0m\\]$'), ('MANAGERPID', '6250'), ('SYSTEMD_EXEC_PID', '6448'), ('DBUS_SESSION_BUS_ADDRESS', 'unix:path=/run/user/1000/bus'), ('COLORTERM', 'truecolor'), ('_CE_M', ''), ('TERMINATOR_DBUS_NAME', 'net.tenshu.Terminator25ef4b219e3b005583550f2b0f9f990c3'), ('_CONDA_ROOT', '/home/malik/miniconda3'), ('GIO_LAUNCHED_DESKTOP_FILE_PID', '7712'), ('IM_CONFIG_PHASE', '1'), ('WAYLAND_DISPLAY', 'wayland-0'), ('COLCON_PREFIX_PATH', '/home/malik/controller-benchmarks/ros2/install:/home/malik/ros2_ws/install'), ('ROS_DISTRO', 'humble'), ('LOGNAME', 'malik'), ('JOURNAL_STREAM', '8:110241'), ('_', '/usr/bin/colcon'), ('ROS_VERSION', '2'), ('XDG_SESSION_CLASS', 'user'), ('USERNAME', 'malik'), ('TERM', 'xterm-256color'), ('GNOME_DESKTOP_SESSION_ID', 'this-is-deprecated'), ('_CE_CONDA', ''), ('ROS_LOCALHOST_ONLY', '0'), ('PATH', '/home/malik/miniconda3/condabin:/opt/ros/humble/bin:/home/malik/.local/bin:/usr/local/sbin:/usr/local/bin:/usr/sbin:/usr/bin:/sbin:/bin:/usr/games:/usr/local/games:/snap/bin:/snap/bin'), ('SESSION_MANAGER', 'local/malik-System-Product-Name:@/tmp/.ICE-unix/6423,unix/malik-System-Product-Name:/tmp/.ICE-unix/6423'), ('INVOCATION_ID', 'fbca02157e4a477ba8c96793306f899c'), ('XDG_MENU_PREFIX', 'gnome-'), ('GNOME_SETUP_DISPLAY', ':1'), ('XDG_RUNTIME_DIR', '/run/user/1000'), ('DISPLAY', ':0'), ('TERMINATOR_DBUS_PATH', '/net/tenshu/Terminator2'), ('LANG', 'en_US.UTF-8'), ('XDG_CURRENT_DESKTOP', 'ubuntu:GNOME'), ('IBUS_DISABLE_SNOOPER', '1'), ('XMODIFIERS', '@im=ibus'), ('XDG_SESSION_DESKTOP', 'ubuntu'), ('XAUTHORITY', '/run/user/1000/.mutter-Xwaylandauth.0NUUR3'), ('LS_COLORS', 'rs=0:di=01;34:ln=01;36:mh=00:pi=40;33:so=01;35:do=01;35:bd=40;33;01:cd=40;33;01:or=40;31;01:mi=00:su=37;41:sg=30;43:ca=30;41:tw=30;42:ow=34;42:st=37;44:ex=01;32:*.tar=01;31:*.tgz=01;31:*.arc=01;31:*.arj=01;31:*.taz=01;31:*.lha=01;31:*.lz4=01;31:*.lzh=01;31:*.lzma=01;31:*.tlz=01;31:*.txz=01;31:*.tzo=01;31:*.t7z=01;31:*.zip=01;31:*.z=01;31:*.dz=01;31:*.gz=01;31:*.lrz=01;31:*.lz=01;31:*.lzo=01;31:*.xz=01;31:*.zst=01;31:*.tzst=01;31:*.bz2=01;31:*.bz=01;31:*.tbz=01;31:*.tbz2=01;31:*.tz=01;31:*.deb=01;31:*.rpm=01;31:*.jar=01;31:*.war=01;31:*.ear=01;31:*.sar=01;31:*.rar=01;31:*.alz=01;31:*.ace=01;31:*.zoo=01;31:*.cpio=01;31:*.7z=01;31:*.rz=01;31:*.cab=01;31:*.wim=01;31:*.swm=01;31:*.dwm=01;31:*.esd=01;31:*.jpg=01;35:*.jpeg=01;35:*.mjpg=01;35:*.mjpeg=01;35:*.gif=01;35:*.bmp=01;35:*.pbm=01;35:*.pgm=01;35:*.ppm=01;35:*.tga=01;35:*.xbm=01;35:*.xpm=01;35:*.tif=01;35:*.tiff=01;35:*.png=01;35:*.svg=01;35:*.svgz=01;35:*.mng=01;35:*.pcx=01;35:*.mov=01;35:*.mpg=01;35:*.mpeg=01;35:*.m2v=01;35:*.mkv=01;35:*.webm=01;35:*.webp=01;35:*.ogm=01;35:*.mp4=01;35:*.m4v=01;35:*.mp4v=01;35:*.vob=01;35:*.qt=01;35:*.nuv=01;35:*.wmv=01;35:*.asf=01;35:*.rm=01;35:*.rmvb=01;35:*.flc=01;35:*.avi=01;35:*.fli=01;35:*.flv=01;35:*.gl=01;35:*.dl=01;35:*.xcf=01;35:*.xwd=01;35:*.yuv=01;35:*.cgm=01;35:*.emf=01;35:*.ogv=01;35:*.ogx=01;35:*.aac=00;36:*.au=00;36:*.flac=00;36:*.m4a=00;36:*.mid=00;36:*.midi=00;36:*.mka=00;36:*.mp3=00;36:*.mpc=00;36:*.ogg=00;36:*.ra=00;36:*.wav=00;36:*.oga=00;36:*.opus=00;36:*.spx=00;36:*.xspf=00;36:'), ('SSH_AGENT_LAUNCHER', 'gnome-keyring'), ('SSH_AUTH_SOCK', '/run/user/1000/keyring/ssh'), ('AMENT_PREFIX_PATH', '/home/malik/controller-benchmarks/ros2/install/autodrive_f1tenth:/home/malik/controller-benchmarks/ros2/install/slam_toolbox:/home/malik/ros2_ws/install/autodrive_nigel:/home/malik/ros2_ws/install/autodrive_f1tenth:/opt/ros/humble'), ('CONDA_PYTHON_EXE', '/home/malik/miniconda3/bin/python'), ('SHELL', '/bin/bash'), ('TERMINATOR_UUID', 'urn:uuid:2c2a9a9c-d34b-49d8-95d1-f19f848e78ff'), ('QT_ACCESSIBILITY', '1'), ('GDMSESSION', 'ubuntu'), ('LESSCLOSE', '/usr/bin/lesspipe %s %s'), ('GJS_DEBUG_OUTPUT', 'stderr'), ('_CONDA_EXE', '/home/malik/miniconda3/bin/conda'), ('QT_IM_MODULE', 'ibus'), ('PWD', '/home/malik/controller-benchmarks/ros2/build/slam_toolbox'), ('LC_ALL', 'en_US.UTF-8'), ('XDG_CONFIG_DIRS', '/etc/xdg/xdg-ubuntu:/etc/xdg'), ('CONDA_EXE', '/home/malik/miniconda3/bin/conda'), ('XDG_DATA_DIRS', '/usr/share/ubuntu:/home/malik/.local/share/flatpak/exports/share:/var/lib/flatpak/exports/share:/usr/local/share/:/usr/share/:/var/lib/snapd/desktop'), ('PYTHONPATH', '/home/malik/controller-benchmarks/ros2/build/autodrive_f1tenth:/home/malik/controller-benchmarks/ros2/install/autodrive_f1tenth/lib/python3.10/site-packages:/home/malik/controller-benchmarks/ros2/install/slam_toolbox/local/lib/python3.10/dist-packages:/home/malik/ros2_ws/install/autodrive_nigel/lib/python3.10/site-packages:/home/malik/ros2_ws/build/autodrive_f1tenth:/home/malik/ros2_ws/install/autodrive_f1tenth/lib/python3.10/site-packages:/opt/ros/humble/lib/python3.10/site-packages:/opt/ros/humble/local/lib/python3.10/dist-packages'), ('COLCON', '1'), ('VTE_VERSION', '6800'), ('CMAKE_PREFIX_PATH', '/home/malik/controller-benchmarks/ros2/install/slam_toolbox:/home/malik/controller-benchmarks/ros2/install/autodrive_f1tenth:/home/malik/ros2_ws/install/autodrive_nigel:/home/malik/ros2_ws/install/autodrive_f1tenth:/opt/ros/humble')]), 'shell': False}
[0.099823] (-) TimerEvent: {}
[0.101555] (slam_toolbox) StdoutLine: {'line': b'[  1%] Built target slam_toolbox__cpp\n'}
[0.106852] (slam_toolbox) StdoutLine: {'line': b'[  1%] Built target ament_cmake_python_symlink_slam_toolbox\n'}
[0.113737] (slam_toolbox) StdoutLine: {'line': b'[ 10%] Built target slam_toolbox__rosidl_generator_c\n'}
[0.133115] (slam_toolbox) StdoutLine: {'line': b'[ 26%] Built target slam_toolbox__rosidl_typesupport_cpp\n'}
[0.133355] (slam_toolbox) StdoutLine: {'line': b'[ 26%] Built target slam_toolbox__rosidl_typesupport_introspection_cpp\n'}
[0.143304] (slam_toolbox) StdoutLine: {'line': b'[ 35%] Built target slam_toolbox__rosidl_typesupport_fastrtps_cpp\n'}
[0.150403] (slam_toolbox) StdoutLine: {'line': b'[ 43%] Built target slam_toolbox__rosidl_typesupport_c\n'}
[0.151620] (slam_toolbox) StdoutLine: {'line': b'[ 52%] Built target slam_toolbox__rosidl_typesupport_fastrtps_c\n'}
[0.160550] (slam_toolbox) StdoutLine: {'line': b'[ 60%] Built target slam_toolbox__rosidl_typesupport_introspection_c\n'}
[0.167730] (slam_toolbox) StdoutLine: {'line': b'[ 62%] Built target kartoSlamToolbox\n'}
[0.181394] (slam_toolbox) StdoutLine: {'line': b'[ 62%] Built target slam_toolbox\n'}
[0.188916] (slam_toolbox) StdoutLine: {'line': b'[ 64%] Built target SlamToolboxPlugin\n'}
[0.199898] (-) TimerEvent: {}
[0.206246] (slam_toolbox) StdoutLine: {'line': b'[ 64%] Built target slam_toolbox__py\n'}
[0.211215] (slam_toolbox) StdoutLine: {'line': b'[ 66%] Built target ceres_solver_plugin\n'}
[0.224059] (slam_toolbox) StdoutLine: {'line': b'[ 71%] Built target toolbox_common\n'}
[0.235325] (slam_toolbox) StdoutLine: {'line': b'[ 79%] Built target slam_toolbox__rosidl_generator_py\n'}
[0.265195] (slam_toolbox) StdoutLine: {'line': b'[ 82%] Built target slam_toolbox__rosidl_typesupport_introspection_c__pyext\n'}
[0.265401] (slam_toolbox) StdoutLine: {'line': b'[ 82%] Built target slam_toolbox__rosidl_typesupport_fastrtps_c__pyext\n'}
[0.266523] (slam_toolbox) StdoutLine: {'line': b'[ 84%] Built target merge_maps_kinematic\n'}
[0.271155] (slam_toolbox) StdoutLine: {'line': b'[ 86%] Built target sync_slam_toolbox\n'}
[0.275227] (slam_toolbox) StdoutLine: {'line': b'[ 88%] Built target lifelong_slam_toolbox\n'}
[0.276547] (slam_toolbox) StdoutLine: {'line': b'[ 88%] Built target localization_slam_toolbox\n'}
[0.279534] (slam_toolbox) StdoutLine: {'line': b'[ 90%] Built target async_slam_toolbox\n'}
[0.297640] (slam_toolbox) StdoutLine: {'line': b'[ 92%] Built target slam_toolbox__rosidl_typesupport_c__pyext\n'}
[0.300056] (-) TimerEvent: {}
[0.323530] (slam_toolbox) StdoutLine: {'line': b'[ 96%] Built target lifelong_slam_toolbox_node\n'}
[0.323775] (slam_toolbox) StdoutLine: {'line': b'[ 96%] Built target map_and_localization_slam_toolbox\n'}
[0.324539] (slam_toolbox) StdoutLine: {'line': b'[ 96%] Built target sync_slam_toolbox_node\n'}
[0.332686] (slam_toolbox) StdoutLine: {'line': b'[ 98%] Built target localization_slam_toolbox_node\n'}
[0.334242] (slam_toolbox) StdoutLine: {'line': b'[ 99%] Built target async_slam_toolbox_node\n'}
[0.365375] (slam_toolbox) StdoutLine: {'line': b'[100%] Built target map_and_localization_slam_toolbox_node\n'}
[0.400151] (-) TimerEvent: {}
[0.402944] (slam_toolbox) StdoutLine: {'line': b'running egg_info\n'}
[0.403656] (slam_toolbox) StdoutLine: {'line': b'writing slam_toolbox.egg-info/PKG-INFO\n'}
[0.403987] (slam_toolbox) StdoutLine: {'line': b'writing dependency_links to slam_toolbox.egg-info/dependency_links.txt\n'}
[0.404133] (slam_toolbox) StdoutLine: {'line': b'writing top-level names to slam_toolbox.egg-info/top_level.txt\n'}
[0.407286] (slam_toolbox) StdoutLine: {'line': b"reading manifest file 'slam_toolbox.egg-info/SOURCES.txt'\n"}
[0.408305] (slam_toolbox) StdoutLine: {'line': b"writing manifest file 'slam_toolbox.egg-info/SOURCES.txt'\n"}
[0.448659] (slam_toolbox) StdoutLine: {'line': b'[100%] Built target ament_cmake_python_build_slam_toolbox_egg\n'}
[0.462255] (slam_toolbox) CommandEnded: {'returncode': 0}
[0.462865] (slam_toolbox) JobProgress: {'identifier': 'slam_toolbox', 'progress': 'install'}
[0.470264] (slam_toolbox) Command: {'cmd': ['/usr/bin/cmake', '--install', '/home/malik/controller-benchmarks/ros2/build/slam_toolbox'], 'cwd': '/home/malik/controller-benchmarks/ros2/build/slam_toolbox', 'env': OrderedDict([('GJS_DEBUG_TOPICS', 'JS ERROR;JS LOG'), ('LESSOPEN', '| /usr/bin/lesspipe %s'), ('USER', 'malik'), ('XDG_SESSION_TYPE', 'wayland'), ('SHLVL', '1'), ('LD_LIBRARY_PATH', '/home/malik/controller-benchmarks/ros2/install/slam_toolbox/lib:/opt/ros/humble/opt/rviz_ogre_vendor/lib:/opt/ros/humble/lib/x86_64-linux-gnu:/opt/ros/humble/lib'), ('HOME', '/home/malik'), ('CONDA_SHLVL', '0'), ('OLDPWD', '/home/malik/controller-benchmarks'), ('DESKTOP_SESSION', 'ubuntu'), ('GIO_LAUNCHED_DESKTOP_FILE', '/usr/share/applications/terminator.desktop'), ('ROS_PYTHON_VERSION', '3'), ('GNOME_SHELL_SESSION_MODE', 'ubuntu'), ('GTK_MODULES', 'gail:atk-bridge'), ('PS1', '\\[\\e[38;5;81m\\]\\u@\\h \\[\\e[38;5;226m\\]\\w \\[\\e[0m\\]$'), ('MANAGERPID', '6250'), ('SYSTEMD_EXEC_PID', '6448'), ('DBUS_SESSION_BUS_ADDRESS', 'unix:path=/run/user/1000/bus'), ('COLORTERM', 'truecolor'), ('_CE_M', ''), ('TERMINATOR_DBUS_NAME', 'net.tenshu.Terminator25ef4b219e3b005583550f2b0f9f990c3'), ('_CONDA_ROOT', '/home/malik/miniconda3'), ('GIO_LAUNCHED_DESKTOP_FILE_PID', '7712'), ('IM_CONFIG_PHASE', '1'), ('WAYLAND_DISPLAY', 'wayland-0'), ('COLCON_PREFIX_PATH', '/home/malik/controller-benchmarks/ros2/install:/home/malik/ros2_ws/install'), ('ROS_DISTRO', 'humble'), ('LOGNAME', 'malik'), ('JOURNAL_STREAM', '8:110241'), ('_', '/usr/bin/colcon'), ('ROS_VERSION', '2'), ('XDG_SESSION_CLASS', 'user'), ('USERNAME', 'malik'), ('TERM', 'xterm-256color'), ('GNOME_DESKTOP_SESSION_ID', 'this-is-deprecated'), ('_CE_CONDA', ''), ('ROS_LOCALHOST_ONLY', '0'), ('PATH', '/home/malik/miniconda3/condabin:/opt/ros/humble/bin:/home/malik/.local/bin:/usr/local/sbin:/usr/local/bin:/usr/sbin:/usr/bin:/sbin:/bin:/usr/games:/usr/local/games:/snap/bin:/snap/bin'), ('SESSION_MANAGER', 'local/malik-System-Product-Name:@/tmp/.ICE-unix/6423,unix/malik-System-Product-Name:/tmp/.ICE-unix/6423'), ('INVOCATION_ID', 'fbca02157e4a477ba8c96793306f899c'), ('XDG_MENU_PREFIX', 'gnome-'), ('GNOME_SETUP_DISPLAY', ':1'), ('XDG_RUNTIME_DIR', '/run/user/1000'), ('DISPLAY', ':0'), ('TERMINATOR_DBUS_PATH', '/net/tenshu/Terminator2'), ('LANG', 'en_US.UTF-8'), ('XDG_CURRENT_DESKTOP', 'ubuntu:GNOME'), ('IBUS_DISABLE_SNOOPER', '1'), ('XMODIFIERS', '@im=ibus'), ('XDG_SESSION_DESKTOP', 'ubuntu'), ('XAUTHORITY', '/run/user/1000/.mutter-Xwaylandauth.0NUUR3'), ('LS_COLORS', 'rs=0:di=01;34:ln=01;36:mh=00:pi=40;33:so=01;35:do=01;35:bd=40;33;01:cd=40;33;01:or=40;31;01:mi=00:su=37;41:sg=30;43:ca=30;41:tw=30;42:ow=34;42:st=37;44:ex=01;32:*.tar=01;31:*.tgz=01;31:*.arc=01;31:*.arj=01;31:*.taz=01;31:*.lha=01;31:*.lz4=01;31:*.lzh=01;31:*.lzma=01;31:*.tlz=01;31:*.txz=01;31:*.tzo=01;31:*.t7z=01;31:*.zip=01;31:*.z=01;31:*.dz=01;31:*.gz=01;31:*.lrz=01;31:*.lz=01;31:*.lzo=01;31:*.xz=01;31:*.zst=01;31:*.tzst=01;31:*.bz2=01;31:*.bz=01;31:*.tbz=01;31:*.tbz2=01;31:*.tz=01;31:*.deb=01;31:*.rpm=01;31:*.jar=01;31:*.war=01;31:*.ear=01;31:*.sar=01;31:*.rar=01;31:*.alz=01;31:*.ace=01;31:*.zoo=01;31:*.cpio=01;31:*.7z=01;31:*.rz=01;31:*.cab=01;31:*.wim=01;31:*.swm=01;31:*.dwm=01;31:*.esd=01;31:*.jpg=01;35:*.jpeg=01;35:*.mjpg=01;35:*.mjpeg=01;35:*.gif=01;35:*.bmp=01;35:*.pbm=01;35:*.pgm=01;35:*.ppm=01;35:*.tga=01;35:*.xbm=01;35:*.xpm=01;35:*.tif=01;35:*.tiff=01;35:*.png=01;35:*.svg=01;35:*.svgz=01;35:*.mng=01;35:*.pcx=01;35:*.mov=01;35:*.mpg=01;35:*.mpeg=01;35:*.m2v=01;35:*.mkv=01;35:*.webm=01;35:*.webp=01;35:*.ogm=01;35:*.mp4=01;35:*.m4v=01;35:*.mp4v=01;35:*.vob=01;35:*.qt=01;35:*.nuv=01;35:*.wmv=01;35:*.asf=01;35:*.rm=01;35:*.rmvb=01;35:*.flc=01;35:*.avi=01;35:*.fli=01;35:*.flv=01;35:*.gl=01;35:*.dl=01;35:*.xcf=01;35:*.xwd=01;35:*.yuv=01;35:*.cgm=01;35:*.emf=01;35:*.ogv=01;35:*.ogx=01;35:*.aac=00;36:*.au=00;36:*.flac=00;36:*.m4a=00;36:*.mid=00;36:*.midi=00;36:*.mka=00;36:*.mp3=00;36:*.mpc=00;36:*.ogg=00;36:*.ra=00;36:*.wav=00;36:*.oga=00;36:*.opus=00;36:*.spx=00;36:*.xspf=00;36:'), ('SSH_AGENT_LAUNCHER', 'gnome-keyring'), ('SSH_AUTH_SOCK', '/run/user/1000/keyring/ssh'), ('AMENT_PREFIX_PATH', '/home/malik/controller-benchmarks/ros2/install/autodrive_f1tenth:/home/malik/controller-benchmarks/ros2/install/slam_toolbox:/home/malik/ros2_ws/install/autodrive_nigel:/home/malik/ros2_ws/install/autodrive_f1tenth:/opt/ros/humble'), ('CONDA_PYTHON_EXE', '/home/malik/miniconda3/bin/python'), ('SHELL', '/bin/bash'), ('TERMINATOR_UUID', 'urn:uuid:2c2a9a9c-d34b-49d8-95d1-f19f848e78ff'), ('QT_ACCESSIBILITY', '1'), ('GDMSESSION', 'ubuntu'), ('LESSCLOSE', '/usr/bin/lesspipe %s %s'), ('GJS_DEBUG_OUTPUT', 'stderr'), ('_CONDA_EXE', '/home/malik/miniconda3/bin/conda'), ('QT_IM_MODULE', 'ibus'), ('PWD', '/home/malik/controller-benchmarks/ros2/build/slam_toolbox'), ('LC_ALL', 'en_US.UTF-8'), ('XDG_CONFIG_DIRS', '/etc/xdg/xdg-ubuntu:/etc/xdg'), ('CONDA_EXE', '/home/malik/miniconda3/bin/conda'), ('XDG_DATA_DIRS', '/usr/share/ubuntu:/home/malik/.local/share/flatpak/exports/share:/var/lib/flatpak/exports/share:/usr/local/share/:/usr/share/:/var/lib/snapd/desktop'), ('PYTHONPATH', '/home/malik/controller-benchmarks/ros2/build/autodrive_f1tenth:/home/malik/controller-benchmarks/ros2/install/autodrive_f1tenth/lib/python3.10/site-packages:/home/malik/controller-benchmarks/ros2/install/slam_toolbox/local/lib/python3.10/dist-packages:/home/malik/ros2_ws/install/autodrive_nigel/lib/python3.10/site-packages:/home/malik/ros2_ws/build/autodrive_f1tenth:/home/malik/ros2_ws/install/autodrive_f1tenth/lib/python3.10/site-packages:/opt/ros/humble/lib/python3.10/site-packages:/opt/ros/humble/local/lib/python3.10/dist-packages'), ('COLCON', '1'), ('VTE_VERSION', '6800'), ('CMAKE_PREFIX_PATH', '/home/malik/controller-benchmarks/ros2/install/slam_toolbox:/home/malik/controller-benchmarks/ros2/install/autodrive_f1tenth:/home/malik/ros2_ws/install/autodrive_nigel:/home/malik/ros2_ws/install/autodrive_f1tenth:/opt/ros/humble')]), 'shell': False}
[0.479814] (slam_toolbox) StdoutLine: {'line': b'-- Install configuration: "Release"\n'}
[0.481307] (slam_toolbox) StdoutLine: {'line': b'-- Execute custom install script\n'}
[0.482017] (slam_toolbox) StdoutLine: {'line': b'-- Up-to-date symlink: /home/malik/controller-benchmarks/ros2/install/slam_toolbox/include//karto_sdk/Karto.h\n'}
[0.482197] (slam_toolbox) StdoutLine: {'line': b'-- Up-to-date symlink: /home/malik/controller-benchmarks/ros2/install/slam_toolbox/include//karto_sdk/Macros.h\n'}
[0.482282] (slam_toolbox) StdoutLine: {'line': b'-- Up-to-date symlink: /home/malik/controller-benchmarks/ros2/install/slam_toolbox/include//karto_sdk/Mapper.h\n'}
[0.482383] (slam_toolbox) StdoutLine: {'line': b'-- Up-to-date symlink: /home/malik/controller-benchmarks/ros2/install/slam_toolbox/include//karto_sdk/Math.h\n'}
[0.482486] (slam_toolbox) StdoutLine: {'line': b'-- Up-to-date symlink: /home/malik/controller-benchmarks/ros2/install/slam_toolbox/include//karto_sdk/Types.h\n'}
[0.482540] (slam_toolbox) StdoutLine: {'line': b'-- Up-to-date symlink: /home/malik/controller-benchmarks/ros2/install/slam_toolbox/include//karto_sdk/nanoflann.hpp\n'}
[0.482590] (slam_toolbox) StdoutLine: {'line': b'-- Up-to-date symlink: /home/malik/controller-benchmarks/ros2/install/slam_toolbox/include//karto_sdk/nanoflann_adaptors.h\n'}
[0.482655] (slam_toolbox) StdoutLine: {'line': b'-- Up-to-date symlink: /home/malik/controller-benchmarks/ros2/install/slam_toolbox/share/ament_index/resource_index/rosidl_interfaces/slam_toolbox\n'}
[0.483619] (slam_toolbox) StdoutLine: {'line': b'-- Up-to-date symlink: /home/malik/controller-benchmarks/ros2/install/slam_toolbox/include/slam_toolbox/slam_toolbox/msg/detail/graph_edge__functions.h\n'}
[0.483823] (slam_toolbox) StdoutLine: {'line': b'-- Up-to-date symlink: /home/malik/controller-benchmarks/ros2/install/slam_toolbox/include/slam_toolbox/slam_toolbox/msg/detail/graph_edge__struct.h\n'}
[0.483985] (slam_toolbox) StdoutLine: {'line': b'-- Up-to-date symlink: /home/malik/controller-benchmarks/ros2/install/slam_toolbox/include/slam_toolbox/slam_toolbox/msg/detail/graph_edge__type_support.h\n'}
[0.484110] (slam_toolbox) StdoutLine: {'line': b'-- Up-to-date symlink: /home/malik/controller-benchmarks/ros2/install/slam_toolbox/include/slam_toolbox/slam_toolbox/msg/detail/graph_node__functions.h\n'}
[0.484342] (slam_toolbox) StdoutLine: {'line': b'-- Up-to-date symlink: /home/malik/controller-benchmarks/ros2/install/slam_toolbox/include/slam_toolbox/slam_toolbox/msg/detail/graph_node__struct.h\n'}
[0.484413] (slam_toolbox) StdoutLine: {'line': b'-- Up-to-date symlink: /home/malik/controller-benchmarks/ros2/install/slam_toolbox/include/slam_toolbox/slam_toolbox/msg/detail/graph_node__type_support.h\n'}
[0.484479] (slam_toolbox) StdoutLine: {'line': b'-- Up-to-date symlink: /home/malik/controller-benchmarks/ros2/install/slam_toolbox/include/slam_toolbox/slam_toolbox/msg/detail/localized_laser_scan__functions.h\n'}
[0.484530] (slam_toolbox) StdoutLine: {'line': b'-- Up-to-date symlink: /home/malik/controller-benchmarks/ros2/install/slam_toolbox/include/slam_toolbox/slam_toolbox/msg/detail/localized_laser_scan__struct.h\n'}
[0.484624] (slam_toolbox) StdoutLine: {'line': b'-- Up-to-date symlink: /home/malik/controller-benchmarks/ros2/install/slam_toolbox/include/slam_toolbox/slam_toolbox/msg/detail/localized_laser_scan__type_support.h\n'}
[0.484751] (slam_toolbox) StdoutLine: {'line': b'-- Up-to-date symlink: /home/malik/controller-benchmarks/ros2/install/slam_toolbox/include/slam_toolbox/slam_toolbox/msg/detail/loop_closure_event__functions.h\n'}
[0.484815] (slam_toolbox) StdoutLine: {'line': b'-- Up-to-date symlink: /home/malik/controller-benchmarks/ros2/install/slam_toolbox/include/slam_toolbox/slam_toolbox/msg/detail/loop_closure_event__struct.h\n'}
[0.484877] (slam_toolbox) StdoutLine: {'line': b'-- Up-to-date symlink: /home/malik/controller-benchmarks/ros2/install/slam_toolbox/include/slam_toolbox/slam_toolbox/msg/detail/loop_closure_event__type_support.h\n'}
[0.484954] (slam_toolbox) StdoutLine: {'line': b'-- Up-to-date symlink: /home/malik/controller-benchmarks/ros2/install/slam_toolbox/include/slam_toolbox/slam_toolbox/msg/detail/new_node_event__functions.h\n'}
[0.485035] (slam_toolbox) StdoutLine: {'line': b'-- Up-to-date symlink: /home/malik/controller-benchmarks/ros2/install/slam_toolbox/include/slam_toolbox/slam_toolbox/msg/detail/new_node_event__struct.h\n'}
[0.485219] (slam_toolbox) StdoutLine: {'line': b'-- Up-to-date symlink: /home/malik/controller-benchmarks/ros2/install/slam_toolbox/include/slam_toolbox/slam_toolbox/msg/detail/new_node_event__type_support.h\n'}
[0.485291] (slam_toolbox) StdoutLine: {'line': b'-- Up-to-date symlink: /home/malik/controller-benchmarks/ros2/install/slam_toolbox/include/slam_toolbox/slam_toolbox/msg/detail/pose_graph__functions.h\n'}
[0.485358] (slam_toolbox) StdoutLine: {'line': b'-- Up-to-date symlink: /home/malik/controller-benchmarks/ros2/install/slam_toolbox/include/slam_toolbox/slam_toolbox/msg/detail/pose_graph__struct.h\n'}
[0.485420] (slam_toolbox) StdoutLine: {'line': b'-- Up-to-date symlink: /home/malik/controller-benchmarks/ros2/install/slam_toolbox/include/slam_toolbox/slam_toolbox/msg/detail/pose_graph__type_support.h\n'}
[0.485469] (slam_toolbox) StdoutLine: {'line': b'-- Up-to-date symlink: /home/malik/controller-benchmarks/ros2/install/slam_toolbox/include/slam_toolbox/slam_toolbox/msg/graph_edge.h\n'}
[0.485532] (slam_toolbox) StdoutLine: {'line': b'-- Up-to-date symlink: /home/malik/controller-benchmarks/ros2/install/slam_toolbox/include/slam_toolbox/slam_toolbox/msg/graph_node.h\n'}
[0.485594] (slam_toolbox) StdoutLine: {'line': b'-- Up-to-date symlink: /home/malik/controller-benchmarks/ros2/install/slam_toolbox/include/slam_toolbox/slam_toolbox/msg/localized_laser_scan.h\n'}
[0.485667] (slam_toolbox) StdoutLine: {'line': b'-- Up-to-date symlink: /home/malik/controller-benchmarks/ros2/install/slam_toolbox/include/slam_toolbox/slam_toolbox/msg/loop_closure_event.h\n'}
[0.485724] (slam_toolbox) StdoutLine: {'line': b'-- Up-to-date symlink: /home/malik/controller-benchmarks/ros2/install/slam_toolbox/include/slam_toolbox/slam_toolbox/msg/new_node_event.h\n'}
[0.485785] (slam_toolbox) StdoutLine: {'line': b'-- Up-to-date symlink: /home/malik/controller-benchmarks/ros2/install/slam_toolbox/include/slam_toolbox/slam_toolbox/msg/pose_graph.h\n'}
[0.485835] (slam_toolbox) StdoutLine: {'line': b'-- Up-to-date symlink: /home/malik/controller-benchmarks/ros2/install/slam_toolbox/include/slam_toolbox/slam_toolbox/msg/rosidl_generator_c__visibility_control.h\n'}
[0.485925] (slam_toolbox) StdoutLine: {'line': b'-- Up-to-date symlink: /home/malik/controller-benchmarks/ros2/install/slam_toolbox/include/slam_toolbox/slam_toolbox/srv/add_submap.h\n'}
[0.485973] (slam_toolbox) StdoutLine: {'line': b'-- Up-to-date symlink: /home/malik/controller-benchmarks/ros2/install/slam_toolbox/include/slam_toolbox/slam_toolbox/srv/clear.h\n'}
[0.486021] (slam_toolbox) StdoutLine: {'line': b'-- Up-to-date symlink: /home/malik/controller-benchmarks/ros2/install/slam_toolbox/include/slam_toolbox/slam_toolbox/srv/clear_queue.h\n'}
[0.486092] (slam_toolbox) StdoutLine: {'line': b'-- Up-to-date symlink: /home/malik/controller-benchmarks/ros2/install/slam_toolbox/include/slam_toolbox/slam_toolbox/srv/deserialize_pose_graph.h\n'}
[0.486156] (slam_toolbox) StdoutLine: {'line': b'-- Up-to-date symlink: /home/malik/controller-benchmarks/ros2/install/slam_toolbox/include/slam_toolbox/slam_toolbox/srv/detail/add_submap__functions.h\n'}
[0.486206] (slam_toolbox) StdoutLine: {'line': b'-- Up-to-date symlink: /home/malik/controller-benchmarks/ros2/install/slam_toolbox/include/slam_toolbox/slam_toolbox/srv/detail/add_submap__struct.h\n'}
[0.486254] (slam_toolbox) StdoutLine: {'line': b'-- Up-to-date symlink: /home/malik/controller-benchmarks/ros2/install/slam_toolbox/include/slam_toolbox/slam_toolbox/srv/detail/add_submap__type_support.h\n'}
[0.486327] (slam_toolbox) StdoutLine: {'line': b'-- Up-to-date symlink: /home/malik/controller-benchmarks/ros2/install/slam_toolbox/include/slam_toolbox/slam_toolbox/srv/detail/clear__functions.h\n'}
[0.486423] (slam_toolbox) StdoutLine: {'line': b'-- Up-to-date symlink: /home/malik/controller-benchmarks/ros2/install/slam_toolbox/include/slam_toolbox/slam_toolbox/srv/detail/clear__struct.h\n'}
[0.486485] (slam_toolbox) StdoutLine: {'line': b'-- Up-to-date symlink: /home/malik/controller-benchmarks/ros2/install/slam_toolbox/include/slam_toolbox/slam_toolbox/srv/detail/clear__type_support.h\n'}
[0.486545] (slam_toolbox) StdoutLine: {'line': b'-- Up-to-date symlink: /home/malik/controller-benchmarks/ros2/install/slam_toolbox/include/slam_toolbox/slam_toolbox/srv/detail/clear_queue__functions.h\n'}
[0.486610] (slam_toolbox) StdoutLine: {'line': b'-- Up-to-date symlink: /home/malik/controller-benchmarks/ros2/install/slam_toolbox/include/slam_toolbox/slam_toolbox/srv/detail/clear_queue__struct.h\n'}
[0.486657] (slam_toolbox) StdoutLine: {'line': b'-- Up-to-date symlink: /home/malik/controller-benchmarks/ros2/install/slam_toolbox/include/slam_toolbox/slam_toolbox/srv/detail/clear_queue__type_support.h\n'}
[0.486718] (slam_toolbox) StdoutLine: {'line': b'-- Up-to-date symlink: /home/malik/controller-benchmarks/ros2/install/slam_toolbox/include/slam_toolbox/slam_toolbox/srv/detail/deserialize_pose_graph__functions.h\n'}
[0.486833] (slam_toolbox) StdoutLine: {'line': b'-- Up-to-date symlink: /home/malik/controller-benchmarks/ros2/install/slam_toolbox/include/slam_toolbox/slam_toolbox/srv/detail/deserialize_pose_graph__struct.h\n'}
[0.486896] (slam_toolbox) StdoutLine: {'line': b'-- Up-to-date symlink: /home/malik/controller-benchmarks/ros2/install/slam_toolbox/include/slam_toolbox/slam_toolbox/srv/detail/deserialize_pose_graph__type_support.h\n'}
[0.486961] (slam_toolbox) StdoutLine: {'line': b'-- Up-to-date symlink: /home/malik/controller-benchmarks/ros2/install/slam_toolbox/include/slam_toolbox/slam_toolbox/srv/detail/loop_closure__functions.h\n'}
[0.487026] (slam_toolbox) StdoutLine: {'line': b'-- Up-to-date symlink: /home/malik/controller-benchmarks/ros2/install/slam_toolbox/include/slam_toolbox/slam_toolbox/srv/detail/loop_closure__struct.h\n'}
[0.487094] (slam_toolbox) StdoutLine: {'line': b'-- Up-to-date symlink: /home/malik/controller-benchmarks/ros2/install/slam_toolbox/include/slam_toolbox/slam_toolbox/srv/detail/loop_closure__type_support.h\n'}
[0.487465] (slam_toolbox) StdoutLine: {'line': b'-- Up-to-date symlink: /home/malik/controller-benchmarks/ros2/install/slam_toolbox/include/slam_toolbox/slam_toolbox/srv/detail/merge_maps__functions.h\n'}
[0.487619] (slam_toolbox) StdoutLine: {'line': b'-- Up-to-date symlink: /home/malik/controller-benchmarks/ros2/install/slam_toolbox/include/slam_toolbox/slam_toolbox/srv/detail/merge_maps__struct.h\n'}
[0.487682] (slam_toolbox) StdoutLine: {'line': b'-- Up-to-date symlink: /home/malik/controller-benchmarks/ros2/install/slam_toolbox/include/slam_toolbox/slam_toolbox/srv/detail/merge_maps__type_support.h\n'}
[0.487765] (slam_toolbox) StdoutLine: {'line': b'-- Up-to-date symlink: /home/malik/controller-benchmarks/ros2/install/slam_toolbox/include/slam_toolbox/slam_toolbox/srv/detail/pause__functions.h\n'}
[0.487861] (slam_toolbox) StdoutLine: {'line': b'-- Up-to-date symlink: /home/malik/controller-benchmarks/ros2/install/slam_toolbox/include/slam_toolbox/slam_toolbox/srv/detail/pause__struct.h\n'}
[0.487911] (slam_toolbox) StdoutLine: {'line': b'-- Up-to-date symlink: /home/malik/controller-benchmarks/ros2/install/slam_toolbox/include/slam_toolbox/slam_toolbox/srv/detail/pause__type_support.h\n'}
[0.487985] (slam_toolbox) StdoutLine: {'line': b'-- Up-to-date symlink: /home/malik/controller-benchmarks/ros2/install/slam_toolbox/include/slam_toolbox/slam_toolbox/srv/detail/reset__functions.h\n'}
[0.488048] (slam_toolbox) StdoutLine: {'line': b'-- Up-to-date symlink: /home/malik/controller-benchmarks/ros2/install/slam_toolbox/include/slam_toolbox/slam_toolbox/srv/detail/reset__struct.h\n'}
[0.488117] (slam_toolbox) StdoutLine: {'line': b'-- Up-to-date symlink: /home/malik/controller-benchmarks/ros2/install/slam_toolbox/include/slam_toolbox/slam_toolbox/srv/detail/reset__type_support.h\n'}
[0.488212] (slam_toolbox) StdoutLine: {'line': b'-- Up-to-date symlink: /home/malik/controller-benchmarks/ros2/install/slam_toolbox/include/slam_toolbox/slam_toolbox/srv/detail/save_map__functions.h\n'}
[0.488278] (slam_toolbox) StdoutLine: {'line': b'-- Up-to-date symlink: /home/malik/controller-benchmarks/ros2/install/slam_toolbox/include/slam_toolbox/slam_toolbox/srv/detail/save_map__struct.h\n'}
[0.488327] (slam_toolbox) StdoutLine: {'line': b'-- Up-to-date symlink: /home/malik/controller-benchmarks/ros2/install/slam_toolbox/include/slam_toolbox/slam_toolbox/srv/detail/save_map__type_support.h\n'}
[0.488390] (slam_toolbox) StdoutLine: {'line': b'-- Up-to-date symlink: /home/malik/controller-benchmarks/ros2/install/slam_toolbox/include/slam_toolbox/slam_toolbox/srv/detail/serialize_pose_graph__functions.h\n'}
[0.488453] (slam_toolbox) StdoutLine: {'line': b'-- Up-to-date symlink: /home/malik/controller-benchmarks/ros2/install/slam_toolbox/include/slam_toolbox/slam_toolbox/srv/detail/serialize_pose_graph__struct.h\n'}
[0.488525] (slam_toolbox) StdoutLine: {'line': b'-- Up-to-date symlink: /home/malik/controller-benchmarks/ros2/install/slam_toolbox/include/slam_toolbox/slam_toolbox/srv/detail/serialize_pose_graph__type_support.h\n'}
[0.488602] (slam_toolbox) StdoutLine: {'line': b'-- Up-to-date symlink: /home/malik/controller-benchmarks/ros2/install/slam_toolbox/include/slam_toolbox/slam_toolbox/srv/detail/toggle_interactive__functions.h\n'}
[0.488684] (slam_toolbox) StdoutLine: {'line': b'-- Up-to-date symlink: /home/malik/controller-benchmarks/ros2/install/slam_toolbox/include/slam_toolbox/slam_toolbox/srv/detail/toggle_interactive__struct.h\n'}
[0.488761] (slam_toolbox) StdoutLine: {'line': b'-- Up-to-date symlink: /home/malik/controller-benchmarks/ros2/install/slam_toolbox/include/slam_toolbox/slam_toolbox/srv/detail/toggle_interactive__type_support.h\n'}
[0.489297] (slam_toolbox) StdoutLine: {'line': b'-- Up-to-date symlink: /home/malik/controller-benchmarks/ros2/install/slam_toolbox/include/slam_toolbox/slam_toolbox/srv/loop_closure.h\n'}
[0.489478] (slam_toolbox) StdoutLine: {'line': b'-- Up-to-date symlink: /home/malik/controller-benchmarks/ros2/install/slam_toolbox/include/slam_toolbox/slam_toolbox/srv/merge_maps.h\n'}
[0.489544] (slam_toolbox) StdoutLine: {'line': b'-- Up-to-date symlink: /home/malik/controller-benchmarks/ros2/install/slam_toolbox/include/slam_toolbox/slam_toolbox/srv/pause.h\n'}
[0.489928] (slam_toolbox) StdoutLine: {'line': b'-- Up-to-date symlink: /home/malik/controller-benchmarks/ros2/install/slam_toolbox/include/slam_toolbox/slam_toolbox/srv/reset.h\n'}
[0.489986] (slam_toolbox) StdoutLine: {'line': b'-- Up-to-date symlink: /home/malik/controller-benchmarks/ros2/install/slam_toolbox/include/slam_toolbox/slam_toolbox/srv/save_map.h\n'}
[0.490034] (slam_toolbox) StdoutLine: {'line': b'-- Up-to-date symlink: /home/malik/controller-benchmarks/ros2/install/slam_toolbox/include/slam_toolbox/slam_toolbox/srv/serialize_pose_graph.h\n'}
[0.490085] (slam_toolbox) StdoutLine: {'line': b'-- Up-to-date symlink: /home/malik/controller-benchmarks/ros2/install/slam_toolbox/include/slam_toolbox/slam_toolbox/srv/toggle_interactive.h\n'}
[0.490140] (slam_toolbox) StdoutLine: {'line': b'-- Up-to-date symlink: /home/malik/controller-benchmarks/ros2/install/slam_toolbox/share/slam_toolbox/environment/library_path.sh\n'}
[0.490191] (slam_toolbox) StdoutLine: {'line': b'-- Up-to-date symlink: /home/malik/controller-benchmarks/ros2/install/slam_toolbox/share/slam_toolbox/environment/library_path.dsv\n'}
[0.490553] (slam_toolbox) StdoutLine: {'line': b'-- Up-to-date symlink: /home/malik/controller-benchmarks/ros2/install/slam_toolbox/include/slam_toolbox/slam_toolbox/msg/detail/graph_edge__rosidl_typesupport_fastrtps_c.h\n'}
[0.490771] (slam_toolbox) StdoutLine: {'line': b'-- Up-to-date symlink: /home/malik/controller-benchmarks/ros2/install/slam_toolbox/include/slam_toolbox/slam_toolbox/msg/detail/graph_node__rosidl_typesupport_fastrtps_c.h\n'}
[0.490949] (slam_toolbox) StdoutLine: {'line': b'-- Up-to-date symlink: /home/malik/controller-benchmarks/ros2/install/slam_toolbox/include/slam_toolbox/slam_toolbox/msg/detail/localized_laser_scan__rosidl_typesupport_fastrtps_c.h\n'}
[0.491035] (slam_toolbox) StdoutLine: {'line': b'-- Up-to-date symlink: /home/malik/controller-benchmarks/ros2/install/slam_toolbox/include/slam_toolbox/slam_toolbox/msg/detail/loop_closure_event__rosidl_typesupport_fastrtps_c.h\n'}
[0.491088] (slam_toolbox) StdoutLine: {'line': b'-- Up-to-date symlink: /home/malik/controller-benchmarks/ros2/install/slam_toolbox/include/slam_toolbox/slam_toolbox/msg/detail/new_node_event__rosidl_typesupport_fastrtps_c.h\n'}
[0.491168] (slam_toolbox) StdoutLine: {'line': b'-- Up-to-date symlink: /home/malik/controller-benchmarks/ros2/install/slam_toolbox/include/slam_toolbox/slam_toolbox/msg/detail/pose_graph__rosidl_typesupport_fastrtps_c.h\n'}
[0.491244] (slam_toolbox) StdoutLine: {'line': b'-- Up-to-date symlink: /home/malik/controller-benchmarks/ros2/install/slam_toolbox/include/slam_toolbox/slam_toolbox/msg/rosidl_typesupport_fastrtps_c__visibility_control.h\n'}
[0.491293] (slam_toolbox) StdoutLine: {'line': b'-- Up-to-date symlink: /home/malik/controller-benchmarks/ros2/install/slam_toolbox/include/slam_toolbox/slam_toolbox/srv/detail/add_submap__rosidl_typesupport_fastrtps_c.h\n'}
[0.491420] (slam_toolbox) StdoutLine: {'line': b'-- Up-to-date symlink: /home/malik/controller-benchmarks/ros2/install/slam_toolbox/include/slam_toolbox/slam_toolbox/srv/detail/clear__rosidl_typesupport_fastrtps_c.h\n'}
[0.491562] (slam_toolbox) StdoutLine: {'line': b'-- Up-to-date symlink: /home/malik/controller-benchmarks/ros2/install/slam_toolbox/include/slam_toolbox/slam_toolbox/srv/detail/clear_queue__rosidl_typesupport_fastrtps_c.h\n'}
[0.491663] (slam_toolbox) StdoutLine: {'line': b'-- Up-to-date symlink: /home/malik/controller-benchmarks/ros2/install/slam_toolbox/include/slam_toolbox/slam_toolbox/srv/detail/deserialize_pose_graph__rosidl_typesupport_fastrtps_c.h\n'}
[0.491740] (slam_toolbox) StdoutLine: {'line': b'-- Up-to-date symlink: /home/malik/controller-benchmarks/ros2/install/slam_toolbox/include/slam_toolbox/slam_toolbox/srv/detail/loop_closure__rosidl_typesupport_fastrtps_c.h\n'}
[0.491801] (slam_toolbox) StdoutLine: {'line': b'-- Up-to-date symlink: /home/malik/controller-benchmarks/ros2/install/slam_toolbox/include/slam_toolbox/slam_toolbox/srv/detail/merge_maps__rosidl_typesupport_fastrtps_c.h\n'}
[0.491856] (slam_toolbox) StdoutLine: {'line': b'-- Up-to-date symlink: /home/malik/controller-benchmarks/ros2/install/slam_toolbox/include/slam_toolbox/slam_toolbox/srv/detail/pause__rosidl_typesupport_fastrtps_c.h\n'}
[0.491922] (slam_toolbox) StdoutLine: {'line': b'-- Up-to-date symlink: /home/malik/controller-benchmarks/ros2/install/slam_toolbox/include/slam_toolbox/slam_toolbox/srv/detail/reset__rosidl_typesupport_fastrtps_c.h\n'}
[0.491972] (slam_toolbox) StdoutLine: {'line': b'-- Up-to-date symlink: /home/malik/controller-benchmarks/ros2/install/slam_toolbox/include/slam_toolbox/slam_toolbox/srv/detail/save_map__rosidl_typesupport_fastrtps_c.h\n'}
[0.492026] (slam_toolbox) StdoutLine: {'line': b'-- Up-to-date symlink: /home/malik/controller-benchmarks/ros2/install/slam_toolbox/include/slam_toolbox/slam_toolbox/srv/detail/serialize_pose_graph__rosidl_typesupport_fastrtps_c.h\n'}
[0.492108] (slam_toolbox) StdoutLine: {'line': b'-- Up-to-date symlink: /home/malik/controller-benchmarks/ros2/install/slam_toolbox/include/slam_toolbox/slam_toolbox/srv/detail/toggle_interactive__rosidl_typesupport_fastrtps_c.h\n'}
[0.492971] (slam_toolbox) StdoutLine: {'line': b'-- Up-to-date symlink: /home/malik/controller-benchmarks/ros2/install/slam_toolbox/include/slam_toolbox/slam_toolbox/msg/detail/graph_edge__builder.hpp\n'}
[0.493065] (slam_toolbox) StdoutLine: {'line': b'-- Up-to-date symlink: /home/malik/controller-benchmarks/ros2/install/slam_toolbox/include/slam_toolbox/slam_toolbox/msg/detail/graph_edge__struct.hpp\n'}
[0.493134] (slam_toolbox) StdoutLine: {'line': b'-- Up-to-date symlink: /home/malik/controller-benchmarks/ros2/install/slam_toolbox/include/slam_toolbox/slam_toolbox/msg/detail/graph_edge__traits.hpp\n'}
[0.493216] (slam_toolbox) StdoutLine: {'line': b'-- Up-to-date symlink: /home/malik/controller-benchmarks/ros2/install/slam_toolbox/include/slam_toolbox/slam_toolbox/msg/detail/graph_edge__type_support.hpp\n'}
[0.493278] (slam_toolbox) StdoutLine: {'line': b'-- Up-to-date symlink: /home/malik/controller-benchmarks/ros2/install/slam_toolbox/include/slam_toolbox/slam_toolbox/msg/detail/graph_node__builder.hpp\n'}
[0.493337] (slam_toolbox) StdoutLine: {'line': b'-- Up-to-date symlink: /home/malik/controller-benchmarks/ros2/install/slam_toolbox/include/slam_toolbox/slam_toolbox/msg/detail/graph_node__struct.hpp\n'}
[0.493437] (slam_toolbox) StdoutLine: {'line': b'-- Up-to-date symlink: /home/malik/controller-benchmarks/ros2/install/slam_toolbox/include/slam_toolbox/slam_toolbox/msg/detail/graph_node__traits.hpp\n'}
[0.493496] (slam_toolbox) StdoutLine: {'line': b'-- Up-to-date symlink: /home/malik/controller-benchmarks/ros2/install/slam_toolbox/include/slam_toolbox/slam_toolbox/msg/detail/graph_node__type_support.hpp\n'}
[0.493563] (slam_toolbox) StdoutLine: {'line': b'-- Up-to-date symlink: /home/malik/controller-benchmarks/ros2/install/slam_toolbox/include/slam_toolbox/slam_toolbox/msg/detail/localized_laser_scan__builder.hpp\n'}
[0.493638] (slam_toolbox) StdoutLine: {'line': b'-- Up-to-date symlink: /home/malik/controller-benchmarks/ros2/install/slam_toolbox/include/slam_toolbox/slam_toolbox/msg/detail/localized_laser_scan__struct.hpp\n'}
[0.493707] (slam_toolbox) StdoutLine: {'line': b'-- Up-to-date symlink: /home/malik/controller-benchmarks/ros2/install/slam_toolbox/include/slam_toolbox/slam_toolbox/msg/detail/localized_laser_scan__traits.hpp\n'}
[0.493831] (slam_toolbox) StdoutLine: {'line': b'-- Up-to-date symlink: /home/malik/controller-benchmarks/ros2/install/slam_toolbox/include/slam_toolbox/slam_toolbox/msg/detail/localized_laser_scan__type_support.hpp\n'}
[0.493881] (slam_toolbox) StdoutLine: {'line': b'-- Up-to-date symlink: /home/malik/controller-benchmarks/ros2/install/slam_toolbox/include/slam_toolbox/slam_toolbox/msg/detail/loop_closure_event__builder.hpp\n'}
[0.493953] (slam_toolbox) StdoutLine: {'line': b'-- Up-to-date symlink: /home/malik/controller-benchmarks/ros2/install/slam_toolbox/include/slam_toolbox/slam_toolbox/msg/detail/loop_closure_event__struct.hpp\n'}
[0.494017] (slam_toolbox) StdoutLine: {'line': b'-- Up-to-date symlink: /home/malik/controller-benchmarks/ros2/install/slam_toolbox/include/slam_toolbox/slam_toolbox/msg/detail/loop_closure_event__traits.hpp\n'}
[0.494079] (slam_toolbox) StdoutLine: {'line': b'-- Up-to-date symlink: /home/malik/controller-benchmarks/ros2/install/slam_toolbox/include/slam_toolbox/slam_toolbox/msg/detail/loop_closure_event__type_support.hpp\n'}
[0.494146] (slam_toolbox) StdoutLine: {'line': b'-- Up-to-date symlink: /home/malik/controller-benchmarks/ros2/install/slam_toolbox/include/slam_toolbox/slam_toolbox/msg/detail/new_node_event__builder.hpp\n'}
[0.494224] (slam_toolbox) StdoutLine: {'line': b'-- Up-to-date symlink: /home/malik/controller-benchmarks/ros2/install/slam_toolbox/include/slam_toolbox/slam_toolbox/msg/detail/new_node_event__struct.hpp\n'}
[0.494336] (slam_toolbox) StdoutLine: {'line': b'-- Up-to-date symlink: /home/malik/controller-benchmarks/ros2/install/slam_toolbox/include/slam_toolbox/slam_toolbox/msg/detail/new_node_event__traits.hpp\n'}
[0.494416] (slam_toolbox) StdoutLine: {'line': b'-- Up-to-date symlink: /home/malik/controller-benchmarks/ros2/install/slam_toolbox/include/slam_toolbox/slam_toolbox/msg/detail/new_node_event__type_support.hpp\n'}
[0.494477] (slam_toolbox) StdoutLine: {'line': b'-- Up-to-date symlink: /home/malik/controller-benchmarks/ros2/install/slam_toolbox/include/slam_toolbox/slam_toolbox/msg/detail/pose_graph__builder.hpp\n'}
[0.494553] (slam_toolbox) StdoutLine: {'line': b'-- Up-to-date symlink: /home/malik/controller-benchmarks/ros2/install/slam_toolbox/include/slam_toolbox/slam_toolbox/msg/detail/pose_graph__struct.hpp\n'}
[0.494627] (slam_toolbox) StdoutLine: {'line': b'-- Up-to-date symlink: /home/malik/controller-benchmarks/ros2/install/slam_toolbox/include/slam_toolbox/slam_toolbox/msg/detail/pose_graph__traits.hpp\n'}
[0.494692] (slam_toolbox) StdoutLine: {'line': b'-- Up-to-date symlink: /home/malik/controller-benchmarks/ros2/install/slam_toolbox/include/slam_toolbox/slam_toolbox/msg/detail/pose_graph__type_support.hpp\n'}
[0.494791] (slam_toolbox) StdoutLine: {'line': b'-- Up-to-date symlink: /home/malik/controller-benchmarks/ros2/install/slam_toolbox/include/slam_toolbox/slam_toolbox/msg/graph_edge.hpp\n'}
[0.494862] (slam_toolbox) StdoutLine: {'line': b'-- Up-to-date symlink: /home/malik/controller-benchmarks/ros2/install/slam_toolbox/include/slam_toolbox/slam_toolbox/msg/graph_node.hpp\n'}
[0.494929] (slam_toolbox) StdoutLine: {'line': b'-- Up-to-date symlink: /home/malik/controller-benchmarks/ros2/install/slam_toolbox/include/slam_toolbox/slam_toolbox/msg/localized_laser_scan.hpp\n'}
[0.494993] (slam_toolbox) StdoutLine: {'line': b'-- Up-to-date symlink: /home/malik/controller-benchmarks/ros2/install/slam_toolbox/include/slam_toolbox/slam_toolbox/msg/loop_closure_event.hpp\n'}
[0.495055] (slam_toolbox) StdoutLine: {'line': b'-- Up-to-date symlink: /home/malik/controller-benchmarks/ros2/install/slam_toolbox/include/slam_toolbox/slam_toolbox/msg/new_node_event.hpp\n'}
[0.495131] (slam_toolbox) StdoutLine: {'line': b'-- Up-to-date symlink: /home/malik/controller-benchmarks/ros2/install/slam_toolbox/include/slam_toolbox/slam_toolbox/msg/pose_graph.hpp\n'}
[0.495246] (slam_toolbox) StdoutLine: {'line': b'-- Up-to-date symlink: /home/malik/controller-benchmarks/ros2/install/slam_toolbox/include/slam_toolbox/slam_toolbox/msg/rosidl_generator_cpp__visibility_control.hpp\n'}
[0.495317] (slam_toolbox) StdoutLine: {'line': b'-- Up-to-date symlink: /home/malik/controller-benchmarks/ros2/install/slam_toolbox/include/slam_toolbox/slam_toolbox/srv/add_submap.hpp\n'}
[0.495418] (slam_toolbox) StdoutLine: {'line': b'-- Up-to-date symlink: /home/malik/controller-benchmarks/ros2/install/slam_toolbox/include/slam_toolbox/slam_toolbox/srv/clear.hpp\n'}
[0.495497] (slam_toolbox) StdoutLine: {'line': b'-- Up-to-date symlink: /home/malik/controller-benchmarks/ros2/install/slam_toolbox/include/slam_toolbox/slam_toolbox/srv/clear_queue.hpp\n'}
[0.495562] (slam_toolbox) StdoutLine: {'line': b'-- Up-to-date symlink: /home/malik/controller-benchmarks/ros2/install/slam_toolbox/include/slam_toolbox/slam_toolbox/srv/deserialize_pose_graph.hpp\n'}
[0.495621] (slam_toolbox) StdoutLine: {'line': b'-- Up-to-date symlink: /home/malik/controller-benchmarks/ros2/install/slam_toolbox/include/slam_toolbox/slam_toolbox/srv/detail/add_submap__builder.hpp\n'}
[0.495680] (slam_toolbox) StdoutLine: {'line': b'-- Up-to-date symlink: /home/malik/controller-benchmarks/ros2/install/slam_toolbox/include/slam_toolbox/slam_toolbox/srv/detail/add_submap__struct.hpp\n'}
[0.495742] (slam_toolbox) StdoutLine: {'line': b'-- Up-to-date symlink: /home/malik/controller-benchmarks/ros2/install/slam_toolbox/include/slam_toolbox/slam_toolbox/srv/detail/add_submap__traits.hpp\n'}
[0.495803] (slam_toolbox) StdoutLine: {'line': b'-- Up-to-date symlink: /home/malik/controller-benchmarks/ros2/install/slam_toolbox/include/slam_toolbox/slam_toolbox/srv/detail/add_submap__type_support.hpp\n'}
[0.495886] (slam_toolbox) StdoutLine: {'line': b'-- Up-to-date symlink: /home/malik/controller-benchmarks/ros2/install/slam_toolbox/include/slam_toolbox/slam_toolbox/srv/detail/clear__builder.hpp\n'}
[0.495966] (slam_toolbox) StdoutLine: {'line': b'-- Up-to-date symlink: /home/malik/controller-benchmarks/ros2/install/slam_toolbox/include/slam_toolbox/slam_toolbox/srv/detail/clear__struct.hpp\n'}
[0.496039] (slam_toolbox) StdoutLine: {'line': b'-- Up-to-date symlink: /home/malik/controller-benchmarks/ros2/install/slam_toolbox/include/slam_toolbox/slam_toolbox/srv/detail/clear__traits.hpp\n'}
[0.496103] (slam_toolbox) StdoutLine: {'line': b'-- Up-to-date symlink: /home/malik/controller-benchmarks/ros2/install/slam_toolbox/include/slam_toolbox/slam_toolbox/srv/detail/clear__type_support.hpp\n'}
[0.496221] (slam_toolbox) StdoutLine: {'line': b'-- Up-to-date symlink: /home/malik/controller-benchmarks/ros2/install/slam_toolbox/include/slam_toolbox/slam_toolbox/srv/detail/clear_queue__builder.hpp\n'}
[0.496297] (slam_toolbox) StdoutLine: {'line': b'-- Up-to-date symlink: /home/malik/controller-benchmarks/ros2/install/slam_toolbox/include/slam_toolbox/slam_toolbox/srv/detail/clear_queue__struct.hpp\n'}
[0.496361] (slam_toolbox) StdoutLine: {'line': b'-- Up-to-date symlink: /home/malik/controller-benchmarks/ros2/install/slam_toolbox/include/slam_toolbox/slam_toolbox/srv/detail/clear_queue__traits.hpp\n'}
[0.496428] (slam_toolbox) StdoutLine: {'line': b'-- Up-to-date symlink: /home/malik/controller-benchmarks/ros2/install/slam_toolbox/include/slam_toolbox/slam_toolbox/srv/detail/clear_queue__type_support.hpp\n'}
[0.496563] (slam_toolbox) StdoutLine: {'line': b'-- Up-to-date symlink: /home/malik/controller-benchmarks/ros2/install/slam_toolbox/include/slam_toolbox/slam_toolbox/srv/detail/deserialize_pose_graph__builder.hpp\n'}
[0.496623] (slam_toolbox) StdoutLine: {'line': b'-- Up-to-date symlink: /home/malik/controller-benchmarks/ros2/install/slam_toolbox/include/slam_toolbox/slam_toolbox/srv/detail/deserialize_pose_graph__struct.hpp\n'}
[0.496682] (slam_toolbox) StdoutLine: {'line': b'-- Up-to-date symlink: /home/malik/controller-benchmarks/ros2/install/slam_toolbox/include/slam_toolbox/slam_toolbox/srv/detail/deserialize_pose_graph__traits.hpp\n'}
[0.496739] (slam_toolbox) StdoutLine: {'line': b'-- Up-to-date symlink: /home/malik/controller-benchmarks/ros2/install/slam_toolbox/include/slam_toolbox/slam_toolbox/srv/detail/deserialize_pose_graph__type_support.hpp\n'}
[0.496835] (slam_toolbox) StdoutLine: {'line': b'-- Up-to-date symlink: /home/malik/controller-benchmarks/ros2/install/slam_toolbox/include/slam_toolbox/slam_toolbox/srv/detail/loop_closure__builder.hpp\n'}
[0.496926] (slam_toolbox) StdoutLine: {'line': b'-- Up-to-date symlink: /home/malik/controller-benchmarks/ros2/install/slam_toolbox/include/slam_toolbox/slam_toolbox/srv/detail/loop_closure__struct.hpp\n'}
[0.496995] (slam_toolbox) StdoutLine: {'line': b'-- Up-to-date symlink: /home/malik/controller-benchmarks/ros2/install/slam_toolbox/include/slam_toolbox/slam_toolbox/srv/detail/loop_closure__traits.hpp\n'}
[0.497059] (slam_toolbox) StdoutLine: {'line': b'-- Up-to-date symlink: /home/malik/controller-benchmarks/ros2/install/slam_toolbox/include/slam_toolbox/slam_toolbox/srv/detail/loop_closure__type_support.hpp\n'}
[0.497115] (slam_toolbox) StdoutLine: {'line': b'-- Up-to-date symlink: /home/malik/controller-benchmarks/ros2/install/slam_toolbox/include/slam_toolbox/slam_toolbox/srv/detail/merge_maps__builder.hpp\n'}
[0.497222] (slam_toolbox) StdoutLine: {'line': b'-- Up-to-date symlink: /home/malik/controller-benchmarks/ros2/install/slam_toolbox/include/slam_toolbox/slam_toolbox/srv/detail/merge_maps__struct.hpp\n'}
[0.497290] (slam_toolbox) StdoutLine: {'line': b'-- Up-to-date symlink: /home/malik/controller-benchmarks/ros2/install/slam_toolbox/include/slam_toolbox/slam_toolbox/srv/detail/merge_maps__traits.hpp\n'}
[0.497430] (slam_toolbox) StdoutLine: {'line': b'-- Up-to-date symlink: /home/malik/controller-benchmarks/ros2/install/slam_toolbox/include/slam_toolbox/slam_toolbox/srv/detail/merge_maps__type_support.hpp\n'}
[0.497483] (slam_toolbox) StdoutLine: {'line': b'-- Up-to-date symlink: /home/malik/controller-benchmarks/ros2/install/slam_toolbox/include/slam_toolbox/slam_toolbox/srv/detail/pause__builder.hpp\n'}
[0.497548] (slam_toolbox) StdoutLine: {'line': b'-- Up-to-date symlink: /home/malik/controller-benchmarks/ros2/install/slam_toolbox/include/slam_toolbox/slam_toolbox/srv/detail/pause__struct.hpp\n'}
[0.497617] (slam_toolbox) StdoutLine: {'line': b'-- Up-to-date symlink: /home/malik/controller-benchmarks/ros2/install/slam_toolbox/include/slam_toolbox/slam_toolbox/srv/detail/pause__traits.hpp\n'}
[0.497679] (slam_toolbox) StdoutLine: {'line': b'-- Up-to-date symlink: /home/malik/controller-benchmarks/ros2/install/slam_toolbox/include/slam_toolbox/slam_toolbox/srv/detail/pause__type_support.hpp\n'}
[0.497740] (slam_toolbox) StdoutLine: {'line': b'-- Up-to-date symlink: /home/malik/controller-benchmarks/ros2/install/slam_toolbox/include/slam_toolbox/slam_toolbox/srv/detail/reset__builder.hpp\n'}
[0.497798] (slam_toolbox) StdoutLine: {'line': b'-- Up-to-date symlink: /home/malik/controller-benchmarks/ros2/install/slam_toolbox/include/slam_toolbox/slam_toolbox/srv/detail/reset__struct.hpp\n'}
[0.497859] (slam_toolbox) StdoutLine: {'line': b'-- Up-to-date symlink: /home/malik/controller-benchmarks/ros2/install/slam_toolbox/include/slam_toolbox/slam_toolbox/srv/detail/reset__traits.hpp\n'}
[0.497921] (slam_toolbox) StdoutLine: {'line': b'-- Up-to-date symlink: /home/malik/controller-benchmarks/ros2/install/slam_toolbox/include/slam_toolbox/slam_toolbox/srv/detail/reset__type_support.hpp\n'}
[0.497994] (slam_toolbox) StdoutLine: {'line': b'-- Up-to-date symlink: /home/malik/controller-benchmarks/ros2/install/slam_toolbox/include/slam_toolbox/slam_toolbox/srv/detail/save_map__builder.hpp\n'}
[0.498067] (slam_toolbox) StdoutLine: {'line': b'-- Up-to-date symlink: /home/malik/controller-benchmarks/ros2/install/slam_toolbox/include/slam_toolbox/slam_toolbox/srv/detail/save_map__struct.hpp\n'}
[0.498181] (slam_toolbox) StdoutLine: {'line': b'-- Up-to-date symlink: /home/malik/controller-benchmarks/ros2/install/slam_toolbox/include/slam_toolbox/slam_toolbox/srv/detail/save_map__traits.hpp\n'}
[0.498262] (slam_toolbox) StdoutLine: {'line': b'-- Up-to-date symlink: /home/malik/controller-benchmarks/ros2/install/slam_toolbox/include/slam_toolbox/slam_toolbox/srv/detail/save_map__type_support.hpp\n'}
[0.498338] (slam_toolbox) StdoutLine: {'line': b'-- Up-to-date symlink: /home/malik/controller-benchmarks/ros2/install/slam_toolbox/include/slam_toolbox/slam_toolbox/srv/detail/serialize_pose_graph__builder.hpp\n'}
[0.498448] (slam_toolbox) StdoutLine: {'line': b'-- Up-to-date symlink: /home/malik/controller-benchmarks/ros2/install/slam_toolbox/include/slam_toolbox/slam_toolbox/srv/detail/serialize_pose_graph__struct.hpp\n'}
[0.498515] (slam_toolbox) StdoutLine: {'line': b'-- Up-to-date symlink: /home/malik/controller-benchmarks/ros2/install/slam_toolbox/include/slam_toolbox/slam_toolbox/srv/detail/serialize_pose_graph__traits.hpp\n'}
[0.498622] (slam_toolbox) StdoutLine: {'line': b'-- Up-to-date symlink: /home/malik/controller-benchmarks/ros2/install/slam_toolbox/include/slam_toolbox/slam_toolbox/srv/detail/serialize_pose_graph__type_support.hpp\n'}
[0.498698] (slam_toolbox) StdoutLine: {'line': b'-- Up-to-date symlink: /home/malik/controller-benchmarks/ros2/install/slam_toolbox/include/slam_toolbox/slam_toolbox/srv/detail/toggle_interactive__builder.hpp\n'}
[0.498782] (slam_toolbox) StdoutLine: {'line': b'-- Up-to-date symlink: /home/malik/controller-benchmarks/ros2/install/slam_toolbox/include/slam_toolbox/slam_toolbox/srv/detail/toggle_interactive__struct.hpp\n'}
[0.498879] (slam_toolbox) StdoutLine: {'line': b'-- Up-to-date symlink: /home/malik/controller-benchmarks/ros2/install/slam_toolbox/include/slam_toolbox/slam_toolbox/srv/detail/toggle_interactive__traits.hpp\n'}
[0.498964] (slam_toolbox) StdoutLine: {'line': b'-- Up-to-date symlink: /home/malik/controller-benchmarks/ros2/install/slam_toolbox/include/slam_toolbox/slam_toolbox/srv/detail/toggle_interactive__type_support.hpp\n'}
[0.499049] (slam_toolbox) StdoutLine: {'line': b'-- Up-to-date symlink: /home/malik/controller-benchmarks/ros2/install/slam_toolbox/include/slam_toolbox/slam_toolbox/srv/loop_closure.hpp\n'}
[0.499112] (slam_toolbox) StdoutLine: {'line': b'-- Up-to-date symlink: /home/malik/controller-benchmarks/ros2/install/slam_toolbox/include/slam_toolbox/slam_toolbox/srv/merge_maps.hpp\n'}
[0.499192] (slam_toolbox) StdoutLine: {'line': b'-- Up-to-date symlink: /home/malik/controller-benchmarks/ros2/install/slam_toolbox/include/slam_toolbox/slam_toolbox/srv/pause.hpp\n'}
[0.499313] (slam_toolbox) StdoutLine: {'line': b'-- Up-to-date symlink: /home/malik/controller-benchmarks/ros2/install/slam_toolbox/include/slam_toolbox/slam_toolbox/srv/reset.hpp\n'}
[0.499374] (slam_toolbox) StdoutLine: {'line': b'-- Up-to-date symlink: /home/malik/controller-benchmarks/ros2/install/slam_toolbox/include/slam_toolbox/slam_toolbox/srv/save_map.hpp\n'}
[0.499430] (slam_toolbox) StdoutLine: {'line': b'-- Up-to-date symlink: /home/malik/controller-benchmarks/ros2/install/slam_toolbox/include/slam_toolbox/slam_toolbox/srv/serialize_pose_graph.hpp\n'}
[0.499503] (slam_toolbox) StdoutLine: {'line': b'-- Up-to-date symlink: /home/malik/controller-benchmarks/ros2/install/slam_toolbox/include/slam_toolbox/slam_toolbox/srv/toggle_interactive.hpp\n'}
[0.500272] (-) TimerEvent: {}
[0.500653] (slam_toolbox) StdoutLine: {'line': b'-- Up-to-date symlink: /home/malik/controller-benchmarks/ros2/install/slam_toolbox/include/slam_toolbox/slam_toolbox/msg/detail/graph_edge__rosidl_typesupport_fastrtps_cpp.hpp\n'}
[0.500815] (slam_toolbox) StdoutLine: {'line': b'-- Up-to-date symlink: /home/malik/controller-benchmarks/ros2/install/slam_toolbox/include/slam_toolbox/slam_toolbox/msg/detail/graph_node__rosidl_typesupport_fastrtps_cpp.hpp\n'}
[0.500908] (slam_toolbox) StdoutLine: {'line': b'-- Up-to-date symlink: /home/malik/controller-benchmarks/ros2/install/slam_toolbox/include/slam_toolbox/slam_toolbox/msg/detail/localized_laser_scan__rosidl_typesupport_fastrtps_cpp.hpp\n'}
[0.500959] (slam_toolbox) StdoutLine: {'line': b'-- Up-to-date symlink: /home/malik/controller-benchmarks/ros2/install/slam_toolbox/include/slam_toolbox/slam_toolbox/msg/detail/loop_closure_event__rosidl_typesupport_fastrtps_cpp.hpp\n'}
[0.501029] (slam_toolbox) StdoutLine: {'line': b'-- Up-to-date symlink: /home/malik/controller-benchmarks/ros2/install/slam_toolbox/include/slam_toolbox/slam_toolbox/msg/detail/new_node_event__rosidl_typesupport_fastrtps_cpp.hpp\n'}
[0.501079] (slam_toolbox) StdoutLine: {'line': b'-- Up-to-date symlink: /home/malik/controller-benchmarks/ros2/install/slam_toolbox/include/slam_toolbox/slam_toolbox/msg/detail/pose_graph__rosidl_typesupport_fastrtps_cpp.hpp\n'}
[0.501148] (slam_toolbox) StdoutLine: {'line': b'-- Up-to-date symlink: /home/malik/controller-benchmarks/ros2/install/slam_toolbox/include/slam_toolbox/slam_toolbox/msg/rosidl_typesupport_fastrtps_cpp__visibility_control.h\n'}
[0.501199] (slam_toolbox) StdoutLine: {'line': b'-- Up-to-date symlink: /home/malik/controller-benchmarks/ros2/install/slam_toolbox/include/slam_toolbox/slam_toolbox/srv/detail/add_submap__rosidl_typesupport_fastrtps_cpp.hpp\n'}
[0.501266] (slam_toolbox) StdoutLine: {'line': b'-- Up-to-date symlink: /home/malik/controller-benchmarks/ros2/install/slam_toolbox/include/slam_toolbox/slam_toolbox/srv/detail/clear__rosidl_typesupport_fastrtps_cpp.hpp\n'}
[0.501325] (slam_toolbox) StdoutLine: {'line': b'-- Up-to-date symlink: /home/malik/controller-benchmarks/ros2/install/slam_toolbox/include/slam_toolbox/slam_toolbox/srv/detail/clear_queue__rosidl_typesupport_fastrtps_cpp.hpp\n'}
[0.501385] (slam_toolbox) StdoutLine: {'line': b'-- Up-to-date symlink: /home/malik/controller-benchmarks/ros2/install/slam_toolbox/include/slam_toolbox/slam_toolbox/srv/detail/deserialize_pose_graph__rosidl_typesupport_fastrtps_cpp.hpp\n'}
[0.501447] (slam_toolbox) StdoutLine: {'line': b'-- Up-to-date symlink: /home/malik/controller-benchmarks/ros2/install/slam_toolbox/include/slam_toolbox/slam_toolbox/srv/detail/loop_closure__rosidl_typesupport_fastrtps_cpp.hpp\n'}
[0.501496] (slam_toolbox) StdoutLine: {'line': b'-- Up-to-date symlink: /home/malik/controller-benchmarks/ros2/install/slam_toolbox/include/slam_toolbox/slam_toolbox/srv/detail/merge_maps__rosidl_typesupport_fastrtps_cpp.hpp\n'}
[0.501563] (slam_toolbox) StdoutLine: {'line': b'-- Up-to-date symlink: /home/malik/controller-benchmarks/ros2/install/slam_toolbox/include/slam_toolbox/slam_toolbox/srv/detail/pause__rosidl_typesupport_fastrtps_cpp.hpp\n'}
[0.501608] (slam_toolbox) StdoutLine: {'line': b'-- Up-to-date symlink: /home/malik/controller-benchmarks/ros2/install/slam_toolbox/include/slam_toolbox/slam_toolbox/srv/detail/reset__rosidl_typesupport_fastrtps_cpp.hpp\n'}
[0.501673] (slam_toolbox) StdoutLine: {'line': b'-- Up-to-date symlink: /home/malik/controller-benchmarks/ros2/install/slam_toolbox/include/slam_toolbox/slam_toolbox/srv/detail/save_map__rosidl_typesupport_fastrtps_cpp.hpp\n'}
[0.501741] (slam_toolbox) StdoutLine: {'line': b'-- Up-to-date symlink: /home/malik/controller-benchmarks/ros2/install/slam_toolbox/include/slam_toolbox/slam_toolbox/srv/detail/serialize_pose_graph__rosidl_typesupport_fastrtps_cpp.hpp\n'}
[0.501808] (slam_toolbox) StdoutLine: {'line': b'-- Up-to-date symlink: /home/malik/controller-benchmarks/ros2/install/slam_toolbox/include/slam_toolbox/slam_toolbox/srv/detail/toggle_interactive__rosidl_typesupport_fastrtps_cpp.hpp\n'}
[0.502183] (slam_toolbox) StdoutLine: {'line': b'-- Up-to-date symlink: /home/malik/controller-benchmarks/ros2/install/slam_toolbox/include/slam_toolbox/slam_toolbox/msg/detail/graph_edge__rosidl_typesupport_introspection_c.h\n'}
[0.502261] (slam_toolbox) StdoutLine: {'line': b'-- Up-to-date symlink: /home/malik/controller-benchmarks/ros2/install/slam_toolbox/include/slam_toolbox/slam_toolbox/msg/detail/graph_node__rosidl_typesupport_introspection_c.h\n'}
[0.502349] (slam_toolbox) StdoutLine: {'line': b'-- Up-to-date symlink: /home/malik/controller-benchmarks/ros2/install/slam_toolbox/include/slam_toolbox/slam_toolbox/msg/detail/localized_laser_scan__rosidl_typesupport_introspection_c.h\n'}
[0.502423] (slam_toolbox) StdoutLine: {'line': b'-- Up-to-date symlink: /home/malik/controller-benchmarks/ros2/install/slam_toolbox/include/slam_toolbox/slam_toolbox/msg/detail/loop_closure_event__rosidl_typesupport_introspection_c.h\n'}
[0.502496] (slam_toolbox) StdoutLine: {'line': b'-- Up-to-date symlink: /home/malik/controller-benchmarks/ros2/install/slam_toolbox/include/slam_toolbox/slam_toolbox/msg/detail/new_node_event__rosidl_typesupport_introspection_c.h\n'}
[0.502571] (slam_toolbox) StdoutLine: {'line': b'-- Up-to-date symlink: /home/malik/controller-benchmarks/ros2/install/slam_toolbox/include/slam_toolbox/slam_toolbox/msg/detail/pose_graph__rosidl_typesupport_introspection_c.h\n'}
[0.502644] (slam_toolbox) StdoutLine: {'line': b'-- Up-to-date symlink: /home/malik/controller-benchmarks/ros2/install/slam_toolbox/include/slam_toolbox/slam_toolbox/msg/rosidl_typesupport_introspection_c__visibility_control.h\n'}
[0.502750] (slam_toolbox) StdoutLine: {'line': b'-- Up-to-date symlink: /home/malik/controller-benchmarks/ros2/install/slam_toolbox/include/slam_toolbox/slam_toolbox/srv/detail/add_submap__rosidl_typesupport_introspection_c.h\n'}
[0.502834] (slam_toolbox) StdoutLine: {'line': b'-- Up-to-date symlink: /home/malik/controller-benchmarks/ros2/install/slam_toolbox/include/slam_toolbox/slam_toolbox/srv/detail/clear__rosidl_typesupport_introspection_c.h\n'}
[0.502907] (slam_toolbox) StdoutLine: {'line': b'-- Up-to-date symlink: /home/malik/controller-benchmarks/ros2/install/slam_toolbox/include/slam_toolbox/slam_toolbox/srv/detail/clear_queue__rosidl_typesupport_introspection_c.h\n'}
[0.502988] (slam_toolbox) StdoutLine: {'line': b'-- Up-to-date symlink: /home/malik/controller-benchmarks/ros2/install/slam_toolbox/include/slam_toolbox/slam_toolbox/srv/detail/deserialize_pose_graph__rosidl_typesupport_introspection_c.h\n'}
[0.503077] (slam_toolbox) StdoutLine: {'line': b'-- Up-to-date symlink: /home/malik/controller-benchmarks/ros2/install/slam_toolbox/include/slam_toolbox/slam_toolbox/srv/detail/loop_closure__rosidl_typesupport_introspection_c.h\n'}
[0.503246] (slam_toolbox) StdoutLine: {'line': b'-- Up-to-date symlink: /home/malik/controller-benchmarks/ros2/install/slam_toolbox/include/slam_toolbox/slam_toolbox/srv/detail/merge_maps__rosidl_typesupport_introspection_c.h\n'}
[0.503417] (slam_toolbox) StdoutLine: {'line': b'-- Up-to-date symlink: /home/malik/controller-benchmarks/ros2/install/slam_toolbox/include/slam_toolbox/slam_toolbox/srv/detail/pause__rosidl_typesupport_introspection_c.h\n'}
[0.503501] (slam_toolbox) StdoutLine: {'line': b'-- Up-to-date symlink: /home/malik/controller-benchmarks/ros2/install/slam_toolbox/include/slam_toolbox/slam_toolbox/srv/detail/reset__rosidl_typesupport_introspection_c.h\n'}
[0.503569] (slam_toolbox) StdoutLine: {'line': b'-- Up-to-date symlink: /home/malik/controller-benchmarks/ros2/install/slam_toolbox/include/slam_toolbox/slam_toolbox/srv/detail/save_map__rosidl_typesupport_introspection_c.h\n'}
[0.503633] (slam_toolbox) StdoutLine: {'line': b'-- Up-to-date symlink: /home/malik/controller-benchmarks/ros2/install/slam_toolbox/include/slam_toolbox/slam_toolbox/srv/detail/serialize_pose_graph__rosidl_typesupport_introspection_c.h\n'}
[0.503730] (slam_toolbox) StdoutLine: {'line': b'-- Up-to-date symlink: /home/malik/controller-benchmarks/ros2/install/slam_toolbox/include/slam_toolbox/slam_toolbox/srv/detail/toggle_interactive__rosidl_typesupport_introspection_c.h\n'}
[0.504385] (slam_toolbox) StdoutLine: {'line': b'-- Up-to-date symlink: /home/malik/controller-benchmarks/ros2/install/slam_toolbox/include/slam_toolbox/slam_toolbox/msg/detail/graph_edge__rosidl_typesupport_introspection_cpp.hpp\n'}
[0.504609] (slam_toolbox) StdoutLine: {'line': b'-- Up-to-date symlink: /home/malik/controller-benchmarks/ros2/install/slam_toolbox/include/slam_toolbox/slam_toolbox/msg/detail/graph_node__rosidl_typesupport_introspection_cpp.hpp\n'}
[0.504692] (slam_toolbox) StdoutLine: {'line': b'-- Up-to-date symlink: /home/malik/controller-benchmarks/ros2/install/slam_toolbox/include/slam_toolbox/slam_toolbox/msg/detail/localized_laser_scan__rosidl_typesupport_introspection_cpp.hpp\n'}
[0.504756] (slam_toolbox) StdoutLine: {'line': b'-- Up-to-date symlink: /home/malik/controller-benchmarks/ros2/install/slam_toolbox/include/slam_toolbox/slam_toolbox/msg/detail/loop_closure_event__rosidl_typesupport_introspection_cpp.hpp\n'}
[0.504815] (slam_toolbox) StdoutLine: {'line': b'-- Up-to-date symlink: /home/malik/controller-benchmarks/ros2/install/slam_toolbox/include/slam_toolbox/slam_toolbox/msg/detail/new_node_event__rosidl_typesupport_introspection_cpp.hpp\n'}
[0.504894] (slam_toolbox) StdoutLine: {'line': b'-- Up-to-date symlink: /home/malik/controller-benchmarks/ros2/install/slam_toolbox/include/slam_toolbox/slam_toolbox/msg/detail/pose_graph__rosidl_typesupport_introspection_cpp.hpp\n'}
[0.504943] (slam_toolbox) StdoutLine: {'line': b'-- Up-to-date symlink: /home/malik/controller-benchmarks/ros2/install/slam_toolbox/include/slam_toolbox/slam_toolbox/srv/detail/add_submap__rosidl_typesupport_introspection_cpp.hpp\n'}
[0.505009] (slam_toolbox) StdoutLine: {'line': b'-- Up-to-date symlink: /home/malik/controller-benchmarks/ros2/install/slam_toolbox/include/slam_toolbox/slam_toolbox/srv/detail/clear__rosidl_typesupport_introspection_cpp.hpp\n'}
[0.505077] (slam_toolbox) StdoutLine: {'line': b'-- Up-to-date symlink: /home/malik/controller-benchmarks/ros2/install/slam_toolbox/include/slam_toolbox/slam_toolbox/srv/detail/clear_queue__rosidl_typesupport_introspection_cpp.hpp\n'}
[0.505130] (slam_toolbox) StdoutLine: {'line': b'-- Up-to-date symlink: /home/malik/controller-benchmarks/ros2/install/slam_toolbox/include/slam_toolbox/slam_toolbox/srv/detail/deserialize_pose_graph__rosidl_typesupport_introspection_cpp.hpp\n'}
[0.505210] (slam_toolbox) StdoutLine: {'line': b'-- Up-to-date symlink: /home/malik/controller-benchmarks/ros2/install/slam_toolbox/include/slam_toolbox/slam_toolbox/srv/detail/loop_closure__rosidl_typesupport_introspection_cpp.hpp\n'}
[0.505307] (slam_toolbox) StdoutLine: {'line': b'-- Up-to-date symlink: /home/malik/controller-benchmarks/ros2/install/slam_toolbox/include/slam_toolbox/slam_toolbox/srv/detail/merge_maps__rosidl_typesupport_introspection_cpp.hpp\n'}
[0.505358] (slam_toolbox) StdoutLine: {'line': b'-- Up-to-date symlink: /home/malik/controller-benchmarks/ros2/install/slam_toolbox/include/slam_toolbox/slam_toolbox/srv/detail/pause__rosidl_typesupport_introspection_cpp.hpp\n'}
[0.505414] (slam_toolbox) StdoutLine: {'line': b'-- Up-to-date symlink: /home/malik/controller-benchmarks/ros2/install/slam_toolbox/include/slam_toolbox/slam_toolbox/srv/detail/reset__rosidl_typesupport_introspection_cpp.hpp\n'}
[0.505621] (slam_toolbox) StdoutLine: {'line': b'-- Up-to-date symlink: /home/malik/controller-benchmarks/ros2/install/slam_toolbox/include/slam_toolbox/slam_toolbox/srv/detail/save_map__rosidl_typesupport_introspection_cpp.hpp\n'}
[0.505682] (slam_toolbox) StdoutLine: {'line': b'-- Up-to-date symlink: /home/malik/controller-benchmarks/ros2/install/slam_toolbox/include/slam_toolbox/slam_toolbox/srv/detail/serialize_pose_graph__rosidl_typesupport_introspection_cpp.hpp\n'}
[0.505768] (slam_toolbox) StdoutLine: {'line': b'-- Up-to-date symlink: /home/malik/controller-benchmarks/ros2/install/slam_toolbox/include/slam_toolbox/slam_toolbox/srv/detail/toggle_interactive__rosidl_typesupport_introspection_cpp.hpp\n'}
[0.505872] (slam_toolbox) StdoutLine: {'line': b'-- Up-to-date symlink: /home/malik/controller-benchmarks/ros2/install/slam_toolbox/share/slam_toolbox/environment/pythonpath.sh\n'}
[0.505947] (slam_toolbox) StdoutLine: {'line': b'-- Up-to-date symlink: /home/malik/controller-benchmarks/ros2/install/slam_toolbox/share/slam_toolbox/environment/pythonpath.dsv\n'}
[0.506238] (slam_toolbox) StdoutLine: {'line': b'-- Up-to-date symlink: /home/malik/controller-benchmarks/ros2/install/slam_toolbox/local/lib/python3.10/dist-packages/slam_toolbox-2.6.10-py3.10.egg-info/PKG-INFO\n'}
[0.506376] (slam_toolbox) StdoutLine: {'line': b'-- Up-to-date symlink: /home/malik/controller-benchmarks/ros2/install/slam_toolbox/local/lib/python3.10/dist-packages/slam_toolbox-2.6.10-py3.10.egg-info/SOURCES.txt\n'}
[0.506539] (slam_toolbox) StdoutLine: {'line': b'-- Up-to-date symlink: /home/malik/controller-benchmarks/ros2/install/slam_toolbox/local/lib/python3.10/dist-packages/slam_toolbox-2.6.10-py3.10.egg-info/dependency_links.txt\n'}
[0.506617] (slam_toolbox) StdoutLine: {'line': b'-- Up-to-date symlink: /home/malik/controller-benchmarks/ros2/install/slam_toolbox/local/lib/python3.10/dist-packages/slam_toolbox-2.6.10-py3.10.egg-info/top_level.txt\n'}
[0.507411] (slam_toolbox) StdoutLine: {'line': b'-- Up-to-date symlink: /home/malik/controller-benchmarks/ros2/install/slam_toolbox/local/lib/python3.10/dist-packages/slam_toolbox/__init__.py\n'}
[0.507596] (slam_toolbox) StdoutLine: {'line': b'-- Up-to-date symlink: /home/malik/controller-benchmarks/ros2/install/slam_toolbox/local/lib/python3.10/dist-packages/slam_toolbox/_slam_toolbox_s.ep.rosidl_typesupport_c.c\n'}
[0.507699] (slam_toolbox) StdoutLine: {'line': b'-- Up-to-date symlink: /home/malik/controller-benchmarks/ros2/install/slam_toolbox/local/lib/python3.10/dist-packages/slam_toolbox/_slam_toolbox_s.ep.rosidl_typesupport_fastrtps_c.c\n'}
[0.507768] (slam_toolbox) StdoutLine: {'line': b'-- Up-to-date symlink: /home/malik/controller-benchmarks/ros2/install/slam_toolbox/local/lib/python3.10/dist-packages/slam_toolbox/_slam_toolbox_s.ep.rosidl_typesupport_introspection_c.c\n'}
[0.507819] (slam_toolbox) StdoutLine: {'line': b'-- Up-to-date symlink: /home/malik/controller-benchmarks/ros2/install/slam_toolbox/local/lib/python3.10/dist-packages/slam_toolbox/libslam_toolbox__rosidl_generator_py.so\n'}
[0.507919] (slam_toolbox) StdoutLine: {'line': b'-- Up-to-date symlink: /home/malik/controller-benchmarks/ros2/install/slam_toolbox/local/lib/python3.10/dist-packages/slam_toolbox/msg/__init__.py\n'}
[0.507976] (slam_toolbox) StdoutLine: {'line': b'-- Up-to-date symlink: /home/malik/controller-benchmarks/ros2/install/slam_toolbox/local/lib/python3.10/dist-packages/slam_toolbox/msg/_graph_edge.py\n'}
[0.508039] (slam_toolbox) StdoutLine: {'line': b'-- Up-to-date symlink: /home/malik/controller-benchmarks/ros2/install/slam_toolbox/local/lib/python3.10/dist-packages/slam_toolbox/msg/_graph_edge_s.c\n'}
[0.508107] (slam_toolbox) StdoutLine: {'line': b'-- Up-to-date symlink: /home/malik/controller-benchmarks/ros2/install/slam_toolbox/local/lib/python3.10/dist-packages/slam_toolbox/msg/_graph_node.py\n'}
[0.508211] (slam_toolbox) StdoutLine: {'line': b'-- Up-to-date symlink: /home/malik/controller-benchmarks/ros2/install/slam_toolbox/local/lib/python3.10/dist-packages/slam_toolbox/msg/_graph_node_s.c\n'}
[0.508339] (slam_toolbox) StdoutLine: {'line': b'-- Up-to-date symlink: /home/malik/controller-benchmarks/ros2/install/slam_toolbox/local/lib/python3.10/dist-packages/slam_toolbox/msg/_localized_laser_scan.py\n'}
[0.508414] (slam_toolbox) StdoutLine: {'line': b'-- Up-to-date symlink: /home/malik/controller-benchmarks/ros2/install/slam_toolbox/local/lib/python3.10/dist-packages/slam_toolbox/msg/_localized_laser_scan_s.c\n'}
[0.508523] (slam_toolbox) StdoutLine: {'line': b'-- Up-to-date symlink: /home/malik/controller-benchmarks/ros2/install/slam_toolbox/local/lib/python3.10/dist-packages/slam_toolbox/msg/_loop_closure_event.py\n'}
[0.508590] (slam_toolbox) StdoutLine: {'line': b'-- Up-to-date symlink: /home/malik/controller-benchmarks/ros2/install/slam_toolbox/local/lib/python3.10/dist-packages/slam_toolbox/msg/_loop_closure_event_s.c\n'}
[0.508674] (slam_toolbox) StdoutLine: {'line': b'-- Up-to-date symlink: /home/malik/controller-benchmarks/ros2/install/slam_toolbox/local/lib/python3.10/dist-packages/slam_toolbox/msg/_new_node_event.py\n'}
[0.508723] (slam_toolbox) StdoutLine: {'line': b'-- Up-to-date symlink: /home/malik/controller-benchmarks/ros2/install/slam_toolbox/local/lib/python3.10/dist-packages/slam_toolbox/msg/_new_node_event_s.c\n'}
[0.508807] (slam_toolbox) StdoutLine: {'line': b'-- Up-to-date symlink: /home/malik/controller-benchmarks/ros2/install/slam_toolbox/local/lib/python3.10/dist-packages/slam_toolbox/msg/_pose_graph.py\n'}
[0.508860] (slam_toolbox) StdoutLine: {'line': b'-- Up-to-date symlink: /home/malik/controller-benchmarks/ros2/install/slam_toolbox/local/lib/python3.10/dist-packages/slam_toolbox/msg/_pose_graph_s.c\n'}
[0.508924] (slam_toolbox) StdoutLine: {'line': b'-- Up-to-date symlink: /home/malik/controller-benchmarks/ros2/install/slam_toolbox/local/lib/python3.10/dist-packages/slam_toolbox/slam_toolbox_s__rosidl_typesupport_c.cpython-310-x86_64-linux-gnu.so\n'}
[0.509057] (slam_toolbox) StdoutLine: {'line': b'-- Up-to-date symlink: /home/malik/controller-benchmarks/ros2/install/slam_toolbox/local/lib/python3.10/dist-packages/slam_toolbox/slam_toolbox_s__rosidl_typesupport_fastrtps_c.cpython-310-x86_64-linux-gnu.so\n'}
[0.509130] (slam_toolbox) StdoutLine: {'line': b'-- Up-to-date symlink: /home/malik/controller-benchmarks/ros2/install/slam_toolbox/local/lib/python3.10/dist-packages/slam_toolbox/slam_toolbox_s__rosidl_typesupport_introspection_c.cpython-310-x86_64-linux-gnu.so\n'}
[0.509232] (slam_toolbox) StdoutLine: {'line': b'-- Up-to-date symlink: /home/malik/controller-benchmarks/ros2/install/slam_toolbox/local/lib/python3.10/dist-packages/slam_toolbox/srv/__init__.py\n'}
[0.509327] (slam_toolbox) StdoutLine: {'line': b'-- Up-to-date symlink: /home/malik/controller-benchmarks/ros2/install/slam_toolbox/local/lib/python3.10/dist-packages/slam_toolbox/srv/_add_submap.py\n'}
[0.509378] (slam_toolbox) StdoutLine: {'line': b'-- Up-to-date symlink: /home/malik/controller-benchmarks/ros2/install/slam_toolbox/local/lib/python3.10/dist-packages/slam_toolbox/srv/_add_submap_s.c\n'}
[0.509450] (slam_toolbox) StdoutLine: {'line': b'-- Up-to-date symlink: /home/malik/controller-benchmarks/ros2/install/slam_toolbox/local/lib/python3.10/dist-packages/slam_toolbox/srv/_clear.py\n'}
[0.509510] (slam_toolbox) StdoutLine: {'line': b'-- Up-to-date symlink: /home/malik/controller-benchmarks/ros2/install/slam_toolbox/local/lib/python3.10/dist-packages/slam_toolbox/srv/_clear_queue.py\n'}
[0.509572] (slam_toolbox) StdoutLine: {'line': b'-- Up-to-date symlink: /home/malik/controller-benchmarks/ros2/install/slam_toolbox/local/lib/python3.10/dist-packages/slam_toolbox/srv/_clear_queue_s.c\n'}
[0.509645] (slam_toolbox) StdoutLine: {'line': b'-- Up-to-date symlink: /home/malik/controller-benchmarks/ros2/install/slam_toolbox/local/lib/python3.10/dist-packages/slam_toolbox/srv/_clear_s.c\n'}
[0.509708] (slam_toolbox) StdoutLine: {'line': b'-- Up-to-date symlink: /home/malik/controller-benchmarks/ros2/install/slam_toolbox/local/lib/python3.10/dist-packages/slam_toolbox/srv/_deserialize_pose_graph.py\n'}
[0.509781] (slam_toolbox) StdoutLine: {'line': b'-- Up-to-date symlink: /home/malik/controller-benchmarks/ros2/install/slam_toolbox/local/lib/python3.10/dist-packages/slam_toolbox/srv/_deserialize_pose_graph_s.c\n'}
[0.509860] (slam_toolbox) StdoutLine: {'line': b'-- Up-to-date symlink: /home/malik/controller-benchmarks/ros2/install/slam_toolbox/local/lib/python3.10/dist-packages/slam_toolbox/srv/_loop_closure.py\n'}
[0.509936] (slam_toolbox) StdoutLine: {'line': b'-- Up-to-date symlink: /home/malik/controller-benchmarks/ros2/install/slam_toolbox/local/lib/python3.10/dist-packages/slam_toolbox/srv/_loop_closure_s.c\n'}
[0.510007] (slam_toolbox) StdoutLine: {'line': b'-- Up-to-date symlink: /home/malik/controller-benchmarks/ros2/install/slam_toolbox/local/lib/python3.10/dist-packages/slam_toolbox/srv/_merge_maps.py\n'}
[0.510078] (slam_toolbox) StdoutLine: {'line': b'-- Up-to-date symlink: /home/malik/controller-benchmarks/ros2/install/slam_toolbox/local/lib/python3.10/dist-packages/slam_toolbox/srv/_merge_maps_s.c\n'}
[0.510151] (slam_toolbox) StdoutLine: {'line': b'-- Up-to-date symlink: /home/malik/controller-benchmarks/ros2/install/slam_toolbox/local/lib/python3.10/dist-packages/slam_toolbox/srv/_pause.py\n'}
[0.510267] (slam_toolbox) StdoutLine: {'line': b'-- Up-to-date symlink: /home/malik/controller-benchmarks/ros2/install/slam_toolbox/local/lib/python3.10/dist-packages/slam_toolbox/srv/_pause_s.c\n'}
[0.510358] (slam_toolbox) StdoutLine: {'line': b'-- Up-to-date symlink: /home/malik/controller-benchmarks/ros2/install/slam_toolbox/local/lib/python3.10/dist-packages/slam_toolbox/srv/_reset.py\n'}
[0.510424] (slam_toolbox) StdoutLine: {'line': b'-- Up-to-date symlink: /home/malik/controller-benchmarks/ros2/install/slam_toolbox/local/lib/python3.10/dist-packages/slam_toolbox/srv/_reset_s.c\n'}
[0.510485] (slam_toolbox) StdoutLine: {'line': b'-- Up-to-date symlink: /home/malik/controller-benchmarks/ros2/install/slam_toolbox/local/lib/python3.10/dist-packages/slam_toolbox/srv/_save_map.py\n'}
[0.510544] (slam_toolbox) StdoutLine: {'line': b'-- Up-to-date symlink: /home/malik/controller-benchmarks/ros2/install/slam_toolbox/local/lib/python3.10/dist-packages/slam_toolbox/srv/_save_map_s.c\n'}
[0.510607] (slam_toolbox) StdoutLine: {'line': b'-- Up-to-date symlink: /home/malik/controller-benchmarks/ros2/install/slam_toolbox/local/lib/python3.10/dist-packages/slam_toolbox/srv/_serialize_pose_graph.py\n'}
[0.510670] (slam_toolbox) StdoutLine: {'line': b'-- Up-to-date symlink: /home/malik/controller-benchmarks/ros2/install/slam_toolbox/local/lib/python3.10/dist-packages/slam_toolbox/srv/_serialize_pose_graph_s.c\n'}
[0.510738] (slam_toolbox) StdoutLine: {'line': b'-- Up-to-date symlink: /home/malik/controller-benchmarks/ros2/install/slam_toolbox/local/lib/python3.10/dist-packages/slam_toolbox/srv/_toggle_interactive.py\n'}
[0.510806] (slam_toolbox) StdoutLine: {'line': b'-- Up-to-date symlink: /home/malik/controller-benchmarks/ros2/install/slam_toolbox/local/lib/python3.10/dist-packages/slam_toolbox/srv/_toggle_interactive_s.c\n'}
[0.511290] (slam_toolbox) StdoutLine: {'line': b'-- Up-to-date symlink: /home/malik/controller-benchmarks/ros2/install/slam_toolbox/local/lib/python3.10/dist-packages/slam_toolbox/slam_toolbox_s__rosidl_typesupport_fastrtps_c.cpython-310-x86_64-linux-gnu.so\n'}
[0.511823] (slam_toolbox) StdoutLine: {'line': b'-- Up-to-date symlink: /home/malik/controller-benchmarks/ros2/install/slam_toolbox/local/lib/python3.10/dist-packages/slam_toolbox/slam_toolbox_s__rosidl_typesupport_introspection_c.cpython-310-x86_64-linux-gnu.so\n'}
[0.512382] (slam_toolbox) StdoutLine: {'line': b'-- Up-to-date symlink: /home/malik/controller-benchmarks/ros2/install/slam_toolbox/local/lib/python3.10/dist-packages/slam_toolbox/slam_toolbox_s__rosidl_typesupport_c.cpython-310-x86_64-linux-gnu.so\n'}
[0.512700] (slam_toolbox) StdoutLine: {'line': b'-- Up-to-date symlink: /home/malik/controller-benchmarks/ros2/install/slam_toolbox/share/slam_toolbox/srv/Pause.idl\n'}
[0.512784] (slam_toolbox) StdoutLine: {'line': b'-- Up-to-date symlink: /home/malik/controller-benchmarks/ros2/install/slam_toolbox/share/slam_toolbox/srv/ClearQueue.idl\n'}
[0.512850] (slam_toolbox) StdoutLine: {'line': b'-- Up-to-date symlink: /home/malik/controller-benchmarks/ros2/install/slam_toolbox/share/slam_toolbox/srv/ToggleInteractive.idl\n'}
[0.512900] (slam_toolbox) StdoutLine: {'line': b'-- Up-to-date symlink: /home/malik/controller-benchmarks/ros2/install/slam_toolbox/share/slam_toolbox/srv/Clear.idl\n'}
[0.512965] (slam_toolbox) StdoutLine: {'line': b'-- Up-to-date symlink: /home/malik/controller-benchmarks/ros2/install/slam_toolbox/share/slam_toolbox/srv/SaveMap.idl\n'}
[0.513035] (slam_toolbox) StdoutLine: {'line': b'-- Up-to-date symlink: /home/malik/controller-benchmarks/ros2/install/slam_toolbox/share/slam_toolbox/srv/LoopClosure.idl\n'}
[0.513177] (slam_toolbox) StdoutLine: {'line': b'-- Up-to-date symlink: /home/malik/controller-benchmarks/ros2/install/slam_toolbox/share/slam_toolbox/srv/MergeMaps.idl\n'}
[0.513284] (slam_toolbox) StdoutLine: {'line': b'-- Up-to-date symlink: /home/malik/controller-benchmarks/ros2/install/slam_toolbox/share/slam_toolbox/srv/AddSubmap.idl\n'}
[0.513390] (slam_toolbox) StdoutLine: {'line': b'-- Up-to-date symlink: /home/malik/controller-benchmarks/ros2/install/slam_toolbox/share/slam_toolbox/srv/DeserializePoseGraph.idl\n'}
[0.513509] (slam_toolbox) StdoutLine: {'line': b'-- Up-to-date symlink: /home/malik/controller-benchmarks/ros2/install/slam_toolbox/share/slam_toolbox/srv/SerializePoseGraph.idl\n'}
[0.513632] (slam_toolbox) StdoutLine: {'line': b'-- Up-to-date symlink: /home/malik/controller-benchmarks/ros2/install/slam_toolbox/share/slam_toolbox/srv/Pause.srv\n'}
[0.513720] (slam_toolbox) StdoutLine: {'line': b'-- Up-to-date symlink: /home/malik/controller-benchmarks/ros2/install/slam_toolbox/share/slam_toolbox/srv/Pause_Request.msg\n'}
[0.513835] (slam_toolbox) StdoutLine: {'line': b'-- Up-to-date symlink: /home/malik/controller-benchmarks/ros2/install/slam_toolbox/share/slam_toolbox/srv/Pause_Response.msg\n'}
[0.513936] (slam_toolbox) StdoutLine: {'line': b'-- Up-to-date symlink: /home/malik/controller-benchmarks/ros2/install/slam_toolbox/share/slam_toolbox/srv/ClearQueue.srv\n'}
[0.514079] (slam_toolbox) StdoutLine: {'line': b'-- Up-to-date symlink: /home/malik/controller-benchmarks/ros2/install/slam_toolbox/share/slam_toolbox/srv/ClearQueue_Request.msg\n'}
[0.514204] (slam_toolbox) StdoutLine: {'line': b'-- Up-to-date symlink: /home/malik/controller-benchmarks/ros2/install/slam_toolbox/share/slam_toolbox/srv/ClearQueue_Response.msg\n'}
[0.514313] (slam_toolbox) StdoutLine: {'line': b'-- Up-to-date symlink: /home/malik/controller-benchmarks/ros2/install/slam_toolbox/share/slam_toolbox/srv/ToggleInteractive.srv\n'}
[0.514438] (slam_toolbox) StdoutLine: {'line': b'-- Up-to-date symlink: /home/malik/controller-benchmarks/ros2/install/slam_toolbox/share/slam_toolbox/srv/ToggleInteractive_Request.msg\n'}
[0.514542] (slam_toolbox) StdoutLine: {'line': b'-- Up-to-date symlink: /home/malik/controller-benchmarks/ros2/install/slam_toolbox/share/slam_toolbox/srv/ToggleInteractive_Response.msg\n'}
[0.514654] (slam_toolbox) StdoutLine: {'line': b'-- Up-to-date symlink: /home/malik/controller-benchmarks/ros2/install/slam_toolbox/share/slam_toolbox/srv/Clear.srv\n'}
[0.514766] (slam_toolbox) StdoutLine: {'line': b'-- Up-to-date symlink: /home/malik/controller-benchmarks/ros2/install/slam_toolbox/share/slam_toolbox/srv/Clear_Request.msg\n'}
[0.514868] (slam_toolbox) StdoutLine: {'line': b'-- Up-to-date symlink: /home/malik/controller-benchmarks/ros2/install/slam_toolbox/share/slam_toolbox/srv/Clear_Response.msg\n'}
[0.514979] (slam_toolbox) StdoutLine: {'line': b'-- Up-to-date symlink: /home/malik/controller-benchmarks/ros2/install/slam_toolbox/share/slam_toolbox/srv/SaveMap.srv\n'}
[0.515077] (slam_toolbox) StdoutLine: {'line': b'-- Up-to-date symlink: /home/malik/controller-benchmarks/ros2/install/slam_toolbox/share/slam_toolbox/srv/SaveMap_Request.msg\n'}
[0.515190] (slam_toolbox) StdoutLine: {'line': b'-- Up-to-date symlink: /home/malik/controller-benchmarks/ros2/install/slam_toolbox/share/slam_toolbox/srv/SaveMap_Response.msg\n'}
[0.515291] (slam_toolbox) StdoutLine: {'line': b'-- Up-to-date symlink: /home/malik/controller-benchmarks/ros2/install/slam_toolbox/share/slam_toolbox/srv/LoopClosure.srv\n'}
[0.515410] (slam_toolbox) StdoutLine: {'line': b'-- Up-to-date symlink: /home/malik/controller-benchmarks/ros2/install/slam_toolbox/share/slam_toolbox/srv/LoopClosure_Request.msg\n'}
[0.515512] (slam_toolbox) StdoutLine: {'line': b'-- Up-to-date symlink: /home/malik/controller-benchmarks/ros2/install/slam_toolbox/share/slam_toolbox/srv/LoopClosure_Response.msg\n'}
[0.515620] (slam_toolbox) StdoutLine: {'line': b'-- Up-to-date symlink: /home/malik/controller-benchmarks/ros2/install/slam_toolbox/share/slam_toolbox/srv/MergeMaps.srv\n'}
[0.515714] (slam_toolbox) StdoutLine: {'line': b'-- Up-to-date symlink: /home/malik/controller-benchmarks/ros2/install/slam_toolbox/share/slam_toolbox/srv/MergeMaps_Request.msg\n'}
[0.515837] (slam_toolbox) StdoutLine: {'line': b'-- Up-to-date symlink: /home/malik/controller-benchmarks/ros2/install/slam_toolbox/share/slam_toolbox/srv/MergeMaps_Response.msg\n'}
[0.515922] (slam_toolbox) StdoutLine: {'line': b'-- Up-to-date symlink: /home/malik/controller-benchmarks/ros2/install/slam_toolbox/share/slam_toolbox/srv/AddSubmap.srv\n'}
[0.516030] (slam_toolbox) StdoutLine: {'line': b'-- Up-to-date symlink: /home/malik/controller-benchmarks/ros2/install/slam_toolbox/share/slam_toolbox/srv/AddSubmap_Request.msg\n'}
[0.516136] (slam_toolbox) StdoutLine: {'line': b'-- Up-to-date symlink: /home/malik/controller-benchmarks/ros2/install/slam_toolbox/share/slam_toolbox/srv/AddSubmap_Response.msg\n'}
[0.516250] (slam_toolbox) StdoutLine: {'line': b'-- Up-to-date symlink: /home/malik/controller-benchmarks/ros2/install/slam_toolbox/share/slam_toolbox/srv/DeserializePoseGraph.srv\n'}
[0.516357] (slam_toolbox) StdoutLine: {'line': b'-- Up-to-date symlink: /home/malik/controller-benchmarks/ros2/install/slam_toolbox/share/slam_toolbox/srv/DeserializePoseGraph_Request.msg\n'}
[0.516467] (slam_toolbox) StdoutLine: {'line': b'-- Up-to-date symlink: /home/malik/controller-benchmarks/ros2/install/slam_toolbox/share/slam_toolbox/srv/DeserializePoseGraph_Response.msg\n'}
[0.516575] (slam_toolbox) StdoutLine: {'line': b'-- Up-to-date symlink: /home/malik/controller-benchmarks/ros2/install/slam_toolbox/share/slam_toolbox/srv/SerializePoseGraph.srv\n'}
[0.516695] (slam_toolbox) StdoutLine: {'line': b'-- Up-to-date symlink: /home/malik/controller-benchmarks/ros2/install/slam_toolbox/share/slam_toolbox/srv/SerializePoseGraph_Request.msg\n'}
[0.516829] (slam_toolbox) StdoutLine: {'line': b'-- Up-to-date symlink: /home/malik/controller-benchmarks/ros2/install/slam_toolbox/share/slam_toolbox/srv/SerializePoseGraph_Response.msg\n'}
[0.516922] (slam_toolbox) StdoutLine: {'line': b'-- Up-to-date symlink: /home/malik/controller-benchmarks/ros2/install/slam_toolbox/share/slam_toolbox//rviz_plugins.xml\n'}
[0.517022] (slam_toolbox) StdoutLine: {'line': b'-- Up-to-date symlink: /home/malik/controller-benchmarks/ros2/install/slam_toolbox/share/slam_toolbox//solver_plugins.xml\n'}
[0.517455] (slam_toolbox) StdoutLine: {'line': b'-- Up-to-date symlink: /home/malik/controller-benchmarks/ros2/install/slam_toolbox/lib/slam_toolbox/async_slam_toolbox_node\n'}
[0.517619] (slam_toolbox) StdoutLine: {'line': b'-- Up-to-date symlink: /home/malik/controller-benchmarks/ros2/install/slam_toolbox/lib/slam_toolbox/sync_slam_toolbox_node\n'}
[0.517730] (slam_toolbox) StdoutLine: {'line': b'-- Up-to-date symlink: /home/malik/controller-benchmarks/ros2/install/slam_toolbox/lib/slam_toolbox/localization_slam_toolbox_node\n'}
[0.517830] (slam_toolbox) StdoutLine: {'line': b'-- Up-to-date symlink: /home/malik/controller-benchmarks/ros2/install/slam_toolbox/lib/slam_toolbox/map_and_localization_slam_toolbox_node\n'}
[0.517933] (slam_toolbox) StdoutLine: {'line': b'-- Up-to-date symlink: /home/malik/controller-benchmarks/ros2/install/slam_toolbox/lib/slam_toolbox/merge_maps_kinematic\n'}
[0.518001] (slam_toolbox) StdoutLine: {'line': b'-- Up-to-date symlink: /home/malik/controller-benchmarks/ros2/install/slam_toolbox/lib/libtoolbox_common.so\n'}
[0.518087] (slam_toolbox) StdoutLine: {'line': b'-- Up-to-date symlink: /home/malik/controller-benchmarks/ros2/install/slam_toolbox/lib/libSlamToolboxPlugin.so\n'}
[0.518199] (slam_toolbox) StdoutLine: {'line': b'-- Up-to-date symlink: /home/malik/controller-benchmarks/ros2/install/slam_toolbox/lib/libceres_solver_plugin.so\n'}
[0.518304] (slam_toolbox) StdoutLine: {'line': b'-- Up-to-date symlink: /home/malik/controller-benchmarks/ros2/install/slam_toolbox/lib/libasync_slam_toolbox.so\n'}
[0.518411] (slam_toolbox) StdoutLine: {'line': b'-- Up-to-date symlink: /home/malik/controller-benchmarks/ros2/install/slam_toolbox/lib/libsync_slam_toolbox.so\n'}
[0.518583] (slam_toolbox) StdoutLine: {'line': b'-- Up-to-date symlink: /home/malik/controller-benchmarks/ros2/install/slam_toolbox/lib/liblocalization_slam_toolbox.so\n'}
[0.518673] (slam_toolbox) StdoutLine: {'line': b'-- Up-to-date symlink: /home/malik/controller-benchmarks/ros2/install/slam_toolbox/lib/liblifelong_slam_toolbox.so\n'}
[0.518780] (slam_toolbox) StdoutLine: {'line': b'-- Up-to-date symlink: /home/malik/controller-benchmarks/ros2/install/slam_toolbox/lib/libmap_and_localization_slam_toolbox.so\n'}
[0.518850] (slam_toolbox) StdoutLine: {'line': b'-- Up-to-date symlink: /home/malik/controller-benchmarks/ros2/install/slam_toolbox/lib/libkartoSlamToolbox.so\n'}
[0.519289] (slam_toolbox) StdoutLine: {'line': b'-- Up-to-date symlink: /home/malik/controller-benchmarks/ros2/install/slam_toolbox/include/slam_toolbox/experimental/slam_toolbox_lifelong.hpp\n'}
[0.519451] (slam_toolbox) StdoutLine: {'line': b'-- Up-to-date symlink: /home/malik/controller-benchmarks/ros2/install/slam_toolbox/include/slam_toolbox/experimental/slam_toolbox_map_and_localization.hpp\n'}
[0.519569] (slam_toolbox) StdoutLine: {'line': b'-- Up-to-date symlink: /home/malik/controller-benchmarks/ros2/install/slam_toolbox/include/slam_toolbox/get_pose_helper.hpp\n'}
[0.519638] (slam_toolbox) StdoutLine: {'line': b'-- Up-to-date symlink: /home/malik/controller-benchmarks/ros2/install/slam_toolbox/include/slam_toolbox/laser_utils.hpp\n'}
[0.519688] (slam_toolbox) StdoutLine: {'line': b'-- Up-to-date symlink: /home/malik/controller-benchmarks/ros2/install/slam_toolbox/include/slam_toolbox/loop_closure_assistant.hpp\n'}
[0.519746] (slam_toolbox) StdoutLine: {'line': b'-- Up-to-date symlink: /home/malik/controller-benchmarks/ros2/install/slam_toolbox/include/slam_toolbox/map_saver.hpp\n'}
[0.519803] (slam_toolbox) StdoutLine: {'line': b'-- Up-to-date symlink: /home/malik/controller-benchmarks/ros2/install/slam_toolbox/include/slam_toolbox/merge_maps_kinematic.hpp\n'}
[0.519861] (slam_toolbox) StdoutLine: {'line': b'-- Up-to-date symlink: /home/malik/controller-benchmarks/ros2/install/slam_toolbox/include/slam_toolbox/serialization.hpp\n'}
[0.519917] (slam_toolbox) StdoutLine: {'line': b'-- Up-to-date symlink: /home/malik/controller-benchmarks/ros2/install/slam_toolbox/include/slam_toolbox/slam_mapper.hpp\n'}
[0.519993] (slam_toolbox) StdoutLine: {'line': b'-- Up-to-date symlink: /home/malik/controller-benchmarks/ros2/install/slam_toolbox/include/slam_toolbox/slam_toolbox_async.hpp\n'}
[0.520056] (slam_toolbox) StdoutLine: {'line': b'-- Up-to-date symlink: /home/malik/controller-benchmarks/ros2/install/slam_toolbox/include/slam_toolbox/slam_toolbox_common.hpp\n'}
[0.520124] (slam_toolbox) StdoutLine: {'line': b'-- Up-to-date symlink: /home/malik/controller-benchmarks/ros2/install/slam_toolbox/include/slam_toolbox/slam_toolbox_localization.hpp\n'}
[0.520204] (slam_toolbox) StdoutLine: {'line': b'-- Up-to-date symlink: /home/malik/controller-benchmarks/ros2/install/slam_toolbox/include/slam_toolbox/slam_toolbox_sync.hpp\n'}
[0.520261] (slam_toolbox) StdoutLine: {'line': b'-- Up-to-date symlink: /home/malik/controller-benchmarks/ros2/install/slam_toolbox/include/slam_toolbox/snap_utils.hpp\n'}
[0.520320] (slam_toolbox) StdoutLine: {'line': b'-- Up-to-date symlink: /home/malik/controller-benchmarks/ros2/install/slam_toolbox/include/slam_toolbox/toolbox_msgs.hpp\n'}
[0.520421] (slam_toolbox) StdoutLine: {'line': b'-- Up-to-date symlink: /home/malik/controller-benchmarks/ros2/install/slam_toolbox/include/slam_toolbox/toolbox_types.hpp\n'}
[0.520480] (slam_toolbox) StdoutLine: {'line': b'-- Up-to-date symlink: /home/malik/controller-benchmarks/ros2/install/slam_toolbox/include/slam_toolbox/visualization_utils.hpp\n'}
[0.520748] (slam_toolbox) StdoutLine: {'line': b'-- Up-to-date symlink: /home/malik/controller-benchmarks/ros2/install/slam_toolbox/share/slam_toolbox/launch/localization_launch.py\n'}
[0.520824] (slam_toolbox) StdoutLine: {'line': b'-- Up-to-date symlink: /home/malik/controller-benchmarks/ros2/install/slam_toolbox/share/slam_toolbox/launch/merge_maps_kinematic_launch.py\n'}
[0.520888] (slam_toolbox) StdoutLine: {'line': b'-- Up-to-date symlink: /home/malik/controller-benchmarks/ros2/install/slam_toolbox/share/slam_toolbox/launch/offline_launch.py\n'}
[0.520959] (slam_toolbox) StdoutLine: {'line': b'-- Up-to-date symlink: /home/malik/controller-benchmarks/ros2/install/slam_toolbox/share/slam_toolbox/launch/online_async_launch.py\n'}
[0.521033] (slam_toolbox) StdoutLine: {'line': b'-- Up-to-date symlink: /home/malik/controller-benchmarks/ros2/install/slam_toolbox/share/slam_toolbox/launch/online_sync_launch.py\n'}
[0.521407] (slam_toolbox) StdoutLine: {'line': b'-- Up-to-date symlink: /home/malik/controller-benchmarks/ros2/install/slam_toolbox/share/slam_toolbox/config/mapper_params_lifelong.yaml\n'}
[0.521524] (slam_toolbox) StdoutLine: {'line': b'-- Up-to-date symlink: /home/malik/controller-benchmarks/ros2/install/slam_toolbox/share/slam_toolbox/config/mapper_params_localization.yaml\n'}
[0.521577] (slam_toolbox) StdoutLine: {'line': b'-- Up-to-date symlink: /home/malik/controller-benchmarks/ros2/install/slam_toolbox/share/slam_toolbox/config/mapper_params_offline.yaml\n'}
[0.521646] (slam_toolbox) StdoutLine: {'line': b'-- Up-to-date symlink: /home/malik/controller-benchmarks/ros2/install/slam_toolbox/share/slam_toolbox/config/mapper_params_online_async.yaml\n'}
[0.521694] (slam_toolbox) StdoutLine: {'line': b'-- Up-to-date symlink: /home/malik/controller-benchmarks/ros2/install/slam_toolbox/share/slam_toolbox/config/mapper_params_online_sync.yaml\n'}
[0.521761] (slam_toolbox) StdoutLine: {'line': b'-- Up-to-date symlink: /home/malik/controller-benchmarks/ros2/install/slam_toolbox/share/slam_toolbox/config/slam_toolbox_default.rviz\n'}
[0.521821] (slam_toolbox) StdoutLine: {'line': b'-- Up-to-date symlink: /home/malik/controller-benchmarks/ros2/install/slam_toolbox/share/solver_plugins.xml\n'}
[0.521881] (slam_toolbox) StdoutLine: {'line': b'-- Up-to-date symlink: /home/malik/controller-benchmarks/ros2/install/slam_toolbox/share/rviz_plugins.xml\n'}
[0.522005] (slam_toolbox) StdoutLine: {'line': b'-- Up-to-date symlink: /home/malik/controller-benchmarks/ros2/install/slam_toolbox/share/ament_index/resource_index/package_run_dependencies/slam_toolbox\n'}
[0.522100] (slam_toolbox) StdoutLine: {'line': b'-- Up-to-date symlink: /home/malik/controller-benchmarks/ros2/install/slam_toolbox/share/ament_index/resource_index/parent_prefix_path/slam_toolbox\n'}
[0.522405] (slam_toolbox) StdoutLine: {'line': b'-- Up-to-date symlink: /home/malik/controller-benchmarks/ros2/install/slam_toolbox/share/slam_toolbox/environment/ament_prefix_path.sh\n'}
[0.522505] (slam_toolbox) StdoutLine: {'line': b'-- Up-to-date symlink: /home/malik/controller-benchmarks/ros2/install/slam_toolbox/share/slam_toolbox/environment/ament_prefix_path.dsv\n'}
[0.522680] (slam_toolbox) StdoutLine: {'line': b'-- Up-to-date symlink: /home/malik/controller-benchmarks/ros2/install/slam_toolbox/share/slam_toolbox/environment/path.sh\n'}
[0.522790] (slam_toolbox) StdoutLine: {'line': b'-- Up-to-date symlink: /home/malik/controller-benchmarks/ros2/install/slam_toolbox/share/slam_toolbox/environment/path.dsv\n'}
[0.522903] (slam_toolbox) StdoutLine: {'line': b'-- Up-to-date symlink: /home/malik/controller-benchmarks/ros2/install/slam_toolbox/share/slam_toolbox/local_setup.bash\n'}
[0.522978] (slam_toolbox) StdoutLine: {'line': b'-- Up-to-date symlink: /home/malik/controller-benchmarks/ros2/install/slam_toolbox/share/slam_toolbox/local_setup.sh\n'}
[0.523044] (slam_toolbox) StdoutLine: {'line': b'-- Up-to-date symlink: /home/malik/controller-benchmarks/ros2/install/slam_toolbox/share/slam_toolbox/local_setup.zsh\n'}
[0.523109] (slam_toolbox) StdoutLine: {'line': b'-- Up-to-date symlink: /home/malik/controller-benchmarks/ros2/install/slam_toolbox/share/slam_toolbox/local_setup.dsv\n'}
[0.523181] (slam_toolbox) StdoutLine: {'line': b'-- Symlinking: /home/malik/controller-benchmarks/ros2/install/slam_toolbox/share/slam_toolbox/package.dsv\n'}
[0.530600] (slam_toolbox) StdoutLine: {'line': b'-- Up-to-date symlink: /home/malik/controller-benchmarks/ros2/install/slam_toolbox/share/ament_index/resource_index/packages/slam_toolbox\n'}
[0.530834] (slam_toolbox) StdoutLine: {'line': b'-- Up-to-date symlink: /home/malik/controller-benchmarks/ros2/install/slam_toolbox/share/ament_index/resource_index/rviz_common__pluginlib__plugin/slam_toolbox\n'}
[0.530909] (slam_toolbox) StdoutLine: {'line': b'-- Up-to-date symlink: /home/malik/controller-benchmarks/ros2/install/slam_toolbox/share/ament_index/resource_index/slam_toolbox__pluginlib__plugin/slam_toolbox\n'}
[0.531034] (slam_toolbox) StdoutLine: {'line': b'-- Up-to-date symlink: /home/malik/controller-benchmarks/ros2/install/slam_toolbox/share/ament_index/resource_index/rclcpp_components/slam_toolbox\n'}
[0.531116] (slam_toolbox) StdoutLine: {'line': b'-- Up-to-date symlink: /home/malik/controller-benchmarks/ros2/install/slam_toolbox/share/slam_toolbox/cmake/rosidl_cmake-extras.cmake\n'}
[0.531200] (slam_toolbox) StdoutLine: {'line': b'-- Up-to-date symlink: /home/malik/controller-benchmarks/ros2/install/slam_toolbox/share/slam_toolbox/cmake/ament_cmake_export_dependencies-extras.cmake\n'}
[0.531251] (slam_toolbox) StdoutLine: {'line': b'-- Up-to-date symlink: /home/malik/controller-benchmarks/ros2/install/slam_toolbox/share/slam_toolbox/cmake/ament_cmake_export_include_directories-extras.cmake\n'}
[0.531363] (slam_toolbox) StdoutLine: {'line': b'-- Up-to-date symlink: /home/malik/controller-benchmarks/ros2/install/slam_toolbox/share/slam_toolbox/cmake/ament_cmake_export_libraries-extras.cmake\n'}
[0.531451] (slam_toolbox) StdoutLine: {'line': b'-- Up-to-date symlink: /home/malik/controller-benchmarks/ros2/install/slam_toolbox/share/slam_toolbox/cmake/ament_cmake_export_targets-extras.cmake\n'}
[0.531529] (slam_toolbox) StdoutLine: {'line': b'-- Up-to-date symlink: /home/malik/controller-benchmarks/ros2/install/slam_toolbox/share/slam_toolbox/cmake/rosidl_cmake_export_typesupport_targets-extras.cmake\n'}
[0.531613] (slam_toolbox) StdoutLine: {'line': b'-- Up-to-date symlink: /home/malik/controller-benchmarks/ros2/install/slam_toolbox/share/slam_toolbox/cmake/rosidl_cmake_export_typesupport_libraries-extras.cmake\n'}
[0.531721] (slam_toolbox) StdoutLine: {'line': b'-- Up-to-date symlink: /home/malik/controller-benchmarks/ros2/install/slam_toolbox/share/slam_toolbox/cmake/slam_toolboxConfig.cmake\n'}
[0.531796] (slam_toolbox) StdoutLine: {'line': b'-- Up-to-date symlink: /home/malik/controller-benchmarks/ros2/install/slam_toolbox/share/slam_toolbox/cmake/slam_toolboxConfig-version.cmake\n'}
[0.531903] (slam_toolbox) StdoutLine: {'line': b'-- Up-to-date symlink: /home/malik/controller-benchmarks/ros2/install/slam_toolbox/share/slam_toolbox/package.xml\n'}
[0.532664] (slam_toolbox) StdoutLine: {'line': b'-- Up-to-date: /home/malik/controller-benchmarks/ros2/install/slam_toolbox/lib/libslam_toolbox__rosidl_generator_c.so\n'}
[0.533497] (slam_toolbox) StdoutLine: {'line': b'-- Up-to-date: /home/malik/controller-benchmarks/ros2/install/slam_toolbox/lib/libslam_toolbox__rosidl_typesupport_fastrtps_c.so\n'}
[0.533721] (slam_toolbox) StdoutLine: {'line': b'-- Up-to-date: /home/malik/controller-benchmarks/ros2/install/slam_toolbox/lib/libslam_toolbox__rosidl_typesupport_fastrtps_cpp.so\n'}
[0.534189] (slam_toolbox) StdoutLine: {'line': b'-- Up-to-date: /home/malik/controller-benchmarks/ros2/install/slam_toolbox/lib/libslam_toolbox__rosidl_typesupport_introspection_c.so\n'}
[0.534760] (slam_toolbox) StdoutLine: {'line': b'-- Up-to-date: /home/malik/controller-benchmarks/ros2/install/slam_toolbox/lib/libslam_toolbox__rosidl_typesupport_c.so\n'}
[0.535272] (slam_toolbox) StdoutLine: {'line': b'-- Up-to-date: /home/malik/controller-benchmarks/ros2/install/slam_toolbox/lib/libslam_toolbox__rosidl_typesupport_introspection_cpp.so\n'}
[0.535484] (slam_toolbox) StdoutLine: {'line': b'-- Up-to-date: /home/malik/controller-benchmarks/ros2/install/slam_toolbox/lib/libslam_toolbox__rosidl_typesupport_cpp.so\n'}
[0.571878] (slam_toolbox) StdoutLine: {'line': b"Listing '/home/malik/controller-benchmarks/ros2/install/slam_toolbox/local/lib/python3.10/dist-packages/slam_toolbox'...\n"}
[0.572113] (slam_toolbox) StdoutLine: {'line': b"Listing '/home/malik/controller-benchmarks/ros2/install/slam_toolbox/local/lib/python3.10/dist-packages/slam_toolbox/msg'...\n"}
[0.572187] (slam_toolbox) StdoutLine: {'line': b"Listing '/home/malik/controller-benchmarks/ros2/install/slam_toolbox/local/lib/python3.10/dist-packages/slam_toolbox/srv'...\n"}
[0.580034] (slam_toolbox) StdoutLine: {'line': b'-- Up-to-date: /home/malik/controller-benchmarks/ros2/install/slam_toolbox/lib/libslam_toolbox__rosidl_generator_py.so\n'}
[0.580312] (slam_toolbox) StdoutLine: {'line': b'-- Up-to-date: /home/malik/controller-benchmarks/ros2/install/slam_toolbox/share/slam_toolbox/cmake/export_slam_toolbox__rosidl_generator_cExport.cmake\n'}
[0.580469] (slam_toolbox) StdoutLine: {'line': b'-- Up-to-date: /home/malik/controller-benchmarks/ros2/install/slam_toolbox/share/slam_toolbox/cmake/export_slam_toolbox__rosidl_generator_cExport-release.cmake\n'}
[0.580622] (slam_toolbox) StdoutLine: {'line': b'-- Up-to-date: /home/malik/controller-benchmarks/ros2/install/slam_toolbox/share/slam_toolbox/cmake/export_slam_toolbox__rosidl_typesupport_fastrtps_cExport.cmake\n'}
[0.580705] (slam_toolbox) StdoutLine: {'line': b'-- Up-to-date: /home/malik/controller-benchmarks/ros2/install/slam_toolbox/share/slam_toolbox/cmake/export_slam_toolbox__rosidl_typesupport_fastrtps_cExport-release.cmake\n'}
[0.580870] (slam_toolbox) StdoutLine: {'line': b'-- Up-to-date: /home/malik/controller-benchmarks/ros2/install/slam_toolbox/share/slam_toolbox/cmake/export_slam_toolbox__rosidl_generator_cppExport.cmake\n'}
[0.581024] (slam_toolbox) StdoutLine: {'line': b'-- Up-to-date: /home/malik/controller-benchmarks/ros2/install/slam_toolbox/share/slam_toolbox/cmake/export_slam_toolbox__rosidl_typesupport_fastrtps_cppExport.cmake\n'}
[0.581089] (slam_toolbox) StdoutLine: {'line': b'-- Up-to-date: /home/malik/controller-benchmarks/ros2/install/slam_toolbox/share/slam_toolbox/cmake/export_slam_toolbox__rosidl_typesupport_fastrtps_cppExport-release.cmake\n'}
[0.581181] (slam_toolbox) StdoutLine: {'line': b'-- Up-to-date: /home/malik/controller-benchmarks/ros2/install/slam_toolbox/share/slam_toolbox/cmake/slam_toolbox__rosidl_typesupport_introspection_cExport.cmake\n'}
[0.581291] (slam_toolbox) StdoutLine: {'line': b'-- Up-to-date: /home/malik/controller-benchmarks/ros2/install/slam_toolbox/share/slam_toolbox/cmake/slam_toolbox__rosidl_typesupport_introspection_cExport-release.cmake\n'}
[0.581465] (slam_toolbox) StdoutLine: {'line': b'-- Up-to-date: /home/malik/controller-benchmarks/ros2/install/slam_toolbox/share/slam_toolbox/cmake/slam_toolbox__rosidl_typesupport_cExport.cmake\n'}
[0.581539] (slam_toolbox) StdoutLine: {'line': b'-- Up-to-date: /home/malik/controller-benchmarks/ros2/install/slam_toolbox/share/slam_toolbox/cmake/slam_toolbox__rosidl_typesupport_cExport-release.cmake\n'}
[0.581671] (slam_toolbox) StdoutLine: {'line': b'-- Up-to-date: /home/malik/controller-benchmarks/ros2/install/slam_toolbox/share/slam_toolbox/cmake/slam_toolbox__rosidl_typesupport_introspection_cppExport.cmake\n'}
[0.581796] (slam_toolbox) StdoutLine: {'line': b'-- Up-to-date: /home/malik/controller-benchmarks/ros2/install/slam_toolbox/share/slam_toolbox/cmake/slam_toolbox__rosidl_typesupport_introspection_cppExport-release.cmake\n'}
[0.581904] (slam_toolbox) StdoutLine: {'line': b'-- Up-to-date: /home/malik/controller-benchmarks/ros2/install/slam_toolbox/share/slam_toolbox/cmake/slam_toolbox__rosidl_typesupport_cppExport.cmake\n'}
[0.581970] (slam_toolbox) StdoutLine: {'line': b'-- Up-to-date: /home/malik/controller-benchmarks/ros2/install/slam_toolbox/share/slam_toolbox/cmake/slam_toolbox__rosidl_typesupport_cppExport-release.cmake\n'}
[0.582089] (slam_toolbox) StdoutLine: {'line': b'-- Up-to-date: /home/malik/controller-benchmarks/ros2/install/slam_toolbox/share/slam_toolbox/cmake/export_slam_toolbox__rosidl_generator_pyExport.cmake\n'}
[0.582149] (slam_toolbox) StdoutLine: {'line': b'-- Up-to-date: /home/malik/controller-benchmarks/ros2/install/slam_toolbox/share/slam_toolbox/cmake/export_slam_toolbox__rosidl_generator_pyExport-release.cmake\n'}
[0.582378] (slam_toolbox) StdoutLine: {'line': b'-- Up-to-date: /home/malik/controller-benchmarks/ros2/install/slam_toolbox/share/slam_toolbox/cmake/SlamToolboxPluginExport.cmake\n'}
[0.582491] (slam_toolbox) StdoutLine: {'line': b'-- Up-to-date: /home/malik/controller-benchmarks/ros2/install/slam_toolbox/share/slam_toolbox/cmake/SlamToolboxPluginExport-release.cmake\n'}
[0.584414] (slam_toolbox) CommandEnded: {'returncode': 0}
[0.600346] (-) TimerEvent: {}
[0.609979] (slam_toolbox) JobEnded: {'identifier': 'slam_toolbox', 'rc': 0}
[0.611294] (autodrive_f1tenth) JobStarted: {'identifier': 'autodrive_f1tenth'}
[0.700433] (-) TimerEvent: {}
[0.800647] (-) TimerEvent: {}
[0.900884] (-) TimerEvent: {}
[1.001147] (-) TimerEvent: {}
[1.101619] (-) TimerEvent: {}
[1.201892] (-) TimerEvent: {}
[1.242151] (autodrive_f1tenth) Command: {'cmd': ['/usr/bin/python3', '-W', 'ignore:setup.py install is deprecated', '-W', 'ignore:easy_install command is deprecated', 'setup.py', 'develop', '--editable', '--build-directory', '/home/malik/controller-benchmarks/ros2/build/autodrive_f1tenth/build', '--no-deps', 'symlink_data'], 'cwd': '/home/malik/controller-benchmarks/ros2/build/autodrive_f1tenth', 'env': {'GJS_DEBUG_TOPICS': 'JS ERROR;JS LOG', 'LESSOPEN': '| /usr/bin/lesspipe %s', 'USER': 'malik', 'XDG_SESSION_TYPE': 'wayland', 'SHLVL': '1', 'LD_LIBRARY_PATH': '/home/malik/controller-benchmarks/ros2/install/slam_toolbox/lib:/opt/ros/humble/opt/rviz_ogre_vendor/lib:/opt/ros/humble/lib/x86_64-linux-gnu:/opt/ros/humble/lib', 'HOME': '/home/malik', 'CONDA_SHLVL': '0', 'OLDPWD': '/home/malik/controller-benchmarks', 'DESKTOP_SESSION': 'ubuntu', 'GIO_LAUNCHED_DESKTOP_FILE': '/usr/share/applications/terminator.desktop', 'ROS_PYTHON_VERSION': '3', 'GNOME_SHELL_SESSION_MODE': 'ubuntu', 'GTK_MODULES': 'gail:atk-bridge', 'PS1': '\\[\\e[38;5;81m\\]\\u@\\h \\[\\e[38;5;226m\\]\\w \\[\\e[0m\\]$', 'MANAGERPID': '6250', 'SYSTEMD_EXEC_PID': '6448', 'DBUS_SESSION_BUS_ADDRESS': 'unix:path=/run/user/1000/bus', 'COLORTERM': 'truecolor', '_CE_M': '', 'TERMINATOR_DBUS_NAME': 'net.tenshu.Terminator25ef4b219e3b005583550f2b0f9f990c3', '_CONDA_ROOT': '/home/malik/miniconda3', 'GIO_LAUNCHED_DESKTOP_FILE_PID': '7712', 'IM_CONFIG_PHASE': '1', 'WAYLAND_DISPLAY': 'wayland-0', 'COLCON_PREFIX_PATH': '/home/malik/controller-benchmarks/ros2/install:/home/malik/ros2_ws/install', 'ROS_DISTRO': 'humble', 'LOGNAME': 'malik', 'JOURNAL_STREAM': '8:110241', '_': '/usr/bin/colcon', 'ROS_VERSION': '2', 'XDG_SESSION_CLASS': 'user', 'USERNAME': 'malik', 'TERM': 'xterm-256color', 'GNOME_DESKTOP_SESSION_ID': 'this-is-deprecated', '_CE_CONDA': '', 'ROS_LOCALHOST_ONLY': '0', 'PATH': '/home/malik/miniconda3/condabin:/opt/ros/humble/bin:/home/malik/.local/bin:/usr/local/sbin:/usr/local/bin:/usr/sbin:/usr/bin:/sbin:/bin:/usr/games:/usr/local/games:/snap/bin:/snap/bin', 'SESSION_MANAGER': 'local/malik-System-Product-Name:@/tmp/.ICE-unix/6423,unix/malik-System-Product-Name:/tmp/.ICE-unix/6423', 'INVOCATION_ID': 'fbca02157e4a477ba8c96793306f899c', 'XDG_MENU_PREFIX': 'gnome-', 'GNOME_SETUP_DISPLAY': ':1', 'XDG_RUNTIME_DIR': '/run/user/1000', 'DISPLAY': ':0', 'TERMINATOR_DBUS_PATH': '/net/tenshu/Terminator2', 'LANG': 'en_US.UTF-8', 'XDG_CURRENT_DESKTOP': 'ubuntu:GNOME', 'IBUS_DISABLE_SNOOPER': '1', 'XMODIFIERS': '@im=ibus', 'XDG_SESSION_DESKTOP': 'ubuntu', 'XAUTHORITY': '/run/user/1000/.mutter-Xwaylandauth.0NUUR3', 'LS_COLORS': 'rs=0:di=01;34:ln=01;36:mh=00:pi=40;33:so=01;35:do=01;35:bd=40;33;01:cd=40;33;01:or=40;31;01:mi=00:su=37;41:sg=30;43:ca=30;41:tw=30;42:ow=34;42:st=37;44:ex=01;32:*.tar=01;31:*.tgz=01;31:*.arc=01;31:*.arj=01;31:*.taz=01;31:*.lha=01;31:*.lz4=01;31:*.lzh=01;31:*.lzma=01;31:*.tlz=01;31:*.txz=01;31:*.tzo=01;31:*.t7z=01;31:*.zip=01;31:*.z=01;31:*.dz=01;31:*.gz=01;31:*.lrz=01;31:*.lz=01;31:*.lzo=01;31:*.xz=01;31:*.zst=01;31:*.tzst=01;31:*.bz2=01;31:*.bz=01;31:*.tbz=01;31:*.tbz2=01;31:*.tz=01;31:*.deb=01;31:*.rpm=01;31:*.jar=01;31:*.war=01;31:*.ear=01;31:*.sar=01;31:*.rar=01;31:*.alz=01;31:*.ace=01;31:*.zoo=01;31:*.cpio=01;31:*.7z=01;31:*.rz=01;31:*.cab=01;31:*.wim=01;31:*.swm=01;31:*.dwm=01;31:*.esd=01;31:*.jpg=01;35:*.jpeg=01;35:*.mjpg=01;35:*.mjpeg=01;35:*.gif=01;35:*.bmp=01;35:*.pbm=01;35:*.pgm=01;35:*.ppm=01;35:*.tga=01;35:*.xbm=01;35:*.xpm=01;35:*.tif=01;35:*.tiff=01;35:*.png=01;35:*.svg=01;35:*.svgz=01;35:*.mng=01;35:*.pcx=01;35:*.mov=01;35:*.mpg=01;35:*.mpeg=01;35:*.m2v=01;35:*.mkv=01;35:*.webm=01;35:*.webp=01;35:*.ogm=01;35:*.mp4=01;35:*.m4v=01;35:*.mp4v=01;35:*.vob=01;35:*.qt=01;35:*.nuv=01;35:*.wmv=01;35:*.asf=01;35:*.rm=01;35:*.rmvb=01;35:*.flc=01;35:*.avi=01;35:*.fli=01;35:*.flv=01;35:*.gl=01;35:*.dl=01;35:*.xcf=01;35:*.xwd=01;35:*.yuv=01;35:*.cgm=01;35:*.emf=01;35:*.ogv=01;35:*.ogx=01;35:*.aac=00;36:*.au=00;36:*.flac=00;36:*.m4a=00;36:*.mid=00;36:*.midi=00;36:*.mka=00;36:*.mp3=00;36:*.mpc=00;36:*.ogg=00;36:*.ra=00;36:*.wav=00;36:*.oga=00;36:*.opus=00;36:*.spx=00;36:*.xspf=00;36:', 'SSH_AGENT_LAUNCHER': 'gnome-keyring', 'SSH_AUTH_SOCK': '/run/user/1000/keyring/ssh', 'AMENT_PREFIX_PATH': '/home/malik/controller-benchmarks/ros2/install/autodrive_f1tenth:/home/malik/controller-benchmarks/ros2/install/slam_toolbox:/home/malik/ros2_ws/install/autodrive_nigel:/home/malik/ros2_ws/install/autodrive_f1tenth:/opt/ros/humble', 'CONDA_PYTHON_EXE': '/home/malik/miniconda3/bin/python', 'SHELL': '/bin/bash', 'TERMINATOR_UUID': 'urn:uuid:2c2a9a9c-d34b-49d8-95d1-f19f848e78ff', 'QT_ACCESSIBILITY': '1', 'GDMSESSION': 'ubuntu', 'LESSCLOSE': '/usr/bin/lesspipe %s %s', 'GJS_DEBUG_OUTPUT': 'stderr', '_CONDA_EXE': '/home/malik/miniconda3/bin/conda', 'QT_IM_MODULE': 'ibus', 'PWD': '/home/malik/controller-benchmarks/ros2/build/autodrive_f1tenth', 'LC_ALL': 'en_US.UTF-8', 'XDG_CONFIG_DIRS': '/etc/xdg/xdg-ubuntu:/etc/xdg', 'CONDA_EXE': '/home/malik/miniconda3/bin/conda', 'XDG_DATA_DIRS': '/usr/share/ubuntu:/home/malik/.local/share/flatpak/exports/share:/var/lib/flatpak/exports/share:/usr/local/share/:/usr/share/:/var/lib/snapd/desktop', 'PYTHONPATH': '/home/malik/controller-benchmarks/ros2/build/autodrive_f1tenth/prefix_override:/usr/lib/python3/dist-packages/colcon_core/task/python/colcon_distutils_commands:/home/malik/controller-benchmarks/ros2/install/autodrive_f1tenth/lib/python3.10/site-packages:/home/malik/controller-benchmarks/ros2/build/autodrive_f1tenth:/home/malik/controller-benchmarks/ros2/install/autodrive_f1tenth/lib/python3.10/site-packages:/home/malik/controller-benchmarks/ros2/install/slam_toolbox/local/lib/python3.10/dist-packages:/home/malik/ros2_ws/install/autodrive_nigel/lib/python3.10/site-packages:/home/malik/ros2_ws/build/autodrive_f1tenth:/home/malik/ros2_ws/install/autodrive_f1tenth/lib/python3.10/site-packages:/opt/ros/humble/lib/python3.10/site-packages:/opt/ros/humble/local/lib/python3.10/dist-packages', 'COLCON': '1', 'VTE_VERSION': '6800', 'CMAKE_PREFIX_PATH': '/home/malik/controller-benchmarks/ros2/install/slam_toolbox'}, 'shell': False}
[1.302082] (-) TimerEvent: {}
[1.402430] (-) TimerEvent: {}
[1.501844] (autodrive_f1tenth) StdoutLine: {'line': b'running develop\n'}
[1.502506] (-) TimerEvent: {}
[1.602793] (-) TimerEvent: {}
[1.668093] (autodrive_f1tenth) StdoutLine: {'line': b'running egg_info\n'}
[1.668383] (autodrive_f1tenth) StdoutLine: {'line': b'writing autodrive_f1tenth_bench.egg-info/PKG-INFO\n'}
[1.668624] (autodrive_f1tenth) StdoutLine: {'line': b'writing dependency_links to autodrive_f1tenth_bench.egg-info/dependency_links.txt\n'}
[1.668802] (autodrive_f1tenth) StdoutLine: {'line': b'writing entry points to autodrive_f1tenth_bench.egg-info/entry_points.txt\n'}
[1.668891] (autodrive_f1tenth) StdoutLine: {'line': b'writing requirements to autodrive_f1tenth_bench.egg-info/requires.txt\n'}
[1.668959] (autodrive_f1tenth) StdoutLine: {'line': b'writing top-level names to autodrive_f1tenth_bench.egg-info/top_level.txt\n'}
[1.671246] (autodrive_f1tenth) StdoutLine: {'line': b"reading manifest file 'autodrive_f1tenth_bench.egg-info/SOURCES.txt'\n"}
[1.671942] (autodrive_f1tenth) StdoutLine: {'line': b"writing manifest file 'autodrive_f1tenth_bench.egg-info/SOURCES.txt'\n"}
[1.673587] (autodrive_f1tenth) StdoutLine: {'line': b'running build_ext\n'}
[1.674027] (autodrive_f1tenth) StdoutLine: {'line': b'Creating /home/malik/controller-benchmarks/ros2/install/autodrive_f1tenth/lib/python3.10/site-packages/autodrive-f1tenth-bench.egg-link (link to .)\n'}
[1.674846] (autodrive_f1tenth) StdoutLine: {'line': b'Installing confidence_log script to /home/malik/controller-benchmarks/ros2/install/autodrive_f1tenth/lib/autodrive_f1tenth\n'}
[1.675080] (autodrive_f1tenth) StdoutLine: {'line': b'Installing dl_slot script to /home/malik/controller-benchmarks/ros2/install/autodrive_f1tenth/lib/autodrive_f1tenth\n'}
[1.675155] (autodrive_f1tenth) StdoutLine: {'line': b'Installing dl_slot_scan script to /home/malik/controller-benchmarks/ros2/install/autodrive_f1tenth/lib/autodrive_f1tenth\n'}
[1.675255] (autodrive_f1tenth) StdoutLine: {'line': b'Installing follow_stack script to /home/malik/controller-benchmarks/ros2/install/autodrive_f1tenth/lib/autodrive_f1tenth\n'}
[1.675320] (autodrive_f1tenth) StdoutLine: {'line': b'Installing plot_pure_pursuit_runs script to /home/malik/controller-benchmarks/ros2/install/autodrive_f1tenth/lib/autodrive_f1tenth\n'}
[1.675386] (autodrive_f1tenth) StdoutLine: {'line': b'Installing pure_pursuit script to /home/malik/controller-benchmarks/ros2/install/autodrive_f1tenth/lib/autodrive_f1tenth\n'}
[1.675437] (autodrive_f1tenth) StdoutLine: {'line': b'Installing pure_pursuit_target script to /home/malik/controller-benchmarks/ros2/install/autodrive_f1tenth/lib/autodrive_f1tenth\n'}
[1.675519] (autodrive_f1tenth) StdoutLine: {'line': b'Installing safety script to /home/malik/controller-benchmarks/ros2/install/autodrive_f1tenth/lib/autodrive_f1tenth\n'}
[1.675603] (autodrive_f1tenth) StdoutLine: {'line': b'Installing slam script to /home/malik/controller-benchmarks/ros2/install/autodrive_f1tenth/lib/autodrive_f1tenth\n'}
[1.675705] (autodrive_f1tenth) StdoutLine: {'line': b'Installing slam_tf_logger script to /home/malik/controller-benchmarks/ros2/install/autodrive_f1tenth/lib/autodrive_f1tenth\n'}
[1.675802] (autodrive_f1tenth) StdoutLine: {'line': b'Installing slam_toolbox_bridge script to /home/malik/controller-benchmarks/ros2/install/autodrive_f1tenth/lib/autodrive_f1tenth\n'}
[1.675886] (autodrive_f1tenth) StdoutLine: {'line': b'Installing slam_toolbox_map_logger script to /home/malik/controller-benchmarks/ros2/install/autodrive_f1tenth/lib/autodrive_f1tenth\n'}
[1.675959] (autodrive_f1tenth) StdoutLine: {'line': b'Installing target_vehicle_tracker script to /home/malik/controller-benchmarks/ros2/install/autodrive_f1tenth/lib/autodrive_f1tenth\n'}
[1.676107] (autodrive_f1tenth) StdoutLine: {'line': b'\n'}
[1.676185] (autodrive_f1tenth) StdoutLine: {'line': b'Installed /home/malik/controller-benchmarks/ros2/build/autodrive_f1tenth\n'}
[1.676247] (autodrive_f1tenth) StdoutLine: {'line': b'running symlink_data\n'}
[1.702897] (-) TimerEvent: {}
[1.717138] (autodrive_f1tenth) CommandEnded: {'returncode': 0}
[1.725658] (autodrive_f1tenth) JobEnded: {'identifier': 'autodrive_f1tenth', 'rc': 0}
[1.726384] (-) EventReactorShutdown: {}
