[0.000000] (-) TimerEvent: {}
[0.000284] (slam_toolbox) JobQueued: {'identifier': 'slam_toolbox', 'dependencies': OrderedDict()}
[0.000330] (autodrive_f1tenth) JobQueued: {'identifier': 'autodrive_f1tenth', 'dependencies': OrderedDict([('slam_toolbox', '/home/malik/controller-benchmarks/ros2/install/slam_toolbox')])}
[0.000448] (slam_toolbox) JobStarted: {'identifier': 'slam_toolbox'}
[0.005288] (slam_toolbox) JobProgress: {'identifier': 'slam_toolbox', 'progress': 'cmake'}
[0.006674] (slam_toolbox) JobProgress: {'identifier': 'slam_toolbox', 'progress': 'build'}
[0.006724] (slam_toolbox) Command: {'cmd': ['/usr/bin/cmake', '--build', '/home/malik/controller-benchmarks/ros2/build/slam_toolbox', '--', '-j8', '-l8'], 'cwd': '/home/malik/controller-benchmarks/ros2/build/slam_toolbox', 'env': OrderedDict([('GJS_DEBUG_TOPICS', 'JS ERROR;JS LOG'), ('LESSOPEN', '| /usr/bin/lesspipe %s'), ('USER', 'malik'), ('XDG_SESSION_TYPE', 'wayland'), ('SHLVL', '1'), ('LD_LIBRARY_PATH', '/opt/ros/humble/opt/rviz_ogre_vendor/lib:/opt/ros/humble/lib/x86_64-linux-gnu:/opt/ros/humble/lib'), ('HOME', '/home/malik'), ('CONDA_SHLVL', '0'), ('OLDPWD', '/home/malik/controller-benchmarks/ros2/autodrive_f1tenth/autodrive_f1tenth'), ('DESKTOP_SESSION', 'ubuntu'), ('GIO_LAUNCHED_DESKTOP_FILE', '/usr/share/applications/terminator.desktop'), ('ROS_PYTHON_VERSION', '3'), ('GNOME_SHELL_SESSION_MODE', 'ubuntu'), ('GTK_MODULES', 'gail:atk-bridge'), ('PS1', '\\[\\e[38;5;81m\\]\\u@\\h \\[\\e[38;5;226m\\]\\w \\[\\e[0m\\]$'), ('MANAGERPID', '1409'), ('SYSTEMD_EXEC_PID', '5562'), ('IM_CONFIG_CHECK_ENV', '1'), ('DBUS_SESSION_BUS_ADDRESS', 'unix:path=/run/user/1000/bus'), ('COLORTERM', 'truecolor'), ('_CE_M', ''), ('TERMINATOR_DBUS_NAME', 'net.tenshu.Terminator25ef4b219e3b005583550f2b0f9f990c3'), ('_CONDA_ROOT', '/home/malik/miniconda3'), ('GIO_LAUNCHED_DESKTOP_FILE_PID', '6826'), ('IM_CONFIG_PHASE', '1'), ('WAYLAND_DISPLAY', 'wayland-0'), ('COLCON_PREFIX_PATH', '/home/malik/ros2_ws/install'), ('ROS_DISTRO', 'humble'), ('LOGNAME', 'malik'), ('JOURNAL_STREAM', '8:72390'), ('_', '/usr/bin/colcon'), ('ROS_VERSION', '2'), ('XDG_SESSION_CLASS', 'user'), ('USERNAME', 'malik'), ('TERM', 'xterm-256color'), ('GNOME_DESKTOP_SESSION_ID', 'this-is-deprecated'), ('_CE_CONDA', ''), ('ROS_LOCALHOST_ONLY', '0'), ('PATH', '/home/malik/miniconda3/condabin:/opt/ros/humble/bin:/home/malik/.local/bin:/home/malik/.local/bin:/usr/local/sbin:/usr/local/bin:/usr/sbin:/usr/bin:/sbin:/bin:/usr/games:/usr/local/games:/snap/bin:/snap/bin'), ('SESSION_MANAGER', 'local/malik-System-Product-Name:@/tmp/.ICE-unix/5537,unix/malik-System-Product-Name:/tmp/.ICE-unix/5537'), ('INVOCATION_ID', 'b075604a8391438ea917198707f8ed3d'), ('XDG_MENU_PREFIX', 'gnome-'), ('GNOME_SETUP_DISPLAY', ':1'), ('XDG_RUNTIME_DIR', '/run/user/1000'), ('DISPLAY', ':0'), ('TERMINATOR_DBUS_PATH', '/net/tenshu/Terminator2'), ('LANG', 'en_US.UTF-8'), ('XDG_CURRENT_DESKTOP', 'ubuntu:GNOME'), ('IBUS_DISABLE_SNOOPER', '1'), ('XMODIFIERS', '@im=ibus'), ('XDG_SESSION_DESKTOP', 'ubuntu'), ('XAUTHORITY', '/run/user/1000/.mutter-Xwaylandauth.S7J1R3'), ('LS_COLORS', 'rs=0:di=01;34:ln=01;36:mh=00:pi=40;33:so=01;35:do=01;35:bd=40;33;01:cd=40;33;01:or=40;31;01:mi=00:su=37;41:sg=30;43:ca=30;41:tw=30;42:ow=34;42:st=37;44:ex=01;32:*.tar=01;31:*.tgz=01;31:*.arc=01;31:*.arj=01;31:*.taz=01;31:*.lha=01;31:*.lz4=01;31:*.lzh=01;31:*.lzma=01;31:*.tlz=01;31:*.txz=01;31:*.tzo=01;31:*.t7z=01;31:*.zip=01;31:*.z=01;31:*.dz=01;31:*.gz=01;31:*.lrz=01;31:*.lz=01;31:*.lzo=01;31:*.xz=01;31:*.zst=01;31:*.tzst=01;31:*.bz2=01;31:*.bz=01;31:*.tbz=01;31:*.tbz2=01;31:*.tz=01;31:*.deb=01;31:*.rpm=01;31:*.jar=01;31:*.war=01;31:*.ear=01;31:*.sar=01;31:*.rar=01;31:*.alz=01;31:*.ace=01;31:*.zoo=01;31:*.cpio=01;31:*.7z=01;31:*.rz=01;31:*.cab=01;31:*.wim=01;31:*.swm=01;31:*.dwm=01;31:*.esd=01;31:*.jpg=01;35:*.jpeg=01;35:*.mjpg=01;35:*.mjpeg=01;35:*.gif=01;35:*.bmp=01;35:*.pbm=01;35:*.pgm=01;35:*.ppm=01;35:*.tga=01;35:*.xbm=01;35:*.xpm=01;35:*.tif=01;35:*.tiff=01;35:*.png=01;35:*.svg=01;35:*.svgz=01;35:*.mng=01;35:*.pcx=01;35:*.mov=01;35:*.mpg=01;35:*.mpeg=01;35:*.m2v=01;35:*.mkv=01;35:*.webm=01;35:*.webp=01;35:*.ogm=01;35:*.mp4=01;35:*.m4v=01;35:*.mp4v=01;35:*.vob=01;35:*.qt=01;35:*.nuv=01;35:*.wmv=01;35:*.asf=01;35:*.rm=01;35:*.rmvb=01;35:*.flc=01;35:*.avi=01;35:*.fli=01;35:*.flv=01;35:*.gl=01;35:*.dl=01;35:*.xcf=01;35:*.xwd=01;35:*.yuv=01;35:*.cgm=01;35:*.emf=01;35:*.ogv=01;35:*.ogx=01;35:*.aac=00;36:*.au=00;36:*.flac=00;36:*.m4a=00;36:*.mid=00;36:*.midi=00;36:*.mka=00;36:*.mp3=00;36:*.mpc=00;36:*.ogg=00;36:*.ra=00;36:*.wav=00;36:*.oga=00;36:*.opus=00;36:*.spx=00;36:*.xspf=00;36:'), ('SSH_AGENT_LAUNCHER', 'gnome-keyring'), ('SSH_AUTH_SOCK', '/run/user/1000/keyring/ssh'), ('AMENT_PREFIX_PATH', '/home/malik/ros2_ws/install/autodrive_nigel:/home/malik/ros2_ws/install/autodrive_f1tenth:/opt/ros/humble'), ('CONDA_PYTHON_EXE', '/home/malik/miniconda3/bin/python'), ('SHELL', '/bin/bash'), ('TERMINATOR_UUID', 'urn:uuid:d879508f-ff42-4195-b39c-22765fb60071'), ('QT_ACCESSIBILITY', '1'), ('GDMSESSION', 'ubuntu'), ('LESSCLOSE', '/usr/bin/lesspipe %s %s'), ('GJS_DEBUG_OUTPUT', 'stderr'), ('_CONDA_EXE', '/home/malik/miniconda3/bin/conda'), ('QT_IM_MODULE', 'ibus'), ('PWD', '/home/malik/controller-benchmarks/ros2/build/slam_toolbox'), ('LC_ALL', 'en_US.UTF-8'), ('XDG_CONFIG_DIRS', '/etc/xdg/xdg-ubuntu:/etc/xdg'), ('CONDA_EXE', '/home/malik/miniconda3/bin/conda'), ('XDG_DATA_DIRS', '/usr/share/ubuntu:/home/malik/.local/share/flatpak/exports/share:/var/lib/flatpak/exports/share:/usr/local/share/:/usr/share/:/var/lib/snapd/desktop'), ('PYTHONPATH', '/home/malik/ros2_ws/install/autodrive_nigel/lib/python3.10/site-packages:/home/malik/ros2_ws/install/autodrive_f1tenth/lib/python3.10/site-packages:/opt/ros/humble/lib/python3.10/site-packages:/opt/ros/humble/local/lib/python3.10/dist-packages'), ('COLCON', '1'), ('VTE_VERSION', '6800'), ('CMAKE_PREFIX_PATH', '/home/malik/ros2_ws/install/autodrive_nigel:/home/malik/ros2_ws/install/autodrive_f1tenth:/opt/ros/humble')]), 'shell': False}
[0.041708] (slam_toolbox) StdoutLine: {'line': b'\x1b[35m\x1b[1mConsolidate compiler generated dependencies of target slam_toolbox__rosidl_generator_c\x1b[0m\n'}
[0.047178] (slam_toolbox) StdoutLine: {'line': b'\x1b[35m\x1b[1mConsolidate compiler generated dependencies of target kartoSlamToolbox\x1b[0m\n'}
[0.048138] (slam_toolbox) StdoutLine: {'line': b'[  1%] Built target slam_toolbox__cpp\n'}
[0.052905] (slam_toolbox) StdoutLine: {'line': b'[ 10%] Built target slam_toolbox__rosidl_generator_c\n'}
[0.057210] (slam_toolbox) StdoutLine: {'line': b'[ 10%] Built target ament_cmake_python_copy_slam_toolbox\n'}
[0.058351] (slam_toolbox) StdoutLine: {'line': b'\x1b[35m\x1b[1mConsolidate compiler generated dependencies of target slam_toolbox__rosidl_typesupport_introspection_cpp\x1b[0m\n'}
[0.059827] (slam_toolbox) StdoutLine: {'line': b'\x1b[35m\x1b[1mConsolidate compiler generated dependencies of target slam_toolbox__rosidl_typesupport_cpp\x1b[0m\n'}
[0.060428] (slam_toolbox) StdoutLine: {'line': b'\x1b[35m\x1b[1mConsolidate compiler generated dependencies of target slam_toolbox__rosidl_typesupport_fastrtps_cpp\x1b[0m\n'}
[0.063825] (slam_toolbox) StdoutLine: {'line': b'\x1b[35m\x1b[1mConsolidate compiler generated dependencies of target slam_toolbox__rosidl_typesupport_introspection_c\x1b[0m\n'}
[0.064809] (slam_toolbox) StdoutLine: {'line': b'\x1b[35m\x1b[1mConsolidate compiler generated dependencies of target slam_toolbox__rosidl_typesupport_fastrtps_c\x1b[0m\n'}
[0.068324] (slam_toolbox) StdoutLine: {'line': b'\x1b[35m\x1b[1mConsolidate compiler generated dependencies of target slam_toolbox__rosidl_typesupport_c\x1b[0m\n'}
[0.072341] (slam_toolbox) StdoutLine: {'line': b'[ 12%] Built target kartoSlamToolbox\n'}
[0.078005] (slam_toolbox) StdoutLine: {'line': b'[ 20%] Built target slam_toolbox__rosidl_typesupport_introspection_c\n'}
[0.079961] (slam_toolbox) StdoutLine: {'line': b'[ 37%] Built target slam_toolbox__rosidl_typesupport_cpp\n'}
[0.080087] (slam_toolbox) StdoutLine: {'line': b'[ 37%] Built target slam_toolbox__rosidl_typesupport_fastrtps_cpp\n'}
[0.081252] (slam_toolbox) StdoutLine: {'line': b'[ 45%] Built target slam_toolbox__rosidl_typesupport_c\n'}
[0.081362] (slam_toolbox) StdoutLine: {'line': b'[ 53%] Built target slam_toolbox__rosidl_typesupport_introspection_cpp\n'}
[0.081658] (slam_toolbox) StdoutLine: {'line': b'[ 62%] Built target slam_toolbox__rosidl_typesupport_fastrtps_c\n'}
[0.088569] (slam_toolbox) StdoutLine: {'line': b'\x1b[35m\x1b[1mConsolidate compiler generated dependencies of target ceres_solver_plugin\x1b[0m\n'}
[0.092036] (slam_toolbox) StdoutLine: {'line': b'\x1b[35m\x1b[1mConsolidate compiler generated dependencies of target SlamToolboxPlugin\x1b[0m\n'}
[0.095026] (slam_toolbox) StdoutLine: {'line': b'[ 62%] Built target slam_toolbox\n'}
[0.100337] (-) TimerEvent: {}
[0.104750] (slam_toolbox) StdoutLine: {'line': b'\x1b[35m\x1b[1mConsolidate compiler generated dependencies of target toolbox_common\x1b[0m\n'}
[0.110262] (slam_toolbox) StdoutLine: {'line': b'[ 62%] Built target slam_toolbox__py\n'}
[0.113298] (slam_toolbox) StdoutLine: {'line': b'[ 64%] Built target SlamToolboxPlugin\n'}
[0.114473] (slam_toolbox) StdoutLine: {'line': b'[ 66%] Built target ceres_solver_plugin\n'}
[0.122763] (slam_toolbox) StdoutLine: {'line': b'\x1b[35m\x1b[1mConsolidate compiler generated dependencies of target slam_toolbox__rosidl_generator_py\x1b[0m\n'}
[0.136684] (slam_toolbox) StdoutLine: {'line': b'[ 74%] Built target slam_toolbox__rosidl_generator_py\n'}
[0.144127] (slam_toolbox) StdoutLine: {'line': b'[ 79%] Built target toolbox_common\n'}
[0.144264] (slam_toolbox) StdoutLine: {'line': b'\x1b[35m\x1b[1mConsolidate compiler generated dependencies of target slam_toolbox__rosidl_typesupport_fastrtps_c__pyext\x1b[0m\n'}
[0.144323] (slam_toolbox) StdoutLine: {'line': b'\x1b[35m\x1b[1mConsolidate compiler generated dependencies of target slam_toolbox__rosidl_typesupport_introspection_c__pyext\x1b[0m\n'}
[0.144372] (slam_toolbox) StdoutLine: {'line': b'\x1b[35m\x1b[1mConsolidate compiler generated dependencies of target slam_toolbox__rosidl_typesupport_c__pyext\x1b[0m\n'}
[0.152999] (slam_toolbox) StdoutLine: {'line': b'\x1b[35m\x1b[1mConsolidate compiler generated dependencies of target async_slam_toolbox\x1b[0m\n'}
[0.153126] (slam_toolbox) StdoutLine: {'line': b'\x1b[35m\x1b[1mConsolidate compiler generated dependencies of target sync_slam_toolbox\x1b[0m\n'}
[0.155339] (slam_toolbox) StdoutLine: {'line': b'\x1b[35m\x1b[1mConsolidate compiler generated dependencies of target localization_slam_toolbox\x1b[0m\n'}
[0.155465] (slam_toolbox) StdoutLine: {'line': b'[ 80%] Built target slam_toolbox__rosidl_typesupport_fastrtps_c__pyext\n'}
[0.159977] (slam_toolbox) StdoutLine: {'line': b'\x1b[35m\x1b[1mConsolidate compiler generated dependencies of target lifelong_slam_toolbox\x1b[0m\n'}
[0.160170] (slam_toolbox) StdoutLine: {'line': b'[ 82%] Built target slam_toolbox__rosidl_typesupport_introspection_c__pyext\n'}
[0.161498] (slam_toolbox) StdoutLine: {'line': b'[ 84%] Built target slam_toolbox__rosidl_typesupport_c__pyext\n'}
[0.165551] (slam_toolbox) StdoutLine: {'line': b'\x1b[35m\x1b[1mConsolidate compiler generated dependencies of target merge_maps_kinematic\x1b[0m\n'}
[0.177376] (slam_toolbox) StdoutLine: {'line': b'[ 85%] Built target localization_slam_toolbox\n'}
[0.184232] (slam_toolbox) StdoutLine: {'line': b'[ 89%] Built target sync_slam_toolbox\n'}
[0.184358] (slam_toolbox) StdoutLine: {'line': b'[ 89%] Built target async_slam_toolbox\n'}
[0.185319] (slam_toolbox) StdoutLine: {'line': b'\x1b[35m\x1b[1mConsolidate compiler generated dependencies of target localization_slam_toolbox_node\x1b[0m\n'}
[0.189105] (slam_toolbox) StdoutLine: {'line': b'[ 90%] Built target lifelong_slam_toolbox\n'}
[0.193239] (slam_toolbox) StdoutLine: {'line': b'\x1b[35m\x1b[1mConsolidate compiler generated dependencies of target map_and_localization_slam_toolbox\x1b[0m\n'}
[0.194421] (slam_toolbox) StdoutLine: {'line': b'\x1b[35m\x1b[1mConsolidate compiler generated dependencies of target async_slam_toolbox_node\x1b[0m\n'}
[0.194948] (slam_toolbox) StdoutLine: {'line': b'[ 92%] Built target merge_maps_kinematic\n'}
[0.196865] (slam_toolbox) StdoutLine: {'line': b'\x1b[35m\x1b[1mConsolidate compiler generated dependencies of target lifelong_slam_toolbox_node\x1b[0m\n'}
[0.200405] (-) TimerEvent: {}
[0.200575] (slam_toolbox) StdoutLine: {'line': b'\x1b[35m\x1b[1mConsolidate compiler generated dependencies of target sync_slam_toolbox_node\x1b[0m\n'}
[0.210279] (slam_toolbox) StdoutLine: {'line': b'[ 94%] Built target localization_slam_toolbox_node\n'}
[0.221752] (slam_toolbox) StdoutLine: {'line': b'[ 97%] Built target async_slam_toolbox_node\n'}
[0.221888] (slam_toolbox) StdoutLine: {'line': b'[ 97%] Built target lifelong_slam_toolbox_node\n'}
[0.222570] (slam_toolbox) StdoutLine: {'line': b'[ 98%] Built target map_and_localization_slam_toolbox\n'}
[0.224286] (slam_toolbox) StdoutLine: {'line': b'[ 99%] Built target sync_slam_toolbox_node\n'}
[0.231079] (slam_toolbox) StdoutLine: {'line': b'\x1b[35m\x1b[1mConsolidate compiler generated dependencies of target map_and_localization_slam_toolbox_node\x1b[0m\n'}
[0.254433] (slam_toolbox) StdoutLine: {'line': b'[100%] Built target map_and_localization_slam_toolbox_node\n'}
[0.268381] (slam_toolbox) StdoutLine: {'line': b'running egg_info\n'}
[0.268858] (slam_toolbox) StdoutLine: {'line': b'writing slam_toolbox.egg-info/PKG-INFO\n'}
[0.268967] (slam_toolbox) StdoutLine: {'line': b'writing dependency_links to slam_toolbox.egg-info/dependency_links.txt\n'}
[0.269089] (slam_toolbox) StdoutLine: {'line': b'writing top-level names to slam_toolbox.egg-info/top_level.txt\n'}
[0.270907] (slam_toolbox) StdoutLine: {'line': b"reading manifest file 'slam_toolbox.egg-info/SOURCES.txt'\n"}
[0.271462] (slam_toolbox) StdoutLine: {'line': b"writing manifest file 'slam_toolbox.egg-info/SOURCES.txt'\n"}
[0.289553] (slam_toolbox) StdoutLine: {'line': b'[100%] Built target ament_cmake_python_build_slam_toolbox_egg\n'}
[0.297539] (slam_toolbox) CommandEnded: {'returncode': 0}
[0.298061] (slam_toolbox) JobProgress: {'identifier': 'slam_toolbox', 'progress': 'install'}
[0.300494] (-) TimerEvent: {}
[0.303978] (slam_toolbox) Command: {'cmd': ['/usr/bin/cmake', '--install', '/home/malik/controller-benchmarks/ros2/build/slam_toolbox'], 'cwd': '/home/malik/controller-benchmarks/ros2/build/slam_toolbox', 'env': OrderedDict([('GJS_DEBUG_TOPICS', 'JS ERROR;JS LOG'), ('LESSOPEN', '| /usr/bin/lesspipe %s'), ('USER', 'malik'), ('XDG_SESSION_TYPE', 'wayland'), ('SHLVL', '1'), ('LD_LIBRARY_PATH', '/opt/ros/humble/opt/rviz_ogre_vendor/lib:/opt/ros/humble/lib/x86_64-linux-gnu:/opt/ros/humble/lib'), ('HOME', '/home/malik'), ('CONDA_SHLVL', '0'), ('OLDPWD', '/home/malik/controller-benchmarks/ros2/autodrive_f1tenth/autodrive_f1tenth'), ('DESKTOP_SESSION', 'ubuntu'), ('GIO_LAUNCHED_DESKTOP_FILE', '/usr/share/applications/terminator.desktop'), ('ROS_PYTHON_VERSION', '3'), ('GNOME_SHELL_SESSION_MODE', 'ubuntu'), ('GTK_MODULES', 'gail:atk-bridge'), ('PS1', '\\[\\e[38;5;81m\\]\\u@\\h \\[\\e[38;5;226m\\]\\w \\[\\e[0m\\]$'), ('MANAGERPID', '1409'), ('SYSTEMD_EXEC_PID', '5562'), ('IM_CONFIG_CHECK_ENV', '1'), ('DBUS_SESSION_BUS_ADDRESS', 'unix:path=/run/user/1000/bus'), ('COLORTERM', 'truecolor'), ('_CE_M', ''), ('TERMINATOR_DBUS_NAME', 'net.tenshu.Terminator25ef4b219e3b005583550f2b0f9f990c3'), ('_CONDA_ROOT', '/home/malik/miniconda3'), ('GIO_LAUNCHED_DESKTOP_FILE_PID', '6826'), ('IM_CONFIG_PHASE', '1'), ('WAYLAND_DISPLAY', 'wayland-0'), ('COLCON_PREFIX_PATH', '/home/malik/ros2_ws/install'), ('ROS_DISTRO', 'humble'), ('LOGNAME', 'malik'), ('JOURNAL_STREAM', '8:72390'), ('_', '/usr/bin/colcon'), ('ROS_VERSION', '2'), ('XDG_SESSION_CLASS', 'user'), ('USERNAME', 'malik'), ('TERM', 'xterm-256color'), ('GNOME_DESKTOP_SESSION_ID', 'this-is-deprecated'), ('_CE_CONDA', ''), ('ROS_LOCALHOST_ONLY', '0'), ('PATH', '/home/malik/miniconda3/condabin:/opt/ros/humble/bin:/home/malik/.local/bin:/home/malik/.local/bin:/usr/local/sbin:/usr/local/bin:/usr/sbin:/usr/bin:/sbin:/bin:/usr/games:/usr/local/games:/snap/bin:/snap/bin'), ('SESSION_MANAGER', 'local/malik-System-Product-Name:@/tmp/.ICE-unix/5537,unix/malik-System-Product-Name:/tmp/.ICE-unix/5537'), ('INVOCATION_ID', 'b075604a8391438ea917198707f8ed3d'), ('XDG_MENU_PREFIX', 'gnome-'), ('GNOME_SETUP_DISPLAY', ':1'), ('XDG_RUNTIME_DIR', '/run/user/1000'), ('DISPLAY', ':0'), ('TERMINATOR_DBUS_PATH', '/net/tenshu/Terminator2'), ('LANG', 'en_US.UTF-8'), ('XDG_CURRENT_DESKTOP', 'ubuntu:GNOME'), ('IBUS_DISABLE_SNOOPER', '1'), ('XMODIFIERS', '@im=ibus'), ('XDG_SESSION_DESKTOP', 'ubuntu'), ('XAUTHORITY', '/run/user/1000/.mutter-Xwaylandauth.S7J1R3'), ('LS_COLORS', 'rs=0:di=01;34:ln=01;36:mh=00:pi=40;33:so=01;35:do=01;35:bd=40;33;01:cd=40;33;01:or=40;31;01:mi=00:su=37;41:sg=30;43:ca=30;41:tw=30;42:ow=34;42:st=37;44:ex=01;32:*.tar=01;31:*.tgz=01;31:*.arc=01;31:*.arj=01;31:*.taz=01;31:*.lha=01;31:*.lz4=01;31:*.lzh=01;31:*.lzma=01;31:*.tlz=01;31:*.txz=01;31:*.tzo=01;31:*.t7z=01;31:*.zip=01;31:*.z=01;31:*.dz=01;31:*.gz=01;31:*.lrz=01;31:*.lz=01;31:*.lzo=01;31:*.xz=01;31:*.zst=01;31:*.tzst=01;31:*.bz2=01;31:*.bz=01;31:*.tbz=01;31:*.tbz2=01;31:*.tz=01;31:*.deb=01;31:*.rpm=01;31:*.jar=01;31:*.war=01;31:*.ear=01;31:*.sar=01;31:*.rar=01;31:*.alz=01;31:*.ace=01;31:*.zoo=01;31:*.cpio=01;31:*.7z=01;31:*.rz=01;31:*.cab=01;31:*.wim=01;31:*.swm=01;31:*.dwm=01;31:*.esd=01;31:*.jpg=01;35:*.jpeg=01;35:*.mjpg=01;35:*.mjpeg=01;35:*.gif=01;35:*.bmp=01;35:*.pbm=01;35:*.pgm=01;35:*.ppm=01;35:*.tga=01;35:*.xbm=01;35:*.xpm=01;35:*.tif=01;35:*.tiff=01;35:*.png=01;35:*.svg=01;35:*.svgz=01;35:*.mng=01;35:*.pcx=01;35:*.mov=01;35:*.mpg=01;35:*.mpeg=01;35:*.m2v=01;35:*.mkv=01;35:*.webm=01;35:*.webp=01;35:*.ogm=01;35:*.mp4=01;35:*.m4v=01;35:*.mp4v=01;35:*.vob=01;35:*.qt=01;35:*.nuv=01;35:*.wmv=01;35:*.asf=01;35:*.rm=01;35:*.rmvb=01;35:*.flc=01;35:*.avi=01;35:*.fli=01;35:*.flv=01;35:*.gl=01;35:*.dl=01;35:*.xcf=01;35:*.xwd=01;35:*.yuv=01;35:*.cgm=01;35:*.emf=01;35:*.ogv=01;35:*.ogx=01;35:*.aac=00;36:*.au=00;36:*.flac=00;36:*.m4a=00;36:*.mid=00;36:*.midi=00;36:*.mka=00;36:*.mp3=00;36:*.mpc=00;36:*.ogg=00;36:*.ra=00;36:*.wav=00;36:*.oga=00;36:*.opus=00;36:*.spx=00;36:*.xspf=00;36:'), ('SSH_AGENT_LAUNCHER', 'gnome-keyring'), ('SSH_AUTH_SOCK', '/run/user/1000/keyring/ssh'), ('AMENT_PREFIX_PATH', '/home/malik/ros2_ws/install/autodrive_nigel:/home/malik/ros2_ws/install/autodrive_f1tenth:/opt/ros/humble'), ('CONDA_PYTHON_EXE', '/home/malik/miniconda3/bin/python'), ('SHELL', '/bin/bash'), ('TERMINATOR_UUID', 'urn:uuid:d879508f-ff42-4195-b39c-22765fb60071'), ('QT_ACCESSIBILITY', '1'), ('GDMSESSION', 'ubuntu'), ('LESSCLOSE', '/usr/bin/lesspipe %s %s'), ('GJS_DEBUG_OUTPUT', 'stderr'), ('_CONDA_EXE', '/home/malik/miniconda3/bin/conda'), ('QT_IM_MODULE', 'ibus'), ('PWD', '/home/malik/controller-benchmarks/ros2/build/slam_toolbox'), ('LC_ALL', 'en_US.UTF-8'), ('XDG_CONFIG_DIRS', '/etc/xdg/xdg-ubuntu:/etc/xdg'), ('CONDA_EXE', '/home/malik/miniconda3/bin/conda'), ('XDG_DATA_DIRS', '/usr/share/ubuntu:/home/malik/.local/share/flatpak/exports/share:/var/lib/flatpak/exports/share:/usr/local/share/:/usr/share/:/var/lib/snapd/desktop'), ('PYTHONPATH', '/home/malik/ros2_ws/install/autodrive_nigel/lib/python3.10/site-packages:/home/malik/ros2_ws/install/autodrive_f1tenth/lib/python3.10/site-packages:/opt/ros/humble/lib/python3.10/site-packages:/opt/ros/humble/local/lib/python3.10/dist-packages'), ('COLCON', '1'), ('VTE_VERSION', '6800'), ('CMAKE_PREFIX_PATH', '/home/malik/ros2_ws/install/autodrive_nigel:/home/malik/ros2_ws/install/autodrive_f1tenth:/opt/ros/humble')]), 'shell': False}
[0.309140] (slam_toolbox) StdoutLine: {'line': b'-- Install configuration: "Release"\n'}
[0.309245] (slam_toolbox) StdoutLine: {'line': b'-- Up-to-date: /home/malik/controller-benchmarks/ros2/install/slam_toolbox/share/ament_index/resource_index/rosidl_interfaces/slam_toolbox\n'}
[0.309377] (slam_toolbox) StdoutLine: {'line': b'-- Up-to-date: /home/malik/controller-benchmarks/ros2/install/slam_toolbox/include/slam_toolbox/slam_toolbox\n'}
[0.309450] (slam_toolbox) StdoutLine: {'line': b'-- Up-to-date: /home/malik/controller-benchmarks/ros2/install/slam_toolbox/include/slam_toolbox/slam_toolbox/srv\n'}
[0.309505] (slam_toolbox) StdoutLine: {'line': b'-- Up-to-date: /home/malik/controller-benchmarks/ros2/install/slam_toolbox/include/slam_toolbox/slam_toolbox/srv/merge_maps.h\n'}
[0.309730] (slam_toolbox) StdoutLine: {'line': b'-- Up-to-date: /home/malik/controller-benchmarks/ros2/install/slam_toolbox/include/slam_toolbox/slam_toolbox/srv/reset.h\n'}
[0.309842] (slam_toolbox) StdoutLine: {'line': b'-- Up-to-date: /home/malik/controller-benchmarks/ros2/install/slam_toolbox/include/slam_toolbox/slam_toolbox/srv/deserialize_pose_graph.h\n'}
[0.309933] (slam_toolbox) StdoutLine: {'line': b'-- Up-to-date: /home/malik/controller-benchmarks/ros2/install/slam_toolbox/include/slam_toolbox/slam_toolbox/srv/add_submap.h\n'}
[0.310018] (slam_toolbox) StdoutLine: {'line': b'-- Up-to-date: /home/malik/controller-benchmarks/ros2/install/slam_toolbox/include/slam_toolbox/slam_toolbox/srv/serialize_pose_graph.h\n'}
[0.310103] (slam_toolbox) StdoutLine: {'line': b'-- Up-to-date: /home/malik/controller-benchmarks/ros2/install/slam_toolbox/include/slam_toolbox/slam_toolbox/srv/detail\n'}
[0.310200] (slam_toolbox) StdoutLine: {'line': b'-- Up-to-date: /home/malik/controller-benchmarks/ros2/install/slam_toolbox/include/slam_toolbox/slam_toolbox/srv/detail/save_map__functions.c\n'}
[0.310289] (slam_toolbox) StdoutLine: {'line': b'-- Up-to-date: /home/malik/controller-benchmarks/ros2/install/slam_toolbox/include/slam_toolbox/slam_toolbox/srv/detail/deserialize_pose_graph__functions.h\n'}
[0.310368] (slam_toolbox) StdoutLine: {'line': b'-- Up-to-date: /home/malik/controller-benchmarks/ros2/install/slam_toolbox/include/slam_toolbox/slam_toolbox/srv/detail/add_submap__functions.c\n'}
[0.310426] (slam_toolbox) StdoutLine: {'line': b'-- Up-to-date: /home/malik/controller-benchmarks/ros2/install/slam_toolbox/include/slam_toolbox/slam_toolbox/srv/detail/clear_queue__functions.h\n'}
[0.310483] (slam_toolbox) StdoutLine: {'line': b'-- Up-to-date: /home/malik/controller-benchmarks/ros2/install/slam_toolbox/include/slam_toolbox/slam_toolbox/srv/detail/clear_queue__functions.c\n'}
[0.310528] (slam_toolbox) StdoutLine: {'line': b'-- Up-to-date: /home/malik/controller-benchmarks/ros2/install/slam_toolbox/include/slam_toolbox/slam_toolbox/srv/detail/pause__struct.h\n'}
[0.310589] (slam_toolbox) StdoutLine: {'line': b'-- Up-to-date: /home/malik/controller-benchmarks/ros2/install/slam_toolbox/include/slam_toolbox/slam_toolbox/srv/detail/loop_closure__struct.h\n'}
[0.310635] (slam_toolbox) StdoutLine: {'line': b'-- Up-to-date: /home/malik/controller-benchmarks/ros2/install/slam_toolbox/include/slam_toolbox/slam_toolbox/srv/detail/loop_closure__functions.h\n'}
[0.310706] (slam_toolbox) StdoutLine: {'line': b'-- Up-to-date: /home/malik/controller-benchmarks/ros2/install/slam_toolbox/include/slam_toolbox/slam_toolbox/srv/detail/add_submap__struct.h\n'}
[0.310755] (slam_toolbox) StdoutLine: {'line': b'-- Up-to-date: /home/malik/controller-benchmarks/ros2/install/slam_toolbox/include/slam_toolbox/slam_toolbox/srv/detail/loop_closure__functions.c\n'}
[0.310840] (slam_toolbox) StdoutLine: {'line': b'-- Up-to-date: /home/malik/controller-benchmarks/ros2/install/slam_toolbox/include/slam_toolbox/slam_toolbox/srv/detail/add_submap__type_support.h\n'}
[0.311015] (slam_toolbox) StdoutLine: {'line': b'-- Up-to-date: /home/malik/controller-benchmarks/ros2/install/slam_toolbox/include/slam_toolbox/slam_toolbox/srv/detail/reset__type_support.h\n'}
[0.311062] (slam_toolbox) StdoutLine: {'line': b'-- Up-to-date: /home/malik/controller-benchmarks/ros2/install/slam_toolbox/include/slam_toolbox/slam_toolbox/srv/detail/serialize_pose_graph__functions.c\n'}
[0.311107] (slam_toolbox) StdoutLine: {'line': b'-- Up-to-date: /home/malik/controller-benchmarks/ros2/install/slam_toolbox/include/slam_toolbox/slam_toolbox/srv/detail/deserialize_pose_graph__type_support.h\n'}
[0.311163] (slam_toolbox) StdoutLine: {'line': b'-- Up-to-date: /home/malik/controller-benchmarks/ros2/install/slam_toolbox/include/slam_toolbox/slam_toolbox/srv/detail/reset__functions.h\n'}
[0.311215] (slam_toolbox) StdoutLine: {'line': b'-- Up-to-date: /home/malik/controller-benchmarks/ros2/install/slam_toolbox/include/slam_toolbox/slam_toolbox/srv/detail/clear_queue__struct.h\n'}
[0.311265] (slam_toolbox) StdoutLine: {'line': b'-- Up-to-date: /home/malik/controller-benchmarks/ros2/install/slam_toolbox/include/slam_toolbox/slam_toolbox/srv/detail/serialize_pose_graph__struct.h\n'}
[0.311309] (slam_toolbox) StdoutLine: {'line': b'-- Up-to-date: /home/malik/controller-benchmarks/ros2/install/slam_toolbox/include/slam_toolbox/slam_toolbox/srv/detail/save_map__type_support.h\n'}
[0.311362] (slam_toolbox) StdoutLine: {'line': b'-- Up-to-date: /home/malik/controller-benchmarks/ros2/install/slam_toolbox/include/slam_toolbox/slam_toolbox/srv/detail/toggle_interactive__struct.h\n'}
[0.311436] (slam_toolbox) StdoutLine: {'line': b'-- Up-to-date: /home/malik/controller-benchmarks/ros2/install/slam_toolbox/include/slam_toolbox/slam_toolbox/srv/detail/merge_maps__struct.h\n'}
[0.311482] (slam_toolbox) StdoutLine: {'line': b'-- Up-to-date: /home/malik/controller-benchmarks/ros2/install/slam_toolbox/include/slam_toolbox/slam_toolbox/srv/detail/toggle_interactive__type_support.h\n'}
[0.311528] (slam_toolbox) StdoutLine: {'line': b'-- Up-to-date: /home/malik/controller-benchmarks/ros2/install/slam_toolbox/include/slam_toolbox/slam_toolbox/srv/detail/reset__functions.c\n'}
[0.311597] (slam_toolbox) StdoutLine: {'line': b'-- Up-to-date: /home/malik/controller-benchmarks/ros2/install/slam_toolbox/include/slam_toolbox/slam_toolbox/srv/detail/serialize_pose_graph__type_support.h\n'}
[0.311718] (slam_toolbox) StdoutLine: {'line': b'-- Up-to-date: /home/malik/controller-benchmarks/ros2/install/slam_toolbox/include/slam_toolbox/slam_toolbox/srv/detail/merge_maps__functions.h\n'}
[0.311808] (slam_toolbox) StdoutLine: {'line': b'-- Up-to-date: /home/malik/controller-benchmarks/ros2/install/slam_toolbox/include/slam_toolbox/slam_toolbox/srv/detail/save_map__functions.h\n'}
[0.311894] (slam_toolbox) StdoutLine: {'line': b'-- Up-to-date: /home/malik/controller-benchmarks/ros2/install/slam_toolbox/include/slam_toolbox/slam_toolbox/srv/detail/pause__functions.c\n'}
[0.311985] (slam_toolbox) StdoutLine: {'line': b'-- Up-to-date: /home/malik/controller-benchmarks/ros2/install/slam_toolbox/include/slam_toolbox/slam_toolbox/srv/detail/loop_closure__type_support.h\n'}
[0.312075] (slam_toolbox) StdoutLine: {'line': b'-- Up-to-date: /home/malik/controller-benchmarks/ros2/install/slam_toolbox/include/slam_toolbox/slam_toolbox/srv/detail/deserialize_pose_graph__struct.h\n'}
[0.312145] (slam_toolbox) StdoutLine: {'line': b'-- Up-to-date: /home/malik/controller-benchmarks/ros2/install/slam_toolbox/include/slam_toolbox/slam_toolbox/srv/detail/clear_queue__type_support.h\n'}
[0.312235] (slam_toolbox) StdoutLine: {'line': b'-- Up-to-date: /home/malik/controller-benchmarks/ros2/install/slam_toolbox/include/slam_toolbox/slam_toolbox/srv/detail/serialize_pose_graph__functions.h\n'}
[0.312322] (slam_toolbox) StdoutLine: {'line': b'-- Up-to-date: /home/malik/controller-benchmarks/ros2/install/slam_toolbox/include/slam_toolbox/slam_toolbox/srv/detail/clear__struct.h\n'}
[0.312411] (slam_toolbox) StdoutLine: {'line': b'-- Up-to-date: /home/malik/controller-benchmarks/ros2/install/slam_toolbox/include/slam_toolbox/slam_toolbox/srv/detail/add_submap__functions.h\n'}
[0.312499] (slam_toolbox) StdoutLine: {'line': b'-- Up-to-date: /home/malik/controller-benchmarks/ros2/install/slam_toolbox/include/slam_toolbox/slam_toolbox/srv/detail/pause__type_support.h\n'}
[0.312564] (slam_toolbox) StdoutLine: {'line': b'-- Up-to-date: /home/malik/controller-benchmarks/ros2/install/slam_toolbox/include/slam_toolbox/slam_toolbox/srv/detail/deserialize_pose_graph__functions.c\n'}
[0.312650] (slam_toolbox) StdoutLine: {'line': b'-- Up-to-date: /home/malik/controller-benchmarks/ros2/install/slam_toolbox/include/slam_toolbox/slam_toolbox/srv/detail/save_map__struct.h\n'}
[0.312713] (slam_toolbox) StdoutLine: {'line': b'-- Up-to-date: /home/malik/controller-benchmarks/ros2/install/slam_toolbox/include/slam_toolbox/slam_toolbox/srv/detail/clear__functions.h\n'}
[0.312804] (slam_toolbox) StdoutLine: {'line': b'-- Up-to-date: /home/malik/controller-benchmarks/ros2/install/slam_toolbox/include/slam_toolbox/slam_toolbox/srv/detail/reset__struct.h\n'}
[0.312876] (slam_toolbox) StdoutLine: {'line': b'-- Up-to-date: /home/malik/controller-benchmarks/ros2/install/slam_toolbox/include/slam_toolbox/slam_toolbox/srv/detail/pause__functions.h\n'}
[0.312951] (slam_toolbox) StdoutLine: {'line': b'-- Up-to-date: /home/malik/controller-benchmarks/ros2/install/slam_toolbox/include/slam_toolbox/slam_toolbox/srv/detail/merge_maps__functions.c\n'}
[0.312996] (slam_toolbox) StdoutLine: {'line': b'-- Up-to-date: /home/malik/controller-benchmarks/ros2/install/slam_toolbox/include/slam_toolbox/slam_toolbox/srv/detail/toggle_interactive__functions.c\n'}
[0.313040] (slam_toolbox) StdoutLine: {'line': b'-- Up-to-date: /home/malik/controller-benchmarks/ros2/install/slam_toolbox/include/slam_toolbox/slam_toolbox/srv/detail/clear__type_support.h\n'}
[0.313095] (slam_toolbox) StdoutLine: {'line': b'-- Up-to-date: /home/malik/controller-benchmarks/ros2/install/slam_toolbox/include/slam_toolbox/slam_toolbox/srv/detail/toggle_interactive__functions.h\n'}
[0.313140] (slam_toolbox) StdoutLine: {'line': b'-- Up-to-date: /home/malik/controller-benchmarks/ros2/install/slam_toolbox/include/slam_toolbox/slam_toolbox/srv/detail/merge_maps__type_support.h\n'}
[0.313218] (slam_toolbox) StdoutLine: {'line': b'-- Up-to-date: /home/malik/controller-benchmarks/ros2/install/slam_toolbox/include/slam_toolbox/slam_toolbox/srv/detail/clear__functions.c\n'}
[0.313303] (slam_toolbox) StdoutLine: {'line': b'-- Up-to-date: /home/malik/controller-benchmarks/ros2/install/slam_toolbox/include/slam_toolbox/slam_toolbox/srv/toggle_interactive.h\n'}
[0.313392] (slam_toolbox) StdoutLine: {'line': b'-- Up-to-date: /home/malik/controller-benchmarks/ros2/install/slam_toolbox/include/slam_toolbox/slam_toolbox/srv/pause.h\n'}
[0.313482] (slam_toolbox) StdoutLine: {'line': b'-- Up-to-date: /home/malik/controller-benchmarks/ros2/install/slam_toolbox/include/slam_toolbox/slam_toolbox/srv/clear.h\n'}
[0.313565] (slam_toolbox) StdoutLine: {'line': b'-- Up-to-date: /home/malik/controller-benchmarks/ros2/install/slam_toolbox/include/slam_toolbox/slam_toolbox/srv/loop_closure.h\n'}
[0.313651] (slam_toolbox) StdoutLine: {'line': b'-- Up-to-date: /home/malik/controller-benchmarks/ros2/install/slam_toolbox/include/slam_toolbox/slam_toolbox/srv/clear_queue.h\n'}
[0.313727] (slam_toolbox) StdoutLine: {'line': b'-- Up-to-date: /home/malik/controller-benchmarks/ros2/install/slam_toolbox/include/slam_toolbox/slam_toolbox/srv/save_map.h\n'}
[0.313773] (slam_toolbox) StdoutLine: {'line': b'-- Up-to-date: /home/malik/controller-benchmarks/ros2/install/slam_toolbox/include/slam_toolbox/slam_toolbox/msg\n'}
[0.313825] (slam_toolbox) StdoutLine: {'line': b'-- Up-to-date: /home/malik/controller-benchmarks/ros2/install/slam_toolbox/include/slam_toolbox/slam_toolbox/msg/graph_edge.h\n'}
[0.313871] (slam_toolbox) StdoutLine: {'line': b'-- Up-to-date: /home/malik/controller-benchmarks/ros2/install/slam_toolbox/include/slam_toolbox/slam_toolbox/msg/rosidl_generator_c__visibility_control.h\n'}
[0.313916] (slam_toolbox) StdoutLine: {'line': b'-- Up-to-date: /home/malik/controller-benchmarks/ros2/install/slam_toolbox/include/slam_toolbox/slam_toolbox/msg/detail\n'}
[0.313961] (slam_toolbox) StdoutLine: {'line': b'-- Up-to-date: /home/malik/controller-benchmarks/ros2/install/slam_toolbox/include/slam_toolbox/slam_toolbox/msg/detail/loop_closure_event__functions.c\n'}
[0.314016] (slam_toolbox) StdoutLine: {'line': b'-- Up-to-date: /home/malik/controller-benchmarks/ros2/install/slam_toolbox/include/slam_toolbox/slam_toolbox/msg/detail/graph_edge__functions.c\n'}
[0.314061] (slam_toolbox) StdoutLine: {'line': b'-- Up-to-date: /home/malik/controller-benchmarks/ros2/install/slam_toolbox/include/slam_toolbox/slam_toolbox/msg/detail/pose_graph__functions.h\n'}
[0.314125] (slam_toolbox) StdoutLine: {'line': b'-- Up-to-date: /home/malik/controller-benchmarks/ros2/install/slam_toolbox/include/slam_toolbox/slam_toolbox/msg/detail/pose_graph__type_support.h\n'}
[0.314211] (slam_toolbox) StdoutLine: {'line': b'-- Up-to-date: /home/malik/controller-benchmarks/ros2/install/slam_toolbox/include/slam_toolbox/slam_toolbox/msg/detail/loop_closure_event__struct.h\n'}
[0.314302] (slam_toolbox) StdoutLine: {'line': b'-- Up-to-date: /home/malik/controller-benchmarks/ros2/install/slam_toolbox/include/slam_toolbox/slam_toolbox/msg/detail/graph_node__type_support.h\n'}
[0.314390] (slam_toolbox) StdoutLine: {'line': b'-- Up-to-date: /home/malik/controller-benchmarks/ros2/install/slam_toolbox/include/slam_toolbox/slam_toolbox/msg/detail/new_node_event__struct.h\n'}
[0.314473] (slam_toolbox) StdoutLine: {'line': b'-- Up-to-date: /home/malik/controller-benchmarks/ros2/install/slam_toolbox/include/slam_toolbox/slam_toolbox/msg/detail/loop_closure_event__type_support.h\n'}
[0.314560] (slam_toolbox) StdoutLine: {'line': b'-- Up-to-date: /home/malik/controller-benchmarks/ros2/install/slam_toolbox/include/slam_toolbox/slam_toolbox/msg/detail/loop_closure_event__functions.h\n'}
[0.314644] (slam_toolbox) StdoutLine: {'line': b'-- Up-to-date: /home/malik/controller-benchmarks/ros2/install/slam_toolbox/include/slam_toolbox/slam_toolbox/msg/detail/pose_graph__functions.c\n'}
[0.314690] (slam_toolbox) StdoutLine: {'line': b'-- Up-to-date: /home/malik/controller-benchmarks/ros2/install/slam_toolbox/include/slam_toolbox/slam_toolbox/msg/detail/pose_graph__struct.h\n'}
[0.314736] (slam_toolbox) StdoutLine: {'line': b'-- Up-to-date: /home/malik/controller-benchmarks/ros2/install/slam_toolbox/include/slam_toolbox/slam_toolbox/msg/detail/localized_laser_scan__type_support.h\n'}
[0.314792] (slam_toolbox) StdoutLine: {'line': b'-- Up-to-date: /home/malik/controller-benchmarks/ros2/install/slam_toolbox/include/slam_toolbox/slam_toolbox/msg/detail/graph_node__struct.h\n'}
[0.314837] (slam_toolbox) StdoutLine: {'line': b'-- Up-to-date: /home/malik/controller-benchmarks/ros2/install/slam_toolbox/include/slam_toolbox/slam_toolbox/msg/detail/localized_laser_scan__functions.h\n'}
[0.314881] (slam_toolbox) StdoutLine: {'line': b'-- Up-to-date: /home/malik/controller-benchmarks/ros2/install/slam_toolbox/include/slam_toolbox/slam_toolbox/msg/detail/graph_node__functions.c\n'}
[0.314934] (slam_toolbox) StdoutLine: {'line': b'-- Up-to-date: /home/malik/controller-benchmarks/ros2/install/slam_toolbox/include/slam_toolbox/slam_toolbox/msg/detail/localized_laser_scan__functions.c\n'}
[0.314981] (slam_toolbox) StdoutLine: {'line': b'-- Up-to-date: /home/malik/controller-benchmarks/ros2/install/slam_toolbox/include/slam_toolbox/slam_toolbox/msg/detail/graph_node__functions.h\n'}
[0.315034] (slam_toolbox) StdoutLine: {'line': b'-- Up-to-date: /home/malik/controller-benchmarks/ros2/install/slam_toolbox/include/slam_toolbox/slam_toolbox/msg/detail/graph_edge__functions.h\n'}
[0.315082] (slam_toolbox) StdoutLine: {'line': b'-- Up-to-date: /home/malik/controller-benchmarks/ros2/install/slam_toolbox/include/slam_toolbox/slam_toolbox/msg/detail/localized_laser_scan__struct.h\n'}
[0.315145] (slam_toolbox) StdoutLine: {'line': b'-- Up-to-date: /home/malik/controller-benchmarks/ros2/install/slam_toolbox/include/slam_toolbox/slam_toolbox/msg/detail/graph_edge__struct.h\n'}
[0.315196] (slam_toolbox) StdoutLine: {'line': b'-- Up-to-date: /home/malik/controller-benchmarks/ros2/install/slam_toolbox/include/slam_toolbox/slam_toolbox/msg/detail/new_node_event__functions.c\n'}
[0.315250] (slam_toolbox) StdoutLine: {'line': b'-- Up-to-date: /home/malik/controller-benchmarks/ros2/install/slam_toolbox/include/slam_toolbox/slam_toolbox/msg/detail/new_node_event__type_support.h\n'}
[0.315307] (slam_toolbox) StdoutLine: {'line': b'-- Up-to-date: /home/malik/controller-benchmarks/ros2/install/slam_toolbox/include/slam_toolbox/slam_toolbox/msg/detail/graph_edge__type_support.h\n'}
[0.315351] (slam_toolbox) StdoutLine: {'line': b'-- Up-to-date: /home/malik/controller-benchmarks/ros2/install/slam_toolbox/include/slam_toolbox/slam_toolbox/msg/detail/new_node_event__functions.h\n'}
[0.315417] (slam_toolbox) StdoutLine: {'line': b'-- Up-to-date: /home/malik/controller-benchmarks/ros2/install/slam_toolbox/include/slam_toolbox/slam_toolbox/msg/pose_graph.h\n'}
[0.315476] (slam_toolbox) StdoutLine: {'line': b'-- Up-to-date: /home/malik/controller-benchmarks/ros2/install/slam_toolbox/include/slam_toolbox/slam_toolbox/msg/localized_laser_scan.h\n'}
[0.315520] (slam_toolbox) StdoutLine: {'line': b'-- Up-to-date: /home/malik/controller-benchmarks/ros2/install/slam_toolbox/include/slam_toolbox/slam_toolbox/msg/graph_node.h\n'}
[0.315574] (slam_toolbox) StdoutLine: {'line': b'-- Up-to-date: /home/malik/controller-benchmarks/ros2/install/slam_toolbox/include/slam_toolbox/slam_toolbox/msg/loop_closure_event.h\n'}
[0.315657] (slam_toolbox) StdoutLine: {'line': b'-- Up-to-date: /home/malik/controller-benchmarks/ros2/install/slam_toolbox/include/slam_toolbox/slam_toolbox/msg/new_node_event.h\n'}
[0.315752] (slam_toolbox) StdoutLine: {'line': b'-- Up-to-date: /home/malik/controller-benchmarks/ros2/install/slam_toolbox/share/slam_toolbox/environment/library_path.sh\n'}
[0.315840] (slam_toolbox) StdoutLine: {'line': b'-- Up-to-date: /home/malik/controller-benchmarks/ros2/install/slam_toolbox/share/slam_toolbox/environment/library_path.dsv\n'}
[0.315930] (slam_toolbox) StdoutLine: {'line': b'-- Up-to-date: /home/malik/controller-benchmarks/ros2/install/slam_toolbox/lib/libslam_toolbox__rosidl_generator_c.so\n'}
[0.316022] (slam_toolbox) StdoutLine: {'line': b'-- Up-to-date: /home/malik/controller-benchmarks/ros2/install/slam_toolbox/include/slam_toolbox/slam_toolbox\n'}
[0.316103] (slam_toolbox) StdoutLine: {'line': b'-- Up-to-date: /home/malik/controller-benchmarks/ros2/install/slam_toolbox/include/slam_toolbox/slam_toolbox/srv\n'}
[0.316187] (slam_toolbox) StdoutLine: {'line': b'-- Up-to-date: /home/malik/controller-benchmarks/ros2/install/slam_toolbox/include/slam_toolbox/slam_toolbox/srv/detail\n'}
[0.316236] (slam_toolbox) StdoutLine: {'line': b'-- Up-to-date: /home/malik/controller-benchmarks/ros2/install/slam_toolbox/include/slam_toolbox/slam_toolbox/srv/detail/merge_maps__rosidl_typesupport_fastrtps_c.h\n'}
[0.316282] (slam_toolbox) StdoutLine: {'line': b'-- Up-to-date: /home/malik/controller-benchmarks/ros2/install/slam_toolbox/include/slam_toolbox/slam_toolbox/srv/detail/clear_queue__rosidl_typesupport_fastrtps_c.h\n'}
[0.316328] (slam_toolbox) StdoutLine: {'line': b'-- Up-to-date: /home/malik/controller-benchmarks/ros2/install/slam_toolbox/include/slam_toolbox/slam_toolbox/srv/detail/add_submap__rosidl_typesupport_fastrtps_c.h\n'}
[0.316372] (slam_toolbox) StdoutLine: {'line': b'-- Up-to-date: /home/malik/controller-benchmarks/ros2/install/slam_toolbox/include/slam_toolbox/slam_toolbox/srv/detail/deserialize_pose_graph__rosidl_typesupport_fastrtps_c.h\n'}
[0.316416] (slam_toolbox) StdoutLine: {'line': b'-- Up-to-date: /home/malik/controller-benchmarks/ros2/install/slam_toolbox/include/slam_toolbox/slam_toolbox/srv/detail/reset__rosidl_typesupport_fastrtps_c.h\n'}
[0.316460] (slam_toolbox) StdoutLine: {'line': b'-- Up-to-date: /home/malik/controller-benchmarks/ros2/install/slam_toolbox/include/slam_toolbox/slam_toolbox/srv/detail/clear__rosidl_typesupport_fastrtps_c.h\n'}
[0.316505] (slam_toolbox) StdoutLine: {'line': b'-- Up-to-date: /home/malik/controller-benchmarks/ros2/install/slam_toolbox/include/slam_toolbox/slam_toolbox/srv/detail/pause__rosidl_typesupport_fastrtps_c.h\n'}
[0.316549] (slam_toolbox) StdoutLine: {'line': b'-- Up-to-date: /home/malik/controller-benchmarks/ros2/install/slam_toolbox/include/slam_toolbox/slam_toolbox/srv/detail/loop_closure__rosidl_typesupport_fastrtps_c.h\n'}
[0.316592] (slam_toolbox) StdoutLine: {'line': b'-- Up-to-date: /home/malik/controller-benchmarks/ros2/install/slam_toolbox/include/slam_toolbox/slam_toolbox/srv/detail/serialize_pose_graph__rosidl_typesupport_fastrtps_c.h\n'}
[0.316636] (slam_toolbox) StdoutLine: {'line': b'-- Up-to-date: /home/malik/controller-benchmarks/ros2/install/slam_toolbox/include/slam_toolbox/slam_toolbox/srv/detail/save_map__rosidl_typesupport_fastrtps_c.h\n'}
[0.316680] (slam_toolbox) StdoutLine: {'line': b'-- Up-to-date: /home/malik/controller-benchmarks/ros2/install/slam_toolbox/include/slam_toolbox/slam_toolbox/srv/detail/toggle_interactive__rosidl_typesupport_fastrtps_c.h\n'}
[0.316729] (slam_toolbox) StdoutLine: {'line': b'-- Up-to-date: /home/malik/controller-benchmarks/ros2/install/slam_toolbox/include/slam_toolbox/slam_toolbox/msg\n'}
[0.316773] (slam_toolbox) StdoutLine: {'line': b'-- Up-to-date: /home/malik/controller-benchmarks/ros2/install/slam_toolbox/include/slam_toolbox/slam_toolbox/msg/detail\n'}
[0.316817] (slam_toolbox) StdoutLine: {'line': b'-- Up-to-date: /home/malik/controller-benchmarks/ros2/install/slam_toolbox/include/slam_toolbox/slam_toolbox/msg/detail/graph_node__rosidl_typesupport_fastrtps_c.h\n'}
[0.316861] (slam_toolbox) StdoutLine: {'line': b'-- Up-to-date: /home/malik/controller-benchmarks/ros2/install/slam_toolbox/include/slam_toolbox/slam_toolbox/msg/detail/new_node_event__rosidl_typesupport_fastrtps_c.h\n'}
[0.316912] (slam_toolbox) StdoutLine: {'line': b'-- Up-to-date: /home/malik/controller-benchmarks/ros2/install/slam_toolbox/include/slam_toolbox/slam_toolbox/msg/detail/loop_closure_event__rosidl_typesupport_fastrtps_c.h\n'}
[0.316956] (slam_toolbox) StdoutLine: {'line': b'-- Up-to-date: /home/malik/controller-benchmarks/ros2/install/slam_toolbox/include/slam_toolbox/slam_toolbox/msg/detail/pose_graph__rosidl_typesupport_fastrtps_c.h\n'}
[0.317001] (slam_toolbox) StdoutLine: {'line': b'-- Up-to-date: /home/malik/controller-benchmarks/ros2/install/slam_toolbox/include/slam_toolbox/slam_toolbox/msg/detail/localized_laser_scan__rosidl_typesupport_fastrtps_c.h\n'}
[0.317045] (slam_toolbox) StdoutLine: {'line': b'-- Up-to-date: /home/malik/controller-benchmarks/ros2/install/slam_toolbox/include/slam_toolbox/slam_toolbox/msg/detail/graph_edge__rosidl_typesupport_fastrtps_c.h\n'}
[0.317089] (slam_toolbox) StdoutLine: {'line': b'-- Up-to-date: /home/malik/controller-benchmarks/ros2/install/slam_toolbox/include/slam_toolbox/slam_toolbox/msg/rosidl_typesupport_fastrtps_c__visibility_control.h\n'}
[0.317134] (slam_toolbox) StdoutLine: {'line': b'-- Up-to-date: /home/malik/controller-benchmarks/ros2/install/slam_toolbox/lib/libslam_toolbox__rosidl_typesupport_fastrtps_c.so\n'}
[0.317183] (slam_toolbox) StdoutLine: {'line': b'-- Up-to-date: /home/malik/controller-benchmarks/ros2/install/slam_toolbox/include/slam_toolbox/slam_toolbox\n'}
[0.317232] (slam_toolbox) StdoutLine: {'line': b'-- Up-to-date: /home/malik/controller-benchmarks/ros2/install/slam_toolbox/include/slam_toolbox/slam_toolbox/srv\n'}
[0.317276] (slam_toolbox) StdoutLine: {'line': b'-- Up-to-date: /home/malik/controller-benchmarks/ros2/install/slam_toolbox/include/slam_toolbox/slam_toolbox/srv/reset.hpp\n'}
[0.317324] (slam_toolbox) StdoutLine: {'line': b'-- Up-to-date: /home/malik/controller-benchmarks/ros2/install/slam_toolbox/include/slam_toolbox/slam_toolbox/srv/pause.hpp\n'}
[0.317369] (slam_toolbox) StdoutLine: {'line': b'-- Up-to-date: /home/malik/controller-benchmarks/ros2/install/slam_toolbox/include/slam_toolbox/slam_toolbox/srv/deserialize_pose_graph.hpp\n'}
[0.317413] (slam_toolbox) StdoutLine: {'line': b'-- Up-to-date: /home/malik/controller-benchmarks/ros2/install/slam_toolbox/include/slam_toolbox/slam_toolbox/srv/detail\n'}
[0.317457] (slam_toolbox) StdoutLine: {'line': b'-- Up-to-date: /home/malik/controller-benchmarks/ros2/install/slam_toolbox/include/slam_toolbox/slam_toolbox/srv/detail/add_submap__builder.hpp\n'}
[0.317502] (slam_toolbox) StdoutLine: {'line': b'-- Up-to-date: /home/malik/controller-benchmarks/ros2/install/slam_toolbox/include/slam_toolbox/slam_toolbox/srv/detail/loop_closure__builder.hpp\n'}
[0.317546] (slam_toolbox) StdoutLine: {'line': b'-- Up-to-date: /home/malik/controller-benchmarks/ros2/install/slam_toolbox/include/slam_toolbox/slam_toolbox/srv/detail/save_map__type_support.hpp\n'}
[0.317591] (slam_toolbox) StdoutLine: {'line': b'-- Up-to-date: /home/malik/controller-benchmarks/ros2/install/slam_toolbox/include/slam_toolbox/slam_toolbox/srv/detail/merge_maps__traits.hpp\n'}
[0.317637] (slam_toolbox) StdoutLine: {'line': b'-- Up-to-date: /home/malik/controller-benchmarks/ros2/install/slam_toolbox/include/slam_toolbox/slam_toolbox/srv/detail/reset__traits.hpp\n'}
[0.317686] (slam_toolbox) StdoutLine: {'line': b'-- Up-to-date: /home/malik/controller-benchmarks/ros2/install/slam_toolbox/include/slam_toolbox/slam_toolbox/srv/detail/add_submap__struct.hpp\n'}
[0.317731] (slam_toolbox) StdoutLine: {'line': b'-- Up-to-date: /home/malik/controller-benchmarks/ros2/install/slam_toolbox/include/slam_toolbox/slam_toolbox/srv/detail/pause__struct.hpp\n'}
[0.317775] (slam_toolbox) StdoutLine: {'line': b'-- Up-to-date: /home/malik/controller-benchmarks/ros2/install/slam_toolbox/include/slam_toolbox/slam_toolbox/srv/detail/clear__traits.hpp\n'}
[0.317820] (slam_toolbox) StdoutLine: {'line': b'-- Up-to-date: /home/malik/controller-benchmarks/ros2/install/slam_toolbox/include/slam_toolbox/slam_toolbox/srv/detail/reset__builder.hpp\n'}
[0.317865] (slam_toolbox) StdoutLine: {'line': b'-- Up-to-date: /home/malik/controller-benchmarks/ros2/install/slam_toolbox/include/slam_toolbox/slam_toolbox/srv/detail/serialize_pose_graph__struct.hpp\n'}
[0.317910] (slam_toolbox) StdoutLine: {'line': b'-- Up-to-date: /home/malik/controller-benchmarks/ros2/install/slam_toolbox/include/slam_toolbox/slam_toolbox/srv/detail/serialize_pose_graph__type_support.hpp\n'}
[0.317955] (slam_toolbox) StdoutLine: {'line': b'-- Up-to-date: /home/malik/controller-benchmarks/ros2/install/slam_toolbox/include/slam_toolbox/slam_toolbox/srv/detail/reset__struct.hpp\n'}
[0.318001] (slam_toolbox) StdoutLine: {'line': b'-- Up-to-date: /home/malik/controller-benchmarks/ros2/install/slam_toolbox/include/slam_toolbox/slam_toolbox/srv/detail/loop_closure__traits.hpp\n'}
[0.318046] (slam_toolbox) StdoutLine: {'line': b'-- Up-to-date: /home/malik/controller-benchmarks/ros2/install/slam_toolbox/include/slam_toolbox/slam_toolbox/srv/detail/clear__builder.hpp\n'}
[0.318090] (slam_toolbox) StdoutLine: {'line': b'-- Up-to-date: /home/malik/controller-benchmarks/ros2/install/slam_toolbox/include/slam_toolbox/slam_toolbox/srv/detail/clear_queue__traits.hpp\n'}
[0.318135] (slam_toolbox) StdoutLine: {'line': b'-- Up-to-date: /home/malik/controller-benchmarks/ros2/install/slam_toolbox/include/slam_toolbox/slam_toolbox/srv/detail/clear_queue__struct.hpp\n'}
[0.318185] (slam_toolbox) StdoutLine: {'line': b'-- Up-to-date: /home/malik/controller-benchmarks/ros2/install/slam_toolbox/include/slam_toolbox/slam_toolbox/srv/detail/merge_maps__struct.hpp\n'}
[0.318240] (slam_toolbox) StdoutLine: {'line': b'-- Up-to-date: /home/malik/controller-benchmarks/ros2/install/slam_toolbox/include/slam_toolbox/slam_toolbox/srv/detail/clear__struct.hpp\n'}
[0.318288] (slam_toolbox) StdoutLine: {'line': b'-- Up-to-date: /home/malik/controller-benchmarks/ros2/install/slam_toolbox/include/slam_toolbox/slam_toolbox/srv/detail/toggle_interactive__struct.hpp\n'}
[0.318333] (slam_toolbox) StdoutLine: {'line': b'-- Up-to-date: /home/malik/controller-benchmarks/ros2/install/slam_toolbox/include/slam_toolbox/slam_toolbox/srv/detail/merge_maps__builder.hpp\n'}
[0.318377] (slam_toolbox) StdoutLine: {'line': b'-- Up-to-date: /home/malik/controller-benchmarks/ros2/install/slam_toolbox/include/slam_toolbox/slam_toolbox/srv/detail/toggle_interactive__traits.hpp\n'}
[0.318421] (slam_toolbox) StdoutLine: {'line': b'-- Up-to-date: /home/malik/controller-benchmarks/ros2/install/slam_toolbox/include/slam_toolbox/slam_toolbox/srv/detail/reset__type_support.hpp\n'}
[0.318466] (slam_toolbox) StdoutLine: {'line': b'-- Up-to-date: /home/malik/controller-benchmarks/ros2/install/slam_toolbox/include/slam_toolbox/slam_toolbox/srv/detail/pause__traits.hpp\n'}
[0.318510] (slam_toolbox) StdoutLine: {'line': b'-- Up-to-date: /home/malik/controller-benchmarks/ros2/install/slam_toolbox/include/slam_toolbox/slam_toolbox/srv/detail/deserialize_pose_graph__struct.hpp\n'}
[0.318559] (slam_toolbox) StdoutLine: {'line': b'-- Up-to-date: /home/malik/controller-benchmarks/ros2/install/slam_toolbox/include/slam_toolbox/slam_toolbox/srv/detail/add_submap__traits.hpp\n'}
[0.318607] (slam_toolbox) StdoutLine: {'line': b'-- Up-to-date: /home/malik/controller-benchmarks/ros2/install/slam_toolbox/include/slam_toolbox/slam_toolbox/srv/detail/save_map__struct.hpp\n'}
[0.318651] (slam_toolbox) StdoutLine: {'line': b'-- Up-to-date: /home/malik/controller-benchmarks/ros2/install/slam_toolbox/include/slam_toolbox/slam_toolbox/srv/detail/serialize_pose_graph__builder.hpp\n'}
[0.318696] (slam_toolbox) StdoutLine: {'line': b'-- Up-to-date: /home/malik/controller-benchmarks/ros2/install/slam_toolbox/include/slam_toolbox/slam_toolbox/srv/detail/merge_maps__type_support.hpp\n'}
[0.318741] (slam_toolbox) StdoutLine: {'line': b'-- Up-to-date: /home/malik/controller-benchmarks/ros2/install/slam_toolbox/include/slam_toolbox/slam_toolbox/srv/detail/pause__type_support.hpp\n'}
[0.318786] (slam_toolbox) StdoutLine: {'line': b'-- Up-to-date: /home/malik/controller-benchmarks/ros2/install/slam_toolbox/include/slam_toolbox/slam_toolbox/srv/detail/serialize_pose_graph__traits.hpp\n'}
[0.318830] (slam_toolbox) StdoutLine: {'line': b'-- Up-to-date: /home/malik/controller-benchmarks/ros2/install/slam_toolbox/include/slam_toolbox/slam_toolbox/srv/detail/deserialize_pose_graph__traits.hpp\n'}
[0.318875] (slam_toolbox) StdoutLine: {'line': b'-- Up-to-date: /home/malik/controller-benchmarks/ros2/install/slam_toolbox/include/slam_toolbox/slam_toolbox/srv/detail/clear_queue__builder.hpp\n'}
[0.318920] (slam_toolbox) StdoutLine: {'line': b'-- Up-to-date: /home/malik/controller-benchmarks/ros2/install/slam_toolbox/include/slam_toolbox/slam_toolbox/srv/detail/pause__builder.hpp\n'}
[0.318964] (slam_toolbox) StdoutLine: {'line': b'-- Up-to-date: /home/malik/controller-benchmarks/ros2/install/slam_toolbox/include/slam_toolbox/slam_toolbox/srv/detail/clear__type_support.hpp\n'}
[0.319009] (slam_toolbox) StdoutLine: {'line': b'-- Up-to-date: /home/malik/controller-benchmarks/ros2/install/slam_toolbox/include/slam_toolbox/slam_toolbox/srv/detail/save_map__traits.hpp\n'}
[0.319054] (slam_toolbox) StdoutLine: {'line': b'-- Up-to-date: /home/malik/controller-benchmarks/ros2/install/slam_toolbox/include/slam_toolbox/slam_toolbox/srv/detail/deserialize_pose_graph__builder.hpp\n'}
[0.319099] (slam_toolbox) StdoutLine: {'line': b'-- Up-to-date: /home/malik/controller-benchmarks/ros2/install/slam_toolbox/include/slam_toolbox/slam_toolbox/srv/detail/clear_queue__type_support.hpp\n'}
[0.319143] (slam_toolbox) StdoutLine: {'line': b'-- Up-to-date: /home/malik/controller-benchmarks/ros2/install/slam_toolbox/include/slam_toolbox/slam_toolbox/srv/detail/add_submap__type_support.hpp\n'}
[0.319194] (slam_toolbox) StdoutLine: {'line': b'-- Up-to-date: /home/malik/controller-benchmarks/ros2/install/slam_toolbox/include/slam_toolbox/slam_toolbox/srv/detail/loop_closure__type_support.hpp\n'}
[0.319240] (slam_toolbox) StdoutLine: {'line': b'-- Up-to-date: /home/malik/controller-benchmarks/ros2/install/slam_toolbox/include/slam_toolbox/slam_toolbox/srv/detail/deserialize_pose_graph__type_support.hpp\n'}
[0.319285] (slam_toolbox) StdoutLine: {'line': b'-- Up-to-date: /home/malik/controller-benchmarks/ros2/install/slam_toolbox/include/slam_toolbox/slam_toolbox/srv/detail/toggle_interactive__builder.hpp\n'}
[0.319330] (slam_toolbox) StdoutLine: {'line': b'-- Up-to-date: /home/malik/controller-benchmarks/ros2/install/slam_toolbox/include/slam_toolbox/slam_toolbox/srv/detail/loop_closure__struct.hpp\n'}
[0.319375] (slam_toolbox) StdoutLine: {'line': b'-- Up-to-date: /home/malik/controller-benchmarks/ros2/install/slam_toolbox/include/slam_toolbox/slam_toolbox/srv/detail/toggle_interactive__type_support.hpp\n'}
[0.319420] (slam_toolbox) StdoutLine: {'line': b'-- Up-to-date: /home/malik/controller-benchmarks/ros2/install/slam_toolbox/include/slam_toolbox/slam_toolbox/srv/detail/save_map__builder.hpp\n'}
[0.319471] (slam_toolbox) StdoutLine: {'line': b'-- Up-to-date: /home/malik/controller-benchmarks/ros2/install/slam_toolbox/include/slam_toolbox/slam_toolbox/srv/clear.hpp\n'}
[0.319516] (slam_toolbox) StdoutLine: {'line': b'-- Up-to-date: /home/malik/controller-benchmarks/ros2/install/slam_toolbox/include/slam_toolbox/slam_toolbox/srv/loop_closure.hpp\n'}
[0.319564] (slam_toolbox) StdoutLine: {'line': b'-- Up-to-date: /home/malik/controller-benchmarks/ros2/install/slam_toolbox/include/slam_toolbox/slam_toolbox/srv/add_submap.hpp\n'}
[0.319609] (slam_toolbox) StdoutLine: {'line': b'-- Up-to-date: /home/malik/controller-benchmarks/ros2/install/slam_toolbox/include/slam_toolbox/slam_toolbox/srv/merge_maps.hpp\n'}
[0.319653] (slam_toolbox) StdoutLine: {'line': b'-- Up-to-date: /home/malik/controller-benchmarks/ros2/install/slam_toolbox/include/slam_toolbox/slam_toolbox/srv/toggle_interactive.hpp\n'}
[0.319697] (slam_toolbox) StdoutLine: {'line': b'-- Up-to-date: /home/malik/controller-benchmarks/ros2/install/slam_toolbox/include/slam_toolbox/slam_toolbox/srv/save_map.hpp\n'}
[0.319743] (slam_toolbox) StdoutLine: {'line': b'-- Up-to-date: /home/malik/controller-benchmarks/ros2/install/slam_toolbox/include/slam_toolbox/slam_toolbox/srv/serialize_pose_graph.hpp\n'}
[0.319791] (slam_toolbox) StdoutLine: {'line': b'-- Up-to-date: /home/malik/controller-benchmarks/ros2/install/slam_toolbox/include/slam_toolbox/slam_toolbox/srv/clear_queue.hpp\n'}
[0.319836] (slam_toolbox) StdoutLine: {'line': b'-- Up-to-date: /home/malik/controller-benchmarks/ros2/install/slam_toolbox/include/slam_toolbox/slam_toolbox/msg\n'}
[0.319880] (slam_toolbox) StdoutLine: {'line': b'-- Up-to-date: /home/malik/controller-benchmarks/ros2/install/slam_toolbox/include/slam_toolbox/slam_toolbox/msg/graph_node.hpp\n'}
[0.319925] (slam_toolbox) StdoutLine: {'line': b'-- Up-to-date: /home/malik/controller-benchmarks/ros2/install/slam_toolbox/include/slam_toolbox/slam_toolbox/msg/pose_graph.hpp\n'}
[0.319969] (slam_toolbox) StdoutLine: {'line': b'-- Up-to-date: /home/malik/controller-benchmarks/ros2/install/slam_toolbox/include/slam_toolbox/slam_toolbox/msg/detail\n'}
[0.320013] (slam_toolbox) StdoutLine: {'line': b'-- Up-to-date: /home/malik/controller-benchmarks/ros2/install/slam_toolbox/include/slam_toolbox/slam_toolbox/msg/detail/pose_graph__traits.hpp\n'}
[0.320058] (slam_toolbox) StdoutLine: {'line': b'-- Up-to-date: /home/malik/controller-benchmarks/ros2/install/slam_toolbox/include/slam_toolbox/slam_toolbox/msg/detail/localized_laser_scan__traits.hpp\n'}
[0.320102] (slam_toolbox) StdoutLine: {'line': b'-- Up-to-date: /home/malik/controller-benchmarks/ros2/install/slam_toolbox/include/slam_toolbox/slam_toolbox/msg/detail/loop_closure_event__struct.hpp\n'}
[0.320146] (slam_toolbox) StdoutLine: {'line': b'-- Up-to-date: /home/malik/controller-benchmarks/ros2/install/slam_toolbox/include/slam_toolbox/slam_toolbox/msg/detail/localized_laser_scan__struct.hpp\n'}
[0.320201] (slam_toolbox) StdoutLine: {'line': b'-- Up-to-date: /home/malik/controller-benchmarks/ros2/install/slam_toolbox/include/slam_toolbox/slam_toolbox/msg/detail/pose_graph__type_support.hpp\n'}
[0.320247] (slam_toolbox) StdoutLine: {'line': b'-- Up-to-date: /home/malik/controller-benchmarks/ros2/install/slam_toolbox/include/slam_toolbox/slam_toolbox/msg/detail/graph_node__type_support.hpp\n'}
[0.320292] (slam_toolbox) StdoutLine: {'line': b'-- Up-to-date: /home/malik/controller-benchmarks/ros2/install/slam_toolbox/include/slam_toolbox/slam_toolbox/msg/detail/new_node_event__struct.hpp\n'}
[0.320336] (slam_toolbox) StdoutLine: {'line': b'-- Up-to-date: /home/malik/controller-benchmarks/ros2/install/slam_toolbox/include/slam_toolbox/slam_toolbox/msg/detail/graph_edge__builder.hpp\n'}
[0.320380] (slam_toolbox) StdoutLine: {'line': b'-- Up-to-date: /home/malik/controller-benchmarks/ros2/install/slam_toolbox/include/slam_toolbox/slam_toolbox/msg/detail/graph_node__traits.hpp\n'}
[0.320424] (slam_toolbox) StdoutLine: {'line': b'-- Up-to-date: /home/malik/controller-benchmarks/ros2/install/slam_toolbox/include/slam_toolbox/slam_toolbox/msg/detail/graph_node__builder.hpp\n'}
[0.320468] (slam_toolbox) StdoutLine: {'line': b'-- Up-to-date: /home/malik/controller-benchmarks/ros2/install/slam_toolbox/include/slam_toolbox/slam_toolbox/msg/detail/graph_edge__type_support.hpp\n'}
[0.320518] (slam_toolbox) StdoutLine: {'line': b'-- Up-to-date: /home/malik/controller-benchmarks/ros2/install/slam_toolbox/include/slam_toolbox/slam_toolbox/msg/detail/graph_edge__traits.hpp\n'}
[0.320562] (slam_toolbox) StdoutLine: {'line': b'-- Up-to-date: /home/malik/controller-benchmarks/ros2/install/slam_toolbox/include/slam_toolbox/slam_toolbox/msg/detail/graph_edge__struct.hpp\n'}
[0.320606] (slam_toolbox) StdoutLine: {'line': b'-- Up-to-date: /home/malik/controller-benchmarks/ros2/install/slam_toolbox/include/slam_toolbox/slam_toolbox/msg/detail/loop_closure_event__builder.hpp\n'}
[0.320651] (slam_toolbox) StdoutLine: {'line': b'-- Up-to-date: /home/malik/controller-benchmarks/ros2/install/slam_toolbox/include/slam_toolbox/slam_toolbox/msg/detail/new_node_event__builder.hpp\n'}
[0.320696] (slam_toolbox) StdoutLine: {'line': b'-- Up-to-date: /home/malik/controller-benchmarks/ros2/install/slam_toolbox/include/slam_toolbox/slam_toolbox/msg/detail/new_node_event__type_support.hpp\n'}
[0.320740] (slam_toolbox) StdoutLine: {'line': b'-- Up-to-date: /home/malik/controller-benchmarks/ros2/install/slam_toolbox/include/slam_toolbox/slam_toolbox/msg/detail/loop_closure_event__traits.hpp\n'}
[0.320784] (slam_toolbox) StdoutLine: {'line': b'-- Up-to-date: /home/malik/controller-benchmarks/ros2/install/slam_toolbox/include/slam_toolbox/slam_toolbox/msg/detail/pose_graph__struct.hpp\n'}
[0.320835] (slam_toolbox) StdoutLine: {'line': b'-- Up-to-date: /home/malik/controller-benchmarks/ros2/install/slam_toolbox/include/slam_toolbox/slam_toolbox/msg/detail/loop_closure_event__type_support.hpp\n'}
[0.320879] (slam_toolbox) StdoutLine: {'line': b'-- Up-to-date: /home/malik/controller-benchmarks/ros2/install/slam_toolbox/include/slam_toolbox/slam_toolbox/msg/detail/graph_node__struct.hpp\n'}
[0.320923] (slam_toolbox) StdoutLine: {'line': b'-- Up-to-date: /home/malik/controller-benchmarks/ros2/install/slam_toolbox/include/slam_toolbox/slam_toolbox/msg/detail/localized_laser_scan__builder.hpp\n'}
[0.320967] (slam_toolbox) StdoutLine: {'line': b'-- Up-to-date: /home/malik/controller-benchmarks/ros2/install/slam_toolbox/include/slam_toolbox/slam_toolbox/msg/detail/pose_graph__builder.hpp\n'}
[0.321014] (slam_toolbox) StdoutLine: {'line': b'-- Up-to-date: /home/malik/controller-benchmarks/ros2/install/slam_toolbox/include/slam_toolbox/slam_toolbox/msg/detail/new_node_event__traits.hpp\n'}
[0.321058] (slam_toolbox) StdoutLine: {'line': b'-- Up-to-date: /home/malik/controller-benchmarks/ros2/install/slam_toolbox/include/slam_toolbox/slam_toolbox/msg/detail/localized_laser_scan__type_support.hpp\n'}
[0.321103] (slam_toolbox) StdoutLine: {'line': b'-- Up-to-date: /home/malik/controller-benchmarks/ros2/install/slam_toolbox/include/slam_toolbox/slam_toolbox/msg/loop_closure_event.hpp\n'}
[0.321147] (slam_toolbox) StdoutLine: {'line': b'-- Up-to-date: /home/malik/controller-benchmarks/ros2/install/slam_toolbox/include/slam_toolbox/slam_toolbox/msg/graph_edge.hpp\n'}
[0.321200] (slam_toolbox) StdoutLine: {'line': b'-- Up-to-date: /home/malik/controller-benchmarks/ros2/install/slam_toolbox/include/slam_toolbox/slam_toolbox/msg/new_node_event.hpp\n'}
[0.321245] (slam_toolbox) StdoutLine: {'line': b'-- Up-to-date: /home/malik/controller-benchmarks/ros2/install/slam_toolbox/include/slam_toolbox/slam_toolbox/msg/rosidl_generator_cpp__visibility_control.hpp\n'}
[0.321290] (slam_toolbox) StdoutLine: {'line': b'-- Up-to-date: /home/malik/controller-benchmarks/ros2/install/slam_toolbox/include/slam_toolbox/slam_toolbox/msg/localized_laser_scan.hpp\n'}
[0.321333] (slam_toolbox) StdoutLine: {'line': b'-- Up-to-date: /home/malik/controller-benchmarks/ros2/install/slam_toolbox/include/slam_toolbox/slam_toolbox\n'}
[0.321377] (slam_toolbox) StdoutLine: {'line': b'-- Up-to-date: /home/malik/controller-benchmarks/ros2/install/slam_toolbox/include/slam_toolbox/slam_toolbox/srv\n'}
[0.321421] (slam_toolbox) StdoutLine: {'line': b'-- Up-to-date: /home/malik/controller-benchmarks/ros2/install/slam_toolbox/include/slam_toolbox/slam_toolbox/srv/detail\n'}
[0.321469] (slam_toolbox) StdoutLine: {'line': b'-- Up-to-date: /home/malik/controller-benchmarks/ros2/install/slam_toolbox/include/slam_toolbox/slam_toolbox/srv/detail/pause__rosidl_typesupport_fastrtps_cpp.hpp\n'}
[0.321513] (slam_toolbox) StdoutLine: {'line': b'-- Up-to-date: /home/malik/controller-benchmarks/ros2/install/slam_toolbox/include/slam_toolbox/slam_toolbox/srv/detail/reset__rosidl_typesupport_fastrtps_cpp.hpp\n'}
[0.321557] (slam_toolbox) StdoutLine: {'line': b'-- Up-to-date: /home/malik/controller-benchmarks/ros2/install/slam_toolbox/include/slam_toolbox/slam_toolbox/srv/detail/toggle_interactive__rosidl_typesupport_fastrtps_cpp.hpp\n'}
[0.321601] (slam_toolbox) StdoutLine: {'line': b'-- Up-to-date: /home/malik/controller-benchmarks/ros2/install/slam_toolbox/include/slam_toolbox/slam_toolbox/srv/detail/save_map__rosidl_typesupport_fastrtps_cpp.hpp\n'}
[0.321644] (slam_toolbox) StdoutLine: {'line': b'-- Up-to-date: /home/malik/controller-benchmarks/ros2/install/slam_toolbox/include/slam_toolbox/slam_toolbox/srv/detail/dds_fastrtps\n'}
[0.321688] (slam_toolbox) StdoutLine: {'line': b'-- Up-to-date: /home/malik/controller-benchmarks/ros2/install/slam_toolbox/include/slam_toolbox/slam_toolbox/srv/detail/deserialize_pose_graph__rosidl_typesupport_fastrtps_cpp.hpp\n'}
[0.321732] (slam_toolbox) StdoutLine: {'line': b'-- Up-to-date: /home/malik/controller-benchmarks/ros2/install/slam_toolbox/include/slam_toolbox/slam_toolbox/srv/detail/serialize_pose_graph__rosidl_typesupport_fastrtps_cpp.hpp\n'}
[0.321777] (slam_toolbox) StdoutLine: {'line': b'-- Up-to-date: /home/malik/controller-benchmarks/ros2/install/slam_toolbox/include/slam_toolbox/slam_toolbox/srv/detail/loop_closure__rosidl_typesupport_fastrtps_cpp.hpp\n'}
[0.321821] (slam_toolbox) StdoutLine: {'line': b'-- Up-to-date: /home/malik/controller-benchmarks/ros2/install/slam_toolbox/include/slam_toolbox/slam_toolbox/srv/detail/clear_queue__rosidl_typesupport_fastrtps_cpp.hpp\n'}
[0.321865] (slam_toolbox) StdoutLine: {'line': b'-- Up-to-date: /home/malik/controller-benchmarks/ros2/install/slam_toolbox/include/slam_toolbox/slam_toolbox/srv/detail/add_submap__rosidl_typesupport_fastrtps_cpp.hpp\n'}
[0.321909] (slam_toolbox) StdoutLine: {'line': b'-- Up-to-date: /home/malik/controller-benchmarks/ros2/install/slam_toolbox/include/slam_toolbox/slam_toolbox/srv/detail/clear__rosidl_typesupport_fastrtps_cpp.hpp\n'}
[0.321952] (slam_toolbox) StdoutLine: {'line': b'-- Up-to-date: /home/malik/controller-benchmarks/ros2/install/slam_toolbox/include/slam_toolbox/slam_toolbox/srv/detail/merge_maps__rosidl_typesupport_fastrtps_cpp.hpp\n'}
[0.321997] (slam_toolbox) StdoutLine: {'line': b'-- Up-to-date: /home/malik/controller-benchmarks/ros2/install/slam_toolbox/include/slam_toolbox/slam_toolbox/msg\n'}
[0.322055] (slam_toolbox) StdoutLine: {'line': b'-- Up-to-date: /home/malik/controller-benchmarks/ros2/install/slam_toolbox/include/slam_toolbox/slam_toolbox/msg/detail\n'}
[0.322099] (slam_toolbox) StdoutLine: {'line': b'-- Up-to-date: /home/malik/controller-benchmarks/ros2/install/slam_toolbox/include/slam_toolbox/slam_toolbox/msg/detail/loop_closure_event__rosidl_typesupport_fastrtps_cpp.hpp\n'}
[0.322143] (slam_toolbox) StdoutLine: {'line': b'-- Up-to-date: /home/malik/controller-benchmarks/ros2/install/slam_toolbox/include/slam_toolbox/slam_toolbox/msg/detail/graph_edge__rosidl_typesupport_fastrtps_cpp.hpp\n'}
[0.322197] (slam_toolbox) StdoutLine: {'line': b'-- Up-to-date: /home/malik/controller-benchmarks/ros2/install/slam_toolbox/include/slam_toolbox/slam_toolbox/msg/detail/dds_fastrtps\n'}
[0.322244] (slam_toolbox) StdoutLine: {'line': b'-- Up-to-date: /home/malik/controller-benchmarks/ros2/install/slam_toolbox/include/slam_toolbox/slam_toolbox/msg/detail/pose_graph__rosidl_typesupport_fastrtps_cpp.hpp\n'}
[0.322288] (slam_toolbox) StdoutLine: {'line': b'-- Up-to-date: /home/malik/controller-benchmarks/ros2/install/slam_toolbox/include/slam_toolbox/slam_toolbox/msg/detail/graph_node__rosidl_typesupport_fastrtps_cpp.hpp\n'}
[0.322332] (slam_toolbox) StdoutLine: {'line': b'-- Up-to-date: /home/malik/controller-benchmarks/ros2/install/slam_toolbox/include/slam_toolbox/slam_toolbox/msg/detail/new_node_event__rosidl_typesupport_fastrtps_cpp.hpp\n'}
[0.322380] (slam_toolbox) StdoutLine: {'line': b'-- Up-to-date: /home/malik/controller-benchmarks/ros2/install/slam_toolbox/include/slam_toolbox/slam_toolbox/msg/detail/localized_laser_scan__rosidl_typesupport_fastrtps_cpp.hpp\n'}
[0.322424] (slam_toolbox) StdoutLine: {'line': b'-- Up-to-date: /home/malik/controller-benchmarks/ros2/install/slam_toolbox/include/slam_toolbox/slam_toolbox/msg/rosidl_typesupport_fastrtps_cpp__visibility_control.h\n'}
[0.322468] (slam_toolbox) StdoutLine: {'line': b'-- Up-to-date: /home/malik/controller-benchmarks/ros2/install/slam_toolbox/lib/libslam_toolbox__rosidl_typesupport_fastrtps_cpp.so\n'}
[0.322511] (slam_toolbox) StdoutLine: {'line': b'-- Up-to-date: /home/malik/controller-benchmarks/ros2/install/slam_toolbox/include/slam_toolbox/slam_toolbox\n'}
[0.322555] (slam_toolbox) StdoutLine: {'line': b'-- Up-to-date: /home/malik/controller-benchmarks/ros2/install/slam_toolbox/include/slam_toolbox/slam_toolbox/srv\n'}
[0.322599] (slam_toolbox) StdoutLine: {'line': b'-- Up-to-date: /home/malik/controller-benchmarks/ros2/install/slam_toolbox/include/slam_toolbox/slam_toolbox/srv/detail\n'}
[0.322642] (slam_toolbox) StdoutLine: {'line': b'-- Up-to-date: /home/malik/controller-benchmarks/ros2/install/slam_toolbox/include/slam_toolbox/slam_toolbox/srv/detail/serialize_pose_graph__rosidl_typesupport_introspection_c.h\n'}
[0.322685] (slam_toolbox) StdoutLine: {'line': b'-- Up-to-date: /home/malik/controller-benchmarks/ros2/install/slam_toolbox/include/slam_toolbox/slam_toolbox/srv/detail/clear__type_support.c\n'}
[0.322728] (slam_toolbox) StdoutLine: {'line': b'-- Up-to-date: /home/malik/controller-benchmarks/ros2/install/slam_toolbox/include/slam_toolbox/slam_toolbox/srv/detail/toggle_interactive__rosidl_typesupport_introspection_c.h\n'}
[0.322773] (slam_toolbox) StdoutLine: {'line': b'-- Up-to-date: /home/malik/controller-benchmarks/ros2/install/slam_toolbox/include/slam_toolbox/slam_toolbox/srv/detail/reset__type_support.c\n'}
[0.322816] (slam_toolbox) StdoutLine: {'line': b'-- Up-to-date: /home/malik/controller-benchmarks/ros2/install/slam_toolbox/include/slam_toolbox/slam_toolbox/srv/detail/add_submap__rosidl_typesupport_introspection_c.h\n'}
[0.322860] (slam_toolbox) StdoutLine: {'line': b'-- Up-to-date: /home/malik/controller-benchmarks/ros2/install/slam_toolbox/include/slam_toolbox/slam_toolbox/srv/detail/pause__type_support.c\n'}
[0.322904] (slam_toolbox) StdoutLine: {'line': b'-- Up-to-date: /home/malik/controller-benchmarks/ros2/install/slam_toolbox/include/slam_toolbox/slam_toolbox/srv/detail/pause__rosidl_typesupport_introspection_c.h\n'}
[0.322946] (slam_toolbox) StdoutLine: {'line': b'-- Up-to-date: /home/malik/controller-benchmarks/ros2/install/slam_toolbox/include/slam_toolbox/slam_toolbox/srv/detail/merge_maps__type_support.c\n'}
[0.322990] (slam_toolbox) StdoutLine: {'line': b'-- Up-to-date: /home/malik/controller-benchmarks/ros2/install/slam_toolbox/include/slam_toolbox/slam_toolbox/srv/detail/deserialize_pose_graph__rosidl_typesupport_introspection_c.h\n'}
[0.323034] (slam_toolbox) StdoutLine: {'line': b'-- Up-to-date: /home/malik/controller-benchmarks/ros2/install/slam_toolbox/include/slam_toolbox/slam_toolbox/srv/detail/save_map__rosidl_typesupport_introspection_c.h\n'}
[0.323077] (slam_toolbox) StdoutLine: {'line': b'-- Up-to-date: /home/malik/controller-benchmarks/ros2/install/slam_toolbox/include/slam_toolbox/slam_toolbox/srv/detail/serialize_pose_graph__type_support.c\n'}
[0.323121] (slam_toolbox) StdoutLine: {'line': b'-- Up-to-date: /home/malik/controller-benchmarks/ros2/install/slam_toolbox/include/slam_toolbox/slam_toolbox/srv/detail/add_submap__type_support.c\n'}
[0.323168] (slam_toolbox) StdoutLine: {'line': b'-- Up-to-date: /home/malik/controller-benchmarks/ros2/install/slam_toolbox/include/slam_toolbox/slam_toolbox/srv/detail/save_map__type_support.c\n'}
[0.323217] (slam_toolbox) StdoutLine: {'line': b'-- Up-to-date: /home/malik/controller-benchmarks/ros2/install/slam_toolbox/include/slam_toolbox/slam_toolbox/srv/detail/loop_closure__type_support.c\n'}
[0.323272] (slam_toolbox) StdoutLine: {'line': b'-- Up-to-date: /home/malik/controller-benchmarks/ros2/install/slam_toolbox/include/slam_toolbox/slam_toolbox/srv/detail/clear__rosidl_typesupport_introspection_c.h\n'}
[0.323319] (slam_toolbox) StdoutLine: {'line': b'-- Up-to-date: /home/malik/controller-benchmarks/ros2/install/slam_toolbox/include/slam_toolbox/slam_toolbox/srv/detail/clear_queue__type_support.c\n'}
[0.323364] (slam_toolbox) StdoutLine: {'line': b'-- Up-to-date: /home/malik/controller-benchmarks/ros2/install/slam_toolbox/include/slam_toolbox/slam_toolbox/srv/detail/toggle_interactive__type_support.c\n'}
[0.323409] (slam_toolbox) StdoutLine: {'line': b'-- Up-to-date: /home/malik/controller-benchmarks/ros2/install/slam_toolbox/include/slam_toolbox/slam_toolbox/srv/detail/clear_queue__rosidl_typesupport_introspection_c.h\n'}
[0.323453] (slam_toolbox) StdoutLine: {'line': b'-- Up-to-date: /home/malik/controller-benchmarks/ros2/install/slam_toolbox/include/slam_toolbox/slam_toolbox/srv/detail/reset__rosidl_typesupport_introspection_c.h\n'}
[0.323498] (slam_toolbox) StdoutLine: {'line': b'-- Up-to-date: /home/malik/controller-benchmarks/ros2/install/slam_toolbox/include/slam_toolbox/slam_toolbox/srv/detail/loop_closure__rosidl_typesupport_introspection_c.h\n'}
[0.323542] (slam_toolbox) StdoutLine: {'line': b'-- Up-to-date: /home/malik/controller-benchmarks/ros2/install/slam_toolbox/include/slam_toolbox/slam_toolbox/srv/detail/deserialize_pose_graph__type_support.c\n'}
[0.323585] (slam_toolbox) StdoutLine: {'line': b'-- Up-to-date: /home/malik/controller-benchmarks/ros2/install/slam_toolbox/include/slam_toolbox/slam_toolbox/srv/detail/merge_maps__rosidl_typesupport_introspection_c.h\n'}
[0.323630] (slam_toolbox) StdoutLine: {'line': b'-- Up-to-date: /home/malik/controller-benchmarks/ros2/install/slam_toolbox/include/slam_toolbox/slam_toolbox/msg\n'}
[0.323674] (slam_toolbox) StdoutLine: {'line': b'-- Up-to-date: /home/malik/controller-benchmarks/ros2/install/slam_toolbox/include/slam_toolbox/slam_toolbox/msg/detail\n'}
[0.323718] (slam_toolbox) StdoutLine: {'line': b'-- Up-to-date: /home/malik/controller-benchmarks/ros2/install/slam_toolbox/include/slam_toolbox/slam_toolbox/msg/detail/pose_graph__rosidl_typesupport_introspection_c.h\n'}
[0.323762] (slam_toolbox) StdoutLine: {'line': b'-- Up-to-date: /home/malik/controller-benchmarks/ros2/install/slam_toolbox/include/slam_toolbox/slam_toolbox/msg/detail/loop_closure_event__rosidl_typesupport_introspection_c.h\n'}
[0.323806] (slam_toolbox) StdoutLine: {'line': b'-- Up-to-date: /home/malik/controller-benchmarks/ros2/install/slam_toolbox/include/slam_toolbox/slam_toolbox/msg/detail/localized_laser_scan__type_support.c\n'}
[0.323849] (slam_toolbox) StdoutLine: {'line': b'-- Up-to-date: /home/malik/controller-benchmarks/ros2/install/slam_toolbox/include/slam_toolbox/slam_toolbox/msg/detail/loop_closure_event__type_support.c\n'}
[0.323893] (slam_toolbox) StdoutLine: {'line': b'-- Up-to-date: /home/malik/controller-benchmarks/ros2/install/slam_toolbox/include/slam_toolbox/slam_toolbox/msg/detail/graph_edge__type_support.c\n'}
[0.323937] (slam_toolbox) StdoutLine: {'line': b'-- Up-to-date: /home/malik/controller-benchmarks/ros2/install/slam_toolbox/include/slam_toolbox/slam_toolbox/msg/detail/graph_node__rosidl_typesupport_introspection_c.h\n'}
[0.323980] (slam_toolbox) StdoutLine: {'line': b'-- Up-to-date: /home/malik/controller-benchmarks/ros2/install/slam_toolbox/include/slam_toolbox/slam_toolbox/msg/detail/localized_laser_scan__rosidl_typesupport_introspection_c.h\n'}
[0.324024] (slam_toolbox) StdoutLine: {'line': b'-- Up-to-date: /home/malik/controller-benchmarks/ros2/install/slam_toolbox/include/slam_toolbox/slam_toolbox/msg/detail/new_node_event__type_support.c\n'}
[0.324068] (slam_toolbox) StdoutLine: {'line': b'-- Up-to-date: /home/malik/controller-benchmarks/ros2/install/slam_toolbox/include/slam_toolbox/slam_toolbox/msg/detail/new_node_event__rosidl_typesupport_introspection_c.h\n'}
[0.324116] (slam_toolbox) StdoutLine: {'line': b'-- Up-to-date: /home/malik/controller-benchmarks/ros2/install/slam_toolbox/include/slam_toolbox/slam_toolbox/msg/detail/graph_node__type_support.c\n'}
[0.324159] (slam_toolbox) StdoutLine: {'line': b'-- Up-to-date: /home/malik/controller-benchmarks/ros2/install/slam_toolbox/include/slam_toolbox/slam_toolbox/msg/detail/graph_edge__rosidl_typesupport_introspection_c.h\n'}
[0.324212] (slam_toolbox) StdoutLine: {'line': b'-- Up-to-date: /home/malik/controller-benchmarks/ros2/install/slam_toolbox/include/slam_toolbox/slam_toolbox/msg/detail/pose_graph__type_support.c\n'}
[0.324257] (slam_toolbox) StdoutLine: {'line': b'-- Up-to-date: /home/malik/controller-benchmarks/ros2/install/slam_toolbox/include/slam_toolbox/slam_toolbox/msg/rosidl_typesupport_introspection_c__visibility_control.h\n'}
[0.324300] (slam_toolbox) StdoutLine: {'line': b'-- Up-to-date: /home/malik/controller-benchmarks/ros2/install/slam_toolbox/lib/libslam_toolbox__rosidl_typesupport_introspection_c.so\n'}
[0.324344] (slam_toolbox) StdoutLine: {'line': b'-- Up-to-date: /home/malik/controller-benchmarks/ros2/install/slam_toolbox/lib/libslam_toolbox__rosidl_typesupport_c.so\n'}
[0.324387] (slam_toolbox) StdoutLine: {'line': b'-- Up-to-date: /home/malik/controller-benchmarks/ros2/install/slam_toolbox/include/slam_toolbox/slam_toolbox\n'}
[0.324441] (slam_toolbox) StdoutLine: {'line': b'-- Up-to-date: /home/malik/controller-benchmarks/ros2/install/slam_toolbox/include/slam_toolbox/slam_toolbox/srv\n'}
[0.324485] (slam_toolbox) StdoutLine: {'line': b'-- Up-to-date: /home/malik/controller-benchmarks/ros2/install/slam_toolbox/include/slam_toolbox/slam_toolbox/srv/detail\n'}
[0.324528] (slam_toolbox) StdoutLine: {'line': b'-- Up-to-date: /home/malik/controller-benchmarks/ros2/install/slam_toolbox/include/slam_toolbox/slam_toolbox/srv/detail/deserialize_pose_graph__rosidl_typesupport_introspection_cpp.hpp\n'}
[0.324572] (slam_toolbox) StdoutLine: {'line': b'-- Up-to-date: /home/malik/controller-benchmarks/ros2/install/slam_toolbox/include/slam_toolbox/slam_toolbox/srv/detail/toggle_interactive__rosidl_typesupport_introspection_cpp.hpp\n'}
[0.324616] (slam_toolbox) StdoutLine: {'line': b'-- Up-to-date: /home/malik/controller-benchmarks/ros2/install/slam_toolbox/include/slam_toolbox/slam_toolbox/srv/detail/toggle_interactive__type_support.cpp\n'}
[0.324660] (slam_toolbox) StdoutLine: {'line': b'-- Up-to-date: /home/malik/controller-benchmarks/ros2/install/slam_toolbox/include/slam_toolbox/slam_toolbox/srv/detail/pause__rosidl_typesupport_introspection_cpp.hpp\n'}
[0.324703] (slam_toolbox) StdoutLine: {'line': b'-- Up-to-date: /home/malik/controller-benchmarks/ros2/install/slam_toolbox/include/slam_toolbox/slam_toolbox/srv/detail/serialize_pose_graph__type_support.cpp\n'}
[0.324747] (slam_toolbox) StdoutLine: {'line': b'-- Up-to-date: /home/malik/controller-benchmarks/ros2/install/slam_toolbox/include/slam_toolbox/slam_toolbox/srv/detail/reset__rosidl_typesupport_introspection_cpp.hpp\n'}
[0.324791] (slam_toolbox) StdoutLine: {'line': b'-- Up-to-date: /home/malik/controller-benchmarks/ros2/install/slam_toolbox/include/slam_toolbox/slam_toolbox/srv/detail/loop_closure__type_support.cpp\n'}
[0.324834] (slam_toolbox) StdoutLine: {'line': b'-- Up-to-date: /home/malik/controller-benchmarks/ros2/install/slam_toolbox/include/slam_toolbox/slam_toolbox/srv/detail/clear_queue__rosidl_typesupport_introspection_cpp.hpp\n'}
[0.324878] (slam_toolbox) StdoutLine: {'line': b'-- Up-to-date: /home/malik/controller-benchmarks/ros2/install/slam_toolbox/include/slam_toolbox/slam_toolbox/srv/detail/add_submap__rosidl_typesupport_introspection_cpp.hpp\n'}
[0.324921] (slam_toolbox) StdoutLine: {'line': b'-- Up-to-date: /home/malik/controller-benchmarks/ros2/install/slam_toolbox/include/slam_toolbox/slam_toolbox/srv/detail/deserialize_pose_graph__type_support.cpp\n'}
[0.324965] (slam_toolbox) StdoutLine: {'line': b'-- Up-to-date: /home/malik/controller-benchmarks/ros2/install/slam_toolbox/include/slam_toolbox/slam_toolbox/srv/detail/pause__type_support.cpp\n'}
[0.325013] (slam_toolbox) StdoutLine: {'line': b'-- Up-to-date: /home/malik/controller-benchmarks/ros2/install/slam_toolbox/include/slam_toolbox/slam_toolbox/srv/detail/clear__rosidl_typesupport_introspection_cpp.hpp\n'}
[0.325057] (slam_toolbox) StdoutLine: {'line': b'-- Up-to-date: /home/malik/controller-benchmarks/ros2/install/slam_toolbox/include/slam_toolbox/slam_toolbox/srv/detail/clear_queue__type_support.cpp\n'}
[0.325100] (slam_toolbox) StdoutLine: {'line': b'-- Up-to-date: /home/malik/controller-benchmarks/ros2/install/slam_toolbox/include/slam_toolbox/slam_toolbox/srv/detail/reset__type_support.cpp\n'}
[0.325143] (slam_toolbox) StdoutLine: {'line': b'-- Up-to-date: /home/malik/controller-benchmarks/ros2/install/slam_toolbox/include/slam_toolbox/slam_toolbox/srv/detail/clear__type_support.cpp\n'}
[0.325190] (slam_toolbox) StdoutLine: {'line': b'-- Up-to-date: /home/malik/controller-benchmarks/ros2/install/slam_toolbox/include/slam_toolbox/slam_toolbox/srv/detail/merge_maps__type_support.cpp\n'}
[0.325238] (slam_toolbox) StdoutLine: {'line': b'-- Up-to-date: /home/malik/controller-benchmarks/ros2/install/slam_toolbox/include/slam_toolbox/slam_toolbox/srv/detail/loop_closure__rosidl_typesupport_introspection_cpp.hpp\n'}
[0.325283] (slam_toolbox) StdoutLine: {'line': b'-- Up-to-date: /home/malik/controller-benchmarks/ros2/install/slam_toolbox/include/slam_toolbox/slam_toolbox/srv/detail/add_submap__type_support.cpp\n'}
[0.325327] (slam_toolbox) StdoutLine: {'line': b'-- Up-to-date: /home/malik/controller-benchmarks/ros2/install/slam_toolbox/include/slam_toolbox/slam_toolbox/srv/detail/save_map__type_support.cpp\n'}
[0.325371] (slam_toolbox) StdoutLine: {'line': b'-- Up-to-date: /home/malik/controller-benchmarks/ros2/install/slam_toolbox/include/slam_toolbox/slam_toolbox/srv/detail/merge_maps__rosidl_typesupport_introspection_cpp.hpp\n'}
[0.325415] (slam_toolbox) StdoutLine: {'line': b'-- Up-to-date: /home/malik/controller-benchmarks/ros2/install/slam_toolbox/include/slam_toolbox/slam_toolbox/srv/detail/serialize_pose_graph__rosidl_typesupport_introspection_cpp.hpp\n'}
[0.325458] (slam_toolbox) StdoutLine: {'line': b'-- Up-to-date: /home/malik/controller-benchmarks/ros2/install/slam_toolbox/include/slam_toolbox/slam_toolbox/srv/detail/save_map__rosidl_typesupport_introspection_cpp.hpp\n'}
[0.325505] (slam_toolbox) StdoutLine: {'line': b'-- Up-to-date: /home/malik/controller-benchmarks/ros2/install/slam_toolbox/include/slam_toolbox/slam_toolbox/msg\n'}
[0.325550] (slam_toolbox) StdoutLine: {'line': b'-- Up-to-date: /home/malik/controller-benchmarks/ros2/install/slam_toolbox/include/slam_toolbox/slam_toolbox/msg/detail\n'}
[0.325594] (slam_toolbox) StdoutLine: {'line': b'-- Up-to-date: /home/malik/controller-benchmarks/ros2/install/slam_toolbox/include/slam_toolbox/slam_toolbox/msg/detail/new_node_event__type_support.cpp\n'}
[0.325644] (slam_toolbox) StdoutLine: {'line': b'-- Up-to-date: /home/malik/controller-benchmarks/ros2/install/slam_toolbox/include/slam_toolbox/slam_toolbox/msg/detail/new_node_event__rosidl_typesupport_introspection_cpp.hpp\n'}
[0.325688] (slam_toolbox) StdoutLine: {'line': b'-- Up-to-date: /home/malik/controller-benchmarks/ros2/install/slam_toolbox/include/slam_toolbox/slam_toolbox/msg/detail/loop_closure_event__rosidl_typesupport_introspection_cpp.hpp\n'}
[0.325732] (slam_toolbox) StdoutLine: {'line': b'-- Up-to-date: /home/malik/controller-benchmarks/ros2/install/slam_toolbox/include/slam_toolbox/slam_toolbox/msg/detail/pose_graph__rosidl_typesupport_introspection_cpp.hpp\n'}
[0.325775] (slam_toolbox) StdoutLine: {'line': b'-- Up-to-date: /home/malik/controller-benchmarks/ros2/install/slam_toolbox/include/slam_toolbox/slam_toolbox/msg/detail/loop_closure_event__type_support.cpp\n'}
[0.325819] (slam_toolbox) StdoutLine: {'line': b'-- Up-to-date: /home/malik/controller-benchmarks/ros2/install/slam_toolbox/include/slam_toolbox/slam_toolbox/msg/detail/pose_graph__type_support.cpp\n'}
[0.325862] (slam_toolbox) StdoutLine: {'line': b'-- Up-to-date: /home/malik/controller-benchmarks/ros2/install/slam_toolbox/include/slam_toolbox/slam_toolbox/msg/detail/localized_laser_scan__type_support.cpp\n'}
[0.325910] (slam_toolbox) StdoutLine: {'line': b'-- Up-to-date: /home/malik/controller-benchmarks/ros2/install/slam_toolbox/include/slam_toolbox/slam_toolbox/msg/detail/graph_edge__rosidl_typesupport_introspection_cpp.hpp\n'}
[0.325953] (slam_toolbox) StdoutLine: {'line': b'-- Up-to-date: /home/malik/controller-benchmarks/ros2/install/slam_toolbox/include/slam_toolbox/slam_toolbox/msg/detail/graph_edge__type_support.cpp\n'}
[0.325997] (slam_toolbox) StdoutLine: {'line': b'-- Up-to-date: /home/malik/controller-benchmarks/ros2/install/slam_toolbox/include/slam_toolbox/slam_toolbox/msg/detail/graph_node__type_support.cpp\n'}
[0.326041] (slam_toolbox) StdoutLine: {'line': b'-- Up-to-date: /home/malik/controller-benchmarks/ros2/install/slam_toolbox/include/slam_toolbox/slam_toolbox/msg/detail/localized_laser_scan__rosidl_typesupport_introspection_cpp.hpp\n'}
[0.326087] (slam_toolbox) StdoutLine: {'line': b'-- Up-to-date: /home/malik/controller-benchmarks/ros2/install/slam_toolbox/include/slam_toolbox/slam_toolbox/msg/detail/graph_node__rosidl_typesupport_introspection_cpp.hpp\n'}
[0.326132] (slam_toolbox) StdoutLine: {'line': b'-- Up-to-date: /home/malik/controller-benchmarks/ros2/install/slam_toolbox/lib/libslam_toolbox__rosidl_typesupport_introspection_cpp.so\n'}
[0.326180] (slam_toolbox) StdoutLine: {'line': b'-- Up-to-date: /home/malik/controller-benchmarks/ros2/install/slam_toolbox/lib/libslam_toolbox__rosidl_typesupport_cpp.so\n'}
[0.326228] (slam_toolbox) StdoutLine: {'line': b'-- Up-to-date: /home/malik/controller-benchmarks/ros2/install/slam_toolbox/share/slam_toolbox/environment/pythonpath.sh\n'}
[0.326274] (slam_toolbox) StdoutLine: {'line': b'-- Up-to-date: /home/malik/controller-benchmarks/ros2/install/slam_toolbox/share/slam_toolbox/environment/pythonpath.dsv\n'}
[0.326318] (slam_toolbox) StdoutLine: {'line': b'-- Up-to-date: /home/malik/controller-benchmarks/ros2/install/slam_toolbox/local/lib/python3.10/dist-packages/slam_toolbox-2.6.10-py3.10.egg-info\n'}
[0.326363] (slam_toolbox) StdoutLine: {'line': b'-- Installing: /home/malik/controller-benchmarks/ros2/install/slam_toolbox/local/lib/python3.10/dist-packages/slam_toolbox-2.6.10-py3.10.egg-info/dependency_links.txt\n'}
[0.326407] (slam_toolbox) StdoutLine: {'line': b'-- Installing: /home/malik/controller-benchmarks/ros2/install/slam_toolbox/local/lib/python3.10/dist-packages/slam_toolbox-2.6.10-py3.10.egg-info/SOURCES.txt\n'}
[0.326451] (slam_toolbox) StdoutLine: {'line': b'-- Installing: /home/malik/controller-benchmarks/ros2/install/slam_toolbox/local/lib/python3.10/dist-packages/slam_toolbox-2.6.10-py3.10.egg-info/PKG-INFO\n'}
[0.326495] (slam_toolbox) StdoutLine: {'line': b'-- Installing: /home/malik/controller-benchmarks/ros2/install/slam_toolbox/local/lib/python3.10/dist-packages/slam_toolbox-2.6.10-py3.10.egg-info/top_level.txt\n'}
[0.326538] (slam_toolbox) StdoutLine: {'line': b'-- Up-to-date: /home/malik/controller-benchmarks/ros2/install/slam_toolbox/local/lib/python3.10/dist-packages/slam_toolbox\n'}
[0.326583] (slam_toolbox) StdoutLine: {'line': b'-- Up-to-date: /home/malik/controller-benchmarks/ros2/install/slam_toolbox/local/lib/python3.10/dist-packages/slam_toolbox/_slam_toolbox_s.ep.rosidl_typesupport_fastrtps_c.c\n'}
[0.326627] (slam_toolbox) StdoutLine: {'line': b'-- Up-to-date: /home/malik/controller-benchmarks/ros2/install/slam_toolbox/local/lib/python3.10/dist-packages/slam_toolbox/__init__.py\n'}
[0.326675] (slam_toolbox) StdoutLine: {'line': b'-- Up-to-date: /home/malik/controller-benchmarks/ros2/install/slam_toolbox/local/lib/python3.10/dist-packages/slam_toolbox/_slam_toolbox_s.ep.rosidl_typesupport_c.c\n'}
[0.326721] (slam_toolbox) StdoutLine: {'line': b'-- Up-to-date: /home/malik/controller-benchmarks/ros2/install/slam_toolbox/local/lib/python3.10/dist-packages/slam_toolbox/srv\n'}
[0.326765] (slam_toolbox) StdoutLine: {'line': b'-- Up-to-date: /home/malik/controller-benchmarks/ros2/install/slam_toolbox/local/lib/python3.10/dist-packages/slam_toolbox/srv/_pause_s.c\n'}
[0.326812] (slam_toolbox) StdoutLine: {'line': b'-- Up-to-date: /home/malik/controller-benchmarks/ros2/install/slam_toolbox/local/lib/python3.10/dist-packages/slam_toolbox/srv/_clear_queue.py\n'}
[0.326863] (slam_toolbox) StdoutLine: {'line': b'-- Up-to-date: /home/malik/controller-benchmarks/ros2/install/slam_toolbox/local/lib/python3.10/dist-packages/slam_toolbox/srv/_loop_closure_s.c\n'}
[0.326907] (slam_toolbox) StdoutLine: {'line': b'-- Up-to-date: /home/malik/controller-benchmarks/ros2/install/slam_toolbox/local/lib/python3.10/dist-packages/slam_toolbox/srv/_toggle_interactive.py\n'}
[0.326951] (slam_toolbox) StdoutLine: {'line': b'-- Up-to-date: /home/malik/controller-benchmarks/ros2/install/slam_toolbox/local/lib/python3.10/dist-packages/slam_toolbox/srv/_pause.py\n'}
[0.326995] (slam_toolbox) StdoutLine: {'line': b'-- Up-to-date: /home/malik/controller-benchmarks/ros2/install/slam_toolbox/local/lib/python3.10/dist-packages/slam_toolbox/srv/_serialize_pose_graph.py\n'}
[0.327038] (slam_toolbox) StdoutLine: {'line': b'-- Up-to-date: /home/malik/controller-benchmarks/ros2/install/slam_toolbox/local/lib/python3.10/dist-packages/slam_toolbox/srv/_merge_maps_s.c\n'}
[0.327082] (slam_toolbox) StdoutLine: {'line': b'-- Up-to-date: /home/malik/controller-benchmarks/ros2/install/slam_toolbox/local/lib/python3.10/dist-packages/slam_toolbox/srv/_toggle_interactive_s.c\n'}
[0.327126] (slam_toolbox) StdoutLine: {'line': b'-- Up-to-date: /home/malik/controller-benchmarks/ros2/install/slam_toolbox/local/lib/python3.10/dist-packages/slam_toolbox/srv/__init__.py\n'}
[0.327173] (slam_toolbox) StdoutLine: {'line': b'-- Up-to-date: /home/malik/controller-benchmarks/ros2/install/slam_toolbox/local/lib/python3.10/dist-packages/slam_toolbox/srv/_add_submap.py\n'}
[0.327223] (slam_toolbox) StdoutLine: {'line': b'-- Up-to-date: /home/malik/controller-benchmarks/ros2/install/slam_toolbox/local/lib/python3.10/dist-packages/slam_toolbox/srv/_reset_s.c\n'}
[0.327266] (slam_toolbox) StdoutLine: {'line': b'-- Up-to-date: /home/malik/controller-benchmarks/ros2/install/slam_toolbox/local/lib/python3.10/dist-packages/slam_toolbox/srv/_save_map.py\n'}
[0.327310] (slam_toolbox) StdoutLine: {'line': b'-- Up-to-date: /home/malik/controller-benchmarks/ros2/install/slam_toolbox/local/lib/python3.10/dist-packages/slam_toolbox/srv/_add_submap_s.c\n'}
[0.327353] (slam_toolbox) StdoutLine: {'line': b'-- Up-to-date: /home/malik/controller-benchmarks/ros2/install/slam_toolbox/local/lib/python3.10/dist-packages/slam_toolbox/srv/_save_map_s.c\n'}
[0.327397] (slam_toolbox) StdoutLine: {'line': b'-- Up-to-date: /home/malik/controller-benchmarks/ros2/install/slam_toolbox/local/lib/python3.10/dist-packages/slam_toolbox/srv/_deserialize_pose_graph.py\n'}
[0.327441] (slam_toolbox) StdoutLine: {'line': b'-- Up-to-date: /home/malik/controller-benchmarks/ros2/install/slam_toolbox/local/lib/python3.10/dist-packages/slam_toolbox/srv/_reset.py\n'}
[0.327484] (slam_toolbox) StdoutLine: {'line': b'-- Up-to-date: /home/malik/controller-benchmarks/ros2/install/slam_toolbox/local/lib/python3.10/dist-packages/slam_toolbox/srv/_serialize_pose_graph_s.c\n'}
[0.327528] (slam_toolbox) StdoutLine: {'line': b'-- Up-to-date: /home/malik/controller-benchmarks/ros2/install/slam_toolbox/local/lib/python3.10/dist-packages/slam_toolbox/srv/_clear.py\n'}
[0.327571] (slam_toolbox) StdoutLine: {'line': b'-- Up-to-date: /home/malik/controller-benchmarks/ros2/install/slam_toolbox/local/lib/python3.10/dist-packages/slam_toolbox/srv/_clear_s.c\n'}
[0.327615] (slam_toolbox) StdoutLine: {'line': b'-- Up-to-date: /home/malik/controller-benchmarks/ros2/install/slam_toolbox/local/lib/python3.10/dist-packages/slam_toolbox/srv/_loop_closure.py\n'}
[0.327659] (slam_toolbox) StdoutLine: {'line': b'-- Up-to-date: /home/malik/controller-benchmarks/ros2/install/slam_toolbox/local/lib/python3.10/dist-packages/slam_toolbox/srv/_merge_maps.py\n'}
[0.327702] (slam_toolbox) StdoutLine: {'line': b'-- Up-to-date: /home/malik/controller-benchmarks/ros2/install/slam_toolbox/local/lib/python3.10/dist-packages/slam_toolbox/srv/_clear_queue_s.c\n'}
[0.327750] (slam_toolbox) StdoutLine: {'line': b'-- Up-to-date: /home/malik/controller-benchmarks/ros2/install/slam_toolbox/local/lib/python3.10/dist-packages/slam_toolbox/srv/_deserialize_pose_graph_s.c\n'}
[0.327793] (slam_toolbox) StdoutLine: {'line': b'-- Up-to-date: /home/malik/controller-benchmarks/ros2/install/slam_toolbox/local/lib/python3.10/dist-packages/slam_toolbox/libslam_toolbox__rosidl_generator_py.so\n'}
[0.327837] (slam_toolbox) StdoutLine: {'line': b'-- Up-to-date: /home/malik/controller-benchmarks/ros2/install/slam_toolbox/local/lib/python3.10/dist-packages/slam_toolbox/slam_toolbox_s__rosidl_typesupport_c.cpython-310-x86_64-linux-gnu.so\n'}
[0.327883] (slam_toolbox) StdoutLine: {'line': b'-- Up-to-date: /home/malik/controller-benchmarks/ros2/install/slam_toolbox/local/lib/python3.10/dist-packages/slam_toolbox/msg\n'}
[0.327927] (slam_toolbox) StdoutLine: {'line': b'-- Up-to-date: /home/malik/controller-benchmarks/ros2/install/slam_toolbox/local/lib/python3.10/dist-packages/slam_toolbox/msg/_pose_graph.py\n'}
[0.327970] (slam_toolbox) StdoutLine: {'line': b'-- Up-to-date: /home/malik/controller-benchmarks/ros2/install/slam_toolbox/local/lib/python3.10/dist-packages/slam_toolbox/msg/__init__.py\n'}
[0.328013] (slam_toolbox) StdoutLine: {'line': b'-- Up-to-date: /home/malik/controller-benchmarks/ros2/install/slam_toolbox/local/lib/python3.10/dist-packages/slam_toolbox/msg/_new_node_event.py\n'}
[0.328057] (slam_toolbox) StdoutLine: {'line': b'-- Up-to-date: /home/malik/controller-benchmarks/ros2/install/slam_toolbox/local/lib/python3.10/dist-packages/slam_toolbox/msg/_graph_node.py\n'}
[0.328106] (slam_toolbox) StdoutLine: {'line': b'-- Up-to-date: /home/malik/controller-benchmarks/ros2/install/slam_toolbox/local/lib/python3.10/dist-packages/slam_toolbox/msg/_graph_node_s.c\n'}
[0.328151] (slam_toolbox) StdoutLine: {'line': b'-- Up-to-date: /home/malik/controller-benchmarks/ros2/install/slam_toolbox/local/lib/python3.10/dist-packages/slam_toolbox/msg/_loop_closure_event.py\n'}
[0.328198] (slam_toolbox) StdoutLine: {'line': b'-- Up-to-date: /home/malik/controller-benchmarks/ros2/install/slam_toolbox/local/lib/python3.10/dist-packages/slam_toolbox/msg/_pose_graph_s.c\n'}
[0.328246] (slam_toolbox) StdoutLine: {'line': b'-- Up-to-date: /home/malik/controller-benchmarks/ros2/install/slam_toolbox/local/lib/python3.10/dist-packages/slam_toolbox/msg/_localized_laser_scan.py\n'}
[0.328289] (slam_toolbox) StdoutLine: {'line': b'-- Up-to-date: /home/malik/controller-benchmarks/ros2/install/slam_toolbox/local/lib/python3.10/dist-packages/slam_toolbox/msg/_loop_closure_event_s.c\n'}
[0.328332] (slam_toolbox) StdoutLine: {'line': b'-- Up-to-date: /home/malik/controller-benchmarks/ros2/install/slam_toolbox/local/lib/python3.10/dist-packages/slam_toolbox/msg/_localized_laser_scan_s.c\n'}
[0.328375] (slam_toolbox) StdoutLine: {'line': b'-- Up-to-date: /home/malik/controller-benchmarks/ros2/install/slam_toolbox/local/lib/python3.10/dist-packages/slam_toolbox/msg/_new_node_event_s.c\n'}
[0.328418] (slam_toolbox) StdoutLine: {'line': b'-- Up-to-date: /home/malik/controller-benchmarks/ros2/install/slam_toolbox/local/lib/python3.10/dist-packages/slam_toolbox/msg/_graph_edge_s.c\n'}
[0.328460] (slam_toolbox) StdoutLine: {'line': b'-- Up-to-date: /home/malik/controller-benchmarks/ros2/install/slam_toolbox/local/lib/python3.10/dist-packages/slam_toolbox/msg/_graph_edge.py\n'}
[0.328503] (slam_toolbox) StdoutLine: {'line': b'-- Up-to-date: /home/malik/controller-benchmarks/ros2/install/slam_toolbox/local/lib/python3.10/dist-packages/slam_toolbox/slam_toolbox_s__rosidl_typesupport_introspection_c.cpython-310-x86_64-linux-gnu.so\n'}
[0.328548] (slam_toolbox) StdoutLine: {'line': b'-- Up-to-date: /home/malik/controller-benchmarks/ros2/install/slam_toolbox/local/lib/python3.10/dist-packages/slam_toolbox/slam_toolbox_s__rosidl_typesupport_fastrtps_c.cpython-310-x86_64-linux-gnu.so\n'}
[0.328595] (slam_toolbox) StdoutLine: {'line': b'-- Up-to-date: /home/malik/controller-benchmarks/ros2/install/slam_toolbox/local/lib/python3.10/dist-packages/slam_toolbox/_slam_toolbox_s.ep.rosidl_typesupport_introspection_c.c\n'}
[0.340532] (slam_toolbox) StdoutLine: {'line': b"Listing '/home/malik/controller-benchmarks/ros2/install/slam_toolbox/local/lib/python3.10/dist-packages/slam_toolbox'...\n"}
[0.340658] (slam_toolbox) StdoutLine: {'line': b"Listing '/home/malik/controller-benchmarks/ros2/install/slam_toolbox/local/lib/python3.10/dist-packages/slam_toolbox/msg'...\n"}
[0.340713] (slam_toolbox) StdoutLine: {'line': b"Listing '/home/malik/controller-benchmarks/ros2/install/slam_toolbox/local/lib/python3.10/dist-packages/slam_toolbox/srv'...\n"}
[0.343842] (slam_toolbox) StdoutLine: {'line': b'-- Up-to-date: /home/malik/controller-benchmarks/ros2/install/slam_toolbox/local/lib/python3.10/dist-packages/slam_toolbox/slam_toolbox_s__rosidl_typesupport_fastrtps_c.cpython-310-x86_64-linux-gnu.so\n'}
[0.344053] (slam_toolbox) StdoutLine: {'line': b'-- Up-to-date: /home/malik/controller-benchmarks/ros2/install/slam_toolbox/local/lib/python3.10/dist-packages/slam_toolbox/slam_toolbox_s__rosidl_typesupport_introspection_c.cpython-310-x86_64-linux-gnu.so\n'}
[0.344214] (slam_toolbox) StdoutLine: {'line': b'-- Up-to-date: /home/malik/controller-benchmarks/ros2/install/slam_toolbox/local/lib/python3.10/dist-packages/slam_toolbox/slam_toolbox_s__rosidl_typesupport_c.cpython-310-x86_64-linux-gnu.so\n'}
[0.344445] (slam_toolbox) StdoutLine: {'line': b'-- Up-to-date: /home/malik/controller-benchmarks/ros2/install/slam_toolbox/lib/libslam_toolbox__rosidl_generator_py.so\n'}
[0.344586] (slam_toolbox) StdoutLine: {'line': b'-- Up-to-date: /home/malik/controller-benchmarks/ros2/install/slam_toolbox/share/slam_toolbox/srv/Pause.idl\n'}
[0.344660] (slam_toolbox) StdoutLine: {'line': b'-- Up-to-date: /home/malik/controller-benchmarks/ros2/install/slam_toolbox/share/slam_toolbox/srv/ClearQueue.idl\n'}
[0.344713] (slam_toolbox) StdoutLine: {'line': b'-- Up-to-date: /home/malik/controller-benchmarks/ros2/install/slam_toolbox/share/slam_toolbox/srv/ToggleInteractive.idl\n'}
[0.344847] (slam_toolbox) StdoutLine: {'line': b'-- Up-to-date: /home/malik/controller-benchmarks/ros2/install/slam_toolbox/share/slam_toolbox/srv/Clear.idl\n'}
[0.344953] (slam_toolbox) StdoutLine: {'line': b'-- Up-to-date: /home/malik/controller-benchmarks/ros2/install/slam_toolbox/share/slam_toolbox/srv/SaveMap.idl\n'}
[0.345027] (slam_toolbox) StdoutLine: {'line': b'-- Up-to-date: /home/malik/controller-benchmarks/ros2/install/slam_toolbox/share/slam_toolbox/srv/LoopClosure.idl\n'}
[0.345095] (slam_toolbox) StdoutLine: {'line': b'-- Up-to-date: /home/malik/controller-benchmarks/ros2/install/slam_toolbox/share/slam_toolbox/srv/MergeMaps.idl\n'}
[0.345152] (slam_toolbox) StdoutLine: {'line': b'-- Up-to-date: /home/malik/controller-benchmarks/ros2/install/slam_toolbox/share/slam_toolbox/srv/AddSubmap.idl\n'}
[0.345229] (slam_toolbox) StdoutLine: {'line': b'-- Up-to-date: /home/malik/controller-benchmarks/ros2/install/slam_toolbox/share/slam_toolbox/srv/DeserializePoseGraph.idl\n'}
[0.345302] (slam_toolbox) StdoutLine: {'line': b'-- Up-to-date: /home/malik/controller-benchmarks/ros2/install/slam_toolbox/share/slam_toolbox/srv/SerializePoseGraph.idl\n'}
[0.345360] (slam_toolbox) StdoutLine: {'line': b'-- Up-to-date: /home/malik/controller-benchmarks/ros2/install/slam_toolbox/share/slam_toolbox/srv/Pause.srv\n'}
[0.345423] (slam_toolbox) StdoutLine: {'line': b'-- Up-to-date: /home/malik/controller-benchmarks/ros2/install/slam_toolbox/share/slam_toolbox/srv/Pause_Request.msg\n'}
[0.345480] (slam_toolbox) StdoutLine: {'line': b'-- Up-to-date: /home/malik/controller-benchmarks/ros2/install/slam_toolbox/share/slam_toolbox/srv/Pause_Response.msg\n'}
[0.345544] (slam_toolbox) StdoutLine: {'line': b'-- Up-to-date: /home/malik/controller-benchmarks/ros2/install/slam_toolbox/share/slam_toolbox/srv/ClearQueue.srv\n'}
[0.345601] (slam_toolbox) StdoutLine: {'line': b'-- Up-to-date: /home/malik/controller-benchmarks/ros2/install/slam_toolbox/share/slam_toolbox/srv/ClearQueue_Request.msg\n'}
[0.345662] (slam_toolbox) StdoutLine: {'line': b'-- Up-to-date: /home/malik/controller-benchmarks/ros2/install/slam_toolbox/share/slam_toolbox/srv/ClearQueue_Response.msg\n'}
[0.345726] (slam_toolbox) StdoutLine: {'line': b'-- Up-to-date: /home/malik/controller-benchmarks/ros2/install/slam_toolbox/share/slam_toolbox/srv/ToggleInteractive.srv\n'}
[0.345783] (slam_toolbox) StdoutLine: {'line': b'-- Up-to-date: /home/malik/controller-benchmarks/ros2/install/slam_toolbox/share/slam_toolbox/srv/ToggleInteractive_Request.msg\n'}
[0.345839] (slam_toolbox) StdoutLine: {'line': b'-- Up-to-date: /home/malik/controller-benchmarks/ros2/install/slam_toolbox/share/slam_toolbox/srv/ToggleInteractive_Response.msg\n'}
[0.345903] (slam_toolbox) StdoutLine: {'line': b'-- Up-to-date: /home/malik/controller-benchmarks/ros2/install/slam_toolbox/share/slam_toolbox/srv/Clear.srv\n'}
[0.345957] (slam_toolbox) StdoutLine: {'line': b'-- Up-to-date: /home/malik/controller-benchmarks/ros2/install/slam_toolbox/share/slam_toolbox/srv/Clear_Request.msg\n'}
[0.346019] (slam_toolbox) StdoutLine: {'line': b'-- Up-to-date: /home/malik/controller-benchmarks/ros2/install/slam_toolbox/share/slam_toolbox/srv/Clear_Response.msg\n'}
[0.346076] (slam_toolbox) StdoutLine: {'line': b'-- Up-to-date: /home/malik/controller-benchmarks/ros2/install/slam_toolbox/share/slam_toolbox/srv/SaveMap.srv\n'}
[0.346139] (slam_toolbox) StdoutLine: {'line': b'-- Up-to-date: /home/malik/controller-benchmarks/ros2/install/slam_toolbox/share/slam_toolbox/srv/SaveMap_Request.msg\n'}
[0.346195] (slam_toolbox) StdoutLine: {'line': b'-- Up-to-date: /home/malik/controller-benchmarks/ros2/install/slam_toolbox/share/slam_toolbox/srv/SaveMap_Response.msg\n'}
[0.346241] (slam_toolbox) StdoutLine: {'line': b'-- Up-to-date: /home/malik/controller-benchmarks/ros2/install/slam_toolbox/share/slam_toolbox/srv/LoopClosure.srv\n'}
[0.346297] (slam_toolbox) StdoutLine: {'line': b'-- Up-to-date: /home/malik/controller-benchmarks/ros2/install/slam_toolbox/share/slam_toolbox/srv/LoopClosure_Request.msg\n'}
[0.346341] (slam_toolbox) StdoutLine: {'line': b'-- Up-to-date: /home/malik/controller-benchmarks/ros2/install/slam_toolbox/share/slam_toolbox/srv/LoopClosure_Response.msg\n'}
[0.346384] (slam_toolbox) StdoutLine: {'line': b'-- Up-to-date: /home/malik/controller-benchmarks/ros2/install/slam_toolbox/share/slam_toolbox/srv/MergeMaps.srv\n'}
[0.346427] (slam_toolbox) StdoutLine: {'line': b'-- Up-to-date: /home/malik/controller-benchmarks/ros2/install/slam_toolbox/share/slam_toolbox/srv/MergeMaps_Request.msg\n'}
[0.346471] (slam_toolbox) StdoutLine: {'line': b'-- Up-to-date: /home/malik/controller-benchmarks/ros2/install/slam_toolbox/share/slam_toolbox/srv/MergeMaps_Response.msg\n'}
[0.346529] (slam_toolbox) StdoutLine: {'line': b'-- Up-to-date: /home/malik/controller-benchmarks/ros2/install/slam_toolbox/share/slam_toolbox/srv/AddSubmap.srv\n'}
[0.346574] (slam_toolbox) StdoutLine: {'line': b'-- Up-to-date: /home/malik/controller-benchmarks/ros2/install/slam_toolbox/share/slam_toolbox/srv/AddSubmap_Request.msg\n'}
[0.346623] (slam_toolbox) StdoutLine: {'line': b'-- Up-to-date: /home/malik/controller-benchmarks/ros2/install/slam_toolbox/share/slam_toolbox/srv/AddSubmap_Response.msg\n'}
[0.346668] (slam_toolbox) StdoutLine: {'line': b'-- Up-to-date: /home/malik/controller-benchmarks/ros2/install/slam_toolbox/share/slam_toolbox/srv/DeserializePoseGraph.srv\n'}
[0.346726] (slam_toolbox) StdoutLine: {'line': b'-- Up-to-date: /home/malik/controller-benchmarks/ros2/install/slam_toolbox/share/slam_toolbox/srv/DeserializePoseGraph_Request.msg\n'}
[0.346770] (slam_toolbox) StdoutLine: {'line': b'-- Up-to-date: /home/malik/controller-benchmarks/ros2/install/slam_toolbox/share/slam_toolbox/srv/DeserializePoseGraph_Response.msg\n'}
[0.346817] (slam_toolbox) StdoutLine: {'line': b'-- Up-to-date: /home/malik/controller-benchmarks/ros2/install/slam_toolbox/share/slam_toolbox/srv/SerializePoseGraph.srv\n'}
[0.346880] (slam_toolbox) StdoutLine: {'line': b'-- Up-to-date: /home/malik/controller-benchmarks/ros2/install/slam_toolbox/share/slam_toolbox/srv/SerializePoseGraph_Request.msg\n'}
[0.346925] (slam_toolbox) StdoutLine: {'line': b'-- Up-to-date: /home/malik/controller-benchmarks/ros2/install/slam_toolbox/share/slam_toolbox/srv/SerializePoseGraph_Response.msg\n'}
[0.346968] (slam_toolbox) StdoutLine: {'line': b'-- Up-to-date: /home/malik/controller-benchmarks/ros2/install/slam_toolbox/share/slam_toolbox/rviz_plugins.xml\n'}
[0.347012] (slam_toolbox) StdoutLine: {'line': b'-- Up-to-date: /home/malik/controller-benchmarks/ros2/install/slam_toolbox/share/slam_toolbox/solver_plugins.xml\n'}
[0.347055] (slam_toolbox) StdoutLine: {'line': b'-- Up-to-date: /home/malik/controller-benchmarks/ros2/install/slam_toolbox/lib/slam_toolbox/async_slam_toolbox_node\n'}
[0.347113] (slam_toolbox) StdoutLine: {'line': b'-- Up-to-date: /home/malik/controller-benchmarks/ros2/install/slam_toolbox/lib/slam_toolbox/sync_slam_toolbox_node\n'}
[0.347168] (slam_toolbox) StdoutLine: {'line': b'-- Up-to-date: /home/malik/controller-benchmarks/ros2/install/slam_toolbox/lib/slam_toolbox/localization_slam_toolbox_node\n'}
[0.347218] (slam_toolbox) StdoutLine: {'line': b'-- Up-to-date: /home/malik/controller-benchmarks/ros2/install/slam_toolbox/lib/slam_toolbox/map_and_localization_slam_toolbox_node\n'}
[0.347262] (slam_toolbox) StdoutLine: {'line': b'-- Up-to-date: /home/malik/controller-benchmarks/ros2/install/slam_toolbox/lib/slam_toolbox/merge_maps_kinematic\n'}
[0.347325] (slam_toolbox) StdoutLine: {'line': b'-- Up-to-date: /home/malik/controller-benchmarks/ros2/install/slam_toolbox/lib/libtoolbox_common.so\n'}
[0.347510] (slam_toolbox) StdoutLine: {'line': b'-- Up-to-date: /home/malik/controller-benchmarks/ros2/install/slam_toolbox/lib/libSlamToolboxPlugin.so\n'}
[0.347709] (slam_toolbox) StdoutLine: {'line': b'-- Up-to-date: /home/malik/controller-benchmarks/ros2/install/slam_toolbox/lib/libceres_solver_plugin.so\n'}
[0.347925] (slam_toolbox) StdoutLine: {'line': b'-- Up-to-date: /home/malik/controller-benchmarks/ros2/install/slam_toolbox/lib/libasync_slam_toolbox.so\n'}
[0.348091] (slam_toolbox) StdoutLine: {'line': b'-- Up-to-date: /home/malik/controller-benchmarks/ros2/install/slam_toolbox/lib/libsync_slam_toolbox.so\n'}
[0.348329] (slam_toolbox) StdoutLine: {'line': b'-- Up-to-date: /home/malik/controller-benchmarks/ros2/install/slam_toolbox/lib/liblocalization_slam_toolbox.so\n'}
[0.348535] (slam_toolbox) StdoutLine: {'line': b'-- Up-to-date: /home/malik/controller-benchmarks/ros2/install/slam_toolbox/lib/liblifelong_slam_toolbox.so\n'}
[0.348721] (slam_toolbox) StdoutLine: {'line': b'-- Up-to-date: /home/malik/controller-benchmarks/ros2/install/slam_toolbox/lib/libmap_and_localization_slam_toolbox.so\n'}
[0.348897] (slam_toolbox) StdoutLine: {'line': b'-- Up-to-date: /home/malik/controller-benchmarks/ros2/install/slam_toolbox/lib/libkartoSlamToolbox.so\n'}
[0.349078] (slam_toolbox) StdoutLine: {'line': b'-- Up-to-date: /home/malik/controller-benchmarks/ros2/install/slam_toolbox/lib/libSlamToolboxPlugin.so\n'}
[0.349149] (slam_toolbox) StdoutLine: {'line': b'-- Up-to-date: /home/malik/controller-benchmarks/ros2/install/slam_toolbox/include\n'}
[0.349257] (slam_toolbox) StdoutLine: {'line': b'-- Up-to-date: /home/malik/controller-benchmarks/ros2/install/slam_toolbox/include/slam_toolbox\n'}
[0.349401] (slam_toolbox) StdoutLine: {'line': b'-- Up-to-date: /home/malik/controller-benchmarks/ros2/install/slam_toolbox/include/slam_toolbox/toolbox_msgs.hpp\n'}
[0.349548] (slam_toolbox) StdoutLine: {'line': b'-- Up-to-date: /home/malik/controller-benchmarks/ros2/install/slam_toolbox/include/slam_toolbox/experimental\n'}
[0.349647] (slam_toolbox) StdoutLine: {'line': b'-- Up-to-date: /home/malik/controller-benchmarks/ros2/install/slam_toolbox/include/slam_toolbox/experimental/slam_toolbox_lifelong.hpp\n'}
[0.349716] (slam_toolbox) StdoutLine: {'line': b'-- Up-to-date: /home/malik/controller-benchmarks/ros2/install/slam_toolbox/include/slam_toolbox/experimental/slam_toolbox_map_and_localization.hpp\n'}
[0.349782] (slam_toolbox) StdoutLine: {'line': b'-- Up-to-date: /home/malik/controller-benchmarks/ros2/install/slam_toolbox/include/slam_toolbox/merge_maps_kinematic.hpp\n'}
[0.349841] (slam_toolbox) StdoutLine: {'line': b'-- Up-to-date: /home/malik/controller-benchmarks/ros2/install/slam_toolbox/include/slam_toolbox/loop_closure_assistant.hpp\n'}
[0.349904] (slam_toolbox) StdoutLine: {'line': b'-- Up-to-date: /home/malik/controller-benchmarks/ros2/install/slam_toolbox/include/slam_toolbox/visualization_utils.hpp\n'}
[0.349964] (slam_toolbox) StdoutLine: {'line': b'-- Up-to-date: /home/malik/controller-benchmarks/ros2/install/slam_toolbox/include/slam_toolbox/map_saver.hpp\n'}
[0.350028] (slam_toolbox) StdoutLine: {'line': b'-- Up-to-date: /home/malik/controller-benchmarks/ros2/install/slam_toolbox/include/slam_toolbox/slam_toolbox_localization.hpp\n'}
[0.350083] (slam_toolbox) StdoutLine: {'line': b'-- Up-to-date: /home/malik/controller-benchmarks/ros2/install/slam_toolbox/include/slam_toolbox/slam_toolbox_async.hpp\n'}
[0.350137] (slam_toolbox) StdoutLine: {'line': b'-- Up-to-date: /home/malik/controller-benchmarks/ros2/install/slam_toolbox/include/slam_toolbox/get_pose_helper.hpp\n'}
[0.350208] (slam_toolbox) StdoutLine: {'line': b'-- Up-to-date: /home/malik/controller-benchmarks/ros2/install/slam_toolbox/include/slam_toolbox/slam_toolbox_sync.hpp\n'}
[0.350256] (slam_toolbox) StdoutLine: {'line': b'-- Up-to-date: /home/malik/controller-benchmarks/ros2/install/slam_toolbox/include/slam_toolbox/serialization.hpp\n'}
[0.350300] (slam_toolbox) StdoutLine: {'line': b'-- Up-to-date: /home/malik/controller-benchmarks/ros2/install/slam_toolbox/include/slam_toolbox/slam_toolbox_common.hpp\n'}
[0.350355] (slam_toolbox) StdoutLine: {'line': b'-- Up-to-date: /home/malik/controller-benchmarks/ros2/install/slam_toolbox/include/slam_toolbox/slam_mapper.hpp\n'}
[0.350410] (slam_toolbox) StdoutLine: {'line': b'-- Up-to-date: /home/malik/controller-benchmarks/ros2/install/slam_toolbox/include/slam_toolbox/laser_utils.hpp\n'}
[0.350465] (slam_toolbox) StdoutLine: {'line': b'-- Up-to-date: /home/malik/controller-benchmarks/ros2/install/slam_toolbox/include/slam_toolbox/snap_utils.hpp\n'}
[0.350520] (slam_toolbox) StdoutLine: {'line': b'-- Up-to-date: /home/malik/controller-benchmarks/ros2/install/slam_toolbox/include/slam_toolbox/toolbox_types.hpp\n'}
[0.350566] (slam_toolbox) StdoutLine: {'line': b'-- Up-to-date: /home/malik/controller-benchmarks/ros2/install/slam_toolbox/share/slam_toolbox/launch\n'}
[0.350620] (slam_toolbox) StdoutLine: {'line': b'-- Up-to-date: /home/malik/controller-benchmarks/ros2/install/slam_toolbox/share/slam_toolbox/launch/merge_maps_kinematic_launch.py\n'}
[0.350676] (slam_toolbox) StdoutLine: {'line': b'-- Up-to-date: /home/malik/controller-benchmarks/ros2/install/slam_toolbox/share/slam_toolbox/launch/online_async_launch.py\n'}
[0.350731] (slam_toolbox) StdoutLine: {'line': b'-- Up-to-date: /home/malik/controller-benchmarks/ros2/install/slam_toolbox/share/slam_toolbox/launch/localization_launch.py\n'}
[0.350777] (slam_toolbox) StdoutLine: {'line': b'-- Up-to-date: /home/malik/controller-benchmarks/ros2/install/slam_toolbox/share/slam_toolbox/launch/offline_launch.py\n'}
[0.350832] (slam_toolbox) StdoutLine: {'line': b'-- Up-to-date: /home/malik/controller-benchmarks/ros2/install/slam_toolbox/share/slam_toolbox/launch/online_sync_launch.py\n'}
[0.350888] (slam_toolbox) StdoutLine: {'line': b'-- Up-to-date: /home/malik/controller-benchmarks/ros2/install/slam_toolbox/share/slam_toolbox/config\n'}
[0.350943] (slam_toolbox) StdoutLine: {'line': b'-- Up-to-date: /home/malik/controller-benchmarks/ros2/install/slam_toolbox/share/slam_toolbox/config/mapper_params_offline.yaml\n'}
[0.350998] (slam_toolbox) StdoutLine: {'line': b'-- Up-to-date: /home/malik/controller-benchmarks/ros2/install/slam_toolbox/share/slam_toolbox/config/mapper_params_lifelong.yaml\n'}
[0.351053] (slam_toolbox) StdoutLine: {'line': b'-- Up-to-date: /home/malik/controller-benchmarks/ros2/install/slam_toolbox/share/slam_toolbox/config/mapper_params_online_sync.yaml\n'}
[0.351112] (slam_toolbox) StdoutLine: {'line': b'-- Up-to-date: /home/malik/controller-benchmarks/ros2/install/slam_toolbox/share/slam_toolbox/config/mapper_params_localization.yaml\n'}
[0.351171] (slam_toolbox) StdoutLine: {'line': b'-- Up-to-date: /home/malik/controller-benchmarks/ros2/install/slam_toolbox/share/slam_toolbox/config/mapper_params_online_async.yaml\n'}
[0.351221] (slam_toolbox) StdoutLine: {'line': b'-- Up-to-date: /home/malik/controller-benchmarks/ros2/install/slam_toolbox/share/slam_toolbox/config/slam_toolbox_default.rviz\n'}
[0.351284] (slam_toolbox) StdoutLine: {'line': b'-- Up-to-date: /home/malik/controller-benchmarks/ros2/install/slam_toolbox/share/solver_plugins.xml\n'}
[0.351329] (slam_toolbox) StdoutLine: {'line': b'-- Up-to-date: /home/malik/controller-benchmarks/ros2/install/slam_toolbox/share/rviz_plugins.xml\n'}
[0.351386] (slam_toolbox) StdoutLine: {'line': b'-- Up-to-date: /home/malik/controller-benchmarks/ros2/install/slam_toolbox/share/ament_index/resource_index/package_run_dependencies/slam_toolbox\n'}
[0.351441] (slam_toolbox) StdoutLine: {'line': b'-- Up-to-date: /home/malik/controller-benchmarks/ros2/install/slam_toolbox/share/ament_index/resource_index/parent_prefix_path/slam_toolbox\n'}
[0.351496] (slam_toolbox) StdoutLine: {'line': b'-- Up-to-date: /home/malik/controller-benchmarks/ros2/install/slam_toolbox/share/slam_toolbox/environment/ament_prefix_path.sh\n'}
[0.351549] (slam_toolbox) StdoutLine: {'line': b'-- Up-to-date: /home/malik/controller-benchmarks/ros2/install/slam_toolbox/share/slam_toolbox/environment/ament_prefix_path.dsv\n'}
[0.351604] (slam_toolbox) StdoutLine: {'line': b'-- Up-to-date: /home/malik/controller-benchmarks/ros2/install/slam_toolbox/share/slam_toolbox/environment/path.sh\n'}
[0.351651] (slam_toolbox) StdoutLine: {'line': b'-- Up-to-date: /home/malik/controller-benchmarks/ros2/install/slam_toolbox/share/slam_toolbox/environment/path.dsv\n'}
[0.351719] (slam_toolbox) StdoutLine: {'line': b'-- Up-to-date: /home/malik/controller-benchmarks/ros2/install/slam_toolbox/share/slam_toolbox/local_setup.bash\n'}
[0.351774] (slam_toolbox) StdoutLine: {'line': b'-- Up-to-date: /home/malik/controller-benchmarks/ros2/install/slam_toolbox/share/slam_toolbox/local_setup.sh\n'}
[0.351829] (slam_toolbox) StdoutLine: {'line': b'-- Up-to-date: /home/malik/controller-benchmarks/ros2/install/slam_toolbox/share/slam_toolbox/local_setup.zsh\n'}
[0.351890] (slam_toolbox) StdoutLine: {'line': b'-- Up-to-date: /home/malik/controller-benchmarks/ros2/install/slam_toolbox/share/slam_toolbox/local_setup.dsv\n'}
[0.351945] (slam_toolbox) StdoutLine: {'line': b'-- Installing: /home/malik/controller-benchmarks/ros2/install/slam_toolbox/share/slam_toolbox/package.dsv\n'}
[0.352000] (slam_toolbox) StdoutLine: {'line': b'-- Up-to-date: /home/malik/controller-benchmarks/ros2/install/slam_toolbox/share/ament_index/resource_index/packages/slam_toolbox\n'}
[0.352062] (slam_toolbox) StdoutLine: {'line': b'-- Up-to-date: /home/malik/controller-benchmarks/ros2/install/slam_toolbox/share/ament_index/resource_index/rviz_common__pluginlib__plugin/slam_toolbox\n'}
[0.352124] (slam_toolbox) StdoutLine: {'line': b'-- Up-to-date: /home/malik/controller-benchmarks/ros2/install/slam_toolbox/share/ament_index/resource_index/slam_toolbox__pluginlib__plugin/slam_toolbox\n'}
[0.352172] (slam_toolbox) StdoutLine: {'line': b'-- Up-to-date: /home/malik/controller-benchmarks/ros2/install/slam_toolbox/share/slam_toolbox/cmake/export_slam_toolbox__rosidl_generator_cExport.cmake\n'}
[0.352222] (slam_toolbox) StdoutLine: {'line': b'-- Up-to-date: /home/malik/controller-benchmarks/ros2/install/slam_toolbox/share/slam_toolbox/cmake/export_slam_toolbox__rosidl_generator_cExport-release.cmake\n'}
[0.352292] (slam_toolbox) StdoutLine: {'line': b'-- Up-to-date: /home/malik/controller-benchmarks/ros2/install/slam_toolbox/share/slam_toolbox/cmake/export_slam_toolbox__rosidl_typesupport_fastrtps_cExport.cmake\n'}
[0.352376] (slam_toolbox) StdoutLine: {'line': b'-- Up-to-date: /home/malik/controller-benchmarks/ros2/install/slam_toolbox/share/slam_toolbox/cmake/export_slam_toolbox__rosidl_typesupport_fastrtps_cExport-release.cmake\n'}
[0.352426] (slam_toolbox) StdoutLine: {'line': b'-- Up-to-date: /home/malik/controller-benchmarks/ros2/install/slam_toolbox/share/slam_toolbox/cmake/export_slam_toolbox__rosidl_generator_cppExport.cmake\n'}
[0.352477] (slam_toolbox) StdoutLine: {'line': b'-- Up-to-date: /home/malik/controller-benchmarks/ros2/install/slam_toolbox/share/slam_toolbox/cmake/export_slam_toolbox__rosidl_typesupport_fastrtps_cppExport.cmake\n'}
[0.352521] (slam_toolbox) StdoutLine: {'line': b'-- Up-to-date: /home/malik/controller-benchmarks/ros2/install/slam_toolbox/share/slam_toolbox/cmake/export_slam_toolbox__rosidl_typesupport_fastrtps_cppExport-release.cmake\n'}
[0.352565] (slam_toolbox) StdoutLine: {'line': b'-- Up-to-date: /home/malik/controller-benchmarks/ros2/install/slam_toolbox/share/slam_toolbox/cmake/slam_toolbox__rosidl_typesupport_introspection_cExport.cmake\n'}
[0.352609] (slam_toolbox) StdoutLine: {'line': b'-- Up-to-date: /home/malik/controller-benchmarks/ros2/install/slam_toolbox/share/slam_toolbox/cmake/slam_toolbox__rosidl_typesupport_introspection_cExport-release.cmake\n'}
[0.352653] (slam_toolbox) StdoutLine: {'line': b'-- Up-to-date: /home/malik/controller-benchmarks/ros2/install/slam_toolbox/share/slam_toolbox/cmake/slam_toolbox__rosidl_typesupport_cExport.cmake\n'}
[0.352698] (slam_toolbox) StdoutLine: {'line': b'-- Up-to-date: /home/malik/controller-benchmarks/ros2/install/slam_toolbox/share/slam_toolbox/cmake/slam_toolbox__rosidl_typesupport_cExport-release.cmake\n'}
[0.352743] (slam_toolbox) StdoutLine: {'line': b'-- Up-to-date: /home/malik/controller-benchmarks/ros2/install/slam_toolbox/share/slam_toolbox/cmake/slam_toolbox__rosidl_typesupport_introspection_cppExport.cmake\n'}
[0.352787] (slam_toolbox) StdoutLine: {'line': b'-- Up-to-date: /home/malik/controller-benchmarks/ros2/install/slam_toolbox/share/slam_toolbox/cmake/slam_toolbox__rosidl_typesupport_introspection_cppExport-release.cmake\n'}
[0.352832] (slam_toolbox) StdoutLine: {'line': b'-- Up-to-date: /home/malik/controller-benchmarks/ros2/install/slam_toolbox/share/slam_toolbox/cmake/slam_toolbox__rosidl_typesupport_cppExport.cmake\n'}
[0.352876] (slam_toolbox) StdoutLine: {'line': b'-- Up-to-date: /home/malik/controller-benchmarks/ros2/install/slam_toolbox/share/slam_toolbox/cmake/slam_toolbox__rosidl_typesupport_cppExport-release.cmake\n'}
[0.352920] (slam_toolbox) StdoutLine: {'line': b'-- Up-to-date: /home/malik/controller-benchmarks/ros2/install/slam_toolbox/share/slam_toolbox/cmake/export_slam_toolbox__rosidl_generator_pyExport.cmake\n'}
[0.352964] (slam_toolbox) StdoutLine: {'line': b'-- Up-to-date: /home/malik/controller-benchmarks/ros2/install/slam_toolbox/share/slam_toolbox/cmake/export_slam_toolbox__rosidl_generator_pyExport-release.cmake\n'}
[0.353008] (slam_toolbox) StdoutLine: {'line': b'-- Up-to-date: /home/malik/controller-benchmarks/ros2/install/slam_toolbox/share/slam_toolbox/cmake/SlamToolboxPluginExport.cmake\n'}
[0.353056] (slam_toolbox) StdoutLine: {'line': b'-- Up-to-date: /home/malik/controller-benchmarks/ros2/install/slam_toolbox/share/slam_toolbox/cmake/SlamToolboxPluginExport-release.cmake\n'}
[0.353102] (slam_toolbox) StdoutLine: {'line': b'-- Up-to-date: /home/malik/controller-benchmarks/ros2/install/slam_toolbox/share/ament_index/resource_index/rclcpp_components/slam_toolbox\n'}
[0.353146] (slam_toolbox) StdoutLine: {'line': b'-- Up-to-date: /home/malik/controller-benchmarks/ros2/install/slam_toolbox/share/slam_toolbox/cmake/rosidl_cmake-extras.cmake\n'}
[0.353197] (slam_toolbox) StdoutLine: {'line': b'-- Up-to-date: /home/malik/controller-benchmarks/ros2/install/slam_toolbox/share/slam_toolbox/cmake/ament_cmake_export_dependencies-extras.cmake\n'}
[0.353242] (slam_toolbox) StdoutLine: {'line': b'-- Up-to-date: /home/malik/controller-benchmarks/ros2/install/slam_toolbox/share/slam_toolbox/cmake/ament_cmake_export_include_directories-extras.cmake\n'}
[0.353290] (slam_toolbox) StdoutLine: {'line': b'-- Up-to-date: /home/malik/controller-benchmarks/ros2/install/slam_toolbox/share/slam_toolbox/cmake/ament_cmake_export_libraries-extras.cmake\n'}
[0.353334] (slam_toolbox) StdoutLine: {'line': b'-- Up-to-date: /home/malik/controller-benchmarks/ros2/install/slam_toolbox/share/slam_toolbox/cmake/ament_cmake_export_targets-extras.cmake\n'}
[0.353378] (slam_toolbox) StdoutLine: {'line': b'-- Up-to-date: /home/malik/controller-benchmarks/ros2/install/slam_toolbox/share/slam_toolbox/cmake/rosidl_cmake_export_typesupport_targets-extras.cmake\n'}
[0.353422] (slam_toolbox) StdoutLine: {'line': b'-- Up-to-date: /home/malik/controller-benchmarks/ros2/install/slam_toolbox/share/slam_toolbox/cmake/rosidl_cmake_export_typesupport_libraries-extras.cmake\n'}
[0.353464] (slam_toolbox) StdoutLine: {'line': b'-- Up-to-date: /home/malik/controller-benchmarks/ros2/install/slam_toolbox/share/slam_toolbox/cmake/slam_toolboxConfig.cmake\n'}
[0.353532] (slam_toolbox) StdoutLine: {'line': b'-- Up-to-date: /home/malik/controller-benchmarks/ros2/install/slam_toolbox/share/slam_toolbox/cmake/slam_toolboxConfig-version.cmake\n'}
[0.353599] (slam_toolbox) StdoutLine: {'line': b'-- Up-to-date: /home/malik/controller-benchmarks/ros2/install/slam_toolbox/share/slam_toolbox/package.xml\n'}
[0.353644] (slam_toolbox) StdoutLine: {'line': b'-- Up-to-date: /home/malik/controller-benchmarks/ros2/install/slam_toolbox/include/\n'}
[0.353715] (slam_toolbox) StdoutLine: {'line': b'-- Up-to-date: /home/malik/controller-benchmarks/ros2/install/slam_toolbox/include//karto_sdk\n'}
[0.353776] (slam_toolbox) StdoutLine: {'line': b'-- Up-to-date: /home/malik/controller-benchmarks/ros2/install/slam_toolbox/include//karto_sdk/Math.h\n'}
[0.353823] (slam_toolbox) StdoutLine: {'line': b'-- Up-to-date: /home/malik/controller-benchmarks/ros2/install/slam_toolbox/include//karto_sdk/Types.h\n'}
[0.354013] (slam_toolbox) StdoutLine: {'line': b'-- Up-to-date: /home/malik/controller-benchmarks/ros2/install/slam_toolbox/include//karto_sdk/nanoflann_adaptors.h\n'}
[0.354148] (slam_toolbox) StdoutLine: {'line': b'-- Up-to-date: /home/malik/controller-benchmarks/ros2/install/slam_toolbox/include//karto_sdk/Mapper.h\n'}
[0.354714] (slam_toolbox) StdoutLine: {'line': b'-- Up-to-date: /home/malik/controller-benchmarks/ros2/install/slam_toolbox/include//karto_sdk/Macros.h\n'}
[0.354898] (slam_toolbox) StdoutLine: {'line': b'-- Up-to-date: /home/malik/controller-benchmarks/ros2/install/slam_toolbox/include//karto_sdk/Karto.h\n'}
[0.355002] (slam_toolbox) StdoutLine: {'line': b'-- Up-to-date: /home/malik/controller-benchmarks/ros2/install/slam_toolbox/include//karto_sdk/nanoflann.hpp\n'}
[0.355069] (slam_toolbox) CommandEnded: {'returncode': 0}
[0.370131] (slam_toolbox) JobEnded: {'identifier': 'slam_toolbox', 'rc': 0}
[0.370895] (autodrive_f1tenth) JobStarted: {'identifier': 'autodrive_f1tenth'}
[0.400610] (-) TimerEvent: {}
[0.500841] (-) TimerEvent: {}
[0.601078] (-) TimerEvent: {}
[0.701244] (-) TimerEvent: {}
[0.801457] (-) TimerEvent: {}
[0.853276] (autodrive_f1tenth) Command: {'cmd': ['/usr/bin/python3', '-W', 'ignore:setup.py install is deprecated', '-W', 'ignore:easy_install command is deprecated', 'setup.py', 'egg_info', '--egg-base', '../build/autodrive_f1tenth', 'build', '--build-base', '/home/malik/controller-benchmarks/ros2/build/autodrive_f1tenth/build', 'install', '--record', '/home/malik/controller-benchmarks/ros2/build/autodrive_f1tenth/install.log', '--single-version-externally-managed', 'install_data'], 'cwd': '/home/malik/controller-benchmarks/ros2/autodrive_f1tenth', 'env': {'GJS_DEBUG_TOPICS': 'JS ERROR;JS LOG', 'LESSOPEN': '| /usr/bin/lesspipe %s', 'USER': 'malik', 'XDG_SESSION_TYPE': 'wayland', 'SHLVL': '1', 'LD_LIBRARY_PATH': '/home/malik/controller-benchmarks/ros2/install/slam_toolbox/lib:/opt/ros/humble/opt/rviz_ogre_vendor/lib:/opt/ros/humble/lib/x86_64-linux-gnu:/opt/ros/humble/lib', 'HOME': '/home/malik', 'CONDA_SHLVL': '0', 'OLDPWD': '/home/malik/controller-benchmarks/ros2/autodrive_f1tenth/autodrive_f1tenth', 'DESKTOP_SESSION': 'ubuntu', 'GIO_LAUNCHED_DESKTOP_FILE': '/usr/share/applications/terminator.desktop', 'ROS_PYTHON_VERSION': '3', 'GNOME_SHELL_SESSION_MODE': 'ubuntu', 'GTK_MODULES': 'gail:atk-bridge', 'PS1': '\\[\\e[38;5;81m\\]\\u@\\h \\[\\e[38;5;226m\\]\\w \\[\\e[0m\\]$', 'MANAGERPID': '1409', 'SYSTEMD_EXEC_PID': '5562', 'IM_CONFIG_CHECK_ENV': '1', 'DBUS_SESSION_BUS_ADDRESS': 'unix:path=/run/user/1000/bus', 'COLORTERM': 'truecolor', '_CE_M': '', 'TERMINATOR_DBUS_NAME': 'net.tenshu.Terminator25ef4b219e3b005583550f2b0f9f990c3', '_CONDA_ROOT': '/home/malik/miniconda3', 'GIO_LAUNCHED_DESKTOP_FILE_PID': '6826', 'IM_CONFIG_PHASE': '1', 'WAYLAND_DISPLAY': 'wayland-0', 'COLCON_PREFIX_PATH': '/home/malik/ros2_ws/install', 'ROS_DISTRO': 'humble', 'LOGNAME': 'malik', 'JOURNAL_STREAM': '8:72390', '_': '/usr/bin/colcon', 'ROS_VERSION': '2', 'XDG_SESSION_CLASS': 'user', 'USERNAME': 'malik', 'TERM': 'xterm-256color', 'GNOME_DESKTOP_SESSION_ID': 'this-is-deprecated', '_CE_CONDA': '', 'ROS_LOCALHOST_ONLY': '0', 'PATH': '/home/malik/miniconda3/condabin:/opt/ros/humble/bin:/home/malik/.local/bin:/home/malik/.local/bin:/usr/local/sbin:/usr/local/bin:/usr/sbin:/usr/bin:/sbin:/bin:/usr/games:/usr/local/games:/snap/bin:/snap/bin', 'SESSION_MANAGER': 'local/malik-System-Product-Name:@/tmp/.ICE-unix/5537,unix/malik-System-Product-Name:/tmp/.ICE-unix/5537', 'INVOCATION_ID': 'b075604a8391438ea917198707f8ed3d', 'XDG_MENU_PREFIX': 'gnome-', 'GNOME_SETUP_DISPLAY': ':1', 'XDG_RUNTIME_DIR': '/run/user/1000', 'DISPLAY': ':0', 'TERMINATOR_DBUS_PATH': '/net/tenshu/Terminator2', 'LANG': 'en_US.UTF-8', 'XDG_CURRENT_DESKTOP': 'ubuntu:GNOME', 'IBUS_DISABLE_SNOOPER': '1', 'XMODIFIERS': '@im=ibus', 'XDG_SESSION_DESKTOP': 'ubuntu', 'XAUTHORITY': '/run/user/1000/.mutter-Xwaylandauth.S7J1R3', 'LS_COLORS': 'rs=0:di=01;34:ln=01;36:mh=00:pi=40;33:so=01;35:do=01;35:bd=40;33;01:cd=40;33;01:or=40;31;01:mi=00:su=37;41:sg=30;43:ca=30;41:tw=30;42:ow=34;42:st=37;44:ex=01;32:*.tar=01;31:*.tgz=01;31:*.arc=01;31:*.arj=01;31:*.taz=01;31:*.lha=01;31:*.lz4=01;31:*.lzh=01;31:*.lzma=01;31:*.tlz=01;31:*.txz=01;31:*.tzo=01;31:*.t7z=01;31:*.zip=01;31:*.z=01;31:*.dz=01;31:*.gz=01;31:*.lrz=01;31:*.lz=01;31:*.lzo=01;31:*.xz=01;31:*.zst=01;31:*.tzst=01;31:*.bz2=01;31:*.bz=01;31:*.tbz=01;31:*.tbz2=01;31:*.tz=01;31:*.deb=01;31:*.rpm=01;31:*.jar=01;31:*.war=01;31:*.ear=01;31:*.sar=01;31:*.rar=01;31:*.alz=01;31:*.ace=01;31:*.zoo=01;31:*.cpio=01;31:*.7z=01;31:*.rz=01;31:*.cab=01;31:*.wim=01;31:*.swm=01;31:*.dwm=01;31:*.esd=01;31:*.jpg=01;35:*.jpeg=01;35:*.mjpg=01;35:*.mjpeg=01;35:*.gif=01;35:*.bmp=01;35:*.pbm=01;35:*.pgm=01;35:*.ppm=01;35:*.tga=01;35:*.xbm=01;35:*.xpm=01;35:*.tif=01;35:*.tiff=01;35:*.png=01;35:*.svg=01;35:*.svgz=01;35:*.mng=01;35:*.pcx=01;35:*.mov=01;35:*.mpg=01;35:*.mpeg=01;35:*.m2v=01;35:*.mkv=01;35:*.webm=01;35:*.webp=01;35:*.ogm=01;35:*.mp4=01;35:*.m4v=01;35:*.mp4v=01;35:*.vob=01;35:*.qt=01;35:*.nuv=01;35:*.wmv=01;35:*.asf=01;35:*.rm=01;35:*.rmvb=01;35:*.flc=01;35:*.avi=01;35:*.fli=01;35:*.flv=01;35:*.gl=01;35:*.dl=01;35:*.xcf=01;35:*.xwd=01;35:*.yuv=01;35:*.cgm=01;35:*.emf=01;35:*.ogv=01;35:*.ogx=01;35:*.aac=00;36:*.au=00;36:*.flac=00;36:*.m4a=00;36:*.mid=00;36:*.midi=00;36:*.mka=00;36:*.mp3=00;36:*.mpc=00;36:*.ogg=00;36:*.ra=00;36:*.wav=00;36:*.oga=00;36:*.opus=00;36:*.spx=00;36:*.xspf=00;36:', 'SSH_AGENT_LAUNCHER': 'gnome-keyring', 'SSH_AUTH_SOCK': '/run/user/1000/keyring/ssh', 'AMENT_PREFIX_PATH': '/home/malik/controller-benchmarks/ros2/install/slam_toolbox:/home/malik/ros2_ws/install/autodrive_nigel:/home/malik/ros2_ws/install/autodrive_f1tenth:/opt/ros/humble', 'CONDA_PYTHON_EXE': '/home/malik/miniconda3/bin/python', 'SHELL': '/bin/bash', 'TERMINATOR_UUID': 'urn:uuid:d879508f-ff42-4195-b39c-22765fb60071', 'QT_ACCESSIBILITY': '1', 'GDMSESSION': 'ubuntu', 'LESSCLOSE': '/usr/bin/lesspipe %s %s', 'GJS_DEBUG_OUTPUT': 'stderr', '_CONDA_EXE': '/home/malik/miniconda3/bin/conda', 'QT_IM_MODULE': 'ibus', 'PWD': '/home/malik/controller-benchmarks/ros2/build/autodrive_f1tenth', 'LC_ALL': 'en_US.UTF-8', 'XDG_CONFIG_DIRS': '/etc/xdg/xdg-ubuntu:/etc/xdg', 'CONDA_EXE': '/home/malik/miniconda3/bin/conda', 'XDG_DATA_DIRS': '/usr/share/ubuntu:/home/malik/.local/share/flatpak/exports/share:/var/lib/flatpak/exports/share:/usr/local/share/:/usr/share/:/var/lib/snapd/desktop', 'PYTHONPATH': '/home/malik/controller-benchmarks/ros2/build/autodrive_f1tenth/prefix_override:/usr/lib/python3/dist-packages/colcon_core/task/python/colcon_distutils_commands:/home/malik/controller-benchmarks/ros2/install/autodrive_f1tenth/lib/python3.10/site-packages:/home/malik/controller-benchmarks/ros2/install/slam_toolbox/local/lib/python3.10/dist-packages:/home/malik/ros2_ws/install/autodrive_nigel/lib/python3.10/site-packages:/home/malik/ros2_ws/install/autodrive_f1tenth/lib/python3.10/site-packages:/opt/ros/humble/lib/python3.10/site-packages:/opt/ros/humble/local/lib/python3.10/dist-packages', 'COLCON': '1', 'VTE_VERSION': '6800', 'CMAKE_PREFIX_PATH': '/home/malik/controller-benchmarks/ros2/install/slam_toolbox'}, 'shell': False}
[0.901537] (-) TimerEvent: {}
[1.001764] (-) TimerEvent: {}
[1.052083] (autodrive_f1tenth) StdoutLine: {'line': b'running egg_info\n'}
[1.052649] (autodrive_f1tenth) StdoutLine: {'line': b'writing ../build/autodrive_f1tenth/autodrive_f1tenth.egg-info/PKG-INFO\n'}
[1.052822] (autodrive_f1tenth) StdoutLine: {'line': b'writing dependency_links to ../build/autodrive_f1tenth/autodrive_f1tenth.egg-info/dependency_links.txt\n'}
[1.052944] (autodrive_f1tenth) StdoutLine: {'line': b'writing entry points to ../build/autodrive_f1tenth/autodrive_f1tenth.egg-info/entry_points.txt\n'}
[1.053036] (autodrive_f1tenth) StdoutLine: {'line': b'writing requirements to ../build/autodrive_f1tenth/autodrive_f1tenth.egg-info/requires.txt\n'}
[1.053105] (autodrive_f1tenth) StdoutLine: {'line': b'writing top-level names to ../build/autodrive_f1tenth/autodrive_f1tenth.egg-info/top_level.txt\n'}
[1.054524] (autodrive_f1tenth) StdoutLine: {'line': b"reading manifest file '../build/autodrive_f1tenth/autodrive_f1tenth.egg-info/SOURCES.txt'\n"}
[1.055302] (autodrive_f1tenth) StdoutLine: {'line': b"writing manifest file '../build/autodrive_f1tenth/autodrive_f1tenth.egg-info/SOURCES.txt'\n"}
[1.055382] (autodrive_f1tenth) StdoutLine: {'line': b'running build\n'}
[1.055475] (autodrive_f1tenth) StdoutLine: {'line': b'running build_py\n'}
[1.056028] (autodrive_f1tenth) StdoutLine: {'line': b'running install\n'}
[1.056321] (autodrive_f1tenth) StdoutLine: {'line': b'running install_lib\n'}
[1.057710] (autodrive_f1tenth) StdoutLine: {'line': b'running install_data\n'}
[1.057942] (autodrive_f1tenth) StdoutLine: {'line': b'running install_egg_info\n'}
[1.059405] (autodrive_f1tenth) StdoutLine: {'line': b"removing '/home/malik/controller-benchmarks/ros2/install/autodrive_f1tenth/lib/python3.10/site-packages/autodrive_f1tenth-0.1.0-py3.10.egg-info' (and everything under it)\n"}
[1.059677] (autodrive_f1tenth) StdoutLine: {'line': b'Copying ../build/autodrive_f1tenth/autodrive_f1tenth.egg-info to /home/malik/controller-benchmarks/ros2/install/autodrive_f1tenth/lib/python3.10/site-packages/autodrive_f1tenth-0.1.0-py3.10.egg-info\n'}
[1.060311] (autodrive_f1tenth) StdoutLine: {'line': b'running install_scripts\n'}
[1.075853] (autodrive_f1tenth) StdoutLine: {'line': b'Installing confidence_log script to /home/malik/controller-benchmarks/ros2/install/autodrive_f1tenth/lib/autodrive_f1tenth\n'}
[1.075997] (autodrive_f1tenth) StdoutLine: {'line': b'Installing dl_slot script to /home/malik/controller-benchmarks/ros2/install/autodrive_f1tenth/lib/autodrive_f1tenth\n'}
[1.076075] (autodrive_f1tenth) StdoutLine: {'line': b'Installing dl_slot_scan script to /home/malik/controller-benchmarks/ros2/install/autodrive_f1tenth/lib/autodrive_f1tenth\n'}
[1.076149] (autodrive_f1tenth) StdoutLine: {'line': b'Installing follow_stack script to /home/malik/controller-benchmarks/ros2/install/autodrive_f1tenth/lib/autodrive_f1tenth\n'}
[1.076219] (autodrive_f1tenth) StdoutLine: {'line': b'Installing plot_pure_pursuit_runs script to /home/malik/controller-benchmarks/ros2/install/autodrive_f1tenth/lib/autodrive_f1tenth\n'}
[1.076281] (autodrive_f1tenth) StdoutLine: {'line': b'Installing pure_pursuit script to /home/malik/controller-benchmarks/ros2/install/autodrive_f1tenth/lib/autodrive_f1tenth\n'}
[1.076353] (autodrive_f1tenth) StdoutLine: {'line': b'Installing pure_pursuit_target script to /home/malik/controller-benchmarks/ros2/install/autodrive_f1tenth/lib/autodrive_f1tenth\n'}
[1.076415] (autodrive_f1tenth) StdoutLine: {'line': b'Installing safety script to /home/malik/controller-benchmarks/ros2/install/autodrive_f1tenth/lib/autodrive_f1tenth\n'}
[1.076489] (autodrive_f1tenth) StdoutLine: {'line': b'Installing slam script to /home/malik/controller-benchmarks/ros2/install/autodrive_f1tenth/lib/autodrive_f1tenth\n'}
[1.076564] (autodrive_f1tenth) StdoutLine: {'line': b'Installing slam_toolbox_bridge script to /home/malik/controller-benchmarks/ros2/install/autodrive_f1tenth/lib/autodrive_f1tenth\n'}
[1.076642] (autodrive_f1tenth) StdoutLine: {'line': b'Installing target_vehicle_tracker script to /home/malik/controller-benchmarks/ros2/install/autodrive_f1tenth/lib/autodrive_f1tenth\n'}
[1.076993] (autodrive_f1tenth) StdoutLine: {'line': b"writing list of installed files to '/home/malik/controller-benchmarks/ros2/build/autodrive_f1tenth/install.log'\n"}
[1.094297] (autodrive_f1tenth) CommandEnded: {'returncode': 0}
[1.098551] (autodrive_f1tenth) JobEnded: {'identifier': 'autodrive_f1tenth', 'rc': 0}
[1.099011] (-) EventReactorShutdown: {}
