cell_x,cell_y,world_x_m,world_y_m,hits
-125,28,-4.962819,1.136193,4
-125,29,-4.966584,1.176243,9
-125,30,-4.970986,1.221385,13
-125,31,-4.972459,1.261123,14
-125,32,-4.972245,1.302285,16
-125,33,-4.973477,1.342413,15
-125,34,-4.973852,1.378682,16
-125,35,-4.973533,1.420276,18
-125,36,-4.975992,1.461408,17
-125,37,-4.974699,1.502033,18
-125,38,-4.975463,1.539669,16
-125,39,-4.976245,1.579145,22
-125,40,-4.973787,1.621048,20
-125,41,-4.974660,1.661074,24
-125,42,-4.974710,1.699171,22
-125,43,-4.973094,1.737831,22
-125,44,-4.969118,1.778940,22
-125,45,-4.966391,1.818509,13
-125,46,-4.964681,1.853309,8
-125,47,-4.961511,1.883833,2
-124,22,-4.924753,0.915531,2
-124,23,-4.924844,0.944035,7
-124,24,-4.930709,0.981929,12
-124,25,-4.935502,1.022741,12
-124,26,-4.938611,1.059657,16
-124,27,-4.939579,1.101021,22
-124,28,-4.937565,1.141523,21
-124,29,-4.939499,1.182962,20
-124,30,-4.938665,1.220292,19
-124,31,-4.937219,1.257953,21
-124,32,-4.939701,1.297819,26
-124,33,-4.938992,1.339686,31
-124,34,-4.940693,1.380236,31
-124,35,-4.941909,1.421580,31
-124,36,-4.941087,1.461659,31
-124,37,-4.940610,1.498464,30
-124,38,-4.940643,1.539580,39
-124,39,-4.938770,1.581451,36
-124,40,-4.939421,1.621281,34
-124,41,-4.936619,1.658427,34
-124,42,-4.936774,1.699084,43
-124,43,-4.937801,1.740756,41
-124,44,-4.939000,1.780376,36
-124,45,-4.942537,1.818084,36
-124,46,-4.943691,1.860796,42
-124,47,-4.943040,1.899892,38
-124,48,-4.938127,1.937204,46
-124,49,-4.934153,1.979990,42
-124,50,-4.931684,2.019373,27
-124,51,-4.929292,2.057195,23
-124,52,-4.926841,2.100256,17
-124,53,-4.923312,2.140889,7
-124,54,-4.921666,2.166804,1
-123,17,-4.880361,0.708200,1
-123,18,-4.887076,0.745039,6
-123,19,-4.890597,0.781869,14
-123,20,-4.898859,0.822498,12
-123,21,-4.899273,0.863453,21
-123,22,-4.901812,0.900405,19
-123,23,-4.899017,0.938593,19
-123,24,-4.899049,0.980519,20
-123,25,-4.899116,1.019448,21
-123,26,-4.899210,1.057723,22
-123,27,-4.897028,1.099373,29
-123,28,-4.895445,1.143986,34
-123,29,-4.894902,1.181771,40
-123,30,-4.897045,1.221084,45
-123,31,-4.900275,1.260568,46
-123,32,-4.901025,1.299298,42
-123,33,-4.898381,1.339719,39
-123,34,-4.900174,1.380491,40
-123,35,-4.901507,1.420694,38
-123,36,-4.903080,1.460062,38
-123,37,-4.903955,1.500354,35
-123,38,-4.905111,1.538589,32
-123,39,-4.906388,1.579832,30
-123,40,-4.907636,1.619751,29
-123,41,-4.906956,1.659559,27
-123,42,-4.903926,1.700104,24
-123,43,-4.898579,1.741329,22
-123,44,-4.899117,1.781700,29
-123,45,-4.899325,1.821146,30
-123,46,-4.897872,1.857975,34
-123,47,-4.898204,1.900664,34
-123,48,-4.899836,1.939098,25
-123,49,-4.901349,1.980525,29
-123,50,-4.902087,2.018758,34
-123,51,-4.902329,2.060565,48
-123,52,-4.900197,2.100655,41
-123,53,-4.901349,2.139000,47
-123,54,-4.901143,2.178081,47
-123,55,-4.895120,2.218121,44
-123,56,-4.887797,2.255978,37
-123,57,-4.882319,2.288570,7
-122,15,-4.846389,0.626980,6
-122,16,-4.853653,0.661820,10
-122,17,-4.860323,0.700876,17
-122,18,-4.858878,0.738764,14
-122,19,-4.856621,0.781047,18
-122,20,-4.861120,0.821436,17
-122,21,-4.860373,0.859647,19
-122,22,-4.856435,0.902139,27
-122,23,-4.857118,0.943028,31
-122,24,-4.856327,0.982072,35
-122,25,-4.856261,1.020941,44
-122,26,-4.859593,1.058834,51
-122,27,-4.864655,1.098989,45
-122,28,-4.870271,1.138805,34
-122,29,-4.874133,1.178707,20
-122,30,-4.876661,1.215541,13
-122,31,-4.876437,1.255761,6
-122,32,-4.878037,1.300876,3
-122,33,-4.879667,1.324078,1
-122,46,-4.878454,1.862216,3
-122,47,-4.875219,1.898632,4
-122,48,-4.876130,1.941606,12
-122,49,-4.873243,1.979380,17
-122,50,-4.870200,2.022316,18
-122,51,-4.866849,2.061414,19
-122,52,-4.865693,2.101285,25
-122,53,-4.862456,2.141839,31
-122,54,-4.861383,2.181916,30
-122,55,-4.867987,2.221620,21
-122,56,-4.863835,2.263445,31
-122,57,-4.866519,2.301025,51
-122,58,-4.861326,2.338580,49
-122,59,-4.850052,2.379518,48
-122,60,-4.844256,2.411471,16
-121,12,-4.804969,0.502897,4
-121,13,-4.813720,0.543363,12
-121,14,-4.820434,0.582649,14
-121,15,-4.819997,0.620015,14
-121,16,-4.818352,0.658009,17
-121,17,-4.819456,0.698709,15
-121,18,-4.818470,0.739348,20
-121,19,-4.812086,0.782450,35
-121,20,-4.818260,0.819856,46
-121,21,-4.819598,0.860327,53
-121,22,-4.823417,0.899128,43
-121,23,-4.827162,0.938977,33
-121,24,-4.831816,0.980197,22
-121,25,-4.837511,1.013076,9
-121,54,-4.834054,2.180592,4
-121,55,-4.831789,2.220087,15
-121,56,-4.822088,2.259112,17
-121,57,-4.817220,2.301639,22
-121,58,-4.820994,2.338789,24
-121,59,-4.822841,2.380790,21
-121,60,-4.826281,2.423749,51
-121,61,-4.822428,2.461129,54
-121,62,-4.812684,2.500475,48
-121,63,-4.804733,2.532335,27
-121,64,-4.801031,2.570205,1
-120,9,-4.763848,0.383826,4
-120,10,-4.770625,0.421966,10
-120,11,-4.780163,0.462696,15
-120,12,-4.780444,0.500819,13
-120,13,-4.782010,0.537709,14
-120,14,-4.778805,0.579982,16
-120,15,-4.782444,0.617872,18
-120,16,-4.772469,0.663044,29
-120,17,-4.774692,0.701058,61
-120,18,-4.784807,0.740067,55
-120,19,-4.790658,0.775198,30
-120,20,-4.795334,0.817376,20
-120,21,-4.797694,0.848317,2
-120,57,-4.799416,2.319953,1
-120,58,-4.796022,2.349044,7
-120,59,-4.790687,2.381666,17
-120,60,-4.781613,2.421798,17
-120,61,-4.778964,2.459888,25
-120,62,-4.777450,2.496516,25
-120,63,-4.786736,2.544309,36
-120,64,-4.784607,2.577183,61
-120,65,-4.775131,2.619483,56
-120,66,-4.764714,2.653142,27
-120,67,-4.760142,2.680306,1
-119,6,-4.723386,0.277879,1
-119,7,-4.726562,0.308970,5
-119,8,-4.740581,0.340501,14
-119,9,-4.742233,0.379343,12
-119,10,-4.736929,0.418704,16
-119,11,-4.738579,0.457457,15
-119,12,-4.740407,0.499330,19
-119,13,-4.737607,0.542926,26
-119,14,-4.732941,0.582997,52
-119,15,-4.741287,0.620020,60
-119,16,-4.751735,0.657436,43
-119,17,-4.758365,0.684446,5
-119,62,-4.756638,2.506623,8
-119,63,-4.749356,2.539308,17
-119,64,-4.740474,2.582932,24
-119,65,-4.742555,2.618989,20
-119,66,-4.748785,2.665172,37
-119,67,-4.742984,2.698672,54
-119,68,-4.730164,2.737293,42
-119,69,-4.721253,2.767030,3
-118,5,-4.689454,0.226425,6
-118,6,-4.697130,0.260782,11
-118,7,-4.705051,0.297022,12
-118,8,-4.698501,0.338668,13
-118,9,-4.700154,0.380779,18
-118,10,-4.694007,0.425648,16
-118,11,-4.692922,0.462297,38
-118,12,-4.697948,0.500826,61
-118,13,-4.707909,0.539676,47
-118,14,-4.715362,0.572560,15
-118,65,-4.713607,2.625423,11
-118,66,-4.700611,2.661001,19
-118,67,-4.697279,2.701764,21
-118,68,-4.706204,2.744144,24
-118,69,-4.702518,2.781631,48
-118,70,-4.689998,2.817906,44
-118,71,-4.682894,2.845666,3
-117,3,-4.646376,0.147621,4
-117,4,-4.656740,0.182588,11
-117,5,-4.663174,0.220184,12
-117,6,-4.657808,0.260068,13
-117,7,-4.661231,0.300067,16
-117,8,-4.655826,0.345214,19
-117,9,-4.653397,0.382320,57
-117,10,-4.663715,0.418540,59
-117,11,-4.672012,0.456656,30
-117,12,-4.675845,0.481198,2
-117,67,-4.674399,2.707892,4
-117,68,-4.666729,2.738942,18
-117,69,-4.658179,2.781473,24
-117,70,-4.663693,2.821843,23
-117,71,-4.662796,2.859768,53
-117,72,-4.650166,2.898098,50
-117,73,-4.642501,2.927704,5
-116,1,-4.602257,0.064547,3
-116,2,-4.614581,0.098591,10
-116,3,-4.622723,0.137743,13
-116,4,-4.618620,0.181834,13
-116,5,-4.620082,0.222510,15
-116,6,-4.615674,0.262191,15
-116,7,-4.612684,0.300752,66
-116,8,-4.627585,0.338307,65
-116,9,-4.635773,0.372444,14
-116,69,-4.636161,2.791729,2
-116,70,-4.629478,2.824393,17
-116,71,-4.618668,2.863338,20
-116,72,-4.620866,2.900173,25
-116,73,-4.623203,2.940878,57
-116,74,-4.610478,2.978186,47
-116,75,-4.602965,3.006197,5
-115,-1,-4.564717,-0.006360,3
-115,0,-4.574214,0.022172,8
-115,1,-4.580025,0.056265,11
-115,2,-4.576150,0.098460,15
-115,3,-4.582335,0.141277,15
-115,4,-4.579046,0.181945,15
-115,5,-4.571169,0.224189,53
-115,6,-4.586441,0.259336,69
-115,7,-4.597871,0.285507,7
-115,71,-4.599651,2.877628,1
-115,72,-4.592974,2.905899,12
-115,73,-4.581840,2.940971,18
-115,74,-4.583773,2.981764,29
-115,75,-4.584295,3.020934,61
-115,76,-4.571550,3.057422,41
-115,77,-4.562881,3.085924,7
-114,-3,-4.520972,-0.094169,1
-114,-2,-4.530983,-0.054415,9
-114,-1,-4.541583,-0.019499,12
-114,0,-4.540865,0.021899,12
-114,1,-4.536458,0.061005,14
-114,2,-4.541311,0.102664,14
-114,3,-4.529836,0.144552,40
-114,4,-4.542098,0.178406,75
-114,5,-4.555551,0.207566,23
-114,74,-4.552577,2.988927,7
-114,75,-4.539565,3.020509,16
-114,76,-4.547372,3.064229,26
-114,77,-4.541096,3.101117,58
-114,78,-4.532348,3.137041,24
-114,79,-4.524236,3.164126,3
-113,-4,-4.489057,-0.128869,5
-113,-3,-4.497545,-0.098827,9
-113,-2,-4.502697,-0.065283,10
-113,-1,-4.500346,-0.018998,15
-113,0,-4.500236,0.023299,13
-113,1,-4.490945,0.065550,31
-113,2,-4.498771,0.099780,69
-113,3,-4.512562,0.132162,37
-113,75,-4.518326,3.033582,1
-113,76,-4.507285,3.063407,13
-113,77,-4.498747,3.100550,16
-113,78,-4.503154,3.144350,41
-113,79,-4.496693,3.178346,40
-113,80,-4.485431,3.211707,11
-112,-5,-4.449907,-0.177717,6
-112,-4,-4.458810,-0.140583,11
-112,-3,-4.460611,-0.098125,11
-112,-2,-4.462156,-0.060813,14
-112,-1,-4.456629,-0.015431,17
-112,0,-4.453840,0.020820,67
-112,1,-4.469855,0.055443,51
-112,2,-4.479032,0.081740,3
-112,77,-4.473907,3.109382,4
-112,78,-4.462015,3.140133,18
-112,79,-4.465658,3.182264,24
-112,80,-4.458682,3.219372,47
-112,81,-4.451098,3.255013,22
-112,82,-4.440324,3.286348,1
-111,-7,-4.402762,-0.250580,1
-111,-6,-4.413949,-0.216643,10
-111,-5,-4.425329,-0.177278,11
-111,-4,-4.415439,-0.137224,12
-111,-3,-4.421777,-0.102181,12
-111,-2,-4.410442,-0.053021,47
-111,-1,-4.424839,-0.022091,73
-111,0,-4.435204,0.005242,10
-111,79,-4.430662,3.184777,11
-111,80,-4.419009,3.222460,19
-111,81,-4.422648,3.261770,43
-111,82,-4.416278,3.295896,39
-111,83,-4.405449,3.326276,7
-110,-8,-4.364607,-0.296569,2
-110,-7,-4.375715,-0.260273,13
-110,-6,-4.381501,-0.221455,9
-110,-5,-4.377707,-0.182342,13
-110,-4,-4.375694,-0.140563,15
-110,-3,-4.375081,-0.097753,72
-110,-2,-4.391402,-0.069727,44
-110,80,-4.395203,3.230149,3
-110,81,-4.383592,3.261451,15
-110,82,-4.384490,3.302457,35
-110,83,-4.378902,3.339121,46
-110,84,-4.368599,3.373729,21
-109,-9,-4.329118,-0.338152,6
-109,-8,-4.341844,-0.301942,12
-109,-7,-4.335739,-0.258884,10
-109,-6,-4.342457,-0.217160,14
-109,-5,-4.331849,-0.171802,20
-109,-4,-4.339216,-0.140517,87
-109,-3,-4.356866,-0.113711,15
-109,82,-4.352093,3.307034,9
-109,83,-4.344342,3.343785,27
-109,84,-4.340594,3.380857,50
-109,85,-4.333723,3.415441,35
-109,86,-4.323014,3.445375,3
-108,-11,-4.281875,-0.410536,1
-108,-10,-4.292504,-0.374971,10
-108,-9,-4.300697,-0.339952,10
-108,-8,-4.298382,-0.295401,14
-108,-7,-4.299822,-0.256187,13
-108,-6,-4.291348,-0.210451,39
-108,-5,-4.305813,-0.182310,74
-108,83,-4.317140,3.354329,2
-108,84,-4.305620,3.384115,16
-108,85,-4.304878,3.420523,36
-108,86,-4.298266,3.458802,45
-108,87,-4.287607,3.492612,8
-107,-12,-4.243713,-0.455049,2
-107,-11,-4.258518,-0.419539,11
-107,-10,-4.259863,-0.383178,8
-107,-9,-4.262605,-0.338254,13
-107,-8,-4.257821,-0.301928,9
-107,-7,-4.253413,-0.253837,64
-107,-6,-4.270706,-0.225992,51
-107,85,-4.270449,3.425539,11
-107,86,-4.262961,3.461680,33
-107,87,-4.259615,3.500005,48
-107,88,-4.253401,3.535798,16
-106,-13,-4.209399,-0.488191,2
-106,-12,-4.215813,-0.459692,12
-106,-11,-4.222566,-0.420986,10
-106,-10,-4.221338,-0.380548,11
-106,-9,-4.221287,-0.339369,15
-106,-8,-4.215316,-0.299195,80
-106,-7,-4.233713,-0.271780,36
-106,86,-4.233957,3.473703,5
-106,87,-4.223323,3.502952,26
-106,88,-4.220115,3.539206,44
-106,89,-4.215946,3.575126,26
-106,90,-4.202621,3.602573,2
-105,-14,-4.170743,-0.530786,1
-105,-13,-4.178297,-0.499322,12
-105,-12,-4.180379,-0.465691,5
-105,-11,-4.181050,-0.419170,16
-105,-10,-4.172522,-0.371576,18
-105,-9,-4.180176,-0.340293,90
-105,-8,-4.196712,-0.314894,9
-105,87,-4.195897,3.518180,1
-105,88,-4.187295,3.547917,23
-105,89,-4.180663,3.581183,49
-105,90,-4.174144,3.617517,32
-105,91,-4.168192,3.645156,5
-104,-15,-4.124433,-0.570157,2
-104,-14,-4.140042,-0.537502,12
-104,-13,-4.135189,-0.499642,9
-104,-12,-4.144223,-0.458493,15
-104,-11,-4.128759,-0.410417,29
-104,-10,-4.144049,-0.381481,86
-104,89,-4.150189,3.588600,11
-104,90,-4.142083,3.620534,43
-104,91,-4.136923,3.656423,42
-104,92,-4.128408,3.689242,9
-103,-15,-4.095856,-0.580230,12
-103,-14,-4.099451,-0.542386,9
-103,-13,-4.100026,-0.500984,12
-103,-12,-4.090210,-0.450489,35
-103,-11,-4.104173,-0.423388,74
-103,-10,-4.115544,-0.399402,2
-103,90,-4.114574,3.634630,5
-103,91,-4.105093,3.664482,36
-103,92,-4.097728,3.699669,47
-103,93,-4.089172,3.733299,15
-102,-17,-4.053350,-0.643752,1
-102,-16,-4.059226,-0.615510,13
-102,-15,-4.054843,-0.575804,7
-102,-14,-4.063118,-0.539204,11
-102,-13,-4.052682,-0.490499,28
-102,-12,-4.062584,-0.464276,77
-102,-11,-4.076386,-0.438591,3
-102,91,-4.077244,3.678385,1
-102,92,-4.067516,3.705221,26
-102,93,-4.058242,3.739302,56
-102,94,-4.051896,3.772655,22
-101,-18,-4.005929,-0.689387,1
-101,-17,-4.018461,-0.656012,11
-101,-16,-4.022721,-0.622317,7
-101,-15,-4.020977,-0.580285,12
-101,-14,-4.012632,-0.532311,24
-101,-13,-4.022244,-0.502718,87
-101,-12,-4.036312,-0.478362,3
-101,93,-4.031841,3.747758,18
-101,94,-4.020311,3.780589,60
-101,95,-4.012876,3.815881,36
-101,96,-4.003652,3.844666,2
-100,-18,-3.979161,-0.694977,12
-100,-17,-3.979567,-0.656837,8
-100,-16,-3.981611,-0.618677,12
-100,-15,-3.974027,-0.572108,19
-100,-14,-3.980561,-0.541360,89
-100,-13,-3.995836,-0.518027,4
-100,94,-3.996090,3.793170,6
-100,95,-3.980232,3.822248,50
-100,96,-3.977425,3.855288,40
-100,97,-3.963768,3.885672,6
-99,-19,-3.938211,-0.735811,11
-99,-18,-3.942430,-0.698131,9
-99,-17,-3.937760,-0.657515,13
-99,-16,-3.939026,-0.615182,13
-99,-15,-3.939353,-0.580168,93
-99,-14,-3.956843,-0.556778,5
-99,95,-3.956955,3.839248,1
-99,96,-3.945048,3.863980,45
-99,97,-3.937177,3.896675,45
-99,98,-3.927573,3.930143,11
-98,-20,-3.897895,-0.775275,9
-98,-19,-3.899391,-0.744694,10
-98,-18,-3.901568,-0.698048,12
-98,-17,-3.891840,-0.657023,10
-98,-16,-3.899317,-0.618426,90
-98,-15,-3.915981,-0.597716,9
-98,97,-3.908410,3.906789,40
-98,98,-3.897479,3.939580,60
-98,99,-3.889224,3.969855,16
-97,-21,-3.853429,-0.808181,5
-97,-20,-3.861517,-0.783864,9
-97,-19,-3.855086,-0.737699,11
-97,-18,-3.863119,-0.702474,10
-97,-17,-3.857505,-0.656421,86
-97,-16,-3.875818,-0.634946,16
-97,98,-3.870915,3.949055,16
-97,99,-3.860628,3.980903,62
-97,100,-3.850590,4.013361,25
-96,-22,-3.804928,-0.855138,1
-96,-21,-3.817548,-0.821476,13
-96,-20,-3.819582,-0.777881,9
-96,-19,-3.818108,-0.742843,10
-96,-18,-3.815899,-0.694549,75
-96,-17,-3.831418,-0.672842,29
-96,99,-3.833700,3.988520,12
-96,100,-3.822020,4.022089,61
-96,101,-3.813279,4.055107,43
-96,102,-3.801676,4.084263,1
-95,-22,-3.776623,-0.854666,10
-95,-21,-3.783221,-0.820355,6
-95,-20,-3.776800,-0.780399,12
-95,-19,-3.774732,-0.732451,52
-95,-18,-3.785593,-0.709634,49
-95,100,-3.792854,4.035984,6
-95,101,-3.784298,4.064223,47
-95,102,-3.775269,4.097502,52
-95,103,-3.764115,4.126648,4
-94,-23,-3.731968,-0.892382,7
-94,-22,-3.739832,-0.863630,11
-94,-21,-3.740945,-0.818948,10
-94,-20,-3.734098,-0.772386,31
-94,-19,-3.743176,-0.743745,68
-94,-18,-3.759003,-0.715872,1
-94,101,-3.754850,4.075795,2
-94,102,-3.746616,4.102547,35
-94,103,-3.738936,4.138015,60
-94,104,-3.725850,4.166583,14
-93,-24,-3.694216,-0.927208,2
-93,-23,-3.698438,-0.903831,9
-93,-22,-3.694307,-0.859362,9
-93,-21,-3.697646,-0.818036,16
-93,-20,-3.699146,-0.779636,79
-93,-19,-3.712419,-0.753775,14
-93,103,-3.706840,4.146170,27
-93,104,-3.699782,4.180415,63
-93,105,-3.689078,4.211166,19
-92,-25,-3.645504,-0.966640,1
-92,-24,-3.658456,-0.936806,11
-92,-23,-3.659164,-0.896474,11
-92,-22,-3.658877,-0.858932,9
-92,-21,-3.656622,-0.814786,58
-92,-20,-3.666223,-0.790715,36
-92,104,-3.670636,4.188731,19
-92,105,-3.661650,4.221953,62
-92,106,-3.651739,4.255363,30
-91,-25,-3.614198,-0.970873,8
-91,-24,-3.621852,-0.941101,8
-91,-23,-3.621233,-0.897019,10
-91,-22,-3.612477,-0.850942,28
-91,-21,-3.623659,-0.825052,71
-91,105,-3.632725,4.232658,11
-91,106,-3.624041,4.262101,59
-91,107,-3.614557,4.296557,42
-90,-26,-3.572532,-1.008784,5
-90,-25,-3.579234,-0.978505,11
-90,-24,-3.582518,-0.934441,7
-90,-23,-3.577684,-0.897243,15
-90,-22,-3.579834,-0.859034,81
-90,-21,-3.593610,-0.835504,9
-90,106,-3.595138,4.273913,6
-90,107,-3.583633,4.302953,51
-90,108,-3.578460,4.337474,48
-90,109,-3.564301,4.364091,6
-89,-27,-3.538142,-1.041730,1
-89,-26,-3.537260,-1.017580,10
-89,-25,-3.536107,-0.979591,8
-89,-24,-3.541405,-0.938973,12
-89,-23,-3.535590,-0.892171,62
-89,-22,-3.548916,-0.872412,34
-89,108,-3.546483,4.342954,43
-89,109,-3.538018,4.378130,60
-89,110,-3.526473,4.408862,13
-88,-27,-3.493444,-1.052742,7
-88,-26,-3.502358,-1.024628,8
-88,-25,-3.495816,-0.979935,11
-88,-24,-3.492188,-0.930601,30
-88,-23,-3.502908,-0.907576,70
-88,109,-3.507858,4.387743,28
-88,110,-3.499243,4.419781,67
-88,111,-3.489638,4.450587,21
-87,-28,-3.452232,-1.085390,1
-87,-27,-3.457711,-1.056788,11
-87,-26,-3.459162,-1.013926,9
-87,-25,-3.451900,-0.974998,11
-87,-24,-3.459729,-0.938427,82
-87,-23,-3.470251,-0.917133,5
-87,110,-3.471105,4.429906,19
-87,111,-3.461426,4.460143,58
-87,112,-3.453206,4.491528,32
-86,-28,-3.415741,-1.090152,5
-86,-27,-3.419331,-1.063918,9
-86,-26,-3.418938,-1.019754,9
-86,-25,-3.416579,-0.972343,55
-86,-24,-3.424708,-0.949256,40
-86,111,-3.433540,4.472931,13
-86,112,-3.422371,4.503525,67
-86,113,-3.413826,4.536538,43
-85,-29,-3.365493,-1.127601,1
-85,-28,-3.379610,-1.096886,13
-85,-27,-3.375928,-1.055339,6
-85,-26,-3.373183,-1.013691,22
-85,-25,-3.381468,-0.982393,70
-85,-24,-3.389484,-0.955689,6
-85,112,-3.396981,4.516253,3
-85,113,-3.383568,4.544358,56
-85,114,-3.374969,4.577143,53
-85,115,-3.366705,4.603514,3
-84,-29,-3.334853,-1.129735,5
-84,-28,-3.339727,-1.102576,9
-84,-27,-3.341280,-1.054450,9
-84,-26,-3.337655,-1.014811,57
-84,-25,-3.344306,-0.987356,36
-84,114,-3.345072,4.584545,42
-84,115,-3.338350,4.617257,63
-84,116,-3.326502,4.647325,7
-83,-29,-3.298500,-1.139261,11
-83,-28,-3.301301,-1.099719,7
-83,-27,-3.297203,-1.053835,21
-83,-26,-3.299836,-1.021622,70
-83,-25,-3.310689,-0.995244,7
-83,115,-3.308577,4.628695,31
-83,116,-3.299669,4.659484,72
-83,117,-3.289879,4.689909,16
-82,-30,-3.261576,-1.170478,5
-82,-29,-3.256961,-1.142588,9
-82,-28,-3.260346,-1.097808,12
-82,-27,-3.258651,-1.053620,49
-82,-26,-3.262917,-1.028718,39
-82,116,-3.272824,4.669716,19
-82,117,-3.261177,4.699987,71
-82,118,-3.250235,4.731217,31
-81,-30,-3.219483,-1.177653,12
-81,-29,-3.217752,-1.141494,5
-81,-28,-3.216014,-1.094382,15
-81,-27,-3.220996,-1.060009,75
-81,-26,-3.233713,-1.034837,7
-81,117,-3.235301,4.712239,8
-81,118,-3.222917,4.741399,71
-81,119,-3.211613,4.775688,39
-80,-31,-3.173436,-1.210783,6
-80,-30,-3.176965,-1.186464,8
-80,-29,-3.181331,-1.136901,11
-80,-28,-3.177887,-1.092483,43
-80,-27,-3.183534,-1.068807,50
-80,118,-3.193997,4.759018,3
-80,119,-3.184339,4.782996,54
-80,120,-3.175594,4.814265,54
-80,121,-3.164146,4.843427,5
-79,-32,-3.132799,-1.240838,1
-79,-31,-3.137106,-1.215464,9
-79,-30,-3.140260,-1.172324,6
-79,-29,-3.138244,-1.136588,10
-79,-28,-3.139296,-1.099569,76
-79,-27,-3.149702,-1.077043,9
-79,119,-3.157918,4.797126,1
-79,120,-3.147816,4.825677,44
-79,121,-3.136319,4.856843,68
-79,122,-3.126188,4.887227,5
-78,-32,-3.092010,-1.247585,3
-78,-31,-3.102246,-1.224670,9
-78,-30,-3.102654,-1.173521,10
-78,-29,-3.095506,-1.129016,36
-78,-28,-3.102883,-1.108519,53
-78,121,-3.111003,4.868458,30
-78,122,-3.099657,4.898475,74
-78,123,-3.087821,4.928195,16
-77,-32,-3.054789,-1.255390,7
-77,-31,-3.064366,-1.224101,8
-77,-30,-3.059054,-1.177381,8
-77,-29,-3.058821,-1.137097,73
-77,-28,-3.065212,-1.115715,11
-77,122,-3.071168,4.911216,16
-77,123,-3.061465,4.941458,73
-77,124,-3.049613,4.971479,31
-76,-33,-3.010856,-1.281784,1
-76,-32,-3.018587,-1.256506,10
-76,-31,-3.018188,-1.221096,5
-76,-30,-3.015888,-1.171716,31
-76,-29,-3.022997,-1.145482,58
-76,123,-3.034789,4.954939,8
-76,124,-3.022318,4.982435,68
-76,125,-3.012635,5.014791,43
-75,-33,-2.970587,-1.287899,2
-75,-32,-2.982291,-1.264648,8
-75,-31,-2.974612,-1.217730,8
-75,-30,-2.979451,-1.175469,58
-75,-29,-2.984616,-1.149199,28
-75,124,-2.995517,4.998521,2
-75,125,-2.986831,5.023466,52
-75,126,-2.974673,5.055523,58
-75,127,-2.964144,5.082899,2
-74,-33,-2.937126,-1.287868,6
-74,-32,-2.939939,-1.260539,7
-74,-31,-2.933863,-1.209265,15
-74,-30,-2.940806,-1.182158,62
-74,-29,-2.944334,-1.154044,14
-74,126,-2.948125,5.065516,43
-74,127,-2.937032,5.097830,69
-74,128,-2.925007,5.127285,6
-73,-33,-2.902438,-1.299910,8
-73,-32,-2.899879,-1.262986,4
-73,-31,-2.897664,-1.212954,35
-73,-30,-2.901648,-1.182251,50
-73,-29,-2.913627,-1.159237,1
-73,127,-2.911905,5.107971,26
-73,128,-2.899664,5.137656,76
-73,129,-2.888666,5.166803,20
-72,-34,-2.856939,-1.328429,1
-72,-33,-2.864844,-1.303519,9
-72,-32,-2.856019,-1.257938,8
-72,-31,-2.859067,-1.216963,47
-72,-30,-2.861734,-1.188145,36
-72,128,-2.872630,5.152080,14
-72,129,-2.861419,5.180512,80
-72,130,-2.849636,5.212286,25
-71,-34,-2.824103,-1.328563,4
-71,-33,-2.820170,-1.306053,7
-71,-32,-2.815225,-1.253544,8
-71,-31,-2.820743,-1.219507,61
-71,-30,-2.822957,-1.192572,15
-71,129,-2.836555,5.194605,6
-71,130,-2.823558,5.222335,72
-71,131,-2.810977,5.255299,42
-70,-34,-2.778223,-1.331200,9
-70,-33,-2.780854,-1.300305,3
-70,-32,-2.776479,-1.251046,24
-70,-31,-2.781582,-1.221760,61
-70,-30,-2.792915,-1.197783,3
-70,130,-2.796930,5.236062,1
-70,131,-2.785874,5.264694,58
-70,132,-2.774779,5.294516,54
-70,133,-2.761580,5.323022,4
-69,-34,-2.738371,-1.343060,7
-69,-33,-2.737576,-1.291649,5
-69,-32,-2.738200,-1.251604,40
-69,-31,-2.741477,-1.226854,44
-69,132,-2.749169,5.306604,48
-69,133,-2.736783,5.337515,69
-69,134,-2.724316,5.366291,6
-68,-35,-2.693952,-1.365077,3
-68,-34,-2.704350,-1.348043,6
-68,-33,-2.700379,-1.303138,5
-68,-32,-2.698421,-1.255927,60
-68,-31,-2.701782,-1.232663,22
-68,133,-2.711943,5.349815,24
-68,134,-2.699536,5.378921,81
-68,135,-2.686533,5.408311,16
-67,-35,-2.655801,-1.369218,5
-67,-34,-2.657047,-1.340551,4
-67,-33,-2.654515,-1.290318,9
-67,-32,-2.659848,-1.261372,69
-67,-31,-2.668431,-1.236756,5
-67,134,-2.672377,5.393502,12
-67,135,-2.661264,5.421866,85
-67,136,-2.648678,5.450921,26
-66,-35,-2.620131,-1.373716,5
-66,-34,-2.619738,-1.341998,3
-66,-33,-2.617051,-1.290887,28
-66,-32,-2.620981,-1.265490,58
-66,135,-2.637546,5.436567,5
-66,136,-2.624565,5.463608,70
-66,137,-2.611197,5.493194,47
-65,-35,-2.581409,-1.375289,7
-65,-34,-2.576693,-1.332929,3
-65,-33,-2.579061,-1.292567,50
-65,-32,-2.580825,-1.267252,31
-65,136,-2.596768,5.479444,1
-65,137,-2.586843,5.506680,62
-65,138,-2.573707,5.535167,58
-65,139,-2.563483,5.560629,1
-64,-35,-2.541532,-1.383627,7
-64,-34,-2.537254,-1.335096,4
-64,-33,-2.540111,-1.298760,54
-64,-32,-2.541168,-1.268852,22
-64,138,-2.549113,5.548479,40
-64,139,-2.536712,5.577258,75
-64,140,-2.523543,5.606012,8
-63,-35,-2.501487,-1.385597,6
-63,-34,-2.495763,-1.329049,11
-63,-33,-2.501405,-1.299561,60
-63,-32,-2.501263,-1.269872,12
-63,139,-2.511929,5.590596,24
-63,140,-2.498838,5.619629,87
-63,141,-2.486103,5.646419,16
-62,-36,-2.454494,-1.403501,2
-62,-35,-2.459026,-1.386111,4
-62,-34,-2.458229,-1.329457,25
-62,-33,-2.459786,-1.301258,48
-62,-32,-2.462552,-1.274134,11
-62,140,-2.474923,5.633679,14
-62,141,-2.461050,5.662633,84
-62,142,-2.449014,5.688555,24
-61,-36,-2.421501,-1.408219,1
-61,-35,-2.421565,-1.380926,5
-61,-34,-2.419680,-1.331654,25
-61,-33,-2.417892,-1.301827,49
-61,-32,-2.426815,-1.277887,6
-61,141,-2.437409,5.677762,5
-61,142,-2.424932,5.704006,80
-61,143,-2.409344,5.732900,40
-60,-36,-2.385981,-1.407326,4
-60,-35,-2.381974,-1.380462,4
-60,-34,-2.378699,-1.333941,31
-60,-33,-2.380227,-1.303355,46
-60,142,-2.387521,5.699772,1
-60,143,-2.388268,5.746537,64
-60,144,-2.372105,5.774422,64
-59,-36,-2.339703,-1.410877,5
-59,-35,-2.342485,-1.382191,3
-59,-34,-2.338532,-1.333208,39
-59,-33,-2.341202,-1.304346,41
-59,144,-2.349784,5.789409,40
-59,145,-2.335756,5.816699,83
-59,146,-2.323841,5.843804,7
-58,-36,-2.301360,-1.416379,5
-58,-35,-2.300274,-1.380371,2
-58,-34,-2.299687,-1.336329,45
-58,-33,-2.300449,-1.306499,32
-58,145,-2.312108,5.830341,22
-58,146,-2.299056,5.859295,89
-58,147,-2.285152,5.886477,11
-57,-36,-2.262927,-1.421894,5
-57,-35,-2.260284,-1.375529,4
-57,-34,-2.259767,-1.337747,50
-57,-33,-2.260622,-1.311109,28
-57,146,-2.275029,5.873816,10
-57,147,-2.262808,5.901446,93
-57,148,-2.247720,5.929587,24
-56,-36,-2.218652,-1.430664,4
-56,-35,-2.217127,-1.381831,4
-56,-34,-2.219747,-1.338667,62
-56,-33,-2.221468,-1.311593,14
-56,147,-2.238570,5.917229,2
-56,148,-2.225793,5.943962,84
-56,149,-2.209419,5.971983,52
-55,-36,-2.183655,-1.429179,3
-55,-35,-2.178058,-1.374292,6
-55,-34,-2.180484,-1.340884,62
-55,-33,-2.180550,-1.314695,12
-55,148,-2.196881,5.932400,1
-55,149,-2.188451,5.986867,55
-55,150,-2.172896,6.013904,71
-54,-36,-2.145897,-1.430531,4
-54,-35,-2.140329,-1.367098,19
-54,-34,-2.140249,-1.340984,54
-54,-33,-2.139408,-1.314735,9
-54,150,-2.151990,6.029338,40
-54,151,-2.135650,6.057137,95
-54,152,-2.124270,6.083429,6
-53,-36,-2.103957,-1.429874,4
-53,-35,-2.099698,-1.369137,23
-53,-34,-2.100001,-1.341851,48
-53,-33,-2.100056,-1.313955,9
-53,151,-2.113343,6.071041,19
-53,152,-2.099362,6.098867,101
-53,153,-2.085224,6.124618,14
-52,-36,-2.061994,-1.429216,4
-52,-35,-2.057741,-1.371022,25
-52,-34,-2.061288,-1.343647,45
-52,-33,-2.059077,-1.314503,10
-52,38,-2.055304,1.546789,12
-52,39,-2.046643,1.572257,8
-52,152,-2.074044,6.113943,10
-52,153,-2.062584,6.141991,98
-52,154,-2.048133,6.168791,28
-51,-36,-2.020002,-1.428559,4
-51,-35,-2.018655,-1.372782,27
-51,-34,-2.020168,-1.341524,42
-51,-33,-2.019453,-1.314929,10
-51,39,-2.029228,1.585781,16
-51,40,-2.011158,1.621117,79
-51,41,-2.010357,1.656067,46
-51,153,-2.028209,6.154520,2
-51,154,-2.026866,6.183086,84
-51,155,-2.009333,6.210688,50
-50,-36,-1.985381,-1.426112,3
-50,-35,-1.978657,-1.372096,27
-50,-34,-1.979188,-1.340651,42
-50,-33,-1.980196,-1.314318,10
-50,38,-1.963581,1.555755,9
-50,39,-1.979399,1.583234,93
-50,40,-1.983478,1.619201,96
-50,41,-1.981410,1.660026,98
-50,42,-1.974779,1.696833,60
-50,43,-1.961646,1.725075,3
-50,155,-1.989449,6.226949,64
-50,156,-1.972126,6.254567,78
-49,-36,-1.947029,-1.427421,4
-49,-35,-1.937519,-1.370892,26
-49,-34,-1.939060,-1.339760,41
-49,-33,-1.939380,-1.313708,11
-49,38,-1.940773,1.548305,32
-49,39,-1.941516,1.575917,30
-49,40,-1.953463,1.631358,4
-49,41,-1.944336,1.661781,58
-49,42,-1.940616,1.699618,94
-49,43,-1.936533,1.736399,74
-49,44,-1.925203,1.766619,11
-49,156,-1.951478,6.269844,37
-49,157,-1.936100,6.296325,99
-49,158,-1.923005,6.322654,5
-48,-36,-1.910230,-1.424953,3
-48,-35,-1.900507,-1.370107,20
-48,-34,-1.898552,-1.339770,45
-48,-33,-1.900527,-1.312707,9
-48,38,-1.899688,1.551714,27
-48,39,-1.898654,1.582441,29
-48,41,-1.919246,1.677558,1
-48,42,-1.908111,1.705395,40
-48,43,-1.901020,1.740817,89
-48,44,-1.898209,1.778059,82
-48,45,-1.886876,1.809448,18
-48,157,-1.915094,6.313418,18
-48,158,-1.899121,6.340165,102
-48,159,-1.884186,6.365237,16
-47,-36,-1.859976,-1.420404,3
-47,-35,-1.859938,-1.369002,22
-47,-34,-1.860318,-1.338798,44
-47,-33,-1.861591,-1.312537,11
-47,38,-1.862638,1.556181,20
-47,39,-1.859322,1.585755,38
-47,43,-1.873143,1.749320,21
-47,44,-1.862598,1.781862,86
-47,45,-1.858797,1.818449,92
-47,46,-1.849698,1.851108,30
-47,157,-1.877649,6.309229,1
-47,158,-1.872142,6.356317,6
-47,159,-1.863084,6.382241,99
-47,160,-1.847067,6.407181,33
-46,-36,-1.810105,-1.419650,2
-46,-35,-1.819109,-1.367260,20
-46,-34,-1.821043,-1.338167,48
-46,-33,-1.818696,-1.311882,11
-46,38,-1.832580,1.558969,6
-46,39,-1.819395,1.581569,53
-46,40,-1.814304,1.601782,6
-46,44,-1.835767,1.792878,5
-46,45,-1.824310,1.823466,72
-46,46,-1.819340,1.860013,102
-46,47,-1.813295,1.893060,42
-46,160,-1.827272,6.425164,83
-46,161,-1.808642,6.451634,58
-45,-36,-1.770101,-1.419044,2
-45,-35,-1.779498,-1.364204,20
-45,-34,-1.779616,-1.336712,50
-45,-33,-1.780049,-1.310932,9
-45,39,-1.779626,1.580855,52
-45,40,-1.780639,1.603761,14
-45,46,-1.789294,1.865005,47
-45,47,-1.780116,1.899682,100
-45,48,-1.773938,1.934797,67
-45,49,-1.761035,1.963717,2
-45,160,-1.792029,6.413442,1
-45,161,-1.789102,6.468937,59
-45,162,-1.772511,6.494392,82
-44,-36,-1.730275,-1.416782,2
-44,-35,-1.743725,-1.366334,12
-44,-34,-1.738708,-1.337718,53
-44,-33,-1.740932,-1.310709,11
-44,39,-1.740900,1.582169,51
-44,40,-1.738491,1.606380,18
-44,47,-1.753719,1.910302,26
-44,48,-1.740591,1.941996,102
-44,49,-1.736126,1.977374,74
-44,50,-1.724362,2.004778,7
-44,160,-1.759562,6.418082,1
-44,162,-1.753350,6.511121,32
-44,163,-1.735889,6.537408,99
-44,164,-1.722873,6.562440,4
-43,-36,-1.690625,-1.413060,2
-43,-35,-1.702228,-1.369534,6
-43,-34,-1.699976,-1.339550,62
-43,-33,-1.699892,-1.309533,10
-43,39,-1.700808,1.585300,42
-43,40,-1.699826,1.613104,32
-43,48,-1.716257,1.954539,9
-43,49,-1.704685,1.982997,87
-43,50,-1.697528,2.016612,92
-43,51,-1.687693,2.047124,17
-43,162,-1.708656,6.514923,1
-43,163,-1.713115,6.556002,15
-43,164,-1.699747,6.579958,111
-43,165,-1.684564,6.604569,16
-42,-36,-1.650921,-1.409331,2
-42,-35,-1.667860,-1.370438,4
-42,-34,-1.660238,-1.340065,59
-42,-33,-1.658020,-1.310382,15
-42,39,-1.661184,1.585107,30
-42,40,-1.658906,1.613392,46
-42,50,-1.667807,2.024648,63
-42,51,-1.658467,2.058361,113
-42,52,-1.649361,2.091146,32
-42,163,-1.676676,6.520105,1
-42,164,-1.667978,6.595121,4
-42,165,-1.663800,6.622671,100
-42,166,-1.645932,6.648013,39
-41,-36,-1.611156,-1.405598,2
-41,-35,-1.626781,-1.376667,2
-41,-34,-1.620568,-1.340402,51
-41,-33,-1.619233,-1.310061,23
-41,39,-1.620315,1.589319,24
-41,40,-1.620007,1.616647,52
-41,51,-1.630640,2.069151,34
-41,52,-1.620025,2.100495,116
-41,53,-1.610844,2.133773,45
-41,165,-1.627437,6.613781,1
-41,166,-1.626571,6.665723,77
-41,167,-1.609845,6.689971,59
-40,-36,-1.571324,-1.401858,2
-40,-35,-1.585870,-1.372891,2
-40,-34,-1.579808,-1.339599,48
-40,-33,-1.580371,-1.309104,27
-40,39,-1.580157,1.593813,28
-40,40,-1.579419,1.619651,52
-40,52,-1.591866,2.112646,19
-40,53,-1.583033,2.142339,105
-40,54,-1.571846,2.174988,74
-40,55,-1.561582,2.205693,1
-40,165,-1.595837,6.619607,1
-40,167,-1.590687,6.709610,56
-40,168,-1.572541,6.734204,79
-39,-35,-1.538161,-1.383611,4
-39,-34,-1.539769,-1.337672,43
-39,-33,-1.542516,-1.304760,28
-39,39,-1.543727,1.597546,22
-39,40,-1.537475,1.618346,50
-39,41,-1.541473,1.641621,9
-39,53,-1.552743,2.156378,7
-39,54,-1.545279,2.184452,79
-39,55,-1.535188,2.216437,96
-39,56,-1.524148,2.244523,8
-39,167,-1.553450,6.697337,2
-39,168,-1.553434,6.752810,36
-39,169,-1.534862,6.778730,110
-39,170,-1.520598,6.803558,2
-38,-35,-1.497652,-1.379848,4
-38,-34,-1.500860,-1.335092,38
-38,-33,-1.500488,-1.304475,40
-38,39,-1.517294,1.599510,2
-38,40,-1.499347,1.618186,72
-38,41,-1.500323,1.645474,10
-38,54,-1.514375,2.196724,2
-38,55,-1.505986,2.226934,58
-38,56,-1.498030,2.259192,109
-38,57,-1.485048,2.288683,19
-38,167,-1.516971,6.716682,1
-38,169,-1.515854,6.796412,10
-38,170,-1.500454,6.820024,109
-38,171,-1.483783,6.843904,14
-37,-35,-1.451360,-1.390615,2
-37,-34,-1.461236,-1.333776,29
-37,-33,-1.459431,-1.304202,44
-37,40,-1.460266,1.622351,70
-37,41,-1.457140,1.648831,10
-37,56,-1.467958,2.267712,39
-37,57,-1.460791,2.300615,111
-37,58,-1.447512,2.331089,40
-37,169,-1.479022,6.781603,1
-37,170,-1.466678,6.816446,2
-37,171,-1.464551,6.862617,105
-37,172,-1.445955,6.887159,33
-36,-35,-1.411195,-1.386854,2
-36,-34,-1.420609,-1.331561,22
-36,-33,-1.421223,-1.301929,50
-36,-32,-1.409955,-1.279301,1
-36,40,-1.421133,1.623379,55
-36,41,-1.417798,1.646451,22
-36,57,-1.430229,2.308593,19
-36,58,-1.422829,2.342668,96
-36,59,-1.409807,2.374968,66
-36,170,-1.439999,6.811425,1
-36,171,-1.401318,6.876351,1
-36,172,-1.428830,6.906230,77
-36,173,-1.408432,6.931772,62
-35,-35,-1.370931,-1.383082,2
-35,-34,-1.380223,-1.328385,20
-35,-33,-1.380553,-1.300184,53
-35,-32,-1.376726,-1.277916,5
-35,40,-1.380884,1.625875,46
-35,41,-1.379141,1.648863,32
-35,58,-1.393217,2.351647,11
-35,59,-1.384007,2.382775,75
-35,60,-1.374317,2.416648,87
-35,61,-1.361667,2.441781,1
-35,172,-1.383932,6.905080,3
-35,173,-1.390867,6.950910,58
-35,174,-1.372637,6.974701,78
-34,-35,-1.330562,-1.379302,2
-34,-34,-1.341089,-1.324266,14
-34,-33,-1.338758,-1.299279,50
-34,-32,-1.338863,-1.275911,10
-34,40,-1.342455,1.628708,36
-34,41,-1.338462,1.652530,39
-34,59,-1.356289,2.394645,9
-34,60,-1.344046,2.424273,63
-34,61,-1.338919,2.458785,97
-34,62,-1.324145,2.484663,14
-34,173,-1.324065,6.944505,1
-34,174,-1.353063,6.993408,32
-34,175,-1.337125,7.016982,108
-34,176,-1.321720,7.041352,1
-33,-34,-1.311359,-1.321434,6
-33,-33,-1.298215,-1.299078,57
-33,-32,-1.299184,-1.272307,10
-33,40,-1.299996,1.628776,26
-33,41,-1.299997,1.653398,54
-33,60,-1.313602,2.435231,2
-33,61,-1.304810,2.464846,47
-33,62,-1.301622,2.500798,91
-33,63,-1.286981,2.529581,32
-33,174,-1.291463,6.994251,1
-33,175,-1.317119,7.036386,7
-33,176,-1.301215,7.060003,116
-33,177,-1.283167,7.084194,18
-32,-33,-1.260436,-1.297669,57
-32,-32,-1.258214,-1.272347,16
-32,40,-1.259570,1.632359,24
-32,41,-1.259421,1.657299,52
-32,62,-1.269421,2.506368,39
-32,63,-1.260954,2.541829,86
-32,64,-1.252036,2.572697,51
-32,175,-1.249458,7.036311,1
-32,176,-1.251058,7.065735,2
-32,177,-1.264992,7.103049,94
-32,178,-1.246585,7.127335,40
-31,-33,-1.221270,-1.296211,46
-31,-32,-1.217641,-1.271902,27
-31,40,-1.222017,1.635049,16
-31,41,-1.220050,1.659015,56
-31,63,-1.230914,2.549554,22
-31,64,-1.222498,2.581679,79
-31,65,-1.214164,2.616422,71
-31,66,-1.203031,2.645773,2
-31,177,-1.225024,7.085679,2
-31,178,-1.228825,7.146435,78
-31,179,-1.209211,7.171687,64
-30,-33,-1.181586,-1.292866,42
-30,-32,-1.178692,-1.270245,30
-30,40,-1.186071,1.637108,8
-30,41,-1.179688,1.662077,68
-30,64,-1.193765,2.592504,15
-30,65,-1.181982,2.622265,63
-30,66,-1.178598,2.657895,77
-30,67,-1.166845,2.689114,12
-30,178,-1.178741,7.143678,3
-30,179,-1.192038,7.190659,48
-30,180,-1.173059,7.215182,87
-29,-33,-1.142271,-1.290454,34
-29,-32,-1.138717,-1.267783,40
-29,40,-1.151909,1.638342,2
-29,41,-1.140879,1.661468,63
-29,42,-1.132897,1.681497,6
-29,65,-1.157435,2.633452,7
-29,66,-1.143970,2.662855,60
-29,67,-1.139045,2.699151,79
-29,68,-1.129624,2.732764,25
-29,179,-1.153083,7.173762,2
-29,180,-1.155278,7.233554,26
-29,181,-1.136242,7.259178,107
-29,182,-1.120203,7.281185,2
-29,185,-1.126755,7.424542,1
-28,-33,-1.102081,-1.291995,18
-28,-32,-1.099200,-1.267662,54
-28,41,-1.100573,1.663264,57
-28,42,-1.098861,1.683194,17
-28,67,-1.106259,2.704516,50
-28,68,-1.099411,2.739421,78
-28,69,-1.093391,2.774678,38
-28,70,-1.083655,2.805412,2
-28,180,-1.106570,7.223952,2
-28,181,-1.106280,7.266879,7
-28,182,-1.102474,7.299672,113
-28,183,-1.083916,7.323152,17
-28,186,-1.091161,7.469357,1
-27,-33,-1.061385,-1.288369,16
-27,-32,-1.059751,-1.263627,55
-27,41,-1.061231,1.666748,47
-27,42,-1.058190,1.686337,18
-27,68,-1.069455,2.747681,37
-27,69,-1.058339,2.779882,78
-27,70,-1.055266,2.815923,48
-27,71,-1.047859,2.849504,7
-27,182,-1.065192,7.316040,2
-27,183,-1.065396,7.343677,101
-27,184,-1.046281,7.367734,42
-27,187,-1.055008,7.514871,1
-26,-33,-1.021448,-1.284802,13
-26,-32,-1.020703,-1.260085,57
-26,41,-1.021915,1.667528,37
-26,42,-1.020039,1.686478,32
-26,69,-1.029610,2.791247,21
-26,70,-1.020452,2.821651,76
-26,71,-1.016480,2.857486,49
-26,72,-1.011269,2.894612,13
-26,182,-1.037019,7.309149,2
-26,183,-1.013878,7.344197,2
-26,184,-1.029599,7.387299,66
-26,185,-1.009434,7.412250,66
-26,189,-1.018282,7.561112,1
-25,-33,-0.985035,-1.282311,6
-25,-32,-0.981053,-1.258436,64
-25,-31,-0.966795,-1.239172,2
-25,41,-0.981643,1.669544,28
-25,42,-0.979616,1.688920,37
-25,70,-0.994285,2.833993,11
-25,71,-0.982031,2.862467,76
-25,72,-0.976405,2.897934,57
-25,73,-0.976254,2.936777,17
-25,74,-0.963094,2.965697,4
-25,184,-0.988587,7.391812,3
-25,185,-0.991835,7.430327,49
-25,186,-0.972851,7.455817,86
-25,190,-0.980969,7.608087,1
-24,-32,-0.941382,-1.257133,65
-24,-31,-0.935836,-1.237429,10
-24,41,-0.939954,1.669219,17
-24,42,-0.939963,1.690962,49
-24,71,-0.956379,2.877836,5
-24,72,-0.944570,2.904302,65
-24,73,-0.936543,2.937447,64
-24,74,-0.934397,2.976890,22
-24,75,-0.927650,3.011000,6
-24,185,-0.946510,7.426679,2
-24,186,-0.955316,7.475182,27
-24,187,-0.936161,7.499802,112
-24,191,-0.943050,7.655830,1
-23,-32,-0.901016,-1.254159,57
-23,-31,-0.896727,-1.235731,19
-23,41,-0.902509,1.673058,13
-23,42,-0.899857,1.694377,45
-23,73,-0.907552,2.945173,52
-23,74,-0.897198,2.977400,73
-23,75,-0.895129,3.015048,27
-23,76,-0.894755,3.055772,10
-23,186,-0.908404,7.472533,2
-23,187,-0.906011,7.499425,4
-23,188,-0.902435,7.540147,114
-23,189,-0.882993,7.563849,20
-23,192,-0.904512,7.704345,1
-22,-32,-0.859936,-1.250852,49
-22,-31,-0.859470,-1.233096,28
-22,41,-0.862082,1.675314,11
-22,42,-0.860398,1.697692,52
-22,74,-0.869331,2.986772,32
-22,75,-0.858699,3.019493,84
-22,76,-0.854063,3.055970,31
-22,77,-0.857120,3.099460,12
-22,78,-0.844378,3.128843,1
-22,187,-0.872927,7.516847,2
-22,188,-0.854635,7.554418,1
-22,189,-0.866661,7.582477,88
-22,190,-0.846615,7.607840,48
-22,193,-0.865336,7.753671,1
-21,-32,-0.821499,-1.250855,30
-21,-31,-0.818613,-1.232433,46
-21,41,-0.823707,1.678242,5
-21,42,-0.820421,1.700495,57
-21,75,-0.831822,3.030304,19
-21,76,-0.820200,3.061489,87
-21,77,-0.812038,3.095180,41
-21,78,-0.821344,3.139988,12
-21,79,-0.808897,3.171440,5
-21,188,-0.834286,7.547187,1
-21,189,-0.812115,7.584055,2
-21,190,-0.829187,7.627062,71
-21,191,-0.809840,7.651987,65
-21,195,-0.825505,7.803820,1
-20,-32,-0.782998,-1.249959,21
-20,-31,-0.778049,-1.229758,54
-20,42,-0.779783,1.702310,62
-20,76,-0.795637,3.073277,8
-20,77,-0.781411,3.102283,71
-20,78,-0.774385,3.132840,55
-20,79,-0.779338,3.178396,12
-20,80,-0.773286,3.216153,8
-20,81,-0.761996,3.240076,1
-20,190,-0.780099,7.630996,3
-20,191,-0.792240,7.669638,49
-20,192,-0.773644,7.695383,94
-20,196,-0.785003,7.854812,1
-19,-32,-0.739741,-1.250567,13
-19,-31,-0.738481,-1.226480,62
-19,42,-0.739660,1.706891,57
-19,43,-0.720587,1.721205,1
-19,77,-0.757548,3.118539,2
-19,78,-0.745395,3.144988,68
-19,79,-0.735033,3.176752,62
-19,80,-0.734398,3.215464,13
-19,81,-0.737091,3.260146,9
-19,82,-0.728441,3.285381,1
-19,191,-0.736267,7.676718,1
-19,192,-0.754261,7.713195,27
-19,193,-0.736950,7.739667,109
-19,194,-0.722809,7.763582,2
-19,197,-0.743808,7.906677,1
-18,-32,-0.701597,-1.248488,14
-18,-31,-0.698828,-1.223081,61
-18,42,-0.701723,1.710501,51
-18,43,-0.688459,1.721975,5
-18,78,-0.718087,3.158901,1
-18,79,-0.708734,3.185522,48
-18,80,-0.696119,3.217220,80
-18,81,-0.692886,3.253308,18
-18,82,-0.702728,3.299396,9
-18,83,-0.686705,3.334611,5
-18,192,-0.710752,7.708817,2
-18,193,-0.707194,7.746569,6
-18,194,-0.703122,7.779671,110
-18,195,-0.684185,7.803979,24
-18,198,-0.701904,7.959433,1
-17,-32,-0.659543,-1.245701,10
-17,-31,-0.659824,-1.219738,66
-17,42,-0.662046,1.710128,34
-17,43,-0.658966,1.722635,23
-17,80,-0.670253,3.228739,33
-17,81,-0.658595,3.259496,83
-17,82,-0.651597,3.291612,22
-17,83,-0.654724,3.341127,8
-17,84,-0.654306,3.379122,6
-17,193,-0.671588,7.755859,1
-17,194,-0.657450,7.785485,5
-17,195,-0.666018,7.824029,97
-17,196,-0.647353,7.847818,42
-17,200,-0.659266,8.013116,1
-16,-32,-0.623562,-1.242807,5
-16,-31,-0.620194,-1.216325,69
-16,42,-0.621009,1.711010,21
-16,43,-0.620280,1.725256,34
-16,81,-0.632933,3.271301,22
-16,82,-0.621501,3.301696,89
-16,83,-0.609499,3.332437,34
-16,84,-0.619139,3.378153,8
-16,85,-0.621081,3.420914,6
-16,86,-0.603295,3.447987,2
-16,195,-0.613315,7.833806,2
-16,196,-0.629295,7.867126,78
-16,197,-0.609607,7.892901,75
-16,201,-0.615878,8.067740,1
-15,-32,-0.594134,-1.240894,2
-15,-31,-0.579968,-1.213482,74
-15,-30,-0.582218,-1.198206,2
-15,42,-0.580826,1.710677,13
-15,43,-0.580019,1.727937,43
-15,82,-0.595282,3.314561,10
-15,83,-0.583004,3.342901,76
-15,84,-0.572339,3.375072,50
-15,85,-0.580296,3.418080,6
-15,86,-0.587849,3.461639,5
-15,87,-0.568561,3.493543,4
-15,196,-0.587627,7.859965,3
-15,197,-0.591417,7.912118,44
-15,198,-0.573139,7.936501,92
-15,203,-0.571715,8.123344,1
-14,-31,-0.540843,-1.212169,60
-14,-30,-0.538368,-1.197339,13
-14,42,-0.538738,1.713037,10
-14,43,-0.541275,1.730658,41
-14,84,-0.546582,3.383939,70
-14,85,-0.533968,3.416038,66
-14,86,-0.540716,3.458721,8
-14,87,-0.543669,3.502618,4
-14,88,-0.535141,3.536951,5
-14,197,-0.551511,7.909263,2
-14,198,-0.553047,7.951519,31
-14,199,-0.537119,7.979587,110
-14,200,-0.522396,8.002906,6
-14,204,-0.526757,8.179941,1
-13,-31,-0.501743,-1.211200,47
-13,-30,-0.498929,-1.195342,30
-13,42,-0.501379,1.717254,7
-13,43,-0.500165,1.734948,51
-13,85,-0.507765,3.427685,53
-13,86,-0.496191,3.457475,80
-13,87,-0.491867,3.492674,15
-13,88,-0.489419,3.542670,6
-13,89,-0.501614,3.579661,7
-13,90,-0.487513,3.610681,1
-13,199,-0.508684,7.988298,8
-13,200,-0.502431,8.020734,119
-13,201,-0.484005,8.045123,23
-13,205,-0.480977,8.237582,1
-12,-31,-0.460663,-1.211288,30
-12,-30,-0.460254,-1.193057,44
-12,42,-0.475362,1.719121,1
-12,43,-0.460143,1.736874,50
-12,86,-0.471205,3.470023,28
-12,87,-0.458219,3.498776,87
-12,88,-0.450607,3.528822,21
-12,89,-0.450557,3.582052,5
-12,90,-0.465934,3.623682,5
-12,91,-0.445762,3.654697,3
-12,199,-0.467386,7.998663,1
-12,200,-0.475232,8.002273,2
-12,201,-0.465835,8.063473,100
-12,202,-0.447995,8.088048,47
-12,212,-0.449891,8.488670,1
-11,-31,-0.422739,-1.209598,22
-11,-30,-0.419562,-1.190197,57
-11,43,-0.421080,1.740072,54
-11,44,-0.415870,1.762461,1
-11,87,-0.433657,3.512276,18
-11,88,-0.421228,3.541623,88
-11,89,-0.410706,3.570796,27
-11,90,-0.414462,3.621587,6
-11,91,-0.422024,3.666645,4
-11,92,-0.416672,3.693531,3
-11,93,-0.405132,3.721912,1
-11,201,-0.423703,8.061644,6
-11,202,-0.428638,8.108027,77
-11,203,-0.410138,8.133282,71
-11,207,-0.434354,8.296279,1
-10,-31,-0.380950,-1.209699,14
-10,-30,-0.379893,-1.187514,63
-10,43,-0.380722,1.744364,53
-10,88,-0.396828,3.554823,7
-10,89,-0.384727,3.582804,85
-10,90,-0.371267,3.612293,52
-10,91,-0.375560,3.660821,2
-10,92,-0.386888,3.707824,3
-10,93,-0.374585,3.745073,5
-10,94,-0.369777,3.769649,1
-10,203,-0.389966,8.149716,56
-10,204,-0.373240,8.176952,95
-10,205,-0.362155,8.201373,1
-10,213,-0.399452,8.555623,1
-9,-31,-0.341576,-1.208122,10
-9,-30,-0.339910,-1.183728,66
-9,43,-0.340049,1.747770,49
-9,44,-0.344724,1.764308,3
-9,89,-0.359581,3.597128,2
-9,90,-0.346567,3.624682,67
-9,91,-0.333548,3.654477,69
-9,92,-0.335249,3.691843,5
-9,93,-0.332476,3.735304,2
-9,94,-0.341069,3.789745,4
-9,95,-0.331737,3.811233,2
-9,203,-0.354307,8.137808,1
-9,204,-0.353316,8.192958,30
-9,205,-0.337369,8.219802,117
-9,206,-0.323388,8.243584,7
-9,215,-0.347964,8.623963,1
-8,-31,-0.301419,-1.204313,9
-8,-30,-0.299729,-1.180193,67
-8,-29,-0.298481,-1.158528,2
-8,43,-0.300359,1.751225,45
-8,44,-0.300521,1.768421,6
-8,91,-0.309546,3.666751,42
-8,92,-0.296538,3.696422,90
-8,93,-0.288390,3.730779,8
-8,94,-0.287259,3.792294,2
-8,95,-0.313951,3.823367,2
-8,96,-0.298422,3.857994,3
-8,204,-0.310789,8.197806,2
-8,205,-0.311877,8.221956,9
-8,206,-0.302846,8.260803,120
-8,207,-0.284583,8.287188,27
-8,217,-0.295388,8.693754,1
-7,-31,-0.267250,-1.201642,4
-7,-30,-0.258987,-1.179004,66
-7,-29,-0.260986,-1.155726,6
-7,43,-0.261225,1.754317,40
-7,44,-0.257827,1.764730,10
-7,92,-0.272419,3.710035,28
-7,93,-0.257819,3.739286,93
-7,94,-0.247415,3.768060,16
-7,95,-0.260358,3.821299,1
-7,96,-0.257883,3.859723,2
-7,97,-0.266608,3.896607,2
-7,98,-0.254197,3.925705,1
-7,206,-0.259867,8.265997,8
-7,207,-0.266623,8.302860,101
-7,208,-0.247754,8.329200,56
-7,219,-0.241692,8.765026,1
-6,-30,-0.220338,-1.176704,66
-6,-29,-0.218067,-1.152429,9
-6,43,-0.224062,1.755769,21
-6,44,-0.217954,1.765851,31
-6,93,-0.233220,3.754705,15
-6,94,-0.221664,3.781468,88
-6,95,-0.208152,3.811060,34
-6,96,-0.234869,3.853293,1
-6,97,-0.208683,3.886163,1
-6,98,-0.225888,3.943415,3
-6,99,-0.212114,3.982526,1
-6,208,-0.227783,8.347077,84
-6,209,-0.210938,8.373250,77
-5,-30,-0.180151,-1.174049,63
-5,-29,-0.178844,-1.151213,15
-5,43,-0.181118,1.755742,9
-5,44,-0.179635,1.767450,45
-5,94,-0.197251,3.796264,7
-5,95,-0.184176,3.823443,82
-5,96,-0.171169,3.851693,46
-5,97,-0.189357,3.907438,3
-5,99,-0.199426,3.973547,1
-5,100,-0.179346,4.013339,2
-5,101,-0.168031,4.042047,1
-5,208,-0.193606,8.338052,3
-5,209,-0.191901,8.391072,54
-5,210,-0.174588,8.416688,106
-5,211,-0.161932,8.442402,1
-5,220,-0.186832,8.837849,1
-4,-30,-0.140903,-1.171228,53
-4,-29,-0.139529,-1.150213,20
-4,43,-0.150207,1.758501,3
-4,44,-0.139542,1.768989,46
-4,95,-0.149683,3.832961,2
-4,96,-0.148628,3.865190,68
-4,97,-0.132625,3.894479,70
-4,98,-0.150672,3.939085,2
-4,99,-0.140775,3.981841,3
-4,100,-0.154961,4.021730,1
-4,101,-0.140736,4.065083,2
-4,209,-0.158047,8.393676,2
-4,210,-0.153684,8.428252,31
-4,211,-0.138476,8.459089,127
-4,212,-0.123665,8.484991,15
-4,222,-0.130773,8.912256,1
-3,-30,-0.101167,-1.168511,49
-3,-29,-0.100229,-1.148425,29
-3,44,-0.100673,1.772895,52
-3,45,-0.096120,1.807815,1
-3,97,-0.110462,3.907686,43
-3,98,-0.095756,3.936495,93
-3,99,-0.087644,3.965794,6
-3,100,-0.096623,4.032638,2
-3,102,-0.097275,4.103419,2
-3,211,-0.106686,8.470086,17
-3,212,-0.102204,8.501805,118
-3,213,-0.085950,8.527261,32
-2,-30,-0.061325,-1.166262,41
-2,-29,-0.058354,-1.146366,41
-2,44,-0.060091,1.776191,51
-2,98,-0.072651,3.952381,22
-2,99,-0.059654,3.978680,92
-2,100,-0.045403,4.009007,17
-2,101,-0.066112,4.065126,1
-2,102,-0.042622,4.106828,1
-2,103,-0.068845,4.146707,1
-2,212,-0.064064,8.514214,4
-2,213,-0.065781,8.543810,99
-2,214,-0.048664,8.570126,63
-2,224,-0.073468,8.988324,1
-1,-30,-0.024074,-1.166324,19
-1,-29,-0.018457,-1.149876,57
-1,-28,-0.001916,-1.117099,1
-1,44,-0.019475,1.779760,49
-1,45,-0.024852,1.811190,2
-1,99,-0.035570,3.993647,13
-1,100,-0.021456,4.021778,98
-1,101,-0.006962,4.050067,30
-1,102,-0.019105,4.101869,3
-1,103,-0.002969,4.144386,1
-1,104,-0.028578,4.194308,2
-1,213,-0.033849,8.536771,4
-1,214,-0.026940,8.588407,77
-1,215,-0.011808,8.614257,85
-1,226,-0.014876,9.066100,1
0,-30,0.021818,-1.166079,11
0,-29,0.019997,-1.148468,66
0,-28,0.023639,-1.116601,3
0,44,0.020548,1.783979,49
0,45,0.020988,1.808036,3
0,100,0.002485,4.037067,3
0,101,0.015244,4.064199,81
0,102,0.029424,4.090958,51
0,103,0.036965,4.148141,1
0,104,0.022349,4.182586,2
0,106,0.003347,4.242440,1
0,214,0.007158,8.582751,2
0,215,0.009363,8.628606,51
0,216,0.025341,8.657675,115
0,217,0.037847,8.684243,4
1,-30,0.058734,-1.162197,7
1,-29,0.059678,-1.145329,62
1,-28,0.062941,-1.112605,6
1,44,0.060117,1.786367,44
1,45,0.054757,1.815545,3
1,102,0.050914,4.106329,60
1,103,0.067492,4.133996,73
1,104,0.079264,4.160650,1
1,105,0.064178,4.228674,1
1,106,0.074994,4.255744,1
1,107,0.044882,4.291501,2
1,216,0.049103,8.669024,30
1,217,0.061264,8.699381,120
1,218,0.074013,8.725921,16
1,228,0.045047,9.145638,1
2,-29,0.098894,-1.144662,73
2,-28,0.102719,-1.110097,7
2,44,0.099762,1.789369,43
2,45,0.093637,1.807223,7
2,103,0.088214,4.148626,38
2,104,0.104201,4.176916,88
2,105,0.109497,4.205767,4
2,106,0.099382,4.272863,1
2,108,0.080832,4.345190,1
2,216,0.080661,8.673978,1
2,217,0.087879,8.711799,14
2,218,0.097360,8.741494,118
2,219,0.112332,8.768603,35
2,230,0.106356,9.227020,1
3,-29,0.139884,-1.140904,70
3,-28,0.141702,-1.108309,11
3,44,0.139995,1.792842,41
3,45,0.143017,1.812522,10
3,46,0.149588,1.842224,1
3,104,0.126044,4.191858,26
3,105,0.140935,4.219769,99
3,106,0.154076,4.247214,16
3,107,0.135739,4.318501,1
3,108,0.138772,4.336496,1
3,109,0.123637,4.395698,2
3,218,0.126661,8.741588,6
3,219,0.134477,8.784224,103
3,220,0.150582,8.811743,63
4,-29,0.180758,-1.138602,64
4,-28,0.181381,-1.107810,15
4,44,0.178641,1.796156,39
4,45,0.184335,1.809886,11
4,105,0.163699,4.234220,8
4,106,0.178245,4.262477,98
4,107,0.193036,4.289039,30
4,108,0.198552,4.345202,1
4,109,0.173317,4.365670,1
4,111,0.164228,4.455777,1
4,219,0.170072,8.787193,3
4,220,0.171469,8.826428,71
4,221,0.186936,8.854677,92
4,222,0.199938,8.883113,1
4,232,0.169094,9.310294,1
5,-29,0.220511,-1.135240,61
5,-28,0.220985,-1.105329,17
5,44,0.215948,1.798258,21
5,45,0.221949,1.805873,29
5,106,0.202551,4.279100,2
5,107,0.214438,4.304740,80
5,108,0.230282,4.331663,44
5,109,0.201751,4.376004,1
5,110,0.209217,4.418196,2
5,112,0.208277,4.507684,2
5,220,0.202401,8.833013,1
5,221,0.210595,8.868222,53
5,222,0.223659,8.897538,112
5,223,0.236185,8.925923,7
5,234,0.233322,9.395551,1
6,-29,0.260557,-1.132524,57
6,-28,0.259740,-1.103678,21
6,44,0.248874,1.799423,2
6,45,0.260218,1.806890,49
6,46,0.250816,1.849075,2
6,108,0.250506,4.347334,66
6,109,0.268378,4.374958,70
6,110,0.257775,4.417425,1
6,111,0.252380,4.464914,1
6,112,0.277789,4.512511,1
6,114,0.254244,4.575144,1
6,221,0.244696,8.874895,1
6,222,0.249752,8.911937,29
6,223,0.260058,8.939952,119
6,224,0.273772,8.966970,20
6,231,0.264044,9.266653,1
7,-29,0.300000,-1.129896,55
7,-28,0.299542,-1.105986,24
7,-27,0.300195,-1.079472,1
7,45,0.299606,1.810289,49
7,46,0.304415,1.847858,2
7,109,0.287417,4.389175,36
7,110,0.304111,4.416770,99
7,111,0.316735,4.441351,2
7,112,0.294011,4.517171,1
7,115,0.299513,4.628395,2
7,223,0.285717,8.946154,15
7,224,0.297334,8.981472,116
7,225,0.311729,9.009900,45
7,237,0.299089,9.482846,1
8,-29,0.339228,-1.126588,51
8,-28,0.340346,-1.103998,27
8,-27,0.340172,-1.075693,3
8,45,0.339473,1.813351,49
8,46,0.350227,1.862774,2
8,110,0.326729,4.434477,19
8,111,0.341093,4.460421,100
8,112,0.353348,4.485805,13
8,114,0.337136,4.571306,1
8,115,0.347611,4.609396,2
8,117,0.351720,4.704405,1
8,224,0.327886,8.990120,8
8,225,0.334749,9.025205,90
8,226,0.349329,9.053070,68
8,233,0.330617,9.352005,1
9,-29,0.378756,-1.123415,47
9,-28,0.380944,-1.104917,29
9,-27,0.384107,-1.073171,6
9,45,0.379526,1.817017,48
9,46,0.380634,1.841591,2
9,111,0.362860,4.473926,4
9,112,0.375667,4.500310,96
9,113,0.392498,4.527025,29
9,114,0.385525,4.573222,1
9,115,0.381853,4.627436,1
9,118,0.392733,4.744645,1
9,225,0.366687,9.031527,5
9,226,0.372041,9.065866,67
9,227,0.385772,9.095335,96
9,228,0.396102,9.121838,3
9,235,0.398831,9.439453,1
9,239,0.366461,9.572276,1
10,-29,0.412416,-1.121171,21
10,-28,0.422630,-1.110479,55
10,-27,0.425493,-1.067361,5
10,45,0.418639,1.819504,43
10,46,0.419792,1.849887,4
10,113,0.411958,4.543273,80
10,114,0.430874,4.570638,54
10,117,0.431387,4.698317,2
10,119,0.403554,4.773142,1
10,226,0.406496,9.074986,1
10,227,0.410884,9.107082,50
10,228,0.422460,9.137702,108
10,229,0.434953,9.166417,11
10,241,0.435492,9.663903,1
11,-28,0.460194,-1.108563,76
11,-27,0.460475,-1.063614,5
11,45,0.457954,1.822618,46
11,46,0.465103,1.854107,6
11,47,0.456888,1.885285,1
11,114,0.449063,4.587730,57
11,115,0.467468,4.613496,77
11,116,0.454559,4.657414,1
11,117,0.457739,4.693476,1
11,118,0.476407,4.746125,1
11,121,0.457643,4.844866,1
11,228,0.450130,9.150360,33
11,229,0.459839,9.180481,112
11,230,0.472370,9.209639,23
11,238,0.468759,9.529107,1
12,-28,0.500007,-1.107811,68
12,-27,0.501344,-1.067535,13
12,45,0.499251,1.826396,45
12,46,0.507670,1.854715,6
12,115,0.486682,4.632707,38
12,116,0.504625,4.657753,95
12,117,0.518939,4.684410,3
12,122,0.505134,4.900451,2
12,229,0.487970,9.191918,17
12,230,0.496973,9.221774,107
12,231,0.510214,9.251521,46
12,243,0.506254,9.757833,1
13,-28,0.540120,-1.104015,68
13,-27,0.542203,-1.062973,12
13,45,0.539071,1.828054,40
13,46,0.541836,1.845871,9
13,116,0.523762,4.674814,18
13,117,0.540385,4.699770,97
13,118,0.554503,4.727282,15
13,120,0.523552,4.814477,2
13,230,0.526302,9.228619,5
13,231,0.534352,9.263460,97
13,232,0.548363,9.294831,70
13,240,0.540459,9.621024,1
14,-28,0.579155,-1.101118,68
14,-27,0.577919,-1.064867,11
14,-26,0.584296,-1.039685,1
14,45,0.580232,1.831373,39
14,46,0.574805,1.850754,12
14,47,0.576922,1.894314,2
14,117,0.561715,4.717668,3
14,118,0.576224,4.741676,96
14,119,0.592378,4.766888,28
14,121,0.578487,4.874261,1
14,124,0.573177,4.998072,1
14,231,0.565278,9.268972,2
14,232,0.572775,9.305544,71
14,233,0.585231,9.336061,94
14,234,0.595560,9.363882,5
14,246,0.578810,9.854139,1
15,-28,0.619185,-1.099062,65
15,-27,0.616952,-1.065925,19
15,-26,0.623120,-1.036288,3
15,45,0.620049,1.834393,36
15,46,0.617760,1.853450,15
15,47,0.634918,1.894196,1
15,119,0.611701,4.784392,77
15,120,0.630569,4.810264,58
15,121,0.619926,4.840996,2
15,123,0.612651,4.936492,1
15,125,0.608213,5.029063,1
15,127,0.634968,5.080014,1
15,233,0.610983,9.348179,48
15,234,0.621922,9.378273,103
15,235,0.633878,9.407478,16
15,242,0.614013,9.715326,1
16,-28,0.659884,-1.095223,65
16,-27,0.658106,-1.064069,15
16,-26,0.663633,-1.034339,4
16,45,0.659087,1.837619,32
16,46,0.660364,1.856295,19
16,47,0.670964,1.892316,1
16,119,0.655519,4.798381,1
16,120,0.649323,4.829473,55
16,121,0.667747,4.853784,71
16,234,0.649653,9.389943,29
16,235,0.659938,9.420206,113
16,236,0.671473,9.449819,31
16,248,0.653238,9.952936,1
17,-28,0.700189,-1.092366,59
17,-27,0.698204,-1.063248,19
17,-26,0.700092,-1.028979,5
17,45,0.688968,1.839033,6
17,46,0.700894,1.848103,44
17,47,0.698536,1.902887,1
17,48,0.713579,1.921771,1
17,121,0.685945,4.872997,40
17,122,0.704953,4.898497,94
17,123,0.702601,4.931393,2
17,126,0.711156,5.061211,1
17,129,0.699714,5.165869,1
17,235,0.689660,9.435639,13
17,236,0.697114,9.462120,102
17,237,0.709647,9.492014,53
17,245,0.689486,9.812083,1
18,-28,0.739348,-1.089807,55
18,-27,0.739883,-1.064948,22
18,-26,0.736280,-1.024212,4
18,46,0.740188,1.848780,48
18,47,0.732285,1.882562,3
18,122,0.724092,4.916134,11
18,123,0.739812,4.939848,105
18,124,0.756955,4.964609,11
18,129,0.730118,5.189966,1
18,236,0.725997,9.477492,8
18,237,0.734441,9.503963,83
18,238,0.746283,9.534074,73
18,239,0.758733,9.562407,3
18,251,0.729610,10.054314,1
19,-28,0.780345,-1.087667,46
19,-27,0.778733,-1.066266,30
19,-26,0.778195,-1.023232,8
19,46,0.780858,1.852910,48
19,47,0.771636,1.895406,3
19,123,0.763122,4.958226,3
19,124,0.775857,4.982567,96
19,125,0.793961,5.007172,35
19,126,0.772488,5.045143,1
19,127,0.773117,5.084603,1
19,131,0.767622,5.255919,1
19,238,0.771384,9.544023,74
19,239,0.784026,9.576425,89
19,240,0.795657,9.606054,8
19,247,0.766968,9.911421,1
20,-28,0.819805,-1.084832,41
20,-27,0.820197,-1.067426,29
20,-26,0.822826,-1.023475,10
20,46,0.820915,1.856743,46
20,47,0.813890,1.892157,3
20,48,0.833505,1.921080,1
20,125,0.811943,5.025631,70
20,126,0.830325,5.049553,55
20,129,0.816872,5.195063,1
20,133,0.838924,5.350473,1
20,239,0.809774,9.587002,51
20,240,0.822674,9.618706,106
20,241,0.832980,9.648035,18
20,253,0.808004,10.158370,1
21,-28,0.857003,-1.081838,34
21,-27,0.863137,-1.065898,38
21,-26,0.861824,-1.018282,9
21,46,0.859643,1.857919,43
21,47,0.860745,1.887280,5
21,48,0.856883,1.941787,1
21,126,0.848362,5.069644,55
21,127,0.868274,5.095597,80
21,128,0.864394,5.157225,1
21,134,0.863198,5.365620,1
21,240,0.848044,9.629327,23
21,241,0.859927,9.659935,113
21,242,0.871278,9.691787,31
21,250,0.846537,10.013433,1
22,-28,0.887700,-1.080491,3
22,-27,0.901042,-1.070365,71
22,-26,0.897401,-1.019612,7
22,-25,0.905938,-0.994557,2
22,46,0.900156,1.859267,41
22,47,0.900079,1.891219,13
22,48,0.905890,1.930848,1
22,127,0.885083,5.113552,24
22,128,0.904524,5.138440,102
22,136,0.913907,5.449903,1
22,241,0.884755,9.671007,11
22,242,0.897345,9.701731,109
22,243,0.908502,9.733846,50
22,256,0.888511,10.265235,1
23,-27,0.940548,-1.068104,69
23,-26,0.937905,-1.027216,11
23,-25,0.944972,-0.995137,4
23,46,0.939343,1.862691,40
23,47,0.944415,1.892883,10
23,128,0.922684,5.156735,7
23,129,0.938627,5.179238,105
23,130,0.956937,5.202912,19
23,133,0.930650,5.339120,1
23,242,0.922331,9.713933,7
23,243,0.934926,9.743699,87
23,244,0.945863,9.775319,73
23,245,0.955701,9.801979,2
23,252,0.928279,10.118225,1
24,-27,0.980632,-1.065765,66
24,-26,0.981296,-1.026241,12
24,-25,0.976919,-0.990429,3
24,46,0.979482,1.865942,43
24,47,0.982767,1.897919,9
24,48,0.982074,1.941174,1
24,129,0.960137,5.199504,1
24,130,0.975021,5.222802,91
24,131,0.993352,5.248301,33
24,138,0.992840,5.554576,1
24,243,0.962985,9.757648,3
24,244,0.971789,9.784335,63
24,245,0.983406,9.816018,92
24,246,0.993966,9.847020,11
24,259,0.971213,10.375007,1
25,-27,1.019987,-1.062169,64
25,-26,1.019947,-1.023287,10
25,-25,1.016813,-0.984861,6
25,46,1.020293,1.869709,41
25,47,1.019826,1.899904,11
25,49,1.015534,1.964042,1
25,131,1.011069,5.265884,74
25,132,1.030940,5.290657,63
25,138,1.009050,5.558137,1
25,245,1.009288,9.826070,47
25,246,1.022091,9.858699,105
25,247,1.032823,9.891397,22
25,255,1.012294,10.225939,1
26,-27,1.058613,-1.059097,62
26,-26,1.059119,-1.021627,13
26,-25,1.063264,-0.983554,5
26,46,1.060668,1.872523,39
26,47,1.062978,1.899244,11
26,48,1.065225,1.938017,2
26,132,1.048080,5.310769,49
26,133,1.067453,5.334713,76
26,135,1.066601,5.403825,1
26,137,1.053442,5.494589,1
26,141,1.076074,5.664948,1
26,246,1.048257,9.870427,32
26,247,1.059968,9.900665,96
26,248,1.069229,9.931237,38
26,262,1.056215,10.487839,1
27,-27,1.099258,-1.059241,53
27,-26,1.098969,-1.029514,23
27,-25,1.102930,-0.978297,7
27,46,1.100047,1.875936,37
27,47,1.101081,1.902875,9
27,48,1.105530,1.926698,3
27,133,1.084677,5.354495,30
27,134,1.104374,5.378878,100
27,135,1.105410,5.405950,1
27,247,1.086555,9.912710,19
27,248,1.097853,9.942777,99
27,249,1.107203,9.975342,55
27,250,1.119150,10.000635,1
27,258,1.098675,10.336679,1
28,-27,1.140115,-1.055935,52
28,-26,1.139204,-1.025663,21
28,-25,1.141272,-0.979631,7
28,46,1.134417,1.878707,27
28,47,1.146733,1.892399,24
28,48,1.139173,1.935335,2
28,49,1.146360,1.963449,1
28,134,1.122551,5.398425,6
28,135,1.138213,5.419622,106
28,136,1.156698,5.443201,15
28,140,1.126602,5.616669,1
28,248,1.125892,9.957126,9
28,249,1.136219,9.984129,79
28,250,1.143902,10.015785,71
28,251,1.155524,10.043890,6
28,265,1.143606,10.603837,1
29,-27,1.179568,-1.052604,52
29,-26,1.177812,-1.023065,19
29,-25,1.179228,-0.981188,6
29,-24,1.171440,-0.957339,1
29,47,1.180730,1.888622,46
29,48,1.175296,1.934899,3
29,49,1.191515,1.988774,1
29,136,1.173882,5.462445,90
29,137,1.193620,5.486184,37
29,138,1.178196,5.539917,1
29,139,1.171234,5.578346,1
29,141,1.186348,5.662868,1
29,144,1.166802,5.775800,2
29,249,1.161789,9.999150,1
29,250,1.172574,10.024604,67
29,251,1.183205,10.057449,91
29,252,1.193708,10.088880,13
29,261,1.187535,10.450602,1
30,-27,1.218966,-1.049207,56
30,-26,1.221385,-1.018970,23
30,-25,1.217277,-0.979803,7
30,-24,1.225199,-0.954281,4
30,47,1.220787,1.887936,45
30,48,1.217973,1.927434,7
30,49,1.235176,1.975508,1
30,137,1.210233,5.506299,72
30,138,1.231151,5.531631,59
30,251,1.210137,10.067099,43
30,252,1.221276,10.098398,99
30,253,1.230579,10.130103,25
31,-27,1.259975,-1.046307,49
31,-26,1.260526,-1.020944,20
31,-25,1.261157,-0.982903,5
31,-24,1.262254,-0.950597,3
31,47,1.260592,1.890468,41
31,48,1.260553,1.928803,8
31,138,1.248291,5.551151,48
31,139,1.267659,5.575484,83
31,147,1.256889,5.904722,1
31,252,1.248210,10.110042,29
31,253,1.258574,10.140318,98
31,254,1.269474,10.173244,44
31,258,1.244813,10.329512,1
31,264,1.278975,10.567828,1
32,-27,1.299947,-1.042802,51
32,-26,1.299600,-1.017822,18
32,-25,1.298601,-0.989308,9
32,-24,1.292312,-0.949404,2
32,47,1.300316,1.893898,46
32,48,1.301905,1.936870,10
32,139,1.284339,5.595305,28
32,140,1.304612,5.619975,97
32,142,1.297771,5.685746,1
32,253,1.285921,10.152485,20
32,254,1.297966,10.182280,88
32,255,1.305556,10.214232,59
32,256,1.318680,10.241746,3
33,-27,1.329047,-1.040793,15
33,-26,1.343339,-1.030417,54
33,-25,1.340829,-0.980842,10
33,-24,1.336010,-0.943319,4
33,47,1.340777,1.897583,42
33,48,1.341530,1.937712,7
33,49,1.328887,1.988235,1
33,140,1.321142,5.638607,4
33,141,1.337621,5.659638,106
33,142,1.356369,5.682914,19
33,146,1.330714,5.845653,1
33,150,1.347331,6.004642,1
33,254,1.323637,10.195734,6
33,255,1.336243,10.223851,86
33,256,1.344008,10.256549,69
33,257,1.355816,10.285969,8
33,261,1.338289,10.445443,1
34,-26,1.381084,-1.030049,66
34,-25,1.379721,-0.981961,8
34,-24,1.380112,-0.943653,3
34,47,1.379448,1.900814,43
34,48,1.380753,1.940562,6
34,49,1.370566,1.961673,1
34,50,1.387737,2.016392,1
34,142,1.374540,5.704108,91
34,143,1.394821,5.728449,36
34,255,1.360523,10.238406,2
34,256,1.373112,10.265362,63
34,257,1.383385,10.296592,90
34,258,1.392643,10.328663,16
35,-26,1.419175,-1.028467,58
35,-25,1.421750,-0.985320,12
35,-24,1.420269,-0.939651,5
35,47,1.419131,1.904325,43
35,48,1.418110,1.944028,6
35,49,1.421517,1.964221,3
35,50,1.428036,2.001722,1
35,143,1.411009,5.748125,64
35,144,1.430348,5.771566,61
35,146,1.426254,5.842435,1
35,257,1.411451,10.309275,42
35,258,1.421925,10.338579,100
35,259,1.429697,10.370636,27
35,264,1.434581,10.564860,1
36,-26,1.459770,-1.026989,59
36,-25,1.460734,-0.988444,17
36,-24,1.460645,-0.939563,6
36,47,1.459603,1.907533,43
36,48,1.458307,1.945842,7
36,49,1.456225,1.977703,2
36,144,1.446358,5.790493,42
36,145,1.466764,5.815122,88
36,258,1.450457,10.352485,24
36,259,1.459625,10.380838,102
36,260,1.468711,10.415005,43
37,-26,1.500147,-1.024332,56
37,-25,1.501081,-0.984703,18
37,-24,1.498067,-0.938483,3
37,-23,1.506627,-0.918462,1
37,47,1.498856,1.910657,39
37,48,1.498765,1.943862,9
37,49,1.485035,1.975966,1
37,145,1.484078,5.835510,20
37,146,1.503184,5.859099,103
37,151,1.488059,6.044875,1
37,259,1.487382,10.394043,16
37,260,1.498502,10.422415,91
37,261,1.505161,10.456182,57
37,262,1.517398,10.482971,3
38,-26,1.539621,-1.021327,58
38,-25,1.540601,-0.980620,14
38,-24,1.537348,-0.945610,5
38,-23,1.541681,-0.915026,3
38,47,1.538471,1.913560,43
38,48,1.543559,1.946038,5
38,49,1.543932,1.968964,5
38,50,1.532968,2.015995,1
38,146,1.520899,5.878831,4
38,147,1.537968,5.900869,105
38,148,1.556979,5.923716,15
38,156,1.545012,6.265564,1
38,260,1.522018,10.434701,6
38,261,1.536024,10.462590,78
38,262,1.543152,10.496621,73
38,263,1.553704,10.526291,9
39,-26,1.579462,-1.017423,57
39,-25,1.579502,-0.977096,16
39,-24,1.586930,-0.944085,5
39,-23,1.580378,-0.909287,2
39,47,1.578487,1.916742,44
39,48,1.580482,1.937144,3
39,49,1.577918,1.968190,5
39,148,1.573010,5.942772,87
39,149,1.592977,5.967316,44
39,150,1.564649,6.011216,1
39,261,1.562402,10.477816,2
39,262,1.573097,10.504608,62
39,263,1.582481,10.537549,86
39,264,1.591867,10.569045,21
40,-106,1.636219,-4.210678,1
40,-105,1.636028,-4.167335,2
40,-104,1.636275,-4.124170,2
40,-103,1.636689,-4.085874,1
40,-102,1.636600,-4.060388,2
40,-101,1.636847,-4.017454,2
40,-100,1.637093,-3.974610,2
40,-99,1.637340,-3.931854,2
40,-98,1.637703,-3.898778,1
40,-97,1.637753,-3.867106,2
40,-96,1.637997,-3.824565,2
40,-95,1.638241,-3.782105,2
40,-94,1.638484,-3.739726,2
40,-26,1.619284,-1.014375,57
40,-25,1.621259,-0.979235,11
40,-24,1.622052,-0.946499,6
40,-23,1.620486,-0.903411,3
40,47,1.610421,1.917070,12
40,48,1.622035,1.923373,36
40,49,1.615890,1.976004,6
40,51,1.607586,2.047354,1
40,149,1.610130,5.987343,60
40,150,1.629502,6.011404,64
40,263,1.610671,10.547407,46
40,264,1.622070,10.579804,90
40,265,1.629061,10.612871,30
41,-113,1.679426,-4.493961,2
41,-112,1.673837,-4.459981,3
41,-111,1.671815,-4.422931,7
41,-110,1.665662,-4.380296,8
41,-109,1.660554,-4.335714,8
41,-108,1.654958,-4.298180,8
41,-107,1.653838,-4.258478,9
41,-106,1.655827,-4.217455,10
41,-105,1.659341,-4.181349,5
41,-104,1.658008,-4.142911,9
41,-103,1.658277,-4.101346,7
41,-102,1.655118,-4.061563,8
41,-101,1.655181,-4.021244,7
41,-100,1.659349,-3.979185,9
41,-99,1.654789,-3.938168,7
41,-98,1.654340,-3.897817,8
41,-97,1.657127,-3.858986,7
41,-96,1.656004,-3.822557,7
41,-95,1.658958,-3.785206,7
41,-94,1.662298,-3.743961,6
41,-93,1.661058,-3.705069,6
41,-92,1.665992,-3.662490,8
41,-91,1.666525,-3.625402,5
41,-90,1.666588,-3.588779,3
41,-89,1.668106,-3.545460,2
41,-88,1.675176,-3.502384,2
41,-26,1.659256,-1.011111,55
41,-25,1.662342,-0.976146,15
41,-24,1.657248,-0.944070,7
41,-23,1.665865,-0.904242,3
41,47,1.664692,1.913067,3
41,48,1.659139,1.925306,41
41,49,1.657161,1.975337,7
41,50,1.644040,2.031078,1
41,150,1.646458,6.030863,42
41,151,1.666379,6.055576,82
41,156,1.660262,6.262906,1
41,264,1.648908,10.589945,29
41,265,1.659764,10.620750,95
41,266,1.667233,10.655524,44
41,267,1.679891,10.680951,2
42,-119,1.717095,-4.728173,1
42,-118,1.714556,-4.697381,4
42,-117,1.709621,-4.657361,7
42,-116,1.703817,-4.617463,7
42,-115,1.700930,-4.580435,6
42,-114,1.694380,-4.544460,9
42,-113,1.696476,-4.504770,8
42,-112,1.694361,-4.460142,8
42,-111,1.706678,-4.420599,4
42,-110,1.705146,-4.384982,6
42,-109,1.699629,-4.339937,8
42,-108,1.705700,-4.298398,9
42,-107,1.701839,-4.260757,8
42,-106,1.701382,-4.217144,10
42,-105,1.701902,-4.174889,7
42,-104,1.701246,-4.135928,9
42,-103,1.701570,-4.096647,7
42,-102,1.699912,-4.060131,8
42,-101,1.700706,-4.018973,9
42,-100,1.701078,-3.980313,7
42,-99,1.701132,-3.939331,10
42,-98,1.700717,-3.897768,7
42,-97,1.701268,-3.860376,9
42,-96,1.699118,-3.819600,8
42,-95,1.703820,-3.779960,10
42,-94,1.704242,-3.740267,11
42,-93,1.698101,-3.701744,5
42,-92,1.704808,-3.666012,6
42,-91,1.703539,-3.621574,7
42,-90,1.696623,-3.579129,9
42,-89,1.696879,-3.537992,7
42,-88,1.702059,-3.496304,8
42,-87,1.695541,-3.456640,6
42,-86,1.704373,-3.416723,8
42,-85,1.707956,-3.374310,6
42,-84,1.708208,-3.335312,3
42,-83,1.710093,-3.301047,1
42,-82,1.710324,-3.276856,1
42,-26,1.699565,-1.008034,53
42,-25,1.700594,-0.977422,12
42,-24,1.701856,-0.945347,8
42,-23,1.703378,-0.897548,4
42,47,1.703460,1.916299,3
42,48,1.699312,1.928792,44
42,49,1.696596,1.982157,7
42,151,1.683946,6.075578,22
42,152,1.702951,6.099444,105
42,153,1.717460,6.121717,2
42,154,1.714192,6.193588,1
42,155,1.689717,6.221363,1
42,265,1.685778,10.631213,15
42,266,1.698137,10.660967,88
42,267,1.705144,10.695643,61
42,268,1.715415,10.723641,5
43,-122,1.757204,-4.846295,2
43,-121,1.749953,-4.818185,5
43,-120,1.741542,-4.778181,9
43,-119,1.733858,-4.739509,8
43,-118,1.736285,-4.699135,7
43,-117,1.746117,-4.660506,6
43,-116,1.743072,-4.622685,5
43,-115,1.742735,-4.581135,8
43,-114,1.743104,-4.540837,10
43,-113,1.744940,-4.494620,11
43,-112,1.741245,-4.455827,11
43,-111,1.743802,-4.418806,12
43,-110,1.738511,-4.381424,13
43,-109,1.736657,-4.339846,14
43,-108,1.742592,-4.298216,11
43,-107,1.745169,-4.260950,18
43,-106,1.740988,-4.221742,16
43,-105,1.746171,-4.181812,20
43,-104,1.745400,-4.141997,21
43,-103,1.742176,-4.100304,23
43,-102,1.743048,-4.059662,20
43,-101,1.743498,-4.019110,23
43,-100,1.743761,-3.978139,22
43,-99,1.742191,-3.939423,16
43,-98,1.741252,-3.901939,17
43,-97,1.740780,-3.859645,16
43,-96,1.738165,-3.818903,15
43,-95,1.742333,-3.778972,13
43,-94,1.746074,-3.739807,11
43,-93,1.738729,-3.702223,14
43,-92,1.737661,-3.662906,11
43,-91,1.742224,-3.622739,12
43,-90,1.743290,-3.580315,11
43,-89,1.739738,-3.540727,9
43,-88,1.743926,-3.499552,11
43,-87,1.744174,-3.463296,8
43,-86,1.740592,-3.416883,8
43,-85,1.742889,-3.372755,6
43,-84,1.736793,-3.334542,7
43,-83,1.739450,-3.300168,6
43,-82,1.747103,-3.255855,7
43,-81,1.737357,-3.224137,3
43,-80,1.741874,-3.182108,2
43,-79,1.749946,-3.142895,1
43,-26,1.740308,-1.004454,55
43,-25,1.735070,-0.972437,11
43,-24,1.742273,-0.942913,7
43,-23,1.742263,-0.893670,3
43,47,1.735247,1.918948,2
43,48,1.740480,1.931785,43
43,49,1.739249,1.981063,6
43,50,1.748933,2.004708,2
43,152,1.720866,6.116774,1
43,153,1.737102,6.140165,104
43,154,1.756231,6.166073,23
43,266,1.722944,10.674617,7
43,267,1.735530,10.703252,73
43,268,1.744533,10.737024,79
43,269,1.753128,10.768310,10
44,-125,1.795333,-4.971727,1
44,-124,1.790935,-4.941232,6
44,-123,1.779191,-4.897213,6
44,-122,1.773461,-4.859765,8
44,-121,1.782007,-4.821760,6
44,-120,1.781630,-4.780221,7
44,-119,1.787242,-4.739894,10
44,-118,1.780105,-4.701371,11
44,-117,1.783917,-4.658461,13
44,-116,1.781763,-4.618267,14
44,-115,1.781589,-4.579960,17
44,-114,1.784358,-4.538406,22
44,-113,1.785228,-4.498564,32
44,-112,1.784991,-4.459879,36
44,-111,1.784955,-4.419385,41
44,-110,1.784854,-4.379871,53
44,-109,1.784321,-4.339659,57
44,-108,1.784279,-4.300546,59
44,-107,1.784817,-4.260441,57
44,-106,1.783275,-4.219013,59
44,-105,1.783794,-4.180292,53
44,-104,1.782884,-4.140743,57
44,-103,1.781131,-4.100786,54
44,-102,1.779578,-4.060668,57
44,-101,1.780544,-4.021390,55
44,-100,1.779180,-3.981116,61
44,-99,1.778136,-3.940145,61
44,-98,1.779417,-3.900188,63
44,-97,1.782226,-3.860559,63
44,-96,1.785295,-3.820225,63
44,-95,1.785992,-3.781134,46
44,-94,1.787884,-3.741846,44
44,-93,1.784905,-3.701141,34
44,-92,1.785898,-3.661797,31
44,-91,1.782296,-3.621139,22
44,-90,1.782358,-3.579741,20
44,-89,1.781425,-3.540226,17
44,-88,1.783016,-3.498018,13
44,-87,1.783004,-3.457563,14
44,-86,1.775799,-3.421614,13
44,-85,1.781073,-3.380663,12
44,-84,1.781439,-3.341483,11
44,-83,1.778926,-3.299005,11
44,-82,1.783730,-3.260175,7
44,-81,1.776140,-3.214111,8
44,-80,1.781818,-3.176172,7
44,-79,1.783799,-3.137383,6
44,-78,1.783685,-3.101100,4
44,-77,1.784418,-3.053667,2
44,-76,1.794286,-3.009850,1
44,-26,1.777447,-1.001383,41
44,-25,1.786844,-0.987633,21
44,-24,1.778232,-0.945974,11
44,-23,1.773473,-0.896719,4
44,48,1.779473,1.934874,44
44,49,1.786299,1.988189,6
44,50,1.798022,2.031404,1
44,51,1.761979,2.047093,1
44,154,1.773909,6.184329,82
44,155,1.793106,6.209387,43
44,163,1.766228,6.557556,1
44,267,1.763699,10.719049,1
44,268,1.774110,10.745503,56
44,269,1.781858,10.777629,86
44,270,1.791394,10.810476,19
45,-128,1.835777,-5.093847,1
45,-127,1.829354,-5.059950,5
45,-126,1.816015,-5.016928,6
45,-125,1.816042,-4.979302,6
45,-124,1.824875,-4.939687,4
45,-123,1.821741,-4.896799,7
45,-122,1.826924,-4.857317,10
45,-121,1.820945,-4.819952,16
45,-120,1.819557,-4.778770,14
45,-119,1.824583,-4.739095,21
45,-118,1.825532,-4.696855,27
45,-117,1.825284,-4.659495,34
45,-116,1.823300,-4.619113,45
45,-115,1.822000,-4.579992,52
45,-114,1.820255,-4.539793,52
45,-113,1.821276,-4.500937,50
45,-112,1.819090,-4.460131,48
45,-111,1.816066,-4.421303,43
45,-110,1.814195,-4.381011,32
45,-109,1.809889,-4.340858,25
45,-108,1.807998,-4.300973,19
45,-107,1.804986,-4.261033,17
45,-106,1.804897,-4.221058,17
45,-105,1.806116,-4.177923,10
45,-104,1.805846,-4.139065,11
45,-103,1.805216,-4.099951,10
45,-102,1.805461,-4.061954,10
45,-101,1.806407,-4.021189,7
45,-100,1.805678,-3.979619,9
45,-99,1.805655,-3.937716,7
45,-98,1.805299,-3.898894,8
45,-97,1.804949,-3.859887,7
45,-96,1.803921,-3.818098,10
45,-95,1.805048,-3.778323,21
45,-94,1.808358,-3.738249,32
45,-93,1.810715,-3.699117,39
45,-92,1.814808,-3.660270,47
45,-91,1.815716,-3.620497,58
45,-90,1.819955,-3.581469,58
45,-89,1.820803,-3.540412,62
45,-88,1.823644,-3.500016,55
45,-87,1.829345,-3.459789,45
45,-86,1.825277,-3.424715,26
45,-85,1.821544,-3.382592,17
45,-84,1.821107,-3.337210,14
45,-83,1.821740,-3.299900,14
45,-82,1.819438,-3.263400,11
45,-81,1.819701,-3.223695,13
45,-80,1.819128,-3.179289,10
45,-79,1.826125,-3.140667,9
45,-78,1.814221,-3.097355,7
45,-77,1.822316,-3.061665,9
45,-76,1.822793,-3.017540,6
45,-75,1.826223,-2.977277,5
45,-74,1.826424,-2.926851,2
45,-72,1.838057,-2.878509,1
45,-25,1.820152,-0.996245,58
45,-24,1.821904,-0.944216,15
45,-23,1.819247,-0.905128,4
45,-22,1.812782,-0.876935,2
45,48,1.819636,1.938129,46
45,49,1.818265,1.991630,4
45,50,1.823535,2.013702,2
45,155,1.810724,6.228111,60
45,156,1.830309,6.253306,70
45,269,1.811943,10.788976,45
45,270,1.820178,10.819443,88
45,271,1.828677,10.853214,35
46,-130,1.868644,-5.180538,4
46,-129,1.854569,-5.143667,3
46,-128,1.846393,-5.107753,4
46,-127,1.862412,-5.067149,3
46,-126,1.862399,-5.016917,5
46,-125,1.867185,-4.977864,7
46,-124,1.865996,-4.938497,17
46,-123,1.863391,-4.898812,22
46,-122,1.866803,-4.860255,37
46,-121,1.865941,-4.818337,46
46,-120,1.862846,-4.779396,62
46,-119,1.861455,-4.739194,63
46,-118,1.859844,-4.700518,62
46,-117,1.856615,-4.660766,55
46,-116,1.853745,-4.621914,41
46,-115,1.850341,-4.581854,30
46,-114,1.847966,-4.543139,19
46,-113,1.845857,-4.502878,9
46,-112,1.842189,-4.470471,4
46,-90,1.840861,-3.568309,2
46,-89,1.844767,-3.537337,9
46,-88,1.846490,-3.496678,15
46,-87,1.849207,-3.458419,23
46,-86,1.849335,-3.418565,46
46,-85,1.856368,-3.380036,65
46,-84,1.864337,-3.340470,65
46,-83,1.868883,-3.302403,43
46,-82,1.865351,-3.259826,23
46,-81,1.861074,-3.219497,16
46,-80,1.861434,-3.179014,16
46,-79,1.860309,-3.139890,12
46,-78,1.861176,-3.099698,11
46,-77,1.863414,-3.059479,11
46,-76,1.860032,-3.021011,7
46,-75,1.857294,-2.981773,7
46,-74,1.858713,-2.942997,9
46,-73,1.863027,-2.898417,6
46,-72,1.866611,-2.861107,2
46,-71,1.864040,-2.822877,2
46,-70,1.869683,-2.791543,1
46,-25,1.860015,-0.992861,63
46,-24,1.860839,-0.942717,10
46,-23,1.869770,-0.904255,3
46,-22,1.857465,-0.870510,3
46,48,1.860396,1.940694,45
46,49,1.849758,1.987785,5
46,50,1.863269,2.006493,2
46,52,1.854743,2.082120,1
46,156,1.847892,6.272371,35
46,157,1.865998,6.295993,86
46,159,1.876253,6.391231,1
46,162,1.849495,6.502502,1
46,270,1.847498,10.829425,27
46,271,1.859596,10.859850,89
46,272,1.865416,10.895165,47
46,273,1.878489,10.921303,3
47,-132,1.905757,-5.261916,2
47,-131,1.888534,-5.221600,4
47,-130,1.913546,-5.179914,2
47,-129,1.902642,-5.129592,3
47,-128,1.902304,-5.092403,4
47,-127,1.906256,-5.056694,13
47,-126,1.902851,-5.017331,20
47,-125,1.903282,-4.979587,36
47,-124,1.900568,-4.939633,43
47,-123,1.898678,-4.900579,59
47,-122,1.897851,-4.859570,50
47,-121,1.895627,-4.820930,45
47,-120,1.890951,-4.780954,26
47,-119,1.885559,-4.743042,13
47,-118,1.882056,-4.707522,3
47,-84,1.882087,-3.321936,2
47,-83,1.885490,-3.295263,28
47,-82,1.892453,-3.259339,51
47,-81,1.900217,-3.219455,68
47,-80,1.906375,-3.180851,51
47,-79,1.906484,-3.140122,36
47,-78,1.902285,-3.100087,20
47,-77,1.900566,-3.056428,13
47,-76,1.900666,-3.021197,15
47,-75,1.900484,-2.980307,13
47,-74,1.905289,-2.940853,11
47,-73,1.901495,-2.899671,12
47,-72,1.898215,-2.858672,8
47,-71,1.908508,-2.823314,6
47,-70,1.905779,-2.783116,2
47,-69,1.904790,-2.738743,2
47,-68,1.915210,-2.703831,1
47,-25,1.900744,-0.989531,60
47,-24,1.899339,-0.942826,13
47,-23,1.904006,-0.904828,4
47,-22,1.900627,-0.864705,2
47,48,1.899853,1.944126,47
47,49,1.903590,1.983348,3
47,50,1.896495,2.007973,5
47,51,1.887455,2.064130,1
47,157,1.884346,6.315560,18
47,158,1.902187,6.339346,100
47,159,1.917593,6.363704,9
47,271,1.887167,10.872262,16
47,272,1.896985,10.900556,84
47,273,1.904993,10.935994,65
47,274,1.913943,10.964342,6
48,-135,1.959591,-5.366643,1
48,-134,1.944907,-5.338077,2
48,-133,1.925331,-5.299996,2
48,-131,1.954977,-5.221676,2
48,-130,1.945877,-5.174376,9
48,-129,1.942255,-5.137058,13
48,-128,1.944732,-5.097571,32
48,-127,1.943128,-5.057901,38
48,-126,1.940858,-5.019625,53
48,-125,1.940735,-4.980410,46
48,-124,1.936965,-4.942673,45
48,-123,1.931948,-4.902538,28
48,-122,1.925756,-4.860762,11
48,-80,1.924585,-3.174965,14
48,-79,1.930451,-3.137966,39
48,-78,1.935776,-3.099493,54
48,-77,1.944104,-3.060689,64
48,-76,1.949880,-3.023616,33
48,-75,1.939006,-2.981076,15
48,-74,1.942187,-2.940024,14
48,-73,1.942028,-2.903423,11
48,-72,1.941983,-2.858367,13
48,-71,1.944050,-2.815627,6
48,-70,1.937622,-2.786070,9
48,-69,1.947550,-2.743902,8
48,-68,1.937656,-2.689895,1
48,-67,1.947954,-2.655218,2
48,-25,1.940131,-0.986121,57
48,-24,1.938410,-0.937624,10
48,-23,1.939151,-0.900426,4
48,-22,1.943851,-0.858827,3
48,48,1.940925,1.947184,47
48,49,1.944671,1.976481,3
48,50,1.940079,2.016030,5
48,158,1.922602,6.358250,4
48,159,1.938054,6.381607,95
48,160,1.954663,6.405558,22
48,272,1.925022,10.913106,6
48,273,1.935797,10.942197,71
48,274,1.942941,10.976957,77
48,275,1.951855,11.008173,13
49,-137,1.998769,-5.442859,1
49,-136,1.984073,-5.414270,2
49,-135,1.969382,-5.385690,1
49,-133,1.993371,-5.291203,3
49,-132,1.986100,-5.257289,10
49,-131,1.984759,-5.216440,21
49,-130,1.983971,-5.179267,37
49,-129,1.981448,-5.139140,52
49,-128,1.980897,-5.100978,51
49,-127,1.976971,-5.061512,48
49,-126,1.972056,-5.022273,25
49,-125,1.967809,-4.985267,10
49,-124,1.962308,-4.957289,1
49,-77,1.963913,-3.061973,6
49,-76,1.967308,-3.016484,39
49,-75,1.977188,-2.978799,66
49,-74,1.989992,-2.942148,52
49,-73,1.981727,-2.900179,18
49,-72,1.979618,-2.858926,17
49,-71,1.980672,-2.820866,12
49,-70,1.980512,-2.777565,11
49,-69,1.981882,-2.741753,7
49,-68,1.976547,-2.698689,10
49,-67,1.990174,-2.660523,6
49,-66,1.975252,-2.617644,4
49,-65,1.989912,-2.570046,3
49,-25,1.979429,-0.982628,60
49,-24,1.975650,-0.937261,8
49,-23,1.979754,-0.909858,7
49,-22,1.984679,-0.860133,3
49,48,1.980867,1.950730,44
49,49,1.976889,1.973142,1
49,50,1.981743,2.013333,4
49,160,1.973074,6.423662,83
49,161,1.992408,6.449133,43
49,273,1.960570,10.954674,2
49,274,1.974392,10.985190,61
49,275,1.981345,11.019922,78
49,276,1.991077,11.052959,22
50,-135,2.036460,-5.372907,3
50,-134,2.026864,-5.336602,13
50,-133,2.025225,-5.299323,31
50,-132,2.023340,-5.259913,49
50,-131,2.020833,-5.220692,60
50,-130,2.017138,-5.180837,52
50,-129,2.012224,-5.141123,31
50,-128,2.006920,-5.104259,10
50,-127,2.001540,-5.075960,2
50,-74,2.003432,-2.928138,14
50,-73,2.012631,-2.899166,59
50,-72,2.027828,-2.860187,62
50,-71,2.023533,-2.820976,21
50,-70,2.018841,-2.778571,16
50,-69,2.021818,-2.740851,14
50,-68,2.018569,-2.701980,12
50,-67,2.023867,-2.660033,8
50,-66,2.019212,-2.619793,10
50,-65,2.028080,-2.578752,6
50,-64,2.011804,-2.531656,2
50,-63,2.026081,-2.500151,3
50,-62,2.036459,-2.472612,1
50,-25,2.020016,-0.979394,60
50,-24,2.015067,-0.932536,9
50,-23,2.022354,-0.903156,5
50,-22,2.021073,-0.855106,3
50,48,2.020556,1.954018,46
50,49,2.013509,1.972975,2
50,50,2.017988,2.018112,7
50,51,2.032572,2.044199,1
50,52,2.021147,2.082272,1
50,161,2.010110,6.467953,61
50,162,2.029697,6.493791,66
50,172,2.015522,6.886604,1
50,275,2.010472,11.026065,47
50,276,2.021887,11.060157,85
50,277,2.027871,11.094193,36
51,-137,2.075223,-5.449554,2
51,-136,2.065519,-5.415052,13
51,-135,2.062806,-5.378861,32
51,-134,2.058894,-5.339121,50
51,-133,2.059442,-5.299107,46
51,-132,2.056513,-5.261463,41
51,-131,2.052265,-5.223852,16
51,-130,2.043276,-5.190537,2
51,-72,2.041973,-2.845311,5
51,-71,2.050462,-2.818811,52
51,-70,2.065118,-2.780584,62
51,-69,2.064969,-2.741431,26
51,-68,2.057799,-2.700572,14
51,-67,2.061215,-2.663470,15
51,-66,2.062554,-2.620636,14
51,-65,2.060225,-2.579381,9
51,-64,2.060135,-2.539503,10
51,-63,2.068639,-2.502232,5
51,-62,2.053797,-2.450393,2
51,-61,2.065399,-2.415718,2
51,-25,2.060157,-0.976211,57
51,-24,2.056057,-0.931759,10
51,-23,2.062181,-0.899953,6
51,-22,2.057934,-0.850014,3
51,48,2.056151,1.955964,32
51,49,2.071508,1.963063,15
51,50,2.061888,2.019213,4
51,162,2.047652,6.511709,36
51,163,2.065875,6.536887,88
51,164,2.079160,6.563618,2
51,165,2.052525,6.606200,1
51,169,2.058475,6.767097,1
51,276,2.048589,11.068240,28
51,277,2.059763,11.100114,86
51,278,2.066035,11.135802,51
51,279,2.079048,11.164646,1
52,-139,2.115150,-5.532088,2
52,-138,2.107733,-5.492819,10
52,-137,2.104409,-5.456845,27
52,-136,2.100797,-5.419333,42
52,-135,2.100546,-5.378761,44
52,-134,2.099093,-5.340305,41
52,-133,2.091431,-5.303659,19
52,-132,2.084394,-5.269652,4
52,-70,2.081207,-2.765269,4
52,-69,2.089682,-2.738181,44
52,-68,2.102528,-2.701307,62
52,-67,2.107327,-2.665075,31
52,-66,2.099447,-2.621775,15
52,-65,2.102251,-2.581857,15
52,-64,2.101618,-2.543431,11
52,-63,2.099138,-2.502644,11
52,-62,2.100727,-2.460808,8
52,-61,2.095482,-2.427140,2
52,-60,2.098014,-2.373415,3
52,-59,2.117943,-2.335188,1
52,-25,2.100456,-0.973163,58
52,-24,2.099279,-0.939615,6
52,-23,2.100282,-0.909080,9
52,-22,2.097755,-0.865702,3
52,-21,2.102697,-0.836527,2
52,48,2.099541,1.948916,7
52,49,2.100354,1.963397,38
52,50,2.103003,2.027786,4
52,51,2.106595,2.047955,2
52,163,2.084798,6.554702,17
52,164,2.101880,6.579633,94
52,165,2.115374,6.604459,9
52,277,2.088887,11.111280,16
52,278,2.097936,11.141920,83
52,279,2.104483,11.177399,62
52,280,2.114499,11.206031,7
53,-141,2.158217,-5.608442,1
53,-140,2.151304,-5.575885,6
53,-139,2.145428,-5.538298,22
53,-138,2.141820,-5.497960,43
53,-137,2.141338,-5.459830,44
53,-136,2.139818,-5.421039,47
53,-135,2.131793,-5.384442,23
53,-134,2.125503,-5.348739,4
53,-68,2.122976,-2.685141,2
53,-67,2.128952,-2.656510,44
53,-66,2.143676,-2.619981,63
53,-65,2.146639,-2.584322,27
53,-64,2.140655,-2.538063,16
53,-63,2.139974,-2.499528,13
53,-62,2.139767,-2.460390,13
53,-61,2.136290,-2.417343,11
53,-60,2.153927,-2.382203,5
53,-59,2.134740,-2.329074,2
53,-58,2.151835,-2.289341,1
53,-25,2.139926,-0.970634,57
53,-24,2.141272,-0.942009,7
53,-23,2.139188,-0.904505,9
53,-22,2.144588,-0.862851,2
53,-21,2.140987,-0.831195,2
53,48,2.137543,1.951490,11
53,49,2.140607,1.966724,41
53,50,2.140492,2.026158,5
53,53,2.134712,2.121461,1
53,164,2.123779,6.597501,6
53,165,2.136806,6.620750,97
53,166,2.154438,6.647576,25
53,278,2.124419,11.152395,7
53,279,2.136994,11.182624,73
53,280,2.142786,11.218699,71
53,281,2.152926,11.249548,12
54,-142,2.193872,-5.650661,2
54,-141,2.186022,-5.616700,17
54,-140,2.183490,-5.578641,37
54,-139,2.180697,-5.539818,53
54,-138,2.181132,-5.501127,47
54,-137,2.172365,-5.463646,29
54,-136,2.167317,-5.429202,4
54,-66,2.161725,-2.607324,2
54,-65,2.170419,-2.576343,49
54,-64,2.187777,-2.542413,57
54,-63,2.179219,-2.500443,19
54,-62,2.178451,-2.459811,15
54,-61,2.181863,-2.418663,13
54,-60,2.182906,-2.376392,11
54,-59,2.183794,-2.340802,8
54,-58,2.167053,-2.299845,1
54,-57,2.180563,-2.261292,3
54,-56,2.192042,-2.236587,1
54,-25,2.179907,-0.967139,60
54,-24,2.179237,-0.940366,5
54,-23,2.180592,-0.901690,10
54,-22,2.183285,-0.857837,2
54,-21,2.179764,-0.825794,2
54,48,2.179421,1.954915,10
54,49,2.180539,1.970390,37
54,50,2.184582,2.033039,3
54,51,2.194024,2.055952,3
54,52,2.163800,2.101606,1
54,166,2.173883,6.664659,80
54,167,2.191603,6.691150,46
54,279,2.162171,11.192760,2
54,280,2.173977,11.224137,59
54,281,2.182222,11.258275,76
54,282,2.190042,11.289134,21
55,-143,2.229249,-5.697842,9
55,-142,2.223835,-5.658876,34
55,-141,2.220843,-5.618811,53
55,-140,2.220145,-5.580424,56
55,-139,2.212819,-5.542516,34
55,-138,2.206977,-5.509169,6
55,-64,2.203504,-2.523264,11
55,-63,2.217008,-2.499473,56
55,-62,2.227800,-2.465788,37
55,-61,2.221616,-2.421108,17
55,-60,2.221983,-2.380981,16
55,-59,2.219842,-2.341884,8
55,-58,2.218342,-2.303493,12
55,-57,2.234307,-2.266674,3
55,-56,2.222482,-2.224142,1
55,-55,2.220682,-2.197001,2
55,-25,2.219589,-0.963781,56
55,-24,2.217248,-0.941778,4
55,-23,2.220747,-0.901444,10
55,-22,2.219399,-0.860275,3
55,-21,2.219040,-0.820323,2
55,48,2.215453,1.957699,8
55,49,2.219908,1.973454,40
55,50,2.223025,2.032427,2
55,51,2.221550,2.042850,3
55,52,2.225000,2.084120,1
55,167,2.210290,6.708374,57
55,168,2.228418,6.733816,65
55,281,2.211772,11.265516,48
55,282,2.221602,11.299224,85
55,283,2.227558,11.331487,31
56,-145,2.274497,-5.770834,2
56,-144,2.267123,-5.736965,23
56,-143,2.260882,-5.699044,50
56,-142,2.258189,-5.659032,55
56,-141,2.254868,-5.622298,37
56,-140,2.246435,-5.589165,10
56,-62,2.248879,-2.452840,34
56,-61,2.266104,-2.422208,55
56,-60,2.260714,-2.381061,17
56,-59,2.262641,-2.341626,18
56,-58,2.260914,-2.302509,13
56,-57,2.256384,-2.262283,12
56,-56,2.271160,-2.223633,8
56,-55,2.249914,-2.186678,1
56,-54,2.260635,-2.152558,3
56,-25,2.249010,-0.962831,22
56,-24,2.264424,-0.956736,42
56,-23,2.262615,-0.898699,9
56,-22,2.252126,-0.868850,3
56,-21,2.262663,-0.821764,3
56,48,2.250783,1.958398,2
56,49,2.259763,1.973861,46
56,50,2.260688,2.015741,2
56,51,2.268303,2.047171,3
56,168,2.246875,6.750859,36
56,169,2.264577,6.777022,86
56,170,2.277140,6.803644,5
56,171,2.244943,6.840859,1
56,282,2.250813,11.307695,33
56,283,2.260545,11.340413,86
56,284,2.266820,11.373861,41
57,-146,2.308674,-5.815584,7
57,-145,2.301982,-5.779124,33
57,-144,2.300103,-5.741517,44
57,-143,2.300093,-5.702122,45
57,-142,2.293066,-5.665613,24
57,-141,2.283249,-5.632404,2
57,-61,2.281595,-2.404785,7
57,-60,2.296446,-2.379988,61
57,-59,2.307365,-2.346366,33
57,-58,2.299612,-2.298991,15
57,-57,2.300938,-2.261742,13
57,-56,2.301115,-2.222969,10
57,-55,2.301226,-2.183479,10
57,-54,2.318367,-2.153727,3
57,-53,2.290627,-2.111848,3
57,-52,2.315059,-2.069244,2
57,-25,2.301728,-0.968986,5
57,-24,2.300202,-0.954992,58
57,-23,2.299506,-0.901952,7
57,-22,2.298569,-0.870193,5
57,-21,2.302755,-0.816226,3
57,49,2.300193,1.977129,50
57,50,2.311247,2.005711,1
57,51,2.295780,2.061249,4
57,53,2.316769,2.122368,1
57,169,2.285222,6.793537,19
57,170,2.301037,6.819329,94
57,171,2.315192,6.845184,11
57,176,2.290414,7.060766,1
57,181,2.298547,7.260178,1
57,283,2.289290,11.348339,21
57,284,2.299313,11.379944,83
57,285,2.304629,11.413757,56
57,286,2.318280,11.441217,1
58,-148,2.356542,-5.883217,1
58,-147,2.349749,-5.852217,16
58,-146,2.340388,-5.817625,39
58,-145,2.338978,-5.779658,46
58,-144,2.340671,-5.740536,40
58,-143,2.329480,-5.706909,12
58,-59,2.328645,-2.334009,38
58,-58,2.345015,-2.303044,58
58,-57,2.337940,-2.260304,20
58,-56,2.342093,-2.220354,15
58,-55,2.339872,-2.182239,13
58,-54,2.341767,-2.142438,10
58,-53,2.349578,-2.113870,5
58,-52,2.331108,-2.075787,1
58,-51,2.346066,-2.027272,2
58,-25,2.341168,-0.965699,4
58,-24,2.340608,-0.951426,56
58,-23,2.337502,-0.897756,7
58,-22,2.339242,-0.865337,5
58,-21,2.343401,-0.810612,3
58,49,2.339428,1.979266,46
58,50,2.343818,2.025838,3
58,51,2.337189,2.055385,3
58,170,2.324419,6.837078,5
58,171,2.336847,6.861864,89
58,172,2.352964,6.889013,25
58,284,2.327541,11.392004,15
58,285,2.337843,11.422064,73
58,286,2.344081,11.455125,64
58,287,2.356280,11.487229,3
59,-149,2.393672,-5.926725,2
59,-148,2.387730,-5.894688,20
59,-147,2.382247,-5.858796,45
59,-146,2.379805,-5.819094,50
59,-145,2.375405,-5.781557,35
59,-144,2.367500,-5.750074,5
59,-58,2.363385,-2.285056,13
59,-57,2.379070,-2.259483,62
59,-56,2.384801,-2.224947,27
59,-55,2.381394,-2.179329,20
59,-54,2.385055,-2.137257,12
59,-53,2.376722,-2.098130,11
59,-52,2.388513,-2.073207,4
59,-51,2.380999,-2.021121,2
59,-50,2.384841,-1.985239,2
59,-25,2.378965,-0.962549,5
59,-24,2.380539,-0.947828,56
59,-23,2.378588,-0.892074,8
59,-22,2.380511,-0.860410,5
59,-21,2.391109,-0.819329,1
59,-20,2.381364,-0.797714,2
59,49,2.379559,1.982661,53
59,50,2.364077,2.010865,1
59,51,2.387600,2.062820,6
59,52,2.376720,2.087041,1
59,171,2.360944,6.879252,2
59,172,2.373230,6.904219,78
59,173,2.390982,6.932108,48
59,177,2.392728,7.093232,1
59,285,2.363935,11.430865,8
59,286,2.376265,11.462475,70
59,287,2.383229,11.495318,67
59,288,2.394315,11.527217,7
60,-150,2.435388,-5.967784,3
60,-149,2.425004,-5.935344,30
60,-148,2.420694,-5.898754,49
60,-147,2.419787,-5.860984,46
60,-146,2.412925,-5.825392,27
60,-145,2.400152,-5.789000,1
60,-56,2.412796,-2.217374,48
60,-55,2.426771,-2.186578,37
60,-54,2.420888,-2.141112,20
60,-53,2.421108,-2.099087,16
60,-52,2.419988,-2.057025,13
60,-51,2.425250,-2.033776,4
60,-50,2.435496,-1.967026,1
60,-49,2.427335,-1.943412,2
60,-25,2.403432,-0.960510,1
60,-24,2.420254,-0.945462,58
60,-23,2.414620,-0.889823,5
60,-22,2.424281,-0.863240,5
60,-21,2.427301,-0.826217,2
60,-20,2.423312,-0.791873,2
60,49,2.420207,1.986319,47
60,50,2.425825,2.011997,2
60,51,2.414762,2.066035,2
60,173,2.410420,6.947294,54
60,174,2.427472,6.975505,65
60,286,2.402346,11.475891,5
60,287,2.416062,11.504418,71
60,288,2.422982,11.537110,71
60,289,2.433210,11.567202,13
61,-151,2.472539,-6.009296,6
61,-150,2.464333,-5.978436,38
61,-149,2.460671,-5.941093,53
61,-148,2.458512,-5.902183,49
61,-147,2.447801,-5.867472,16
61,-55,2.450897,-2.172659,34
61,-54,2.464997,-2.145514,42
61,-53,2.460636,-2.101896,21
61,-52,2.464864,-2.063456,16
61,-51,2.459998,-2.020711,14
61,-50,2.465112,-1.993332,4
61,-49,2.471399,-1.931386,1
61,-48,2.469424,-1.901985,2
61,-24,2.458717,-0.943022,58
61,-23,2.455492,-0.900847,4
61,-22,2.458667,-0.866449,7
61,-21,2.470073,-0.820674,2
61,-20,2.465831,-0.785950,2
61,49,2.459822,1.989709,50
61,50,2.474117,2.021619,1
61,51,2.461606,2.062772,5
61,52,2.472358,2.098972,1
61,54,2.455898,2.166638,1
61,174,2.447523,6.989796,37
61,175,2.463554,7.016779,83
61,176,2.474366,7.043886,5
61,177,2.455815,7.098029,1
61,287,2.442241,11.517726,1
61,288,2.454788,11.545130,61
61,289,2.463825,11.579191,76
61,290,2.471237,11.608380,13
62,-152,2.510024,-6.052156,10
62,-151,2.502628,-6.017267,48
62,-150,2.501196,-5.978395,54
62,-149,2.495634,-5.942903,40
62,-148,2.486055,-5.911468,7
62,-54,2.489154,-2.130368,25
62,-53,2.503844,-2.103267,47
62,-52,2.503971,-2.059352,16
62,-51,2.502635,-2.022726,17
62,-50,2.497188,-1.982321,13
62,-49,2.506878,-1.951157,5
62,-48,2.506992,-1.896055,1
62,-47,2.499296,-1.874572,1
62,-45,2.515984,-1.792328,1
62,-24,2.498894,-0.940224,66
62,-23,2.492264,-0.896363,3
62,-22,2.497571,-0.861443,8
62,-21,2.513487,-0.815048,2
62,-20,2.508935,-0.779947,2
62,49,2.500098,1.992710,48
62,50,2.516521,2.005477,3
62,51,2.494147,2.075578,2
62,52,2.508242,2.089464,1
62,53,2.481184,2.144709,1
62,175,2.484915,7.032327,18
62,176,2.500515,7.059794,95
62,177,2.514245,7.085973,16
62,289,2.494256,11.584854,52
62,290,2.501201,11.618449,81
62,291,2.511573,11.649599,16
63,-154,2.559306,-6.120812,1
63,-153,2.548928,-6.091994,15
63,-152,2.541784,-6.058652,55
63,-151,2.537519,-6.020203,52
63,-150,2.532749,-5.984300,29
63,-149,2.524990,-5.959709,1
63,-53,2.527343,-2.088784,20
63,-52,2.542831,-2.062726,50
63,-51,2.542878,-2.019684,20
63,-50,2.542041,-1.980871,16
63,-49,2.538666,-1.941602,14
63,-48,2.546490,-1.911298,5
63,-47,2.532603,-1.854180,2
63,-46,2.538639,-1.835818,1
63,-24,2.540198,-0.937050,62
63,-23,2.534539,-0.899032,4
63,-22,2.537713,-0.859537,7
63,-21,2.553692,-0.828898,2
63,-20,2.552637,-0.773860,2
63,49,2.536734,1.989591,27
63,50,2.544332,2.002661,24
63,51,2.531684,2.071910,3
63,52,2.545532,2.081756,1
63,176,2.523827,7.075336,4
63,177,2.536882,7.101947,87
63,178,2.552058,7.129492,32
63,184,2.549391,7.388662,1
63,290,2.532638,11.627784,51
63,291,2.541866,11.659179,83
63,292,2.550214,11.688770,19
64,-154,2.586153,-6.133031,20
64,-153,2.579850,-6.098609,49
64,-152,2.579034,-6.060694,42
64,-151,2.574352,-6.024823,26
64,-150,2.560040,-5.994450,1
64,-52,2.565644,-2.046374,17
64,-51,2.583309,-2.020303,56
64,-50,2.578690,-1.978496,19
64,-49,2.581943,-1.940191,13
64,-48,2.578561,-1.901418,14
64,-47,2.590083,-1.866953,6
64,-46,2.571722,-1.815547,2
64,-45,2.577619,-1.797415,1
64,-44,2.563833,-1.745800,1
64,-24,2.580624,-0.934047,61
64,-23,2.582231,-0.912780,3
64,-22,2.578751,-0.862810,8
64,-21,2.588674,-0.827864,3
64,-20,2.584949,-0.777215,3
64,49,2.580890,1.988195,16
64,50,2.580016,2.005594,36
64,51,2.599812,2.065481,1
64,52,2.582294,2.092384,5
64,177,2.561505,7.118182,1
64,178,2.573726,7.144806,75
64,179,2.589702,7.172923,52
64,187,2.591071,7.494167,1
64,291,2.572287,11.667363,38
64,292,2.581979,11.698235,90
64,293,2.589531,11.729217,18
65,-156,2.638755,-6.205112,1
65,-155,2.626147,-6.172252,19
65,-154,2.621125,-6.138025,47
65,-153,2.620044,-6.099874,44
65,-152,2.614979,-6.065428,26
65,-151,2.604204,-6.037695,1
65,-51,2.604246,-2.003648,9
65,-50,2.620951,-1.979825,61
65,-49,2.619922,-1.942117,21
65,-48,2.620097,-1.902178,18
65,-47,2.620738,-1.862644,12
65,-46,2.629549,-1.830069,7
65,-45,2.610485,-1.777263,2
65,-44,2.616255,-1.759358,1
65,-43,2.611205,-1.699743,1
65,-24,2.620292,-0.930507,59
65,-23,2.626264,-0.908678,3
65,-22,2.615437,-0.860560,6
65,-21,2.611349,-0.831307,1
65,-20,2.622261,-0.776267,2
65,49,2.619503,1.992112,18
65,50,2.620619,2.007984,35
65,51,2.618946,2.069666,1
65,52,2.621171,2.094797,3
65,179,2.610594,7.187351,51
65,180,2.626374,7.214403,73
65,181,2.637314,7.241850,3
65,192,2.622736,7.688081,1
65,292,2.611968,11.709382,35
65,293,2.621637,11.738413,91
65,294,2.630102,11.769171,20
66,-156,2.668732,-6.213092,13
66,-155,2.661354,-6.179262,43
66,-154,2.661217,-6.141281,48
66,-153,2.654559,-6.104896,31
66,-152,2.640049,-6.070542,1
66,-50,2.643309,-1.963304,3
66,-49,2.660515,-1.939842,60
66,-48,2.659477,-1.901056,22
66,-47,2.663053,-1.862397,17
66,-46,2.661147,-1.819952,15
66,-45,2.670835,-1.785521,5
66,-44,2.650781,-1.733429,3
66,-43,2.664180,-1.712836,1
66,-42,2.658096,-1.654149,1
66,-24,2.660212,-0.927207,61
66,-23,2.671043,-0.904503,3
66,-22,2.655770,-0.858973,6
66,-21,2.650341,-0.828173,5
66,-20,2.647178,-0.772407,2
66,49,2.660257,1.995077,18
66,50,2.660509,2.012303,32
66,52,2.665088,2.094506,3
66,53,2.676972,2.124509,1
66,54,2.658333,2.168800,1
66,130,2.677409,5.236015,1
66,131,2.674343,5.259365,1
66,132,2.670783,5.294340,2
66,133,2.666019,5.341154,2
66,134,2.669330,5.385733,4
66,135,2.668207,5.426584,3
66,136,2.660041,5.459963,3
66,137,2.660267,5.500893,4
66,138,2.660523,5.541021,3
66,139,2.657048,5.581367,4
66,140,2.653267,5.622878,3
66,141,2.657416,5.655763,3
66,142,2.654867,5.697307,4
66,143,2.655644,5.743629,4
66,144,2.656664,5.778369,2
66,145,2.657687,5.813231,4
66,146,2.659550,5.859747,4
66,147,2.663671,5.901327,3
66,148,2.665055,5.940705,4
66,149,2.666799,5.981000,3
66,150,2.672216,6.022229,4
66,151,2.671160,6.063356,1
66,152,2.676224,6.098647,2
66,180,2.647820,7.230245,33
66,181,2.663357,7.257456,83
66,182,2.674550,7.284585,10
66,293,2.652048,11.750329,32
66,294,2.660938,11.778369,90
66,295,2.669733,11.809701,22
67,-157,2.708774,-6.249485,11
67,-156,2.702308,-6.218312,42
67,-155,2.700592,-6.180225,52
67,-154,2.695813,-6.144557,31
67,-153,2.682500,-6.113286,2
67,-49,2.690832,-1.924170,4
67,-48,2.698959,-1.899883,54
67,-47,2.702325,-1.862872,23
67,-46,2.703786,-1.821944,17
67,-45,2.699593,-1.783010,14
67,-44,2.705056,-1.740918,4
67,-43,2.695795,-1.684266,1
67,-42,2.702909,-1.672833,2
67,-41,2.712017,-1.608634,1
67,-24,2.697599,-0.924711,50
67,-23,2.713449,-0.915796,11
67,-22,2.700620,-0.853916,6
67,-21,2.696409,-0.822682,5
67,-20,2.695552,-0.778018,1
67,-19,2.687526,-0.755095,2
67,49,2.695115,1.997329,14
67,50,2.700920,2.012702,40
67,51,2.705674,2.061627,2
67,52,2.697520,2.100004,1
67,125,2.714784,5.016027,2
67,126,2.705206,5.062094,2
67,127,2.707620,5.101697,4
67,128,2.703611,5.140418,3
67,129,2.694803,5.180409,4
67,130,2.697830,5.224784,4
67,131,2.702488,5.267545,2
67,132,2.706612,5.302220,6
67,133,2.704191,5.344831,6
67,134,2.711069,5.383785,5
67,135,2.712315,5.421789,6
67,136,2.711916,5.455927,7
67,137,2.710273,5.496007,8
67,138,2.708604,5.538322,8
67,139,2.707410,5.580649,8
67,140,2.708086,5.620193,7
67,141,2.708758,5.656197,7
67,142,2.709451,5.696262,8
67,143,2.710324,5.738519,8
67,144,2.710249,5.777633,7
67,145,2.713133,5.819492,7
67,146,2.712601,5.862827,4
67,147,2.714579,5.904677,2
67,148,2.710988,5.932340,2
67,149,2.713377,5.975968,2
67,150,2.717670,6.019114,2
67,151,2.681754,6.062098,2
67,152,2.686246,6.107761,2
67,153,2.685657,6.144421,3
67,154,2.693569,6.177360,3
67,155,2.698308,6.218698,4
67,156,2.705989,6.264888,4
67,157,2.712310,6.299434,2
67,158,2.715942,6.333934,2
67,181,2.686753,7.273089,15
67,182,2.700052,7.299952,94
67,183,2.713874,7.329496,19
67,184,2.687998,7.381183,1
67,294,2.691466,11.790513,37
67,295,2.701628,11.820240,89
67,296,2.710135,11.850221,20
68,-158,2.747023,-6.288447,7
68,-157,2.742404,-6.258069,43
68,-156,2.741428,-6.220062,52
68,-155,2.735933,-6.184770,34
68,-154,2.725346,-6.155292,2
68,-48,2.729464,-1.887552,7
68,-47,2.737904,-1.860493,49
68,-46,2.744356,-1.822915,24
68,-45,2.738819,-1.781950,16
68,-44,2.742032,-1.743012,12
68,-43,2.736597,-1.704252,2
68,-42,2.747432,-1.647335,1
68,-41,2.751948,-1.638245,1
68,-24,2.737846,-0.931397,14
68,-23,2.740974,-0.916388,49
68,-22,2.743046,-0.850864,5
68,-21,2.738520,-0.819230,3
68,-20,2.740840,-0.785624,2
68,-19,2.733793,-0.748661,2
68,49,2.739034,1.997819,4
68,50,2.739552,2.013306,48
68,51,2.736932,2.079955,1
68,52,2.740766,2.103909,5
68,53,2.752956,2.149423,1
68,121,2.750757,4.856538,2
68,122,2.745864,4.904735,3
68,123,2.739654,4.945122,4
68,124,2.742490,4.985389,5
68,125,2.749266,5.022736,6
68,126,2.742131,5.060355,7
68,127,2.742440,5.101775,6
68,128,2.744325,5.144010,10
68,129,2.738139,5.183785,9
68,130,2.739700,5.223805,11
68,131,2.742035,5.261271,16
68,132,2.741769,5.301931,13
68,133,2.741967,5.338932,12
68,134,2.737260,5.377900,13
68,135,2.738749,5.419236,12
68,136,2.735617,5.458867,10
68,137,2.732886,5.500051,9
68,138,2.731015,5.540328,9
68,139,2.745351,5.582375,19
68,140,2.749440,5.621094,27
68,141,2.750863,5.661445,33
68,142,2.752717,5.701469,42
68,143,2.753171,5.741930,39
68,144,2.752670,5.780460,37
68,145,2.751967,5.818237,29
68,146,2.742733,5.856096,16
68,147,2.728777,5.896103,9
68,148,2.731015,5.939026,10
68,149,2.735269,5.980673,9
68,150,2.740054,6.019591,8
68,151,2.738456,6.059488,10
68,152,2.743112,6.103428,9
68,153,2.748724,6.144150,7
68,154,2.748439,6.179633,6
68,155,2.746682,6.213962,3
68,156,2.748143,6.257463,2
68,157,2.755401,6.300759,2
68,158,2.722635,6.333685,2
68,159,2.729112,6.379549,4
68,160,2.739012,6.425404,4
68,161,2.749741,6.466176,3
68,162,2.755694,6.498660,3
68,182,2.723675,7.316917,7
68,183,2.736886,7.342249,84
68,184,2.750167,7.370413,35
68,295,2.731717,11.829275,33
68,296,2.740755,11.858630,89
68,297,2.749863,11.888784,18
69,-159,2.790092,-6.325437,5
69,-158,2.782770,-6.297191,41
69,-157,2.780036,-6.259682,55
69,-156,2.776923,-6.224154,36
69,-155,2.763912,-6.193106,2
69,-47,2.769530,-1.850415,14
69,-46,2.780916,-1.821305,46
69,-45,2.780576,-1.779854,27
69,-44,2.780829,-1.742730,15
69,-43,2.785380,-1.705046,12
69,-42,2.773969,-1.657979,1
69,-41,2.787354,-1.614816,2
69,-40,2.776534,-1.563127,1
69,-24,2.781043,-0.928802,13
69,-23,2.779492,-0.914019,47
69,-22,2.784435,-0.846387,3
69,-21,2.777982,-0.823749,6
69,-20,2.788472,-0.779455,2
69,-19,2.780736,-0.742134,2
69,49,2.761992,1.999283,1
69,50,2.780224,2.015904,54
69,51,2.777457,2.051248,1
69,52,2.778957,2.102197,3
69,53,2.786452,2.138153,1
69,117,2.795573,4.699578,2
69,118,2.782764,4.744090,2
69,119,2.791516,4.775965,5
69,120,2.783840,4.818710,9
69,121,2.782207,4.862156,8
69,122,2.778736,4.901218,7
69,123,2.777540,4.942663,9
69,124,2.781354,4.982101,11
69,125,2.785121,5.023042,12
69,126,2.783871,5.061607,16
69,127,2.781562,5.101680,20
69,128,2.780355,5.139191,14
69,129,2.780862,5.179460,22
69,130,2.789836,5.221475,54
69,131,2.791190,5.260898,71
69,132,2.786520,5.300287,67
69,133,2.782702,5.339979,67
69,134,2.777478,5.379992,64
69,135,2.774861,5.420285,63
69,136,2.771686,5.460840,60
69,137,2.768392,5.499458,57
69,138,2.766045,5.539337,63
69,139,2.764466,5.578964,52
69,140,2.764128,5.620618,44
69,141,2.763593,5.659728,34
69,142,2.764415,5.700608,30
69,143,2.764546,5.741560,24
69,144,2.764751,5.781071,29
69,145,2.764624,5.822436,38
69,146,2.764393,5.861383,48
69,147,2.765789,5.899982,60
69,148,2.768090,5.940308,58
69,149,2.770206,5.979903,59
69,150,2.774438,6.020102,64
69,151,2.777837,6.060261,61
69,152,2.781928,6.099464,62
69,153,2.786112,6.139345,62
69,154,2.789884,6.178968,60
69,155,2.792121,6.219938,47
69,156,2.789171,6.254330,17
69,157,2.779170,6.302745,4
69,158,2.774601,6.339979,6
69,159,2.783150,6.381505,6
69,160,2.792478,6.417985,4
69,161,2.786009,6.451506,2
69,162,2.795986,6.494432,2
69,163,2.767525,6.539152,4
69,164,2.779507,6.578793,3
69,165,2.789956,6.616055,3
69,183,2.760600,7.355399,1
69,184,2.773573,7.384931,70
69,185,2.788160,7.414102,55
69,296,2.772007,11.870798,31
69,297,2.780200,11.898271,94
69,298,2.792225,11.928984,15
70,-160,2.836513,-6.368625,4
70,-159,2.822243,-6.336799,38
70,-158,2.820962,-6.298792,58
70,-157,2.816309,-6.263602,40
70,-156,2.805109,-6.233805,3
70,-46,2.813636,-1.810760,21
70,-45,2.822415,-1.781707,39
70,-44,2.820162,-1.740416,21
70,-43,2.823811,-1.701093,15
70,-42,2.829847,-1.663839,6
70,-41,2.818940,-1.625553,1
70,-40,2.809071,-1.597460,1
70,-24,2.821204,-0.925496,13
70,-23,2.819052,-0.909653,50
70,-22,2.817630,-0.851883,2
70,-21,2.827804,-0.822720,8
70,-20,2.836816,-0.787507,1
70,-19,2.831198,-0.743285,3
70,50,2.819706,2.018789,50
70,52,2.822947,2.113322,3
70,53,2.815823,2.122226,1
70,55,2.828089,2.219033,1
70,114,2.836371,4.578361,1
70,115,2.830139,4.623694,4
70,116,2.824981,4.664830,8
70,117,2.821429,4.705433,6
70,118,2.819188,4.740981,9
70,119,2.817653,4.784107,7
70,120,2.826532,4.820495,9
70,121,2.824804,4.862412,12
70,122,2.821726,4.899406,18
70,123,2.819692,4.939785,20
70,124,2.823757,4.984354,24
70,125,2.830892,5.021343,62
70,126,2.825536,5.059411,68
70,127,2.819254,5.100507,67
70,128,2.812111,5.140266,64
70,129,2.805869,5.178809,59
70,130,2.802710,5.213771,25
70,131,2.800830,5.248821,3
70,154,2.801293,6.190771,6
70,155,2.804120,6.221852,19
70,156,2.805741,6.262423,51
70,157,2.811325,6.300019,61
70,158,2.817846,6.339240,62
70,159,2.825951,6.379529,65
70,160,2.831878,6.418304,51
70,161,2.832000,6.452108,23
70,162,2.816597,6.501064,4
70,163,2.819664,6.540476,6
70,164,2.828462,6.579985,5
70,165,2.829439,6.622571,2
70,166,2.817444,6.663383,3
70,167,2.816386,6.701242,1
70,168,2.827736,6.733804,2
70,169,2.839103,6.766417,1
70,185,2.811006,7.427659,50
70,186,2.824682,7.455888,71
70,187,2.837260,7.484791,4
70,297,2.811605,11.910396,34
70,298,2.821398,11.938768,95
70,299,2.832614,11.970583,12
71,-161,2.877759,-6.409152,1
71,-160,2.865070,-6.374964,35
71,-159,2.859802,-6.339592,63
71,-158,2.856818,-6.303979,45
71,-157,2.846242,-6.273825,2
71,-45,2.855510,-1.773746,30
71,-44,2.861904,-1.743294,36
71,-43,2.860300,-1.701594,19
71,-42,2.860279,-1.660444,14
71,-41,2.879101,-1.634468,1
71,-40,2.851386,-1.580087,3
71,-39,2.865478,-1.557188,1
71,-38,2.840177,-1.518237,1
71,-24,2.859250,-0.922403,18
71,-23,2.859735,-0.906094,48
71,-22,2.865835,-0.846711,2
71,-21,2.867609,-0.821282,4
71,-19,2.872803,-0.730097,1
71,49,2.863065,1.994446,2
71,50,2.859329,2.022062,53
71,51,2.856194,2.052842,2
71,52,2.863944,2.108122,2
71,53,2.872131,2.132079,1
71,54,2.849224,2.194720,1
71,111,2.875430,4.469976,1
71,112,2.866206,4.505097,3
71,113,2.865799,4.543212,9
71,114,2.856899,4.583654,7
71,115,2.855595,4.620564,8
71,116,2.864283,4.664151,8
71,117,2.862975,4.702612,11
71,118,2.863425,4.741785,15
71,119,2.858157,4.777541,16
71,120,2.860012,4.822090,23
71,121,2.870761,4.861608,65
71,122,2.863183,4.899944,63
71,123,2.854521,4.939235,62
71,124,2.845452,4.978484,55
71,125,2.841875,5.008398,7
71,160,2.843752,6.426195,12
71,161,2.846010,6.464402,45
71,162,2.852865,6.500186,62
71,163,2.862783,6.539893,61
71,164,2.870496,6.578844,53
71,165,2.871717,6.611945,19
71,166,2.857648,6.665702,5
71,167,2.866486,6.705118,6
71,168,2.871485,6.736950,2
71,169,2.865041,6.776810,3
71,170,2.858099,6.820916,2
71,171,2.873340,6.864641,2
71,186,2.847980,7.469655,32
71,187,2.862100,7.498220,84
71,188,2.874234,7.526211,11
71,193,2.840401,7.757117,1
71,298,2.851159,11.948515,37
71,299,2.861704,11.977798,89
71,300,2.874224,12.011106,12
72,-162,2.915753,-6.441587,1
72,-161,2.905593,-6.413127,30
72,-160,2.899465,-6.380080,60
72,-159,2.897504,-6.342466,49
72,-158,2.889561,-6.312028,3
72,-45,2.884206,-1.760400,2
72,-44,2.897451,-1.736889,36
72,-43,2.900172,-1.701640,32
72,-42,2.901219,-1.663691,20
72,-41,2.896618,-1.625559,13
72,-40,2.907414,-1.561767,1
72,-39,2.902637,-1.532494,2
72,-37,2.902967,-1.473950,1
72,-24,2.884813,-0.920506,3
72,-23,2.900299,-0.907286,60
72,-22,2.899506,-0.859907,2
72,-21,2.903371,-0.822427,5
72,-20,2.884481,-0.791789,3
72,-19,2.883031,-0.739829,2
72,49,2.899957,1.998427,2
72,50,2.899505,2.025691,51
72,51,2.911663,2.064345,1
72,52,2.888561,2.106798,2
72,53,2.900559,2.133699,3
72,109,2.913363,4.385018,2
72,110,2.908013,4.421529,7
72,111,2.899527,4.460822,9
72,112,2.893578,4.504784,9
72,113,2.899618,4.552614,5
72,114,2.904114,4.583923,11
72,115,2.903736,4.621258,17
72,116,2.901642,4.658201,17
72,117,2.906013,4.705868,32
72,118,2.907250,4.739562,69
72,119,2.896886,4.779902,64
72,120,2.886302,4.819183,57
72,121,2.880807,4.846225,6
72,164,2.883867,6.582469,14
72,165,2.887475,6.622929,50
72,166,2.896708,6.659639,64
72,167,2.907335,6.698083,59
72,168,2.912839,6.736378,38
72,169,2.899028,6.784066,4
72,170,2.905065,6.820228,6
72,171,2.904185,6.854487,2
72,172,2.898438,6.900477,3
72,173,2.903407,6.939614,1
72,174,2.912410,6.960868,1
72,187,2.885734,7.512571,15
72,188,2.898902,7.540379,85
72,189,2.912106,7.569223,23
72,299,2.891579,11.988641,46
72,300,2.902224,12.017176,82
72,301,2.913175,12.049716,10
73,-162,2.947017,-6.451784,20
73,-161,2.940084,-6.419253,59
73,-160,2.939179,-6.381100,51
73,-159,2.930578,-6.351370,9
73,-44,2.923135,-1.724574,5
73,-43,2.939853,-1.699540,46
73,-42,2.941836,-1.660956,24
73,-41,2.939414,-1.622193,21
73,-40,2.943242,-1.587488,10
73,-39,2.950932,-1.530393,1
73,-38,2.934562,-1.510673,2
73,-23,2.940345,-0.904490,68
73,-22,2.937424,-0.872038,1
73,-21,2.937552,-0.825768,5
73,-20,2.933983,-0.785744,3
73,-19,2.928808,-0.729780,3
73,50,2.939471,2.027852,55
73,52,2.953326,2.105998,1
73,53,2.938264,2.128883,1
73,106,2.957263,4.279562,1
73,107,2.948562,4.301248,2
73,108,2.946231,4.338528,10
73,109,2.935621,4.379865,9
73,110,2.938905,4.422891,8
73,111,2.943828,4.465978,10
73,112,2.944199,4.500599,11
73,113,2.938996,4.539006,21
73,114,2.945617,4.587731,30
73,115,2.947869,4.619568,60
73,116,2.935572,4.658865,62
73,117,2.924641,4.694549,45
73,167,2.923496,6.713426,6
73,168,2.927705,6.744802,30
73,169,2.934310,6.779288,64
73,170,2.947139,6.819271,65
73,171,2.952167,6.854419,30
73,172,2.937796,6.904631,5
73,173,2.946323,6.938880,5
73,174,2.941680,6.980160,3
73,175,2.934959,7.014101,2
73,188,2.922947,7.553426,7
73,189,2.936577,7.582886,84
73,190,2.949678,7.613341,38
73,192,2.944840,7.694416,1
73,300,2.932740,12.027926,50
73,301,2.943074,12.056348,85
73,302,2.953594,12.090551,7
74,-163,2.987348,-6.488940,10
74,-162,2.982712,-6.458187,56
74,-161,2.979713,-6.420297,57
74,-160,2.971483,-6.390337,16
74,-43,2.967594,-1.686189,10
74,-42,2.980773,-1.661878,48
74,-41,2.983567,-1.619015,24
74,-40,2.980138,-1.581822,14
74,-39,2.991747,-1.550474,9
74,-38,2.982189,-1.489834,2
74,-37,2.986410,-1.473626,2
74,-36,2.964919,-1.430252,1
74,-23,2.980088,-0.901648,58
74,-22,2.989363,-0.874673,3
74,-21,2.975279,-0.815036,7
74,-20,2.984290,-0.779602,3
74,-19,2.985388,-0.738647,1
74,-18,2.975467,-0.714976,2
74,50,2.978823,2.028812,48
74,51,2.988881,2.045156,11
74,53,2.976760,2.131646,3
74,104,2.998293,4.197110,1
74,105,2.990290,4.221720,6
74,106,2.981990,4.259555,9
74,107,2.974132,4.299984,9
74,108,2.987322,4.342998,7
74,109,2.981804,4.385483,10
74,110,2.983497,4.421761,17
74,111,2.979878,4.462230,18
74,112,2.989320,4.502477,62
74,113,2.978342,4.540460,60
74,114,2.965741,4.575252,44
74,170,2.962791,6.833585,7
74,171,2.967364,6.866387,40
74,172,2.977293,6.899770,68
74,173,2.989101,6.938581,59
74,174,2.990327,6.971969,13
74,175,2.983373,7.021045,6
74,176,2.990809,7.055886,3
74,189,2.961142,7.598329,1
74,190,2.973123,7.623970,63
74,191,2.987131,7.654960,60
74,192,2.998795,7.681750,1
74,204,2.997693,8.183000,1
74,301,2.974579,12.068035,52
74,302,2.983151,12.094973,77
74,303,2.995427,12.133038,4
75,-164,3.028730,-6.526484,3
75,-163,3.023141,-6.495827,47
75,-162,3.020616,-6.460112,57
75,-161,3.012964,-6.428607,27
75,-42,3.013362,-1.649285,23
75,-41,3.023483,-1.622618,39
75,-40,3.020096,-1.582001,23
75,-39,3.021689,-1.538445,10
75,-38,3.019005,-1.518731,1
75,-37,3.036572,-1.468648,1
75,-36,3.031944,-1.437375,2
75,-35,3.026058,-1.387130,1
75,-23,3.019631,-0.898395,65
75,-22,3.034888,-0.868564,2
75,-21,3.016739,-0.820311,4
75,-20,3.027185,-0.787889,4
75,-19,3.036623,-0.731681,1
75,-18,3.026008,-0.707924,2
75,50,3.019063,2.025465,26
75,51,3.022045,2.042767,27
75,52,3.036754,2.111596,1
75,53,3.011752,2.143067,2
75,54,3.021765,2.167476,1
75,102,3.038718,4.115873,1
75,103,3.029566,4.140919,6
75,104,3.019382,4.179378,9
75,105,3.020365,4.224500,7
75,106,3.020532,4.263204,7
75,107,3.022846,4.302565,10
75,108,3.022569,4.339437,21
75,109,3.024338,4.387523,29
75,110,3.026199,4.420630,62
75,111,3.011349,4.459191,56
75,112,3.002466,4.483058,10
75,173,3.005827,6.946685,14
75,174,3.011723,6.982311,62
75,175,3.025325,7.019075,65
75,176,3.032223,7.051989,30
75,177,3.018003,7.100428,6
75,178,3.026474,7.135879,3
75,179,3.038963,7.171958,1
75,191,3.012073,7.667696,43
75,192,3.023672,7.696884,74
75,193,3.035583,7.725813,5
75,302,3.014745,12.108055,66
75,303,3.025029,12.134673,65
75,304,3.035747,12.173778,2
76,-165,3.074507,-6.563216,1
76,-164,3.063016,-6.533738,34
76,-163,3.060590,-6.500261,67
76,-162,3.054129,-6.465361,38
76,-41,3.056907,-1.614482,37
76,-40,3.062220,-1.582027,30
76,-39,3.058450,-1.542831,26
76,-38,3.064360,-1.503727,12
76,-36,3.044767,-1.434687,1
76,-34,3.060535,-1.323675,1
76,-23,3.059602,-0.895431,59
76,-22,3.052264,-0.872505,1
76,-21,3.062119,-0.812968,6
76,-20,3.053430,-0.777759,2
76,-18,3.071491,-0.702661,1
76,50,3.058137,2.028373,27
76,51,3.060123,2.047885,29
76,52,3.045018,2.115963,1
76,53,3.060047,2.143724,4
76,55,3.055902,2.222783,1
76,101,3.069852,4.061124,6
76,102,3.058338,4.097581,8
76,103,3.059823,4.137630,8
76,104,3.064781,4.180212,7
76,105,3.063389,4.218230,14
76,106,3.060403,4.257400,16
76,107,3.067292,4.303965,34
76,108,3.062894,4.338614,66
76,109,3.046884,4.375781,48
76,175,3.044707,7.035613,4
76,176,3.048491,7.065438,47
76,177,3.061171,7.099910,73
76,178,3.070771,7.135343,44
76,179,3.060751,7.182698,6
76,180,3.068898,7.220232,3
76,181,3.079192,7.251701,1
76,192,3.048805,7.708700,28
76,193,3.060837,7.738961,84
76,194,3.073980,7.768483,14
76,303,3.055841,12.144892,71
76,304,3.065045,12.172233,62
76,305,3.072918,12.204067,1
77,-165,3.107482,-6.572219,21
77,-164,3.099453,-6.539987,70
77,-163,3.097637,-6.504030,50
77,-162,3.081569,-6.472653,2
77,-41,3.094873,-1.607395,6
77,-40,3.098121,-1.576732,43
77,-39,3.103663,-1.539122,25
77,-38,3.102187,-1.501681,21
77,-37,3.115719,-1.463908,5
77,-36,3.094502,-1.413711,3
77,-35,3.095716,-1.391080,1
77,-34,3.095692,-1.344351,1
77,-23,3.099331,-0.892056,64
77,-22,3.092964,-0.864991,3
77,-21,3.110192,-0.811042,3
77,-20,3.089900,-0.782574,4
77,-19,3.090964,-0.740195,2
77,-18,3.083216,-0.698880,1
77,50,3.099332,2.031989,29
77,51,3.099801,2.049184,29
77,53,3.098481,2.148092,1
77,99,3.113611,3.982164,6
77,100,3.098102,4.020635,9
77,101,3.099553,4.055466,6
77,102,3.098419,4.097783,7
77,103,3.101527,4.142610,12
77,104,3.100086,4.179562,18
77,105,3.109694,4.227012,39
77,106,3.099872,4.260256,65
77,107,3.085747,4.293249,36
77,177,3.083688,7.117687,2
77,178,3.089091,7.147050,36
77,179,3.099336,7.180124,74
77,180,3.110702,7.215651,44
77,181,3.101429,7.264444,5
77,182,3.108594,7.298686,3
77,193,3.085380,7.750210,12
77,194,3.098269,7.780990,80
77,195,3.110507,7.811119,30
77,303,3.081678,12.157355,3
77,304,3.096533,12.184122,79
77,305,3.107208,12.212261,49
78,-166,3.149340,-6.607338,11
78,-165,3.141509,-6.578285,66
78,-164,3.137934,-6.542126,62
78,-163,3.128474,-6.514317,5
78,-40,3.135277,-1.575332,18
78,-39,3.139950,-1.540979,34
78,-38,3.141513,-1.501717,24
78,-37,3.144599,-1.466360,11
78,-36,3.146058,-1.410063,1
78,-23,3.140237,-0.889110,61
78,-22,3.143257,-0.865685,3
78,-21,3.138189,-0.811430,2
78,-20,3.133794,-0.778939,5
78,-19,3.146950,-0.749142,1
78,-18,3.133631,-0.701467,3
78,50,3.139491,2.034246,22
78,51,3.140585,2.050560,35
78,52,3.128987,2.085528,1
78,53,3.142174,2.145127,4
78,54,3.148610,2.173838,2
78,97,3.152945,3.911335,3
78,98,3.137163,3.942458,7
78,99,3.142279,3.979732,6
78,100,3.139423,4.020613,7
78,101,3.142483,4.063231,11
78,102,3.139398,4.101329,16
78,103,3.147469,4.145429,35
78,104,3.140832,4.180068,63
78,105,3.125662,4.212089,30
78,179,3.122057,7.198520,2
78,180,3.127863,7.226145,34
78,181,3.138669,7.258954,75
78,182,3.150131,7.293991,40
78,183,3.139541,7.338454,6
78,184,3.152336,7.374651,3
78,194,3.125168,7.795408,6
78,195,3.135524,7.823403,73
78,196,3.149358,7.854096,45
78,304,3.123325,12.195821,6
78,305,3.137881,12.222555,92
78,306,3.148258,12.250821,36
79,-167,3.193370,-6.644910,4
79,-166,3.182526,-6.615375,60
79,-165,3.178790,-6.579809,69
79,-164,3.169448,-6.552180,14
79,-40,3.164876,-1.567712,3
79,-39,3.179410,-1.539852,30
79,-38,3.180047,-1.500874,29
79,-37,3.181970,-1.464059,24
79,-36,3.187195,-1.425543,4
79,-35,3.167836,-1.365868,2
79,-34,3.185411,-1.346364,1
79,-33,3.182056,-1.301864,1
79,-32,3.160511,-1.274893,1
79,-23,3.176706,-0.888985,38
79,-22,3.184507,-0.876746,23
79,-21,3.175045,-0.813592,2
79,-20,3.177352,-0.780362,5
79,-19,3.192428,-0.758885,1
79,-18,3.186968,-0.694100,3
79,50,3.176622,2.034505,11
79,51,3.181251,2.052021,47
79,53,3.183689,2.158294,1
79,95,3.198847,3.815070,1
79,96,3.187621,3.856292,6
79,97,3.176396,3.898330,10
79,98,3.174586,3.943661,7
79,99,3.182437,3.983970,9
79,100,3.181746,4.021881,18
79,101,3.181540,4.064822,22
79,102,3.183427,4.100113,66
79,103,3.167564,4.133896,35
79,181,3.162694,7.275433,4
79,182,3.169552,7.306083,41
79,183,3.181937,7.338862,77
79,184,3.192488,7.370574,27
79,185,3.182925,7.413964,6
79,195,3.162892,7.838734,2
79,196,3.173805,7.865062,54
79,197,3.186323,7.895864,63
79,198,3.197748,7.923270,2
79,204,3.169751,8.174123,1
79,305,3.166309,12.233872,11
79,306,3.178570,12.260571,92
79,307,3.188829,12.288020,25
80,-168,3.237470,-6.681722,1
80,-167,3.225109,-6.653329,45
80,-166,3.219820,-6.620519,78
80,-165,3.210064,-6.590785,26
80,-39,3.216925,-1.528954,13
80,-38,3.219815,-1.499924,31
80,-37,3.221887,-1.461109,29
80,-36,3.217348,-1.425752,11
80,-35,3.215975,-1.388578,2
80,-34,3.225412,-1.331315,3
80,-23,3.220874,-0.891280,26
80,-22,3.219841,-0.874449,41
80,-21,3.230179,-0.807690,2
80,-20,3.218225,-0.785944,5
80,-19,3.201655,-0.742381,1
80,-18,3.228312,-0.681034,1
80,50,3.223243,2.033218,4
80,51,3.220041,2.052374,52
80,52,3.206108,2.093035,1
80,53,3.225855,2.141477,3
80,54,3.212911,2.161792,1
80,94,3.233757,3.780018,4
80,95,3.219934,3.815424,7
80,96,3.221930,3.855047,7
80,97,3.217460,3.896347,8
80,98,3.223313,3.939105,14
80,99,3.219340,3.978132,20
80,100,3.227719,4.022493,56
80,101,3.209721,4.057560,52
80,183,3.205745,7.353280,9
80,184,3.212911,7.385332,58
80,185,3.225624,7.418935,68
80,186,3.230552,7.450620,14
80,187,3.234278,7.493473,1
80,197,3.211241,7.907372,38
80,198,3.223778,7.937722,75
80,199,3.235031,7.966118,9
80,201,3.230573,8.042877,1
80,306,3.208533,12.272785,21
80,307,3.220403,12.299117,100
80,308,3.232778,12.326072,13
81,-168,3.267277,-6.690826,25
81,-167,3.260476,-6.660268,82
81,-166,3.253959,-6.628418,42
81,-38,3.258376,-1.497789,27
81,-37,3.261426,-1.460559,33
81,-36,3.260712,-1.423803,28
81,-35,3.270427,-1.378915,3
81,-34,3.258043,-1.353520,1
81,-33,3.273406,-1.302495,1
81,-32,3.266816,-1.260161,1
81,-31,3.258580,-1.227099,1
81,-23,3.260742,-0.887608,29
81,-22,3.260812,-0.871526,37
81,-20,3.261354,-0.780738,4
81,-19,3.248747,-0.747363,3
81,-18,3.250969,-0.702576,1
81,-17,3.244318,-0.676218,1
81,50,3.260859,2.037283,5
81,51,3.259007,2.056876,51
81,54,3.257605,2.167143,2
81,56,3.270826,2.266564,2
81,92,3.275191,3.697203,1
81,93,3.261718,3.741967,6
81,94,3.261489,3.780106,8
81,95,3.258306,3.824300,9
81,96,3.261524,3.863797,8
81,97,3.261240,3.898322,17
81,98,3.268243,3.944172,37
81,99,3.256863,3.978519,62
81,100,3.243376,4.004516,11
81,185,3.248681,7.426409,16
81,186,3.255936,7.461567,75
81,187,3.269256,7.496576,49
81,188,3.268756,7.539260,4
81,198,3.250435,7.950702,23
81,199,3.260679,7.979513,75
81,200,3.272062,8.009131,18
81,307,3.250171,12.310862,28
81,308,3.262625,12.336855,93
81,309,3.270863,12.366197,5
82,-169,3.309793,-6.726232,14
82,-168,3.300737,-6.697895,80
82,-167,3.295543,-6.666050,57
82,-38,3.291825,-1.487058,7
82,-37,3.299184,-1.461819,33
82,-36,3.304731,-1.420786,31
82,-35,3.296183,-1.387574,13
82,-34,3.312848,-1.325850,1
82,-33,3.304649,-1.291782,3
82,-23,3.299761,-0.884122,29
82,-22,3.301073,-0.868966,36
82,-21,3.287719,-0.813649,3
82,-20,3.297060,-0.767982,3
82,-19,3.304375,-0.740581,3
82,-18,3.307027,-0.694965,1
82,-17,3.291014,-0.671006,2
82,51,3.299253,2.058794,59
82,52,3.285850,2.093566,2
82,54,3.294649,2.184804,3
82,91,3.310585,3.665400,4
82,92,3.295602,3.702176,7
82,93,3.300700,3.738957,8
82,94,3.297588,3.781285,8
82,95,3.305067,3.822980,14
82,96,3.301748,3.861202,20
82,97,3.304973,3.900493,62
82,98,3.287954,3.931554,34
82,186,3.284006,7.478351,3
82,187,3.291350,7.506123,41
82,188,3.302970,7.539358,75
82,189,3.311153,7.570388,20
82,190,3.316274,7.611118,2
82,199,3.286138,7.992186,15
82,200,3.298592,8.021765,74
82,201,3.309989,8.052112,33
82,308,3.292996,12.349464,51
82,309,3.304116,12.374589,71
82,310,3.303575,12.404955,2
83,-170,3.355822,-6.762769,1
83,-169,3.342797,-6.736791,72
83,-168,3.336987,-6.704519,78
83,-167,3.325467,-6.678065,2
83,-37,3.335952,-1.452498,26
83,-36,3.341813,-1.420304,31
83,-35,3.340077,-1.381411,29
83,-34,3.343939,-1.340383,4
83,-32,3.359749,-1.259450,1
83,-31,3.350036,-1.219221,1
83,-30,3.354685,-1.180268,1
83,-23,3.339587,-0.881927,20
83,-22,3.340022,-0.868344,45
83,-21,3.345135,-0.832259,1
83,-20,3.335726,-0.780857,6
83,-19,3.357165,-0.745144,3
83,-17,3.346610,-0.663261,2
83,51,3.339666,2.062077,58
83,53,3.342460,2.148225,1
83,54,3.335491,2.176087,3
83,89,3.359293,3.581141,1
83,90,3.340018,3.627144,5
83,91,3.338417,3.663487,7
83,92,3.341628,3.700477,7
83,93,3.342238,3.737631,9
83,94,3.341281,3.781590,18
83,95,3.349235,3.826951,38
83,96,3.334696,3.859150,58
83,97,3.321466,3.882048,4
83,188,3.327572,7.549551,13
83,189,3.335777,7.582433,73
83,190,3.348721,7.616131,50
83,191,3.350071,7.659419,3
83,200,3.324833,8.033808,7
83,201,3.336636,8.064253,68
83,202,3.347234,8.095656,44
83,203,3.359845,8.120298,1
83,309,3.334872,12.386923,73
83,310,3.346163,12.411961,60
83,311,3.345277,12.443067,1
84,-170,3.385023,-6.772387,56
84,-169,3.378356,-6.741987,92
84,-168,3.365803,-6.714722,9
84,-37,3.366246,-1.443676,4
84,-36,3.379716,-1.419588,38
84,-35,3.381067,-1.381702,33
84,-34,3.379984,-1.346857,13
84,-33,3.366879,-1.298567,1
84,-32,3.372545,-1.263595,2
84,-23,3.364065,-0.880449,2
84,-22,3.380837,-0.868331,65
84,-20,3.381452,-0.776017,4
84,-19,3.371408,-0.721402,1
84,-18,3.364131,-0.687210,1
84,-17,3.392354,-0.658412,1
84,51,3.379338,2.065127,56
84,52,3.368220,2.108830,1
84,53,3.376086,2.147353,1
84,54,3.381664,2.182024,2
84,88,3.394616,3.549946,4
84,89,3.378435,3.584785,5
84,90,3.382137,3.619563,8
84,91,3.379967,3.663271,10
84,92,3.383070,3.705629,10
84,93,3.381684,3.739797,18
84,94,3.385036,3.781935,55
84,95,3.368448,3.811175,32
84,189,3.362350,7.595097,3
84,190,3.372238,7.624998,45
84,191,3.383249,7.657937,76
84,192,3.392560,7.688895,11
84,201,3.363886,8.076544,2
84,202,3.373726,8.104866,50
84,203,3.384054,8.137374,60
84,204,3.397473,8.165349,5
84,309,3.361669,12.398442,1
84,310,3.377451,12.424721,87
84,311,3.389219,12.451329,41
85,-171,3.427682,-6.808387,35
85,-170,3.420069,-6.780171,103
85,-169,3.407837,-6.753258,18
85,-36,3.414862,-1.411903,17
85,-35,3.422277,-1.381550,40
85,-34,3.419501,-1.342813,29
85,-33,3.419878,-1.309405,6
85,-32,3.421331,-1.256886,2
85,-31,3.402300,-1.231688,1
85,-30,3.431749,-1.179019,1
85,-22,3.420564,-0.866086,64
85,-21,3.418254,-0.832459,2
85,-20,3.415306,-0.771720,3
85,-19,3.412860,-0.742223,4
85,-18,3.429957,-0.714166,1
85,-17,3.418107,-0.665838,2
85,51,3.419971,2.069873,61
85,52,3.419183,2.088976,2
85,54,3.429398,2.184414,2
85,55,3.418533,2.224247,2
85,87,3.424057,3.513104,4
85,88,3.423731,3.542442,3
85,89,3.422835,3.585555,7
85,90,3.418837,3.622710,8
85,91,3.423884,3.663849,13
85,92,3.422774,3.704401,22
85,93,3.419939,3.739001,62
85,94,3.403924,3.764975,11
85,191,3.409848,7.667806,21
85,192,3.418603,7.700334,80
85,193,3.431284,7.729905,28
85,194,3.431170,7.770833,1
85,203,3.410997,8.144942,37
85,204,3.421651,8.177710,70
85,205,3.434166,8.207664,10
85,208,3.400416,8.342955,1
85,219,3.436491,8.762177,1
85,310,3.406453,12.436294,6
85,311,3.419598,12.461572,97
85,312,3.430712,12.489596,19
86,-172,3.471761,-6.846132,13
86,-171,3.461350,-6.819402,105
86,-170,3.451878,-6.791976,35
86,-36,3.460521,-1.406888,3
86,-35,3.458222,-1.375051,28
86,-34,3.460709,-1.342625,36
86,-33,3.461821,-1.302506,16
86,-32,3.475268,-1.245385,1
86,-31,3.449616,-1.218133,2
86,-29,3.448862,-1.134371,1
86,-22,3.460074,-0.863301,61
86,-21,3.454148,-0.828547,2
86,-20,3.455076,-0.779984,3
86,-19,3.468152,-0.741629,6
86,-17,3.460587,-0.647384,2
86,51,3.458801,2.068383,38
86,52,3.463007,2.083238,19
86,53,3.450051,2.159916,1
86,54,3.463068,2.191788,1
86,55,3.458925,2.200699,1
86,85,3.479748,3.429772,1
86,86,3.453967,3.469669,2
86,87,3.464732,3.495691,7
86,88,3.461370,3.540688,8
86,89,3.461317,3.578855,11
86,90,3.461549,3.622933,15
86,91,3.467719,3.666028,41
86,92,3.452439,3.697084,52
86,192,3.445983,7.712862,7
86,193,3.454732,7.743452,71
86,194,3.467866,7.774525,52
86,195,3.469516,7.808445,3
86,204,3.448330,8.188285,25
86,205,3.461136,8.220098,75
86,206,3.470734,8.249731,18
86,311,3.447319,12.473184,15
86,312,3.460738,12.496874,102
86,313,3.473570,12.526714,9
87,-173,3.516985,-6.883007,5
87,-172,3.502945,-6.855924,96
87,-171,3.493123,-6.828049,57
87,-35,3.495818,-1.373057,16
87,-34,3.501986,-1.338677,37
87,-33,3.499799,-1.302916,32
87,-32,3.497922,-1.250939,2
87,-31,3.485933,-1.211913,1
87,-30,3.499435,-1.183314,1
87,-22,3.499504,-0.859622,64
87,-21,3.508275,-0.826092,3
87,-20,3.508728,-0.771418,2
87,-19,3.504452,-0.752163,2
87,-18,3.489538,-0.706802,1
87,-17,3.493812,-0.656999,2
87,51,3.499145,2.070149,30
87,52,3.497388,2.083747,25
87,54,3.496566,2.195811,1
87,84,3.510787,3.392591,1
87,85,3.506721,3.420671,4
87,86,3.496514,3.458844,8
87,87,3.502879,3.504025,7
87,88,3.505279,3.540732,11
87,89,3.503985,3.582109,17
87,90,3.504467,3.624165,52
87,91,3.490004,3.651790,31
87,193,3.482336,7.755186,2
87,194,3.493073,7.785633,53
87,195,3.504552,7.817486,69
87,196,3.512731,7.850487,5
87,205,3.487324,8.231732,14
87,206,3.497625,8.261623,71
87,207,3.510195,8.293528,35
87,312,3.492348,12.511760,38
87,313,3.503401,12.534051,80
87,314,3.502711,12.560774,1
88,-173,3.545636,-6.893252,77
88,-172,3.535554,-6.866310,84
88,-171,3.520079,-6.839937,1
88,-35,3.538525,-1.374623,4
88,-34,3.539663,-1.338553,30
88,-33,3.541839,-1.298931,37
88,-32,3.544215,-1.271441,10
88,-31,3.554260,-1.232220,3
88,-30,3.541010,-1.180305,2
88,-29,3.529145,-1.139503,1
88,-22,3.540296,-0.856482,64
88,-21,3.557973,-0.826968,1
88,-20,3.530352,-0.777562,1
88,-19,3.539992,-0.737795,5
88,-18,3.543605,-0.707626,2
88,-17,3.542062,-0.663052,1
88,-16,3.532025,-0.635749,1
88,51,3.538772,2.072635,30
88,52,3.539631,2.087698,36
88,53,3.541817,2.125781,1
88,54,3.530347,2.196410,2
88,57,3.524762,2.286397,1
88,83,3.542899,3.355665,1
88,84,3.540322,3.380696,5
88,85,3.539352,3.422935,3
88,86,3.543045,3.461342,11
88,87,3.539623,3.503460,9
88,88,3.544058,3.541806,16
88,89,3.542844,3.582113,59
88,90,3.526141,3.608663,18
88,195,3.530595,7.825182,32
88,196,3.542142,7.858005,87
88,197,3.552351,7.888289,13
88,206,3.524999,8.273067,6
88,207,3.536553,8.303042,64
88,208,3.545976,8.335552,45
88,209,3.559395,8.361448,2
88,210,3.550296,8.432797,1
88,216,3.545665,8.650077,1
88,313,3.534546,12.547754,66
88,314,3.544723,12.570415,56
89,-174,3.587872,-6.929630,48
89,-173,3.577264,-6.903654,112
89,-172,3.563353,-6.877491,2
89,-35,3.564216,-1.363995,1
89,-34,3.580232,-1.337002,17
89,-33,3.579515,-1.299211,34
89,-32,3.582544,-1.269091,20
89,-31,3.578928,-1.220275,2
89,-30,3.574181,-1.183976,1
89,-28,3.583362,-1.087870,1
89,-22,3.580908,-0.852594,63
89,-21,3.575957,-0.817011,2
89,-20,3.578029,-0.766817,3
89,-19,3.593943,-0.735573,2
89,-18,3.590612,-0.711380,2
89,-16,3.578445,-0.630965,2
89,51,3.575924,2.074072,17
89,52,3.582893,2.088088,38
89,54,3.562985,2.169646,2
89,55,3.567814,2.219934,2
89,82,3.577491,3.318978,1
89,83,3.578033,3.341209,4
89,84,3.587037,3.379421,6
89,85,3.578410,3.418001,11
89,86,3.586313,3.458755,10
89,87,3.583433,3.503943,24
89,88,3.580250,3.540577,62
89,89,3.563540,3.564246,9
89,196,3.569280,7.867317,17
89,197,3.579254,7.899946,86
89,198,3.593356,7.928384,24
89,207,3.561333,8.316635,3
89,208,3.574667,8.344702,48
89,209,3.583283,8.376717,56
89,210,3.595195,8.405084,7
89,313,3.560492,12.557195,1
89,314,3.576830,12.583642,93
89,315,3.588673,12.608671,30
89,316,3.599737,12.651608,1
90,-175,3.632381,-6.966930,22
90,-174,3.619633,-6.941063,132
90,-173,3.604401,-6.915185,10
90,-34,3.616525,-1.330663,10
90,-33,3.618073,-1.299729,28
90,-32,3.622198,-1.263225,40
90,-31,3.620014,-1.218934,1
90,-30,3.622416,-1.198185,1
90,-22,3.619976,-0.850347,57
90,-21,3.634572,-0.828124,7
90,-19,3.619318,-0.739416,4
90,-18,3.611910,-0.691679,1
90,-17,3.603690,-0.654684,1
90,-16,3.623308,-0.626563,1
90,51,3.617467,2.076073,15
90,52,3.620816,2.091145,44
90,53,3.633323,2.134730,1
90,55,3.625222,2.211709,4
90,81,3.638305,3.279105,1
90,82,3.615048,3.298744,6
90,83,3.626639,3.344051,6
90,84,3.619059,3.380767,8
90,85,3.622567,3.422690,9
90,86,3.625277,3.463244,24
90,87,3.619080,3.497249,59
90,88,3.603402,3.521757,6
90,197,3.606046,7.909607,12
90,198,3.617950,7.942131,79
90,199,3.632465,7.968638,33
90,209,3.610974,8.385792,39
90,210,3.621839,8.418056,67
90,211,3.632867,8.447861,13
90,314,3.605751,12.595316,11
90,315,3.620458,12.620225,101
90,316,3.630806,12.648152,11
91,-176,3.676248,-7.003961,6
91,-175,3.662381,-6.977813,129
91,-174,3.647860,-6.953634,27
91,-34,3.655440,-1.326262,3
91,-33,3.660074,-1.296788,26
91,-32,3.659567,-1.258407,37
91,-31,3.661041,-1.230653,7
91,-30,3.678352,-1.177593,1
91,-29,3.656404,-1.144057,4
91,-28,3.653904,-1.100905,1
91,-22,3.659647,-0.851233,39
91,-21,3.661266,-0.837803,21
91,-20,3.649549,-0.762808,2
91,-19,3.669278,-0.729757,3
91,-18,3.661642,-0.702900,4
91,-17,3.666537,-0.646150,1
91,-16,3.654493,-0.618522,1
91,51,3.649594,2.078980,8
91,52,3.661574,2.092764,49
91,53,3.651040,2.120010,1
91,54,3.679646,2.184902,1
91,55,3.660182,2.217285,2
91,80,3.676159,3.235259,1
91,81,3.656028,3.253502,5
91,82,3.658821,3.306270,6
91,83,3.660402,3.343039,9
91,84,3.657819,3.384026,11
91,85,3.664521,3.425120,28
91,86,3.656670,3.457762,54
91,198,3.646190,7.953255,7
91,199,3.656799,7.983509,78
91,200,3.670436,8.010557,40
91,210,3.649922,8.429633,25
91,211,3.659964,8.460820,71
91,212,3.671017,8.492220,24
91,315,3.650031,12.632543,29
91,316,3.664074,12.655356,92
91,317,3.663411,12.688199,5
92,-176,3.704345,-7.013770,110
92,-175,3.690932,-6.991219,50
92,-33,3.699438,-1.294154,16
92,-32,3.699686,-1.258667,37
92,-31,3.699731,-1.230861,28
92,-30,3.698374,-1.185769,3
92,-22,3.700013,-0.848412,42
92,-21,3.697804,-0.833293,27
92,-20,3.701665,-0.797510,1
92,-19,3.696581,-0.751170,2
92,-18,3.703302,-0.700339,1
92,-16,3.700421,-0.613977,2
92,52,3.699695,2.094827,61
92,55,3.709375,2.221390,1
92,79,3.718704,3.175293,1
92,80,3.697976,3.212380,5
92,81,3.703029,3.265562,8
92,82,3.698680,3.299418,9
92,83,3.700882,3.341124,9
92,84,3.705568,3.384920,30
92,85,3.695574,3.416292,52
92,199,3.685144,7.994804,3
92,200,3.694895,8.024558,75
92,201,3.708707,8.052372,52
92,211,3.686533,8.471307,13
92,212,3.698672,8.502987,65
92,213,3.708065,8.534490,38
92,316,3.695328,12.670299,58
92,317,3.705459,12.689950,53
92,318,3.708449,12.723420,3
93,-177,3.747085,-7.049614,74
93,-176,3.734395,-7.028528,89
93,-33,3.735309,-1.288008,6
93,-32,3.738633,-1.258434,31
93,-31,3.742126,-1.223095,37
93,-30,3.731096,-1.181061,2
93,-29,3.746965,-1.125151,2
93,-27,3.733394,-1.042069,1
93,-22,3.739650,-0.845045,38
93,-21,3.741251,-0.831472,30
93,-19,3.734426,-0.737196,4
93,-18,3.726658,-0.707590,3
93,-17,3.738831,-0.676018,1
93,-16,3.737582,-0.623662,2
93,52,3.740285,2.098545,59
93,53,3.728155,2.144002,1
93,55,3.746295,2.222100,2
93,56,3.727488,2.255416,1
93,78,3.756104,3.140151,1
93,79,3.737632,3.179242,4
93,80,3.749148,3.219591,5
93,81,3.743064,3.255076,10
93,82,3.739122,3.302976,14
93,83,3.745441,3.347311,32
93,84,3.735886,3.376892,49
93,201,3.732573,8.066067,63
93,202,3.746954,8.093196,63
93,212,3.727269,8.514672,5
93,213,3.735649,8.543276,57
93,214,3.744572,8.576543,50
93,215,3.758192,8.603441,2
93,317,3.736833,12.704004,95
93,318,3.749699,12.728706,24
93,319,3.752548,12.763276,1
94,-178,3.790774,-7.087242,36
94,-177,3.776609,-7.064970,127
94,-33,3.764772,-1.281038,1
94,-32,3.780729,-1.254121,23
94,-31,3.780191,-1.218326,46
94,-30,3.789982,-1.190800,9
94,-29,3.774126,-1.148146,2
94,-28,3.796390,-1.094088,1
94,-27,3.775221,-1.063372,1
94,-22,3.780334,-0.844905,19
94,-21,3.780924,-0.831824,48
94,-20,3.766143,-0.791236,1
94,-19,3.781444,-0.748720,2
94,-18,3.777866,-0.701402,4
94,-16,3.788875,-0.614624,2
94,52,3.780204,2.101737,58
94,53,3.784579,2.132319,1
94,54,3.764713,2.188418,1
94,55,3.785154,2.230482,1
94,58,3.785549,2.337765,2
94,77,3.795777,3.110994,2
94,78,3.772748,3.145973,4
94,79,3.779137,3.186708,4
94,80,3.782888,3.221167,8
94,81,3.782511,3.264456,10
94,82,3.785116,3.305892,26
94,83,3.776383,3.336243,51
94,202,3.769413,8.107637,51
94,203,3.786048,8.135043,82
94,204,3.795720,8.161262,1
94,213,3.762002,8.555188,4
94,214,3.774140,8.584292,45
94,215,3.782724,8.617392,58
94,216,3.795567,8.646397,8
94,317,3.764259,12.715380,10
94,318,3.781430,12.738930,105
94,319,3.787501,12.767998,5
95,-179,3.834436,-7.124602,12
95,-178,3.819130,-7.100544,148
95,-177,3.802200,-7.078353,6
95,-32,3.819269,-1.252701,10
95,-31,3.819197,-1.216146,39
95,-30,3.823074,-1.190878,21
95,-29,3.823199,-1.145024,3
95,-28,3.816373,-1.093702,2
95,-22,3.819781,-0.841964,16
95,-21,3.821074,-0.829075,48
95,-20,3.832123,-0.784788,1
95,-19,3.819124,-0.731450,3
95,-18,3.813523,-0.700775,3
95,-17,3.804072,-0.667972,1
95,-16,3.806591,-0.601320,1
95,52,3.819710,2.105630,58
95,53,3.826433,2.153591,1
95,54,3.802162,2.198224,1
95,55,3.824031,2.235145,1
95,56,3.809412,2.241773,1
95,76,3.831929,3.070856,1
95,77,3.817470,3.104541,4
95,78,3.820576,3.150522,4
95,79,3.817025,3.179497,9
95,80,3.822845,3.219303,12
95,81,3.824409,3.265399,27
95,82,3.817298,3.297777,52
95,83,3.801984,3.320715,2
95,203,3.808735,8.150921,37
95,204,3.824404,8.177357,96
95,205,3.835713,8.205581,1
95,215,3.812348,8.627044,36
95,216,3.821155,8.658953,63
95,217,3.831768,8.689315,17
95,318,3.811825,12.752114,33
95,319,3.823546,12.774114,85
96,-179,3.862309,-7.136670,140
96,-178,3.844943,-7.115507,24
96,-32,3.863428,-1.252522,4
96,-31,3.856985,-1.216963,30
96,-30,3.861049,-1.183045,43
96,-28,3.847714,-1.089218,1
96,-25,3.878675,-0.997719,1
96,-22,3.844069,-0.840491,2
96,-21,3.860766,-0.828826,62
96,-20,3.842096,-0.799799,1
96,-19,3.862133,-0.742586,1
96,-18,3.862344,-0.704623,4
96,-17,3.864911,-0.667801,2
96,-16,3.862925,-0.619531,1
96,-15,3.858376,-0.592055,2
96,52,3.859733,2.109335,59
96,55,3.861875,2.235825,2
96,75,3.872926,3.036749,1
96,76,3.871525,3.057325,3
96,77,3.858708,3.101406,4
96,78,3.862602,3.138346,10
96,79,3.857812,3.178758,10
96,80,3.865024,3.226250,18
96,81,3.858969,3.258274,58
96,82,3.842019,3.281680,2
96,204,3.846687,8.191698,21
96,205,3.861374,8.218150,108
96,206,3.876596,8.243523,7
96,216,3.849355,8.668346,23
96,217,3.858921,8.699977,65
96,218,3.870306,8.733640,28
96,319,3.855710,12.788097,72
96,320,3.866576,12.810852,46
97,-180,3.905346,-7.171774,115
97,-179,3.888321,-7.152535,56
97,-32,3.900131,-1.243724,3
97,-31,3.896346,-1.210620,17
97,-30,3.900805,-1.179475,48
97,-29,3.898752,-1.148606,10
97,-28,3.893890,-1.109680,2
97,-27,3.908524,-1.078134,1
97,-26,3.893247,-1.026858,1
97,-21,3.900079,-0.825802,65
97,-20,3.898877,-0.789578,3
97,-19,3.896283,-0.729619,2
97,-18,3.906469,-0.700976,1
97,-15,3.913646,-0.582119,1
97,52,3.899407,2.111319,49
97,53,3.905826,2.121596,11
97,56,3.898708,2.260416,2
97,75,3.910716,3.019681,4
97,76,3.905135,3.063841,3
97,77,3.897991,3.101072,9
97,78,3.901205,3.143443,9
97,79,3.901599,3.186928,17
97,80,3.900010,3.220418,61
97,81,3.886802,3.244280,4
97,205,3.884062,8.232249,11
97,206,3.899393,8.260000,111
97,207,3.915043,8.284989,13
97,217,3.886235,8.709752,13
97,218,3.898858,8.742076,62
97,219,3.906862,8.776390,38
97,221,3.910561,8.872151,1
97,319,3.884808,12.799062,2
97,320,3.899107,12.821815,102
97,321,3.907350,12.848822,13
98,-181,3.950076,-7.208011,74
98,-180,3.932451,-7.189672,96
98,-31,3.939798,-1.218133,11
98,-30,3.939309,-1.176104,41
98,-29,3.942458,-1.152736,23
98,-28,3.955643,-1.108153,2
98,-27,3.938226,-1.057223,2
98,-26,3.956854,-1.035913,1
98,-21,3.940771,-0.821761,64
98,-20,3.952795,-0.791015,1
98,-19,3.932807,-0.735110,1
98,-18,3.941629,-0.700371,5
98,-17,3.933119,-0.659322,2
98,-16,3.931060,-0.610276,1
98,-15,3.933921,-0.583772,1
98,52,3.938725,2.112187,34
98,53,3.943091,2.124287,26
98,54,3.928419,2.163540,1
98,55,3.930288,2.212145,1
98,56,3.944863,2.249641,1
98,74,3.954771,2.984518,4
98,75,3.935364,3.020027,3
98,76,3.943083,3.063197,8
98,77,3.938643,3.100491,10
98,78,3.940893,3.144682,14
98,79,3.940245,3.182789,53
98,80,3.929874,3.204584,10
98,206,3.922256,8.276287,6
98,207,3.936913,8.301738,103
98,208,3.953107,8.326579,26
98,218,3.928129,8.754762,8
98,219,3.936352,8.782644,50
98,220,3.942938,8.815831,51
98,221,3.956349,8.843296,4
98,320,3.928042,12.833897,19
98,321,3.941799,12.854927,95
98,322,3.947548,12.896299,2
99,-182,3.993800,-7.245278,32
99,-181,3.976872,-7.226165,135
99,-31,3.974250,-1.213598,8
99,-30,3.978075,-1.176726,22
99,-29,3.981566,-1.148619,37
99,-28,3.984053,-1.098945,2
99,-27,3.999098,-1.078118,1
99,-21,3.981033,-0.818607,63
99,-20,3.977192,-0.778986,2
99,-19,3.975960,-0.725126,1
99,-18,3.995128,-0.686741,1
99,-17,3.998376,-0.658476,1
99,-15,3.990351,-0.573657,2
99,52,3.977089,2.113369,24
99,53,3.982241,2.125217,33
99,55,3.980406,2.211181,1
99,56,3.985529,2.252448,3
99,73,3.997456,2.943958,2
99,74,3.987992,2.965243,3
99,75,3.983227,3.025268,8
99,76,3.985785,3.062458,9
99,77,3.983585,3.096670,11
99,78,3.982837,3.143725,50
99,79,3.968609,3.167803,20
99,207,3.960147,8.319194,1
99,208,3.974071,8.343548,98
99,209,3.992121,8.368353,41
99,219,3.962301,8.796095,4
99,220,3.975232,8.825229,44
99,221,3.981721,8.859060,58
99,222,3.993239,8.887115,10
99,229,3.978675,9.198330,1
99,321,3.973475,12.869807,55
99,322,3.985354,12.888638,57
100,-183,4.037413,-7.283178,7
100,-182,4.019527,-7.261130,163
100,-181,4.002987,-7.237183,1
100,-31,4.018567,-1.215333,4
100,-30,4.018855,-1.178273,23
100,-29,4.018735,-1.140682,47
100,-27,4.033614,-1.057237,1
100,-21,4.020748,-0.815044,61
100,-20,4.022863,-0.784631,1
100,-19,4.005063,-0.727468,1
100,-18,4.011548,-0.699055,3
100,-17,4.008511,-0.661296,2
100,-16,4.000595,-0.600818,1
100,52,4.016416,2.113240,13
100,53,4.020094,2.127082,46
100,54,4.034350,2.173874,1
100,56,4.015516,2.262025,2
100,73,4.028852,2.934953,3
100,74,4.030220,2.986216,5
100,75,4.019336,3.018930,8
100,76,4.024098,3.054114,7
100,77,4.023826,3.106911,36
100,78,4.013255,3.130162,31
100,209,4.011784,8.386172,83
100,210,4.031256,8.411279,61
100,221,4.013035,8.865645,28
100,222,4.019650,8.898356,63
100,223,4.031044,8.928798,19
100,322,4.017430,12.902939,98
100,323,4.029191,12.930202,17
101,-183,4.061792,-7.296162,149
101,-182,4.044859,-7.276358,19
101,-31,4.059093,-1.205619,4
101,-30,4.058135,-1.173047,17
101,-29,4.060716,-1.135426,43
101,-28,4.057454,-1.104186,2
101,-21,4.059957,-0.811399,61
101,-20,4.049895,-0.772091,2
101,-18,4.064800,-0.701984,4
101,-17,4.068828,-0.663972,2
101,-16,4.077445,-0.634143,1
101,-15,4.062637,-0.573183,3
101,52,4.058349,2.113173,7
101,53,4.059819,2.130741,54
101,55,4.064469,2.226722,1
101,56,4.072427,2.264945,1
101,57,4.069709,2.298063,1
101,72,4.058077,2.907659,5
101,73,4.067216,2.948701,2
101,74,4.062941,2.981765,7
101,75,4.055304,3.020350,11
101,76,4.065156,3.068971,23
101,77,4.055227,3.094730,49
101,210,4.050220,8.429357,62
101,211,4.068856,8.453581,76
101,222,4.049146,8.908076,22
101,223,4.060127,8.940161,61
101,224,4.069414,8.972827,28
101,322,4.045862,12.914738,17
101,323,4.061463,12.935502,95
101,324,4.062859,12.970682,4
102,-184,4.105755,-7.332134,112
102,-183,4.088119,-7.313819,57
102,-30,4.097495,-1.178868,14
102,-29,4.101332,-1.132195,51
102,-28,4.096980,-1.105332,3
102,-27,4.108805,-1.074914,2
102,-25,4.091821,-0.992623,1
102,-21,4.098885,-0.808939,59
102,-20,4.104721,-0.796351,10
102,-19,4.113144,-0.757329,1
102,-18,4.096247,-0.703979,1
102,-17,4.096621,-0.673838,2
102,52,4.097018,2.116323,8
102,53,4.100500,2.133856,52
102,56,4.110481,2.265355,2
102,59,4.087802,2.362894,1
102,71,4.103337,2.874354,4
102,72,4.097993,2.903183,2
102,73,4.100244,2.941942,7
102,74,4.099850,2.978692,11
102,75,4.101373,3.024732,15
102,76,4.098497,3.059321,58
102,77,4.085440,3.082780,2
102,211,4.087850,8.471009,45
102,212,4.105895,8.495061,94
102,213,4.119543,8.520117,1
102,223,4.087918,8.951771,13
102,224,4.098825,8.982337,59
102,225,4.106548,9.016061,38
102,226,4.119263,9.040990,1
102,323,4.092766,12.949984,56
102,324,4.106361,12.969611,60
102,325,4.109508,13.009731,1
103,-185,4.149608,-7.368162,76
103,-184,4.131850,-7.349821,92
103,-30,4.139400,-1.173600,11
103,-29,4.136474,-1.130573,37
103,-28,4.149481,-1.115384,19
103,-26,4.131583,-1.025438,2
103,-24,4.154213,-0.951693,1
103,-21,4.140154,-0.806712,50
103,-20,4.140773,-0.794823,17
103,-18,4.138245,-0.710471,2
103,-17,4.147739,-0.663067,4
103,-16,4.149176,-0.625278,1
103,-15,4.144180,-0.581296,1
103,-14,4.127228,-0.554557,2
103,52,4.132009,2.119133,5
103,53,4.140650,2.136473,52
103,54,4.144466,2.184618,1
103,70,4.128596,2.839881,1
103,71,4.139733,2.851095,3
103,72,4.149447,2.906026,7
103,73,4.138495,2.944214,11
103,74,4.142216,2.980207,9
103,75,4.142304,3.022969,50
103,76,4.129058,3.045172,15
103,212,4.125467,8.513532,34
103,213,4.143909,8.537938,110
103,214,4.159443,8.562128,2
103,224,4.126088,8.990105,7
103,225,4.137035,9.021740,52
103,226,4.143915,9.056170,44
103,227,4.156307,9.083737,5
103,324,4.138198,12.983959,96
103,325,4.148382,13.005354,15
104,-186,4.193647,-7.405244,40
104,-185,4.175889,-7.386330,128
104,-184,4.160485,-7.355653,1
104,-30,4.173777,-1.171594,6
104,-29,4.180911,-1.146395,18
104,-28,4.181154,-1.113272,44
104,-27,4.183554,-1.062440,4
104,-26,4.162599,-1.037788,1
104,-21,4.178182,-0.806153,28
104,-20,4.180935,-0.795448,38
104,-19,4.188059,-0.750021,1
104,-18,4.183172,-0.698618,2
104,-17,4.164770,-0.669956,1
104,-14,4.193397,-0.542719,1
104,53,4.179338,2.139272,59
104,56,4.161497,2.275622,1
104,70,4.182786,2.818526,4
104,71,4.182516,2.863228,4
104,72,4.187696,2.898916,9
104,73,4.179137,2.938399,8
104,74,4.184823,2.987260,37
104,75,4.173934,3.011352,32
104,213,4.164982,8.554485,15
104,214,4.180329,8.579082,119
104,215,4.197005,8.603171,9
104,225,4.165421,9.037579,3
104,226,4.175084,9.063362,43
104,227,4.181872,9.097897,53
104,228,4.193042,9.128239,9
104,324,4.166969,12.994940,14
104,325,4.181578,13.015209,98
104,326,4.179356,13.042880,3
105,-187,4.237254,-7.441639,10
105,-186,4.218964,-7.422215,153
105,-185,4.204863,-7.394402,6
105,-30,4.218464,-1.167416,4
105,-29,4.220416,-1.139120,19
105,-28,4.221007,-1.106290,46
105,-21,4.220610,-0.808447,12
105,-20,4.219802,-0.793315,55
105,-18,4.232024,-0.703514,1
105,-17,4.223648,-0.662196,4
105,-16,4.220893,-0.623572,2
105,-15,4.218357,-0.571224,1
105,-14,4.201903,-0.546773,1
105,53,4.220014,2.142533,60
105,54,4.227011,2.173044,1
105,55,4.212565,2.235664,1
105,56,4.219934,2.258883,2
105,57,4.207426,2.284730,2
105,69,4.228118,2.789091,4
105,70,4.220603,2.825165,2
105,71,4.224281,2.860556,7
105,72,4.222465,2.901244,11
105,73,4.226581,2.946077,18
105,74,4.217743,2.976276,52
105,75,4.202349,3.001218,1
105,214,4.202454,8.595399,8
105,215,4.217729,8.620710,113
105,216,4.235265,8.644559,23
105,226,4.203468,9.079223,2
105,227,4.213398,9.105369,36
105,228,4.221237,9.139386,58
105,229,4.230995,9.170719,19
105,325,4.214286,13.030999,62
105,326,4.227935,13.050147,46
106,-187,4.261405,-7.457445,157
106,-186,4.247925,-7.431571,18
106,-30,4.243050,-1.161522,1
106,-29,4.260124,-1.136347,21
106,-28,4.260595,-1.101390,43
106,-27,4.259699,-1.060167,2
106,-21,4.260329,-0.805131,12
106,-20,4.259990,-0.789650,53
106,-19,4.264981,-0.742518,1
106,-18,4.258975,-0.690436,2
106,-17,4.278590,-0.656299,1
106,-14,4.269423,-0.534746,2
106,53,4.259744,2.146483,56
106,54,4.257815,2.186302,2
106,56,4.278629,2.257310,1
106,57,4.254014,2.286700,1
106,58,4.267136,2.329578,2
106,68,4.272216,2.747193,1
106,69,4.267509,2.769447,4
106,70,4.266581,2.829667,6
106,71,4.261679,2.864967,9
106,72,4.259416,2.903211,9
106,73,4.262586,2.942552,51
106,74,4.248483,2.965372,12
106,215,4.243589,8.636715,2
106,216,4.255540,8.663225,107
106,217,4.273035,8.687747,38
106,228,4.250648,9.146983,24
106,229,4.260596,9.180660,58
106,230,4.268582,9.214174,28
106,326,4.258645,13.061313,101
106,327,4.269684,13.089594,11
107,-188,4.303784,-7.492751,123
107,-187,4.291437,-7.471735,43
107,-29,4.298687,-1.135143,15
107,-28,4.299456,-1.097733,56
107,-27,4.296578,-1.061063,2
107,-26,4.289118,-1.014084,2
107,-25,4.314147,-0.960589,1
107,-21,4.300061,-0.801856,11
107,-20,4.299498,-0.786646,52
107,-19,4.305330,-0.758015,2
107,-18,4.314670,-0.687673,2
107,-17,4.301974,-0.652843,3
107,-16,4.296846,-0.614145,2
107,-15,4.294178,-0.560929,1
107,53,4.300370,2.150365,63
107,54,4.302756,2.181139,2
107,57,4.301639,2.292401,1
107,68,4.303582,2.747020,2
107,69,4.304227,2.788672,2
107,70,4.302127,2.817372,8
107,71,4.301171,2.857788,12
107,72,4.305164,2.907926,31
107,73,4.294987,2.929823,34
107,216,4.281386,8.678162,1
107,217,4.292866,8.705214,88
107,218,4.310893,8.730456,55
107,229,4.290257,9.188521,14
107,230,4.299216,9.221121,54
107,231,4.304793,9.255157,39
107,232,4.317991,9.281417,2
107,326,4.289002,13.074615,26
107,327,4.303143,13.092252,83
107,328,4.312434,13.129860,4
108,-189,4.348010,-7.529319,87
108,-188,4.332412,-7.509364,79
108,-187,4.326947,-7.478629,1
108,-29,4.341097,-1.131812,11
108,-28,4.340007,-1.092647,56
108,-27,4.350090,-1.071848,3
108,-26,4.357519,-1.022362,1
108,-25,4.320907,-0.980846,1
108,-21,4.326591,-0.800231,1
108,-20,4.340515,-0.784967,65
108,-19,4.343982,-0.734809,1
108,-18,4.354938,-0.683937,1
108,-17,4.338023,-0.649171,1
108,-14,4.342593,-0.524552,2
108,53,4.341053,2.152002,46
108,54,4.344982,2.162910,12
108,56,4.352620,2.257983,1
108,57,4.350216,2.298216,1
108,67,4.322097,2.717224,1
108,68,4.329034,2.734034,3
108,69,4.342419,2.787020,6
108,70,4.340944,2.824578,10
108,71,4.345062,2.867128,11
108,72,4.338958,2.896860,54
108,73,4.321405,2.923103,1
108,217,4.320254,8.719157,1
108,218,4.331476,8.747382,75
108,219,4.348499,8.773659,72
108,230,4.329071,9.230764,10
108,231,4.336972,9.261978,48
108,232,4.343794,9.296365,44
108,233,4.355518,9.325512,4
108,327,4.336453,13.108516,77
108,328,4.348786,13.129375,30
109,-190,4.391915,-7.566618,50
109,-189,4.375893,-7.546391,111
109,-188,4.368222,-7.515510,3
109,-29,4.376154,-1.136226,5
109,-28,4.378823,-1.091885,46
109,-27,4.383596,-1.071578,15
109,-26,4.396256,-1.032972,1
109,-25,4.376347,-0.981210,1
109,-20,4.379765,-0.782410,59
109,-19,4.384936,-0.750724,2
109,-18,4.392349,-0.686594,1
109,-17,4.386170,-0.652439,4
109,-16,4.384598,-0.623137,2
109,-15,4.373144,-0.597598,1
109,-14,4.371699,-0.550404,1
109,53,4.378099,2.154563,33
109,54,4.383082,2.164810,23
109,55,4.378029,2.207351,1
109,57,4.381719,2.298929,3
109,60,4.397271,2.439705,1
109,67,4.373298,2.703585,5
109,68,4.368184,2.751645,2
109,69,4.383619,2.779982,10
109,70,4.378820,2.815695,10
109,71,4.382819,2.864979,52
109,72,4.369084,2.886084,11
109,219,4.369720,8.789130,55
109,220,4.386055,8.816129,89
109,231,4.363665,9.272831,5
109,232,4.376153,9.302768,45
109,233,4.382581,9.338496,50
109,234,4.393102,9.368451,7
109,327,4.363114,13.117833,4
109,328,4.379533,13.137863,102
109,329,4.370147,13.172796,1
110,-191,4.435025,-7.603784,19
110,-190,4.418676,-7.583056,138
110,-189,4.410254,-7.551170,9
110,-29,4.417389,-1.133843,4
110,-28,4.419612,-1.101865,20
110,-27,4.420086,-1.074699,43
110,-26,4.419812,-1.002141,1
110,-20,4.419251,-0.777801,64
110,-19,4.425160,-0.726887,1
110,-17,4.436711,-0.675050,1
110,-13,4.417201,-0.514157,2
110,53,4.418636,2.149422,12
110,54,4.420005,2.165517,51
110,57,4.427632,2.314071,1
110,60,4.412594,2.406942,1
110,66,4.424144,2.673349,4
110,67,4.413973,2.703903,2
110,68,4.417726,2.745543,8
110,69,4.422071,2.781831,12
110,70,4.426838,2.829407,19
110,71,4.417775,2.852661,41
110,220,4.407031,8.828749,37
110,221,4.423143,8.857104,111
110,222,4.437880,8.883267,5
110,232,4.400735,9.318482,2
110,233,4.414835,9.344436,38
110,234,4.421187,9.378767,57
110,235,4.432297,9.410172,15
110,328,4.410913,13.152405,45
110,329,4.424231,13.169179,62
110,330,4.423595,13.203944,1
111,-192,4.478566,-7.641453,3
111,-191,4.460823,-7.619416,144
111,-190,4.451810,-7.590311,21
111,-29,4.456685,-1.127636,4
111,-28,4.461030,-1.099002,19
111,-27,4.458692,-1.069717,42
111,-26,4.440819,-1.021839,1
111,-20,4.460286,-0.773982,62
111,-19,4.466436,-0.743275,2
111,-17,4.469344,-0.661450,3
111,-16,4.461909,-0.623764,4
111,-15,4.450887,-0.587990,1
111,-14,4.450978,-0.539638,1
111,53,4.457497,2.146362,6
111,54,4.460586,2.168132,51
111,56,4.463147,2.262071,1
111,57,4.450409,2.310236,1
111,58,4.455805,2.346121,1
111,65,4.477796,2.630270,1
111,66,4.463125,2.655058,3
111,67,4.454511,2.708363,3
111,68,4.463503,2.741847,11
111,69,4.458128,2.777849,7
111,70,4.460767,2.823262,52
111,71,4.445714,2.843879,6
111,221,4.448056,8.869808,20
111,222,4.459829,8.898180,110
111,223,4.475495,8.924831,18
111,234,4.452427,9.386513,28
111,235,4.460691,9.419275,61
111,236,4.470393,9.452404,23
111,329,4.458618,13.183915,97
111,330,4.463635,13.207907,11
112,-192,4.502807,-7.654966,120
112,-191,4.491962,-7.628518,42
112,-29,4.490943,-1.122225,3
112,-28,4.501535,-1.094466,20
112,-27,4.498119,-1.066037,42
112,-26,4.510087,-1.027473,2
112,-25,4.483816,-0.987782,1
112,-20,4.500268,-0.770471,60
112,-18,4.508691,-0.718760,1
112,-13,4.493298,-0.503556,2
112,53,4.496909,2.149726,7
112,54,4.499239,2.172025,50
112,55,4.510254,2.210352,2
112,56,4.507826,2.274840,1
112,57,4.508047,2.312497,2
112,65,4.510764,2.631618,2
112,66,4.492798,2.662438,2
112,67,4.501181,2.701509,8
112,68,4.502882,2.741062,12
112,69,4.504696,2.790416,27
112,70,4.496183,2.809878,37
112,222,4.487295,8.912527,19
112,223,4.498894,8.941649,101
112,224,4.512492,8.967906,28
112,235,4.491842,9.427741,21
112,236,4.499241,9.461499,53
112,237,4.507954,9.493621,29
112,329,4.486880,13.196301,19
112,330,4.502959,13.213097,92
112,331,4.511567,13.245237,1
113,-193,4.545610,-7.691809,88
113,-192,4.533204,-7.668296,71
113,-191,4.529211,-7.632105,3
113,-28,4.539238,-1.096827,20
113,-27,4.540505,-1.063450,46
113,-26,4.532011,-1.023007,1
113,-20,4.541022,-0.766887,63
113,-19,4.542029,-0.747453,4
113,-17,4.537202,-0.660448,2
113,-16,4.534830,-0.628179,3
113,-15,4.535233,-0.584565,2
113,-14,4.532084,-0.528626,1
113,53,4.536588,2.152952,6
113,54,4.539947,2.175182,54
113,55,4.545183,2.203751,1
113,58,4.554800,2.322760,1
113,65,4.535853,2.616993,4
113,66,4.548908,2.666279,4
113,67,4.541306,2.696393,7
113,68,4.542538,2.738170,13
113,69,4.541291,2.781328,55
113,70,4.524680,2.802094,2
113,223,4.526730,8.951332,10
113,224,4.535994,8.982609,99
113,225,4.551075,9.010671,45
113,236,4.528413,9.468544,15
113,237,4.537981,9.500891,56
113,238,4.547431,9.534150,40
113,239,4.559434,9.560341,1
113,330,4.537909,13.228929,78
113,331,4.549783,13.247556,27
114,-194,4.588996,-7.728569,55
114,-193,4.575869,-7.706036,102
114,-192,4.570052,-7.669908,6
114,-101,4.591436,-4.000137,1
114,-97,4.565422,-3.844538,1
114,-28,4.579383,-1.092202,18
114,-27,4.580108,-1.061031,49
114,-26,4.594213,-1.037448,1
114,-25,4.585526,-0.994584,2
114,-20,4.577317,-0.765857,39
114,-19,4.584990,-0.758449,25
114,-18,4.594589,-0.710399,1
114,-17,4.560612,-0.668863,1
114,-16,4.577299,-0.616894,2
114,-13,4.570940,-0.492744,2
114,53,4.577548,2.156454,7
114,54,4.580941,2.179064,50
114,55,4.577530,2.206286,3
114,64,4.579736,2.590917,3
114,65,4.586814,2.623372,3
114,66,4.584067,2.667361,6
114,67,4.578896,2.702860,11
114,68,4.584484,2.750119,25
114,69,4.575511,2.768958,30
114,224,4.567803,8.994730,8
114,225,4.574712,9.025061,80
114,226,4.588801,9.053115,58
114,237,4.567461,9.512369,10
114,238,4.578603,9.542634,54
114,239,4.587299,9.574535,38
114,330,4.563481,13.238150,6
114,331,4.580672,13.257162,97
114,332,4.584632,13.294024,2
115,-195,4.632841,-7.765827,33
115,-194,4.617103,-7.743446,118
115,-193,4.614831,-7.708614,13
115,-100,4.620313,-3.997168,5
115,-99,4.602672,-3.950718,1
115,-28,4.619866,-1.090989,12
115,-27,4.621259,-1.059420,54
115,-26,4.632149,-1.024018,3
115,-23,4.632587,-0.904370,1
115,-20,4.620000,-0.768815,13
115,-19,4.621046,-0.755009,54
115,-17,4.621275,-0.651393,2
115,-16,4.623376,-0.619210,2
115,-15,4.618466,-0.574255,2
115,-13,4.615128,-0.517367,1
115,53,4.609150,2.158808,3
115,54,4.621597,2.181566,56
115,55,4.627915,2.221622,2
115,58,4.608683,2.329234,1
115,64,4.621413,2.578543,4
115,65,4.633384,2.611855,2
115,66,4.616040,2.656633,8
115,67,4.616715,2.695256,11
115,68,4.619260,2.741453,55
115,69,4.604198,2.762375,4
115,225,4.602998,9.031375,4
115,226,4.612832,9.064509,65
115,227,4.626195,9.093987,76
115,238,4.605174,9.553243,8
115,239,4.618700,9.583314,55
115,240,4.625988,9.615418,41
115,331,4.614132,13.271647,58
115,332,4.625931,13.288268,47
115,333,4.634011,13.325096,1
116,-196,4.674343,-7.802975,10
116,-195,4.659929,-7.780782,122
116,-194,4.654002,-7.747741,26
116,-101,4.670401,-4.021804,3
116,-100,4.660351,-3.991413,12
116,-99,4.669042,-3.951978,1
116,-97,4.640547,-3.864794,1
116,-96,4.657899,-3.833247,1
116,-28,4.656945,-1.088002,9
116,-27,4.660214,-1.056837,57
116,-26,4.654082,-1.036786,1
116,-24,4.648105,-0.933200,1
116,-20,4.659206,-0.771823,8
116,-19,4.660195,-0.752849,54
116,-17,4.647911,-0.659673,1
116,-16,4.655237,-0.607690,2
116,-13,4.641809,-0.486133,1
116,-12,4.658596,-0.477309,1
116,54,4.661277,2.184250,55
116,55,4.667769,2.218293,3
116,57,4.671322,2.292622,1
116,58,4.664090,2.334623,3
116,59,4.668564,2.372651,1
116,63,4.646424,2.548338,1
116,64,4.648040,2.567589,1
116,65,4.658760,2.628256,7
116,66,4.655062,2.662340,11
116,67,4.665121,2.709873,27
116,68,4.656046,2.729512,36
116,226,4.643027,9.074525,3
116,227,4.652865,9.107041,58
116,228,4.664328,9.136409,89
116,229,4.677362,9.162790,2
116,239,4.644136,9.596083,4
116,240,4.657564,9.623174,53
116,241,4.664420,9.654790,47
116,242,4.678275,9.680182,1
116,332,4.659644,13.300430,102
116,333,4.663543,13.328105,3
117,-197,4.718176,-7.842509,3
117,-196,4.701805,-7.817328,117
117,-195,4.693231,-7.787711,39
117,-194,4.697188,-7.752147,2
117,-104,4.711851,-4.126365,8
117,-103,4.707548,-4.097286,12
117,-102,4.699254,-4.054989,57
117,-101,4.708230,-4.024644,76
117,-100,4.701890,-3.984891,26
117,-99,4.714401,-3.942342,1
117,-98,4.703629,-3.909460,2
117,-97,4.706698,-3.878108,1
117,-96,4.699636,-3.835926,1
117,-28,4.699704,-1.089251,4
117,-27,4.700175,-1.054327,59
117,-26,4.711513,-1.008911,1
117,-20,4.698934,-0.768578,7
117,-19,4.700823,-0.748415,59
117,-18,4.682946,-0.701792,1
117,-17,4.695705,-0.646965,1
117,-16,4.713257,-0.618506,3
117,-15,4.713124,-0.569435,1
117,-14,4.694226,-0.557963,1
117,-13,4.700144,-0.505843,1
117,54,4.699800,2.187277,55
117,55,4.704518,2.223225,2
117,58,4.719978,2.342610,1
117,63,4.692257,2.543742,5
117,64,4.682200,2.590858,2
117,65,4.704316,2.621687,10
117,66,4.694830,2.655683,9
117,67,4.701005,2.702812,55
117,68,4.684965,2.722252,3
117,227,4.682206,9.114481,1
117,228,4.693057,9.147004,46
117,229,4.701989,9.177111,90
117,230,4.715362,9.203142,10
117,240,4.682637,9.637112,3
117,241,4.696358,9.663505,53
117,242,4.704040,9.694404,44
117,243,4.717003,9.720005,1
117,332,4.690498,13.314271,36
117,333,4.705191,13.329849,71
118,-198,4.759412,-7.880101,1
118,-197,4.744087,-7.853630,90
118,-196,4.734696,-7.827254,56
118,-195,4.730840,-7.790157,7
118,-105,4.759174,-4.161326,1
118,-104,4.741085,-4.143594,17
118,-103,4.740753,-4.101537,18
118,-102,4.737041,-4.055081,22
118,-101,4.733754,-4.014281,98
118,-100,4.741019,-3.986782,89
118,-99,4.737766,-3.927373,3
118,-98,4.731783,-3.889073,2
118,-28,4.738413,-1.083138,4
118,-27,4.739990,-1.050254,57
118,-26,4.744008,-1.025789,7
118,-25,4.734434,-0.974949,2
118,-20,4.737630,-0.765358,7
118,-19,4.740353,-0.745218,53
118,-18,4.727171,-0.718310,1
118,-17,4.737361,-0.650237,1
118,-16,4.735317,-0.601562,1
118,-15,4.735455,-0.594872,1
118,-12,4.731101,-0.470470,2
118,54,4.739003,2.191507,56
118,55,4.739208,2.223741,4
118,57,4.735359,2.290835,1
118,63,4.743585,2.525884,4
118,64,4.734897,2.587727,7
118,65,4.744652,2.622610,10
118,66,4.742193,2.667891,20
118,67,4.738023,2.690957,43
118,228,4.724140,9.158874,1
118,229,4.731963,9.186684,37
118,230,4.740987,9.218946,94
118,231,4.754768,9.245219,11
118,241,4.723404,9.676823,2
118,242,4.735920,9.703658,54
118,243,4.744287,9.735951,45
118,244,4.758114,9.762277,2
118,333,4.739984,13.344514,96
118,334,4.745066,13.373354,6
119,-198,4.787469,-7.891385,65
119,-197,4.776659,-7.866404,84
119,-196,4.773000,-7.828261,11
119,-105,4.779729,-4.176511,14
119,-104,4.781432,-4.137915,16
119,-103,4.777370,-4.102750,10
119,-102,4.767657,-4.059582,5
119,-101,4.778874,-4.015063,60
119,-100,4.780387,-3.981513,101
119,-99,4.772677,-3.949759,4
119,-97,4.771902,-3.856315,1
119,-96,4.789708,-3.825234,1
119,-27,4.777240,-1.051713,50
119,-26,4.785453,-1.038402,13
119,-25,4.774884,-0.993376,1
119,-24,4.795259,-0.948929,1
119,-20,4.777945,-0.761995,7
119,-19,4.779565,-0.741091,54
119,-18,4.773855,-0.692923,1
119,-16,4.786796,-0.637067,1
119,-15,4.793714,-0.595219,1
119,-14,4.778840,-0.547512,1
119,-13,4.787185,-0.494040,1
119,-12,4.799818,-0.464373,1
119,54,4.777036,2.193673,43
119,55,4.786989,2.207165,20
119,56,4.767452,2.245390,1
119,58,4.777476,2.349523,1
119,61,4.774468,2.456123,1
119,62,4.786346,2.502908,3
119,63,4.785379,2.552964,3
119,64,4.779699,2.582569,8
119,65,4.780242,2.618284,9
119,66,4.780905,2.665890,48
119,67,4.770968,2.683878,8
119,229,4.763153,9.198857,1
119,230,4.771365,9.226634,32
119,231,4.780211,9.260080,98
119,232,4.794650,9.286657,15
119,242,4.762657,9.719518,2
119,243,4.775920,9.743397,54
119,244,4.785063,9.774927,49
119,245,4.798476,9.801248,1
119,333,4.769835,13.356207,25
119,334,4.782914,13.371050,78
119,335,4.792945,13.411452,1
120,-199,4.829759,-7.928704,40
120,-198,4.817903,-7.903467,98
120,-197,4.817701,-7.869048,14
120,-196,4.812557,-7.837378,1
120,-106,4.826484,-4.211051,9
120,-105,4.817655,-4.179752,14
120,-104,4.823534,-4.144452,18
120,-103,4.816067,-4.110791,3
120,-101,4.818659,-4.014225,50
120,-100,4.820194,-3.981095,104
120,-99,4.822372,-3.934248,1
120,-98,4.825598,-3.900836,2
120,-97,4.838748,-3.868943,1
120,-96,4.829442,-3.827898,1
120,-27,4.816884,-1.050477,38
120,-26,4.823021,-1.035291,32
120,-20,4.805676,-0.760357,1
120,-19,4.819378,-0.739629,59
120,-18,4.812310,-0.711633,2
120,-17,4.829094,-0.640558,1
120,-16,4.804864,-0.615222,2
120,-15,4.817841,-0.588460,2
120,-14,4.802954,-0.558247,1
120,-12,4.827508,-0.453576,1
120,54,4.819177,2.191137,20
120,55,4.821032,2.205616,37
120,58,4.822854,2.350763,3
120,61,4.830465,2.472165,1
120,62,4.801976,2.500289,2
120,63,4.823930,2.544477,5
120,64,4.821484,2.584067,10
120,65,4.820581,2.619835,11
120,66,4.819439,2.653890,49
120,231,4.810139,9.266940,26
120,232,4.819626,9.300252,99
120,233,4.833702,9.326019,18
120,243,4.801213,9.756069,1
120,244,4.816522,9.784830,55
120,245,4.824445,9.815572,47
120,334,4.818199,13.386748,93
120,335,4.831107,13.408702,12
121,-200,4.872692,-7.966843,22
121,-199,4.859095,-7.940992,103
121,-198,4.854286,-7.906879,24
121,-197,4.858751,-7.871504,2
121,-107,4.873836,-4.246033,4
121,-106,4.864674,-4.220445,18
121,-105,4.860349,-4.180594,31
121,-104,4.849905,-4.151357,4
121,-101,4.859618,-4.010531,42
121,-100,4.859792,-3.977617,111
121,-99,4.869101,-3.935139,2
121,-98,4.859902,-3.897390,2
121,-97,4.863017,-3.876340,1
121,-27,4.859548,-1.050146,29
121,-26,4.861934,-1.032943,41
121,-25,4.851603,-0.988730,2
121,-19,4.859941,-0.735409,63
121,-18,4.867480,-0.683791,1
121,-14,4.865300,-0.536826,1
121,-13,4.876300,-0.481942,1
121,54,4.860079,2.189122,10
121,55,4.859033,2.207430,47
121,56,4.854033,2.241380,1
121,57,4.843721,2.311386,1
121,61,4.862435,2.474599,1
121,62,4.858864,2.489643,4
121,63,4.863144,2.544187,5
121,64,4.860161,2.580792,10
121,65,4.863223,2.629859,40
121,66,4.853891,2.646292,18
121,231,4.840410,9.279837,1
121,232,4.851496,9.305715,24
121,233,4.859490,9.340154,102
121,234,4.872993,9.367738,18
121,244,4.844385,9.799698,1
121,245,4.855927,9.824024,53
121,246,4.865219,9.855066,47
121,334,4.845847,13.395842,13
121,335,4.862049,13.412360,89
121,336,4.870523,13.442796,2
122,-201,4.914112,-8.004263,6
122,-200,4.902234,-7.978499,102
122,-199,4.894261,-7.945343,39
122,-198,4.889117,-7.906686,4
122,-107,4.903096,-4.256892,22
122,-106,4.900246,-4.220266,34
122,-105,4.890498,-4.191017,8
122,-101,4.894750,-4.009285,27
122,-100,4.900847,-3.977270,122
122,-99,4.893425,-3.942707,5
122,-98,4.889923,-3.918450,1
122,-97,4.906864,-3.848205,2
122,-96,4.917819,-3.817447,1
122,-27,4.900203,-1.047858,18
122,-26,4.901536,-1.032096,49
122,-25,4.890762,-0.981766,2
122,-19,4.901234,-0.731639,59
122,-18,4.904082,-0.703211,2
122,-16,4.885985,-0.622829,2
122,-15,4.896914,-0.583279,4
122,-14,4.895170,-0.546758,1
122,-12,4.897949,-0.447230,2
122,54,4.900421,2.183357,6
122,55,4.899949,2.210294,54
122,56,4.899746,2.249804,3
122,59,4.907932,2.367733,2
122,60,4.896172,2.401045,1
122,61,4.908619,2.459192,4
122,62,4.881628,2.513198,1
122,63,4.898822,2.541742,9
122,64,4.899899,2.578877,11
122,65,4.901342,2.620509,51
122,66,4.888007,2.640232,1
122,233,4.892790,9.347898,25
122,234,4.899239,9.380632,96
122,235,4.912723,9.407543,19
122,245,4.881635,9.838170,3
122,246,4.897108,9.863913,58
122,247,4.906252,9.894469,42
122,335,4.899068,13.429205,88
122,336,4.909826,13.451426,15
123,-202,4.957461,-8.042175,3
123,-201,4.943078,-8.015493,83
123,-200,4.936627,-7.985789,51
123,-199,4.931234,-7.945650,7
123,-108,4.943215,-4.291427,16
123,-107,4.943306,-4.257460,36
123,-106,4.934749,-4.228541,13
123,-101,4.939264,-4.012691,12
123,-100,4.938918,-3.976812,123
123,-99,4.948042,-3.955554,13
123,-98,4.943656,-3.892487,2
123,-96,4.955900,-3.820082,1
123,-27,4.941506,-1.045918,11
123,-26,4.939070,-1.029219,54
123,-25,4.955144,-0.979719,1
123,-24,4.945042,-0.955336,1
123,-19,4.939506,-0.727617,62
123,-16,4.923180,-0.630620,1
123,-14,4.953680,-0.525900,1
123,54,4.941934,2.186956,5
123,55,4.940117,2.214380,52
123,56,4.943834,2.245301,2
123,59,4.957742,2.371143,1
123,61,4.927048,2.452145,1
123,62,4.932855,2.505083,5
123,63,4.939243,2.544018,11
123,64,4.942608,2.585847,15
123,65,4.937958,2.610061,39
123,233,4.921070,9.358849,1
123,234,4.932569,9.389217,26
123,235,4.939602,9.421600,95
123,236,4.953528,9.447349,17
123,246,4.923861,9.876617,2
123,247,4.935846,9.902277,59
123,248,4.947149,9.932194,41
123,335,4.925264,13.437292,5
123,336,4.941491,13.452687,96
123,337,4.956012,13.489163,2
124,-202,4.985790,-8.053460,67
124,-201,4.976474,-8.025287,70
124,-200,4.975344,-7.987974,11
124,-199,4.964130,-7.949353,1
124,-109,4.991776,-4.327400,9
124,-108,4.981273,-4.299924,42
124,-107,4.976673,-4.268065,31
124,-106,4.964449,-4.235009,1
124,-101,4.979397,-4.006353,13
124,-100,4.979803,-3.976469,96
124,-99,4.980978,-3.954937,40
124,-98,4.985068,-3.906689,2
124,-97,4.981672,-3.867198,3
124,-27,4.976498,-1.043481,6
124,-26,4.979019,-1.027193,62
124,-25,4.977575,-0.991685,2
124,-19,4.973898,-0.725808,41
124,-18,4.985817,-0.717810,22
124,-17,4.963847,-0.674364,1
124,-16,4.978649,-0.612805,2
124,-15,4.978173,-0.576171,3
124,-14,4.989854,-0.534951,1
124,-12,4.965809,-0.455637,2
124,54,4.979285,2.189818,5
124,55,4.980120,2.217244,50
124,56,4.979457,2.248569,4
124,59,4.987282,2.364232,1
124,60,4.977465,2.430967,3
124,61,4.973846,2.459778,4
124,62,4.981664,2.503253,6
124,63,4.979654,2.538801,13
124,64,4.979266,2.588971,45
124,65,4.971601,2.605553,11
124,235,4.973552,9.426148,26
124,236,4.980140,9.460682,94
124,237,4.993739,9.485995,15
124,247,4.963917,9.914871,5
124,248,4.976959,9.944160,60
124,249,4.989503,9.970336,32
124,336,4.979131,13.470066,82
124,337,4.988680,13.486288,17
125,-203,5.027500,-8.091201,44
125,-202,5.017521,-8.063764,83
125,-201,5.017148,-8.026255,16
125,-200,5.013913,-7.986131,2
125,-110,5.035715,-4.364324,5
125,-109,5.024491,-4.338940,64
125,-108,5.020683,-4.303562,65
125,-107,5.010715,-4.277051,3
125,-101,5.009118,-4.001659,6
125,-100,5.020188,-3.976959,81
125,-99,5.021344,-3.954685,56
125,-98,5.023222,-3.913547,2
125,-97,5.030135,-3.840082,2
125,-27,5.006250,-1.040855,1
125,-26,5.019569,-1.023832,69
125,-23,5.013330,-0.909616,1
125,-19,5.013939,-0.728349,17
125,-18,5.019878,-0.715645,49
125,-16,5.019702,-0.620411,1
125,-15,5.015840,-0.562036,1
125,-11,5.004066,-0.428736,1
125,54,5.017719,2.193279,5
125,55,5.019778,2.220784,49
125,56,5.025918,2.252831,4
125,58,5.028204,2.326578,2
125,59,5.020623,2.378685,1
125,60,5.029834,2.417947,4
125,61,5.027307,2.466900,2
125,62,5.019491,2.502673,9
125,63,5.022791,2.538914,10
125,64,5.019107,2.579516,53
125,235,5.005016,9.439762,1
125,236,5.015252,9.468488,27
125,237,5.020196,9.499881,91
125,238,5.033721,9.525335,13
125,248,5.005173,9.955872,7
125,249,5.017514,9.981911,67
125,250,5.028772,10.006344,24
125,336,5.003810,13.478577,6
125,337,5.021108,13.493379,93
125,338,5.006462,13.520501,1
126,-204,5.069663,-8.127432,25
126,-203,5.057721,-8.101018,86
126,-202,5.055848,-8.065123,23
126,-201,5.054396,-8.023484,3
126,-110,5.064605,-4.374981,59
126,-109,5.058834,-4.340927,100
126,-108,5.048068,-4.314678,14
126,-100,5.059663,-3.975024,80
126,-99,5.060985,-3.952115,64
126,-98,5.054147,-3.897753,2
126,-97,5.074150,-3.878505,1
126,-96,5.060779,-3.811168,2
126,-26,5.060624,-1.020586,66
126,-25,5.055554,-0.982739,2
126,-24,5.044971,-0.957660,1
126,-19,5.052449,-0.731186,9
126,-18,5.060930,-0.712215,55
126,-17,5.063184,-0.664647,1
126,-16,5.075929,-0.605612,1
126,-15,5.062940,-0.575677,3
126,-13,5.044008,-0.514714,1
126,-12,5.061128,-0.456825,1
126,-11,5.048544,-0.430054,1
126,54,5.057673,2.196612,5
126,55,5.059176,2.224301,51
126,56,5.063294,2.259742,4
126,60,5.058675,2.409191,1
126,61,5.061175,2.466774,4
126,62,5.060605,2.502723,9
126,63,5.062866,2.544602,16
126,64,5.058964,2.569458,43
126,237,5.054346,9.506404,35
126,238,5.061195,9.539329,94
126,239,5.074725,9.565141,9
126,249,5.047083,9.992986,11
126,250,5.059578,10.020409,74
126,251,5.072771,10.044991,13
126,337,5.058596,13.509575,88
126,338,5.065947,13.528816,14
127,-205,5.113366,-8.166328,12
127,-204,5.099932,-8.139955,90
127,-203,5.094376,-8.105027,37
127,-202,5.091540,-8.065509,4
127,-201,5.085635,-8.039115,1
127,-111,5.107069,-4.409980,43
127,-110,5.100319,-4.379482,106
127,-109,5.089976,-4.351819,31
127,-100,5.099262,-3.972484,66
127,-99,5.100389,-3.950497,67
127,-98,5.107675,-3.906004,4
127,-97,5.105562,-3.858457,3
127,-26,5.099880,-1.016697,64
127,-25,5.101019,-0.979841,3
127,-19,5.098114,-0.735329,6
127,-18,5.100099,-0.708777,56
127,-16,5.118809,-0.609931,1
127,-15,5.091759,-0.568639,1
127,-14,5.100708,-0.536648,2
127,-11,5.095365,-0.415872,1
127,54,5.089543,2.198925,3
127,55,5.101366,2.227228,55
127,56,5.103269,2.259944,4
127,59,5.100159,2.388795,3
127,60,5.085508,2.408318,2
127,61,5.097825,2.458046,6
127,62,5.100063,2.498480,12
127,63,5.101964,2.548508,46
127,64,5.095931,2.564943,12
127,237,5.087481,9.515106,2
127,238,5.095623,9.546810,37
127,239,5.101745,9.578468,85
127,240,5.115167,9.602079,5
127,250,5.089390,10.031586,16
127,251,5.101305,10.058924,75
127,252,5.114857,10.082877,7
127,337,5.084601,13.518301,9
127,338,5.101261,13.533056,91
127,339,5.110146,13.566649,3
128,-206,5.154296,-8.205983,5
128,-205,5.141720,-8.177271,77
128,-204,5.135222,-8.146268,43
128,-203,5.137505,-8.108116,10
128,-202,5.127780,-8.070250,1
128,-112,5.150341,-4.446620,19
128,-111,5.141334,-4.418448,104
128,-110,5.133067,-4.389287,44
128,-100,5.138746,-3.970129,50
128,-99,5.140128,-3.948152,92
128,-98,5.139592,-3.897497,3
128,-96,5.150184,-3.832171,2
128,-26,5.139333,-1.013391,69
128,-24,5.155040,-0.940585,1
128,-19,5.142874,-0.731458,5
128,-18,5.139351,-0.705208,55
128,-14,5.130695,-0.554079,1
128,-13,5.136404,-0.503272,1
128,-12,5.157013,-0.443782,1
128,-11,5.134785,-0.418140,1
128,55,5.139540,2.229233,47
128,56,5.146160,2.254765,10
128,59,5.143395,2.391407,4
128,60,5.142523,2.427365,3
128,61,5.135341,2.467271,7
128,62,5.140308,2.498788,10
128,63,5.140571,2.541143,50
128,238,5.131415,9.554252,2
128,239,5.134567,9.584723,43
128,240,5.142474,9.616614,85
128,241,5.158258,9.641353,1
128,251,5.130783,10.070662,25
128,252,5.143218,10.096545,73
128,338,5.138409,13.549129,81
128,339,5.150030,13.566832,16
129,-207,5.198070,-8.242947,3
129,-206,5.182763,-8.214118,63
129,-205,5.176511,-8.184381,61
129,-204,5.176678,-8.142644,11
129,-203,5.181725,-8.110103,2
129,-113,5.195166,-4.484588,4
129,-112,5.182207,-4.457110,94
129,-111,5.175053,-4.426792,73
129,-100,5.177939,-3.967165,35
129,-99,5.180754,-3.946845,100
129,-98,5.186992,-3.895648,1
129,-97,5.188298,-3.870478,1
129,-96,5.181464,-3.803770,2
129,-26,5.180690,-1.009048,67
129,-25,5.184189,-0.988374,7
129,-24,5.184291,-0.947777,1
129,-19,5.182470,-0.728270,4
129,-18,5.178810,-0.700839,57
129,-17,5.165711,-0.654639,1
129,-15,5.171285,-0.591973,2
129,-14,5.180649,-0.554468,2
129,-13,5.187054,-0.510332,1
129,-11,5.188810,-0.402704,1
129,55,5.179297,2.231013,46
129,56,5.180283,2.251761,15
129,59,5.179065,2.373798,4
129,60,5.180837,2.423932,5
129,61,5.175417,2.464929,12
129,62,5.181439,2.507861,15
129,63,5.178727,2.532846,44
129,239,5.165799,9.589932,4
129,240,5.174890,9.625075,53
129,241,5.183781,9.654222,68
129,252,5.173474,10.108629,40
129,253,5.183886,10.133103,56
129,338,5.163441,13.557410,11
129,339,5.180741,13.571524,86
129,340,5.197354,13.605081,1
130,-207,5.225652,-8.252891,43
130,-206,5.217546,-8.223791,76
130,-205,5.216516,-8.183661,17
130,-204,5.225888,-8.142728,2
130,-113,5.223669,-4.494180,75
130,-112,5.216766,-4.464062,97
130,-111,5.206686,-4.439732,1
130,-100,5.217987,-3.967340,16
130,-99,5.219879,-3.944999,117
130,-98,5.219763,-3.898720,5
130,-97,5.226156,-3.849949,3
130,-26,5.219870,-1.006504,60
130,-25,5.229066,-0.993719,9
130,-24,5.206791,-0.920204,1
130,-19,5.221378,-0.724896,5
130,-18,5.220462,-0.697078,55
130,-17,5.224130,-0.672492,1
130,-15,5.220679,-0.599180,1
130,-14,5.217008,-0.541091,2
130,-13,5.230991,-0.491577,1
130,-11,5.222816,-0.405985,1
130,55,5.216541,2.231244,26
130,56,5.221113,2.249210,30
130,57,5.211649,2.288717,1
130,58,5.217495,2.351978,1
130,59,5.207128,2.374111,2
130,60,5.217951,2.418215,5
130,61,5.215862,2.458445,8
130,62,5.225111,2.507030,30
130,63,5.214196,2.525469,23
130,240,5.208451,9.630573,9
130,241,5.216055,9.664700,65
130,242,5.225265,9.691168,57
130,253,5.215463,10.146386,59
130,254,5.226967,10.171099,38
130,339,5.219337,13.588004,94
130,340,5.221278,13.607257,9
131,-208,5.266966,-8.290251,32
131,-207,5.259000,-8.261746,77
131,-206,5.254211,-8.224350,20
131,-205,5.253084,-8.185295,4
131,-114,5.267262,-4.530902,49
131,-113,5.258414,-4.502129,115
131,-112,5.243743,-4.475699,7
131,-100,5.257148,-3.962489,11
131,-99,5.260244,-3.941637,122
131,-98,5.270783,-3.907612,3
131,-97,5.253323,-3.875256,1
131,-96,5.267145,-3.824464,2
131,-26,5.258074,-1.004196,41
131,-25,5.260841,-0.996510,24
131,-23,5.249198,-0.908414,1
131,-19,5.258206,-0.721735,3
131,-18,5.259908,-0.693065,53
131,-17,5.264964,-0.658225,2
131,-15,5.259736,-0.579232,1
131,-14,5.267984,-0.540788,1
131,-11,5.255403,-0.430413,1
131,55,5.254260,2.230525,20
131,56,5.259932,2.249683,42
131,57,5.270685,2.280307,1
131,58,5.269522,2.351327,3
131,59,5.251961,2.384850,3
131,60,5.261266,2.422142,5
131,61,5.257016,2.461452,13
131,62,5.259960,2.508174,47
131,63,5.245470,2.522318,3
131,241,5.254557,9.670656,13
131,242,5.256398,9.703776,75
131,243,5.268018,9.729398,43
131,253,5.242000,10.158469,1
131,254,5.256904,10.183435,75
131,255,5.270385,10.207465,22
131,339,5.245920,13.597363,14
131,340,5.262822,13.610487,85
131,341,5.274276,13.647339,1
132,-209,5.310043,-8.327957,19
132,-208,5.299648,-8.299799,71
132,-207,5.294975,-8.265612,31
132,-206,5.293996,-8.225116,8
132,-205,5.282408,-8.184483,1
132,-115,5.311892,-4.567936,24
132,-114,5.299907,-4.540154,118
132,-113,5.286590,-4.513818,20
132,-99,5.299998,-3.939000,130
132,-98,5.305026,-3.904014,5
132,-97,5.299023,-3.862690,1
132,-95,5.299047,-3.796562,2
132,-26,5.297670,-1.002707,23
132,-25,5.301267,-0.994651,55
132,-24,5.316054,-0.940940,2
132,-19,5.282700,-0.720548,1
132,-18,5.300299,-0.690872,56
132,-15,5.283309,-0.583072,1
132,-14,5.308807,-0.534513,3
132,-13,5.289922,-0.497513,1
132,-10,5.298627,-0.391411,2
132,55,5.296211,2.231964,14
132,56,5.301457,2.250971,43
132,57,5.303151,2.282387,3
132,58,5.298680,2.352377,2
132,59,5.300351,2.383450,1
132,60,5.303182,2.423840,11
132,61,5.297183,2.459242,11
132,62,5.299147,2.499153,49
132,242,5.294833,9.708779,20
132,243,5.298460,9.742810,84
132,244,5.311568,9.766468,24
132,254,5.285183,10.195387,9
132,255,5.299961,10.220848,84
132,256,5.314682,10.244515,7
132,340,5.300305,13.624963,93
132,341,5.300165,13.648872,4
133,-210,5.350542,-8.365618,8
133,-209,5.341939,-8.338839,69
133,-208,5.335039,-8.306145,44
133,-207,5.341333,-8.267806,10
133,-206,5.340558,-8.227442,2
133,-116,5.353491,-4.604365,6
133,-115,5.342368,-4.577643,117
133,-114,5.329157,-4.550368,43
133,-99,5.340511,-3.934733,130
133,-98,5.338815,-3.897638,3
133,-97,5.346371,-3.858487,4
133,-96,5.332107,-3.834692,1
133,-26,5.340152,-1.001796,8
133,-25,5.341029,-0.992251,54
133,-24,5.349849,-0.942891,2
133,-23,5.346496,-0.888155,1
133,-18,5.337781,-0.688174,49
133,-17,5.350953,-0.676006,11
133,-15,5.341250,-0.578461,2
133,-12,5.327814,-0.479610,1
133,-11,5.356386,-0.416701,1
133,55,5.333799,2.219512,4
133,56,5.339034,2.252507,50
133,57,5.342634,2.286098,4
133,58,5.347914,2.340936,5
133,59,5.344472,2.385871,4
133,60,5.341259,2.421155,10
133,61,5.337972,2.465655,16
133,62,5.339277,2.492454,40
133,243,5.335893,9.746967,25
133,244,5.339914,9.780230,89
133,245,5.353856,9.804559,10
133,255,5.328773,10.233280,20
133,256,5.342089,10.257124,76
133,257,5.356681,10.280867,1
133,340,5.328092,13.635925,29
133,341,5.343838,13.648002,70
134,-211,5.393277,-8.404861,4
134,-210,5.381818,-8.376679,60
134,-209,5.377271,-8.342263,51
134,-208,5.379043,-8.303936,13
134,-207,5.376181,-8.253759,1
134,-116,5.383806,-4.614141,99
134,-115,5.373538,-4.588512,67
134,-99,5.380286,-3.930758,123
134,-98,5.391090,-3.905582,4
134,-97,5.384825,-3.879228,1
134,-96,5.381141,-3.816952,2
134,-95,5.396354,-3.788363,1
134,-26,5.361325,-1.000539,1
134,-25,5.378793,-0.990167,68
134,-18,5.378549,-0.688334,33
134,-17,5.382498,-0.676732,28
134,-16,5.380769,-0.633657,1
134,-15,5.391794,-0.571284,1
134,-14,5.370169,-0.529071,1
134,-13,5.395753,-0.484325,1
134,-10,5.382594,-0.375441,1
134,55,5.375822,2.223153,5
134,56,5.379882,2.255214,53
134,57,5.377150,2.289247,5
134,58,5.390570,2.331145,2
134,59,5.379173,2.383819,3
134,60,5.375212,2.422798,9
134,61,5.379605,2.466543,22
134,62,5.377382,2.486260,32
134,243,5.375210,9.758843,2
134,244,5.375352,9.785060,35
134,245,5.381175,9.816603,83
134,246,5.397988,9.841823,2
134,256,5.372644,10.270121,38
134,257,5.384851,10.292006,61
134,341,5.379806,13.662223,94
134,342,5.378304,13.688000,4
135,-212,5.437262,-8.444562,2
135,-211,5.423785,-8.414375,46
135,-210,5.418371,-8.380666,61
135,-209,5.413480,-8.343065,18
135,-208,5.415042,-8.297017,2
135,-207,5.400290,-8.271569,1
135,-117,5.425316,-4.650634,63
135,-116,5.415848,-4.626158,98
135,-99,5.418570,-3.927875,104
135,-98,5.421480,-3.915096,26
135,-97,5.413266,-3.866149,2
135,-95,5.430943,-3.790710,1
135,-25,5.419545,-0.986145,69
135,-24,5.429355,-0.942357,1
135,-22,5.412031,-0.857031,1
135,-18,5.416821,-0.690454,13
135,-17,5.420092,-0.674232,45
135,-15,5.432963,-0.576777,1
135,-14,5.404386,-0.526560,2
135,-13,5.426782,-0.513911,1
135,-12,5.426954,-0.467359,1
135,-10,5.404517,-0.380928,1
135,55,5.417417,2.226486,4
135,56,5.420705,2.258968,49
135,57,5.420004,2.294677,9
135,58,5.417629,2.344335,2
135,59,5.422623,2.380558,6
135,60,5.419132,2.418671,11
135,61,5.419017,2.468405,49
135,62,5.418603,2.482834,10
135,244,5.409794,9.794814,6
135,245,5.415335,9.824630,52
135,246,5.423703,9.853689,65
135,257,5.415479,10.307276,63
135,258,5.428930,10.327427,33
135,341,5.412664,13.674162,50
135,342,5.428605,13.687641,52
136,-212,5.465927,-8.452358,37
136,-211,5.459540,-8.419492,63
136,-210,5.456297,-8.383535,23
136,-209,5.453584,-8.346746,6
136,-208,5.449345,-8.307809,1
136,-118,5.469584,-4.687584,34
136,-117,5.457491,-4.662660,131
136,-116,5.447235,-4.633043,2
136,-99,5.458608,-3.925037,83
136,-98,5.463215,-3.916727,45
136,-97,5.454385,-3.867230,3
136,-96,5.457983,-3.833592,3
136,-25,5.459197,-0.982550,71
136,-24,5.443426,-0.941934,2
136,-18,5.455620,-0.689958,14
136,-17,5.460110,-0.670239,51
136,-14,5.456836,-0.558100,1
136,-13,5.475019,-0.517050,1
136,-11,5.460040,-0.402626,1
136,55,5.456070,2.229709,4
136,56,5.460381,2.263026,48
136,57,5.461574,2.297274,8
136,58,5.466036,2.342461,3
136,59,5.461248,2.384855,4
136,60,5.461503,2.416583,12
136,61,5.459206,2.463920,48
136,62,5.442478,2.481787,1
136,245,5.454281,9.829974,11
136,246,5.456253,9.864000,71
136,247,5.466883,9.889705,44
136,257,5.443529,10.316766,3
136,258,5.458627,10.341926,86
136,259,5.473020,10.364545,7
136,342,5.460465,13.697272,91
136,343,5.472996,13.724638,4
137,-213,5.506500,-8.489626,26
137,-212,5.499337,-8.459623,62
137,-211,5.495322,-8.425794,31
137,-210,5.497152,-8.388522,6
137,-209,5.499557,-8.344903,1
137,-119,5.514100,-4.725206,13
137,-118,5.499822,-4.699901,132
137,-117,5.487095,-4.676860,13
137,-99,5.497334,-3.923014,40
137,-98,5.501831,-3.914092,92
137,-97,5.505725,-3.858923,2
137,-96,5.492291,-3.809626,2
137,-95,5.508197,-3.781566,1
137,-25,5.500204,-0.979027,70
137,-24,5.497614,-0.950390,2
137,-18,5.500145,-0.688514,8
137,-17,5.500494,-0.667465,50
137,-16,5.493632,-0.622647,1
137,-14,5.503673,-0.559127,1
137,-13,5.508944,-0.514152,2
137,-12,5.504685,-0.470751,1
137,-10,5.490665,-0.364654,2
137,55,5.495485,2.232997,4
137,56,5.500023,2.265768,49
137,57,5.504743,2.295485,9
137,59,5.501646,2.380141,6
137,60,5.504122,2.422663,16
137,61,5.498913,2.458264,52
137,246,5.497708,9.866484,17
137,247,5.497647,9.902477,85
137,248,5.511062,9.924951,20
137,258,5.487886,10.353432,17
137,259,5.501769,10.375595,77
137,260,5.519430,10.400698,1
137,342,5.497880,13.712185,77
137,343,5.510170,13.726887,20
138,-214,5.549218,-8.527879,13
138,-213,5.540591,-8.500474,65
138,-212,5.537093,-8.465508,40
138,-211,5.539096,-8.424446,10
138,-210,5.535569,-8.382010,3
138,-120,5.556938,-4.762534,2
138,-119,5.542907,-4.736006,130
138,-118,5.528364,-4.712209,32
138,-99,5.531904,-3.920955,8
138,-98,5.540962,-3.913338,111
138,-97,5.540120,-3.865076,4
138,-96,5.559810,-3.818886,1
138,-95,5.542572,-3.783809,1
138,-25,5.540066,-0.976445,65
138,-24,5.538368,-0.951503,7
138,-23,5.539302,-0.913586,1
138,-18,5.538466,-0.698561,4
138,-17,5.540305,-0.663542,54
138,-15,5.543632,-0.565097,1
138,-14,5.558898,-0.547160,1
138,-13,5.536964,-0.501016,1
138,-12,5.528483,-0.454811,1
138,55,5.540308,2.236874,5
138,56,5.541335,2.267528,39
138,57,5.538722,2.293647,18
138,58,5.540546,2.344750,5
138,59,5.541531,2.384808,8
138,60,5.539719,2.425605,14
138,61,5.539920,2.454874,42
138,246,5.534112,9.879578,1
138,247,5.535825,9.904730,27
138,248,5.540241,9.939092,88
138,249,5.556538,9.963114,5
138,259,5.532948,10.390084,45
138,260,5.545700,10.410201,51
138,342,5.520715,13.719804,1
138,343,5.539994,13.732045,94
138,344,5.542338,13.763819,1
139,-215,5.592424,-8.567948,6
139,-214,5.581555,-8.540041,59
139,-213,5.578905,-8.501918,45
139,-212,5.578510,-8.460247,11
139,-211,5.580143,-8.420696,2
139,-120,5.585606,-4.772109,97
139,-119,5.571724,-4.750883,59
139,-98,5.579325,-3.909606,123
139,-97,5.576018,-3.871293,2
139,-96,5.579516,-3.820599,3
139,-25,5.579921,-0.972901,64
139,-24,5.580879,-0.948104,7
139,-23,5.577215,-0.894349,1
139,-18,5.581496,-0.694746,3
139,-17,5.579536,-0.660901,56
139,-13,5.582651,-0.504712,1
139,-10,5.566478,-0.388174,1
139,-9,5.590043,-0.350809,2
139,55,5.573929,2.238839,1
139,56,5.580425,2.268754,41
139,57,5.581632,2.294582,21
139,58,5.587667,2.339414,3
139,59,5.578365,2.389286,10
139,60,5.579321,2.428541,18
139,61,5.580166,2.449338,40
139,247,5.569634,9.911977,6
139,248,5.575708,9.945564,43
139,249,5.583745,9.974723,69
139,260,5.576463,10.425188,78
139,261,5.591808,10.445504,19
139,343,5.579290,13.747092,91
139,344,5.586853,13.771334,7
140,-216,5.632782,-8.605685,3
140,-215,5.621609,-8.577264,48
140,-214,5.619598,-8.538934,48
140,-213,5.616694,-8.499472,14
140,-212,5.614161,-8.456367,3
140,-211,5.603647,-8.421800,1
140,-121,5.629315,-4.808632,57
140,-120,5.614828,-4.787970,100
140,-119,5.608578,-4.755782,1
140,-98,5.619513,-3.905562,128
140,-97,5.623397,-3.855131,4
140,-96,5.611446,-3.801457,1
140,-95,5.617174,-3.774941,1
140,-25,5.619821,-0.970804,61
140,-24,5.617864,-0.948707,11
140,-18,5.624552,-0.691379,4
140,-17,5.620142,-0.656707,52
140,-16,5.610367,-0.611280,1
140,-14,5.619179,-0.546594,1
140,-13,5.617248,-0.501305,2
140,-12,5.624696,-0.449368,2
140,56,5.620846,2.271041,39
140,57,5.622099,2.294666,26
140,58,5.609725,2.351829,3
140,59,5.622364,2.384729,10
140,60,5.624545,2.426523,27
140,61,5.618696,2.444969,29
140,64,5.631332,2.572437,1
140,248,5.615712,9.948697,12
140,249,5.615646,9.984626,63
140,250,5.627077,10.009811,38
140,260,5.605208,10.435513,7
140,261,5.620454,10.458344,89
140,262,5.637032,10.481138,1
140,343,5.607490,13.757199,27
140,344,5.625244,13.768782,68
141,-217,5.676716,-8.643660,1
141,-216,5.662989,-8.614268,37
141,-215,5.659085,-8.581025,53
141,-214,5.654573,-8.548228,23
141,-213,5.652847,-8.507682,6
141,-212,5.657634,-8.461685,1
141,-122,5.672863,-4.845745,26
141,-121,5.657558,-4.824265,131
141,-120,5.657044,-4.794911,1
141,-98,5.660100,-3.901858,121
141,-97,5.651134,-3.864455,4
141,-96,5.673276,-3.815381,2
141,-95,5.661966,-3.776100,2
141,-25,5.659755,-0.967852,56
141,-24,5.662530,-0.950365,16
141,-22,5.650669,-0.868512,1
141,-18,5.663896,-0.688105,2
141,-17,5.659809,-0.652244,52
141,-16,5.669685,-0.633108,2
141,-14,5.660538,-0.544536,2
141,-13,5.650439,-0.487753,1
141,-10,5.675854,-0.373334,1
141,56,5.659118,2.271017,27
141,57,5.661814,2.294528,33
141,58,5.660742,2.340381,6
141,59,5.658844,2.381376,8
141,60,5.661787,2.429077,39
141,61,5.658070,2.446152,9
141,249,5.655459,9.985565,23
141,250,5.658355,10.022693,81
141,251,5.672394,10.044985,14
141,261,5.651863,10.471943,31
141,262,5.664827,10.491245,63
141,344,5.659336,13.780840,89
141,345,5.664936,13.806622,5
142,-217,5.704834,-8.653542,28
142,-216,5.699570,-8.620508,58
142,-215,5.695929,-8.586070,30
142,-214,5.697263,-8.541678,8
142,-213,5.699065,-8.492291,2
142,-123,5.715579,-4.883032,7
142,-122,5.700064,-4.859586,141
142,-121,5.685122,-4.833742,8
142,-98,5.700301,-3.898054,122
142,-97,5.703687,-3.867702,2
142,-96,5.699252,-3.828582,2
142,-95,5.706479,-3.795510,2
142,-25,5.698855,-0.966155,45
142,-24,5.701866,-0.951061,23
142,-23,5.700307,-0.906678,2
142,-18,5.697933,-0.685044,3
142,-17,5.698466,-0.650123,57
142,-16,5.717198,-0.639569,4
142,-13,5.701691,-0.488328,2
142,-9,5.691804,-0.336644,2
142,56,5.700636,2.269453,17
142,57,5.700067,2.293871,45
142,58,5.700240,2.339998,2
142,59,5.701550,2.380757,15
142,60,5.699943,2.426195,44
142,61,5.695144,2.443569,6
142,62,5.683596,2.499128,1
142,139,5.712377,5.581081,81
142,140,5.698649,5.619982,88
142,141,5.688967,5.659959,83
142,142,5.683723,5.700302,80
142,143,5.682799,5.740803,78
142,144,5.685989,5.780047,76
142,145,5.693915,5.820482,80
142,146,5.706228,5.860044,76
142,147,5.716319,5.886857,25
142,249,5.692835,9.991888,3
142,250,5.696782,10.023439,30
142,251,5.701432,10.057499,83
142,262,5.697100,10.506911,71
142,263,5.710096,10.526183,22
142,344,5.694868,13.793882,64
142,345,5.710131,13.806503,35
143,-218,5.748437,-8.689486,20
143,-217,5.738416,-8.659617,53
143,-216,5.737347,-8.624216,33
143,-215,5.740945,-8.579347,8
143,-214,5.731141,-8.533574,2
143,-123,5.742741,-4.894944,127
143,-122,5.726074,-4.874205,27
143,-98,5.739871,-3.894556,118
143,-97,5.734694,-3.858150,8
143,-95,5.740702,-3.769488,2
143,-25,5.738502,-0.964586,30
143,-24,5.739919,-0.951390,39
143,-23,5.727555,-0.912240,1
143,-18,5.739267,-0.682064,3
143,-17,5.740821,-0.649740,36
143,-16,5.740817,-0.637023,20
143,-15,5.731123,-0.599527,1
143,-14,5.738479,-0.533662,1
143,-13,5.749021,-0.491403,1
143,-12,5.732528,-0.442389,1
143,-11,5.739209,-0.428805,1
143,56,5.743712,2.270207,11
143,57,5.738951,2.293078,51
143,58,5.739958,2.334090,11
143,59,5.742020,2.380656,9
143,60,5.739727,2.422770,46
143,61,5.735671,2.448295,5
143,136,5.740766,5.478234,1
143,137,5.751629,5.508311,63
143,138,5.732329,5.540043,97
143,139,5.720911,5.561628,7
143,147,5.726967,5.905530,58
143,148,5.746631,5.939225,80
143,149,5.759943,5.960141,1
143,250,5.733523,10.028955,8
143,251,5.734551,10.064601,54
143,252,5.745546,10.090323,53
143,262,5.725388,10.517308,6
143,263,5.740889,10.538730,91
143,264,5.758277,10.560186,1
143,345,5.740486,13.814183,94
143,346,5.754226,13.845655,2
144,-219,5.788538,-8.727209,11
144,-218,5.781067,-8.699882,48
144,-217,5.777396,-8.661588,44
144,-216,5.779327,-8.624613,10
144,-215,5.776332,-8.589159,5
144,-214,5.769780,-8.544532,1
144,-124,5.786605,-4.930899,94
144,-123,5.769511,-4.911934,61
144,-98,5.779803,-3.891244,116
144,-97,5.787009,-3.874380,8
144,-96,5.784136,-3.810582,3
144,-95,5.785899,-3.779492,2
144,-25,5.775000,-0.963471,18
144,-24,5.780053,-0.951513,52
144,-23,5.788077,-0.914475,4
144,-17,5.779336,-0.649479,35
144,-16,5.780574,-0.633280,23
144,-14,5.772743,-0.532626,2
144,-12,5.767342,-0.474100,1
144,-9,5.790212,-0.342805,2
144,-8,5.799950,-0.316775,1
144,56,5.777886,2.260771,5
144,57,5.779907,2.295558,50
144,58,5.786135,2.330987,11
144,59,5.779551,2.373830,10
144,60,5.779960,2.420960,52
144,135,5.788426,5.433107,1
144,136,5.785853,5.464534,87
144,137,5.766783,5.488449,45
144,148,5.761902,5.956924,6
144,149,5.779148,5.979836,89
144,150,5.797136,6.002564,9
144,250,5.760771,10.038752,1
144,251,5.775579,10.065999,19
144,252,5.778138,10.104515,78
144,253,5.791888,10.127547,18
144,263,5.771788,10.553233,34
144,264,5.784103,10.569920,59
144,345,5.780325,13.828400,90
144,346,5.787781,13.848895,7
145,-220,5.831781,-8.767831,6
145,-219,5.820154,-8.738120,45
145,-218,5.820109,-8.699801,47
145,-217,5.815486,-8.667003,11
145,-216,5.820029,-8.629442,5
145,-215,5.828068,-8.587593,1
145,-125,5.830663,-4.967208,55
145,-124,5.813827,-4.948672,99
145,-123,5.804191,-4.917499,1
145,-98,5.820055,-3.888524,103
145,-97,5.821798,-3.871559,21
145,-96,5.811139,-3.831130,2
145,-95,5.825421,-3.774685,2
145,-25,5.819527,-0.961751,12
145,-24,5.819597,-0.950640,56
145,-23,5.820842,-0.912222,3
145,-17,5.817163,-0.647518,28
145,-16,5.820577,-0.631654,32
145,-12,5.813730,-0.475205,2
145,56,5.823709,2.266404,5
145,57,5.818251,2.296723,52
145,58,5.823123,2.333066,13
145,59,5.820945,2.377588,9
145,60,5.820762,2.418660,49
145,61,5.820505,2.475888,2
145,135,5.823997,5.426058,87
145,136,5.806557,5.445934,32
145,149,5.809984,5.986643,5
145,150,5.817085,6.021522,87
145,151,5.835363,6.045212,22
145,251,5.807561,10.072857,3
145,252,5.816978,10.103047,31
145,253,5.821617,10.138785,79
145,264,5.817452,10.586328,78
145,265,5.832048,10.604072,14
145,345,5.808283,13.837292,21
145,346,5.825096,13.848046,74
146,-221,5.869579,-8.803273,3
146,-220,5.862949,-8.776311,38
146,-219,5.860235,-8.739399,49
146,-218,5.851536,-8.710426,19
146,-217,5.859775,-8.665806,7
146,-216,5.857794,-8.609553,1
146,-126,5.875047,-5.004889,22
146,-125,5.857296,-4.984772,131
146,-124,5.854395,-4.954241,1
146,-98,5.859878,-3.886094,92
146,-97,5.862679,-3.872305,29
146,-96,5.851190,-3.836253,1
146,-95,5.870033,-3.763278,2
146,-24,5.860510,-0.947950,72
146,-23,5.859127,-0.909246,5
146,-17,5.856981,-0.652250,12
146,-16,5.861115,-0.630868,46
146,-15,5.855869,-0.587331,1
146,-14,5.861544,-0.520278,1
146,-12,5.871364,-0.477030,1
146,-11,5.850114,-0.421428,2
146,56,5.852103,2.267288,4
146,57,5.861925,2.300469,51
146,58,5.861484,2.332870,17
146,59,5.861393,2.382066,11
146,60,5.859651,2.416810,46
146,133,5.859692,5.339795,2
146,134,5.866479,5.391699,51
146,135,5.852478,5.408387,57
146,150,5.850516,6.030119,6
146,151,5.855749,6.062950,82
146,152,5.873369,6.087134,36
146,252,5.854895,10.109558,10
146,253,5.855342,10.144463,47
146,254,5.864114,10.169957,53
146,264,5.845159,10.596566,7
146,265,5.861136,10.615959,88
146,346,5.860111,13.859946,86
146,347,5.871978,13.885942,4
147,-221,5.903576,-8.815060,29
147,-220,5.901654,-8.779115,49
147,-219,5.895384,-8.745655,28
147,-218,5.898264,-8.698237,8
147,-217,5.909522,-8.667081,2
147,-216,5.887921,-8.631810,1
147,-127,5.917025,-5.041558,4
147,-126,5.899987,-5.019955,141
147,-125,5.886720,-4.995183,7
147,-98,5.899285,-3.885345,59
147,-97,5.901119,-3.873023,60
147,-96,5.896394,-3.820449,5
147,-95,5.887338,-3.790250,2
147,-24,5.900526,-0.945058,66
147,-23,5.901049,-0.897457,7
147,-22,5.912152,-0.870949,1
147,-17,5.900751,-0.648382,10
147,-16,5.900402,-0.627640,47
147,-14,5.895486,-0.527988,1
147,-13,5.880241,-0.512726,1
147,-12,5.887645,-0.460007,1
147,-9,5.903838,-0.342407,1
147,-8,5.902724,-0.307281,2
147,56,5.895246,2.265614,5
147,57,5.900534,2.301035,40
147,58,5.901720,2.331854,21
147,59,5.901833,2.382140,15
147,60,5.899020,2.414909,46
147,61,5.881195,2.473689,1
147,62,5.909105,2.485281,1
147,130,5.913855,5.226566,1
147,132,5.897251,5.302970,2
147,133,5.911874,5.339229,3
147,134,5.899437,5.377502,104
147,151,5.886241,6.072013,4
147,152,5.894939,6.104719,78
147,153,5.911575,6.129417,46
147,252,5.883041,10.117341,1
147,253,5.897560,10.145284,18
147,254,5.898129,10.183919,79
147,255,5.911857,10.204840,13
147,265,5.893511,10.631725,51
147,266,5.908215,10.647532,43
147,346,5.897230,13.872442,74
147,347,5.908671,13.886467,20
148,-223,5.957898,-8.881342,1
148,-222,5.944296,-8.853217,25
148,-221,5.939266,-8.820451,44
148,-220,5.938801,-8.784993,35
148,-219,5.940597,-8.737267,6
148,-218,5.932139,-8.703708,1
148,-217,5.949415,-8.677240,1
148,-127,5.942712,-5.055037,132
148,-126,5.926143,-5.033269,24
148,-98,5.937594,-3.883667,39
148,-97,5.941125,-3.871537,83
148,-96,5.941172,-3.832296,2
148,-95,5.926750,-3.780261,1
148,-94,5.927982,-3.756055,1
148,-24,5.939509,-0.941642,68
148,-23,5.939746,-0.903067,5
148,-22,5.929928,-0.850477,1
148,-17,5.938562,-0.653384,8
148,-16,5.939764,-0.623737,47
148,-12,5.929487,-0.461600,2
148,56,5.937182,2.272968,7
148,57,5.941954,2.304568,40
148,58,5.937333,2.336247,26
148,59,5.939752,2.385523,12
148,60,5.939603,2.414618,43
148,129,5.940038,5.187925,1
148,130,5.934249,5.206422,2
148,131,5.926589,5.269066,1
148,132,5.939785,5.299280,1
148,133,5.944668,5.353500,54
148,134,5.934430,5.365924,42
148,152,5.923449,6.114033,3
148,153,5.933696,6.145767,75
148,154,5.949796,6.171242,55
148,253,5.933660,10.149290,3
148,254,5.937148,10.182225,31
148,255,5.940771,10.216627,79
148,266,5.939644,10.661739,89
148,267,5.957705,10.681795,2
148,346,5.925886,13.879858,1
148,347,5.939810,13.890529,93
149,-223,5.987449,-8.891081,17
149,-222,5.978622,-8.860674,42
149,-221,5.978998,-8.821368,42
149,-220,5.977821,-8.787755,5
149,-219,5.973925,-8.747836,6
149,-218,5.980801,-8.700426,1
149,-128,5.986268,-5.091018,95
149,-127,5.970127,-5.072443,55
149,-98,5.977496,-3.883491,17
149,-97,5.980665,-3.870272,100
149,-96,5.977745,-3.823931,3
149,-95,5.984525,-3.788498,3
149,-94,5.970773,-3.757070,2
149,-24,5.979210,-0.939469,67
149,-23,5.987008,-0.896269,5
149,-17,5.981514,-0.653845,3
149,-16,5.981275,-0.622487,55
149,-15,5.985053,-0.574703,1
149,-13,5.990647,-0.503543,2
149,-12,5.997715,-0.462146,1
149,-11,5.967482,-0.406832,2
149,-8,5.998996,-0.298963,1
149,56,5.984291,2.273805,4
149,57,5.977340,2.307544,35
149,58,5.979520,2.336574,28
149,59,5.977918,2.387088,17
149,60,5.979627,2.414399,41
149,61,5.961916,2.478795,1
149,62,5.996537,2.495763,1
149,63,5.988851,2.537205,1
149,130,5.965223,5.208768,1
149,132,5.980460,5.300527,3
149,133,5.980090,5.347088,88
149,134,5.968300,5.362014,4
149,153,5.962658,6.157167,1
149,154,5.971495,6.187116,68
149,155,5.988093,6.213159,69
149,254,5.974200,10.188536,13
149,255,5.975718,10.226401,56
149,256,5.986075,10.248854,42
149,266,5.969147,10.675123,25
149,267,5.984585,10.690248,64
149,347,5.979160,13.903764,87
149,348,5.982313,13.924760,7
150,-224,6.029608,-8.928934,11
150,-223,6.019713,-8.900068,42
150,-222,6.019310,-8.859900,39
150,-221,6.011135,-8.830712,11
150,-220,6.018156,-8.787121,8
150,-219,6.012628,-8.723938,1
150,-129,6.030424,-5.127646,57
150,-128,6.013272,-5.109066,90
150,-127,6.015016,-5.074435,2
150,-98,6.011761,-3.881107,11
150,-97,6.019938,-3.867886,108
150,-96,6.023847,-3.824100,5
150,-95,6.027471,-3.773491,1
150,-94,6.026558,-3.750063,1
150,-24,6.019590,-0.937060,62
150,-23,6.019085,-0.904655,8
150,-22,6.034918,-0.878358,1
150,-17,6.026178,-0.657871,2
150,-16,6.019839,-0.619410,57
150,-13,6.019780,-0.514851,1
150,-12,6.011596,-0.445469,1
150,-9,6.022562,-0.326258,1
150,-8,6.024926,-0.285101,1
150,56,6.023556,2.272886,5
150,57,6.018363,2.309438,39
150,58,6.020491,2.338013,29
150,59,6.020244,2.384899,18
150,60,6.020045,2.414023,41
150,129,6.029787,5.189750,2
150,130,6.027213,5.206462,3
150,131,6.036221,5.253592,1
150,132,6.021822,5.308571,3
150,133,6.019392,5.340845,92
150,155,6.009478,6.228474,57
150,156,6.026219,6.254554,87
150,157,6.039646,6.281878,1
150,254,6.000420,10.190093,1
150,255,6.018054,10.221991,24
150,256,6.019442,10.262851,81
150,257,6.034424,10.283982,6
150,267,6.018691,10.707023,82
150,268,6.033202,10.724272,10
150,347,6.012944,13.914805,55
150,348,6.028665,13.926437,39
151,-225,6.068854,-8.965896,5
151,-224,6.060967,-8.938622,38
151,-223,6.061904,-8.898946,39
151,-222,6.052636,-8.868542,21
151,-221,6.060638,-8.819745,6
151,-220,6.077642,-8.771968,1
151,-219,6.044904,-8.747783,1
151,-130,6.074901,-5.164545,25
151,-129,6.057180,-5.145285,124
151,-128,6.050321,-5.111380,5
151,-97,6.060120,-3.867437,109
151,-96,6.063122,-3.827019,6
151,-95,6.077145,-3.791548,1
151,-94,6.069412,-3.750992,2
151,-24,6.059378,-0.933357,63
151,-23,6.061135,-0.912216,5
151,-22,6.056057,-0.875222,4
151,-21,6.057050,-0.817787,1
151,-17,6.061390,-0.654926,2
151,-16,6.060549,-0.615602,57
151,-15,6.058983,-0.595607,1
151,-12,6.049386,-0.447515,2
151,-10,6.075449,-0.387211,1
151,56,6.049637,2.277048,3
151,57,6.059176,2.310192,32
151,58,6.060356,2.338736,34
151,59,6.062247,2.387564,17
151,60,6.060318,2.414183,41
151,129,6.053127,5.199195,1
151,130,6.059140,5.218195,3
151,131,6.067559,5.272831,2
151,132,6.067144,5.309733,3
151,133,6.060069,5.338604,89
151,156,6.048085,6.271200,44
151,157,6.065157,6.297202,103
151,158,6.077377,6.323691,2
151,255,6.054387,10.230600,9
151,256,6.056757,10.264118,36
151,257,6.062976,10.293124,65
151,267,6.046295,10.716771,9
151,268,6.061808,10.733588,84
151,348,6.059601,13.932877,94
151,349,6.076891,13.966378,1
152,-226,6.112601,-9.007779,1
152,-225,6.103446,-8.977012,39
152,-224,6.099289,-8.940179,40
152,-223,6.095531,-8.906874,22
152,-222,6.104999,-8.857527,5
152,-221,6.089095,-8.833863,2
152,-220,6.110852,-8.796502,1
152,-131,6.119189,-5.201927,6
152,-130,6.099893,-5.181353,137
152,-129,6.094613,-5.149226,8
152,-97,6.100778,-3.864914,101
152,-96,6.097219,-3.831214,2
152,-95,6.089346,-3.782565,3
152,-24,6.099042,-0.930241,63
152,-23,6.105681,-0.904973,11
152,-22,6.101458,-0.867848,3
152,-17,6.103720,-0.651149,3
152,-16,6.098972,-0.616156,41
152,-15,6.102753,-0.595441,15
152,-13,6.107954,-0.488286,1
152,-10,6.101134,-0.396427,1
152,-8,6.106006,-0.284190,1
152,56,6.108247,2.274752,2
152,57,6.095515,2.311627,26
152,58,6.102449,2.338722,44
152,59,6.100336,2.388308,16
152,60,6.099626,2.414723,38
152,61,6.110068,2.448963,1
152,62,6.086467,2.506549,1
152,67,6.118431,2.681853,1
152,129,6.091559,5.191333,1
152,130,6.096083,5.213875,4
152,131,6.098565,5.256198,3
152,132,6.101337,5.301360,8
152,133,6.099685,5.339900,82
152,157,6.086849,6.312563,25
152,158,6.102500,6.338789,118
152,159,6.117615,6.364032,4
152,256,6.099246,10.266426,19
152,257,6.098435,10.305626,68
152,258,6.109550,10.325778,21
152,268,6.096296,10.750364,63
152,269,6.111533,10.764300,25
152,348,6.098547,13.946096,85
152,349,6.117800,13.970230,3
153,-227,6.156838,-9.046312,2
153,-226,6.144184,-9.014603,31
153,-225,6.140793,-8.981876,38
153,-224,6.137876,-8.943937,35
153,-223,6.137069,-8.898743,3
153,-222,6.133617,-8.870519,4
153,-221,6.144546,-8.821393,1
153,-131,6.141948,-5.215958,123
153,-130,6.129704,-5.190250,24
153,-97,6.140143,-3.862377,96
153,-96,6.137025,-3.823039,5
153,-95,6.126129,-3.766857,1
153,-94,6.122775,-3.744216,1
153,-24,6.138714,-0.927653,59
153,-23,6.143047,-0.911613,8
153,-22,6.142245,-0.861406,3
153,-17,6.151576,-0.647398,2
153,-16,6.140286,-0.613526,44
153,-15,6.138684,-0.594043,13
153,-13,6.134114,-0.496729,2
153,-12,6.128527,-0.446758,1
153,-11,6.139549,-0.430493,1
153,-8,6.144785,-0.309651,1
153,-7,6.141930,-0.268631,1
153,56,6.137234,2.279967,1
153,57,6.136050,2.310264,19
153,58,6.139764,2.337449,49
153,59,6.137535,2.387334,18
153,60,6.139275,2.414666,37
153,66,6.145549,2.642286,1
153,129,6.149636,5.198437,1
153,130,6.132545,5.214033,5
153,131,6.136016,5.253114,3
153,132,6.141430,5.304746,4
153,133,6.139734,5.341776,89
153,158,6.124876,6.354460,17
153,159,6.140104,6.380117,121
153,160,6.155553,6.403966,15
153,256,6.134200,10.270843,4
153,257,6.137201,10.302863,26
153,258,6.141041,10.336370,72
153,268,6.123641,10.759062,2
153,269,6.140661,10.776713,83
153,348,6.131826,13.955938,50
153,349,6.147542,13.966803,47
154,-227,6.186958,-9.054719,20
154,-226,6.180220,-9.023090,39
154,-225,6.180194,-8.980999,34
154,-224,6.181146,-8.943286,5
154,-223,6.168711,-8.898995,5
154,-222,6.178736,-8.846651,1
154,-132,6.184733,-5.252118,93
154,-131,6.171112,-5.231251,55
154,-130,6.171013,-5.192907,1
154,-97,6.179725,-3.859067,99
154,-96,6.174772,-3.820684,5
154,-95,6.174914,-3.775554,3
154,-94,6.166035,-3.745032,2
154,-24,6.178465,-0.926335,45
154,-23,6.182105,-0.913364,28
154,-22,6.182810,-0.855314,5
154,-21,6.186772,-0.833840,1
154,-17,6.189970,-0.644195,2
154,-16,6.180016,-0.609832,36
154,-15,6.181086,-0.590386,17
154,-11,6.173708,-0.432927,2
154,-10,6.193460,-0.372626,1
154,56,6.184854,2.276459,1
154,57,6.173587,2.307327,12
154,58,6.179318,2.337961,54
154,59,6.179288,2.381248,21
154,60,6.179053,2.416763,39
154,62,6.180665,2.513871,3
154,130,6.183302,5.221226,4
154,131,6.185604,5.242725,1
154,132,6.183321,5.307176,5
154,133,6.179268,5.344470,81
154,134,6.194870,5.360107,1
154,159,6.162577,6.396954,5
154,160,6.177391,6.421510,123
154,161,6.195061,6.445860,29
154,257,6.177801,10.307138,17
154,258,6.176890,10.347459,64
154,259,6.186514,10.368438,32
154,269,6.174051,10.791981,57
154,270,6.188722,10.805783,38
154,349,6.181083,13.974339,94
154,350,6.182554,14.002372,1
155,-228,6.229839,-9.092004,15
155,-227,6.220538,-9.061268,40
155,-226,6.218286,-9.018580,35
155,-225,6.213628,-8.989821,9
155,-224,6.219398,-8.944428,7
155,-223,6.203757,-8.909594,1
155,-222,6.213435,-8.872287,1
155,-133,6.229496,-5.289442,63
155,-132,6.213405,-5.268514,88
155,-131,6.212890,-5.235562,2
155,-97,6.219702,-3.855819,94
155,-96,6.222722,-3.824241,8
155,-95,6.211636,-3.773328,2
155,-94,6.216770,-3.738484,1
155,-24,6.219303,-0.924339,32
155,-23,6.219483,-0.913024,36
155,-22,6.216936,-0.860580,5
155,-17,6.229365,-0.640908,2
155,-16,6.218490,-0.607556,37
155,-15,6.221984,-0.588199,19
155,-12,6.226261,-0.475603,1
155,-10,6.231986,-0.380122,1
155,-7,6.215559,-0.269082,1
155,57,6.215206,2.308887,10
155,58,6.219630,2.338180,50
155,59,6.220645,2.377256,23
155,60,6.219454,2.416358,43
155,130,6.215238,5.221345,5
155,131,6.213515,5.263914,4
155,132,6.224086,5.302280,5
155,133,6.219485,5.345290,78
155,134,6.222137,5.361013,10
155,160,6.200977,6.439927,1
155,161,6.214935,6.463765,110
155,162,6.233198,6.487517,45
155,257,6.221093,10.315357,2
155,258,6.219157,10.342654,21
155,259,6.219661,10.380306,80
155,260,6.234000,10.401854,1
155,270,6.220146,10.819132,90
155,349,6.219516,13.986579,79
155,350,6.222980,14.007207,6
156,-229,6.270311,-9.131330,7
156,-228,6.261671,-9.099571,39
156,-227,6.261042,-9.057884,35
156,-226,6.251753,-9.026992,16
156,-225,6.263981,-8.975346,6
156,-224,6.240333,-8.937317,1
156,-223,6.248654,-8.898305,1
156,-134,6.272366,-5.325226,36
156,-133,6.256593,-5.305070,104
156,-132,6.254604,-5.273315,7
156,-97,6.259441,-3.852454,99
156,-96,6.256141,-3.828104,4
156,-95,6.261076,-3.781305,3
156,-94,6.262107,-3.746088,3
156,-24,6.258720,-0.923758,17
156,-23,6.259998,-0.911262,57
156,-22,6.256042,-0.850695,4
156,-16,6.259752,-0.606345,28
156,-15,6.261447,-0.589569,25
156,-14,6.257930,-0.548080,1
156,-12,6.256430,-0.477344,1
156,-11,6.267812,-0.422939,2
156,-8,6.270654,-0.292561,1
156,-7,6.262144,-0.251722,1
156,56,6.258679,2.269330,1
156,57,6.260422,2.301603,6
156,58,6.258621,2.337728,50
156,59,6.261466,2.372992,27
156,60,6.260057,2.418443,46
156,63,6.274229,2.529064,1
156,130,6.268884,5.227183,7
156,131,6.267030,5.263845,2
156,132,6.252657,5.319171,3
156,133,6.260724,5.346851,74
156,134,6.260672,5.362682,12
156,162,6.252378,6.506258,96
156,163,6.271473,6.530230,68
156,258,6.255783,10.347385,15
156,259,6.256342,10.386854,47
156,260,6.263720,10.409078,46
156,270,6.251712,10.833520,43
156,271,6.267241,10.846414,44
156,349,6.251591,13.996188,53
156,350,6.268051,14.005941,44
157,-230,6.312383,-9.167187,5
157,-229,6.301902,-9.137167,37
157,-228,6.300491,-9.100186,33
157,-227,6.295273,-9.067045,25
157,-226,6.297473,-9.014076,5
157,-225,6.300880,-8.992443,2
157,-224,6.284408,-8.924718,1
157,-135,6.316785,-5.363934,11
157,-134,6.299252,-5.341879,125
157,-133,6.294411,-5.311674,10
157,-97,6.299930,-3.849533,97
157,-96,6.297295,-3.819120,8
157,-95,6.296391,-3.779345,1
157,-94,6.313072,-3.743420,2
157,-24,6.298458,-0.921724,11
157,-23,6.300349,-0.909281,60
157,-22,6.301683,-0.868242,1
157,-21,6.297998,-0.836805,3
157,-16,6.295413,-0.607406,18
157,-15,6.302735,-0.589553,36
157,-13,6.280192,-0.487369,1
157,-11,6.302645,-0.417797,2
157,-9,6.314623,-0.357653,1
157,57,6.298822,2.295829,4
157,58,6.299172,2.338642,43
157,59,6.300092,2.371696,31
157,60,6.300232,2.417922,47
157,64,6.319249,2.578359,1
157,130,6.316887,5.229521,3
157,131,6.306969,5.271085,3
157,132,6.295224,5.297106,5
157,133,6.300455,5.348783,70
157,134,6.299063,5.364012,14
157,163,6.290081,6.549411,72
157,164,6.309280,6.572706,89
157,258,6.298157,10.356076,2
157,259,6.298122,10.382467,17
157,260,6.298908,10.421750,78
157,261,6.315177,10.442125,5
157,271,6.300162,10.860863,89
157,350,6.299445,14.013836,88
158,-231,6.350238,-9.203367,2
158,-230,6.343019,-9.176396,30
158,-229,6.340512,-9.141344,32
158,-228,6.336953,-9.102612,32
158,-227,6.327154,-9.058668,2
158,-226,6.339065,-9.028986,5
158,-225,6.357573,-8.978769,1
158,-224,6.320709,-8.951537,1
158,-136,6.359611,-5.402034,1
158,-135,6.341165,-5.377468,121
158,-134,6.332638,-5.350105,23
158,-133,6.325525,-5.319765,1
158,-97,6.339093,-3.847180,78
158,-96,6.343336,-3.832108,20
158,-95,6.340587,-3.781266,2
158,-94,6.352969,-3.740382,3
158,-23,6.338801,-0.908123,71
158,-22,6.346203,-0.868281,2
158,-21,6.342321,-0.829804,3
158,-16,6.332399,-0.614396,6
158,-15,6.340132,-0.588503,54
158,-12,6.347662,-0.462588,1
158,-7,6.327710,-0.253616,1
158,57,6.346841,2.302392,6
158,58,6.340067,2.340134,45
158,59,6.340237,2.375222,33
158,60,6.338459,2.421375,47
158,130,6.341937,5.235060,3
158,131,6.329070,5.261789,2
158,133,6.339155,5.350529,60
158,134,6.339843,5.364108,24
158,164,6.327306,6.591304,53
158,165,6.346060,6.614489,106
158,259,6.334444,10.387753,13
158,260,6.335176,10.426363,36
158,261,6.343544,10.449330,56
158,271,6.331096,10.874367,41
158,272,6.346982,10.886263,48
158,350,6.338139,14.024823,86
158,351,6.351466,14.046312,6
159,-231,6.383956,-9.216175,26
159,-230,6.380310,-9.180850,35
159,-229,6.377838,-9.140669,33
159,-228,6.372873,-9.113295,4
159,-227,6.374481,-9.059904,6
159,-226,6.395013,-9.006428,1
159,-136,6.383900,-5.414103,98
159,-135,6.372434,-5.390044,49
159,-134,6.370216,-5.354071,2
159,-97,6.379172,-3.845979,57
159,-96,6.381058,-3.834550,42
159,-95,6.376319,-3.781841,4
159,-94,6.398270,-3.727417,1
159,-23,6.379956,-0.905357,73
159,-22,6.381717,-0.870342,4
159,-21,6.379892,-0.823870,2
159,-16,6.371243,-0.610715,7
159,-15,6.380320,-0.586089,51
159,-12,6.397416,-0.462023,1
159,-10,6.367141,-0.363279,1
159,-6,6.385666,-0.234346,1
159,57,6.383368,2.307099,2
159,58,6.380316,2.343751,38
159,59,6.381488,2.376445,35
159,60,6.378049,2.421442,48
159,61,6.381786,2.448141,5
159,63,6.372306,2.540823,1
159,130,6.381560,5.233825,3
159,131,6.369053,5.256830,4
159,132,6.368442,5.301506,4
159,133,6.379190,5.352078,63
159,134,6.380024,5.365979,25
159,165,6.364175,6.632958,38
159,166,6.383664,6.657090,128
159,259,6.377078,10.397703,2
159,260,6.378061,10.422879,18
159,261,6.378572,10.463148,72
159,262,6.391904,10.482185,6
159,272,6.379949,10.900896,93
159,350,6.374801,14.035204,62
159,351,6.391710,14.045379,32
160,-232,6.425158,-9.253464,18
160,-231,6.418257,-9.221789,39
160,-230,6.421608,-9.180754,32
160,-229,6.409306,-9.150497,9
160,-228,6.416460,-9.092352,7
160,-226,6.433045,-9.034524,1
160,-137,6.426877,-5.450312,72
160,-136,6.413941,-5.426950,72
160,-135,6.414334,-5.394188,3
160,-97,6.417690,-3.844461,40
160,-96,6.421366,-3.834131,60
160,-95,6.426427,-3.784725,4
160,-94,6.428809,-3.741601,3
160,-23,6.420715,-0.902172,68
160,-22,6.416652,-0.870415,5
160,-21,6.424619,-0.818478,1
160,-16,6.415931,-0.613310,4
160,-15,6.421613,-0.583062,56
160,-14,6.402059,-0.534016,1
160,-12,6.416622,-0.472971,1
160,-11,6.414344,-0.411274,2
160,-10,6.407919,-0.399085,1
160,-9,6.439072,-0.342274,1
160,-7,6.400283,-0.274960,1
160,57,6.412374,2.306611,3
160,58,6.421033,2.345041,38
160,59,6.420119,2.379379,35
160,60,6.420418,2.422673,43
160,61,6.421365,2.441872,10
160,63,6.437434,2.534658,1
160,130,6.425678,5.232195,1
160,131,6.412619,5.249149,4
160,132,6.414911,5.299984,4
160,133,6.417707,5.354214,47
160,134,6.423492,5.365635,37
160,166,6.402954,6.676313,20
160,167,6.420946,6.699426,142
160,168,6.438334,6.722788,7
160,260,6.414284,10.427350,12
160,261,6.416206,10.466030,40
160,262,6.422691,10.490475,56
160,272,6.411093,10.914077,43
160,273,6.428058,10.925263,43
160,351,6.420984,14.051108,90
161,-233,6.466036,-9.288623,16
161,-232,6.459319,-9.259954,38
161,-231,6.460975,-9.218639,35
161,-230,6.455692,-9.185716,12
161,-229,6.456674,-9.139455,4
161,-228,6.454236,-9.113882,3
161,-227,6.471684,-9.063069,1
161,-138,6.470565,-5.488420,40
161,-137,6.456637,-5.465445,100
161,-136,6.451279,-5.434006,6
161,-97,6.459023,-3.843066,26
161,-96,6.460908,-3.831802,75
161,-95,6.461343,-3.793166,3
161,-94,6.452760,-3.741982,2
161,-23,6.459976,-0.899392,69
161,-22,6.458678,-0.866512,7
161,-16,6.458858,-0.614375,3
161,-15,6.460200,-0.581786,45
161,-14,6.467850,-0.558467,7
161,-12,6.472285,-0.449225,1
161,-10,6.448624,-0.395973,1
161,57,6.455954,2.311106,4
161,58,6.459426,2.349697,33
161,59,6.461065,2.379201,37
161,60,6.461411,2.423552,47
161,61,6.461994,2.443789,8
161,63,6.473378,2.552948,1
161,130,6.478187,5.238618,1
161,131,6.455575,5.258543,7
161,132,6.457910,5.298629,4
161,133,6.457943,5.348030,22
161,134,6.460456,5.365464,65
161,167,6.442521,6.716421,6
161,168,6.457388,6.740883,138
161,169,6.476207,6.764448,25
161,260,6.456583,10.435612,2
161,261,6.461261,10.462545,17
161,262,6.459077,10.503158,80
161,263,6.474758,10.523358,5
161,273,6.460266,10.939091,89
161,351,6.459440,14.061960,84
161,352,6.465509,14.083922,4
162,-234,6.512649,-9.326868,7
162,-233,6.501145,-9.299446,40
162,-232,6.500147,-9.260197,27
162,-231,6.496372,-9.227283,20
162,-230,6.515287,-9.173714,4
162,-229,6.494513,-9.144552,3
162,-228,6.510947,-9.092076,1
162,-139,6.512562,-5.525210,19
162,-138,6.498641,-5.502653,111
162,-137,6.492134,-5.469757,14
162,-136,6.480083,-5.432661,1
162,-97,6.492652,-3.840914,12
162,-96,6.501615,-3.830133,87
162,-95,6.496635,-3.780234,4
162,-94,6.502296,-3.735704,3
162,-23,6.500543,-0.895919,71
162,-22,6.505210,-0.869155,7
162,-21,6.494301,-0.830223,1
162,-16,6.499641,-0.617580,1
162,-15,6.499744,-0.580918,45
162,-14,6.499310,-0.555105,9
162,-9,6.506830,-0.345872,1
162,-6,6.512646,-0.216484,1
162,57,6.500033,2.316562,3
162,58,6.497168,2.351531,31
162,59,6.501365,2.380205,35
162,60,6.500702,2.424263,43
162,61,6.501723,2.444485,12
162,131,6.499190,5.256724,5
162,132,6.501694,5.307899,4
162,133,6.500698,5.350761,18
162,134,6.500468,5.367774,67
162,168,6.483254,6.755295,4
162,169,6.494986,6.783473,122
162,170,6.513955,6.807484,46
162,261,6.497114,10.465997,11
162,262,6.494478,10.507721,35
162,263,6.504445,10.529923,55
162,273,6.494199,10.953844,55
162,274,6.511104,10.964267,33
162,351,6.498778,14.072765,82
162,352,6.505556,14.089403,12
163,-234,6.543495,-9.336773,36
163,-233,6.540719,-9.300266,34
163,-232,6.535120,-9.261841,24
163,-231,6.554378,-9.220983,3
163,-230,6.547351,-9.186407,4
163,-229,6.550850,-9.121554,1
163,-140,6.556492,-5.564213,6
163,-139,6.540037,-5.538950,113
163,-138,6.533612,-5.507491,24
163,-137,6.541136,-5.477764,1
163,-96,6.539733,-3.828096,99
163,-95,6.540061,-3.783884,5
163,-94,6.537135,-3.731721,3
163,-23,6.540587,-0.892590,67
163,-22,6.546064,-0.862930,6
163,-16,6.532984,-0.615569,2
163,-15,6.540718,-0.576414,44
163,-14,6.541019,-0.550616,9
163,-13,6.551740,-0.519414,1
163,-12,6.550497,-0.452129,2
163,-10,6.552513,-0.390871,3
163,-7,6.533857,-0.256822,1
163,58,6.539712,2.350426,32
163,59,6.541197,2.381959,44
163,60,6.540954,2.426870,40
163,61,6.538045,2.448470,14
163,63,6.548575,2.550176,1
163,64,6.557666,2.563376,1
163,131,6.546048,5.260576,6
163,132,6.538676,5.297392,4
163,133,6.539852,5.350654,13
163,134,6.541271,5.369900,71
163,170,6.532538,6.825671,103
163,171,6.551247,6.849839,68
163,261,6.537959,10.474387,2
163,262,6.536734,10.500399,19
163,263,6.540244,10.543397,78
163,264,6.555351,10.563479,3
163,274,6.539671,10.975712,90
163,351,6.524015,14.078936,11
163,352,6.542908,14.087778,81
164,-235,6.585147,-9.373456,26
164,-234,6.579779,-9.340038,38
164,-233,6.577301,-9.302469,24
164,-232,6.573634,-9.273874,6
164,-231,6.589098,-9.224367,4
164,-229,6.591413,-9.151521,1
164,-141,6.598474,-5.601423,2
164,-140,6.582485,-5.575651,101
164,-139,6.574266,-5.547026,44
164,-138,6.561936,-5.512287,2
164,-96,6.579584,-3.825374,97
164,-95,6.565603,-3.777718,2
164,-94,6.581428,-3.747457,2
164,-93,6.571538,-3.716884,1
164,-23,6.579392,-0.889501,66
164,-22,6.579133,-0.864738,9
164,-21,6.597953,-0.839059,1
164,-16,6.581951,-0.611483,2
164,-15,6.580614,-0.574034,44
164,-14,6.582964,-0.548220,9
164,-10,6.592028,-0.378768,1
164,-9,6.566939,-0.326471,1
164,57,6.571831,2.316450,4
164,58,6.578604,2.351213,16
164,59,6.581780,2.380507,53
164,60,6.581128,2.429363,40
164,61,6.579467,2.447927,15
164,64,6.577545,2.565437,1
164,131,6.579398,5.264169,4
164,132,6.577076,5.305294,2
164,133,6.581295,5.348738,14
164,134,6.580662,5.372302,70
164,171,6.570067,6.868263,82
164,172,6.588331,6.892626,88
164,262,6.576238,10.507603,14
164,263,6.575961,10.547365,37
164,264,6.583829,10.567969,47
164,274,6.576779,10.991857,77
164,275,6.593217,11.002594,16
164,352,6.580980,14.097598,87
165,-236,6.626165,-9.408087,12
165,-235,6.619551,-9.379576,38
165,-234,6.619089,-9.342651,34
165,-233,6.611638,-9.307534,10
165,-232,6.621089,-9.253400,4
165,-231,6.600590,-9.210391,1
165,-230,6.632649,-9.181985,1
165,-141,6.624744,-5.612464,71
165,-140,6.615103,-5.587401,62
165,-139,6.609709,-5.551356,6
165,-96,6.619825,-3.821833,95
165,-95,6.624285,-3.782819,7
165,-94,6.610680,-3.748114,4
165,-93,6.620958,-3.716947,2
165,-23,6.618731,-0.887527,59
165,-22,6.624953,-0.870543,20
165,-20,6.600646,-0.784704,1
165,-16,6.632384,-0.607274,2
165,-15,6.619810,-0.571672,46
165,-14,6.621257,-0.545973,12
165,-11,6.600268,-0.435502,1
165,58,6.616025,2.349018,11
165,59,6.618748,2.379156,51
165,60,6.622290,2.422611,38
165,61,6.621311,2.446001,26
165,131,6.618382,5.266621,6
165,132,6.614262,5.300681,4
165,133,6.616490,5.338675,8
165,134,6.619629,5.373661,77
165,172,6.608125,6.910198,66
165,173,6.626313,6.936110,113
165,262,6.614562,10.513181,3
165,263,6.620336,10.538212,18
165,264,6.619142,10.581073,78
165,265,6.639112,10.603444,1
165,274,6.602657,10.998720,1
165,275,6.619650,11.011633,88
165,352,6.619778,14.107753,81
165,353,6.619016,14.124831,6
166,-237,6.670909,-9.442157,5
166,-236,6.659482,-9.418173,37
166,-235,6.659393,-9.380673,36
166,-234,6.653934,-9.344839,15
166,-233,6.661913,-9.290384,5
166,-232,6.648253,-9.260566,3
166,-231,6.674580,-9.212962,1
166,-142,6.667205,-5.650519,49
166,-141,6.656197,-5.624904,90
166,-140,6.652660,-5.588868,10
166,-96,6.659077,-3.818771,95
166,-95,6.652152,-3.789161,3
166,-94,6.672653,-3.738590,3
166,-93,6.655300,-3.711791,1
166,-23,6.659631,-0.886203,41
166,-22,6.660518,-0.872033,36
166,-21,6.645162,-0.804236,1
166,-15,6.659235,-0.568547,43
166,-14,6.662158,-0.545332,12
166,-9,6.651283,-0.327871,1
166,-6,6.671563,-0.238124,1
166,-5,6.643229,-0.198115,1
166,58,6.657828,2.349754,8
166,59,6.660165,2.376320,51
166,60,6.660532,2.415985,38
166,61,6.660358,2.447190,32
166,62,6.648664,2.507457,1
166,65,6.678670,2.623131,1
166,131,6.669434,5.272395,5
166,132,6.660555,5.307528,4
166,133,6.661835,5.347502,7
166,134,6.659553,5.376293,76
166,173,6.646739,6.951755,38
166,174,6.663037,6.977930,132
166,175,6.678718,7.003036,6
166,263,6.658207,10.546006,17
166,264,6.656220,10.589045,48
166,265,6.664157,10.607041,37
166,275,6.659568,11.028656,89
166,276,6.676479,11.040648,2
166,352,6.654084,14.116244,55
166,353,6.669208,14.124815,35
167,-238,6.713635,-9.485652,2
167,-237,6.703385,-9.455418,32
167,-236,6.698918,-9.420118,39
167,-235,6.695533,-9.380717,22
167,-234,6.698473,-9.347406,2
167,-233,6.700798,-9.308836,4
167,-232,6.701037,-9.256959,2
167,-143,6.711249,-5.688540,28
167,-142,6.697837,-5.662715,99
167,-141,6.692339,-5.628048,15
167,-96,6.699738,-3.815492,99
167,-95,6.702307,-3.783461,10
167,-94,6.698442,-3.745490,3
167,-93,6.706688,-3.711659,2
167,-23,6.698315,-0.884912,30
167,-22,6.701608,-0.872492,44
167,-21,6.710342,-0.838107,2
167,-16,6.684357,-0.602938,2
167,-15,6.700160,-0.566268,38
167,-14,6.700592,-0.544971,18
167,-13,6.707398,-0.504252,1
167,-12,6.703053,-0.442760,1
167,-11,6.695044,-0.429701,1
167,-10,6.697612,-0.373981,3
167,-8,6.698388,-0.310229,1
167,58,6.701920,2.341956,6
167,59,6.700191,2.378453,43
167,60,6.698599,2.418512,45
167,61,6.700208,2.449287,34
167,64,6.691716,2.571824,2
167,131,6.705007,5.276786,2
167,132,6.690091,5.293219,4
167,133,6.698383,5.342272,7
167,134,6.699823,5.378856,77
167,174,6.687089,6.993086,24
167,175,6.700355,7.020050,136
167,176,6.716162,7.045460,16
167,263,6.697535,10.551313,4
167,264,6.701724,10.577525,19
167,265,6.700303,10.617047,82
167,275,6.686279,11.037700,13
167,276,6.702658,11.047697,74
167,352,6.691713,14.114242,1
167,353,6.699967,14.130643,89
168,-238,6.743024,-9.494101,24
168,-237,6.740218,-9.460103,37
168,-236,6.739457,-9.422432,26
168,-235,6.736558,-9.392184,8
168,-234,6.741291,-9.336411,4
168,-233,6.724203,-9.307353,2
168,-232,6.756797,-9.268943,1
168,-144,6.753532,-5.724626,15
168,-143,6.740627,-5.700479,101
168,-142,6.733844,-5.667516,32
168,-141,6.735442,-5.631674,2
168,-96,6.740348,-3.812217,95
168,-95,6.743943,-3.786951,5
168,-94,6.751624,-3.737423,2
168,-93,6.737240,-3.706807,1
168,-23,6.737128,-0.883761,17
168,-22,6.741037,-0.872341,58
168,-21,6.735740,-0.831038,6
168,-15,6.736753,-0.566016,28
168,-14,6.742466,-0.549588,27
168,-11,6.731835,-0.421419,1
168,-10,6.742497,-0.360739,1
168,58,6.734685,2.333544,4
168,59,6.740325,2.378691,48
168,60,6.740070,2.416921,42
168,61,6.739967,2.450386,41
168,68,6.731852,2.721866,1
168,131,6.728980,5.274321,2
168,132,6.740208,5.291671,5
168,133,6.735176,5.347228,9
168,134,6.739818,5.381109,78
168,175,6.724529,7.032991,12
168,176,6.737333,7.061330,129
168,177,6.753286,7.087795,37
168,263,6.729115,10.559041,1
168,264,6.740964,10.584786,17
168,265,6.737741,10.628866,58
168,266,6.748781,10.644860,22
168,276,6.740027,11.062766,94
168,353,6.739543,14.140352,90
169,-239,6.784572,-9.528606,15
169,-238,6.780201,-9.499537,38
169,-237,6.779611,-9.461075,30
169,-236,6.779741,-9.426663,11
169,-235,6.782487,-9.364464,4
169,-234,6.766885,-9.336123,2
169,-233,6.798025,-9.295916,1
169,-145,6.794970,-5.763576,4
169,-144,6.781774,-5.737823,94
169,-143,6.775162,-5.705715,39
169,-142,6.772123,-5.679982,1
169,-96,6.780122,-3.809294,92
169,-95,6.779522,-3.786184,10
169,-94,6.777224,-3.740310,5
169,-93,6.790793,-3.706472,2
169,-23,6.775278,-0.881743,11
169,-22,6.781291,-0.869396,64
169,-21,6.786664,-0.831243,3
169,-15,6.782820,-0.565233,12
169,-14,6.778551,-0.548920,41
169,-5,6.777639,-0.179225,1
169,58,6.772813,2.339264,3
169,59,6.779878,2.382062,40
169,60,6.779446,2.415985,34
169,61,6.780486,2.450935,50
169,64,6.795893,2.591633,1
169,131,6.776211,5.275114,1
169,132,6.776438,5.292828,6
169,133,6.777542,5.343284,12
169,134,6.780096,5.383766,78
169,176,6.764284,7.070246,6
169,177,6.775435,7.103310,119
169,178,6.791035,7.129779,54
169,264,6.779779,10.585696,5
169,265,6.774678,10.621843,23
169,266,6.781251,10.652763,67
169,276,6.771789,11.075101,51
169,277,6.789998,11.083977,45
169,353,6.780296,14.150165,83
169,354,6.779445,14.165193,8
170,-240,6.830217,-9.562932,1
170,-239,6.820866,-9.537721,40
170,-238,6.819182,-9.499107,33
170,-237,6.820516,-9.465487,16
170,-236,6.830962,-9.423163,2
170,-235,6.820815,-9.389017,5
170,-234,6.827106,-9.340576,2
170,-145,6.823351,-5.775390,76
170,-144,6.815314,-5.746250,59
170,-143,6.813942,-5.711039,7
170,-96,6.819692,-3.807513,77
170,-95,6.820168,-3.792373,28
170,-94,6.831663,-3.731920,2
170,-93,6.817412,-3.701930,1
170,-23,6.800907,-0.880299,1
170,-22,6.820072,-0.867735,73
170,-21,6.822013,-0.824860,2
170,-15,6.811005,-0.571084,9
170,-14,6.819391,-0.549176,48
170,-13,6.833693,-0.519032,3
170,-8,6.817267,-0.301400,2
170,-6,6.813694,-0.218849,1
170,58,6.819753,2.344676,3
170,59,6.818873,2.383118,37
170,60,6.818872,2.415693,44
170,61,6.820257,2.454076,49
170,132,6.821909,5.295972,7
170,133,6.823963,5.354148,8
170,134,6.820451,5.386669,75
170,177,6.802550,7.103086,3
170,178,6.813212,7.145187,102
170,179,6.828625,7.172272,76
170,264,6.819196,10.596956,2
170,265,6.819677,10.622359,22
170,266,6.818024,10.665718,70
170,267,6.829751,10.682750,7
170,277,6.819674,11.095009,86
170,353,6.810770,14.157105,35
170,354,6.826084,14.164557,48
171,-240,6.861950,-9.570801,23
171,-239,6.859433,-9.542054,41
171,-238,6.858752,-9.503224,24
171,-237,6.853855,-9.460380,2
171,-236,6.855773,-9.417730,4
171,-235,6.858648,-9.387633,1
171,-146,6.865466,-5.812927,56
171,-145,6.856524,-5.784396,78
171,-144,6.850944,-5.746959,11
171,-96,6.859748,-3.806372,52
171,-95,6.860994,-3.792917,49
171,-94,6.858402,-3.738939,4
171,-93,6.865030,-3.706999,3
171,-22,6.860035,-0.864617,78
171,-21,6.863978,-0.830822,4
171,-20,6.850220,-0.790995,1
171,-15,6.866929,-0.574596,2
171,-14,6.860938,-0.547599,43
171,-13,6.865091,-0.512086,7
171,-11,6.857678,-0.415500,3
171,-10,6.849240,-0.360801,2
171,-9,6.845066,-0.347968,1
171,58,6.853871,2.348189,4
171,59,6.859547,2.385136,36
171,60,6.860577,2.419671,44
171,61,6.859954,2.456620,49
171,132,6.859303,5.300287,7
171,133,6.860037,5.346111,6
171,134,6.860172,5.387207,79
171,178,6.845430,7.152558,2
171,179,6.851547,7.186734,79
171,180,6.866806,7.213834,97
171,265,6.857863,10.624412,9
171,266,6.855261,10.666495,37
171,267,6.863513,10.689043,52
171,277,6.860032,11.110514,89
171,278,6.878804,11.120511,1
171,354,6.859089,14.171804,92
172,-241,6.909689,-9.605371,6
172,-240,6.900298,-9.579433,47
172,-239,6.898725,-9.543662,31
172,-238,6.895314,-9.505260,9
172,-237,6.894594,-9.447689,3
172,-236,6.890231,-9.425371,4
172,-234,6.882392,-9.351111,1
172,-147,6.907130,-5.850162,38
172,-146,6.897725,-5.822626,85
172,-145,6.894931,-5.787244,18
172,-144,6.909936,-5.750218,1
172,-96,6.899303,-3.804859,38
172,-95,6.900281,-3.792111,58
172,-94,6.906472,-3.749612,4
172,-93,6.900883,-3.707828,2
172,-22,6.900322,-0.861287,72
172,-20,6.903067,-0.793530,1
172,-15,6.900078,-0.572946,2
172,-14,6.900648,-0.546419,43
172,-13,6.901663,-0.512748,12
172,-9,6.900468,-0.341817,1
172,-4,6.916047,-0.159790,1
172,58,6.889364,2.349299,2
172,59,6.898649,2.388880,32
172,60,6.900397,2.420333,44
172,61,6.899797,2.458065,52
172,65,6.910463,2.605400,1
172,132,6.902758,5.302296,6
172,133,6.904059,5.336022,5
172,134,6.900106,5.389023,83
172,180,6.891035,7.227873,69
172,181,6.905682,7.255910,108
172,182,6.919918,7.280738,1
172,265,6.895255,10.630679,5
172,266,6.901114,10.657725,15
172,267,6.900326,10.699963,78
172,277,6.885892,11.118564,11
172,278,6.902476,11.126873,79
172,354,6.900170,14.181183,87
173,-241,6.942303,-9.614559,31
173,-240,6.938097,-9.582280,43
173,-239,6.938856,-9.545844,15
173,-238,6.935170,-9.500033,5
173,-237,6.934416,-9.460035,6
173,-235,6.925564,-9.379354,1
173,-148,6.950962,-5.887436,23
173,-147,6.939228,-5.860020,91
173,-146,6.933571,-5.826116,30
173,-96,6.938979,-3.803005,26
173,-95,6.939861,-3.790921,73
173,-94,6.941009,-3.739275,5
173,-93,6.939132,-3.704786,2
173,-22,6.939756,-0.858223,78
173,-21,6.950462,-0.827346,4
173,-15,6.937450,-0.581866,2
173,-14,6.939680,-0.542508,47
173,-13,6.941212,-0.509281,11
173,-8,6.955712,-0.289978,1
173,58,6.939244,2.355062,4
173,59,6.938643,2.389627,28
173,60,6.940336,2.422222,49
173,61,6.938759,2.460754,51
173,63,6.947230,2.539923,1
173,132,6.941084,5.309684,5
173,133,6.948377,5.344666,4
173,134,6.939451,5.391633,80
173,135,6.959490,5.400137,1
173,181,6.930375,7.268529,52
173,182,6.944236,7.295631,114
173,183,6.958775,7.321565,2
173,265,6.930086,10.639262,1
173,266,6.940434,10.663969,18
173,267,6.937460,10.710193,57
173,268,6.947406,10.724911,27
173,278,6.940306,11.140598,90
173,354,6.939337,14.189860,83
173,355,6.944146,14.207319,5
174,-242,6.984162,-9.646042,11
174,-241,6.979435,-9.619881,46
174,-240,6.976187,-9.583546,29
174,-239,6.976701,-9.541283,5
174,-238,6.975902,-9.492803,6
174,-237,6.994362,-9.476704,1
174,-236,6.969420,-9.408046,1
174,-149,6.993015,-5.925938,10
174,-148,6.980576,-5.899489,87
174,-147,6.977029,-5.867260,41
174,-146,6.975374,-5.830442,6
174,-96,6.969756,-3.800813,10
174,-95,6.981251,-3.789505,90
174,-94,6.983635,-3.744491,7
174,-93,6.970758,-3.700734,3
174,-22,6.979751,-0.854401,73
174,-21,6.975068,-0.827936,2
174,-20,6.984228,-0.796014,1
174,-15,6.990969,-0.578218,1
174,-14,6.979338,-0.537718,39
174,-13,6.980582,-0.505862,13
174,-9,6.988191,-0.343582,1
174,-7,6.972718,-0.276355,1
174,-5,6.960371,-0.198956,1
174,58,6.984626,2.357265,2
174,59,6.980733,2.392180,27
174,60,6.979615,2.424174,50
174,61,6.980391,2.463137,54
174,64,6.977339,2.598141,1
174,65,6.984072,2.613312,1
174,132,6.978413,5.308754,5
174,133,6.979720,5.338125,4
174,134,6.978179,5.391934,63
174,135,6.985355,5.401378,20
174,181,6.978119,7.279772,1
174,182,6.971250,7.308221,54
174,183,6.984037,7.336140,116
174,184,6.998921,7.360906,1
174,266,6.979527,10.666942,5
174,267,6.977271,10.700717,21
174,268,6.981650,10.732487,68
174,278,6.977034,11.153730,80
174,279,6.995905,11.161562,12
174,354,6.974320,14.196872,53
174,355,6.988861,14.204813,37
175,-243,7.032747,-9.681485,1
175,-242,7.022430,-9.656800,41
175,-241,7.018255,-9.623093,41
175,-240,7.016971,-9.586082,10
175,-239,7.013859,-9.544264,5
175,-238,7.017345,-9.508716,6
175,-236,7.013974,-9.437195,1
175,-150,7.034042,-5.963640,3
175,-149,7.022710,-5.937523,80
175,-148,7.017205,-5.905235,53
175,-147,7.015554,-5.872039,8
175,-95,7.019842,-3.787717,96
175,-94,7.029204,-3.741346,3
175,-93,7.024723,-3.705197,3
175,-22,7.019556,-0.851728,74
175,-21,7.019914,-0.831795,6
175,-15,7.007376,-0.575189,1
175,-14,7.019837,-0.536811,43
175,-13,7.020672,-0.503255,13
175,-12,7.037473,-0.472031,1
175,-11,7.008992,-0.410471,1
175,-10,7.010662,-0.393460,2
175,-9,7.010631,-0.335838,2
175,58,7.019399,2.359316,1
175,59,7.021062,2.391682,14
175,60,7.019590,2.420816,56
175,61,7.020742,2.463221,57
175,63,7.004218,2.530286,1
175,65,7.028764,2.619601,1
175,132,7.008866,5.310300,3
175,133,7.013219,5.337445,5
175,134,7.017992,5.387592,34
175,135,7.021501,5.402568,49
175,182,7.002770,7.319764,1
175,183,7.011693,7.349783,52
175,184,7.024471,7.375314,110
175,266,7.016542,10.671956,3
175,267,7.019820,10.699484,18
175,268,7.019286,10.745229,74
175,269,7.033389,10.761957,3
175,279,7.019708,11.168872,87
175,354,7.017654,14.197479,1
175,355,7.019669,14.209582,86
176,-243,7.063441,-9.689567,19
176,-242,7.060108,-9.659491,45
176,-241,7.056832,-9.623059,19
176,-240,7.059177,-9.581356,7
176,-239,7.058958,-9.534264,7
176,-237,7.056938,-9.462552,1
176,-151,7.077757,-6.000702,2
176,-150,7.063925,-5.974207,64
176,-149,7.056741,-5.942339,61
176,-148,7.051932,-5.906441,9
176,-95,7.059615,-3.784238,102
176,-94,7.054989,-3.741750,8
176,-93,7.046103,-3.696046,3
176,-22,7.059802,-0.848965,69
176,-21,7.064361,-0.833573,10
176,-20,7.041668,-0.778671,1
176,-19,7.066361,-0.756431,1
176,-15,7.062983,-0.571363,2
176,-14,7.059682,-0.531909,38
176,-13,7.059136,-0.500247,12
176,-9,7.066066,-0.321908,1
176,-4,7.058379,-0.139745,1
176,59,7.059912,2.389692,15
176,60,7.059233,2.420932,50
176,61,7.060018,2.463111,67
176,66,7.071669,2.672141,1
176,132,7.051752,5.315510,4
176,133,7.056958,5.341315,8
176,134,7.057777,5.386211,27
176,135,7.059737,5.404997,53
176,183,7.044768,7.357768,1
176,184,7.052924,7.389289,61
176,185,7.064783,7.414064,101
176,267,7.060409,10.704968,16
176,268,7.056735,10.750297,41
176,269,7.062309,10.767019,39
176,279,7.059871,11.182697,86
176,355,7.059572,14.218329,90
176,356,7.075708,14.244052,1
177,-244,7.112167,-9.724307,3
177,-243,7.100833,-9.698646,44
177,-242,7.098704,-9.664581,34
177,-241,7.096472,-9.621021,13
177,-240,7.100270,-9.576640,2
177,-239,7.097647,-9.551912,4
177,-238,7.097754,-9.483208,1
177,-151,7.105635,-6.012633,43
177,-150,7.098830,-5.982395,77
177,-149,7.092462,-5.948263,21
177,-148,7.084979,-5.906965,4
177,-95,7.100135,-3.780736,96
177,-94,7.108913,-3.743413,6
177,-93,7.106473,-3.704887,5
177,-22,7.099660,-0.848083,48
177,-21,7.101327,-0.834230,29
177,-14,7.098123,-0.530845,36
177,-13,7.100225,-0.499830,18
177,-7,7.115818,-0.264310,2
177,-5,7.111596,-0.178386,1
177,59,7.103512,2.376321,5
177,60,7.100196,2.417527,51
177,61,7.100353,2.462948,77
177,63,7.086196,2.558367,1
177,67,7.105728,2.687379,1
177,132,7.091372,5.313656,1
177,133,7.102080,5.329895,7
177,134,7.098144,5.386005,26
177,135,7.100673,5.407250,60
177,184,7.088769,7.397583,1
177,185,7.093033,7.428539,71
177,186,7.105969,7.451932,84
177,267,7.098078,10.708447,5
177,268,7.097345,10.736893,15
177,269,7.099283,10.775048,73
177,279,7.094848,11.194652,70
177,280,7.114415,11.201895,22
177,355,7.100863,14.226901,85
177,356,7.108611,14.242945,5
178,-244,7.142814,-9.730910,26
178,-243,7.138906,-9.701158,45
178,-242,7.137546,-9.664430,16
178,-241,7.138860,-9.629724,5
178,-240,7.138154,-9.580968,6
178,-239,7.120326,-9.542413,1
178,-238,7.139093,-9.504128,1
178,-152,7.148518,-6.050063,31
178,-151,7.139502,-6.021230,80
178,-150,7.133787,-5.988150,29
178,-149,7.125911,-5.945801,2
178,-95,7.140320,-3.777854,93
178,-94,7.144327,-3.751479,5
178,-93,7.133317,-3.701047,4
178,-22,7.139394,-0.846787,39
178,-21,7.139321,-0.833358,36
178,-15,7.129004,-0.565838,2
178,-14,7.139204,-0.527045,35
178,-13,7.139621,-0.499268,20
178,-10,7.148813,-0.376687,1
178,-9,7.140315,-0.326115,1
178,59,7.139386,2.388588,9
178,60,7.140864,2.419185,45
178,61,7.139254,2.463010,75
178,62,7.149040,2.480554,5
178,65,7.151004,2.634264,1
178,132,7.133843,5.318850,1
178,133,7.139227,5.336439,6
178,134,7.137998,5.381626,23
178,135,7.139921,5.409436,62
178,185,7.125149,7.433925,4
178,186,7.134569,7.466859,93
178,187,7.148696,7.490220,62
178,267,7.136691,10.712728,3
178,268,7.138882,10.740949,19
178,269,7.138280,10.787282,71
178,270,7.152735,10.802391,7
178,280,7.140154,11.209838,92
178,355,7.141170,14.234882,74
178,356,7.145760,14.246270,13
179,-245,7.193291,-9.763421,1
179,-244,7.181199,-9.740252,49
179,-243,7.176561,-9.705859,31
179,-242,7.176436,-9.662308,10
179,-241,7.184467,-9.614766,4
179,-240,7.173136,-9.586749,4
179,-239,7.180965,-9.525318,1
179,-153,7.191343,-6.087053,19
179,-152,7.179813,-6.059899,77
179,-151,7.176110,-6.026472,40
179,-150,7.176305,-5.982695,6
179,-95,7.179858,-3.774554,92
179,-94,7.178466,-3.743803,7
179,-93,7.184283,-3.696776,6
179,-92,7.193736,-3.679049,1
179,-22,7.178314,-0.844706,27
179,-21,7.180407,-0.832270,53
179,-20,7.163712,-0.799306,1
179,-14,7.179983,-0.526469,24
179,-13,7.182685,-0.498914,32
179,-10,7.177409,-0.384970,2
179,-9,7.189593,-0.322044,1
179,-8,7.162074,-0.310824,1
179,59,7.190292,2.374453,2
179,60,7.178787,2.420492,47
179,61,7.179442,2.461860,60
179,62,7.181488,2.482156,23
179,133,7.180449,5.339361,9
179,134,7.180996,5.387140,20
179,135,7.179905,5.412022,65
179,186,7.164544,7.475676,5
179,187,7.177217,7.504657,110
179,188,7.190644,7.526736,39
179,268,7.178966,10.743902,13
179,269,7.176934,10.790873,36
179,270,7.183505,10.807547,47
179,280,7.180071,11.222799,90
179,355,7.169198,14.237809,7
179,356,7.183220,14.245729,80
180,-245,7.221853,-9.767992,24
180,-244,7.218845,-9.742386,50
180,-243,7.217618,-9.702958,15
180,-242,7.225018,-9.668056,5
180,-241,7.223362,-9.622186,5
180,-240,7.207377,-9.587823,1
180,-239,7.223383,-9.546784,1
180,-154,7.231933,-6.125615,6
180,-153,7.221428,-6.098918,75
180,-152,7.217241,-6.063924,51
180,-151,7.219751,-6.026901,8
180,-95,7.219534,-3.771672,90
180,-94,7.218643,-3.748302,11
180,-93,7.218616,-3.712122,2
180,-22,7.217521,-0.843489,19
180,-21,7.220888,-0.830366,58
180,-20,7.212737,-0.782434,3
180,-15,7.201232,-0.560655,1
180,-14,7.218409,-0.525054,12
180,-13,7.220088,-0.503913,36
180,-12,7.220867,-0.472600,5
180,-3,7.205017,-0.119094,1
180,59,7.217255,2.379798,2
180,60,7.220243,2.422408,41
180,61,7.218906,2.458546,52
180,62,7.219518,2.483740,35
180,133,7.222224,5.339966,7
180,134,7.219847,5.387103,22
180,135,7.220284,5.414469,62
180,187,7.214361,7.511580,7
180,188,7.219223,7.541039,127
180,189,7.234514,7.564445,17
180,268,7.215024,10.752163,7
180,269,7.222884,10.774431,14
180,270,7.219482,10.815475,74
180,280,7.217282,11.234511,73
180,281,7.236612,11.241027,15
180,355,7.233501,14.220913,1
180,356,7.220373,14.252831,82
181,-245,7.260602,-9.775873,52
181,-244,7.258767,-9.746174,30
181,-243,7.256967,-9.702420,9
181,-242,7.265057,-9.650902,4
181,-241,7.248987,-9.621685,2
181,-240,7.266359,-9.568533,1
181,-155,7.275184,-6.162760,3
181,-154,7.261240,-6.136503,67
181,-153,7.259154,-6.101740,60
181,-152,7.252872,-6.064934,11
181,-95,7.258590,-3.769242,82
181,-94,7.265416,-3.750975,22
181,-93,7.259460,-3.700907,5
181,-92,7.264112,-3.676450,3
181,-22,7.257266,-0.841406,10
181,-21,7.259909,-0.828760,66
181,-20,7.267407,-0.795782,2
181,-14,7.257617,-0.529947,8
181,-13,7.259285,-0.508175,37
181,-12,7.262799,-0.477261,13
181,-8,7.240520,-0.300971,1
181,-7,7.263124,-0.240429,1
181,-4,7.267944,-0.157148,1
181,59,7.257191,2.390981,5
181,60,7.259194,2.423845,38
181,61,7.259685,2.458843,59
181,62,7.260087,2.486437,41
181,64,7.267832,2.574762,1
181,65,7.275449,2.633182,1
181,66,7.277445,2.649434,1
181,133,7.259309,5.348952,7
181,134,7.259349,5.390590,22
181,135,7.259326,5.417469,63
181,188,7.252120,7.552123,24
181,189,7.261726,7.577396,118
181,190,7.278732,7.600510,1
181,268,7.259998,10.753544,3
181,269,7.258899,10.777919,14
181,270,7.258212,10.826964,73
181,271,7.272800,10.842057,8
181,281,7.260213,11.247866,86
181,356,7.259874,14.260502,90
182,-246,7.303134,-9.806699,19
182,-245,7.298731,-9.781907,58
182,-244,7.299014,-9.741262,15
182,-243,7.304134,-9.704071,7
182,-242,7.290658,-9.659667,4
182,-241,7.297034,-9.634593,1
182,-240,7.309907,-9.590570,1
182,-156,7.315113,-6.201019,1
182,-155,7.303330,-6.174292,51
182,-154,7.300065,-6.141659,70
182,-153,7.293716,-6.109522,18
182,-152,7.292765,-6.066040,3
182,-95,7.299292,-3.768155,65
182,-94,7.301314,-3.752410,36
182,-93,7.310890,-3.699115,2
182,-21,7.300273,-0.827143,76
182,-14,7.297682,-0.524654,3
182,-13,7.299055,-0.509004,35
182,-12,7.301330,-0.473485,18
182,-10,7.295925,-0.360914,1
182,-8,7.297489,-0.308094,1
182,-7,7.282161,-0.249258,1
182,59,7.298312,2.383469,2
182,60,7.301789,2.426616,36
182,61,7.300158,2.460831,53
182,62,7.300498,2.488716,43
182,133,7.293572,5.346591,5
182,134,7.301051,5.390586,24
182,135,7.299433,5.419588,65
182,189,7.292680,7.590006,52
182,190,7.303980,7.611589,91
182,269,7.294863,10.784327,12
182,270,7.296712,10.829937,38
182,271,7.303986,10.847734,43
182,281,7.300000,11.259962,89
182,355,7.306376,14.235979,1
182,356,7.299685,14.268196,79
182,357,7.304248,14.283487,5
183,-246,7.340974,-9.814614,46
183,-245,7.337697,-9.786200,34
183,-244,7.340037,-9.744620,11
183,-243,7.341965,-9.704843,3
183,-242,7.333474,-9.670159,5
183,-241,7.354040,-9.612905,1
183,-156,7.344952,-6.212375,36
183,-155,7.339491,-6.181392,71
183,-154,7.336895,-6.149621,26
183,-153,7.335197,-6.109416,4
183,-95,7.339639,-3.766104,51
183,-94,7.340411,-3.751620,53
183,-93,7.336316,-3.701384,5
183,-92,7.336531,-3.672020,3
183,-21,7.340438,-0.823385,76
183,-20,7.339465,-0.790464,3
183,-14,7.342689,-0.539903,3
183,-13,7.339660,-0.506105,36
183,-12,7.341993,-0.470224,16
183,-10,7.336600,-0.375886,1
183,-8,7.329294,-0.291256,1
183,-3,7.356258,-0.097820,1
183,59,7.343492,2.387239,2
183,60,7.339568,2.426501,28
183,61,7.339786,2.459321,56
183,62,7.340806,2.490715,47
183,66,7.337522,2.640665,1
183,71,7.359880,2.856490,1
183,133,7.333420,5.351474,6
183,134,7.338258,5.390138,13
183,135,7.339870,5.420544,72
183,189,7.328409,7.593651,3
183,190,7.335757,7.626883,97
183,191,7.349177,7.647486,44
183,269,7.333808,10.786976,9
183,270,7.339156,10.816319,13
183,271,7.340229,10.854334,72
183,281,7.340465,11.271857,92
183,356,7.337096,14.274616,73
183,357,7.344921,14.285822,13
184,-247,7.387601,-9.845989,10
184,-246,7.379537,-9.821315,63
184,-245,7.373802,-9.785717,17
184,-244,7.386015,-9.744389,7
184,-243,7.373775,-9.697025,6
184,-242,7.383431,-9.673494,1
184,-241,7.398747,-9.635502,1
184,-157,7.388519,-6.248671,27
184,-156,7.379193,-6.220247,71
184,-155,7.375904,-6.186942,39
184,-154,7.380399,-6.143832,4
184,-95,7.379140,-3.764129,33
184,-94,7.380183,-3.750545,63
184,-93,7.389021,-3.697406,4
184,-92,7.397910,-3.669047,1
184,-21,7.380557,-0.820167,77
184,-20,7.389210,-0.792442,3
184,-19,7.387497,-0.756332,1
184,-13,7.381296,-0.503073,33
184,-12,7.381803,-0.466834,18
184,-11,7.395789,-0.437068,1
184,-9,7.361265,-0.357306,1
184,-8,7.365755,-0.301341,1
184,59,7.389492,2.391077,2
184,60,7.378641,2.429442,27
184,61,7.378740,2.461899,58
184,62,7.379730,2.492661,45
184,133,7.372167,5.353739,4
184,134,7.375996,5.387320,16
184,135,7.379653,5.421939,73
184,190,7.370102,7.629879,8
184,191,7.379694,7.661245,122
184,192,7.394508,7.683432,11
184,269,7.373735,10.791357,3
184,270,7.381227,10.818732,15
184,271,7.379931,10.865670,76
184,272,7.397883,10.882542,1
184,281,7.364556,11.278656,18
184,282,7.383798,11.284060,67
184,356,7.368931,14.276444,16
184,357,7.382013,14.285125,73
185,-247,7.422477,-9.853181,38
185,-246,7.418534,-9.825858,39
185,-245,7.418907,-9.781236,14
185,-244,7.420787,-9.738939,3
185,-243,7.413419,-9.701280,5
185,-242,7.439440,-9.650617,1
185,-158,7.431292,-6.287073,15
185,-157,7.420813,-6.261219,70
185,-156,7.417393,-6.223748,51
185,-155,7.414130,-6.183946,8
185,-154,7.433947,-6.137336,1
185,-95,7.419079,-3.762381,19
185,-94,7.419983,-3.749660,81
185,-93,7.410530,-3.703725,5
185,-92,7.412507,-3.666984,2
185,-21,7.420896,-0.816778,75
185,-20,7.418589,-0.774770,2
185,-14,7.417996,-0.541719,2
185,-13,7.418844,-0.501563,31
185,-12,7.422870,-0.464087,22
185,-7,7.424419,-0.278912,1
185,-6,7.414968,-0.221662,1
185,-4,7.429602,-0.135198,1
185,59,7.436336,2.394985,2
185,60,7.420025,2.431278,22
185,61,7.418955,2.462751,61
185,62,7.419152,2.495477,48
185,66,7.408291,2.665132,1
185,70,7.408942,2.813842,1
185,133,7.411816,5.356114,2
185,134,7.415919,5.385315,16
185,135,7.418860,5.423967,72
185,136,7.433164,5.440713,2
185,191,7.412347,7.671372,31
185,192,7.422862,7.693737,102
185,269,7.408446,10.797095,2
185,270,7.421409,10.824261,12
185,271,7.416588,10.871867,44
185,272,7.425449,10.885063,33
185,282,7.420083,11.293966,91
185,357,7.420048,14.291863,87
186,-248,7.470894,-9.885969,5
186,-247,7.459837,-9.860376,58
186,-246,7.456724,-9.824767,22
186,-245,7.467830,-9.785875,7
186,-244,7.455132,-9.741635,5
186,-243,7.454183,-9.712956,3
186,-159,7.471048,-6.325966,6
186,-158,7.461785,-6.299689,65
186,-157,7.459053,-6.261187,57
186,-156,7.452639,-6.228721,8
186,-155,7.447805,-6.189444,2
186,-95,7.444952,-3.760668,4
186,-94,7.460746,-3.748751,90
186,-93,7.457969,-3.704015,9
186,-92,7.468884,-3.667856,3
186,-21,7.459319,-0.814195,70
186,-20,7.462574,-0.789555,6
186,-19,7.468085,-0.731998,1
186,-14,7.474361,-0.536136,1
186,-13,7.460054,-0.497863,34
186,-12,7.461232,-0.461578,24
186,-8,7.459873,-0.289475,1
186,-6,7.454660,-0.227762,1
186,59,7.478413,2.399401,1
186,60,7.459908,2.432657,17
186,61,7.459491,2.464044,69
186,62,7.458996,2.497815,47
186,66,7.454981,2.668415,1
186,133,7.453460,5.357888,1
186,134,7.459817,5.375995,9
186,135,7.457678,5.421349,74
186,136,7.466456,5.441811,15
186,191,7.446876,7.672961,2
186,192,7.455695,7.708403,89
186,193,7.468737,7.727711,42
186,270,7.454270,10.827633,9
186,271,7.455540,10.862657,17
186,272,7.460841,10.890985,67
186,282,7.460198,11.304680,82
186,356,7.456547,14.262342,1
186,357,7.460950,14.298187,87
187,-248,7.500988,-9.889288,27
187,-247,7.498714,-9.863590,47
187,-246,7.500314,-9.819035,11
187,-245,7.502256,-9.776511,5
187,-244,7.495417,-9.733200,5
187,-242,7.480573,-9.665894,1
187,-160,7.513970,-6.366176,4
187,-159,7.502538,-6.336632,61
187,-158,7.499746,-6.299681,58
187,-157,7.491421,-6.268915,18
187,-156,7.494974,-6.228470,3
187,-94,7.499754,-3.745828,98
187,-93,7.500862,-3.707567,5
187,-92,7.499430,-3.671541,2
187,-21,7.499137,-0.810751,71
187,-20,7.506964,-0.794518,8
187,-19,7.495992,-0.752394,1
187,-14,7.519911,-0.534096,1
187,-13,7.500493,-0.493511,27
187,-12,7.500331,-0.457640,25
187,-9,7.509318,-0.357658,1
187,-7,7.502685,-0.270963,1
187,-2,7.512234,-0.075880,1
187,59,7.489690,2.398532,1
187,60,7.501583,2.434240,9
187,61,7.499744,2.461703,62
187,62,7.500400,2.497455,63
187,68,7.501927,2.725738,1
187,134,7.492468,5.372017,6
187,135,7.499678,5.419854,58
187,136,7.501536,5.443899,26
187,192,7.493689,7.712116,4
187,193,7.499443,7.740336,121
187,194,7.517363,7.763479,6
187,270,7.494908,10.829466,7
187,271,7.503014,10.856387,13
187,272,7.500066,10.901155,79
187,282,7.498246,11.314762,88
187,283,7.518111,11.320107,4
187,357,7.499347,14.304908,77
187,358,7.485674,14.321097,1
188,-248,7.540268,-9.897011,58
188,-247,7.536901,-9.863405,27
188,-246,7.541773,-9.823383,7
188,-245,7.537728,-9.791873,4
188,-244,7.537215,-9.749471,5
188,-243,7.522158,-9.681340,1
188,-161,7.555367,-6.401717,1
188,-160,7.544381,-6.375324,45
188,-159,7.540528,-6.341306,63
188,-158,7.531952,-6.310521,28
188,-157,7.537098,-6.267630,3
188,-94,7.540198,-3.742380,98
188,-93,7.537636,-3.702597,8
188,-92,7.537592,-3.663511,3
188,-21,7.538043,-0.809139,56
188,-20,7.545120,-0.794108,19
188,-19,7.544545,-0.746199,1
188,-14,7.551232,-0.529714,1
188,-13,7.538551,-0.492440,29
188,-12,7.540685,-0.456652,26
188,-9,7.544784,-0.337363,1
188,-7,7.549220,-0.279779,1
188,60,7.536780,2.426617,8
188,61,7.540512,2.461741,51
188,62,7.540540,2.497405,72
188,64,7.538633,2.586654,1
188,67,7.543649,2.681335,1
188,134,7.533448,5.381027,11
188,135,7.539465,5.421021,52
188,136,7.540362,5.446164,34
188,192,7.527414,7.715625,1
188,193,7.531626,7.751098,44
188,194,7.544652,7.771297,85
188,270,7.535982,10.831788,2
188,271,7.542961,10.860547,15
188,272,7.538987,10.909380,64
188,273,7.548865,10.922296,12
188,283,7.539676,11.325329,91
188,356,7.530961,14.274929,1
188,357,7.538409,14.310148,84
188,358,7.535889,14.323111,7
189,-249,7.591687,-9.923127,7
189,-248,7.578316,-9.903127,66
189,-247,7.575525,-9.862625,12
189,-246,7.579201,-9.821871,6
189,-245,7.580009,-9.774095,5
189,-244,7.596576,-9.755664,1
189,-243,7.564203,-9.696955,1
189,-161,7.586120,-6.412557,36
189,-160,7.579261,-6.380659,63
189,-159,7.575368,-6.346130,37
189,-158,7.574756,-6.299540,5
189,-157,7.573122,-6.277238,1
189,-156,7.566445,-6.235218,1
189,-94,7.580198,-3.739420,95
189,-93,7.584672,-3.700343,9
189,-92,7.575990,-3.663121,3
189,-21,7.578579,-0.808032,47
189,-20,7.581649,-0.795252,32
189,-19,7.588247,-0.753837,1
189,-13,7.580690,-0.487890,24
189,-12,7.581245,-0.454443,26
189,-11,7.582376,-0.433359,4
189,-3,7.596811,-0.112493,1
189,60,7.576073,2.428058,8
189,61,7.579707,2.459227,52
189,62,7.580307,2.498820,82
189,66,7.594802,2.670682,1
189,134,7.577763,5.385539,9
189,135,7.580476,5.420212,47
189,136,7.579450,5.448681,38
189,193,7.575941,7.755856,3
189,194,7.577816,7.785971,102
189,195,7.591387,7.804673,19
189,270,7.560576,10.837880,1
189,271,7.582547,10.863065,11
189,272,7.575635,10.911466,30
189,273,7.582074,10.927218,46
189,283,7.579641,11.335046,90
189,357,7.577674,14.316243,64
189,358,7.584776,14.324391,20
190,-249,7.622625,-9.927623,36
190,-248,7.617456,-9.907130,43
190,-247,7.614458,-9.865635,9
190,-246,7.612681,-9.831455,5
190,-245,7.617887,-9.785144,4
190,-243,7.606716,-9.712745,1
190,-162,7.628026,-6.449662,23
190,-161,7.619083,-6.420687,62
190,-160,7.617749,-6.382624,52
190,-159,7.627447,-6.333505,4
190,-158,7.606615,-6.318996,2
190,-94,7.619947,-3.735916,97
190,-93,7.624357,-3.702990,6
190,-92,7.616041,-3.665374,5
190,-21,7.619182,-0.806559,34
190,-20,7.621888,-0.791380,47
190,-14,7.619276,-0.524918,2
190,-13,7.616835,-0.485974,20
190,-12,7.622917,-0.455252,28
190,-11,7.621677,-0.434007,3
190,-7,7.623093,-0.262930,2
190,-6,7.633759,-0.205443,1
190,60,7.614456,2.429883,4
190,61,7.620472,2.462803,45
190,62,7.619812,2.500444,80
190,63,7.627759,2.521036,3
190,65,7.612790,2.612197,1
190,134,7.617900,5.385600,8
190,135,7.620024,5.422113,44
190,136,7.619391,5.451715,42
190,194,7.608721,7.792456,21
190,195,7.621843,7.814433,104
190,271,7.614656,10.865663,7
190,272,7.616547,10.898498,13
190,273,7.619449,10.933221,72
190,283,7.620743,11.344760,86
190,357,7.605933,14.312408,10
190,358,7.620713,14.325529,80
191,-249,7.660857,-9.934929,64
191,-248,7.657449,-9.903399,19
191,-247,7.653069,-9.860399,9
191,-246,7.661638,-9.817727,7
191,-245,7.644224,-9.786078,2
191,-244,7.649710,-9.728715,1
191,-163,7.671517,-6.487738,13
191,-162,7.659811,-6.460356,64
191,-161,7.658725,-6.421152,57
191,-160,7.654178,-6.387520,6
191,-159,7.651207,-6.355100,2
191,-94,7.660131,-3.732888,87
191,-93,7.659796,-3.703076,13
191,-92,7.669951,-3.660988,4
191,-21,7.659847,-0.804748,26
191,-20,7.660018,-0.791547,45
191,-13,7.657017,-0.486127,12
191,-12,7.660047,-0.457067,42
191,-11,7.664168,-0.429347,3
191,-2,7.673165,-0.053240,1
191,60,7.653754,2.421637,3
191,61,7.658469,2.463608,45
191,62,7.659948,2.499013,70
191,63,7.662101,2.522352,18
191,134,7.660325,5.392336,8
191,135,7.659284,5.424463,48
191,136,7.659737,5.455135,42
191,194,7.646431,7.793507,2
191,195,7.656948,7.828766,88
191,196,7.668177,7.846022,31
191,271,7.652193,10.868615,6
191,272,7.661445,10.894733,13
191,273,7.660272,10.942853,79
191,283,7.660550,11.354042,86
191,357,7.679744,14.298325,1
191,358,7.661157,14.330947,85
192,-250,7.712194,-9.963265,4
192,-249,7.700120,-9.943252,69
192,-248,7.696471,-9.901984,12
192,-247,7.694745,-9.862234,9
192,-246,7.699598,-9.819089,5
192,-245,7.685611,-9.789990,1
192,-244,7.693192,-9.744864,1
192,-164,7.711770,-6.526562,6
192,-163,7.701707,-6.499148,59
192,-162,7.699709,-6.459807,61
192,-161,7.690184,-6.432865,12
192,-160,7.700355,-6.387561,4
192,-159,7.711152,-6.342122,1
192,-94,7.700107,-3.730382,84
192,-93,7.701978,-3.710777,16
192,-92,7.701836,-3.666641,4
192,-21,7.697972,-0.803191,15
192,-20,7.700350,-0.788692,64
192,-19,7.692196,-0.736667,1
192,-13,7.701251,-0.489356,11
192,-12,7.699307,-0.459985,31
192,-11,7.701616,-0.436538,14
192,-9,7.688402,-0.338756,1
192,-7,7.682594,-0.249904,1
192,60,7.708354,2.417651,2
192,61,7.699559,2.462631,43
192,62,7.700020,2.497297,71
192,63,7.701814,2.524921,26
192,67,7.683981,2.698152,1
192,134,7.703587,5.394099,6
192,135,7.701230,5.423761,44
192,136,7.700175,5.456447,45
192,195,7.693388,7.835169,10
192,196,7.700380,7.856281,108
192,271,7.698740,10.872364,2
192,272,7.700056,10.899669,14
192,273,7.698497,10.949952,61
192,274,7.709164,10.962290,13
192,283,7.684005,11.359297,14
192,284,7.703379,11.363773,73
192,357,7.684079,14.313674,2
192,358,7.700107,14.337145,80
193,-250,7.742442,-9.966927,30
193,-249,7.739779,-9.945956,48
193,-248,7.736801,-9.902194,10
193,-247,7.734182,-9.866559,7
193,-246,7.737836,-9.825999,6
193,-245,7.737171,-9.761198,1
193,-165,7.757859,-6.565607,2
193,-164,7.742299,-6.536627,55
193,-163,7.740130,-6.498967,58
193,-162,7.731544,-6.469931,22
193,-161,7.735683,-6.419968,4
193,-94,7.739834,-3.728913,67
193,-93,7.742233,-3.713829,34
193,-92,7.734441,-3.660217,6
193,-21,7.734203,-0.801554,9
193,-20,7.741110,-0.786896,68
193,-13,7.732475,-0.485737,4
193,-12,7.739227,-0.465394,31
193,-11,7.740448,-0.433769,21
193,-8,7.735941,-0.316587,1
193,-7,7.740416,-0.257299,1
193,61,7.739087,2.465403,32
193,62,7.739752,2.498678,74
193,63,7.742169,2.527353,27
193,134,7.740538,5.396053,2
193,135,7.741191,5.422762,36
193,136,7.739185,5.459385,42
193,195,7.730152,7.831639,1
193,196,7.736404,7.869104,80
193,197,7.746397,7.886048,37
193,271,7.724291,10.877874,1
193,272,7.742216,10.905084,15
193,273,7.735187,10.952701,32
193,274,7.743296,10.966960,50
193,284,7.740136,11.371808,90
193,357,7.755037,14.308686,1
193,358,7.739963,14.342458,89
194,-250,7.779681,-9.973008,58
194,-249,7.778899,-9.944529,23
194,-248,7.777453,-9.895463,9
194,-247,7.773380,-9.862725,5
194,-246,7.778404,-9.832457,4
194,-245,7.781230,-9.777051,1
194,-165,7.783960,-6.574200,47
194,-164,7.780357,-6.540330,55
194,-163,7.775763,-6.507817,38
194,-162,7.786032,-6.466994,6
194,-161,7.772633,-6.437466,2
194,-94,7.779740,-3.727619,50
194,-93,7.780548,-3.712598,46
194,-92,7.783675,-3.661470,7
194,-20,7.780332,-0.786105,75
194,-19,7.771975,-0.748758,2
194,-13,7.779171,-0.497923,2
194,-12,7.780349,-0.462934,30
194,-11,7.779620,-0.431242,23
194,-10,7.786146,-0.398986,1
194,-3,7.769863,-0.088993,1
194,60,7.761268,2.422053,2
194,61,7.779606,2.468070,34
194,62,7.780481,2.500129,71
194,63,7.779959,2.529625,33
194,134,7.775380,5.397250,1
194,135,7.780885,5.423194,37
194,136,7.779086,5.461730,49
194,196,7.770929,7.873715,11
194,197,7.780312,7.896017,107
194,272,7.778535,10.904953,8
194,273,7.777896,10.942022,11
194,274,7.780344,10.972222,68
194,284,7.779727,11.380146,89
194,357,7.761141,14.317836,1
194,358,7.780181,14.347754,78
194,359,7.790663,14.362213,4
195,-251,7.832200,-10.001142,2
195,-250,7.820244,-9.982112,69
195,-249,7.813999,-9.944332,15
195,-248,7.814110,-9.897186,10
195,-247,7.819944,-9.851809,5
195,-246,7.811916,-9.826785,1
195,-245,7.822002,-9.787239,1
195,-166,7.826397,-6.612273,34
195,-165,7.819225,-6.580929,60
195,-164,7.818003,-6.543957,46
195,-163,7.823997,-6.496267,4
195,-94,7.819068,-3.725656,42
195,-93,7.820224,-3.710153,62
195,-92,7.819765,-3.657871,4
195,-20,7.819507,-0.781508,73
195,-19,7.826746,-0.744751,3
195,-18,7.819018,-0.710670,1
195,-13,7.800450,-0.508883,1
195,-12,7.820150,-0.459794,28
195,-11,7.820014,-0.427889,23
195,-6,7.823551,-0.231031,1
195,-5,7.819856,-0.182251,1
195,60,7.815255,2.426552,2
195,61,7.820103,2.469996,28
195,62,7.820324,2.501272,73
195,63,7.819507,2.533150,33
195,67,7.829573,2.715620,1
195,135,7.821130,5.425597,37
195,136,7.820804,5.466445,45
195,197,7.817110,7.909312,85
195,198,7.827453,7.925661,29
195,272,7.813842,10.906444,7
195,273,7.820081,10.932002,11
195,274,7.819222,10.980029,76
195,284,7.819584,11.388143,84
195,357,7.829343,14.318911,1
195,358,7.817956,14.351649,76
195,359,7.831424,14.365808,7
196,-251,7.864348,-10.006165,24
196,-250,7.857842,-9.986069,52
196,-249,7.857393,-9.942600,12
196,-248,7.854510,-9.906015,7
196,-247,7.860795,-9.862796,5
196,-246,7.853871,-9.837817,1
196,-245,7.863157,-9.797519,1
196,-167,7.868057,-6.649098,21
196,-166,7.859548,-6.621397,59
196,-165,7.859043,-6.581253,54
196,-164,7.852359,-6.551058,6
196,-163,7.858517,-6.507178,3
196,-162,7.869853,-6.459364,1
196,-94,7.858703,-3.723774,30
196,-93,7.860939,-3.708749,70
196,-92,7.851963,-3.655432,6
196,-91,7.842776,-3.639637,1
196,-20,7.859312,-0.778480,74
196,-19,7.853853,-0.754307,2
196,-12,7.858720,-0.462468,26
196,-11,7.859800,-0.425645,28
196,-8,7.874300,-0.319151,1
196,-6,7.869482,-0.228041,1
196,60,7.870349,2.431149,2
196,61,7.860905,2.471850,23
196,62,7.859354,2.502504,75
196,63,7.861653,2.536409,35
196,135,7.860407,5.427429,33
196,136,7.860426,5.469691,44
196,197,7.850531,7.912043,14
196,198,7.860810,7.933585,99
196,272,7.855012,10.911786,4
196,273,7.860590,10.937585,12
196,274,7.859263,10.987647,75
196,275,7.874476,11.000467,1
196,284,7.859018,11.396001,82
196,285,7.874252,11.400345,6
196,358,7.855431,14.356196,61
196,359,7.865833,14.362659,25
197,-251,7.901814,-10.010736,53
197,-250,7.896242,-9.984572,28
197,-249,7.902139,-9.943259,10
197,-248,7.898855,-9.910689,9
197,-247,7.903252,-9.866880,5
197,-246,7.904701,-9.807898,1
197,-168,7.911362,-6.688430,11
197,-167,7.900364,-6.660421,63
197,-166,7.898853,-6.618963,55
197,-165,7.889040,-6.593296,11
197,-164,7.897819,-6.542861,3
197,-94,7.897412,-3.722268,16
197,-93,7.900434,-3.708061,80
197,-92,7.900308,-3.660862,6
197,-91,7.905022,-3.636901,2
197,-20,7.899394,-0.774993,72
197,-19,7.907194,-0.754497,4
197,-13,7.891463,-0.502210,2
197,-12,7.900851,-0.458916,23
197,-11,7.899202,-0.425513,34
197,60,7.915900,2.435903,1
197,61,7.898270,2.474006,16
197,62,7.899423,2.502487,78
197,63,7.901202,2.535703,40
197,135,7.899715,5.429064,27
197,136,7.898047,5.470356,38
197,137,7.904112,5.481231,12
197,197,7.904993,7.919095,1
197,198,7.898179,7.947436,95
197,199,7.909738,7.963268,15
197,272,7.897383,10.913929,2
197,273,7.900430,10.942783,15
197,274,7.896550,10.993045,50
197,275,7.904300,11.003202,26
197,284,7.881268,11.399704,4
197,285,7.900621,11.404114,83
197,358,7.890481,14.354323,15
197,359,7.901368,14.364920,72
198,-251,7.941253,-10.018732,66
198,-250,7.936250,-9.983793,19
198,-249,7.946609,-9.937994,10
198,-248,7.949083,-9.886535,4
198,-247,7.931001,-9.869869,2
198,-246,7.946643,-9.818376,1
198,-169,7.951796,-6.724768,6
198,-168,7.941365,-6.698400,58
198,-167,7.940637,-6.659968,56
198,-166,7.930922,-6.630204,24
198,-165,7.936415,-6.572321,3
198,-164,7.936380,-6.552586,1
198,-94,7.924889,-3.720394,4
198,-93,7.940498,-3.707415,91
198,-92,7.943770,-3.667019,9
198,-91,7.942717,-3.634474,2
198,-20,7.939240,-0.772326,73
198,-19,7.935989,-0.746488,4
198,-12,7.939022,-0.454867,19
198,-11,7.940966,-0.423555,35
198,-10,7.939190,-0.399825,1
198,-8,7.935382,-0.294940,1
198,-6,7.940028,-0.233855,1
198,60,7.937255,2.435781,1
198,61,7.940785,2.473068,14
198,62,7.938589,2.502439,71
198,63,7.941216,2.536929,48
198,67,7.938438,2.711075,1
198,135,7.939366,5.432357,26
198,136,7.939853,5.462555,19
198,137,7.940640,5.482990,31
198,198,7.932364,7.954369,25
198,199,7.942224,7.970041,81
198,272,7.924493,10.919582,1
198,273,7.942657,10.941267,10
198,274,7.936307,10.987982,23
198,275,7.941093,11.007424,58
198,285,7.939778,11.411328,91
198,358,7.928243,14.356301,2
198,359,7.940532,14.369034,85
199,-251,7.979736,-10.024682,73
199,-250,7.980949,-9.979272,16
199,-249,7.986238,-9.940621,8
199,-248,7.981807,-9.896925,4
199,-247,7.982434,-9.871624,1
199,-246,7.988989,-9.828954,1
199,-170,7.997172,-6.765324,2
199,-169,7.982384,-6.736602,53
199,-168,7.980581,-6.700743,53
199,-167,7.975400,-6.667528,36
199,-166,7.985595,-6.609847,3
199,-165,7.961293,-6.594261,1
199,-93,7.980230,-3.704099,95
199,-92,7.987810,-3.661420,6
199,-91,7.980895,-3.633144,2
199,-20,7.979671,-0.769898,66
199,-19,7.982409,-0.755666,13
199,-18,7.974176,-0.718804,2
199,-13,7.989996,-0.493997,2
199,-12,7.979393,-0.453454,20
199,-11,7.981132,-0.420336,32
199,-10,7.981071,-0.390166,3
199,61,7.979860,2.465880,6
199,62,7.978411,2.502569,72
199,63,7.979682,2.538181,56
199,66,7.986123,2.652783,1
199,68,7.979518,2.731717,2
199,69,7.975897,2.784793,1
199,135,7.979544,5.434455,26
199,136,7.981360,5.461489,15
199,137,7.980603,5.486054,38
199,198,7.994683,7.953171,2
199,199,7.979364,7.982395,104
199,200,7.996129,8.000959,2
199,273,7.976742,10.947442,11
199,274,7.976356,10.985968,10
199,275,7.980389,11.013220,70
199,285,7.980350,11.418373,91
199,358,7.978020,14.347486,3
199,359,7.981130,14.373884,82
200,-252,8.027946,-10.041732,19
200,-251,8.017294,-10.028857,62
200,-250,8.022494,-9.982432,11
200,-249,8.026281,-9.948880,6
200,-248,8.020960,-9.901854,6
200,-246,8.031747,-9.839636,1
200,-170,8.024535,-6.774508,46
200,-169,8.018731,-6.739908,54
200,-168,8.017557,-6.704615,41
200,-167,8.025653,-6.670625,2
200,-166,8.018548,-6.628921,3
200,-93,8.019672,-3.701265,92
200,-92,8.012685,-3.661597,7
200,-91,8.026738,-3.629441,2
200,-20,8.018954,-0.768486,49
200,-19,8.021382,-0.754650,27
200,-12,8.019432,-0.451112,19
200,-11,8.019721,-0.417960,34
200,-10,8.020098,-0.390937,3
200,-4,8.013471,-0.158143,1
200,61,8.013799,2.468555,6
200,62,8.019210,2.501486,69
200,63,8.020178,2.538572,66
200,135,8.023626,5.432521,7
200,136,8.017528,5.453628,25
200,137,8.020862,5.488997,41
200,199,8.015377,7.992074,58
200,200,8.025225,8.005748,46
200,273,8.019337,10.946593,8
200,274,8.019405,10.973031,11
200,275,8.020185,11.019342,79
200,285,8.019159,11.424966,86
200,357,8.038076,14.307212,1
200,359,8.020071,14.378076,81
201,-252,8.061450,-10.046461,55
201,-251,8.058353,-10.023496,28
201,-250,8.061141,-9.983019,10
201,-249,8.063675,-9.950558,7
201,-248,8.060216,-9.907917,4
201,-247,8.074925,-9.850423,1
201,-171,8.066345,-6.812018,31
201,-170,8.058652,-6.780971,58
201,-169,8.058788,-6.741501,50
201,-168,8.053048,-6.707334,6
201,-167,8.049497,-6.658599,3
201,-165,8.044691,-6.588527,1
201,-93,8.059551,-3.697563,94
201,-92,8.052103,-3.663701,11
201,-91,8.064634,-3.630116,3
201,-20,8.059403,-0.767565,37
201,-19,8.062520,-0.753526,41
201,-18,8.075709,-0.719786,1
201,-12,8.060411,-0.445502,13
201,-11,8.061024,-0.415138,37
201,-10,8.070403,-0.385550,2
201,-6,8.052211,-0.205155,2
201,61,8.062301,2.457082,3
201,62,8.059720,2.503917,66
201,63,8.060131,2.541173,69
201,64,8.070861,2.560258,1
201,135,8.062704,5.436803,5
201,136,8.059608,5.456507,27
201,137,8.060295,5.492478,42
201,199,8.046645,7.994096,6
201,200,8.060432,8.014115,101
201,273,8.056685,10.948173,4
201,274,8.060599,10.975076,10
201,275,8.060686,11.026642,76
201,285,8.060073,11.431667,88
201,286,8.078095,11.441496,1
201,358,8.059258,14.350110,2
201,359,8.058743,14.381948,83
202,-252,8.100919,-10.052354,61
202,-251,8.099820,-10.025598,24
202,-250,8.103755,-9.977733,13
202,-249,8.090337,-9.938181,3
202,-248,8.095440,-9.913023,3
202,-247,8.118530,-9.861315,1
202,-172,8.108727,-6.848952,23
202,-171,8.098941,-6.820349,59
202,-170,8.098634,-6.778861,53
202,-169,8.090847,-6.751385,10
202,-168,8.103352,-6.694551,4
202,-93,8.100004,-3.694618,94
202,-92,8.103676,-3.661962,14
202,-91,8.104307,-3.625508,2
202,-20,8.098976,-0.766242,26
202,-19,8.101364,-0.752004,45
202,-18,8.086656,-0.711191,1
202,-13,8.092814,-0.485420,2
202,-12,8.097100,-0.448265,9
202,-11,8.101237,-0.416921,44
202,-10,8.111864,-0.381074,2
202,62,8.099120,2.504862,65
202,63,8.099814,2.540069,60
202,64,8.104298,2.561683,11
202,135,8.094684,5.436298,1
202,136,8.100552,5.455862,28
202,137,8.101060,5.495339,47
202,199,8.100785,7.996203,2
202,200,8.099065,8.026827,97
202,201,8.113530,8.042957,4
202,273,8.090819,10.953835,4
202,274,8.099272,10.979395,12
202,275,8.099460,11.031430,67
202,276,8.109290,11.041734,9
202,285,8.096753,11.437275,69
202,286,8.112962,11.441139,20
202,357,8.116475,14.315719,1
202,359,8.099433,14.386127,87
203,-252,8.140441,-10.059096,69
203,-251,8.141890,-10.021603,21
203,-250,8.143177,-9.977079,11
203,-249,8.130021,-9.929659,4
203,-248,8.154867,-9.911081,1
203,-173,8.152180,-6.887414,13
203,-172,8.140687,-6.860163,60
203,-171,8.140276,-6.820118,54
203,-170,8.130488,-6.791526,20
203,-169,8.145873,-6.732148,3
203,-93,8.139669,-3.691741,86
203,-92,8.139108,-3.668354,9
203,-91,8.140380,-3.632809,4
203,-20,8.138205,-0.764248,21
203,-19,8.139877,-0.749696,56
203,-18,8.127755,-0.691886,1
203,-12,8.137317,-0.444539,8
203,-11,8.139946,-0.419547,31
203,-10,8.141271,-0.396524,13
203,-7,8.143426,-0.272340,1
203,-6,8.148444,-0.209366,1
203,61,8.128096,2.461617,3
203,62,8.138628,2.506963,59
203,63,8.140781,2.537452,54
203,64,8.141170,2.563590,28
203,68,8.137724,2.752637,1
203,135,8.124684,5.439966,1
203,136,8.141619,5.457116,29
203,137,8.139826,5.498663,49
203,200,8.134342,8.034217,45
203,201,8.143949,8.046744,57
203,273,8.134361,10.954182,2
203,274,8.139169,10.983240,14
203,275,8.137002,11.033081,35
203,276,8.142237,11.044156,40
203,285,8.122138,11.439598,3
203,286,8.140310,11.444168,85
203,358,8.128567,14.352713,1
203,359,8.141049,14.389833,81
203,360,8.137262,14.401626,3
204,-252,8.180337,-10.064987,76
204,-251,8.184599,-10.025356,15
204,-250,8.183331,-9.983593,9
204,-249,8.169649,-9.935603,4
204,-248,8.195882,-9.917012,1
204,-247,8.162571,-9.872317,1
204,-174,8.192046,-6.923569,5
204,-173,8.181693,-6.898895,56
204,-172,8.180408,-6.860420,53
204,-171,8.173740,-6.827051,28
204,-170,8.164598,-6.791040,1
204,-169,8.184539,-6.755189,3
204,-93,8.179106,-3.688976,74
204,-92,8.180222,-3.669172,29
204,-91,8.181011,-3.625032,5
204,-20,8.176750,-0.762693,12
204,-19,8.181199,-0.747680,67
204,-12,8.171202,-0.452016,6
204,-11,8.178959,-0.419491,38
204,-10,8.181514,-0.392697,17
204,61,8.192594,2.458089,2
204,62,8.178496,2.507807,47
204,63,8.181273,2.535205,63
204,64,8.183233,2.567123,29
204,136,8.180562,5.456975,23
204,137,8.180036,5.500195,56
204,200,8.173189,8.035536,4
204,201,8.180354,8.054606,95
204,273,8.162625,10.958813,1
204,274,8.181727,10.982698,12
204,275,8.177742,11.029358,16
204,276,8.180149,11.048805,63
204,286,8.179537,11.449685,91
204,358,8.195122,14.323451,1
204,359,8.179916,14.392834,72
204,360,8.178779,14.403542,7
205,-253,8.229385,-10.081472,10
205,-252,8.219996,-10.069528,71
205,-251,8.221850,-10.023339,12
205,-250,8.220635,-9.987959,8
205,-249,8.219169,-9.939293,6
205,-247,8.203530,-9.878431,1
205,-175,8.238820,-6.963280,1
205,-174,8.222082,-6.936742,54
205,-173,8.220019,-6.900567,53
205,-172,8.216379,-6.865535,39
205,-171,8.210463,-6.831831,2
205,-170,8.216205,-6.785805,3
205,-169,8.238265,-6.731531,1
205,-93,8.219311,-3.688314,55
205,-92,8.222475,-3.673303,45
205,-91,8.224363,-3.627677,6
205,-20,8.212455,-0.761078,4
205,-19,8.220614,-0.745924,70
205,-18,8.210968,-0.706715,2
205,-12,8.218666,-0.454346,3
205,-11,8.221351,-0.420402,32
205,-10,8.220995,-0.390788,21
205,-9,8.213132,-0.357342,1
205,-4,8.214888,-0.133044,1
205,62,8.222152,2.507057,40
205,63,8.219600,2.535820,67
205,64,8.220288,2.569415,30
205,136,8.218134,5.465255,15
205,137,8.221117,5.503245,60
205,200,8.201948,8.022481,1
205,201,8.219065,8.065879,94
205,202,8.236195,8.080937,2
205,274,8.218915,10.985167,11
205,275,8.214579,11.026469,10
205,276,8.220811,11.053475,73
205,286,8.219555,11.455136,91
205,358,8.225321,14.345822,1
205,359,8.218304,14.395441,65
205,360,8.223763,14.403542,21
206,-253,8.261581,-10.084842,51
206,-252,8.259099,-10.064129,26
206,-251,8.261291,-10.023807,11
206,-250,8.260424,-9.987931,7
206,-249,8.262938,-9.940962,4
206,-248,8.244272,-9.883811,1
206,-175,8.263907,-6.974181,43
206,-174,8.259375,-6.941153,57
206,-173,8.258537,-6.902078,43
206,-172,8.251556,-6.867378,4
206,-171,8.265979,-6.824441,4
206,-93,8.259843,-3.686637,43
206,-92,8.261042,-3.671972,52
206,-91,8.257870,-3.628240,5
206,-19,8.260042,-0.743932,73
206,-18,8.267100,-0.716574,1
206,-11,8.259903,-0.416575,29
206,-10,8.261318,-0.387393,22
206,-5,8.270924,-0.177375,1
206,61,8.255686,2.463358,2
206,62,8.259963,2.510497,31
206,63,8.259662,2.537487,75
206,64,8.259205,2.572767,33
206,136,8.259997,5.465333,14
206,137,8.261684,5.506310,63
206,201,8.256532,8.073359,63
206,202,8.264761,8.084995,38
206,274,8.257382,10.983499,8
206,275,8.260765,11.011178,11
206,276,8.260549,11.058049,76
206,286,8.260546,11.460683,87
206,358,8.275888,14.329418,1
206,359,8.255978,14.395759,32
206,360,8.262720,14.403585,53
207,-253,8.300266,-10.090041,60
207,-252,8.299291,-10.066280,25
207,-251,8.303571,-10.016740,11
207,-250,8.294894,-9.989826,5
207,-249,8.298144,-9.950936,3
207,-248,8.285348,-9.889235,1
207,-176,8.305603,-7.011617,32
207,-175,8.298246,-6.980844,57
207,-174,8.298811,-6.940506,45
207,-173,8.291567,-6.911333,10
207,-172,8.309814,-6.864917,3
207,-171,8.295098,-6.824491,1
207,-93,8.298251,-3.684971,30
207,-92,8.300929,-3.670290,68
207,-91,8.295348,-3.626270,9
207,-19,8.299073,-0.740447,73
207,-18,8.303867,-0.707042,2
207,-12,8.290969,-0.467919,1
207,-11,8.299620,-0.414737,32
207,-10,8.301699,-0.385706,22
207,61,8.313335,2.469165,1
207,62,8.298978,2.512687,24
207,63,8.300093,2.538030,76
207,64,8.299542,2.574743,36
207,68,8.309171,2.754685,1
207,69,8.300764,2.772197,1
207,136,8.299055,5.468587,13
207,137,8.300491,5.510030,62
207,201,8.293424,8.077623,9
207,202,8.300388,8.090419,88
207,274,8.296586,10.987742,6
207,275,8.303672,11.014222,9
207,276,8.300755,11.063871,78
207,286,8.300263,11.465615,87
207,358,8.307302,14.351525,1
207,359,8.298934,14.396571,13
207,360,8.300901,14.405438,72
208,-253,8.341979,-10.094526,68
208,-252,8.338199,-10.064321,21
208,-251,8.343394,-10.018261,14
208,-250,8.338508,-9.983584,4
208,-249,8.327265,-9.947490,3
208,-248,8.326761,-9.894703,1
208,-177,8.349281,-7.049200,19
208,-176,8.339114,-7.020426,61
208,-175,8.337867,-6.979391,49
208,-174,8.332184,-6.949555,17
208,-173,8.337923,-6.894767,3
208,-93,8.337233,-3.682984,22
208,-92,8.341336,-3.667724,78
208,-91,8.343256,-3.621872,8
208,-19,8.339074,-0.737324,75
208,-18,8.336131,-0.709193,2
208,-12,8.334192,-0.466247,1
208,-11,8.340026,-0.416177,28
208,-10,8.339881,-0.386839,24
208,-9,8.332882,-0.357216,2
208,61,8.327007,2.468315,1
208,62,8.338409,2.510844,19
208,63,8.339651,2.538090,77
208,64,8.340176,2.576819,38
208,136,8.342366,5.472853,12
208,137,8.338111,5.511663,63
208,138,8.352060,5.520809,7
208,201,8.326128,8.067896,2
208,202,8.339680,8.099323,96
208,274,8.340750,10.990652,6
208,275,8.339946,11.015132,10
208,276,8.341259,11.068467,78
208,286,8.339911,11.470257,91
208,358,8.355529,14.335302,1
208,359,8.340499,14.380593,2
208,360,8.339748,14.407543,78
209,-253,8.381365,-10.097337,67
209,-252,8.379199,-10.061023,18
209,-251,8.382601,-10.016802,12
209,-250,8.390396,-9.970464,3
209,-249,8.363764,-9.950319,2
209,-248,8.368519,-9.900217,1
209,-178,8.393723,-7.085879,8
209,-177,8.381157,-7.059633,61
209,-176,8.378754,-7.020526,50
209,-175,8.373009,-6.987809,27
209,-173,8.379986,-6.903876,3
209,-93,8.376030,-3.681526,10
209,-92,8.380318,-3.666304,85
209,-91,8.381158,-3.617828,6
209,-19,8.379926,-0.733008,75
209,-18,8.383587,-0.710850,6
209,-11,8.380263,-0.414376,23
209,-10,8.379005,-0.385714,32
209,-9,8.382403,-0.351870,2
209,-7,8.360710,-0.248730,1
209,-5,8.366272,-0.183761,1
209,61,8.386109,2.474244,2
209,62,8.376653,2.514327,15
209,63,8.380001,2.537660,78
209,64,8.380751,2.575636,53
209,136,8.378557,5.474348,7
209,137,8.376273,5.505628,42
209,138,8.383929,5.522113,35
209,202,8.379302,8.108684,90
209,203,8.392540,8.121046,3
209,274,8.377056,10.985897,2
209,275,8.380811,11.017537,14
209,276,8.380177,11.071883,67
209,277,8.391063,11.081563,8
209,286,8.379765,11.474599,92
209,358,8.388304,14.357065,1
209,359,8.388521,14.391257,3
209,360,8.379380,14.410259,83
210,-253,8.419595,-10.101279,74
210,-252,8.422378,-10.061165,18
210,-251,8.421416,-10.022028,13
210,-250,8.425923,-9.974012,4
210,-249,8.406635,-9.947490,1
210,-248,8.410626,-9.905777,1
210,-178,8.422999,-7.095960,52
210,-177,8.420021,-7.060600,55
210,-176,8.414871,-7.025016,32
210,-175,8.414001,-6.988432,2
210,-174,8.414702,-6.936475,3
210,-92,8.419910,-3.664598,97
210,-91,8.421474,-3.619979,10
210,-19,8.420448,-0.731195,63
210,-18,8.429107,-0.713471,10
210,-17,8.401715,-0.675216,1
210,-12,8.402670,-0.458584,1
210,-11,8.420288,-0.408944,20
210,-10,8.419298,-0.382505,31
210,-9,8.433555,-0.346350,2
210,61,8.437900,2.479572,1
210,62,8.421214,2.515581,9
210,63,8.421290,2.539613,75
210,64,8.421086,2.578837,52
210,136,8.417363,5.477952,5
210,137,8.420273,5.502315,29
210,138,8.419365,5.524830,50
210,202,8.417266,8.114292,54
210,203,8.422796,8.123970,41
210,274,8.412225,10.989793,2
210,275,8.421335,11.017890,11
210,276,8.418162,11.072703,44
210,277,8.422607,11.083157,31
210,286,8.417635,11.477240,66
210,287,8.424195,11.481329,26
210,358,8.434073,14.341105,1
210,359,8.428845,14.376022,1
210,360,8.420024,14.412666,79
211,-253,8.460529,-10.103459,77
211,-252,8.460447,-10.064637,18
211,-251,8.462852,-10.023218,12
211,-250,8.467860,-9.979465,4
211,-249,8.449970,-9.953756,1
211,-248,8.453089,-9.911384,1
211,-179,8.467380,-7.127344,21
211,-178,8.459889,-7.101212,67
211,-177,8.455138,-7.064427,36
211,-176,8.452085,-7.027175,3
211,-175,8.471909,-6.975322,2
211,-92,8.460435,-3.661266,93
211,-91,8.463855,-3.621244,10
211,-19,8.460149,-0.728837,56
211,-18,8.463396,-0.715643,20
211,-12,8.457750,-0.455951,1
211,-11,8.462304,-0.408754,21
211,-10,8.459665,-0.381854,36
211,-9,8.441953,-0.335014,1
211,62,8.456041,2.508135,6
211,63,8.459474,2.539164,75
211,64,8.460771,2.581348,57
211,69,8.470333,2.792541,1
211,136,8.459113,5.472539,2
211,137,8.459683,5.499132,28
211,138,8.459796,5.527649,52
211,202,8.455687,8.116276,8
211,203,8.460131,8.128479,83
211,274,8.456639,10.993426,3
211,275,8.459137,11.021601,12
211,276,8.457900,11.071087,21
211,277,8.459864,11.085235,55
211,286,8.451113,11.478989,18
211,287,8.460991,11.482924,73
211,359,8.461340,14.382762,3
211,360,8.459824,14.415047,81
212,-253,8.500136,-10.105929,75
212,-252,8.499757,-10.063015,17
212,-251,8.500916,-10.026382,11
212,-250,8.505467,-9.978387,5
212,-248,8.495915,-9.917039,1
212,-179,8.501215,-7.135208,61
212,-178,8.497899,-7.104213,52
212,-177,8.494220,-7.067219,11
212,-176,8.501748,-7.036378,1
212,-173,8.497305,-6.917995,1
212,-92,8.500535,-3.658370,92
212,-91,8.501390,-3.622127,13
212,-19,8.499494,-0.727970,42
212,-18,8.501566,-0.714423,30
212,-12,8.519691,-0.448808,1
212,-11,8.502305,-0.408428,12
212,-10,8.501561,-0.380005,41
212,-9,8.486416,-0.340644,2
212,-4,8.515474,-0.148039,1
212,62,8.502234,2.484946,1
212,63,8.499820,2.540156,76
212,64,8.499319,2.581346,63
212,65,8.503818,2.603247,2
212,137,8.499630,5.502310,28
212,138,8.499790,5.530865,54
212,202,8.504061,8.117989,1
212,203,8.499839,8.135829,93
212,274,8.499516,10.996916,2
212,275,8.497583,11.024758,11
212,276,8.496307,11.070108,15
212,277,8.499852,11.088571,63
212,287,8.500158,11.485632,92
212,358,8.513891,14.345558,1
212,359,8.510919,14.385552,2
212,360,8.500534,14.417839,85
213,-253,8.540145,-10.108350,83
213,-252,8.538637,-10.064598,15
213,-251,8.538934,-10.028406,11
213,-250,8.544795,-9.980036,5
213,-249,8.539109,-9.922742,1
213,-180,8.551961,-7.163060,13
213,-179,8.538899,-7.141939,87
213,-178,8.531997,-7.108012,14
213,-176,8.542895,-7.014367,1
213,-92,8.540078,-3.655253,89
213,-91,8.543521,-3.622032,12
213,-90,8.538731,-3.597856,2
213,-19,8.539563,-0.726420,32
213,-18,8.539352,-0.711908,45
213,-11,8.536087,-0.410306,7
213,-10,8.540489,-0.380532,41
213,-9,8.548070,-0.346984,4
213,62,8.537862,2.509539,4
213,63,8.539754,2.542538,68
213,64,8.540015,2.581732,63
213,65,8.541196,2.603731,9
213,137,8.538464,5.504223,25
213,138,8.540549,5.533494,63
213,203,8.539707,8.143367,91
213,274,8.522993,10.998786,1
213,275,8.539660,11.022791,13
213,276,8.540213,11.066597,14
213,277,8.540440,11.091632,69
213,287,8.539877,11.488729,89
213,359,8.534856,14.379249,2
213,360,8.541065,14.419537,80
214,-254,8.584327,-10.120941,9
214,-253,8.579629,-10.109412,73
214,-252,8.577021,-10.063608,14
214,-251,8.579938,-10.030725,10
214,-250,8.584239,-9.981442,5
214,-249,8.581460,-9.926906,1
214,-180,8.582953,-7.168797,50
214,-179,8.577125,-7.146880,52
214,-178,8.573556,-7.105121,5
214,-177,8.584244,-7.071869,1
214,-92,8.579823,-3.652410,87
214,-91,8.583440,-3.626813,16
214,-90,8.584267,-3.595429,3
214,-19,8.579152,-0.725055,21
214,-18,8.580698,-0.710855,51
214,-12,8.587343,-0.445152,1
214,-11,8.579791,-0.405039,3
214,-10,8.580324,-0.382435,39
214,-9,8.583238,-0.355308,11
214,-4,8.594219,-0.156965,1
214,62,8.568009,2.490444,1
214,63,8.579797,2.544416,66
214,64,8.581169,2.578650,48
214,65,8.579225,2.603523,25
214,137,8.579771,5.504230,22
214,138,8.581074,5.536177,68
214,203,8.579142,8.150211,90
214,204,8.599221,8.160133,1
214,275,8.583117,11.025584,10
214,276,8.579569,11.068217,9
214,277,8.580277,11.094044,71
214,287,8.579859,11.491456,94
214,358,8.594296,14.349013,1
214,359,8.591806,14.391417,3
214,360,8.579788,14.421893,80
215,-254,8.621825,-10.122312,24
215,-253,8.618104,-10.109152,57
215,-252,8.620635,-10.058586,19
215,-251,8.615083,-10.029201,6
215,-250,8.624013,-9.982860,5
215,-249,8.621506,-9.927672,1
215,-180,8.620828,-7.175403,84
215,-179,8.614706,-7.149551,16
215,-178,8.611805,-7.104588,1
215,-92,8.619630,-3.650187,77
215,-91,8.620511,-3.628625,24
215,-90,8.628245,-3.592639,2
215,-19,8.620108,-0.724035,13
215,-18,8.619163,-0.709420,61
215,-17,8.617793,-0.676875,1
215,-11,8.616641,-0.403286,5
215,-10,8.621584,-0.381039,39
215,-9,8.620521,-0.349035,11
215,62,8.626786,2.494329,2
215,63,8.620344,2.545033,60
215,64,8.619202,2.579277,53
215,65,8.620324,2.606294,26
215,137,8.620600,5.508949,19
215,138,8.620819,5.539016,72
215,203,8.617983,8.154640,65
215,204,8.625920,8.162260,27
215,275,8.621337,11.026296,10
215,276,8.620346,11.061019,6
215,277,8.620414,11.096519,77
215,287,8.619684,11.493847,93
215,359,8.630012,14.370300,1
215,360,8.620071,14.423279,85
216,-254,8.660644,-10.123501,41
216,-253,8.658292,-10.107032,47
216,-252,8.658757,-10.058048,14
216,-251,8.656638,-10.029442,5
216,-250,8.664121,-9.984290,5
216,-249,8.661834,-9.928442,1
216,-180,8.660326,-7.184452,98
216,-179,8.653813,-7.149429,4
216,-92,8.658647,-3.648743,60
216,-91,8.660805,-3.629964,41
216,-90,8.657946,-3.592552,3
216,-19,8.656165,-0.722146,8
216,-18,8.660583,-0.706260,69
216,-17,8.646600,-0.660326,1
216,-11,8.659762,-0.415205,4
216,-10,8.660182,-0.382190,37
216,-9,8.659586,-0.353368,15
216,62,8.667795,2.497029,1
216,63,8.659713,2.546533,51
216,64,8.660056,2.579152,61
216,65,8.659006,2.609013,31
216,70,8.646655,2.813654,1
216,136,8.654230,5.477360,1
216,137,8.663796,5.511220,16
216,138,8.659998,5.542222,77
216,203,8.653947,8.156599,23
216,204,8.662607,8.164975,64
216,275,8.657228,11.027363,8
216,276,8.660030,11.055333,6
216,277,8.659809,11.099536,72
216,287,8.659814,11.496018,94
216,358,8.673547,14.352419,1
216,359,8.664307,14.392300,2
216,360,8.659770,14.424858,76
217,-254,8.698733,-10.125739,48
217,-253,8.701418,-10.107272,35
217,-252,8.697731,-10.061323,16
217,-251,8.691018,-10.031890,4
217,-250,8.700353,-9.981780,4
217,-249,8.702447,-9.929218,1
217,-180,8.700516,-7.192995,90
217,-179,8.698147,-7.157718,1
217,-92,8.698421,-3.647902,44
217,-91,8.701268,-3.630171,55
217,-90,8.702498,-3.589509,4
217,-19,8.690397,-0.720767,1
217,-18,8.700260,-0.704896,72
217,-17,8.708741,-0.673271,2
217,-10,8.699900,-0.379287,37
217,-9,8.697645,-0.350328,15
217,-8,8.682546,-0.316828,3
217,62,8.699819,2.500412,2
217,63,8.699755,2.550004,49
217,64,8.699651,2.579963,55
217,65,8.698603,2.611200,33
217,137,8.698448,5.513519,11
217,138,8.699473,5.543315,80
217,203,8.704854,8.156763,5
217,204,8.700549,8.168940,86
217,275,8.693351,11.025073,6
217,276,8.698177,11.048168,8
217,277,8.700085,11.101497,81
217,287,8.699170,11.498363,92
217,359,8.696637,14.385383,2
217,360,8.700075,14.425922,85
218,-254,8.740673,-10.128255,45
218,-253,8.740137,-10.107795,45
218,-252,8.736951,-10.060248,16
218,-251,8.731881,-10.026125,6
218,-250,8.740908,-9.983152,4
218,-249,8.743353,-9.930000,1
218,-181,8.748796,-7.201523,27
218,-180,8.735578,-7.196216,59
218,-92,8.737879,-3.645926,37
218,-91,8.741173,-3.629609,64
218,-90,8.752694,-3.591455,6
218,-18,8.739642,-0.701577,73
218,-17,8.747545,-0.665471,1
218,-11,8.726244,-0.418125,2
218,-10,8.740765,-0.377011,38
218,-9,8.740906,-0.346696,17
218,-8,8.744337,-0.312801,2
218,63,8.737618,2.551348,46
218,64,8.739934,2.579905,57
218,65,8.739613,2.612983,44
218,137,8.739228,5.517004,6
218,138,8.740549,5.545854,86
218,203,8.735607,8.156117,2
218,204,8.740382,8.173614,85
218,275,8.735274,11.025574,6
218,276,8.740726,11.050597,10
218,277,8.740108,11.104070,73
218,287,8.739851,11.500058,92
218,358,8.751672,14.355777,1
218,359,8.728423,14.389572,1
218,360,8.740502,14.426891,78
219,-254,8.780751,-10.128732,41
219,-253,8.782482,-10.107813,44
219,-252,8.778927,-10.061016,19
219,-251,8.775341,-10.027605,5
219,-250,8.781828,-9.984536,4
219,-249,8.784554,-9.930788,1
219,-181,8.778729,-7.203955,54
219,-180,8.780363,-7.195843,27
219,-92,8.777934,-3.645058,22
219,-91,8.781513,-3.629203,74
219,-90,8.783888,-3.590367,5
219,-18,8.780399,-0.698327,74
219,-17,8.796310,-0.665349,1
219,-11,8.771231,-0.427788,1
219,-10,8.779794,-0.373186,32
219,-9,8.780754,-0.346211,18
219,-8,8.796273,-0.307036,1
219,-3,8.775704,-0.116815,1
219,62,8.774597,2.506632,2
219,63,8.779504,2.551973,32
219,64,8.779771,2.577322,59
219,65,8.781046,2.614678,48
219,137,8.775912,5.506689,2
219,138,8.780323,5.547465,93
219,203,8.770542,8.159622,1
219,204,8.779897,8.177360,86
219,275,8.780082,11.026185,7
219,276,8.784309,11.052540,9
219,277,8.779059,11.106502,75
219,287,8.779531,11.501606,89
219,359,8.777618,14.380445,3
219,360,8.779408,14.428692,83
220,-254,8.820531,-10.128221,44
220,-253,8.822814,-10.106987,39
220,-252,8.818714,-10.061119,18
220,-251,8.816225,-10.028797,5
220,-250,8.823121,-9.985933,4
220,-249,8.826055,-9.931580,1
220,-181,8.819862,-7.206131,46
220,-180,8.820046,-7.194503,33
220,-92,8.818090,-3.642828,17
220,-91,8.820925,-3.626549,80
220,-90,8.814802,-3.592837,8
220,-18,8.820020,-0.694896,71
220,-17,8.819079,-0.673493,3
220,-10,8.820826,-0.374023,26
220,-9,8.820908,-0.346798,24
220,-8,8.820088,-0.304783,1
220,63,8.817825,2.553338,27
220,64,8.819489,2.577958,67
220,65,8.821388,2.617467,53
220,70,8.830583,2.835731,1
220,138,8.818248,5.548059,76
220,139,8.828025,5.561032,22
220,204,8.819868,8.181149,88
220,275,8.821882,11.025023,4
220,276,8.824584,11.052440,8
220,277,8.818875,11.107241,78
220,287,8.819600,11.502787,99
220,358,8.832898,14.356718,1
220,359,8.801633,14.392299,1
220,360,8.820479,14.429063,81
220,361,8.817974,14.441071,1
221,-254,8.860564,-10.127975,35
221,-253,8.860601,-10.108377,47
221,-252,8.860498,-10.060488,22
221,-251,8.855210,-10.027685,5
221,-250,8.864792,-9.987343,4
221,-249,8.867862,-9.932380,1
221,-181,8.858662,-7.207069,44
221,-180,8.862350,-7.192395,36
221,-92,8.855539,-3.641301,6
221,-91,8.861007,-3.625211,91
221,-90,8.858514,-3.587696,10
221,-18,8.860011,-0.692117,73
221,-17,8.870710,-0.668850,6
221,-11,8.866460,-0.421883,1
221,-10,8.859471,-0.373485,26
221,-9,8.860081,-0.344927,29
221,-8,8.855103,-0.300682,1
221,62,8.851216,2.513008,2
221,63,8.857321,2.554283,19
221,64,8.861057,2.576753,65
221,65,8.860238,2.617203,58
221,66,8.869142,2.642643,2
221,137,8.874611,5.488238,1
221,138,8.858808,5.547340,48
221,139,8.861285,5.563119,51
221,204,8.860373,8.184095,85
221,275,8.857991,11.026252,4
221,276,8.861496,11.055322,10
221,277,8.859152,11.109748,80
221,287,8.861217,11.503871,95
221,359,8.871086,14.378604,3
221,360,8.859611,14.430017,80
221,361,8.862449,14.441472,1
222,-254,8.900023,-10.126802,35
222,-253,8.901797,-10.106540,52
222,-252,8.902979,-10.062556,19
222,-251,8.896322,-10.027559,7
222,-250,8.905718,-9.987622,4
222,-249,8.909979,-9.933184,1
222,-181,8.900073,-7.206429,32
222,-180,8.899949,-7.187256,40
222,-91,8.900452,-3.622454,96
222,-90,8.898445,-3.582853,7
222,-18,8.899478,-0.690096,56
222,-17,8.902911,-0.676074,15
222,-11,8.906657,-0.416469,1
222,-10,8.899432,-0.369917,27
222,-9,8.901458,-0.341740,26
222,-8,8.904893,-0.295467,2
222,63,8.900006,2.555898,15
222,64,8.900042,2.578597,66
222,65,8.900193,2.621320,58
222,66,8.894257,2.645537,1
222,137,8.918382,5.502671,1
222,138,8.899745,5.547898,39
222,139,8.900028,5.565848,67
222,204,8.900623,8.186668,87
222,275,8.898437,11.025052,5
222,276,8.900293,11.054531,9
222,277,8.900386,11.110661,81
222,287,8.900515,11.504701,94
222,358,8.913600,14.357252,1
222,360,8.899118,14.430385,82
222,361,8.907417,14.441169,1
223,-254,8.938755,-10.126363,31
223,-253,8.942351,-10.106951,49
223,-252,8.941634,-10.060327,18
223,-251,8.937124,-10.024715,6
223,-250,8.943712,-9.984627,4
223,-249,8.952412,-9.933995,1
223,-181,8.932988,-7.204730,17
223,-180,8.941708,-7.184188,54
223,-91,8.940352,-3.619820,94
223,-90,8.934853,-3.587052,12
223,-18,8.939268,-0.688522,48
223,-17,8.942656,-0.675229,30
223,-10,8.939180,-0.368552,24
223,-9,8.940272,-0.340820,30
223,62,8.929811,2.519574,2
223,63,8.939535,2.557236,6
223,64,8.939368,2.578806,67
223,65,8.939879,2.622136,69
223,66,8.925102,2.648697,2
223,138,8.938207,5.549231,34
223,139,8.940555,5.568572,71
223,204,8.939754,8.188981,85
223,275,8.942939,11.028183,5
223,276,8.936354,11.054277,8
223,277,8.940278,11.112001,75
223,287,8.939732,11.504982,90
223,359,8.951912,14.378766,3
223,360,8.939716,14.431089,79
223,361,8.951769,14.440872,1
224,-254,8.980460,-10.125721,27
224,-253,8.980998,-10.106978,57
224,-252,8.980137,-10.061990,22
224,-251,8.977610,-10.026907,5
224,-250,8.978783,-9.985081,5
224,-249,8.993168,-9.932427,1
224,-181,8.978127,-7.204046,5
224,-180,8.978811,-7.182640,47
224,-179,8.985350,-7.152796,15
224,-91,8.980056,-3.616583,87
224,-90,8.977275,-3.587192,15
224,-18,8.978795,-0.687234,33
224,-17,8.982425,-0.674215,36
224,-10,8.979691,-0.367179,14
224,-9,8.978407,-0.342936,37
224,-8,8.980441,-0.303429,4
224,63,8.984290,2.552162,6
224,64,8.979621,2.578844,66
224,65,8.979825,2.623800,69
224,66,8.973092,2.648830,3
224,138,8.979327,5.551246,24
224,139,8.979775,5.570761,74
224,204,8.979507,8.190507,86
224,275,8.984020,11.027421,4
224,276,8.973359,11.054380,9
224,277,8.979597,11.112686,77
224,287,8.979982,11.505199,94
224,358,8.993095,14.357777,1
224,360,8.980107,14.430805,81
224,361,8.995521,14.440578,1
225,-254,9.019002,-10.125582,19
225,-253,9.021254,-10.108277,58
225,-252,9.017675,-10.060367,20
225,-251,9.020017,-10.025361,6
225,-250,9.017597,-9.982084,5
225,-249,9.032423,-9.928745,1
225,-180,9.017515,-7.178650,42
225,-179,9.023139,-7.142972,30
225,-91,9.019826,-3.612752,90
225,-90,9.020899,-3.584042,17
225,-18,9.017606,-0.685593,29
225,-17,9.022405,-0.671244,49
225,-11,9.017093,-0.409329,1
225,-10,9.017675,-0.366462,12
225,-9,9.019169,-0.344341,33
225,-8,9.022744,-0.317173,8
225,63,9.017478,2.550444,4
225,64,9.019912,2.580913,59
225,65,9.018827,2.621841,64
225,66,9.020157,2.643685,18
225,71,9.022437,2.858772,1
225,138,9.019172,5.553274,21
225,139,9.019443,5.573591,84
225,204,9.019907,8.191436,85
225,275,9.024303,11.023521,3
225,276,9.015159,11.056034,12
225,277,9.019398,11.112648,79
225,287,9.020148,11.504936,92
225,359,9.031536,14.378926,3
225,360,9.019801,14.429911,77
225,361,9.038687,14.440288,1
226,-254,9.061843,-10.124754,19
226,-253,9.060220,-10.107180,63
226,-252,9.056873,-10.060882,22
226,-251,9.066106,-10.025376,8
226,-250,9.056695,-9.979065,5
226,-249,9.071915,-9.925038,1
226,-180,9.059854,-7.172346,24
226,-179,9.056714,-7.138979,30
226,-178,9.069828,-7.114959,11
226,-91,9.059390,-3.610722,78
226,-90,9.064935,-3.586341,25
226,-18,9.058285,-0.684249,18
226,-17,9.061295,-0.670004,56
226,-16,9.065657,-0.634848,1
226,-11,9.049235,-0.404555,1
226,-10,9.060753,-0.364433,8
226,-9,9.060332,-0.343504,36
226,-8,9.056779,-0.308936,7
226,-7,9.050317,-0.279937,1
226,-3,9.053282,-0.083515,1
226,63,9.060605,2.545557,2
226,64,9.058844,2.581920,57
226,65,9.059148,2.622549,54
226,66,9.060411,2.646046,30
226,137,9.054983,5.510203,1
226,138,9.060548,5.555452,9
226,139,9.059858,5.575573,101
226,204,9.060785,8.191845,83
226,275,9.061093,11.023731,3
226,276,9.058266,11.053532,11
226,277,9.059815,11.112858,77
226,287,9.059988,11.504718,94
226,358,9.072176,14.357851,1
226,360,9.058282,14.430508,79
227,-254,9.100811,-10.123495,14
227,-253,9.101338,-10.104974,62
227,-252,9.096976,-10.065742,20
227,-251,9.106753,-10.027120,9
227,-250,9.093347,-9.980487,4
227,-249,9.109332,-9.939739,2
227,-180,9.087749,-7.165867,6
227,-179,9.100625,-7.142184,32
227,-178,9.102023,-7.099943,26
227,-91,9.098250,-3.609302,66
227,-90,9.102824,-3.589115,36
227,-18,9.098753,-0.682715,11
227,-17,9.100425,-0.667022,62
227,-10,9.087668,-0.362995,3
227,-9,9.100137,-0.342067,39
227,-8,9.100711,-0.312284,9
227,-7,9.112594,-0.272874,1
227,63,9.103781,2.540116,2
227,64,9.098728,2.583019,56
227,65,9.100229,2.621977,60
227,66,9.101480,2.648413,33
227,138,9.093147,5.555183,5
227,139,9.100722,5.578310,107
227,204,9.100185,8.191727,84
227,275,9.102809,11.027451,4
227,276,9.099683,11.052293,11
227,277,9.100267,11.113298,80
227,287,9.100327,11.503970,96
227,359,9.110545,14.378750,3
227,360,9.099235,14.429781,84
227,361,9.081281,14.440002,1
228,-254,9.138346,-10.123254,10
228,-253,9.141202,-10.102556,68
228,-252,9.139469,-10.061140,20
228,-251,9.143800,-10.025957,10
228,-250,9.132820,-9.977482,4
228,-249,9.147523,-9.954871,1
228,-248,9.151633,-9.917557,1
228,-180,9.130263,-7.160793,1
228,-179,9.141009,-7.137118,21
228,-178,9.137775,-7.101450,19
228,-177,9.144376,-7.068708,17
228,-91,9.139844,-3.608097,55
228,-90,9.140987,-3.589152,54
228,-18,9.132214,-0.680880,4
228,-17,9.140133,-0.666179,66
228,-10,9.156331,-0.365630,1
228,-9,9.138769,-0.340989,39
228,-8,9.141021,-0.311062,14
228,-7,9.133613,-0.270950,1
228,63,9.152497,2.539282,1
228,64,9.139646,2.585418,52
228,65,9.139500,2.621533,48
228,66,9.140845,2.649884,39
228,137,9.125375,5.500617,1
228,139,9.139902,5.581542,113
228,204,9.139530,8.191450,85
228,275,9.139069,11.026403,4
228,276,9.143723,11.055904,10
228,277,9.140528,11.112416,80
228,287,9.139809,11.503085,92
228,358,9.153840,14.355716,1
228,360,9.139216,14.429847,79
229,-254,9.177521,-10.122083,8
229,-253,9.180877,-10.100315,65
229,-252,9.182954,-10.061709,22
229,-251,9.179514,-10.025993,13
229,-250,9.172593,-9.974454,4
229,-249,9.188315,-9.951549,1
229,-248,9.191864,-9.913780,1
229,-179,9.165965,-7.123161,5
229,-178,9.179615,-7.101268,31
229,-177,9.178152,-7.057673,18
229,-176,9.191709,-7.031100,10
229,-91,9.180315,-3.606813,37
229,-90,9.180932,-3.590425,64
229,-89,9.167493,-3.559056,1
229,-17,9.179119,-0.662882,75
229,-10,9.190562,-0.383093,3
229,-9,9.179530,-0.340194,37
229,-8,9.181767,-0.309112,15
229,-7,9.183158,-0.265253,1
229,64,9.178824,2.588455,51
229,65,9.180373,2.622521,47
229,66,9.179418,2.651587,51
229,139,9.178834,5.584837,112
229,204,9.179443,8.189887,84
229,275,9.180345,11.025917,6
229,276,9.182270,11.054018,7
229,277,9.180196,11.111699,78
229,287,9.179849,11.501481,91
229,359,9.187917,14.382558,2
229,360,9.179322,14.428726,85
230,-254,9.211885,-10.121548,3
230,-253,9.219004,-10.098216,61
230,-252,9.223745,-10.063532,27
230,-251,9.219433,-10.022871,14
230,-250,9.212674,-9.971402,4
230,-249,9.229396,-9.948205,1
230,-248,9.232351,-9.909980,1
230,-178,9.215750,-7.091090,16
230,-177,9.220133,-7.063258,21
230,-176,9.217158,-7.015604,14
230,-175,9.232794,-6.992774,6
230,-91,9.217898,-3.605293,26
230,-90,9.220786,-3.588752,71
230,-89,9.203814,-3.558036,4
230,-17,9.219197,-0.660088,73
230,-9,9.219173,-0.336588,41
230,-8,9.222797,-0.306262,16
230,-7,9.220546,-0.261571,1
230,63,9.218526,2.543709,2
230,64,9.218626,2.589007,41
230,65,9.219573,2.619914,46
230,66,9.220717,2.652839,55
230,67,9.230898,2.681733,2
230,72,9.222563,2.882782,1
230,137,9.202370,5.518328,1
230,138,9.209386,5.547805,1
230,139,9.219473,5.588332,112
230,204,9.219837,8.188538,83
230,275,9.220634,11.026422,5
230,276,9.216607,11.053068,7
230,277,9.219379,11.111140,77
230,287,9.219953,11.500421,93
230,358,9.234223,14.353615,1
230,359,9.201087,14.363608,1
230,360,9.219858,14.427650,76
231,-253,9.258160,-10.097081,58
231,-252,9.263666,-10.065047,41
231,-251,9.256734,-10.021892,14
231,-250,9.258943,-9.979534,6
231,-249,9.275155,-9.952189,2
231,-248,9.273097,-9.906157,1
231,-177,9.256449,-7.057165,21
231,-176,9.262182,-7.022952,16
231,-175,9.253576,-6.975324,12
231,-174,9.271287,-6.951416,7
231,-91,9.258505,-3.603633,19
231,-90,9.259821,-3.586583,81
231,-89,9.253683,-3.554704,5
231,-88,9.257891,-3.511573,1
231,-17,9.259479,-0.656959,74
231,-16,9.257883,-0.633980,4
231,-9,9.259965,-0.335942,34
231,-8,9.260983,-0.306639,19
231,-7,9.256494,-0.257332,1
231,64,9.259437,2.589659,30
231,65,9.259892,2.617508,56
231,66,9.260309,2.655012,58
231,67,9.274747,2.686466,2
231,139,9.259511,5.592006,112
231,140,9.275524,5.600243,3
231,204,9.260189,8.185730,82
231,275,9.257292,11.025108,5
231,276,9.259007,11.050972,10
231,277,9.259868,11.109564,83
231,287,9.260242,11.498859,95
231,359,9.263267,14.386531,3
231,360,9.259457,14.426799,82
232,-253,9.299329,-10.094645,44
232,-252,9.301314,-10.064799,42
232,-251,9.299499,-10.021559,17
232,-250,9.300114,-9.979550,6
232,-249,9.315105,-9.947252,2
232,-248,9.314104,-9.902308,1
232,-177,9.290515,-7.046911,5
232,-176,9.299613,-7.022663,23
232,-175,9.303862,-6.981654,14
232,-174,9.292097,-6.933400,9
232,-173,9.310795,-6.902275,11
232,-91,9.299842,-3.601654,11
232,-90,9.299585,-3.584506,88
232,-89,9.299904,-3.553453,5
232,-17,9.299678,-0.653434,71
232,-16,9.312347,-0.629143,2
232,-9,9.299765,-0.333055,26
232,-8,9.300733,-0.305523,22
232,-7,9.311351,-0.251772,1
232,63,9.306569,2.551055,2
232,64,9.298049,2.592187,26
232,65,9.300891,2.616969,52
232,66,9.300802,2.657476,68
232,67,9.316987,2.690830,1
232,138,9.316553,5.554992,1
232,139,9.297777,5.593448,79
232,140,9.304574,5.601512,39
232,204,9.300073,8.183399,79
232,275,9.298380,11.021533,6
232,276,9.303841,11.052190,9
232,277,9.299645,11.108068,75
232,287,9.300268,11.496817,95
232,358,9.313363,14.351545,1
232,359,9.285276,14.379740,2
232,360,9.300759,14.425274,80
233,-253,9.340621,-10.091831,36
233,-252,9.338044,-10.064117,50
233,-251,9.341244,-10.025192,20
233,-250,9.336426,-9.986236,6
233,-249,9.347314,-9.947782,5
233,-248,9.355377,-9.898434,1
233,-176,9.329447,-7.010952,9
233,-175,9.341362,-6.981634,19
233,-174,9.341556,-6.941490,13
233,-173,9.334916,-6.895387,6
233,-172,9.342660,-6.861608,20
233,-171,9.358928,-6.836453,1
233,-91,9.327612,-3.600131,1
233,-90,9.339635,-3.582873,96
233,-89,9.339243,-3.552289,6
233,-17,9.339323,-0.652019,64
233,-16,9.345988,-0.637340,11
233,-10,9.350888,-0.380429,2
233,-9,9.339613,-0.330105,24
233,-8,9.338989,-0.302243,26
233,-7,9.332796,-0.249095,1
233,-2,9.350002,-0.047922,1
233,64,9.337038,2.591436,21
233,65,9.339648,2.618187,60
233,66,9.340276,2.661156,65
233,67,9.321711,2.691730,1
233,139,9.337759,5.594922,52
233,140,9.342104,5.603744,72
233,204,9.339878,8.179868,84
233,275,9.338262,11.021490,5
233,276,9.343718,11.047240,7
233,277,9.339208,11.107080,79
233,287,9.340448,11.494432,92
233,359,9.342489,14.383825,3
233,360,9.340187,14.423571,80
234,-253,9.379933,-10.088543,25
234,-252,9.379937,-10.063668,56
234,-251,9.379335,-10.023742,24
234,-250,9.379123,-9.985438,7
234,-249,9.385911,-9.942670,5
234,-248,9.394957,-9.892386,1
234,-175,9.369088,-6.969474,7
234,-174,9.382108,-6.940107,16
234,-173,9.380479,-6.899683,15
234,-172,9.381111,-6.856168,5
234,-171,9.378717,-6.819211,18
234,-170,9.395782,-6.795348,4
234,-90,9.379999,-3.580730,98
234,-89,9.379995,-3.553053,10
234,-17,9.380301,-0.649698,56
234,-16,9.378671,-0.635328,16
234,-9,9.379104,-0.329839,24
234,-8,9.382766,-0.302455,30
234,63,9.391243,2.557010,1
234,64,9.378236,2.585855,9
234,65,9.379833,2.618157,69
234,66,9.379855,2.663679,70
234,67,9.364725,2.696178,2
234,138,9.361922,5.527126,1
234,139,9.378590,5.596000,26
234,140,9.380237,5.605686,92
234,203,9.398690,8.150717,1
234,204,9.379948,8.176108,81
234,275,9.380032,11.027105,11
234,276,9.383310,11.059819,4
234,277,9.379887,11.104526,83
234,287,9.379340,11.492566,92
234,358,9.381051,14.353487,2
234,359,9.361152,14.395478,1
234,360,9.380652,14.422123,80
235,-253,9.415617,-10.085210,15
235,-252,9.420745,-10.061279,62
235,-251,9.419906,-10.019375,26
235,-250,9.417986,-9.981260,7
235,-249,9.422757,-9.939620,4
235,-248,9.430039,-9.901662,2
235,-174,9.406705,-6.927440,4
235,-173,9.421969,-6.900206,14
235,-172,9.417845,-6.860170,14
235,-171,9.430881,-6.821167,7
235,-170,9.416643,-6.777443,18
235,-169,9.434160,-6.753009,5
235,-90,9.420461,-3.577440,93
235,-89,9.421894,-3.551324,11
235,-17,9.419222,-0.649019,43
235,-16,9.420327,-0.634002,32
235,-9,9.417850,-0.328603,17
235,-8,9.420169,-0.303510,31
235,-7,9.413412,-0.259818,4
235,64,9.418830,2.578576,6
235,65,9.419745,2.616208,59
235,66,9.420441,2.664024,85
235,67,9.410897,2.701163,2
235,72,9.431624,2.907860,1
235,137,9.413230,5.514826,1
235,138,9.415798,5.534492,1
235,139,9.416343,5.598261,11
235,140,9.421015,5.608148,108
235,203,9.430946,8.159111,1
235,204,9.420045,8.171564,81
235,275,9.420354,11.024634,9
235,276,9.420035,11.055607,5
235,277,9.420240,11.103161,77
235,287,9.419894,11.489598,93
235,359,9.419820,14.389457,3
235,360,9.419352,14.420205,77
236,-253,9.457727,-10.083354,9
236,-252,9.460284,-10.058847,68
236,-251,9.460536,-10.017605,23
236,-250,9.459042,-9.980890,11
236,-249,9.460506,-9.932452,4
236,-248,9.465710,-9.911311,1
236,-247,9.471366,-9.876480,1
236,-173,9.442368,-6.884190,1
236,-172,9.457898,-6.858582,15
236,-171,9.457329,-6.818241,11
236,-170,9.460944,-6.780539,15
236,-169,9.455150,-6.737804,16
236,-168,9.471971,-6.711417,8
236,-90,9.460423,-3.574962,91
236,-89,9.458679,-3.550805,12
236,-17,9.456860,-0.647373,32
236,-16,9.461233,-0.633302,40
236,-9,9.460534,-0.326660,13
236,-8,9.458062,-0.302653,38
236,-7,9.459187,-0.276160,5
236,64,9.462450,2.589050,8
236,65,9.461155,2.619646,59
236,66,9.460096,2.665022,76
236,67,9.464708,2.685372,12
236,140,9.460716,5.611328,120
236,203,9.477438,8.159363,2
236,204,9.459981,8.166748,78
236,274,9.466848,10.999837,1
236,275,9.458485,11.025695,9
236,276,9.455842,11.055311,4
236,277,9.459283,11.100625,78
236,286,9.467180,11.478995,7
236,287,9.459954,11.487270,87
236,358,9.464354,14.348838,2
236,359,9.459413,14.379238,3
236,360,9.459157,14.418388,82
237,-252,9.499504,-10.059175,58
237,-251,9.503177,-10.025800,39
237,-250,9.498072,-9.984602,13
237,-249,9.495519,-9.944918,4
237,-248,9.507061,-9.913256,3
237,-247,9.509873,-9.868465,1
237,-171,9.493297,-6.817353,12
237,-170,9.499536,-6.781933,13
237,-169,9.499130,-6.740555,14
237,-168,9.495618,-6.697034,14
237,-167,9.511151,-6.669367,10
237,-90,9.499620,-3.572423,82
237,-89,9.499898,-3.551579,22
237,-17,9.497155,-0.644954,28
237,-16,9.501162,-0.630443,45
237,-9,9.498342,-0.325089,8
237,-8,9.501451,-0.301972,38
237,-7,9.499357,-0.273215,6
237,-6,9.500335,-0.231191,2
237,64,9.498787,2.579434,6
237,65,9.500948,2.620601,46
237,66,9.500035,2.663633,59
237,67,9.501113,2.685024,29
237,140,9.500172,5.615149,123
237,203,9.503727,8.156968,32
237,204,9.497870,8.163618,44
237,274,9.498549,10.997539,2
237,275,9.500449,11.027161,8
237,276,9.498482,11.066296,11
237,277,9.499389,11.099012,77
237,286,9.500976,11.477266,29
237,287,9.499591,11.486079,65
237,359,9.507918,14.388797,2
237,360,9.499402,14.416035,78
238,-252,9.539626,-10.057153,44
238,-251,9.541672,-10.022723,45
238,-250,9.542121,-9.982263,17
238,-249,9.534649,-9.941226,5
238,-248,9.545801,-9.905784,3
238,-247,9.548586,-9.860405,1
238,-170,9.530786,-6.773933,9
238,-169,9.539959,-6.741128,13
238,-168,9.538077,-6.700079,14
238,-167,9.538302,-6.658090,13
238,-166,9.549024,-6.627601,11
238,-90,9.539782,-3.570909,70
238,-89,9.540988,-3.551955,33
238,-17,9.539286,-0.644814,14
238,-16,9.540842,-0.629844,61
238,-10,9.523419,-0.366030,2
238,-9,9.533969,-0.322027,8
238,-8,9.541301,-0.300939,41
238,-7,9.547266,-0.271182,6
238,64,9.539860,2.587803,4
238,65,9.540667,2.622674,47
238,66,9.537753,2.661763,58
238,67,9.541500,2.685909,40
238,138,9.535169,5.536677,1
238,140,9.540120,5.618976,130
238,203,9.541508,8.154015,67
238,204,9.531501,8.161657,15
238,274,9.536037,10.994673,2
238,275,9.540861,11.023473,10
238,276,9.540509,11.068010,9
238,277,9.539964,11.096031,72
238,286,9.541738,11.475305,50
238,287,9.538803,11.484274,44
238,358,9.546775,14.343983,2
238,359,9.538121,14.379681,4
238,360,9.541221,14.413531,83
239,-252,9.579910,-10.054268,34
239,-251,9.580912,-10.021587,48
239,-250,9.581473,-9.984760,24
239,-249,9.570774,-9.944680,6
239,-248,9.580852,-9.902151,4
239,-247,9.587509,-9.852303,1
239,-169,9.570304,-6.730309,9
239,-168,9.583971,-6.701817,18
239,-167,9.578822,-6.657910,13
239,-166,9.579171,-6.618142,12
239,-165,9.586575,-6.589386,12
239,-90,9.579017,-3.569267,59
239,-89,9.581678,-3.551060,44
239,-17,9.581000,-0.643457,9
239,-16,9.579862,-0.626577,64
239,-9,9.597601,-0.324616,1
239,-8,9.580440,-0.299926,40
239,-7,9.584887,-0.270491,10
239,-6,9.581245,-0.222264,1
239,64,9.582516,2.586198,7
239,65,9.580041,2.625066,39
239,66,9.580300,2.661650,53
239,67,9.580329,2.688097,51
239,68,9.589307,2.720628,1
239,140,9.579417,5.622892,125
239,203,9.579946,8.148655,80
239,274,9.573731,10.991758,2
239,275,9.584933,11.022174,12
239,276,9.578793,11.070714,11
239,277,9.580063,11.093111,72
239,286,9.580831,11.472995,67
239,287,9.578333,11.482310,28
239,359,9.591869,14.385953,3
239,360,9.581256,14.410972,74
240,-252,9.619541,-10.048816,24
240,-251,9.619804,-10.016913,53
240,-250,9.621213,-9.980655,28
240,-249,9.619218,-9.944323,8
240,-248,9.615779,-9.898766,5
240,-247,9.626643,-9.844155,1
240,-168,9.608987,-6.688827,7
240,-167,9.622506,-6.662703,18
240,-166,9.619894,-6.617818,13
240,-165,9.618217,-6.577021,14
240,-164,9.628966,-6.549610,10
240,-90,9.620100,-3.567765,50
240,-89,9.620860,-3.550037,55
240,-17,9.617021,-0.641132,5
240,-16,9.620842,-0.624729,71
240,-9,9.632308,-0.323066,3
240,-8,9.620207,-0.301951,31
240,-7,9.622568,-0.272635,17
240,-6,9.609900,-0.219559,1
240,64,9.624146,2.592054,4
240,65,9.619152,2.626450,46
240,66,9.620714,2.660690,42
240,67,9.619881,2.689690,55
240,68,9.627696,2.724565,2
240,140,9.619917,5.626643,124
240,203,9.619176,8.141095,79
240,274,9.610559,10.987523,2
240,275,9.627378,11.016152,9
240,276,9.620660,11.067707,14
240,277,9.619614,11.089996,66
240,286,9.620361,11.471346,90
240,287,9.600637,11.480121,1
240,358,9.619819,14.344878,3
240,359,9.627344,14.390497,6
240,360,9.619310,14.408411,74
241,-252,9.658232,-10.047306,9
241,-251,9.659855,-10.019691,51
241,-250,9.659724,-9.983471,39
241,-249,9.661585,-9.940350,15
241,-248,9.658057,-9.896237,5
241,-247,9.662715,-9.872829,1
241,-246,9.665994,-9.835964,1
241,-167,9.647371,-6.645363,5
241,-166,9.661617,-6.619228,18
241,-165,9.659834,-6.578734,13
241,-164,9.658847,-6.536866,16
241,-163,9.669058,-6.511654,11
241,-90,9.660814,-3.566781,34
241,-89,9.660517,-3.548769,68
241,-16,9.660338,-0.622956,68
241,-8,9.659910,-0.298419,32
241,-7,9.660492,-0.268826,14
241,-6,9.671325,-0.212537,1
241,-1,9.667849,-0.009789,1
241,64,9.664151,2.589695,4
241,65,9.659762,2.629155,35
241,66,9.660968,2.659218,40
241,67,9.659332,2.691994,69
241,68,9.672360,2.729176,1
241,73,9.650186,2.934064,1
241,140,9.660058,5.630786,127
241,203,9.659258,8.133692,78
241,274,9.658235,10.985505,4
241,275,9.663509,11.018939,10
241,276,9.660941,11.071039,19
241,277,9.659400,11.087076,62
241,286,9.660243,11.466937,96
241,359,9.665859,14.394649,14
241,360,9.658982,14.406637,69
242,-252,9.688260,-10.041110,1
242,-251,9.699032,-10.018202,41
242,-250,9.699808,-9.982336,52
242,-249,9.700667,-9.947278,16
242,-248,9.703199,-9.902285,9
242,-247,9.703639,-9.871041,2
242,-246,9.705562,-9.827726,1
242,-166,9.684451,-6.606157,4
242,-165,9.702292,-6.579962,21
242,-164,9.700579,-6.537295,12
242,-163,9.695623,-6.495792,19
242,-162,9.712838,-6.470529,9
242,-90,9.697158,-3.565341,25
242,-89,9.700768,-3.546999,76
242,-16,9.699920,-0.619241,73
242,-15,9.700883,-0.596228,1
242,-9,9.706183,-0.350782,2
242,-8,9.700404,-0.296243,32
242,-7,9.701755,-0.269116,25
242,-6,9.719197,-0.207764,1
242,64,9.696057,2.586086,2
242,65,9.698328,2.629738,27
242,66,9.701370,2.657735,49
242,67,9.700317,2.695687,70
242,68,9.684913,2.730952,1
242,140,9.700086,5.634737,130
242,202,9.707734,8.116240,15
242,203,9.697333,8.127315,64
242,274,9.702311,10.985800,4
242,275,9.700685,11.014592,8
242,276,9.701325,11.071770,34
242,277,9.697830,11.084369,48
242,286,9.700573,11.462028,92
242,358,9.704413,14.337746,4
242,359,9.700255,14.395637,29
242,360,9.699718,14.405065,52
243,-251,9.738600,-10.013775,33
243,-250,9.741216,-9.981019,52
243,-249,9.739190,-9.944860,26
243,-248,9.738808,-9.905041,5
243,-247,9.743642,-9.867538,5
243,-246,9.745354,-9.819443,1
243,-165,9.727977,-6.564866,4
243,-164,9.742759,-6.541297,18
243,-163,9.739959,-6.499155,14
243,-162,9.738334,-6.456882,18
243,-161,9.752578,-6.434926,7
243,-90,9.737811,-3.564103,17
243,-89,9.739891,-3.545427,89
243,-16,9.739825,-0.615862,73
243,-15,9.751267,-0.595776,1
243,-8,9.739496,-0.294760,26
243,-7,9.740499,-0.265947,23
243,64,9.731302,2.591447,2
243,65,9.737721,2.630169,28
243,66,9.739644,2.659283,48
243,67,9.740204,2.699088,73
243,68,9.730512,2.735652,2
243,138,9.735578,5.539200,2
243,140,9.736090,5.637903,96
243,141,9.749857,5.641052,37
243,202,9.741689,8.113096,55
243,203,9.733578,8.123924,26
243,274,9.737125,10.984885,5
243,275,9.737860,11.012308,7
243,276,9.741346,11.071074,62
243,277,9.735614,11.082524,23
243,286,9.739987,11.457429,93
243,359,9.741215,14.393308,40
243,360,9.736941,14.403196,39
244,-251,9.778532,-10.008821,20
244,-250,9.780385,-9.977730,54
244,-249,9.780834,-9.943518,32
244,-248,9.780035,-9.901269,11
244,-247,9.779633,-9.856372,5
244,-246,9.783962,-9.809701,1
244,-164,9.767766,-6.526477,5
244,-163,9.783254,-6.502639,16
244,-162,9.780578,-6.457030,12
244,-161,9.779637,-6.417197,22
244,-160,9.796981,-6.396743,1
244,-90,9.779299,-3.561912,12
244,-89,9.779925,-3.542942,91
244,-16,9.779239,-0.613623,70
244,-15,9.793850,-0.599083,3
244,-8,9.779228,-0.292500,24
244,-7,9.779956,-0.265040,27
244,-6,9.765431,-0.202373,1
244,64,9.773503,2.592565,3
244,65,9.777497,2.631550,21
244,66,9.779090,2.660955,57
244,67,9.780517,2.702865,72
244,68,9.783372,2.741343,2
244,140,9.769261,5.639018,11
244,141,9.781005,5.643071,128
244,202,9.780035,8.106517,78
244,203,9.764549,8.120699,2
244,274,9.779942,10.984318,7
244,275,9.776896,11.009128,8
244,276,9.780838,11.068834,80
244,277,9.770074,11.080816,3
244,286,9.780083,11.451749,99
244,358,9.782112,14.337430,4
244,359,9.781556,14.393776,59
244,360,9.776057,14.401314,23
245,-251,9.819768,-10.003888,6
245,-250,9.819192,-9.979410,46
245,-249,9.820884,-9.943174,51
245,-248,9.824651,-9.902220,12
245,-247,9.818294,-9.857892,6
245,-246,9.813325,-9.830698,1
245,-245,9.820534,-9.797687,1
245,-163,9.809132,-6.487568,6
245,-162,9.820560,-6.463711,16
245,-161,9.821343,-6.421736,13
245,-160,9.820817,-6.382780,23
245,-90,9.806047,-3.560569,2
245,-89,9.819718,-3.542314,96
245,-88,9.814477,-3.519704,4
245,-16,9.818826,-0.612925,55
245,-15,9.820854,-0.597283,16
245,-8,9.820324,-0.289937,26
245,-7,9.820372,-0.261959,26
245,-6,9.838062,-0.239321,1
245,-5,9.834041,-0.195376,1
245,64,9.814831,2.594080,3
245,65,9.811847,2.631478,12
245,66,9.820288,2.662018,67
245,67,9.820609,2.706545,71
245,68,9.837253,2.747146,2
245,141,9.819468,5.646700,131
245,202,9.819988,8.096762,77
245,274,9.818833,10.984448,10
245,275,9.821618,11.016058,4
245,276,9.819969,11.065262,80
245,285,9.826660,11.438395,17
245,286,9.818745,11.447836,74
245,358,9.803253,14.325994,1
245,359,9.820094,14.390994,78
246,-250,9.859078,-9.977670,42
246,-249,9.861534,-9.942347,49
246,-248,9.864156,-9.906775,17
246,-247,9.858703,-9.866057,7
246,-246,9.854972,-9.830762,5
246,-245,9.857271,-9.785621,1
246,-162,9.848172,-6.448835,8
246,-161,9.861805,-6.423734,16
246,-160,9.861059,-6.380351,15
246,-159,9.863975,-6.346613,17
246,-89,9.859861,-3.538905,100
246,-88,9.858429,-3.517674,6
246,-16,9.859104,-0.610987,54
246,-15,9.862314,-0.595117,21
246,-8,9.857420,-0.289408,19
246,-7,9.861687,-0.262164,30
246,-6,9.855484,-0.235713,2
246,-5,9.863886,-0.191745,1
246,64,9.861533,2.598015,2
246,65,9.855881,2.629197,9
246,66,9.858489,2.659772,54
246,67,9.860273,2.706339,86
246,74,9.879016,2.961503,1
246,141,9.859884,5.650713,135
246,201,9.865131,8.075708,22
246,202,9.858572,8.089309,57
246,273,9.861095,10.955458,3
246,274,9.859327,10.985040,8
246,275,9.860115,11.025239,8
246,276,9.860458,11.060558,79
246,285,9.862506,11.435354,48
246,286,9.858084,11.445269,45
246,357,9.874208,14.312737,1
246,358,9.858432,14.335398,3
246,359,9.859112,14.387580,78
247,-250,9.898514,-9.972266,27
247,-249,9.899905,-9.938878,48
247,-248,9.902002,-9.906636,26
247,-247,9.898169,-9.865058,8
247,-246,9.896055,-9.820240,5
247,-245,9.894173,-9.773499,1
247,-161,9.893772,-6.410339,14
247,-160,9.901867,-6.378402,17
247,-159,9.899205,-6.338949,19
247,-158,9.909813,-6.310319,10
247,-89,9.900071,-3.536087,94
247,-88,9.899795,-3.515368,7
247,-16,9.900013,-0.609460,42
247,-15,9.900235,-0.594441,26
247,-9,9.900121,-0.334605,2
247,-8,9.898944,-0.288920,14
247,-7,9.900081,-0.263535,38
247,-6,9.903897,-0.236034,4
247,64,9.892902,2.598788,2
247,65,9.898210,2.626614,9
247,66,9.899439,2.659321,49
247,67,9.900131,2.706332,96
247,68,9.903104,2.733618,5
247,141,9.900215,5.654931,134
247,201,9.902970,8.070855,55
247,202,9.894544,8.084589,26
247,273,9.908803,10.947869,2
247,274,9.895619,10.981366,9
247,275,9.902057,11.030691,11
247,276,9.900336,11.056128,71
247,285,9.901997,11.431756,72
247,286,9.894247,11.442205,20
247,357,9.891932,14.317805,1
247,358,9.902601,14.357456,3
247,359,9.898519,14.384139,77
248,-250,9.935350,-9.967341,16
248,-249,9.939656,-9.940159,42
248,-248,9.940210,-9.902039,52
248,-247,9.939751,-9.857384,11
248,-246,9.939797,-9.811126,5
248,-245,9.928166,-9.778413,2
248,-160,9.938155,-6.375645,14
248,-159,9.939741,-6.339891,18
248,-158,9.939406,-6.296216,20
248,-157,9.955334,-6.276940,4
248,-89,9.939887,-3.533329,94
248,-88,9.942120,-3.513988,12
248,-16,9.938924,-0.609685,31
248,-15,9.939021,-0.592262,44
248,-8,9.940124,-0.284114,10
248,-7,9.942005,-0.260761,32
248,-6,9.944332,-0.233290,3
248,-5,9.954852,-0.182347,1
248,65,9.936734,2.617630,7
248,66,9.938584,2.658915,44
248,67,9.938276,2.702727,66
248,68,9.943593,2.723939,37
248,138,9.930593,5.558479,1
248,141,9.940113,5.659058,139
248,201,9.940454,8.062787,76
248,202,9.923823,8.080700,1
248,273,9.950273,10.946286,3
248,274,9.934810,10.976891,10
248,275,9.942880,11.028342,13
248,276,9.939177,11.051127,70
248,285,9.939563,11.428156,97
248,357,9.952939,14.305149,1
248,358,9.925511,14.334746,2
248,359,9.938355,14.379521,81
249,-250,9.970163,-9.964293,3
249,-249,9.979234,-9.940447,39
249,-248,9.980789,-9.900257,49
249,-247,9.981591,-9.868224,23
249,-246,9.981444,-9.828769,7
249,-245,9.981453,-9.790798,5
249,-244,9.968484,-9.749090,1
249,-159,9.976861,-6.340219,18
249,-158,9.981230,-6.301232,18
249,-157,9.981522,-6.262582,20
249,-89,9.978902,-3.532424,76
249,-88,9.985475,-3.516432,27
249,-16,9.978944,-0.606399,31
249,-15,9.980245,-0.589543,43
249,-8,9.982713,-0.284736,8
249,-7,9.980340,-0.258829,38
249,-6,9.984168,-0.227092,5
249,-5,9.966985,-0.180617,1
249,65,9.972840,2.623194,8
249,66,9.978027,2.659932,45
249,67,9.980020,2.697443,53
249,68,9.981472,2.724130,58
249,69,9.993689,2.764266,1
249,141,9.980245,5.663158,140
249,200,9.988195,8.036165,12
249,201,9.978160,8.053803,65
249,273,9.988031,10.940314,3
249,274,9.979267,10.972951,11
249,275,9.983171,11.031197,28
249,276,9.978445,11.046783,59
249,285,9.980033,11.421123,95
249,357,9.971779,14.310827,2
249,358,9.982855,14.342923,5
249,359,9.980605,14.375590,86
250,-249,10.019497,-9.935762,29
250,-248,10.018636,-9.897199,45
250,-247,10.022489,-9.865204,39
250,-246,10.024144,-9.822536,7
250,-245,10.021944,-9.781167,5
250,-244,10.022258,-9.748280,2
250,-159,10.003857,-6.324882,3
250,-158,10.018985,-6.299689,19
250,-157,10.019468,-6.260767,19
250,-156,10.023304,-6.231529,12
250,-89,10.019744,-3.531486,65
250,-88,10.021451,-3.514591,38
250,-16,10.019233,-0.604783,20
250,-15,10.020758,-0.588315,50
250,-8,10.008127,-0.280269,1
250,-7,10.021413,-0.258943,43
250,-6,10.020728,-0.229928,3
250,0,10.009409,0.031166,1
250,65,10.015935,2.619240,7
250,66,10.020351,2.661932,42
250,67,10.020791,2.693513,40
250,68,10.020101,2.727115,70
250,69,10.017211,2.766360,1
250,141,10.020331,5.667297,143
250,200,10.024144,8.030319,47
250,201,10.015170,8.046741,34
250,273,10.020713,10.942501,5
250,274,10.022200,10.970542,6
250,275,10.021863,11.030515,58
250,276,10.017306,11.043899,27
250,285,10.020085,11.414456,96
250,357,10.021720,14.307324,2
250,358,10.030274,14.357773,5
250,359,10.021706,14.370938,70
251,-249,10.056037,-9.928316,11
251,-248,10.061086,-9.900587,40
251,-247,10.059783,-9.860778,55
251,-246,10.063326,-9.821485,16
251,-245,10.065123,-9.775861,5
251,-244,10.060177,-9.736085,2
251,-158,10.051121,-6.288499,8
251,-157,10.061930,-6.259244,23
251,-156,10.057424,-6.217061,21
251,-155,10.075693,-6.196205,4
251,-89,10.058689,-3.529790,54
251,-88,10.061754,-3.512765,50
251,-16,10.059006,-0.605164,10
251,-15,10.060853,-0.586670,65
251,-8,10.058124,-0.284507,2
251,-7,10.060710,-0.260259,37
251,-6,10.058877,-0.232908,16
251,-5,10.075103,-0.168956,1
251,65,10.062137,2.616355,4
251,66,10.060927,2.663233,36
251,67,10.060001,2.696518,45
251,68,10.059794,2.730841,71
251,69,10.063803,2.771626,2
251,141,10.059550,5.671301,132
251,142,10.078272,5.680174,1
251,200,10.061105,8.021807,76
251,201,10.046527,8.042681,4
251,273,10.062717,10.942541,9
251,274,10.057848,10.975739,5
251,275,10.059860,11.027997,76
251,276,10.052387,11.041877,4
251,284,10.071310,11.397885,12
251,285,10.058396,11.408915,84
251,357,10.060522,14.299724,2
251,358,10.064457,14.351424,16
251,359,10.059732,14.367997,64
252,-249,10.084365,-9.923583,2
252,-248,10.100118,-9.898363,34
252,-247,10.099446,-9.857135,51
252,-246,10.102469,-9.828046,25
252,-245,10.099631,-9.782646,9
252,-244,10.106437,-9.745079,3
252,-243,10.100231,-9.705814,2
252,-157,10.100351,-6.252627,19
252,-156,10.098612,-6.222017,16
252,-155,10.101442,-6.182446,19
252,-89,10.098079,-3.528854,41
252,-88,10.101125,-3.511620,57
252,-16,10.102409,-0.605090,6
252,-15,10.099741,-0.584881,62
252,-8,10.096449,-0.300353,2
252,-7,10.100193,-0.258623,32
252,-6,10.101734,-0.232157,16
252,-5,10.082145,-0.168626,1
252,65,10.101010,2.616077,4
252,66,10.099076,2.665469,36
252,67,10.099442,2.698399,47
252,68,10.099858,2.734731,72
252,69,10.104810,2.776295,1
252,141,10.098991,5.674764,122
252,142,10.106366,5.682285,13
252,199,10.104753,7.994308,20
252,200,10.098514,8.013511,59
252,272,10.096379,10.915575,2
252,273,10.105112,10.943005,7
252,274,10.102329,10.984243,7
252,275,10.099136,11.022477,84
252,284,10.103442,11.394002,45
252,285,10.098794,11.405300,51
252,357,10.103449,14.296784,2
252,358,10.101691,14.353365,36
252,359,10.099065,14.365134,43
253,-248,10.137903,-9.891769,22
253,-247,10.139915,-9.859629,41
253,-246,10.142160,-9.823926,53
253,-245,10.139398,-9.780712,12
253,-244,10.141187,-9.744180,6
253,-243,10.152383,-9.702460,2
253,-157,10.121349,-6.241135,1
253,-156,10.138453,-6.220310,27
253,-155,10.139107,-6.180102,17
253,-154,10.144468,-6.152272,13
253,-89,10.139781,-3.527540,33
253,-88,10.139052,-3.508844,70
253,-16,10.141580,-0.602148,6
253,-15,10.139020,-0.581457,69
253,-8,10.120145,-0.317427,1
253,-7,10.139214,-0.255605,30
253,-6,10.140499,-0.227249,20
253,65,10.140870,2.622764,2
253,66,10.140289,2.667233,35
253,67,10.141128,2.700026,51
253,68,10.139487,2.738010,74
253,69,10.141885,2.779836,1
253,138,10.139076,5.550656,1
253,139,10.157633,5.570998,1
253,141,10.136965,5.677591,89
253,142,10.144806,5.682981,47
253,199,10.142682,7.987450,53
253,200,10.134430,8.006824,24
253,272,10.133606,10.908020,2
253,273,10.141749,10.939590,9
253,274,10.141616,10.989266,9
253,275,10.139220,11.017040,72
253,284,10.142542,11.390158,80
253,285,10.131884,11.402056,15
253,357,10.142364,14.305763,3
253,358,10.141074,14.352721,51
253,359,10.137528,14.362472,26
254,-248,10.173881,-9.885634,7
254,-247,10.180218,-9.859770,37
254,-246,10.181853,-9.820028,58
254,-245,10.183724,-9.784117,15
254,-244,10.180494,-9.741590,8
254,-243,10.189473,-9.711765,4
254,-242,10.191648,-9.670816,1
254,-156,10.171371,-6.206333,9
254,-155,10.182213,-6.181892,24
254,-154,10.181105,-6.138028,22
254,-89,10.178427,-3.525466,29
254,-88,10.179828,-3.507052,72
254,-16,10.164188,-0.600451,1
254,-15,10.179416,-0.579985,70
254,-7,10.177528,-0.258048,28
254,-6,10.181882,-0.228739,24
254,-4,10.188574,-0.156718,1
254,65,10.176133,2.626942,3
254,66,10.181190,2.669097,25
254,67,10.180904,2.701171,55
254,68,10.179268,2.742291,77
254,69,10.162004,2.782470,1
254,141,10.168438,5.679199,19
254,142,10.181571,5.684287,121
254,198,10.194024,7.956072,7
254,199,10.179297,7.978676,73
254,200,10.163627,8.000883,2
254,272,10.179343,10.908270,4
254,273,10.181352,10.937292,8
254,274,10.181490,10.990858,17
254,275,10.178871,11.010126,72
254,284,10.180401,11.384005,98
254,356,10.193992,14.274738,1
254,357,10.167900,14.291675,2
254,358,10.179803,14.349148,84
255,-247,10.220137,-9.856012,30
255,-246,10.220419,-9.816440,50
255,-245,10.223108,-9.789126,33
255,-244,10.222075,-9.742727,10
255,-243,10.224865,-9.698613,5
255,-242,10.226465,-9.654866,1
255,-155,10.220044,-6.172789,19
255,-154,10.219791,-6.140145,23
255,-153,10.220621,-6.109791,14
255,-89,10.217589,-3.524252,18
255,-88,10.219767,-3.505169,86
255,-15,10.220337,-0.576848,73
255,-7,10.221230,-0.254859,26
255,-6,10.219923,-0.226211,26
255,-4,10.216428,-0.154154,1
255,65,10.223739,2.630633,2
255,66,10.219516,2.673290,25
255,67,10.220955,2.704145,55
255,68,10.220519,2.745892,80
255,69,10.213263,2.787765,2
255,142,10.220007,5.687765,140
255,198,10.223951,7.950165,37
255,199,10.217255,7.970247,43
255,272,10.214688,10.904408,5
255,273,10.222684,10.932024,6
255,274,10.222862,10.990256,44
255,275,10.217727,11.006073,41
255,284,10.220986,11.375364,98
255,357,10.224732,14.294943,3
255,358,10.220597,14.344116,79
256,-247,10.257004,-9.848533,12
256,-246,10.261331,-9.820519,39
256,-245,10.259765,-9.780688,50
256,-244,10.262888,-9.745326,11
256,-243,10.260021,-9.702111,8
256,-242,10.253099,-9.671545,1
256,-241,10.261413,-9.638856,1
256,-155,10.244449,-6.164011,1
256,-154,10.259414,-6.142133,25
256,-153,10.259075,-6.097655,28
256,-152,10.275946,-6.078563,3
256,-89,10.258053,-3.524620,8
256,-88,10.260312,-3.503689,98
256,-15,10.259277,-0.575680,63
256,-14,10.268024,-0.558858,9
256,-7,10.258734,-0.252818,19
256,-6,10.258742,-0.223711,28
256,-5,10.278366,-0.198197,1
256,65,10.260948,2.631095,2
256,66,10.260509,2.674234,18
256,67,10.260319,2.705619,64
256,68,10.259762,2.750217,72
256,69,10.275879,2.794521,2
256,142,10.259776,5.691613,140
256,197,10.275724,7.918048,2
256,198,10.260328,7.942128,70
256,199,10.251402,7.966050,7
256,271,10.278354,10.878653,1
256,272,10.258040,10.903639,9
256,273,10.254727,10.932371,3
256,274,10.262342,10.988056,74
256,275,10.252165,11.003576,14
256,283,10.266576,11.356749,19
256,284,10.258845,11.369233,74
256,356,10.262829,14.268257,2
256,357,10.255197,14.307469,4
256,358,10.259977,14.338929,76
257,-247,10.287633,-9.842988,2
257,-246,10.299832,-9.819320,36
257,-245,10.296408,-9.775784,49
257,-244,10.304901,-9.746925,35
257,-243,10.298451,-9.701585,6
257,-242,10.298426,-9.665922,6
257,-241,10.296497,-9.622787,1
257,-154,10.296279,-6.129526,16
257,-153,10.301683,-6.102830,19
257,-152,10.300118,-6.067180,22
257,-89,10.298502,-3.523587,6
257,-88,10.300146,-3.501052,94
257,-15,10.300369,-0.574395,57
257,-14,10.301429,-0.556306,16
257,-8,10.305858,-0.299575,1
257,-7,10.297854,-0.249735,24
257,-6,10.301231,-0.222094,29
257,-5,10.307844,-0.192045,2
257,-4,10.307603,-0.143846,1
257,65,10.293789,2.634472,3
257,66,10.298805,2.674241,5
257,67,10.298101,2.702184,65
257,68,10.300083,2.750007,89
257,142,10.300198,5.695846,147
257,197,10.304397,7.910759,29
257,198,10.298244,7.933786,50
257,271,10.302764,10.872557,2
257,272,10.299569,10.902571,7
257,273,10.303957,10.945562,9
257,274,10.300520,10.983658,79
257,275,10.282026,11.000808,1
257,283,10.303410,11.352349,56
257,284,10.297030,11.364762,42
257,356,10.303391,14.268714,1
257,357,10.294603,14.308506,3
257,358,10.299626,14.333475,76
258,-246,10.339795,-9.811640,22
258,-245,10.338490,-9.779360,32
258,-244,10.339748,-9.739891,55
258,-243,10.341812,-9.703068,14
258,-242,10.336789,-9.656428,5
258,-241,10.348594,-9.623360,3
258,-154,10.324879,-6.120047,1
258,-153,10.339718,-6.097811,26
258,-152,10.338526,-6.055960,25
258,-151,10.352565,-6.037320,6
258,-89,10.334609,-3.520880,4
258,-88,10.339909,-3.498236,100
258,-15,10.339987,-0.572184,55
258,-14,10.341047,-0.554437,17
258,-8,10.345708,-0.298611,1
258,-7,10.339288,-0.247492,11
258,-6,10.341401,-0.222225,31
258,-5,10.344398,-0.195532,2
258,-4,10.357950,-0.138851,1
258,65,10.335601,2.636807,1
258,66,10.346235,2.673390,4
258,67,10.338468,2.697852,48
258,68,10.338571,2.745977,94
258,69,10.350329,2.761317,17
258,70,10.339834,2.801421,2
258,142,10.340058,5.699795,136
258,196,10.355574,7.879374,1
258,197,10.342415,7.903318,63
258,198,10.334077,7.925345,16
258,271,10.339915,10.863535,2
258,272,10.339212,10.899581,10
258,273,10.342641,10.950621,9
258,274,10.340648,10.976043,80
258,283,10.341481,11.347717,86
258,284,10.324257,11.361608,7
258,356,10.344955,14.261180,3
258,357,10.342124,14.313604,21
258,358,10.338801,14.328682,62
259,-296,10.397362,-11.824729,2
259,-295,10.394753,-11.781515,2
259,-294,10.389669,-11.741273,4
259,-293,10.384988,-11.696872,3
259,-292,10.386476,-11.659439,5
259,-291,10.383605,-11.622933,6
259,-290,10.385939,-11.579426,7
259,-289,10.386587,-11.537107,5
259,-288,10.387900,-11.496087,7
259,-287,10.386975,-11.459906,4
259,-286,10.387981,-11.419533,8
259,-285,10.390435,-11.379375,5
259,-284,10.388112,-11.342800,5
259,-283,10.389250,-11.301076,5
259,-282,10.389122,-11.262790,5
259,-281,10.391365,-11.223516,5
259,-280,10.386953,-11.179132,3
259,-279,10.386115,-11.142943,3
259,-278,10.394056,-11.099265,3
259,-277,10.398377,-11.054197,1
259,-246,10.376993,-9.805860,6
259,-245,10.378572,-9.779611,35
259,-244,10.375975,-9.735943,48
259,-243,10.386038,-9.708214,37
259,-242,10.380595,-9.666180,12
259,-241,10.388663,-9.624035,4
259,-240,10.367070,-9.590458,1
259,-153,10.376996,-6.088572,10
259,-152,10.381767,-6.061803,21
259,-151,10.381940,-6.026343,24
259,-88,10.380212,-3.495904,101
259,-15,10.379222,-0.571949,40
259,-14,10.380716,-0.554155,28
259,-7,10.377825,-0.247111,11
259,-6,10.380000,-0.220214,32
259,-5,10.386261,-0.192613,4
259,1,10.376794,0.075271,1
259,65,10.378276,2.639268,3
259,66,10.381684,2.662498,3
259,67,10.379027,2.697356,44
259,68,10.380363,2.730635,51
259,69,10.380823,2.763036,68
259,142,10.380070,5.703784,135
259,143,10.384056,5.721324,2
259,196,10.383526,7.871611,25
259,197,10.378204,7.895846,55
259,271,10.378829,10.866805,5
259,272,10.378800,10.896477,7
259,273,10.384438,10.950800,24
259,274,10.379146,10.970062,60
259,283,10.379644,11.338728,96
259,356,10.390383,14.254333,1
259,357,10.383247,14.312980,32
259,358,10.377798,14.325250,46
260,-303,10.435687,-12.096173,2
260,-302,10.430804,-12.058989,3
260,-301,10.425274,-12.023048,2
260,-300,10.425773,-11.978160,6
260,-299,10.423134,-11.933987,4
260,-298,10.419298,-11.900039,5
260,-297,10.427072,-11.862668,10
260,-296,10.425453,-11.821536,12
260,-295,10.427040,-11.781740,13
260,-294,10.426030,-11.739254,19
260,-293,10.427450,-11.699345,30
260,-292,10.426283,-11.658477,35
260,-291,10.424808,-11.619834,34
260,-290,10.425757,-11.579211,35
260,-289,10.425710,-11.538528,35
260,-288,10.424853,-11.498770,35
260,-287,10.426445,-11.458481,36
260,-286,10.427695,-11.419070,41
260,-285,10.426781,-11.380126,40
260,-284,10.426588,-11.339790,46
260,-283,10.427029,-11.298807,45
260,-282,10.426873,-11.258202,46
260,-281,10.425639,-11.219159,43
260,-280,10.424459,-11.180716,46
260,-279,10.424607,-11.140850,37
260,-278,10.427542,-11.099202,29
260,-277,10.429356,-11.061333,21
260,-276,10.427100,-11.019221,15
260,-275,10.428711,-10.977175,7
260,-274,10.430265,-10.942463,6
260,-273,10.431631,-10.901148,3
260,-272,10.435165,-10.860884,2
260,-245,10.416883,-9.774142,21
260,-244,10.419334,-9.739016,33
260,-243,10.421608,-9.700011,58
260,-242,10.417793,-9.660747,11
260,-241,10.423270,-9.625415,7
260,-240,10.417139,-9.583286,2
260,-239,10.438201,-9.557872,1
260,-152,10.419504,-6.056875,24
260,-151,10.420344,-6.016751,27
260,-150,10.435367,-5.999472,3
260,-88,10.419831,-3.493447,97
260,-87,10.430195,-3.479134,4
260,-15,10.418939,-0.571101,37
260,-14,10.420794,-0.552432,37
260,-7,10.416484,-0.243001,7
260,-6,10.420921,-0.218026,38
260,-5,10.417938,-0.188762,2
260,-4,10.432768,-0.130300,1
260,66,10.415781,2.663751,3
260,67,10.421008,2.699855,36
260,68,10.420169,2.729665,42
260,69,10.419601,2.766762,76
260,70,10.405183,2.808477,2
260,139,10.408885,5.584903,1
260,142,10.419772,5.706964,128
260,143,10.428779,5.723161,9
260,195,10.436906,7.838617,2
260,196,10.421434,7.862429,56
260,197,10.413099,7.886108,20
260,270,10.439813,10.839061,1
260,271,10.420023,10.860635,6
260,272,10.417902,10.887226,6
260,273,10.421290,10.949217,56
260,274,10.417657,10.965785,31
260,282,10.428006,11.315272,16
260,283,10.418741,11.331165,88
260,355,10.435563,14.237070,1
260,356,10.428239,14.260608,5
260,357,10.421260,14.310372,65
260,358,10.415542,14.322157,18
261,-306,10.471923,-12.220632,4
261,-305,10.466441,-12.174930,5
261,-304,10.459938,-12.132801,7
261,-303,10.466351,-12.098314,10
261,-302,10.467173,-12.059612,12
261,-301,10.464246,-12.019626,16
261,-300,10.466970,-11.979076,21
261,-299,10.463321,-11.937892,29
261,-298,10.464796,-11.897323,41
261,-297,10.464820,-11.859183,40
261,-296,10.462991,-11.821377,56
261,-295,10.458974,-11.779728,55
261,-294,10.454700,-11.740726,43
261,-293,10.454387,-11.700988,41
261,-292,10.453104,-11.660166,28
261,-291,10.452711,-11.619299,29
261,-290,10.452572,-11.579052,27
261,-289,10.449735,-11.539938,25
261,-288,10.448266,-11.500299,27
261,-287,10.447678,-11.459614,26
261,-286,10.446732,-11.420900,17
261,-285,10.446423,-11.379951,17
261,-284,10.445599,-11.340175,16
261,-283,10.447217,-11.300044,18
261,-282,10.448009,-11.259633,18
261,-281,10.450429,-11.221001,16
261,-280,10.453701,-11.179931,20
261,-279,10.454895,-11.138575,28
261,-278,10.456797,-11.100091,31
261,-277,10.456850,-11.058484,38
261,-276,10.456948,-11.018655,45
261,-275,10.458390,-10.978767,42
261,-274,10.461004,-10.938469,46
261,-273,10.464764,-10.898374,40
261,-272,10.467899,-10.859924,39
261,-271,10.468865,-10.820150,27
261,-270,10.470362,-10.783694,18
261,-269,10.471102,-10.740080,10
261,-268,10.471097,-10.698256,5
261,-267,10.476441,-10.659690,2
261,-245,10.450885,-9.766088,7
261,-244,10.460313,-9.740186,32
261,-243,10.457428,-9.696018,50
261,-242,10.464120,-9.667217,43
261,-241,10.460144,-9.621733,10
261,-240,10.467995,-9.588322,5
261,-239,10.473984,-9.541482,1
261,-152,10.454767,-6.047098,8
261,-151,10.461190,-6.022000,24
261,-150,10.460807,-5.988979,20
261,-88,10.460060,-3.494003,76
261,-87,10.462780,-3.478107,28
261,-15,10.459348,-0.569429,31
261,-14,10.460113,-0.549957,38
261,-7,10.457481,-0.241217,5
261,-6,10.461508,-0.216760,36
261,-5,10.461730,-0.185782,4
261,66,10.455427,2.664295,5
261,67,10.459266,2.702919,35
261,68,10.459111,2.733079,49
261,69,10.459136,2.770726,75
261,70,10.471966,2.815688,2
261,142,10.459297,5.709610,113
261,143,10.463207,5.724117,22
261,195,10.464420,7.829760,30
261,196,10.457264,7.856353,54
261,270,10.471541,10.831573,2
261,271,10.458222,10.865351,7
261,272,10.462700,10.906333,6
261,273,10.460603,10.945354,75
261,274,10.450205,10.962416,8
261,282,10.464111,11.312467,54
261,283,10.457378,11.325979,45
261,356,10.475790,14.240212,1
261,357,10.460184,14.306697,76
262,-310,10.513824,-12.374065,1
262,-309,10.509133,-12.345294,3
262,-308,10.500722,-12.297726,6
262,-307,10.505086,-12.255144,9
262,-306,10.507559,-12.217520,16
262,-305,10.503494,-12.177885,21
262,-304,10.503335,-12.138997,36
262,-303,10.502020,-12.099339,37
262,-302,10.501106,-12.059801,40
262,-301,10.501386,-12.019382,49
262,-300,10.496634,-11.979441,47
262,-299,10.492068,-11.939480,38
262,-298,10.488710,-11.899567,25
262,-297,10.483797,-11.862232,16
262,-296,10.492094,-11.820244,6
262,-295,10.505851,-11.779718,1
262,-294,10.493411,-11.739654,3
262,-293,10.490276,-11.697222,1
262,-292,10.487978,-11.669510,1
262,-287,10.483679,-11.459852,2
262,-286,10.482150,-11.419808,1
262,-285,10.481129,-11.393088,1
262,-277,10.481464,-11.055319,2
262,-276,10.483453,-11.020915,4
262,-275,10.485392,-10.981057,13
262,-274,10.489275,-10.937507,16
262,-273,10.491249,-10.897873,19
262,-272,10.494825,-10.858375,25
262,-271,10.495024,-10.818992,40
262,-270,10.496052,-10.778648,43
262,-269,10.494913,-10.740308,43
262,-268,10.498438,-10.700790,45
262,-267,10.502950,-10.661534,40
262,-266,10.507968,-10.622288,25
262,-265,10.513830,-10.587193,10
262,-264,10.515820,-10.547511,2
262,-244,10.497970,-9.732093,19
262,-243,10.500236,-9.699646,30
262,-242,10.501652,-9.659900,63
262,-241,10.498922,-9.619894,12
262,-240,10.500197,-9.583815,7
262,-239,10.504851,-9.540865,2
262,-152,10.480531,-6.040687,1
262,-151,10.499250,-6.015620,27
262,-150,10.500496,-5.978173,29
262,-88,10.500836,-3.492433,64
262,-87,10.499869,-3.475354,33
262,-15,10.497790,-0.566951,29
262,-14,10.500235,-0.547713,44
262,-7,10.495881,-0.244603,3
262,-6,10.499641,-0.219901,34
262,-5,10.500985,-0.193188,13
262,-4,10.507784,-0.122666,1
262,66,10.508413,2.649799,3
262,67,10.498855,2.705384,38
262,68,10.500529,2.736564,51
262,69,10.499056,2.774752,79
262,142,10.499321,5.712889,108
262,143,10.501449,5.727335,32
262,194,10.512124,7.796135,5
262,195,10.500613,7.821510,61
262,196,10.491676,7.846289,15
262,270,10.509387,10.822118,2
262,271,10.497533,10.857096,9
262,272,10.501721,10.908099,9
262,273,10.499160,10.938235,78
262,282,10.501873,11.306948,87
262,283,10.487534,11.321656,8
262,355,10.514123,14.224310,1
262,356,10.505179,14.264038,6
262,357,10.499836,14.299808,79
263,-314,10.557900,-12.525716,1
263,-313,10.553501,-12.497605,3
263,-312,10.542160,-12.461893,2
263,-311,10.537007,-12.421342,6
263,-310,10.548455,-12.378420,10
263,-309,10.545125,-12.339631,16
263,-308,10.543403,-12.298134,27
263,-307,10.542995,-12.256780,35
263,-306,10.544173,-12.217069,45
263,-305,10.537941,-12.179877,47
263,-304,10.533736,-12.141183,29
263,-303,10.530207,-12.102351,21
263,-302,10.526599,-12.062238,12
263,-301,10.535589,-12.028824,5
263,-300,10.546067,-11.978793,1
263,-299,10.538223,-11.936407,2
263,-298,10.530375,-11.893999,1
263,-297,10.521378,-11.861961,1
263,-270,10.524186,-10.775446,4
263,-269,10.528618,-10.737569,13
263,-268,10.537364,-10.698558,15
263,-267,10.541727,-10.661237,22
263,-266,10.535616,-10.618741,30
263,-265,10.536412,-10.578821,40
263,-264,10.543509,-10.538921,42
263,-263,10.549619,-10.500044,29
263,-262,10.553983,-10.466979,8
263,-261,10.557767,-10.430822,2
263,-244,10.530078,-9.724691,5
263,-243,10.538932,-9.698808,33
263,-242,10.537165,-9.655600,47
263,-241,10.544529,-9.629309,39
263,-240,10.537946,-9.584511,13
263,-239,10.541246,-9.545365,6
263,-238,10.543418,-9.506356,1
263,-151,10.535425,-6.010594,10
263,-150,10.540841,-5.982266,30
263,-149,10.541579,-5.951191,17
263,-88,10.539162,-3.490325,57
263,-87,10.541064,-3.473557,47
263,-15,10.538225,-0.566750,20
263,-14,10.540673,-0.545445,52
263,-8,10.533283,-0.280544,1
263,-7,10.546457,-0.242651,5
263,-6,10.540225,-0.221795,28
263,-5,10.540488,-0.193985,17
263,66,10.537054,2.647927,2
263,67,10.538444,2.708775,36
263,68,10.540915,2.738627,48
263,69,10.540279,2.778897,84
263,70,10.540238,2.823063,2
263,142,10.539834,5.715399,83
263,143,10.541023,5.727852,57
263,194,10.543050,7.786332,39
263,195,10.537462,7.813920,44
263,270,10.540031,10.826297,6
263,271,10.542493,10.855635,8
263,272,10.541323,10.911444,21
263,273,10.537514,10.931896,62
263,282,10.539297,11.297502,98
263,355,10.541753,14.227659,2
263,356,10.544103,14.264058,3
263,357,10.540583,14.293212,75
264,-316,10.593981,-12.606323,2
264,-315,10.584481,-12.574594,4
264,-314,10.580586,-12.539718,5
264,-313,10.591105,-12.495819,10
264,-312,10.582122,-12.458664,17
264,-311,10.581452,-12.418250,22
264,-310,10.583159,-12.380498,30
264,-309,10.584793,-12.338677,48
264,-308,10.578364,-12.301054,46
264,-307,10.569887,-12.261858,33
264,-306,10.564599,-12.228742,11
264,-305,10.571611,-12.186360,4
264,-304,10.578772,-12.147922,1
264,-303,10.569578,-12.105834,2
264,-302,10.582150,-12.058324,3
264,-267,10.560665,-10.647004,1
264,-266,10.567547,-10.619228,10
264,-265,10.576055,-10.578544,14
264,-264,10.579557,-10.540134,24
264,-263,10.574728,-10.496810,30
264,-262,10.576616,-10.458588,42
264,-261,10.581698,-10.421250,43
264,-260,10.589321,-10.382341,34
264,-259,10.594793,-10.345908,9
264,-258,10.594734,-10.319178,1
264,-243,10.576093,-9.691214,18
264,-242,10.579386,-9.658383,31
264,-241,10.580438,-9.619627,64
264,-240,10.577281,-9.580405,15
264,-239,10.587315,-9.542491,8
264,-238,10.585580,-9.506402,5
264,-151,10.569872,-6.003432,2
264,-150,10.580399,-5.978499,26
264,-149,10.581006,-5.941043,27
264,-88,10.579242,-3.490899,43
264,-87,10.580218,-3.472321,56
264,-15,10.578942,-0.566268,14
264,-14,10.580551,-0.544741,55
264,-7,10.586460,-0.278527,1
264,-6,10.578743,-0.221449,28
264,-5,10.581942,-0.190172,23
264,-3,10.564809,-0.116040,1
264,66,10.579761,2.650283,1
264,67,10.578986,2.711567,35
264,68,10.581057,2.740136,54
264,69,10.580524,2.782208,79
264,70,10.597104,2.829456,1
264,142,10.573844,5.717599,45
264,143,10.583198,5.727928,90
264,193,10.588176,7.752560,14
264,194,10.579905,7.780426,58
264,195,10.569182,7.806631,7
264,269,10.589689,10.798948,1
264,270,10.584199,10.824660,7
264,271,10.581929,10.850763,4
264,272,10.581188,10.908523,62
264,273,10.575564,10.925758,35
264,281,10.583400,11.275246,27
264,282,10.579024,11.290053,71
264,355,10.587359,14.221591,2
264,356,10.581584,14.273520,20
264,357,10.579554,14.288587,59
265,-318,10.635153,-12.695379,3
265,-317,10.623596,-12.657132,4
265,-316,10.626093,-12.618990,11
265,-315,10.625277,-12.580187,17
265,-314,10.620932,-12.540419,23
265,-313,10.622394,-12.501022,28
265,-312,10.623203,-12.457950,38
265,-311,10.620255,-12.421034,47
265,-310,10.611946,-12.381546,32
265,-309,10.605022,-12.353481,10
265,-308,10.618094,-12.293114,3
265,-306,10.631623,-12.211269,1
265,-305,10.621531,-12.183621,1
265,-304,10.609070,-12.141550,2
265,-303,10.600712,-12.098644,1
265,-264,10.603191,-10.522264,1
265,-263,10.607698,-10.496156,8
265,-262,10.617153,-10.456102,10
265,-261,10.614886,-10.418849,20
265,-260,10.613530,-10.376623,27
265,-259,10.615746,-10.339526,47
265,-258,10.620313,-10.300475,50
265,-257,10.630529,-10.261618,37
265,-256,10.635957,-10.226614,12
265,-243,10.609878,-9.684366,4
265,-242,10.617239,-9.659382,30
265,-241,10.618186,-9.618399,38
265,-240,10.622128,-9.586866,52
265,-239,10.622874,-9.541496,12
265,-238,10.620144,-9.503527,4
265,-237,10.619948,-9.473426,2
265,-150,10.613745,-5.969819,14
265,-149,10.620000,-5.939167,33
265,-148,10.631529,-5.917124,7
265,-88,10.619911,-3.489828,37
265,-87,10.619220,-3.470538,67
265,-15,10.618860,-0.563703,12
265,-14,10.620364,-0.541862,61
265,-6,10.620061,-0.220447,27
265,-5,10.621932,-0.188364,22
265,66,10.627450,2.656193,3
265,67,10.619330,2.708524,17
265,68,10.621312,2.739041,70
265,69,10.620260,2.786817,83
265,70,10.622975,2.831746,1
265,139,10.606819,5.573799,1
265,142,10.617017,5.718450,14
265,143,10.620042,5.728570,123
265,192,10.635316,7.718621,1
265,193,10.622144,7.743763,49
265,194,10.615765,7.771383,32
265,269,10.620813,10.790268,2
265,270,10.622195,10.822537,8
265,271,10.622538,10.870807,5
265,272,10.621515,10.904470,79
265,273,10.608139,10.922443,6
265,281,10.621706,11.270114,67
265,282,10.615632,11.284697,30
265,355,10.611888,14.225054,3
265,356,10.621690,14.272407,42
265,357,10.617640,14.283997,36
266,-320,10.670804,-12.770959,3
266,-319,10.661191,-12.734176,3
266,-318,10.666431,-12.699716,10
266,-317,10.661846,-12.659267,21
266,-316,10.662603,-12.620665,24
266,-315,10.661185,-12.578923,34
266,-314,10.663245,-12.538998,46
266,-313,10.655125,-12.500780,31
266,-312,10.645229,-12.468396,17
266,-311,10.651090,-12.427377,1
266,-310,10.655728,-12.382847,2
266,-309,10.659946,-12.337948,1
266,-308,10.655812,-12.301589,2
266,-307,10.651766,-12.266459,1
266,-306,10.641701,-12.238881,1
266,-261,10.642674,-10.406452,2
266,-260,10.649809,-10.374630,7
266,-259,10.657279,-10.334752,9
266,-258,10.656245,-10.300172,17
266,-257,10.653857,-10.257137,26
266,-256,10.655106,-10.219454,43
266,-255,10.664023,-10.181388,42
266,-254,10.673191,-10.147819,12
266,-242,10.653282,-9.650132,17
266,-241,10.660785,-9.620527,32
266,-240,10.657626,-9.575424,57
266,-239,10.666569,-9.545286,25
266,-238,10.656952,-9.502869,6
266,-237,10.660019,-9.467376,5
266,-236,10.674282,-9.427580,1
266,-150,10.655517,-5.968113,4
266,-149,10.660016,-5.937831,32
266,-148,10.662092,-5.908340,21
266,-88,10.659962,-3.487483,32
266,-87,10.660316,-3.467654,74
266,-15,10.660089,-0.563255,7
266,-14,10.660195,-0.540112,64
266,-6,10.658132,-0.216947,24
266,-5,10.661012,-0.185640,23
266,-4,10.658353,-0.153712,1
266,-3,10.666690,-0.105519,1
266,66,10.663320,2.654644,3
266,67,10.660391,2.712792,11
266,68,10.659805,2.741611,72
266,69,10.659327,2.789549,76
266,70,10.667041,2.807845,6
266,139,10.663114,5.597002,1
266,143,10.659986,5.729369,136
266,192,10.664287,7.709220,30
266,193,10.658002,7.737978,53
266,194,10.646923,7.763961,2
266,269,10.672138,10.788727,3
266,270,10.658170,10.818196,8
266,271,10.662273,10.869367,13
266,272,10.659520,10.896371,76
266,281,10.660316,11.262400,100
266,354,10.675962,14.193164,1
266,355,10.655629,14.218812,3
266,356,10.661460,14.269130,75
266,357,10.646175,14.281008,7
267,-322,10.711218,-12.856620,3
267,-321,10.703502,-12.815131,5
267,-320,10.704085,-12.776041,10
267,-319,10.701961,-12.739888,19
267,-318,10.700513,-12.701352,25
267,-317,10.705133,-12.656143,41
267,-316,10.698498,-12.620315,42
267,-315,10.689068,-12.582562,29
267,-314,10.688818,-12.551560,3
267,-313,10.702405,-12.499835,2
267,-312,10.700464,-12.452897,1
267,-311,10.703966,-12.418909,2
267,-310,10.693651,-12.390001,2
267,-258,10.685124,-10.289006,2
267,-257,10.693972,-10.261786,8
267,-256,10.697812,-10.219722,12
267,-255,10.694769,-10.180027,18
267,-254,10.694699,-10.138907,40
267,-253,10.704591,-10.102101,41
267,-252,10.714582,-10.068320,13
267,-242,10.681613,-9.646122,2
267,-241,10.698989,-9.618876,29
267,-240,10.698944,-9.577633,31
267,-239,10.699184,-9.539908,64
267,-238,10.704247,-9.501461,17
267,-237,10.697429,-9.456590,6
267,-236,10.707257,-9.407730,1
267,-149,10.698997,-5.932901,21
267,-148,10.701576,-5.899682,30
267,-88,10.698502,-3.485941,25
267,-87,10.701811,-3.465388,77
267,-15,10.696659,-0.560778,5
267,-14,10.700721,-0.538040,63
267,-13,10.714425,-0.519316,1
267,-6,10.700586,-0.214526,26
267,-5,10.699742,-0.183744,23
267,-4,10.710039,-0.157818,1
267,-3,10.704121,-0.100995,1
267,66,10.698222,2.656822,1
267,67,10.700371,2.711506,10
267,68,10.700005,2.744672,79
267,69,10.700151,2.792916,72
267,70,10.697099,2.806428,12
267,143,10.700095,5.730584,129
267,191,10.709760,7.672529,10
267,192,10.701137,7.700627,58
267,193,10.692157,7.728088,14
267,269,10.704024,10.782665,4
267,270,10.700904,10.810159,7
267,271,10.703385,10.870338,36
267,272,10.697872,10.889863,55
267,280,10.706658,11.234956,17
267,281,10.697986,11.253643,81
267,354,10.708099,14.192962,1
267,355,10.708616,14.219839,3
267,356,10.700057,14.262849,77
268,-324,10.748998,-12.936713,3
268,-323,10.740708,-12.892999,5
268,-322,10.746375,-12.857676,9
268,-321,10.743544,-12.818549,21
268,-320,10.739932,-12.779938,21
268,-319,10.745875,-12.738761,44
268,-318,10.736351,-12.701312,47
268,-317,10.724226,-12.668888,19
268,-316,10.742009,-12.619138,2
268,-314,10.759566,-12.529902,1
268,-313,10.734887,-12.505572,2
268,-312,10.733334,-12.457249,2
268,-256,10.726946,-10.209579,3
268,-255,10.736070,-10.180402,8
268,-254,10.736755,-10.138239,11
268,-253,10.734496,-10.095545,18
268,-252,10.736013,-10.059255,40
268,-251,10.745278,-10.022677,42
268,-250,10.753394,-9.991028,12
268,-241,10.734939,-9.610719,11
268,-240,10.739916,-9.580998,31
268,-239,10.736789,-9.535563,46
268,-238,10.744420,-9.505085,48
268,-237,10.741905,-9.467642,13
268,-236,10.737096,-9.431836,6
268,-235,10.740339,-9.387815,1
268,-149,10.734142,-5.931896,12
268,-148,10.739113,-5.901423,34
268,-147,10.747233,-5.875354,12
268,-88,10.739178,-3.486371,14
268,-87,10.741131,-3.464332,83
268,-14,10.738900,-0.539676,59
268,-13,10.743290,-0.517828,10
268,-6,10.741326,-0.210974,20
268,-5,10.740150,-0.181957,28
268,-4,10.751316,-0.153961,1
268,66,10.743784,2.661599,2
268,67,10.738712,2.710153,5
268,68,10.740006,2.746853,79
268,69,10.741151,2.791691,57
268,70,10.742597,2.803492,23
268,71,10.733908,2.844236,1
268,140,10.731787,5.601864,1
268,143,10.740377,5.731438,130
268,190,10.756680,7.637218,3
268,191,10.741967,7.662924,41
268,192,10.737285,7.693220,36
268,268,10.740149,10.755470,1
268,269,10.744218,10.783432,8
268,270,10.740061,10.823293,4
268,271,10.741467,10.866846,71
268,272,10.734477,10.885381,17
268,280,10.743765,11.231006,54
268,281,10.735741,11.247073,48
268,354,10.744168,14.184795,2
268,355,10.744047,14.219320,4
268,356,10.739999,14.254866,79
269,-326,10.789773,-13.012420,3
269,-325,10.782889,-12.976518,4
269,-324,10.784329,-12.942205,10
269,-323,10.781643,-12.899828,20
269,-322,10.780803,-12.858343,20
269,-321,10.785882,-12.816264,37
269,-320,10.776879,-12.780202,47
269,-319,10.766410,-12.749995,13
269,-317,10.781170,-12.655220,2
269,-316,10.782475,-12.620263,1
269,-315,10.774475,-12.589595,2
269,-314,10.770054,-12.558953,1
269,-254,10.765396,-10.136558,3
269,-253,10.777267,-10.102208,9
269,-252,10.777500,-10.056980,11
269,-251,10.775261,-10.017293,17
269,-250,10.775604,-9.979367,48
269,-249,10.786426,-9.940664,43
269,-248,10.794304,-9.907505,10
269,-241,10.760037,-9.601161,1
269,-240,10.778726,-9.573852,22
269,-239,10.779935,-9.539169,27
269,-238,10.779343,-9.496489,60
269,-237,10.784876,-9.465858,33
269,-236,10.781600,-9.420784,9
269,-235,10.788391,-9.387320,4
269,-149,10.771155,-5.924803,5
269,-148,10.780157,-5.899648,27
269,-147,10.782751,-5.867005,24
269,-88,10.781169,-3.484907,11
269,-87,10.780031,-3.461850,90
269,-14,10.779868,-0.538085,58
269,-13,10.782167,-0.515360,14
269,-7,10.776728,-0.260201,1
269,-6,10.780196,-0.208399,19
269,-5,10.780087,-0.180033,25
269,-4,10.791687,-0.154380,2
269,66,10.785798,2.661779,2
269,67,10.784229,2.714682,1
269,68,10.780488,2.739040,44
269,69,10.779419,2.776031,69
269,70,10.782805,2.804122,44
269,71,10.775031,2.848160,1
269,143,10.780600,5.732443,129
269,190,10.783914,7.625539,27
269,191,10.778681,7.658374,51
269,192,10.768606,7.685335,6
269,268,10.780190,10.749916,2
269,269,10.783569,10.777502,8
269,270,10.779624,10.829033,10
269,271,10.780645,10.859917,82
269,272,10.762253,10.882627,1
269,278,10.775980,11.154395,1
269,280,10.780347,11.224368,93
269,281,10.767447,11.242019,7
269,354,10.797706,14.175449,1
269,355,10.785148,14.232285,21
269,356,10.780314,14.248445,59
270,-327,10.825185,-13.056294,5
270,-326,10.824714,-13.018961,10
270,-325,10.820625,-12.980261,17
270,-324,10.821464,-12.938645,21
270,-323,10.823477,-12.896993,27
270,-322,10.821008,-12.860824,49
270,-321,10.807427,-12.828319,23
270,-317,10.825473,-12.661835,2
270,-252,10.807742,-10.056134,3
270,-251,10.818687,-10.020554,10
270,-250,10.813709,-9.973522,10
270,-249,10.815511,-9.936767,20
270,-248,10.816068,-9.899856,47
270,-247,10.826168,-9.861746,45
270,-246,10.835206,-9.826502,10
270,-240,10.812856,-9.564989,4
270,-239,10.819730,-9.538002,28
270,-238,10.818245,-9.499800,29
270,-237,10.821117,-9.461667,64
270,-236,10.822347,-9.420337,18
270,-235,10.822149,-9.379977,7
270,-234,10.806832,-9.347788,1
270,-148,10.818401,-5.895469,24
270,-147,10.821401,-5.859818,31
270,-88,10.819929,-3.484486,6
270,-87,10.820029,-3.459099,94
270,-14,10.819434,-0.537438,54
270,-13,10.822566,-0.512971,14
270,-6,10.819937,-0.208594,15
270,-5,10.820749,-0.179884,31
270,-4,10.821210,-0.150923,3
270,-3,10.835391,-0.087314,1
270,67,10.829006,2.711347,1
270,68,10.820330,2.743896,47
270,69,10.819541,2.771391,51
270,70,10.822047,2.806471,57
270,71,10.804619,2.851867,1
270,139,10.817964,5.581617,2
270,143,10.820480,5.733469,127
270,144,10.836143,5.760520,1
270,189,10.828049,7.590656,19
270,190,10.819352,7.619792,53
270,191,10.813272,7.647840,17
270,268,10.824111,10.743890,4
270,269,10.818734,10.774895,7
270,270,10.825782,10.830207,30
270,271,10.818530,10.852253,60
270,279,10.831223,11.196699,9
270,280,10.818396,11.215002,90
270,354,10.819708,14.177476,4
270,355,10.822266,14.231433,45
270,356,10.817063,14.245180,32
271,-329,10.870229,-13.130860,3
271,-328,10.861139,-13.098604,8
271,-327,10.863185,-13.056736,17
271,-326,10.860928,-13.018401,21
271,-325,10.859319,-12.980661,21
271,-324,10.864460,-12.940126,48
271,-323,10.848849,-12.902677,36
271,-317,10.853440,-12.675133,1
271,-250,10.845832,-9.977450,5
271,-249,10.861408,-9.939715,9
271,-248,10.853520,-9.894444,11
271,-247,10.855309,-9.855052,25
271,-246,10.856861,-9.818907,43
271,-245,10.866292,-9.783361,39
271,-244,10.874920,-9.752469,3
271,-239,10.852946,-9.530752,9
271,-238,10.860209,-9.501164,32
271,-237,10.857489,-9.454815,45
271,-236,10.861562,-9.424711,51
271,-235,10.862721,-9.384488,12
271,-234,10.860893,-9.346891,8
271,-233,10.872966,-9.306872,1
271,-148,10.856419,-5.894742,9
271,-147,10.859308,-5.859115,40
271,-146,10.868408,-5.838889,6
271,-88,10.860336,-3.481456,6
271,-87,10.859916,-3.456719,96
271,-14,10.859319,-0.536601,53
271,-13,10.861695,-0.514080,17
271,-7,10.844153,-0.257048,1
271,-6,10.858557,-0.206818,12
271,-5,10.861064,-0.177818,34
271,-4,10.855721,-0.143434,2
271,-3,10.851337,-0.085098,1
271,68,10.859469,2.748071,46
271,69,10.861365,2.770986,49
271,70,10.860112,2.809049,59
271,71,10.865338,2.858150,2
271,143,10.860220,5.734173,124
271,144,10.859001,5.761924,2
271,188,10.872224,7.552622,9
271,189,10.860564,7.581024,49
271,190,10.855895,7.613111,29
271,267,10.851012,10.718620,1
271,268,10.859801,10.745449,7
271,269,10.867014,10.772781,4
271,270,10.862684,10.826429,61
271,271,10.856799,10.846273,30
271,278,10.863250,11.152323,2
271,279,10.863277,11.191130,47
271,280,10.856223,11.208185,52
271,354,10.875707,14.184742,2
271,355,10.861558,14.227756,78
271,356,10.844637,14.241357,3
272,-330,10.908992,-13.174333,7
272,-329,10.900588,-13.133604,10
272,-328,10.902882,-13.095849,19
272,-327,10.900209,-13.059273,20
272,-326,10.905895,-13.017161,43
272,-325,10.891725,-12.981271,42
272,-324,10.881107,-12.958545,3
272,-248,10.888705,-9.896606,6
272,-247,10.901978,-9.861378,7
272,-246,10.893924,-9.815027,13
272,-245,10.898270,-9.775946,24
272,-244,10.900008,-9.740669,40
272,-243,10.910729,-9.707942,14
272,-238,10.896259,-9.494723,20
272,-237,10.899617,-9.459914,32
272,-236,10.898718,-9.417884,63
272,-235,10.904837,-9.384928,30
272,-234,10.903895,-9.340286,10
272,-233,10.906154,-9.307640,5
272,-148,10.893666,-5.885398,7
272,-147,10.900337,-5.856828,26
272,-146,10.901508,-5.831925,23
272,-87,10.899972,-3.455654,98
272,-86,10.908830,-3.439060,6
272,-14,10.900067,-0.536744,44
272,-13,10.900648,-0.513429,22
272,-6,10.902406,-0.201752,6
272,-5,10.899127,-0.176796,35
272,-4,10.887727,-0.145563,2
272,67,10.887109,2.684214,1
272,68,10.900751,2.747353,35
272,69,10.899927,2.771839,54
272,70,10.899429,2.812322,58
272,143,10.899853,5.735244,124
272,144,10.897076,5.764265,3
272,187,10.915818,7.513652,3
272,188,10.901976,7.541059,42
272,189,10.897630,7.575340,39
272,190,10.885401,7.601025,2
272,267,10.892036,10.713091,2
272,268,10.900995,10.738133,7
272,269,10.899884,10.787988,7
272,270,10.900541,10.821517,79
272,271,10.887995,10.842664,4
272,279,10.902019,11.184485,95
272,280,10.887660,11.203136,9
272,353,10.902986,14.151408,3
272,354,10.904197,14.176505,3
272,355,10.899902,14.220624,76
273,-332,10.953966,-13.254129,3
273,-331,10.942345,-13.217420,7
273,-330,10.945563,-13.176702,12
273,-329,10.939323,-13.140380,20
273,-328,10.945839,-13.096535,29
273,-327,10.939513,-13.061819,52
273,-326,10.923778,-13.034372,13
273,-247,10.924709,-9.846148,2
273,-246,10.940622,-9.816896,7
273,-245,10.936615,-9.775217,8
273,-244,10.938397,-9.736109,20
273,-243,10.937020,-9.699586,38
273,-242,10.945679,-9.665824,27
273,-241,10.957477,-9.634384,3
273,-238,10.927902,-9.485947,2
273,-237,10.940440,-9.458279,29
273,-236,10.938212,-9.416303,34
273,-235,10.939270,-9.380015,59
273,-234,10.945184,-9.346460,19
273,-233,10.938314,-9.303885,9
273,-232,10.941861,-9.265380,2
273,-147,10.938075,-5.856338,26
273,-146,10.941509,-5.824741,26
273,-87,10.940082,-3.456284,78
273,-86,10.942096,-3.437302,22
273,-14,10.939709,-0.533901,47
273,-13,10.940364,-0.511469,24
273,-6,10.948500,-0.210146,1
273,-5,10.940207,-0.179532,38
273,-4,10.944003,-0.154890,9
273,67,10.927286,2.685015,1
273,68,10.932608,2.753643,18
273,69,10.944369,2.774938,95
273,70,10.938092,2.811981,41
273,71,10.942646,2.866478,2
273,143,10.940093,5.736509,126
273,144,10.942739,5.767072,3
273,186,10.954868,7.478103,1
273,187,10.942345,7.503900,36
273,188,10.939059,7.538338,45
273,189,10.928923,7.567399,6
273,267,10.942250,10.710695,6
273,268,10.932220,10.736371,5
273,269,10.944304,10.789623,28
273,270,10.937218,10.813038,67
273,277,10.949326,11.106801,1
273,278,10.947937,11.155965,14
273,279,10.938686,11.174654,84
273,354,10.950697,14.191466,11
273,355,10.939129,14.213096,72
274,-333,10.990384,-13.294065,5
274,-332,10.983322,-13.255305,9
274,-331,10.981517,-13.214954,16
274,-330,10.979248,-13.178700,19
274,-329,10.984072,-13.136276,44
274,-328,10.970937,-13.105242,34
274,-245,10.972966,-9.776788,6
274,-244,10.985554,-9.744749,6
274,-243,10.973351,-9.699738,15
274,-242,10.975953,-9.659118,37
274,-241,10.984103,-9.622942,37
274,-240,10.992393,-9.592308,9
274,-237,10.975202,-9.447464,8
274,-236,10.978224,-9.421699,28
274,-235,10.978512,-9.377882,42
274,-234,10.981301,-9.340245,65
274,-233,10.981359,-9.301850,14
274,-232,10.985119,-9.260163,8
274,-231,10.978298,-9.226120,2
274,-147,10.976941,-5.853872,16
274,-146,10.980096,-5.819056,42
274,-87,10.979824,-3.453629,78
274,-86,10.980792,-3.434500,24
274,-14,10.978981,-0.531948,42
274,-13,10.979940,-0.509918,28
274,-6,10.969147,-0.202249,1
274,-5,10.981485,-0.184622,27
274,-4,10.980305,-0.154812,21
274,68,10.963772,2.752440,1
274,69,10.973600,2.783010,83
274,70,10.968708,2.809706,21
274,139,10.974878,5.589661,1
274,143,10.979777,5.737418,119
274,144,10.980779,5.769411,2
274,186,10.984887,7.465453,27
274,187,10.979522,7.499400,50
274,188,10.969400,7.528755,13
274,266,10.999849,10.667161,1
274,267,10.977005,10.699872,7
274,268,10.979710,10.739036,5
274,269,10.981542,10.786931,60
274,270,10.976329,10.807145,33
274,276,10.999776,11.078076,1
274,278,10.983413,11.150371,55
274,279,10.976125,11.167977,47
274,353,10.989608,14.137619,5
274,354,10.982979,14.192522,31
274,355,10.977782,14.207886,48
275,-335,11.031642,-13.367218,2
275,-334,11.021587,-13.332410,7
275,-333,11.022703,-13.295146,9
275,-332,11.021225,-13.257521,18
275,-331,11.023328,-13.216195,23
275,-330,11.020160,-13.180128,56
275,-329,11.008418,-13.150101,19
275,-244,11.009325,-9.733163,3
275,-243,11.021392,-9.701241,8
275,-242,11.007779,-9.651076,8
275,-241,11.017832,-9.616575,29
275,-240,11.019882,-9.579258,44
275,-239,11.027407,-9.546619,18
275,-238,11.038849,-9.519502,1
275,-236,11.014909,-9.413330,20
275,-235,11.021440,-9.381523,25
275,-234,11.017891,-9.338081,43
275,-233,11.021453,-9.302985,55
275,-232,11.024326,-9.265001,17
275,-231,11.025214,-9.227527,5
275,-230,11.023709,-9.191307,1
275,-147,11.021254,-5.852169,8
275,-146,11.018563,-5.815904,40
275,-145,11.026403,-5.797152,11
275,-87,11.020213,-3.453865,64
275,-86,11.020920,-3.433326,35
275,-14,11.018466,-0.532570,29
275,-13,11.019733,-0.510123,40
275,-6,11.037709,-0.238393,1
275,-5,11.021306,-0.181514,29
275,-4,11.022021,-0.149903,21
275,-2,11.011010,-0.068113,2
275,67,11.019066,2.695217,1
275,69,11.018769,2.786148,34
275,70,11.033697,2.805662,2
275,139,11.029090,5.579510,2
275,143,11.019460,5.738602,124
275,144,11.019037,5.767445,3
275,185,11.027130,7.429125,20
275,186,11.019852,7.460030,49
275,187,11.013375,7.490270,19
275,266,11.036598,10.653344,1
275,267,11.018157,10.696060,10
275,268,11.020777,10.745855,7
275,269,11.019569,10.781149,82
275,270,11.012222,10.803205,2
275,277,11.012886,11.104158,1
275,278,11.021498,11.142094,95
275,279,11.005602,11.162240,8
275,353,11.017660,14.151744,1
275,354,11.021408,14.188739,58
275,355,11.013764,14.203948,17
276,-336,11.066132,-13.409541,2
276,-335,11.064839,-13.380959,10
276,-334,11.063760,-13.340017,12
276,-333,11.058145,-13.300366,21
276,-332,11.065889,-13.254703,28
276,-331,11.057265,-13.223352,53
276,-330,11.044979,-13.193902,5
276,-243,11.043579,-9.687424,1
276,-242,11.063373,-9.660995,6
276,-241,11.043306,-9.604845,3
276,-240,11.056196,-9.577785,20
276,-239,11.056518,-9.539650,42
276,-238,11.064484,-9.503797,34
276,-237,11.073459,-9.471493,4
276,-236,11.047487,-9.403777,2
276,-235,11.058002,-9.377969,23
276,-234,11.058653,-9.339465,29
276,-233,11.056550,-9.296925,54
276,-232,11.064206,-9.264107,46
276,-231,11.063727,-9.222802,13
276,-230,11.062165,-9.181907,3
276,-147,11.056500,-5.844483,6
276,-146,11.060896,-5.816831,23
276,-145,11.062630,-5.793090,27
276,-87,11.060151,-3.454274,57
276,-86,11.060398,-3.432510,43
276,-14,11.058991,-0.528289,29
276,-13,11.060081,-0.506424,42
276,-5,11.061129,-0.176186,27
276,-4,11.062869,-0.146956,20
276,-3,11.060166,-0.113693,1
276,69,11.050335,2.790128,5
276,70,11.046963,2.805570,2
276,143,11.059679,5.739614,119
276,144,11.057290,5.763780,2
276,184,11.071418,7.391196,15
276,185,11.060688,7.419527,48
276,186,11.054652,7.454246,30
276,266,11.058835,10.672693,5
276,267,11.061417,10.692267,6
276,268,11.063692,10.749726,37
276,269,11.057239,10.772956,61
276,277,11.065205,11.113849,26
276,278,11.058154,11.134203,75
276,352,11.073295,14.112224,3
276,353,11.069891,14.141660,3
276,354,11.058978,14.183397,79
277,-337,11.109339,-13.452598,4
277,-336,11.100593,-13.420817,11
277,-335,11.104031,-13.378363,15
277,-334,11.099549,-13.338895,19
277,-333,11.105628,-13.295383,42
277,-332,11.091749,-13.264869,39
277,-241,11.094276,-9.619731,5
277,-240,11.113816,-9.593640,2
277,-239,11.091484,-9.534381,12
277,-238,11.095827,-9.497157,36
277,-237,11.101635,-9.461187,43
277,-236,11.110666,-9.426626,14
277,-235,11.088288,-9.370813,5
277,-234,11.099394,-9.338578,28
277,-233,11.096234,-9.297233,29
277,-232,11.098937,-9.258269,58
277,-231,11.103264,-9.223527,41
277,-230,11.100292,-9.186672,11
277,-229,11.108498,-9.146572,5
277,-146,11.100586,-5.819194,22
277,-145,11.101393,-5.787810,34
277,-87,11.099043,-3.453168,48
277,-86,11.100627,-3.430805,49
277,-14,11.101269,-0.526429,20
277,-13,11.099119,-0.504582,53
277,-5,11.099214,-0.175138,25
277,-4,11.100940,-0.146243,19
277,-3,11.119030,-0.119604,1
277,143,11.100383,5.737289,122
277,144,11.087805,5.760855,2
277,183,11.112747,7.353719,10
277,184,11.100031,7.380624,48
277,185,11.096571,7.416134,35
277,186,11.081013,7.441434,1
277,265,11.118497,10.639031,1
277,266,11.099494,10.663705,8
277,267,11.108699,10.705690,3
277,268,11.102102,10.744475,64
277,269,11.094930,10.767047,26
277,276,11.086530,11.068645,1
277,277,11.102049,11.107043,65
277,278,11.097106,11.126919,35
277,353,11.093298,14.147602,6
277,354,11.098515,14.174247,73
278,-338,11.149031,-13.493488,7
278,-337,11.139906,-13.458034,10
278,-336,11.140596,-13.417301,18
278,-335,11.140585,-13.379105,17
278,-334,11.143932,-13.338696,51
278,-333,11.127941,-13.309301,23
278,-240,11.130485,-9.571383,4
278,-239,11.149863,-9.545508,3
278,-238,11.126921,-9.490906,6
278,-237,11.136687,-9.455931,27
278,-236,11.140170,-9.419544,38
278,-235,11.144401,-9.385493,26
278,-234,11.132379,-9.334874,8
278,-233,11.139972,-9.299191,30
278,-232,11.137113,-9.255676,31
278,-231,11.138464,-9.220054,61
278,-230,11.143299,-9.184966,37
278,-229,11.144870,-9.142179,9
278,-228,11.145704,-9.097779,1
278,-146,11.142636,-5.814354,16
278,-145,11.139369,-5.782092,38
278,-87,11.138166,-3.452061,49
278,-86,11.141242,-3.429069,53
278,-14,11.140317,-0.527168,18
278,-13,11.139154,-0.499641,50
278,-6,11.120556,-0.234018,1
278,-5,11.138175,-0.173592,23
278,-4,11.138504,-0.143739,24
278,139,11.123182,5.583034,1
278,143,11.139990,5.733381,117
278,182,11.153108,7.318097,5
278,183,11.142504,7.341485,48
278,184,11.137100,7.376893,42
278,185,11.123179,7.402086,2
278,265,11.155810,10.624880,1
278,266,11.139281,10.654167,8
278,267,11.140441,10.708094,13
278,268,11.140220,10.739081,80
278,269,11.128436,10.762717,2
278,275,11.141291,11.030153,1
278,276,11.146963,11.072627,4
278,277,11.139633,11.099340,97
278,278,11.121459,11.120417,1
278,352,11.154725,14.106176,5
278,353,11.143858,14.152984,31
278,354,11.137826,14.168110,53
279,-339,11.186960,-13.536927,6
279,-338,11.183912,-13.499709,10
279,-337,11.181056,-13.459562,19
279,-336,11.180727,-13.416863,20
279,-335,11.180176,-13.381593,57
279,-334,11.164161,-13.354437,10
279,-239,11.163660,-9.527086,2
279,-238,11.182949,-9.501396,5
279,-237,11.162698,-9.442746,2
279,-236,11.175275,-9.415380,20
279,-235,11.179059,-9.378749,38
279,-234,11.182106,-9.343268,28
279,-233,11.177646,-9.296312,14
279,-232,11.179776,-9.260901,29
279,-231,11.177900,-9.216699,41
279,-230,11.178017,-9.179431,60
279,-229,11.184993,-9.145875,31
279,-228,11.182829,-9.103103,12
279,-227,11.176411,-9.074239,1
279,-146,11.179756,-5.813260,10
279,-145,11.179847,-5.777845,45
279,-87,11.177737,-3.450374,42
279,-86,11.181641,-3.428089,58
279,-14,11.179529,-0.530065,20
279,-13,11.178698,-0.497781,44
279,-12,11.197289,-0.479291,1
279,-5,11.180265,-0.173271,22
279,-4,11.178816,-0.144315,30
279,-3,11.170346,-0.114822,1
279,-2,11.172457,-0.050442,1
279,138,11.166107,5.549274,1
279,139,11.186161,5.578790,1
279,142,11.193465,5.719018,13
279,143,11.177911,5.729165,102
279,181,11.199313,7.276908,1
279,182,11.182366,7.302942,41
279,183,11.178840,7.337661,43
279,184,11.166218,7.364787,6
279,265,11.178762,10.627173,7
279,266,11.182063,10.657265,4
279,267,11.182374,10.708611,48
279,268,11.178422,10.731794,51
279,275,11.163945,11.016453,1
279,276,11.182237,11.071884,46
279,277,11.178259,11.091454,58
279,352,11.173332,14.094328,2
279,353,11.181330,14.150840,61
279,354,11.173038,14.164215,18
280,-340,11.229157,-13.577394,7
280,-339,11.221223,-13.536627,10
280,-338,11.220181,-13.497878,18
280,-337,11.226147,-13.453085,26
280,-336,11.214793,-13.422315,55
280,-335,11.201448,-13.399434,1
280,-237,11.215356,-9.462592,6
280,-236,11.236568,-9.438455,1
280,-235,11.214411,-9.374824,16
280,-234,11.217170,-9.337884,38
280,-233,11.222403,-9.301192,34
280,-232,11.220424,-9.256421,23
280,-231,11.220936,-9.220391,25
280,-230,11.217532,-9.177526,52
280,-229,11.220292,-9.139261,55
280,-228,11.225832,-9.103775,24
280,-227,11.221045,-9.062997,9
280,-226,11.231914,-9.022753,1
280,-146,11.219647,-5.810814,7
280,-145,11.218914,-5.773633,45
280,-144,11.229187,-5.757466,4
280,-87,11.218827,-3.448999,32
280,-86,11.220490,-3.427239,68
280,-14,11.220554,-0.530752,23
280,-13,11.220772,-0.502663,33
280,-12,11.217224,-0.478595,8
280,-5,11.222458,-0.168156,16
280,-4,11.220406,-0.141436,33
280,-3,11.223000,-0.109913,1
280,-2,11.206348,-0.047319,1
280,139,11.207645,5.567622,1
280,142,11.221342,5.716009,59
280,143,11.218518,5.730296,60
280,181,11.225117,7.264592,38
280,182,11.218681,7.300131,53
280,183,11.206970,7.327312,8
280,264,11.232189,10.596917,2
280,265,11.214969,10.620313,7
280,266,11.223469,10.668138,7
280,267,11.222023,10.702817,74
280,268,11.215662,10.725139,17
280,275,11.221831,11.013393,2
280,276,11.222135,11.063309,91
280,277,11.210618,11.084074,15
280,351,11.232074,14.066172,1
280,352,11.233217,14.104775,4
280,353,11.220133,14.143155,78
281,-341,11.265779,-13.619331,7
281,-340,11.264213,-13.576615,10
281,-339,11.261120,-13.539798,19
281,-338,11.265891,-13.495471,34
281,-337,11.253944,-13.464320,53
281,-336,11.241046,-13.438486,1
281,-236,11.245626,-9.428147,2
281,-234,11.251760,-9.334790,12
281,-233,11.257554,-9.299087,36
281,-232,11.260534,-9.261012,37
281,-231,11.261095,-9.220201,31
281,-230,11.259396,-9.180054,27
281,-229,11.258903,-9.138846,50
281,-228,11.259851,-9.099756,58
281,-227,11.267179,-9.064711,24
281,-226,11.262873,-9.024375,8
281,-225,11.259128,-8.996515,1
281,-146,11.256983,-5.805014,8
281,-145,11.257855,-5.772264,28
281,-144,11.261611,-5.755477,22
281,-87,11.258003,-3.447839,25
281,-86,11.260270,-3.425322,74
281,-14,11.262151,-0.530734,25
281,-13,11.261117,-0.499639,38
281,-12,11.243785,-0.479570,2
281,-5,11.255640,-0.162735,7
281,-4,11.261403,-0.141234,37
281,-3,11.266705,-0.104772,4
281,138,11.263464,5.530928,1
281,142,11.261233,5.712396,78
281,143,11.258204,5.729483,37
281,180,11.266193,7.226771,31
281,181,11.260186,7.259477,58
281,182,11.249166,7.288087,14
281,264,11.272418,10.585705,4
281,265,11.252743,10.613062,7
281,266,11.263369,10.670861,27
281,267,11.259282,10.696390,67
281,275,11.265005,11.032443,26
281,276,11.258321,11.055925,75
281,351,11.260870,14.070379,3
281,352,11.264726,14.111197,6
281,353,11.259350,14.133918,72
282,-343,11.318508,-13.680169,1
282,-342,11.306908,-13.657993,7
282,-341,11.302225,-13.615483,10
282,-340,11.300531,-13.579295,16
282,-339,11.304069,-13.535409,33
282,-338,11.295148,-13.505153,44
282,-337,11.280850,-13.476790,2
282,-233,11.290087,-9.290020,5
282,-232,11.297094,-9.257314,33
282,-231,11.298323,-9.219405,37
282,-230,11.301640,-9.180270,40
282,-229,11.299578,-9.141314,27
282,-228,11.299115,-9.099398,50
282,-227,11.299028,-9.059613,56
282,-226,11.306765,-9.026370,31
282,-225,11.305714,-8.984856,8
282,-224,11.313712,-8.943893,1
282,-146,11.285845,-5.802031,2
282,-145,11.300944,-5.780251,24
282,-144,11.300179,-5.752541,33
282,-87,11.298825,-3.447374,17
282,-86,11.300779,-3.423742,84
282,-14,11.300843,-0.528270,23
282,-13,11.301004,-0.498136,37
282,-6,11.310914,-0.214714,1
282,-5,11.300497,-0.168039,1
282,-4,11.299253,-0.138883,45
282,-3,11.300844,-0.114109,2
282,138,11.296917,5.555049,2
282,142,11.300365,5.707617,84
282,143,11.298866,5.726610,30
282,179,11.309299,7.189267,23
282,180,11.299865,7.220457,55
282,181,11.291632,7.250557,18
282,264,11.303965,10.581058,9
282,265,11.304079,10.626599,5
282,266,11.300923,10.664732,62
282,267,11.297468,10.689002,34
282,274,11.303214,10.973620,2
282,275,11.301824,11.025746,68
282,276,11.297163,11.047019,37
282,351,11.308085,14.063938,3
282,352,11.304282,14.112821,36
282,353,11.298149,14.128777,45
283,-344,11.359742,-13.724019,1
283,-343,11.344896,-13.697750,6
283,-342,11.343402,-13.655918,9
283,-341,11.338606,-13.617222,17
283,-340,11.344696,-13.575456,33
283,-339,11.335793,-13.544272,47
283,-338,11.321928,-13.518047,3
283,-232,11.328377,-9.250671,4
283,-231,11.335676,-9.215941,29
283,-230,11.340270,-9.178674,38
283,-229,11.342568,-9.140039,51
283,-228,11.339915,-9.099193,27
283,-227,11.339057,-9.058323,51
283,-226,11.339539,-9.018871,56
283,-225,11.346634,-8.987300,30
283,-224,11.345700,-8.946489,7
283,-223,11.341081,-8.917504,1
283,-145,11.340557,-5.780264,19
283,-144,11.340208,-5.748508,38
283,-87,11.338896,-3.443682,16
283,-86,11.340370,-3.420037,78
283,-14,11.340183,-0.528474,26
283,-13,11.340491,-0.497978,36
283,-5,11.327159,-0.162573,1
283,-4,11.338384,-0.136355,38
283,-3,11.344698,-0.115310,11
283,-1,11.331713,-0.030979,1
283,142,11.340775,5.704351,94
283,143,11.337199,5.726126,22
283,178,11.351892,7.152003,16
283,179,11.340864,7.179941,58
283,180,11.332701,7.210637,30
283,263,11.344538,10.552376,3
283,264,11.346145,10.573750,7
283,265,11.343892,10.629122,16
283,266,11.339950,10.659373,78
283,267,11.330227,10.684776,4
283,274,11.351427,10.994983,13
283,275,11.339166,11.018578,91
283,351,11.341339,14.052973,3
283,352,11.341599,14.107612,62
283,353,11.333143,14.123311,14
284,-344,11.383344,-13.737093,7
284,-343,11.382719,-13.695854,10
284,-342,11.380050,-13.659843,16
284,-341,11.383180,-13.615645,30
284,-340,11.376698,-13.582983,46
284,-339,11.364104,-13.557857,2
284,-231,11.361308,-9.213325,1
284,-230,11.372198,-9.173839,19
284,-229,11.380173,-9.139525,33
284,-228,11.378967,-9.099892,50
284,-227,11.381192,-9.060627,28
284,-226,11.378877,-9.018902,50
284,-225,11.377517,-8.977935,64
284,-224,11.387434,-8.945409,33
284,-223,11.388463,-8.905465,7
284,-222,11.395986,-8.864573,1
284,-145,11.380710,-5.775035,20
284,-144,11.380253,-5.744021,38
284,-87,11.375817,-3.441392,6
284,-86,11.379795,-3.418390,95
284,-85,11.398764,-3.399140,1
284,-14,11.381096,-0.528468,26
284,-13,11.380798,-0.499082,41
284,-6,11.372356,-0.207785,1
284,-4,11.380222,-0.135809,27
284,-3,11.380356,-0.112003,22
284,-1,11.370512,-0.024476,1
284,137,11.364031,5.511982,1
284,138,11.384008,5.535442,1
284,142,11.380358,5.701600,108
284,143,11.378496,5.733078,8
284,177,11.395075,7.113887,8
284,178,11.381391,7.140482,54
284,179,11.375087,7.173247,37
284,263,11.383500,10.544007,7
284,264,11.387246,10.583109,4
284,265,11.381846,10.627768,50
284,266,11.376967,10.653071,45
284,272,11.398722,10.916756,1
284,273,11.390666,10.942449,3
284,274,11.382950,10.988701,52
284,275,11.377587,11.009580,48
284,350,11.387708,14.024997,1
284,351,11.379005,14.057149,4
284,352,11.379429,14.100297,78
285,-345,11.417676,-13.771660,7
285,-344,11.424467,-13.736473,10
285,-343,11.420140,-13.699120,16
285,-342,11.426803,-13.654336,28
285,-341,11.417326,-13.623265,51
285,-340,11.402381,-13.596177,5
285,-229,11.411387,-9.132607,16
285,-228,11.418755,-9.099871,33
285,-227,11.418753,-9.059151,51
285,-226,11.422200,-9.020505,38
285,-225,11.418555,-8.979035,48
285,-224,11.419039,-8.939296,60
285,-223,11.425932,-8.905186,43
285,-222,11.426987,-8.865938,6
285,-221,11.423522,-8.838026,1
285,-145,11.420035,-5.772638,18
285,-144,11.420228,-5.740788,37
285,-86,11.419920,-3.417280,88
285,-85,11.424166,-3.397753,10
285,-14,11.419854,-0.527840,24
285,-13,11.421104,-0.497531,40
285,-4,11.421915,-0.130731,23
285,-3,11.420954,-0.107127,28
285,-2,11.416658,-0.072267,2
285,138,11.416682,5.537101,1
285,142,11.420118,5.696925,109
285,143,11.420479,5.739491,5
285,176,11.433922,7.076753,2
285,177,11.422966,7.101763,56
285,178,11.414996,7.136460,47
285,263,11.419251,10.535501,8
285,264,11.419841,10.590807,7
285,265,11.420352,10.620737,73
285,266,11.411905,10.645888,15
285,273,11.432879,10.955724,5
285,274,11.419812,10.980216,92
285,275,11.407161,11.002227,8
285,350,11.416768,14.027284,1
285,351,11.423431,14.073545,19
285,352,11.417958,14.091608,65
286,-346,11.466481,-13.816480,5
286,-345,11.459690,-13.779816,12
286,-344,11.459937,-13.739279,16
286,-343,11.464664,-13.694885,21
286,-342,11.458369,-13.661468,50
286,-341,11.443108,-13.633254,3
286,-228,11.448863,-9.092154,12
286,-227,11.456711,-9.057186,31
286,-226,11.459167,-9.017611,46
286,-225,11.461722,-8.982556,41
286,-224,11.458637,-8.938961,54
286,-223,11.459452,-8.898905,57
286,-222,11.465701,-8.865598,48
286,-221,11.468710,-8.825748,11
286,-145,11.459447,-5.770618,15
286,-144,11.460469,-5.737446,42
286,-86,11.460618,-3.414199,80
286,-85,11.461781,-3.395744,24
286,-14,11.459609,-0.528487,20
286,-13,11.461561,-0.498811,43
286,-4,11.457713,-0.127089,15
286,-3,11.460259,-0.103796,33
286,-2,11.465846,-0.074365,1
286,-1,11.448616,-0.008959,1
286,137,11.472040,5.505517,2
286,141,11.475711,5.679348,7
286,142,11.458809,5.692660,101
286,143,11.458482,5.731037,5
286,176,11.463191,7.064705,56
286,177,11.457631,7.097654,54
286,178,11.442111,7.123398,3
286,262,11.464582,10.509800,6
286,263,11.452031,10.529383,4
286,264,11.461424,10.588021,43
286,265,11.457799,10.614952,63
286,272,11.456758,10.907326,2
286,273,11.462768,10.949086,48
286,274,11.457094,10.972578,59
286,350,11.462408,14.014581,4
286,351,11.463865,14.069719,48
286,352,11.457222,14.085830,35
287,-347,11.505841,-13.847955,5
287,-346,11.503683,-13.814432,8
287,-345,11.501066,-13.779102,16
287,-344,11.500879,-13.738278,18
287,-343,11.498979,-13.700942,58
287,-342,11.483139,-13.674744,7
287,-227,11.488634,-9.046717,7
287,-226,11.499528,-9.017509,19
287,-225,11.496809,-8.977309,39
287,-224,11.500595,-8.941766,40
287,-223,11.498657,-8.898912,52
287,-222,11.500139,-8.859063,53
287,-221,11.505191,-8.824897,52
287,-220,11.504891,-8.779591,9
287,-145,11.497064,-5.773281,13
287,-144,11.501554,-5.736328,44
287,-86,11.500889,-3.412415,61
287,-85,11.502318,-3.392901,36
287,-14,11.499410,-0.526359,21
287,-13,11.501003,-0.496115,44
287,-5,11.487204,-0.185908,1
287,-4,11.497310,-0.123257,9
287,-3,11.500525,-0.100126,43
287,-2,11.511847,-0.072911,2
287,0,11.502114,0.000301,1
287,141,11.501407,5.676538,38
287,142,11.498950,5.693650,72
287,143,11.499402,5.735823,3
287,175,11.505245,7.026952,42
287,176,11.497960,7.058239,61
287,177,11.485635,7.085193,4
287,262,11.500419,10.494928,7
287,263,11.500061,10.547941,9
287,264,11.500704,10.583304,71
287,265,11.495711,10.607651,20
287,271,11.495413,10.872667,1
287,272,11.507133,10.912348,4
287,273,11.500995,10.941456,91
287,274,11.490179,10.964942,15
287,350,11.508620,14.009898,2
287,351,11.501924,14.064249,73
287,352,11.485083,14.080682,3
288,-348,11.555056,-13.884795,2
288,-347,11.543616,-13.860160,8
288,-346,11.540280,-13.817456,15
288,-345,11.543059,-13.779399,15
288,-344,11.540028,-13.739303,66
288,-343,11.525581,-13.715446,7
288,-226,11.524829,-9.006567,6
288,-225,11.540085,-8.977849,22
288,-224,11.537958,-8.937881,35
288,-223,11.540043,-8.899036,47
288,-222,11.538911,-8.859251,51
288,-221,11.539373,-8.819197,53
288,-220,11.543737,-8.782255,61
288,-219,11.545385,-8.747060,11
288,-218,11.556225,-8.711123,2
288,-145,11.538278,-5.774640,11
288,-144,11.540315,-5.735398,50
288,-86,11.540157,-3.411231,47
288,-85,11.541115,-3.390472,50
288,-14,11.537784,-0.524392,18
288,-13,11.539994,-0.497975,44
288,-12,11.552380,-0.479688,3
288,-5,11.557930,-0.177502,1
288,-4,11.551115,-0.125932,1
288,-3,11.540383,-0.097364,49
288,-2,11.529277,-0.074277,1
288,137,11.538598,5.515051,1
288,141,11.541817,5.673316,58
288,142,11.537625,5.689758,50
288,143,11.538709,5.730496,2
288,174,11.548065,6.988353,30
288,175,11.538435,7.018364,75
288,176,11.526847,7.046686,9
288,261,11.536332,10.470887,3
288,262,11.537801,10.490201,6
288,263,11.543580,10.549422,39
288,264,11.537730,10.576845,66
288,265,11.524523,10.600929,1
288,271,11.526688,10.869722,1
288,272,11.543772,10.910733,43
288,273,11.537986,10.933583,65
288,349,11.545970,13.986604,3
288,350,11.544563,14.033543,9
288,351,11.539991,14.055147,72
289,-348,11.581670,-13.900044,7
289,-347,11.580976,-13.857717,12
289,-346,11.578617,-13.819984,15
289,-345,11.582662,-13.776339,59
289,-344,11.567651,-13.752639,14
289,-225,11.564109,-8.963106,3
289,-224,11.579081,-8.938334,23
289,-223,11.579181,-8.898501,34
289,-222,11.579030,-8.858994,50
289,-221,11.579225,-8.818165,55
289,-220,11.580884,-8.779680,51
289,-219,11.581577,-8.740283,67
289,-218,11.589510,-8.706088,18
289,-217,11.585371,-8.674804,2
289,-145,11.579117,-5.771936,12
289,-144,11.579832,-5.733253,47
289,-86,11.578989,-3.411918,37
289,-85,11.580388,-3.387531,62
289,-14,11.574949,-0.522750,12
289,-13,11.579908,-0.502432,45
289,-12,11.582321,-0.478538,12
289,-3,11.577698,-0.094705,30
289,-2,11.581399,-0.073045,17
289,-1,11.562647,-0.039185,1
289,0,11.570311,0.013964,1
289,136,11.568201,5.471689,1
289,137,11.567204,5.500930,1
289,141,11.580967,5.666874,88
289,142,11.573616,5.685636,18
289,143,11.578035,5.725166,3
289,173,11.591067,6.951313,23
289,174,11.579042,6.980028,82
289,175,11.569478,7.008607,16
289,260,11.599522,10.437533,1
289,261,11.574318,10.463364,8
289,262,11.585830,10.510688,5
289,263,11.581637,10.542487,68
289,264,11.576212,10.568858,28
289,270,11.580150,10.831806,1
289,271,11.595211,10.867144,5
289,272,11.581732,10.902128,86
289,273,11.571346,10.925540,17
289,349,11.579940,13.987314,3
289,350,11.583386,14.030494,35
289,351,11.577516,14.049084,41
290,-349,11.621533,-13.934434,6
290,-348,11.619949,-13.893880,11
290,-347,11.618997,-13.855126,16
290,-346,11.621643,-13.815637,44
290,-345,11.615590,-13.789296,30
290,-224,11.603101,-8.920282,1
290,-223,11.619632,-8.895642,12
290,-222,11.615446,-8.858952,27
290,-221,11.618983,-8.819476,46
290,-220,11.617760,-8.778476,52
290,-219,11.622372,-8.740181,56
290,-218,11.618524,-8.698317,66
290,-217,11.628516,-8.665310,24
290,-216,11.633192,-8.628567,3
290,-145,11.620268,-5.769073,11
290,-144,11.619548,-5.732521,49
290,-143,11.622739,-5.719753,1
290,-86,11.619255,-3.411463,33
290,-85,11.620240,-3.384229,67
290,-82,11.620859,-3.250640,1
290,-14,11.610907,-0.521104,4
290,-13,11.621123,-0.505006,45
290,-12,11.620153,-0.476051,17
290,-4,11.625356,-0.121832,1
290,-3,11.616763,-0.096103,27
290,-2,11.620206,-0.070238,28
290,0,11.639464,0.026160,1
290,136,11.631177,5.463810,2
290,137,11.620183,5.490368,1
290,141,11.620072,5.658233,108
290,142,11.616331,5.696289,3
290,143,11.609514,5.720901,1
290,172,11.632352,6.914551,12
290,173,11.621763,6.940754,82
290,174,11.610912,6.970469,26
290,260,11.629912,10.428153,7
290,261,11.609522,10.451891,5
290,262,11.622491,10.509674,29
290,263,11.618806,10.536568,67
290,264,11.609700,10.562719,4
290,270,11.632988,10.817084,3
290,271,11.623410,10.871206,37
290,272,11.618031,10.894773,65
290,348,11.626712,13.955478,2
290,349,11.629083,13.978939,2
290,350,11.620218,14.026225,64
290,351,11.610152,14.042918,14
291,-350,11.669101,-13.970972,4
291,-349,11.661142,-13.936146,10
291,-348,11.657225,-13.899326,12
291,-347,11.662602,-13.855316,38
291,-346,11.656306,-13.821504,43
291,-222,11.658169,-8.859615,11
291,-221,11.657040,-8.817248,25
291,-220,11.659210,-8.779415,36
291,-219,11.659196,-8.739886,52
291,-218,11.660693,-8.701134,62
291,-217,11.660106,-8.660602,81
291,-216,11.662853,-8.623131,19
291,-215,11.670655,-8.589558,4
291,-145,11.661277,-5.768338,12
291,-144,11.659964,-5.732878,43
291,-143,11.660863,-5.719132,5
291,-86,11.659443,-3.409647,35
291,-85,11.660859,-3.380503,65
291,-13,11.660176,-0.502131,51
291,-12,11.660262,-0.472511,16
291,-4,11.671646,-0.155765,1
291,-3,11.658727,-0.090484,24
291,-2,11.661739,-0.065052,32
291,-1,11.665860,-0.039661,1
291,140,11.666601,5.636033,31
291,141,11.657490,5.651455,74
291,142,11.656062,5.710780,3
291,171,11.676953,6.877471,6
291,172,11.661233,6.902152,79
291,173,11.654032,6.931459,36
291,259,11.671753,10.398133,1
291,260,11.666134,10.415389,6
291,261,11.665778,10.469216,9
291,262,11.660059,10.503686,68
291,263,11.657045,10.529634,31
291,269,11.659012,10.792861,1
291,270,11.670735,10.826824,6
291,271,11.661145,10.861249,84
291,272,11.652160,10.886420,21
291,348,11.676582,13.947970,1
291,349,11.664758,13.989907,10
291,350,11.658418,14.017416,76
292,-351,11.713897,-14.005925,2
292,-350,11.699017,-13.981151,6
292,-349,11.698987,-13.943219,11
292,-348,11.701834,-13.898326,26
292,-347,11.699728,-13.859973,49
292,-346,11.687016,-13.833532,8
292,-221,11.697520,-8.816264,12
292,-220,11.697624,-8.778018,21
292,-219,11.698306,-8.739482,38
292,-218,11.704749,-8.696970,84
292,-217,11.699391,-8.667527,108
292,-216,11.694404,-8.616453,13
292,-215,11.700207,-8.579250,13
292,-214,11.709893,-8.540801,6
292,-145,11.700605,-5.768850,10
292,-144,11.700296,-5.732426,40
292,-143,11.702104,-5.718262,9
292,-86,11.699264,-3.408531,29
292,-85,11.701177,-3.380068,68
292,-13,11.700604,-0.498926,49
292,-12,11.699497,-0.470526,23
292,-3,11.690443,-0.084554,7
292,-2,11.702540,-0.063355,48
292,-1,11.717478,-0.020891,2
292,0,11.697092,0.037848,1
292,135,11.701759,5.423933,1
292,136,11.691864,5.461247,2
292,140,11.701113,5.628907,72
292,141,11.697809,5.647265,35
292,142,11.701839,5.697027,3
292,171,11.703547,6.863735,76
292,172,11.693594,6.894829,50
292,173,11.693629,6.929053,1
292,259,11.705048,10.388849,5
292,260,11.699317,10.412229,4
292,261,11.706285,10.467012,30
292,262,11.697822,10.497014,68
292,263,11.691305,10.522516,4
292,269,11.714314,10.794103,1
292,270,11.702697,10.831038,41
292,271,11.698266,10.855287,67
292,348,11.713489,13.946941,4
292,349,11.703521,13.993434,33
292,350,11.698106,14.009865,51
293,-351,11.735504,-14.021214,6
293,-350,11.739316,-13.977334,12
293,-349,11.740261,-13.937114,17
293,-348,11.741841,-13.897112,43
293,-347,11.733762,-13.869655,25
293,-220,11.735439,-8.774490,12
293,-219,11.744412,-8.737241,35
293,-218,11.734730,-8.698928,100
293,-217,11.743478,-8.660678,25
293,-216,11.735530,-8.617433,4
293,-215,11.733405,-8.572831,4
293,-214,11.735978,-8.533004,6
293,-213,11.743574,-8.500600,7
293,-212,11.752543,-8.472214,1
293,-145,11.738251,-5.769203,11
293,-144,11.740978,-5.733525,38
293,-143,11.741195,-5.717244,10
293,-86,11.739838,-3.408546,22
293,-85,11.739270,-3.380387,70
293,-84,11.749184,-3.359290,1
293,-13,11.740364,-0.492056,45
293,-12,11.740237,-0.465687,21
293,-4,11.752107,-0.145811,1
293,-3,11.759898,-0.082041,1
293,-2,11.740484,-0.056170,46
293,-1,11.742434,-0.033956,4
293,135,11.753284,5.435602,1
293,140,11.740817,5.621941,96
293,141,11.729661,5.646648,8
293,142,11.739906,5.685590,2
293,170,11.744482,6.826483,61
293,171,11.736455,6.854929,61
293,172,11.725111,6.887566,3
293,259,11.742376,10.376529,6
293,260,11.745773,10.428112,7
293,261,11.741481,10.463381,67
293,262,11.735248,10.490492,32
293,268,11.730970,10.755939,1
293,269,11.751699,10.781131,4
293,270,11.741400,10.821193,87
293,271,11.731663,10.845522,17
293,348,11.738888,13.928839,2
293,349,11.741658,13.987014,66
293,350,11.734179,14.003470,10
294,-352,11.780921,-14.054168,5
294,-351,11.779548,-14.017990,12
294,-350,11.779602,-13.979366,14
294,-349,11.783915,-13.934388,36
294,-348,11.776108,-13.904059,41
294,-218,11.768694,-8.682561,2
294,-217,11.777252,-8.654641,20
294,-216,11.773461,-8.622392,5
294,-215,11.780358,-8.581678,4
294,-214,11.779661,-8.537630,1
294,-213,11.771202,-8.507396,3
294,-212,11.772577,-8.459959,4
294,-211,11.787892,-8.435209,2
294,-145,11.779346,-5.769797,12
294,-144,11.781508,-5.735189,38
294,-143,11.780485,-5.716266,11
294,-86,11.780062,-3.405187,22
294,-85,11.778947,-3.379223,73
294,-84,11.785932,-3.358231,8
294,-13,11.778577,-0.490763,30
294,-12,11.781482,-0.466949,39
294,-2,11.775255,-0.048947,35
294,-1,11.783412,-0.032562,20
294,1,11.785807,0.058225,2
294,134,11.770626,5.399307,1
294,135,11.768807,5.438448,1
294,139,11.790433,5.597332,14
294,140,11.778153,5.614442,88
294,141,11.775391,5.662023,5
294,169,11.787412,6.788323,46
294,170,11.775912,6.816983,73
294,171,11.767921,6.849722,2
294,258,11.778505,10.351970,3
294,259,11.776864,10.371459,5
294,260,11.784261,10.428163,34
294,261,11.778496,10.456960,69
294,262,11.767380,10.485038,4
294,268,11.788301,10.727143,2
294,269,11.782752,10.788880,53
294,270,11.777933,10.814556,58
294,347,11.774077,13.910325,2
294,348,11.791389,13.946309,6
294,349,11.778921,13.977354,75
295,-353,11.823783,-14.091620,2
295,-352,11.822553,-14.057739,11
295,-351,11.822748,-14.018527,13
295,-350,11.823418,-13.975590,20
295,-349,11.820037,-13.941715,54
295,-348,11.806689,-13.916750,7
295,-217,11.808328,-8.642917,1
295,-216,11.812455,-8.624933,4
295,-215,11.816519,-8.565879,1
295,-211,11.809896,-8.406340,2
295,-145,11.820854,-5.770220,11
295,-144,11.819804,-5.736124,40
295,-143,11.820245,-5.715901,9
295,-86,11.818771,-3.403895,14
295,-85,11.820215,-3.379138,71
295,-84,11.825367,-3.357261,12
295,-13,11.819652,-0.487562,23
295,-12,11.820586,-0.464417,48
295,-4,11.814080,-0.123194,1
295,-2,11.805525,-0.043580,8
295,-1,11.820551,-0.027364,49
295,0,11.819708,0.010961,3
295,139,11.821969,5.591827,55
295,140,11.816240,5.611332,47
295,141,11.823428,5.660496,3
295,168,11.829771,6.751277,33
295,169,11.817622,6.777914,86
295,170,11.808339,6.807989,8
295,258,11.816977,10.338769,8
295,259,11.820848,10.390129,9
295,260,11.821815,10.422603,67
295,261,11.815088,10.450897,30
295,267,11.828961,10.715228,1
295,268,11.830673,10.752214,14
295,269,11.820227,10.780722,79
295,270,11.809090,10.805274,16
295,347,11.814178,13.896503,1
295,348,11.823377,13.951188,32
295,349,11.816487,13.970329,49
296,-354,11.872294,-14.124933,1
296,-353,11.858363,-14.100181,5
296,-352,11.859066,-14.062648,10
296,-351,11.860279,-14.021438,16
296,-350,11.862714,-13.976226,51
296,-349,11.851524,-13.951122,19
296,-210,11.842442,-8.381521,1
296,-145,11.862062,-5.770889,12
296,-144,11.859923,-5.737363,45
296,-143,11.858826,-5.716812,8
296,-86,11.857002,-3.402395,10
296,-85,11.860167,-3.378953,70
296,-84,11.863314,-3.354977,18
296,-13,11.853488,-0.482465,12
296,-12,11.861662,-0.461036,60
296,-3,11.864493,-0.110849,1
296,-1,11.860945,-0.014955,55
296,0,11.862248,0.004246,2
296,2,11.862643,0.085672,2
296,134,11.840959,5.374160,1
296,135,11.845674,5.411594,1
296,139,11.861144,5.584250,79
296,140,11.853916,5.606532,25
296,141,11.861317,5.649113,2
296,167,11.872483,6.714195,18
296,168,11.859293,6.738501,91
296,169,11.849289,6.767663,12
296,257,11.854172,10.310333,4
296,258,11.861055,10.340783,5
296,259,11.863794,10.386765,42
296,260,11.857826,10.417037,65
296,261,11.848918,10.442733,3
296,267,11.854457,10.704935,3
296,268,11.861965,10.746351,52
296,269,11.856573,10.773545,53
296,346,11.862807,13.874894,1
296,347,11.860503,13.896432,4
296,348,11.860936,13.946272,67
296,349,11.852446,13.964215,16
297,-354,11.901394,-14.140250,3
297,-353,11.900594,-14.096226,12
297,-352,11.898006,-14.056225,16
297,-351,11.902934,-14.012131,33
297,-350,11.896765,-13.986685,43
297,-145,11.901593,-5.772043,10
297,-144,11.899795,-5.739168,44
297,-143,11.897475,-5.717775,4
297,-86,11.912166,-3.401696,1
297,-85,11.899710,-3.380586,75
297,-84,11.901923,-3.353183,23
297,-12,11.898299,-0.461399,60
297,-11,11.908823,-0.437445,11
297,-3,11.918250,-0.088801,1
297,-2,11.883424,-0.040939,1
297,-1,11.898406,-0.009251,30
297,0,11.902754,0.007888,30
297,1,11.902646,0.045468,2
297,133,11.912800,5.348474,1
297,138,11.914083,5.558877,4
297,139,11.898742,5.577657,92
297,140,11.899888,5.618401,5
297,141,11.884032,5.642289,1
297,166,11.915174,6.676078,8
297,167,11.901039,6.700013,94
297,168,11.889976,6.728902,23
297,256,11.917707,10.273752,3
297,257,11.893861,10.297821,9
297,258,11.907965,10.347298,10
297,259,11.901740,10.381753,71
297,260,11.894433,10.408925,26
297,266,11.909604,10.663778,3
297,267,11.908876,10.710423,19
297,268,11.899293,10.739408,89
297,269,11.885658,10.763824,9
297,346,11.906141,13.865522,1
297,347,11.905694,13.913651,9
297,348,11.899692,13.936512,73
298,-355,11.952540,-14.167171,2
298,-354,11.937138,-14.133921,5
298,-353,11.939088,-14.101631,12
298,-352,11.944064,-14.059575,20
298,-351,11.939291,-14.020498,65
298,-350,11.921753,-13.996043,2
298,-145,11.939842,-5.770985,20
298,-144,11.938958,-5.737356,37
298,-143,11.934884,-5.719166,5
298,-85,11.941223,-3.378939,65
298,-84,11.940783,-3.351839,34
298,-12,11.939264,-0.457371,49
298,-11,11.943124,-0.432332,22
298,-1,11.926779,-0.003952,5
298,0,11.941616,0.015073,52
298,2,11.941347,0.113785,2
298,134,11.924346,5.384113,1
298,138,11.942556,5.553306,37
298,139,11.937530,5.573504,64
298,140,11.938979,5.618522,4
298,165,11.957760,6.638437,2
298,166,11.942858,6.662833,91
298,167,11.930207,6.689836,28
298,256,11.950433,10.261142,6
298,257,11.935908,10.312462,3
298,258,11.942076,10.347275,45
298,259,11.937750,10.376709,58
298,266,11.953653,10.666760,3
298,267,11.942593,10.703384,61
298,268,11.935961,10.730390,43
298,346,11.945233,13.859917,4
298,347,11.945472,13.909910,40
298,348,11.936991,13.929623,45
299,-355,11.984557,-14.171537,4
299,-354,11.978090,-14.136288,10
299,-353,11.979559,-14.097276,16
299,-352,11.982290,-14.053641,48
299,-351,11.974856,-14.031340,22
299,-145,11.979891,-5.772515,21
299,-144,11.979484,-5.736482,41
299,-85,11.980978,-3.375477,57
299,-84,11.980504,-3.348878,35
299,-12,11.978760,-0.451311,43
299,-11,11.982588,-0.427902,30
299,-2,11.973577,-0.074863,1
299,0,11.977512,0.024965,48
299,1,11.983117,0.048394,9
299,133,11.986191,5.322230,1
299,138,11.981648,5.547305,71
299,139,11.974986,5.567722,29
299,140,11.982358,5.612748,2
299,165,11.983317,6.626165,79
299,166,11.971453,6.651631,41
299,255,11.987871,10.233652,3
299,256,11.980610,10.256969,5
299,257,11.985045,10.307855,17
299,258,11.979404,10.338872,76
299,259,11.974690,10.367794,19
299,265,11.983530,10.625273,3
299,266,11.985712,10.668639,32
299,267,11.978506,10.698352,79
299,268,11.961323,10.721029,2
299,345,11.999927,13.831981,1
299,346,11.994874,13.860858,2
299,347,11.982784,13.904796,66
299,348,11.971863,13.922992,9
300,-356,12.026193,-14.205940,2
300,-355,12.021100,-14.179978,6
300,-354,12.021030,-14.143029,13
300,-353,12.022381,-14.096269,27
300,-352,12.017061,-14.063071,52
300,-351,12.002971,-14.037654,1
300,-145,12.019427,-5.776157,23
300,-144,12.020783,-5.739400,41
300,-85,12.019020,-3.372325,55
300,-84,12.021198,-3.346837,41
300,-12,12.018826,-0.445860,28
300,-11,12.021487,-0.424091,49
300,-2,12.025060,-0.053532,1
300,0,12.015021,0.030099,31
300,1,12.020456,0.050341,29
300,3,12.021983,0.142590,2
300,132,12.039681,5.294678,1
300,133,12.003262,5.355956,1
300,137,12.034419,5.516460,7
300,138,12.019179,5.536570,94
300,139,12.020127,5.581342,2
300,140,12.012595,5.603664,2
300,164,12.025763,6.588754,63
300,165,12.013128,6.612852,60
300,166,12.000615,6.650237,1
300,255,12.020951,10.223587,6
300,256,12.032131,10.272664,6
300,257,12.021022,10.304002,57
300,258,12.017786,10.334798,49
300,264,12.022549,10.592606,1
300,265,12.027036,10.628840,8
300,266,12.021551,10.661273,77
300,267,12.013915,10.687699,28
300,345,12.025176,13.829190,3
300,346,12.029107,13.874310,11
300,347,12.019395,13.895790,71
301,-356,12.062718,-14.219549,4
301,-355,12.060698,-14.176463,11
301,-354,12.063457,-14.133315,17
301,-353,12.059254,-14.097305,47
301,-352,12.057153,-14.070256,23
301,-145,12.061985,-5.777861,27
301,-144,12.060247,-5.743850,38
301,-85,12.060815,-3.373151,40
301,-84,12.060260,-3.345982,61
301,-12,12.044003,-0.440885,3
301,-11,12.060421,-0.422994,69
301,0,12.050049,0.037184,6
301,1,12.060306,0.056698,56
301,2,12.069044,0.111468,1
301,133,12.057519,5.326795,1
301,137,12.062574,5.508698,60
301,138,12.056545,5.528177,40
301,139,12.057952,5.590037,2
301,163,12.068802,6.550149,46
301,164,12.054597,6.573112,80
301,165,12.047491,6.607663,1
301,254,12.061538,10.192687,4
301,255,12.053117,10.214247,3
301,256,12.066266,10.267813,30
301,257,12.059067,10.298690,68
301,258,12.052227,10.326747,12
301,264,12.065529,10.586583,5
301,265,12.062986,10.628208,50
301,266,12.057580,10.656083,57
301,345,12.055835,13.830915,2
301,346,12.063860,13.869121,42
301,347,12.056961,13.887523,37
302,-357,12.100603,-14.245107,2
302,-356,12.104575,-14.213640,7
302,-355,12.099597,-14.183996,11
302,-354,12.100839,-14.138144,28
302,-353,12.098537,-14.102069,48
302,-352,12.083852,-14.078158,1
302,-145,12.101055,-5.778001,35
302,-144,12.100356,-5.744307,30
302,-85,12.100040,-3.369370,32
302,-84,12.101021,-3.342699,63
302,-11,12.098989,-0.417781,62
302,-10,12.105623,-0.395716,13
302,-1,12.085418,-0.037959,1
302,1,12.099685,0.066393,50
302,2,12.107006,0.088987,15
302,4,12.104630,0.172113,2
302,131,12.091009,5.266603,1
302,132,12.112638,5.297172,1
302,136,12.113568,5.477824,5
302,137,12.099475,5.498602,93
302,138,12.093768,5.527263,2
302,139,12.094855,5.575928,3
302,162,12.111624,6.513198,31
302,163,12.096422,6.535734,89
302,164,12.086675,6.565514,2
302,254,12.093887,10.178876,6
302,255,12.106648,10.230694,9
302,256,12.100723,10.261676,64
302,257,12.096353,10.293810,41
302,263,12.110636,10.548660,4
302,264,12.109666,10.592212,21
302,265,12.099212,10.619515,77
302,266,12.088248,10.644791,14
302,344,12.100705,13.794439,3
302,345,12.111801,13.826569,4
302,346,12.101479,13.863029,78
302,347,12.087809,13.881630,5
303,-357,12.140832,-14.257636,5
303,-356,12.141477,-14.219099,10
303,-355,12.140384,-14.174729,16
303,-354,12.140950,-14.137113,44
303,-353,12.136619,-14.109957,25
303,-146,12.153193,-5.801205,1
303,-145,12.139746,-5.779683,43
303,-144,12.140958,-5.746677,22
303,-85,12.139364,-3.365917,25
303,-84,12.141334,-3.339825,74
303,-11,12.138788,-0.410821,48
303,-10,12.141768,-0.389854,29
303,-1,12.134623,-0.017352,1
303,1,12.133190,0.073013,17
303,2,12.143877,0.091395,44
303,3,12.159625,0.144118,1
303,130,12.143113,5.238107,1
303,136,12.142994,5.469619,54
303,137,12.137082,5.490158,46
303,138,12.144954,5.551793,2
303,139,12.123511,5.562123,1
303,161,12.153845,6.475305,18
303,162,12.138135,6.498330,94
303,163,12.125706,6.526271,7
303,253,12.138645,10.146743,6
303,254,12.135691,10.176720,3
303,255,12.143498,10.225349,48
303,256,12.138325,10.258295,63
303,257,12.129441,10.284886,5
303,263,12.139875,10.552416,3
303,264,12.142538,10.581878,66
303,265,12.136466,10.611203,48
303,344,12.147175,13.790255,1
303,345,12.144090,13.831484,20
303,346,12.139028,13.853463,59
304,-358,12.183434,-14.288706,3
304,-357,12.183008,-14.258445,6
304,-356,12.178981,-14.221032,11
304,-355,12.180551,-14.176604,23
304,-354,12.178852,-14.141557,49
304,-353,12.167525,-14.115936,5
304,-146,12.178528,-5.804663,12
304,-145,12.181160,-5.778878,37
304,-144,12.179856,-5.747802,15
304,-85,12.175926,-3.363705,12
304,-84,12.180663,-3.340808,73
304,-83,12.187365,-3.318001,10
304,-11,12.174192,-0.404026,20
304,-10,12.181527,-0.386239,56
304,1,12.174777,0.079428,1
304,2,12.179121,0.101842,56
304,3,12.187466,0.126635,7
304,5,12.189373,0.202382,2
304,130,12.196003,5.209179,1
304,131,12.168635,5.267074,1
304,135,12.196928,5.437278,4
304,136,12.180200,5.459998,90
304,137,12.175179,5.486347,5
304,138,12.180622,5.534609,3
304,160,12.196919,6.437389,5
304,161,12.179946,6.460719,106
304,162,12.166455,6.486532,12
304,252,12.193801,10.105982,3
304,253,12.173546,10.134087,6
304,254,12.184747,10.187468,18
304,255,12.181413,10.218647,71
304,256,12.174257,10.249458,25
304,262,12.170192,10.506161,3
304,263,12.182840,10.548211,45
304,264,12.177730,10.578536,66
304,265,12.163071,10.600341,1
304,344,12.190350,13.772073,6
304,345,12.181020,13.827245,57
304,346,12.177671,13.846099,22
305,-358,12.222268,-14.299731,3
305,-357,12.220344,-14.255183,13
305,-356,12.217602,-14.215760,13
305,-355,12.222048,-14.175769,45
305,-354,12.215020,-14.148011,32
305,-146,12.222087,-5.809568,14
305,-145,12.218940,-5.782023,35
305,-144,12.218099,-5.751484,15
305,-85,12.234361,-3.361166,1
305,-84,12.219622,-3.340013,78
305,-83,12.223140,-3.315359,17
305,-10,12.219446,-0.379413,70
305,-9,12.231651,-0.357941,4
305,-1,12.200150,-0.000100,1
305,0,12.230137,0.019813,1
305,2,12.214412,0.111682,27
305,3,12.223828,0.132072,40
305,4,12.221104,0.177070,1
305,130,12.225544,5.236488,1
305,135,12.222979,5.430826,45
305,136,12.217530,5.452400,49
305,137,12.230424,5.510617,2
305,138,12.209101,5.520889,1
305,160,12.221820,6.422827,102
305,161,12.208858,6.446728,22
305,251,12.229215,10.075622,1
305,252,12.221776,10.101111,5
305,253,12.226666,10.149881,5
305,254,12.220691,10.182898,61
305,255,12.218721,10.215416,44
305,256,12.204089,10.240749,3
305,261,12.222267,10.477680,3
305,262,12.229209,10.512099,18
305,263,12.220560,10.540354,73
305,264,12.211709,10.567350,22
305,344,12.231545,13.795504,7
305,345,12.218420,13.818731,73
306,-359,12.259709,-14.328854,3
306,-358,12.264031,-14.289522,7
306,-357,12.258646,-14.264441,11
306,-356,12.262101,-14.218210,21
306,-355,12.259314,-14.180828,55
306,-354,12.246914,-14.153875,4
306,-146,12.261641,-5.812140,23
306,-145,12.258854,-5.782776,34
306,-144,12.254732,-5.753724,9
306,-84,12.260350,-3.337070,67
306,-83,12.259772,-3.313098,29
306,-10,12.259105,-0.371370,52
306,-9,12.262608,-0.352377,27
306,0,12.277901,0.038828,1
306,2,12.242795,0.117862,2
306,3,12.259734,0.143809,57
306,4,12.270754,0.167857,8
306,5,12.248854,0.232998,2
306,129,12.249703,5.179808,1
306,134,12.276778,5.397699,2
306,135,12.260439,5.421268,83
306,136,12.251035,5.445843,12
306,137,12.258817,5.496938,2
306,159,12.263326,6.386508,90
306,160,12.248669,6.409356,33
306,251,12.262112,10.066488,5
306,252,12.249543,10.093326,2
306,253,12.263497,10.145225,38
306,254,12.258182,10.178035,65
306,255,12.251585,10.206835,12
306,261,12.259596,10.456312,5
306,262,12.262897,10.503021,64
306,263,12.255899,10.533206,50
306,343,12.258368,13.747104,4
306,344,12.264573,13.790669,38
306,345,12.257391,13.809677,47
307,-359,12.298607,-14.346911,2
307,-358,12.303217,-14.295974,13
307,-357,12.298234,-14.254032,14
307,-356,12.302647,-14.213191,40
307,-355,12.297090,-14.188248,35
307,-146,12.303040,-5.814988,33
307,-145,12.299659,-5.782626,33
307,-144,12.299570,-5.756189,6
307,-84,12.299506,-3.332987,55
307,-83,12.299449,-3.307740,37
307,-10,12.293763,-0.364796,20
307,-9,12.303197,-0.347373,60
307,1,12.303736,0.057763,1
307,3,12.294468,0.152347,22
307,4,12.303761,0.173461,51
307,5,12.298749,0.208789,2
307,6,12.305723,0.264086,2
307,128,12.304231,5.149983,1
307,130,12.283380,5.205401,1
307,134,12.303494,5.391137,36
307,135,12.297196,5.413144,57
307,136,12.301818,5.468152,4
307,137,12.280085,5.486691,1
307,158,12.306766,6.349363,70
307,159,12.290245,6.370526,53
307,250,12.296861,10.030085,1
307,251,12.294349,10.052666,5
307,252,12.305853,10.109427,21
307,253,12.299461,10.140763,66
307,254,12.294380,10.172789,32
307,260,12.301088,10.414291,2
307,261,12.304478,10.467239,41
307,262,12.298011,10.498453,69
307,263,12.282798,10.522142,2
307,343,12.293826,13.745189,5
307,344,12.302754,13.782649,73
307,345,12.288311,13.802480,8
308,-360,12.346499,-14.363241,2
308,-359,12.342123,-14.332029,4
308,-358,12.338671,-14.304212,11
308,-357,12.342331,-14.258089,17
308,-356,12.339556,-14.220378,58
308,-355,12.330346,-14.193996,5
308,-146,12.340709,-5.820314,40
308,-145,12.340545,-5.780396,22
308,-84,12.338828,-3.330875,39
308,-83,12.339871,-3.307101,61
308,-9,12.339600,-0.338616,74
308,-8,12.352221,-0.317584,3
308,1,12.354752,0.078432,1
308,4,12.340013,0.184193,52
308,5,12.347145,0.205310,16
308,6,12.347255,0.244681,1
308,7,12.356248,0.292739,1
308,127,12.359616,5.119693,1
308,129,12.342178,5.173800,1
308,133,12.359498,5.357409,2
308,134,12.340813,5.382380,76
308,135,12.331159,5.406754,17
308,136,12.337088,5.462210,5
308,157,12.349828,6.310423,49
308,158,12.333714,6.330536,76
308,249,12.359396,9.998551,1
308,250,12.337836,10.023570,6
308,251,12.346079,10.063291,6
308,252,12.341395,10.101741,58
308,253,12.337451,10.137116,52
308,254,12.324600,10.162876,3
308,259,12.356762,10.376611,1
308,260,12.343801,10.428445,23
308,261,12.339726,10.460866,74
308,262,12.331309,10.488076,20
308,342,12.344834,13.706889,3
308,343,12.345096,13.752721,21
308,344,12.339348,13.774335,58
309,-360,12.378542,-14.374168,2
309,-359,12.382469,-14.333961,8
309,-358,12.378372,-14.297317,12
309,-357,12.383087,-14.255107,39
309,-356,12.376487,-14.227112,43
309,-147,12.380024,-5.843500,12
309,-146,12.378903,-5.820808,41
309,-145,12.380701,-5.784256,19
309,-84,12.378249,-3.326408,28
309,-83,12.380446,-3.302448,65
309,-9,12.378962,-0.330568,46
309,-8,12.382987,-0.311693,32
309,2,12.378594,0.096364,1
309,4,12.375581,0.193270,15
309,5,12.383211,0.216096,55
309,6,12.391067,0.249096,1
309,7,12.370870,0.298661,1
309,133,12.385451,5.351237,31
309,134,12.377457,5.374501,63
309,135,12.379900,5.424063,3
309,136,12.372673,5.447437,4
309,156,12.393107,6.273436,36
309,157,12.375084,6.294146,88
309,249,12.385142,9.982611,4
309,250,12.384601,10.025352,5
309,251,12.384158,10.067065,44
309,252,12.378880,10.099053,66
309,253,12.370963,10.128922,14
309,258,12.388462,10.356063,2
309,259,12.384869,10.385533,5
309,260,12.381397,10.421457,69
309,261,12.376662,10.452626,44
309,342,12.381852,13.697124,4
309,343,12.380779,13.745014,52
309,344,12.375441,13.766428,27
310,-360,12.418741,-14.387875,3
310,-359,12.419794,-14.337646,12
310,-358,12.421337,-14.296248,16
310,-357,12.421343,-14.258274,53
310,-356,12.416225,-14.231820,15
310,-147,12.422397,-5.849763,25
310,-146,12.418827,-5.823366,30
310,-145,12.420280,-5.788645,13
310,-84,12.412093,-3.324138,13
310,-83,12.419760,-3.299433,81
310,-82,12.432802,-3.278987,3
310,-9,12.408018,-0.323367,11
310,-8,12.422708,-0.304958,69
310,2,12.432912,0.118717,1
310,5,12.418466,0.225569,45
310,6,12.424259,0.250865,18
310,8,12.422381,0.327853,2
310,127,12.412133,5.088910,1
310,128,12.401955,5.141670,1
310,132,12.435637,5.316949,3
310,133,12.421387,5.341148,85
310,134,12.407912,5.365310,12
310,135,12.420870,5.422244,6
310,155,12.435749,6.235204,19
310,156,12.418086,6.256195,102
310,157,12.402150,6.283132,1
310,248,12.429048,9.952877,3
310,249,12.420012,9.981638,4
310,250,12.426325,10.030737,25
310,251,12.420595,10.060209,67
310,252,12.415856,10.093416,29
310,258,12.421874,10.344828,4
310,259,12.422759,10.385357,46
310,260,12.417574,10.417379,63
310,261,12.400923,10.442187,3
310,341,12.424508,13.671166,2
310,342,12.430230,13.715813,12
310,343,12.417041,13.738794,70
311,-361,12.467182,-14.404393,1
311,-360,12.461477,-14.371335,6
311,-359,12.460497,-14.343844,10
311,-358,12.461326,-14.295437,30
311,-357,12.459297,-14.261544,47
311,-356,12.455104,-14.235201,4
311,-147,12.462915,-5.856062,33
311,-146,12.459402,-5.824394,30
311,-145,12.453053,-5.792321,8
311,-84,12.447480,-3.325641,2
311,-83,12.458888,-3.299525,80
311,-82,12.463715,-3.275780,18
311,-8,12.458630,-0.295128,69
311,-7,12.468621,-0.275873,14
311,3,12.454746,0.135635,1
311,5,12.453566,0.233345,15
311,6,12.460493,0.256380,55
311,7,12.471918,0.294184,4
311,8,12.471090,0.355524,1
311,126,12.452578,5.057682,1
311,127,12.446783,5.109278,1
311,132,12.464107,5.307949,59
311,133,12.454509,5.329894,38
311,134,12.470751,5.394835,2
311,135,12.455147,5.406645,3
311,154,12.475345,6.198492,3
311,155,12.460286,6.218838,112
311,156,12.443817,6.244872,4
311,248,12.459247,9.932193,4
311,249,12.468471,9.986988,12
311,250,12.461296,10.021339,61
311,251,12.458663,10.056253,48
311,252,12.444714,10.083281,2
311,257,12.454910,10.312023,3
311,258,12.465865,10.348455,29
311,259,12.459685,10.379486,76
311,260,12.447969,10.406493,16
311,341,12.462799,13.662834,5
311,342,12.462717,13.707952,44
311,343,12.454871,13.730395,34
312,-361,12.499633,-14.415458,3
312,-360,12.505139,-14.372803,9
312,-359,12.501817,-14.335283,12
312,-358,12.500710,-14.297839,44
312,-357,12.497672,-14.264473,31
312,-148,12.513455,-5.880502,1
312,-147,12.501011,-5.859049,43
312,-146,12.499617,-5.819571,21
312,-145,12.495031,-5.796582,5
312,-83,12.500173,-3.295252,63
312,-82,12.499391,-3.271230,32
312,-79,12.483400,-3.127415,1
312,-8,12.494119,-0.286008,30
312,-7,12.503426,-0.270035,49
312,3,12.512431,0.159701,1
312,6,12.496343,0.266014,41
312,7,12.505635,0.289173,30
312,9,12.493347,0.365599,1
312,125,12.493482,5.026097,1
312,126,12.489840,5.076529,1
312,131,12.509524,5.271455,25
312,132,12.497348,5.294863,71
312,133,12.491605,5.321946,1
312,134,12.500345,5.382595,6
312,153,12.517868,6.155027,2
312,154,12.501194,6.182576,114
312,155,12.485898,6.205643,12
312,247,12.500294,9.906788,6
312,248,12.504992,9.948760,5
312,249,12.502519,9.985219,50
312,250,12.498107,10.019707,58
312,251,12.491074,10.047856,9
312,256,12.500961,10.276375,1
312,257,12.506124,10.309298,19
312,258,12.499848,10.341233,63
312,259,12.493708,10.370949,32
312,340,12.485518,13.634139,1
312,341,12.515673,13.663552,3
312,342,12.500207,13.699770,77
312,343,12.484754,13.723162,7
313,-361,12.546889,-14.420640,3
313,-360,12.540932,-14.379766,10
313,-359,12.541709,-14.332341,24
313,-358,12.540055,-14.296815,40
313,-357,12.537751,-14.271350,22
313,-148,12.541832,-5.884826,15
313,-147,12.540445,-5.862336,40
313,-146,12.539877,-5.819679,17
313,-83,12.538262,-3.291123,46
313,-82,12.541311,-3.267164,53
313,-7,12.540043,-0.258814,83
313,4,12.532248,0.175595,1
313,6,12.532391,0.273514,11
313,7,12.539924,0.301889,56
313,8,12.545463,0.327631,8
313,9,12.543099,0.393840,2
313,124,12.534855,4.994150,1
313,126,12.533423,5.043384,1
313,130,12.554890,5.235872,5
313,131,12.541271,5.260687,77
313,132,12.529792,5.285217,13
313,133,12.546582,5.350931,4
313,134,12.532680,5.369707,2
313,152,12.555296,6.096466,1
313,153,12.544314,6.145298,92
313,154,12.527097,6.164729,29
313,246,12.543837,9.869010,5
313,247,12.537876,9.890029,2
313,248,12.545603,9.947200,34
313,249,12.538372,9.978682,63
313,250,12.534133,10.010279,27
313,255,12.552300,10.236802,2
313,256,12.544999,10.262466,7
313,257,12.542685,10.302209,64
313,258,12.536222,10.335741,52
313,340,12.541895,13.624659,2
313,341,12.543912,13.669576,36
313,342,12.538002,13.691546,47
314,-362,12.589471,-14.446091,2
314,-361,12.582135,-14.414137,5
314,-360,12.579380,-14.381799,11
314,-359,12.581992,-14.338163,24
314,-358,12.579753,-14.301138,55
314,-357,12.576031,-14.275368,5
314,-148,12.582503,-5.891516,30
314,-147,12.579375,-5.866781,29
314,-146,12.579170,-5.827178,13
314,-83,12.577744,-3.287140,27
314,-82,12.580525,-3.263590,69
314,-7,12.577703,-0.247656,46
314,-6,12.583682,-0.231658,37
314,5,12.593354,0.201405,1
314,7,12.576110,0.303534,25
314,8,12.581370,0.335846,51
314,9,12.594814,0.373454,2
314,10,12.589945,0.420497,1
314,124,12.576711,4.961832,1
314,125,12.577536,5.009835,1
314,130,12.583786,5.226331,57
314,131,12.574521,5.249970,37
314,132,12.596021,5.313561,1
314,133,12.579263,5.332471,5
314,152,12.586590,6.107792,76
314,153,12.569259,6.126839,46
314,245,12.588217,9.829802,1
314,246,12.584164,9.850986,3
314,247,12.584604,9.909468,21
314,248,12.579549,9.940030,67
314,249,12.576031,9.976915,39
314,255,12.585964,10.225988,4
314,256,12.583193,10.265742,49
314,257,12.579169,10.299491,60
314,258,12.563650,10.323450,3
314,339,12.564218,13.599179,1
314,340,12.585821,13.618723,5
314,341,12.580675,13.662985,67
314,342,12.568916,13.685053,11
315,-362,12.622389,-14.457315,2
315,-361,12.621430,-14.411326,8
315,-360,12.623317,-14.377808,11
315,-359,12.620901,-14.336361,36
315,-358,12.618936,-14.304305,40
315,-148,12.621895,-5.897163,46
315,-147,12.617421,-5.861224,20
315,-146,12.616222,-5.832906,7
315,-83,12.608761,-3.283779,10
315,-82,12.620863,-3.260666,84
315,-81,12.629967,-3.238886,4
315,-7,12.600362,-0.240128,1
315,-6,12.619835,-0.221381,82
315,5,12.611120,0.216264,1
315,7,12.606435,0.313952,7
315,8,12.618273,0.343101,37
315,9,12.625575,0.371109,36
315,10,12.616695,0.434758,1
315,11,12.636970,0.453255,1
315,123,12.619050,4.929136,1
315,124,12.622188,4.975873,1
315,129,12.627395,5.190644,28
315,130,12.617532,5.215603,65
315,131,12.607897,5.247922,2
315,132,12.621990,5.301437,6
315,151,12.629040,6.070318,61
315,152,12.611613,6.089653,65
315,245,12.618599,9.814148,3
315,246,12.625135,9.860681,8
315,247,12.621783,9.900855,63
315,248,12.618854,9.937808,53
315,249,12.605859,9.967606,6
315,254,12.619991,10.192520,6
315,255,12.627159,10.227530,33
315,256,12.619797,10.260098,68
315,257,12.608805,10.287316,16
315,339,12.631523,13.580247,1
315,340,12.626941,13.632390,23
315,341,12.617275,13.655017,61
316,-362,12.655446,-14.468587,2
316,-361,12.661108,-14.422570,13
316,-360,12.663684,-14.375129,17
316,-359,12.659372,-14.337827,46
316,-358,12.658117,-14.309744,24
316,-149,12.662918,-5.924559,10
316,-148,12.658876,-5.902897,42
316,-147,12.659236,-5.859391,19
316,-146,12.642687,-5.834579,1
316,-83,12.648267,-3.283294,2
316,-82,12.659625,-3.257497,70
316,-81,12.662674,-3.234866,22
316,-6,12.655706,-0.207915,45
316,-5,12.665297,-0.192091,38
316,6,12.662912,0.250295,2
316,8,12.654195,0.350147,13
316,9,12.656821,0.383115,44
316,10,12.668595,0.406877,20
316,11,12.661480,0.469321,1
316,12,12.679692,0.486235,1
316,122,12.661897,4.896054,1
316,123,12.667399,4.941489,1
316,128,12.673761,5.155287,7
316,129,12.661222,5.180304,73
316,130,12.650145,5.205419,13
316,131,12.664263,5.270774,5
316,132,12.649593,5.287902,1
316,150,12.671588,6.033034,44
316,151,12.653724,6.052628,77
316,244,12.660268,9.785800,5
316,245,12.660683,9.828483,5
316,246,12.663130,9.863536,53
316,247,12.658222,9.899182,59
316,248,12.654898,9.928350,11
316,253,12.660391,10.151229,1
316,254,12.668951,10.186658,23
316,255,12.660571,10.219520,66
316,256,12.654550,10.250544,33
316,338,12.667725,13.556647,1
316,339,12.659376,13.576848,5
316,340,12.662605,13.623047,61
316,341,12.654819,13.646487,20
317,-363,12.705310,-14.485590,2
317,-362,12.690399,-14.453215,3
317,-361,12.704942,-14.423638,12
317,-360,12.700912,-14.375460,17
317,-359,12.699987,-14.339270,54
317,-358,12.690995,-14.314540,9
317,-149,12.701372,-5.931218,31
317,-148,12.697333,-5.906578,31
317,-147,12.698319,-5.864250,14
317,-82,12.698832,-3.253086,57
317,-81,12.699941,-3.229368,38
317,-6,12.680713,-0.200528,1
317,-5,12.699951,-0.180713,80
317,-4,12.718831,-0.155628,1
317,7,12.716468,0.286009,1
317,9,12.696046,0.386109,24
317,10,12.700110,0.422560,53
317,11,12.707530,0.445439,6
317,12,12.706832,0.504322,1
317,121,12.705248,4.862578,1
317,122,12.713173,4.906673,1
317,127,12.716369,5.119049,1
317,128,12.703474,5.145440,54
317,129,12.694438,5.170783,34
317,130,12.714783,5.236648,2
317,131,12.694939,5.250504,4
317,149,12.713657,5.993878,27
317,150,12.696901,6.015143,101
317,243,12.706225,9.742482,4
317,244,12.703876,9.780956,4
317,245,12.703903,9.825999,38
317,246,12.699764,9.859680,63
317,247,12.693873,9.891628,28
317,252,12.712413,10.110184,1
317,253,12.705246,10.147005,14
317,254,12.701309,10.180298,62
317,255,12.696630,10.213699,45
317,338,12.718763,13.534612,2
317,339,12.706065,13.593175,20
317,340,12.699443,13.617117,62
318,-363,12.738769,-14.496588,2
318,-362,12.742245,-14.447434,8
318,-361,12.739851,-14.423707,8
318,-360,12.740986,-14.376942,35
318,-359,12.738707,-14.342909,51
318,-358,12.722199,-14.317239,1
318,-149,12.741595,-5.938374,53
318,-148,12.741167,-5.900193,19
318,-147,12.736293,-5.868690,8
318,-82,12.739238,-3.248414,35
318,-81,12.740331,-3.226041,66
318,-77,12.751933,-3.061942,1
318,-5,12.733766,-0.167864,43
318,-4,12.744963,-0.152021,47
318,7,12.723585,0.298405,1
318,10,12.739168,0.421241,28
318,11,12.741059,0.458766,53
318,12,12.732691,0.508001,2
318,13,12.752757,0.539768,1
318,120,12.749124,4.828699,1
318,121,12.759533,4.871417,1
318,127,12.744823,5.110484,27
318,128,12.737548,5.136290,61
318,129,12.728486,5.169806,2
318,130,12.741210,5.218196,6
318,148,12.752584,5.951730,11
318,149,12.739533,5.977405,108
318,150,12.724289,6.002462,3
318,242,12.745380,9.713259,3
318,243,12.750536,9.751966,3
318,244,12.746327,9.788271,27
318,245,12.739725,9.818567,66
318,246,12.735900,9.855683,40
318,252,12.748304,10.106309,12
318,253,12.743179,10.142069,60
318,254,12.737303,10.177721,55
318,255,12.720125,10.202511,1
318,338,12.742392,13.541690,3
318,339,12.742353,13.585228,57
318,340,12.735464,13.608417,26
319,-363,12.781076,-14.504897,3
319,-362,12.782084,-14.453378,11
319,-361,12.779130,-14.415673,16
319,-360,12.781186,-14.375025,40
319,-359,12.779524,-14.349176,32
319,-150,12.784058,-5.964859,14
319,-149,12.781288,-5.945736,43
319,-148,12.779947,-5.896854,13
319,-147,12.773439,-5.875356,2
319,-82,12.776977,-3.245185,10
319,-81,12.781417,-3.220503,86
319,-4,12.779785,-0.137816,80
319,-3,12.794261,-0.117950,2
319,8,12.777867,0.334649,2
319,10,12.770150,0.433776,6
319,11,12.778245,0.463305,38
319,12,12.784196,0.493814,41
319,13,12.779352,0.543693,2
319,14,12.799278,0.575672,1
319,119,12.787184,4.794636,1
319,120,12.798783,4.836115,1
319,126,12.793284,5.074304,13
319,127,12.780499,5.099330,77
319,128,12.765614,5.125614,10
319,129,12.782453,5.188373,5
319,130,12.772548,5.201452,1
319,147,12.792603,5.910949,3
319,148,12.780665,5.941214,119
319,149,12.764457,5.962272,5
319,241,12.779332,9.675524,1
319,242,12.777392,9.698341,4
319,243,12.786750,9.745804,16
319,244,12.781067,9.778324,64
319,245,12.778016,9.817558,48
319,246,12.763392,9.845616,4
319,251,12.785952,10.066007,8
319,252,12.785366,10.104547,45
319,253,12.778643,10.138845,56
319,254,12.766880,10.164614,7
319,337,12.778118,13.503859,2
319,338,12.783629,13.552533,16
319,339,12.778888,13.577339,65
320,-363,12.823550,-14.512232,2
320,-362,12.819242,-14.458597,12
320,-361,12.823332,-14.415484,15
320,-360,12.819752,-14.378515,56
320,-359,12.815910,-14.353882,14
320,-150,12.821481,-5.973190,43
320,-149,12.818873,-5.948748,17
320,-148,12.817067,-5.904928,15
320,-81,12.819155,-3.218400,74
320,-80,12.823187,-3.196170,21
320,-4,12.811355,-0.126253,25
320,-3,12.823857,-0.109187,62
320,9,12.836442,0.377634,2
320,11,12.816800,0.470033,13
320,12,12.817084,0.504370,46
320,13,12.828988,0.529940,24
320,14,12.811130,0.587694,1
320,119,12.819417,4.760464,1
320,120,12.832620,4.800762,1
320,125,12.833993,5.034961,10
320,126,12.820833,5.060991,78
320,127,12.807944,5.086374,13
320,128,12.832690,5.149555,2
320,129,12.813756,5.167543,4
320,146,12.835546,5.869173,3
320,147,12.822127,5.904305,102
320,148,12.806363,5.924189,19
320,240,12.834546,9.638773,1
320,241,12.817544,9.660227,4
320,242,12.823616,9.710310,10
320,243,12.820837,9.742021,59
320,244,12.818654,9.778902,52
320,245,12.809758,9.807462,11
320,250,12.825534,10.030109,6
320,251,12.826604,10.067011,40
320,252,12.819585,10.100006,66
320,253,12.807870,10.127671,14
320,337,12.820122,13.499528,2
320,338,12.821228,13.546056,51
320,339,12.815985,13.568441,34
321,-363,12.857623,-14.518115,2
321,-362,12.859817,-14.462863,16
321,-361,12.860431,-14.413667,22
321,-360,12.859074,-14.380276,59
321,-359,12.857080,-14.353349,4
321,-151,12.873261,-6.003842,4
321,-150,12.859591,-5.984313,54
321,-149,12.860741,-5.937711,15
321,-148,12.855890,-5.911802,6
321,-81,12.857579,-3.212833,54
321,-80,12.862285,-3.189987,43
321,-3,12.858603,-0.093656,75
321,-2,12.871503,-0.075818,14
321,12,12.856881,0.505248,18
321,13,12.858169,0.542947,51
321,14,12.871304,0.567210,17
321,15,12.851239,0.617213,2
321,119,12.866774,4.765077,1
321,124,12.875194,4.995203,4
321,125,12.862667,5.021872,73
321,126,12.849450,5.049050,20
321,127,12.877146,5.118747,1
321,128,12.856520,5.142162,7
321,145,12.873178,5.835623,3
321,146,12.864573,5.867291,85
321,147,12.848452,5.886195,37
321,240,12.862547,9.622372,3
321,241,12.871259,9.670408,9
321,242,12.860534,9.703195,53
321,243,12.859061,9.739691,61
321,244,12.849830,9.769523,15
321,249,12.867382,9.990633,3
321,250,12.865211,10.027094,26
321,251,12.861627,10.058956,63
321,252,12.852225,10.089152,24
321,336,12.867198,13.460070,2
321,337,12.865685,13.510981,19
321,338,12.858122,13.539120,64
322,-364,12.900339,-14.525491,3
322,-363,12.908469,-14.482005,4
322,-362,12.898554,-14.465188,11
322,-361,12.901667,-14.415614,36
322,-360,12.898165,-14.384157,45
322,-359,12.902370,-14.357962,3
322,-151,12.903334,-6.010241,37
322,-150,12.897261,-5.986185,28
322,-149,12.899775,-5.939269,13
322,-148,12.890288,-5.918183,1
322,-81,12.896600,-3.207021,32
322,-80,12.901151,-3.184302,63
322,-3,12.887039,-0.084039,9
322,-2,12.901084,-0.064971,79
322,10,12.895770,0.421172,2
322,12,12.882936,0.517335,3
322,13,12.897471,0.540735,24
322,14,12.899945,0.583047,53
322,15,12.911856,0.605394,7
322,16,12.897873,0.653207,2
322,115,12.909362,4.615670,1
322,118,12.901255,4.729053,1
322,123,12.915702,4.955633,3
322,124,12.902879,4.983124,69
322,125,12.891891,5.009515,24
322,127,12.902232,5.104391,6
322,128,12.885451,5.127573,3
322,144,12.919456,5.773663,1
322,145,12.907892,5.827330,74
322,146,12.890910,5.848830,56
322,239,12.903447,9.587069,3
322,240,12.905626,9.628116,7
322,241,12.903050,9.665899,46
322,242,12.898614,9.700232,58
322,243,12.893061,9.730681,25
322,248,12.905670,9.955973,2
322,249,12.904388,9.986189,16
322,250,12.901479,10.020342,72
322,251,12.894580,10.052863,32
322,336,12.909127,13.458972,3
322,337,12.902533,13.505965,46
322,338,12.897456,13.529027,38
323,-364,12.943192,-14.532890,2
323,-363,12.941577,-14.487304,7
323,-362,12.943355,-14.459157,11
323,-361,12.940409,-14.416322,49
323,-360,12.939697,-14.381107,34
323,-152,12.955704,-6.040696,1
323,-151,12.939325,-6.021156,53
323,-150,12.943110,-5.981302,13
323,-149,12.936502,-5.948061,11
323,-81,12.934306,-3.204235,8
323,-80,12.939476,-3.181088,85
323,-79,12.950625,-3.158568,5
323,-2,12.933694,-0.049619,52
323,-1,12.948441,-0.032170,36
323,11,12.955872,0.465277,2
323,13,12.929761,0.553262,8
323,14,12.940638,0.578650,22
323,15,12.939549,0.621238,59
323,16,12.953929,0.647212,6
323,17,12.945119,0.689676,2
323,114,12.945356,4.577016,1
323,117,12.936066,4.692684,1
323,122,12.957380,4.915802,3
323,123,12.943681,4.943714,60
323,124,12.931575,4.970215,30
323,126,12.944508,5.063939,7
323,127,12.929014,5.092932,4
323,143,12.954081,5.759445,1
323,144,12.948678,5.790395,50
323,145,12.934671,5.810944,70
323,238,12.947616,9.546181,4
323,239,12.944357,9.587085,4
323,240,12.945250,9.627523,38
323,241,12.937624,9.659831,59
323,242,12.934830,9.694238,35
323,247,12.949010,9.919905,1
323,248,12.948052,9.945985,14
323,249,12.940563,9.981552,59
323,250,12.935859,10.015076,49
323,335,12.951924,13.423575,3
323,336,12.949863,13.474148,12
323,337,12.937775,13.499540,68
323,338,12.920287,13.522822,1
324,-364,12.977589,-14.538830,2
324,-363,12.983389,-14.491572,9
324,-362,12.983413,-14.457189,13
324,-361,12.979445,-14.420357,46
324,-360,12.980848,-14.385304,31
324,-152,12.985362,-6.047570,36
324,-151,12.974796,-6.026623,34
324,-150,12.982013,-5.974616,12
324,-149,12.974777,-5.953495,3
324,-80,12.978237,-3.175042,70
324,-79,12.983018,-3.153058,25
324,-1,12.978974,-0.017644,84
324,0,12.995384,0.004083,7
324,14,12.972616,0.587284,12
324,15,12.983095,0.617389,20
324,16,12.978375,0.660772,53
324,17,12.994480,0.685792,11
324,18,12.987805,0.726223,2
324,113,12.981712,4.537967,1
324,116,12.971210,4.655965,1
324,121,12.997167,4.875757,1
324,122,12.985118,4.904758,54
324,123,12.971565,4.932125,37
324,124,12.960039,4.965104,1
324,125,12.982222,5.025115,5
324,126,12.974760,5.052768,4
324,143,12.988841,5.749992,34
324,144,12.976070,5.774155,91
324,237,12.987492,9.506509,2
324,238,12.991419,9.546732,3
324,239,12.987299,9.585196,31
324,240,12.979510,9.618081,66
324,241,12.975456,9.655710,44
324,242,12.961529,9.680271,1
324,247,12.985209,9.904300,8
324,248,12.982549,9.942440,53
324,249,12.978505,9.976045,63
324,250,12.960797,10.003583,1
324,335,12.985597,13.420819,3
324,336,12.980940,13.464932,51
324,337,12.976167,13.490574,33
325,-364,13.020740,-14.546281,3
325,-363,13.021869,-14.495264,12
325,-362,13.021679,-14.450232,23
325,-361,13.020706,-14.417839,38
325,-360,13.018324,-14.388421,27
325,-153,13.039297,-6.080444,1
325,-152,13.021341,-6.060958,55
325,-151,13.016789,-6.020254,10
325,-150,13.019736,-5.986058,12
325,-80,13.016072,-3.170046,43
325,-79,13.022116,-3.148789,56
325,-1,13.007050,-0.004034,18
325,0,13.023353,0.014421,77
325,12,13.009386,0.509605,2
325,15,13.012044,0.627967,14
325,16,13.022769,0.655910,19
325,17,13.019205,0.702035,55
325,18,13.031852,0.724143,11
325,19,13.022001,0.762459,2
325,112,13.018448,4.498516,1
325,115,13.006700,4.618888,1
325,120,13.036577,4.838000,1
325,121,13.025021,4.865739,50
325,122,13.013501,4.892866,42
325,123,13.002304,4.927741,1
325,124,13.025013,4.981675,4
325,125,13.011441,5.010787,6
325,142,13.030129,5.711007,23
325,143,13.017075,5.737903,102
325,144,13.000618,5.762591,1
325,237,13.020569,9.499012,3
325,238,13.024618,9.547652,16
325,239,13.020469,9.579672,66
325,240,13.017736,9.617105,46
325,241,13.003071,9.644539,4
325,246,13.027613,9.866820,6
325,247,13.022709,9.905087,44
325,248,13.018716,9.938331,62
325,249,13.004837,9.966625,4
325,334,13.023612,13.380773,1
325,335,13.030654,13.431873,12
325,336,13.019007,13.458924,68
325,337,13.003653,13.481321,5
326,-364,13.064056,-14.553760,2
326,-363,13.058668,-14.501396,10
326,-362,13.060151,-14.453024,23
326,-361,13.061420,-14.418278,42
326,-360,13.059262,-14.391888,25
326,-153,13.065020,-6.087748,33
326,-152,13.056356,-6.068934,30
326,-151,13.058217,-6.020625,15
326,-150,13.053787,-5.992884,4
326,-80,13.052225,-3.165084,15
326,-79,13.061176,-3.141765,81
326,0,13.052095,0.030704,49
326,1,13.067827,0.048517,42
326,13,13.053279,0.553915,2
326,16,13.052898,0.668030,13
326,17,13.064137,0.697661,19
326,18,13.057625,0.743842,52
326,19,13.069589,0.770199,13
326,111,13.055566,4.458655,1
326,113,13.078727,4.543633,1
326,114,13.042533,4.581446,1
326,119,13.077903,4.798406,1
326,120,13.065186,4.826086,42
326,121,13.055344,4.853325,46
326,122,13.049627,4.885905,2
326,123,13.067290,4.945644,7
326,124,13.050801,4.976414,5
326,141,13.068635,5.672137,21
326,142,13.059990,5.699913,101
326,143,13.043541,5.723515,10
326,235,13.076151,9.428287,1
326,236,13.052328,9.461321,3
326,237,13.066283,9.501834,15
326,238,13.059123,9.540046,70
326,239,13.058134,9.578130,52
326,240,13.047326,9.605934,6
326,245,13.069226,9.826804,4
326,246,13.065555,9.866487,37
326,247,13.059119,9.899378,70
326,248,13.047583,9.927792,13
326,334,13.060816,13.379873,5
326,335,13.062501,13.425233,50
326,336,13.055593,13.449475,31
327,-365,13.107562,-14.561273,1
327,-364,13.090135,-14.558263,1
327,-363,13.099777,-14.505627,17
327,-362,13.100966,-14.457050,25
327,-361,13.101484,-14.419826,49
327,-360,13.099428,-14.394737,13
327,-154,13.114838,-6.121302,3
327,-153,13.100313,-6.101327,61
327,-152,13.099840,-6.057282,10
327,-151,13.097689,-6.023502,11
327,-80,13.086257,-3.162117,2
327,-79,13.098692,-3.137455,78
327,-78,13.106711,-3.114814,20
327,1,13.097493,0.065407,79
327,2,13.112591,0.084405,14
327,14,13.100334,0.596848,1
327,15,13.094852,0.600456,1
327,17,13.091728,0.705399,11
327,18,13.102989,0.737296,22
327,19,13.096192,0.784343,55
327,20,13.112702,0.810869,22
327,109,13.115170,4.379787,1
327,110,13.088807,4.418928,1
327,112,13.111093,4.505827,1
327,118,13.109360,4.751224,2
327,119,13.106541,4.787295,41
327,120,13.095542,4.815512,51
327,121,13.084389,4.850882,1
327,122,13.105757,4.909923,6
327,123,13.094884,4.934283,3
327,140,13.111587,5.632572,10
327,141,13.101209,5.662149,102
327,142,13.086794,5.686773,16
327,235,13.104463,9.411778,2
327,236,13.106614,9.466558,11
327,237,13.103281,9.502852,62
327,238,13.098210,9.538991,58
327,239,13.087195,9.567327,13
327,244,13.109220,9.791059,2
327,245,13.107129,9.825974,24
327,246,13.099855,9.859617,69
327,247,13.092614,9.887892,22
327,333,13.101937,13.339351,1
327,334,13.111090,13.391044,14
327,335,13.098334,13.418414,67
327,336,13.080971,13.441087,3
328,-365,13.133766,-14.565797,2
328,-364,13.146851,-14.521636,2
328,-363,13.141535,-14.507615,12
328,-362,13.142679,-14.457667,26
328,-361,13.140330,-14.421109,55
328,-360,13.139919,-14.395396,5
328,-154,13.143758,-6.129584,45
328,-153,13.135439,-6.108704,22
328,-152,13.137407,-6.059595,12
328,-151,13.135516,-6.030906,5
328,-79,13.136709,-3.130467,49
328,-78,13.143246,-3.110232,47
328,1,13.123995,0.077881,4
328,2,13.140521,0.099028,92
328,3,13.158367,0.122434,2
328,16,13.142344,0.643825,2
328,18,13.131238,0.744736,9
328,19,13.143332,0.776229,21
328,20,13.135249,0.825407,47
328,21,13.150444,0.849918,26
328,22,13.158650,0.909217,1
328,108,13.141735,4.340341,1
328,111,13.137113,4.468321,1
328,117,13.154428,4.711101,4
328,118,13.145908,4.743178,60
328,119,13.132030,4.773612,47
328,120,13.120714,4.806856,1
328,121,13.148070,4.868170,5
328,122,13.133838,4.894197,7
328,139,13.151020,5.591297,6
328,140,13.143119,5.623462,92
328,141,13.128880,5.647700,30
328,234,13.135492,9.384036,2
328,235,13.142530,9.424436,7
328,236,13.143455,9.464171,49
328,237,13.138745,9.499422,63
328,238,13.129360,9.530656,14
328,243,13.159804,9.750379,1
328,244,13.148521,9.786424,18
328,245,13.141982,9.820242,69
328,246,13.134510,9.850742,36
328,332,13.157053,13.313621,1
328,333,13.156371,13.328326,3
328,334,13.142548,13.384440,53
328,335,13.135479,13.409240,34
329,-365,13.177608,-14.573367,3
329,-364,13.179175,-14.523003,6
329,-363,13.181748,-14.500872,11
329,-362,13.181731,-14.456878,29
329,-361,13.180288,-14.421808,52
329,-360,13.168673,-14.397737,2
329,-155,13.193917,-6.163048,6
329,-154,13.179417,-6.144949,60
329,-153,13.182280,-6.099899,10
329,-152,13.176452,-6.062314,13
329,-79,13.171925,-3.125632,16
329,-78,13.180878,-3.103665,81
329,2,13.166633,0.113928,22
329,3,13.183663,0.133023,76
329,17,13.187533,0.689442,2
329,19,13.171579,0.787380,10
329,20,13.180986,0.818079,21
329,21,13.174391,0.866091,43
329,22,13.188688,0.889460,28
329,23,13.193735,0.946400,1
329,106,13.195495,4.260517,1
329,107,13.168510,4.300586,1
329,109,13.189728,4.392470,1
329,110,13.163320,4.430537,1
329,116,13.191844,4.669319,10
329,117,13.181538,4.701440,70
329,118,13.168613,4.731503,26
329,120,13.186954,4.829583,4
329,121,13.173829,4.857087,9
329,138,13.191126,5.542933,3
329,139,13.184028,5.584770,82
329,140,13.172249,5.610179,44
329,232,13.199462,9.317014,1
329,233,13.182561,9.342086,2
329,234,13.186465,9.383932,7
329,235,13.183784,9.425904,46
329,236,13.178984,9.459488,70
329,237,13.171565,9.491547,24
329,242,13.199298,9.718616,1
329,243,13.188649,9.747952,11
329,244,13.182763,9.782280,61
329,245,13.176650,9.813657,43
329,332,13.179761,13.297374,1
329,333,13.184031,13.350740,22
329,334,13.178773,13.378921,62
330,-365,13.221585,-14.579953,2
330,-364,13.221626,-14.527301,6
330,-363,13.220160,-14.505705,13
330,-362,13.221272,-14.456482,39
330,-361,13.219864,-14.423331,45
330,-155,13.222134,-6.173068,55
330,-154,13.214694,-6.144749,16
330,-153,13.221190,-6.096149,11
330,-152,13.217667,-6.072218,4
330,-79,13.210566,-3.122046,3
330,-78,13.218723,-3.096025,82
330,-77,13.229256,-3.075798,16
330,3,13.211333,0.151566,44
330,4,13.227817,0.170131,50
330,18,13.228419,0.735315,1
330,20,13.209888,0.827528,11
330,21,13.222632,0.860211,21
330,22,13.209978,0.905695,37
330,23,13.227260,0.933252,48
330,24,13.234400,0.987547,2
330,105,13.222699,4.220128,1
330,108,13.216333,4.354116,1
330,114,13.239132,4.589033,1
330,115,13.229287,4.625346,24
330,116,13.218750,4.658598,68
330,117,13.205142,4.688027,14
330,119,13.223861,4.788838,4
330,120,13.214402,4.817532,9
330,137,13.233933,5.512596,4
330,138,13.225068,5.546515,68
330,139,13.214313,5.572902,61
330,232,13.229715,9.299800,2
330,233,13.230229,9.348607,4
330,234,13.226354,9.386086,34
330,235,13.219747,9.418862,68
330,236,13.214034,9.451239,31
330,242,13.230395,9.707975,8
330,243,13.222908,9.742845,51
330,244,13.218551,9.774814,58
330,245,13.201182,9.801437,2
330,332,13.231055,13.296077,2
330,333,13.221892,13.342870,57
330,334,13.215590,13.367922,27
331,-365,13.256600,-14.580809,2
331,-364,13.264007,-14.529501,7
331,-363,13.261055,-14.502770,13
331,-362,13.261581,-14.456534,45
331,-361,13.259341,-14.425782,38
331,-156,13.270635,-6.205655,21
331,-155,13.256103,-6.187940,48
331,-154,13.259749,-6.138253,10
331,-153,13.259400,-6.102360,10
331,-152,13.241622,-6.070403,1
331,-78,13.257544,-3.090803,45
331,-77,13.263213,-3.069573,48
331,4,13.254928,0.188006,69
331,5,13.271476,0.207517,30
331,19,13.273833,0.781169,1
331,21,13.251078,0.868166,9
331,22,13.260317,0.899119,19
331,23,13.251448,0.949384,23
331,24,13.262937,0.977254,57
331,25,13.275233,1.009481,11
331,103,13.277764,4.138368,1
331,104,13.250120,4.179413,1
331,106,13.270159,4.276525,1
331,107,13.243142,4.315469,1
331,113,13.271779,4.550458,3
331,114,13.267660,4.585315,44
331,115,13.253905,4.617587,56
331,116,13.247810,4.647531,3
331,117,13.277704,4.713805,1
331,118,13.262702,4.742386,5
331,119,13.252856,4.778587,9
331,136,13.275500,5.472179,3
331,137,13.266024,5.506711,50
331,138,13.256928,5.534285,75
331,231,13.262253,9.260350,1
331,232,13.267045,9.308877,5
331,233,13.266959,9.348683,25
331,234,13.259850,9.380350,72
331,235,13.255451,9.414175,41
331,241,13.270274,9.662357,3
331,242,13.265355,9.703721,44
331,243,13.257974,9.737268,65
331,244,13.245594,9.763572,5
331,331,13.254291,13.265571,4
331,332,13.265042,13.309623,31
331,333,13.257004,13.338137,54
332,-365,13.300417,-14.581396,3
332,-364,13.301067,-14.529655,6
332,-363,13.299790,-14.505202,10
332,-362,13.300145,-14.458927,50
332,-361,13.300367,-14.428668,33
332,-288,13.299338,-11.503726,3
332,-287,13.300850,-11.451757,5
332,-286,13.308126,-11.416214,12
332,-285,13.314424,-11.383679,5
332,-156,13.301072,-6.221361,65
332,-155,13.302494,-6.183545,12
332,-154,13.298431,-6.136298,12
332,-153,13.296878,-6.111604,3
332,-78,13.294103,-3.085772,15
332,-77,13.301669,-3.062666,88
332,5,13.296839,0.224109,87
332,6,13.314086,0.244966,18
332,20,13.318294,0.827372,1
332,22,13.290454,0.907952,10
332,23,13.300969,0.940284,19
332,24,13.298371,0.983785,12
332,25,13.295759,1.020710,55
332,26,13.311484,1.051872,33
332,29,13.289035,1.176657,1
332,30,13.308439,1.213854,2
332,102,13.305636,4.096986,1
332,105,13.297379,4.237280,1
332,112,13.312576,4.509711,10
332,113,13.303554,4.543027,56
332,114,13.291836,4.573271,37
332,115,13.285239,4.607448,2
332,116,13.310168,4.671161,2
332,117,13.302963,4.702321,7
332,118,13.290646,4.737964,7
332,135,13.310342,5.435038,2
332,136,13.306911,5.467544,40
332,137,13.297694,5.496768,83
332,138,13.284034,5.521349,5
332,230,13.293946,9.231752,1
332,231,13.308385,9.267612,4
332,232,13.304301,9.308255,16
332,233,13.301651,9.340886,74
332,234,13.295739,9.375741,50
332,240,13.312367,9.628917,2
332,241,13.305052,9.665379,32
332,242,13.299261,9.698545,69
332,243,13.288045,9.726567,13
332,331,13.307247,13.269593,5
332,332,13.302709,13.301550,59
332,333,13.290930,13.326566,18
333,-365,13.344321,-14.581984,2
333,-364,13.337696,-14.531013,7
333,-363,13.338450,-14.504116,13
333,-362,13.339793,-14.460111,53
333,-361,13.339101,-14.428860,28
333,-289,13.353374,-11.530814,2
333,-288,13.355552,-11.495158,6
333,-287,13.347079,-11.453861,10
333,-286,13.350543,-11.414663,38
333,-285,13.347457,-11.379907,83
333,-284,13.350193,-11.343245,78
333,-283,13.354158,-11.307454,14
333,-157,13.344174,-6.250789,51
333,-156,13.333099,-6.228646,23
333,-155,13.341037,-6.176195,8
333,-154,13.337236,-6.146484,9
333,-78,13.322140,-3.083912,1
333,-77,13.339861,-3.055668,73
333,-76,13.344827,-3.035159,21
333,5,13.322378,0.238752,3
333,6,13.339123,0.261539,89
333,7,13.354615,0.283874,7
333,21,13.351110,0.873003,1
333,23,13.327206,0.950241,6
333,24,13.338240,0.982515,18
333,25,13.347378,1.017703,12
333,26,13.331578,1.066770,37
333,27,13.345543,1.098188,52
333,28,13.354641,1.124789,4
333,31,13.334033,1.267877,3
333,32,13.350441,1.301379,2
333,100,13.354213,4.014558,1
333,101,13.333736,4.055262,1
333,103,13.352471,4.157863,1
333,104,13.324820,4.197727,1
333,110,13.356509,4.430384,1
333,111,13.348487,4.466674,20
333,112,13.341793,4.500485,62
333,113,13.328656,4.531625,23
333,115,13.348985,4.627040,3
333,116,13.338220,4.660208,9
333,117,13.327873,4.690199,3
333,134,13.359840,5.395675,1
333,135,13.347205,5.427570,31
333,136,13.338860,5.458271,89
333,137,13.328292,5.483372,10
333,229,13.358095,9.185024,2
333,230,13.332543,9.221403,3
333,231,13.346465,9.260626,10
333,232,13.341868,9.302069,68
333,233,13.337202,9.336476,56
333,234,13.323862,9.363577,3
333,239,13.349479,9.597836,1
333,240,13.346604,9.628280,28
333,241,13.339589,9.660912,67
333,242,13.330136,9.689252,23
333,330,13.341624,13.219794,4
333,331,13.342027,13.269947,35
333,332,13.337872,13.294850,52
334,-365,13.379521,-14.582455,2
334,-364,13.380262,-14.531709,8
334,-363,13.383254,-14.501154,15
334,-362,13.379376,-14.462527,56
334,-361,13.379942,-14.428022,31
334,-290,13.374998,-11.563560,2
334,-289,13.375252,-11.536153,6
334,-288,13.382337,-11.490844,36
334,-287,13.379285,-11.459317,120
334,-286,13.372138,-11.421906,107
334,-285,13.375015,-11.380859,70
334,-284,13.377689,-11.336483,73
334,-283,13.376474,-11.299789,95
334,-282,13.388517,-11.266376,47
334,-281,13.395857,-11.239973,1
334,-158,13.392639,-6.285417,19
334,-157,13.376840,-6.267494,57
334,-156,13.378740,-6.220866,8
334,-155,13.378205,-6.182796,11
334,-154,13.371351,-6.150844,2
334,-77,13.376348,-3.048566,40
334,-76,13.383017,-3.028657,60
334,6,13.362950,0.276903,5
334,7,13.380289,0.299411,94
334,8,13.397874,0.322648,5
334,22,13.384171,0.918976,1
334,24,13.361740,0.996204,2
334,25,13.374687,1.023676,13
334,26,13.384795,1.055539,17
334,27,13.378426,1.098422,13
334,28,13.375879,1.139247,63
334,29,13.392602,1.169392,25
334,31,13.398326,1.254115,1
334,33,13.370399,1.338988,4
334,34,13.390355,1.376595,2
334,98,13.392184,3.932972,1
334,99,13.373138,3.973891,1
334,101,13.394567,4.079129,1
334,102,13.375669,4.118318,1
334,109,13.389967,4.392135,3
334,110,13.386891,4.425355,31
334,111,13.378912,4.458055,60
334,112,13.366682,4.487719,11
334,113,13.397462,4.556498,1
334,114,13.384930,4.585982,6
334,115,13.375231,4.617832,9
334,116,13.361523,4.648369,1
334,134,13.389141,5.387838,24
334,135,13.380206,5.419947,89
334,136,13.368427,5.447479,20
334,228,13.390238,9.144861,1
334,229,13.391167,9.166883,1
334,230,13.384090,9.223249,9
334,231,13.383244,9.263865,57
334,232,13.377379,9.297061,69
334,233,13.366454,9.326251,6
334,239,13.384541,9.588292,14
334,240,13.382456,9.620978,70
334,241,13.373815,9.651616,33
334,330,13.388342,13.230517,13
334,331,13.379643,13.260797,66
334,332,13.366700,13.284421,8
335,-365,13.414792,-14.582928,2
335,-364,13.420196,-14.530202,8
335,-363,13.420911,-14.493139,17
335,-362,13.421015,-14.462746,50
335,-361,13.419974,-14.427887,27
335,-289,13.431163,-11.527339,23
335,-288,13.416547,-11.501434,90
335,-287,13.403323,-11.478258,3
335,-286,13.403110,-11.404127,3
335,-285,13.415730,-11.373893,22
335,-284,13.422925,-11.340602,27
335,-283,13.417455,-11.297704,53
335,-282,13.417685,-11.257723,75
335,-281,13.424817,-11.224723,56
335,-280,13.435303,-11.194058,5
335,-159,13.437775,-6.320959,1
335,-158,13.420249,-6.301864,72
335,-157,13.426275,-6.257308,7
335,-156,13.417516,-6.217404,9
335,-155,13.414373,-6.183944,7
335,-77,13.417749,-3.045112,7
335,-76,13.421218,-3.020412,92
335,7,13.403133,0.315913,10
335,8,13.421559,0.338460,95
335,9,13.438218,0.362062,3
335,24,13.417491,0.965298,1
335,26,13.411225,1.068426,6
335,27,13.420679,1.098271,17
335,28,13.424653,1.135706,12
335,29,13.410194,1.186494,41
335,30,13.427007,1.217306,55
335,31,13.428334,1.249851,1
335,32,13.418491,1.290876,1
335,33,13.438656,1.327638,1
335,34,13.405284,1.399507,1
335,35,13.411597,1.419292,3
335,36,13.427640,1.453102,2
335,37,13.433823,1.484652,1
335,96,13.430627,3.850371,1
335,97,13.411345,3.891801,1
335,100,13.423137,4.019885,2
335,107,13.434891,4.316915,1
335,108,13.431771,4.347071,18
335,109,13.423825,4.380666,68
335,110,13.409736,4.416551,45
335,111,13.403319,4.446823,1
335,112,13.433910,4.508622,1
335,113,13.423449,4.541731,9
335,114,13.410765,4.575224,5
335,133,13.426745,5.350487,21
335,134,13.420621,5.382231,84
335,135,13.411647,5.409239,26
335,227,13.422751,9.115521,1
335,228,13.424293,9.137542,1
335,229,13.423351,9.185573,10
335,230,13.425596,9.226104,48
335,231,13.418173,9.258580,75
335,232,13.408312,9.287802,10
335,238,13.422942,9.548954,9
335,239,13.420596,9.582456,61
335,240,13.416478,9.613261,44
335,329,13.418156,13.170187,2
335,330,13.422933,13.225436,48
335,331,13.417478,13.251683,41
336,-365,13.458996,-14.583521,3
336,-364,13.461075,-14.528558,11
336,-363,13.460166,-14.492679,21
336,-362,13.459891,-14.460993,41
336,-361,13.460728,-14.427357,33
336,-289,13.457791,-11.541401,48
336,-288,13.458226,-11.506033,29
336,-284,13.455621,-11.336326,18
336,-283,13.462739,-11.300746,27
336,-282,13.454672,-11.257017,44
336,-281,13.457763,-11.218899,73
336,-280,13.464081,-11.183485,65
336,-279,13.472325,-11.152724,10
336,-159,13.462896,-6.333712,62
336,-158,13.452689,-6.307624,15
336,-157,13.461706,-6.259311,10
336,-156,13.454881,-6.222750,13
336,-76,13.459603,-3.013318,61
336,-75,13.461880,-2.993021,34
336,8,13.444061,0.355472,15
336,9,13.461491,0.377960,92
336,10,13.478510,0.400872,2
336,25,13.451061,1.011974,1
336,27,13.446149,1.114931,2
336,28,13.455363,1.143381,18
336,29,13.464860,1.182360,14
336,30,13.448774,1.230396,18
336,31,13.456596,1.260388,62
336,32,13.473298,1.291836,33
336,34,13.458824,1.364404,1
336,35,13.478465,1.401451,1
336,36,13.443969,1.473669,1
336,37,13.450147,1.505205,2
336,38,13.464669,1.538737,3
336,94,13.469557,3.766722,1
336,95,13.450029,3.808679,1
336,99,13.451935,3.960171,1
336,106,13.473525,4.267189,13
336,107,13.465320,4.302253,59
336,108,13.452619,4.337857,55
336,109,13.448214,4.371497,9
336,111,13.470407,4.465278,4
336,112,13.457773,4.500641,9
336,113,13.447886,4.530303,3
336,132,13.470419,5.310206,15
336,133,13.461458,5.341914,78
336,134,13.452467,5.371753,41
336,227,13.455480,9.085989,1
336,228,13.465683,9.139782,6
336,229,13.467193,9.185503,39
336,230,13.459120,9.218627,76
336,231,13.450450,9.247758,18
336,237,13.470415,9.506996,5
336,238,13.461748,9.543828,54
336,239,13.457009,9.575282,57
336,240,13.441840,9.600999,1
336,328,13.469895,13.149262,3
336,329,13.466959,13.189701,21
336,330,13.459239,13.218682,62
336,331,13.443732,13.242046,4
337,-365,13.503323,-14.584114,2
337,-364,13.499318,-14.530211,9
337,-363,13.499725,-14.490607,18
337,-362,13.500575,-14.461470,45
337,-361,13.501826,-14.427925,33
337,-290,13.505322,-11.562017,10
337,-289,13.497371,-11.539643,31
337,-288,13.499727,-11.512300,22
337,-283,13.496210,-11.298184,12
337,-282,13.498484,-11.262082,25
337,-281,13.494575,-11.216092,40
337,-280,13.499244,-11.178862,70
337,-279,13.501944,-11.141418,71
337,-278,13.510084,-11.109223,14
337,-160,13.508820,-6.368964,43
337,-159,13.492548,-6.349967,36
337,-158,13.501899,-6.301764,10
337,-157,13.501543,-6.261531,14
337,-156,13.489389,-6.222642,1
337,-76,13.494384,-3.007089,22
337,-75,13.501448,-2.986046,75
337,9,13.483942,0.395570,13
337,10,13.501758,0.418705,93
337,11,13.518335,0.441869,3
337,26,13.484887,1.059010,1
337,29,13.489952,1.181113,10
337,30,13.500695,1.220620,21
337,31,13.503266,1.262040,8
337,32,13.490621,1.306728,36
337,33,13.502716,1.339332,61
337,34,13.513072,1.374821,21
337,35,13.519504,1.402520,1
337,36,13.492760,1.441277,1
337,39,13.483927,1.578468,1
337,40,13.497334,1.618430,2
337,41,13.510720,1.658324,1
337,42,13.519628,1.684879,1
337,92,13.508990,3.681992,1
337,93,13.489211,3.724494,1
337,103,13.515372,4.158894,2
337,104,13.512910,4.191674,7
337,105,13.507248,4.224537,43
337,106,13.495751,4.257586,58
337,107,13.488389,4.289695,19
337,108,13.492986,4.337120,3
337,109,13.515294,4.391543,2
337,110,13.504803,4.427321,7
337,111,13.495551,4.458632,6
337,112,13.484081,4.480676,2
337,131,13.508309,5.270978,13
337,132,13.501875,5.301767,71
337,133,13.494858,5.333597,52
337,226,13.488421,9.056261,1
337,227,13.506961,9.106168,5
337,228,13.507294,9.147015,22
337,229,13.499884,9.179270,79
337,230,13.492022,9.209638,27
337,236,13.511389,9.475205,4
337,237,13.504422,9.506073,47
337,238,13.497253,9.538867,66
337,239,13.485048,9.563957,4
337,327,13.516863,13.118732,1
337,328,13.494493,13.142733,2
337,329,13.503188,13.181139,57
337,330,13.496878,13.208346,23
338,-365,13.538891,-14.584591,2
338,-364,13.537796,-14.530129,11
338,-363,13.539046,-14.494088,17
338,-362,13.541581,-14.461267,44
338,-361,13.540768,-14.426848,32
338,-290,13.536241,-11.562950,9
338,-289,13.539823,-11.531097,20
338,-288,13.540374,-11.506890,17
338,-282,13.533396,-11.255869,11
338,-281,13.538339,-11.220229,21
338,-280,13.534493,-11.175619,32
338,-279,13.539209,-11.139531,68
338,-278,13.541142,-11.100583,78
338,-277,13.548270,-11.067017,23
338,-161,13.553302,-6.405342,23
338,-160,13.535635,-6.388473,55
338,-159,13.540712,-6.340735,8
338,-158,13.543553,-6.298232,11
338,-157,13.541751,-6.269281,4
338,-76,13.530642,-3.002325,3
338,-75,13.538304,-2.976771,82
338,-74,13.550267,-2.956541,14
338,10,13.524054,0.436587,11
338,11,13.541336,0.459739,98
338,12,13.557862,0.482037,4
338,30,13.525880,1.228911,4
338,31,13.537044,1.262327,18
338,32,13.543967,1.302261,11
338,33,13.533082,1.346796,9
338,34,13.532600,1.382963,44
338,35,13.543915,1.419365,55
338,36,13.552308,1.452976,21
338,42,13.528528,1.711401,1
338,43,13.537417,1.737895,1
338,44,13.550732,1.777578,2
338,88,13.554999,3.555958,1
338,89,13.543146,3.597419,1
338,90,13.528902,3.639211,1
338,101,13.557513,4.074548,1
338,102,13.549033,4.103938,4
338,103,13.548818,4.143123,38
338,104,13.538191,4.179609,59
338,105,13.529484,4.212825,27
338,106,13.533150,4.250754,4
338,107,13.547778,4.302265,4
338,108,13.542444,4.340355,7
338,109,13.540715,4.384058,7
338,110,13.530706,4.418404,5
338,130,13.551186,5.227986,11
338,131,13.542317,5.262397,69
338,132,13.536541,5.295995,59
338,133,13.520324,5.320567,1
338,224,13.554974,8.996206,1
338,225,13.521585,9.026334,1
338,226,13.546346,9.070277,5
338,227,13.546691,9.109677,20
338,228,13.539957,9.142200,82
338,229,13.533431,9.172240,39
338,235,13.554293,9.433118,1
338,236,13.546103,9.466409,31
338,237,13.538826,9.498806,64
338,238,13.527908,9.524758,11
338,327,13.556221,13.095852,2
338,328,13.543071,13.148773,37
338,329,13.538853,13.176647,52
339,-365,13.574557,-14.585069,2
339,-364,13.579290,-14.529784,11
339,-363,13.580643,-14.492451,15
339,-362,13.578961,-14.460299,42
339,-361,13.580922,-14.426803,36
339,-289,13.575150,-11.534972,22
339,-288,13.578797,-11.503108,20
339,-287,13.590427,-11.473675,5
339,-281,13.571161,-11.212895,9
339,-280,13.578524,-11.179651,18
339,-279,13.575333,-11.135133,25
339,-278,13.580443,-11.098842,63
339,-277,13.578965,-11.059901,73
339,-276,13.586813,-11.025393,35
339,-275,13.599421,-10.998509,1
339,-162,13.597441,-6.441869,6
339,-161,13.578717,-6.423901,71
339,-160,13.577670,-6.379479,10
339,-159,13.584427,-6.339517,11
339,-158,13.577131,-6.304870,8
339,-75,13.576962,-2.969558,46
339,-74,13.582722,-2.949268,53
339,11,13.562634,0.476863,8
339,12,13.579513,0.500340,102
339,13,13.596248,0.523694,10
339,31,13.561921,1.277769,2
339,32,13.573716,1.303026,11
339,33,13.580277,1.337097,18
339,34,13.587709,1.377017,12
339,35,13.574806,1.422158,9
339,36,13.571126,1.462837,45
339,37,13.582532,1.501093,61
339,38,13.594413,1.535754,23
339,45,13.564027,1.817208,1
339,46,13.577302,1.856774,2
339,47,13.590561,1.896292,1
339,48,13.599391,1.922607,1
339,85,13.590896,3.430379,1
339,86,13.578873,3.472441,1
339,87,13.566907,3.514300,1
339,100,13.592410,4.023704,6
339,101,13.588872,4.063575,29
339,102,13.580755,4.099577,64
339,103,13.571081,4.135001,36
339,104,13.571036,4.176211,6
339,105,13.585160,4.230938,4
339,106,13.581902,4.265288,6
339,107,13.583743,4.302747,10
339,108,13.573045,4.339473,5
339,109,13.561720,4.367507,2
339,129,13.591473,5.191695,10
339,130,13.583247,5.222586,63
339,131,13.577322,5.256149,64
339,132,13.563688,5.283291,3
339,225,13.581325,9.032264,2
339,226,13.588051,9.059960,11
339,227,13.581940,9.102288,78
339,228,13.574420,9.133565,50
339,235,13.586626,9.428648,24
339,236,13.579812,9.461026,75
339,237,13.567566,9.489775,23
339,327,13.584649,13.108690,11
339,328,13.579783,13.140094,58
339,329,13.571927,13.165115,14
340,-365,13.619291,-14.585668,3
340,-364,13.618713,-14.530598,10
340,-363,13.619593,-14.492649,14
340,-362,13.618622,-14.459758,50
340,-361,13.621207,-14.425543,32
340,-289,13.605084,-11.523325,4
340,-288,13.617663,-11.498324,21
340,-287,13.622618,-11.461244,20
340,-286,13.633226,-11.430225,8
340,-280,13.608540,-11.170359,7
340,-279,13.619559,-11.139443,16
340,-278,13.616776,-11.095318,19
340,-277,13.618334,-11.059446,57
340,-276,13.618869,-11.020369,72
340,-275,13.625506,-10.984683,45
340,-274,13.635940,-10.955929,3
340,-162,13.620667,-6.459456,81
340,-161,13.620109,-6.421309,11
340,-160,13.617896,-6.381708,6
340,-159,13.619865,-6.344543,11
340,-158,13.607613,-6.310096,2
340,-75,13.614666,-2.964157,7
340,-74,13.620176,-2.940062,90
340,-73,13.635977,-2.918919,1
340,12,13.602693,0.516515,2
340,13,13.616683,0.541562,91
340,14,13.635404,0.565150,21
340,33,13.604436,1.353389,2
340,34,13.615211,1.382661,12
340,35,13.619434,1.419548,18
340,36,13.629527,1.460336,9
340,37,13.614059,1.497084,8
340,38,13.610517,1.544046,38
340,39,13.620375,1.579964,59
340,40,13.633764,1.612643,34
340,48,13.606855,1.949494,1
340,49,13.611568,1.977532,1
340,50,13.618618,2.019469,2
340,51,13.625648,2.061289,1
340,52,13.632655,2.102968,2
340,53,13.639642,2.144539,1
340,81,13.639594,3.260030,1
340,82,13.627328,3.302938,1
340,83,13.615122,3.345631,1
340,84,13.602981,3.388109,1
340,98,13.633587,3.946275,5
340,99,13.630341,3.984540,39
340,100,13.623453,4.021007,62
340,101,13.612208,4.056783,41
340,102,13.606980,4.091792,8
340,103,13.628266,4.141954,4
340,104,13.624644,4.181327,7
340,105,13.620768,4.223865,10
340,106,13.617357,4.259881,9
340,107,13.604520,4.285601,2
340,128,13.630344,5.152261,9
340,129,13.623056,5.182046,63
340,130,13.617493,5.216912,65
340,131,13.604666,5.242387,5
340,224,13.637857,8.989622,1
340,225,13.622868,9.021896,12
340,226,13.623181,9.064821,67
340,227,13.615483,9.094564,62
340,228,13.601184,9.123163,1
340,234,13.624854,9.389012,12
340,235,13.622061,9.420771,73
340,236,13.613792,9.450372,31
340,325,13.637129,13.032999,1
340,326,13.628725,13.066628,4
340,327,13.624034,13.105690,46
340,328,13.616507,13.132005,40
341,-365,13.664187,-14.586270,2
341,-364,13.657709,-14.528376,10
341,-363,13.663432,-14.495713,14
341,-362,13.659544,-14.459075,51
341,-361,13.659485,-14.425736,33
341,-288,13.644251,-11.483035,4
341,-287,13.658737,-11.453886,23
341,-286,13.660202,-11.418025,30
341,-285,13.669740,-11.388196,15
341,-279,13.645861,-11.127891,5
341,-278,13.661236,-11.101122,14
341,-277,13.656307,-11.056904,16
341,-276,13.656928,-11.017753,54
341,-275,13.659185,-10.979797,66
341,-274,13.664080,-10.943335,54
341,-273,13.674044,-10.913129,7
341,-163,13.661599,-6.495443,70
341,-162,13.653935,-6.466991,14
341,-161,13.661655,-6.424718,6
341,-160,13.657438,-6.383755,14
341,-159,13.653039,-6.352554,3
341,-74,13.658200,-2.932664,61
341,-73,13.661813,-2.912855,38
341,14,13.653669,0.583901,83
341,15,13.673026,0.608859,41
341,35,13.644716,1.433670,3
341,36,13.652958,1.462230,12
341,37,13.660927,1.498627,16
341,38,13.665241,1.535513,12
341,39,13.657306,1.578826,7
341,40,13.649465,1.627754,30
341,41,13.658064,1.659909,61
341,42,13.672282,1.694394,44
341,43,13.675846,1.729627,10
341,49,13.644862,1.969361,1
341,50,13.652904,2.010475,1
341,51,13.660932,2.051513,1
341,52,13.668944,2.092479,1
341,53,13.676944,2.133372,1
341,76,13.678602,3.048637,1
341,77,13.673491,3.090512,1
341,78,13.668395,3.132238,1
341,79,13.663319,3.173815,1
341,80,13.651922,3.216902,1
341,95,13.673936,3.822444,5
341,96,13.671231,3.865039,23
341,97,13.667125,3.900457,58
341,98,13.655664,3.939540,67
341,99,13.648529,3.977018,33
341,100,13.653778,4.017079,4
341,101,13.660217,4.054639,3
341,102,13.658451,4.097954,6
341,103,13.666674,4.141926,11
341,104,13.659311,4.178271,12
341,105,13.646144,4.214202,7
341,127,13.671529,5.110554,10
341,128,13.662781,5.142613,67
341,129,13.657725,5.176244,61
341,130,13.643853,5.205709,6
341,223,13.678221,8.950274,3
341,224,13.657324,8.986939,10
341,225,13.665541,9.026701,50
341,226,13.656384,9.056017,74
341,227,13.642830,9.084034,3
341,233,13.668653,9.350659,10
341,234,13.660626,9.384232,64
341,235,13.656194,9.413992,37
341,325,13.669934,13.015796,1
341,326,13.669771,13.068242,16
341,327,13.658797,13.098348,64
341,328,13.643884,13.123240,3
342,-365,13.700112,-14.586060,2
342,-364,13.696197,-14.528854,5
342,-363,13.702077,-14.503885,15
342,-362,13.701151,-14.458892,57
342,-361,13.699642,-14.424557,36
342,-286,13.694696,-11.415555,26
342,-285,13.700906,-11.378904,46
342,-284,13.706461,-11.343327,29
342,-283,13.718486,-11.318689,1
342,-278,13.683444,-11.085124,3
342,-277,13.700804,-11.059425,15
342,-276,13.696992,-11.017299,11
342,-275,13.695614,-10.976671,48
342,-274,13.699143,-10.939548,64
342,-273,13.702643,-10.902728,59
342,-272,13.712843,-10.869985,13
342,-164,13.704629,-6.534934,65
342,-163,13.690696,-6.510174,29
342,-162,13.698456,-6.464742,7
342,-161,13.698432,-6.420453,13
342,-160,13.698673,-6.387307,4
342,-74,13.692462,-2.926540,15
342,-73,13.700296,-2.904172,84
342,15,13.690070,0.627104,63
342,16,13.709446,0.652576,68
342,37,13.685871,1.514896,1
342,38,13.690949,1.541795,13
342,39,13.700406,1.579152,16
342,40,13.703678,1.620346,12
342,41,13.698414,1.661160,6
342,42,13.690006,1.708289,21
342,43,13.694339,1.741117,56
342,44,13.705759,1.779058,54
342,45,13.707223,1.816953,24
342,46,13.714690,1.854273,11
342,47,13.718335,1.885601,1
342,54,13.684928,2.174196,1
342,55,13.692900,2.214951,1
342,56,13.700127,2.255927,1
342,57,13.701690,2.299018,1
342,58,13.703246,2.341980,1
342,59,13.704799,2.384814,1
342,60,13.706347,2.427522,1
342,61,13.707890,2.470107,1
342,62,13.709428,2.512572,1
342,63,13.710963,2.554916,1
342,64,13.712494,2.597144,1
342,65,13.714018,2.639258,1
342,67,13.715543,2.681258,1
342,68,13.715808,2.723570,1
342,69,13.710450,2.767632,1
342,70,13.705112,2.811513,1
342,71,13.699798,2.855214,1
342,72,13.694506,2.898738,1
342,73,13.691645,2.932088,2
342,74,13.688885,2.964427,1
342,75,13.683736,3.006609,1
342,92,13.712957,3.697282,3
342,93,13.710948,3.745497,17
342,94,13.708148,3.782693,50
342,95,13.698581,3.819943,59
342,96,13.690069,3.856659,46
342,97,13.688891,3.891626,11
342,98,13.698590,3.941944,5
342,99,13.704556,3.985344,4
342,100,13.702719,4.027632,8
342,101,13.704571,4.064661,9
342,102,13.697920,4.100117,16
342,103,13.686956,4.137089,6
342,126,13.711396,5.066237,31
342,127,13.701789,5.100617,87
342,128,13.691113,5.134860,53
342,129,13.683799,5.162127,4
342,222,13.711455,8.916738,2
342,223,13.712814,8.932228,4
342,224,13.704525,8.987170,42
342,225,13.697364,9.017377,81
342,226,13.685067,9.044260,8
342,232,13.711822,9.313074,3
342,233,13.704755,9.343632,53
342,234,13.695074,9.375366,64
342,324,13.714048,12.984566,1
342,325,13.707992,13.022394,7
342,326,13.702252,13.060997,53
342,327,13.693483,13.088505,26
343,-365,13.735352,-14.581717,2
343,-364,13.736897,-14.538819,3
343,-363,13.739820,-14.506729,13
343,-362,13.740874,-14.457985,54
343,-361,13.739603,-14.423516,33
343,-286,13.723070,-11.401441,1
343,-285,13.734081,-11.372939,20
343,-284,13.740314,-11.341284,54
343,-283,13.745848,-11.302251,45
343,-282,13.757348,-11.274674,2
343,-277,13.721622,-11.041679,1
343,-276,13.741084,-11.019532,14
343,-275,13.733848,-10.977291,9
343,-274,13.734014,-10.935261,43
343,-273,13.739805,-10.899626,60
343,-272,13.741814,-10.861887,61
343,-271,13.748154,-10.828089,20
343,-165,13.745294,-6.573393,62
343,-164,13.730542,-6.549723,31
343,-163,13.736444,-6.502907,6
343,-162,13.741764,-6.459082,13
343,-161,13.734079,-6.424184,5
343,-73,13.738079,-2.894475,77
343,-72,13.745182,-2.873657,24
343,16,13.726604,0.671604,39
343,17,13.746159,0.698140,86
343,39,13.722478,1.591045,2
343,40,13.733564,1.621476,12
343,41,13.738712,1.658500,16
343,42,13.744343,1.699213,11
343,43,13.740475,1.740832,9
343,44,13.730941,1.787045,9
343,45,13.729805,1.820636,39
343,46,13.735108,1.860484,48
343,47,13.741979,1.899691,53
343,48,13.749309,1.934560,36
343,49,13.753097,1.972817,15
343,50,13.759343,2.009740,2
343,89,13.753154,3.577912,4
343,90,13.749703,3.624404,11
343,91,13.748731,3.662909,35
343,92,13.742512,3.699924,58
343,93,13.732734,3.738439,49
343,94,13.727573,3.774020,20
343,95,13.731045,3.818264,4
343,96,13.741801,3.860750,5
343,97,13.742616,3.907119,7
343,98,13.742158,3.941033,8
343,99,13.738895,3.980577,11
343,100,13.740138,4.018817,15
343,101,13.727300,4.059227,7
343,124,13.756091,4.993800,8
343,125,13.745227,5.023433,58
343,126,13.738271,5.057398,81
343,127,13.727919,5.091556,25
343,222,13.747352,8.899253,7
343,223,13.747617,8.948582,29
343,224,13.738480,8.978704,93
343,225,13.726991,9.006953,13
343,231,13.753375,9.273011,1
343,232,13.743414,9.306024,40
343,233,13.738102,9.337480,68
343,234,13.723838,9.364093,2
343,324,13.753981,12.986790,1
343,325,13.743132,13.026523,37
343,326,13.737903,13.055202,49
344,-365,13.779292,-14.575429,3
344,-364,13.781495,-14.534584,3
344,-363,13.777467,-14.502730,15
344,-362,13.778309,-14.455725,52
344,-361,13.781562,-14.423203,44
344,-284,13.768310,-11.330978,20
344,-283,13.780445,-11.298367,57
344,-282,13.782354,-11.261216,69
344,-281,13.794353,-11.233171,12
344,-275,13.776796,-10.978895,13
344,-274,13.779571,-10.939885,8
344,-273,13.772889,-10.894581,34
344,-272,13.780774,-10.860319,60
344,-271,13.780792,-10.821016,64
344,-270,13.786288,-10.785602,29
344,-166,13.786111,-6.613628,59
344,-165,13.770915,-6.589964,36
344,-164,13.780013,-6.545157,8
344,-163,13.779362,-6.498952,11
344,-162,13.779012,-6.466380,7
344,-161,13.771639,-6.438767,1
344,-73,13.773281,-2.886559,22
344,-72,13.781034,-2.866854,73
344,-71,13.781456,-2.825381,1
344,17,13.762837,0.716572,12
344,18,13.778474,0.740281,101
344,19,13.796331,0.765393,24
344,41,13.763209,1.673052,2
344,42,13.774391,1.701585,10
344,43,13.781114,1.740188,14
344,44,13.783104,1.775636,13
344,45,13.786069,1.815831,8
344,46,13.777518,1.857423,9
344,47,13.771044,1.899617,9
344,48,13.769066,1.944645,27
344,49,13.771311,1.981093,46
344,50,13.778575,2.019539,55
344,51,13.788407,2.059802,56
344,52,13.793646,2.094435,20
344,53,13.796005,2.133179,8
344,54,13.797370,2.177559,1
344,84,13.797536,3.386943,1
344,85,13.794280,3.419417,3
344,86,13.794532,3.466361,8
344,87,13.792666,3.504441,25
344,88,13.790598,3.540693,53
344,89,13.784524,3.579679,55
344,90,13.774930,3.617562,52
344,91,13.768632,3.653781,30
344,92,13.772264,3.696685,6
344,93,13.782259,3.741263,5
344,94,13.784982,3.783164,7
344,95,13.780230,3.820013,9
344,96,13.781385,3.858921,12
344,97,13.781028,3.900404,15
344,98,13.775490,3.939205,10
344,99,13.766593,3.974437,6
344,100,13.766467,4.001118,1
344,123,13.791351,4.946379,33
344,124,13.781861,4.981152,83
344,125,13.773005,5.015791,60
344,126,13.765490,5.050653,10
344,221,13.780461,8.867156,6
344,222,13.789910,8.907818,19
344,223,13.780693,8.939931,96
344,224,13.768998,8.967702,20
344,230,13.796452,9.238366,1
344,231,13.785899,9.268993,36
344,232,13.779250,9.299313,76
344,233,13.767687,9.324442,8
344,323,13.788165,12.947966,4
344,324,13.786706,12.992371,17
344,325,13.778368,13.020806,61
344,326,13.766918,13.046117,8
345,-365,13.823285,-14.569132,2
345,-364,13.818247,-14.528761,2
345,-363,13.820589,-14.497626,16
345,-362,13.819364,-14.456003,48
345,-361,13.821207,-14.423185,49
345,-360,13.833874,-14.398724,1
345,-283,13.806770,-11.287452,14
345,-282,13.817804,-11.256082,79
345,-281,13.821168,-11.219629,96
345,-280,13.831956,-11.188820,28
345,-274,13.813705,-10.936895,10
345,-273,13.823360,-10.904878,7
345,-272,13.811756,-10.853997,26
345,-271,13.820869,-10.820215,58
345,-270,13.819851,-10.779680,61
345,-269,13.823648,-10.744602,32
345,-268,13.837778,-10.716842,3
345,-167,13.825571,-6.653569,63
345,-166,13.810619,-6.628360,34
345,-165,13.818689,-6.579376,7
345,-164,13.822703,-6.534689,10
345,-163,13.816145,-6.503813,8
345,-73,13.801428,-2.887018,1
345,-72,13.817672,-2.856345,85
345,-71,13.827919,-2.834019,17
345,19,13.811426,0.784781,79
345,20,13.830977,0.812789,67
345,44,13.804587,1.781639,6
345,45,13.813505,1.820567,12
345,46,13.818571,1.860039,14
345,47,13.821527,1.896787,14
345,48,13.823802,1.939955,10
345,49,13.824282,1.977966,7
345,50,13.809207,2.017123,8
345,51,13.816483,2.063768,12
345,52,13.808269,2.104133,38
345,53,13.814417,2.140916,51
345,54,13.822094,2.180201,53
345,55,13.827101,2.218747,54
345,56,13.825845,2.260075,24
345,57,13.827421,2.299052,22
345,58,13.830956,2.339272,15
345,59,13.834460,2.381225,15
345,60,13.835920,2.420187,2
345,61,13.838306,2.450826,1
345,78,13.839654,3.135208,1
345,79,13.833959,3.180940,5
345,80,13.828844,3.229500,4
345,81,13.833424,3.266949,15
345,82,13.831223,3.304994,25
345,83,13.829464,3.339721,50
345,84,13.823769,3.379053,55
345,85,13.817427,3.419917,57
345,86,13.810886,3.459037,52
345,87,13.806851,3.497936,37
345,88,13.809945,3.538623,9
345,89,13.818090,3.584565,3
345,90,13.830026,3.626423,5
345,91,13.822041,3.664693,5
345,92,13.820903,3.700224,10
345,93,13.822705,3.739289,10
345,94,13.822697,3.777698,14
345,95,13.816209,3.818912,12
345,96,13.805883,3.857864,6
345,97,13.804583,3.888272,1
345,121,13.834319,4.872549,10
345,122,13.825195,4.902390,66
345,123,13.817805,4.937926,79
345,124,13.809041,4.970810,26
345,220,13.817884,8.827148,5
345,221,13.825226,8.863814,12
345,222,13.822360,8.901378,97
345,223,13.810947,8.929421,28
345,230,13.829529,9.228253,19
345,231,13.820757,9.259470,74
345,232,13.810998,9.286636,18
345,323,13.813437,12.951163,3
345,324,13.821340,12.981917,55
345,325,13.814675,13.011133,27
346,-365,13.858529,-14.564089,2
346,-364,13.855057,-14.522928,3
346,-363,13.861334,-14.493300,10
346,-362,13.860225,-14.454302,45
346,-361,13.861222,-14.420768,48
346,-360,13.861918,-14.395412,5
346,-282,13.844241,-11.243395,4
346,-281,13.854420,-11.215781,58
346,-280,13.860273,-11.179897,104
346,-279,13.869169,-11.146879,43
346,-273,13.850711,-10.894784,8
346,-272,13.863693,-10.863205,9
346,-271,13.851543,-10.810288,21
346,-270,13.861045,-10.778464,58
346,-269,13.859184,-10.739273,59
346,-268,13.862792,-10.703060,41
346,-267,13.874571,-10.674179,7
346,-168,13.865460,-6.695701,68
346,-167,13.850407,-6.669757,32
346,-166,13.858402,-6.621656,8
346,-165,13.862720,-6.576511,9
346,-164,13.855139,-6.546423,8
346,-163,13.848170,-6.509069,1
346,-72,13.854545,-2.848279,29
346,-71,13.862230,-2.827798,71
346,-70,13.861889,-2.786928,1
346,20,13.844998,0.832290,36
346,21,13.863488,0.859741,95
346,22,13.878319,0.882442,12
346,47,13.843753,1.903906,5
346,48,13.851691,1.941344,11
346,49,13.858732,1.983098,13
346,50,13.862795,2.018876,15
346,51,13.864282,2.059246,10
346,52,13.860217,2.102373,10
346,53,13.858187,2.143577,7
346,54,13.852152,2.180114,8
346,55,13.854897,2.224673,14
346,56,13.848872,2.260403,36
346,57,13.850303,2.299746,39
346,58,13.853276,2.340173,45
346,59,13.857028,2.380835,46
346,60,13.857587,2.421002,53
346,61,13.861310,2.460582,55
346,62,13.866921,2.499737,53
346,63,13.871171,2.539606,51
346,64,13.872786,2.576062,29
346,65,13.869491,2.620494,19
346,66,13.869667,2.662199,18
346,67,13.869463,2.700602,18
346,68,13.869294,2.740707,17
346,69,13.870763,2.780219,21
346,70,13.870566,2.819527,18
346,71,13.870940,2.859443,18
346,72,13.870600,2.898341,16
346,73,13.872512,2.939571,21
346,74,13.873900,2.982330,28
346,75,13.874941,3.021497,40
346,76,13.872967,3.059770,43
346,77,13.871528,3.099925,50
346,78,13.868945,3.140693,51
346,79,13.863620,3.180493,48
346,80,13.857435,3.219629,52
346,81,13.852255,3.258993,46
346,82,13.847783,3.298088,34
346,83,13.852811,3.336623,8
346,84,13.851961,3.373219,7
346,85,13.856713,3.414683,5
346,86,13.864363,3.454327,5
346,87,13.863000,3.499915,7
346,88,13.865498,3.538827,8
346,89,13.859444,3.576394,10
346,90,13.862151,3.617696,10
346,91,13.861891,3.657583,15
346,92,13.856773,3.698532,12
346,93,13.845713,3.738322,7
346,94,13.842520,3.775958,1
346,119,13.878691,4.793380,2
346,120,13.869252,4.822651,45
346,121,13.859840,4.859629,89
346,122,13.852289,4.895832,51
346,123,13.844317,4.926694,6
346,219,13.867348,8.781159,3
346,220,13.859196,8.820042,11
346,221,13.863840,8.864226,85
346,222,13.851995,8.891617,40
346,229,13.869224,9.189135,11
346,230,13.861011,9.221159,69
346,231,13.852588,9.249995,33
346,322,13.868986,12.902278,3
346,323,13.862911,12.947927,38
346,324,13.857648,12.977173,48
347,-365,13.884991,-14.560301,1
347,-364,13.902650,-14.557773,1
347,-363,13.899374,-14.494760,15
347,-362,13.900269,-14.454375,40
347,-361,13.901428,-14.418516,49
347,-360,13.897719,-14.392762,10
347,-280,13.890690,-11.173168,39
347,-279,13.898703,-11.138448,105
347,-278,13.907323,-11.104424,63
347,-277,13.918643,-11.078539,1
347,-272,13.889496,-10.850649,6
347,-271,13.906673,-10.824638,8
347,-270,13.892594,-10.772819,12
347,-269,13.900137,-10.738075,55
347,-268,13.898755,-10.698914,53
347,-267,13.900933,-10.661463,48
347,-266,13.913617,-10.629802,11
347,-170,13.919107,-6.763219,3
347,-169,13.903662,-6.737734,77
347,-168,13.889939,-6.709263,28
347,-167,13.901224,-6.666801,6
347,-166,13.902028,-6.621397,10
347,-165,13.893189,-6.587961,7
347,-164,13.890386,-6.555843,2
347,-72,13.887818,-2.843140,4
347,-71,13.899059,-2.816434,84
347,-70,13.909788,-2.794337,12
347,22,13.892204,0.902540,89
347,23,13.912182,0.933574,63
347,50,13.883231,2.028573,3
347,51,13.890173,2.060510,8
347,52,13.899220,2.098183,11
347,53,13.901507,2.137766,15
347,54,13.901359,2.179666,11
347,55,13.903351,2.221207,9
347,56,13.906543,2.262002,5
347,57,13.901167,2.299320,11
347,58,13.898789,2.339436,8
347,59,13.898548,2.381398,8
347,60,13.894718,2.421413,7
347,61,13.898202,2.461106,8
347,62,13.902444,2.504937,8
347,63,13.897278,2.541535,10
347,64,13.886364,2.584117,28
347,65,13.888981,2.619897,41
347,66,13.892537,2.660284,41
347,67,13.892391,2.699775,39
347,68,13.892544,2.738961,42
347,69,13.892530,2.779761,40
347,70,13.890274,2.819480,38
347,71,13.889476,2.858598,39
347,72,13.887615,2.899386,42
347,73,13.886466,2.939321,34
347,74,13.887310,2.976596,29
347,75,13.890766,3.017247,17
347,76,13.887450,3.059410,12
347,77,13.892992,3.094657,8
347,78,13.893456,3.132793,6
347,79,13.900768,3.180822,6
347,80,13.902104,3.219454,4
347,81,13.901594,3.258178,6
347,82,13.903841,3.304805,7
347,83,13.909155,3.337610,8
347,84,13.900782,3.378308,10
347,85,13.898683,3.419259,10
347,86,13.901534,3.463076,12
347,87,13.902691,3.498728,12
347,88,13.903292,3.538392,12
347,89,13.896181,3.578711,11
347,90,13.887737,3.617162,8
347,91,13.880304,3.664104,1
347,118,13.911953,4.745111,31
347,119,13.901854,4.781787,81
347,120,13.896068,4.817530,67
347,121,13.888470,4.849863,17
347,218,13.905827,8.751094,4
347,219,13.901082,8.783986,6
347,220,13.905444,8.826484,76
347,221,13.893681,8.852669,57
347,228,13.912639,9.153022,5
347,229,13.903130,9.183919,69
347,230,13.893097,9.213512,46
347,321,13.902301,12.872092,2
347,322,13.907925,12.909912,18
347,323,13.898579,12.940920,58
347,324,13.887250,12.964826,12
348,-364,13.938016,-14.552712,3
348,-363,13.940763,-14.493825,10
348,-362,13.941811,-14.455617,33
348,-361,13.938987,-14.421278,43
348,-360,13.940622,-14.392021,27
348,-279,13.927526,-11.130355,18
348,-278,13.937730,-11.097980,95
348,-277,13.944491,-11.062586,90
348,-276,13.955658,-11.033067,4
348,-271,13.927222,-10.807719,4
348,-270,13.943956,-10.782796,9
348,-269,13.932304,-10.733015,8
348,-268,13.937290,-10.698515,51
348,-267,13.939930,-10.659984,57
348,-266,13.941604,-10.620715,54
348,-265,13.949667,-10.587356,17
348,-171,13.956365,-6.804906,8
348,-170,13.940619,-6.779510,80
348,-169,13.932035,-6.748873,18
348,-168,13.937704,-6.705518,7
348,-167,13.942745,-6.657888,10
348,-166,13.935847,-6.622878,8
348,-165,13.924910,-6.589275,2
348,-71,13.934047,-2.808448,35
348,-70,13.942788,-2.788621,67
348,-69,13.941568,-2.747757,1
348,23,13.925049,0.953178,37
348,24,13.941645,0.980446,102
348,25,13.956758,1.005372,25
348,53,13.923708,2.157090,2
348,54,13.926292,2.181492,8
348,55,13.930316,2.222915,9
348,56,13.934620,2.260592,12
348,57,13.940087,2.301292,12
348,58,13.940921,2.340431,12
348,59,13.942466,2.377499,16
348,60,13.941354,2.419651,11
348,61,13.942723,2.459201,10
348,62,13.945063,2.498669,9
348,63,13.946139,2.539321,6
348,64,13.940526,2.576146,9
348,65,13.944367,2.618330,9
348,66,13.939818,2.659509,5
348,67,13.941369,2.699500,8
348,68,13.943959,2.741947,5
348,69,13.945803,2.781408,7
348,70,13.947630,2.827079,8
348,71,13.949512,2.865437,9
348,72,13.949656,2.904553,8
348,73,13.946984,2.940288,8
348,74,13.946198,2.978869,9
348,75,13.946649,3.020808,9
348,76,13.944367,3.061436,9
348,77,13.941793,3.104937,10
348,78,13.938307,3.146337,8
348,79,13.941257,3.182829,10
348,80,13.936421,3.222154,8
348,81,13.943440,3.259334,15
348,82,13.941957,3.298083,13
348,83,13.940035,3.340042,12
348,84,13.934475,3.378228,9
348,85,13.931881,3.416858,9
348,86,13.926407,3.451080,6
348,87,13.924372,3.486344,2
348,88,13.921286,3.522236,1
348,116,13.953283,4.668777,22
348,117,13.943366,4.702787,71
348,118,13.937943,4.738528,77
348,119,13.928818,4.773094,29
348,120,13.920723,4.806700,2
348,217,13.943219,8.715895,2
348,218,13.940535,8.741811,6
348,219,13.946093,8.789004,51
348,220,13.935242,8.813513,69
348,227,13.953026,9.112445,2
348,228,13.943848,9.145468,54
348,229,13.936379,9.174118,52
348,320,13.943040,12.834431,1
348,321,13.948819,12.873326,6
348,322,13.942167,12.901381,50
348,323,13.935565,12.930485,30
349,-364,13.982300,-14.546374,2
349,-363,13.980302,-14.488176,8
349,-362,13.979059,-14.455154,23
349,-361,13.979188,-14.421127,49
349,-360,13.981796,-14.387276,32
349,-278,13.964419,-11.084410,6
349,-277,13.975383,-11.056294,73
349,-276,13.981463,-11.022571,101
349,-275,13.994260,-10.993152,19
349,-270,13.965032,-10.764122,3
349,-269,13.984559,-10.740084,9
349,-268,13.973844,-10.692478,5
349,-267,13.975032,-10.656268,40
349,-266,13.980549,-10.620600,53
349,-265,13.980355,-10.580189,58
349,-264,13.986175,-10.543581,31
349,-263,13.999461,-10.518210,1
349,-172,13.993605,-6.846516,24
349,-171,13.977012,-6.821039,77
349,-170,13.975192,-6.786534,13
349,-169,13.977168,-6.742209,7
349,-168,13.981963,-6.701518,9
349,-167,13.975984,-6.664041,9
349,-166,13.985902,-6.616172,2
349,-71,13.971191,-2.802695,2
349,-70,13.979152,-2.776305,90
349,-69,13.989008,-2.752884,11
349,25,13.969098,1.025213,69
349,26,13.989048,1.059394,90
349,59,13.961646,2.394388,1
349,60,13.963493,2.421458,6
349,61,13.967686,2.460813,7
349,62,13.973175,2.500600,9
349,63,13.973974,2.539716,10
349,64,13.981522,2.581011,13
349,65,13.984336,2.623981,12
349,66,13.981779,2.662355,14
349,67,13.981964,2.699641,13
349,68,13.981723,2.739011,15
349,69,13.981477,2.781749,16
349,70,13.983487,2.820145,10
349,71,13.985425,2.858702,12
349,72,13.985143,2.899218,11
349,73,13.983504,2.937392,10
349,74,13.984006,2.977278,12
349,75,13.984184,3.020636,12
349,76,13.982107,3.062599,11
349,77,13.982224,3.100426,10
349,78,13.974249,3.139552,12
349,79,13.972157,3.180793,9
349,80,13.964767,3.219453,8
349,81,13.964644,3.249067,2
349,82,13.961359,3.287093,1
349,114,13.995195,4.588660,17
349,115,13.985352,4.621891,63
349,116,13.978490,4.658544,84
349,117,13.970909,4.695265,39
349,118,13.963671,4.726515,4
349,216,13.998380,8.661448,1
349,217,13.982185,8.699394,7
349,218,13.986899,8.748140,37
349,219,13.976182,8.775956,92
349,220,13.963144,8.803311,3
349,226,13.998250,9.076076,1
349,227,13.984816,9.107603,39
349,228,13.978459,9.136788,73
349,229,13.963093,9.163623,5
349,320,13.984745,12.820596,3
349,321,13.982819,12.866352,40
349,322,13.977443,12.897431,48
350,-364,14.017806,-14.541293,2
350,-363,14.016824,-14.490546,5
350,-362,14.019365,-14.458005,23
350,-361,14.020309,-14.419689,51
350,-360,14.020183,-14.382618,39
350,-277,14.000526,-11.043299,1
350,-276,14.010893,-11.014181,54
350,-275,14.021087,-10.980246,114
350,-274,14.031476,-10.950268,33
350,-268,14.016708,-10.700508,10
350,-267,14.022624,-10.665032,4
350,-266,14.012375,-10.614750,32
350,-265,14.021909,-10.581588,50
350,-264,14.020051,-10.540758,54
350,-263,14.022281,-10.502764,39
350,-262,14.035988,-10.473631,7
350,-173,14.031196,-6.891999,46
350,-172,14.012973,-6.864655,64
350,-171,14.018513,-6.821889,9
350,-170,14.021754,-6.778166,7
350,-169,14.021765,-6.740078,10
350,-168,14.015547,-6.701611,8
350,-166,14.024182,-6.630192,1
350,-70,14.013389,-2.769730,29
350,-69,14.022377,-2.748505,68
350,-68,14.020610,-2.706585,1
350,26,14.000550,1.078462,4
350,27,14.012151,1.099889,97
350,28,14.031520,1.134777,73
350,112,14.034866,4.509520,16
350,113,14.025116,4.541720,61
350,114,14.018261,4.579056,81
350,115,14.012084,4.617795,49
350,116,14.004390,4.653440,5
350,216,14.020966,8.660921,4
350,217,14.025452,8.710693,24
350,218,14.018441,8.737999,103
350,219,14.006350,8.764673,5
350,226,14.028359,9.067435,26
350,227,14.018218,9.098851,81
350,228,14.006203,9.125210,5
350,319,14.030077,12.789662,3
350,320,14.026509,12.830113,22
350,321,14.018749,12.859221,55
350,322,14.005933,12.887117,8
351,-364,14.053385,-14.536200,2
351,-363,14.062627,-14.490037,3
351,-362,14.059520,-14.460349,16
351,-361,14.059479,-14.418806,48
351,-360,14.061837,-14.380775,48
351,-359,14.073529,-14.358848,1
351,-275,14.049548,-10.970650,28
351,-274,14.058176,-10.938454,114
351,-273,14.069866,-10.907518,53
351,-267,14.054279,-10.654257,7
351,-266,14.066200,-10.625118,4
351,-265,14.050439,-10.570268,22
351,-264,14.060276,-10.538544,51
351,-263,14.060065,-10.498031,49
351,-262,14.060952,-10.459976,43
351,-261,14.071999,-10.428603,15
351,-175,14.077586,-6.963815,7
351,-174,14.064773,-6.936550,69
351,-173,14.051446,-6.907319,44
351,-172,14.057120,-6.855490,9
351,-171,14.060199,-6.815603,5
351,-170,14.059476,-6.782476,10
351,-169,14.055722,-6.741299,5
351,-168,14.075284,-6.687231,1
351,-167,14.049654,-6.658623,1
351,-70,14.043013,-2.763716,2
351,-69,14.059032,-2.735913,89
351,-68,14.069687,-2.714179,16
351,-67,14.052711,-2.672953,1
351,28,14.042450,1.154699,27
351,29,14.055669,1.179912,99
351,30,14.073235,1.213647,60
351,110,14.073645,4.428309,23
351,111,14.064550,4.461441,61
351,112,14.059192,4.498091,86
351,113,14.050870,4.537613,47
351,114,14.044117,4.569774,10
351,214,14.074738,8.594043,1
351,215,14.057357,8.624626,4
351,216,14.066688,8.667799,14
351,217,14.060047,8.699735,112
351,218,14.046985,8.726204,12
351,225,14.067915,9.031742,16
351,226,14.060823,9.060587,78
351,227,14.048593,9.087054,17
351,318,14.074157,12.758405,1
351,319,14.074385,12.794075,6
351,320,14.061614,12.819450,57
351,321,14.055927,12.848710,21
352,-364,14.097976,-14.529819,3
352,-363,14.100023,-14.484112,2
352,-362,14.100789,-14.459088,11
352,-361,14.098263,-14.417264,39
352,-360,14.101336,-14.380088,57
352,-359,14.103903,-14.355419,7
352,-274,14.085604,-10.927848,9
352,-273,14.095071,-10.896964,103
352,-272,14.107429,-10.864920,82
352,-271,14.116475,-10.835567,3
352,-266,14.088529,-10.612094,5
352,-265,14.109942,-10.585007,6
352,-264,14.088757,-10.531562,12
352,-263,14.097406,-10.498473,50
352,-262,14.100052,-10.460406,52
352,-261,14.100662,-10.420341,53
352,-260,14.107454,-10.382502,32
352,-259,14.116398,-10.345932,1
352,-176,14.113563,-7.010071,24
352,-175,14.099493,-6.980952,79
352,-174,14.092090,-6.946377,25
352,-173,14.099828,-6.901044,8
352,-172,14.102498,-6.856444,7
352,-171,14.096547,-6.821931,9
352,-170,14.098257,-6.785615,6
352,-169,14.083318,-6.750053,2
352,-168,14.101079,-6.716021,1
352,-69,14.095706,-2.728211,23
352,-68,14.102329,-2.706990,75
352,-67,14.095880,-2.658198,2
352,30,14.083113,1.232644,31
352,31,14.096491,1.259827,94
352,32,14.113124,1.294096,69
352,107,14.116357,4.309555,1
352,108,14.112435,4.343084,31
352,109,14.103097,4.381525,72
352,110,14.098356,4.418400,79
352,111,14.092004,4.456806,46
352,112,14.082470,4.491325,4
352,214,14.104903,8.586619,5
352,215,14.095832,8.626016,6
352,216,14.101832,8.662813,104
352,217,14.087832,8.687181,19
352,224,14.109350,8.993819,7
352,225,14.102083,9.022092,76
352,226,14.091950,9.049512,30
352,318,14.111254,12.739593,5
352,319,14.102562,12.784940,44
352,320,14.097675,12.814787,45
353,-364,14.142692,-14.523419,2
353,-363,14.122519,-14.480547,1
353,-362,14.140541,-14.454200,15
353,-361,14.138550,-14.414427,32
353,-360,14.139662,-14.379253,59
353,-359,14.145245,-14.353949,15
353,-273,14.121921,-10.885891,2
353,-272,14.133323,-10.854796,74
353,-271,14.143917,-10.823610,105
353,-270,14.155827,-10.796868,8
353,-265,14.124144,-10.564744,2
353,-264,14.140175,-10.541220,7
353,-263,14.138930,-10.500701,5
353,-262,14.132719,-10.454996,35
353,-261,14.141194,-10.419928,52
353,-260,14.139927,-10.380656,50
353,-259,14.140380,-10.342993,46
353,-258,14.151564,-10.309003,17
353,-178,14.158303,-7.082289,3
353,-177,14.148434,-7.055396,55
353,-176,14.133709,-7.023966,63
353,-175,14.132049,-6.983992,11
353,-174,14.141074,-6.940836,6
353,-173,14.145180,-6.900481,9
353,-172,14.136147,-6.863671,9
353,-171,14.134938,-6.822641,6
353,-170,14.149870,-6.774457,1
353,-169,14.127040,-6.744994,1
353,-69,14.120404,-2.725133,1
353,-68,14.137857,-2.694376,82
353,-67,14.149275,-2.672460,20
353,-66,14.133047,-2.628330,1
353,32,14.122750,1.314176,27
353,33,14.134884,1.340152,98
353,34,14.151758,1.377675,81
353,105,14.156611,4.230727,11
353,106,14.149307,4.261824,46
353,107,14.140979,4.301016,81
353,108,14.136291,4.338747,72
353,109,14.129154,4.377403,34
353,110,14.124575,4.407060,4
353,213,14.144483,8.547780,3
353,214,14.143735,8.582344,9
353,215,14.143977,8.625759,91
353,216,14.128587,8.648018,37
353,223,14.154342,8.955106,5
353,224,14.143206,8.983701,64
353,225,14.132435,9.012788,46
353,317,14.156977,12.701808,1
353,318,14.146186,12.749008,24
353,319,14.137883,12.778828,52
353,320,14.127664,12.803067,3
354,-363,14.178343,-14.517542,2
354,-362,14.176624,-14.453332,9
354,-361,14.181746,-14.414895,29
354,-360,14.180404,-14.379702,53
354,-359,14.181072,-14.351086,30
354,-271,14.169969,-10.811562,48
354,-270,14.181042,-10.781180,120
354,-269,14.193454,-10.753768,22
354,-263,14.171693,-10.494970,6
354,-262,14.191109,-10.466478,4
354,-261,14.168352,-10.411555,14
354,-260,14.178734,-10.379648,49
354,-259,14.179097,-10.340862,48
354,-258,14.180477,-10.301100,49
354,-257,14.185314,-10.263157,32
354,-256,14.197026,-10.233224,3
354,-179,14.192323,-7.130558,29
354,-178,14.179821,-7.099329,76
354,-177,14.169790,-7.067365,33
354,-176,14.175854,-7.024457,7
354,-175,14.177975,-6.983065,7
354,-174,14.182624,-6.942777,10
354,-173,14.178821,-6.902425,7
354,-172,14.169864,-6.865919,3
354,-171,14.183750,-6.819034,2
354,-68,14.173510,-2.686917,22
354,-67,14.181636,-2.664858,78
354,-66,14.174611,-2.614081,2
354,34,14.161373,1.397505,10
354,35,14.170132,1.419367,89
354,36,14.187320,1.459714,96
354,37,14.197723,1.486303,26
354,102,14.192312,4.107169,2
354,103,14.192877,4.143214,34
354,104,14.184207,4.181326,61
354,105,14.179286,4.219107,83
354,106,14.174249,4.258516,56
354,107,14.167139,4.294632,23
354,108,14.160600,4.328650,3
354,212,14.180850,8.499085,1
354,213,14.183656,8.538111,8
354,214,14.185746,8.587926,68
354,215,14.172142,8.609214,55
354,222,14.192572,8.919795,1
354,223,14.185459,8.946411,52
354,224,14.174806,8.975965,59
354,316,14.173031,12.673089,1
354,317,14.189715,12.709175,14
354,318,14.182363,12.741692,58
354,319,14.170936,12.768738,15
355,-363,14.221344,-14.504923,3
355,-362,14.215915,-14.456854,3
355,-361,14.218861,-14.420181,19
355,-360,14.221229,-14.379348,64
355,-359,14.221698,-14.346563,39
355,-270,14.206869,-10.768385,23
355,-269,14.218429,-10.738456,126
355,-268,14.231249,-10.709838,42
355,-262,14.203104,-10.448877,2
355,-261,14.221701,-10.421588,7
355,-260,14.212892,-10.373516,5
355,-259,14.212927,-10.337443,33
355,-258,14.220915,-10.299602,56
355,-257,14.221128,-10.258187,50
355,-256,14.220523,-10.220810,48
355,-255,14.230099,-10.183355,23
355,-254,14.237519,-10.126680,1
355,-181,14.235895,-7.206668,10
355,-180,14.225552,-7.178028,65
355,-179,14.213813,-7.144212,62
355,-178,14.210970,-7.105359,15
355,-177,14.220337,-7.056965,7
355,-176,14.223040,-7.019763,8
355,-175,14.217064,-6.981329,11
355,-174,14.218455,-6.943188,5
355,-173,14.205603,-6.917616,2
355,-172,14.217883,-6.863940,1
355,-67,14.217008,-2.652050,78
355,-66,14.227627,-2.630772,29
355,-65,14.212502,-2.584192,1
355,37,14.206074,1.505353,66
355,38,14.219413,1.539732,97
355,39,14.233461,1.577487,77
355,40,14.238100,1.605488,2
355,99,14.235213,3.974109,2
355,100,14.233841,4.023677,28
355,101,14.227068,4.062355,55
355,102,14.220652,4.101575,85
355,103,14.217069,4.139085,66
355,104,14.209373,4.177075,40
355,105,14.204932,4.211791,11
355,211,14.216933,8.466799,1
355,212,14.218755,8.502958,7
355,213,14.229308,8.549776,52
355,214,14.213563,8.571496,76
355,222,14.226702,8.907577,38
355,223,14.218080,8.936502,75
355,224,14.202333,8.962943,2
355,315,14.228912,12.635329,1
355,316,14.226180,12.672440,4
355,317,14.222585,12.701238,51
355,318,14.217005,12.732622,33
356,-363,14.264164,-14.491681,2
356,-362,14.257080,-14.454942,3
356,-361,14.260330,-14.415416,14
356,-360,14.260543,-14.375554,51
356,-359,14.261371,-14.342635,50
356,-269,14.245341,-10.726198,6
356,-268,14.254567,-10.696490,106
356,-267,14.269061,-10.667378,75
356,-266,14.279357,-10.633606,1
356,-260,14.250375,-10.377599,5
356,-259,14.264579,-10.341067,6
356,-258,14.248368,-10.289267,13
356,-257,14.256926,-10.258476,45
356,-256,14.260026,-10.220715,50
356,-255,14.260714,-10.180884,50
356,-254,14.260927,-10.142403,42
356,-253,14.271031,-10.105708,17
356,-252,14.278317,-10.044298,1
356,-183,14.277430,-7.282444,1
356,-182,14.269881,-7.255873,55
356,-181,14.255876,-7.220825,73
356,-180,14.251892,-7.184738,26
356,-179,14.259695,-7.135946,6
356,-178,14.260296,-7.095983,8
356,-177,14.261432,-7.056213,10
356,-176,14.257052,-7.021801,5
356,-175,14.256370,-6.988913,5
356,-174,14.253280,-6.941297,2
356,-173,14.240805,-6.894102,1
356,-67,14.252188,-2.645338,9
356,-66,14.260482,-2.621962,88
356,-65,14.264279,-2.580940,4
356,39,14.242171,1.596123,12
356,40,14.249441,1.620827,90
356,41,14.263515,1.660508,87
356,42,14.274780,1.695682,70
356,95,14.277631,3.822316,1
356,96,14.273081,3.866785,4
356,97,14.272423,3.903416,32
356,98,14.267102,3.941972,51
356,99,14.261894,3.981574,85
356,100,14.257531,4.019819,71
356,101,14.251438,4.057255,43
356,102,14.246591,4.092275,20
356,103,14.241260,4.127385,1
356,210,14.266493,8.433255,2
356,211,14.258600,8.464567,6
356,212,14.270669,8.511093,37
356,213,14.255560,8.534519,93
356,221,14.269326,8.870794,24
356,222,14.258514,8.898911,75
356,223,14.246277,8.925136,8
356,315,14.269665,12.620316,4
356,316,14.261743,12.666337,38
356,317,14.258564,12.697525,44
356,318,14.242239,12.721262,2
357,-363,14.289864,-14.483733,1
357,-362,14.297679,-14.454967,3
357,-361,14.300417,-14.410678,7
357,-360,14.298508,-14.374301,35
357,-359,14.300801,-14.342034,63
357,-358,14.301596,-14.313971,9
357,-268,14.281663,-10.683330,1
357,-267,14.291365,-10.653342,78
357,-266,14.306708,-10.623490,104
357,-265,14.316873,-10.586670,2
357,-259,14.280399,-10.325155,1
357,-258,14.294164,-10.301094,6
357,-257,14.301685,-10.262201,7
357,-256,14.289670,-10.212831,24
357,-255,14.299343,-10.178262,46
357,-254,14.298780,-10.140664,52
357,-253,14.300615,-10.101054,49
357,-252,14.304143,-10.061763,40
357,-251,14.311968,-10.026022,11
357,-250,14.314902,-9.984638,2
357,-185,14.317192,-7.362289,3
357,-184,14.311185,-7.337202,44
357,-183,14.298830,-7.300351,80
357,-182,14.292431,-7.264200,41
357,-181,14.298389,-7.220350,7
357,-180,14.300038,-7.179597,7
357,-179,14.305144,-7.141318,9
357,-178,14.298733,-7.101754,10
357,-177,14.297046,-7.058747,6
357,-176,14.286162,-7.024630,2
357,-175,14.304878,-6.985962,1
357,-174,14.285111,-6.955069,1
357,-66,14.294569,-2.611548,54
357,-65,14.305932,-2.589731,52
357,-64,14.291145,-2.546734,2
357,42,14.282483,1.711088,22
357,43,14.289736,1.739857,95
357,44,14.302494,1.779781,89
357,45,14.313482,1.818109,77
357,46,14.318646,1.847090,8
357,91,14.315803,3.660325,2
357,92,14.314831,3.712175,3
357,93,14.315035,3.745825,16
357,94,14.309767,3.780822,39
357,95,14.305187,3.820721,68
357,96,14.299988,3.860319,84
357,97,14.296847,3.899681,71
357,98,14.291638,3.938452,43
357,99,14.285215,3.973714,17
357,100,14.281660,4.008878,2
357,209,14.317807,8.398513,1
357,210,14.304789,8.416591,5
357,211,14.309608,8.468664,20
357,212,14.298689,8.496322,108
357,213,14.280971,8.522903,3
357,220,14.309924,8.832094,12
357,221,14.301160,8.860885,84
357,222,14.288214,8.886360,20
357,315,14.305875,12.628342,27
357,316,14.300046,12.659977,51
357,317,14.287344,12.683725,6
358,-362,14.341298,-14.467827,3
358,-361,14.339286,-14.420245,4
358,-360,14.337579,-14.375419,26
358,-359,14.340294,-14.342879,49
358,-358,14.339543,-14.309365,27
358,-266,14.328655,-10.611227,44
358,-265,14.342616,-10.581702,126
358,-264,14.355060,-10.554465,13
358,-257,14.324856,-10.247447,3
358,-256,14.339708,-10.216518,6
358,-255,14.343448,-10.179165,7
358,-254,14.330774,-10.136374,30
358,-253,14.339860,-10.099197,49
358,-252,14.340808,-10.062427,52
358,-251,14.340830,-10.021215,55
358,-250,14.343443,-9.982287,39
358,-249,14.351529,-9.945763,18
358,-248,14.338884,-9.901093,1
358,-247,14.353407,-9.864732,1
358,-187,14.359300,-7.445799,1
358,-186,14.350713,-7.416998,44
358,-185,14.339949,-7.379078,80
358,-184,14.333204,-7.342196,43
358,-183,14.334793,-7.305137,12
358,-182,14.345873,-7.259940,6
358,-181,14.336967,-7.214996,7
358,-180,14.341651,-7.179257,8
358,-179,14.338400,-7.144461,6
358,-178,14.334075,-7.103109,5
358,-177,14.344702,-7.048201,1
358,-176,14.324742,-7.017005,1
358,-66,14.327984,-2.602461,4
358,-65,14.339706,-2.578678,86
358,-64,14.349790,-2.552456,12
358,-63,14.330274,-2.513564,1
358,45,14.321486,1.833899,11
358,46,14.326801,1.861349,78
358,47,14.336630,1.899695,92
358,48,14.347199,1.939940,92
358,49,14.354170,1.977162,68
358,50,14.358420,2.009812,13
358,86,14.355840,3.442772,1
358,87,14.348546,3.489488,1
358,88,14.353549,3.536904,5
358,89,14.353806,3.580810,22
358,90,14.350230,3.622417,40
358,91,14.345820,3.660858,61
358,92,14.341774,3.700652,81
358,93,14.337769,3.739896,79
358,94,14.333201,3.778719,60
358,95,14.328730,3.819045,35
358,96,14.325524,3.855387,10
358,97,14.320713,3.880727,1
358,209,14.343865,8.377969,5
358,210,14.345602,8.426361,7
358,211,14.340435,8.459488,114
358,212,14.324647,8.483895,6
358,219,14.355895,8.794256,7
358,220,14.342436,8.822955,77
358,221,14.332268,8.848373,29
358,313,14.352061,12.542616,1
358,314,14.348783,12.587858,15
358,315,14.341643,12.620202,53
358,316,14.330866,12.648392,20
359,-362,14.384198,-14.454559,2
359,-361,14.379449,-14.415078,2
359,-360,14.377475,-14.369572,18
359,-359,14.379165,-14.339489,47
359,-358,14.380446,-14.302775,43
359,-357,14.396286,-14.279025,1
359,-265,14.366721,-10.567907,19
359,-264,14.378562,-10.539442,129
359,-263,14.393150,-10.512075,33
359,-255,14.367585,-10.170715,3
359,-254,14.378787,-10.138995,7
359,-253,14.377619,-10.099055,8
359,-252,14.369818,-10.057116,29
359,-251,14.379386,-10.018578,53
359,-250,14.378931,-9.981362,49
359,-249,14.379863,-9.940632,54
359,-248,14.382108,-9.901465,43
359,-247,14.391525,-9.863224,22
359,-246,14.378621,-9.831093,2
359,-245,14.384133,-9.787798,1
359,-244,14.393611,-9.757044,1
359,-189,14.396048,-7.527523,11
359,-188,14.389165,-7.496380,47
359,-187,14.379114,-7.459626,80
359,-186,14.372445,-7.422690,45
359,-185,14.374478,-7.383901,14
359,-184,14.382455,-7.337933,6
359,-183,14.379085,-7.297508,7
359,-182,14.385602,-7.262494,8
359,-181,14.376956,-7.223678,10
359,-180,14.376832,-7.184274,7
359,-179,14.364154,-7.151046,1
359,-178,14.384927,-7.111060,1
359,-177,14.378145,-7.075652,2
359,-65,14.372651,-2.568258,32
359,-64,14.383251,-2.547451,68
359,-63,14.381904,-2.508662,4
359,49,14.363014,1.989217,26
359,50,14.367755,2.022867,72
359,51,14.375453,2.060050,84
359,52,14.383432,2.099695,91
359,53,14.390980,2.139506,86
359,54,14.393441,2.178233,49
359,55,14.396909,2.210763,21
359,56,14.393908,2.257548,2
359,71,14.399215,2.844987,1
359,75,14.396681,3.009632,1
359,77,14.391201,3.118567,1
359,80,14.391885,3.213273,2
359,81,14.386012,3.267941,2
359,82,14.396691,3.298309,4
359,83,14.393897,3.344412,15
359,84,14.391199,3.383206,21
359,85,14.391327,3.421560,44
359,86,14.386691,3.461353,55
359,87,14.384173,3.500727,75
359,88,14.379966,3.540344,82
359,89,14.376996,3.580095,77
359,90,14.372416,3.618751,54
359,91,14.368390,3.658364,36
359,92,14.365727,3.695451,14
359,93,14.361572,3.725345,4
359,208,14.378475,8.339209,4
359,209,14.381223,8.384636,6
359,210,14.380945,8.424008,107
359,211,14.366148,8.444239,12
359,218,14.396239,8.758580,1
359,219,14.385170,8.785235,67
359,220,14.372782,8.812594,44
359,313,14.388543,12.549542,8
359,314,14.381837,12.582893,47
359,315,14.375286,12.614070,31
360,-362,14.418554,-14.443934,2
360,-361,14.408331,-14.405669,2
360,-360,14.420834,-14.370089,7
360,-359,14.417985,-14.338681,44
360,-358,14.421052,-14.298586,45
360,-357,14.421996,-14.272393,7
360,-264,14.402881,-10.525250,6
360,-263,14.415155,-10.496426,114
360,-262,14.430240,-10.468854,61
360,-261,14.436216,-10.433084,1
360,-253,14.404439,-10.087545,4
360,-252,14.417886,-10.058537,6
360,-251,14.427934,-10.022878,6
360,-250,14.408390,-9.977194,29
360,-249,14.418836,-9.938117,48
360,-248,14.420079,-9.900564,50
360,-247,14.421862,-9.860525,48
360,-246,14.419657,-9.821423,50
360,-245,14.428807,-9.782024,28
360,-244,14.431861,-9.746998,11
360,-243,14.413339,-9.692929,1
360,-242,14.423640,-9.659448,1
360,-241,14.434252,-9.624955,1
360,-191,14.434009,-7.617791,25
360,-190,14.425368,-7.579243,61
360,-189,14.418017,-7.540833,74
360,-188,14.411360,-7.502142,42
360,-187,14.414026,-7.458801,10
360,-186,14.418657,-7.420729,9
360,-185,14.423089,-7.374864,7
360,-184,14.427833,-7.336399,9
360,-183,14.419180,-7.300037,10
360,-182,14.413031,-7.256849,7
360,-181,14.424909,-7.216655,2
360,-180,14.421783,-7.174691,1
360,-179,14.417162,-7.142271,2
360,-178,14.410498,-7.106696,1
360,-65,14.400780,-2.561735,1
360,-64,14.417121,-2.533992,78
360,-63,14.429229,-2.511102,27
360,-62,14.407704,-2.466324,1
360,53,14.400670,2.158260,4
360,54,14.404231,2.181918,44
360,55,14.407629,2.222972,67
360,56,14.411904,2.260261,85
360,57,14.417914,2.299936,89
360,58,14.423326,2.340023,91
360,59,14.428243,2.380217,93
360,60,14.430417,2.418681,68
360,61,14.432604,2.457525,57
360,62,14.431961,2.499504,36
360,63,14.435190,2.539752,34
360,64,14.435934,2.578654,21
360,65,14.434292,2.619534,5
360,66,14.431785,2.661310,4
360,67,14.432728,2.699229,6
360,68,14.431594,2.741428,6
360,69,14.435185,2.777618,6
360,70,14.434758,2.817500,6
360,71,14.432576,2.858203,9
360,72,14.434775,2.901992,7
360,73,14.431038,2.937127,8
360,74,14.430646,2.976873,9
360,75,14.433712,3.020145,25
360,76,14.434034,3.062363,33
360,77,14.432011,3.100777,39
360,78,14.428622,3.140505,42
360,79,14.426947,3.181848,53
360,80,14.427848,3.220319,72
360,81,14.422905,3.259776,77
360,82,14.422067,3.300257,86
360,83,14.419498,3.339589,83
360,84,14.414996,3.379626,75
360,85,14.413516,3.419138,51
360,86,14.409235,3.459311,44
360,87,14.406949,3.497449,22
360,88,14.402210,3.536278,11
360,207,14.417032,8.304945,4
360,208,14.425863,8.347524,5
360,209,14.423552,8.386354,90
360,210,14.406920,8.406094,33
360,218,14.425268,8.747578,46
360,219,14.416739,8.772545,62
360,312,14.419163,12.506778,3
360,313,14.422037,12.543792,37
360,314,14.418738,12.577944,45
361,-361,14.461553,-14.430636,3
361,-360,14.454442,-14.382937,4
361,-359,14.456855,-14.336511,25
361,-358,14.460026,-14.302305,48
361,-357,14.459811,-14.270056,32
361,-263,14.442189,-10.481532,1
361,-262,14.451371,-10.453195,86
361,-261,14.468331,-10.424493,93
361,-260,14.472052,-10.396593,2
361,-251,14.444996,-10.006205,2
361,-250,14.456173,-9.979623,7
361,-249,14.465021,-9.935993,8
361,-248,14.446615,-9.894045,22
361,-247,14.456415,-9.857979,42
361,-246,14.460308,-9.819593,59
361,-245,14.459470,-9.778935,50
361,-244,14.460444,-9.740550,55
361,-243,14.462239,-9.701824,40
361,-242,14.469892,-9.662727,30
361,-241,14.475415,-9.630497,5
361,-240,14.461853,-9.585652,2
361,-239,14.458882,-9.539181,2
361,-238,14.468981,-9.493555,1
361,-237,14.475934,-9.462143,1
361,-194,14.475349,-7.732439,16
361,-193,14.469310,-7.697159,48
361,-192,14.461049,-7.658473,76
361,-191,14.456092,-7.621128,60
361,-190,14.450784,-7.582624,34
361,-189,14.452507,-7.542724,8
361,-188,14.461894,-7.508795,8
361,-187,14.454193,-7.465361,8
361,-186,14.464507,-7.418586,10
361,-185,14.457486,-7.379489,10
361,-184,14.461444,-7.341834,5
361,-183,14.449929,-7.305173,3
361,-182,14.473173,-7.271357,1
361,-181,14.461908,-7.225744,2
361,-180,14.448641,-7.177064,1
361,-64,14.449811,-2.525727,11
361,-63,14.461130,-2.502468,90
361,-62,14.462224,-2.456843,5
361,60,14.442044,2.423241,24
361,61,14.444877,2.463403,38
361,62,14.446788,2.500569,54
361,63,14.450131,2.539613,56
361,64,14.450501,2.580420,74
361,65,14.450851,2.620342,89
361,66,14.453123,2.659698,89
361,67,14.454590,2.700140,93
361,68,14.455334,2.739396,87
361,69,14.455607,2.779127,86
361,70,14.456171,2.820100,90
361,71,14.455667,2.860485,85
361,72,14.455393,2.900069,90
361,73,14.454283,2.939912,84
361,74,14.452796,2.979409,89
361,75,14.452689,3.019816,76
361,76,14.453226,3.059563,61
361,77,14.451448,3.100787,56
361,78,14.449016,3.140438,54
361,79,14.446896,3.179336,44
361,80,14.447982,3.220971,21
361,81,14.443590,3.260231,20
361,82,14.440753,3.285586,6
361,206,14.455987,8.270326,4
361,207,14.465243,8.303883,4
361,208,14.466039,8.348708,77
361,209,14.449510,8.367812,48
361,217,14.467540,8.710332,33
361,218,14.456838,8.736233,75
361,219,14.442581,8.763876,3
361,311,14.478389,12.444701,1
361,312,14.464895,12.506223,36
361,313,14.458342,12.539545,50
361,314,14.447540,12.563537,7
362,-361,14.495994,-14.419985,1
362,-360,14.502524,-14.374985,3
362,-359,14.495724,-14.328769,15
362,-358,14.499309,-14.296990,43
362,-357,14.500888,-14.260560,42
362,-356,14.519503,-14.237828,1
362,-261,14.488000,-10.411118,47
362,-260,14.503814,-10.383052,120
362,-259,14.514780,-10.353509,9
362,-248,14.487628,-9.903494,6
362,-247,14.504165,-9.862774,7
362,-246,14.494723,-9.818009,8
362,-245,14.489390,-9.779232,34
362,-244,14.499420,-9.736988,45
362,-243,14.500495,-9.702259,50
362,-242,14.500415,-9.660140,51
362,-241,14.499378,-9.620552,52
362,-240,14.504434,-9.580963,41
362,-239,14.510567,-9.542096,28
362,-238,14.515319,-9.508586,9
362,-237,14.511016,-9.459486,2
362,-236,14.483062,-9.429942,1
362,-235,14.494116,-9.379999,2
362,-234,14.505556,-9.328323,1
362,-233,14.509779,-9.298837,1
362,-232,14.513905,-9.269043,1
362,-231,14.518117,-9.238620,1
362,-227,14.508621,-9.041745,1
362,-226,14.509901,-9.009255,1
362,-225,14.511210,-8.976098,1
362,-224,14.512543,-8.942259,1
362,-223,14.513907,-8.907708,1
362,-198,14.519934,-7.880866,1
362,-197,14.515075,-7.855529,23
362,-196,14.508612,-7.818066,46
362,-195,14.500575,-7.778255,66
362,-194,14.498279,-7.741206,70
362,-193,14.492094,-7.702519,44
362,-192,14.491370,-7.662592,18
362,-191,14.497691,-7.624180,6
362,-190,14.499550,-7.585981,6
362,-189,14.500713,-7.541564,9
362,-188,14.503254,-7.500115,9
362,-187,14.496373,-7.461905,11
362,-186,14.498435,-7.422180,8
362,-185,14.485617,-7.378466,2
362,-184,14.507809,-7.336511,1
362,-183,14.498382,-7.293857,2
362,-182,14.487140,-7.248089,1
362,-63,14.494209,-2.489730,48
362,-62,14.506272,-2.468577,63
362,-61,14.499732,-2.416314,2
362,204,14.519335,8.196192,1
362,205,14.497363,8.227798,2
362,206,14.498769,8.256297,4
362,207,14.509883,8.309476,55
362,208,14.491891,8.330553,73
362,216,14.508463,8.672707,16
362,217,14.499026,8.699163,88
362,218,14.484444,8.724097,6
362,311,14.505696,12.467058,25
362,312,14.499671,12.499607,49
362,313,14.488371,12.527990,12
363,-360,14.538902,-14.363134,2
363,-359,14.533160,-14.326592,3
363,-358,14.538510,-14.297196,41
363,-357,14.541034,-14.259998,55
363,-356,14.545065,-14.233421,10
363,-260,14.525404,-10.366865,24
363,-259,14.540330,-10.339912,130
363,-258,14.552658,-10.311949,24
363,-246,14.524879,-9.814816,3
363,-245,14.538114,-9.781603,7
363,-244,14.550691,-9.741488,6
363,-243,14.528871,-9.696459,18
363,-242,14.532976,-9.660362,37
363,-241,14.537169,-9.618622,51
363,-240,14.541120,-9.580804,61
363,-239,14.538363,-9.539708,46
363,-238,14.540531,-9.499603,65
363,-237,14.538876,-9.460058,46
363,-236,14.546736,-9.419732,42
363,-235,14.552518,-9.381999,23
363,-234,14.554260,-9.355494,6
363,-231,14.522421,-9.207542,1
363,-230,14.526817,-9.175790,1
363,-229,14.531310,-9.143337,1
363,-201,14.556043,-8.016601,20
363,-200,14.550794,-7.978291,34
363,-199,14.546083,-7.939036,56
363,-198,14.540448,-7.898669,78
363,-197,14.538412,-7.860747,64
363,-196,14.534850,-7.822518,43
363,-195,14.529278,-7.784911,27
363,-194,14.536267,-7.747154,10
363,-193,14.540995,-7.704038,7
363,-192,14.541485,-7.660904,9
363,-191,14.541600,-7.619078,9
363,-190,14.538689,-7.580163,11
363,-189,14.541100,-7.543628,8
363,-188,14.532778,-7.502308,7
363,-187,14.543895,-7.465532,2
363,-186,14.544755,-7.418813,2
363,-185,14.538760,-7.380654,2
363,-184,14.538181,-7.355796,1
363,-183,14.522216,-7.319753,1
363,-63,14.523005,-2.483804,1
363,-62,14.540038,-2.455448,85
363,-61,14.551619,-2.432304,14
363,-60,14.537022,-2.391883,2
363,204,14.557070,8.174565,2
363,205,14.542760,8.226493,3
363,206,14.551215,8.271246,37
363,207,14.535035,8.293249,90
363,215,14.553007,8.635837,7
363,216,14.541417,8.660931,91
363,217,14.528091,8.686407,16
363,309,14.554985,12.381901,1
363,310,14.547518,12.429427,14
363,311,14.542019,12.460470,48
363,312,14.533293,12.489978,21
364,-359,14.575387,-14.351248,3
364,-358,14.579474,-14.292546,19
364,-357,14.579713,-14.260935,46
364,-356,14.581414,-14.228782,31
364,-259,14.563581,-10.323637,5
364,-258,14.576152,-10.297406,122
364,-257,14.591681,-10.268662,54
364,-256,14.598538,-10.237395,1
364,-244,14.564813,-9.740709,3
364,-243,14.573698,-9.700063,5
364,-242,14.580047,-9.663058,8
364,-241,14.578088,-9.622710,6
364,-240,14.574358,-9.572351,13
364,-239,14.569317,-9.540206,31
364,-238,14.577063,-9.501091,38
364,-237,14.580025,-9.460553,63
364,-236,14.581935,-9.421404,55
364,-235,14.580594,-9.378902,57
364,-234,14.579897,-9.339062,69
364,-233,14.580920,-9.301009,53
364,-232,14.585136,-9.261487,42
364,-231,14.589026,-9.223069,36
364,-230,14.593338,-9.182785,26
364,-229,14.597971,-9.147446,10
364,-207,14.598520,-8.247821,5
364,-206,14.595853,-8.216386,19
364,-205,14.592912,-8.178912,27
364,-204,14.588718,-8.139444,42
364,-203,14.584469,-8.099378,61
364,-202,14.577963,-8.058452,67
364,-201,14.580675,-8.020444,67
364,-200,14.577074,-7.981962,57
364,-199,14.572673,-7.943550,39
364,-198,14.572243,-7.905599,24
364,-197,14.579154,-7.856383,10
364,-196,14.576487,-7.818010,6
364,-195,14.579838,-7.784588,7
364,-194,14.581034,-7.738246,12
364,-193,14.581161,-7.696650,9
364,-192,14.577350,-7.658734,11
364,-191,14.577950,-7.619893,6
364,-190,14.572194,-7.582014,4
364,-189,14.583206,-7.545377,3
364,-188,14.577039,-7.504833,2
364,-187,14.576391,-7.466678,2
364,-186,14.570309,-7.428319,1
364,-62,14.569723,-2.446889,16
364,-61,14.581645,-2.424030,82
364,-60,14.582058,-2.381245,4
364,-59,14.597573,-2.341459,1
364,203,14.597602,8.138493,2
364,204,14.586549,8.185633,2
364,205,14.588719,8.230549,19
364,206,14.578213,8.255623,105
364,214,14.595894,8.597882,3
364,215,14.583000,8.623751,79
364,216,14.570695,8.649683,30
364,309,14.590162,12.387674,5
364,310,14.582507,12.421234,53
364,311,14.574767,12.455130,33
365,-359,14.619309,-14.336940,3
365,-358,14.615350,-14.287412,9
365,-357,14.618654,-14.257271,49
365,-356,14.621188,-14.221204,48
365,-355,14.635859,-14.198927,1
365,-257,14.613160,-10.253862,89
365,-256,14.628276,-10.226398,79
365,-255,14.634305,-10.191223,2
365,-241,14.605012,-9.624550,3
365,-240,14.616001,-9.583996,5
365,-239,14.620618,-9.539530,8
365,-238,14.621699,-9.498787,9
365,-237,14.620082,-9.463552,4
365,-236,14.610032,-9.417149,21
365,-235,14.611066,-9.379575,38
365,-234,14.614507,-9.339129,41
365,-233,14.617264,-9.299054,62
365,-232,14.621172,-9.259951,69
365,-231,14.620900,-9.220034,56
365,-230,14.621149,-9.179466,62
365,-229,14.618762,-9.138454,60
365,-228,14.621175,-9.099478,69
365,-227,14.622122,-9.060978,57
365,-226,14.622562,-9.020121,46
365,-225,14.625353,-8.980226,44
365,-224,14.627945,-8.940527,37
365,-223,14.630475,-8.900361,36
365,-222,14.633128,-8.858677,30
365,-221,14.633842,-8.819274,30
365,-220,14.634610,-8.778071,30
365,-219,14.634901,-8.738007,28
365,-218,14.635077,-8.700110,23
365,-217,14.634494,-8.659175,19
365,-216,14.635802,-8.617736,25
365,-215,14.633974,-8.579020,28
365,-214,14.632254,-8.539029,30
365,-213,14.630721,-8.499006,36
365,-212,14.628910,-8.458917,37
365,-211,14.626854,-8.419242,36
365,-210,14.626690,-8.378819,49
365,-209,14.624706,-8.339655,62
365,-208,14.619177,-8.299238,62
365,-207,14.617560,-8.259511,65
365,-206,14.622098,-8.220470,68
365,-205,14.618757,-8.180655,70
365,-204,14.614285,-8.140375,52
365,-203,14.615142,-8.099823,37
365,-202,14.609944,-8.061743,30
365,-201,14.612712,-8.021375,9
365,-200,14.618897,-7.976528,8
365,-199,14.619929,-7.939625,7
365,-198,14.624723,-7.896645,7
365,-197,14.625333,-7.858759,11
365,-196,14.619862,-7.816128,9
365,-195,14.613578,-7.778866,10
365,-194,14.617407,-7.740271,8
365,-193,14.611932,-7.701947,4
365,-192,14.613727,-7.665539,4
365,-191,14.622991,-7.621989,3
365,-190,14.613029,-7.576989,3
365,-189,14.615369,-7.538102,1
365,-188,14.602574,-7.501437,1
365,-61,14.613691,-2.410667,54
365,-60,14.625680,-2.390148,53
365,-59,14.624304,-2.343953,1
365,-58,14.634883,-2.315360,1
365,202,14.638572,8.102032,2
365,203,14.620734,8.137976,1
365,204,14.626755,8.186997,11
365,205,14.619417,8.219432,111
365,206,14.605233,8.243150,3
365,214,14.625560,8.586434,61
365,215,14.613903,8.610043,49
365,308,14.623844,12.344636,5
365,309,14.623086,12.383076,36
365,310,14.617379,12.416952,44
365,311,14.603838,12.440381,1
366,-359,14.656038,-14.324975,2
366,-358,14.678136,-14.317775,1
366,-357,14.657763,-14.255415,32
366,-356,14.660704,-14.220793,55
366,-355,14.664487,-14.194356,14
366,-256,14.648887,-10.210694,61
366,-255,14.665093,-10.184172,104
366,-254,14.673575,-10.152385,12
366,-238,14.647682,-9.507086,2
366,-237,14.649878,-9.460992,6
366,-236,14.658711,-9.421013,7
366,-235,14.659495,-9.379223,9
366,-234,14.656820,-9.338144,10
366,-233,14.661543,-9.298937,10
366,-232,14.658815,-9.253966,14
366,-231,14.651168,-9.216100,28
366,-230,14.651504,-9.178032,33
366,-229,14.651708,-9.138963,48
366,-228,14.655158,-9.100013,42
366,-227,14.656241,-9.058921,52
366,-226,14.658175,-9.019445,63
366,-225,14.659879,-8.979023,61
366,-224,14.662411,-8.939496,67
366,-223,14.663542,-8.898486,75
366,-222,14.662454,-8.859067,66
366,-221,14.662197,-8.819187,66
366,-220,14.660924,-8.779522,53
366,-219,14.662996,-8.739187,52
366,-218,14.660920,-8.699204,60
366,-217,14.661427,-8.660421,71
366,-216,14.661986,-8.621043,66
366,-215,14.662266,-8.580827,65
366,-214,14.661675,-8.541318,65
366,-213,14.662203,-8.500306,67
366,-212,14.660135,-8.458644,62
366,-211,14.656752,-8.419105,60
366,-210,14.655647,-8.380545,52
366,-209,14.656422,-8.339140,39
366,-208,14.651465,-8.301778,36
366,-207,14.648190,-8.264141,33
366,-206,14.652718,-8.224116,13
366,-205,14.660764,-8.181856,8
366,-204,14.658180,-8.144417,9
366,-203,14.657568,-8.104386,6
366,-202,14.662270,-8.060262,8
366,-201,14.663792,-8.018141,13
366,-200,14.662030,-7.974981,9
366,-199,14.658293,-7.939282,10
366,-198,14.654493,-7.899226,10
366,-197,14.661311,-7.858972,6
366,-196,14.656501,-7.826142,5
366,-195,14.654511,-7.785205,6
366,-194,14.660106,-7.742793,2
366,-193,14.655042,-7.699157,3
366,-192,14.649116,-7.659527,2
366,-191,14.641092,-7.611807,1
366,-61,14.642742,-2.406455,2
366,-60,14.657761,-2.376708,85
366,-59,14.671912,-2.352473,19
366,-58,14.666125,-2.303901,2
366,201,14.679456,8.078392,1
366,202,14.660522,8.102481,1
366,203,14.656185,8.141580,5
366,204,14.661300,8.182495,111
366,205,14.645227,8.203285,10
366,213,14.667160,8.549620,45
366,214,14.655373,8.573733,67
366,307,14.674051,12.316718,2
366,308,14.665248,12.346167,28
366,309,14.659183,12.379948,50
366,310,14.647397,12.405445,3
367,-358,14.706328,-14.305613,3
367,-357,14.698758,-14.250512,13
367,-356,14.698965,-14.219389,53
367,-355,14.702360,-14.187347,36
367,-255,14.686116,-10.167385,31
367,-254,14.702572,-10.140800,121
367,-253,14.709026,-10.110235,21
367,-235,14.690244,-9.372111,2
367,-234,14.695940,-9.336374,5
367,-233,14.695176,-9.303457,6
367,-232,14.694349,-9.259848,9
367,-231,14.698244,-9.216888,13
367,-230,14.699789,-9.177671,9
367,-229,14.704161,-9.139695,13
367,-228,14.697254,-9.101716,12
367,-227,14.698805,-9.058537,12
367,-226,14.700634,-9.016942,10
367,-225,14.697333,-8.979197,11
367,-224,14.695813,-8.935005,9
367,-223,14.700649,-8.896366,7
367,-222,14.693013,-8.857299,15
367,-221,14.693059,-8.817373,17
367,-220,14.689339,-8.779532,28
367,-219,14.689883,-8.741401,28
367,-218,14.688341,-8.703145,24
367,-217,14.693642,-8.661639,21
367,-216,14.693177,-8.623574,16
367,-215,14.693390,-8.583878,17
367,-214,14.697848,-8.541349,13
367,-213,14.696286,-8.499521,10
367,-212,14.696535,-8.461877,7
367,-211,14.698241,-8.420022,8
367,-210,14.699603,-8.381606,5
367,-209,14.700180,-8.343584,6
367,-208,14.700627,-8.300228,7
367,-207,14.704094,-8.259247,10
367,-206,14.702901,-8.220124,12
367,-205,14.700419,-8.176235,9
367,-204,14.703005,-8.138599,10
367,-203,14.695137,-8.099237,11
367,-202,14.699326,-8.059979,11
367,-201,14.703067,-8.019900,7
367,-200,14.697504,-7.985213,6
367,-199,14.693894,-7.943121,6
367,-198,14.694640,-7.903759,4
367,-197,14.702224,-7.864398,4
367,-196,14.699505,-7.821066,2
367,-195,14.694787,-7.779258,2
367,-194,14.680016,-7.723339,1
367,-60,14.688369,-2.367074,16
367,-59,14.702494,-2.342534,91
367,-58,14.704282,-2.307703,3
367,-57,14.708825,-2.263638,1
367,201,14.690646,8.059262,2
367,202,14.697716,8.101561,4
367,203,14.703484,8.145312,97
367,204,14.685792,8.166024,28
367,212,14.710456,8.511978,26
367,213,14.698411,8.535866,84
367,306,14.706287,12.272268,2
367,307,14.707522,12.305468,25
367,308,14.699037,12.339895,50
367,309,14.687889,12.366331,12
368,-358,14.740423,-14.288191,2
368,-357,14.731106,-14.244619,2
368,-356,14.738305,-14.215143,50
368,-355,14.741724,-14.181245,45
368,-354,14.750785,-14.153963,7
368,-254,14.722739,-10.125024,8
368,-253,14.737892,-10.098939,122
368,-252,14.750345,-10.068625,44
368,-251,14.755801,-10.036426,2
368,-233,14.720738,-9.291085,2
368,-232,14.730502,-9.263212,3
368,-231,14.736581,-9.221451,6
368,-230,14.740724,-9.178386,7
368,-229,14.741152,-9.140703,5
368,-228,14.735066,-9.097368,8
368,-227,14.735864,-9.062705,10
368,-226,14.733491,-9.022298,9
368,-225,14.735535,-8.979589,12
368,-224,14.736239,-8.938253,12
368,-223,14.740567,-8.899205,13
368,-222,14.743306,-8.859462,11
368,-221,14.743857,-8.821199,10
368,-220,14.743839,-8.783448,10
368,-219,14.746919,-8.739069,12
368,-218,14.745721,-8.698147,7
368,-217,14.746394,-8.663838,10
368,-216,14.747463,-8.624014,9
368,-215,14.745357,-8.584526,10
368,-214,14.745877,-8.543212,10
368,-213,14.744115,-8.500108,11
368,-212,14.744206,-8.462498,10
368,-211,14.739596,-8.420751,14
368,-210,14.737717,-8.377848,11
368,-209,14.733692,-8.340231,10
368,-208,14.737210,-8.303486,11
368,-207,14.740098,-8.260862,10
368,-206,14.738473,-8.219633,8
368,-205,14.733154,-8.181533,7
368,-204,14.736486,-8.145532,4
368,-203,14.733665,-8.101574,6
368,-202,14.738908,-8.058019,4
368,-201,14.747383,-8.018816,2
368,-200,14.739670,-7.982583,2
368,-199,14.731642,-7.946416,2
368,-198,14.729092,-7.910626,1
368,-59,14.733452,-2.329678,43
368,-58,14.745486,-2.308180,64
368,-57,14.731550,-2.267725,1
368,-56,14.745458,-2.237596,1
368,200,14.731724,8.022557,2
368,201,14.736181,8.060156,5
368,202,14.745771,8.108233,78
368,203,14.728675,8.127729,43
368,211,14.750280,8.475494,8
368,212,14.739572,8.498391,88
368,213,14.727222,8.523419,7
368,306,14.747406,12.266205,15
368,307,14.741240,12.299994,54
368,308,14.731782,12.328412,23
369,-357,14.774539,-14.270757,3
369,-356,14.778699,-14.212401,23
369,-355,14.779778,-14.182647,52
369,-354,14.784086,-14.145252,31
369,-253,14.760552,-10.080286,1
369,-252,14.773917,-10.056593,94
369,-251,14.788608,-10.027413,69
369,-250,14.789330,-9.992481,5
369,-229,14.762090,-9.125697,2
369,-228,14.767576,-9.089742,2
369,-227,14.770384,-9.050171,3
369,-226,14.771810,-9.018792,4
369,-225,14.774058,-8.982502,5
369,-224,14.782594,-8.940595,5
369,-223,14.781540,-8.896374,6
369,-222,14.782457,-8.852864,5
369,-221,14.777647,-8.819247,5
369,-220,14.772698,-8.776320,6
369,-219,14.776128,-8.735670,5
369,-218,14.772424,-8.699685,5
369,-217,14.774457,-8.660365,6
369,-216,14.773135,-8.619283,5
369,-215,14.777679,-8.579390,6
369,-214,14.771164,-8.540549,5
369,-213,14.771312,-8.507296,4
369,-212,14.772870,-8.466348,4
369,-211,14.777116,-8.424689,5
369,-210,14.782043,-8.380165,6
369,-209,14.773883,-8.339669,6
369,-208,14.781446,-8.296077,3
369,-207,14.777438,-8.261091,3
369,-206,14.781273,-8.218181,2
369,-205,14.775895,-8.181688,2
369,-204,14.769602,-8.145178,2
369,-203,14.763324,-8.108756,2
369,-59,14.762839,-2.324133,1
369,-58,14.777591,-2.294589,75
369,-57,14.787903,-2.271585,31
369,-56,14.781845,-2.210189,1
369,199,14.773287,7.985424,2
369,200,14.778783,8.022962,5
369,201,14.787961,8.070670,57
369,202,14.771752,8.090349,62
369,210,14.798122,8.435298,3
369,211,14.781658,8.461539,94
369,212,14.766572,8.487377,20
369,305,14.786141,12.226405,10
369,306,14.780454,12.261598,48
369,307,14.776568,12.292101,29
370,-357,14.815519,-14.249817,3
370,-356,14.810260,-14.203589,6
370,-355,14.820991,-14.179503,49
370,-354,14.819735,-14.139492,40
370,-353,14.827149,-14.113993,11
370,-251,14.810702,-10.012651,73
370,-250,14.826181,-9.984521,87
370,-249,14.830992,-9.948271,10
370,-221,14.800277,-8.818232,1
370,-220,14.801657,-8.783294,2
370,-219,14.804244,-8.747022,2
370,-218,14.805872,-8.710625,2
370,-217,14.806655,-8.663905,3
370,-216,14.806710,-8.620046,2
370,-215,14.806358,-8.583485,2
370,-214,14.806006,-8.546977,2
370,-213,14.805654,-8.510518,2
370,-212,14.804421,-8.463245,3
370,-211,14.802620,-8.403735,1
370,-58,14.807019,-2.284502,8
370,-57,14.821093,-2.259040,93
370,-56,14.826015,-2.229834,7
370,-55,14.827385,-2.186748,2
370,198,14.815334,7.947853,2
370,199,14.821878,7.985337,5
370,200,14.828461,8.032412,36
370,201,14.815224,8.052940,81
370,210,14.824390,8.424337,75
370,211,14.812378,8.447886,35
370,303,14.831468,12.159545,1
370,304,14.828348,12.193618,6
370,305,14.821211,12.222760,46
370,306,14.815950,12.255750,34
371,-356,14.856554,-14.228847,3
371,-355,14.857827,-14.175370,28
371,-354,14.859658,-14.140853,46
371,-353,14.862178,-14.104741,33
371,-250,14.846993,-9.969619,43
371,-249,14.863025,-9.943005,106
371,-248,14.869977,-9.908999,20
371,-247,14.874827,-9.872895,3
371,-57,14.850997,-2.247161,25
371,-56,14.862322,-2.225387,77
371,-55,14.870872,-2.186661,3
371,-54,14.853932,-2.155892,1
371,197,14.857883,7.909836,2
371,198,14.865476,7.947273,5
371,199,14.870089,7.993723,24
371,200,14.856956,8.016095,97
371,209,14.866418,8.388363,57
371,210,14.852732,8.410901,50
371,303,14.866823,12.148736,4
371,304,14.862511,12.184905,43
371,305,14.858264,12.215967,43
371,306,14.843767,12.242200,3
372,-356,14.897660,-14.207842,3
372,-355,14.892562,-14.166860,11
372,-354,14.899894,-14.137547,40
372,-353,14.900541,-14.098477,47
372,-352,14.904808,-14.072755,12
372,-249,14.884404,-9.925025,23
372,-248,14.900403,-9.899728,111
372,-247,14.907699,-9.867929,29
372,-246,14.908896,-9.825492,2
372,-56,14.892777,-2.211341,59
372,-55,14.907291,-2.188945,55
372,-54,14.897708,-2.133370,2
372,196,14.892474,7.862287,1
372,197,14.909146,7.900940,5
372,198,14.910141,7.956243,14
372,199,14.898622,7.978967,103
372,200,14.881553,8.001308,4
372,208,14.909154,8.351758,37
372,209,14.895195,8.373004,70
372,210,14.880921,8.401210,1
372,302,14.905725,12.111422,2
372,303,14.904059,12.147302,30
372,304,14.898988,12.179122,52
372,305,14.886454,12.204367,5
373,-355,14.938851,-14.186793,3
373,-354,14.936551,-14.135796,24
373,-353,14.939843,-14.101638,43
373,-352,14.941190,-14.064535,37
373,-248,14.921305,-9.882399,5
373,-247,14.936156,-9.857543,111
373,-246,14.948389,-9.828027,50
373,-245,14.948846,-9.792319,7
373,-56,14.926106,-2.202699,1
373,-55,14.937664,-2.174404,80
373,-54,14.949655,-2.151427,29
373,-53,14.932516,-2.106368,2
373,195,14.936361,7.823016,1
373,196,14.951332,7.859465,4
373,197,14.954599,7.916722,6
373,198,14.940651,7.941248,104
373,199,14.923627,7.964590,11
373,207,14.953151,8.313456,17
373,208,14.937371,8.336666,90
373,209,14.927287,8.368760,2
373,301,14.954182,12.062078,2
373,302,14.946374,12.109416,18
373,303,14.938472,12.139849,54
373,304,14.929766,12.166490,11
374,-355,14.973249,-14.169215,2
374,-354,14.970677,-14.128520,8
374,-353,14.978441,-14.096828,43
374,-352,14.979846,-14.058600,49
374,-351,14.986421,-14.032194,15
374,-246,14.972565,-9.814782,79
374,-245,14.985944,-9.785858,77
374,-244,14.984640,-9.748739,8
374,-243,14.990981,-9.714660,1
374,-55,14.968414,-2.165570,5
374,-54,14.978889,-2.139973,90
374,-53,14.992343,-2.109943,15
374,-52,14.977766,-2.058581,2
374,194,14.980767,7.783278,1
374,195,14.993340,7.814318,3
374,196,14.988507,7.876833,4
374,197,14.982917,7.903346,93
374,198,14.968044,7.926432,23
374,206,14.995684,8.276044,9
374,207,14.980063,8.299994,96
374,208,14.965213,8.323716,8
374,301,14.986843,12.068208,13
374,302,14.980801,12.099300,58
374,303,14.971995,12.128747,21
375,-354,15.021546,-14.144536,3
375,-353,15.016822,-14.091766,20
375,-352,15.020138,-14.059474,49
375,-351,15.021891,-14.022160,43
375,-245,15.008536,-9.772537,53
375,-244,15.023878,-9.744058,99
375,-243,15.028145,-9.707886,19
375,-242,15.034166,-9.656982,1
375,-54,15.008288,-2.126484,24
375,-53,15.022867,-2.103199,82
375,-52,15.027817,-2.071208,6
375,-51,15.029991,-2.016398,1
375,193,15.025710,7.743062,1
375,194,15.031269,7.766973,1
375,195,15.004820,7.835799,2
375,196,15.025069,7.864837,75
375,197,15.011544,7.887495,38
375,205,15.037865,8.239681,1
375,206,15.022625,8.263033,85
375,207,15.008718,8.287655,20
375,300,15.025503,12.029470,6
375,301,15.022180,12.061731,52
375,302,15.015218,12.092312,36
376,-354,15.056143,-14.126857,2
376,-353,15.054108,-14.092645,3
376,-352,15.057887,-14.056932,37
376,-351,15.061196,-14.021169,55
376,-350,15.065733,-13.991936,21
376,-244,15.046461,-9.728451,32
376,-243,15.062252,-9.700586,104
376,-242,15.066377,-9.666670,26
376,-241,15.067391,-9.630076,2
376,-240,15.079422,-9.596536,1
376,-53,15.051665,-2.088942,38
376,-52,15.063841,-2.066813,66
376,-51,15.064596,-2.025386,4
376,-50,15.064511,-1.988514,1
376,192,15.071198,7.702358,1
376,193,15.077507,7.726046,1
376,194,15.046115,7.787221,4
376,195,15.064905,7.827452,65
376,196,15.052860,7.850850,53
376,205,15.065083,8.226945,73
376,206,15.047806,8.249058,37
376,299,15.061303,11.990481,6
376,300,15.061742,12.023563,47
376,301,15.056139,12.054245,37
377,-353,15.104755,-14.102016,3
377,-352,15.093895,-14.050341,13
377,-351,15.099698,-14.017811,53
377,-350,15.101808,-13.981695,47
377,-243,15.085576,-9.685159,12
377,-242,15.097970,-9.658662,107
377,-241,15.108868,-9.625362,43
377,-240,15.102112,-9.589312,6
377,-52,15.092741,-2.052782,65
377,-51,15.108199,-2.028908,51
377,-50,15.107243,-1.975359,1
377,-49,15.098709,-1.958954,1
377,191,15.117238,7.661156,1
377,193,15.091845,7.742652,3
377,194,15.105068,7.787879,47
377,195,15.096023,7.812711,74
377,204,15.108468,8.190845,55
377,205,15.092621,8.211734,56
377,298,15.109973,11.945732,2
377,299,15.102612,11.985449,37
377,300,15.098331,12.016358,48
377,301,15.081995,12.042413,3
378,-353,15.131318,-14.085973,1
378,-352,15.141448,-14.062202,3
378,-351,15.136821,-14.013651,31
378,-350,15.139593,-13.980530,63
378,-349,15.145236,-13.950033,27
378,-242,15.122374,-9.642719,4
378,-241,15.135468,-9.616637,87
378,-240,15.146893,-9.585550,65
378,-239,15.147279,-9.546909,11
378,-238,15.151544,-9.500208,1
378,-52,15.124704,-2.042626,1
378,-51,15.137094,-2.014361,79
378,-50,15.148575,-1.991131,32
378,-49,15.136327,-1.938375,2
378,192,15.138409,7.701772,3
378,193,15.146565,7.749590,38
378,194,15.136790,7.776140,79
378,203,15.151049,8.153037,29
378,204,15.136690,8.173464,77
378,297,15.155580,11.904368,3
378,298,15.144637,11.946504,27
378,299,15.138264,11.978016,56
378,300,15.124713,12.004753,11
379,-352,15.181401,-14.049570,3
379,-351,15.169993,-14.004544,5
379,-350,15.179996,-13.976634,55
379,-349,15.181475,-13.940021,49
379,-348,15.190349,-13.910840,10
379,-240,15.171976,-9.573990,65
379,-239,15.185386,-9.543777,79
379,-238,15.187582,-9.507314,17
379,-237,15.176805,-9.466467,1
379,-51,15.167453,-2.004095,3
379,-50,15.177920,-1.977837,88
379,-49,15.188916,-1.953447,18
379,-48,15.169436,-1.909446,2
379,-47,15.199924,-1.871178,1
379,190,15.163849,7.619444,1
379,191,15.185566,7.660370,3
379,192,15.187234,7.709899,24
379,193,15.178519,7.738283,87
379,194,15.162373,7.763642,4
379,202,15.195563,8.114960,9
379,203,15.178634,8.136938,94
379,204,15.163887,8.169823,2
379,296,15.196577,11.876469,1
379,297,15.187267,11.909788,25
379,298,15.180141,11.940039,55
379,299,15.168346,11.966733,12
380,-351,15.218978,-14.022257,3
380,-350,15.216698,-13.971685,19
380,-349,15.219899,-13.942667,53
380,-348,15.221429,-13.902274,42
380,-347,15.234641,-13.877690,4
380,-239,15.209085,-9.531420,43
380,-238,15.222778,-9.502467,89
380,-237,15.226406,-9.468062,27
380,-236,15.220702,-9.431497,5
380,-235,15.229302,-9.396350,1
380,-50,15.206024,-1.966254,10
380,-49,15.219718,-1.940022,99
380,-48,15.225269,-1.908762,9
380,-47,15.234966,-1.851914,2
380,189,15.217597,7.588427,2
380,190,15.230340,7.634394,2
380,191,15.230317,7.672617,18
380,192,15.220742,7.699507,87
380,193,15.206680,7.724841,18
380,201,15.239511,8.077815,1
380,202,15.220546,8.101179,96
380,203,15.203985,8.125251,10
380,296,15.228565,11.870413,16
380,297,15.221079,11.902384,63
380,298,15.212114,11.929350,22
381,-351,15.244042,-14.004040,1
381,-350,15.253383,-13.976776,4
381,-349,15.256217,-13.937423,40
381,-348,15.260803,-13.899976,49
381,-347,15.262277,-13.864675,33
381,-238,15.246283,-9.489295,24
381,-237,15.259916,-9.460371,97
381,-236,15.265551,-9.428155,33
381,-235,15.268740,-9.392888,8
381,-234,15.256595,-9.359899,1
381,-49,15.246834,-1.926223,17
381,-48,15.261294,-1.902876,92
381,-47,15.273564,-1.867660,7
381,-46,15.267335,-1.822605,2
381,188,15.265160,7.545930,2
381,189,15.278207,7.592515,2
381,190,15.268850,7.633146,13
381,191,15.262247,7.661415,79
381,192,15.249510,7.687431,24
381,201,15.262768,8.065537,87
381,202,15.245974,8.087326,23
381,295,15.264308,11.830533,11
381,296,15.262592,11.860336,50
381,297,15.253454,11.891955,28
382,-350,15.287947,-13.972128,2
382,-349,15.294583,-13.932291,15
382,-348,15.298910,-13.897380,43
382,-347,15.298884,-13.860270,51
382,-346,15.306004,-13.829970,24
382,-237,15.285350,-9.445913,12
382,-236,15.297233,-9.417476,94
382,-235,15.305806,-9.384568,48
382,-234,15.307836,-9.340976,9
382,-233,15.304785,-9.299131,2
382,-48,15.288109,-1.888135,23
382,-47,15.302559,-1.865936,83
382,-46,15.308732,-1.831770,8
382,-45,15.298806,-1.780776,1
382,187,15.313344,7.502878,2
382,189,15.311211,7.592940,8
382,190,15.303326,7.623525,76
382,191,15.290940,7.651266,33
382,200,15.307249,8.029008,59
382,201,15.290388,8.048895,48
382,202,15.283455,8.080330,1
382,294,15.308456,11.793945,5
382,295,15.302199,11.823663,54
382,296,15.296579,11.855545,37
383,-349,15.344501,-13.931021,3
383,-348,15.334034,-13.892815,18
383,-347,15.339529,-13.858645,52
383,-346,15.339906,-13.819789,52
383,-345,15.349877,-13.792536,11
383,-236,15.324862,-9.400203,2
383,-235,15.333782,-9.376807,75
383,-234,15.345332,-9.344289,72
383,-233,15.348817,-9.307262,14
383,-232,15.348271,-9.255096,3
383,-47,15.330021,-1.848592,41
383,-46,15.344874,-1.824612,73
383,-45,15.334736,-1.786599,2
383,-44,15.331282,-1.750585,1
383,186,15.356247,7.447280,1
383,188,15.341780,7.550422,6
383,189,15.343783,7.584443,67
383,190,15.335338,7.612166,49
383,199,15.351052,7.992133,41
383,200,15.332592,8.010669,65
383,293,15.339316,11.756338,3
383,294,15.344310,11.784266,42
383,295,15.336229,11.818038,57
383,296,15.322734,11.840253,1
384,-348,15.382288,-13.903556,3
384,-347,15.376304,-13.854399,29
384,-346,15.379406,-13.820118,57
384,-345,15.381675,-13.782452,49
384,-344,15.395087,-13.757160,3
384,-235,15.360647,-9.360548,1
384,-234,15.372487,-9.333694,51
384,-233,15.383165,-9.303098,81
384,-232,15.386883,-9.267217,22
384,-231,15.386332,-9.227690,5
384,-230,15.396706,-9.181196,1
384,-46,15.371057,-1.810250,46
384,-45,15.384966,-1.786054,74
384,-44,15.374533,-1.738916,3
384,-43,15.394316,-1.703352,2
384,186,15.368075,7.471240,1
384,187,15.386819,7.507385,5
384,188,15.383526,7.544875,55
384,189,15.377242,7.573811,62
384,198,15.392533,7.956286,19
384,199,15.376765,7.974883,86
384,200,15.369088,8.002146,1
384,292,15.393184,11.717431,1
384,293,15.384495,11.747759,38
384,294,15.377998,11.778004,54
384,295,15.365673,11.804564,5
385,-348,15.407521,-13.885215,1
385,-347,15.419423,-13.861948,3
385,-346,15.416802,-13.815542,39
385,-345,15.420604,-13.780200,61
385,-344,15.423114,-13.745390,40
385,-233,15.409159,-9.292238,35
385,-232,15.420687,-9.261588,85
385,-231,15.425697,-9.227579,30
385,-230,15.427376,-9.181934,6
385,-228,15.436933,-9.119033,1
385,-45,15.410884,-1.771118,51
385,-44,15.427207,-1.746925,68
385,-43,15.431062,-1.702621,3
385,-42,15.427105,-1.658276,1
385,185,15.411549,7.415072,2
385,186,15.429189,7.464896,3
385,187,15.424283,7.505889,43
385,188,15.416165,7.537472,67
385,197,15.437246,7.916908,5
385,198,15.419619,7.938261,106
385,199,15.404577,7.969864,3
385,292,15.426133,11.709797,26
385,293,15.420051,11.740787,73
385,294,15.408967,11.766695,11
386,-347,15.451788,-13.853040,2
386,-346,15.452742,-13.812919,5
386,-345,15.457825,-13.776651,48
386,-344,15.459128,-13.740560,60
386,-343,15.466589,-13.710201,25
386,-232,15.447520,-9.249695,22
386,-231,15.457425,-9.219082,91
386,-230,15.466318,-9.184285,43
386,-229,15.469590,-9.140583,7
386,-228,15.450782,-9.109638,1
386,-227,15.470087,-9.074752,1
386,-44,15.451619,-1.731449,55
386,-43,15.467991,-1.707047,60
386,-42,15.466044,-1.669232,3
386,-41,15.458511,-1.627008,1
386,183,15.454185,7.358127,1
386,184,15.465467,7.383010,1
386,185,15.473216,7.419640,2
386,186,15.465179,7.465230,40
386,187,15.456845,7.499174,75
386,188,15.443726,7.523388,6
386,197,15.460905,7.903297,93
386,198,15.448768,7.927493,9
386,291,15.467500,11.669421,16
386,292,15.460636,11.698527,67
386,293,15.449638,11.727868,21
387,-346,15.496203,-13.820758,3
387,-345,15.488250,-13.767708,10
387,-344,15.497326,-13.738119,59
387,-343,15.500754,-13.701113,65
387,-342,15.512431,-13.674298,12
387,-231,15.485414,-9.207002,12
387,-230,15.496261,-9.176827,78
387,-229,15.505202,-9.143186,58
387,-228,15.508203,-9.105131,10
387,-227,15.508809,-9.075104,2
387,-226,15.505944,-9.031763,2
387,-43,15.491873,-1.693032,55
387,-42,15.507045,-1.667906,60
387,-41,15.498702,-1.632011,2
387,-40,15.501730,-1.596703,2
387,182,15.503242,7.312813,1
387,183,15.514174,7.338159,1
387,184,15.518575,7.383587,1
387,185,15.505601,7.425716,37
387,186,15.498198,7.459669,74
387,187,15.485333,7.485973,12
387,196,15.505867,7.866139,76
387,197,15.488509,7.885212,34
387,290,15.510865,11.628867,9
387,291,15.500728,11.662532,65
387,292,15.493348,11.691303,31
388,-344,15.530995,-13.730278,19
388,-343,15.539634,-13.699395,65
388,-342,15.540950,-13.662161,55
388,-341,15.553664,-13.631476,8
388,-230,15.522816,-9.164582,4
388,-229,15.534174,-9.135855,65
388,-228,15.543376,-9.102514,69
388,-227,15.545239,-9.067116,18
388,-226,15.549599,-9.034810,2
388,-225,15.544274,-8.989047,2
388,-42,15.532416,-1.652000,62
388,-41,15.547019,-1.627485,58
388,-40,15.539795,-1.575797,3
388,-39,15.551243,-1.532995,1
388,181,15.552938,7.266915,1
388,184,15.545699,7.387157,31
388,185,15.540107,7.420199,74
388,186,15.528220,7.446857,19
388,195,15.548483,7.830848,53
388,196,15.531294,7.848023,48
388,197,15.520426,7.885336,1
388,289,15.552968,11.591978,3
388,290,15.542793,11.623348,59
388,291,15.534024,11.656956,51
389,-343,15.573802,-13.691323,30
389,-342,15.579584,-13.661186,67
389,-341,15.581635,-13.620245,50
389,-340,15.592205,-13.592041,9
389,-229,15.560038,-9.122852,1
389,-228,15.572463,-9.094206,48
389,-227,15.581878,-9.061541,79
389,-226,15.585446,-9.026704,29
389,-225,15.588836,-8.985875,6
389,-224,15.580681,-8.948550,3
389,-41,15.572127,-1.611452,60
389,-40,15.587698,-1.586402,64
389,-39,15.588102,-1.544662,3
389,-38,15.581546,-1.500661,1
389,182,15.563537,7.292701,1
389,183,15.588488,7.347471,30
389,184,15.580239,7.381117,79
389,185,15.568621,7.408259,18
389,194,15.592905,7.793092,36
389,195,15.574236,7.812217,74
389,196,15.567404,7.840441,2
389,289,15.582857,11.583703,44
389,290,15.577796,11.614995,57
390,-342,15.615100,-13.654428,43
390,-341,15.621214,-13.620389,56
390,-340,15.620542,-13.580709,51
390,-339,15.631356,-13.552713,10
390,-227,15.610951,-9.051970,29
390,-226,15.620125,-9.020120,82
390,-225,15.626257,-8.986093,38
390,-224,15.624846,-8.944534,7
390,-223,15.625345,-8.895090,2
390,-222,15.630702,-8.871555,1
390,-40,15.611429,-1.571020,53
390,-39,15.626900,-1.546964,63
390,-38,15.624967,-1.511978,4
390,-37,15.620987,-1.472168,2
390,180,15.601138,7.220756,1
390,181,15.617408,7.261287,2
390,182,15.627889,7.308222,22
390,183,15.621433,7.340304,73
390,184,15.610957,7.367994,23
390,193,15.635651,7.756381,12
390,194,15.618192,7.776056,90
390,287,15.633063,11.514878,1
390,288,15.624469,11.547471,40
390,289,15.618208,11.579723,74
390,290,15.606209,11.602840,5
391,-342,15.643489,-13.645667,2
391,-341,15.656380,-13.618202,40
391,-340,15.659745,-13.580598,59
391,-339,15.661114,-13.539764,63
391,-338,15.672051,-13.510858,11
391,-226,15.647354,-9.010513,17
391,-225,15.658300,-8.978488,79
391,-224,15.665465,-8.943707,53
391,-223,15.665307,-8.898588,11
391,-222,15.676939,-8.866297,2
391,-221,15.651779,-8.832080,1
391,-39,15.650357,-1.530672,53
391,-38,15.666179,-1.504379,68
391,-37,15.672075,-1.465270,5
391,-36,15.656323,-1.420872,2
391,179,15.647688,7.174380,1
391,180,15.664151,7.215322,2
391,181,15.666797,7.267884,21
391,182,15.660662,7.300782,77
391,183,15.651449,7.330164,26
391,192,15.676164,7.716844,1
391,193,15.659677,7.740486,101
391,194,15.649577,7.764317,4
391,287,15.668398,11.509652,27
391,288,15.658978,11.539008,69
391,289,15.648088,11.565492,11
392,-341,15.685696,-13.606786,2
392,-340,15.694539,-13.576346,38
392,-339,15.701081,-13.540288,59
392,-338,15.700643,-13.500371,65
392,-337,15.712577,-13.471339,14
392,-225,15.685274,-8.968005,9
392,-224,15.697152,-8.937973,64
392,-223,15.703383,-8.903896,65
392,-222,15.707405,-8.866643,14
392,-221,15.709960,-8.824185,4
392,-220,15.694544,-8.781036,2
392,-38,15.688246,-1.490776,43
392,-37,15.705750,-1.464531,74
392,-36,15.704746,-1.429484,6
392,-35,15.707766,-1.377812,2
392,178,15.699887,7.141004,2
392,179,15.718004,7.182972,1
392,180,15.708894,7.226456,22
392,181,15.701658,7.261752,85
392,182,15.689510,7.292716,28
392,192,15.702022,7.704951,92
392,193,15.685443,7.726694,16
392,286,15.708030,11.470215,17
392,287,15.701349,11.501423,78
392,288,15.690779,11.528333,24
393,-340,15.723357,-13.563918,2
393,-339,15.734804,-13.535083,33
393,-338,15.739698,-13.500808,61
393,-337,15.740598,-13.460619,67
393,-336,15.751648,-13.432235,17
393,-224,15.722965,-8.924665,4
393,-223,15.735084,-8.895774,56
393,-222,15.741516,-8.860957,70
393,-221,15.747578,-8.827133,21
393,-220,15.745080,-8.787054,7
393,-219,15.746431,-8.722087,2
393,-37,15.726716,-1.448370,36
393,-36,15.744204,-1.422188,86
393,-35,15.756155,-1.385206,8
393,-34,15.736080,-1.345415,2
393,-33,15.758023,-1.305805,1
393,176,15.742514,7.079915,1
393,177,15.752358,7.107505,1
393,178,15.756604,7.147291,2
393,179,15.749801,7.188269,22
393,180,15.741861,7.220512,87
393,181,15.728018,7.249950,25
393,191,15.746080,7.668620,70
393,192,15.728948,7.688296,39
393,285,15.752592,11.432562,7
393,286,15.741925,11.462211,74
393,287,15.731611,11.490176,25
394,-338,15.772945,-13.493418,30
394,-337,15.779131,-13.460180,66
394,-336,15.780580,-13.421017,70
394,-335,15.790690,-13.392942,18
394,-223,15.760467,-8.881034,1
394,-222,15.773761,-8.855486,42
394,-221,15.780304,-8.820203,77
394,-220,15.787759,-8.785176,31
394,-219,15.778581,-8.747933,7
394,-218,15.775539,-8.703660,2
394,-217,15.775504,-8.666830,1
394,-36,15.767076,-1.406292,25
394,-35,15.782164,-1.381641,85
394,-34,15.790648,-1.349947,17
394,-33,15.797485,-1.288770,1
394,-32,15.786548,-1.273190,1
394,176,15.791813,7.061520,1
394,177,15.792849,7.102404,2
394,178,15.789298,7.146464,30
394,179,15.779102,7.178601,92
394,180,15.766195,7.208319,18
394,190,15.790690,7.631135,48
394,191,15.772186,7.649850,60
394,284,15.796652,11.394268,5
394,285,15.782569,11.424235,65
394,286,15.777310,11.451317,48
395,-337,15.810607,-13.452267,24
395,-336,15.819177,-13.419226,66
395,-335,15.820316,-13.380595,79
395,-334,15.830969,-13.350964,19
395,-221,15.811637,-8.812782,28
395,-220,15.818800,-8.778739,71
395,-219,15.826039,-8.743970,45
395,-218,15.821989,-8.701781,11
395,-217,15.832496,-8.664246,3
395,-216,15.819589,-8.607948,1
395,-35,15.804620,-1.365304,13
395,-34,15.820218,-1.339443,94
395,-33,15.827326,-1.310536,19
395,-32,15.819655,-1.249025,2
395,175,15.828032,7.015769,1
395,176,15.833282,7.066034,4
395,177,15.827749,7.104183,56
395,178,15.816217,7.137120,87
395,179,15.803869,7.166048,9
395,189,15.834394,7.594758,24
395,190,15.816346,7.613585,80
395,191,15.801698,7.648312,2
395,283,15.836348,11.352660,2
395,284,15.826103,11.385899,53
395,285,15.814264,11.415581,59
395,286,15.800280,11.442315,1
396,-336,15.848816,-13.411133,20
396,-335,15.859082,-13.378469,69
396,-334,15.860709,-13.340524,85
396,-333,15.871308,-13.309381,23
396,-220,15.847690,-8.772915,20
396,-219,15.858980,-8.738861,67
396,-218,15.863375,-8.702753,55
396,-217,15.864234,-8.667093,9
396,-216,15.867238,-8.629041,4
396,-215,15.858387,-8.595131,2
396,-214,15.865219,-8.547006,1
396,-34,15.842711,-1.327148,4
396,-33,15.855552,-1.298156,96
396,-32,15.872697,-1.268214,36
396,-31,15.846945,-1.216435,2
396,-30,15.873927,-1.183438,2
396,174,15.867951,6.984187,2
396,175,15.872589,7.033582,15
396,176,15.862897,7.063186,69
396,177,15.854988,7.094641,66
396,178,15.843577,7.126567,1
396,188,15.877111,7.557939,10
396,189,15.858578,7.577501,93
396,190,15.849924,7.607217,3
396,282,15.878990,11.317096,1
396,283,15.864810,11.349034,34
396,284,15.859724,11.377403,72
396,285,15.843223,11.403286,4
397,-335,15.887672,-13.369777,12
397,-334,15.897653,-13.338328,71
397,-333,15.900491,-13.301237,84
397,-332,15.908679,-13.266214,39
397,-219,15.887493,-8.727659,10
397,-218,15.896686,-8.698368,57
397,-217,15.901736,-8.661459,71
397,-216,15.904063,-8.627189,15
397,-215,15.906704,-8.581723,5
397,-213,15.912485,-8.483874,1
397,-33,15.880968,-1.281225,1
397,-32,15.893078,-1.255581,70
397,-31,15.909307,-1.228549,56
397,-30,15.912127,-1.182001,4
397,-29,15.897577,-1.139143,1
397,173,15.904652,6.937487,2
397,174,15.909518,6.988933,24
397,175,15.902147,7.020699,85
397,176,15.890234,7.053174,45
397,188,15.901642,7.541756,100
397,189,15.887538,7.564926,8
397,282,15.908971,11.310580,24
397,283,15.899121,11.339112,78
397,284,15.885455,11.367076,13
398,-334,15.926573,-13.326677,9
398,-333,15.937424,-13.297310,66
398,-332,15.940373,-13.259299,83
398,-331,15.945072,-13.224221,50
398,-330,15.958336,-13.198999,2
398,-218,15.925984,-8.684385,5
398,-217,15.937236,-8.656921,46
398,-216,15.938368,-8.620477,70
398,-215,15.946613,-8.586450,30
398,-214,15.939414,-8.537521,7
398,-213,15.934261,-8.495606,2
398,-31,15.930229,-1.211570,53
398,-30,15.947268,-1.184719,74
398,-29,15.947398,-1.150056,7
398,-28,15.940019,-1.101648,2
398,-27,15.951630,-1.072404,1
398,171,15.937054,6.876039,1
398,172,15.953371,6.913253,3
398,173,15.947648,6.945438,47
398,174,15.938147,6.978857,84
398,175,15.928229,7.008786,23
398,187,15.943251,7.506116,77
398,188,15.929577,7.526416,25
398,281,15.952298,11.270233,14
398,282,15.941938,11.301049,79
398,283,15.929786,11.326175,22
399,-333,15.964388,-13.287281,5
399,-332,15.975898,-13.257306,56
399,-331,15.978875,-13.219646,85
399,-330,15.983864,-13.183602,70
399,-329,15.995268,-13.156208,6
399,-217,15.962235,-8.641779,2
399,-216,15.973035,-8.617059,38
399,-215,15.979488,-8.579953,68
399,-214,15.986090,-8.544290,42
399,-213,15.978706,-8.498237,6
399,-212,15.979410,-8.475704,2
399,-211,15.979136,-8.429130,2
399,-30,15.967369,-1.166969,33
399,-29,15.984017,-1.140274,89
399,-28,15.988605,-1.111736,8
399,-27,15.990081,-1.070684,2
399,-26,15.978029,-1.037660,1
399,170,15.971584,6.829054,1
399,171,15.992007,6.868852,17
399,172,15.982758,6.903590,69
399,173,15.976206,6.936697,69
399,174,15.965135,6.964916,9
399,186,15.987778,7.469018,60
399,187,15.969527,7.489155,49
399,280,15.992860,11.234841,8
399,281,15.982683,11.263857,76
399,282,15.970742,11.292051,39
400,-332,16.002688,-13.243764,2
400,-331,16.012429,-13.214672,40
400,-330,16.019016,-13.179153,86
400,-329,16.022244,-13.141577,86
400,-328,16.034330,-13.112644,15
400,-215,16.010664,-8.574635,29
400,-214,16.019646,-8.540690,63
400,-213,16.023478,-8.503898,54
400,-212,16.026776,-8.469955,10
400,-211,16.027946,-8.423795,7
400,-210,16.010612,-8.380906,2
400,-209,16.012282,-8.350583,1
400,-29,16.003772,-1.125571,9
400,-28,16.018334,-1.098701,104
400,-27,16.031770,-1.066829,27
400,-26,16.013584,-1.012207,3
400,-25,16.030203,-0.968990,1
400,169,16.027115,6.790626,3
400,170,16.028731,6.825505,33
400,171,16.021707,6.860746,81
400,172,16.011427,6.894169,47
400,173,16.003511,6.923986,1
400,185,16.031993,7.432289,39
400,186,16.014418,7.451848,69
400,187,16.006654,7.484687,2
400,279,16.030630,11.195143,1
400,280,16.023491,11.224610,59
400,281,16.016291,11.251394,51
401,-330,16.048986,-13.171377,24
401,-329,16.057998,-13.137991,85
401,-328,16.061246,-13.100932,95
401,-327,16.071431,-13.070643,30
401,-214,16.048692,-8.530856,17
401,-213,16.059332,-8.498639,62
401,-212,16.062913,-8.461489,56
401,-211,16.068284,-8.428150,16
401,-210,16.062826,-8.381416,6
401,-209,16.075944,-8.337003,1
401,-208,16.065021,-8.280141,1
401,-27,16.052757,-1.056742,75
401,-26,16.068758,-1.026917,62
401,-25,16.072986,-0.975774,4
401,-24,16.067768,-0.934917,2
401,167,16.075801,6.685586,1
401,168,16.070574,6.747921,8
401,169,16.065093,6.783129,53
401,170,16.057500,6.820543,80
401,171,16.047181,6.854358,18
401,184,16.075303,7.395268,19
401,185,16.057863,7.414732,82
401,186,16.047747,7.444086,3
401,278,16.079891,11.155526,1
401,279,16.064431,11.187562,52
401,280,16.055328,11.216045,69
402,-329,16.084818,-13.128148,12
402,-328,16.096474,-13.096013,77
402,-327,16.100447,-13.059488,107
402,-326,16.108623,-13.026960,45
402,-213,16.089764,-8.486460,10
402,-212,16.098156,-8.457266,56
402,-211,16.101396,-8.420761,60
402,-210,16.108612,-8.386407,25
402,-209,16.102652,-8.338564,7
402,-208,16.103321,-8.301443,1
402,-207,16.096522,-8.255147,1
402,-206,16.119803,-8.206972,1
402,-26,16.088201,-1.010751,46
402,-25,16.105359,-0.982574,83
402,-24,16.107832,-0.944740,6
402,-23,16.092596,-0.901711,2
402,-22,16.106459,-0.865566,1
402,165,16.108833,6.637371,1
402,167,16.110645,6.705712,24
402,168,16.102957,6.741433,74
402,169,16.093794,6.777482,64
402,170,16.083853,6.810404,8
402,183,16.118043,7.356396,4
402,184,16.100274,7.378706,97
402,185,16.088019,7.408288,5
402,278,16.106622,11.150133,34
402,279,16.099547,11.176974,80
402,280,16.083385,11.203048,3
403,-328,16.123364,-13.080864,2
403,-327,16.133169,-13.054618,57
403,-326,16.139176,-13.019205,117
403,-325,16.147520,-12.984446,69
403,-212,16.126230,-8.445080,3
403,-211,16.137300,-8.418322,43
403,-210,16.139339,-8.382136,63
403,-209,16.146458,-8.345352,37
403,-208,16.140404,-8.298244,5
403,-207,16.143959,-8.267861,4
403,-206,16.159659,-8.228257,1
403,-25,16.125284,-0.965453,19
403,-24,16.138919,-0.939572,93
403,-23,16.149401,-0.909629,30
403,-22,16.142003,-0.867992,2
403,-21,16.141106,-0.833346,2
403,-20,16.155814,-0.795672,1
403,164,16.142190,6.588687,1
403,165,16.154555,6.634256,6
403,166,16.145745,6.664478,47
403,167,16.141354,6.700351,79
403,168,16.129452,6.735461,32
403,182,16.155515,7.319938,1
403,183,16.142512,7.342805,88
403,184,16.127616,7.366972,17
403,277,16.150021,11.111401,19
403,278,16.138636,11.139564,90
403,279,16.125607,11.166623,12
404,-326,16.169054,-13.012605,32
404,-325,16.178271,-12.979135,113
404,-324,16.184698,-12.944002,96
404,-323,16.195771,-12.916016,6
404,-211,16.164645,-8.402096,1
404,-210,16.174855,-8.375167,41
404,-209,16.179597,-8.339164,57
404,-208,16.183853,-8.303404,45
404,-207,16.186264,-8.266633,9
404,-206,16.184784,-8.228820,3
404,-205,16.188655,-8.190589,1
404,-204,16.184668,-8.129471,2
404,-24,16.174602,-0.937036,1
404,-23,16.171954,-0.896055,77
404,-22,16.188221,-0.865701,62
404,-21,16.189943,-0.820061,6
404,-20,16.188694,-0.765422,2
404,163,16.175869,6.539528,1
404,164,16.191574,6.587259,20
404,165,16.182234,6.621423,69
404,166,16.176660,6.657032,68
404,167,16.166284,6.687756,10
404,182,16.184634,7.307212,70
404,183,16.170368,7.329351,34
404,276,16.193672,11.070417,7
404,277,16.182704,11.102505,90
404,278,16.170402,11.126494,21
405,-325,16.205433,-12.968751,14
405,-324,16.216777,-12.937377,102
405,-323,16.222353,-12.902417,117
405,-322,16.234888,-12.873065,18
405,-209,16.212582,-8.334056,29
405,-208,16.218929,-8.298899,61
405,-207,16.223366,-8.261634,50
405,-206,16.223016,-8.223949,14
405,-205,16.232108,-8.175206,5
405,-204,16.218223,-8.152181,1
405,-202,16.235982,-8.051804,1
405,-23,16.204092,-0.896918,1
405,-22,16.206967,-0.848945,37
405,-21,16.223418,-0.820622,93
405,-20,16.228140,-0.792075,16
405,-19,16.222577,-0.745246,4
405,-18,16.227855,-0.690608,1
405,161,16.239661,6.440924,1
405,162,16.231705,6.508073,7
405,163,16.226227,6.543191,50
405,164,16.219620,6.580428,80
405,165,16.210211,6.616216,38
405,166,16.202790,6.647679,1
405,181,16.228961,7.269530,47
405,182,16.213677,7.290528,61
405,275,16.235700,11.035367,3
405,276,16.223985,11.064252,79
405,277,16.211463,11.090483,36
406,-324,16.242380,-12.924953,3
406,-323,16.252895,-12.896070,77
406,-322,16.261562,-12.860749,141
406,-321,16.272137,-12.830083,37
406,-208,16.248679,-8.291987,19
406,-207,16.260304,-8.259004,55
406,-206,16.260380,-8.221260,59
406,-205,16.268569,-8.185582,18
406,-204,16.262414,-8.141333,5
406,-203,16.266434,-8.111751,4
406,-202,16.279156,-8.073024,1
406,-21,16.248386,-0.803406,5
406,-20,16.254151,-0.777572,86
406,-19,16.269256,-0.747118,52
406,-18,16.268942,-0.705978,6
406,-17,16.257963,-0.662586,2
406,-16,16.274383,-0.619695,1
406,159,16.271148,6.391146,1
406,160,16.279352,6.438317,1
406,161,16.269880,6.464379,27
406,162,16.261972,6.501236,67
406,163,16.255498,6.538353,60
406,164,16.245385,6.571881,14
406,180,16.271619,7.232798,29
406,181,16.256209,7.253466,75
406,182,16.249971,7.285015,1
406,275,16.265602,11.026686,64
406,276,16.255461,11.052590,58
407,-322,16.290194,-12.853308,49
407,-321,16.299112,-12.819006,150
407,-320,16.309975,-12.787715,61
407,-207,16.287598,-8.252376,10
407,-206,16.297811,-8.218884,50
407,-205,16.299980,-8.181030,59
407,-204,16.306398,-8.144649,28
407,-203,16.299978,-8.098860,4
407,-202,16.307506,-8.076238,2
407,-201,16.310558,-8.032233,1
407,-200,16.296543,-7.980682,2
407,-20,16.289588,-0.772880,1
407,-19,16.287238,-0.731904,43
407,-18,16.304289,-0.700517,94
407,-17,16.308108,-0.666651,10
407,-16,16.304430,-0.624107,3
407,-15,16.297362,-0.584675,1
407,159,16.313909,6.389089,13
407,160,16.303953,6.421896,57
407,161,16.299596,6.459297,71
407,162,16.290134,6.496457,40
407,163,16.285078,6.524996,1
407,179,16.314666,7.194308,17
407,180,16.299419,7.216975,90
407,181,16.289346,7.243028,4
407,274,16.306667,10.989360,42
407,275,16.295357,11.015364,79
408,-321,16.327227,-12.809235,25
408,-320,16.336736,-12.777370,140
408,-319,16.347450,-12.745344,100
408,-206,16.327198,-8.204666,8
408,-205,16.337274,-8.177078,43
408,-204,16.338967,-8.140235,59
408,-203,16.345996,-8.103377,42
408,-202,16.337594,-8.060287,6
408,-201,16.350355,-8.021420,3
408,-200,16.335557,-7.984060,2
408,-18,16.325823,-0.688469,6
408,-17,16.333200,-0.658876,86
408,-16,16.349683,-0.626044,60
408,-15,16.349180,-0.582384,6
408,-14,16.335569,-0.543073,2
408,-13,16.342221,-0.513342,1
408,157,16.357062,6.313541,5
408,158,16.347399,6.344395,42
408,159,16.340277,6.380772,70
408,160,16.335356,6.416330,53
408,161,16.326798,6.448187,12
408,178,16.357120,7.156428,6
408,179,16.341139,7.180933,85
408,180,16.330081,7.207367,9
408,273,16.347799,10.950518,24
408,274,16.339598,10.977410,96
408,275,16.326735,11.002615,3
409,-320,16.364495,-12.766394,7
409,-319,16.374021,-12.735840,114
409,-318,16.384934,-12.703573,139
409,-317,16.398093,-12.675955,5
409,-205,16.364028,-8.162978,2
409,-204,16.375562,-8.136384,38
409,-203,16.380079,-8.098966,56
409,-202,16.382196,-8.062752,43
409,-201,16.389713,-8.026823,12
409,-200,16.380053,-7.980446,5
409,-199,16.382127,-7.946901,2
409,-198,16.361953,-7.883551,1
409,-17,16.372258,-0.647740,1
409,-16,16.367161,-0.610435,36
409,-15,16.382109,-0.580923,92
409,-14,16.392022,-0.549515,27
409,-13,16.391028,-0.507259,4
409,-12,16.380817,-0.462355,3
409,156,16.390898,6.263858,29
409,157,16.381169,6.301759,64
409,158,16.377420,6.339203,63
409,159,16.368956,6.374500,25
409,178,16.383384,7.144458,84
409,179,16.370280,7.169095,23
409,272,16.391368,10.913627,12
409,273,16.379566,10.940341,94
409,274,16.365143,10.964990,8
410,-318,16.410524,-12.693054,79
410,-317,16.422598,-12.661681,173
410,-316,16.435154,-12.634537,23
410,-203,16.413142,-8.094428,30
410,-202,16.419313,-8.059101,55
410,-201,16.421491,-8.020942,51
410,-200,16.428137,-7.985717,15
410,-199,16.418915,-7.932933,4
410,-198,16.424968,-7.907903,3
410,-197,16.405729,-7.845978,1
410,-195,16.429002,-7.794000,1
410,-15,16.411308,-0.570394,3
410,-14,16.411581,-0.537459,72
410,-13,16.427704,-0.504378,74
410,-12,16.429387,-0.467585,8
410,-11,16.422968,-0.418195,4
410,-10,16.428844,-0.370850,1
410,154,16.433003,6.188185,15
410,155,16.424467,6.222787,59
410,156,16.419991,6.259457,66
410,157,16.412217,6.296333,42
410,158,16.404282,6.331568,4
410,177,16.424953,7.108169,62
410,178,16.411951,7.131300,41
410,271,16.436335,10.873514,6
410,272,16.421619,10.902854,97
410,273,16.408174,10.928880,28
411,-317,16.447988,-12.649822,40
411,-316,16.459335,-12.619251,185
411,-315,16.472995,-12.591476,49
411,-202,16.451226,-8.052570,21
411,-201,16.460202,-8.019509,55
411,-200,16.460115,-7.981156,53
411,-199,16.464426,-7.946636,24
411,-198,16.464726,-7.914296,3
411,-197,16.464657,-7.865446,6
411,-196,16.477801,-7.814982,1
411,-115,16.478768,-4.577278,2
411,-114,16.474991,-4.536431,3
411,-113,16.477223,-4.496619,5
411,-112,16.476912,-4.459815,6
411,-111,16.476173,-4.427238,7
411,-110,16.474225,-4.378438,8
411,-109,16.473929,-4.331762,4
411,-108,16.473354,-4.297847,3
411,-107,16.472407,-4.260179,6
411,-106,16.473690,-4.222460,4
411,-105,16.468689,-4.183895,2
411,-104,16.470831,-4.150053,2
411,-103,16.473418,-4.105970,3
411,-102,16.476222,-4.065135,2
411,-101,16.478988,-4.030445,2
411,-14,16.452127,-0.521657,1
411,-13,16.443765,-0.487265,19
411,-12,16.456801,-0.459743,94
411,-11,16.471995,-0.426436,44
411,-10,16.464867,-0.383248,4
411,-9,16.461064,-0.333986,2
411,-8,16.470029,-0.297614,1
411,152,16.475098,6.109303,9
411,153,16.466089,6.142323,45
411,154,16.460907,6.179677,75
411,155,16.455144,6.216928,53
411,156,16.448297,6.253878,10
411,176,16.467463,7.070337,41
411,177,16.455155,7.093370,66
411,270,16.479318,10.834294,1
411,271,16.463677,10.864465,78
411,272,16.451703,10.889127,44
412,-316,16.485851,-12.606863,15
412,-315,16.495422,-12.577101,167
412,-314,16.510669,-12.548513,94
412,-201,16.489517,-8.009562,10
412,-200,16.498185,-7.979269,51
412,-199,16.499810,-7.940555,57
412,-198,16.506727,-7.903957,34
412,-197,16.507207,-7.866203,5
412,-196,16.508172,-7.819446,2
412,-195,16.513463,-7.768653,1
412,-193,16.499004,-7.700506,1
412,-123,16.517285,-4.895737,10
412,-122,16.514061,-4.859612,20
412,-121,16.508317,-4.819256,19
412,-120,16.505852,-4.779763,24
412,-119,16.504343,-4.739186,31
412,-118,16.501820,-4.701144,33
412,-117,16.497828,-4.661462,34
412,-116,16.500603,-4.620303,44
412,-115,16.500143,-4.579995,47
412,-114,16.498220,-4.539717,44
412,-113,16.496665,-4.499897,43
412,-112,16.497545,-4.459490,40
412,-111,16.496676,-4.419395,39
412,-110,16.496863,-4.380404,46
412,-109,16.499374,-4.340218,53
412,-108,16.500205,-4.300401,57
412,-107,16.498480,-4.260189,48
412,-106,16.499274,-4.219489,45
412,-105,16.501280,-4.180597,50
412,-104,16.503665,-4.140341,51
412,-103,16.507088,-4.101333,46
412,-102,16.508211,-4.060363,39
412,-101,16.511211,-4.021757,27
412,-100,16.507769,-3.980923,26
412,-99,16.506993,-3.941246,11
412,-98,16.508477,-3.896982,8
412,-97,16.509160,-3.854802,6
412,-96,16.507864,-3.816597,2
412,-95,16.513533,-3.783895,2
412,-94,16.518337,-3.757719,1
412,-12,16.483365,-0.454958,1
412,-11,16.487335,-0.413509,46
412,-10,16.502570,-0.380923,90
412,-9,16.511522,-0.349433,30
412,-8,16.500816,-0.307995,2
412,-7,16.500511,-0.263105,2
412,-6,16.510479,-0.225553,1
412,150,16.515245,6.033559,5
412,151,16.507333,6.062408,37
412,152,16.501001,6.101567,71
412,153,16.497068,6.138281,56
412,154,16.489986,6.172315,20
412,175,16.510231,7.032774,25
412,176,16.496880,7.056787,76
412,177,16.484430,7.085770,2
412,270,16.505921,10.827325,63
412,271,16.493731,10.851903,61
412,272,16.480598,10.880401,1
413,-315,16.522590,-12.562342,4
413,-314,16.531984,-12.533870,128
413,-313,16.547877,-12.505330,141
413,-200,16.525141,-7.968676,7
413,-199,16.538583,-7.938329,43
413,-198,16.539254,-7.901074,52
413,-197,16.543931,-7.862936,43
413,-196,16.544815,-7.821295,9
413,-195,16.533778,-7.775960,4
413,-194,16.548142,-7.739200,2
413,-193,16.524406,-7.688934,1
413,-128,16.556733,-5.096161,8
413,-127,16.550815,-5.058763,18
413,-126,16.544660,-5.017274,19
413,-125,16.541775,-4.977219,30
413,-124,16.535154,-4.939445,30
413,-123,16.539438,-4.900614,31
413,-122,16.542757,-4.860149,27
413,-121,16.539534,-4.818960,30
413,-120,16.538289,-4.779986,31
413,-119,16.537328,-4.741723,25
413,-118,16.536090,-4.699334,26
413,-117,16.531867,-4.659894,26
413,-116,16.535160,-4.620458,17
413,-115,16.534232,-4.576375,13
413,-114,16.531295,-4.539087,13
413,-113,16.528052,-4.501195,15
413,-112,16.525664,-4.460075,15
413,-111,16.524922,-4.421625,13
413,-110,16.524562,-4.381428,12
413,-109,16.529672,-4.345738,5
413,-108,16.531415,-4.300238,5
413,-107,16.524182,-4.256781,12
413,-106,16.524784,-4.219746,14
413,-105,16.525903,-4.179712,15
413,-104,16.527973,-4.139420,14
413,-103,16.528561,-4.097255,19
413,-102,16.528922,-4.059458,26
413,-101,16.530068,-4.017734,40
413,-100,16.533295,-3.979494,44
413,-99,16.535525,-3.938993,63
413,-98,16.540445,-3.899510,60
413,-97,16.545437,-3.859714,62
413,-96,16.548642,-3.820356,50
413,-95,16.550299,-3.781741,29
413,-94,16.542371,-3.743526,10
413,-93,16.544530,-3.703543,8
413,-92,16.547534,-3.659136,6
413,-91,16.547930,-3.619289,3
413,-90,16.558090,-3.576987,2
413,-10,16.539249,-0.379715,3
413,-9,16.530859,-0.336549,70
413,-8,16.546936,-0.300448,87
413,-7,16.550756,-0.262627,12
413,-6,16.544091,-0.233157,2
413,-5,16.539273,-0.193454,2
413,-4,16.549823,-0.153324,1
413,148,16.557056,5.954442,4
413,149,16.548942,5.982705,30
413,150,16.541564,6.020119,66
413,151,16.538621,6.058865,63
413,152,16.531434,6.093894,29
413,153,16.523367,6.135288,2
413,174,16.554281,6.993360,10
413,175,16.539931,7.018849,87
413,176,16.526085,7.047464,10
413,269,16.548408,10.789950,47
413,270,16.535718,10.815127,77
414,-313,16.569416,-12.491590,88
414,-312,16.584117,-12.462392,188
414,-311,16.598264,-12.437426,10
414,-199,16.563769,-7.924713,2
414,-198,16.576294,-7.896909,40
414,-197,16.578726,-7.860036,55
414,-196,16.583692,-7.820562,47
414,-195,16.582606,-7.782959,12
414,-194,16.574991,-7.727150,2
414,-193,16.591692,-7.704282,2
414,-192,16.587210,-7.672855,1
414,-191,16.572171,-7.602781,1
414,-132,16.597180,-5.253207,7
414,-131,16.590214,-5.219946,15
414,-130,16.583643,-5.180472,18
414,-129,16.580106,-5.140912,31
414,-128,16.580005,-5.099930,24
414,-127,16.581414,-5.060473,27
414,-126,16.578680,-5.018766,29
414,-125,16.579449,-4.981618,23
414,-124,16.574352,-4.939161,28
414,-123,16.575846,-4.900854,16
414,-122,16.574356,-4.862348,12
414,-121,16.570339,-4.824506,10
414,-120,16.570183,-4.777416,4
414,-119,16.563825,-4.739656,4
414,-118,16.560688,-4.715947,1
414,-98,16.560976,-3.881574,1
414,-97,16.564750,-3.856365,4
414,-96,16.566527,-3.816463,21
414,-95,16.568384,-3.777449,42
414,-94,16.572870,-3.739322,61
414,-93,16.580058,-3.700309,66
414,-92,16.588361,-3.660872,64
414,-91,16.591508,-3.625647,35
414,-90,16.585688,-3.585926,10
414,-89,16.581346,-3.541989,8
414,-88,16.589500,-3.503131,5
414,-87,16.590981,-3.461149,3
414,-86,16.596720,-3.435597,1
414,-9,16.581553,-0.335767,1
414,-8,16.565186,-0.284396,11
414,-7,16.573498,-0.258119,78
414,-6,16.588114,-0.223388,72
414,-5,16.591312,-0.180052,12
414,-4,16.590666,-0.143740,2
414,-3,16.568873,-0.116468,1
414,-2,16.587753,-0.079941,1
414,146,16.596985,5.874117,2
414,147,16.590449,5.902089,32
414,148,16.581896,5.940877,67
414,149,16.577766,5.979453,65
414,150,16.571945,6.014630,36
414,151,16.568857,6.046009,5
414,173,16.596995,6.956781,3
414,174,16.581923,6.981943,83
414,175,16.570041,7.007753,21
414,268,16.591786,10.752437,28
414,269,16.577752,10.777216,99
414,270,16.561641,10.801065,4
415,-312,16.607271,-12.448591,41
415,-311,16.619794,-12.420337,198
415,-310,16.635133,-12.394029,39
415,-197,16.613403,-7.856300,30
415,-196,16.619043,-7.820898,52
415,-195,16.620789,-7.781218,51
415,-194,16.627562,-7.744642,20
415,-193,16.622211,-7.707092,6
415,-192,16.620313,-7.661654,1
415,-191,16.625354,-7.623303,1
415,-135,16.635868,-5.374182,9
415,-134,16.625747,-5.336965,16
415,-133,16.622254,-5.297378,24
415,-132,16.618593,-5.262148,21
415,-131,16.622042,-5.219736,28
415,-130,16.617304,-5.179895,27
415,-129,16.619519,-5.137852,24
415,-128,16.612803,-5.101299,20
415,-127,16.616505,-5.060874,16
415,-126,16.610860,-5.022648,9
415,-125,16.611291,-4.982594,4
415,-124,16.603692,-4.950281,3
415,-93,16.601499,-3.689494,1
415,-92,16.606248,-3.656175,5
415,-91,16.605713,-3.616360,38
415,-90,16.612861,-3.579428,69
415,-89,16.623415,-3.539750,68
415,-88,16.631605,-3.501507,61
415,-87,16.627188,-3.458315,12
415,-86,16.621002,-3.415574,6
415,-85,16.623463,-3.377424,5
415,-84,16.631538,-3.335433,2
415,-8,16.606163,-0.290777,1
415,-7,16.615751,-0.253730,2
415,-6,16.605883,-0.206911,25
415,-5,16.615854,-0.180009,77
415,-4,16.628967,-0.145410,64
415,-3,16.627487,-0.098281,8
415,-2,16.613054,-0.051973,2
415,-1,16.630973,-0.016991,2
415,144,16.637130,5.790332,3
415,145,16.629245,5.821283,28
415,146,16.621263,5.860826,64
415,147,16.618700,5.899892,62
415,148,16.613198,5.936973,35
415,149,16.609467,5.967707,7
415,173,16.622652,6.945751,70
415,174,16.613690,6.969851,30
415,267,16.635005,10.714088,13
415,268,16.620798,10.738320,102
415,269,16.606726,10.766251,13
416,-311,16.644226,-12.406141,17
416,-310,16.656211,-12.377321,185
416,-309,16.672385,-12.350051,78
416,-196,16.650094,-7.813924,23
416,-195,16.660795,-7.779912,54
416,-194,16.659940,-7.739921,52
416,-193,16.667343,-7.703030,28
416,-192,16.659762,-7.655387,6
416,-191,16.658824,-7.619465,2
416,-190,16.667976,-7.584046,2
416,-188,16.650566,-7.510044,2
416,-138,16.677605,-5.488181,5
416,-137,16.667958,-5.458140,15
416,-136,16.660325,-5.417614,20
416,-135,16.660313,-5.383062,22
416,-134,16.660310,-5.339369,25
416,-133,16.657423,-5.301684,23
416,-132,16.653558,-5.261262,23
416,-131,16.658131,-5.220579,13
416,-130,16.655671,-5.179643,10
416,-129,16.652611,-5.137927,4
416,-128,16.643265,-5.106224,3
416,-88,16.644799,-3.492869,15
416,-87,16.649565,-3.459563,64
416,-86,16.661420,-3.419938,72
416,-85,16.671146,-3.382892,63
416,-84,16.664381,-3.341777,9
416,-83,16.662440,-3.301940,8
416,-82,16.661250,-3.261565,5
416,-81,16.675502,-3.217197,2
416,-6,16.654516,-0.200764,1
416,-5,16.652220,-0.169069,2
416,-4,16.646312,-0.129672,31
416,-3,16.656667,-0.099680,85
416,-2,16.670617,-0.065019,60
416,-1,16.668127,-0.024813,6
416,0,16.663596,0.012714,4
416,1,16.665903,0.053385,2
416,2,16.678213,0.102465,1
416,142,16.676812,5.710744,5
416,143,16.668427,5.742716,36
416,144,16.661558,5.781586,62
416,145,16.658373,5.818488,61
416,146,16.653282,5.855555,39
416,147,16.645504,5.890030,9
416,148,16.640973,5.921574,1
416,172,16.664187,6.907750,54
416,173,16.654786,6.932547,52
416,174,16.642616,6.961920,1
416,266,16.677810,10.677740,3
416,267,16.662162,10.701169,94
416,268,16.649874,10.725648,23
417,-310,16.681675,-12.364092,2
417,-309,16.692071,-12.334433,152
417,-308,16.709161,-12.306739,132
417,-195,16.690536,-7.770928,12
417,-194,16.699613,-7.739844,50
417,-193,16.700297,-7.700181,50
417,-192,16.705668,-7.664652,35
417,-191,16.707158,-7.623744,9
417,-190,16.698837,-7.569449,5
417,-189,16.704339,-7.520699,1
417,-140,16.713154,-5.577618,11
417,-139,16.700869,-5.538626,18
417,-138,16.699585,-5.501047,24
417,-137,16.701488,-5.457597,22
417,-136,16.696889,-5.421609,21
417,-135,16.697844,-5.379575,20
417,-134,16.698992,-5.338181,13
417,-133,16.694081,-5.301820,9
417,-132,16.691230,-5.259191,5
417,-131,16.681766,-5.232545,1
417,-85,16.683740,-3.367296,18
417,-84,16.691487,-3.339240,67
417,-83,16.705131,-3.300363,75
417,-82,16.711120,-3.266696,36
417,-81,16.707185,-3.216611,7
417,-80,16.699560,-3.181582,5
417,-79,16.708683,-3.149432,3
417,-78,16.716783,-3.115860,2
417,-3,16.691774,-0.105043,3
417,-2,16.686025,-0.049005,31
417,-1,16.696468,-0.020246,82
417,0,16.710710,0.014174,61
417,1,16.706823,0.054846,10
417,2,16.709823,0.098888,2
417,3,16.707477,0.141828,2
417,4,16.712646,0.175074,1
417,140,16.714649,5.630174,10
417,141,16.706943,5.661816,40
417,142,16.700494,5.700877,67
417,143,16.696960,5.740630,58
417,144,16.693174,5.777011,34
417,145,16.683974,5.818627,9
417,171,16.708984,6.869766,33
417,172,16.696251,6.895655,72
417,173,16.682844,6.922087,1
417,266,16.703989,10.665525,93
417,267,16.690461,10.689408,38
418,-308,16.728862,-12.290813,95
418,-307,16.745093,-12.263575,177
418,-306,16.755624,-12.236014,5
418,-194,16.725575,-7.729057,7
418,-193,16.738383,-7.698086,46
418,-192,16.739899,-7.659307,50
418,-191,16.744280,-7.622925,42
418,-190,16.745957,-7.583967,11
418,-189,16.737100,-7.526552,3
418,-188,16.751582,-7.492210,1
418,-187,16.735003,-7.463645,2
418,-185,16.728877,-7.393481,1
418,-143,16.758913,-5.687078,2
418,-142,16.749289,-5.658717,16
418,-141,16.739410,-5.616630,21
418,-140,16.737072,-5.580426,15
418,-139,16.741637,-5.540121,20
418,-138,16.738044,-5.499286,18
418,-137,16.737601,-5.463764,14
418,-136,16.737546,-5.420323,12
418,-135,16.734579,-5.378675,4
418,-134,16.724323,-5.352359,2
418,-83,16.720460,-3.284766,1
418,-82,16.725936,-3.253770,45
418,-81,16.738945,-3.219685,75
418,-80,16.750733,-3.183987,59
418,-79,16.746700,-3.144657,9
418,-78,16.740466,-3.102187,6
418,-77,16.744089,-3.064444,4
418,-76,16.755179,-3.031850,3
418,-2,16.724445,-0.064875,1
418,-1,16.731659,-0.020041,3
418,0,16.725609,0.029325,32
418,1,16.736028,0.060827,86
418,2,16.750386,0.096791,66
418,3,16.748150,0.133923,8
418,4,16.748869,0.166571,4
418,5,16.740269,0.211676,2
418,6,16.745784,0.248336,1
418,137,16.758544,5.519669,1
418,138,16.754104,5.547828,16
418,139,16.745349,5.583252,46
418,140,16.739515,5.619929,59
418,141,16.738003,5.657709,54
418,142,16.732835,5.695924,35
418,143,16.725336,5.733292,9
418,170,16.750984,6.832553,23
418,171,16.738356,6.857432,75
418,172,16.727392,6.883553,7
418,265,16.747232,10.628422,67
418,266,16.732001,10.651554,63
419,-307,16.765826,-12.247297,52
419,-306,16.781318,-12.220507,200
419,-305,16.794841,-12.193480,26
419,-193,16.763504,-7.687035,3
419,-192,16.775549,-7.658052,39
419,-191,16.779963,-7.618822,52
419,-190,16.783031,-7.579915,45
419,-189,16.780771,-7.546352,11
419,-188,16.781932,-7.501944,6
419,-187,16.779136,-7.456641,1
419,-186,16.787149,-7.413126,1
419,-184,16.790937,-7.336239,1
419,-145,16.796741,-5.762743,2
419,-144,16.787831,-5.738525,15
419,-143,16.777535,-5.698916,20
419,-142,16.778112,-5.660282,12
419,-141,16.781417,-5.623253,20
419,-140,16.778321,-5.579440,20
419,-139,16.778535,-5.539216,12
419,-138,16.774083,-5.504902,9
419,-137,16.768774,-5.461312,5
419,-80,16.764325,-3.168557,22
419,-79,16.774159,-3.140170,72
419,-78,16.788023,-3.103018,69
419,-77,16.790046,-3.064120,15
419,-76,16.780110,-3.018537,4
419,-75,16.782709,-2.981771,6
419,-74,16.787766,-2.958585,1
419,0,16.769381,0.026165,1
419,1,16.775831,0.070893,3
419,2,16.765205,0.111490,22
419,3,16.773648,0.140494,81
419,4,16.788958,0.179491,78
419,5,16.789350,0.219140,14
419,6,16.786322,0.251990,3
419,7,16.779591,0.293788,3
419,8,16.785536,0.340251,2
419,135,16.795966,5.428427,2
419,136,16.791530,5.462648,25
419,137,16.784106,5.502080,52
419,138,16.781106,5.539399,66
419,139,16.776140,5.578060,51
419,140,16.770602,5.615742,28
419,141,16.766559,5.652865,6
419,169,16.793677,6.792234,7
419,170,16.780994,6.819037,79
419,171,16.769444,6.846795,17
419,264,16.790314,10.591456,42
419,265,16.775177,10.613821,90
419,266,16.769711,10.641571,1
420,-306,16.803607,-12.204628,16
420,-305,16.817206,-12.178283,203
420,-304,16.832632,-12.150453,62
420,-192,16.801162,-7.643693,2
420,-191,16.814302,-7.616291,33
420,-190,16.819966,-7.579710,51
420,-189,16.820998,-7.540507,54
420,-188,16.824784,-7.503374,21
420,-187,16.822473,-7.462824,6
420,-186,16.819182,-7.412432,2
420,-185,16.837050,-7.390356,2
420,-184,16.830081,-7.357355,1
420,-183,16.812931,-7.281213,1
420,-147,16.839952,-5.843607,1
420,-146,16.828665,-5.820089,16
420,-145,16.817159,-5.779945,20
420,-144,16.818428,-5.740340,16
420,-143,16.821703,-5.702556,19
420,-142,16.817650,-5.660026,20
420,-141,16.819702,-5.619798,11
420,-140,16.816541,-5.585440,8
420,-139,16.806904,-5.547430,3
420,-78,16.804392,-3.087457,15
420,-77,16.813807,-3.059103,72
420,-76,16.827294,-3.022555,67
420,-75,16.829622,-2.986174,15
420,-74,16.820592,-2.940164,8
420,-73,16.827655,-2.896685,6
420,2,16.812466,0.118429,1
420,3,16.807415,0.147623,2
420,4,16.808384,0.188616,11
420,5,16.811613,0.222055,81
420,6,16.825812,0.261503,77
420,7,16.831108,0.293912,30
420,8,16.831230,0.340666,6
420,9,16.816804,0.388889,2
420,10,16.831439,0.424032,2
420,11,16.838626,0.468396,1
420,133,16.834521,5.350882,10
420,134,16.827831,5.382927,32
420,135,16.821743,5.420929,57
420,136,16.820432,5.458865,63
420,137,16.815135,5.497142,47
420,138,16.811208,5.533827,19
420,139,16.807076,5.571691,4
420,168,16.836361,6.756112,2
420,169,16.822249,6.782324,73
420,170,16.811999,6.810591,29
420,263,16.832767,10.553805,18
420,264,16.819602,10.575625,104
420,265,16.803015,10.607997,4
421,-305,16.841059,-12.162705,2
421,-304,16.853190,-12.135930,163
421,-303,16.869102,-12.108380,110
421,-302,16.875641,-12.074782,3
421,-190,16.851372,-7.573353,26
421,-189,16.861348,-7.539674,48
421,-188,16.859478,-7.500120,49
421,-187,16.865265,-7.466128,28
421,-186,16.868264,-7.427673,6
421,-185,16.852875,-7.394868,1
421,-184,16.865042,-7.347604,3
421,-183,16.874082,-7.300199,1
421,-148,16.870668,-5.895168,14
421,-147,16.858110,-5.858494,19
421,-146,16.860956,-5.822626,14
421,-145,16.861038,-5.781737,21
421,-144,16.858117,-5.738244,19
421,-143,16.854544,-5.699787,9
421,-142,16.854356,-5.662941,8
421,-141,16.845807,-5.628121,2
421,-76,16.844837,-3.010191,20
421,-75,16.856174,-2.978122,73
421,-74,16.867097,-2.943247,56
421,-73,16.867888,-2.905781,12
421,-72,16.860280,-2.859092,7
421,-71,16.866083,-2.822523,4
421,-70,16.879487,-2.794614,1
421,5,16.850938,0.221765,3
421,6,16.863420,0.262481,5
421,7,16.847432,0.302686,61
421,8,16.860357,0.339761,81
421,9,16.870636,0.374522,56
421,10,16.871501,0.419822,10
421,11,16.868935,0.452252,3
421,12,16.866171,0.503241,3
421,13,16.867398,0.541777,1
421,130,16.873876,5.230273,2
421,131,16.871706,5.265769,22
421,132,16.865596,5.302149,47
421,133,16.860987,5.340410,64
421,134,16.858605,5.379251,57
421,135,16.854754,5.414806,36
421,136,16.849455,5.451325,14
421,137,16.841522,5.490388,2
421,168,16.862886,6.745527,61
421,169,16.855272,6.772904,43
421,262,16.876212,10.516710,7
421,263,16.859586,10.540251,113
421,264,16.849591,10.566632,9
422,-303,16.889707,-12.091895,115
422,-302,16.906772,-12.064650,154
422,-301,16.913299,-12.030990,9
422,-189,16.890064,-7.529669,18
422,-188,16.899654,-7.499140,48
422,-187,16.899100,-7.459436,49
422,-186,16.904093,-7.426215,31
422,-185,16.902955,-7.384361,14
422,-184,16.906485,-7.326841,1
422,-183,16.900515,-7.311196,3
422,-182,16.919197,-7.241590,1
422,-180,16.901168,-7.163359,1
422,-150,16.913258,-5.969567,8
422,-149,16.899172,-5.938918,19
422,-148,16.900076,-5.903790,16
422,-147,16.902091,-5.860404,20
422,-146,16.898554,-5.816314,20
422,-145,16.898153,-5.778126,11
422,-144,16.885389,-5.748377,3
422,-74,16.886849,-2.931581,32
422,-73,16.899048,-2.899502,75
422,-72,16.909035,-2.865347,50
422,-71,16.906342,-2.819298,9
422,-70,16.897080,-2.777437,5
422,-69,16.906917,-2.748755,2
422,7,16.887269,0.310974,2
422,8,16.898611,0.341857,4
422,9,16.886490,0.387950,37
422,10,16.894899,0.420630,79
422,11,16.907763,0.461000,79
422,12,16.911925,0.493923,22
422,13,16.910576,0.540040,7
422,14,16.893421,0.582529,2
422,15,16.906846,0.617137,2
422,16,16.908839,0.651060,1
422,127,16.918521,5.108127,1
422,128,16.913890,5.148080,13
422,129,16.906938,5.184140,37
422,130,16.901097,5.221578,56
422,131,16.899245,5.258002,62
422,132,16.897543,5.296699,51
422,133,16.891816,5.337586,25
422,134,16.886503,5.375192,5
422,167,16.905141,6.706741,46
422,168,16.896241,6.734655,60
422,262,16.903168,10.503799,112
422,263,16.886941,10.529063,25
423,-302,16.926771,-12.048411,73
423,-301,16.943663,-12.022105,182
423,-300,16.949243,-11.988001,23
423,-188,16.927275,-7.488439,9
423,-187,16.938255,-7.458380,48
423,-186,16.938717,-7.420425,51
423,-185,16.943440,-7.383016,44
423,-184,16.942657,-7.341529,10
423,-183,16.954280,-7.309462,3
423,-182,16.935367,-7.264064,2
423,-181,16.954615,-7.230136,1
423,-179,16.941296,-7.137277,1
423,-152,16.958227,-6.044209,2
423,-151,16.946240,-6.019458,17
423,-150,16.939123,-5.983514,19
423,-149,16.936301,-5.942171,14
423,-148,16.939501,-5.897905,15
423,-147,16.940844,-5.862939,14
423,-146,16.927777,-5.829088,6
423,-73,16.922482,-2.883756,2
423,-72,16.931740,-2.854109,45
423,-71,16.942172,-2.822053,71
423,-70,16.948616,-2.786374,30
423,-69,16.941830,-2.739925,8
423,-68,16.944640,-2.698780,6
423,9,16.932965,0.397866,1
423,10,16.937469,0.419466,1
423,11,16.936001,0.455224,8
423,12,16.928936,0.502551,67
423,13,16.940469,0.541842,81
423,14,16.951303,0.577558,60
423,15,16.949602,0.616082,15
423,16,16.947617,0.653344,4
423,17,16.932211,0.688086,2
423,18,16.944547,0.723442,2
423,19,16.947611,0.760905,1
423,124,16.959798,4.986410,1
423,125,16.954016,5.025814,7
423,126,16.949733,5.061368,31
423,127,16.945022,5.100075,52
423,128,16.939980,5.138737,68
423,129,16.937334,5.179280,56
423,130,16.933510,5.219249,37
423,131,16.928350,5.256183,11
423,132,16.926447,5.283306,2
423,166,16.948435,6.668854,32
423,167,16.937905,6.697974,69
423,168,16.922658,6.727713,3
423,261,16.945259,10.467254,84
423,262,16.929541,10.488769,49
424,-301,16.963399,-12.004596,33
424,-300,16.980271,-11.979530,197
424,-299,16.988534,-11.947690,46
424,-298,16.998629,-11.913233,2
424,-187,16.966398,-7.444396,6
424,-186,16.977195,-7.415783,41
424,-185,16.980221,-7.379562,49
424,-184,16.980802,-7.340934,47
424,-183,16.983856,-7.300496,12
424,-182,16.984512,-7.266603,5
424,-181,16.978522,-7.226616,3
424,-180,16.975578,-7.185753,2
424,-176,16.993902,-7.039503,1
424,-153,16.991859,-6.091089,11
424,-152,16.978079,-6.058310,20
424,-151,16.980610,-6.022127,14
424,-150,16.979902,-5.982995,13
424,-149,16.981990,-5.939278,16
424,-148,16.972575,-5.901729,10
424,-71,16.965068,-2.810215,14
424,-70,16.976605,-2.777976,67
424,-69,16.985499,-2.743275,55
424,-68,16.989549,-2.709425,10
424,-67,16.976683,-2.658672,7
424,-66,16.982885,-2.631224,2
424,12,16.972979,0.503632,2
424,13,16.969922,0.543558,6
424,14,16.968303,0.590624,24
424,15,16.972015,0.620938,73
424,16,16.983705,0.660760,82
424,17,16.992025,0.694998,51
424,18,16.988020,0.736893,12
424,19,16.983993,0.780376,5
424,20,16.980742,0.827736,2
424,21,16.984286,0.869930,1
424,22,16.995823,0.906597,1
424,121,16.996737,4.873320,1
424,122,16.995403,4.906740,7
424,123,16.989115,4.940726,27
424,124,16.984480,4.980995,46
424,125,16.979981,5.018692,61
424,126,16.978620,5.058701,60
424,127,16.975547,5.095822,36
424,128,16.971319,5.134266,22
424,129,16.966606,5.177933,6
424,165,16.990453,6.630220,17
424,166,16.980147,6.658498,73
424,167,16.967581,6.687175,13
424,260,16.988706,10.430826,60
424,261,16.973145,10.451163,74
424,262,16.960592,10.488240,1
425,-300,17.000471,-11.961875,2
425,-299,17.015054,-11.938140,174
425,-298,17.029689,-11.907958,86
425,-297,17.033904,-11.869537,7
425,-186,17.002327,-7.401572,2
425,-185,17.016006,-7.374575,36
425,-184,17.020239,-7.340005,52
425,-183,17.019782,-7.300343,53
425,-182,17.027188,-7.265213,20
425,-181,17.025136,-7.222939,7
425,-180,17.020626,-7.172955,2
425,-179,17.027678,-7.144831,2
425,-178,17.012945,-7.119809,1
425,-154,17.027932,-6.140523,13
425,-153,17.019627,-6.100970,18
425,-152,17.017550,-6.059495,15
425,-151,17.020724,-6.017621,11
425,-150,17.019855,-5.983265,14
425,-149,17.006865,-5.954172,4
425,-70,17.000564,-2.764952,1
425,-69,17.010901,-2.735215,41
425,-68,17.021041,-2.701391,73
425,-67,17.027062,-2.665836,32
425,-66,17.017688,-2.617400,8
425,-65,17.023818,-2.579464,4
425,-64,17.038758,-2.552213,1
425,14,17.005535,0.586795,1
425,15,17.011382,0.629003,4
425,16,17.013852,0.665668,5
425,17,17.007532,0.706960,35
425,18,17.013582,0.739497,75
425,19,17.024398,0.779405,80
425,20,17.031074,0.814681,47
425,21,17.027690,0.859952,12
425,22,17.029923,0.898394,4
425,23,17.019868,0.940922,3
425,24,17.018558,0.978861,1
425,25,17.029762,1.014466,1
425,118,17.034324,4.746372,2
425,119,17.034581,4.787583,10
425,120,17.029059,4.821858,29
425,121,17.024336,4.861849,49
425,122,17.021089,4.900423,60
425,123,17.018602,4.940087,62
425,124,17.016267,4.979756,47
425,125,17.009389,5.020326,26
425,126,17.006737,5.052712,8
425,127,17.003749,5.089181,2
425,164,17.032065,6.592859,10
425,165,17.021597,6.620961,70
425,166,17.010546,6.648590,23
425,259,17.032387,10.393612,35
425,260,17.017259,10.412672,95
425,261,17.006954,10.443428,3
426,-298,17.051536,-11.894721,135
426,-297,17.067974,-11.866623,125
426,-296,17.068382,-11.827343,13
426,-184,17.053379,-7.334349,24
426,-183,17.060776,-7.300313,50
426,-182,17.059103,-7.260228,50
426,-181,17.065888,-7.225452,28
426,-180,17.063355,-7.185210,7
426,-178,17.058540,-7.107772,4
426,-177,17.061673,-7.056511,1
426,-156,17.074261,-6.205129,5
426,-155,17.058856,-6.178632,14
426,-154,17.061991,-6.139025,16
426,-153,17.059912,-6.101689,12
426,-152,17.061840,-6.059762,14
426,-151,17.053310,-6.022674,11
426,-68,17.048228,-2.689299,18
426,-67,17.057750,-2.657315,67
426,-66,17.066003,-2.623212,47
426,-65,17.068345,-2.583404,13
426,-64,17.057932,-2.537516,5
426,-63,17.072890,-2.505894,2
426,17,17.046586,0.710398,1
426,18,17.048225,0.727623,2
426,19,17.055278,0.777673,7
426,20,17.046552,0.824872,40
426,21,17.053563,0.859953,76
426,22,17.063920,0.900363,78
426,23,17.071365,0.935860,60
426,24,17.066545,0.978351,15
426,25,17.069523,1.021101,5
426,26,17.050980,1.052860,2
426,27,17.060782,1.087745,2
426,28,17.070422,1.134935,3
426,114,17.077471,4.592847,1
426,115,17.073369,4.625459,3
426,116,17.072939,4.664614,17
426,117,17.067322,4.702042,30
426,118,17.063382,4.741029,52
426,119,17.060985,4.780041,64
426,120,17.058483,4.819144,58
426,121,17.053975,4.859997,42
426,122,17.051391,4.898783,25
426,123,17.049736,4.938405,7
426,124,17.042063,4.971174,1
426,163,17.075841,6.555508,5
426,164,17.061407,6.583041,61
426,165,17.054333,6.611753,35
426,258,17.075933,10.356260,12
426,259,17.058787,10.377057,117
426,260,17.045254,10.406808,4
427,-297,17.088351,-11.850121,91
427,-296,17.105344,-11.823484,153
427,-295,17.105936,-11.785689,20
427,-294,17.116352,-11.756453,3
427,-183,17.090725,-7.292120,19
427,-182,17.098770,-7.260673,46
427,-181,17.099305,-7.220041,53
427,-180,17.104913,-7.183466,34
427,-179,17.097249,-7.145672,9
427,-178,17.106024,-7.109645,4
427,-177,17.098857,-7.056963,3
427,-176,17.115750,-7.022137,1
427,-175,17.111711,-6.991509,1
427,-174,17.105117,-6.920493,1
427,-173,17.091499,-6.909154,1
427,-157,17.108896,-6.251516,9
427,-156,17.099176,-6.220190,15
427,-155,17.097266,-6.181136,18
427,-154,17.100211,-6.140001,11
427,-153,17.102409,-6.100830,16
427,-152,17.086552,-6.069092,6
427,-67,17.083284,-2.645678,4
427,-66,17.093730,-2.616448,50
427,-65,17.103079,-2.582407,62
427,-64,17.107262,-2.548266,20
427,-63,17.104370,-2.501859,8
427,-62,17.111882,-2.463181,5
427,20,17.087765,0.825004,1
427,21,17.092288,0.867828,4
427,22,17.095001,0.909031,6
427,23,17.088943,0.948749,26
427,24,17.090903,0.980344,74
427,25,17.101199,1.020040,79
427,26,17.108841,1.058921,73
427,27,17.110140,1.095023,28
427,28,17.107458,1.137414,8
427,29,17.106945,1.178381,6
427,30,17.098332,1.225282,2
427,31,17.107270,1.259266,2
427,32,17.108205,1.302388,1
427,33,17.116837,1.338261,1
427,110,17.116046,4.439749,1
427,111,17.108582,4.469370,2
427,112,17.113434,4.509127,13
427,113,17.108688,4.541833,22
427,114,17.106489,4.580891,46
427,115,17.102991,4.621694,63
427,116,17.099332,4.659978,57
427,117,17.096920,4.696988,57
427,118,17.093900,4.736959,45
427,119,17.089757,4.775622,20
427,120,17.087317,4.818559,9
427,121,17.084573,4.850902,2
427,162,17.119760,6.519573,1
427,163,17.103270,6.543501,52
427,164,17.095534,6.574718,50
427,165,17.080847,6.602076,2
427,258,17.101583,10.340725,130
427,259,17.087695,10.367475,15
428,-296,17.125107,-11.806386,49
428,-295,17.142600,-11.780660,174
428,-294,17.145001,-11.742873,32
428,-293,17.153056,-11.707994,4
428,-182,17.127754,-7.249189,12
428,-181,17.138607,-7.217663,50
428,-180,17.140278,-7.178189,52
428,-179,17.143763,-7.140599,42
428,-178,17.144108,-7.102751,12
428,-177,17.146955,-7.066379,3
428,-176,17.140376,-7.020370,2
428,-175,17.149800,-6.978188,1
428,-158,17.146968,-6.297457,13
428,-157,17.141434,-6.258228,18
428,-156,17.136117,-6.220945,13
428,-155,17.140968,-6.179233,12
428,-154,17.137916,-6.140990,15
428,-153,17.124434,-6.117291,1
428,-65,17.131919,-2.574693,34
428,-64,17.139916,-2.540003,68
428,-63,17.147446,-2.503064,31
428,-62,17.142950,-2.462215,5
428,-61,17.146070,-2.422569,6
428,-60,17.159563,-2.393508,1
428,23,17.125565,0.957232,1
428,24,17.131760,0.972951,2
428,25,17.137807,1.015774,5
428,26,17.130161,1.063609,13
428,27,17.127918,1.102789,58
428,28,17.135325,1.141186,76
428,29,17.144539,1.181464,78
428,30,17.150314,1.218868,60
428,31,17.151085,1.255266,20
428,32,17.146597,1.294040,11
428,33,17.152125,1.337625,5
428,34,17.135928,1.378147,2
428,35,17.143890,1.411772,2
428,36,17.146163,1.461320,2
428,37,17.157417,1.514712,1
428,106,17.154880,4.267095,2
428,107,17.150263,4.309867,3
428,108,17.153348,4.344965,11
428,109,17.149505,4.382159,26
428,110,17.147572,4.421253,40
428,111,17.143323,4.459936,58
428,112,17.140253,4.499401,65
428,113,17.136937,4.539195,56
428,114,17.136472,4.576665,45
428,115,17.133577,4.616694,30
428,116,17.130946,4.654993,14
428,117,17.126414,4.697880,6
428,162,17.144285,6.506476,41
428,163,17.138207,6.537198,55
428,164,17.122140,6.565432,5
428,257,17.143727,10.306044,105
428,258,17.128561,10.327852,28
429,-295,17.162296,-11.762336,17
429,-294,17.178903,-11.738412,173
429,-293,17.188119,-11.706287,60
429,-292,17.189209,-11.664719,9
429,-181,17.164049,-7.206751,5
429,-180,17.178019,-7.177097,43
429,-179,17.182441,-7.139544,49
429,-178,17.180054,-7.101591,47
429,-177,17.185884,-7.067299,15
429,-176,17.182389,-7.027473,5
429,-175,17.174008,-6.986290,1
429,-174,17.180497,-6.939780,4
429,-170,17.194363,-6.771764,1
429,-160,17.199615,-6.364682,1
429,-159,17.181929,-6.339763,16
429,-158,17.183005,-6.298782,18
429,-157,17.179041,-6.262589,13
429,-156,17.180563,-6.219870,14
429,-155,17.173156,-6.182455,13
429,-64,17.168920,-2.532015,20
429,-63,17.178660,-2.499779,65
429,-62,17.184898,-2.462987,46
429,-61,17.181484,-2.423983,6
429,-60,17.183864,-2.379678,6
429,-59,17.196661,-2.351999,1
429,26,17.160518,1.071822,2
429,27,17.171097,1.109796,2
429,28,17.173609,1.145009,3
429,29,17.177746,1.180877,6
429,30,17.168510,1.223788,23
429,31,17.169560,1.260826,65
429,32,17.176827,1.301477,77
429,33,17.183762,1.341098,73
429,34,17.188859,1.377920,66
429,35,17.191275,1.416195,28
429,36,17.186645,1.458142,14
429,37,17.190380,1.500084,5
429,38,17.185664,1.536108,4
429,39,17.180052,1.579488,2
429,40,17.186700,1.612681,2
429,41,17.185882,1.654244,1
429,42,17.192654,1.688538,1
429,43,17.198593,1.723822,1
429,100,17.199517,4.038387,1
429,101,17.195461,4.060932,1
429,102,17.189462,4.094280,2
429,103,17.190980,4.141743,6
429,104,17.192114,4.184509,18
429,105,17.188231,4.223185,26
429,106,17.185863,4.260340,44
429,107,17.182652,4.301012,58
429,108,17.179862,4.340880,62
429,109,17.177456,4.379554,55
429,110,17.176001,4.417989,50
429,111,17.173413,4.460036,32
429,112,17.169080,4.500961,18
429,113,17.167319,4.530969,6
429,114,17.165311,4.565759,3
429,115,17.161060,4.603119,1
429,161,17.187029,6.469010,28
429,162,17.177968,6.498575,61
429,163,17.166467,6.526664,12
429,256,17.187626,10.269644,75
429,257,17.170886,10.288615,59
430,-293,17.213977,-11.696813,145
430,-292,17.228606,-11.667706,89
430,-291,17.225617,-11.625674,18
430,-290,17.235366,-11.597368,1
430,-180,17.203848,-7.161184,2
430,-179,17.217378,-7.136808,35
430,-178,17.220958,-7.100589,50
430,-177,17.219615,-7.059666,52
430,-176,17.226099,-7.024741,22
430,-175,17.221080,-6.985941,8
430,-174,17.212345,-6.956406,3
430,-173,17.223669,-6.893520,2
430,-172,17.215924,-6.856133,1
430,-161,17.236461,-6.405183,1
430,-160,17.220152,-6.382817,17
430,-159,17.223206,-6.340112,19
430,-158,17.219397,-6.300969,12
430,-157,17.221478,-6.261087,11
430,-156,17.208120,-6.230081,4
430,-63,17.206674,-2.492640,8
430,-62,17.217145,-2.457940,64
430,-61,17.222713,-2.421404,52
430,-60,17.227725,-2.386794,14
430,-59,17.218929,-2.339647,7
430,-58,17.234099,-2.304611,2
430,30,17.201219,1.232117,1
430,31,17.209111,1.257798,2
430,32,17.211554,1.300304,6
430,33,17.217786,1.347702,9
430,34,17.207753,1.386795,18
430,35,17.208580,1.421184,54
430,36,17.213762,1.459222,68
430,37,17.219997,1.499133,77
430,38,17.225941,1.539075,74
430,39,17.230532,1.576289,55
430,40,17.230423,1.616934,32
430,41,17.229770,1.656409,11
430,42,17.231715,1.693549,9
430,43,17.228751,1.736978,6
430,44,17.220820,1.782228,3
430,45,17.224799,1.825345,2
430,46,17.230103,1.857559,2
430,47,17.227368,1.894771,1
430,48,17.232233,1.929092,1
430,49,17.236813,1.963429,1
430,95,17.234785,3.816638,2
430,96,17.227943,3.864404,2
430,97,17.233289,3.894147,3
430,98,17.230307,3.940491,8
430,99,17.230610,3.981635,18
430,100,17.229034,4.020608,26
430,101,17.226981,4.060493,41
430,102,17.223044,4.101165,52
430,103,17.219916,4.140156,60
430,104,17.220885,4.179300,65
430,105,17.216520,4.218377,58
430,106,17.214486,4.259343,48
430,107,17.212638,4.299033,33
430,108,17.208780,4.339297,19
430,109,17.209204,4.377485,6
430,110,17.206429,4.415937,3
430,111,17.202132,4.452113,1
430,160,17.229848,6.429587,21
430,161,17.220059,6.459730,65
430,162,17.209645,6.489051,20
430,255,17.231345,10.233071,50
430,256,17.214032,10.251519,88
430,257,17.205275,10.283103,1
431,-292,17.250159,-11.653404,100
431,-291,17.266938,-11.626173,117
431,-290,17.263411,-11.583515,25
431,-289,17.272646,-11.547103,3
431,-178,17.253793,-7.095209,27
431,-177,17.259637,-7.061250,50
431,-176,17.257582,-7.019444,48
431,-175,17.266302,-6.986102,29
431,-174,17.263367,-6.944993,9
431,-173,17.269944,-6.907569,2
431,-172,17.265635,-6.850096,4
431,-171,17.255159,-6.832808,1
431,-170,17.255580,-6.785415,2
431,-162,17.272665,-6.443790,4
431,-161,17.257820,-6.421137,17
431,-160,17.260483,-6.378729,19
431,-159,17.262049,-6.336132,10
431,-158,17.259534,-6.300289,10
431,-157,17.248227,-6.275249,3
431,-62,17.244451,-2.446967,4
431,-61,17.255652,-2.418016,49
431,-60,17.261209,-2.382536,58
431,-59,17.267430,-2.348678,17
431,-58,17.258562,-2.305505,6
431,-57,17.269203,-2.266229,5
431,35,17.245725,1.416704,3
431,36,17.248637,1.461622,4
431,37,17.256348,1.502621,6
431,38,17.259519,1.545384,9
431,39,17.245737,1.582274,26
431,40,17.249446,1.619961,57
431,41,17.254354,1.660396,71
431,42,17.258602,1.700475,70
431,43,17.264899,1.740632,74
431,44,17.267789,1.779214,65
431,45,17.270335,1.819084,46
431,46,17.272210,1.857633,27
431,47,17.266917,1.896433,15
431,48,17.269359,1.936668,7
431,49,17.268586,1.978702,8
431,50,17.268054,2.019567,6
431,51,17.259159,2.064625,2
431,52,17.263208,2.095826,2
431,53,17.271124,2.135393,3
431,54,17.263808,2.180430,2
431,55,17.268674,2.230180,1
431,56,17.271871,2.262874,1
431,57,17.275034,2.295222,1
431,58,17.278165,2.327229,1
431,85,17.279024,3.423123,1
431,86,17.276095,3.462414,2
431,87,17.272628,3.501750,1
431,88,17.268311,3.541315,2
431,89,17.270820,3.588739,2
431,90,17.266872,3.623808,4
431,91,17.272003,3.663996,5
431,92,17.270959,3.701077,13
431,93,17.269925,3.739945,20
431,94,17.268793,3.781819,28
431,95,17.268111,3.820341,38
431,96,17.263536,3.860152,44
431,97,17.262953,3.899270,58
431,98,17.259808,3.939915,67
431,99,17.258807,3.979703,65
431,100,17.256878,4.019135,59
431,101,17.254216,4.059298,47
431,102,17.252820,4.099395,35
431,103,17.249716,4.139675,24
431,104,17.253689,4.175620,8
431,105,17.246450,4.216181,6
431,106,17.245343,4.255207,2
431,159,17.271031,6.392652,10
431,160,17.261187,6.420400,58
431,161,17.255171,6.450337,32
431,254,17.275088,10.196517,22
431,255,17.257553,10.214687,114
431,256,17.248534,10.241788,4
432,-291,17.287331,-11.608878,65
432,-290,17.304545,-11.582465,136
432,-289,17.304140,-11.544069,29
432,-288,17.309670,-11.506861,8
432,-177,17.290861,-7.052526,23
432,-176,17.298801,-7.018941,53
432,-175,17.298893,-6.977944,49
432,-174,17.305975,-6.942909,39
432,-173,17.304174,-6.898777,11
432,-172,17.304796,-6.867266,3
432,-170,17.304396,-6.789818,2
432,-168,17.284263,-6.683436,1
432,-166,17.302930,-6.626757,1
432,-163,17.314345,-6.486693,4
432,-162,17.295991,-6.463789,17
432,-161,17.298492,-6.420560,20
432,-160,17.304089,-6.377375,4
432,-159,17.298948,-6.341051,13
432,-158,17.282732,-6.313619,2
432,-61,17.283682,-2.402307,3
432,-60,17.294158,-2.374862,43
432,-59,17.300510,-2.340660,68
432,-58,17.306923,-2.304580,26
432,-57,17.304369,-2.258650,6
432,-56,17.302331,-2.226685,3
432,38,17.285504,1.559399,1
432,39,17.281873,1.592710,1
432,40,17.288221,1.606911,3
432,41,17.291029,1.656906,6
432,42,17.295681,1.706363,8
432,43,17.297024,1.748881,9
432,44,17.288864,1.788802,13
432,45,17.288724,1.819046,39
432,46,17.291760,1.860650,55
432,47,17.292974,1.900385,69
432,48,17.297375,1.940134,72
432,49,17.301006,1.979225,70
432,50,17.305373,2.019665,74
432,51,17.306215,2.059290,65
432,52,17.308992,2.099405,51
432,53,17.310245,2.138721,40
432,54,17.311203,2.177317,32
432,55,17.309295,2.215710,16
432,56,17.308321,2.257673,14
432,57,17.310119,2.297108,9
432,58,17.307536,2.340328,11
432,59,17.310236,2.384128,8
432,60,17.305429,2.420227,4
432,61,17.308653,2.453859,6
432,62,17.295676,2.501338,3
432,63,17.303730,2.541799,3
432,64,17.303090,2.579859,2
432,65,17.307454,2.616746,3
432,66,17.302957,2.659916,3
432,67,17.309739,2.701938,3
432,68,17.307892,2.738128,2
432,69,17.309026,2.780138,4
432,70,17.309715,2.822121,2
432,71,17.312632,2.856421,3
432,72,17.306614,2.899863,3
432,73,17.311779,2.937856,3
432,74,17.311279,2.981144,3
432,75,17.305578,3.019526,3
432,76,17.310078,3.059229,3
432,77,17.308410,3.101795,3
432,78,17.301445,3.137485,3
432,79,17.308641,3.183520,4
432,80,17.306403,3.223426,6
432,81,17.311314,3.262422,6
432,82,17.309270,3.301528,11
432,83,17.310962,3.342182,15
432,84,17.308278,3.381285,17
432,85,17.309799,3.421571,19
432,86,17.311093,3.460255,36
432,87,17.308872,3.501188,41
432,88,17.305807,3.542230,44
432,89,17.305760,3.580351,53
432,90,17.302246,3.618416,57
432,91,17.301267,3.659093,69
432,92,17.300158,3.699482,68
432,93,17.297005,3.739708,63
432,94,17.296381,3.777259,55
432,95,17.294947,3.817475,47
432,96,17.291751,3.858666,44
432,97,17.292052,3.900664,27
432,98,17.290568,3.936546,18
432,99,17.289441,3.978000,9
432,100,17.286717,4.017919,5
432,101,17.285518,4.055475,3
432,102,17.281309,4.096797,1
432,158,17.315083,6.356427,6
432,159,17.301330,6.382287,54
432,160,17.295972,6.414652,40
432,253,17.319120,10.159103,3
432,254,17.299797,10.179339,131
432,255,17.288371,10.203945,7
433,-290,17.324875,-11.565438,28
433,-289,17.340117,-11.540133,156
433,-288,17.347325,-11.505272,40
433,-287,17.344062,-11.463460,11
433,-286,17.356344,-11.435683,2
433,-176,17.327473,-7.009873,15
433,-175,17.338965,-6.978483,48
433,-174,17.341892,-6.939997,45
433,-173,17.341861,-6.901941,46
433,-172,17.345810,-6.865105,10
433,-171,17.339997,-6.827682,7
433,-170,17.348490,-6.794306,3
433,-169,17.342165,-6.741225,2
433,-168,17.326066,-6.713056,1
433,-164,17.355842,-6.527711,4
433,-163,17.336731,-6.504256,15
433,-162,17.340488,-6.461308,20
433,-161,17.340788,-6.417646,3
433,-160,17.341333,-6.379366,10
433,-159,17.323962,-6.358606,1
433,-59,17.331921,-2.334534,30
433,-58,17.340417,-2.300773,67
433,-57,17.346036,-2.266186,34
433,-56,17.341100,-2.219488,7
433,-55,17.338815,-2.184982,5
433,-54,17.351994,-2.159327,1
433,44,17.323365,1.771065,1
433,45,17.331339,1.824522,1
433,46,17.329608,1.859006,4
433,47,17.330936,1.902691,4
433,48,17.331650,1.942378,8
433,49,17.335490,1.987634,9
433,50,17.335680,2.023208,7
433,51,17.331291,2.060798,17
433,52,17.331788,2.100076,33
433,53,17.329794,2.141634,44
433,54,17.332290,2.182797,50
433,55,17.331153,2.220587,65
433,56,17.334185,2.260352,71
433,57,17.336482,2.299646,66
433,58,17.339602,2.339816,71
433,59,17.341489,2.381466,73
433,60,17.342211,2.421362,68
433,61,17.345124,2.460780,73
433,62,17.345542,2.500326,69
433,63,17.344458,2.539231,62
433,64,17.345582,2.580376,57
433,65,17.345958,2.620936,52
433,66,17.347859,2.660605,52
433,67,17.347544,2.700886,54
433,68,17.348331,2.741071,51
433,69,17.348950,2.780819,53
433,70,17.349089,2.820728,53
433,71,17.349192,2.860823,53
433,72,17.349243,2.900337,53
433,73,17.348246,2.939913,53
433,74,17.347604,2.979869,55
433,75,17.346312,3.020487,55
433,76,17.345505,3.060152,55
433,77,17.344210,3.099916,57
433,78,17.343022,3.139972,60
433,79,17.343186,3.179941,62
433,80,17.342640,3.220926,71
433,81,17.341493,3.261804,70
433,82,17.340331,3.301558,63
433,83,17.339189,3.340159,65
433,84,17.337605,3.380301,66
433,85,17.335458,3.419935,61
433,86,17.337245,3.461317,52
433,87,17.333938,3.499438,40
433,88,17.332048,3.538919,43
433,89,17.332863,3.579475,29
433,90,17.332341,3.620325,25
433,91,17.330069,3.656141,18
433,92,17.330969,3.702615,12
433,93,17.328986,3.737128,4
433,94,17.330261,3.770829,5
433,95,17.325141,3.819378,4
433,157,17.357371,6.319556,3
433,158,17.342822,6.344137,47
433,159,17.338129,6.375892,47
433,160,17.325375,6.401112,3
433,253,17.341959,10.144293,120
433,254,17.327623,10.166245,15
434,-289,17.362803,-11.522934,9
434,-288,17.376192,-11.498011,140
434,-287,17.387701,-11.466928,66
434,-286,17.384214,-11.422609,13
434,-285,17.391616,-11.387742,4
434,-175,17.365376,-6.966797,8
434,-174,17.378229,-6.938536,44
434,-173,17.381791,-6.901814,47
434,-172,17.378567,-6.860893,50
434,-171,17.387886,-6.828705,16
434,-170,17.387992,-6.780127,6
434,-169,17.375193,-6.742722,2
434,-168,17.368522,-6.695856,1
434,-165,17.392670,-6.562253,2
434,-164,17.379284,-6.542835,17
434,-163,17.379174,-6.497991,16
434,-162,17.382318,-6.455312,3
434,-161,17.381538,-6.417887,11
434,-160,17.364538,-6.395938,2
434,-58,17.371590,-2.291086,24
434,-57,17.378813,-2.258272,67
434,-56,17.384819,-2.222508,43
434,-55,17.381694,-2.179434,7
434,-54,17.381247,-2.139803,5
434,-53,17.387609,-2.119541,1
434,-52,17.373092,-2.067421,1
434,50,17.360321,2.037239,1
434,52,17.366416,2.090555,1
434,53,17.368322,2.140792,2
434,54,17.369382,2.178177,4
434,55,17.371501,2.222471,3
434,56,17.371740,2.255162,5
434,57,17.371772,2.301559,7
434,58,17.374611,2.341204,7
434,59,17.372614,2.378492,8
434,60,17.376752,2.417633,10
434,61,17.378508,2.464294,13
434,62,17.375275,2.508674,14
434,63,17.366859,2.542080,20
434,64,17.370143,2.578757,30
434,65,17.370316,2.620941,31
434,66,17.371226,2.661053,29
434,67,17.370710,2.699854,30
434,68,17.372709,2.740447,34
434,69,17.374755,2.781367,30
434,70,17.373138,2.820876,33
434,71,17.373783,2.861796,32
434,72,17.373869,2.899413,25
434,73,17.373761,2.939051,32
434,74,17.373022,2.981483,29
434,75,17.373308,3.019995,27
434,76,17.371977,3.059212,30
434,77,17.368866,3.099134,26
434,78,17.370953,3.141236,30
434,79,17.368961,3.178429,16
434,80,17.373414,3.215604,16
434,81,17.374305,3.261282,12
434,82,17.372186,3.304447,12
434,83,17.368342,3.338132,5
434,84,17.371624,3.374729,8
434,85,17.368390,3.418534,7
434,86,17.366873,3.463706,4
434,87,17.363052,3.505962,3
434,88,17.365053,3.527980,2
434,89,17.362699,3.577530,1
434,157,17.383090,6.305467,39
434,158,17.379173,6.338144,51
434,159,17.367456,6.366132,6
434,252,17.385592,10.107479,88
434,253,17.369334,10.126461,47
435,-287,17.412341,-11.454796,107
435,-286,17.427299,-11.425139,91
435,-285,17.424776,-11.382213,17
435,-284,17.424711,-11.346658,7
435,-174,17.401360,-6.924838,3
435,-173,17.417187,-6.896277,42
435,-172,17.421667,-6.860211,52
435,-171,17.418196,-6.818668,49
435,-170,17.427850,-6.786840,25
435,-169,17.423297,-6.746481,7
435,-168,17.418032,-6.710228,3
435,-167,17.408935,-6.667071,1
435,-166,17.424577,-6.623355,2
435,-165,17.419233,-6.580434,19
435,-164,17.420942,-6.537159,13
435,-163,17.433822,-6.481623,1
435,-162,17.422561,-6.457428,11
435,-161,17.407103,-6.435099,3
435,-57,17.408272,-2.249703,13
435,-56,17.417535,-2.218115,65
435,-55,17.424975,-2.183252,52
435,-54,17.424441,-2.147584,8
435,-53,17.412994,-2.101433,6
435,-52,17.429747,-2.066473,2
435,-51,17.404546,-2.028658,1
435,-50,17.436314,-1.989507,1
435,64,17.401897,2.570749,1
435,65,17.404256,2.623566,1
435,66,17.405159,2.677290,1
435,68,17.405786,2.730848,1
435,69,17.406412,2.784002,1
435,70,17.407031,2.836761,1
435,72,17.406537,2.890087,1
435,73,17.405223,2.943708,1
435,74,17.403925,2.996907,1
435,76,17.402634,3.049698,1
435,77,17.400795,3.102547,1
435,156,17.425719,6.267477,31
435,157,17.419139,6.299917,55
435,158,17.410833,6.329492,13
435,251,17.429349,10.071923,65
435,252,17.411553,10.090181,76
435,253,17.404856,10.120473,1
436,-286,17.449612,-11.411558,64
436,-285,17.465019,-11.383524,116
436,-284,17.464000,-11.345755,21
436,-283,17.459792,-11.307548,9
436,-282,17.475092,-11.275258,2
436,-172,17.454455,-6.855428,32
436,-171,17.460707,-6.820770,49
436,-170,17.458409,-6.779348,49
436,-169,17.467405,-6.745095,32
436,-168,17.460848,-6.705519,9
436,-167,17.466718,-6.672413,3
436,-166,17.459842,-6.618879,18
436,-165,17.460762,-6.578717,15
436,-164,17.443194,-6.556071,2
436,-163,17.463369,-6.496779,13
436,-162,17.447612,-6.472369,4
436,-56,17.446393,-2.205233,9
436,-55,17.457021,-2.175638,53
436,-54,17.461729,-2.141981,60
436,-53,17.466289,-2.106232,17
436,-52,17.452399,-2.060892,4
436,-51,17.467555,-2.023187,6
436,-49,17.468400,-1.949964,1
436,155,17.467002,6.229260,19
436,156,17.459938,6.259275,52
436,157,17.453259,6.291083,23
436,250,17.474127,10.035109,35
436,251,17.454706,10.053216,103
436,252,17.446489,10.086316,1
437,-285,17.487242,-11.368463,39
437,-284,17.501930,-11.341344,129
437,-283,17.504542,-11.305719,35
437,-282,17.502163,-11.261515,10
437,-281,17.510617,-11.227206,3
437,-171,17.492853,-6.812254,24
437,-170,17.499050,-6.780611,52
437,-169,17.499910,-6.740122,47
437,-168,17.504501,-6.702856,40
437,-167,17.500862,-6.660562,16
437,-166,17.502031,-6.618264,15
437,-165,17.485172,-6.595026,3
437,-164,17.503933,-6.535322,13
437,-163,17.489979,-6.511348,5
437,-55,17.482934,-2.165988,3
437,-54,17.494161,-2.136845,50
437,-53,17.501905,-2.102353,66
437,-52,17.507523,-2.067653,23
437,-51,17.494692,-2.027390,4
437,-50,17.504525,-1.986675,6
437,-48,17.500813,-1.910022,1
437,154,17.511329,6.191935,14
437,155,17.500593,6.220667,55
437,156,17.494188,6.254547,33
437,249,17.518868,9.998346,8
437,250,17.499289,10.016072,122
437,251,17.486688,10.045463,7
438,-284,17.525668,-11.325572,17
438,-283,17.538190,-11.298794,122
438,-282,17.546796,-11.265117,49
438,-281,17.542921,-11.221405,10
438,-280,17.544825,-11.187681,6
438,-170,17.528925,-6.769463,18
438,-169,17.539575,-6.736423,53
438,-168,17.542887,-6.698785,64
438,-167,17.544556,-6.660185,65
438,-166,17.539343,-6.630149,14
438,-165,17.545522,-6.575048,13
438,-164,17.532316,-6.550299,7
438,-53,17.532438,-2.093773,39
438,-52,17.540179,-2.060927,67
438,-51,17.547347,-2.026581,32
438,-50,17.542544,-1.977436,6
438,-49,17.538230,-1.942258,6
438,-48,17.558084,-1.908522,1
438,-47,17.533557,-1.869666,1
438,153,17.555094,6.155291,7
438,154,17.541612,6.181976,50
438,155,17.536954,6.217388,35
438,156,17.521292,6.245645,1
438,248,17.558806,9.956633,1
438,249,17.540879,9.981596,126
438,250,17.528881,10.006952,9
439,-283,17.563578,-11.282573,6
439,-282,17.574975,-11.256228,102
439,-281,17.587330,-11.225656,66
439,-280,17.584238,-11.185062,13
439,-279,17.581819,-11.143996,9
439,-278,17.596186,-11.111774,1
439,-168,17.560902,-6.693635,1
439,-167,17.562046,-6.667959,5
439,-166,17.565131,-6.618774,22
439,-165,17.564504,-6.588304,7
439,-52,17.570642,-2.051331,29
439,-51,17.579468,-2.019481,69
439,-50,17.586216,-1.985510,40
439,-49,17.580493,-1.941517,6
439,-48,17.578209,-1.899996,6
439,-47,17.588934,-1.872713,2
439,-46,17.566639,-1.828894,1
439,152,17.596168,6.118185,1
439,153,17.582750,6.142368,44
439,154,17.578275,6.177007,44
439,155,17.566304,6.204926,5
439,248,17.583946,9.946402,110
439,249,17.566883,9.966053,29
440,-281,17.611743,-11.213650,73
440,-280,17.625059,-11.184126,95
440,-279,17.628493,-11.143731,18
440,-278,17.622591,-11.099437,10
440,-277,17.628859,-11.068180,1
440,-51,17.608632,-2.010330,16
440,-50,17.618730,-1.979008,69
440,-49,17.623712,-1.945030,53
440,-48,17.626177,-1.905088,9
440,-47,17.616571,-1.851080,7
440,-46,17.638599,-1.808011,2
440,-45,17.600066,-1.787701,1
440,-44,17.633845,-1.746075,1
440,152,17.622967,6.105325,39
440,153,17.619110,6.139803,47
440,154,17.610303,6.168400,10
440,247,17.628316,9.909525,80
440,248,17.610667,9.927427,61
441,-280,17.648701,-11.171070,45
441,-279,17.662404,-11.141982,107
441,-278,17.668612,-11.107125,23
441,-277,17.662926,-11.064029,11
441,-276,17.666800,-11.025340,5
441,-50,17.647348,-1.967200,8
441,-49,17.657198,-1.936736,65
441,-48,17.663414,-1.901831,62
441,-47,17.666158,-1.863582,11
441,-46,17.652118,-1.815169,4
441,-45,17.669181,-1.777175,4
441,-43,17.667981,-1.704004,1
441,-42,17.641292,-1.664471,1
441,151,17.663798,6.066017,25
441,152,17.660017,6.099054,52
441,153,17.652401,6.130237,17
441,246,17.672286,9.872822,50
441,247,17.653885,9.890646,83
441,248,17.643084,9.923634,2
442,-279,17.687655,-11.128637,23
442,-278,17.699026,-11.100215,104
442,-277,17.708279,-11.067300,39
442,-276,17.698259,-11.021869,9
442,-275,17.700739,-10.982344,4
442,-274,17.713105,-10.955777,1
442,-49,17.683818,-1.926577,3
442,-48,17.694437,-1.897090,52
442,-47,17.702182,-1.862152,70
442,-46,17.708467,-1.828177,20
442,-45,17.699361,-1.781695,6
442,-44,17.708738,-1.739951,6
442,-43,17.708658,-1.719845,1
442,-42,17.702483,-1.661483,1
442,-41,17.680005,-1.616037,1
442,-40,17.719166,-1.567048,1
442,150,17.705722,6.029900,20
442,151,17.698812,6.060388,46
442,152,17.694796,6.093167,26
442,245,17.715226,9.836579,21
442,246,17.697754,9.854151,106
442,247,17.685856,9.882330,3
443,-278,17.725452,-11.085240,10
443,-277,17.736615,-11.056604,92
443,-276,17.746726,-11.024003,62
443,-275,17.739603,-10.982048,12
443,-274,17.732616,-10.939235,6
443,-273,17.747882,-10.909374,1
443,-48,17.721977,-1.882330,1
443,-47,17.733120,-1.855203,42
443,-46,17.741259,-1.820819,75
443,-45,17.747139,-1.786035,24
443,-44,17.742965,-1.739628,2
443,-43,17.741854,-1.702030,5
443,-42,17.747925,-1.674679,2
443,-41,17.746554,-1.621603,2
443,-38,17.758784,-1.517486,1
443,149,17.749771,5.992027,13
443,150,17.739279,6.020833,46
443,151,17.735477,6.055734,35
443,152,17.721971,6.084274,1
443,244,17.757743,9.798298,2
443,245,17.739994,9.818910,129
443,246,17.726566,9.844315,5
444,-277,17.763841,-11.043645,4
444,-276,17.774009,-11.015258,72
444,-275,17.784224,-10.982671,81
444,-274,17.783576,-10.945781,16
444,-273,17.775383,-10.904103,8
444,-272,17.782249,-10.868799,3
444,-46,17.770977,-1.811103,34
444,-45,17.780201,-1.779028,75
444,-44,17.785481,-1.746749,36
444,-43,17.786428,-1.706235,6
444,-42,17.778056,-1.661536,5
444,-41,17.783468,-1.633426,3
444,-40,17.784661,-1.574655,2
444,-37,17.798869,-1.467336,1
444,148,17.792637,5.954644,9
444,149,17.781033,5.981335,44
444,150,17.777260,6.016171,41
444,151,17.764367,6.043102,1
444,244,17.781293,9.784143,123
444,245,17.768807,9.805107,16
445,-275,17.811088,-10.973938,47
445,-274,17.822200,-10.941242,91
445,-273,17.826787,-10.905153,24
445,-272,17.822564,-10.860832,9
445,-271,17.818759,-10.822892,6
445,-270,17.837730,-10.789494,1
445,-45,17.809271,-1.770240,18
445,-44,17.817870,-1.738598,75
445,-43,17.827240,-1.704971,47
445,-42,17.826882,-1.669972,9
445,-41,17.817252,-1.618042,5
445,-40,17.825410,-1.586847,4
445,-39,17.823206,-1.527165,2
445,-36,17.839431,-1.416589,1
445,147,17.837091,5.916555,4
445,148,17.822668,5.941559,42
445,149,17.817921,5.977620,39
445,150,17.809190,6.004204,6
445,243,17.825127,9.747479,97
445,244,17.808582,9.766890,43
446,-274,17.850415,-10.931009,30
446,-273,17.859184,-10.899134,83
446,-272,17.868517,-10.867910,36
446,-271,17.865243,-10.825223,9
446,-270,17.854297,-10.779233,5
446,-269,17.872840,-10.744298,2
446,-44,17.845909,-1.728588,12
446,-43,17.857796,-1.697160,68
446,-42,17.864871,-1.662915,56
446,-41,17.866916,-1.622784,10
446,-40,17.855899,-1.571903,5
446,-39,17.866892,-1.536311,4
446,-38,17.844291,-1.486720,1
446,147,17.865414,5.903072,39
446,148,17.859506,5.939881,42
446,149,17.849932,5.969420,11
446,242,17.868775,9.710582,64
446,243,17.851648,9.730164,65
447,-273,17.887387,-10.889184,17
447,-272,17.897870,-10.857407,85
447,-271,17.907464,-10.823818,53
447,-270,17.897545,-10.780670,9
447,-269,17.903366,-10.742297,4
447,-268,17.905022,-10.703772,5
447,-43,17.886068,-1.685318,4
447,-42,17.895554,-1.655959,64
447,-41,17.903145,-1.622351,67
447,-40,17.907151,-1.585514,16
447,-39,17.890597,-1.537472,2
447,-38,17.903519,-1.501763,6
447,-37,17.880420,-1.456669,2
447,-35,17.899032,-1.380817,2
447,146,17.903606,5.865837,28
447,147,17.900964,5.900328,40
447,148,17.894379,5.930181,18
447,241,17.911875,9.673613,42
447,242,17.894516,9.693833,92
447,243,17.884640,9.722936,2
448,-272,17.923760,-10.847858,7
448,-271,17.935302,-10.817577,66
448,-270,17.944349,-10.783902,68
448,-269,17.945301,-10.746268,14
448,-268,17.945771,-10.700890,8
448,-267,17.941780,-10.656501,3
448,-266,17.951476,-10.637729,1
448,-41,17.934453,-1.615441,49
448,-40,17.940990,-1.581789,74
448,-39,17.946437,-1.545240,26
448,-38,17.948371,-1.495223,2
448,-37,17.934271,-1.460138,6
448,-36,17.942500,-1.426564,3
448,-34,17.954857,-1.350459,1
448,-33,17.922026,-1.313261,1
448,-31,17.958742,-1.224802,1
448,145,17.945533,5.827980,21
448,146,17.940090,5.859922,48
448,147,17.935171,5.894881,23
448,240,17.955753,9.635797,16
448,241,17.938037,9.656714,116
448,242,17.928736,9.682535,5
449,-271,17.964253,-10.802217,4
449,-270,17.973756,-10.775410,49
449,-269,17.982020,-10.742158,73
449,-268,17.990202,-10.709046,17
449,-267,17.981638,-10.671012,8
449,-266,17.978656,-10.623510,5
449,-265,17.993002,-10.588304,3
449,-40,17.970624,-1.574457,33
449,-39,17.980040,-1.541522,80
449,-38,17.986391,-1.506135,36
449,-37,17.980591,-1.464335,4
449,-36,17.977262,-1.414853,5
449,-35,17.977188,-1.375302,2
449,-33,17.992558,-1.304000,1
449,-32,17.964080,-1.260645,1
449,144,17.988452,5.791770,15
449,145,17.980165,5.821542,42
449,146,17.976134,5.856415,29
449,147,17.961598,5.883678,1
449,239,17.997678,9.598265,3
449,240,17.980015,9.620492,123
449,241,17.968710,9.645604,12
450,-270,18.004326,-10.760416,1
450,-269,18.011626,-10.733818,35
450,-268,18.020068,-10.699836,84
450,-267,18.028360,-10.666050,29
450,-266,18.025731,-10.621744,8
450,-265,18.020625,-10.588210,3
450,-264,18.023760,-10.545530,5
450,-39,18.009219,-1.531828,23
450,-38,18.019109,-1.498497,81
450,-37,18.025452,-1.464754,40
450,-36,18.019863,-1.427420,7
450,-35,18.011982,-1.378580,4
450,-34,18.020548,-1.349100,4
450,-33,18.009056,-1.312697,1
450,-32,18.030696,-1.257001,1
450,-31,18.006654,-1.207386,1
450,-30,18.006266,-1.164915,1
450,143,18.034562,5.752880,10
450,144,18.019796,5.779899,41
450,145,18.016995,5.816533,37
450,146,18.004892,5.844716,1
450,239,18.022004,9.584787,109
450,240,18.009208,9.608179,30
451,-268,18.049345,-10.691769,21
451,-267,18.057674,-10.658581,80
451,-266,18.067702,-10.624507,43
451,-265,18.064848,-10.572531,9
451,-264,18.057705,-10.535585,3
451,-263,18.065552,-10.499020,4
451,-262,18.072419,-10.476364,1
451,-38,18.047015,-1.489766,14
451,-37,18.056688,-1.458112,75
451,-36,18.064754,-1.423969,60
451,-35,18.068681,-1.382663,10
451,-34,18.056202,-1.335095,4
451,-33,18.057997,-1.303472,4
451,-32,18.053111,-1.258428,1
451,-31,18.069282,-1.209446,1
451,-29,18.049757,-1.153466,1
451,-28,18.054423,-1.104240,1
451,142,18.075938,5.716575,3
451,143,18.061119,5.739591,38
451,144,18.058592,5.779674,41
451,145,18.047588,5.806428,5
451,238,18.065282,9.548202,80
451,239,18.051481,9.570388,55
452,-267,18.087782,-10.647775,11
452,-266,18.096285,-10.617882,63
452,-265,18.104268,-10.584816,56
452,-264,18.106069,-10.543274,13
452,-263,18.108249,-10.495430,2
452,-262,18.094441,-10.460689,4
452,-261,18.117803,-10.422174,3
452,-37,18.084022,-1.449115,7
452,-36,18.096872,-1.415994,66
452,-35,18.102365,-1.382452,61
452,-34,18.108481,-1.345884,18
452,-33,18.101052,-1.298640,3
452,-32,18.094656,-1.267109,5
452,-31,18.108925,-1.223142,3
452,-30,18.108324,-1.161328,1
452,-28,18.093403,-1.098860,1
452,-27,18.103225,-1.042755,1
452,142,18.102291,5.701286,37
452,143,18.099750,5.741193,40
452,144,18.091877,5.768332,10
452,237,18.109275,9.510724,56
452,238,18.093706,9.532258,85
453,-266,18.123744,-10.608370,5
453,-265,18.135175,-10.576103,53
453,-264,18.142429,-10.540717,72
453,-263,18.145833,-10.506820,21
453,-262,18.145425,-10.462426,8
453,-261,18.146368,-10.428807,2
453,-260,18.146253,-10.382684,4
453,-36,18.123409,-1.402993,4
453,-35,18.133596,-1.376122,52
453,-34,18.142157,-1.342679,74
453,-33,18.148554,-1.307042,26
453,-32,18.145353,-1.251384,4
453,-31,18.132826,-1.213363,3
453,-30,18.151256,-1.195301,2
453,-29,18.136476,-1.146339,2
453,-28,18.147831,-1.112645,1
453,-27,18.137602,-1.043563,1
453,-25,18.152689,-0.980427,1
453,141,18.142928,5.665452,30
453,142,18.139433,5.700389,36
453,143,18.134663,5.730488,19
453,236,18.152056,9.472854,28
453,237,18.137130,9.495124,109
453,238,18.129122,9.523950,2
454,-265,18.163012,-10.561492,2
454,-264,18.174902,-10.532936,37
454,-263,18.179845,-10.498732,71
454,-262,18.189977,-10.464718,28
454,-261,18.184081,-10.422951,7
454,-260,18.173533,-10.381701,3
454,-259,18.185780,-10.339726,4
454,-34,18.172113,-1.334409,42
454,-33,18.181159,-1.300396,78
454,-32,18.188907,-1.265040,33
454,-31,18.182015,-1.226292,5
454,-30,18.175453,-1.180220,4
454,-29,18.174355,-1.154593,2
454,-28,18.188662,-1.091461,1
454,-27,18.187814,-1.063368,1
454,-25,18.182368,-0.987564,1
454,140,18.184954,5.628114,19
454,141,18.180773,5.659533,37
454,142,18.173902,5.694543,29
454,235,18.194813,9.435565,15
454,236,18.178394,9.459118,119
454,237,18.168154,9.484872,8
455,-263,18.213319,-10.492603,23
455,-262,18.217368,-10.459404,64
455,-261,18.228130,-10.425189,44
455,-260,18.214344,-10.384329,7
455,-259,18.220299,-10.340011,3
455,-258,18.209335,-10.300389,3
455,-257,18.227749,-10.270512,2
455,-33,18.210005,-1.289725,29
455,-32,18.220629,-1.259133,77
455,-31,18.226597,-1.224716,42
455,-30,18.223348,-1.183854,8
455,-29,18.210623,-1.137589,4
455,-28,18.225580,-1.103890,5
455,-26,18.231650,-1.023927,2
455,-24,18.227712,-0.930839,1
455,-23,18.202830,-0.917245,1
455,139,18.229996,5.590147,14
455,140,18.219569,5.620542,41
455,141,18.216793,5.657283,33
455,142,18.202490,5.682599,1
455,234,18.237580,9.397570,3
455,235,18.222087,9.422228,123
455,236,18.206944,9.448674,24
456,-262,18.249943,-10.450853,14
456,-261,18.259296,-10.418869,58
456,-260,18.262824,-10.382575,57
456,-259,18.263057,-10.345357,10
456,-258,18.254524,-10.306416,4
456,-257,18.254704,-10.252560,3
456,-256,18.269630,-10.220113,3
456,-32,18.248044,-1.249515,17
456,-31,18.258695,-1.218229,76
456,-30,18.264966,-1.183264,55
456,-29,18.267700,-1.146495,11
456,-28,18.256180,-1.105520,1
456,-27,18.259736,-1.062296,5
456,-25,18.269249,-0.963009,1
456,-22,18.273650,-0.873359,1
456,138,18.272671,5.553537,8
456,139,18.260004,5.580124,38
456,140,18.258237,5.618521,32
456,141,18.246087,5.645317,4
456,234,18.263359,9.385279,100
456,235,18.251942,9.408471,44
457,-261,18.285623,-10.406850,9
457,-260,18.298479,-10.378392,54
457,-259,18.299744,-10.341716,54
457,-258,18.306501,-10.305074,20
457,-257,18.294372,-10.263231,3
457,-256,18.301543,-10.231508,2
457,-255,18.302090,-10.185667,4
457,-254,18.315878,-10.151530,1
457,-31,18.284153,-1.206666,10
457,-30,18.297581,-1.176961,68
457,-29,18.303545,-1.141332,64
457,-28,18.308796,-1.104356,15
457,-27,18.301760,-1.069192,4
457,-26,18.294287,-1.020225,5
457,-25,18.305599,-0.987580,3
457,-23,18.310721,-0.911903,1
457,137,18.313951,5.516431,4
457,138,18.301575,5.540129,37
457,139,18.299756,5.578619,37
457,140,18.290197,5.606952,9
457,233,18.306560,9.347545,77
457,234,18.293215,9.372137,70
458,-260,18.325485,-10.365733,3
458,-259,18.334954,-10.337403,47
458,-258,18.340900,-10.299532,60
458,-257,18.345425,-10.263608,25
458,-256,18.340952,-10.214700,6
458,-254,18.333766,-10.148981,3
458,-253,18.346462,-10.112034,2
458,-30,18.322921,-1.164302,4
458,-29,18.334850,-1.135673,60
458,-28,18.343033,-1.101026,71
458,-27,18.348412,-1.066375,20
458,-26,18.344515,-1.025079,4
458,-25,18.344367,-0.975301,4
458,-24,18.346699,-0.946916,3
458,-23,18.329559,-0.917915,1
458,-22,18.352712,-0.860152,1
458,-21,18.320193,-0.815137,1
458,137,18.342112,5.501267,34
458,138,18.340282,5.542403,35
458,139,18.332789,5.571232,12
458,232,18.348298,9.310916,50
458,233,18.336188,9.335056,90
458,234,18.329448,9.361853,1
459,-259,18.366705,-10.328650,1
459,-258,18.373716,-10.296175,31
459,-257,18.379369,-10.259199,61
459,-256,18.386656,-10.225186,32
459,-255,18.380262,-10.178169,10
459,-254,18.383983,-10.124728,2
459,-253,18.375144,-10.093482,3
459,-252,18.388741,-10.061552,3
459,-28,18.372574,-1.095063,46
459,-27,18.381069,-1.061172,79
459,-26,18.387939,-1.025020,34
459,-25,18.386482,-0.989576,3
459,-24,18.382795,-0.935510,3
459,-23,18.383355,-0.902226,3
459,-22,18.377777,-0.858516,1
459,-21,18.395233,-0.807746,1
459,-19,18.367354,-0.756139,1
459,136,18.381612,5.464356,29
459,137,18.381283,5.501425,33
459,138,18.374512,5.532655,22
459,231,18.392140,9.272244,28
459,232,18.378076,9.297347,113
459,233,18.364524,9.324566,7
460,-258,18.404692,-10.283391,1
460,-257,18.411544,-10.252348,23
460,-256,18.418013,-10.219943,57
460,-255,18.424007,-10.185183,46
460,-254,18.421876,-10.144040,9
460,-253,18.422501,-10.108476,4
460,-252,18.425624,-10.050123,1
460,-251,18.417780,-10.022900,3
460,-250,18.437331,-9.989480,1
460,-27,18.410794,-1.052100,31
460,-26,18.420428,-1.020410,79
460,-25,18.425880,-0.982667,46
460,-24,18.420971,-0.949181,4
460,-23,18.427872,-0.905883,4
460,-22,18.425555,-0.860389,5
460,-20,18.426645,-0.798322,1
460,-19,18.438295,-0.754679,1
460,-18,18.415150,-0.696340,1
460,135,18.424212,5.426061,22
460,136,18.418940,5.459960,34
460,137,18.416869,5.494226,30
460,230,18.433858,9.235569,13
460,231,18.421105,9.259803,119
460,232,18.408181,9.287120,19
461,-256,18.447761,-10.210543,15
461,-255,18.458356,-10.178212,49
461,-254,18.461704,-10.142420,52
461,-253,18.468693,-10.105172,13
461,-252,18.455671,-10.064533,5
461,-251,18.453447,-10.013765,1
461,-250,18.452322,-9.980624,2
461,-249,18.462532,-9.955856,1
461,-26,18.448257,-1.009364,20
461,-25,18.459459,-0.979347,75
461,-24,18.463173,-0.942774,54
461,-23,18.468465,-0.910216,9
461,-22,18.469824,-0.870732,3
461,-21,18.460478,-0.822120,4
461,-20,18.468366,-0.791225,1
461,-19,18.476178,-0.737311,1
461,-16,18.463594,-0.635732,1
461,134,18.467424,5.388547,16
461,135,18.460707,5.422331,35
461,136,18.456472,5.457753,31
461,137,18.444617,5.480629,1
461,229,18.476855,9.197255,4
461,230,18.462938,9.222298,110
461,231,18.451583,9.249083,35
462,-255,18.484067,-10.171854,8
462,-254,18.497816,-10.136588,43
462,-253,18.501208,-10.099794,53
462,-252,18.507718,-10.065980,18
462,-251,18.496723,-10.019576,8
462,-250,18.500025,-9.974428,2
462,-249,18.492010,-9.934010,4
462,-248,18.514898,-9.896231,2
462,-25,18.485167,-0.969076,11
462,-24,18.496954,-0.939482,70
462,-23,18.501928,-0.902712,64
462,-22,18.511470,-0.869262,16
462,-21,18.503793,-0.833117,4
462,-20,18.498460,-0.783508,5
462,-19,18.513882,-0.742010,2
462,-18,18.481910,-0.700932,1
462,-15,18.512701,-0.574301,1
462,133,18.509778,5.351263,13
462,134,18.500779,5.380699,33
462,135,18.498295,5.417129,38
462,136,18.484294,5.444061,4
462,229,18.504774,9.184736,91
462,230,18.493463,9.211771,60
463,-254,18.528482,-10.132808,10
463,-253,18.537350,-10.097490,37
463,-252,18.540682,-10.059536,53
463,-251,18.547155,-10.024565,25
463,-250,18.542555,-9.984803,6
463,-249,18.543782,-9.948976,4
463,-248,18.529732,-9.891470,2
463,-247,18.544037,-9.857529,2
463,-246,18.555520,-9.834131,1
463,-24,18.523106,-0.925600,5
463,-23,18.536351,-0.896625,68
463,-22,18.541066,-0.860608,64
463,-21,18.548744,-0.826044,27
463,-20,18.548157,-0.779592,4
463,-19,18.536178,-0.732961,3
463,-18,18.554282,-0.699656,3
463,-17,18.526242,-0.660970,2
463,132,18.553014,5.310879,11
463,133,18.540949,5.340609,39
463,134,18.536717,5.377895,34
463,135,18.525472,5.406268,5
463,228,18.545898,9.148814,59
463,229,18.535323,9.174836,84
463,230,18.525550,9.200486,1
464,-253,18.565582,-10.088647,6
464,-252,18.575965,-10.057408,30
464,-251,18.580747,-10.020288,47
464,-250,18.584634,-9.984593,34
464,-249,18.582919,-9.946136,6
464,-248,18.585351,-9.898177,5
464,-247,18.568993,-9.862781,1
464,-246,18.582091,-9.820000,3
464,-245,18.592639,-9.783409,2
464,-22,18.573348,-0.855993,52
464,-21,18.581368,-0.821107,72
464,-20,18.587565,-0.785036,35
464,-19,18.583963,-0.747695,6
464,-18,18.579988,-0.690283,2
464,-17,18.587802,-0.671193,3
464,-16,18.577303,-0.612743,1
464,-15,18.570852,-0.591317,1
464,-13,18.562488,-0.512019,1
464,131,18.592726,5.271863,11
464,132,18.580795,5.300601,36
464,133,18.577851,5.338118,36
464,134,18.566929,5.367724,7
464,227,18.588795,9.111154,37
464,228,18.576879,9.137236,106
464,229,18.564607,9.162090,6
465,-252,18.604109,-10.045276,2
465,-251,18.615117,-10.016834,28
465,-250,18.618394,-9.978251,39
465,-249,18.621891,-9.943300,37
465,-248,18.627911,-9.909665,11
465,-247,18.622141,-9.859285,4
465,-246,18.617129,-9.831038,1
465,-245,18.621717,-9.779562,2
465,-244,18.624804,-9.740469,2
465,-21,18.611430,-0.812646,41
465,-20,18.621756,-0.780102,72
465,-19,18.624748,-0.744276,45
465,-18,18.629550,-0.706064,6
465,-17,18.620642,-0.666534,1
465,-16,18.616332,-0.628124,5
465,-14,18.622565,-0.542295,2
465,-12,18.612970,-0.448862,1
465,130,18.631621,5.234081,9
465,131,18.620368,5.259752,33
465,132,18.618961,5.299086,39
465,133,18.607604,5.327966,8
465,226,18.630798,9.073135,22
465,227,18.618915,9.099729,115
465,228,18.607475,9.126154,14
466,-250,18.651763,-9.975486,24
466,-249,18.657552,-9.938260,46
466,-248,18.662073,-9.900618,40
466,-247,18.664684,-9.865264,13
466,-246,18.650104,-9.820801,4
466,-245,18.664856,-9.769038,1
466,-244,18.654151,-9.736900,2
466,-243,18.657567,-9.696727,2
466,-242,18.676249,-9.670707,1
466,-20,18.649333,-0.769693,25
466,-19,18.660345,-0.740003,71
466,-18,18.661700,-0.702403,57
466,-17,18.672445,-0.671218,9
466,-16,18.662534,-0.635446,3
466,-15,18.658899,-0.583689,6
466,-12,18.662161,-0.478791,1
466,-10,18.664164,-0.384812,1
466,129,18.674400,5.193263,8
466,130,18.659810,5.219775,37
466,131,18.658961,5.258318,39
466,132,18.649237,5.286282,9
466,225,18.672993,9.035101,11
466,226,18.661278,9.062314,114
466,227,18.649638,9.089069,28
467,-249,18.691425,-9.933214,16
467,-248,18.697596,-9.897813,43
467,-247,18.700423,-9.858377,45
467,-246,18.705569,-9.821289,16
467,-245,18.692827,-9.778224,7
467,-243,18.701441,-9.702093,4
467,-241,18.709305,-9.634879,3
467,-19,18.686015,-0.728123,16
467,-18,18.699369,-0.699133,72
467,-17,18.700712,-0.661114,60
467,-16,18.711254,-0.630165,18
467,-15,18.711314,-0.576582,3
467,-14,18.683207,-0.546081,3
467,-13,18.707720,-0.512765,2
467,-11,18.708738,-0.421385,1
467,128,18.711936,5.154374,9
467,129,18.699611,5.180080,38
467,130,18.698534,5.218316,39
467,131,18.687120,5.247538,9
467,224,18.716231,8.997040,6
467,225,18.702202,9.023768,95
467,226,18.693917,9.049913,51
468,-248,18.730097,-9.892175,9
468,-247,18.737258,-9.859451,36
468,-246,18.739739,-9.822367,44
468,-245,18.746736,-9.785303,26
468,-244,18.742144,-9.748476,7
468,-243,18.748004,-9.706379,5
468,-242,18.738148,-9.665840,2
468,-241,18.756289,-9.618037,1
468,-240,18.744091,-9.588581,3
468,-18,18.723610,-0.686471,5
468,-17,18.737379,-0.658075,68
468,-16,18.740968,-0.620290,64
468,-15,18.747305,-0.587288,27
468,-14,18.747244,-0.536280,3
468,-13,18.721456,-0.502846,3
468,-12,18.750923,-0.459993,3
468,-10,18.755948,-0.363207,1
468,127,18.751732,5.112477,9
468,128,18.741459,5.140560,36
468,129,18.739298,5.178266,43
468,130,18.726797,5.208165,8
468,224,18.745043,8.984815,77
468,225,18.734442,9.013604,77
469,-247,18.767750,-9.848442,5
469,-246,18.776217,-9.816705,28
469,-245,18.778650,-9.780217,46
469,-244,18.783634,-9.743974,31
469,-243,18.793589,-9.713837,5
469,-242,18.787815,-9.657575,4
469,-241,18.776915,-9.631724,2
469,-240,18.789298,-9.574903,1
469,-239,18.779554,-9.541379,3
469,-238,18.792016,-9.516247,1
469,-16,18.774698,-0.616783,57
469,-15,18.780467,-0.581235,68
469,-14,18.787373,-0.545561,41
469,-13,18.782124,-0.502292,5
469,-12,18.774312,-0.455327,3
469,-11,18.787183,-0.422928,2
469,-10,18.796995,-0.389529,1
469,126,18.791688,5.070848,13
469,127,18.781211,5.101396,40
469,128,18.778640,5.137922,40
469,129,18.767368,5.165170,6
469,223,18.784891,8.948522,58
469,224,18.776724,8.976874,95
469,225,18.760859,9.001597,2
470,-246,18.803238,-9.806839,4
470,-245,18.814365,-9.776657,22
470,-244,18.817828,-9.738936,45
470,-243,18.822552,-9.701268,38
470,-242,18.825134,-9.670187,11
470,-241,18.820881,-9.613869,3
470,-240,18.823638,-9.582212,3
470,-239,18.822859,-9.531049,1
470,-238,18.827514,-9.492786,1
470,-237,18.824805,-9.473480,2
470,-15,18.811705,-0.575166,39
470,-14,18.822122,-0.542722,69
470,-13,18.822955,-0.504153,50
470,-12,18.830340,-0.464769,7
470,-11,18.818512,-0.415239,2
470,-10,18.815280,-0.385340,3
470,-8,18.803807,-0.304230,1
470,125,18.828432,5.028804,17
470,126,18.820168,5.059925,40
470,127,18.816837,5.097387,40
470,128,18.803584,5.125110,4
470,222,18.828638,8.909678,40
470,223,18.817399,8.938240,107
470,224,18.806489,8.964281,10
471,-245,18.841362,-9.762445,1
471,-244,18.854519,-9.736540,20
471,-243,18.858853,-9.698789,35
471,-242,18.862441,-9.660851,42
471,-241,18.864414,-9.624262,17
471,-240,18.854672,-9.572601,2
471,-239,18.868189,-9.535293,3
471,-238,18.865205,-9.492279,2
471,-237,18.865598,-9.442388,1
471,-236,18.861316,-9.424737,2
471,-14,18.850163,-0.530253,31
471,-13,18.861154,-0.500485,70
471,-12,18.860637,-0.462945,54
471,-11,18.872305,-0.432061,14
471,-10,18.866575,-0.389008,3
471,-9,18.848718,-0.345995,4
471,-8,18.866318,-0.318749,1
471,-7,18.852668,-0.241668,1
471,124,18.868167,4.984634,23
471,125,18.860347,5.019657,45
471,126,18.855742,5.057065,34
471,127,18.841761,5.083743,1
471,221,18.870665,8.871428,22
471,222,18.860204,8.899880,105
471,223,18.849341,8.927913,25
472,-243,18.894501,-9.693058,15
472,-242,18.899179,-9.660543,37
472,-241,18.900986,-9.618924,40
472,-240,18.905054,-9.582274,17
472,-239,18.892690,-9.545346,4
472,-238,18.908967,-9.483973,2
472,-237,18.891691,-9.441107,1
472,-235,18.904460,-9.390964,1
472,-234,18.913924,-9.355441,1
472,-13,18.886067,-0.489555,17
472,-12,18.900534,-0.459325,77
472,-11,18.899806,-0.419123,59
472,-10,18.912658,-0.386770,19
472,-9,18.904182,-0.345903,3
472,-8,18.897393,-0.301946,4
472,-7,18.900780,-0.266962,2
472,-5,18.902272,-0.177961,1
472,122,18.919439,4.916758,1
472,123,18.905802,4.943720,31
472,124,18.900375,4.981200,45
472,125,18.894178,5.015363,29
472,220,18.913639,8.832259,15
472,221,18.901327,8.862429,103
472,222,18.892850,8.891123,37
473,-242,18.930246,-9.653003,10
473,-241,18.939045,-9.620072,36
473,-240,18.939011,-9.580480,41
473,-239,18.942115,-9.545199,24
473,-238,18.945471,-9.501449,6
473,-237,18.938307,-9.462471,4
473,-236,18.934810,-9.427687,2
473,-235,18.926994,-9.394977,1
473,-234,18.944119,-9.338483,1
473,-233,18.958673,-9.295670,1
473,-12,18.924813,-0.444973,8
473,-11,18.937831,-0.418961,64
473,-10,18.940479,-0.380557,65
473,-9,18.948392,-0.345564,34
473,-8,18.954943,-0.301817,3
473,-7,18.932245,-0.257061,3
473,-6,18.949308,-0.226716,3
473,-5,18.948972,-0.196288,1
473,-3,18.953326,-0.107847,1
473,121,18.954849,4.875657,5
473,122,18.942515,4.901950,36
473,123,18.941662,4.940466,44
473,124,18.930188,4.972558,19
473,219,18.954684,8.797063,5
473,220,18.942004,8.823420,87
473,221,18.935507,8.852835,56
474,-241,18.967794,-9.608796,7
474,-240,18.979169,-9.577913,31
474,-239,18.978780,-9.538022,36
474,-238,18.983587,-9.503358,31
474,-237,18.988321,-9.462624,8
474,-236,18.986079,-9.405273,4
474,-235,18.989059,-9.373665,2
474,-234,18.976330,-9.347515,2
474,-233,18.992033,-9.292596,2
474,-11,18.961299,-0.402236,3
474,-10,18.975255,-0.377942,54
474,-9,18.980426,-0.341375,68
474,-8,18.985544,-0.302953,44
474,-7,18.986821,-0.267382,5
474,-6,18.983742,-0.224391,1
474,-5,18.984827,-0.175485,4
474,120,18.993077,4.829523,10
474,121,18.980162,4.860739,42
474,122,18.980566,4.899082,44
474,123,18.968267,4.929549,13
474,218,18.999346,8.759554,1
474,219,18.984145,8.783452,70
474,220,18.975585,8.815447,83
474,221,18.960082,8.842055,1
475,-240,19.005549,-9.566870,5
475,-239,19.017692,-9.535685,28
475,-238,19.020580,-9.499555,38
475,-237,19.022241,-9.461552,32
475,-236,19.027082,-9.427499,10
475,-235,19.026304,-9.391063,2
475,-234,19.024171,-9.344535,3
475,-232,19.036654,-9.251681,1
475,-231,19.015252,-9.232294,2
475,-9,19.011976,-0.333993,41
475,-8,19.020771,-0.301204,67
475,-7,19.022245,-0.261541,58
475,-6,19.029686,-0.230801,10
475,-5,19.025339,-0.187801,3
475,-4,19.007030,-0.123551,2
475,-3,19.026260,-0.115110,2
475,-1,19.005619,-0.033539,1
475,119,19.028746,4.784544,19
475,120,19.023234,4.820372,44
475,121,19.016651,4.858006,44
475,122,19.003740,4.885428,4
475,218,19.025019,8.747192,62
475,219,19.017670,8.778614,90
475,220,19.003078,8.805033,7
476,-239,19.043181,-9.521854,1
476,-238,19.056839,-9.496930,21
476,-237,19.060214,-9.458452,40
476,-236,19.062243,-9.421425,33
476,-235,19.065261,-9.383316,16
476,-234,19.062143,-9.333187,3
476,-233,19.064337,-9.302750,3
476,-232,19.060756,-9.272519,3
476,-231,19.074519,-9.202201,1
476,-230,19.059894,-9.172930,2
476,-106,19.052903,-4.213648,1
476,-105,19.073602,-4.193628,1
476,-8,19.046950,-0.290279,26
476,-7,19.060499,-0.259404,68
476,-6,19.060358,-0.221011,64
476,-5,19.069089,-0.186305,29
476,-4,19.060836,-0.137411,2
476,-3,19.045827,-0.106702,1
476,-2,19.061196,-0.056408,4
476,1,19.059567,0.047523,1
476,117,19.077188,4.715089,3
476,118,19.063626,4.742994,31
476,119,19.061788,4.781259,50
476,120,19.051898,4.815230,29
476,217,19.067018,8.709177,46
476,218,19.059714,8.738988,94
476,219,19.048215,8.766521,17
477,-237,19.092404,-9.454393,16
477,-236,19.099610,-9.420138,33
477,-235,19.101385,-9.380288,36
477,-234,19.107227,-9.344406,19
477,-233,19.115072,-9.312402,2
477,-232,19.109321,-9.259721,3
477,-231,19.102161,-9.221953,1
477,-230,19.115422,-9.183736,1
477,-229,19.113073,-9.151822,1
477,-228,19.105604,-9.112146,2
477,-107,19.103209,-4.250959,4
477,-7,19.083928,-0.244310,8
477,-6,19.096627,-0.217505,61
477,-5,19.099796,-0.179921,67
477,-4,19.106285,-0.142878,48
477,-3,19.107346,-0.100946,7
477,-1,19.102000,-0.018710,2
477,0,19.103529,0.005211,2
477,1,19.113682,0.044408,1
477,3,19.114988,0.133436,1
477,116,19.113164,4.669063,12
477,117,19.102359,4.701934,43
477,118,19.097894,4.738838,48
477,119,19.086883,4.771237,15
477,216,19.109123,8.671051,28
477,217,19.100142,8.700205,98
477,218,19.092165,8.730108,29
478,-236,19.130120,-9.414704,12
478,-235,19.137670,-9.379255,30
478,-234,19.140605,-9.339095,39
478,-233,19.144506,-9.305497,26
478,-232,19.146115,-9.268410,7
478,-231,19.131374,-9.217359,3
478,-230,19.145555,-9.172160,2
478,-228,19.152337,-9.100516,1
478,-227,19.152419,-9.049890,2
478,-108,19.151403,-4.291914,3
478,-107,19.133772,-4.268279,2
478,-5,19.130603,-0.175039,41
478,-4,19.140913,-0.140108,68
478,-3,19.141043,-0.102045,61
478,-2,19.153039,-0.068683,21
478,-1,19.140762,-0.024670,3
478,0,19.156779,0.019069,1
478,1,19.148260,0.062793,4
478,115,19.148813,4.623133,30
478,116,19.142070,4.659946,56
478,117,19.132109,4.695423,37
478,118,19.121466,4.722527,2
478,215,19.151708,8.632231,17
478,216,19.140716,8.660992,94
478,217,19.133956,8.692049,45
479,-235,19.167445,-9.369656,8
479,-234,19.176665,-9.340146,28
479,-233,19.179382,-9.298528,33
479,-232,19.183991,-9.262004,32
479,-231,19.182680,-9.218999,5
479,-230,19.184453,-9.174645,3
479,-229,19.191127,-9.135880,2
479,-228,19.185462,-9.103865,2
479,-227,19.192329,-9.048257,1
479,-109,19.184226,-4.325932,2
479,-108,19.183154,-4.298979,5
479,-4,19.166342,-0.130261,19
479,-3,19.176850,-0.098162,62
479,-2,19.180762,-0.060259,73
479,-1,19.187210,-0.022955,44
479,0,19.196411,0.004522,4
479,1,19.193476,0.062233,2
479,3,19.192998,0.139948,3
479,5,19.172995,0.231214,1
479,113,19.193392,4.550119,12
479,114,19.180744,4.581822,42
479,115,19.179059,4.618575,49
479,116,19.167893,4.650259,16
479,214,19.194954,8.596420,9
479,215,19.181886,8.622596,85
479,216,19.175329,8.654317,58
480,-234,19.204028,-9.327367,4
480,-233,19.217742,-9.296342,27
480,-232,19.217762,-9.256933,34
480,-231,19.221250,-9.219848,32
480,-230,19.226562,-9.181028,11
480,-229,19.210635,-9.138489,1
480,-228,19.228810,-9.104819,2
480,-227,19.229648,-9.063879,2
480,-225,19.211285,-8.989071,3
480,-109,19.218567,-4.337655,9
480,-108,19.212126,-4.308770,3
480,-3,19.207090,-0.086540,4
480,-2,19.212536,-0.055611,40
480,-1,19.219900,-0.020297,70
480,0,19.222155,0.019250,65
480,1,19.230467,0.053791,24
480,3,19.216542,0.132894,2
480,4,19.231652,0.195378,1
480,5,19.237423,0.219247,1
480,111,19.239255,4.478034,1
480,112,19.228603,4.503279,32
480,113,19.221187,4.539281,57
480,114,19.212393,4.576639,39
480,115,19.202125,4.603776,2
480,213,19.236804,8.559665,1
480,214,19.222734,8.583091,72
480,215,19.216252,8.616830,74
480,216,19.203044,8.642119,2
481,-233,19.243051,-9.284046,2
481,-232,19.256136,-9.257144,20
481,-231,19.258498,-9.219084,31
481,-230,19.260539,-9.181308,36
481,-229,19.269063,-9.143737,14
481,-228,19.271858,-9.109860,3
481,-227,19.256085,-9.067604,3
481,-226,19.262414,-9.019267,2
481,-225,19.279155,-8.994556,1
481,-224,19.260569,-8.939527,2
481,-223,19.252570,-8.903136,1
481,-111,19.275046,-4.410700,1
481,-110,19.263562,-4.377749,10
481,-109,19.249051,-4.347311,7
481,-108,19.261589,-4.317352,1
481,-1,19.248405,-0.011135,18
481,0,19.257161,0.022513,59
481,1,19.260926,0.059270,73
481,2,19.265845,0.096398,52
481,3,19.270223,0.131416,11
481,5,19.258803,0.221454,3
481,6,19.275341,0.270735,1
481,110,19.271809,4.424934,16
481,111,19.261916,4.462210,51
481,112,19.257679,4.497386,53
481,113,19.246387,4.529251,13
481,213,19.263415,8.546663,64
481,214,19.256951,8.579350,84
481,215,19.245786,8.606375,9
482,-231,19.293824,-9.214034,19
482,-230,19.299439,-9.179246,35
482,-229,19.299681,-9.138728,31
482,-228,19.304558,-9.105066,17
482,-227,19.302180,-9.074101,3
482,-226,19.306493,-9.010022,3
482,-225,19.307428,-8.977884,2
482,-223,19.316918,-8.885457,1
482,-222,19.293666,-8.875936,1
482,-221,19.306259,-8.831426,1
482,-112,19.313019,-4.440213,1
482,-111,19.303494,-4.414062,9
482,-110,19.301718,-4.383670,11
482,-109,19.288675,-4.349327,2
482,-108,19.304172,-4.301487,3
482,0,19.295692,0.031117,2
482,1,19.291674,0.066172,31
482,2,19.299641,0.102343,68
482,3,19.300314,0.140046,72
482,4,19.308145,0.176120,36
482,5,19.306469,0.213028,4
482,6,19.311110,0.269297,1
482,7,19.284558,0.301826,1
482,8,19.308091,0.331188,2
482,108,19.315386,4.353195,9
482,109,19.305322,4.384397,38
482,110,19.300681,4.420387,61
482,111,19.290147,4.456083,28
482,212,19.304788,8.508558,45
482,213,19.299278,8.539218,89
482,214,19.288386,8.567814,22
483,-230,19.330815,-9.170974,11
483,-229,19.338937,-9.138698,32
483,-228,19.339337,-9.098010,35
483,-227,19.344724,-9.064862,22
483,-226,19.347343,-9.028848,7
483,-225,19.344934,-8.998959,1
483,-224,19.341803,-8.939677,3
483,-223,19.324118,-8.912634,1
483,-221,19.341878,-8.812137,1
483,-112,19.344160,-4.455868,7
483,-111,19.340229,-4.420937,16
483,-110,19.341304,-4.376799,5
483,-109,19.339020,-4.341745,3
483,-108,19.344867,-4.302597,2
483,1,19.329068,0.069882,1
483,2,19.333192,0.105831,8
483,3,19.333299,0.142365,42
483,4,19.339980,0.181394,76
483,5,19.341953,0.218598,66
483,6,19.351699,0.254746,26
483,7,19.353376,0.294415,2
483,8,19.342333,0.342697,3
483,9,19.333693,0.393193,1
483,10,19.355288,0.434175,1
483,106,19.358698,4.276737,2
483,107,19.349455,4.302918,33
483,108,19.342023,4.340072,64
483,109,19.331922,4.376846,45
483,110,19.322124,4.404753,4
483,211,19.347383,8.469943,28
483,212,19.339658,8.500416,97
483,213,19.331384,8.531675,31
484,-229,19.368414,-9.129120,9
484,-228,19.378419,-9.097883,27
484,-227,19.380989,-9.060117,30
484,-226,19.383269,-9.021509,28
484,-225,19.384609,-8.981483,7
484,-224,19.369670,-8.932199,2
484,-223,19.376403,-8.907885,2
484,-222,19.373504,-8.873339,1
484,-221,19.379919,-8.821714,2
484,-219,19.376334,-8.752278,2
484,-113,19.385661,-4.493317,9
484,-112,19.382078,-4.457797,18
484,-111,19.381275,-4.421124,15
484,-110,19.386880,-4.378264,6
484,-109,19.386605,-4.341728,6
484,-108,19.386277,-4.305256,4
484,3,19.367854,0.151452,4
484,4,19.369610,0.191267,12
484,5,19.374524,0.222221,49
484,6,19.380142,0.259502,80
484,7,19.382841,0.297008,59
484,8,19.393083,0.332490,22
484,10,19.398048,0.416054,2
484,11,19.372421,0.446772,2
484,12,19.385347,0.496127,1
484,105,19.391116,4.223676,28
484,106,19.382434,4.260939,63
484,107,19.373953,4.296008,46
484,108,19.364174,4.326532,8
484,210,19.391174,8.432287,19
484,211,19.379482,8.460432,87
484,212,19.374690,8.492445,50
485,-228,19.407307,-9.087778,3
485,-227,19.417404,-9.056305,25
485,-226,19.419713,-9.019837,33
485,-225,19.422394,-8.982206,36
485,-224,19.422777,-8.945006,10
485,-223,19.425407,-8.897277,1
485,-222,19.418276,-8.855556,3
485,-221,19.425874,-8.820792,2
485,-220,19.404054,-8.771594,1
485,-218,19.418213,-8.681896,1
485,-114,19.424391,-4.531182,10
485,-113,19.424734,-4.494098,19
485,-112,19.419124,-4.459653,47
485,-111,19.420260,-4.417970,56
485,-110,19.427602,-4.379423,60
485,-109,19.426636,-4.344002,27
485,-108,19.417300,-4.310228,2
485,4,19.407785,0.189649,1
485,5,19.413251,0.223092,3
485,6,19.411824,0.267705,20
485,7,19.413889,0.303235,58
485,8,19.420664,0.340056,78
485,9,19.424442,0.377298,58
485,10,19.432213,0.412598,21
485,13,19.416098,0.553236,2
485,15,19.439717,0.610883,1
485,103,19.431894,4.145197,24
485,104,19.422329,4.183307,63
485,105,19.414840,4.217337,54
485,106,19.405638,4.249503,15
485,209,19.435471,8.394765,9
485,210,19.420588,8.421505,80
485,211,19.415665,8.456257,59
485,212,19.400876,8.481353,1
486,-227,19.443894,-9.044682,2
486,-226,19.455682,-9.016562,19
486,-225,19.460160,-8.979361,29
486,-224,19.460542,-8.939374,35
486,-223,19.463395,-8.905198,14
486,-222,19.468733,-8.861917,3
486,-221,19.441549,-8.825998,2
486,-220,19.474511,-8.792770,1
486,-219,19.472130,-8.746631,1
486,-218,19.456501,-8.701534,3
486,-216,19.476615,-8.603895,1
486,-115,19.468332,-4.575577,5
486,-114,19.461902,-4.539808,18
486,-113,19.461221,-4.501126,48
486,-112,19.461402,-4.457980,38
486,-111,19.460995,-4.418610,41
486,-110,19.455264,-4.379490,44
486,-109,19.455466,-4.338817,76
486,-108,19.463063,-4.304010,53
486,-107,19.474144,-4.272417,7
486,6,19.463456,0.278258,1
486,7,19.455166,0.306235,4
486,8,19.448484,0.344751,20
486,9,19.453251,0.382343,55
486,10,19.460991,0.420751,84
486,11,19.464763,0.457196,58
486,12,19.472868,0.494715,26
486,13,19.442871,0.522116,1
486,14,19.457444,0.576876,2
486,16,19.472451,0.674186,1
486,17,19.476174,0.695829,1
486,101,19.472328,4.065659,27
486,102,19.462836,4.102619,63
486,103,19.454589,4.137923,54
486,104,19.445505,4.170616,16
486,208,19.477735,8.356822,2
486,209,19.462073,8.381901,68
486,210,19.456968,8.417168,76
486,211,19.444301,8.444366,7
487,-225,19.494550,-8.975717,15
487,-224,19.501226,-8.939841,29
487,-223,19.496771,-8.900950,31
487,-222,19.508036,-8.868184,20
487,-221,19.504306,-8.824862,4
487,-220,19.496555,-8.792287,2
487,-219,19.506141,-8.738121,4
487,-217,19.494700,-8.653145,1
487,-216,19.493459,-8.611555,1
487,-117,19.513750,-4.651852,1
487,-116,19.507599,-4.611630,7
487,-115,19.503370,-4.573803,19
487,-114,19.498810,-4.539243,51
487,-113,19.502925,-4.496638,34
487,-112,19.499638,-4.460296,42
487,-111,19.498884,-4.423016,38
487,-110,19.497610,-4.381105,21
487,-109,19.488782,-4.338748,15
487,-108,19.496117,-4.297356,40
487,-107,19.501750,-4.262519,46
487,-106,19.511958,-4.229927,10
487,8,19.492997,0.329628,1
487,9,19.487629,0.373907,6
487,10,19.490124,0.427642,17
487,11,19.493202,0.462333,51
487,12,19.500223,0.500664,79
487,13,19.504229,0.537211,67
487,14,19.512452,0.573533,27
487,15,19.507559,0.614929,3
487,16,19.515033,0.655998,1
487,18,19.498849,0.749822,1
487,98,19.519604,3.958217,1
487,99,19.512986,3.985435,25
487,100,19.503022,4.021448,75
487,101,19.493764,4.058036,57
487,102,19.484458,4.091199,16
487,208,19.503831,8.344812,66
487,209,19.497960,8.379673,80
487,210,19.489470,8.406691,13
488,-224,19.530045,-8.932516,10
488,-223,19.538492,-8.899889,29
488,-222,19.537629,-8.860061,31
488,-221,19.545520,-8.822991,24
488,-220,19.541840,-8.784590,5
488,-219,19.540326,-8.721888,1
488,-218,19.528335,-8.689878,2
488,-215,19.541410,-8.592107,1
488,-214,19.541582,-8.532528,2
488,-118,19.544607,-4.685074,2
488,-117,19.542524,-4.648150,4
488,-116,19.540040,-4.619925,14
488,-115,19.540172,-4.580835,54
488,-114,19.541864,-4.537709,32
488,-113,19.539417,-4.500738,41
488,-112,19.539275,-4.462851,35
488,-111,19.538608,-4.421993,19
488,-110,19.529402,-4.388624,7
488,-108,19.523938,-4.284961,4
488,-107,19.535408,-4.255324,36
488,-106,19.541593,-4.219668,48
488,-105,19.549954,-4.188548,20
488,9,19.523209,0.382175,1
488,10,19.532820,0.431787,4
488,11,19.535860,0.472198,3
488,12,19.530781,0.506880,10
488,13,19.529726,0.542906,49
488,14,19.538545,0.581575,82
488,15,19.542394,0.619098,79
488,16,19.550319,0.657872,41
488,17,19.556243,0.691123,6
488,18,19.542657,0.740283,2
488,20,19.530940,0.819567,1
488,21,19.545302,0.869281,1
488,96,19.556638,3.874102,5
488,97,19.550797,3.905599,35
488,98,19.542900,3.940159,75
488,99,19.531542,3.977253,53
488,100,19.523151,4.006339,8
488,207,19.545160,8.306470,46
488,208,19.539342,8.339754,84
488,209,19.531456,8.369436,22
489,-223,19.569172,-8.889898,10
489,-222,19.581314,-8.860009,25
489,-221,19.579644,-8.819494,34
489,-220,19.583596,-8.780850,24
489,-219,19.588068,-8.745390,6
489,-218,19.587346,-8.711153,4
489,-217,19.573033,-8.661513,3
489,-216,19.568443,-8.609119,2
489,-215,19.597274,-8.595042,1
489,-214,19.589088,-8.529807,1
489,-212,19.598618,-8.440938,1
489,-119,19.594621,-4.739930,2
489,-118,19.579485,-4.704040,5
489,-117,19.586293,-4.653443,25
489,-116,19.577548,-4.618781,50
489,-115,19.582345,-4.579222,33
489,-114,19.579585,-4.540886,42
489,-113,19.577402,-4.502155,33
489,-112,19.577507,-4.462779,19
489,-111,19.568437,-4.429403,6
489,-107,19.560134,-4.241854,1
489,-106,19.573874,-4.216068,27
489,-105,19.579258,-4.179440,53
489,-104,19.588536,-4.146753,27
489,12,19.572450,0.505926,3
489,13,19.568850,0.537644,3
489,14,19.585469,0.576032,3
489,15,19.569638,0.621075,34
489,16,19.575809,0.661447,69
489,17,19.580981,0.700004,89
489,18,19.586719,0.738009,57
489,19,19.595400,0.775711,25
489,20,19.581260,0.822860,1
489,23,19.564450,0.921710,1
489,25,19.597495,1.007367,1
489,94,19.595800,3.787473,18
489,95,19.588348,3.822315,60
489,96,19.576894,3.860514,75
489,97,19.566766,3.896877,44
489,98,19.560905,3.923242,1
489,206,19.588104,8.267980,31
489,207,19.579580,8.299495,89
489,208,19.573974,8.332573,37
490,-222,19.606304,-8.846363,5
490,-221,19.619239,-8.819320,24
490,-220,19.619306,-8.779172,29
490,-219,19.620649,-8.741136,30
490,-218,19.631507,-8.704750,7
490,-217,19.608293,-8.665156,3
490,-216,19.625969,-8.628042,2
490,-215,19.631548,-8.573149,2
490,-214,19.628769,-8.545386,1
490,-212,19.619252,-8.467898,2
490,-120,19.624157,-4.786695,2
490,-119,19.626401,-4.736819,10
490,-118,19.617206,-4.697647,10
490,-117,19.620457,-4.661720,51
490,-116,19.622205,-4.618340,32
490,-115,19.619278,-4.581052,38
490,-114,19.617308,-4.541924,33
490,-113,19.616044,-4.503142,20
490,-112,19.607256,-4.469955,5
490,-105,19.611376,-4.174787,19
490,-104,19.619052,-4.138399,52
490,-103,19.626129,-4.104509,31
490,14,19.611444,0.580679,3
490,16,19.625182,0.662742,6
490,17,19.608258,0.706678,15
490,18,19.610982,0.743043,47
490,19,19.617953,0.781207,86
490,20,19.622645,0.819410,86
490,21,19.629695,0.858771,45
490,22,19.633124,0.891475,12
490,23,19.625945,0.936108,2
490,27,19.626493,1.106030,1
490,91,19.636914,3.671424,4
490,92,19.632417,3.704118,47
490,93,19.622976,3.740584,80
490,94,19.611175,3.778477,58
490,95,19.604276,3.811268,15
490,205,19.630212,8.231740,19
490,206,19.620675,8.260816,84
490,207,19.615666,8.295136,50
491,-221,19.643550,-8.804670,3
491,-220,19.657763,-8.777990,20
491,-219,19.661397,-8.739640,30
491,-218,19.658240,-8.700706,29
491,-217,19.665813,-8.666440,12
491,-216,19.674719,-8.624191,4
491,-215,19.669312,-8.574193,2
491,-214,19.665187,-8.551540,2
491,-213,19.648135,-8.491723,1
491,-210,19.656390,-8.395951,1
491,-209,19.660012,-8.357560,1
491,-122,19.673268,-4.854694,1
491,-121,19.660046,-4.817316,4
491,-120,19.657680,-4.772929,9
491,-119,19.671646,-4.732704,14
491,-118,19.658972,-4.699521,55
491,-117,19.661373,-4.658222,34
491,-116,19.659884,-4.621371,38
491,-115,19.657998,-4.582654,35
491,-114,19.655927,-4.545117,20
491,-113,19.647467,-4.511963,5
491,-104,19.652400,-4.131707,12
491,-103,19.657196,-4.097974,48
491,-102,19.664881,-4.063530,42
491,-101,19.670781,-4.038117,1
491,16,19.657712,0.641944,1
491,17,19.659349,0.704471,2
491,18,19.646158,0.739234,1
491,19,19.657836,0.778558,5
491,20,19.647719,0.826685,22
491,21,19.651937,0.861875,60
491,22,19.657787,0.901608,93
491,23,19.664659,0.938847,78
491,24,19.671183,0.977349,47
491,25,19.676336,1.010485,12
491,26,19.658692,1.047743,1
491,27,19.670546,1.102166,1
491,29,19.644360,1.172334,1
491,88,19.677573,3.552140,4
491,89,19.673033,3.585275,32
491,90,19.666349,3.620217,74
491,91,19.653288,3.658991,67
491,92,19.644839,3.694135,35
491,204,19.673403,8.194631,12
491,205,19.659532,8.221636,71
491,206,19.657630,8.257020,59
491,207,19.644005,8.284358,3
492,-219,19.694448,-8.735265,20
492,-218,19.700036,-8.697985,28
492,-217,19.698206,-8.658880,31
492,-216,19.709696,-8.624396,17
492,-215,19.705538,-8.579802,4
492,-214,19.702859,-8.546705,1
492,-213,19.709259,-8.495383,1
492,-212,19.698335,-8.469481,3
492,-211,19.684694,-8.402868,1
492,-209,19.698847,-8.330287,1
492,-208,19.704483,-8.286017,1
492,-123,19.703130,-4.887581,2
492,-122,19.700888,-4.857516,4
492,-121,19.703284,-4.824181,10
492,-120,19.703642,-4.775897,21
492,-119,19.700450,-4.741179,45
492,-118,19.702207,-4.699500,32
492,-117,19.700040,-4.661462,37
492,-116,19.697904,-4.620853,32
492,-115,19.696325,-4.583237,17
492,-114,19.687351,-4.553629,3
492,-103,19.686462,-4.088498,10
492,-102,19.698248,-4.058604,46
492,-101,19.702604,-4.022954,47
492,-100,19.717123,-3.995029,6
492,18,19.696260,0.725806,1
492,19,19.681343,0.778277,1
492,20,19.692915,0.819084,4
492,21,19.693277,0.855842,2
492,22,19.694765,0.908211,4
492,23,19.686329,0.943078,25
492,24,19.691402,0.981507,55
492,25,19.697163,1.021403,90
492,26,19.704241,1.059426,86
492,27,19.710704,1.098176,51
492,28,19.716358,1.132275,20
492,29,19.710235,1.179506,1
492,32,19.683702,1.305199,1
492,85,19.719137,3.426596,2
492,86,19.715068,3.464044,46
492,87,19.705302,3.500166,73
492,88,19.693446,3.539047,74
492,89,19.684980,3.575852,44
492,203,19.716705,8.157688,4
492,204,19.702612,8.181165,67
492,205,19.697496,8.218515,77
492,206,19.686701,8.245858,9
493,-218,19.732002,-8.695214,14
493,-217,19.738361,-8.660053,29
493,-216,19.741209,-8.620125,28
493,-215,19.745978,-8.581068,23
493,-214,19.745460,-8.537335,4
493,-213,19.737367,-8.493076,2
493,-212,19.731329,-8.452399,2
493,-211,19.743556,-8.417224,3
493,-210,19.720673,-8.390325,1
493,-209,19.721767,-8.344602,1
493,-208,19.759477,-8.285331,1
493,-207,19.739978,-8.264765,1
493,-206,19.749982,-8.212813,1
493,-124,19.744007,-4.935722,5
493,-123,19.746242,-4.896580,7
493,-122,19.739841,-4.861150,8
493,-121,19.746414,-4.818180,15
493,-120,19.739907,-4.781943,43
493,-119,19.741153,-4.738754,36
493,-118,19.739674,-4.700790,38
493,-117,19.739773,-4.660180,33
493,-116,19.734326,-4.624653,17
493,-115,19.726638,-4.594670,3
493,-102,19.724187,-4.045969,6
493,-101,19.737790,-4.015740,40
493,-100,19.741556,-3.981420,45
493,-99,19.753481,-3.953218,9
493,20,19.738122,0.823432,1
493,22,19.732054,0.895764,2
493,23,19.744912,0.940481,2
493,24,19.736065,0.984858,4
493,25,19.727397,1.020354,2
493,26,19.727060,1.066638,17
493,27,19.729362,1.101871,51
493,28,19.733859,1.141800,82
493,29,19.741508,1.180160,98
493,30,19.748212,1.218619,73
493,31,19.753135,1.258387,38
493,32,19.757662,1.288522,9
493,82,19.756842,3.307348,29
493,83,19.750567,3.340472,70
493,84,19.740494,3.380136,76
493,85,19.729850,3.420530,70
493,86,19.724149,3.452615,23
493,202,19.757971,8.119450,1
493,203,19.743353,8.144287,60
493,204,19.739878,8.180175,73
493,205,19.729522,8.207533,18
494,-217,19.767991,-8.652200,7
494,-216,19.779615,-8.618805,29
494,-215,19.782236,-8.580009,28
494,-214,19.781657,-8.540559,32
494,-213,19.790990,-8.505689,8
494,-212,19.782394,-8.457752,4
494,-211,19.784181,-8.426225,2
494,-210,19.788575,-8.376199,2
494,-209,19.774317,-8.354736,3
494,-208,19.777081,-8.302226,1
494,-206,19.797846,-8.225028,1
494,-205,19.781938,-8.197924,1
494,-204,19.796561,-8.137877,1
494,-126,19.796643,-5.031649,1
494,-125,19.782418,-4.977018,4
494,-124,19.782573,-4.934514,8
494,-123,19.777153,-4.898521,7
494,-122,19.783523,-4.857584,22
494,-121,19.779019,-4.819388,47
494,-120,19.781024,-4.779211,34
494,-119,19.779544,-4.741166,37
494,-118,19.780488,-4.699991,28
494,-117,19.775732,-4.666158,15
494,-116,19.764896,-4.634638,3
494,-101,19.761974,-4.001480,1
494,-100,19.773962,-3.973895,38
494,-99,19.781715,-3.941087,57
494,-98,19.790517,-3.909543,14
494,23,19.783264,0.933634,1
494,25,19.775944,1.004692,1
494,26,19.785968,1.066452,1
494,27,19.774716,1.082344,1
494,28,19.773848,1.146070,7
494,29,19.763540,1.189446,3
494,30,19.766357,1.225428,30
494,31,19.769347,1.261446,58
494,32,19.773976,1.301314,92
494,33,19.781228,1.339526,97
494,34,19.788573,1.378031,86
494,35,19.792401,1.417015,52
494,36,19.796861,1.456884,23
494,77,19.799110,3.109433,4
494,78,19.795826,3.144022,55
494,79,19.788642,3.180696,72
494,80,19.780004,3.220524,69
494,81,19.770784,3.259902,66
494,82,19.763841,3.294658,40
494,202,19.783172,8.106412,45
494,203,19.780441,8.139905,74
494,204,19.773923,8.169806,32
495,-216,19.803755,-8.607373,3
495,-215,19.815435,-8.579344,24
495,-214,19.819448,-8.542562,31
495,-213,19.819746,-8.503634,34
495,-212,19.826310,-8.468647,18
495,-211,19.826912,-8.428270,2
495,-210,19.834446,-8.378443,3
495,-209,19.820520,-8.338297,4
495,-208,19.810230,-8.283141,1
495,-207,19.833593,-8.258754,1
495,-206,19.835365,-8.211198,1
495,-205,19.836890,-8.163662,1
495,-204,19.824754,-8.129721,1
495,-128,19.838838,-5.110419,1
495,-127,19.822386,-5.068385,2
495,-126,19.824991,-5.015519,5
495,-125,19.820425,-4.979808,11
495,-124,19.824332,-4.943700,12
495,-123,19.823897,-4.897729,40
495,-122,19.817203,-4.859475,43
495,-121,19.821370,-4.818998,40
495,-120,19.819522,-4.781042,41
495,-119,19.818038,-4.742214,32
495,-118,19.817244,-4.704856,13
495,-117,19.803976,-4.675464,2
495,-99,19.810582,-3.932465,25
495,-98,19.820864,-3.900486,61
495,-97,19.829316,-3.866663,20
495,27,19.837075,1.083560,1
495,28,19.821196,1.136983,2
495,29,19.806908,1.165281,1
495,30,19.811462,1.204664,1
495,33,19.811611,1.336959,5
495,34,19.802439,1.388949,15
495,35,19.807432,1.423883,50
495,36,19.810221,1.460542,71
495,37,19.814415,1.499660,97
495,38,19.822452,1.539851,95
495,39,19.827972,1.579585,98
495,40,19.831941,1.619090,71
495,41,19.834271,1.658137,40
495,42,19.837985,1.696103,24
495,72,19.838073,2.907687,35
495,73,19.833728,2.939782,73
495,74,19.827149,2.979598,72
495,75,19.820446,3.019901,69
495,76,19.813439,3.059169,66
495,77,19.806089,3.098785,62
495,78,19.801845,3.128608,14
495,201,19.826689,8.068031,33
495,202,19.819197,8.099230,74
495,203,19.815511,8.132409,46
496,-214,19.851185,-8.533090,19
496,-213,19.859512,-8.499346,30
496,-212,19.858296,-8.458864,36
496,-211,19.865440,-8.421622,30
496,-210,19.859119,-8.376844,4
496,-209,19.871773,-8.333937,2
496,-208,19.847948,-8.286143,1
496,-207,19.857240,-8.262991,4
496,-206,19.852739,-8.217526,1
496,-203,19.876630,-8.101204,1
496,-202,19.856354,-8.060628,2
496,-129,19.864123,-5.146722,2
496,-128,19.857155,-5.105760,2
496,-127,19.865273,-5.059424,5
496,-126,19.859662,-5.019379,14
496,-125,19.863835,-4.974565,14
496,-124,19.862892,-4.939572,43
496,-123,19.859730,-4.900870,40
496,-122,19.858909,-4.860006,43
496,-121,19.859242,-4.819280,37
496,-120,19.856805,-4.781002,23
496,-119,19.851666,-4.744207,9
496,-118,19.840123,-4.719098,1
496,-98,19.848361,-3.891035,15
496,-97,19.859828,-3.859076,61
496,-96,19.867817,-3.825779,33
496,34,19.863330,1.370817,2
496,35,19.875420,1.435756,1
496,37,19.848681,1.504944,2
496,39,19.855123,1.589012,2
496,40,19.843087,1.622652,27
496,41,19.846111,1.661062,58
496,42,19.849863,1.701508,73
496,43,19.852241,1.740257,95
496,44,19.856808,1.779778,90
496,45,19.861809,1.820449,97
496,46,19.865829,1.859650,94
496,47,19.869445,1.899309,93
496,48,19.872849,1.938927,93
496,49,19.874049,1.977638,69
496,50,19.875557,2.018446,53
496,51,19.875841,2.059040,34
496,52,19.877335,2.099579,28
496,53,19.878984,2.134856,21
496,54,19.879675,2.163516,2
496,60,19.879603,2.431777,2
496,61,19.879322,2.468552,14
496,62,19.878676,2.501727,34
496,63,19.877895,2.540586,81
496,64,19.875247,2.580506,80
496,65,19.872269,2.619961,78
496,66,19.868913,2.659808,76
496,67,19.864928,2.700835,75
496,68,19.860685,2.739722,77
496,69,19.855867,2.780029,75
496,70,19.850878,2.820331,74
496,71,19.845560,2.860340,67
496,72,19.841752,2.890931,34
496,200,19.869083,8.031947,24
496,201,19.860512,8.060646,72
496,202,19.855867,8.096327,58
496,203,19.841168,8.125463,1
497,-213,19.886896,-8.487419,5
497,-212,19.897244,-8.455083,33
497,-211,19.901644,-8.418965,28
497,-210,19.901235,-8.380464,34
497,-209,19.905187,-8.351773,12
497,-208,19.903786,-8.309122,4
497,-207,19.908109,-8.269192,5
497,-206,19.905896,-8.204870,2
497,-205,19.909395,-8.175561,3
497,-204,19.897833,-8.153501,2
497,-203,19.895611,-8.117099,1
497,-201,19.917084,-8.037622,1
497,-200,19.903083,-7.985803,2
497,-131,19.905551,-5.224481,2
497,-130,19.892208,-5.185079,3
497,-129,19.902843,-5.137357,4
497,-128,19.901480,-5.100681,8
497,-127,19.903106,-5.060260,14
497,-126,19.905257,-5.015417,33
497,-125,19.896780,-4.979615,43
497,-124,19.901127,-4.940212,41
497,-123,19.899299,-4.901746,39
497,-122,19.898279,-4.861681,33
497,-121,19.894183,-4.824991,18
497,-120,19.886378,-4.787745,4
497,-97,19.887354,-3.848533,7
497,-96,19.896626,-3.817098,57
497,-95,19.906172,-3.783102,45
497,32,19.907461,1.310638,1
497,34,19.884126,1.365372,1
497,46,19.881700,1.876920,1
497,47,19.915699,1.893415,1
497,48,19.884975,1.929948,4
497,49,19.882042,1.983409,24
497,50,19.882826,2.021163,39
497,51,19.883647,2.060713,62
497,52,19.885641,2.099714,64
497,53,19.885685,2.140387,76
497,54,19.885482,2.180384,89
497,55,19.886081,2.220508,91
497,56,19.886414,2.260614,88
497,57,19.886190,2.300646,95
497,58,19.885769,2.340593,92
497,59,19.885025,2.380091,89
497,60,19.883873,2.419550,90
497,61,19.882781,2.458329,71
497,62,19.881516,2.498220,51
497,63,19.880128,2.524107,3
497,199,19.912687,7.994362,13
497,200,19.900204,8.020108,65
497,201,19.898498,8.057283,70
497,202,19.884249,8.084869,4
498,-211,19.932916,-8.417389,23
498,-210,19.940581,-8.380736,32
498,-209,19.939633,-8.341345,35
498,-208,19.946262,-8.304330,25
498,-207,19.952569,-8.260236,4
498,-206,19.947325,-8.223330,3
498,-205,19.958494,-8.171517,1
498,-204,19.940834,-8.144258,1
498,-203,19.940306,-8.082357,1
498,-201,19.957942,-8.019750,1
498,-200,19.956366,-7.974073,1
498,-199,19.948427,-7.923746,1
498,-198,19.934946,-7.908596,1
498,-197,19.959225,-7.847904,1
498,-133,19.946680,-5.301680,2
498,-132,19.933083,-5.262309,3
498,-131,19.944054,-5.216923,4
498,-130,19.942967,-5.181635,9
498,-129,19.934545,-5.140159,6
498,-128,19.946891,-5.096318,14
498,-127,19.942689,-5.059139,41
498,-126,19.939603,-5.020859,41
498,-125,19.938664,-4.979767,41
498,-124,19.939847,-4.938662,39
498,-123,19.936781,-4.899174,27
498,-122,19.931087,-4.865774,9
498,-121,19.920612,-4.838552,1
498,-96,19.924970,-3.806833,5
498,-95,19.934734,-3.777185,43
498,-94,19.943348,-3.744393,52
498,-93,19.953651,-3.717338,4
498,198,19.958302,7.955007,6
498,199,19.941874,7.981174,68
498,200,19.939046,8.019695,72
498,201,19.928007,8.047776,11
499,-210,19.967639,-8.370641,9
499,-209,19.979655,-8.338397,29
499,-208,19.980747,-8.299435,34
499,-207,19.983016,-8.260724,29
499,-206,19.990192,-8.225660,12
499,-205,19.972706,-8.179630,3
499,-204,19.988149,-8.143599,4
499,-203,19.972728,-8.095914,2
499,-202,19.971279,-8.063145,3
499,-201,19.982044,-8.014980,1
499,-199,19.985754,-7.933728,2
499,-197,19.971631,-7.866480,1
499,-196,19.995158,-7.808416,1
499,-195,19.983883,-7.786263,1
499,-135,19.987520,-5.378334,2
499,-134,19.973683,-5.339021,3
499,-133,19.983834,-5.294104,4
499,-132,19.983590,-5.262004,8
499,-131,19.976503,-5.225225,6
499,-130,19.987251,-5.174870,6
499,-129,19.984964,-5.135811,25
499,-128,19.977896,-5.099868,49
499,-127,19.981805,-5.058775,37
499,-126,19.979911,-5.022347,41
499,-125,19.978326,-4.981309,34
499,-124,19.974027,-4.944973,19
499,-123,19.969026,-4.910401,3
499,-95,19.962056,-3.763198,1
499,-94,19.972811,-3.735178,36
499,-93,19.980728,-3.701971,61
499,-92,19.990472,-3.669618,16
499,198,19.983500,7.942450,58
499,199,19.980803,7.980272,70
499,200,19.972372,8.008653,23
500,-209,20.001624,-8.324141,3
500,-208,20.013932,-8.296710,23
500,-207,20.021230,-8.261456,35
500,-206,20.019141,-8.221421,30
500,-205,20.027808,-8.186414,19
500,-204,20.029391,-8.140536,5
500,-203,20.033347,-8.096849,2
500,-202,20.023976,-8.066164,4
500,-201,20.008909,-8.021062,3
500,-200,20.026165,-7.977903,5
500,-199,20.018984,-7.951780,2
500,-198,20.034322,-7.902101,2
500,-197,20.010778,-7.873301,2
500,-196,20.023162,-7.812059,1
500,-194,20.013972,-7.736592,2
500,-192,20.034371,-7.660039,1
500,-138,20.034435,-5.507970,1
500,-137,20.025226,-5.457869,2
500,-136,20.014018,-5.415231,3
500,-135,20.023293,-5.370660,4
500,-134,20.022905,-5.339277,8
500,-133,20.018800,-5.300694,7
500,-132,20.023304,-5.253459,5
500,-131,20.022541,-5.215697,12
500,-130,20.024490,-5.177534,40
500,-129,20.017904,-5.141571,41
500,-128,20.020136,-5.099026,44
500,-127,20.020516,-5.057858,37
500,-126,20.018517,-5.020165,27
500,-125,20.009997,-4.986200,11
500,-93,20.010860,-3.691865,25
500,-92,20.019677,-3.660241,60
500,-91,20.028638,-3.625761,25
500,197,20.022249,7.905601,46
500,198,20.021043,7.940120,69
500,199,20.014535,7.971309,34
500,200,20.019955,8.008250,1
501,-207,20.049532,-8.253750,13
501,-206,20.059664,-8.218341,33
501,-205,20.059607,-8.178781,35
501,-204,20.061907,-8.141143,29
501,-203,20.068360,-8.104792,12
501,-202,20.064540,-8.068501,4
501,-201,20.064483,-8.012217,5
501,-199,20.057141,-7.928851,2
501,-198,20.056827,-7.899206,3
501,-197,20.069147,-7.853579,3
501,-196,20.058545,-7.822502,2
501,-195,20.078199,-7.787071,1
501,-194,20.062090,-7.749399,2
501,-193,20.056159,-7.695220,2
501,-191,20.067762,-7.629232,1
501,-190,20.060236,-7.595390,1
501,-142,20.077883,-5.640184,1
501,-140,20.068416,-5.590283,2
501,-139,20.061990,-5.541991,3
501,-138,20.054503,-5.493205,2
501,-137,20.055746,-5.454864,2
501,-136,20.064074,-5.422710,9
501,-135,20.055330,-5.383279,7
501,-134,20.062079,-5.333214,6
501,-133,20.059626,-5.297491,9
501,-132,20.065535,-5.255565,22
501,-131,20.060833,-5.219125,44
501,-130,20.059541,-5.180366,35
501,-129,20.058315,-5.141161,38
501,-128,20.061710,-5.101256,34
501,-127,20.054509,-5.065465,20
501,-126,20.049631,-5.030025,3
501,-92,20.048128,-3.650802,15
501,-91,20.058911,-3.619019,58
501,-90,20.066525,-3.584427,33
501,-89,20.078245,-3.554878,2
501,196,20.066892,7.866457,34
501,197,20.058780,7.899688,70
501,198,20.056547,7.933995,46
501,199,20.061474,7.973957,1
502,-206,20.082612,-8.206739,3
502,-205,20.090713,-8.177961,26
502,-204,20.100793,-8.140077,47
502,-203,20.100428,-8.099829,48
502,-202,20.108138,-8.060685,29
502,-201,20.107400,-8.023512,12
502,-200,20.103436,-7.981888,6
502,-199,20.100804,-7.943605,7
502,-198,20.108256,-7.886880,1
502,-197,20.097897,-7.873375,2
502,-196,20.098903,-7.818739,4
502,-195,20.100669,-7.770682,2
502,-194,20.109194,-7.738857,2
502,-192,20.100110,-7.657469,2
502,-190,20.104447,-7.577047,2
502,-189,20.086512,-7.529696,1
502,-188,20.117932,-7.505415,1
502,-187,20.113222,-7.462917,1
502,-144,20.106468,-5.727165,1
502,-143,20.103823,-5.699001,2
502,-142,20.110046,-5.666575,2
502,-141,20.096256,-5.623531,2
502,-140,20.102236,-5.581542,2
502,-139,20.107590,-5.550780,2
502,-138,20.105355,-5.501326,8
502,-137,20.092342,-5.461871,8
502,-136,20.109785,-5.424509,6
502,-135,20.100889,-5.381831,13
502,-134,20.103196,-5.334840,24
502,-133,20.102926,-5.299976,40
502,-132,20.099471,-5.261386,51
502,-131,20.100387,-5.218695,48
502,-130,20.099573,-5.180376,40
502,-129,20.096845,-5.141517,31
502,-128,20.090465,-5.104269,9
502,-91,20.086787,-3.609708,8
502,-90,20.096716,-3.578431,49
502,-89,20.105135,-3.543588,40
502,-88,20.114224,-3.511931,4
502,195,20.109504,7.830780,26
502,196,20.099455,7.861302,65
502,197,20.097118,7.897205,58
502,198,20.092981,7.931455,2
503,-204,20.120470,-8.127636,3
503,-203,20.129704,-8.096254,24
503,-202,20.139181,-8.060447,50
503,-201,20.141174,-8.021830,57
503,-200,20.146174,-7.980664,33
503,-199,20.148656,-7.944443,13
503,-198,20.138515,-7.900094,6
503,-197,20.146088,-7.867280,3
503,-196,20.144667,-7.822586,4
503,-195,20.123967,-7.764232,1
503,-194,20.132254,-7.754472,2
503,-193,20.142053,-7.695283,5
503,-192,20.128291,-7.668336,1
503,-191,20.155866,-7.613121,2
503,-190,20.137825,-7.598622,1
503,-189,20.140255,-7.528043,1
503,-187,20.147123,-7.460584,2
503,-186,20.128094,-7.405561,1
503,-185,20.148339,-7.394360,1
503,-184,20.149649,-7.345815,2
503,-183,20.151189,-7.294961,1
503,-147,20.152860,-5.849178,2
503,-146,20.134758,-5.813250,1
503,-145,20.140914,-5.786477,3
503,-144,20.137440,-5.752085,2
503,-143,20.147795,-5.704935,3
503,-142,20.142036,-5.661351,2
503,-141,20.145006,-5.622140,6
503,-140,20.143220,-5.580739,6
503,-139,20.137383,-5.536427,9
503,-138,20.148888,-5.496844,8
503,-137,20.143060,-5.460252,13
503,-136,20.145960,-5.415528,26
503,-135,20.141039,-5.379561,43
503,-134,20.139768,-5.342628,53
503,-133,20.140494,-5.300009,50
503,-132,20.139540,-5.261380,42
503,-131,20.135797,-5.222810,32
503,-130,20.130541,-5.186825,12
503,-129,20.125754,-5.150991,3
503,-90,20.124883,-3.566193,4
503,-89,20.135065,-3.536913,41
503,-88,20.143151,-3.502321,56
503,-87,20.152188,-3.472552,9
503,194,20.152411,7.793791,16
503,195,20.140547,7.820036,61
503,196,20.138346,7.858381,68
503,197,20.128911,7.887400,7
504,-201,20.169500,-8.015572,21
504,-200,20.176614,-7.978185,49
504,-199,20.182384,-7.939371,56
504,-198,20.184115,-7.899926,37
504,-197,20.185494,-7.862803,14
504,-196,20.187374,-7.826187,7
504,-195,20.178783,-7.779541,6
504,-194,20.185816,-7.737186,3
504,-193,20.178117,-7.691623,2
504,-192,20.174831,-7.645278,1
504,-191,20.179219,-7.623125,4
504,-190,20.199421,-7.588087,1
504,-189,20.186311,-7.544275,5
504,-188,20.191315,-7.494628,1
504,-187,20.182037,-7.467110,1
504,-186,20.181553,-7.416609,2
504,-185,20.179460,-7.372650,1
504,-184,20.190766,-7.321229,1
504,-183,20.171217,-7.287194,1
504,-181,20.172887,-7.235731,2
504,-180,20.184703,-7.179764,2
504,-179,20.186854,-7.124180,1
504,-177,20.199022,-7.065901,1
504,-153,20.193561,-6.092428,1
504,-152,20.186597,-6.043730,1
504,-151,20.199510,-6.022257,1
504,-150,20.186191,-5.984262,2
504,-149,20.178390,-5.936088,2
504,-148,20.177382,-5.899353,3
504,-147,20.190446,-5.861109,2
504,-146,20.183576,-5.819323,3
504,-145,20.183095,-5.770112,3
504,-144,20.185756,-5.741779,5
504,-143,20.181063,-5.705437,6
504,-142,20.169771,-5.666085,5
504,-141,20.177704,-5.620487,4
504,-140,20.186762,-5.578042,9
504,-139,20.184566,-5.537776,13
504,-138,20.188504,-5.496688,28
504,-137,20.180397,-5.459079,44
504,-136,20.179110,-5.421770,48
504,-135,20.179271,-5.381456,47
504,-134,20.179291,-5.340260,42
504,-133,20.175850,-5.300923,25
504,-132,20.168270,-5.264721,10
504,-131,20.161255,-5.230853,1
504,-89,20.163936,-3.522775,1
504,-88,20.173884,-3.494094,32
504,-87,20.180272,-3.460789,54
504,-86,20.191048,-3.430412,17
504,193,20.194738,7.756987,6
504,194,20.181791,7.780656,59
504,195,20.179325,7.819689,66
504,196,20.171308,7.848717,16
505,-199,20.207123,-7.935377,17
505,-198,20.216096,-7.898179,46
505,-197,20.219624,-7.860359,55
505,-196,20.225475,-7.823326,42
505,-195,20.227086,-7.784684,22
505,-194,20.222586,-7.743316,5
505,-193,20.220997,-7.700500,6
505,-192,20.213864,-7.664641,2
505,-191,20.231046,-7.632194,3
505,-190,20.222761,-7.577416,2
505,-189,20.209734,-7.548370,2
505,-188,20.215782,-7.496801,6
505,-187,20.224966,-7.446530,4
505,-186,20.225079,-7.435111,3
505,-185,20.229446,-7.382227,4
505,-184,20.217694,-7.343659,2
505,-183,20.230447,-7.287112,2
505,-182,20.202178,-7.269321,1
505,-181,20.224032,-7.224589,2
505,-180,20.225331,-7.163998,1
505,-179,20.206451,-7.122149,1
505,-178,20.237078,-7.110564,1
505,-177,20.218450,-7.065942,1
505,-176,20.220960,-7.008018,2
505,-174,20.223809,-6.947212,1
505,-173,20.226352,-6.896132,1
505,-172,20.227957,-6.845493,1
505,-170,20.229577,-6.794410,1
505,-169,20.231212,-6.742875,1
505,-168,20.232859,-6.690885,1
505,-166,20.234520,-6.638428,1
505,-165,20.236199,-6.585493,1
505,-164,20.237895,-6.532074,1
505,-162,20.239602,-6.478165,1
505,-160,20.234369,-6.377645,1
505,-159,20.227681,-6.330911,1
505,-158,20.229908,-6.295130,2
505,-157,20.232411,-6.259779,1
505,-156,20.220043,-6.224683,2
505,-155,20.213363,-6.177236,2
505,-154,20.219743,-6.141741,2
505,-153,20.222814,-6.107110,2
505,-152,20.216398,-6.059747,2
505,-151,20.220377,-6.001926,1
505,-150,20.235375,-5.976561,1
505,-149,20.223347,-5.946415,3
505,-148,20.227640,-5.899385,5
505,-147,20.224431,-5.857225,7
505,-146,20.213851,-5.813303,6
505,-145,20.211747,-5.776613,4
505,-144,20.224297,-5.744555,4
505,-143,20.223608,-5.702933,5
505,-142,20.222940,-5.658138,10
505,-141,20.222435,-5.618199,12
505,-140,20.227110,-5.578025,34
505,-139,20.221013,-5.538444,45
505,-138,20.218822,-5.501839,49
505,-137,20.218352,-5.461297,48
505,-136,20.219452,-5.421511,41
505,-135,20.212531,-5.381234,26
505,-134,20.208131,-5.347353,6
505,-133,20.200016,-5.318054,1
505,-87,20.211420,-3.451226,25
505,-86,20.219343,-3.419186,53
505,-85,20.228582,-3.386683,24
505,192,20.237960,7.716597,1
505,193,20.223102,7.742146,60
505,194,20.220636,7.781130,70
505,195,20.212314,7.811673,26
506,-197,20.245091,-7.854508,13
506,-196,20.254349,-7.817692,40
506,-195,20.259572,-7.780351,55
506,-194,20.263319,-7.742657,47
506,-193,20.268087,-7.703250,29
506,-192,20.261458,-7.659042,9
506,-191,20.268494,-7.618245,8
506,-190,20.260858,-7.576290,6
506,-189,20.264151,-7.534873,5
506,-188,20.262884,-7.496615,3
506,-187,20.272939,-7.465001,2
506,-186,20.275145,-7.422915,2
506,-185,20.249173,-7.391249,3
506,-184,20.257315,-7.331452,5
506,-183,20.264362,-7.295699,3
506,-182,20.264680,-7.264187,4
506,-181,20.269135,-7.212840,3
506,-180,20.260694,-7.180448,3
506,-178,20.269667,-7.113178,2
506,-177,20.262284,-7.051844,2
506,-176,20.260922,-7.002106,1
506,-174,20.252106,-6.953819,2
506,-173,20.254007,-6.905308,2
506,-172,20.255921,-6.856432,2
506,-171,20.257851,-6.807183,2
506,-170,20.272011,-6.760389,1
506,-169,20.247578,-6.754721,1
506,-168,20.261753,-6.707543,2
506,-167,20.263727,-6.657138,2
506,-166,20.265717,-6.606336,2
506,-164,20.255012,-6.549179,1
506,-163,20.256908,-6.496720,1
506,-162,20.258006,-6.444555,1
506,-161,20.258166,-6.420596,2
506,-160,20.260508,-6.385399,2
506,-159,20.254318,-6.339697,2
506,-158,20.257315,-6.281064,1
506,-157,20.275770,-6.270578,1
506,-156,20.260376,-6.228691,2
506,-155,20.261795,-6.180664,3
506,-154,20.263979,-6.127985,2
506,-153,20.271370,-6.084566,2
506,-152,20.264889,-6.071307,2
506,-151,20.266669,-6.026895,6
506,-150,20.263130,-5.984437,7
506,-149,20.252684,-5.941219,6
506,-148,20.255919,-5.895659,5
506,-147,20.267323,-5.857872,4
506,-146,20.263013,-5.819363,7
506,-145,20.263452,-5.780898,8
506,-144,20.259830,-5.742013,10
506,-143,20.263791,-5.699358,14
506,-142,20.265764,-5.657938,38
506,-141,20.259640,-5.618563,48
506,-140,20.259319,-5.580415,48
506,-139,20.257737,-5.540531,43
506,-138,20.260265,-5.500790,38
506,-137,20.250595,-5.462191,21
506,-136,20.246073,-5.428888,4
506,-86,20.249138,-3.410953,12
506,-85,20.258880,-3.379077,58
506,-84,20.265290,-3.345873,31
506,-83,20.277006,-3.317618,2
506,192,20.263678,7.704484,48
506,193,20.261606,7.741555,69
506,194,20.255052,7.772236,33
506,195,20.264846,7.805214,1
507,-195,20.284153,-7.771716,10
507,-194,20.292834,-7.736306,37
507,-193,20.299227,-7.696843,62
507,-192,20.305953,-7.660221,72
507,-191,20.309202,-7.621514,39
507,-190,20.306537,-7.582367,16
507,-189,20.300701,-7.544918,10
507,-188,20.304636,-7.505701,10
507,-187,20.303839,-7.465773,7
507,-186,20.304929,-7.421058,7
507,-185,20.298683,-7.371730,4
507,-184,20.311745,-7.353423,2
507,-183,20.306886,-7.313362,3
507,-182,20.313930,-7.259596,2
507,-181,20.288754,-7.223375,3
507,-180,20.301282,-7.175681,2
507,-179,20.295869,-7.139856,5
507,-178,20.312625,-7.091067,4
507,-177,20.302440,-7.069757,3
507,-176,20.307276,-7.020656,4
507,-175,20.304579,-6.974584,5
507,-174,20.307400,-6.930186,3
507,-173,20.300519,-6.905374,3
507,-172,20.312685,-6.868117,3
507,-171,20.304612,-6.820868,3
507,-170,20.307085,-6.769192,3
507,-169,20.295364,-6.728108,1
507,-168,20.311131,-6.709810,1
507,-167,20.305764,-6.666229,2
507,-166,20.308305,-6.612993,2
507,-165,20.291600,-6.562508,2
507,-164,20.318967,-6.554551,1
507,-163,20.301784,-6.507940,3
507,-162,20.297797,-6.460682,3
507,-161,20.306382,-6.412972,3
507,-160,20.306797,-6.364868,5
507,-159,20.300932,-6.320763,2
507,-158,20.308416,-6.314986,5
507,-157,20.306681,-6.267547,7
507,-156,20.300921,-6.219742,7
507,-155,20.298126,-6.170255,6
507,-154,20.289872,-6.127617,3
507,-153,20.294120,-6.107092,4
507,-152,20.289714,-6.066730,3
507,-151,20.304261,-6.021295,6
507,-150,20.306609,-5.975904,6
507,-149,20.299521,-5.936233,8
507,-148,20.301060,-5.894301,11
507,-147,20.301901,-5.852864,10
507,-146,20.302891,-5.813252,16
507,-145,20.309891,-5.776921,32
507,-144,20.304102,-5.739099,44
507,-143,20.300401,-5.700306,58
507,-142,20.301447,-5.661785,49
507,-141,20.299570,-5.622087,46
507,-140,20.297944,-5.581783,35
507,-139,20.288219,-5.542239,21
507,-138,20.284371,-5.507817,1
507,-85,20.288141,-3.367151,7
507,-84,20.296986,-3.337524,55
507,-83,20.304963,-3.303390,41
507,-82,20.314182,-3.273242,3
507,191,20.305838,7.666084,38
507,192,20.299828,7.699759,64
507,193,20.296441,7.733573,46
507,194,20.304646,7.770846,1
508,-192,20.322752,-7.647401,9
508,-191,20.326820,-7.617374,46
508,-190,20.333612,-7.578328,75
508,-189,20.342022,-7.539023,78
508,-188,20.348244,-7.501086,71
508,-187,20.349712,-7.460511,35
508,-186,20.342654,-7.419583,13
508,-185,20.345316,-7.382342,11
508,-184,20.341791,-7.340066,9
508,-183,20.338654,-7.298269,6
508,-182,20.348758,-7.257565,5
508,-181,20.342006,-7.217979,6
508,-180,20.349693,-7.179244,2
508,-179,20.340910,-7.145996,2
508,-178,20.356060,-7.097470,3
508,-177,20.327338,-7.060030,1
508,-176,20.332520,-7.027106,4
508,-175,20.336091,-6.984018,3
508,-174,20.329976,-6.939819,3
508,-173,20.333563,-6.895514,2
508,-172,20.330955,-6.868582,3
508,-171,20.331585,-6.821073,5
508,-170,20.331778,-6.772994,4
508,-169,20.342323,-6.744334,2
508,-168,20.335372,-6.707389,6
508,-167,20.336923,-6.657669,5
508,-166,20.337914,-6.612120,5
508,-165,20.351298,-6.589429,2
508,-164,20.342038,-6.548051,6
508,-163,20.337755,-6.500703,6
508,-162,20.332221,-6.454545,6
508,-161,20.328218,-6.407315,5
508,-160,20.342027,-6.366318,2
508,-159,20.336256,-6.346754,3
508,-158,20.343929,-6.297543,3
508,-157,20.356280,-6.266675,3
508,-156,20.349098,-6.223433,4
508,-155,20.347519,-6.182303,4
508,-154,20.342509,-6.144775,4
508,-153,20.339797,-6.099799,6
508,-152,20.340922,-6.060307,11
508,-151,20.344464,-6.018471,12
508,-150,20.342860,-5.976887,13
508,-149,20.347234,-5.935393,32
508,-148,20.344881,-5.898570,40
508,-147,20.343134,-5.859848,58
508,-146,20.338978,-5.820014,68
508,-145,20.340893,-5.779955,58
508,-144,20.337382,-5.741844,54
508,-143,20.334311,-5.701117,44
508,-142,20.329177,-5.659136,23
508,-141,20.325188,-5.625119,9
508,-140,20.324397,-5.597861,1
508,-84,20.324172,-3.325907,4
508,-83,20.335505,-3.296230,42
508,-82,20.342875,-3.262846,47
508,-81,20.353031,-3.230634,8
508,190,20.347121,7.628733,30
508,191,20.339939,7.661038,64
508,192,20.336646,7.697607,53
508,193,20.332123,7.730519,2
509,-188,20.363383,-7.493781,18
509,-187,20.368675,-7.458184,52
509,-186,20.373758,-7.420046,75
509,-185,20.384123,-7.379435,88
509,-184,20.387579,-7.340496,55
509,-183,20.389417,-7.303232,34
509,-182,20.383596,-7.265873,10
509,-181,20.383731,-7.227243,9
509,-180,20.379930,-7.182164,11
509,-179,20.388024,-7.134820,9
509,-178,20.388287,-7.099142,7
509,-177,20.376365,-7.065418,7
509,-176,20.383487,-7.023548,7
509,-175,20.381910,-6.982077,7
509,-174,20.384917,-6.945797,7
509,-173,20.378291,-6.902749,5
509,-172,20.376856,-6.859383,5
509,-171,20.382961,-6.811167,4
509,-170,20.373606,-6.781568,2
509,-169,20.384780,-6.753668,4
509,-168,20.386855,-6.703912,5
509,-167,20.386943,-6.650904,4
509,-166,20.386849,-6.621061,1
509,-165,20.388452,-6.587907,4
509,-164,20.387074,-6.545428,5
509,-163,20.382163,-6.500778,5
509,-162,20.383110,-6.452932,7
509,-161,20.375672,-6.409536,6
509,-160,20.381949,-6.369600,6
509,-159,20.382297,-6.337667,7
509,-158,20.387376,-6.301641,8
509,-157,20.385000,-6.259259,8
509,-156,20.383496,-6.216134,11
509,-155,20.382474,-6.174182,8
509,-154,20.382678,-6.133479,15
509,-153,20.387846,-6.094346,24
509,-152,20.386411,-6.058778,41
509,-151,20.383697,-6.018453,49
509,-150,20.380543,-5.979621,69
509,-149,20.378345,-5.940091,57
509,-148,20.379146,-5.900611,60
509,-147,20.375732,-5.860605,42
509,-146,20.369959,-5.820860,26
509,-145,20.365326,-5.785745,11
509,-144,20.362729,-5.750408,2
509,-83,20.363065,-3.285629,1
509,-82,20.372602,-3.255156,33
509,-81,20.382733,-3.221085,55
509,-80,20.390950,-3.189482,14
509,189,20.388112,7.592282,24
509,190,20.379616,7.620716,59
509,191,20.379036,7.657545,59
509,192,20.366137,7.686785,7
510,-185,20.400975,-7.360051,1
510,-184,20.404961,-7.335179,30
510,-183,20.409390,-7.297816,54
510,-182,20.416686,-7.259760,84
510,-181,20.424463,-7.220667,81
510,-180,20.431900,-7.180807,92
510,-179,20.433204,-7.144060,51
510,-178,20.428041,-7.099911,23
510,-177,20.426702,-7.060264,15
510,-176,20.418266,-7.023106,12
510,-175,20.419736,-6.981909,11
510,-174,20.420131,-6.936482,10
510,-173,20.413754,-6.899351,10
510,-172,20.417708,-6.860620,10
510,-171,20.418902,-6.820505,12
510,-170,20.420387,-6.774993,11
510,-169,20.422938,-6.732438,8
510,-168,20.425618,-6.700016,8
510,-167,20.425525,-6.662861,11
510,-166,20.425801,-6.621532,11
510,-165,20.423374,-6.581365,10
510,-164,20.421338,-6.539444,11
510,-163,20.418787,-6.498893,12
510,-162,20.421312,-6.458123,12
510,-161,20.421731,-6.420132,14
510,-160,20.424436,-6.381715,16
510,-159,20.420919,-6.341209,14
510,-158,20.429765,-6.298739,31
510,-157,20.430792,-6.258279,40
510,-156,20.429753,-6.219657,36
510,-155,20.426589,-6.180461,59
510,-154,20.422518,-6.139547,69
510,-153,20.418264,-6.100865,60
510,-152,20.419970,-6.060612,60
510,-151,20.415850,-6.022058,48
510,-150,20.411761,-5.981472,29
510,-149,20.405184,-5.944290,17
510,-148,20.402148,-5.908710,1
510,-81,20.411229,-3.213897,22
510,-80,20.419978,-3.180783,60
510,-79,20.428530,-3.147735,22
510,188,20.432882,7.553237,14
510,189,20.420311,7.579150,59
510,190,20.418716,7.619684,67
510,191,20.407981,7.650042,8
511,-180,20.440930,-7.161574,2
511,-179,20.442046,-7.134794,37
511,-178,20.444813,-7.099896,72
511,-177,20.447822,-7.058855,79
511,-176,20.450726,-7.018719,87
511,-175,20.453853,-6.979151,82
511,-174,20.456845,-6.940390,88
511,-173,20.460412,-6.900127,90
511,-172,20.463795,-6.860002,91
511,-171,20.467113,-6.819988,89
511,-170,20.470297,-6.779372,96
511,-169,20.473863,-6.739120,87
511,-168,20.474765,-6.702017,70
511,-167,20.471258,-6.660883,56
511,-166,20.469890,-6.618833,65
511,-165,20.466438,-6.579282,67
511,-164,20.465889,-6.539828,76
511,-163,20.464266,-6.499507,85
511,-162,20.462707,-6.460442,91
511,-161,20.459746,-6.420167,88
511,-160,20.456792,-6.380192,85
511,-159,20.453438,-6.340180,86
511,-158,20.452778,-6.301244,66
511,-157,20.451524,-6.260914,61
511,-156,20.447890,-6.219978,56
511,-155,20.448806,-6.180732,37
511,-154,20.447240,-6.142582,27
511,-153,20.444464,-6.101374,18
511,-152,20.440844,-6.064111,1
511,-80,20.449323,-3.169812,14
511,-79,20.458943,-3.138860,54
511,-78,20.466664,-3.105885,32
511,-77,20.477785,-3.077949,1
511,187,20.474876,7.513456,8
511,188,20.461512,7.540974,61
511,189,20.459879,7.580181,65
511,190,20.451634,7.611033,18
512,-169,20.480282,-6.727100,1
512,-168,20.481341,-6.694879,18
512,-167,20.482831,-6.660244,40
512,-166,20.485373,-6.620021,28
512,-165,20.484712,-6.580044,24
512,-164,20.483274,-6.542079,16
512,-163,20.480932,-6.510059,7
512,-79,20.487095,-3.129566,5
512,-78,20.496984,-3.099104,51
512,-77,20.503682,-3.063238,41
512,-76,20.515437,-3.034433,6
512,186,20.516178,7.475827,7
512,187,20.501878,7.501758,57
512,188,20.500661,7.540419,69
512,189,20.489180,7.569151,18
512,190,20.507923,7.601063,2
513,-78,20.523442,-3.084645,3
513,-77,20.534986,-3.055986,43
513,-76,20.542808,-3.021514,49
513,-75,20.552513,-2.991573,9
513,185,20.558883,7.433895,2
513,186,20.543633,7.461677,60
513,187,20.539698,7.500788,66
513,188,20.531597,7.528733,24
513,189,20.546960,7.564358,2
514,-77,20.563524,-3.046897,1
514,-76,20.573406,-3.013811,31
514,-75,20.580149,-2.980380,51
514,-74,20.590595,-2.949461,15
514,184,20.597087,7.397304,2
514,185,20.583368,7.422700,53
514,186,20.579840,7.460647,63
514,187,20.572936,7.489977,28
514,188,20.585700,7.527611,2
515,-76,20.600559,-3.002792,1
515,-75,20.613271,-2.972884,22
515,-74,20.619698,-2.941296,56
515,-73,20.628517,-2.906466,27
515,183,20.637504,7.357584,2
515,184,20.623616,7.384196,50
515,185,20.620981,7.420797,63
515,186,20.611588,7.451859,34
515,187,20.624172,7.491118,2
516,-74,20.650621,-2.930835,18
516,-73,20.659302,-2.899563,46
516,-72,20.665515,-2.864419,33
516,183,20.663406,7.343678,47
516,184,20.661789,7.380515,67
516,185,20.652489,7.413444,35
516,186,20.662382,7.454871,2
517,-73,20.686591,-2.890784,12
517,-72,20.698268,-2.859396,47
517,-71,20.702436,-2.823480,39
517,-70,20.715424,-2.794648,5
517,182,20.703466,7.304064,44
517,183,20.700475,7.341260,70
517,184,20.693927,7.373843,33
517,185,20.700334,7.418873,2
518,-72,20.724269,-2.846702,6
518,-71,20.738646,-2.817490,43
518,-70,20.741777,-2.781160,42
518,-69,20.751558,-2.752789,9
518,181,20.744371,7.263393,45
518,182,20.740246,7.300212,72
518,183,20.733144,7.333783,38
518,184,20.737954,7.382331,2
519,-71,20.763384,-2.803022,2
519,-70,20.774504,-2.776081,35
519,-69,20.781152,-2.740479,51
519,-68,20.790814,-2.708288,15
519,180,20.784872,7.223432,49
519,181,20.780480,7.261051,69
519,182,20.772822,7.293381,36
519,183,20.790379,7.337068,1
520,-69,20.812318,-2.736919,26
520,-68,20.819584,-2.700769,51
520,-67,20.828812,-2.666625,23
520,178,20.836228,7.158310,2
520,179,20.824125,7.183611,49
520,180,20.819989,7.220616,68
520,181,20.813179,7.253279,34
520,182,20.828187,7.297878,1
521,-68,20.850725,-2.693594,17
521,-67,20.858568,-2.659795,47
521,-66,20.866424,-2.623912,34
521,-65,20.877063,-2.599479,1
521,177,20.878443,7.115330,3
521,178,20.863096,7.143641,52
521,179,20.860592,7.180906,63
521,180,20.852537,7.211139,32
521,181,20.858490,7.247034,3
522,-67,20.888034,-2.650149,13
522,-66,20.897840,-2.619441,42
522,-65,20.902143,-2.582999,43
522,-64,20.915687,-2.554515,6
522,176,20.917442,7.075728,4
522,177,20.904177,7.102297,54
522,178,20.900661,7.140254,68
522,179,20.891186,7.171963,31
522,180,20.902492,7.212783,2
522,182,20.896396,7.283762,1
523,-66,20.924904,-2.607413,9
523,-65,20.938583,-2.576886,38
523,-64,20.939773,-2.540513,42
523,-63,20.952293,-2.512205,11
523,175,20.956782,7.035512,6
523,176,20.943030,7.062373,58
523,177,20.941039,7.100394,67
523,178,20.929395,7.130421,24
523,179,20.938387,7.175068,2
523,181,20.934594,7.244046,1
524,-65,20.963284,-2.567617,2
524,-64,20.975607,-2.537670,34
524,-63,20.978504,-2.499316,43
524,-62,20.989615,-2.469300,18
524,174,20.993640,6.994481,11
524,175,20.981602,7.022603,59
524,176,20.979111,7.059542,64
524,177,20.968957,7.088046,16
524,178,20.973840,7.136203,2
524,180,20.972534,7.204599,1
525,-63,21.014992,-2.496961,34
525,-62,21.019015,-2.459377,45
525,-61,21.028158,-2.426095,26
525,173,21.031257,6.951606,16
525,174,21.021095,6.980886,63
525,175,21.017120,7.018443,66
525,176,21.010105,7.047143,11
525,177,21.008875,7.096538,2
525,179,21.009984,7.163894,1
526,-62,21.052484,-2.454841,22
526,-61,21.060172,-2.420459,42
526,-60,21.064655,-2.383550,35
526,-59,21.078926,-2.357724,2
526,172,21.069623,6.908236,25
526,173,21.060872,6.940957,67
526,174,21.057406,6.977040,59
526,175,21.049514,7.005823,9
526,176,21.062829,7.053357,2
526,178,21.046900,7.121745,1
527,-61,21.090048,-2.410821,18
527,-60,21.100484,-2.379380,37
527,-59,21.101944,-2.341609,36
527,-58,21.114603,-2.313903,5
527,171,21.108369,6.865798,28
527,172,21.101122,6.900269,71
527,173,21.096623,6.935275,49
527,174,21.093411,6.971181,6
527,175,21.105995,7.020765,3
527,176,21.083549,7.079903,1
528,-60,21.126541,-2.368633,10
528,-59,21.139257,-2.339631,40
528,-58,21.140979,-2.300292,44
528,-57,21.152192,-2.268868,10
528,170,21.145805,6.825361,40
528,171,21.140710,6.860375,74
528,172,21.132432,6.894703,41
528,173,21.137722,6.938955,3
528,174,21.153343,6.979196,2
529,-59,21.162844,-2.327528,4
529,-58,21.178437,-2.298129,36
529,-57,21.180349,-2.259490,45
529,-56,21.189124,-2.226904,16
529,168,21.196761,6.755279,5
529,169,21.183069,6.782393,52
529,170,21.179807,6.819148,73
529,171,21.170066,6.852191,29
529,172,21.182199,6.906497,3
529,173,21.191937,6.956151,1
530,-58,21.200876,-2.281869,1
530,-57,21.215297,-2.255692,30
530,-56,21.218802,-2.219473,43
530,-55,21.227783,-2.184575,27
530,-54,21.238411,-2.159864,1
530,167,21.234223,6.710196,13
530,168,21.221411,6.741738,61
530,169,21.219316,6.778904,67
530,170,21.209157,6.810702,19
530,171,21.216185,6.865063,3
530,172,21.227107,6.912979,1
531,-56,21.251797,-2.212816,23
531,-55,21.260115,-2.178944,39
531,-54,21.262328,-2.143072,38
531,-53,21.275467,-2.115907,5
531,166,21.270132,6.666845,24
531,167,21.260321,6.699688,62
531,168,21.257218,6.736066,61
531,169,21.249192,6.769506,10
531,170,21.257335,6.824034,2
531,171,21.261929,6.869667,1
532,-55,21.288492,-2.168822,13
532,-54,21.298664,-2.138976,38
532,-53,21.300174,-2.101113,42
532,-52,21.310648,-2.071867,11
532,165,21.307285,6.624185,37
532,166,21.301621,6.660282,72
532,167,21.292993,6.696507,49
532,168,21.287542,6.736033,4
532,169,21.291589,6.781356,2
532,170,21.296490,6.826671,1
533,-54,21.324471,-2.125056,6
533,-53,21.338237,-2.097067,33
533,-52,21.338128,-2.058530,45
533,-51,21.349921,-2.025836,20
533,163,21.355414,6.554374,5
533,164,21.343404,6.583653,53
533,165,21.340150,6.619902,73
533,166,21.331033,6.653998,31
533,167,21.336195,6.697156,3
533,168,21.325588,6.738994,2
533,169,21.330795,6.783996,1
534,-53,21.362286,-2.083907,1
534,-52,21.373713,-2.057232,30
534,-51,21.380243,-2.019323,43
534,-50,21.386965,-1.983338,33
534,-49,21.399342,-1.956154,2
534,162,21.391204,6.510018,20
534,163,21.382231,6.542080,63
534,164,21.377050,6.578328,70
534,165,21.368855,6.610516,14
534,166,21.392633,6.654149,2
534,167,21.380450,6.700571,2
534,168,21.364849,6.741638,1
535,-51,21.408726,-2.011739,19
535,-50,21.420230,-1.980064,40
535,-49,21.421502,-1.940791,41
535,-48,21.432707,-1.911384,8
535,161,21.429289,6.465097,37
535,162,21.421228,6.501314,74
535,163,21.413843,6.536935,50
535,164,21.407791,6.572809,4
535,165,21.425317,6.609958,2
535,166,21.431475,6.654277,1
536,-50,21.444573,-1.965308,9
536,-49,21.459059,-1.939081,41
536,-48,21.458614,-1.899874,45
536,-47,21.469928,-1.865216,22
536,159,21.474840,6.394601,7
536,160,21.463189,6.423732,52
536,161,21.460173,6.459473,70
536,162,21.452108,6.492736,31
536,163,21.448856,6.545685,1
536,164,21.457702,6.565897,2
536,165,21.464156,6.609894,1
537,-49,21.481233,-1.924184,1
537,-48,21.493693,-1.896101,27
537,-47,21.500236,-1.860551,43
537,-46,21.504548,-1.823632,36
537,-45,21.516612,-1.794145,5
537,158,21.511059,6.346174,19
537,159,21.502760,6.380481,68
537,160,21.496395,6.416614,68
537,161,21.490018,6.452796,15
537,163,21.489837,6.522181,2
537,164,21.496584,6.565850,1
538,-47,21.530045,-1.849961,16
538,-46,21.540034,-1.819133,42
538,-45,21.540968,-1.781196,41
538,-44,21.551371,-1.748543,14
538,156,21.556482,6.275854,2
538,157,21.546322,6.304588,45
538,158,21.540087,6.341086,79
538,159,21.531002,6.375397,42
538,160,21.533679,6.425274,4
538,161,21.528589,6.479427,1
538,163,21.528763,6.522140,1
539,-46,21.561404,-1.805577,5
539,-45,21.575080,-1.776961,35
539,-44,21.579680,-1.739910,49
539,-43,21.588586,-1.702412,31
539,-42,21.599235,-1.674539,2
539,155,21.591941,6.228838,21
539,156,21.582198,6.262407,67
539,157,21.576689,6.297308,70
539,158,21.569679,6.328694,19
539,159,21.577587,6.388990,3
539,160,21.576478,6.434656,2
539,161,21.560699,6.478759,1
540,-45,21.612495,-1.767325,1
540,-44,21.610287,-1.733101,20
540,-43,21.619973,-1.698073,45
540,-42,21.622422,-1.660171,40
540,-41,21.632228,-1.629323,15
540,153,21.638286,6.154871,4
540,154,21.626565,6.183954,44
540,155,21.621009,6.219999,76
540,156,21.612071,6.255270,42
540,157,21.615177,6.290484,6
540,158,21.614794,6.345672,2
540,159,21.622720,6.388178,1
541,-43,21.649408,-1.684440,5
541,-42,21.655193,-1.658083,33
541,-41,21.658047,-1.620480,46
541,-40,21.665768,-1.583151,33
541,-39,21.678358,-1.555700,3
541,152,21.671055,6.109437,19
541,153,21.663379,6.142968,69
541,154,21.657435,6.178435,65
541,155,21.649341,6.211931,18
541,156,21.655695,6.261139,2
541,157,21.654753,6.297295,1
541,158,21.653168,6.342623,1
542,-42,21.688858,-1.640962,1
542,-41,21.688733,-1.612801,20
542,-40,21.699390,-1.578296,44
542,-39,21.700626,-1.540085,43
542,-38,21.711505,-1.507082,15
542,150,21.717129,6.036137,7
542,151,21.706324,6.065350,51
542,152,21.699467,6.101082,77
542,153,21.691241,6.134958,38
542,154,21.690321,6.174636,4
542,155,21.704585,6.211135,2
542,156,21.699339,6.251933,2
542,157,21.683374,6.297439,1
543,-40,21.728570,-1.570151,6
543,-39,21.733517,-1.537868,33
543,-38,21.740231,-1.500407,49
543,-37,21.745478,-1.462473,40
543,-36,21.753780,-1.428837,9
543,149,21.751273,5.984678,29
543,150,21.742794,6.021392,77
543,151,21.734166,6.057549,61
543,152,21.727683,6.087555,13
543,153,21.732930,6.129924,3
543,154,21.734042,6.167001,2
543,155,21.743070,6.208145,1
543,156,21.738080,6.263919,1
544,-38,21.770894,-1.491856,12
544,-37,21.776065,-1.457667,40
544,-36,21.781161,-1.420726,49
544,-35,21.788003,-1.382736,29
544,-34,21.793061,-1.349903,2
544,147,21.794082,5.910493,12
544,148,21.783576,5.942447,55
544,149,21.778822,5.978328,76
544,150,21.767912,6.013471,27
544,151,21.776397,6.052381,2
544,152,21.776426,6.098144,2
544,154,21.771933,6.161573,1
544,155,21.770077,6.215240,1
545,-37,21.807540,-1.459390,2
545,-36,21.811294,-1.414758,24
545,-35,21.820504,-1.378937,43
545,-34,21.819745,-1.341227,45
545,-33,21.830373,-1.305007,20
545,-32,21.838074,-1.272628,1
545,145,21.838079,5.833587,4
545,146,21.827470,5.864169,41
545,147,21.820950,5.900109,81
545,148,21.811541,5.936760,50
545,149,21.812314,5.978172,7
545,150,21.811216,6.017945,4
545,151,21.816259,6.066935,2
545,152,21.816541,6.115734,2
545,154,21.801827,6.166939,1
546,-36,21.843731,-1.430493,1
546,-35,21.852268,-1.364910,6
546,-34,21.852521,-1.339709,28
546,-33,21.859990,-1.301368,46
546,-32,21.864067,-1.263282,38
546,-31,21.872931,-1.227827,13
546,144,21.871347,5.786454,31
546,145,21.862481,5.821875,77
546,146,21.854701,5.856736,63
546,147,21.848591,5.889251,16
546,148,21.854544,5.942142,3
546,149,21.860795,5.971324,1
546,150,21.856575,6.022230,1
546,151,21.863032,6.065906,1
547,-34,21.893535,-1.351388,1
547,-33,21.888596,-1.292819,14
547,-32,21.894680,-1.256520,39
547,-31,21.901309,-1.220321,50
547,-30,21.906843,-1.184067,32
547,-29,21.915376,-1.151068,8
547,142,21.912307,5.707461,21
547,143,21.903934,5.742740,72
547,144,21.896366,5.777505,73
547,145,21.888903,5.810166,22
547,146,21.906090,5.857539,5
547,147,21.883464,5.899962,2
547,148,21.900344,5.927941,2
547,149,21.884322,5.976546,1
547,150,21.893117,6.015499,1
548,-32,21.931948,-1.263096,4
548,-31,21.928648,-1.212129,16
548,-30,21.936624,-1.177098,43
548,-29,21.941537,-1.141101,51
548,-28,21.948745,-1.103352,28
548,-27,21.951874,-1.070069,3
548,140,21.953357,5.630442,13
548,141,21.944563,5.663473,54
548,142,21.938379,5.698652,78
548,143,21.929446,5.733390,32
548,144,21.939276,5.774018,4
548,145,21.935079,5.815693,3
548,147,21.945378,5.899455,2
548,149,21.922957,5.965499,1
549,-31,21.962773,-1.205192,1
549,-30,21.976418,-1.174968,5
549,-29,21.972535,-1.133670,20
549,-28,21.977443,-1.098121,42
549,-27,21.980208,-1.060623,50
549,-26,21.988769,-1.023346,26
549,-25,21.996623,-0.991600,3
549,138,21.996232,5.553215,9
549,139,21.988020,5.583237,51
549,140,21.979954,5.618448,83
549,141,21.970780,5.655734,50
549,142,21.970474,5.691766,6
549,143,21.980855,5.728709,4
549,144,21.974013,5.778884,3
549,145,21.964356,5.835322,1
549,146,21.981538,5.865440,1
550,-28,22.016274,-1.095111,7
550,-27,22.009796,-1.057714,23
550,-26,22.018968,-1.018687,48
550,-25,22.021429,-0.981074,49
550,-24,22.029502,-0.943923,23
550,-23,22.035474,-0.911718,2
550,136,22.036844,5.473865,9
550,137,22.028368,5.503883,45
550,138,22.020223,5.539253,87
550,139,22.010045,5.577097,48
550,140,22.015552,5.618925,8
550,141,22.011461,5.677343,1
550,142,22.022162,5.685206,1
550,143,22.015998,5.741194,1
550,144,22.037481,5.761549,1
550,145,22.009630,5.813271,1
551,-27,22.050463,-1.050597,2
551,-26,22.056015,-1.018085,5
551,-25,22.050437,-0.977495,25
551,-24,22.058895,-0.938838,51
551,-23,22.061616,-0.901162,48
551,-22,22.070046,-0.864303,22
551,-21,22.075750,-0.831328,3
551,134,22.076473,5.394156,10
551,135,22.067424,5.424452,44
551,136,22.060651,5.459603,91
551,137,22.049706,5.497863,49
551,138,22.046986,5.529639,7
551,139,22.055115,5.578520,5
551,140,22.047950,5.637868,1
551,141,22.066516,5.647870,1
551,142,22.053291,5.702496,2
552,-26,22.080888,-1.035944,1
552,-25,22.086034,-0.975779,2
552,-24,22.106597,-0.934601,4
552,-23,22.092425,-0.897443,28
552,-22,22.097569,-0.858533,49
552,-21,22.102730,-0.820774,53
552,-20,22.108940,-0.782333,24
552,-19,22.115815,-0.746806,3
552,132,22.116648,5.311748,9
552,133,22.108179,5.344480,48
552,134,22.100678,5.379144,85
552,135,22.089828,5.416866,53
552,136,22.091381,5.461377,7
552,137,22.093412,5.500590,2
552,138,22.093694,5.540225,4
552,139,22.090616,5.599153,1
552,140,22.119588,5.608853,1
552,141,22.092479,5.659417,1
553,-24,22.126484,-0.955552,1
553,-23,22.140470,-0.881173,1
553,-22,22.138244,-0.845903,5
553,-21,22.129810,-0.816386,23
553,-20,22.138233,-0.778662,48
553,-19,22.141387,-0.741620,51
553,-18,22.148998,-0.701874,27
553,-17,22.155811,-0.667255,4
553,130,22.155680,5.232429,13
553,131,22.148630,5.263822,61
553,132,22.139179,5.299854,85
553,133,22.128875,5.336656,46
553,134,22.136558,5.373950,6
553,135,22.132583,5.416564,4
553,136,22.136922,5.444748,2
553,137,22.129956,5.497131,2
553,138,22.145428,5.555565,1
554,-23,22.164224,-0.882535,1
554,-21,22.166176,-0.831814,2
554,-20,22.182264,-0.774693,6
554,-19,22.168900,-0.734177,22
554,-18,22.176024,-0.697886,46
554,-17,22.181924,-0.660637,53
554,-16,22.188949,-0.622754,35
554,-15,22.194738,-0.588943,7
554,128,22.194476,5.146588,20
554,129,22.187315,5.181831,69
554,130,22.176810,5.217458,83
554,131,22.168671,5.255082,38
554,132,22.180278,5.309633,5
554,133,22.176600,5.347360,3
554,134,22.169392,5.394184,1
554,135,22.184871,5.408600,1
554,136,22.179022,5.453007,2
554,137,22.171039,5.502756,1
555,-21,22.203195,-0.807144,1
555,-19,22.213889,-0.725243,2
555,-18,22.216175,-0.696419,5
555,-17,22.212389,-0.652685,17
555,-16,22.213381,-0.617125,41
555,-15,22.219373,-0.580220,57
555,-14,22.225426,-0.542531,43
555,-13,22.232634,-0.506181,14
555,-12,22.238099,-0.475742,2
555,126,22.232661,5.063888,30
555,127,22.224504,5.101685,77
555,128,22.214009,5.138589,73
555,129,22.208012,5.172849,24
555,130,22.223118,5.214262,5
555,131,22.216114,5.256711,4
555,132,22.222418,5.304232,2
555,134,22.214525,5.379602,2
556,-19,22.243445,-0.729271,1
556,-17,22.251942,-0.657622,1
556,-16,22.264582,-0.610059,5
556,-15,22.250380,-0.572367,10
556,-14,22.250740,-0.537021,34
556,-13,22.258944,-0.499069,52
556,-12,22.263410,-0.462107,50
556,-11,22.270003,-0.421792,24
556,-10,22.275027,-0.390130,4
556,123,22.277621,4.952288,6
556,124,22.271060,4.981918,47
556,125,22.261999,5.019668,93
556,126,22.250672,5.057919,60
556,127,22.247436,5.091564,18
556,128,22.259851,5.134155,4
556,129,22.252184,5.178140,3
556,130,22.272188,5.214224,1
556,131,22.250815,5.262585,1
556,132,22.270421,5.293766,1
556,133,22.246529,5.347100,1
556,135,22.263967,5.405702,1
557,-17,22.280578,-0.653768,1
557,-15,22.313930,-0.581455,1
557,-14,22.298894,-0.534118,5
557,-13,22.299028,-0.496654,4
557,-12,22.288710,-0.456637,25
557,-11,22.296244,-0.418342,47
557,-10,22.300849,-0.380288,61
557,-9,22.307823,-0.343074,41
557,-8,22.314855,-0.305845,15
557,-7,22.319294,-0.279504,1
557,121,22.314482,4.865897,29
557,122,22.306874,4.902690,72
557,123,22.295785,4.939057,83
557,124,22.287571,4.976658,43
557,125,22.307581,5.015885,3
557,126,22.292614,5.055649,5
557,127,22.299021,5.106636,3
557,128,22.280984,5.147915,1
557,129,22.304670,5.180144,3
557,130,22.293730,5.239900,1
557,132,22.316059,5.294012,1
557,133,22.290419,5.350425,1
558,-13,22.338215,-0.498403,2
558,-12,22.331246,-0.447738,3
558,-11,22.340426,-0.426409,5
558,-10,22.332392,-0.374352,9
558,-9,22.331090,-0.336824,34
558,-8,22.338614,-0.298612,56
558,-7,22.342749,-0.261481,53
558,-6,22.349917,-0.222474,30
558,-5,22.355434,-0.189574,7
558,118,22.357119,4.749986,10
558,119,22.351471,4.782825,51
558,120,22.341687,4.820319,88
558,121,22.331769,4.857244,58
558,122,22.326802,4.893072,22
558,123,22.343580,4.942803,3
558,124,22.328923,4.981263,3
558,125,22.348781,5.010276,2
558,126,22.337222,5.064298,3
558,128,22.334261,5.131618,2
558,130,22.340747,5.236130,1
559,-11,22.383611,-0.430385,1
559,-10,22.372704,-0.367103,3
559,-9,22.374402,-0.341135,4
559,-8,22.374012,-0.295163,4
559,-7,22.371447,-0.255816,19
559,-6,22.374139,-0.218188,43
559,-5,22.379754,-0.179288,63
559,-4,22.385662,-0.141796,43
559,-3,22.391222,-0.103123,22
559,-2,22.397218,-0.071468,3
559,115,22.398603,4.634527,2
559,116,22.393643,4.663148,38
559,117,22.385716,4.699609,80
559,118,22.375025,4.736982,78
559,119,22.367714,4.774384,39
559,120,22.375369,4.816479,6
559,121,22.372664,4.858334,3
559,122,22.375670,4.896325,4
559,123,22.377734,4.935910,2
559,124,22.373165,4.970998,1
559,125,22.381272,5.021666,2
559,127,22.362375,5.081239,1
559,128,22.389442,5.121956,1
559,129,22.365206,5.178781,1
560,-9,22.414684,-0.357608,1
560,-8,22.402637,-0.303301,2
560,-7,22.422102,-0.252837,3
560,-6,22.421553,-0.222652,3
560,-5,22.413241,-0.176819,8
560,-4,22.408875,-0.135900,32
560,-3,22.415212,-0.098186,49
560,-2,22.420543,-0.060031,60
560,-1,22.426970,-0.023111,43
560,0,22.432878,0.016446,22
560,1,22.438109,0.050620,2
560,112,22.438843,4.515982,2
560,113,22.434381,4.542637,34
560,114,22.426968,4.580437,77
560,115,22.415124,4.619158,83
560,116,22.407677,4.655685,49
560,117,22.410906,4.691758,8
560,118,22.422188,4.739924,5
560,119,22.412158,4.781778,4
560,120,22.425371,4.813262,2
560,121,22.405024,4.858902,3
560,122,22.424933,4.907266,2
560,123,22.401122,4.955250,1
560,124,22.405353,4.973280,1
560,125,22.436629,5.008217,1
560,126,22.413460,5.065649,1
561,-8,22.444049,-0.285810,1
561,-6,22.460424,-0.208257,2
561,-5,22.440089,-0.175877,1
561,-4,22.459612,-0.136898,6
561,-3,22.463893,-0.099927,2
561,-2,22.447097,-0.058428,12
561,-1,22.449793,-0.017154,28
561,0,22.453962,0.020952,51
561,1,22.461298,0.058980,66
561,2,22.467042,0.098049,48
561,3,22.472392,0.137438,23
561,4,22.477004,0.170032,4
561,109,22.479277,4.396203,1
561,110,22.475324,4.424365,39
561,111,22.467920,4.461164,83
561,112,22.455865,4.500194,78
561,113,22.448500,4.537286,51
561,114,22.448152,4.567045,10
561,115,22.461486,4.607902,5
561,116,22.455749,4.659255,6
561,117,22.449095,4.700467,2
561,118,22.456110,4.730195,2
561,119,22.457969,4.777301,2
561,120,22.456595,4.824151,2
561,121,22.446636,4.865079,1
561,123,22.458775,4.949256,1
562,-4,22.505149,-0.136413,1
562,-3,22.491379,-0.087934,1
562,-2,22.489163,-0.052114,5
562,-1,22.511335,-0.031237,1
562,0,22.497729,0.018881,8
562,1,22.493148,0.071163,10
562,2,22.490514,0.105377,23
562,3,22.494734,0.140832,51
562,4,22.501020,0.180292,65
562,5,22.506745,0.218332,51
562,6,22.511702,0.258210,28
562,7,22.517286,0.291568,9
562,106,22.517962,4.271699,6
562,107,22.513739,4.301931,51
562,108,22.505643,4.339004,81
562,109,22.494194,4.379121,85
562,110,22.486860,4.416501,45
562,111,22.491644,4.454020,7
562,112,22.500968,4.500440,4
562,113,22.496350,4.547924,5
562,114,22.503104,4.588853,2
562,115,22.494122,4.619549,2
562,116,22.496065,4.667814,2
562,117,22.505745,4.703269,1
562,118,22.488787,4.739509,2
562,120,22.502430,4.833030,1
562,122,22.480706,4.890861,1
563,-2,22.531723,-0.064905,1
563,0,22.542162,0.022980,3
563,1,22.526381,0.069041,1
563,2,22.543007,0.095544,3
563,3,22.541508,0.137209,5
563,4,22.531345,0.181712,3
563,5,22.530849,0.222306,24
563,6,22.531724,0.261784,44
563,7,22.536026,0.300987,61
563,8,22.543213,0.338556,62
563,9,22.548831,0.377344,41
563,10,22.553331,0.416206,20
563,11,22.558443,0.444327,3
563,103,22.556344,4.147471,20
563,104,22.550865,4.181181,72
563,105,22.541297,4.219808,78
563,106,22.530940,4.258533,78
563,107,22.527234,4.296092,31
563,108,22.537191,4.349697,3
563,109,22.538430,4.387894,5
563,110,22.537219,4.417070,3
563,111,22.529265,4.452934,3
563,112,22.534077,4.489801,3
563,113,22.540818,4.534479,2
563,114,22.536453,4.595721,2
563,116,22.524083,4.647984,1
563,117,22.544582,4.717346,1
563,119,22.523946,4.775740,1
564,1,22.583438,0.079332,1
564,3,22.571988,0.137388,2
564,4,22.566927,0.188849,3
564,5,22.590030,0.216774,3
564,6,22.578515,0.257124,5
564,7,22.570706,0.300773,4
564,8,22.570634,0.340650,12
564,9,22.570449,0.381407,33
564,10,22.574422,0.421209,53
564,11,22.579073,0.460741,63
564,12,22.586686,0.499603,62
564,13,22.590811,0.538788,32
564,14,22.595945,0.575577,17
564,15,22.599575,0.603224,1
564,99,22.597400,3.988752,15
564,100,22.592780,4.021916,66
564,101,22.583990,4.060272,78
564,102,22.574117,4.100673,83
564,103,22.566692,4.137252,59
564,104,22.567290,4.172440,14
564,105,22.577489,4.219247,5
564,106,22.571404,4.267311,4
564,107,22.586616,4.299930,2
564,108,22.570913,4.332723,4
564,109,22.572657,4.373867,2
564,110,22.581807,4.426871,3
564,111,22.570099,4.478718,1
564,112,22.578005,4.485396,1
564,113,22.560207,4.539053,1
564,114,22.583474,4.598027,1
564,116,22.564126,4.657384,1
565,3,22.610250,0.154120,1
565,5,22.633499,0.225530,1
565,6,22.610013,0.262140,1
565,7,22.615306,0.311152,2
565,8,22.614120,0.326956,4
565,9,22.621106,0.383005,2
565,10,22.621031,0.420627,5
565,11,22.610692,0.460756,7
565,12,22.609478,0.500600,13
565,13,22.609955,0.540365,45
565,14,22.613989,0.581868,54
565,15,22.618295,0.619624,66
565,16,22.625854,0.657915,61
565,17,22.629928,0.697750,40
565,18,22.634308,0.738705,22
565,19,22.638200,0.768872,4
565,95,22.637032,3.829420,24
565,96,22.632497,3.861010,70
565,97,22.624131,3.899512,76
565,98,22.614961,3.939823,83
565,99,22.607635,3.977758,63
565,100,22.605063,4.011481,17
565,101,22.620846,4.046767,6
565,102,22.615640,4.093965,5
565,103,22.614904,4.142515,3
565,104,22.616049,4.181212,5
565,105,22.618569,4.234310,1
565,106,22.602729,4.243668,2
565,107,22.621974,4.303711,4
565,108,22.606916,4.357380,1
565,109,22.610711,4.374277,1
565,110,22.639660,4.421850,1
565,112,22.621588,4.481071,1
565,113,22.602626,4.539258,1
566,7,22.655686,0.296593,1
566,9,22.659425,0.381627,3
566,10,22.641947,0.407870,1
566,11,22.654086,0.444236,2
566,12,22.661522,0.492703,5
566,13,22.654409,0.531713,2
566,14,22.659566,0.577359,5
566,15,22.652005,0.615833,6
566,16,22.647669,0.661322,12
566,17,22.649605,0.701030,36
566,18,22.652397,0.740277,49
566,19,22.656392,0.779967,69
566,20,22.662809,0.820205,68
566,21,22.669445,0.858773,58
566,22,22.672299,0.897124,34
566,23,22.675913,0.937176,20
566,24,22.679326,0.967708,2
566,90,22.677853,3.630882,17
566,91,22.674046,3.661926,62
566,92,22.667266,3.699508,72
566,93,22.659313,3.738633,78
566,94,22.651533,3.779539,79
566,95,22.645918,3.816706,59
566,96,22.651427,3.851802,10
566,97,22.654793,3.893407,6
566,98,22.661233,3.939314,5
566,99,22.655773,3.991415,5
566,100,22.668435,4.034834,1
566,101,22.654670,4.049149,2
566,102,22.653099,4.102973,4
566,103,22.658296,4.144698,2
566,104,22.663988,4.180416,2
566,105,22.649436,4.222235,2
566,106,22.646638,4.257647,2
566,107,22.673301,4.300835,1
566,109,22.656570,4.361023,1
566,114,22.660280,4.569060,1
567,11,22.701578,0.443595,1
567,12,22.681294,0.501708,1
567,13,22.681245,0.556718,1
567,14,22.693313,0.574482,3
567,15,22.696693,0.628388,4
567,16,22.682416,0.664225,1
567,17,22.698103,0.692413,4
567,18,22.691356,0.736075,5
567,19,22.696510,0.788530,6
567,20,22.689951,0.825447,7
567,21,22.690312,0.865685,16
567,22,22.689989,0.903180,39
567,23,22.691828,0.941085,52
567,24,22.695079,0.980902,68
567,25,22.701158,1.019834,69
567,26,22.707789,1.058824,64
567,27,22.710949,1.097816,47
567,28,22.714116,1.136516,25
567,29,22.717825,1.173322,12
567,84,22.719878,3.395526,2
567,85,22.717091,3.422977,53
567,86,22.711651,3.459830,72
567,87,22.705739,3.500627,75
567,88,22.698285,3.541064,77
567,89,22.691790,3.579922,74
567,90,22.686834,3.616764,66
567,91,22.687378,3.655082,17
567,92,22.700540,3.697507,5
567,93,22.694793,3.737155,4
567,94,22.697055,3.776161,4
567,95,22.703312,3.817911,4
567,96,22.695005,3.854220,3
567,97,22.696656,3.890216,2
567,98,22.699053,3.931367,3
567,99,22.704198,3.986895,4
567,101,22.697574,4.048975,3
567,102,22.685998,4.098506,1
567,103,22.687684,4.121329,1
567,104,22.706242,4.182332,1
567,106,22.689856,4.241273,1
567,109,22.717805,4.376709,1
567,111,22.699897,4.442609,1
567,112,22.680411,4.506029,1
568,12,22.721829,0.515165,1
568,14,22.740393,0.585532,1
568,16,22.741615,0.655590,2
568,17,22.723813,0.695009,2
568,18,22.737202,0.748048,3
568,19,22.728632,0.780909,3
568,20,22.741382,0.818483,3
568,21,22.740799,0.860343,3
568,22,22.737540,0.884831,3
568,23,22.734093,0.938618,5
568,24,22.733554,0.983231,6
568,25,22.733792,1.018391,6
568,26,22.735532,1.065476,12
568,27,22.729773,1.104327,29
568,28,22.728522,1.142079,48
568,29,22.731084,1.181564,58
568,30,22.734732,1.220146,73
568,31,22.740600,1.260806,67
568,32,22.744714,1.298766,60
568,33,22.749791,1.338511,63
568,34,22.751881,1.379669,43
568,35,22.754183,1.418677,23
568,36,22.757762,1.458219,15
568,77,22.759568,3.116730,1
568,78,22.757736,3.141437,60
568,79,22.753384,3.180374,70
568,80,22.748511,3.220819,70
568,81,22.743236,3.260720,73
568,82,22.737814,3.299920,73
568,83,22.732512,3.340274,78
568,84,22.725900,3.379570,75
568,85,22.726690,3.414167,24
568,86,22.733760,3.469830,8
568,87,22.744217,3.499989,2
568,88,22.740141,3.527571,4
568,89,22.736097,3.578466,5
568,90,22.741293,3.623333,3
568,91,22.734894,3.658141,4
568,92,22.737304,3.689015,2
568,93,22.735467,3.739789,4
568,94,22.723262,3.787861,1
568,95,22.748438,3.813495,2
568,96,22.740740,3.865676,3
568,97,22.735105,3.918603,1
568,98,22.725526,3.931879,1
568,100,22.750084,4.000017,1
568,101,22.735979,4.060870,1
568,103,22.721719,4.122405,1
568,106,22.753045,4.246997,1
568,107,22.735518,4.311506,1
569,18,22.778703,0.730737,1
569,20,22.780925,0.814194,2
569,21,22.769493,0.861622,1
569,22,22.783338,0.908968,1
569,23,22.768599,0.938281,4
569,24,22.779899,0.983892,2
569,25,22.778043,1.019366,3
569,26,22.777718,1.059782,3
569,27,22.791806,1.085800,2
569,28,22.781782,1.138785,6
569,29,22.773190,1.180811,5
569,30,22.774233,1.231868,4
569,31,22.783253,1.265681,6
569,32,22.768790,1.300779,8
569,33,22.771246,1.338101,12
569,34,22.769224,1.381113,33
569,35,22.767066,1.421573,44
569,36,22.770041,1.461687,61
569,37,22.770942,1.500857,67
569,38,22.775103,1.541041,72
569,39,22.778561,1.581558,68
569,40,22.782594,1.620079,63
569,41,22.785738,1.659202,65
569,42,22.788604,1.699718,64
569,43,22.791210,1.739143,63
569,44,22.793662,1.778363,59
569,45,22.794604,1.818734,48
569,46,22.796013,1.859997,39
569,47,22.796182,1.899492,21
569,48,22.797617,1.938048,19
569,49,22.799047,1.972419,12
569,50,22.799742,2.002686,1
569,64,22.799658,2.597021,1
569,65,22.799209,2.625464,5
569,66,22.798888,2.661630,21
569,67,22.798113,2.701875,58
569,68,22.795658,2.740864,63
569,69,22.793139,2.780456,69
569,70,22.790043,2.820397,67
569,71,22.787396,2.859462,67
569,72,22.784514,2.899919,74
569,73,22.781424,2.940202,71
569,74,22.777287,2.979831,70
569,75,22.773865,3.019981,79
569,76,22.768698,3.061294,77
569,77,22.764934,3.101160,75
569,78,22.769484,3.139882,15
569,79,22.773213,3.183408,6
569,80,22.773659,3.218845,7
569,81,22.776053,3.260889,6
569,82,22.778717,3.306815,7
569,83,22.790314,3.344755,4
569,84,22.776607,3.379682,5
569,85,22.772370,3.427739,4
569,86,22.784535,3.443581,1
569,87,22.773868,3.488445,3
569,88,22.772216,3.546374,4
569,89,22.777070,3.595480,2
569,90,22.782658,3.617102,1
569,91,22.781218,3.659972,3
569,92,22.774669,3.712195,2
569,94,22.762811,3.774769,2
569,95,22.790672,3.819734,1
569,97,22.777833,3.880287,1
569,98,22.764036,3.939830,1
569,102,22.786349,4.117406,1
569,104,22.770389,4.183168,1
570,21,22.811631,0.872767,1
570,23,22.827236,0.944089,1
570,24,22.801529,0.994149,1
570,26,22.808737,1.046112,1
570,27,22.819495,1.093209,2
570,28,22.809819,1.154700,1
570,29,22.821495,1.172608,3
570,30,22.819432,1.216967,4
570,31,22.813730,1.254416,2
570,32,22.825641,1.299089,3
570,33,22.815751,1.337025,4
570,34,22.829146,1.389528,3
570,35,22.811604,1.417631,5
570,36,22.814010,1.454442,3
570,37,22.812494,1.503393,5
570,38,22.817442,1.535652,5
570,39,22.816824,1.580819,6
570,40,22.822471,1.613968,6
570,41,22.811883,1.658343,9
570,42,22.819360,1.697902,11
570,43,22.812229,1.742767,12
570,44,22.810935,1.782061,11
570,45,22.805843,1.820910,27
570,46,22.807326,1.859076,31
570,47,22.806839,1.899835,50
570,48,22.808630,1.939851,51
570,49,22.809309,1.981141,61
570,50,22.808399,2.020849,72
570,51,22.809742,2.060835,69
570,52,22.810674,2.100745,73
570,53,22.811120,2.140631,67
570,54,22.811424,2.180721,73
570,55,22.812545,2.220532,68
570,56,22.813088,2.260632,74
570,57,22.812441,2.300575,72
570,58,22.812531,2.340407,70
570,59,22.811814,2.379195,72
570,60,22.811103,2.419725,72
570,61,22.809970,2.459600,72
570,62,22.808754,2.500328,75
570,63,22.807490,2.540282,72
570,64,22.806315,2.579116,70
570,65,22.804909,2.618729,70
570,66,22.804355,2.659340,54
570,67,22.810989,2.694975,16
570,68,22.812452,2.736754,12
570,69,22.815226,2.779289,9
570,70,22.813956,2.817930,7
570,71,22.812028,2.851670,7
570,72,22.814935,2.897488,7
570,73,22.820138,2.941239,6
570,74,22.815538,2.981682,5
570,75,22.825031,3.017923,7
570,76,22.816183,3.067387,5
570,77,22.821054,3.099097,4
570,78,22.814986,3.145374,4
570,79,22.813182,3.186009,4
570,80,22.807692,3.233858,3
570,81,22.812332,3.249362,1
570,82,22.823125,3.302949,5
570,84,22.827934,3.372688,4
570,85,22.816870,3.429500,2
570,86,22.819796,3.448306,2
570,87,22.810647,3.497689,3
570,88,22.802431,3.536646,2
570,89,22.819703,3.577747,2
570,90,22.824956,3.635360,1
570,91,22.830543,3.644665,1
570,92,22.815396,3.706628,2
570,93,22.802235,3.757570,1
570,94,22.803552,3.790493,1
570,97,22.830956,3.919698,1
570,99,22.816252,3.984865,1
570,101,22.801384,4.050763,1
571,25,22.843148,1.016820,1
571,27,22.858447,1.089717,1
571,28,22.870381,1.158937,1
571,31,22.846571,1.242892,1
571,32,22.850005,1.288811,1
571,33,22.860533,1.339239,2
571,34,22.845070,1.377827,1
571,35,22.870822,1.410829,2
571,36,22.852082,1.459806,5
571,37,22.847510,1.506521,1
571,38,22.855676,1.538072,4
571,39,22.864798,1.590802,2
571,40,22.862989,1.624537,2
571,41,22.864271,1.661577,4
571,42,22.872162,1.715317,2
571,43,22.854434,1.732265,3
571,44,22.859329,1.783021,7
571,45,22.855084,1.827138,4
571,46,22.851235,1.854987,4
571,47,22.848880,1.896104,3
571,48,22.856841,1.931623,5
571,49,22.857284,1.981466,4
571,50,22.854276,2.015552,6
571,51,22.854346,2.056272,6
571,52,22.858209,2.106915,8
571,53,22.853177,2.149494,4
571,54,22.859169,2.186293,6
571,55,22.857240,2.213519,4
571,56,22.860177,2.257028,6
571,57,22.861879,2.298892,7
571,58,22.857504,2.347965,6
571,59,22.861130,2.390311,7
571,60,22.864445,2.436972,2
571,61,22.858926,2.448835,6
571,62,22.856404,2.495741,6
571,63,22.857496,2.537368,6
571,64,22.857434,2.576905,5
571,65,22.850427,2.613572,5
571,66,22.857284,2.657376,6
571,67,22.857156,2.699197,4
571,68,22.853866,2.734916,3
571,69,22.852687,2.771795,4
571,70,22.853651,2.826807,4
571,71,22.857692,2.855782,3
571,72,22.845852,2.900451,3
571,73,22.868711,2.934123,4
571,74,22.863864,2.984269,4
571,75,22.872743,3.033090,2
571,76,22.862592,3.061861,2
571,77,22.862915,3.101937,3
571,78,22.855533,3.150752,2
571,79,22.856604,3.173068,2
571,80,22.850713,3.224216,3
571,81,22.842639,3.252904,2
571,82,22.845749,3.304797,1
571,83,22.874490,3.339681,2
571,84,22.863942,3.389764,1
571,85,22.866001,3.424593,1
571,86,22.855189,3.451650,1
571,87,22.850907,3.506850,2
571,89,22.843801,3.573063,1
571,92,22.869823,3.719781,1
571,94,22.857713,3.787071,1
571,96,22.845463,3.855172,1
572,30,22.882528,1.229410,1
572,32,22.894903,1.301185,1
572,34,22.907507,1.374294,1
572,36,22.916683,1.443471,1
572,37,22.882618,1.488862,1
572,38,22.883531,1.533860,1
572,39,22.891817,1.583019,2
572,41,22.900714,1.655941,2
572,43,22.899860,1.731711,3
572,44,22.909176,1.780938,1
572,45,22.895737,1.821736,3
572,46,22.913952,1.842415,1
572,47,22.893664,1.892177,5
572,48,22.886975,1.936821,1
572,49,22.893557,1.972827,4
572,50,22.897826,2.032293,2
572,51,22.893692,2.045996,2
572,52,22.898133,2.099459,3
572,53,22.896201,2.146394,3
572,54,22.908294,2.175846,1
572,55,22.898197,2.213566,3
572,56,22.904960,2.256906,2
572,57,22.900246,2.289638,2
572,58,22.903313,2.330832,3
572,59,22.903431,2.377675,3
572,60,22.898288,2.421570,2
572,61,22.901729,2.462540,3
572,62,22.898262,2.483648,1
572,63,22.899965,2.536157,4
572,64,22.896596,2.595920,1
572,65,22.899145,2.607406,3
572,66,22.896108,2.665737,3
572,67,22.891895,2.695429,2
572,68,22.893097,2.739507,2
572,69,22.886575,2.773723,3
572,70,22.890187,2.816735,2
572,71,22.882656,2.857571,2
572,72,22.904545,2.893697,2
572,73,22.898828,2.958766,2
572,74,22.917587,2.978270,1
572,75,22.906982,3.020416,1
572,76,22.910393,3.052412,1
572,77,22.900977,3.081809,1
572,78,22.898997,3.135762,2
572,80,22.892222,3.205326,2
572,81,22.883893,3.273010,2
572,86,22.913635,3.452071,1
572,88,22.904339,3.520663,1
572,89,22.893617,3.587537,1
572,91,22.881789,3.653274,1
573,37,22.925568,1.513182,1
573,39,22.934610,1.584097,1
573,41,22.943807,1.656243,1
573,43,22.951211,1.726716,1
573,44,22.956975,1.795698,1
573,47,22.922799,1.891505,1
573,49,22.926465,1.970623,2
573,50,22.926763,2.029641,1
573,51,22.932788,2.051044,1
573,52,22.928812,2.090385,1
573,53,22.933178,2.140365,2
573,55,22.935590,2.211087,2
573,56,22.935127,2.277967,1
573,57,22.940954,2.287866,1
573,58,22.935534,2.339560,1
573,59,22.940989,2.364557,1
573,60,22.934947,2.400420,1
573,61,22.937330,2.451644,2
573,62,22.939620,2.518941,1
573,63,22.933744,2.524675,1
573,64,22.936025,2.593011,2
573,66,22.933346,2.661735,2
573,67,22.927721,2.710712,1
573,68,22.931843,2.749178,1
573,69,22.924472,2.772409,1
573,70,22.924522,2.830354,2
573,72,22.923833,2.903502,1
573,77,22.953964,3.113254,1
573,79,22.947629,3.182167,1
573,81,22.940839,3.251295,1
573,82,22.931883,3.317406,1
573,84,22.922817,3.384328,1
574,46,22.962835,1.865795,1
574,48,22.968792,1.937040,1
574,50,22.974391,2.008744,1
574,51,22.977086,2.076903,1
574,53,22.979823,2.146095,1
574,55,22.982597,2.216341,1
574,57,22.985415,2.287675,1
574,58,22.986151,2.356636,1
574,60,22.985890,2.424950,1
574,62,22.985623,2.494243,1
574,64,22.985351,2.564545,1
574,65,22.984539,2.634967,1
574,67,22.981377,2.702390,1
574,69,22.978174,2.770733,1
574,71,22.974929,2.840022,1
574,72,22.971639,2.910273,1
574,74,22.966394,2.978084,1
574,76,22.960217,3.045231,1
