cell_x,cell_y,world_x_m,world_y_m,hits
235,505,6.789250,10.688369,100
236,504,6.839250,10.638369,100
236,505,6.839250,10.688369,100
236,506,6.839250,10.738369,100
237,505,6.889250,10.688369,100
155,396,2.789250,5.238369,100
156,395,2.839250,5.188369,100
156,396,2.839250,5.238369,100
156,397,2.839250,5.288369,100
157,396,2.889250,5.238369,100
350,492,12.539250,10.038369,100
351,491,12.589250,9.988369,100
351,492,12.589250,10.038369,100
351,493,12.589250,10.088369,100
352,492,12.639250,10.038369,100
296,521,9.839250,11.488369,100
297,520,9.889250,11.438369,100
297,521,9.889250,11.488369,100
297,522,9.889250,11.538369,100
298,521,9.939250,11.488369,100
396,459,14.839250,8.388369,100
397,458,14.889250,8.338369,100
397,459,14.889250,8.388369,100
397,460,14.889250,8.438369,100
398,459,14.939250,8.388369,100
217,191,5.889250,-5.011632,100
218,190,5.939250,-5.061632,100
218,191,5.939250,-5.011632,100
218,192,5.939250,-4.961632,100
219,191,5.989250,-5.011632,100
386,149,14.339250,-7.111632,100
387,148,14.389250,-7.161632,100
387,149,14.389250,-7.111632,100
387,150,14.389250,-7.061632,100
388,149,14.439250,-7.111632,100
119,330,0.989250,1.938369,100
120,329,1.039250,1.888369,100
120,330,1.039250,1.938369,100
120,331,1.039250,1.988369,100
121,330,1.089250,1.938369,100
66,324,-1.660750,1.638369,100
67,323,-1.610750,1.588369,100
67,324,-1.610750,1.638369,100
67,325,-1.610750,1.688369,100
68,324,-1.560750,1.638369,100
494,356,19.739250,3.238369,100
495,355,19.789250,3.188369,100
495,356,19.789250,3.238369,100
495,357,19.789250,3.288369,100
496,356,19.839250,3.238369,100
495,321,19.789250,1.488369,100
496,320,19.839250,1.438369,100
496,321,19.839250,1.488369,100
496,322,19.839250,1.538369,100
497,321,19.889250,1.488369,100
440,385,17.039250,4.688369,100
441,384,17.089250,4.638369,100
441,385,17.089250,4.688369,100
441,386,17.089250,4.738369,100
442,385,17.139250,4.688369,100
157,442,2.889250,7.538369,100
158,441,2.939250,7.488369,100
158,442,2.939250,7.538369,100
158,443,2.939250,7.588369,100
159,442,2.989250,7.538369,100
292,221,9.639250,-3.511632,100
293,220,9.689250,-3.561632,100
293,221,9.689250,-3.511632,100
293,222,9.689250,-3.461632,100
294,221,9.739250,-3.511632,100
373,66,13.689250,-11.261632,100
374,65,13.739250,-11.311632,100
374,66,13.739250,-11.261632,100
374,67,13.739250,-11.211632,100
375,66,13.789250,-11.261632,100
228,502,6.439250,10.538369,100
229,501,6.489250,10.488369,100
229,502,6.489250,10.538369,100
229,503,6.489250,10.588369,100
230,502,6.539250,10.538369,100
263,343,8.189250,2.588369,100
264,342,8.239250,2.538369,100
264,343,8.239250,2.588369,100
264,344,8.239250,2.638369,100
265,343,8.289250,2.588369,100
430,191,16.539250,-5.011632,100
431,190,16.589250,-5.061632,100
431,191,16.589250,-5.011632,100
431,192,16.589250,-4.961632,100
432,191,16.639250,-5.011632,100
161,332,3.089250,2.038369,100
162,331,3.139250,1.988369,100
162,332,3.139250,2.038369,100
162,333,3.139250,2.088369,100
163,332,3.189250,2.038369,100
391,120,14.589250,-8.561632,100
392,119,14.639250,-8.611632,100
392,120,14.639250,-8.561632,100
392,121,14.639250,-8.511632,100
393,120,14.689250,-8.561632,100
238,515,6.939250,11.188369,100
239,514,6.989250,11.138369,100
239,515,6.989250,11.188369,100
239,516,6.989250,11.238369,100
240,515,7.039250,11.188369,100
394,125,14.739250,-8.311632,100
395,124,14.789250,-8.361632,100
395,125,14.789250,-8.311632,100
395,126,14.789250,-8.261632,100
396,125,14.839250,-8.311632,100
375,67,13.789250,-11.211632,100
375,68,13.789250,-11.161632,100
376,67,13.839250,-11.211632,100
440,241,17.039250,-2.511632,100
441,240,17.089250,-2.561632,100
441,241,17.089250,-2.511632,100
441,242,17.089250,-2.461632,100
442,241,17.139250,-2.511632,100
366,63,13.339250,-11.411632,100
367,62,13.389250,-11.461632,100
367,63,13.389250,-11.411632,100
367,64,13.389250,-11.361632,100
368,63,13.439250,-11.411632,100
445,356,17.289250,3.238369,100
446,355,17.339250,3.188369,100
446,356,17.339250,3.238369,100
446,357,17.339250,3.288369,100
447,356,17.389250,3.238369,100
168,456,3.439250,8.238369,100
169,455,3.489250,8.188369,100
169,456,3.489250,8.238369,100
169,457,3.489250,8.288369,100
170,456,3.539250,8.238369,100
322,514,11.139250,11.138369,100
323,513,11.189250,11.088369,100
323,514,11.189250,11.138369,100
323,515,11.189250,11.188369,100
324,514,11.239250,11.138369,100
432,192,16.639250,-4.961632,100
432,193,16.639250,-4.911632,100
433,192,16.689250,-4.961632,100
214,194,5.739250,-4.861632,100
215,193,5.789250,-4.911632,100
215,194,5.789250,-4.861632,100
215,195,5.789250,-4.811632,100
216,194,5.839250,-4.861632,100
443,166,17.189250,-6.261632,100
444,165,17.239250,-6.311632,100
444,166,17.239250,-6.261632,100
444,167,17.239250,-6.211632,100
445,166,17.289250,-6.261632,100
171,461,3.589250,8.488369,100
172,460,3.639250,8.438369,100
172,461,3.639250,8.488369,100
172,462,3.639250,8.538369,100
173,461,3.689250,8.488369,100
206,339,5.339250,2.388369,100
207,338,5.389250,2.338369,100
207,339,5.389250,2.388369,100
207,340,5.389250,2.438369,100
208,339,5.439250,2.388369,100
204,495,5.239250,10.188369,100
205,494,5.289250,10.138369,100
205,495,5.289250,10.188369,100
205,496,5.289250,10.238369,100
206,495,5.339250,10.188369,100
231,512,6.589250,11.038369,100
232,511,6.639250,10.988369,100
232,512,6.639250,11.038369,100
232,513,6.639250,11.088369,100
233,512,6.689250,11.038369,100
223,508,6.189250,10.838369,100
224,507,6.239250,10.788369,100
224,508,6.239250,10.838369,100
224,509,6.239250,10.888369,100
225,508,6.289250,10.838369,100
346,499,12.339250,10.388369,100
347,498,12.389250,10.338369,100
347,499,12.389250,10.388369,100
347,500,12.389250,10.438369,100
348,499,12.439250,10.388369,100
104,328,0.239250,1.838369,100
105,327,0.289250,1.788369,100
105,328,0.289250,1.838369,100
105,329,0.289250,1.888369,100
106,328,0.339250,1.838369,100
462,265,18.139250,-1.311632,100
463,264,18.189250,-1.361632,100
463,265,18.189250,-1.311632,100
463,266,18.189250,-1.261632,100
464,265,18.239250,-1.311632,100
354,174,12.739250,-5.861632,100
355,173,12.789250,-5.911632,100
355,174,12.789250,-5.861632,100
355,175,12.789250,-5.811632,100
356,174,12.839250,-5.861632,100
399,96,14.989250,-9.761632,100
400,95,15.039250,-9.811632,100
400,96,15.039250,-9.761632,100
400,97,15.039250,-9.711632,100
401,96,15.089250,-9.761632,100
478,389,18.939250,4.888369,100
479,388,18.989250,4.838369,100
479,389,18.989250,4.888369,100
479,390,18.989250,4.938369,100
480,389,19.039250,4.888369,100
148,334,2.439250,2.138369,100
149,333,2.489250,2.088369,100
149,334,2.489250,2.138369,100
149,335,2.489250,2.188369,100
150,334,2.539250,2.138369,100
277,219,8.889250,-3.611632,100
278,218,8.939250,-3.661632,100
278,219,8.939250,-3.611632,100
278,220,8.939250,-3.561632,100
279,219,8.989250,-3.611632,100
435,427,16.789250,6.788369,100
436,426,16.839250,6.738369,100
436,427,16.839250,6.788369,100
436,428,16.839250,6.838369,100
437,427,16.889250,6.788369,100
193,485,4.689250,9.688369,100
194,484,4.739250,9.638369,100
194,485,4.739250,9.688369,100
194,486,4.739250,9.738369,100
195,485,4.789250,9.688369,100
154,414,2.739250,6.138369,100
155,413,2.789250,6.088369,100
155,414,2.789250,6.138369,100
155,415,2.789250,6.188369,100
156,414,2.839250,6.138369,100
301,347,10.089250,2.788369,100
302,346,10.139250,2.738369,100
302,347,10.139250,2.788369,100
302,348,10.139250,2.838369,100
303,347,10.189250,2.788369,100
173,462,3.689250,8.538369,100
173,463,3.689250,8.588369,100
174,462,3.739250,8.538369,100
283,150,9.189250,-7.061632,100
284,149,9.239250,-7.111632,100
284,150,9.239250,-7.061632,100
284,151,9.239250,-7.011632,100
285,150,9.289250,-7.061632,100
394,246,14.739250,-2.261632,100
395,245,14.789250,-2.311632,100
395,246,14.789250,-2.261632,100
395,247,14.789250,-2.211632,100
396,246,14.839250,-2.261632,100
429,204,16.489250,-4.361632,100
430,203,16.539250,-4.411632,100
430,204,16.539250,-4.361632,100
430,205,16.539250,-4.311632,100
431,204,16.589250,-4.361632,100
225,509,6.289250,10.888369,100
225,510,6.289250,10.938369,100
226,509,6.339250,10.888369,100
438,173,16.939250,-5.911632,100
439,172,16.989250,-5.961632,100
439,173,16.989250,-5.911632,100
439,174,16.989250,-5.861632,100
440,173,17.039250,-5.911632,100
158,384,2.939250,4.638369,100
159,383,2.989250,4.588369,100
159,384,2.989250,4.638369,100
159,385,2.989250,4.688369,100
160,384,3.039250,4.638369,100
252,162,7.639250,-6.461632,100
253,161,7.689250,-6.511632,100
253,162,7.689250,-6.461632,100
253,163,7.689250,-6.411632,100
254,162,7.739250,-6.461632,100
413,116,15.689250,-8.761632,100
414,115,15.739250,-8.811632,100
414,116,15.739250,-8.761632,100
414,117,15.739250,-8.711632,100
415,116,15.789250,-8.761632,100
141,331,2.089250,1.988369,100
142,330,2.139250,1.938369,100
142,331,2.139250,1.988369,100
142,332,2.139250,2.038369,100
143,331,2.189250,1.988369,100
195,486,4.789250,9.738369,100
195,487,4.789250,9.788369,100
196,486,4.839250,9.738369,100
390,132,14.539250,-7.961632,100
391,131,14.589250,-8.011632,100
391,132,14.589250,-7.961632,100
391,133,14.589250,-7.911632,100
392,132,14.639250,-7.961632,100
396,247,14.839250,-2.211632,100
396,248,14.839250,-2.161632,100
397,247,14.889250,-2.211632,100
287,156,9.389250,-6.761632,100
288,155,9.439250,-6.811632,100
288,156,9.439250,-6.761632,100
288,157,9.439250,-6.711632,100
289,156,9.489250,-6.761632,100
356,173,12.839250,-5.911632,100
356,175,12.839250,-5.811632,100
357,174,12.889250,-5.861632,100
407,450,15.389250,7.938369,100
408,449,15.439250,7.888369,100
408,450,15.439250,7.938369,100
408,451,15.439250,7.988369,100
409,450,15.489250,7.938369,100
220,215,6.039250,-3.811632,100
221,214,6.089250,-3.861632,100
221,215,6.089250,-3.811632,100
221,216,6.089250,-3.761632,100
222,215,6.139250,-3.811632,100
444,368,17.239250,3.838369,100
445,367,17.289250,3.788369,100
445,368,17.289250,3.838369,100
445,369,17.289250,3.888369,100
446,368,17.339250,3.838369,100
445,333,17.289250,2.088369,100
446,332,17.339250,2.038369,100
446,333,17.339250,2.088369,100
446,334,17.339250,2.138369,100
447,333,17.389250,2.088369,100
236,339,6.839250,2.388369,100
237,338,6.889250,2.338369,100
237,339,6.889250,2.388369,100
237,340,6.889250,2.438369,100
238,339,6.939250,2.388369,100
310,517,10.539250,11.288369,100
311,516,10.589250,11.238369,100
311,517,10.589250,11.288369,100
311,518,10.589250,11.338369,100
312,517,10.639250,11.288369,100
194,342,4.739250,2.538369,100
195,341,4.789250,2.488369,100
195,342,4.789250,2.538369,100
195,343,4.789250,2.588369,100
196,342,4.839250,2.538369,100
112,389,0.639250,4.888369,100
113,388,0.689250,4.838369,100
113,389,0.689250,4.888369,100
113,390,0.689250,4.938369,100
114,389,0.739250,4.888369,100
315,223,10.789250,-3.411632,100
316,222,10.839250,-3.461632,100
316,223,10.839250,-3.411632,100
316,224,10.839250,-3.361632,100
317,223,10.889250,-3.411632,100
266,218,8.339250,-3.661632,100
267,217,8.389250,-3.711632,100
267,218,8.389250,-3.661632,100
267,219,8.389250,-3.611632,100
268,218,8.439250,-3.661632,100
178,334,3.939250,2.138369,100
179,333,3.989250,2.088369,100
179,334,3.989250,2.138369,100
179,335,3.989250,2.188369,100
180,334,4.039250,2.138369,100
435,139,16.789250,-7.611632,100
436,138,16.839250,-7.661632,100
436,139,16.839250,-7.611632,100
436,140,16.839250,-7.561632,100
437,139,16.889250,-7.611632,100
480,290,19.039250,-0.061632,100
481,289,19.089250,-0.111632,100
481,290,19.089250,-0.061632,100
481,291,19.089250,-0.011632,100
482,290,19.139250,-0.061632,100
337,507,11.889250,10.788369,100
338,506,11.939250,10.738369,100
338,507,11.939250,10.788369,100
338,508,11.939250,10.838369,100
339,507,11.989250,10.788369,100
373,164,13.689250,-6.361632,100
374,163,13.739250,-6.411632,100
374,164,13.739250,-6.361632,100
374,165,13.739250,-6.311632,100
375,164,13.789250,-6.361632,100
427,135,16.389250,-7.811632,100
428,134,16.439250,-7.861632,100
428,135,16.439250,-7.811632,100
428,136,16.439250,-7.761632,100
429,135,16.489250,-7.811632,100
357,485,12.889250,9.688369,100
358,484,12.939250,9.638369,100
358,485,12.939250,9.688369,100
358,486,12.939250,9.738369,100
359,485,12.989250,9.688369,100
334,501,11.739250,10.488369,100
335,500,11.789250,10.438369,100
335,501,11.789250,10.488369,100
335,502,11.789250,10.538369,100
336,501,11.839250,10.488369,100
306,519,10.339250,11.388369,100
307,518,10.389250,11.338369,100
307,519,10.389250,11.388369,100
307,520,10.389250,11.438369,100
308,519,10.439250,11.388369,100
437,140,16.889250,-7.561632,100
437,141,16.889250,-7.511632,100
438,140,16.939250,-7.561632,100
84,326,-0.760750,1.738369,100
85,325,-0.710750,1.688369,100
85,326,-0.710750,1.738369,100
85,327,-0.710750,1.788369,100
86,326,-0.660750,1.738369,100
482,291,19.139250,-0.011632,100
482,292,19.139250,0.038368,100
483,291,19.189250,-0.011632,100
190,344,4.539250,2.638369,100
191,343,4.589250,2.588369,100
191,344,4.589250,2.638369,100
191,345,4.589250,2.688369,100
192,344,4.639250,2.638369,100
114,388,0.739250,4.838369,100
114,390,0.739250,4.938369,100
115,389,0.789250,4.888369,100
343,177,12.189250,-5.711632,100
344,176,12.239250,-5.761632,100
344,177,12.239250,-5.711632,100
344,178,12.239250,-5.661632,100
345,177,12.289250,-5.711632,100
274,343,8.739250,2.588369,100
275,342,8.789250,2.538369,100
275,343,8.789250,2.588369,100
275,344,8.789250,2.638369,100
276,343,8.839250,2.588369,100
389,144,14.489250,-7.361632,100
390,143,14.539250,-7.411632,100
390,144,14.539250,-7.361632,100
390,145,14.539250,-7.311632,100
391,144,14.589250,-7.361632,100
434,295,16.739250,0.188368,100
435,294,16.789250,0.138368,100
435,295,16.789250,0.188368,100
435,296,16.789250,0.238368,100
436,295,16.839250,0.188368,100
429,217,16.489250,-3.711632,100
430,216,16.539250,-3.761632,100
430,217,16.539250,-3.711632,100
430,218,16.539250,-3.661632,100
431,217,16.589250,-3.711632,100
450,160,17.539250,-6.561632,100
451,159,17.589250,-6.611632,100
451,160,17.589250,-6.561632,100
451,161,17.589250,-6.511632,100
452,160,17.639250,-6.561632,100
353,227,12.689250,-3.211632,100
354,226,12.739250,-3.261632,100
354,227,12.739250,-3.211632,100
354,228,12.739250,-3.161632,100
355,227,12.789250,-3.211632,100
304,222,10.239250,-3.461632,100
305,221,10.289250,-3.511632,100
305,222,10.289250,-3.461632,100
305,223,10.289250,-3.411632,100
306,222,10.339250,-3.461632,100
216,338,5.839250,2.338369,100
217,337,5.889250,2.288369,100
217,338,5.889250,2.338369,100
217,339,5.889250,2.388369,100
218,338,5.939250,2.338369,100
209,213,5.489250,-3.911632,100
210,212,5.539250,-3.961632,100
210,213,5.539250,-3.911632,100
210,214,5.539250,-3.861632,100
211,213,5.589250,-3.911632,100
167,445,3.389250,7.688369,100
168,444,3.439250,7.638369,100
168,445,3.439250,7.688369,100
168,446,3.439250,7.738369,100
169,445,3.489250,7.688369,100
391,110,14.589250,-9.061632,100
392,109,14.639250,-9.111632,100
392,110,14.639250,-9.061632,100
392,111,14.639250,-9.011632,100
393,110,14.689250,-9.061632,100
442,421,17.139250,6.488369,100
443,420,17.189250,6.438369,100
443,421,17.189250,6.488369,100
443,422,17.189250,6.538369,100
444,421,17.239250,6.488369,100
238,505,6.939250,10.688369,100
239,504,6.989250,10.638369,100
239,505,6.989250,10.688369,100
239,506,6.989250,10.738369,100
240,505,7.039250,10.688369,100
311,346,10.589250,2.738369,100
312,345,10.639250,2.688369,100
312,346,10.639250,2.738369,100
312,347,10.639250,2.788369,100
313,346,10.689250,2.738369,100
446,162,17.339250,-6.461632,100
447,161,17.389250,-6.511632,100
447,162,17.389250,-6.461632,100
447,163,17.389250,-6.411632,100
448,162,17.439250,-6.461632,100
283,513,9.189250,11.088369,100
284,512,9.239250,11.038369,100
284,513,9.239250,11.088369,100
284,514,9.239250,11.138369,100
285,513,9.289250,11.088369,100
445,346,17.289250,2.738369,100
446,345,17.339250,2.688369,100
446,346,17.339250,2.738369,100
446,347,17.339250,2.788369,100
447,346,17.389250,2.738369,100
431,411,16.589250,5.988369,100
432,410,16.639250,5.938369,100
432,411,16.639250,5.988369,100
432,412,16.639250,6.038369,100
433,411,16.689250,5.988369,100
149,433,2.489250,7.088369,100
150,432,2.539250,7.038369,100
150,433,2.539250,7.088369,100
150,434,2.539250,7.138369,100
151,433,2.589250,7.088369,100
376,475,13.839250,9.188369,100
377,474,13.889250,9.138369,100
377,475,13.889250,9.188369,100
377,476,13.889250,9.238369,100
378,475,13.939250,9.188369,100
169,446,3.489250,7.738369,100
169,447,3.489250,7.788369,100
170,446,3.539250,7.738369,100
441,312,17.089250,1.038368,100
442,311,17.139250,0.988368,100
442,312,17.139250,1.038368,100
442,313,17.139250,1.088368,100
443,312,17.189250,1.038368,100
171,451,3.589250,7.988369,100
172,450,3.639250,7.938369,100
172,451,3.639250,7.988369,100
172,452,3.639250,8.038369,100
173,451,3.689250,7.988369,100
231,502,6.589250,10.538369,100
232,501,6.639250,10.488369,100
232,502,6.639250,10.538369,100
232,503,6.639250,10.588369,100
233,502,6.689250,10.538369,100
204,485,5.239250,9.688369,100
205,484,5.289250,9.638369,100
205,485,5.289250,9.688369,100
205,486,5.289250,9.738369,100
206,485,5.339250,9.688369,100
392,456,14.639250,8.238369,100
393,455,14.689250,8.188369,100
393,456,14.689250,8.238369,100
393,457,14.689250,8.288369,100
394,456,14.739250,8.238369,100
223,498,6.189250,10.338369,100
224,497,6.239250,10.288369,100
224,498,6.239250,10.338369,100
224,499,6.239250,10.388369,100
225,498,6.289250,10.338369,100
193,210,4.689250,-4.061632,100
194,209,4.739250,-4.111632,100
194,210,4.739250,-4.061632,100
194,211,4.739250,-4.011632,100
195,210,4.789250,-4.061632,100
368,62,13.439250,-11.461632,100
369,61,13.489250,-11.511632,100
369,62,13.489250,-11.461632,100
369,63,13.489250,-11.411632,100
370,62,13.539250,-11.461632,100
433,228,16.689250,-3.161632,100
434,227,16.739250,-3.211632,100
434,228,16.739250,-3.161632,100
434,229,16.739250,-3.111632,100
435,228,16.789250,-3.161632,100
163,367,3.189250,3.788369,100
164,366,3.239250,3.738369,100
164,367,3.239250,3.788369,100
164,368,3.239250,3.838369,100
165,367,3.289250,3.788369,100
385,151,14.289250,-7.011632,100
386,150,14.339250,-7.061632,100
386,151,14.339250,-7.011632,100
386,152,14.339250,-6.961632,100
387,151,14.389250,-7.011632,100
323,176,11.189250,-5.761632,100
324,175,11.239250,-5.811632,100
324,176,11.239250,-5.761632,100
324,177,11.239250,-5.711632,100
325,176,11.289250,-5.761632,100
193,475,4.689250,9.188369,100
194,474,4.739250,9.138369,100
194,475,4.739250,9.188369,100
194,476,4.739250,9.238369,100
195,475,4.789250,9.188369,100
154,404,2.739250,5.638369,100
155,403,2.789250,5.588369,100
155,404,2.789250,5.638369,100
155,405,2.789250,5.688369,100
156,404,2.839250,5.638369,100
254,342,7.739250,2.538369,100
255,341,7.789250,2.488369,100
255,342,7.789250,2.538369,100
255,343,7.789250,2.588369,100
256,342,7.839250,2.538369,100
159,333,2.989250,2.088369,100
160,332,3.039250,2.038369,100
160,333,3.039250,2.088369,100
160,334,3.039250,2.138369,100
161,333,3.089250,2.088369,100
153,439,2.689250,7.388369,100
154,438,2.739250,7.338369,100
154,439,2.739250,7.388369,100
154,440,2.739250,7.438369,100
155,439,2.789250,7.388369,100
348,498,12.439250,10.338369,100
349,497,12.489250,10.288369,100
349,498,12.489250,10.338369,100
349,499,12.489250,10.388369,100
350,498,12.539250,10.338369,100
429,194,16.489250,-4.861632,100
430,193,16.539250,-4.911632,100
430,194,16.539250,-4.861632,100
430,195,16.539250,-4.811632,100
431,194,16.589250,-4.861632,100
285,512,9.289250,11.038369,100
285,514,9.289250,11.138369,100
286,513,9.339250,11.088369,100
444,322,17.239250,1.538369,100
445,321,17.289250,1.488369,100
445,322,17.289250,1.538369,100
445,323,17.289250,1.588369,100
446,322,17.339250,1.538369,100
325,177,11.289250,-5.711632,100
325,178,11.289250,-5.661632,100
326,177,11.339250,-5.711632,100
195,476,4.789250,9.238369,100
195,477,4.789250,9.288369,100
196,476,4.839250,9.238369,100
391,87,14.589250,-10.211632,100
392,86,14.639250,-10.261632,100
392,87,14.639250,-10.211632,100
392,88,14.639250,-10.161632,100
393,87,14.689250,-10.211632,100
178,468,3.939250,8.838369,100
179,467,3.989250,8.788369,100
179,468,3.989250,8.838369,100
179,469,3.989250,8.888369,100
180,468,4.039250,8.838369,100
383,83,14.189250,-10.411632,100
384,82,14.239250,-10.461632,100
384,83,14.239250,-10.411632,100
384,84,14.239250,-10.361632,100
385,83,14.289250,-10.411632,100
447,247,17.389250,-2.211632,100
448,246,17.439250,-2.261632,100
448,247,17.439250,-2.211632,100
448,248,17.439250,-2.161632,100
449,247,17.489250,-2.211632,100
232,179,6.639250,-5.611632,100
233,178,6.689250,-5.661632,100
233,179,6.689250,-5.611632,100
233,180,6.689250,-5.561632,100
234,179,6.739250,-5.611632,100
68,336,-1.560750,2.238369,100
69,335,-1.510750,2.188369,100
69,336,-1.510750,2.238369,100
69,337,-1.510750,2.288369,100
70,336,-1.460750,2.238369,100
372,73,13.639250,-10.911632,100
373,72,13.689250,-10.961632,100
373,73,13.689250,-10.911632,100
373,74,13.689250,-10.861632,100
374,73,13.739250,-10.911632,100
200,492,5.039250,10.038369,100
201,491,5.089250,9.988369,100
201,492,5.089250,10.038369,100
201,493,5.089250,10.088369,100
202,492,5.139250,10.038369,100
389,242,14.489250,-2.461632,100
390,241,14.539250,-2.511632,100
390,242,14.539250,-2.461632,100
390,243,14.539250,-2.411632,100
391,242,14.589250,-2.461632,100
255,162,7.789250,-6.461632,100
256,161,7.839250,-6.511632,100
256,162,7.839250,-6.461632,100
256,163,7.839250,-6.411632,100
257,162,7.889250,-6.461632,100
416,116,15.839250,-8.761632,100
417,115,15.889250,-8.811632,100
417,116,15.889250,-8.761632,100
417,117,15.889250,-8.711632,100
418,116,15.939250,-8.761632,100
395,93,14.789250,-9.911632,100
396,92,14.839250,-9.961632,100
396,93,14.839250,-9.911632,100
396,94,14.839250,-9.861632,100
397,93,14.889250,-9.911632,100
197,337,4.889250,2.288369,100
198,336,4.939250,2.238369,100
198,337,4.939250,2.288369,100
198,338,4.939250,2.338369,100
199,337,4.989250,2.288369,100
365,479,13.289250,9.388369,100
366,478,13.339250,9.338369,100
366,479,13.339250,9.388369,100
366,480,13.339250,9.438369,100
367,479,13.389250,9.388369,100
232,215,6.639250,-3.811632,100
233,214,6.689250,-3.861632,100
233,215,6.689250,-3.811632,100
233,216,6.689250,-3.761632,100
234,215,6.739250,-3.811632,100
144,331,2.239250,1.988369,100
145,330,2.289250,1.938369,100
145,331,2.289250,1.988369,100
145,332,2.289250,2.038369,100
146,331,2.339250,1.988369,100
472,276,18.639250,-0.761632,100
473,275,18.689250,-0.811632,100
473,276,18.689250,-0.761632,100
473,277,18.689250,-0.711632,100
474,276,18.739250,-0.761632,100
393,132,14.689250,-7.961632,100
394,131,14.739250,-8.011632,100
394,132,14.739250,-7.961632,100
394,133,14.739250,-7.911632,100
395,132,14.789250,-7.961632,100
189,482,4.489250,9.538369,100
190,481,4.539250,9.488369,100
190,482,4.539250,9.538369,100
190,483,4.539250,9.588369,100
191,482,4.589250,9.538369,100
419,270,15.989250,-1.061632,100
420,269,16.039250,-1.111632,100
420,270,16.039250,-1.061632,100
420,271,16.039250,-1.011632,100
421,270,16.089250,-1.061632,100
387,89,14.389250,-10.111632,100
388,88,14.439250,-10.161632,100
388,89,14.439250,-10.111632,100
388,90,14.439250,-10.061632,100
389,89,14.489250,-10.111632,100
391,243,14.589250,-2.411632,100
391,244,14.589250,-2.361632,100
392,243,14.639250,-2.411632,100
93,365,-0.310750,3.688369,100
94,364,-0.260750,3.638369,100
94,365,-0.260750,3.688369,100
94,366,-0.260750,3.738369,100
95,365,-0.210750,3.688369,100
382,239,14.139250,-2.611632,100
383,238,14.189250,-2.661632,100
383,239,14.189250,-2.611632,100
383,240,14.189250,-2.561632,100
384,239,14.239250,-2.611632,100
153,416,2.689250,6.238369,100
154,415,2.739250,6.188369,100
154,416,2.739250,6.238369,100
154,417,2.739250,6.288369,100
155,416,2.789250,6.238369,100
401,252,15.089250,-1.961632,100
402,251,15.139250,-2.011632,100
402,252,15.139250,-1.961632,100
402,253,15.139250,-1.911632,100
403,252,15.189250,-1.961632,100
434,429,16.739250,6.888369,100
435,428,16.789250,6.838369,100
435,429,16.789250,6.888369,100
435,430,16.789250,6.938369,100
436,429,16.839250,6.888369,100
484,290,19.239250,-0.061632,100
484,291,19.239250,-0.011632,100
484,292,19.239250,0.038368,100
485,291,19.289250,-0.011632,100
437,175,16.889250,-5.811632,100
438,174,16.939250,-5.861632,100
438,175,16.939250,-5.811632,100
438,176,16.939250,-5.761632,100
439,175,16.989250,-5.811632,100
264,512,8.239250,11.038369,100
265,511,8.289250,10.988369,100
265,512,8.289250,11.038369,100
265,513,8.289250,11.088369,100
266,512,8.339250,11.038369,100
157,386,2.889250,4.738369,100
158,385,2.939250,4.688369,100
158,386,2.939250,4.738369,100
158,387,2.939250,4.788369,100
159,386,2.989250,4.738369,100
486,296,19.339250,0.238368,100
487,295,19.389250,0.188368,100
487,296,19.389250,0.238368,100
487,297,19.389250,0.288368,100
488,296,19.439250,0.238368,100
465,273,18.289250,-0.911632,100
466,272,18.339250,-0.961632,100
466,273,18.339250,-0.911632,100
466,274,18.339250,-0.861632,100
467,273,18.389250,-0.911632,100
169,360,3.489250,3.438369,100
170,359,3.539250,3.388369,100
170,360,3.539250,3.438369,100
170,361,3.539250,3.488369,100
171,360,3.589250,3.438369,100
377,160,13.889250,-6.561632,100
378,159,13.939250,-6.611632,100
378,160,13.939250,-6.561632,100
378,161,13.939250,-6.511632,100
379,160,13.989250,-6.561632,100
383,469,14.189250,8.888369,100
384,468,14.239250,8.838369,100
384,469,14.239250,8.888369,100
384,470,14.239250,8.938369,100
385,469,14.289250,8.888369,100
95,366,-0.210750,3.738369,100
95,367,-0.210750,3.788369,100
96,366,-0.160750,3.738369,100
423,276,16.189250,-0.761632,100
424,275,16.239250,-0.811632,100
424,276,16.239250,-0.761632,100
424,277,16.239250,-0.711632,100
425,276,16.289250,-0.761632,100
269,218,8.489250,-3.661632,100
270,217,8.539250,-3.711632,100
270,218,8.539250,-3.661632,100
270,219,8.539250,-3.611632,100
271,218,8.589250,-3.661632,100
389,134,14.489250,-7.861632,100
390,133,14.539250,-7.911632,100
390,134,14.539250,-7.861632,100
390,135,14.539250,-7.811632,100
391,134,14.589250,-7.861632,100
429,207,16.489250,-4.211632,100
430,206,16.539250,-4.261632,100
430,207,16.539250,-4.211632,100
430,208,16.539250,-4.161632,100
431,207,16.589250,-4.211632,100
406,452,15.339250,8.038369,100
407,451,15.389250,7.988369,100
407,452,15.389250,8.038369,100
407,453,15.389250,8.088369,100
408,452,15.439250,8.038369,100
488,297,19.439250,0.288368,100
488,298,19.439250,0.338368,100
489,297,19.489250,0.288368,100
472,397,18.639250,5.288369,100
473,396,18.689250,5.238369,100
473,397,18.689250,5.288369,100
473,398,18.689250,5.338369,100
474,397,18.739250,5.288369,100
156,426,2.839250,6.738369,100
157,425,2.889250,6.688369,100
157,426,2.889250,6.738369,100
157,427,2.889250,6.788369,100
158,426,2.939250,6.738369,100
235,341,6.789250,2.488369,100
236,340,6.839250,2.438369,100
236,341,6.839250,2.488369,100
236,342,6.839250,2.538369,100
237,341,6.889250,2.488369,100
182,335,4.139250,2.188369,100
183,334,4.189250,2.138369,100
183,335,4.189250,2.188369,100
183,336,4.189250,2.238369,100
184,335,4.239250,2.188369,100
391,100,14.589250,-9.561632,100
392,99,14.639250,-9.611632,100
392,100,14.639250,-9.561632,100
392,101,14.639250,-9.511632,100
393,100,14.689250,-9.561632,100
159,431,2.989250,6.988369,100
160,430,3.039250,6.938369,100
160,431,3.039250,6.988369,100
160,432,3.039250,7.038369,100
161,431,3.089250,6.988369,100
399,449,14.989250,7.888369,100
400,448,15.039250,7.838369,100
400,449,15.039250,7.888369,100
400,450,15.039250,7.938369,100
401,449,15.089250,7.888369,100
306,221,10.339250,-3.511632,100
307,220,10.389250,-3.561632,100
307,221,10.389250,-3.511632,100
307,222,10.389250,-3.461632,100
308,221,10.439250,-3.511632,100
212,214,5.639250,-3.861632,100
213,213,5.689250,-3.911632,100
213,214,5.689250,-3.861632,100
213,215,5.689250,-3.811632,100
214,214,5.739250,-3.861632,100
356,487,12.839250,9.788369,100
357,486,12.889250,9.738369,100
357,487,12.889250,9.788369,100
357,488,12.889250,9.838369,100
358,487,12.939250,9.788369,100
277,343,8.889250,2.588369,100
278,342,8.939250,2.538369,100
278,343,8.939250,2.588369,100
278,344,8.939250,2.638369,100
279,343,8.989250,2.588369,100
445,156,17.289250,-6.761632,100
446,155,17.339250,-6.811632,100
446,156,17.339250,-6.761632,100
446,157,17.339250,-6.711632,100
447,156,17.389250,-6.761632,100
443,375,17.189250,4.188369,100
444,374,17.239250,4.138369,100
444,375,17.239250,4.188369,100
444,376,17.239250,4.238369,100
445,375,17.289250,4.188369,100
490,307,19.539250,0.788368,100
491,306,19.589250,0.738368,100
491,307,19.589250,0.788368,100
491,308,19.589250,0.838368,100
492,307,19.639250,0.788368,100
153,393,2.689250,5.088369,100
154,392,2.739250,5.038369,100
154,393,2.739250,5.088369,100
154,394,2.739250,5.138369,100
155,393,2.789250,5.088369,100
308,222,10.439250,-3.461632,100
308,223,10.439250,-3.411632,100
309,222,10.489250,-3.461632,100
219,338,5.989250,2.338369,100
220,337,6.039250,2.288369,100
220,338,6.039250,2.338369,100
220,339,6.039250,2.388369,100
221,338,6.089250,2.338369,100
448,161,17.439250,-6.511632,100
449,160,17.489250,-6.561632,100
449,161,17.489250,-6.511632,100
449,162,17.489250,-6.461632,100
450,161,17.539250,-6.511632,100
493,312,19.689250,1.038368,100
494,311,19.739250,0.988368,100
494,312,19.739250,1.038368,100
494,313,19.739250,1.088368,100
495,312,19.789250,1.038368,100
249,217,7.489250,-3.711632,100
250,216,7.539250,-3.761632,100
250,217,7.539250,-3.711632,100
250,218,7.539250,-3.661632,100
251,217,7.589250,-3.711632,100
328,510,11.439250,10.938369,100
329,509,11.489250,10.888369,100
329,510,11.489250,10.938369,100
329,511,11.489250,10.988369,100
330,510,11.539250,10.938369,100
314,346,10.739250,2.738369,100
315,345,10.789250,2.688369,100
315,346,10.789250,2.738369,100
315,347,10.789250,2.788369,100
316,346,10.839250,2.738369,100
166,368,3.339250,3.838369,100
167,367,3.389250,3.788369,100
167,368,3.389250,3.838369,100
167,369,3.389250,3.888369,100
168,368,3.439250,3.838369,100
125,330,1.289250,1.938369,100
126,329,1.339250,1.888369,100
126,330,1.339250,1.938369,100
126,331,1.339250,1.988369,100
127,330,1.389250,1.938369,100
197,206,4.889250,-4.261632,100
198,205,4.939250,-4.311632,100
198,206,4.939250,-4.261632,100
198,207,4.939250,-4.211632,100
199,206,4.989250,-4.261632,100
344,225,12.239250,-3.311632,100
345,224,12.289250,-3.361632,100
345,225,12.289250,-3.311632,100
345,226,12.289250,-3.261632,100
346,225,12.339250,-3.311632,100
134,415,1.739250,6.188369,100
135,414,1.789250,6.138369,100
135,415,1.789250,6.188369,100
135,416,1.789250,6.238369,100
136,415,1.839250,6.188369,100
330,511,11.539250,10.988369,100
330,512,11.539250,11.038369,100
331,511,11.589250,10.988369,100
375,478,13.789250,9.338369,100
376,477,13.839250,9.288369,100
376,478,13.839250,9.338369,100
376,479,13.839250,9.388369,100
377,478,13.889250,9.338369,100
321,507,11.089250,10.788369,100
322,506,11.139250,10.738369,100
322,507,11.139250,10.788369,100
322,508,11.139250,10.838369,100
323,507,11.189250,10.788369,100
316,347,10.839250,2.788369,100
316,348,10.839250,2.838369,100
317,347,10.889250,2.788369,100
441,423,17.089250,6.588369,100
442,422,17.139250,6.538369,100
442,423,17.139250,6.588369,100
442,424,17.139250,6.638369,100
443,423,17.189250,6.588369,100
178,458,3.939250,8.338369,100
179,457,3.989250,8.288369,100
179,458,3.989250,8.338369,100
179,459,3.989250,8.388369,100
180,458,4.039250,8.338369,100
185,466,4.289250,8.738369,100
186,465,4.339250,8.688369,100
186,466,4.339250,8.738369,100
186,467,4.339250,8.788369,100
187,466,4.389250,8.738369,100
372,472,13.639250,9.038369,100
373,471,13.689250,8.988369,100
373,472,13.689250,9.038369,100
373,473,13.689250,9.088369,100
374,472,13.739250,9.038369,100
446,358,17.339250,3.338369,100
447,357,17.389250,3.288369,100
447,358,17.389250,3.338369,100
447,359,17.389250,3.388369,100
448,358,17.439250,3.338369,100
326,176,11.339250,-5.761632,100
327,175,11.389250,-5.811632,100
327,176,11.389250,-5.761632,100
327,177,11.389250,-5.711632,100
328,176,11.439250,-5.761632,100
162,370,3.139250,3.938369,100
163,369,3.189250,3.888369,100
163,370,3.189250,3.938369,100
163,371,3.189250,3.988369,100
164,370,3.239250,3.938369,100
430,413,16.539250,6.088369,100
431,412,16.589250,6.038369,100
431,413,16.589250,6.088369,100
431,414,16.589250,6.138369,100
432,413,16.639250,6.088369,100
188,471,4.439250,8.988369,100
189,470,4.489250,8.938369,100
189,471,4.489250,8.988369,100
189,472,4.489250,9.038369,100
190,471,4.539250,8.988369,100
372,63,13.639250,-11.411632,100
373,62,13.689250,-11.461632,100
373,63,13.689250,-11.411632,100
373,64,13.689250,-11.361632,100
374,63,13.739250,-11.411632,100
200,482,5.039250,9.538369,100
201,481,5.089250,9.488369,100
201,482,5.089250,9.538369,100
201,483,5.089250,9.588369,100
202,482,5.139250,9.538369,100
152,405,2.639250,5.688369,100
153,404,2.689250,5.638369,100
153,405,2.689250,5.688369,100
153,406,2.689250,5.738369,100
154,405,2.739250,5.688369,100
287,221,9.389250,-3.511632,100
288,220,9.439250,-3.561632,100
288,221,9.439250,-3.511632,100
288,222,9.439250,-3.461632,100
289,221,9.489250,-3.511632,100
442,244,17.139250,-2.361632,100
443,243,17.189250,-2.411632,100
443,244,17.189250,-2.361632,100
443,245,17.189250,-2.311632,100
444,244,17.239250,-2.361632,100
413,446,15.689250,7.738369,100
414,445,15.739250,7.688369,100
414,446,15.739250,7.738369,100
414,447,15.739250,7.788369,100
415,446,15.789250,7.738369,100
328,177,11.439250,-5.711632,100
328,178,11.439250,-5.661632,100
329,177,11.489250,-5.711632,100
258,343,7.939250,2.588369,100
259,342,7.989250,2.538369,100
259,343,7.989250,2.588369,100
259,344,7.989250,2.638369,100
260,343,8.039250,2.588369,100
170,459,3.539250,8.388369,100
171,458,3.589250,8.338369,100
171,459,3.589250,8.388369,100
171,460,3.589250,8.438369,100
172,459,3.639250,8.388369,100
190,472,4.539250,9.038369,100
190,473,4.539250,9.088369,100
191,472,4.589250,9.038369,100
384,153,14.239250,-6.911632,100
385,152,14.289250,-6.961632,100
385,153,14.289250,-6.911632,100
385,154,14.289250,-6.861632,100
386,153,14.339250,-6.911632,100
74,342,-1.260750,2.538369,100
75,341,-1.210750,2.488369,100
75,342,-1.210750,2.538369,100
75,343,-1.210750,2.588369,100
76,342,-1.160750,2.538369,100
410,440,15.539250,7.438369,100
411,439,15.589250,7.388369,100
411,440,15.589250,7.438369,100
411,441,15.589250,7.488369,100
412,440,15.639250,7.438369,100
236,175,6.839250,-5.811632,100
237,174,6.889250,-5.861632,100
237,175,6.889250,-5.811632,100
237,176,6.889250,-5.761632,100
238,175,6.939250,-5.811632,100
329,223,11.489250,-3.411632,100
330,222,11.539250,-3.461632,100
330,223,11.539250,-3.411632,100
330,224,11.539250,-3.361632,100
331,223,11.589250,-3.411632,100
106,329,0.339250,1.888369,100
106,330,0.339250,1.938369,100
107,329,0.389250,1.888369,100
368,65,13.439250,-11.311632,100
369,64,13.489250,-11.361632,100
369,65,13.489250,-11.311632,100
369,66,13.489250,-11.261632,100
370,65,13.539250,-11.311632,100
391,463,14.589250,8.588369,100
392,462,14.639250,8.538369,100
392,463,14.639250,8.588369,100
392,464,14.639250,8.638369,100
393,463,14.689250,8.588369,100
492,366,19.639250,3.738369,100
493,365,19.689250,3.688369,100
493,366,19.689250,3.738369,100
493,367,19.689250,3.788369,100
494,366,19.739250,3.738369,100
438,395,16.939250,5.188369,100
439,394,16.989250,5.138369,100
439,395,16.989250,5.188369,100
439,396,16.989250,5.238369,100
440,395,17.039250,5.188369,100
195,488,4.789250,9.838369,100
196,487,4.839250,9.788369,100
196,488,4.839250,9.838369,100
196,489,4.839250,9.888369,100
197,488,4.889250,9.838369,100
404,253,15.239250,-1.911632,100
405,252,15.289250,-1.961632,100
405,253,15.289250,-1.911632,100
405,254,15.289250,-1.861632,100
406,253,15.339250,-1.911632,100
457,408,17.889250,5.838369,100
458,407,17.939250,5.788369,100
458,408,17.939250,5.838369,100
458,409,17.939250,5.888369,100
459,408,17.989250,5.838369,100
295,346,9.789250,2.738369,100
296,345,9.839250,2.688369,100
296,346,9.839250,2.738369,100
296,347,9.839250,2.788369,100
297,346,9.889250,2.738369,100
464,267,18.239250,-1.211632,100
465,266,18.289250,-1.261632,100
465,267,18.289250,-1.211632,100
465,268,18.289250,-1.161632,100
466,267,18.339250,-1.211632,100
496,336,19.839250,2.238369,100
497,335,19.889250,2.188369,100
497,336,19.889250,2.238369,100
497,337,19.889250,2.288369,100
498,336,19.939250,2.238369,100
340,497,12.039250,10.288369,100
341,496,12.089250,10.238369,100
341,497,12.089250,10.288369,100
341,498,12.089250,10.338369,100
342,497,12.139250,10.288369,100
147,331,2.389250,1.988369,100
148,330,2.439250,1.938369,100
148,331,2.439250,1.988369,100
148,332,2.439250,2.038369,100
149,331,2.489250,1.988369,100
208,198,5.439250,-4.661632,100
209,197,5.489250,-4.711632,100
209,198,5.489250,-4.661632,100
209,199,5.489250,-4.611632,100
210,198,5.539250,-4.661632,100
401,98,15.089250,-9.661632,100
402,97,15.139250,-9.711632,100
402,98,15.139250,-9.661632,100
402,99,15.139250,-9.611632,100
403,98,15.189250,-9.661632,100
278,522,8.939250,11.538369,100
279,521,8.989250,11.488369,100
279,522,8.989250,11.538369,100
279,523,8.989250,11.588369,100
280,522,9.039250,11.538369,100
158,377,2.939250,4.288369,100
159,376,2.989250,4.238369,100
159,377,2.989250,4.288369,100
159,378,2.989250,4.338369,100
160,377,3.039250,4.288369,100
426,420,16.339250,6.438369,100
427,419,16.389250,6.388369,100
427,420,16.389250,6.438369,100
427,421,16.389250,6.488369,100
428,420,16.439250,6.438369,100
428,201,16.439250,-4.511632,100
429,200,16.489250,-4.561632,100
429,201,16.489250,-4.511632,100
429,202,16.489250,-4.461632,100
430,201,16.539250,-4.511632,100
385,239,14.289250,-2.611632,100
386,238,14.339250,-2.661632,100
386,239,14.339250,-2.611632,100
386,240,14.339250,-2.561632,100
387,239,14.389250,-2.611632,100
444,325,17.239250,1.688369,100
445,324,17.289250,1.638369,100
445,325,17.289250,1.688369,100
445,326,17.289250,1.738369,100
446,325,17.339250,1.688369,100
231,181,6.589250,-5.511632,100
232,180,6.639250,-5.561632,100
232,181,6.639250,-5.511632,100
232,182,6.639250,-5.461632,100
233,181,6.689250,-5.511632,100
377,235,13.889250,-2.811632,100
378,234,13.939250,-2.861632,100
378,235,13.939250,-2.811632,100
378,236,13.939250,-2.761632,100
379,235,13.989250,-2.811632,100
392,135,14.639250,-7.811632,100
393,134,14.689250,-7.861632,100
393,135,14.689250,-7.811632,100
393,136,14.689250,-7.761632,100
394,135,14.739250,-7.811632,100
207,498,5.389250,10.338369,100
208,497,5.439250,10.288369,100
208,498,5.439250,10.338369,100
208,499,5.439250,10.388369,100
209,498,5.489250,10.338369,100
267,512,8.389250,11.038369,100
268,511,8.439250,10.988369,100
268,512,8.439250,11.038369,100
268,513,8.439250,11.088369,100
269,512,8.489250,11.038369,100
415,118,15.789250,-8.661632,100
416,117,15.839250,-8.711632,100
416,118,15.839250,-8.661632,100
416,119,15.839250,-8.611632,100
417,118,15.889250,-8.661632,100
143,333,2.189250,2.088369,100
144,332,2.239250,2.038369,100
144,333,2.239250,2.088369,100
144,334,2.239250,2.138369,100
145,333,2.289250,2.088369,100
197,487,4.889250,9.788369,100
197,489,4.889250,9.888369,100
198,488,4.939250,9.838369,100
89,362,-0.510750,3.538369,100
90,361,-0.460750,3.488369,100
90,362,-0.460750,3.538369,100
90,363,-0.460750,3.588369,100
91,362,-0.410750,3.538369,100
90,327,-0.460750,1.788369,100
91,326,-0.410750,1.738369,100
91,327,-0.410750,1.788369,100
91,328,-0.410750,1.838369,100
92,327,-0.360750,1.788369,100
387,240,14.389250,-2.561632,100
387,241,14.389250,-2.511632,100
388,240,14.439250,-2.561632,100
379,236,13.989250,-2.761632,100
379,237,13.989250,-2.711632,100
380,236,14.039250,-2.761632,100
370,232,13.539250,-2.961632,100
371,231,13.589250,-3.011632,100
371,232,13.589250,-2.961632,100
371,233,13.589250,-2.911632,100
372,232,13.639250,-2.961632,100
452,414,17.639250,6.138369,100
453,413,17.689250,6.088369,100
453,414,17.689250,6.138369,100
453,415,17.689250,6.188369,100
454,414,17.739250,6.138369,100
350,174,12.539250,-5.861632,100
351,173,12.589250,-5.911632,100
351,174,12.589250,-5.861632,100
351,175,12.589250,-5.811632,100
352,174,12.639250,-5.861632,100
401,448,15.089250,7.838369,100
402,447,15.139250,7.788369,100
402,448,15.139250,7.838369,100
402,449,15.139250,7.888369,100
403,448,15.189250,7.838369,100
437,142,16.889250,-7.461632,100
438,141,16.939250,-7.511632,100
438,142,16.939250,-7.461632,100
438,143,16.939250,-7.411632,100
439,142,16.989250,-7.461632,100
417,119,15.889250,-8.611632,100
417,120,15.889250,-8.561632,100
418,119,15.939250,-8.611632,100
461,270,18.089250,-1.061632,100
462,269,18.139250,-1.111632,100
462,270,18.139250,-1.061632,100
462,271,18.139250,-1.011632,100
463,270,18.189250,-1.061632,100
488,373,19.439250,4.088369,100
489,372,19.489250,4.038369,100
489,373,19.489250,4.088369,100
489,374,19.489250,4.138369,100
490,373,19.539250,4.088369,100
238,341,6.939250,2.488369,100
239,340,6.989250,2.438369,100
239,341,6.989250,2.488369,100
239,342,6.989250,2.538369,100
240,341,7.039250,2.488369,100
379,466,13.989250,8.738369,100
380,465,14.039250,8.688369,100
380,466,14.039250,8.738369,100
380,467,14.039250,8.788369,100
381,466,14.089250,8.738369,100
185,335,4.289250,2.188369,100
186,334,4.339250,2.138369,100
186,335,4.339250,2.188369,100
186,336,4.339250,2.238369,100
187,335,4.389250,2.188369,100
91,363,-0.410750,3.588369,100
91,364,-0.410750,3.638369,100
92,363,-0.360750,3.588369,100
136,330,1.839250,1.938369,100
137,329,1.889250,1.888369,100
137,330,1.889250,1.938369,100
137,331,1.889250,1.988369,100
138,330,1.939250,1.938369,100
426,132,16.339250,-7.961632,100
427,131,16.389250,-8.011632,100
427,132,16.389250,-7.961632,100
427,133,16.389250,-7.911632,100
428,132,16.439250,-7.961632,100
114,391,0.739250,4.988369,100
115,390,0.789250,4.938369,100
115,391,0.789250,4.988369,100
115,392,0.789250,5.038369,100
116,391,0.839250,4.988369,100
382,471,14.139250,8.988369,100
383,470,14.189250,8.938369,100
383,471,14.189250,8.988369,100
383,472,14.189250,9.038369,100
384,471,14.239250,8.988369,100
372,161,13.639250,-6.511632,100
373,160,13.689250,-6.561632,100
373,161,13.689250,-6.511632,100
373,162,13.689250,-6.461632,100
374,161,13.739250,-6.511632,100
439,143,16.989250,-7.411632,100
439,144,16.989250,-7.361632,100
440,143,17.039250,-7.411632,100
448,416,17.439250,6.238369,100
449,415,17.489250,6.188369,100
449,416,17.489250,6.238369,100
449,417,17.489250,6.288369,100
450,416,17.539250,6.238369,100
215,214,5.789250,-3.861632,100
216,213,5.839250,-3.911632,100
216,214,5.839250,-3.861632,100
216,215,5.839250,-3.811632,100
217,214,5.889250,-3.861632,100
483,294,19.189250,0.138368,100
484,293,19.239250,0.088368,100
484,294,19.239250,0.138368,100
484,295,19.239250,0.188368,100
485,294,19.289250,0.138368,100
389,101,14.489250,-9.511632,100
390,100,14.539250,-9.561632,100
390,101,14.539250,-9.511632,100
390,102,14.539250,-9.461632,100
391,101,14.589250,-9.511632,100
486,299,19.339250,0.388368,100
487,298,19.389250,0.338368,100
487,299,19.389250,0.388368,100
487,300,19.389250,0.438368,100
488,299,19.439250,0.388368,100
433,293,16.689250,0.088368,100
434,292,16.739250,0.038368,100
434,293,16.739250,0.088368,100
434,294,16.739250,0.138368,100
435,293,16.789250,0.088368,100
116,392,0.839250,5.038369,100
116,393,0.839250,5.088369,100
117,392,0.889250,5.038369,100
318,346,10.939250,2.738369,100
318,347,10.939250,2.788369,100
318,348,10.939250,2.838369,100
319,347,10.989250,2.788369,100
310,222,10.539250,-3.461632,100
311,221,10.589250,-3.511632,100
311,222,10.589250,-3.461632,100
311,223,10.589250,-3.411632,100
312,222,10.639250,-3.461632,100
222,338,6.139250,2.338369,100
223,337,6.189250,2.288369,100
223,338,6.189250,2.338369,100
223,339,6.189250,2.388369,100
224,338,6.239250,2.338369,100
496,349,19.839250,2.888369,100
497,348,19.889250,2.838369,100
497,349,19.889250,2.888369,100
497,350,19.889250,2.938369,100
498,349,19.939250,2.888369,100
128,331,1.439250,1.988369,100
129,330,1.489250,1.938369,100
129,331,1.489250,1.988369,100
129,332,1.489250,2.038369,100
130,331,1.539250,1.988369,100
442,378,17.139250,4.338369,100
443,377,17.189250,4.288369,100
443,378,17.189250,4.338369,100
443,379,17.189250,4.388369,100
444,378,17.239250,4.338369,100
337,176,11.889250,-5.761632,100
338,175,11.939250,-5.811632,100
338,176,11.939250,-5.761632,100
338,177,11.939250,-5.711632,100
339,176,11.989250,-5.761632,100
125,405,1.289250,5.688369,100
126,404,1.339250,5.638369,100
126,405,1.339250,5.688369,100
126,406,1.339250,5.738369,100
127,405,1.389250,5.688369,100
298,513,9.939250,11.088369,100
299,512,9.989250,11.038369,100
299,513,9.989250,11.088369,100
299,514,9.989250,11.138369,100
300,513,10.039250,11.088369,100
252,217,7.639250,-3.711632,100
253,216,7.689250,-3.761632,100
253,217,7.689250,-3.711632,100
253,218,7.689250,-3.661632,100
254,217,7.739250,-3.711632,100
331,510,11.589250,10.938369,100
332,509,11.639250,10.888369,100
332,510,11.639250,10.938369,100
332,511,11.639250,10.988369,100
333,510,11.689250,10.938369,100
437,299,16.889250,0.388368,100
438,298,16.939250,0.338368,100
438,299,16.939250,0.388368,100
438,300,16.939250,0.438368,100
439,299,16.989250,0.388368,100
159,434,2.989250,7.138369,100
160,433,3.039250,7.088369,100
160,434,3.039250,7.138369,100
160,435,3.039250,7.188369,100
161,434,3.089250,7.138369,100
413,436,15.689250,7.238369,100
414,435,15.739250,7.188369,100
414,436,15.739250,7.238369,100
414,437,15.739250,7.288369,100
415,436,15.789250,7.238369,100
347,225,12.389250,-3.311632,100
348,224,12.439250,-3.361632,100
348,225,12.439250,-3.311632,100
348,226,12.439250,-3.261632,100
349,225,12.489250,-3.311632,100
254,218,7.739250,-3.661632,100
254,219,7.739250,-3.611632,100
255,218,7.789250,-3.661632,100
184,347,4.239250,2.788369,100
185,346,4.289250,2.738369,100
185,347,4.289250,2.788369,100
185,348,4.289250,2.838369,100
186,347,4.339250,2.788369,100
170,449,3.539250,7.888369,100
171,448,3.589250,7.838369,100
171,449,3.589250,7.888369,100
171,450,3.589250,7.938369,100
172,449,3.639250,7.888369,100
439,308,16.989250,0.838368,100
440,307,17.039250,0.788368,100
440,308,17.039250,0.838368,100
440,309,17.039250,0.888368,100
441,308,17.089250,0.838368,100
339,175,11.989250,-5.811632,100
339,177,11.989250,-5.711632,100
340,176,12.039250,-5.761632,100
433,185,16.689250,-5.311632,100
434,184,16.739250,-5.361632,100
434,185,16.739250,-5.311632,100
434,186,16.739250,-5.261632,100
435,185,16.789250,-5.311632,100
355,494,12.789250,10.138369,100
356,493,12.839250,10.088369,100
356,494,12.839250,10.138369,100
356,495,12.839250,10.188369,100
357,494,12.889250,10.138369,100
431,224,16.589250,-3.361632,100
432,223,16.639250,-3.411632,100
432,224,16.639250,-3.361632,100
432,225,16.639250,-3.311632,100
433,224,16.689250,-3.361632,100
233,505,6.689250,10.688369,100
234,504,6.739250,10.638369,100
234,505,6.739250,10.688369,100
234,506,6.739250,10.738369,100
313,348,10.689250,2.838369,100
314,347,10.739250,2.788369,100
314,348,10.739250,2.838369,100
314,349,10.739250,2.888369,100
315,348,10.789250,2.838369,100
261,158,8.089250,-6.661632,100
262,157,8.139250,-6.711632,100
262,158,8.139250,-6.661632,100
262,159,8.139250,-6.611632,100
263,158,8.189250,-6.661632,100
349,226,12.489250,-3.261632,100
349,227,12.489250,-3.211632,100
350,226,12.539250,-3.261632,100
447,348,17.389250,2.838369,100
448,347,17.439250,2.788369,100
448,348,17.439250,2.838369,100
448,349,17.439250,2.888369,100
449,348,17.489250,2.838369,100
165,370,3.289250,3.938369,100
166,369,3.339250,3.888369,100
166,370,3.339250,3.938369,100
166,371,3.339250,3.988369,100
167,370,3.389250,3.938369,100
493,315,19.689250,1.188368,100
494,314,19.739250,1.138368,100
494,315,19.739250,1.188368,100
494,316,19.739250,1.238368,100
495,315,19.789250,1.188368,100
151,435,2.589250,7.188369,100
152,434,2.639250,7.138369,100
152,435,2.639250,7.188369,100
152,436,2.639250,7.238369,100
153,435,2.689250,7.188369,100
441,309,17.089250,0.888368,100
441,310,17.089250,0.938368,100
442,309,17.139250,0.888368,100
435,229,16.789250,-3.111632,100
435,230,16.789250,-3.061632,100
436,229,16.839250,-3.111632,100
238,174,6.939250,-5.861632,100
239,173,6.989250,-5.911632,100
239,174,6.989250,-5.861632,100
239,175,6.989250,-5.811632,100
240,174,7.039250,-5.861632,100
195,478,4.789250,9.338369,100
196,477,4.839250,9.288369,100
196,478,4.839250,9.338369,100
196,479,4.839250,9.388369,100
197,478,4.889250,9.338369,100
290,221,9.539250,-3.511632,100
291,220,9.589250,-3.561632,100
291,221,9.589250,-3.511632,100
291,222,9.589250,-3.461632,100
364,170,13.239250,-6.061632,100
365,169,13.289250,-6.111632,100
365,170,13.289250,-6.061632,100
365,171,13.289250,-6.011632,100
366,170,13.339250,-6.061632,100
496,326,19.839250,1.738369,100
497,325,19.889250,1.688369,100
497,326,19.889250,1.738369,100
497,327,19.889250,1.788369,100
498,326,19.939250,1.738369,100
415,435,15.789250,7.188369,100
415,437,15.789250,7.288369,100
416,436,15.839250,7.238369,100
436,230,16.839250,-3.061632,100
436,231,16.839250,-3.011632,100
437,230,16.889250,-3.061632,100
382,75,14.139250,-10.811632,100
383,74,14.189250,-10.861632,100
383,75,14.189250,-10.811632,100
383,76,14.189250,-10.761632,100
384,75,14.239250,-10.811632,100
351,496,12.589250,10.238369,100
352,495,12.639250,10.188369,100
352,496,12.639250,10.238369,100
352,497,12.639250,10.288369,100
353,496,12.689250,10.238369,100
393,462,14.689250,8.538369,100
394,461,14.739250,8.488369,100
394,462,14.739250,8.538369,100
394,463,14.739250,8.588369,100
395,462,14.789250,8.538369,100
64,323,-1.760750,1.588369,100
65,322,-1.710750,1.538369,100
65,323,-1.710750,1.588369,100
65,324,-1.710750,1.638369,100
66,323,-1.660750,1.588369,100
240,175,7.039250,-5.811632,100
240,176,7.039250,-5.761632,100
241,175,7.089250,-5.811632,100
155,441,2.789250,7.488369,100
156,440,2.839250,7.438369,100
156,441,2.839250,7.488369,100
156,442,2.839250,7.538369,100
157,441,2.889250,7.488369,100
228,511,6.439250,10.988369,100
229,510,6.489250,10.938369,100
229,511,6.489250,10.988369,100
229,512,6.489250,11.038369,100
230,511,6.539250,10.988369,100
207,488,5.389250,9.838369,100
208,487,5.439250,9.788369,100
208,488,5.439250,9.838369,100
208,489,5.439250,9.888369,100
209,488,5.489250,9.838369,100
443,319,17.189250,1.388369,100
444,318,17.239250,1.338369,100
444,319,17.239250,1.388369,100
444,320,17.239250,1.438369,100
445,319,17.289250,1.388369,100
180,354,4.039250,3.138369,100
181,353,4.089250,3.088369,100
181,354,4.089250,3.138369,100
181,355,4.089250,3.188369,100
182,354,4.139250,3.138369,100
320,514,11.039250,11.138369,100
321,513,11.089250,11.088369,100
321,514,11.089250,11.138369,100
321,515,11.089250,11.188369,100
312,510,10.639250,10.938369,100
313,509,10.689250,10.888369,100
313,510,10.689250,10.938369,100
313,511,10.689250,10.988369,100
314,510,10.739250,10.938369,100
446,361,17.339250,3.488369,100
447,360,17.389250,3.438369,100
447,361,17.389250,3.488369,100
447,362,17.389250,3.538369,100
448,361,17.439250,3.488369,100
197,477,4.889250,9.288369,100
197,479,4.889250,9.388369,100
198,478,4.939250,9.338369,100
298,346,9.939250,2.738369,100
299,345,9.989250,2.688369,100
299,346,9.989250,2.738369,100
299,347,9.989250,2.788369,100
300,346,10.039250,2.738369,100
70,339,-1.460750,2.388369,100
71,338,-1.410750,2.338369,100
71,339,-1.410750,2.388369,100
71,340,-1.410750,2.438369,100
72,339,-1.360750,2.388369,100
399,249,14.989250,-2.111632,100
400,248,15.039250,-2.161632,100
400,249,15.039250,-2.111632,100
400,250,15.039250,-2.061632,100
401,249,15.089250,-2.111632,100
270,513,8.539250,11.088369,100
271,512,8.589250,11.038369,100
271,513,8.589250,11.088369,100
271,514,8.589250,11.138369,100
272,513,8.639250,11.088369,100
343,497,12.189250,10.288369,100
344,496,12.239250,10.238369,100
344,497,12.239250,10.288369,100
344,498,12.239250,10.338369,100
345,497,12.289250,10.288369,100
374,76,13.739250,-10.761632,100
375,75,13.789250,-10.811632,100
375,76,13.789250,-10.761632,100
375,77,13.789250,-10.711632,100
376,76,13.839250,-10.761632,100
393,89,14.689250,-10.111632,100
394,88,14.739250,-10.161632,100
394,89,14.739250,-10.111632,100
394,90,14.739250,-10.061632,100
395,89,14.789250,-10.111632,100
281,522,9.089250,11.538369,100
282,521,9.139250,11.488369,100
282,522,9.139250,11.538369,100
282,523,9.139250,11.588369,100
283,522,9.189250,11.538369,100
161,377,3.089250,4.288369,100
162,376,3.139250,4.238369,100
162,377,3.139250,4.288369,100
162,378,3.139250,4.338369,100
163,377,3.189250,4.288369,100
152,408,2.639250,5.838369,100
153,407,2.689250,5.788369,100
153,408,2.689250,5.838369,100
153,409,2.689250,5.888369,100
154,408,2.739250,5.838369,100
464,269,18.239250,-1.111632,100
464,270,18.239250,-1.061632,100
464,271,18.239250,-1.011632,100
465,270,18.289250,-1.061632,100
275,219,8.789250,-3.611632,100
276,218,8.839250,-3.661632,100
276,219,8.839250,-3.611632,100
276,220,8.839250,-3.561632,100
280,148,9.039250,-7.161632,100
281,147,9.089250,-7.211632,100
281,148,9.089250,-7.161632,100
281,149,9.089250,-7.111632,100
282,148,9.139250,-7.161632,100
474,279,18.739250,-0.611632,100
475,278,18.789250,-0.661632,100
475,279,18.789250,-0.611632,100
475,280,18.789250,-0.561632,100
476,279,18.839250,-0.611632,100
401,250,15.089250,-2.061632,100
401,251,15.089250,-2.011632,100
402,250,15.139250,-2.061632,100
202,494,5.139250,10.138369,100
203,493,5.189250,10.088369,100
203,494,5.189250,10.138369,100
203,495,5.189250,10.188369,100
204,494,5.239250,10.138369,100
316,516,10.839250,11.238369,100
317,515,10.889250,11.188369,100
317,516,10.889250,11.238369,100
317,517,10.889250,11.288369,100
318,516,10.939250,11.238369,100
221,507,6.089250,10.788369,100
222,506,6.139250,10.738369,100
222,507,6.139250,10.788369,100
222,508,6.139250,10.838369,100
223,507,6.189250,10.788369,100
437,397,16.889250,5.288369,100
438,396,16.939250,5.238369,100
438,397,16.939250,5.288369,100
438,398,16.939250,5.338369,100
439,397,16.989250,5.288369,100
390,465,14.539250,8.688369,100
391,464,14.589250,8.638369,100
391,465,14.589250,8.688369,100
391,466,14.589250,8.738369,100
392,465,14.639250,8.688369,100
491,368,19.589250,3.838369,100
492,367,19.639250,3.788369,100
492,368,19.639250,3.838369,100
492,369,19.639250,3.888369,100
493,368,19.689250,3.838369,100
311,172,10.589250,-5.961632,100
312,171,10.639250,-6.011632,100
312,172,10.639250,-5.961632,100
312,173,10.639250,-5.911632,100
313,172,10.689250,-5.961632,100
352,173,12.639250,-5.911632,100
353,172,12.689250,-5.961632,100
353,173,12.689250,-5.911632,100
353,174,12.689250,-5.861632,100
354,173,12.739250,-5.911632,100
339,499,11.989250,10.388369,100
340,498,12.039250,10.338369,100
340,499,12.039250,10.388369,100
340,500,12.039250,10.438369,100
341,499,12.089250,10.388369,100
146,333,2.339250,2.088369,100
147,332,2.389250,2.038369,100
147,333,2.389250,2.088369,100
147,334,2.389250,2.138369,100
148,333,2.439250,2.088369,100
321,222,11.089250,-3.461632,100
322,221,11.139250,-3.511632,100
322,222,11.139250,-3.461632,100
322,223,11.139250,-3.411632,100
323,222,11.189250,-3.461632,100
207,200,5.389250,-4.561632,100
208,199,5.439250,-4.611632,100
208,200,5.439250,-4.561632,100
208,201,5.439250,-4.511632,100
209,200,5.489250,-4.561632,100
282,149,9.139250,-7.111632,100
282,150,9.139250,-7.061632,100
283,149,9.189250,-7.111632,100
476,280,18.839250,-0.561632,100
476,281,18.839250,-0.511632,100
477,280,18.889250,-0.561632,100
204,496,5.239250,10.238369,100
425,279,16.289250,-0.611632,100
426,278,16.339250,-0.661632,100
426,279,16.339250,-0.611632,100
426,280,16.339250,-0.561632,100
427,279,16.389250,-0.611632,100
155,418,2.789250,6.338369,100
156,417,2.839250,6.288369,100
156,418,2.839250,6.338369,100
156,419,2.839250,6.388369,100
157,418,2.889250,6.338369,100
156,383,2.839250,4.588369,100
157,382,2.889250,4.538369,100
157,383,2.889250,4.588369,100
157,384,2.889250,4.638369,100
158,383,2.939250,4.588369,100
485,293,19.289250,0.088368,100
486,292,19.339250,0.038368,100
486,293,19.339250,0.088368,100
486,294,19.339250,0.138368,100
487,293,19.389250,0.088368,100
392,102,14.639250,-9.461632,100
393,101,14.689250,-9.511632,100
393,102,14.689250,-9.461632,100
393,103,14.689250,-9.411632,100
394,102,14.739250,-9.461632,100
496,339,19.839250,2.388369,100
497,338,19.889250,2.338369,100
497,339,19.889250,2.388369,100
497,340,19.889250,2.438369,100
498,339,19.939250,2.388369,100
376,157,13.839250,-6.711632,100
377,156,13.889250,-6.761632,100
377,157,13.889250,-6.711632,100
377,158,13.889250,-6.661632,100
378,157,13.939250,-6.711632,100
422,124,16.139250,-8.361632,100
423,123,16.189250,-8.411632,100
423,124,16.189250,-8.361632,100
423,125,16.189250,-8.311632,100
424,124,16.239250,-8.361632,100
428,433,16.439250,7.088369,100
429,432,16.489250,7.038369,100
429,433,16.489250,7.088369,100
429,434,16.489250,7.138369,100
430,433,16.539250,7.088369,100
301,512,10.089250,11.038369,100
301,513,10.089250,11.088369,100
301,514,10.089250,11.138369,100
302,513,10.139250,11.088369,100
192,485,4.639250,9.688369,100
193,484,4.689250,9.638369,100
193,486,4.689250,9.738369,100
420,429,16.039250,6.888369,100
421,428,16.089250,6.838369,100
421,429,16.089250,6.888369,100
421,430,16.089250,6.938369,100
422,429,16.139250,6.888369,100
428,204,16.439250,-4.361632,100
429,203,16.489250,-4.411632,100
429,205,16.489250,-4.311632,100
171,362,3.589250,3.538369,100
172,361,3.639250,3.488369,100
172,362,3.639250,3.538369,100
172,363,3.639250,3.588369,100
173,362,3.689250,3.538369,100
158,429,2.939250,6.888369,100
159,428,2.989250,6.838369,100
159,429,2.989250,6.888369,100
159,430,2.989250,6.938369,100
160,429,3.039250,6.888369,100
446,338,17.339250,2.338369,100
447,337,17.389250,2.288369,100
447,338,17.389250,2.338369,100
447,339,17.389250,2.388369,100
448,338,17.439250,2.338369,100
218,214,5.939250,-3.861632,100
219,213,5.989250,-3.911632,100
219,214,5.989250,-3.861632,100
219,215,5.989250,-3.811632,100
220,214,6.039250,-3.861632,100
81,325,-0.910750,1.688369,100
82,324,-0.860750,1.638369,100
82,325,-0.860750,1.688369,100
82,326,-0.860750,1.738369,100
83,325,-0.810750,1.688369,100
429,285,16.489250,-0.311632,100
430,284,16.539250,-0.361632,100
430,285,16.539250,-0.311632,100
430,286,16.539250,-0.261632,100
431,285,16.589250,-0.311632,100
430,213,16.539250,-3.911632,100
431,212,16.589250,-3.961632,100
431,213,16.589250,-3.911632,100
431,214,16.589250,-3.861632,100
432,213,16.639250,-3.911632,100
259,511,7.989250,10.988369,100
260,510,8.039250,10.938369,100
260,511,8.039250,10.988369,100
260,512,8.039250,11.038369,100
261,511,8.089250,10.988369,100
358,490,12.939250,9.938369,100
359,489,12.989250,9.888369,100
359,490,12.989250,9.938369,100
359,491,12.989250,9.988369,100
360,490,13.039250,9.938369,100
487,375,19.389250,4.188369,100
488,374,19.439250,4.138369,100
488,375,19.439250,4.188369,100
488,376,19.439250,4.238369,100
489,375,19.489250,4.188369,100
433,404,16.689250,5.638369,100
434,403,16.739250,5.588369,100
434,404,16.739250,5.638369,100
434,405,16.739250,5.688369,100
435,404,16.789250,5.638369,100
378,468,13.939250,8.838369,100
379,467,13.989250,8.788369,100
379,468,13.989250,8.838369,100
379,469,13.989250,8.888369,100
380,468,14.039250,8.838369,100
304,519,10.239250,11.388369,100
305,518,10.289250,11.338369,100
305,519,10.289250,11.388369,100
305,520,10.289250,11.438369,100
271,342,8.589250,2.538369,100
272,341,8.639250,2.488369,100
272,342,8.639250,2.538369,100
272,343,8.639250,2.588369,100
273,342,8.689250,2.538369,100
246,169,7.339250,-6.111632,100
247,168,7.389250,-6.161632,100
247,169,7.389250,-6.111632,100
247,170,7.389250,-6.061632,100
248,169,7.439250,-6.111632,100
341,175,12.089250,-5.811632,100
341,176,12.089250,-5.761632,100
341,177,12.089250,-5.711632,100
342,176,12.139250,-5.761632,100
83,326,-0.810750,1.738369,100
83,327,-0.810750,1.788369,100
335,506,11.789250,10.738369,100
336,505,11.839250,10.688369,100
336,506,11.839250,10.738369,100
336,507,11.839250,10.788369,100
337,506,11.889250,10.738369,100
492,310,19.639250,0.938368,100
493,309,19.689250,0.888368,100
493,310,19.689250,0.938368,100
493,311,19.689250,0.988368,100
494,310,19.739250,0.938368,100
351,225,12.589250,-3.311632,100
351,226,12.589250,-3.261632,100
351,227,12.589250,-3.211632,100
352,226,12.639250,-3.261632,100
132,412,1.639250,6.038369,100
133,411,1.689250,5.988369,100
133,412,1.689250,6.038369,100
133,413,1.689250,6.088369,100
134,412,1.739250,6.038369,100
342,177,12.139250,-5.711632,100
342,178,12.139250,-5.661632,100
177,334,3.889250,2.138369,100
178,333,3.939250,2.088369,100
178,335,3.939250,2.188369,100
243,508,7.189250,10.838369,100
244,507,7.239250,10.788369,100
244,508,7.239250,10.838369,100
244,509,7.239250,10.888369,100
245,508,7.289250,10.838369,100
235,504,6.789250,10.638369,100
236,503,6.839250,10.588369,100
237,504,6.889250,10.638369,100
155,395,2.789250,5.188369,100
156,394,2.839250,5.138369,100
157,395,2.889250,5.188369,100
296,520,9.839250,11.438369,100
297,519,9.889250,11.388369,100
298,520,9.939250,11.438369,100
221,340,6.089250,2.438369,100
222,339,6.139250,2.388369,100
222,340,6.139250,2.438369,100
222,341,6.139250,2.488369,100
223,340,6.189250,2.438369,100
256,218,7.839250,-3.661632,100
257,217,7.889250,-3.711632,100
257,218,7.889250,-3.661632,100
257,219,7.889250,-3.611632,100
258,218,7.939250,-3.661632,100
119,329,0.989250,1.888369,100
120,328,1.039250,1.838369,100
121,329,1.089250,1.888369,100
67,322,-1.610750,1.538369,100
68,323,-1.560750,1.588369,100
245,509,7.289250,10.888369,100
245,510,7.289250,10.938369,100
246,509,7.339250,10.888369,100
136,418,1.839250,6.338369,100
137,417,1.889250,6.288369,100
137,418,1.889250,6.338369,100
137,419,1.889250,6.388369,100
138,418,1.939250,6.338369,100
237,506,6.889250,10.738369,100
228,501,6.439250,10.488369,100
229,500,6.489250,10.438369,100
230,501,6.539250,10.488369,100
219,190,5.989250,-5.061632,100
219,192,5.989250,-4.961632,100
220,191,6.039250,-5.011632,100
242,170,7.139250,-6.061632,100
243,169,7.189250,-6.111632,100
243,170,7.189250,-6.061632,100
243,171,7.189250,-6.011632,100
244,170,7.239250,-6.061632,100
263,342,8.189250,2.538369,100
264,341,8.239250,2.488369,100
265,342,8.289250,2.538369,100
214,337,5.739250,2.288369,100
215,336,5.789250,2.238369,100
215,337,5.789250,2.288369,100
215,338,5.789250,2.338369,100
216,337,5.839250,2.288369,100
483,382,19.189250,4.538369,100
484,381,19.239250,4.488369,100
484,382,19.239250,4.538369,100
484,383,19.239250,4.588369,100
485,382,19.289250,4.538369,100
121,331,1.089250,1.988369,100
122,330,1.139250,1.938369,100
382,150,14.139250,-7.061632,100
383,149,14.189250,-7.111632,100
383,150,14.189250,-7.061632,100
383,151,14.189250,-7.011632,100
384,150,14.239250,-7.061632,100
294,220,9.739250,-3.561632,100
294,222,9.739250,-3.461632,100
295,221,9.789250,-3.511632,100
398,457,14.939250,8.288369,100
398,458,14.939250,8.338369,100
399,458,14.989250,8.338369,100
230,503,6.539250,10.588369,100
366,62,13.339250,-11.461632,100
367,61,13.389250,-11.511632,100
445,355,17.289250,3.188369,100
446,354,17.339250,3.138369,100
447,355,17.389250,3.188369,100
377,71,13.889250,-11.011632,100
378,70,13.939250,-11.061632,100
378,71,13.939250,-11.011632,100
378,72,13.939250,-10.961632,100
379,71,13.989250,-11.011632,100
432,190,16.639250,-5.061632,100
433,191,16.689250,-5.011632,100
292,521,9.639250,11.488369,100
293,520,9.689250,11.438369,100
293,521,9.689250,11.488369,100
293,522,9.689250,11.538369,100
294,521,9.739250,11.488369,100
214,193,5.739250,-4.911632,100
215,192,5.789250,-4.961632,100
216,193,5.839250,-4.911632,100
240,514,7.039250,11.138369,100
240,516,7.039250,11.238369,100
241,515,7.089250,11.188369,100
321,176,11.089250,-5.761632,100
322,175,11.139250,-5.811632,100
322,176,11.139250,-5.761632,100
322,177,11.139250,-5.711632,100
339,224,11.989250,-3.361632,100
340,223,12.039250,-3.411632,100
340,224,12.039250,-3.361632,100
340,225,12.039250,-3.311632,100
341,224,12.089250,-3.361632,100
206,338,5.339250,2.338369,100
207,337,5.389250,2.288369,100
208,338,5.439250,2.338369,100
202,484,5.139250,9.638369,100
203,483,5.189250,9.588369,100
203,484,5.189250,9.638369,100
203,485,5.189250,9.688369,100
204,484,5.239250,9.638369,100
368,64,13.439250,-11.361632,100
221,497,6.089250,10.288369,100
222,496,6.139250,10.238369,100
222,497,6.139250,10.288369,100
222,498,6.139250,10.338369,100
223,497,6.189250,10.288369,100
478,388,18.939250,4.838369,100
479,387,18.989250,4.788369,100
480,388,19.039250,4.838369,100
379,72,13.989250,-10.961632,100
379,73,13.989250,-10.911632,100
380,72,14.039250,-10.961632,100
444,246,17.239250,-2.261632,100
445,245,17.289250,-2.311632,100
445,246,17.289250,-2.261632,100
445,247,17.289250,-2.211632,100
446,246,17.339250,-2.261632,100
369,481,13.489250,9.488369,100
370,480,13.539250,9.438369,100
370,481,13.539250,9.488369,100
370,482,13.539250,9.538369,100
371,481,13.589250,9.488369,100
252,341,7.639250,2.488369,100
253,340,7.689250,2.438369,100
253,341,7.689250,2.488369,100
253,342,7.689250,2.538369,100
254,341,7.739250,2.488369,100
233,511,6.689250,10.988369,100
233,513,6.689250,11.088369,100
234,512,6.739250,11.038369,100
318,515,10.939250,11.188369,100
319,514,10.989250,11.138369,100
319,515,10.989250,11.188369,100
319,516,10.989250,11.238369,100
320,515,11.039250,11.188369,100
225,507,6.289250,10.788369,100
226,508,6.339250,10.838369,100
216,504,5.839250,10.638369,100
217,503,5.889250,10.588369,100
217,504,5.889250,10.638369,100
217,505,5.889250,10.688369,100
218,504,5.939250,10.638369,100
284,522,9.239250,11.538369,100
285,521,9.289250,11.488369,100
285,522,9.289250,11.538369,100
285,523,9.289250,11.588369,100
286,522,9.339250,11.538369,100
202,340,5.139250,2.438369,100
203,339,5.189250,2.388369,100
203,340,5.189250,2.438369,100
203,341,5.189250,2.488369,100
204,340,5.239250,2.438369,100
446,247,17.339250,-2.211632,100
446,248,17.339250,-2.161632,100
437,426,16.889250,6.738369,100
437,428,16.889250,6.838369,100
438,427,16.939250,6.788369,100
403,101,15.189250,-9.511632,100
404,100,15.239250,-9.561632,100
404,101,15.239250,-9.511632,100
404,102,15.239250,-9.461632,100
405,101,15.289250,-9.511632,100
174,461,3.739250,8.488369,100
174,463,3.739250,8.588369,100
175,462,3.789250,8.538369,100
396,245,14.839250,-2.311632,100
397,246,14.889250,-2.261632,100
226,510,6.339250,10.938369,100
227,509,6.389250,10.888369,100
197,490,4.889250,9.938369,100
198,489,4.939250,9.888369,100
198,490,4.939250,9.938369,100
198,491,4.939250,9.988369,100
199,490,4.989250,9.938369,100
385,461,14.289250,8.488369,100
386,460,14.339250,8.438369,100
386,461,14.339250,8.488369,100
386,462,14.339250,8.538369,100
387,461,14.389250,8.488369,100
176,467,3.839250,8.788369,100
177,466,3.889250,8.738369,100
177,467,3.889250,8.788369,100
177,468,3.889250,8.838369,100
178,467,3.939250,8.788369,100
406,255,15.339250,-1.811632,100
407,254,15.389250,-1.861632,100
407,255,15.389250,-1.811632,100
407,256,15.389250,-1.761632,100
408,255,15.439250,-1.811632,100
387,242,14.389250,-2.461632,100
388,241,14.439250,-2.511632,100
388,242,14.439250,-2.461632,100
388,243,14.439250,-2.411632,100
455,260,17.789250,-1.561632,100
456,259,17.839250,-1.611632,100
456,260,17.839250,-1.561632,100
456,261,17.839250,-1.511632,100
457,260,17.889250,-1.561632,100
244,342,7.239250,2.538369,100
245,341,7.289250,2.488369,100
245,342,7.289250,2.538369,100
245,343,7.289250,2.588369,100
246,342,7.339250,2.538369,100
444,367,17.239250,3.788369,100
445,366,17.289250,3.738369,100
446,367,17.339250,3.788369,100
379,158,13.989250,-6.661632,100
380,157,14.039250,-6.711632,100
380,158,14.039250,-6.661632,100
380,159,14.039250,-6.611632,100
381,158,14.089250,-6.661632,100
262,510,8.139250,10.938369,100
262,511,8.139250,10.988369,100
262,512,8.139250,11.038369,100
263,511,8.189250,10.988369,100
100,328,0.039250,1.838369,100
101,327,0.089250,1.788369,100
101,328,0.089250,1.838369,100
101,329,0.089250,1.888369,100
102,328,0.139250,1.838369,100
443,322,17.189250,1.538369,100
444,321,17.239250,1.488369,100
444,323,17.239250,1.588369,100
199,491,4.989250,9.988369,100
199,492,4.989250,10.038369,100
200,491,5.039250,9.988369,100
218,503,5.939250,10.588369,100
218,505,5.939250,10.688369,100
219,504,5.989250,10.638369,100
209,500,5.489250,10.438369,100
210,499,5.539250,10.388369,100
210,500,5.539250,10.438369,100
210,501,5.539250,10.488369,100
211,500,5.589250,10.438369,100
446,369,17.339250,3.888369,100
447,368,17.389250,3.838369,100
352,175,12.639250,-5.811632,100
352,176,12.639250,-5.761632,100
353,175,12.689250,-5.811632,100
238,338,6.939250,2.338369,100
238,340,6.939250,2.438369,100
239,339,6.989250,2.388369,100
263,512,8.189250,11.038369,100
263,513,8.189250,11.088369,100
484,296,19.239250,0.238368,100
485,295,19.289250,0.188368,100
485,296,19.289250,0.238368,100
485,297,19.289250,0.288368,100
334,500,11.739250,10.438369,100
335,499,11.789250,10.388369,100
336,500,11.839250,10.438369,100
380,238,14.039250,-2.661632,100
381,237,14.089250,-2.711632,100
381,238,14.089250,-2.661632,100
381,239,14.089250,-2.611632,100
382,238,14.139250,-2.661632,100
180,333,4.039250,2.088369,100
180,335,4.039250,2.188369,100
181,334,4.089250,2.138369,100
388,99,14.439250,-9.611632,100
389,98,14.489250,-9.661632,100
389,99,14.489250,-9.611632,100
389,100,14.489250,-9.561632,100
390,99,14.539250,-9.611632,100
440,144,17.039250,-7.361632,100
440,145,17.039250,-7.311632,100
441,144,17.089250,-7.361632,100
155,385,2.789250,4.688369,100
156,384,2.839250,4.638369,100
156,385,2.839250,4.688369,100
156,386,2.839250,4.738369,100
157,385,2.889250,4.688369,100
470,397,18.539250,5.288369,100
471,396,18.589250,5.238369,100
471,397,18.589250,5.288369,100
471,398,18.589250,5.338369,100
308,518,10.439250,11.338369,100
308,520,10.439250,11.438369,100
309,519,10.489250,11.388369,100
429,216,16.489250,-3.761632,100
430,215,16.539250,-3.811632,100
431,216,16.589250,-3.761632,100
233,341,6.689250,2.488369,100
234,340,6.739250,2.438369,100
234,341,6.739250,2.488369,100
234,342,6.739250,2.538369,100
427,435,16.389250,7.188369,100
428,434,16.439250,7.138369,100
428,435,16.439250,7.188369,100
428,436,16.439250,7.238369,100
429,435,16.489250,7.188369,100
138,332,1.939250,2.038369,100
139,331,1.989250,1.988369,100
139,332,1.989250,2.038369,100
139,333,1.989250,2.088369,100
140,332,2.039250,2.038369,100
86,325,-0.660750,1.688369,100
86,327,-0.660750,1.788369,100
87,326,-0.610750,1.738369,100
339,505,11.989250,10.688369,100
339,506,11.989250,10.738369,100
340,506,12.039250,10.738369,100
330,502,11.539250,10.538369,100
331,501,11.589250,10.488369,100
331,502,11.589250,10.538369,100
331,503,11.589250,10.588369,100
332,502,11.639250,10.538369,100
441,145,17.089250,-7.311632,100
441,146,17.089250,-7.261632,100
442,145,17.139250,-7.311632,100
304,221,10.239250,-3.511632,100
305,220,10.289250,-3.561632,100
472,398,18.639250,5.338369,100
472,399,18.639250,5.388369,100
370,166,13.539250,-6.261632,100
371,165,13.589250,-6.311632,100
371,166,13.589250,-6.261632,100
371,167,13.589250,-6.211632,100
372,166,13.639250,-6.261632,100
354,487,12.739250,9.788369,100
355,486,12.789250,9.738369,100
355,487,12.789250,9.788369,100
355,488,12.789250,9.838369,100
276,342,8.839250,2.538369,100
276,344,8.839250,2.638369,100
391,109,14.589250,-9.111632,100
392,108,14.639250,-9.161632,100
393,109,14.689250,-9.111632,100
181,333,4.089250,2.088369,100
181,335,4.089250,2.188369,100
182,334,4.139250,2.138369,100
436,294,16.839250,0.138368,100
436,296,16.839250,0.238368,100
437,295,16.889250,0.188368,100
158,432,2.939250,7.038369,100
159,432,2.989250,7.038369,100
159,433,2.989250,7.088369,100
117,394,0.889250,5.138369,100
118,393,0.939250,5.088369,100
118,394,0.939250,5.138369,100
118,395,0.939250,5.188369,100
119,394,0.989250,5.138369,100
432,406,16.639250,5.738369,100
433,405,16.689250,5.688369,100
433,406,16.689250,5.738369,100
433,407,16.689250,5.788369,100
434,406,16.739250,5.738369,100
486,377,19.339250,4.288369,100
487,376,19.389250,4.238369,100
487,377,19.389250,4.288369,100
487,378,19.389250,4.338369,100
488,377,19.439250,4.288369,100
394,114,14.739250,-8.861632,100
395,113,14.789250,-8.911632,100
395,114,14.789250,-8.861632,100
395,115,14.789250,-8.811632,100
396,114,14.839250,-8.861632,100
446,161,17.339250,-6.511632,100
447,160,17.389250,-6.561632,100
445,345,17.289250,2.688369,100
446,344,17.339250,2.638369,100
447,345,17.389250,2.688369,100
122,329,1.139250,1.888369,100
123,328,1.189250,1.838369,100
123,329,1.189250,1.888369,100
123,330,1.189250,1.938369,100
124,329,1.239250,1.888369,100
211,212,5.589250,-3.961632,100
211,214,5.589250,-3.861632,100
212,213,5.639250,-3.911632,100
431,215,16.589250,-3.811632,100
432,216,16.639250,-3.761632,100
222,187,6.139250,-5.211632,100
223,186,6.189250,-5.261632,100
223,187,6.189250,-5.211632,100
223,188,6.189250,-5.161632,100
224,187,6.239250,-5.211632,100
437,296,16.889250,0.238368,100
437,297,16.889250,0.288368,100
438,296,16.939250,0.238368,100
186,350,4.339250,2.938369,100
187,349,4.389250,2.888369,100
187,350,4.389250,2.938369,100
187,351,4.389250,2.988369,100
188,350,4.439250,2.938369,100
396,115,14.839250,-8.811632,100
396,116,14.839250,-8.761632,100
397,115,14.889250,-8.811632,100
392,455,14.639250,8.188369,100
393,454,14.689250,8.138369,100
394,455,14.739250,8.188369,100
313,345,10.689250,2.688369,100
313,347,10.689250,2.788369,100
433,227,16.689250,-3.211632,100
434,226,16.739250,-3.261632,100
435,227,16.789250,-3.211632,100
492,313,19.639250,1.088368,100
493,313,19.689250,1.088368,100
493,314,19.689250,1.138368,100
349,493,12.489250,10.088369,100
350,493,12.539250,10.088369,100
350,494,12.539250,10.138369,100
444,419,17.239250,6.388369,100
444,420,17.239250,6.438369,100
445,420,17.289250,6.438369,100
342,225,12.139250,-3.311632,100
343,224,12.189250,-3.361632,100
343,225,12.189250,-3.311632,100
343,226,12.189250,-3.261632,100
153,438,2.689250,7.338369,100
154,437,2.739250,7.288369,100
155,438,2.789250,7.338369,100
247,216,7.389250,-3.761632,100
248,215,7.439250,-3.811632,100
248,216,7.439250,-3.761632,100
248,217,7.439250,-3.711632,100
249,216,7.489250,-3.761632,100
173,450,3.689250,7.938369,100
173,452,3.689250,8.038369,100
174,451,3.739250,7.988369,100
195,209,4.789250,-4.111632,100
195,211,4.789250,-4.011632,100
196,210,4.839250,-4.061632,100
260,155,8.039250,-6.811632,100
261,154,8.089250,-6.861632,100
261,155,8.089250,-6.811632,100
261,156,8.089250,-6.761632,100
262,155,8.139250,-6.811632,100
219,337,5.989250,2.288369,100
219,339,5.989250,2.388369,100
216,494,5.839250,10.138369,100
217,493,5.889250,10.088369,100
217,494,5.889250,10.138369,100
217,495,5.889250,10.188369,100
218,494,5.939250,10.138369,100
155,398,2.789250,5.338369,100
156,398,2.839250,5.338369,100
156,399,2.839250,5.388369,100
157,398,2.889250,5.338369,100
437,233,16.889250,-2.911632,100
438,232,16.939250,-2.961632,100
438,233,16.939250,-2.911632,100
438,234,16.939250,-2.861632,100
439,233,16.989250,-2.911632,100
325,175,11.289250,-5.811632,100
155,440,2.789250,7.438369,100
156,439,2.839250,7.388369,100
327,510,11.389250,10.938369,100
328,509,11.439250,10.888369,100
328,511,11.439250,10.988369,100
394,454,14.739250,8.138369,100
395,455,14.789250,8.188369,100
494,358,19.739250,3.338369,100
495,358,19.789250,3.338369,100
495,359,19.789250,3.388369,100
496,358,19.839250,3.338369,100
197,480,4.889250,9.438369,100
198,479,4.939250,9.388369,100
198,480,4.939250,9.438369,100
198,481,4.939250,9.488369,100
199,480,4.989250,9.438369,100
440,387,17.039250,4.788369,100
441,387,17.089250,4.788369,100
441,388,17.089250,4.838369,100
442,387,17.139250,4.788369,100
157,444,2.889250,7.638369,100
158,444,2.939250,7.638369,100
158,445,2.939250,7.688369,100
159,444,2.989250,7.638369,100
495,323,19.789250,1.588369,100
496,323,19.839250,1.588369,100
496,324,19.839250,1.638369,100
497,323,19.889250,1.588369,100
442,168,17.139250,-6.161632,100
443,167,17.189250,-6.211632,100
443,168,17.189250,-6.161632,100
443,169,17.189250,-6.111632,100
444,168,17.239250,-6.161632,100
256,340,7.839250,2.438369,100
256,341,7.839250,2.488369,100
257,341,7.889250,2.488369,100
280,514,9.039250,11.138369,100
281,513,9.089250,11.088369,100
281,514,9.089250,11.138369,100
281,515,9.089250,11.188369,100
282,514,9.139250,11.138369,100
391,122,14.589250,-8.461632,100
392,122,14.639250,-8.461632,100
392,123,14.639250,-8.411632,100
393,122,14.689250,-8.461632,100
199,481,4.989250,9.488369,100
199,482,4.989250,9.538369,100
200,481,5.039250,9.488369,100
394,127,14.739250,-8.211632,100
395,127,14.789250,-8.211632,100
395,128,14.789250,-8.161632,100
396,127,14.839250,-8.211632,100
205,340,5.289250,2.438369,100
206,340,5.339250,2.438369,100
206,341,5.339250,2.488369,100
334,225,11.739250,-3.311632,100
335,224,11.789250,-3.361632,100
335,225,11.789250,-3.311632,100
335,226,11.789250,-3.261632,100
336,225,11.839250,-3.311632,100
345,500,12.289250,10.438369,100
346,500,12.339250,10.438369,100
346,501,12.339250,10.488369,100
197,336,4.889250,2.238369,100
198,335,4.939250,2.188369,100
199,336,4.989250,2.238369,100
365,478,13.289250,9.338369,100
366,477,13.339250,9.288369,100
367,478,13.389250,9.338369,100
285,220,9.289250,-3.561632,100
286,219,9.339250,-3.611632,100
286,220,9.339250,-3.561632,100
286,221,9.339250,-3.511632,100
287,220,9.389250,-3.561632,100
445,358,17.289250,3.338369,100
446,359,17.339250,3.388369,100
366,65,13.339250,-11.311632,100
367,65,13.389250,-11.311632,100
367,66,13.389250,-11.261632,100
451,252,17.589250,-1.961632,100
452,251,17.639250,-2.011632,100
452,252,17.639250,-1.961632,100
452,253,17.639250,-1.911632,100
453,252,17.689250,-1.961632,100
477,390,18.889250,4.938369,100
478,390,18.939250,4.938369,100
478,391,18.939250,4.988369,100
368,483,13.439250,9.588369,100
369,482,13.489250,9.538369,100
369,483,13.489250,9.588369,100
369,484,13.489250,9.638369,100
370,483,13.539250,9.588369,100
175,354,3.789250,3.138369,100
176,353,3.839250,3.088369,100
176,354,3.839250,3.138369,100
176,355,3.839250,3.188369,100
177,354,3.889250,3.138369,100
391,241,14.589250,-2.511632,100
392,242,14.639250,-2.461632,100
434,428,16.739250,6.838369,100
257,161,7.889250,-6.511632,100
257,163,7.889250,-6.411632,100
258,162,7.939250,-6.461632,100
72,341,-1.360750,2.488369,100
73,340,-1.310750,2.438369,100
73,341,-1.310750,2.488369,100
73,342,-1.310750,2.538369,100
74,341,-1.260750,2.488369,100
212,501,5.639250,10.488369,100
213,500,5.689250,10.438369,100
213,501,5.689250,10.488369,100
213,502,5.689250,10.538369,100
214,501,5.739250,10.488369,100
403,251,15.189250,-2.011632,100
376,78,13.839250,-10.661632,100
377,77,13.889250,-10.711632,100
377,78,13.889250,-10.661632,100
377,79,13.889250,-10.611632,100
378,78,13.939250,-10.661632,100
292,344,9.639250,2.638369,100
293,343,9.689250,2.588369,100
293,344,9.689250,2.638369,100
293,345,9.689250,2.688369,100
294,344,9.739250,2.638369,100
347,501,12.389250,10.488369,100
347,502,12.389250,10.538369,100
348,501,12.439250,10.488369,100
199,338,4.989250,2.338369,100
200,337,5.039250,2.288369,100
413,262,15.689250,-1.461632,100
414,261,15.739250,-1.511632,100
414,262,15.739250,-1.461632,100
414,263,15.739250,-1.411632,100
415,262,15.789250,-1.461632,100
412,446,15.639250,7.738369,100
413,445,15.689250,7.688369,100
413,447,15.689250,7.788369,100
420,121,16.039250,-8.511632,100
421,120,16.089250,-8.561632,100
421,121,16.089250,-8.511632,100
421,122,16.089250,-8.461632,100
422,121,16.139250,-8.511632,100
399,98,14.989250,-9.661632,100
400,98,15.039250,-9.661632,100
400,99,15.039250,-9.611632,100
479,391,18.989250,4.988369,100
479,392,18.989250,5.038369,100
480,391,19.039250,4.988369,100
465,272,18.289250,-0.961632,100
466,271,18.339250,-1.011632,100
467,272,18.389250,-0.961632,100
392,244,14.639250,-2.361632,100
393,243,14.689250,-2.411632,100
283,152,9.189250,-6.961632,100
284,152,9.239250,-6.961632,100
284,153,9.239250,-6.911632,100
285,152,9.289250,-6.961632,100
384,238,14.239250,-2.661632,100
384,240,14.239250,-2.561632,100
74,343,-1.260750,2.588369,100
403,253,15.189250,-1.911632,100
404,252,15.239250,-1.961632,100
375,235,13.789250,-2.811632,100
376,234,13.839250,-2.861632,100
376,235,13.839250,-2.811632,100
376,236,13.839250,-2.761632,100
229,181,6.489250,-5.511632,100
230,180,6.539250,-5.561632,100
230,181,6.539250,-5.511632,100
230,182,6.539250,-5.461632,100
294,161,9.739250,-6.511632,100
295,160,9.789250,-6.561632,100
295,161,9.789250,-6.511632,100
295,162,9.789250,-6.461632,100
296,161,9.839250,-6.511632,100
389,133,14.489250,-7.911632,100
429,206,16.489250,-4.261632,100
431,206,16.589250,-4.261632,100
266,511,8.339250,10.988369,100
266,513,8.339250,11.088369,100
384,463,14.239250,8.588369,100
385,462,14.289250,8.538369,100
385,463,14.289250,8.588369,100
385,464,14.289250,8.638369,100
386,463,14.339250,8.588369,100
422,122,16.139250,-8.461632,100
422,123,16.139250,-8.411632,100
423,122,16.189250,-8.461632,100
409,111,15.489250,-9.011632,100
410,110,15.539250,-9.061632,100
410,111,15.539250,-9.011632,100
410,112,15.539250,-8.961632,100
411,111,15.589250,-9.011632,100
477,282,18.889250,-0.461632,100
478,281,18.939250,-0.511632,100
478,282,18.939250,-0.461632,100
478,283,18.939250,-0.411632,100
479,282,18.989250,-0.461632,100
141,333,2.089250,2.088369,100
142,333,2.139250,2.088369,100
142,334,2.139250,2.138369,100
425,275,16.289250,-0.811632,100
425,277,16.289250,-0.711632,100
426,276,16.339250,-0.761632,100
271,217,8.589250,-3.711632,100
271,219,8.589250,-3.611632,100
272,218,8.639250,-3.661632,100
450,414,17.539250,6.138369,100
451,413,17.589250,6.088369,100
451,414,17.589250,6.138369,100
451,415,17.589250,6.188369,100
391,99,14.589250,-9.611632,100
392,98,14.639250,-9.661632,100
393,99,14.689250,-9.611632,100
205,497,5.289250,10.288369,100
206,496,5.339250,10.238369,100
206,497,5.339250,10.288369,100
206,498,5.339250,10.338369,100
207,497,5.389250,10.288369,100
193,343,4.689250,2.588369,100
194,343,4.739250,2.588369,100
194,344,4.739250,2.638369,100
98,371,-0.060750,3.988369,100
99,370,-0.010750,3.938369,100
99,371,-0.010750,3.988369,100
99,372,-0.010750,4.038369,100
100,371,0.039250,3.988369,100
427,281,16.389250,-0.511632,100
428,280,16.439250,-0.561632,100
428,281,16.439250,-0.511632,100
428,282,16.439250,-0.461632,100
429,281,16.489250,-0.511632,100
411,112,15.589250,-8.961632,100
411,113,15.589250,-8.911632,100
412,112,15.639250,-8.961632,100
444,370,17.239250,3.938369,100
445,370,17.289250,3.938369,100
445,371,17.289250,3.988369,100
446,370,17.339250,3.938369,100
445,335,17.289250,2.188369,100
446,335,17.339250,2.188369,100
446,336,17.339250,2.238369,100
447,335,17.389250,2.188369,100
237,342,6.889250,2.538369,100
377,234,13.889250,-2.861632,100
377,236,13.889250,-2.761632,100
368,231,13.439250,-3.011632,100
369,230,13.489250,-3.061632,100
369,231,13.489250,-3.011632,100
369,232,13.489250,-2.961632,100
370,231,13.539250,-3.011632,100
435,405,16.789250,5.688369,100
435,406,16.789250,5.738369,100
436,405,16.839250,5.688369,100
201,203,5.089250,-4.411632,100
202,202,5.139250,-4.461632,100
202,203,5.139250,-4.411632,100
202,204,5.139250,-4.361632,100
203,203,5.189250,-4.411632,100
401,450,15.089250,7.938369,100
178,336,3.939250,2.238369,100
179,336,3.989250,2.238369,100
179,337,3.989250,2.288369,100
180,336,4.039250,2.238369,100
403,454,15.189250,8.138369,100
404,453,15.239250,8.088369,100
404,454,15.239250,8.138369,100
404,455,15.239250,8.188369,100
405,454,15.289250,8.138369,100
109,385,0.489250,4.688369,100
110,384,0.539250,4.638369,100
110,385,0.539250,4.688369,100
110,386,0.539250,4.738369,100
111,385,0.589250,4.688369,100
273,344,8.689250,2.638369,100
274,344,8.739250,2.638369,100
274,345,8.739250,2.688369,100
180,337,4.039250,2.288369,100
180,338,4.039250,2.338369,100
181,337,4.089250,2.288369,100
221,337,6.089250,2.288369,100
221,339,6.089250,2.388369,100
309,221,10.489250,-3.511632,100
309,223,10.489250,-3.411632,100
251,216,7.589250,-3.761632,100
251,218,7.589250,-3.661632,100
330,509,11.539250,10.888369,100
441,422,17.089250,6.538369,100
216,340,5.839250,2.438369,100
217,340,5.889250,2.438369,100
217,341,5.889250,2.488369,100
218,340,5.939250,2.438369,100
346,224,12.339250,-3.361632,100
346,226,12.339250,-3.261632,100
162,369,3.139250,3.888369,100
163,368,3.189250,3.838369,100
164,369,3.239250,3.888369,100
167,447,3.389250,7.788369,100
168,447,3.439250,7.788369,100
168,448,3.439250,7.838369,100
221,189,6.089250,-5.111632,100
222,188,6.139250,-5.161632,100
222,189,6.139250,-5.111632,100
222,190,6.139250,-5.061632,100
223,189,6.189250,-5.111632,100
391,112,14.589250,-8.961632,100
392,112,14.639250,-8.961632,100
392,113,14.639250,-8.911632,100
393,112,14.689250,-8.961632,100
138,420,1.939250,6.438369,100
139,419,1.989250,6.388369,100
139,420,1.989250,6.438369,100
139,421,1.989250,6.488369,100
140,420,2.039250,6.438369,100
238,507,6.939250,10.788369,100
239,507,6.989250,10.788369,100
239,508,6.989250,10.838369,100
240,507,7.039250,10.788369,100
353,494,12.689250,10.138369,100
354,493,12.739250,10.088369,100
354,494,12.739250,10.138369,100
354,495,12.739250,10.188369,100
361,169,13.089250,-6.111632,100
362,168,13.139250,-6.161632,100
362,169,13.139250,-6.111632,100
362,170,13.139250,-6.061632,100
363,169,13.189250,-6.111632,100
311,348,10.589250,2.838369,100
312,348,10.639250,2.838369,100
312,349,10.639250,2.888369,100
328,175,11.439250,-5.811632,100
329,176,11.489250,-5.761632,100
347,226,12.389250,-3.261632,100
347,227,12.389250,-3.211632,100
252,216,7.639250,-3.761632,100
252,218,7.639250,-3.661632,100
163,333,3.189250,2.088369,100
164,332,3.239250,2.038369,100
164,333,3.239250,2.088369,100
164,334,3.239250,2.138369,100
165,333,3.289250,2.088369,100
377,477,13.889250,9.288369,100
378,477,13.939250,9.288369,100
384,152,14.239250,-6.961632,100
169,448,3.489250,7.838369,100
169,449,3.489250,7.888369,100
170,448,3.539250,7.838369,100
323,505,11.189250,10.688369,100
323,506,11.189250,10.738369,100
324,506,11.239250,10.738369,100
441,314,17.089250,1.138368,100
442,314,17.139250,1.138368,100
442,315,17.139250,1.188368,100
443,314,17.189250,1.138368,100
376,68,13.839250,-11.161632,100
377,67,13.889250,-11.211632,100
377,68,13.889250,-11.161632,100
377,69,13.889250,-11.111632,100
378,68,13.939250,-11.161632,100
231,504,6.589250,10.638369,100
232,504,6.639250,10.638369,100
232,505,6.639250,10.688369,100
233,504,6.689250,10.638369,100
204,487,5.239250,9.788369,100
205,487,5.289250,9.788369,100
205,488,5.289250,9.838369,100
206,487,5.339250,9.788369,100
193,212,4.689250,-3.961632,100
194,212,4.739250,-3.961632,100
194,213,4.739250,-3.911632,100
195,212,4.789250,-3.961632,100
223,500,6.189250,10.438369,100
224,500,6.239250,10.438369,100
224,501,6.239250,10.488369,100
225,500,6.289250,10.438369,100
446,249,17.339250,-2.111632,100
447,248,17.389250,-2.161632,100
447,249,17.389250,-2.111632,100
447,250,17.389250,-2.061632,100
448,249,17.439250,-2.111632,100
287,521,9.389250,11.488369,100
288,520,9.439250,11.438369,100
288,521,9.439250,11.488369,100
288,522,9.439250,11.538369,100
289,521,9.489250,11.488369,100
174,464,3.739250,8.638369,100
175,463,3.789250,8.588369,100
175,464,3.789250,8.638369,100
175,465,3.789250,8.688369,100
176,464,3.839250,8.638369,100
154,406,2.739250,5.738369,100
155,406,2.789250,5.738369,100
155,407,2.789250,5.788369,100
156,406,2.839250,5.738369,100
159,335,2.989250,2.188369,100
160,335,3.039250,2.188369,100
160,336,3.039250,2.238369,100
161,335,3.089250,2.188369,100
348,500,12.439250,10.438369,100
349,500,12.489250,10.438369,100
349,501,12.489250,10.488369,100
350,500,12.539250,10.438369,100
289,219,9.489250,-3.611632,100
289,220,9.489250,-3.561632,100
290,220,9.539250,-3.561632,100
107,328,0.389250,1.838369,100
107,330,0.389250,1.938369,100
108,329,0.439250,1.888369,100
415,444,15.789250,7.638369,100
415,445,15.789250,7.688369,100
416,445,15.839250,7.688369,100
493,360,19.689250,3.438369,100
494,359,19.739250,3.388369,100
494,360,19.739250,3.438369,100
494,361,19.739250,3.488369,100
495,360,19.789250,3.438369,100
439,389,16.989250,4.888369,100
440,388,17.039250,4.838369,100
440,389,17.039250,4.888369,100
440,390,17.039250,4.938369,100
441,389,17.089250,4.888369,100
429,196,16.489250,-4.761632,100
430,196,16.539250,-4.761632,100
430,197,16.539250,-4.711632,100
431,196,16.589250,-4.761632,100
158,376,2.939250,4.238369,100
159,375,2.989250,4.188369,100
160,376,3.039250,4.238369,100
380,74,14.039250,-10.861632,100
381,73,14.089250,-10.911632,100
381,74,14.089250,-10.861632,100
381,75,14.089250,-10.811632,100
382,74,14.139250,-10.861632,100
64,332,-1.760750,2.038369,100
65,331,-1.710750,1.988369,100
65,332,-1.710750,2.038369,100
65,333,-1.710750,2.088369,100
66,332,-1.660750,2.038369,100
325,224,11.289250,-3.361632,100
326,223,11.339250,-3.411632,100
326,224,11.339250,-3.361632,100
326,225,11.339250,-3.311632,100
327,224,11.389250,-3.361632,100
363,479,13.189250,9.388369,100
364,478,13.239250,9.338369,100
364,479,13.239250,9.388369,100
364,480,13.239250,9.438369,100
444,324,17.239250,1.638369,100
446,324,17.339250,1.638369,100
176,465,3.839250,8.688369,100
176,466,3.839250,8.738369,100
177,465,3.889250,8.688369,100
297,345,9.889250,2.688369,100
297,347,9.889250,2.788369,100
208,496,5.439250,10.238369,100
209,497,5.489250,10.288369,100
201,337,5.089250,2.288369,100
202,336,5.139250,2.238369,100
202,337,5.139250,2.288369,100
202,338,5.139250,2.338369,100
203,337,5.189250,2.288369,100
227,510,6.389250,10.938369,100
227,511,6.389250,10.988369,100
228,510,6.439250,10.938369,100
152,332,2.639250,2.038369,100
153,331,2.689250,1.988369,100
153,332,2.689250,2.038369,100
153,333,2.689250,2.088369,100
154,332,2.739250,2.038369,100
408,258,15.439250,-1.661632,100
409,257,15.489250,-1.711632,100
409,258,15.489250,-1.661632,100
409,259,15.489250,-1.611632,100
410,258,15.539250,-1.661632,100
316,175,10.839250,-5.811632,100
317,174,10.889250,-5.861632,100
317,175,10.889250,-5.811632,100
317,176,10.889250,-5.761632,100
318,175,10.939250,-5.811632,100
407,442,15.389250,7.538369,100
408,441,15.439250,7.488369,100
408,442,15.439250,7.538369,100
408,443,15.439250,7.588369,100
409,442,15.489250,7.538369,100
280,521,9.039250,11.488369,100
280,523,9.039250,11.588369,100
468,272,18.439250,-0.961632,100
469,271,18.489250,-1.011632,100
469,272,18.489250,-0.961632,100
469,273,18.489250,-0.911632,100
470,272,18.539250,-0.961632,100
365,480,13.289250,9.438369,100
365,481,13.289250,9.488369,100
286,152,9.339250,-6.961632,100
287,151,9.389250,-7.011632,100
287,152,9.389250,-6.961632,100
287,153,9.389250,-6.911632,100
288,152,9.439250,-6.961632,100
278,148,8.939250,-7.161632,100
279,147,8.989250,-7.211632,100
279,148,8.989250,-7.161632,100
279,149,8.989250,-7.111632,100
209,499,5.489250,10.388369,100
210,498,5.539250,10.338369,100
397,248,14.889250,-2.161632,100
398,247,14.939250,-2.211632,100
398,248,14.939250,-2.161632,100
398,249,14.939250,-2.111632,100
399,248,14.989250,-2.161632,100
470,273,18.539250,-0.911632,100
470,274,18.539250,-0.861632,100
471,273,18.589250,-0.911632,100
461,269,18.089250,-1.111632,100
462,268,18.139250,-1.161632,100
463,269,18.189250,-1.111632,100
327,223,11.389250,-3.411632,100
327,225,11.389250,-3.311632,100
328,224,11.439250,-3.361632,100
240,340,7.039250,2.438369,100
337,499,11.889250,10.388369,100
338,498,11.939250,10.338369,100
338,499,11.939250,10.388369,100
338,500,11.939250,10.438369,100
145,334,2.289250,2.138369,100
280,149,9.039250,-7.111632,100
280,150,9.039250,-7.061632,100
91,361,-0.410750,3.488369,100
92,362,-0.360750,3.538369,100
380,235,14.039250,-2.811632,100
380,237,14.039250,-2.711632,100
381,236,14.089250,-2.761632,100
394,134,14.739250,-7.861632,100
395,134,14.789250,-7.861632,100
423,422,16.189250,6.538369,100
424,421,16.239250,6.488369,100
424,422,16.239250,6.538369,100
424,423,16.239250,6.588369,100
425,422,16.289250,6.538369,100
399,250,14.989250,-2.061632,100
372,231,13.639250,-3.011632,100
372,233,13.639250,-2.911632,100
373,232,13.689250,-2.961632,100
306,511,10.339250,10.988369,100
307,510,10.389250,10.938369,100
307,511,10.389250,10.988369,100
307,512,10.389250,11.038369,100
308,511,10.439250,10.988369,100
153,418,2.689250,6.338369,100
154,418,2.739250,6.338369,100
154,419,2.739250,6.388369,100
268,219,8.439250,-3.611632,100
269,219,8.489250,-3.611632,100
269,220,8.489250,-3.561632,100
228,183,6.439250,-5.411632,100
229,182,6.489250,-5.461632,100
229,183,6.489250,-5.411632,100
229,184,6.489250,-5.361632,100
230,183,6.539250,-5.411632,100
483,293,19.189250,0.088368,100
240,342,7.039250,2.538369,100
241,341,7.089250,2.488369,100
441,147,17.089250,-7.211632,100
442,146,17.139250,-7.261632,100
442,147,17.139250,-7.211632,100
442,148,17.139250,-7.161632,100
443,147,17.189250,-7.211632,100
157,388,2.889250,4.838369,100
158,388,2.939250,4.838369,100
158,389,2.939250,4.888369,100
159,388,2.989250,4.838369,100
486,298,19.339250,0.338368,100
420,124,16.039250,-8.361632,100
421,123,16.089250,-8.411632,100
421,124,16.089250,-8.361632,100
421,125,16.089250,-8.311632,100
384,472,14.239250,9.038369,100
385,471,14.289250,8.988369,100
94,368,-0.260750,3.838369,100
95,368,-0.210750,3.838369,100
95,369,-0.210750,3.888369,100
96,368,-0.160750,3.838369,100
389,136,14.489250,-7.761632,100
390,136,14.539250,-7.761632,100
390,137,14.539250,-7.711632,100
391,136,14.589250,-7.761632,100
496,348,19.839250,2.838369,100
497,347,19.889250,2.788369,100
498,348,19.939250,2.838369,100
430,137,16.539250,-7.711632,100
431,136,16.589250,-7.761632,100
431,137,16.589250,-7.711632,100
431,138,16.589250,-7.661632,100
432,137,16.639250,-7.711632,100
443,148,17.189250,-7.161632,100
443,149,17.189250,-7.111632,100
444,148,17.239250,-7.161632,100
200,206,5.039250,-4.261632,100
201,205,5.089250,-4.311632,100
201,206,5.089250,-4.261632,100
201,207,5.089250,-4.211632,100
202,206,5.139250,-4.261632,100
298,512,9.939250,11.038369,100
299,511,9.989250,10.988369,100
300,512,10.039250,11.038369,100
266,151,8.339250,-7.011632,100
267,150,8.389250,-7.061632,100
267,151,8.389250,-7.011632,100
267,152,8.389250,-6.961632,100
268,151,8.439250,-7.011632,100
170,363,3.539250,3.588369,100
171,363,3.589250,3.588369,100
171,364,3.589250,3.638369,100
277,344,8.889250,2.638369,100
277,345,8.889250,2.688369,100
432,138,16.639250,-7.661632,100
432,139,16.639250,-7.611632,100
433,138,16.689250,-7.661632,100
161,433,3.089250,7.088369,100
193,346,4.689250,2.738369,100
194,345,4.739250,2.688369,100
194,346,4.739250,2.738369,100
194,347,4.739250,2.788369,100
195,346,4.789250,2.738369,100
119,397,0.989250,5.288369,100
120,396,1.039250,5.238369,100
120,397,1.039250,5.288369,100
120,398,1.039250,5.338369,100
121,397,1.089250,5.288369,100
259,520,7.989250,11.438369,100
260,519,8.039250,11.388369,100
260,520,8.039250,11.438369,100
260,521,8.039250,11.488369,100
261,520,8.089250,11.438369,100
419,429,15.989250,6.888369,100
420,428,16.039250,6.838369,100
420,430,16.039250,6.938369,100
254,216,7.739250,-3.761632,100
255,217,7.789250,-3.711632,100
433,184,16.689250,-5.361632,100
434,183,16.739250,-5.411632,100
435,184,16.789250,-5.361632,100
161,435,3.089250,7.188369,100
162,434,3.139250,7.138369,100
241,508,7.089250,10.838369,100
242,507,7.139250,10.788369,100
242,508,7.139250,10.838369,100
242,509,7.139250,10.888369,100
444,377,17.239250,4.288369,100
445,377,17.289250,4.288369,100
490,309,19.539250,0.888368,100
491,309,19.589250,0.888368,100
491,310,19.589250,0.938368,100
492,309,19.639250,0.888368,100
153,395,2.689250,5.188369,100
154,395,2.739250,5.188369,100
154,396,2.739250,5.238369,100
219,340,5.989250,2.438369,100
220,340,6.039250,2.438369,100
220,341,6.039250,2.488369,100
447,347,17.389250,2.788369,100
448,346,17.439250,2.738369,100
449,347,17.489250,2.788369,100
349,224,12.489250,-3.361632,100
350,225,12.539250,-3.311632,100
495,314,19.789250,1.138368,100
186,346,4.339250,2.738369,100
186,348,4.339250,2.838369,100
187,347,4.389250,2.788369,100
130,411,1.539250,5.988369,100
131,410,1.589250,5.938369,100
131,411,1.589250,5.988369,100
131,412,1.589250,6.038369,100
132,411,1.639250,5.988369,100
371,474,13.589250,9.138369,100
372,473,13.639250,9.088369,100
372,474,13.639250,9.138369,100
372,475,13.639250,9.188369,100
373,474,13.689250,9.138369,100
174,454,3.739250,8.138369,100
175,453,3.789250,8.088369,100
175,454,3.789250,8.138369,100
175,455,3.789250,8.188369,100
176,454,3.839250,8.138369,100
429,415,16.489250,6.188369,100
430,414,16.539250,6.138369,100
430,415,16.539250,6.188369,100
430,416,16.539250,6.238369,100
431,415,16.589250,6.188369,100
315,349,10.789250,2.888369,100
415,434,15.789250,7.138369,100
416,435,15.839250,7.188369,100
495,316,19.789250,1.238368,100
496,315,19.839250,1.188368,100
212,337,5.639250,2.288369,100
213,336,5.689250,2.238369,100
213,337,5.689250,2.288369,100
213,338,5.689250,2.338369,100
157,440,2.889250,7.438369,100
176,455,3.839250,8.188369,100
176,456,3.839250,8.238369,100
177,455,3.889250,8.188369,100
292,220,9.639250,-3.561632,100
292,222,9.639250,-3.461632,100
181,349,4.089250,2.888369,100
182,348,4.139250,2.838369,100
182,349,4.139250,2.888369,100
182,350,4.139250,2.938369,100
183,349,4.189250,2.888369,100
235,503,6.789250,10.588369,100
196,212,4.839250,-3.961632,100
197,211,4.889250,-4.011632,100
197,212,4.889250,-3.961632,100
197,213,4.889250,-3.911632,100
198,212,4.939250,-3.961632,100
226,500,6.339250,10.438369,100
227,499,6.389250,10.388369,100
227,500,6.389250,10.438369,100
227,501,6.389250,10.488369,100
228,500,6.439250,10.438369,100
446,360,17.339250,3.438369,100
448,360,17.439250,3.438369,100
290,521,9.539250,11.488369,100
291,520,9.589250,11.438369,100
291,521,9.589250,11.488369,100
291,522,9.589250,11.538369,100
418,441,15.939250,7.488369,100
419,440,15.989250,7.438369,100
419,441,15.989250,7.488369,100
419,442,15.989250,7.538369,100
420,441,16.039250,7.488369,100
318,174,10.939250,-5.861632,100
319,173,10.989250,-5.911632,100
319,174,10.989250,-5.861632,100
319,175,10.989250,-5.811632,100
320,174,11.039250,-5.861632,100
337,224,11.889250,-3.361632,100
338,223,11.939250,-3.411632,100
338,224,11.939250,-3.361632,100
338,225,11.939250,-3.311632,100
249,340,7.489250,2.438369,100
250,339,7.539250,2.388369,100
250,340,7.539250,2.438369,100
250,341,7.539250,2.488369,100
251,340,7.589250,2.438369,100
230,510,6.539250,10.938369,100
230,512,6.539250,11.038369,100
231,511,6.589250,10.988369,100
109,329,0.489250,1.888369,100
110,328,0.539250,1.838369,100
110,329,0.539250,1.888369,100
110,330,0.539250,1.938369,100
111,329,0.589250,1.888369,100
159,446,2.989250,7.738369,100
160,445,3.039250,7.688369,100
160,446,3.039250,7.738369,100
160,447,3.039250,7.788369,100
161,446,3.089250,7.738369,100
235,176,6.789250,-5.761632,100
236,176,6.839250,-5.761632,100
236,177,6.839250,-5.711632,100
161,376,3.089250,4.238369,100
162,375,3.139250,4.188369,100
163,376,3.189250,4.238369,100
450,250,17.539250,-2.061632,100
451,249,17.589250,-2.111632,100
451,250,17.589250,-2.061632,100
451,251,17.589250,-2.011632,100
452,250,17.639250,-2.061632,100
152,407,2.639250,5.788369,100
154,407,2.739250,5.788369,100
426,421,16.339250,6.488369,100
426,422,16.339250,6.538369,100
426,423,16.339250,6.588369,100
427,422,16.389250,6.538369,100
320,175,11.039250,-5.811632,100
320,176,11.039250,-5.761632,100
321,175,11.089250,-5.811632,100
251,341,7.589250,2.488369,100
251,342,7.589250,2.538369,100
316,515,10.839250,11.188369,100
317,514,10.889250,11.138369,100
155,332,2.789250,2.038369,100
156,331,2.839250,1.988369,100
156,332,2.839250,2.038369,100
156,333,2.839250,2.088369,100
157,332,2.889250,2.038369,100
390,464,14.539250,8.638369,100
491,367,19.589250,3.788369,100
74,344,-1.260750,2.638369,100
75,344,-1.210750,2.638369,100
75,345,-1.210750,2.688369,100
76,344,-1.160750,2.638369,100
283,521,9.189250,11.488369,100
283,523,9.189250,11.588369,100
456,409,17.839250,5.888369,100
457,409,17.889250,5.888369,100
457,410,17.889250,5.938369,100
397,94,14.889250,-9.861632,100
398,93,14.939250,-9.911632,100
398,94,14.939250,-9.861632,100
398,95,14.939250,-9.811632,100
399,94,14.989250,-9.861632,100
200,340,5.039250,2.438369,100
201,339,5.089250,2.388369,100
201,340,5.089250,2.438369,100
201,341,5.089250,2.488369,100
339,498,11.989250,10.338369,100
234,216,6.739250,-3.761632,100
235,215,6.789250,-3.811632,100
235,216,6.789250,-3.761632,100
235,217,6.789250,-3.711632,100
236,216,6.839250,-3.761632,100
467,275,18.389250,-0.811632,100
468,274,18.439250,-0.861632,100
468,275,18.439250,-0.811632,100
468,276,18.439250,-0.761632,100
469,275,18.489250,-0.811632,100
72,337,-1.360750,2.288369,100
72,338,-1.360750,2.338369,100
73,338,-1.310750,2.338369,100
177,356,3.889250,3.238369,100
178,355,3.939250,3.188369,100
178,356,3.939250,3.238369,100
178,357,3.939250,3.288369,100
179,356,3.989250,3.238369,100
204,493,5.239250,10.088369,100
231,510,6.589250,10.938369,100
223,506,6.189250,10.738369,100
318,517,10.939250,11.288369,100
354,172,12.739250,-5.961632,100
214,503,5.739250,10.588369,100
215,502,5.789250,10.538369,100
215,503,5.789250,10.588369,100
215,504,5.789250,10.638369,100
216,503,5.839250,10.588369,100
458,410,17.939250,5.938369,100
458,411,17.939250,5.988369,100
459,410,17.989250,5.938369,100
379,82,13.989250,-10.461632,100
380,81,14.039250,-10.511632,100
380,82,14.039250,-10.461632,100
380,83,14.039250,-10.411632,100
381,82,14.089250,-10.461632,100
399,95,14.989250,-9.811632,100
415,264,15.789250,-1.361632,100
416,263,15.839250,-1.411632,100
416,264,15.839250,-1.361632,100
416,265,15.839250,-1.311632,100
417,264,15.889250,-1.361632,100
287,344,9.389250,2.638369,100
288,343,9.439250,2.588369,100
288,344,9.439250,2.638369,100
288,345,9.439250,2.688369,100
289,344,9.489250,2.638369,100
496,338,19.839250,2.338369,100
498,338,19.939250,2.338369,100
283,148,9.189250,-7.161632,100
98,328,-0.060750,1.838369,100
99,327,-0.010750,1.788369,100
99,328,-0.010750,1.838369,100
99,329,-0.010750,1.888369,100
406,444,15.339250,7.638369,100
407,443,15.389250,7.588369,100
407,444,15.389250,7.638369,100
407,445,15.389250,7.688369,100
408,444,15.439250,7.638369,100
192,484,4.639250,9.638369,100
193,483,4.689250,9.588369,100
428,203,16.439250,-4.411632,100
401,100,15.089250,-9.561632,100
402,100,15.139250,-9.561632,100
402,101,15.139250,-9.511632,100
403,100,15.189250,-9.561632,100
393,245,14.689250,-2.311632,100
394,244,14.739250,-2.361632,100
394,245,14.739250,-2.311632,100
285,154,9.289250,-6.861632,100
286,153,9.339250,-6.911632,100
286,154,9.339250,-6.861632,100
286,155,9.339250,-6.811632,100
287,154,9.389250,-6.861632,100
479,285,18.989250,-0.311632,100
480,284,19.039250,-0.361632,100
480,285,19.039250,-0.311632,100
480,286,19.039250,-0.261632,100
481,285,19.089250,-0.311632,100
309,511,10.489250,10.988369,100
310,510,10.539250,10.938369,100
310,511,10.539250,10.988369,100
310,512,10.539250,11.038369,100
311,511,10.589250,10.988369,100
444,327,17.239250,1.788369,100
445,327,17.289250,1.788369,100
445,328,17.289250,1.838369,100
446,327,17.339250,1.788369,100
392,137,14.639250,-7.711632,100
393,137,14.689250,-7.711632,100
393,138,14.689250,-7.661632,100
394,137,14.739250,-7.711632,100
429,284,16.489250,-0.361632,100
430,283,16.539250,-0.411632,100
431,284,16.589250,-0.361632,100
271,521,8.589250,11.488369,100
272,520,8.639250,11.438369,100
272,521,8.639250,11.488369,100
272,522,8.639250,11.538369,100
273,521,8.689250,11.488369,100
487,374,19.389250,4.138369,100
279,345,8.989250,2.688369,100
280,344,9.039250,2.638369,100
280,345,9.039250,2.688369,100
280,346,9.039250,2.738369,100
281,345,9.089250,2.688369,100
378,467,13.939250,8.788369,100
204,202,5.239250,-4.461632,100
205,201,5.289250,-4.511632,100
205,202,5.289250,-4.461632,100
205,203,5.289250,-4.411632,100
206,202,5.339250,-4.461632,100
100,373,0.039250,4.088369,100
101,372,0.089250,4.038369,100
101,373,0.089250,4.088369,100
101,374,0.089250,4.138369,100
102,373,0.139250,4.088369,100
261,510,8.089250,10.938369,100
261,512,8.089250,11.038369,100
302,511,10.139250,10.988369,100
302,512,10.139250,11.038369,100
303,512,10.189250,11.038369,100
489,376,19.489250,4.238369,100
490,375,19.539250,4.188369,100
111,388,0.589250,4.838369,100
112,387,0.639250,4.788369,100
112,388,0.639250,4.838369,100
425,435,16.289250,7.188369,100
426,434,16.339250,7.138369,100
426,435,16.339250,7.188369,100
426,436,16.339250,7.238369,100
342,175,12.139250,-5.811632,100
343,176,12.189250,-5.761632,100
84,325,-0.760750,1.688369,100
84,327,-0.760750,1.788369,100
389,103,14.489250,-9.411632,100
390,103,14.539250,-9.411632,100
390,104,14.539250,-9.361632,100
391,103,14.589250,-9.411632,100
360,488,13.039250,9.838369,100
360,489,13.039250,9.888369,100
361,489,13.089250,9.888369,100
245,507,7.289250,10.788369,100
246,508,7.339250,10.838369,100
169,365,3.489250,3.688369,100
170,364,3.539250,3.638369,100
170,365,3.539250,3.688369,100
170,366,3.539250,3.738369,100
171,365,3.589250,3.688369,100
136,417,1.839250,6.288369,100
137,416,1.889250,6.238369,100
138,417,1.939250,6.288369,100
263,521,8.189250,11.488369,100
264,520,8.239250,11.438369,100
264,521,8.239250,11.488369,100
264,522,8.239250,11.538369,100
265,521,8.289250,11.488369,100
223,341,6.189250,2.488369,100
224,340,6.239250,2.438369,100
442,380,17.139250,4.438369,100
443,380,17.189250,4.438369,100
443,381,17.189250,4.488369,100
444,380,17.239250,4.438369,100
208,213,5.439250,-3.911632,100
209,212,5.489250,-3.961632,100
209,214,5.489250,-3.861632,100
121,328,1.089250,1.838369,100
483,381,19.189250,4.488369,100
484,380,19.239250,4.438369,100
485,381,19.289250,4.488369,100
368,165,13.439250,-6.311632,100
369,164,13.489250,-6.361632,100
369,165,13.489250,-6.311632,100
369,166,13.489250,-6.261632,100
370,165,13.539250,-6.311632,100
166,445,3.339250,7.688369,100
167,444,3.389250,7.638369,100
167,446,3.389250,7.738369,100
266,154,8.339250,-6.861632,100
267,153,8.389250,-6.911632,100
267,154,8.389250,-6.861632,100
267,155,8.389250,-6.811632,100
268,154,8.439250,-6.861632,100
138,419,1.939250,6.388369,100
139,418,1.989250,6.338369,100
238,504,6.939250,10.638369,100
238,506,6.939250,10.738369,100
244,169,7.239250,-6.111632,100
244,171,7.239250,-6.011632,100
245,170,7.289250,-6.061632,100
216,336,5.839250,2.238369,100
152,397,2.639250,5.288369,100
153,396,2.689250,5.238369,100
153,397,2.689250,5.288369,100
153,398,2.689250,5.338369,100
154,397,2.739250,5.288369,100
164,371,3.239250,3.988369,100
165,371,3.289250,3.988369,100
165,372,3.289250,4.038369,100
245,216,7.289250,-3.761632,100
246,215,7.339250,-3.811632,100
246,216,7.339250,-3.761632,100
246,217,7.339250,-3.711632,100
158,331,2.939250,1.988369,100
158,332,2.939250,2.038369,100
158,333,2.939250,2.088369,100
159,332,2.989250,2.038369,100
399,457,14.989250,8.288369,100
399,459,14.989250,8.388369,100
400,458,15.039250,8.338369,100
464,403,18.239250,5.588369,100
465,402,18.289250,5.538369,100
465,403,18.289250,5.588369,100
465,404,18.289250,5.638369,100
466,403,18.339250,5.588369,100
347,492,12.389250,10.038369,100
348,491,12.439250,9.988369,100
348,492,12.439250,10.038369,100
348,493,12.439250,10.088369,100
349,492,12.489250,10.038369,100
370,67,13.539250,-11.211632,100
371,66,13.589250,-11.261632,100
371,67,13.589250,-11.211632,100
371,68,13.589250,-11.161632,100
372,67,13.639250,-11.211632,100
294,520,9.739250,11.438369,100
294,522,9.739250,11.538369,100
295,521,9.789250,11.488369,100
216,192,5.839250,-4.961632,100
217,193,5.889250,-4.911632,100
434,231,16.739250,-3.011632,100
435,231,16.789250,-3.011632,100
435,232,16.789250,-2.961632,100
341,223,12.089250,-3.411632,100
341,225,12.089250,-3.311632,100
342,224,12.139250,-3.361632,100
440,311,17.039250,0.988368,100
441,311,17.089250,0.988368,100
159,334,2.989250,2.138369,100
63,324,-1.810750,1.638369,100
64,324,-1.760750,1.638369,100
64,325,-1.760750,1.688369,100
238,176,6.939250,-5.761632,100
239,176,6.989250,-5.761632,100
239,177,6.989250,-5.711632,100
214,493,5.739250,10.088369,100
215,492,5.789250,10.038369,100
215,493,5.789250,10.088369,100
215,494,5.789250,10.138369,100
216,493,5.839250,10.088369,100
380,71,14.039250,-11.011632,100
380,73,14.039250,-10.911632,100
381,72,14.089250,-10.961632,100
372,68,13.639250,-11.161632,100
372,69,13.639250,-11.111632,100
373,68,13.689250,-11.161632,100
496,328,19.839250,1.838369,100
497,328,19.889250,1.838369,100
497,329,19.889250,1.888369,100
498,328,19.939250,1.838369,100
437,425,16.889250,6.688369,100
438,426,16.939250,6.738369,100
382,77,14.139250,-10.711632,100
383,77,14.189250,-10.711632,100
383,78,14.189250,-10.661632,100
384,77,14.239250,-10.711632,100
174,460,3.739250,8.438369,100
175,461,3.789250,8.488369,100
323,174,11.189250,-5.861632,100
323,175,11.189250,-5.811632,100
192,474,4.639250,9.138369,100
193,473,4.689250,9.088369,100
193,474,4.689250,9.138369,100
254,340,7.739250,2.438369,100
278,514,8.939250,11.138369,100
279,513,8.989250,11.088369,100
279,514,8.989250,11.138369,100
279,515,8.989250,11.188369,100
320,516,11.039250,11.238369,100
448,251,17.439250,-2.011632,100
449,250,17.489250,-2.061632,100
449,251,17.489250,-2.011632,100
449,252,17.489250,-1.961632,100
450,251,17.539250,-2.011632,100
178,466,3.939250,8.738369,100
440,167,17.039250,-6.211632,100
441,166,17.089250,-6.261632,100
441,167,17.089250,-6.211632,100
441,168,17.089250,-6.161632,100
442,167,17.139250,-6.211632,100
283,220,9.189250,-3.561632,100
284,219,9.239250,-3.611632,100
284,220,9.239250,-3.561632,100
284,221,9.239250,-3.511632,100
195,336,4.789250,2.238369,100
196,335,4.839250,2.188369,100
196,336,4.839250,2.238369,100
196,337,4.839250,2.288369,100
100,327,0.039250,1.788369,100
101,326,0.089250,1.738369,100
102,327,0.139250,1.788369,100
160,378,3.039250,4.338369,100
161,378,3.089250,4.338369,100
161,379,3.089250,4.388369,100
443,321,17.189250,1.488369,100
450,252,17.539250,-1.961632,100
450,253,17.539250,-1.911632,100
366,483,13.339250,9.588369,100
367,482,13.389250,9.538369,100
367,483,13.389250,9.588369,100
367,484,13.389250,9.638369,100
446,363,17.339250,3.588369,100
447,363,17.389250,3.588369,100
447,364,17.389250,3.638369,100
448,363,17.439250,3.588369,100
387,460,14.389250,8.438369,100
387,462,14.389250,8.538369,100
388,461,14.439250,8.488369,100
199,489,4.989250,9.888369,100
200,490,5.039250,9.938369,100
389,241,14.489250,-2.511632,100
389,243,14.489250,-2.411632,100
211,499,5.589250,10.388369,100
290,344,9.539250,2.638369,100
291,343,9.589250,2.588369,100
291,344,9.589250,2.638369,100
291,345,9.589250,2.688369,100
81,350,-0.910750,2.938369,100
82,349,-0.860750,2.888369,100
82,350,-0.860750,2.938369,100
82,351,-0.860750,2.988369,100
83,350,-0.810750,2.938369,100
446,366,17.339250,3.738369,100
447,367,17.389250,3.788369,100
389,466,14.489250,8.738369,100
390,466,14.539250,8.738369,100
390,467,14.539250,8.788369,100
102,329,0.139250,1.888369,100
103,328,0.189250,1.838369,100
385,87,14.289250,-10.211632,100
386,86,14.339250,-10.261632,100
386,87,14.339250,-10.211632,100
386,88,14.339250,-10.161632,100
387,87,14.389250,-10.211632,100
288,154,9.439250,-6.861632,100
289,153,9.489250,-6.911632,100
289,154,9.489250,-6.861632,100
289,155,9.489250,-6.811632,100
290,154,9.539250,-6.861632,100
281,150,9.089250,-7.061632,100
281,151,9.089250,-7.011632,100
433,429,16.689250,6.888369,100
434,430,16.739250,6.938369,100
382,237,14.139250,-2.711632,100
211,501,5.589250,10.488369,100
212,500,5.639250,10.438369,100
353,176,12.689250,-5.761632,100
354,175,12.739250,-5.811632,100
197,335,4.889250,2.188369,100
437,399,16.889250,5.388369,100
438,399,16.939250,5.388369,100
438,400,16.939250,5.438369,100
439,399,16.989250,5.388369,100
382,463,14.139250,8.588369,100
383,462,14.189250,8.538369,100
383,463,14.189250,8.588369,100
383,464,14.189250,8.638369,100
411,261,15.589250,-1.511632,100
412,260,15.639250,-1.561632,100
412,261,15.639250,-1.511632,100
412,262,15.639250,-1.461632,100
413,261,15.689250,-1.511632,100
250,164,7.539250,-6.361632,100
251,163,7.589250,-6.411632,100
251,164,7.589250,-6.361632,100
251,165,7.589250,-6.311632,100
252,164,7.639250,-6.361632,100
92,364,-0.360750,3.638369,100
93,363,-0.310750,3.588369,100
93,364,-0.310750,3.638369,100
138,331,1.939250,1.988369,100
139,330,1.989250,1.938369,100
140,331,2.039250,1.988369,100
436,174,16.839250,-5.861632,100
437,173,16.889250,-5.911632,100
437,174,16.889250,-5.861632,100
373,234,13.689250,-2.861632,100
374,233,13.739250,-2.911632,100
374,234,13.739250,-2.861632,100
374,235,13.739250,-2.811632,100
375,234,13.789250,-2.861632,100
338,505,11.939250,10.688369,100
339,504,11.989250,10.638369,100
340,505,12.039250,10.688369,100
192,342,4.639250,2.538369,100
192,343,4.639250,2.588369,100
392,104,14.639250,-9.361632,100
393,104,14.689250,-9.361632,100
393,105,14.689250,-9.311632,100
394,104,14.739250,-9.361632,100
432,140,16.639250,-7.561632,100
433,139,16.689250,-7.611632,100
433,140,16.689250,-7.561632,100
433,141,16.689250,-7.511632,100
434,140,16.739250,-7.561632,100
140,333,2.039250,2.088369,100
141,332,2.089250,2.038369,100
158,431,2.939250,6.988369,100
446,340,17.339250,2.438369,100
447,340,17.389250,2.438369,100
447,341,17.389250,2.488369,100
448,340,17.439250,2.438369,100
332,501,11.639250,10.488369,100
332,503,11.639250,10.588369,100
333,502,11.689250,10.538369,100
377,469,13.889250,8.888369,100
378,469,13.939250,8.888369,100
378,470,13.939250,8.938369,100
96,370,-0.160750,3.938369,100
97,369,-0.110750,3.888369,100
97,370,-0.110750,3.938369,100
97,371,-0.110750,3.988369,100
98,370,-0.060750,3.938369,100
366,231,13.339250,-3.011632,100
367,230,13.389250,-3.061632,100
367,231,13.389250,-3.011632,100
367,232,13.389250,-2.961632,100
486,376,19.339250,4.238369,100
246,170,7.339250,-6.061632,100
246,171,7.339250,-6.011632,100
434,141,16.739250,-7.511632,100
434,142,16.739250,-7.461632,100
435,141,16.789250,-7.511632,100
444,150,17.239250,-7.061632,100
445,149,17.289250,-7.111632,100
445,150,17.289250,-7.061632,100
445,151,17.289250,-7.011632,100
446,150,17.339250,-7.061632,100
432,215,16.639250,-3.811632,100
489,301,19.489250,0.488368,100
490,300,19.539250,0.438368,100
490,301,19.539250,0.488368,100
490,302,19.539250,0.538368,100
491,301,19.589250,0.488368,100
358,492,12.939250,10.038369,100
359,492,12.989250,10.038369,100
359,493,12.989250,10.088369,100
360,492,13.039250,10.038369,100
193,342,4.689250,2.538369,100
193,344,4.689250,2.638369,100
434,407,16.739250,5.788369,100
488,378,19.439250,4.338369,100
489,377,19.489250,4.288369,100
271,344,8.589250,2.638369,100
272,344,8.639250,2.638369,100
272,345,8.639250,2.688369,100
162,437,3.139250,7.288369,100
163,436,3.189250,7.238369,100
163,437,3.189250,7.288369,100
163,438,3.189250,7.338369,100
164,437,3.239250,7.288369,100
212,212,5.639250,-3.961632,100
124,328,1.239250,1.838369,100
124,330,1.239250,1.938369,100
125,329,1.289250,1.888369,100
335,508,11.789250,10.838369,100
336,508,11.839250,10.838369,100
336,509,11.839250,10.888369,100
337,508,11.889250,10.838369,100
492,312,19.639250,1.038368,100
356,485,12.839250,9.688369,100
356,486,12.839250,9.738369,100
343,223,12.189250,-3.411632,100
344,224,12.239250,-3.361632,100
448,159,17.439250,-6.611632,100
448,160,17.439250,-6.561632,100
155,397,2.789250,5.288369,100
157,397,2.889250,5.288369,100
396,460,14.839250,8.438369,100
397,461,14.889250,8.488369,100
398,460,14.939250,8.438369,100
441,382,17.089250,4.538369,100
442,381,17.139250,4.488369,100
442,382,17.139250,4.538369,100
442,383,17.139250,4.588369,100
443,382,17.189250,4.538369,100
482,383,19.139250,4.588369,100
483,383,19.189250,4.588369,100
483,384,19.189250,4.638369,100
394,453,14.739250,8.088369,100
395,454,14.789250,8.138369,100
494,357,19.739250,3.288369,100
496,357,19.839250,3.288369,100
440,386,17.039250,4.738369,100
442,386,17.139250,4.738369,100
157,443,2.889250,7.588369,100
159,443,2.989250,7.588369,100
177,456,3.889250,8.238369,100
177,457,3.889250,8.288369,100
178,456,3.939250,8.238369,100
183,352,4.189250,3.038369,100
184,351,4.239250,2.988369,100
184,352,4.239250,3.038369,100
184,353,4.239250,3.088369,100
185,352,4.289250,3.038369,100
280,513,9.039250,11.088369,100
281,512,9.089250,11.038369,100
282,513,9.139250,11.088369,100
484,384,19.239250,4.638369,100
484,385,19.239250,4.688369,100
485,384,19.289250,4.638369,100
162,334,3.139250,2.138369,100
374,477,13.739250,9.288369,100
375,476,13.789250,9.238369,100
375,477,13.789250,9.288369,100
112,328,0.639250,1.838369,100
113,327,0.689250,1.788369,100
113,328,0.689250,1.838369,100
113,329,0.689250,1.888369,100
114,328,0.739250,1.838369,100
391,121,14.589250,-8.511632,100
393,121,14.689250,-8.511632,100
199,479,4.989250,9.388369,100
200,480,5.039250,9.438369,100
159,445,2.989250,7.688369,100
160,444,3.039250,7.638369,100
178,457,3.939250,8.288369,100
394,126,14.739250,-8.261632,100
396,126,14.839250,-8.261632,100
209,489,5.489250,9.888369,100
210,488,5.539250,9.838369,100
210,489,5.539250,9.888369,100
210,490,5.539250,9.938369,100
211,489,5.589250,9.888369,100
62,327,-1.860750,1.788369,100
63,326,-1.810750,1.738369,100
63,327,-1.810750,1.788369,100
63,328,-1.810750,1.838369,100
64,327,-1.760750,1.788369,100
445,357,17.289250,3.288369,100
309,347,10.489250,2.788369,100
310,346,10.539250,2.738369,100
310,347,10.539250,2.788369,100
310,348,10.539250,2.838369,100
311,347,10.589250,2.788369,100
257,340,7.889250,2.438369,100
257,342,7.889250,2.538369,100
258,341,7.939250,2.488369,100
282,515,9.139250,11.188369,100
283,514,9.189250,11.138369,100
431,193,16.589250,-4.911632,100
432,194,16.639250,-4.861632,100
433,193,16.689250,-4.911632,100
445,167,17.289250,-6.211632,100
211,490,5.589250,9.938369,100
211,491,5.589250,9.988369,100
212,490,5.639250,9.938369,100
199,335,4.989250,2.188369,100
200,336,5.039250,2.238369,100
183,473,4.189250,9.088369,100
184,472,4.239250,9.038369,100
184,473,4.239250,9.088369,100
184,474,4.239250,9.138369,100
185,473,4.289250,9.088369,100
287,219,9.389250,-3.611632,100
399,97,14.989250,-9.711632,100
401,97,15.089250,-9.711632,100
480,390,19.039250,4.938369,100
370,484,13.539250,9.638369,100
371,483,13.589250,9.588369,100
228,215,6.439250,-3.811632,100
229,214,6.489250,-3.861632,100
229,215,6.489250,-3.811632,100
229,216,6.489250,-3.761632,100
230,215,6.539250,-3.811632,100
74,340,-1.260750,2.438369,100
403,250,15.189250,-2.061632,100
404,251,15.239250,-2.011632,100
294,343,9.739250,2.588369,100
294,345,9.739250,2.688369,100
295,344,9.789250,2.638369,100
313,173,10.689250,-5.911632,100
314,172,10.739250,-5.961632,100
314,173,10.739250,-5.911632,100
314,174,10.739250,-5.861632,100
315,173,10.789250,-5.911632,100
384,462,14.239250,8.538369,100
381,83,14.089250,-10.411632,100
381,84,14.089250,-10.361632,100
382,83,14.139250,-10.411632,100
439,169,16.989250,-6.111632,100
440,168,17.039250,-6.161632,100
440,169,17.039250,-6.111632,100
440,170,17.039250,-6.061632,100
441,169,17.089250,-6.111632,100
342,502,12.139250,10.538369,100
343,501,12.189250,10.488369,100
343,502,12.189250,10.538369,100
343,503,12.189250,10.588369,100
344,502,12.239250,10.538369,100
379,159,13.989250,-6.611632,100
323,223,11.189250,-3.411632,100
324,222,11.239250,-3.461632,100
324,223,11.239250,-3.411632,100
324,224,11.239250,-3.361632,100
325,223,11.289250,-3.411632,100
362,480,13.139250,9.438369,100
363,480,13.189250,9.438369,100
363,481,13.189250,9.488369,100
403,103,15.189250,-9.411632,100
404,103,15.239250,-9.411632,100
404,104,15.239250,-9.361632,100
405,103,15.289250,-9.411632,100
143,332,2.189250,2.038369,100
159,380,2.989250,4.438369,100
160,379,3.039250,4.388369,100
160,380,3.039250,4.438369,100
160,381,3.039250,4.488369,100
161,380,3.089250,4.438369,100
194,487,4.739250,9.788369,100
207,496,5.389250,10.238369,100
315,174,10.789250,-5.861632,100
315,175,10.789250,-5.811632,100
316,174,10.839250,-5.861632,100
306,170,10.339250,-6.061632,100
307,169,10.389250,-6.111632,100
307,170,10.389250,-6.061632,100
307,171,10.389250,-6.011632,100
308,170,10.439250,-6.061632,100
77,347,-1.110750,2.788369,100
78,346,-1.060750,2.738369,100
78,347,-1.060750,2.788369,100
78,348,-1.060750,2.838369,100
79,347,-1.010750,2.788369,100
382,84,14.139250,-10.361632,100
382,85,14.139250,-10.311632,100
383,84,14.189250,-10.361632,100
253,164,7.689250,-6.361632,100
254,163,7.739250,-6.411632,100
254,164,7.739250,-6.361632,100
254,165,7.739250,-6.311632,100
255,164,7.789250,-6.361632,100
444,369,17.239250,3.888369,100
195,339,4.789250,2.388369,100
196,338,4.839250,2.338369,100
196,339,4.839250,2.388369,100
196,340,4.839250,2.438369,100
197,339,4.889250,2.388369,100
261,513,8.089250,11.088369,100
262,513,8.139250,11.088369,100
262,514,8.139250,11.138369,100
285,151,9.289250,-7.011632,100
286,151,9.339250,-7.011632,100
231,179,6.589250,-5.611632,100
231,180,6.589250,-5.561632,100
470,278,18.539250,-0.661632,100
471,277,18.589250,-0.711632,100
471,278,18.589250,-0.661632,100
471,279,18.589250,-0.611632,100
472,278,18.639250,-0.661632,100
384,89,14.239250,-10.111632,100
385,88,14.289250,-10.161632,100
385,89,14.289250,-10.111632,100
385,90,14.289250,-10.061632,100
386,89,14.339250,-10.111632,100
425,127,16.289250,-8.211632,100
426,126,16.339250,-8.261632,100
426,127,16.339250,-8.211632,100
426,128,16.339250,-8.161632,100
427,127,16.389250,-8.211632,100
304,511,10.239250,10.988369,100
305,510,10.289250,10.938369,100
305,511,10.289250,10.988369,100
305,512,10.289250,11.038369,100
401,447,15.089250,7.788369,100
266,219,8.339250,-3.611632,100
267,220,8.389250,-3.561632,100
415,117,15.789250,-8.711632,100
446,371,17.339250,3.988369,100
447,370,17.389250,3.938369,100
359,486,12.989250,9.738369,100
238,342,6.939250,2.538369,100
403,453,15.189250,8.088369,100
404,452,15.239250,8.038369,100
405,453,15.289250,8.088369,100
254,510,7.739250,10.938369,100
255,509,7.789250,10.888369,100
255,510,7.789250,10.938369,100
255,511,7.789250,10.988369,100
256,510,7.839250,10.938369,100
435,176,16.789250,-5.761632,100
436,175,16.839250,-5.811632,100
436,176,16.839250,-5.761632,100
436,177,16.839250,-5.711632,100
437,176,16.889250,-5.761632,100
436,141,16.839250,-7.511632,100
481,292,19.089250,0.038368,100
482,293,19.139250,0.088368,100
483,292,19.189250,0.038368,100
296,512,9.839250,11.038369,100
297,511,9.889250,10.988369,100
297,512,9.889250,11.038369,100
297,513,9.889250,11.088369,100
470,399,18.539250,5.388369,100
471,399,18.589250,5.388369,100
471,400,18.589250,5.438369,100
275,345,8.789250,2.688369,100
434,296,16.739250,0.238368,100
435,297,16.789250,0.288368,100
257,520,7.889250,11.438369,100
258,519,7.939250,11.388369,100
258,520,7.939250,11.438369,100
258,521,7.939250,11.488369,100
199,204,4.989250,-4.361632,100
199,205,4.989250,-4.311632,100
200,205,5.039250,-4.311632,100
210,215,5.539250,-3.811632,100
221,188,6.089250,-5.161632,100
391,111,14.589250,-9.011632,100
393,111,14.689250,-9.011632,100
181,336,4.089250,2.238369,100
182,336,4.139250,2.238369,100
436,297,16.839250,0.288368,100
436,298,16.839250,0.338368,100
140,419,2.039250,6.388369,100
486,379,19.339250,4.388369,100
487,379,19.389250,4.388369,100
487,380,19.389250,4.438369,100
488,379,19.439250,4.388369,100
394,116,14.739250,-8.761632,100
395,116,14.789250,-8.761632,100
395,117,14.789250,-8.711632,100
200,207,5.039250,-4.211632,100
347,224,12.389250,-3.361632,100
445,347,17.289250,2.788369,100
446,348,17.339250,2.838369,100
122,331,1.139250,1.988369,100
123,331,1.189250,1.988369,100
123,332,1.189250,2.038369,100
124,331,1.239250,1.988369,100
433,412,16.689250,6.038369,100
265,151,8.289250,-7.011632,100
266,150,8.339250,-7.061632,100
266,152,8.339250,-6.961632,100
431,218,16.589250,-3.661632,100
431,219,16.589250,-3.611632,100
432,218,16.639250,-3.661632,100
292,513,9.639250,11.088369,100
293,512,9.689250,11.038369,100
293,513,9.689250,11.088369,100
293,514,9.689250,11.138369,100
294,513,9.739250,11.088369,100
240,506,7.039250,10.738369,100
240,508,7.039250,10.838369,100
241,507,7.089250,10.788369,100
441,313,17.089250,1.088368,100
443,313,17.189250,1.088368,100
396,117,14.839250,-8.711632,100
396,118,14.839250,-8.661632,100
397,117,14.889250,-8.711632,100
313,349,10.689250,2.888369,100
332,177,11.639250,-5.711632,100
333,176,11.689250,-5.761632,100
333,177,11.689250,-5.711632,100
333,178,11.689250,-5.661632,100
334,177,11.739250,-5.711632,100
433,229,16.689250,-3.111632,100
434,230,16.739250,-3.061632,100
165,368,3.289250,3.838369,100
444,422,17.239250,6.538369,100
444,423,17.239250,6.588369,100
445,422,17.289250,6.538369,100
238,173,6.939250,-5.911632,100
156,405,2.839250,5.688369,100
443,315,17.189250,1.188368,100
444,314,17.239250,1.138368,100
326,511,11.339250,10.988369,100
327,511,11.389250,10.988369,100
327,512,11.389250,11.038369,100
233,503,6.689250,10.588369,100
318,507,10.939250,10.788369,100
319,506,10.989250,10.738369,100
319,507,10.989250,10.788369,100
319,508,10.989250,10.838369,100
320,507,11.039250,10.788369,100
195,213,4.789250,-3.911632,100
225,499,6.289250,10.388369,100
225,501,6.289250,10.488369,100
439,388,16.989250,4.838369,100
493,359,19.689250,3.388369,100
285,515,9.289250,11.188369,100
286,514,9.339250,11.138369,100
382,73,14.139250,-10.911632,100
358,171,12.939250,-6.011632,100
359,170,12.989250,-6.061632,100
359,171,12.989250,-6.011632,100
359,172,12.989250,-5.961632,100
360,171,13.039250,-6.011632,100
176,463,3.839250,8.588369,100
177,464,3.889250,8.638369,100
194,477,4.739250,9.288369,100
234,513,6.739250,11.088369,100
235,512,6.789250,11.038369,100
235,513,6.789250,11.088369,100
235,514,6.789250,11.138369,100
236,513,6.839250,11.088369,100
161,334,3.089250,2.138369,100
161,336,3.089250,2.238369,100
162,335,3.139250,2.188369,100
428,415,16.439250,6.188369,100
429,414,16.489250,6.138369,100
429,416,16.489250,6.238369,100
290,219,9.539250,-3.611632,100
206,486,5.339250,9.738369,100
207,486,5.389250,9.738369,100
320,508,11.039250,10.838369,100
320,509,11.039250,10.888369,100
321,508,11.089250,10.838369,100
58,324,-2.060750,1.638369,100
59,323,-2.010750,1.588369,100
59,324,-2.010750,1.638369,100
59,325,-2.010750,1.688369,100
60,324,-1.960750,1.638369,100
441,390,17.089250,4.938369,100
442,389,17.139250,4.888369,100
178,469,3.939250,8.888369,100
179,470,3.989250,8.938369,100
180,469,4.039250,8.888369,100
495,325,19.789250,1.688369,100
496,325,19.839250,1.688369,100
391,88,14.589250,-10.161632,100
392,89,14.639250,-10.111632,100
393,88,14.689250,-10.161632,100
373,70,13.689250,-11.061632,100
374,69,13.739250,-11.111632,100
374,70,13.739250,-11.061632,100
374,71,13.739250,-11.011632,100
375,70,13.789250,-11.061632,100
231,215,6.589250,-3.811632,100
232,214,6.639250,-3.861632,100
232,216,6.639250,-3.761632,100
384,79,14.239250,-10.611632,100
385,78,14.289250,-10.661632,100
385,79,14.289250,-10.611632,100
385,80,14.289250,-10.561632,100
386,79,14.339250,-10.611632,100
318,176,10.939250,-5.761632,100
391,124,14.589250,-8.361632,100
392,124,14.639250,-8.361632,100
392,125,14.639250,-8.311632,100
393,124,14.689250,-8.361632,100
174,355,3.739250,3.188369,100
175,355,3.789250,3.188369,100
175,356,3.789250,3.238369,100
228,509,6.439250,10.888369,100
154,331,2.739250,1.988369,100
154,333,2.739250,2.088369,100
180,470,4.039250,8.938369,100
180,471,4.039250,8.988369,100
181,470,4.089250,8.938369,100
219,506,5.989250,10.738369,100
220,505,6.039250,10.688369,100
220,506,6.039250,10.738369,100
220,507,6.039250,10.788369,100
221,506,6.089250,10.738369,100
382,155,14.139250,-6.811632,100
383,154,14.189250,-6.861632,100
383,155,14.189250,-6.811632,100
383,156,14.189250,-6.761632,100
384,155,14.239250,-6.811632,100
431,195,16.589250,-4.811632,100
432,195,16.639250,-4.811632,100
394,129,14.739250,-8.111632,100
395,129,14.789250,-8.111632,100
395,130,14.789250,-8.061632,100
396,129,14.839250,-8.111632,100
205,342,5.289250,2.538369,100
206,342,5.339250,2.538369,100
206,343,5.339250,2.588369,100
207,342,5.389250,2.538369,100
345,502,12.289250,10.538369,100
346,502,12.339250,10.538369,100
346,503,12.339250,10.588369,100
327,222,11.389250,-3.461632,100
328,223,11.439250,-3.411632,100
387,90,14.389250,-10.061632,100
388,91,14.439250,-10.011632,100
389,90,14.489250,-10.061632,100
411,447,15.589250,7.788369,100
412,447,15.639250,7.788369,100
412,448,15.639250,7.838369,100
280,147,9.039250,-7.211632,100
477,392,18.889250,5.038369,100
478,392,18.939250,5.038369,100
478,393,18.939250,5.088369,100
399,247,14.989250,-2.211632,100
290,157,9.539250,-6.711632,100
291,156,9.589250,-6.761632,100
291,157,9.589250,-6.711632,100
291,158,9.589250,-6.661632,100
292,157,9.639250,-6.711632,100
221,508,6.089250,10.838369,100
228,182,6.439250,-5.461632,100
153,417,2.689250,6.288369,100
155,417,2.789250,6.288369,100
418,117,15.939250,-8.711632,100
418,118,15.939250,-8.661632,100
419,118,15.989250,-8.661632,100
292,346,9.639250,2.738369,100
293,346,9.689250,2.738369,100
293,347,9.689250,2.788369,100
294,346,9.739250,2.738369,100
463,268,18.189250,-1.161632,100
328,225,11.439250,-3.311632,100
329,224,11.489250,-3.361632,100
240,339,7.039250,2.388369,100
241,340,7.089250,2.438369,100
264,513,8.239250,11.088369,100
265,514,8.289250,11.138369,100
190,335,4.539250,2.188369,100
191,334,4.589250,2.138369,100
191,335,4.589250,2.188369,100
191,336,4.589250,2.238369,100
192,335,4.639250,2.188369,100
473,278,18.689250,-0.661632,100
474,277,18.739250,-0.711632,100
474,278,18.739250,-0.661632,100
404,444,15.239250,7.638369,100
405,443,15.289250,7.588369,100
405,444,15.289250,7.638369,100
405,445,15.289250,7.688369,100
292,158,9.639250,-6.661632,100
292,159,9.639250,-6.611632,100
293,158,9.689250,-6.661632,100
202,493,5.139250,10.088369,100
94,367,-0.260750,3.788369,100
96,367,-0.160750,3.788369,100
308,510,10.439250,10.938369,100
308,512,10.439250,11.038369,100
436,396,16.839250,5.238369,100
437,395,16.889250,5.188369,100
437,396,16.889250,5.238369,100
270,220,8.539250,-3.561632,100
294,163,9.739250,-6.411632,100
295,163,9.789250,-6.411632,100
295,164,9.789250,-6.361632,100
296,163,9.839250,-6.411632,100
389,135,14.489250,-7.811632,100
391,135,14.589250,-7.811632,100
429,208,16.489250,-4.161632,100
430,209,16.539250,-4.111632,100
431,208,16.589250,-4.161632,100
206,199,5.339250,-4.611632,100
207,198,5.389250,-4.661632,100
207,199,5.389250,-4.611632,100
489,298,19.489250,0.338368,100
96,369,-0.160750,3.888369,100
97,368,-0.110750,3.838369,100
451,416,17.589250,6.238369,100
451,417,17.589250,6.288369,100
452,416,17.639250,6.238369,100
133,331,1.689250,1.988369,100
134,330,1.739250,1.938369,100
134,331,1.739250,1.988369,100
134,332,1.739250,2.038369,100
135,331,1.789250,1.988369,100
119,396,0.989250,5.238369,100
120,395,1.039250,5.188369,100
121,396,1.089250,5.238369,100
258,511,7.939250,10.988369,100
259,510,7.989250,10.938369,100
259,512,7.989250,11.038369,100
399,450,14.989250,7.938369,100
400,451,15.039250,7.988369,100
489,299,19.489250,0.388368,100
489,300,19.489250,0.438368,100
490,299,19.539250,0.388368,100
419,428,15.989250,6.838369,100
420,427,16.039250,6.788369,100
435,142,16.789250,-7.461632,100
435,143,16.789250,-7.411632,100
436,142,16.839250,-7.461632,100
444,372,17.239250,4.038369,100
445,372,17.289250,4.038369,100
445,373,17.289250,4.088369,100
446,372,17.339250,4.038369,100
445,337,17.289250,2.288369,100
446,337,17.339250,2.288369,100
278,345,8.939250,2.688369,100
279,344,8.989250,2.638369,100
228,339,6.439250,2.388369,100
229,338,6.489250,2.338369,100
229,339,6.489250,2.388369,100
229,340,6.489250,2.438369,100
230,339,6.539250,2.388369,100
295,512,9.789250,11.038369,100
295,513,9.789250,11.088369,100
295,514,9.789250,11.138369,100
296,513,9.839250,11.088369,100
161,432,3.089250,7.038369,100
162,433,3.139250,7.088369,100
261,519,8.089250,11.388369,100
261,521,8.089250,11.488369,100
262,520,8.139250,11.438369,100
202,205,5.139250,-4.311632,100
203,205,5.189250,-4.311632,100
434,178,16.739250,-5.661632,100
435,177,16.789250,-5.711632,100
435,178,16.789250,-5.661632,100
435,179,16.789250,-5.611632,100
436,178,16.839250,-5.661632,100
436,143,16.839250,-7.411632,100
436,144,16.839250,-7.361632,100
437,143,16.889250,-7.411632,100
446,418,17.339250,6.338369,100
447,417,17.389250,6.288369,100
447,418,17.389250,6.338369,100
447,419,17.389250,6.388369,100
448,418,17.439250,6.338369,100
268,149,8.439250,-7.111632,100
268,150,8.439250,-7.061632,100
269,150,8.489250,-7.061632,100
380,472,14.039250,9.038369,100
381,471,14.089250,8.988369,100
381,472,14.089250,9.038369,100
381,473,14.089250,9.088369,100
382,472,14.139250,9.038369,100
221,341,6.089250,2.488369,100
168,369,3.439250,3.888369,100
125,331,1.289250,1.988369,100
126,332,1.339250,2.038369,100
127,331,1.389250,1.988369,100
386,143,14.339250,-7.411632,100
387,142,14.389250,-7.461632,100
387,143,14.389250,-7.411632,100
387,144,14.389250,-7.361632,100
388,143,14.439250,-7.411632,100
344,226,12.239250,-3.261632,100
345,227,12.289250,-3.211632,100
176,453,3.839250,8.088369,100
177,454,3.889250,8.138369,100
134,416,1.739250,6.238369,100
135,417,1.789250,6.288369,100
136,416,1.839250,6.238369,100
316,349,10.839250,2.888369,100
317,348,10.889250,2.838369,100
335,177,11.789250,-5.711632,100
336,176,11.839250,-5.761632,100
336,177,11.839250,-5.711632,100
336,178,11.839250,-5.661632,100
337,177,11.889250,-5.711632,100
266,343,8.339250,2.588369,100
267,342,8.389250,2.538369,100
267,343,8.389250,2.588369,100
267,344,8.389250,2.638369,100
268,343,8.439250,2.588369,100
178,459,3.939250,8.388369,100
179,460,3.989250,8.438369,100
180,459,4.039250,8.388369,100
171,334,3.589250,2.138369,100
172,333,3.639250,2.088369,100
172,334,3.639250,2.138369,100
172,335,3.639250,2.188369,100
173,334,3.689250,2.138369,100
353,495,12.689250,10.188369,100
374,473,13.739250,9.088369,100
183,348,4.189250,2.838369,100
183,350,4.189250,2.938369,100
184,349,4.239250,2.888369,100
372,64,13.639250,-11.361632,100
373,65,13.689250,-11.311632,100
374,64,13.739250,-11.361632,100
60,323,-1.960750,1.588369,100
61,322,-1.910750,1.538369,100
61,323,-1.910750,1.588369,100
61,324,-1.910750,1.638369,100
62,323,-1.860750,1.588369,100
200,483,5.039250,9.588369,100
201,484,5.089250,9.638369,100
202,483,5.139250,9.588369,100
161,445,3.089250,7.688369,100
180,460,4.039250,8.438369,100
180,461,4.039250,8.488369,100
181,460,4.089250,8.438369,100
219,496,5.989250,10.238369,100
220,495,6.039250,10.188369,100
220,496,6.039250,10.238369,100
220,497,6.039250,10.288369,100
221,496,6.089250,10.238369,100
263,157,8.189250,-6.711632,100
264,156,8.239250,-6.761632,100
264,157,8.239250,-6.711632,100
264,158,8.239250,-6.661632,100
265,157,8.289250,-6.711632,100
354,496,12.739250,10.238369,100
354,497,12.739250,10.288369,100
355,496,12.789250,10.238369,100
361,171,13.089250,-6.011632,100
362,171,13.139250,-6.011632,100
362,172,13.139250,-5.961632,100
363,171,13.189250,-6.011632,100
420,440,16.039250,7.438369,100
420,442,16.039250,7.538369,100
421,441,16.089250,7.488369,100
292,520,9.639250,11.438369,100
292,522,9.639250,11.538369,100
368,475,13.439250,9.188369,100
369,474,13.489250,9.138369,100
369,475,13.489250,9.188369,100
369,476,13.489250,9.238369,100
370,475,13.539250,9.188369,100
62,324,-1.860750,1.638369,100
62,325,-1.860750,1.688369,100
161,447,3.089250,7.788369,100
162,446,3.139250,7.738369,100
221,498,6.089250,10.338369,100
441,316,17.089250,1.238368,100
442,316,17.139250,1.238368,100
442,317,17.139250,1.288368,100
443,316,17.189250,1.238368,100
212,493,5.639250,10.088369,100
213,492,5.689250,10.038369,100
213,493,5.689250,10.088369,100
213,494,5.689250,10.138369,100
259,159,7.989250,-6.611632,100
260,158,8.039250,-6.661632,100
260,159,8.039250,-6.611632,100
260,160,8.039250,-6.561632,100
261,159,8.089250,-6.611632,100
454,255,17.739250,-1.811632,100
455,254,17.789250,-1.861632,100
455,255,17.789250,-1.811632,100
455,256,17.789250,-1.761632,100
456,255,17.839250,-1.811632,100
321,174,11.089250,-5.861632,100
318,514,10.939250,11.138369,100
157,331,2.889250,1.988369,100
157,333,2.889250,2.088369,100
393,464,14.689250,8.638369,100
404,254,15.239250,-1.861632,100
405,255,15.289250,-1.811632,100
406,254,15.339250,-1.861632,100
379,81,13.989250,-10.511632,100
380,80,14.039250,-10.561632,100
381,81,14.089250,-10.511632,100
155,408,2.789250,5.838369,100
155,409,2.789250,5.888369,100
156,408,2.839250,5.838369,100
444,245,17.239250,-2.311632,100
342,498,12.139250,10.338369,100
382,86,14.139250,-10.261632,100
383,85,14.189250,-10.311632,100
383,86,14.189250,-10.261632,100
383,87,14.189250,-10.211632,100
384,86,14.239250,-10.261632,100
98,327,-0.060750,1.788369,100
99,326,-0.010750,1.738369,100
406,443,15.339250,7.588369,100
158,378,2.939250,4.338369,100
159,379,2.989250,4.388369,100
401,99,15.089250,-9.611632,100
403,99,15.189250,-9.611632,100
276,513,8.839250,11.088369,100
277,512,8.889250,11.038369,100
277,513,8.889250,11.088369,100
277,514,8.889250,11.138369,100
278,513,8.939250,11.088369,100
393,244,14.689250,-2.361632,100
394,243,14.739250,-2.411632,100
395,244,14.789250,-2.361632,100
364,481,13.239250,9.488369,100
364,482,13.239250,9.538369,100
309,510,10.489250,10.938369,100
310,509,10.539250,10.888369,100
311,510,10.589250,10.938369,100
76,343,-1.160750,2.588369,100
77,343,-1.110750,2.588369,100
444,326,17.239250,1.738369,100
446,326,17.339250,1.738369,100
216,502,5.839250,10.538369,100
412,114,15.639250,-8.861632,100
413,113,15.689250,-8.911632,100
413,114,15.689250,-8.861632,100
413,115,15.689250,-8.811632,100
414,114,15.739250,-8.861632,100
387,466,14.389250,8.738369,100
388,465,14.439250,8.688369,100
388,466,14.439250,8.738369,100
388,467,14.439250,8.788369,100
193,335,4.689250,2.188369,100
194,334,4.739250,2.138369,100
194,335,4.739250,2.188369,100
194,336,4.739250,2.238369,100
195,335,4.789250,2.188369,100
349,174,12.489250,-5.861632,100
350,173,12.539250,-5.911632,100
350,175,12.539250,-5.811632,100
100,329,0.039250,1.888369,100
384,87,14.239250,-10.211632,100
384,88,14.239250,-10.161632,100
77,344,-1.110750,2.638369,100
77,345,-1.110750,2.688369,100
78,344,-1.060750,2.638369,100
446,328,17.339250,1.838369,100
447,327,17.389250,1.788369,100
386,241,14.339250,-2.511632,100
272,219,8.639250,-3.611632,100
273,218,8.689250,-3.661632,100
273,219,8.689250,-3.611632,100
273,220,8.689250,-3.561632,100
274,219,8.739250,-3.611632,100
370,233,13.539250,-2.911632,100
371,234,13.589250,-2.861632,100
223,214,6.189250,-3.861632,100
224,213,6.239250,-3.911632,100
224,214,6.239250,-3.861632,100
224,215,6.239250,-3.811632,100
225,214,6.289250,-3.861632,100
313,516,10.689250,11.238369,100
314,515,10.739250,11.188369,100
314,516,10.739250,11.238369,100
314,517,10.739250,11.288369,100
315,516,10.789250,11.238369,100
204,201,5.239250,-4.511632,100
205,200,5.289250,-4.561632,100
206,201,5.339250,-4.511632,100
498,337,19.939250,2.288369,100
499,337,19.989250,2.288369,100
416,120,15.839250,-8.561632,100
417,121,15.889250,-8.511632,100
418,120,15.939250,-8.561632,100
197,341,4.889250,2.488369,100
198,340,4.939250,2.438369,100
198,341,4.939250,2.488369,100
198,342,4.939250,2.538369,100
199,341,4.989250,2.488369,100
381,467,14.089250,8.788369,100
318,222,10.939250,-3.461632,100
319,221,10.989250,-3.511632,100
319,222,10.989250,-3.461632,100
319,223,10.989250,-3.411632,100
320,222,11.039250,-3.461632,100
472,280,18.639250,-0.561632,100
473,279,18.689250,-0.611632,100
473,280,18.689250,-0.561632,100
473,281,18.689250,-0.511632,100
474,280,18.739250,-0.561632,100
196,345,4.839250,2.688369,100
197,344,4.889250,2.638369,100
197,345,4.889250,2.688369,100
197,346,4.889250,2.738369,100
198,345,4.939250,2.688369,100
337,504,11.889250,10.638369,100
337,505,11.889250,10.688369,100
383,473,14.189250,9.088369,100
153,420,2.689250,6.438369,100
154,420,2.739250,6.438369,100
154,421,2.739250,6.488369,100
155,420,2.789250,6.438369,100
448,417,17.439250,6.288369,100
449,418,17.489250,6.338369,100
450,417,17.539250,6.288369,100
389,102,14.489250,-9.461632,100
391,102,14.589250,-9.461632,100
206,200,5.339250,-4.561632,100
207,201,5.389250,-4.511632,100
231,339,6.589250,2.388369,100
232,338,6.639250,2.338369,100
232,339,6.639250,2.388369,100
232,340,6.639250,2.438369,100
233,339,6.689250,2.388369,100
137,332,1.889250,2.038369,100
138,333,1.939250,2.088369,100
169,364,3.489250,3.638369,100
115,393,0.789250,5.088369,100
116,394,0.839250,5.138369,100
117,393,0.889250,5.088369,100
363,229,13.189250,-3.111632,100
364,228,13.239250,-3.161632,100
364,229,13.239250,-3.111632,100
364,230,13.239250,-3.061632,100
365,229,13.289250,-3.111632,100
375,469,13.789250,8.888369,100
376,468,13.839250,8.838369,100
376,469,13.839250,8.888369,100
376,470,13.839250,8.938369,100
261,218,8.089250,-3.661632,100
262,217,8.139250,-3.711632,100
262,218,8.139250,-3.661632,100
262,219,8.139250,-3.611632,100
263,218,8.189250,-3.661632,100
442,379,17.139250,4.388369,100
444,379,17.239250,4.388369,100
249,509,7.489250,10.888369,100
250,508,7.539250,10.838369,100
250,509,7.539250,10.888369,100
250,510,7.539250,10.938369,100
251,509,7.589250,10.888369,100
418,430,15.939250,6.938369,100
419,430,15.989250,6.938369,100
419,431,15.989250,6.988369,100
117,395,0.889250,5.188369,100
437,300,16.889250,0.438368,100
438,301,16.939250,0.488368,100
439,300,16.989250,0.438368,100
268,342,8.439250,2.538369,100
269,341,8.489250,2.488369,100
269,342,8.489250,2.538369,100
269,343,8.489250,2.588369,100
270,342,8.539250,2.538369,100
159,435,2.989250,7.188369,100
160,436,3.039250,7.238369,100
79,326,-1.010750,1.738369,100
80,325,-0.960750,1.688369,100
80,326,-0.960750,1.738369,100
80,327,-0.960750,1.788369,100
81,326,-0.910750,1.738369,100
170,450,3.539250,7.938369,100
302,520,10.139250,11.438369,100
303,519,10.189250,11.388369,100
303,520,10.189250,11.438369,100
303,521,10.189250,11.488369,100
304,520,10.239250,11.438369,100
399,456,14.989250,8.238369,100
400,457,15.039250,8.288369,100
339,178,11.989250,-5.661632,100
340,177,12.039250,-5.711632,100
433,186,16.689250,-5.261632,100
434,187,16.739250,-5.211632,100
435,186,16.789250,-5.261632,100
141,423,2.089250,6.588369,100
142,422,2.139250,6.538369,100
142,423,2.139250,6.588369,100
142,424,2.139250,6.638369,100
143,423,2.189250,6.588369,100
161,436,3.089250,7.238369,100
161,437,3.089250,7.288369,100
162,436,3.139250,7.238369,100
445,379,17.289250,4.388369,100
252,519,7.639250,11.388369,100
253,518,7.689250,11.338369,100
253,519,7.689250,11.388369,100
253,520,7.689250,11.438369,100
254,519,7.739250,11.388369,100
268,152,8.439250,-6.961632,100
268,153,8.439250,-6.911632,100
269,153,8.489250,-6.911632,100
447,349,17.389250,2.888369,100
448,350,17.439250,2.938369,100
449,349,17.489250,2.888369,100
493,316,19.689250,1.238368,100
494,317,19.739250,1.288368,100
440,310,17.039250,0.938368,100
442,310,17.139250,0.938368,100
247,215,7.389250,-3.811632,100
247,217,7.389250,-3.711632,100
385,145,14.289250,-7.311632,100
386,144,14.339250,-7.361632,100
386,145,14.339250,-7.311632,100
386,146,14.339250,-7.261632,100
387,145,14.389250,-7.311632,100
380,70,14.039250,-11.061632,100
381,71,14.089250,-11.011632,100
349,491,12.489250,9.988369,100
415,438,15.789250,7.338369,100
416,437,15.839250,7.288369,100
306,346,10.339250,2.738369,100
307,345,10.389250,2.688369,100
307,346,10.389250,2.738369,100
307,347,10.389250,2.788369,100
308,346,10.439250,2.738369,100
382,76,14.139250,-10.761632,100
384,76,14.239250,-10.761632,100
342,223,12.139250,-3.411632,100
279,512,8.989250,11.038369,100
117,330,0.889250,1.938369,100
118,329,0.939250,1.888369,100
118,330,0.939250,1.938369,100
118,331,0.939250,1.988369,100
65,325,-1.710750,1.688369,100
207,489,5.389250,9.888369,100
208,490,5.439250,9.938369,100
461,405,18.089250,5.688369,100
462,404,18.139250,5.638369,100
462,405,18.139250,5.688369,100
462,406,18.139250,5.738369,100
463,405,18.189250,5.688369,100
384,78,14.239250,-10.661632,100
385,77,14.289250,-10.711632,100
280,515,9.039250,11.188369,100
375,73,13.789250,-10.911632,100
376,72,13.839250,-10.961632,100
376,73,13.839250,-10.911632,100
376,74,13.839250,-10.861632,100
377,73,13.889250,-10.911632,100
344,494,12.239250,10.138369,100
345,493,12.289250,10.088369,100
345,494,12.289250,10.138369,100
345,495,12.289250,10.188369,100
346,494,12.339250,10.138369,100
446,362,17.339250,3.538369,100
448,362,17.439250,3.538369,100
212,195,5.639250,-4.811632,100
213,194,5.689250,-4.861632,100
213,195,5.689250,-4.811632,100
213,196,5.689250,-4.761632,100
214,195,5.739250,-4.811632,100
178,465,3.939250,8.688369,100
179,466,3.989250,8.738369,100
439,237,16.989250,-2.711632,100
440,236,17.039250,-2.761632,100
440,237,17.039250,-2.711632,100
440,238,17.039250,-2.661632,100
441,237,17.089250,-2.711632,100
319,176,10.989250,-5.761632,100
319,177,10.989250,-5.711632,100
249,342,7.489250,2.538369,100
250,342,7.539250,2.538369,100
250,343,7.539250,2.588369,100
393,90,14.689250,-10.061632,100
394,91,14.739250,-10.011632,100
395,90,14.789250,-10.061632,100
102,326,0.139250,1.738369,100
103,327,0.189250,1.788369,100
235,178,6.789250,-5.661632,100
236,178,6.839250,-5.661632,100
236,179,6.839250,-5.611632,100
237,178,6.889250,-5.661632,100
152,409,2.639250,5.888369,100
153,410,2.689250,5.938369,100
154,409,2.739250,5.888369,100
368,482,13.439250,9.538369,100
368,484,13.439250,9.638369,100
453,257,17.689250,-1.711632,100
454,256,17.739250,-1.761632,100
454,257,17.739250,-1.711632,100
454,258,17.739250,-1.661632,100
455,257,17.789250,-1.711632,100
400,251,15.039250,-2.011632,100
176,357,3.839250,3.288369,100
177,357,3.889250,3.288369,100
177,358,3.889250,3.338369,100
292,343,9.639250,2.588369,100
292,345,9.639250,2.688369,100
311,173,10.589250,-5.911632,100
312,174,10.639250,-5.861632,100
411,260,15.589250,-1.561632,100
412,259,15.639250,-1.611632,100
413,260,15.689250,-1.561632,100
437,398,16.889250,5.338369,100
439,398,16.989250,5.338369,100
103,329,0.189250,1.888369,100
456,411,17.839250,5.988369,100
457,411,17.889250,5.988369,100
457,412,17.889250,6.038369,100
321,223,11.089250,-3.411632,100
322,224,11.139250,-3.361632,100
282,151,9.139250,-7.011632,100
382,236,14.139250,-2.761632,100
383,237,14.189250,-2.711632,100
157,380,2.889250,4.438369,100
158,379,2.939250,4.388369,100
158,380,2.939250,4.438369,100
158,381,2.939250,4.488369,100
72,340,-1.360750,2.438369,100
212,499,5.639250,10.388369,100
293,159,9.689250,-6.611632,100
293,160,9.689250,-6.561632,100
294,159,9.739250,-6.611632,100
354,176,12.739250,-5.761632,100
304,170,10.239250,-6.061632,100
305,169,10.289250,-6.111632,100
305,170,10.289250,-6.061632,100
305,171,10.289250,-6.011632,100
155,419,2.789250,6.388369,100
156,420,2.839250,6.438369,100
157,419,2.889250,6.388369,100
419,120,15.989250,-8.561632,100
420,119,16.039250,-8.611632,100
420,120,16.039250,-8.561632,100
465,271,18.289250,-1.011632,100
496,340,19.839250,2.438369,100
497,341,19.889250,2.488369,100
498,340,19.939250,2.438369,100
283,151,9.189250,-7.011632,100
227,215,6.389250,-3.811632,100
228,214,6.439250,-3.861632,100
228,216,6.439250,-3.761632,100
140,330,2.039250,1.938369,100
428,205,16.439250,-4.311632,100
375,233,13.789250,-2.911632,100
294,160,9.739250,-6.561632,100
446,339,17.339250,2.388369,100
448,339,17.439250,2.388369,100
366,230,13.339250,-3.061632,100
367,229,13.389250,-3.111632,100
368,230,13.439250,-3.061632,100
98,369,-0.060750,3.888369,100
157,420,2.889250,6.438369,100
157,421,2.889250,6.488369,100
158,420,2.939250,6.438369,100
252,163,7.639250,-6.411632,100
234,339,6.739250,2.388369,100
235,338,6.789250,2.338369,100
235,339,6.789250,2.388369,100
235,340,6.789250,2.438369,100
260,513,8.039250,11.088369,100
368,232,13.439250,-2.961632,100
184,338,4.239250,2.338369,100
185,337,4.289250,2.288369,100
185,338,4.289250,2.338369,100
185,339,4.289250,2.388369,100
186,338,4.339250,2.338369,100
427,280,16.389250,-0.561632,100
264,218,8.239250,-3.661632,100
265,217,8.289250,-3.711632,100
265,218,8.289250,-3.661632,100
265,219,8.289250,-3.611632,100
100,375,0.039250,4.188369,100
101,375,0.089250,4.188369,100
101,376,0.089250,4.238369,100
102,375,0.139250,4.188369,100
437,146,16.889250,-7.261632,100
438,145,16.939250,-7.311632,100
438,146,16.939250,-7.261632,100
438,147,16.939250,-7.211632,100
439,146,16.989250,-7.261632,100
270,152,8.539250,-6.961632,100
270,153,8.539250,-6.911632,100
270,154,8.539250,-6.861632,100
271,153,8.589250,-6.911632,100
448,155,17.439250,-6.811632,100
449,154,17.489250,-6.861632,100
449,155,17.489250,-6.811632,100
449,156,17.489250,-6.761632,100
450,155,17.539250,-6.811632,100
372,165,13.639250,-6.311632,100
373,165,13.689250,-6.311632,100
373,166,13.689250,-6.261632,100
328,504,11.439250,10.638369,100
329,503,11.489250,10.588369,100
329,504,11.489250,10.638369,100
329,505,11.489250,10.688369,100
330,504,11.539250,10.638369,100
441,381,17.089250,4.488369,100
360,491,13.039250,9.988369,100
361,491,13.089250,9.988369,100
388,146,14.439250,-7.261632,100
389,145,14.489250,-7.311632,100
389,146,14.489250,-7.261632,100
389,147,14.489250,-7.211632,100
390,146,14.539250,-7.261632,100
273,343,8.689250,2.588369,100
237,507,6.889250,10.788369,100
255,519,7.789250,11.388369,100
256,518,7.839250,11.338369,100
256,519,7.839250,11.388369,100
256,520,7.839250,11.438369,100
257,519,7.889250,11.388369,100
464,404,18.239250,5.638369,100
464,405,18.239250,5.688369,100
464,406,18.239250,5.738369,100
465,405,18.289250,5.688369,100
302,222,10.139250,-3.461632,100
303,221,10.189250,-3.511632,100
303,222,10.189250,-3.461632,100
303,223,10.189250,-3.411632,100
443,383,17.189250,4.588369,100
444,382,17.239250,4.538369,100
485,383,19.289250,4.588369,100
446,352,17.339250,3.038369,100
447,351,17.389250,2.988369,100
447,352,17.389250,3.038369,100
447,353,17.389250,3.088369,100
448,352,17.439250,3.038369,100
160,443,3.039250,7.588369,100
432,188,16.639250,-5.161632,100
433,187,16.689250,-5.211632,100
433,188,16.689250,-5.161632,100
433,189,16.689250,-5.111632,100
434,188,16.739250,-5.161632,100
230,504,6.539250,10.638369,100
231,503,6.589250,10.588369,100
309,346,10.489250,2.738369,100
310,345,10.539250,2.688369,100
152,399,2.639250,5.388369,100
153,399,2.689250,5.388369,100
153,400,2.689250,5.438369,100
154,399,2.739250,5.388369,100
339,225,11.989250,-3.311632,100
340,226,12.039250,-3.261632,100
185,350,4.289250,2.938369,100
185,351,4.289250,2.988369,100
186,351,4.339250,2.988369,100
202,485,5.139250,9.688369,100
203,486,5.189250,9.738369,100
162,449,3.139250,7.888369,100
163,448,3.189250,7.838369,100
163,449,3.189250,7.888369,100
163,450,3.189250,7.938369,100
164,449,3.239250,7.888369,100
181,462,4.089250,8.538369,100
182,461,4.139250,8.488369,100
182,462,4.139250,8.538369,100
182,463,4.139250,8.588369,100
183,462,4.189250,8.538369,100
258,157,7.939250,-6.711632,100
259,156,7.989250,-6.761632,100
259,157,7.989250,-6.711632,100
259,158,7.989250,-6.661632,100
260,157,8.039250,-6.711632,100
283,515,9.189250,11.188369,100
347,494,12.389250,10.138369,100
348,494,12.439250,10.138369,100
348,495,12.439250,10.188369,100
349,494,12.489250,10.138369,100
252,342,7.639250,2.538369,100
253,343,7.689250,2.588369,100
233,514,6.689250,11.138369,100
200,335,5.039250,2.188369,100
201,336,5.089250,2.238369,100
204,486,5.239250,9.738369,100
496,330,19.839250,1.938369,100
497,330,19.889250,1.938369,100
497,331,19.889250,1.988369,100
498,330,19.939250,1.938369,100
230,214,6.539250,-3.861632,100
230,216,6.539250,-3.761632,100
456,257,17.839250,-1.711632,100
457,256,17.889250,-1.761632,100
457,257,17.889250,-1.711632,100
457,258,17.889250,-1.661632,100
458,257,17.939250,-1.711632,100
315,172,10.789250,-5.961632,100
316,173,10.839250,-5.911632,100
77,346,-1.110750,2.738369,100
78,345,-1.060750,2.688369,100
79,346,-1.010750,2.738369,100
406,256,15.339250,-1.761632,100
407,257,15.389250,-1.711632,100
408,256,15.439250,-1.761632,100
203,342,5.189250,2.538369,100
204,341,5.239250,2.488369,100
204,342,5.239250,2.538369,100
204,343,5.239250,2.588369,100
380,160,14.039250,-6.561632,100
381,159,14.089250,-6.611632,100
325,222,11.289250,-3.461632,100
443,323,17.189250,1.588369,100
475,392,18.789250,5.038369,100
476,391,18.839250,4.988369,100
476,392,18.839250,5.038369,100
476,393,18.839250,5.088369,100
366,485,13.339250,9.688369,100
367,485,13.389250,9.688369,100
367,486,13.389250,9.738369,100
368,485,13.439250,9.688369,100
308,169,10.439250,-6.111632,100
308,171,10.439250,-6.011632,100
309,170,10.489250,-6.061632,100
79,348,-1.010750,2.838369,100
80,347,-0.960750,2.788369,100
218,506,5.939250,10.738369,100
219,505,5.989250,10.688369,100
408,257,15.439250,-1.711632,100
432,430,16.639250,6.938369,100
433,430,16.689250,6.938369,100
433,431,16.689250,6.988369,100
290,346,9.539250,2.738369,100
291,346,9.589250,2.738369,100
291,347,9.589250,2.788369,100
81,352,-0.910750,3.038369,100
82,352,-0.860750,3.038369,100
82,353,-0.860750,3.088369,100
83,352,-0.810750,3.038369,100
447,369,17.389250,3.888369,100
263,514,8.189250,11.138369,100
231,214,6.589250,-3.861632,100
231,216,6.589250,-3.761632,100
143,330,2.189250,1.938369,100
249,165,7.489250,-6.311632,100
250,165,7.539250,-6.311632,100
250,166,7.539250,-6.261632,100
273,522,8.689250,11.538369,100
274,521,8.739250,11.488369,100
274,522,8.739250,11.538369,100
274,523,8.739250,11.588369,100
275,522,8.789250,11.538369,100
429,132,16.489250,-7.961632,100
430,131,16.539250,-8.011632,100
430,132,16.539250,-7.961632,100
430,133,16.539250,-7.911632,100
431,132,16.589250,-7.961632,100
474,283,18.739250,-0.411632,100
475,282,18.789250,-0.461632,100
475,283,18.789250,-0.411632,100
475,284,18.789250,-0.361632,100
476,283,18.839250,-0.411632,100
435,175,16.789250,-5.811632,100
405,452,15.289250,8.038369,100
406,453,15.339250,8.088369,100
155,386,2.789250,4.738369,100
156,387,2.839250,4.788369,100
251,166,7.589250,-6.261632,100
251,167,7.589250,-6.211632,100
252,166,7.639250,-6.261632,100
418,122,15.939250,-8.461632,100
419,121,15.989250,-8.511632,100
419,122,15.989250,-8.461632,100
419,123,15.989250,-8.411632,100
420,122,16.039250,-8.461632,100
437,177,16.889250,-5.711632,100
268,217,8.439250,-3.711632,100
330,503,11.539250,10.588369,100
331,504,11.589250,10.638369,100
264,514,8.239250,11.138369,100
486,297,19.339250,0.288368,100
168,361,3.439250,3.488369,100
169,361,3.489250,3.488369,100
169,362,3.489250,3.538369,100
276,345,8.839250,2.688369,100
131,330,1.589250,1.938369,100
132,329,1.639250,1.888369,100
132,330,1.639250,1.938369,100
132,331,1.639250,1.988369,100
133,330,1.689250,1.938369,100
118,396,0.939250,5.238369,100
119,395,0.989250,5.188369,100
446,342,17.339250,2.538369,100
447,342,17.389250,2.538369,100
447,343,17.389250,2.588369,100
448,342,17.439250,2.538369,100
432,407,16.639250,5.788369,100
433,408,16.689250,5.838369,100
259,519,7.989250,11.388369,100
259,521,7.989250,11.488369,100
358,229,12.939250,-3.111632,100
359,228,12.989250,-3.161632,100
359,229,12.989250,-3.111632,100
359,230,12.989250,-3.061632,100
360,229,13.039250,-3.111632,100
406,454,15.339250,8.138369,100
200,204,5.039250,-4.361632,100
486,378,19.339250,4.338369,100
211,215,5.589250,-3.811632,100
432,217,16.639250,-3.711632,100
489,303,19.489250,0.588368,100
490,303,19.539250,0.588368,100
490,304,19.539250,0.638368,100
491,303,19.589250,0.588368,100
224,188,6.239250,-5.161632,100
437,298,16.889250,0.338368,100
438,297,16.939250,0.288368,100
241,506,7.089250,10.738369,100
434,408,16.739250,5.838369,100
434,409,16.739250,5.888369,100
435,408,16.789250,5.838369,100
332,176,11.639250,-5.761632,100
333,175,11.689250,-5.811632,100
334,176,11.739250,-5.761632,100
306,223,10.339250,-3.411632,100
162,439,3.139250,7.388369,100
163,439,3.189250,7.388369,100
163,440,3.189250,7.438369,100
164,439,3.239250,7.388369,100
218,337,5.939250,2.288369,100
218,339,5.939250,2.388369,100
124,332,1.239250,2.038369,100
432,219,16.639250,-3.611632,100
433,218,16.689250,-3.661632,100
294,512,9.739250,11.038369,100
294,514,9.739250,11.138369,100
444,313,17.239250,1.088368,100
173,453,3.689250,8.088369,100
174,452,3.739250,8.038369,100
248,218,7.439250,-3.661632,100
234,503,6.739250,10.588369,100
388,147,14.439250,-7.211632,100
388,148,14.439250,-7.161632,100
389,148,14.489250,-7.161632,100
226,499,6.339250,10.388369,100
143,425,2.189250,6.688369,100
144,424,2.239250,6.638369,100
144,425,2.239250,6.688369,100
144,426,2.239250,6.738369,100
145,425,2.289250,6.688369,100
334,178,11.739250,-5.661632,100
216,495,5.839250,10.188369,100
217,496,5.889250,10.238369,100
218,495,5.939250,10.188369,100
448,163,17.439250,-6.411632,100
437,234,16.889250,-2.861632,100
438,235,16.939250,-2.811632,100
439,234,16.989250,-2.861632,100
482,385,19.139250,4.688369,100
483,385,19.189250,4.688369,100
483,386,19.189250,4.738369,100
174,453,3.739250,8.088369,100
428,414,16.439250,6.138369,100
429,413,16.489250,6.088369,100
320,506,11.039250,10.738369,100
373,478,13.689250,9.338369,100
374,478,13.739250,9.338369,100
374,479,13.739250,9.388369,100
58,323,-2.060750,1.588369,100
59,322,-2.010750,1.538369,100
442,388,17.139250,4.838369,100
496,359,19.839250,3.388369,100
495,324,19.789250,1.638369,100
497,324,19.889250,1.638369,100
439,235,16.989250,-2.811632,100
439,236,16.989250,-2.761632,100
440,235,17.039250,-2.811632,100
386,78,14.339250,-10.661632,100
256,343,7.839250,2.588369,100
318,173,10.939250,-5.911632,100
391,123,14.589250,-8.411632,100
393,123,14.689250,-8.411632,100
442,239,17.139250,-2.611632,100
442,240,17.139250,-2.561632,100
443,240,17.189250,-2.561632,100
181,469,4.089250,8.888369,100
440,424,17.039250,6.638369,100
441,424,17.089250,6.638369,100
441,425,17.089250,6.688369,100
218,496,5.939250,10.238369,100
219,495,5.989250,10.188369,100
394,128,14.739250,-8.161632,100
396,128,14.839250,-8.161632,100
209,491,5.489250,9.988369,100
210,491,5.539250,9.988369,100
210,492,5.539250,10.038369,100
324,512,11.239250,11.038369,100
324,513,11.239250,11.088369,100
325,513,11.289250,11.088369,100
62,329,-1.860750,1.888369,100
63,329,-1.810750,1.888369,100
63,330,-1.810750,1.938369,100
64,329,-1.760750,1.888369,100
360,169,13.039250,-6.111632,100
360,170,13.039250,-6.061632,100
361,170,13.089250,-6.061632,100
389,458,14.489250,8.338369,100
390,457,14.539250,8.288369,100
390,458,14.539250,8.338369,100
390,459,14.539250,8.388369,100
391,458,14.589250,8.338369,100
445,359,17.289250,3.388369,100
366,66,13.339250,-11.261632,100
367,67,13.389250,-11.211632,100
368,66,13.439250,-11.261632,100
386,80,14.339250,-10.561632,100
387,79,14.389250,-10.611632,100
257,343,7.889250,2.588369,100
257,344,7.889250,2.638369,100
377,75,13.889250,-10.811632,100
378,74,13.939250,-10.861632,100
378,75,13.939250,-10.811632,100
378,76,13.939250,-10.761632,100
379,75,13.989250,-10.811632,100
155,331,2.789250,1.988369,100
155,333,2.789250,2.088369,100
221,505,6.089250,10.688369,100
60,322,-1.960750,1.538369,100
212,502,5.639250,10.538369,100
213,503,5.689250,10.588369,100
214,502,5.739250,10.538369,100
207,341,5.389250,2.488369,100
207,343,5.389250,2.588369,100
208,342,5.439250,2.538369,100
183,475,4.189250,9.188369,100
184,475,4.239250,9.188369,100
184,476,4.239250,9.238369,100
185,475,4.289250,9.188369,100
413,263,15.689250,-1.411632,100
414,264,15.739250,-1.361632,100
415,263,15.789250,-1.411632,100
328,222,11.439250,-3.461632,100
413,448,15.689250,7.838369,100
425,420,16.289250,6.438369,100
425,421,16.289250,6.488369,100
202,491,5.139250,9.988369,100
203,492,5.189250,10.038369,100
361,481,13.089250,9.488369,100
362,481,13.139250,9.488369,100
362,482,13.139250,9.538369,100
392,245,14.639250,-2.311632,100
231,182,6.589250,-5.461632,100
73,343,-1.310750,2.588369,100
294,347,9.739250,2.788369,100
266,514,8.339250,11.138369,100
267,513,8.389250,11.088369,100
192,334,4.639250,2.138369,100
192,336,4.639250,2.238369,100
252,165,7.639250,-6.311632,100
253,165,7.689250,-6.311632,100
253,166,7.689250,-6.261632,100
439,171,16.989250,-6.011632,100
440,171,17.039250,-6.011632,100
440,172,17.039250,-5.961632,100
441,171,17.089250,-6.011632,100
276,522,8.839250,11.538369,100
277,521,8.889250,11.488369,100
277,522,8.889250,11.538369,100
277,523,8.889250,11.588369,100
467,274,18.389250,-0.861632,100
342,504,12.139250,10.638369,100
343,504,12.189250,10.638369,100
343,505,12.189250,10.688369,100
344,504,12.239250,10.638369,100
477,283,18.889250,-0.411632,100
478,284,18.939250,-0.361632,100
479,283,18.989250,-0.411632,100
363,482,13.189250,9.538369,100
363,483,13.189250,9.588369,100
97,367,-0.110750,3.788369,100
309,512,10.489250,11.038369,100
159,382,2.989250,4.538369,100
160,382,3.039250,4.538369,100
160,383,3.039250,4.588369,100
161,382,3.089250,4.538369,100
134,329,1.739250,1.888369,100
135,330,1.789250,1.938369,100
425,278,16.289250,-0.661632,100
426,277,16.339250,-0.711632,100
271,220,8.589250,-3.561632,100
409,448,15.489250,7.838369,100
409,449,15.489250,7.888369,100
410,449,15.539250,7.888369,100
98,372,-0.060750,4.038369,100
99,373,-0.010750,4.088369,100
100,372,0.039250,4.038369,100
427,282,16.389250,-0.461632,100
428,283,16.439250,-0.411632,100
429,282,16.489250,-0.461632,100
410,113,15.539250,-8.911632,100
411,114,15.589250,-8.861632,100
412,113,15.639250,-8.911632,100
446,152,17.339250,-6.961632,100
447,151,17.389250,-7.011632,100
447,152,17.389250,-6.961632,100
447,153,17.389250,-6.911632,100
448,152,17.439250,-6.961632,100
445,336,17.289250,2.238369,100
447,336,17.389250,2.238369,100
285,153,9.289250,-6.911632,100
479,284,18.989250,-0.361632,100
317,221,10.889250,-3.511632,100
317,222,10.889250,-3.461632,100
231,183,6.589250,-5.411632,100
195,344,4.789250,2.638369,100
195,345,4.789250,2.688369,100
100,374,0.039250,4.138369,100
429,283,16.489250,-0.411632,100
369,233,13.489250,-2.911632,100
348,174,12.439250,-5.861632,100
349,173,12.489250,-5.911632,100
349,175,12.489250,-5.811632,100
434,177,16.739250,-5.711632,100
109,386,0.489250,4.738369,100
110,387,0.539250,4.788369,100
111,386,0.589250,4.738369,100
230,338,6.539250,2.338369,100
230,340,6.539250,2.438369,100
296,514,9.839250,11.138369,100
135,329,1.789250,1.888369,100
361,229,13.089250,-3.111632,100
362,228,13.139250,-3.161632,100
362,229,13.139250,-3.111632,100
362,230,13.139250,-3.061632,100
436,179,16.839250,-5.611632,100
437,178,16.889250,-5.661632,100
214,213,5.739250,-3.911632,100
214,215,5.739250,-3.811632,100
190,347,4.539250,2.788369,100
191,346,4.589250,2.738369,100
191,347,4.589250,2.788369,100
191,348,4.589250,2.838369,100
192,347,4.639250,2.788369,100
396,452,14.839250,8.038369,100
397,451,14.889250,7.988369,100
397,452,14.889250,8.038369,100
397,453,14.889250,8.088369,100
398,452,14.939250,8.038369,100
386,142,14.339250,-7.461632,100
387,141,14.389250,-7.511632,100
388,142,14.439250,-7.461632,100
167,363,3.389250,3.588369,100
168,362,3.439250,3.538369,100
168,363,3.439250,3.588369,100
168,364,3.439250,3.638369,100
169,363,3.489250,3.588369,100
335,176,11.789250,-5.761632,100
336,175,11.839250,-5.811632,100
266,342,8.339250,2.538369,100
267,341,8.389250,2.488369,100
171,333,3.589250,2.088369,100
172,332,3.639250,2.038369,100
173,333,3.689250,2.088369,100
367,165,13.389250,-6.311632,100
368,164,13.439250,-6.361632,100
368,166,13.439250,-6.261632,100
199,207,4.989250,-4.211632,100
199,208,4.989250,-4.161632,100
249,518,7.489250,11.338369,100
250,517,7.539250,11.288369,100
250,518,7.539250,11.338369,100
250,519,7.539250,11.388369,100
251,518,7.589250,11.338369,100
346,227,12.339250,-3.211632,100
264,152,8.239250,-6.961632,100
265,152,8.289250,-6.961632,100
265,153,8.289250,-6.911632,100
391,113,14.589250,-8.911632,100
392,114,14.639250,-8.861632,100
393,113,14.689250,-8.911632,100
337,178,11.889250,-5.661632,100
181,459,4.089250,8.388369,100
138,421,1.939250,6.488369,100
139,422,1.989250,6.538369,100
140,421,2.039250,6.488369,100
326,512,11.339250,11.038369,100
326,513,11.339250,11.088369,100
326,514,11.339250,11.138369,100
327,513,11.389250,11.088369,100
394,118,14.739250,-8.661632,100
395,118,14.789250,-8.661632,100
395,119,14.789250,-8.611632,100
420,439,16.039250,7.388369,100
421,440,16.089250,7.438369,100
445,349,17.289250,2.888369,100
446,349,17.339250,2.888369,100
446,350,17.339250,2.938369,100
114,329,0.739250,1.888369,100
115,328,0.789250,1.838369,100
115,329,0.789250,1.888369,100
115,330,0.789250,1.938369,100
116,329,0.839250,1.888369,100
323,508,11.189250,10.838369,100
324,507,11.239250,10.788369,100
431,185,16.589250,-5.311632,100
432,184,16.639250,-5.361632,100
432,185,16.639250,-5.311632,100
432,186,16.639250,-5.261632,100
62,322,-1.860750,1.538369,100
63,323,-1.810750,1.588369,100
140,422,2.039250,6.538369,100
140,423,2.039250,6.588369,100
141,422,2.089250,6.538369,100
441,315,17.089250,1.188368,100
212,492,5.639250,10.038369,100
213,491,5.689250,9.988369,100
214,492,5.739250,10.038369,100
363,170,13.189250,-6.061632,100
363,172,13.189250,-5.961632,100
364,171,13.239250,-6.011632,100
376,69,13.839250,-11.111632,100
377,70,13.889250,-11.061632,100
378,69,13.939250,-11.111632,100
183,465,4.189250,8.688369,100
184,464,4.239250,8.638369,100
184,465,4.239250,8.688369,100
184,466,4.239250,8.738369,100
185,465,4.289250,8.688369,100
412,437,15.639250,7.288369,100
413,437,15.689250,7.288369,100
413,438,15.689250,7.338369,100
209,337,5.489250,2.288369,100
210,336,5.539250,2.238369,100
210,337,5.539250,2.288369,100
210,338,5.539250,2.338369,100
211,337,5.589250,2.288369,100
350,496,12.539250,10.238369,100
350,497,12.539250,10.288369,100
351,497,12.589250,10.288369,100
116,330,0.839250,1.938369,100
116,331,0.839250,1.988369,100
287,522,9.389250,11.538369,100
288,523,9.439250,11.588369,100
289,522,9.489250,11.538369,100
238,177,6.939250,-5.711632,100
156,407,2.839250,5.788369,100
427,416,16.389250,6.238369,100
428,416,16.439250,6.238369,100
428,417,16.439250,6.288369,100
443,317,17.189250,1.288368,100
444,316,17.239250,1.238368,100
179,351,3.989250,2.988369,100
180,350,4.039250,2.938369,100
180,351,4.039250,2.988369,100
180,352,4.039250,3.038369,100
181,351,4.089250,2.988369,100
164,451,3.239250,7.988369,100
165,450,3.289250,7.938369,100
165,451,3.289250,7.988369,100
165,452,3.289250,8.038369,100
166,451,3.339250,7.988369,100
289,222,9.489250,-3.461632,100
493,361,19.689250,3.488369,100
494,362,19.739250,3.538369,100
495,361,19.789250,3.488369,100
439,390,16.989250,4.938369,100
440,391,17.039250,4.988369,100
261,160,8.089250,-6.561632,100
429,197,16.489250,-4.711632,100
430,198,16.539250,-4.661632,100
431,197,16.589250,-4.711632,100
370,66,13.539250,-11.261632,100
358,173,12.939250,-5.911632,100
359,173,12.989250,-5.911632,100
359,174,12.989250,-5.861632,100
360,173,13.039250,-5.911632,100
458,260,17.939250,-1.561632,100
459,259,17.989250,-1.611632,100
459,260,17.989250,-1.561632,100
459,261,17.989250,-1.511632,100
460,260,18.039250,-1.561632,100
214,491,5.739250,9.988369,100
342,499,12.139250,10.388369,100
343,498,12.189250,10.338369,100
206,488,5.339250,9.838369,100
206,489,5.339250,9.888369,100
100,326,0.039250,1.738369,100
409,443,15.489250,7.588369,100
441,391,17.089250,4.988369,100
441,392,17.089250,5.038369,100
442,391,17.139250,4.988369,100
234,177,6.739250,-5.711632,100
234,178,6.739250,-5.661632,100
344,503,12.239250,10.588369,100
345,503,12.289250,10.588369,100
345,504,12.289250,10.638369,100
448,250,17.439250,-2.061632,100
460,261,18.039250,-1.511632,100
460,262,18.039250,-1.461632,100
461,261,18.089250,-1.511632,100
311,509,10.589250,10.888369,100
447,326,17.389250,1.738369,100
391,126,14.589250,-8.261632,100
392,126,14.639250,-8.261632,100
392,127,14.639250,-8.211632,100
393,126,14.689250,-8.261632,100
431,198,16.589250,-4.661632,100
432,197,16.639250,-4.711632,100
80,348,-0.960750,2.838369,100
80,349,-0.960750,2.888369,100
81,348,-0.910750,2.838369,100
389,465,14.489250,8.688369,100
389,467,14.489250,8.788369,100
454,411,17.739250,5.988369,100
455,410,17.789250,5.938369,100
455,411,17.789250,5.988369,100
455,412,17.789250,6.038369,100
395,131,14.789250,-8.011632,100
396,131,14.839250,-8.011632,100
337,500,11.889250,10.438369,100
338,501,11.939250,10.488369,100
339,500,11.989250,10.438369,100
406,105,15.339250,-9.311632,100
407,104,15.389250,-9.361632,100
407,105,15.389250,-9.311632,100
407,106,15.389250,-9.261632,100
408,105,15.439250,-9.311632,100
403,445,15.189250,7.688369,100
404,445,15.239250,7.688369,100
404,446,15.239250,7.738369,100
423,423,16.189250,6.588369,100
424,424,16.239250,6.638369,100
425,423,16.289250,6.588369,100
372,234,13.639250,-2.861632,100
373,233,13.689250,-2.911632,100
175,358,3.789250,3.338369,100
176,358,3.839250,3.338369,100
176,359,3.839250,3.388369,100
315,515,10.789250,11.188369,100
315,517,10.789250,11.288369,100
81,349,-0.910750,2.888369,100
410,259,15.539250,-1.611632,100
410,260,15.539250,-1.561632,100
411,259,15.589250,-1.611632,100
153,419,2.689250,6.388369,100
418,121,15.939250,-8.511632,100
199,340,4.989250,2.438369,100
199,342,4.989250,2.538369,100
200,341,5.039250,2.488369,100
320,221,11.039250,-3.511632,100
320,223,11.039250,-3.411632,100
405,446,15.289250,7.738369,100
405,447,15.289250,7.788369,100
406,446,15.339250,7.738369,100
436,398,16.839250,5.338369,100
450,418,17.539250,6.338369,100
429,210,16.489250,-4.061632,100
430,210,16.539250,-4.061632,100
430,211,16.539250,-4.011632,100
431,210,16.589250,-4.061632,100
361,487,13.089250,9.788369,100
361,488,13.089250,9.838369,100
362,488,13.139250,9.838369,100
285,345,9.289250,2.688369,100
286,344,9.339250,2.638369,100
286,345,9.339250,2.688369,100
286,346,9.339250,2.738369,100
287,345,9.389250,2.688369,100
158,424,2.939250,6.638369,100
158,425,2.939250,6.688369,100
159,425,2.989250,6.688369,100
207,202,5.389250,-4.461632,100
233,338,6.689250,2.338369,100
233,340,6.689250,2.438369,100
257,512,7.889250,11.038369,100
258,512,7.939250,11.038369,100
258,513,7.939250,11.088369,100
488,300,19.439250,0.438368,100
488,301,19.439250,0.488368,100
421,126,16.089250,-8.261632,100
422,125,16.139250,-8.311632,100
422,126,16.139250,-8.261632,100
422,127,16.139250,-8.211632,100
423,126,16.189250,-8.261632,100
268,521,8.439250,11.488369,100
269,520,8.489250,11.438369,100
269,521,8.489250,11.488369,100
269,522,8.489250,11.538369,100
270,521,8.539250,11.488369,100
263,217,8.189250,-3.711632,100
263,219,8.189250,-3.611632,100
174,334,3.739250,2.138369,100
175,333,3.789250,2.088369,100
175,334,3.789250,2.138369,100
175,335,3.789250,2.188369,100
176,334,3.839250,2.138369,100
119,398,0.989250,5.338369,100
120,399,1.039250,5.388369,100
121,398,1.089250,5.338369,100
79,325,-1.010750,1.688369,100
80,324,-0.960750,1.638369,100
333,507,11.689250,10.788369,100
334,506,11.739250,10.738369,100
334,507,11.739250,10.788369,100
334,508,11.739250,10.838369,100
335,507,11.789250,10.788369,100
370,163,13.539250,-6.411632,100
370,164,13.539250,-6.361632,100
371,164,13.589250,-6.361632,100
489,302,19.489250,0.538368,100
394,108,14.739250,-9.161632,100
395,107,14.789250,-9.211632,100
395,108,14.789250,-9.161632,100
395,109,14.789250,-9.111632,100
396,108,14.839250,-9.161632,100
251,508,7.589250,10.838369,100
251,510,7.589250,10.938369,100
252,509,7.639250,10.888369,100
420,431,16.039250,6.988369,100
204,213,5.239250,-3.911632,100
205,212,5.289250,-3.961632,100
205,213,5.289250,-3.911632,100
205,214,5.289250,-3.861632,100
206,213,5.339250,-3.911632,100
445,339,17.289250,2.388369,100
492,305,19.639250,0.688368,100
492,306,19.639250,0.738368,100
493,306,19.689250,0.738368,100
302,519,10.139250,11.388369,100
303,518,10.189250,11.338369,100
228,341,6.439250,2.488369,100
229,341,6.489250,2.488369,100
229,342,6.489250,2.538369,100
230,341,6.539250,2.488369,100
270,341,8.539250,2.488369,100
270,343,8.539250,2.588369,100
245,168,7.289250,-6.161632,100
245,169,7.289250,-6.111632,100
121,399,1.089250,5.388369,100
121,400,1.089250,5.438369,100
122,399,1.139250,5.388369,100
81,327,-0.910750,1.788369,100
445,378,17.289250,4.338369,100
444,149,17.239250,-7.111632,100
299,221,9.989250,-3.511632,100
300,220,10.039250,-3.561632,100
300,221,10.039250,-3.511632,100
300,222,10.039250,-3.461632,100
301,221,10.089250,-3.511632,100
385,144,14.289250,-7.361632,100
162,435,3.139250,7.188369,100
254,518,7.739250,11.338369,100
254,520,7.739250,11.438369,100
145,428,2.289250,6.838369,100
146,427,2.339250,6.788369,100
146,428,2.339250,6.838369,100
146,429,2.339250,6.888369,100
147,428,2.389250,6.838369,100
164,441,3.239250,7.488369,100
165,440,3.289250,7.438369,100
165,441,3.289250,7.488369,100
165,442,3.289250,7.538369,100
166,441,3.339250,7.488369,100
301,222,10.089250,-3.461632,100
301,223,10.089250,-3.411632,100
495,317,19.789250,1.288368,100
496,316,19.839250,1.238368,100
206,212,5.339250,-3.961632,100
206,214,5.339250,-3.861632,100
207,213,5.389250,-3.911632,100
117,329,0.889250,1.888369,100
118,328,0.939250,1.838369,100
175,456,3.789250,8.238369,100
176,457,3.839250,8.288369,100
235,506,6.789250,10.738369,100
226,501,6.339250,10.488369,100
227,502,6.389250,10.538369,100
308,345,10.439250,2.688369,100
308,347,10.439250,2.788369,100
437,231,16.889250,-3.011632,100
437,232,16.889250,-2.961632,100
438,231,16.939250,-3.011632,100
385,76,14.289250,-10.761632,100
353,497,12.689250,10.288369,100
353,498,12.689250,10.338369,100
119,331,0.989250,1.988369,100
418,442,15.939250,7.538369,100
419,443,15.989250,7.588369,100
337,225,11.889250,-3.311632,100
338,226,11.939250,-3.261632,100
242,216,7.139250,-3.761632,100
243,215,7.189250,-3.811632,100
243,216,7.189250,-3.761632,100
243,217,7.189250,-3.711632,100
244,216,7.239250,-3.761632,100
209,490,5.489250,9.938369,100
228,503,6.439250,10.588369,100
60,325,-1.960750,1.688369,100
61,325,-1.910750,1.688369,100
61,326,-1.910750,1.738369,100
309,348,10.489250,2.838369,100
346,493,12.339250,10.088369,100
346,495,12.339250,10.188369,100
381,151,14.089250,-7.011632,100
382,151,14.139250,-7.011632,100
382,152,14.139250,-6.961632,100
387,82,14.389250,-10.461632,100
388,81,14.439250,-10.511632,100
388,82,14.439250,-10.461632,100
388,83,14.439250,-10.411632,100
389,82,14.489250,-10.461632,100
320,177,11.039250,-5.711632,100
251,343,7.589250,2.588369,100
368,477,13.439250,9.288369,100
369,477,13.489250,9.288369,100
369,478,13.489250,9.338369,100
370,477,13.539250,9.288369,100
62,326,-1.860750,1.738369,100
181,471,4.089250,8.988369,100
182,470,4.139250,8.938369,100
182,471,4.139250,8.988369,100
182,472,4.139250,9.038369,100
183,471,4.189250,8.988369,100
397,95,14.889250,-9.811632,100
398,96,14.939250,-9.761632,100
368,68,13.439250,-11.161632,100
369,67,13.489250,-11.211632,100
369,68,13.489250,-11.161632,100
369,69,13.489250,-11.111632,100
370,68,13.539250,-11.161632,100
73,339,-1.310750,2.388369,100
157,379,2.889250,4.388369,100
231,513,6.589250,11.088369,100
313,174,10.689250,-5.861632,100
156,334,2.839250,2.138369,100
157,334,2.889250,2.138369,100
157,335,2.889250,2.188369,100
158,334,2.939250,2.138369,100
183,472,4.189250,9.038369,100
223,509,6.189250,10.888369,100
384,461,14.239250,8.488369,100
304,169,10.239250,-6.111632,100
305,168,10.289250,-6.161632,100
306,169,10.339250,-6.111632,100
154,410,2.739250,5.938369,100
155,410,2.789250,5.938369,100
155,411,2.789250,5.988369,100
156,410,2.839250,5.938369,100
415,265,15.789250,-1.311632,100
416,266,15.839250,-1.261632,100
417,265,15.889250,-1.311632,100
288,346,9.439250,2.738369,100
289,345,9.489250,2.688369,100
280,220,9.039250,-3.561632,100
281,219,9.089250,-3.611632,100
281,220,9.089250,-3.561632,100
281,221,9.089250,-3.511632,100
282,220,9.139250,-3.561632,100
76,345,-1.160750,2.688369,100
76,346,-1.160750,2.738369,100
444,328,17.239250,1.838369,100
445,329,17.289250,1.888369,100
392,138,14.639250,-7.661632,100
393,139,14.689250,-7.611632,100
394,138,14.739250,-7.661632,100
417,266,15.889250,-1.261632,100
417,267,15.889250,-1.211632,100
418,266,15.939250,-1.261632,100
387,468,14.389250,8.838369,100
388,468,14.439250,8.838369,100
388,469,14.439250,8.888369,100
389,468,14.489250,8.838369,100
349,176,12.489250,-5.761632,100
350,176,12.539250,-5.761632,100
350,177,12.539250,-5.711632,100
351,176,12.589250,-5.761632,100
424,125,16.239250,-8.311632,100
424,126,16.239250,-8.261632,100
425,125,16.289250,-8.311632,100
141,330,2.089250,1.938369,100
454,412,17.739250,6.038369,100
454,413,17.739250,6.088369,100
455,413,17.789250,6.088369,100
469,276,18.489250,-0.761632,100
469,277,18.489250,-0.711632,100
470,276,18.539250,-0.761632,100
271,522,8.589250,11.538369,100
272,523,8.639250,11.588369,100
427,278,16.389250,-0.661632,100
428,279,16.439250,-0.611632,100
102,374,0.139250,4.138369,100
289,346,9.489250,2.738369,100
290,345,9.539250,2.688369,100
425,126,16.289250,-8.261632,100
470,277,18.539250,-0.711632,100
374,159,13.739250,-6.611632,100
374,160,13.739250,-6.561632,100
375,160,13.789250,-6.561632,100
425,436,16.289250,7.238369,100
426,437,16.339250,7.288369,100
427,436,16.389250,7.238369,100
266,217,8.339250,-3.711632,100
102,376,0.139250,4.238369,100
103,375,0.189250,4.188369,100
431,286,16.589250,-0.261632,100
432,285,16.639250,-0.311632,100
328,503,11.439250,10.588369,100
329,502,11.489250,10.538369,100
154,387,2.739250,4.788369,100
155,387,2.789250,4.788369,100
155,388,2.789250,4.838369,100
208,212,5.439250,-3.961632,100
208,214,5.439250,-3.861632,100
441,151,17.089250,-7.011632,100
442,150,17.139250,-7.061632,100
442,151,17.139250,-7.011632,100
442,152,17.139250,-6.961632,100
443,151,17.189250,-7.011632,100
306,518,10.339250,11.338369,100
306,520,10.339250,11.438369,100
231,341,6.589250,2.488369,100
232,341,6.639250,2.488369,100
232,342,6.639250,2.538369,100
388,145,14.439250,-7.311632,100
130,329,1.539250,1.888369,100
130,330,1.539250,1.938369,100
189,344,4.489250,2.638369,100
190,343,4.539250,2.588369,100
190,345,4.539250,2.688369,100
330,505,11.539250,10.688369,100
375,471,13.789250,8.988369,100
376,471,13.839250,8.988369,100
376,472,13.839250,9.038369,100
377,471,13.889250,8.988369,100
390,105,14.539250,-9.311632,100
391,104,14.589250,-9.361632,100
391,105,14.589250,-9.311632,100
391,106,14.589250,-9.261632,100
392,105,14.639250,-9.311632,100
302,221,10.139250,-3.511632,100
303,220,10.189250,-3.561632,100
444,381,17.239250,4.488369,100
469,398,18.489250,5.338369,100
470,398,18.539250,5.338369,100
333,508,11.689250,10.838369,100
333,509,11.689250,10.888369,100
334,509,11.739250,10.888369,100
443,152,17.189250,-6.961632,100
443,153,17.189250,-6.911632,100
444,152,17.239250,-6.961632,100
220,188,6.039250,-5.161632,100
221,187,6.089250,-5.211632,100
418,432,15.939250,7.038369,100
419,432,15.989250,7.038369,100
419,433,15.989250,7.088369,100
420,432,16.039250,7.038369,100
290,512,9.539250,11.038369,100
291,511,9.589250,10.988369,100
291,512,9.589250,11.038369,100
291,513,9.589250,11.088369,100
292,512,9.639250,11.038369,100
446,351,17.339250,2.988369,100
447,350,17.389250,2.938369,100
448,351,17.439250,2.988369,100
432,187,16.639250,-5.211632,100
437,302,16.889250,0.538368,100
438,302,16.939250,0.538368,100
438,303,16.939250,0.588368,100
439,302,16.989250,0.538368,100
268,344,8.439250,2.638369,100
269,344,8.489250,2.638369,100
269,345,8.489250,2.688369,100
270,344,8.539250,2.638369,100
304,223,10.239250,-3.411632,100
369,167,13.489250,-6.211632,100
370,167,13.539250,-6.211632,100
370,168,13.539250,-6.161632,100
152,398,2.639250,5.338369,100
154,398,2.739250,5.338369,100
164,372,3.239250,4.038369,100
165,373,3.289250,4.088369,100
166,372,3.339250,4.038369,100
245,217,7.289250,-3.711632,100
246,218,7.339250,-3.661632,100
433,222,16.689250,-3.461632,100
433,223,16.689250,-3.411632,100
434,223,16.739250,-3.411632,100
162,448,3.139250,7.838369,100
163,447,3.189250,7.788369,100
164,448,3.239250,7.838369,100
384,146,14.239250,-7.261632,100
385,146,14.289250,-7.261632,100
385,147,14.289250,-7.211632,100
181,461,4.089250,8.488369,100
182,460,4.139250,8.438369,100
183,461,4.189250,8.488369,100
311,345,10.589250,2.688369,100
466,404,18.339250,5.638369,100
445,162,17.289250,-6.461632,100
446,163,17.339250,-6.411632,100
434,232,16.739250,-2.961632,100
435,233,16.789250,-2.911632,100
436,232,16.839250,-2.961632,100
341,226,12.089250,-3.261632,100
440,312,17.039250,1.038368,100
231,501,6.589250,10.488369,100
391,456,14.589250,8.238369,100
392,457,14.639250,8.288369,100
183,463,4.189250,8.588369,100
184,462,4.239250,8.538369,100
223,499,6.189250,10.388369,100
214,494,5.739250,10.138369,100
215,495,5.789250,10.188369,100
395,460,14.789250,8.438369,100
395,461,14.789250,8.488369,100
396,461,14.839250,8.488369,100
496,329,19.839250,1.888369,100
498,329,19.939250,1.888369,100
460,406,18.039250,5.738369,100
461,406,18.089250,5.738369,100
461,407,18.089250,5.788369,100
323,177,11.189250,-5.711632,100
212,341,5.639250,2.488369,100
213,340,5.689250,2.438369,100
213,341,5.689250,2.488369,100
213,342,5.689250,2.538369,100
214,341,5.739250,2.488369,100
192,475,4.639250,9.188369,100
193,476,4.689250,9.238369,100
254,343,7.739250,2.588369,100
204,337,5.239250,2.288369,100
205,336,5.289250,2.238369,100
205,337,5.289250,2.288369,100
205,338,5.289250,2.338369,100
206,337,5.339250,2.288369,100
436,233,16.839250,-2.911632,100
436,234,16.839250,-2.861632,100
216,496,5.839250,10.238369,100
182,352,4.139250,3.038369,100
182,353,4.139250,3.088369,100
183,353,4.189250,3.088369,100
405,102,15.289250,-9.461632,100
406,102,15.339250,-9.461632,100
162,379,3.139250,4.388369,100
449,253,17.489250,-1.911632,100
450,254,17.539250,-1.861632,100
451,253,17.589250,-1.911632,100
461,262,18.089250,-1.461632,100
461,263,18.089250,-1.411632,100
462,262,18.139250,-1.461632,100
446,364,17.339250,3.638369,100
447,365,17.389250,3.688369,100
448,364,17.439250,3.638369,100
380,153,14.039250,-6.911632,100
381,152,14.089250,-6.961632,100
381,153,14.089250,-6.911632,100
381,154,14.089250,-6.861632,100
382,153,14.139250,-6.911632,100
409,256,15.489250,-1.761632,100
432,429,16.639250,6.888369,100
433,428,16.689250,6.838369,100
299,165,9.989250,-6.311632,100
300,164,10.039250,-6.361632,100
300,165,10.039250,-6.311632,100
300,166,10.039250,-6.261632,100
301,165,10.089250,-6.311632,100
81,351,-0.910750,2.988369,100
83,351,-0.810750,2.988369,100
373,69,13.689250,-11.111632,100
451,254,17.589250,-1.861632,100
451,255,17.589250,-1.811632,100
452,254,17.639250,-1.861632,100
152,411,2.639250,5.988369,100
153,411,2.689250,5.988369,100
153,412,2.689250,6.038369,100
154,411,2.739250,5.988369,100
290,155,9.539250,-6.811632,100
462,263,18.139250,-1.411632,100
462,264,18.139250,-1.361632,100
463,263,18.189250,-1.411632,100
200,493,5.039250,10.088369,100
434,431,16.739250,6.988369,100
301,166,10.089250,-6.261632,100
301,167,10.089250,-6.211632,100
302,166,10.139250,-6.261632,100
292,347,9.639250,2.788369,100
83,353,-0.810750,3.088369,100
84,352,-0.760750,3.038369,100
197,338,4.889250,2.338369,100
275,521,8.789250,11.488369,100
275,523,8.789250,11.588369,100
477,391,18.889250,4.988369,100
389,94,14.489250,-9.861632,100
390,93,14.539250,-9.911632,100
390,94,14.539250,-9.861632,100
390,95,14.539250,-9.811632,100
391,94,14.589250,-9.861632,100
290,156,9.539250,-6.761632,100
92,365,-0.360750,3.688369,100
93,366,-0.310750,3.738369,100
273,148,8.689250,-7.161632,100
274,147,8.739250,-7.211632,100
274,148,8.739250,-7.161632,100
274,149,8.739250,-7.111632,100
275,148,8.789250,-7.161632,100
264,511,8.239250,10.988369,100
430,431,16.539250,6.988369,100
430,432,16.539250,7.038369,100
431,432,16.589250,7.038369,100
496,342,19.839250,2.538369,100
497,342,19.889250,2.538369,100
497,343,19.889250,2.588369,100
498,342,19.939250,2.538369,100
423,127,16.189250,-8.211632,100
423,128,16.189250,-8.161632,100
424,127,16.239250,-8.211632,100
140,334,2.039250,2.138369,100
428,207,16.439250,-4.211632,100
446,341,17.339250,2.488369,100
448,341,17.439250,2.488369,100
332,504,11.639250,10.638369,100
333,503,11.689250,10.588369,100
406,451,15.339250,7.988369,100
156,422,2.839250,6.538369,100
157,422,2.889250,6.538369,100
157,423,2.889250,6.588369,100
158,422,2.939250,6.538369,100
358,228,12.939250,-3.161632,100
359,227,12.989250,-3.211632,100
360,228,13.039250,-3.161632,100
235,342,6.789250,2.538369,100
491,302,19.589250,0.538368,100
467,400,18.389250,5.438369,100
468,399,18.439250,5.388369,100
468,400,18.439250,5.438369,100
468,401,18.439250,5.488369,100
469,400,18.489250,5.438369,100
133,329,1.689250,1.888369,100
435,407,16.789250,5.788369,100
394,105,14.739250,-9.311632,100
394,106,14.739250,-9.261632,100
395,105,14.789250,-9.311632,100
306,220,10.339250,-3.561632,100
162,438,3.139250,7.338369,100
164,438,3.239250,7.338369,100
212,215,5.639250,-3.811632,100
74,325,-1.260750,1.688369,100
75,324,-1.210750,1.638369,100
75,325,-1.210750,1.688369,100
75,326,-1.210750,1.738369,100
76,325,-1.160750,1.688369,100
491,304,19.589250,0.638368,100
492,303,19.639250,0.588368,100
360,227,13.039250,-3.211632,100
361,228,13.089250,-3.161632,100
387,147,14.389250,-7.211632,100
334,175,11.739250,-5.811632,100
177,337,3.889250,2.288369,100
178,337,3.939250,2.288369,100
178,338,3.939250,2.338369,100
122,401,1.139250,5.488369,100
123,400,1.189250,5.438369,100
123,401,1.189250,5.488369,100
123,402,1.189250,5.538369,100
124,401,1.239250,5.488369,100
169,333,3.489250,2.088369,100
170,332,3.539250,2.038369,100
170,333,3.539250,2.088369,100
170,334,3.539250,2.138369,100
441,383,17.089250,4.588369,100
442,384,17.139250,4.638369,100
249,218,7.489250,-3.661632,100
175,452,3.789250,8.038369,100
351,489,12.589250,9.888369,100
352,488,12.639250,9.838369,100
352,489,12.639250,9.888369,100
352,490,12.639250,9.938369,100
353,489,12.689250,9.888369,100
220,189,6.039250,-5.111632,100
220,190,6.039250,-5.061632,100
221,190,6.089250,-5.061632,100
226,498,6.339250,10.338369,100
177,458,3.889250,8.338369,100
76,324,-1.160750,1.638369,100
76,326,-1.160750,1.738369,100
77,325,-1.110750,1.688369,100
247,517,7.389250,11.288369,100
248,516,7.439250,11.238369,100
248,517,7.439250,11.288369,100
248,518,7.439250,11.338369,100
249,517,7.489250,11.288369,100
214,340,5.739250,2.438369,100
215,339,5.789250,2.388369,100
215,340,5.789250,2.438369,100
215,341,5.789250,2.488369,100
295,219,9.789250,-3.611632,100
295,220,9.789250,-3.561632,100
296,220,9.839250,-3.561632,100
375,479,13.789250,9.388369,100
112,329,0.639250,1.888369,100
113,330,0.689250,1.938369,100
321,506,11.089250,10.738369,100
441,239,17.089250,-2.611632,100
442,238,17.139250,-2.661632,100
443,239,17.189250,-2.611632,100
440,423,17.039250,6.588369,100
447,354,17.389250,3.138369,100
448,354,17.439250,3.138369,100
335,175,11.789250,-5.811632,100
389,457,14.489250,8.288369,100
390,456,14.539250,8.238369,100
391,457,14.589250,8.288369,100
257,158,7.889250,-6.661632,100
258,158,7.939250,-6.661632,100
258,159,7.939250,-6.611632,100
208,336,5.439250,2.238369,100
208,337,5.439250,2.288369,100
152,401,2.639250,5.488369,100
153,401,2.689250,5.488369,100
153,402,2.689250,5.538369,100
154,401,2.739250,5.488369,100
384,154,14.239250,-6.861632,100
480,386,19.039250,4.738369,100
480,387,19.039250,4.788369,100
481,387,19.089250,4.788369,100
211,492,5.589250,10.038369,100
212,491,5.639250,9.988369,100
325,512,11.289250,11.038369,100
325,514,11.289250,11.138369,100
371,479,13.589250,9.388369,100
371,480,13.589250,9.438369,100
372,480,13.639250,9.438369,100
316,509,10.839250,10.888369,100
317,508,10.889250,10.838369,100
317,509,10.889250,10.888369,100
317,510,10.889250,10.938369,100
318,509,10.939250,10.888369,100
391,459,14.589250,8.388369,100
392,458,14.639250,8.338369,100
453,253,17.689250,-1.911632,100
453,254,17.689250,-1.861632,100
454,253,17.739250,-1.911632,100
302,345,10.139250,2.688369,100
303,344,10.189250,2.638369,100
303,345,10.189250,2.688369,100
303,346,10.189250,2.738369,100
304,345,10.239250,2.688369,100
370,71,13.539250,-11.011632,100
371,70,13.589250,-11.061632,100
371,71,13.589250,-11.011632,100
371,72,13.589250,-10.961632,100
372,71,13.639250,-11.011632,100
389,84,14.489250,-10.361632,100
390,83,14.539250,-10.411632,100
390,84,14.539250,-10.361632,100
390,85,14.539250,-10.311632,100
391,84,14.589250,-10.361632,100
314,175,10.739250,-5.811632,100
332,224,11.639250,-3.361632,100
333,223,11.689250,-3.411632,100
333,224,11.689250,-3.361632,100
333,225,11.689250,-3.311632,100
334,224,11.739250,-3.361632,100
200,338,5.039250,2.338369,100
200,339,5.039250,2.388369,100
201,338,5.089250,2.338369,100
64,328,-1.760750,1.838369,100
65,328,-1.710750,1.838369,100
202,343,5.139250,2.588369,100
203,343,5.189250,2.588369,100
203,344,5.189250,2.638369,100
356,172,12.839250,-5.961632,100
357,171,12.889250,-6.011632,100
357,172,12.889250,-5.961632,100
357,173,12.889250,-5.911632,100
358,172,12.939250,-5.961632,100
496,332,19.839250,2.038369,100
497,332,19.889250,2.038369,100
497,333,19.889250,2.088369,100
498,332,19.939250,2.038369,100
309,509,10.489250,10.888369,100
159,381,2.989250,4.488369,100
161,381,3.089250,4.488369,100
474,393,18.739250,5.088369,100
475,393,18.789250,5.088369,100
475,394,18.789250,5.138369,100
296,162,9.839250,-6.461632,100
297,162,9.889250,-6.461632,100
185,474,4.289250,9.138369,100
186,474,4.339250,9.138369,100
306,171,10.339250,-6.011632,100
307,172,10.389250,-5.961632,100
150,332,2.539250,2.038369,100
151,331,2.589250,1.988369,100
151,332,2.589250,2.038369,100
151,333,2.589250,2.088369,100
77,348,-1.110750,2.838369,100
78,349,-1.060750,2.888369,100
254,166,7.739250,-6.261632,100
255,165,7.789250,-6.311632,100
381,85,14.089250,-10.311632,100
278,521,8.939250,11.488369,100
278,523,8.939250,11.588369,100
384,90,14.239250,-10.061632,100
385,91,14.289250,-10.011632,100
386,90,14.339250,-10.061632,100
425,128,16.289250,-8.161632,100
426,129,16.339250,-8.111632,100
427,128,16.389250,-8.161632,100
443,325,17.189250,1.688369,100
276,148,8.839250,-7.161632,100
277,147,8.889250,-7.211632,100
277,148,8.889250,-7.161632,100
277,149,8.889250,-7.111632,100
476,394,18.839250,5.138369,100
476,395,18.839250,5.188369,100
477,394,18.889250,5.138369,100
297,163,9.889250,-6.411632,100
297,164,9.889250,-6.361632,100
298,163,9.939250,-6.411632,100
207,499,5.389250,10.388369,100
430,282,16.539250,-0.461632,100
79,349,-1.010750,2.888369,100
79,350,-1.010750,2.938369,100
308,172,10.439250,-5.961632,100
308,173,10.439250,-5.911632,100
309,172,10.489250,-5.961632,100
304,512,10.239250,11.038369,100
305,513,10.289250,11.088369,100
306,512,10.339250,11.038369,100
418,268,15.939250,-1.161632,100
419,267,15.989250,-1.211632,100
419,268,15.989250,-1.161632,100
419,269,15.989250,-1.111632,100
420,268,16.039250,-1.161632,100
447,371,17.389250,3.988369,100
386,91,14.339250,-10.011632,100
386,92,14.339250,-9.961632,100
387,91,14.389250,-10.011632,100
318,221,10.939250,-3.511632,100
318,223,10.939250,-3.411632,100
254,511,7.739250,10.988369,100
255,512,7.789250,11.038369,100
256,511,7.839250,10.988369,100
249,167,7.489250,-6.211632,100
250,167,7.539250,-6.211632,100
250,168,7.539250,-6.161632,100
482,289,19.139250,-0.111632,100
483,288,19.189250,-0.161632,100
483,289,19.189250,-0.111632,100
483,290,19.189250,-0.061632,100
484,289,19.239250,-0.111632,100
288,158,9.439250,-6.661632,100
289,157,9.489250,-6.711632,100
289,158,9.489250,-6.661632,100
289,159,9.489250,-6.611632,100
290,158,9.539250,-6.661632,100
226,183,6.339250,-5.411632,100
227,182,6.389250,-5.461632,100
227,183,6.389250,-5.411632,100
227,184,6.389250,-5.361632,100
103,378,0.189250,4.338369,100
104,377,0.239250,4.288369,100
104,378,0.239250,4.338369,100
104,379,0.239250,4.388369,100
105,378,0.289250,4.338369,100
432,288,16.639250,-0.161632,100
433,287,16.689250,-0.211632,100
433,288,16.689250,-0.161632,100
433,289,16.689250,-0.111632,100
434,288,16.739250,-0.161632,100
344,175,12.239250,-5.811632,100
345,174,12.289250,-5.861632,100
345,175,12.289250,-5.811632,100
345,176,12.289250,-5.761632,100
346,175,12.339250,-5.811632,100
396,451,14.839250,7.988369,100
397,450,14.889250,7.938369,100
398,451,14.939250,7.988369,100
297,514,9.889250,11.138369,100
136,329,1.839250,1.888369,100
136,331,1.839250,1.988369,100
167,362,3.389250,3.538369,100
266,521,8.339250,11.488369,100
267,520,8.389250,11.438369,100
267,521,8.389250,11.488369,100
267,522,8.389250,11.538369,100
382,470,14.139250,8.938369,100
363,228,13.189250,-3.161632,100
363,230,13.189250,-3.061632,100
192,346,4.639250,2.738369,100
192,348,4.639250,2.838369,100
193,347,4.689250,2.788369,100
78,324,-1.060750,1.638369,100
78,325,-1.060750,1.688369,100
78,326,-1.060750,1.738369,100
156,389,2.839250,4.888369,100
157,389,2.889250,4.888369,100
157,390,2.889250,4.938369,100
256,512,7.839250,11.038369,100
257,511,7.889250,10.988369,100
337,175,11.889250,-5.811632,100
435,298,16.789250,0.338368,100
436,299,16.839250,0.388368,100
173,332,3.689250,2.038369,100
174,333,3.739250,2.088369,100
447,344,17.389250,2.638369,100
448,344,17.439250,2.638369,100
79,327,-1.010750,1.788369,100
432,409,16.639250,5.888369,100
433,409,16.689250,5.888369,100
433,410,16.689250,5.938369,100
251,517,7.589250,11.288369,100
251,519,7.589250,11.388369,100
252,518,7.639250,11.338369,100
398,450,14.939250,7.938369,100
399,451,14.989250,7.988369,100
445,348,17.289250,2.838369,100
202,212,5.139250,-3.961632,100
203,211,5.189250,-4.011632,100
203,212,5.189250,-3.961632,100
203,213,5.189250,-3.911632,100
204,212,5.239250,-3.961632,100
430,219,16.539250,-3.611632,100
431,220,16.589250,-3.561632,100
431,184,16.589250,-5.361632,100
432,183,16.639250,-5.411632,100
292,514,9.639250,11.138369,100
293,515,9.689250,11.188369,100
141,421,2.089250,6.488369,100
174,335,3.739250,2.188369,100
439,304,16.989250,0.638368,100
440,303,17.039250,0.588368,100
440,304,17.039250,0.638368,100
440,305,17.039250,0.688368,100
441,304,17.089250,0.638368,100
183,464,4.189250,8.638369,100
184,463,4.239250,8.588369,100
185,464,4.289250,8.638369,100
218,341,5.939250,2.488369,100
305,344,10.289250,2.638369,100
305,345,10.289250,2.688369,100
305,346,10.289250,2.738369,100
306,345,10.339250,2.688369,100
204,214,5.239250,-3.861632,100
116,328,0.839250,1.838369,100
370,473,13.539250,9.088369,100
370,474,13.539250,9.138369,100
196,208,4.839250,-4.161632,100
196,209,4.839250,-4.111632,100
197,209,4.889250,-4.111632,100
370,61,13.539250,-11.511632,100
371,60,13.589250,-11.561632,100
371,61,13.589250,-11.511632,100
371,62,13.589250,-11.461632,100
372,61,13.639250,-11.511632,100
444,315,17.239250,1.188368,100
328,512,11.439250,11.038369,100
318,508,10.939250,10.838369,100
319,509,10.989250,10.888369,100
252,517,7.639250,11.288369,100
143,427,2.189250,6.788369,100
144,427,2.239250,6.788369,100
144,428,2.239250,6.838369,100
145,427,2.289250,6.788369,100
211,336,5.589250,2.238369,100
211,338,5.589250,2.338369,100
117,331,0.889250,1.988369,100
437,236,16.889250,-2.761632,100
438,236,16.939250,-2.761632,100
438,237,16.939250,-2.711632,100
429,417,16.489250,6.288369,100
290,222,9.539250,-3.461632,100
240,216,7.039250,-3.761632,100
241,215,7.089250,-3.811632,100
241,216,7.089250,-3.761632,100
241,217,7.089250,-3.711632,100
439,425,16.989250,6.688369,100
440,425,17.039250,6.688369,100
440,426,17.039250,6.738369,100
442,390,17.139250,4.938369,100
495,326,19.789250,1.738369,100
496,327,19.839250,1.788369,100
306,344,10.339250,2.638369,100
289,520,9.489250,11.438369,100
432,196,16.639250,-4.761632,100
336,223,11.839250,-3.411632,100
336,224,11.839250,-3.361632,100
247,340,7.389250,2.438369,100
248,339,7.439250,2.388369,100
248,340,7.439250,2.438369,100
248,341,7.439250,2.488369,100
382,156,14.139250,-6.761632,100
383,157,14.189250,-6.711632,100
384,156,14.239250,-6.761632,100
207,487,5.389250,9.788369,100
154,334,2.739250,2.138369,100
391,125,14.589250,-8.311632,100
393,125,14.689250,-8.311632,100
374,72,13.739250,-10.961632,100
375,71,13.789250,-11.011632,100
375,72,13.789250,-10.961632,100
360,172,13.039250,-5.961632,100
361,172,13.089250,-5.961632,100
411,448,15.589250,7.838369,100
412,449,15.639250,7.888369,100
445,361,17.289250,3.488369,100
406,104,15.339250,-9.361632,100
407,103,15.389250,-9.411632,100
408,104,15.439250,-9.361632,100
258,160,7.939250,-6.561632,100
258,161,7.939250,-6.511632,100
259,161,7.989250,-6.511632,100
452,255,17.639250,-1.811632,100
452,256,17.639250,-1.761632,100
453,255,17.689250,-1.811632,100
273,514,8.689250,11.138369,100
274,513,8.739250,11.088369,100
274,514,8.739250,11.138369,100
274,515,8.739250,11.188369,100
275,514,8.789250,11.138369,100
309,171,10.489250,-6.011632,100
310,170,10.539250,-6.061632,100
310,171,10.539250,-6.011632,100
310,172,10.539250,-5.961632,100
311,171,10.589250,-6.011632,100
464,266,18.239250,-1.261632,100
410,257,15.539250,-1.711632,100
411,258,15.589250,-1.661632,100
235,177,6.789250,-5.711632,100
388,92,14.439250,-9.961632,100
389,91,14.489250,-10.011632,100
389,92,14.489250,-9.961632,100
389,93,14.489250,-9.911632,100
390,92,14.539250,-9.961632,100
279,220,8.989250,-3.561632,100
279,221,8.989250,-3.511632,100
453,256,17.689250,-1.761632,100
425,424,16.289250,6.638369,100
316,517,10.839250,11.288369,100
361,483,13.089250,9.588369,100
362,483,13.139250,9.588369,100
362,484,13.139250,9.638369,100
181,472,4.089250,9.038369,100
436,397,16.839250,5.288369,100
456,410,17.839250,5.938369,100
490,368,19.539250,3.838369,100
491,369,19.589250,3.888369,100
429,209,16.489250,-4.111632,100
431,209,16.589250,-4.111632,100
84,354,-0.760750,3.138369,100
85,353,-0.710750,3.088369,100
85,354,-0.710750,3.138369,100
85,355,-0.710750,3.188369,100
86,354,-0.660750,3.138369,100
285,344,9.289250,2.638369,100
286,343,9.339250,2.588369,100
157,424,2.889250,6.638369,100
158,423,2.939250,6.588369,100
159,424,2.989250,6.638369,100
258,510,7.939250,10.938369,100
321,221,11.089250,-3.511632,100
133,332,1.689250,2.038369,100
134,333,1.739250,2.088369,100
135,332,1.789250,2.038369,100
171,358,3.589250,3.338369,100
172,357,3.639250,3.288369,100
172,358,3.639250,3.338369,100
172,359,3.639250,3.388369,100
173,358,3.689250,3.338369,100
287,346,9.389250,2.738369,100
347,175,12.389250,-5.811632,100
348,175,12.439250,-5.811632,100
348,176,12.439250,-5.761632,100
259,513,7.989250,11.088369,100
270,520,8.539250,11.438369,100
270,522,8.539250,11.538369,100
444,373,17.239250,4.088369,100
445,374,17.289250,4.138369,100
446,373,17.339250,4.088369,100
445,338,17.289250,2.338369,100
425,131,16.289250,-8.011632,100
426,130,16.339250,-8.061632,100
426,131,16.339250,-8.011632,100
203,201,5.189250,-4.511632,100
203,202,5.189250,-4.461632,100
176,333,3.839250,2.088369,100
176,335,3.839250,2.188369,100
122,398,1.139250,5.338369,100
81,324,-0.910750,1.638369,100
349,177,12.489250,-5.711632,100
435,144,16.789250,-7.361632,100
436,145,16.839250,-7.311632,100
437,144,16.889250,-7.361632,100
446,419,17.339250,6.388369,100
447,420,17.389250,6.438369,100
448,419,17.439250,6.388369,100
304,518,10.239250,11.338369,100
230,342,6.539250,2.538369,100
271,341,8.589250,2.488369,100
271,343,8.589250,2.588369,100
163,435,3.189250,7.188369,100
380,473,14.039250,9.088369,100
381,474,14.089250,9.138369,100
382,473,14.139250,9.088369,100
437,145,16.889250,-7.311632,100
164,440,3.239250,7.438369,100
165,439,3.289250,7.388369,100
166,440,3.339250,7.438369,100
124,404,1.239250,5.638369,100
125,403,1.289250,5.588369,100
125,404,1.289250,5.638369,100
301,220,10.089250,-3.561632,100
447,154,17.389250,-6.861632,100
448,153,17.439250,-6.911632,100
448,154,17.439250,-6.861632,100
366,166,13.339250,-6.261632,100
367,166,13.389250,-6.261632,100
367,167,13.389250,-6.211632,100
197,208,4.889250,-4.161632,100
198,208,4.939250,-4.161632,100
198,209,4.939250,-4.111632,100
424,436,16.239250,7.238369,100
425,437,16.289250,7.288369,100
416,432,15.839250,7.038369,100
417,431,15.889250,6.988369,100
417,432,15.889250,7.038369,100
417,433,15.889250,7.088369,100
241,171,7.089250,-6.011632,100
242,171,7.139250,-6.011632,100
242,172,7.139250,-5.961632,100
207,212,5.389250,-3.961632,100
207,214,5.389250,-3.861632,100
119,328,0.989250,1.838369,100
69,324,-1.510750,1.638369,100
70,323,-1.460750,1.588369,100
70,324,-1.460750,1.638369,100
70,325,-1.460750,1.688369,100
71,324,-1.410750,1.638369,100
391,115,14.589250,-8.811632,100
392,115,14.639250,-8.811632,100
392,116,14.639250,-8.761632,100
393,115,14.689250,-8.811632,100
219,497,5.989250,10.288369,100
220,498,6.039250,10.338369,100
309,345,10.489250,2.688369,100
214,336,5.739250,2.238369,100
214,338,5.739250,2.338369,100
463,403,18.189250,5.588369,100
463,404,18.189250,5.638369,100
387,81,14.389250,-10.511632,100
388,80,14.439250,-10.561632,100
389,81,14.489250,-10.511632,100
411,438,15.589250,7.338369,100
412,438,15.639250,7.338369,100
412,439,15.639250,7.388369,100
445,351,17.289250,2.988369,100
244,215,7.239250,-3.811632,100
244,217,7.239250,-3.711632,100
161,448,3.089250,7.838369,100
162,447,3.139250,7.788369,100
237,177,6.889250,-5.711632,100
221,499,6.089250,10.388369,100
178,352,3.939250,3.038369,100
179,352,3.989250,3.038369,100
179,353,3.989250,3.088369,100
389,83,14.489250,-10.411632,100
390,82,14.539250,-10.461632,100
413,439,15.689250,7.388369,100
413,440,15.689250,7.438369,100
414,439,15.739250,7.388369,100
242,516,7.139250,11.238369,100
243,515,7.189250,11.188369,100
243,516,7.189250,11.238369,100
243,517,7.189250,11.288369,100
244,516,7.239250,11.238369,100
321,177,11.089250,-5.711632,100
339,223,11.989250,-3.411632,100
350,499,12.539250,10.388369,100
351,499,12.589250,10.388369,100
108,327,0.439250,1.788369,100
108,328,0.439250,1.838369,100
109,328,0.489250,1.838369,100
416,443,15.839250,7.588369,100
416,444,15.839250,7.638369,100
417,444,15.889250,7.638369,100
156,409,2.839250,5.888369,100
427,418,16.389250,6.338369,100
428,418,16.439250,6.338369,100
428,419,16.439250,6.388369,100
429,418,16.489250,6.338369,100
442,318,17.139250,1.338369,100
443,318,17.189250,1.338369,100
66,330,-1.660750,1.938369,100
66,331,-1.660750,1.988369,100
67,331,-1.610750,1.988369,100
280,219,9.039250,-3.611632,100
281,218,9.089250,-3.661632,100
282,219,9.139250,-3.611632,100
493,363,19.689250,3.588369,100
494,363,19.739250,3.588369,100
494,364,19.739250,3.638369,100
495,363,19.789250,3.588369,100
439,392,16.989250,5.038369,100
440,392,17.039250,5.038369,100
440,393,17.039250,5.088369,100
252,340,7.639250,2.438369,100
276,514,8.839250,11.138369,100
277,515,8.889250,11.188369,100
216,505,5.839250,10.688369,100
202,339,5.139250,2.388369,100
202,341,5.139250,2.488369,100
186,477,4.339250,9.288369,100
187,476,4.389250,9.238369,100
187,477,4.389250,9.288369,100
187,478,4.389250,9.338369,100
188,477,4.439250,9.288369,100
418,265,15.939250,-1.311632,100
193,336,4.689250,2.238369,100
194,337,4.739250,2.288369,100
282,221,9.139250,-3.511632,100
456,256,17.839250,-1.761632,100
453,412,17.689250,6.038369,100
383,88,14.189250,-10.161632,100
403,102,15.189250,-9.461632,100
287,155,9.389250,-6.811632,100
446,329,17.339250,1.888369,100
447,328,17.389250,1.838369,100
223,215,6.189250,-3.811632,100
224,216,6.239250,-3.761632,100
225,215,6.289250,-3.811632,100
422,424,16.139250,6.638369,100
423,424,16.189250,6.638369,100
423,425,16.189250,6.688369,100
298,164,9.939250,-6.361632,100
298,165,9.939250,-6.311632,100
299,164,9.989250,-6.361632,100
174,359,3.739250,3.388369,100
175,359,3.789250,3.388369,100
175,360,3.789250,3.438369,100
289,343,9.489250,2.588369,100
80,350,-0.960750,2.938369,100
80,351,-0.960750,2.988369,100
313,517,10.689250,11.288369,100
314,518,10.739250,11.338369,100
351,177,12.589250,-5.711632,100
430,199,16.539250,-4.611632,100
431,199,16.589250,-4.611632,100
431,200,16.589250,-4.561632,100
432,199,16.639250,-4.611632,100
421,271,16.089250,-1.011632,100
421,272,16.089250,-0.961632,100
422,271,16.139250,-1.011632,100
427,130,16.389250,-8.061632,100
428,129,16.439250,-8.111632,100
428,130,16.439250,-8.061632,100
428,131,16.439250,-8.011632,100
429,130,16.489250,-8.061632,100
365,484,13.289250,9.638369,100
366,484,13.339250,9.638369,100
319,224,10.989250,-3.361632,100
472,281,18.639250,-0.511632,100
473,282,18.689250,-0.461632,100
474,281,18.739250,-0.511632,100
403,447,15.189250,7.788369,100
404,447,15.239250,7.788369,100
404,448,15.239250,7.838369,100
136,332,1.839250,2.038369,100
137,333,1.889250,2.088369,100
271,148,8.589250,-7.161632,100
272,147,8.639250,-7.211632,100
272,148,8.639250,-7.161632,100
272,149,8.639250,-7.111632,100
424,425,16.239250,6.688369,100
424,426,16.239250,6.738369,100
425,425,16.289250,6.688369,100
299,166,9.989250,-6.261632,100
485,292,19.289250,0.038368,100
435,399,16.789250,5.388369,100
436,399,16.839250,5.388369,100
436,400,16.839250,5.438369,100
429,131,16.489250,-8.011632,100
474,282,18.739250,-0.461632,100
364,231,13.239250,-3.011632,100
365,230,13.289250,-3.061632,100
154,422,2.739250,6.538369,100
155,421,2.789250,6.488369,100
155,422,2.789250,6.538369,100
155,423,2.789250,6.588369,100
429,212,16.489250,-3.961632,100
430,212,16.539250,-3.961632,100
300,510,10.039250,10.938369,100
300,511,10.039250,10.988369,100
301,511,10.089250,10.988369,100
105,380,0.289250,4.438369,100
106,379,0.339250,4.388369,100
106,380,0.339250,4.438369,100
106,381,0.339250,4.488369,100
107,380,0.389250,4.438369,100
332,508,11.639250,10.838369,100
361,490,13.089250,9.938369,100
362,490,13.139250,9.938369,100
158,427,2.939250,6.788369,100
158,428,2.939250,6.838369,100
159,427,2.989250,6.788369,100
233,342,6.689250,2.538369,100
427,434,16.389250,7.138369,100
249,510,7.489250,10.938369,100
250,511,7.539250,10.988369,100
418,431,15.939250,6.988369,100
437,301,16.889250,0.488368,100
439,301,16.989250,0.488368,100
356,227,12.839250,-3.211632,100
357,226,12.889250,-3.261632,100
357,227,12.889250,-3.211632,100
357,228,12.889250,-3.161632,100
358,227,12.939250,-3.211632,100
304,220,10.239250,-3.561632,100
334,510,11.739250,10.938369,100
335,509,11.789250,10.888369,100
325,505,11.289250,10.688369,100
326,504,11.339250,10.638369,100
326,505,11.339250,10.688369,100
326,506,11.339250,10.738369,100
327,505,11.389250,10.688369,100
394,110,14.739250,-9.061632,100
395,110,14.789250,-9.061632,100
395,111,14.789250,-9.011632,100
396,110,14.839250,-9.061632,100
292,511,9.639250,10.988369,100
447,157,17.389250,-6.711632,100
447,158,17.389250,-6.661632,100
448,157,17.439250,-6.711632,100
356,492,12.839250,10.038369,100
357,491,12.889250,9.988369,100
357,492,12.889250,10.038369,100
357,493,12.889250,10.088369,100
432,222,16.639250,-3.461632,100
433,221,16.689250,-3.511632,100
434,222,16.739250,-3.461632,100
377,470,13.889250,8.938369,100
439,303,16.989250,0.588368,100
440,302,17.039250,0.538368,100
270,345,8.539250,2.688369,100
141,424,2.089250,6.638369,100
142,425,2.139250,6.688369,100
143,424,2.189250,6.638369,100
245,171,7.289250,-6.011632,100
245,172,7.289250,-5.961632,100
445,380,17.289250,4.438369,100
122,328,1.139250,1.838369,100
187,345,4.389250,2.688369,100
187,346,4.389250,2.738369,100
188,346,4.439250,2.738369,100
72,324,-1.360750,1.638369,100
73,323,-1.310750,1.588369,100
73,324,-1.310750,1.638369,100
73,325,-1.310750,1.688369,100
74,324,-1.260750,1.638369,100
449,350,17.489250,2.938369,100
186,349,4.339250,2.888369,100
247,218,7.389250,-3.661632,100
416,433,15.839250,7.088369,100
416,434,15.839250,7.138369,100
417,434,15.889250,7.138369,100
287,514,9.389250,11.138369,100
288,513,9.439250,11.088369,100
288,514,9.439250,11.138369,100
288,515,9.439250,11.188369,100
289,514,9.489250,11.138369,100
155,399,2.789250,5.388369,100
155,400,2.789250,5.438369,100
245,517,7.289250,11.288369,100
246,516,7.339250,11.238369,100
246,517,7.339250,11.288369,100
246,518,7.339250,11.338369,100
306,347,10.339250,2.788369,100
307,348,10.389250,2.838369,100
494,318,19.739250,1.338369,100
495,318,19.789250,1.338369,100
495,319,19.789250,1.388369,100
496,318,19.839250,1.338369,100
342,226,12.139250,-3.261632,100
351,498,12.589250,10.338369,100
352,498,12.639250,10.338369,100
352,499,12.639250,10.388369,100
204,336,5.239250,2.238369,100
205,335,5.289250,2.188369,100
206,336,5.339250,2.238369,100
396,462,14.839250,8.538369,100
187,467,4.389250,8.788369,100
187,468,4.389250,8.838369,100
188,467,4.439250,8.788369,100
481,384,19.089250,4.638369,100
482,384,19.139250,4.638369,100
111,327,0.589250,1.788369,100
111,328,0.589250,1.838369,100
212,196,5.639250,-4.761632,100
213,197,5.689250,-4.711632,100
214,196,5.739250,-4.761632,100
380,152,14.039250,-6.961632,100
163,374,3.189250,4.138369,100
163,375,3.189250,4.188369,100
164,375,3.239250,4.188369,100
60,327,-1.960750,1.788369,100
61,327,-1.910750,1.788369,100
61,328,-1.910750,1.838369,100
388,458,14.439250,8.338369,100
389,459,14.489250,8.388369,100
152,410,2.639250,5.938369,100
300,345,10.039250,2.688369,100
301,344,10.089250,2.638369,100
301,345,10.089250,2.688369,100
301,346,10.089250,2.738369,100
408,107,15.439250,-9.211632,100
409,106,15.489250,-9.261632,100
409,107,15.489250,-9.211632,100
409,108,15.489250,-9.161632,100
410,107,15.539250,-9.211632,100
453,258,17.689250,-1.661632,100
454,259,17.739250,-1.611632,100
455,258,17.789250,-1.661632,100
285,219,9.289250,-3.611632,100
285,221,9.289250,-3.511632,100
181,473,4.089250,9.088369,100
182,473,4.139250,9.088369,100
182,474,4.139250,9.138369,100
62,328,-1.860750,1.838369,100
387,88,14.389250,-10.161632,100
377,74,13.889250,-10.861632,100
200,343,5.039250,2.588369,100
201,342,5.089250,2.538369,100
201,343,5.089250,2.588369,100
201,344,5.089250,2.638369,100
226,215,6.339250,-3.811632,100
227,214,6.389250,-3.861632,100
227,216,6.389250,-3.761632,100
455,259,17.789250,-1.611632,100
466,268,18.339250,-1.161632,100
466,269,18.339250,-1.111632,100
467,268,18.389250,-1.161632,100
183,474,4.189250,9.138369,100
384,464,14.239250,8.638369,100
384,465,14.239250,8.688369,100
438,171,16.939250,-6.011632,100
439,170,16.989250,-6.061632,100
276,521,8.839250,11.488369,100
276,523,8.839250,11.588369,100
86,357,-0.660750,3.288369,100
87,356,-0.610750,3.238369,100
87,357,-0.610750,3.288369,100
87,358,-0.610750,3.338369,100
88,357,-0.560750,3.288369,100
496,341,19.839250,2.488369,100
498,341,19.939250,2.488369,100
275,147,8.789250,-7.211632,100
275,149,8.789250,-7.111632,100
428,206,16.439250,-4.261632,100
375,236,13.789250,-2.761632,100
156,421,2.839250,6.488369,100
158,421,2.939250,6.488369,100
444,330,17.239250,1.938369,100
445,330,17.289250,1.938369,100
445,331,17.289250,1.988369,100
446,330,17.339250,1.938369,100
202,342,5.139250,2.538369,100
202,344,5.139250,2.638369,100
368,233,13.439250,-2.911632,100
303,510,10.189250,10.938369,100
303,511,10.189250,10.988369,100
446,151,17.339250,-7.011632,100
280,343,9.039250,2.588369,100
281,342,9.089250,2.538369,100
281,343,9.089250,2.588369,100
281,344,9.089250,2.638369,100
282,343,9.139250,2.588369,100
434,401,16.739250,5.488369,100
435,400,16.789250,5.438369,100
435,401,16.789250,5.488369,100
435,402,16.789250,5.538369,100
436,401,16.839250,5.488369,100
252,510,7.639250,10.938369,100
253,509,7.689250,10.888369,100
253,510,7.689250,10.938369,100
253,511,7.689250,10.988369,100
247,166,7.389250,-6.261632,100
248,165,7.439250,-6.311632,100
248,166,7.439250,-6.261632,100
248,167,7.439250,-6.211632,100
249,166,7.489250,-6.261632,100
428,133,16.439250,-7.911632,100
429,133,16.489250,-7.911632,100
177,336,3.889250,2.238369,100
122,400,1.139250,5.438369,100
123,399,1.189250,5.388369,100
124,400,1.239250,5.438369,100
430,287,16.539250,-0.211632,100
431,287,16.589250,-0.211632,100
431,288,16.589250,-0.161632,100
432,287,16.639250,-0.211632,100
188,345,4.439250,2.688369,100
189,345,4.489250,2.688369,100
189,346,4.489250,2.738369,100
402,454,15.139250,8.138369,100
403,455,15.189250,8.188369,100
438,148,16.939250,-7.161632,100
439,147,16.989250,-7.211632,100
439,148,16.989250,-7.161632,100
439,149,16.989250,-7.111632,100
440,148,17.039250,-7.161632,100
154,389,2.739250,4.888369,100
155,389,2.789250,4.888369,100
155,390,2.789250,4.938369,100
254,512,7.739250,11.038369,100
469,399,18.489250,5.388369,100
441,153,17.089250,-6.911632,100
442,153,17.139250,-6.911632,100
442,154,17.139250,-6.861632,100
361,227,13.089250,-3.211632,100
273,345,8.689250,2.688369,100
219,189,5.989250,-5.111632,100
124,402,1.239250,5.538369,100
125,401,1.289250,5.488369,100
171,332,3.589250,2.038369,100
485,379,19.289250,4.388369,100
485,380,19.289250,4.438369,100
486,380,19.339250,4.438369,100
255,520,7.789250,11.438369,100
256,521,7.839250,11.488369,100
127,406,1.389250,5.738369,100
127,407,1.389250,5.788369,100
128,406,1.439250,5.738369,100
243,172,7.189250,-5.961632,100
243,173,7.189250,-5.911632,100
244,172,7.239250,-5.961632,100
470,400,18.539250,5.438369,100
470,401,18.539250,5.488369,100
443,384,17.189250,4.638369,100
444,383,17.239250,4.588369,100
368,168,13.439250,-6.161632,100
369,168,13.489250,-6.161632,100
369,169,13.489250,-6.111632,100
200,212,5.039250,-3.961632,100
201,211,5.089250,-4.011632,100
201,212,5.089250,-3.961632,100
201,213,5.089250,-3.911632,100
353,488,12.689250,9.838369,100
353,490,12.689250,9.938369,100
354,489,12.739250,9.888369,100
319,346,10.989250,2.738369,100
319,348,10.989250,2.838369,100
320,347,11.039250,2.788369,100
446,353,17.339250,3.088369,100
448,353,17.439250,3.088369,100
290,514,9.539250,11.138369,100
291,514,9.589250,11.138369,100
291,515,9.589250,11.188369,100
77,324,-1.110750,1.638369,100
77,326,-1.110750,1.738369,100
432,189,16.639250,-5.111632,100
433,190,16.689250,-5.061632,100
434,189,16.739250,-5.111632,100
444,163,17.239250,-6.411632,100
445,163,17.289250,-6.411632,100
445,164,17.289250,-6.361632,100
216,339,5.839250,2.388369,100
216,341,5.839250,2.488369,100
152,400,2.639250,5.438369,100
154,400,2.739250,5.438369,100
325,511,11.289250,10.988369,100
316,508,10.839250,10.838369,100
317,507,10.889250,10.788369,100
222,499,6.139250,10.388369,100
222,500,6.139250,10.438369,100
162,450,3.139250,7.938369,100
163,451,3.189250,7.988369,100
164,450,3.239250,7.938369,100
261,343,8.089250,2.588369,100
262,342,8.139250,2.538369,100
262,343,8.139250,2.588369,100
262,344,8.139250,2.638369,100
217,192,5.889250,-4.961632,100
330,177,11.539250,-5.711632,100
331,176,11.589250,-5.761632,100
331,177,11.589250,-5.711632,100
331,178,11.589250,-5.661632,100
209,336,5.489250,2.238369,100
209,338,5.489250,2.338369,100
446,164,17.339250,-6.361632,100
446,165,17.339250,-6.311632,100
447,164,17.389250,-6.361632,100
332,223,11.639250,-3.411632,100
333,222,11.689250,-3.461632,100
334,223,11.739250,-3.411632,100
446,245,17.339250,-2.311632,100
447,244,17.389250,-2.361632,100
447,245,17.389250,-2.311632,100
447,246,17.389250,-2.261632,100
448,245,17.439250,-2.311632,100
438,424,16.939250,6.638369,100
438,425,16.939250,6.688369,100
304,344,10.239250,2.638369,100
304,346,10.239250,2.738369,100
496,331,19.839250,1.988369,100
498,331,19.939250,1.988369,100
456,258,17.839250,-1.661632,100
457,259,17.889250,-1.611632,100
458,258,17.939250,-1.661632,100
286,521,9.339250,11.488369,100
287,520,9.389250,11.438369,100
460,408,18.039250,5.838369,100
461,408,18.089250,5.838369,100
461,409,18.089250,5.888369,100
462,408,18.139250,5.838369,100
254,160,7.739250,-6.561632,100
255,159,7.789250,-6.611632,100
255,160,7.789250,-6.561632,100
255,161,7.789250,-6.511632,100
256,160,7.839250,-6.561632,100
481,385,19.089250,4.688369,100
481,386,19.089250,4.738369,100
482,386,19.139250,4.738369,100
204,339,5.239250,2.388369,100
205,339,5.289250,2.388369,100
245,340,7.289250,2.438369,100
246,339,7.339250,2.388369,100
246,340,7.339250,2.438369,100
246,341,7.339250,2.488369,100
150,331,2.539250,1.988369,100
151,330,2.589250,1.938369,100
152,331,2.639250,1.988369,100
441,170,17.089250,-6.061632,100
442,170,17.139250,-6.061632,100
458,259,17.939250,-1.611632,100
405,104,15.289250,-9.361632,100
405,105,15.289250,-9.311632,100
443,324,17.189250,1.638369,100
376,77,13.839250,-10.711632,100
316,176,10.839250,-5.761632,100
272,514,8.639250,11.138369,100
272,515,8.639250,11.188369,100
152,333,2.639250,2.088369,100
299,167,9.989250,-6.211632,100
300,167,10.039250,-6.211632,100
300,168,10.039250,-6.161632,100
188,479,4.439250,9.388369,100
189,478,4.489250,9.338369,100
189,479,4.489250,9.388369,100
189,480,4.489250,9.438369,100
190,479,4.539250,9.388369,100
344,501,12.239250,10.488369,100
81,353,-0.910750,3.088369,100
82,354,-0.860750,3.138369,100
472,279,18.639250,-0.611632,100
278,147,8.939250,-7.211632,100
278,149,8.939250,-7.111632,100
93,327,-0.310750,1.788369,100
94,326,-0.260750,1.738369,100
94,327,-0.260750,1.788369,100
94,328,-0.260750,1.838369,100
95,327,-0.210750,1.788369,100
152,413,2.639250,6.088369,100
153,413,2.689250,6.088369,100
153,414,2.689250,6.138369,100
154,413,2.739250,6.088369,100
173,356,3.689250,3.238369,100
174,356,3.739250,3.238369,100
174,357,3.739250,3.288369,100
309,173,10.489250,-5.911632,100
375,162,13.789250,-6.461632,100
376,161,13.839250,-6.511632,100
376,162,13.839250,-6.461632,100
376,163,13.839250,-6.411632,100
377,162,13.889250,-6.461632,100
408,110,15.439250,-9.061632,100
409,109,15.489250,-9.111632,100
409,110,15.489250,-9.061632,100
301,168,10.089250,-6.161632,100
301,169,10.089250,-6.111632,100
302,168,10.139250,-6.161632,100
103,377,0.189250,4.288369,100
104,376,0.239250,4.238369,100
105,377,0.289250,4.288369,100
283,344,9.189250,2.638369,100
284,343,9.239250,2.588369,100
284,344,9.239250,2.638369,100
284,345,9.239250,2.688369,100
336,499,11.839250,10.388369,100
337,498,11.889250,10.338369,100
188,335,4.439250,2.188369,100
189,334,4.489250,2.138369,100
189,335,4.489250,2.188369,100
189,336,4.489250,2.238369,100
410,448,15.539250,7.838369,100
411,449,15.589250,7.888369,100
422,273,16.139250,-0.911632,100
423,272,16.189250,-0.961632,100
423,273,16.189250,-0.911632,100
423,274,16.189250,-0.861632,100
424,273,16.239250,-0.911632,100
477,393,18.889250,5.088369,100
251,168,7.589250,-6.161632,100
252,167,7.639250,-6.211632,100
389,96,14.489250,-9.761632,100
390,96,14.539250,-9.761632,100
390,97,14.539250,-9.711632,100
391,96,14.589250,-9.761632,100
340,503,12.039250,10.588369,100
340,504,12.039250,10.638369,100
341,504,12.089250,10.638369,100
438,177,16.939250,-5.711632,100
306,510,10.339250,10.938369,100
268,220,8.439250,-3.561632,100
228,184,6.439250,-5.361632,100
388,137,14.439250,-7.711632,100
389,137,14.489250,-7.711632,100
389,138,14.489250,-7.661632,100
105,379,0.289250,4.388369,100
106,378,0.339250,4.338369,100
346,174,12.339250,-5.861632,100
346,176,12.339250,-5.761632,100
419,124,15.989250,-8.361632,100
420,123,16.039250,-8.411632,100
420,125,16.039250,-8.311632,100
107,383,0.389250,4.588369,100
108,382,0.439250,4.538369,100
108,383,0.439250,4.588369,100
108,384,0.439250,4.638369,100
109,383,0.489250,4.588369,100
496,344,19.839250,2.638369,100
497,344,19.889250,2.638369,100
497,345,19.889250,2.688369,100
498,344,19.939250,2.638369,100
431,133,16.589250,-7.911632,100
431,134,16.589250,-7.861632,100
432,133,16.639250,-7.911632,100
355,489,12.789250,9.888369,100
355,490,12.789250,9.938369,100
356,489,12.839250,9.888369,100
313,222,10.689250,-3.461632,100
314,221,10.739250,-3.511632,100
314,222,10.739250,-3.461632,100
314,223,10.739250,-3.411632,100
315,222,10.789250,-3.461632,100
428,209,16.439250,-4.111632,100
446,343,17.339250,2.588369,100
448,343,17.439250,2.588369,100
79,324,-1.010750,1.638369,100
444,153,17.239250,-6.911632,100
445,152,17.289250,-6.961632,100
445,153,17.289250,-6.911632,100
445,154,17.289250,-6.861632,100
446,153,17.339250,-6.911632,100
489,304,19.489250,0.638368,100
490,305,19.539250,0.688368,100
467,402,18.389250,5.538369,100
468,402,18.439250,5.538369,100
468,403,18.439250,5.588369,100
469,402,18.489250,5.538369,100
132,332,1.639250,2.038369,100
133,333,1.689250,2.088369,100
174,332,3.739250,2.038369,100
193,345,4.689250,2.688369,100
399,452,14.989250,8.038369,100
393,107,14.689250,-9.211632,100
394,107,14.739250,-9.211632,100
162,440,3.139250,7.438369,100
163,441,3.189250,7.488369,100
446,154,17.339250,-6.861632,100
134,413,1.739250,6.088369,100
134,414,1.739250,6.138369,100
135,413,1.789250,6.088369,100
401,456,15.089250,8.238369,100
402,455,15.139250,8.188369,100
402,456,15.139250,8.238369,100
402,457,15.139250,8.288369,100
403,456,15.189250,8.238369,100
195,208,4.789250,-4.161632,100
196,207,4.839250,-4.211632,100
432,220,16.639250,-3.561632,100
433,219,16.689250,-3.611632,100
449,158,17.489250,-6.661632,100
449,159,17.489250,-6.611632,100
450,159,17.539250,-6.611632,100
165,365,3.289250,3.688369,100
166,364,3.339250,3.638369,100
166,365,3.339250,3.688369,100
166,366,3.339250,3.738369,100
167,365,3.389250,3.688369,100
143,426,2.189250,6.738369,100
145,426,2.289250,6.738369,100
352,225,12.639250,-3.311632,100
352,227,12.639250,-3.211632,100
353,226,12.689250,-3.261632,100
219,341,5.989250,2.488369,100
188,348,4.439250,2.838369,100
189,347,4.489250,2.788369,100
189,348,4.489250,2.838369,100
189,349,4.489250,2.888369,100
190,348,4.539250,2.838369,100
117,328,0.889250,1.838369,100
351,495,12.589250,10.188369,100
443,385,17.189250,4.688369,100
262,154,8.139250,-6.861632,100
263,153,8.189250,-6.911632,100
263,154,8.189250,-6.861632,100
263,155,8.189250,-6.811632,100
264,154,8.239250,-6.861632,100
328,513,11.439250,11.088369,100
329,512,11.489250,11.038369,100
373,479,13.689250,9.388369,100
374,480,13.739250,9.438369,100
298,519,9.939250,11.388369,100
299,520,9.989250,11.438369,100
226,502,6.339250,10.538369,100
265,344,8.289250,2.638369,100
439,424,16.989250,6.638369,100
212,336,5.639250,2.238369,100
212,338,5.639250,2.338369,100
197,207,4.889250,-4.211632,100
417,442,15.889250,7.538369,100
418,443,15.939250,7.588369,100
242,215,7.139250,-3.811632,100
242,217,7.139250,-3.711632,100
448,356,17.439250,3.238369,100
218,497,5.939250,10.288369,100
376,71,13.839250,-11.011632,100
188,469,4.439250,8.888369,100
189,468,4.489250,8.838369,100
189,469,4.489250,8.888369,100
190,469,4.539250,8.888369,100
445,360,17.289250,3.438369,100
290,520,9.539250,11.438369,100
290,522,9.539250,11.538369,100
386,81,14.339250,-10.511632,100
387,80,14.389250,-10.561632,100
241,516,7.089250,11.238369,100
241,517,7.089250,11.288369,100
161,372,3.089250,4.038369,100
162,371,3.139250,3.988369,100
162,372,3.139250,4.038369,100
162,373,3.139250,4.088369,100
163,372,3.189250,4.038369,100
337,223,11.889250,-3.411632,100
249,339,7.489250,2.388369,100
249,341,7.489250,2.488369,100
273,513,8.689250,11.088369,100
274,512,8.739250,11.038369,100
275,513,8.789250,11.088369,100
219,498,5.989250,10.338369,100
481,389,19.089250,4.888369,100
371,482,13.589250,9.538369,100
372,482,13.639250,9.538369,100
361,173,13.089250,-5.911632,100
279,218,8.989250,-3.661632,100
275,515,8.789250,11.188369,100
302,167,10.139250,-6.211632,100
303,166,10.189250,-6.261632,100
303,167,10.189250,-6.211632,100
303,168,10.189250,-6.161632,100
304,167,10.239250,-6.211632,100
467,271,18.389250,-1.011632,100
468,270,18.439250,-1.061632,100
468,271,18.439250,-1.011632,100
339,497,11.989250,10.288369,100
64,330,-1.760750,1.938369,100
64,331,-1.760750,1.988369,100
65,330,-1.710750,1.938369,100
280,221,9.039250,-3.511632,100
441,172,17.089250,-5.961632,100
96,327,-0.160750,1.788369,100
97,326,-0.110750,1.738369,100
97,327,-0.110750,1.788369,100
97,328,-0.110750,1.838369,100
411,110,15.589250,-9.061632,100
412,109,15.639250,-9.111632,100
412,110,15.639250,-9.061632,100
412,111,15.639250,-9.011632,100
413,110,15.689250,-9.061632,100
357,175,12.889250,-5.811632,100
358,174,12.939250,-5.861632,100
496,334,19.839250,2.138369,100
497,334,19.889250,2.138369,100
498,334,19.939250,2.138369,100
409,451,15.489250,7.988369,100
410,450,15.539250,7.938369,100
304,168,10.239250,-6.161632,100
457,261,17.889250,-1.511632,100
457,262,17.889250,-1.461632,100
458,261,17.939250,-1.511632,100
474,395,18.739250,5.188369,100
475,395,18.789250,5.188369,100
475,396,18.789250,5.238369,100
296,164,9.839250,-6.361632,100
296,165,9.839250,-6.311632,100
185,476,4.289250,9.238369,100
185,477,4.289250,9.288369,100
186,476,4.339250,9.238369,100
287,343,9.389250,2.588369,100
447,332,17.389250,2.038369,100
447,334,17.389250,2.138369,100
448,333,17.439250,2.088369,100
312,516,10.639250,11.238369,100
312,518,10.639250,11.338369,100
98,329,-0.060750,1.888369,100
406,445,15.339250,7.688369,100
88,359,-0.560750,3.388369,100
89,358,-0.510750,3.338369,100
89,359,-0.510750,3.388369,100
89,360,-0.510750,3.438369,100
90,359,-0.460750,3.388369,100
196,341,4.839250,2.488369,100
196,343,4.839250,2.588369,100
197,342,4.889250,2.538369,100
425,130,16.289250,-8.061632,100
317,224,10.889250,-3.361632,100
222,213,6.139250,-3.911632,100
222,214,6.139250,-3.861632,100
297,165,9.889250,-6.311632,100
297,166,9.889250,-6.261632,100
421,425,16.089250,6.688369,100
422,425,16.139250,6.688369,100
422,426,16.139250,6.738369,100
99,374,-0.010750,4.138369,100
428,284,16.439250,-0.361632,100
386,467,14.339250,8.788369,100
387,467,14.389250,8.788369,100
193,337,4.689250,2.288369,100
271,520,8.589250,11.438369,100
336,502,11.839250,10.538369,100
337,501,11.889250,10.488369,100
204,203,5.239250,-4.411632,100
223,216,6.189250,-3.761632,100
429,136,16.489250,-7.761632,100
430,135,16.539250,-7.811632,100
430,136,16.539250,-7.761632,100
361,230,13.089250,-3.061632,100
362,231,13.139250,-3.011632,100
226,185,6.339250,-5.311632,100
227,185,6.389250,-5.311632,100
227,186,6.389250,-5.261632,100
228,185,6.439250,-5.311632,100
124,403,1.239250,5.588369,100
125,402,1.289250,5.538369,100
126,403,1.339250,5.588369,100
387,139,14.389250,-7.611632,100
388,138,14.439250,-7.661632,100
388,139,14.439250,-7.611632,100
388,140,14.439250,-7.561632,100
389,139,14.489250,-7.611632,100
432,290,16.639250,-0.061632,100
433,290,16.689250,-0.061632,100
433,291,16.689250,-0.011632,100
434,290,16.739250,-0.061632,100
449,153,17.489250,-6.911632,100
440,149,17.039250,-7.111632,100
440,150,17.039250,-7.061632,100
441,149,17.089250,-7.111632,100
345,178,12.289250,-5.661632,100
346,177,12.339250,-5.711632,100
136,333,1.839250,2.088369,100
382,474,14.139250,9.138369,100
300,519,10.039250,11.388369,100
300,520,10.039250,11.438369,100
300,521,10.039250,11.488369,100
301,520,10.089250,11.438369,100
355,226,12.789250,-3.261632,100
355,228,12.789250,-3.161632,100
259,218,7.989250,-3.661632,100
260,217,8.039250,-3.711632,100
260,218,8.039250,-3.661632,100
260,219,8.039250,-3.611632,100
441,150,17.089250,-7.061632,100
156,391,2.839250,4.988369,100
157,391,2.889250,4.988369,100
157,392,2.889250,5.038369,100
158,391,2.939250,4.988369,100
391,114,14.589250,-8.861632,100
393,114,14.689250,-8.861632,100
374,470,13.739250,8.938369,100
375,470,13.789250,8.938369,100
495,351,19.789250,2.988369,100
496,350,19.839250,2.938369,100
496,351,19.839250,2.988369,100
496,352,19.839250,3.038369,100
497,351,19.889250,2.988369,100
173,335,3.689250,2.188369,100
173,336,3.689250,2.238369,100
331,508,11.589250,10.838369,100
332,507,11.639250,10.788369,100
378,474,13.939250,9.138369,100
378,476,13.939250,9.238369,100
379,475,13.989250,9.188369,100
71,323,-1.410750,1.588369,100
71,325,-1.410750,1.688369,100
394,119,14.739250,-8.611632,100
395,120,14.789250,-8.561632,100
396,119,14.839250,-8.611632,100
445,350,17.289250,2.938369,100
430,221,16.539250,-3.511632,100
431,221,16.589250,-3.511632,100
431,222,16.589250,-3.461632,100
432,221,16.639250,-3.511632,100
431,186,16.589250,-5.261632,100
396,120,14.839250,-8.561632,100
396,121,14.839250,-8.511632,100
397,120,14.889250,-8.561632,100
347,493,12.389250,10.088369,100
414,438,15.739250,7.338369,100
304,347,10.239250,2.788369,100
305,347,10.289250,2.788369,100
305,348,10.289250,2.838369,100
245,215,7.289250,-3.811632,100
370,476,13.539250,9.238369,100
371,476,13.589250,9.238369,100
196,211,4.839250,-4.011632,100
444,317,17.239250,1.288368,100
164,452,3.239250,8.038369,100
165,453,3.289250,8.088369,100
166,452,3.339250,8.038369,100
493,362,19.689250,3.538369,100
495,362,19.789250,3.538369,100
244,515,7.239250,11.188369,100
244,517,7.239250,11.288369,100
245,516,7.289250,11.238369,100
326,178,11.339250,-5.661632,100
395,92,14.789250,-9.961632,100
396,91,14.839250,-10.011632,100
397,92,14.889250,-9.961632,100
393,86,14.689250,-10.261632,100
394,87,14.739250,-10.211632,100
109,327,0.489250,1.788369,100
417,443,15.889250,7.588369,100
417,445,15.889250,7.688369,100
418,444,15.939250,7.638369,100
152,334,2.639250,2.138369,100
153,334,2.689250,2.138369,100
153,335,2.689250,2.188369,100
166,453,3.339250,8.088369,100
166,454,3.339250,8.138369,100
167,453,3.389250,8.088369,100
282,218,9.139250,-3.661632,100
283,219,9.189250,-3.611632,100
234,180,6.739250,-5.561632,100
235,179,6.789250,-5.611632,100
306,348,10.339250,2.838369,100
70,335,-1.460750,2.188369,100
70,337,-1.460750,2.288369,100
71,336,-1.410750,2.238369,100
278,515,8.939250,11.188369,100
432,198,16.639250,-4.661632,100
391,127,14.589250,-8.211632,100
392,128,14.639250,-8.161632,100
393,127,14.689250,-8.211632,100
247,342,7.389250,2.538369,100
248,342,7.439250,2.538369,100
248,343,7.439250,2.588369,100
283,221,9.189250,-3.511632,100
195,337,4.789250,2.288369,100
146,330,2.339250,1.938369,100
146,332,2.339250,2.038369,100
456,412,17.839250,6.038369,100
191,481,4.589250,9.488369,100
191,483,4.589250,9.588369,100
192,482,4.639250,9.538369,100
421,269,16.089250,-1.111632,100
422,270,16.139250,-1.061632,100
406,106,15.339250,-9.261632,100
407,107,15.389250,-9.211632,100
408,106,15.439250,-9.261632,100
445,363,17.289250,3.588369,100
225,216,6.289250,-3.761632,100
378,79,13.939250,-10.611632,100
378,80,13.939250,-10.561632,100
379,79,13.989250,-10.611632,100
290,160,9.539250,-6.561632,100
291,159,9.589250,-6.611632,100
291,160,9.589250,-6.561632,100
291,161,9.589250,-6.511632,100
292,160,9.639250,-6.561632,100
290,343,9.539250,2.588369,100
315,518,10.789250,11.338369,100
310,173,10.539250,-5.911632,100
310,174,10.539250,-5.861632,100
422,272,16.139250,-0.961632,100
423,271,16.189250,-1.011632,100
375,158,13.789250,-6.661632,100
375,159,13.789250,-6.611632,100
376,159,13.839250,-6.611632,100
320,224,11.039250,-3.361632,100
452,258,17.639250,-1.661632,100
453,259,17.689250,-1.611632,100
292,161,9.639250,-6.511632,100
292,162,9.639250,-6.461632,100
293,161,9.689250,-6.511632,100
490,370,19.539250,3.938369,100
491,370,19.589250,3.938369,100
491,371,19.589250,3.988369,100
492,370,19.639250,3.938369,100
456,413,17.839250,6.088369,100
429,211,16.489250,-4.011632,100
431,211,16.589250,-4.011632,100
84,356,-0.760750,3.238369,100
85,356,-0.710750,3.238369,100
85,357,-0.710750,3.288369,100
86,356,-0.660750,3.238369,100
159,426,2.989250,6.738369,100
88,326,-0.560750,1.738369,100
89,325,-0.510750,1.688369,100
89,326,-0.510750,1.738369,100
89,327,-0.510750,1.788369,100
90,326,-0.460750,1.738369,100
373,235,13.689250,-2.811632,100
432,136,16.639250,-7.761632,100
433,135,16.689250,-7.811632,100
433,136,16.689250,-7.761632,100
433,137,16.689250,-7.711632,100
434,136,16.739250,-7.761632,100
365,231,13.289250,-3.011632,100
421,426,16.089250,6.738369,100
421,427,16.089250,6.788369,100
422,427,16.139250,6.788369,100
279,342,8.989250,2.538369,100
488,302,19.439250,0.538368,100
394,109,14.739250,-9.111632,100
396,109,14.839250,-9.111632,100
251,511,7.589250,10.988369,100
445,376,17.289250,4.238369,100
446,375,17.339250,4.188369,100
445,340,17.289250,2.438369,100
366,232,13.339250,-2.961632,100
492,308,19.639250,0.838368,100
493,307,19.689250,0.788368,100
377,468,13.889250,8.838369,100
440,301,17.039250,0.488368,100
203,204,5.189250,-4.361632,100
204,204,5.239250,-4.361632,100
269,148,8.489250,-7.161632,100
269,149,8.489250,-7.111632,100
270,149,8.539250,-7.111632,100
434,181,16.739250,-5.511632,100
435,180,16.789250,-5.561632,100
435,181,16.789250,-5.511632,100
435,182,16.789250,-5.461632,100
436,181,16.839250,-5.511632,100
493,308,19.689250,0.838368,100
494,308,19.739250,0.838368,100
423,437,16.189250,7.288369,100
424,437,16.239250,7.288369,100
424,438,16.239250,7.338369,100
271,345,8.589250,2.688369,100
127,329,1.389250,1.888369,100
128,330,1.439250,1.938369,100
74,323,-1.260750,1.588369,100
327,503,11.389250,10.588369,100
327,504,11.389250,10.638369,100
145,429,2.289250,6.888369,100
146,430,2.339250,6.938369,100
147,429,2.389250,6.888369,100
164,442,3.239250,7.538369,100
165,443,3.289250,7.588369,100
166,442,3.339250,7.538369,100
240,172,7.039250,-5.961632,100
241,172,7.089250,-5.961632,100
241,173,7.089250,-5.911632,100
496,317,19.839250,1.288368,100
417,435,15.889250,7.188369,100
418,434,15.939250,7.138369,100
168,366,3.439250,3.738369,100
168,367,3.439250,3.788369,100
169,367,3.489250,3.788369,100
247,516,7.389250,11.238369,100
247,518,7.389250,11.338369,100
308,348,10.439250,2.838369,100
242,173,7.139250,-5.911632,100
242,174,7.139250,-5.861632,100
265,155,8.289250,-6.811632,100
265,156,8.289250,-6.761632,100
266,156,8.339250,-6.761632,100
162,374,3.139250,4.138369,100
163,373,3.189250,4.088369,100
164,374,3.239250,4.138369,100
289,512,9.489250,11.038369,100
289,513,9.489250,11.088369,100
290,513,9.539250,11.088369,100
183,351,4.189250,2.988369,100
391,117,14.589250,-8.711632,100
392,117,14.639250,-8.711632,100
392,118,14.639250,-8.661632,100
393,117,14.689250,-8.711632,100
147,430,2.389250,6.938369,100
148,429,2.439250,6.888369,100
430,188,16.539250,-5.161632,100
431,187,16.589250,-5.211632,100
431,188,16.589250,-5.161632,100
431,189,16.589250,-5.111632,100
463,406,18.189250,5.738369,100
463,407,18.189250,5.788369,100
329,178,11.489250,-5.661632,100
191,471,4.589250,8.988369,100
191,473,4.589250,9.088369,100
192,472,4.639250,9.038369,100
346,496,12.339250,10.238369,100
347,495,12.389250,10.188369,100
112,327,0.639250,1.788369,100
441,238,17.089250,-2.661632,100
387,83,14.389250,-10.411632,100
388,84,14.439250,-10.361632,100
412,441,15.639250,7.488369,100
445,353,17.289250,3.088369,100
155,334,2.789250,2.138369,100
156,335,2.839250,2.188369,100
365,64,13.289250,-11.361632,100
366,64,13.339250,-11.361632,100
389,85,14.489250,-10.311632,100
459,407,17.989250,5.788369,100
459,409,17.989250,5.888369,100
209,341,5.489250,2.488369,100
210,340,5.539250,2.438369,100
210,341,5.539250,2.488369,100
210,342,5.539250,2.538369,100
211,341,5.589250,2.488369,100
313,175,10.689250,-5.811632,100
149,330,2.489250,1.938369,100
149,332,2.489250,2.038369,100
315,508,10.789250,10.838369,100
316,507,10.839250,10.788369,100
438,170,16.939250,-6.061632,100
155,412,2.789250,6.038369,100
156,411,2.839250,5.988369,100
430,200,16.539250,-4.561632,100
430,202,16.539250,-4.461632,100
431,201,16.589250,-4.511632,100
66,333,-1.660750,2.088369,100
66,334,-1.660750,2.138369,100
67,333,-1.610750,2.088369,100
369,70,13.489250,-11.061632,100
370,69,13.539250,-11.111632,100
370,70,13.539250,-11.061632,100
440,394,17.039250,5.138369,100
441,394,17.089250,5.138369,100
380,79,14.039250,-10.611632,100
381,78,14.089250,-10.661632,100
381,79,14.089250,-10.611632,100
381,80,14.089250,-10.561632,100
382,79,14.139250,-10.611632,100
414,112,15.739250,-8.961632,100
414,113,15.739250,-8.911632,100
415,113,15.789250,-8.911632,100
269,511,8.489250,10.988369,100
269,513,8.489250,11.088369,100
270,512,8.539250,11.038369,100
458,264,17.939250,-1.361632,100
459,263,17.989250,-1.411632,100
459,264,17.989250,-1.361632,100
459,265,17.989250,-1.311632,100
460,264,18.039250,-1.361632,100
150,333,2.539250,2.088369,100
444,329,17.239250,1.888369,100
210,196,5.539250,-4.761632,100
210,197,5.539250,-4.711632,100
211,197,5.589250,-4.711632,100
378,155,13.939250,-6.811632,100
379,154,13.989250,-6.861632,100
379,155,13.989250,-6.811632,100
379,156,13.989250,-6.761632,100
380,155,14.039250,-6.811632,100
390,129,14.539250,-8.111632,100
391,128,14.589250,-8.161632,100
391,129,14.589250,-8.111632,100
391,130,14.589250,-8.061632,100
392,129,14.639250,-8.111632,100
186,479,4.339250,9.388369,100
187,479,4.389250,9.388369,100
187,480,4.389250,9.438369,100
416,267,15.839250,-1.211632,100
417,268,15.889250,-1.161632,100
418,267,15.939250,-1.211632,100
323,224,11.189250,-3.361632,100
477,281,18.889250,-0.511632,100
276,147,8.839250,-7.211632,100
276,149,8.839250,-7.111632,100
92,326,-0.360750,1.738369,100
92,328,-0.360750,1.838369,100
364,485,13.239250,9.688369,100
365,485,13.289250,9.688369,100
365,486,13.289250,9.738369,100
444,365,17.239250,3.688369,100
445,364,17.289250,3.638369,100
445,365,17.289250,3.688369,100
446,365,17.339250,3.688369,100
446,331,17.339250,1.988369,100
447,330,17.389250,1.938369,100
298,166,9.939250,-6.261632,100
298,167,9.939250,-6.211632,100
423,426,16.189250,6.738369,100
423,427,16.189250,6.788369,100
418,269,15.939250,-1.111632,100
187,334,4.389250,2.138369,100
187,336,4.389250,2.238369,100
198,343,4.939250,2.588369,100
198,344,4.939250,2.638369,100
199,344,4.989250,2.638369,100
387,96,14.389250,-9.761632,100
388,95,14.439250,-9.811632,100
388,96,14.439250,-9.761632,100
388,97,14.439250,-9.711632,100
431,431,16.589250,6.988369,100
432,431,16.639250,6.988369,100
432,432,16.639250,7.038369,100
304,510,10.239250,10.938369,100
266,220,8.339250,-3.561632,100
217,213,5.889250,-3.911632,100
217,215,5.889250,-3.811632,100
271,150,8.589250,-7.061632,100
272,150,8.639250,-7.061632,100
272,151,8.639250,-7.011632,100
273,150,8.689250,-7.061632,100
102,377,0.139250,4.288369,100
103,376,0.189250,4.238369,100
432,286,16.639250,-0.261632,100
490,371,19.539250,3.988369,100
490,372,19.539250,4.038369,100
491,372,19.589250,4.038369,100
299,168,9.989250,-6.161632,100
282,342,9.139250,2.538369,100
282,344,9.139250,2.638369,100
283,343,9.189250,2.588369,100
381,464,14.089250,8.638369,100
381,465,14.089250,8.688369,100
382,465,14.139250,8.688369,100
154,388,2.739250,4.838369,100
156,388,2.839250,4.838369,100
254,509,7.739250,10.888369,100
440,147,17.039250,-7.211632,100
450,156,17.539250,-6.761632,100
450,157,17.539250,-6.711632,100
451,156,17.589250,-6.761632,100
312,221,10.639250,-3.511632,100
312,223,10.639250,-3.411632,100
224,337,6.239250,2.288369,100
224,339,6.239250,2.388369,100
225,338,6.289250,2.338369,100
429,214,16.489250,-3.861632,100
430,214,16.539250,-3.861632,100
127,404,1.389250,5.638369,100
128,405,1.439250,5.688369,100
390,106,14.539250,-9.261632,100
391,107,14.589250,-9.211632,100
392,106,14.639250,-9.261632,100
451,157,17.589250,-6.711632,100
451,158,17.589250,-6.661632,100
452,157,17.639250,-6.711632,100
257,521,7.889250,11.488369,100
437,303,16.889250,0.588368,100
438,304,16.939250,0.638368,100
128,407,1.439250,5.788369,100
129,406,1.489250,5.738369,100
244,173,7.239250,-5.911632,100
394,112,14.739250,-8.961632,100
395,112,14.789250,-8.961632,100
396,112,14.839250,-8.961632,100
320,346,11.039250,2.738369,100
320,348,11.039250,2.838369,100
321,347,11.089250,2.788369,100
292,515,9.639250,11.188369,100
357,495,12.889250,10.188369,100
358,494,12.939250,10.138369,100
431,408,16.589250,5.838369,100
432,408,16.639250,5.838369,100
433,225,16.689250,-3.311632,100
434,224,16.739250,-3.361632,100
439,305,16.989250,0.688368,100
422,439,16.139250,7.388369,100
423,438,16.189250,7.338369,100
423,439,16.189250,7.388369,100
423,440,16.189250,7.438369,100
424,439,16.239250,7.388369,100
330,176,11.539250,-5.761632,100
331,175,11.589250,-5.811632,100
384,147,14.239250,-7.211632,100
385,148,14.289250,-7.161632,100
386,147,14.339250,-7.211632,100
261,342,8.089250,2.538369,100
262,341,8.139250,2.488369,100
372,478,13.639250,9.338369,100
372,479,13.639250,9.388369,100
263,344,8.189250,2.638369,100
332,178,11.639250,-5.661632,100
155,401,2.789250,5.488369,100
155,402,2.789250,5.538369,100
156,401,2.839250,5.488369,100
395,463,14.789250,8.588369,100
435,234,16.789250,-2.861632,100
436,235,16.839250,-2.811632,100
494,320,19.739250,1.438369,100
495,320,19.789250,1.438369,100
334,222,11.739250,-3.461632,100
335,223,11.789250,-3.411632,100
165,449,3.289250,7.888369,100
322,513,11.139250,11.088369,100
322,515,11.139250,11.188369,100
358,170,12.939250,-6.061632,100
387,459,14.389250,8.388369,100
388,459,14.439250,8.388369,100
388,460,14.439250,8.438369,100
437,235,16.889250,-2.811632,100
300,347,10.039250,2.788369,100
482,387,19.139250,4.788369,100
247,339,7.389250,2.388369,100
247,341,7.389250,2.488369,100
272,512,8.639250,11.038369,100
439,240,16.989250,-2.561632,100
440,239,17.039250,-2.611632,100
440,240,17.039250,-2.561632,100
167,455,3.389250,8.188369,100
168,454,3.439250,8.138369,100
168,455,3.439250,8.188369,100
314,508,10.739250,10.838369,100
314,509,10.739250,10.888369,100
315,509,10.789250,10.888369,100
152,412,2.639250,6.038369,100
154,412,2.739250,6.038369,100
173,355,3.689250,3.188369,100
174,354,3.739250,3.138369,100
461,264,18.089250,-1.361632,100
408,109,15.439250,-9.111632,100
410,109,15.539250,-9.111632,100
83,354,-0.810750,3.138369,100
84,353,-0.760750,3.088369,100
383,465,14.189250,8.688369,100
383,466,14.189250,8.738369,100
406,103,15.339250,-9.411632,100
437,172,16.889250,-5.961632,100
438,172,16.939250,-5.961632,100
95,326,-0.210750,1.738369,100
95,328,-0.210750,1.838369,100
389,95,14.489250,-9.811632,100
391,95,14.589250,-9.811632,100
273,512,8.689250,11.038369,100
476,284,18.839250,-0.361632,100
476,285,18.839250,-0.311632,100
477,284,18.889250,-0.361632,100
293,162,9.689250,-6.461632,100
293,163,9.689250,-6.411632,100
294,162,9.739250,-6.461632,100
84,355,-0.760750,3.188369,100
242,341,7.139250,2.488369,100
243,340,7.189250,2.438369,100
243,341,7.189250,2.488369,100
243,342,7.189250,2.538369,100
244,341,7.239250,2.488369,100
190,334,4.539250,2.138369,100
190,336,4.539250,2.238369,100
430,434,16.539250,7.138369,100
431,433,16.589250,7.088369,100
107,382,0.389250,4.538369,100
108,381,0.439250,4.488369,100
109,382,0.489250,4.538369,100
496,343,19.839250,2.588369,100
498,343,19.939250,2.588369,100
341,503,12.089250,10.588369,100
341,505,12.089250,10.688369,100
377,161,13.889250,-6.511632,100
360,482,13.039250,9.538369,100
361,482,13.089250,9.538369,100
428,208,16.439250,-4.161632,100
220,213,6.039250,-3.911632,100
294,164,9.739250,-6.361632,100
156,423,2.839250,6.588369,100
444,332,17.239250,2.038369,100
445,332,17.289250,2.038369,100
257,509,7.889250,10.888369,100
257,510,7.889250,10.938369,100
109,384,0.489250,4.638369,100
110,383,0.539250,4.588369,100
347,174,12.389250,-5.861632,100
347,176,12.389250,-5.761632,100
423,129,16.189250,-8.111632,100
424,128,16.239250,-8.161632,100
424,129,16.239250,-8.111632,100
424,130,16.239250,-8.061632,100
425,129,16.289250,-8.111632,100
333,501,11.689250,10.488369,100
334,502,11.739250,10.538369,100
315,221,10.789250,-3.511632,100
226,338,6.339250,2.338369,100
227,337,6.389250,2.288369,100
227,338,6.389250,2.338369,100
227,339,6.389250,2.388369,100
228,338,6.439250,2.338369,100
194,208,4.739250,-4.161632,100
195,207,4.789250,-4.211632,100
434,138,16.739250,-7.661632,100
435,137,16.789250,-7.711632,100
435,138,16.789250,-7.661632,100
433,179,16.689250,-5.611632,100
434,179,16.739250,-5.611632,100
434,180,16.739250,-5.561632,100
224,185,6.239250,-5.311632,100
225,184,6.289250,-5.361632,100
225,185,6.289250,-5.311632,100
225,186,6.289250,-5.261632,100
393,106,14.689250,-9.261632,100
395,106,14.789250,-9.261632,100
443,372,17.189250,4.038369,100
444,371,17.239250,3.988369,100
356,488,12.839250,9.838369,100
281,346,9.089250,2.738369,100
282,345,9.139250,2.688369,100
435,403,16.789250,5.588369,100
436,403,16.839250,5.588369,100
153,390,2.689250,4.938369,100
154,390,2.739250,4.938369,100
154,391,2.739250,4.988369,100
401,455,15.089250,8.188369,100
491,305,19.589250,0.688368,100
492,304,19.639250,0.638368,100
343,178,12.189250,-5.661632,100
448,158,17.439250,-6.661632,100
449,157,17.489250,-6.711632,100
450,158,17.539250,-6.661632,100
379,473,13.989250,9.088369,100
380,474,14.039250,9.138369,100
360,230,13.039250,-3.061632,100
445,418,17.289250,6.338369,100
446,417,17.339250,6.288369,100
258,217,7.939250,-3.711632,100
258,219,7.939250,-3.611632,100
169,334,3.489250,2.138369,100
170,335,3.539250,2.188369,100
469,401,18.489250,5.488369,100
246,510,7.339250,10.938369,100
247,509,7.389250,10.888369,100
353,225,12.689250,-3.311632,100
265,341,8.289250,2.488369,100
171,335,3.589250,2.188369,100
171,336,3.589250,2.238369,100
486,382,19.339250,4.538369,100
190,349,4.539250,2.888369,100
248,519,7.439250,11.388369,100
395,453,14.789250,8.088369,100
396,453,14.839250,8.088369,100
396,454,14.839250,8.138369,100
295,222,9.789250,-3.461632,100
296,221,9.839250,-3.511632,100
376,65,13.839250,-11.311632,100
376,66,13.839250,-11.261632,100
377,66,13.889250,-11.261632,100
299,519,9.989250,11.388369,100
299,521,9.989250,11.488369,100
335,178,11.789250,-5.661632,100
448,355,17.439250,3.188369,100
266,344,8.339250,2.638369,100
430,410,16.539250,5.938369,100
431,409,16.589250,5.888369,100
431,410,16.589250,5.938369,100
148,432,2.439250,7.038369,100
149,431,2.489250,6.988369,100
149,432,2.489250,7.038369,100
445,165,17.289250,-6.311632,100
241,514,7.089250,11.138369,100
242,515,7.139250,11.188369,100
264,153,8.239250,-6.911632,100
161,371,3.089250,3.988369,100
152,402,2.639250,5.538369,100
153,403,2.689250,5.588369,100
154,402,2.739250,5.538369,100
443,241,17.189250,-2.511632,100
443,242,17.189250,-2.461632,100
444,241,17.239250,-2.511632,100
367,476,13.389250,9.238369,100
368,476,13.439250,9.238369,100
368,67,13.439250,-11.211632,100
259,160,7.989250,-6.561632,100
242,517,7.139250,11.288369,100
379,76,13.989250,-10.761632,100
379,77,13.989250,-10.711632,100
380,76,14.039250,-10.761632,100
275,512,8.789250,11.038369,100
390,86,14.539250,-10.261632,100
391,85,14.589250,-10.311632,100
286,523,9.339250,11.588369,100
65,329,-1.710750,1.888369,100
280,218,9.039250,-3.661632,100
492,363,19.639250,3.588369,100
493,364,19.689250,3.638369,100
438,428,16.939250,6.838369,100
439,427,16.989250,6.788369,100
438,392,16.939250,5.038369,100
439,391,16.989250,4.988369,100
439,393,16.989250,5.088369,100
304,348,10.239250,2.838369,100
380,77,14.039250,-10.711632,100
380,78,14.039250,-10.661632,100
381,77,14.089250,-10.711632,100
276,515,8.839250,11.188369,100
496,333,19.839250,2.088369,100
498,333,19.939250,2.088369,100
391,86,14.589250,-10.261632,100
382,82,14.139250,-10.461632,100
383,81,14.189250,-10.511632,100
383,82,14.189250,-10.461632,100
481,388,19.089250,4.838369,100
482,388,19.139250,4.838369,100
428,198,16.439250,-4.661632,100
429,198,16.489250,-4.661632,100
429,199,16.489250,-4.611632,100
426,417,16.339250,6.288369,100
427,417,16.389250,6.288369,100
246,343,7.339250,2.588369,100
447,331,17.389250,1.988369,100
448,332,17.439250,2.038369,100
98,326,-0.060750,1.738369,100
67,335,-1.610750,2.188369,100
68,334,-1.560750,2.138369,100
68,335,-1.560750,2.188369,100
415,115,15.789250,-8.811632,100
416,114,15.839250,-8.861632,100
416,115,15.839250,-8.811632,100
173,357,3.689250,3.288369,100
186,475,4.339250,9.188369,100
359,483,12.989250,9.588369,100
359,484,12.989250,9.638369,100
360,484,13.039250,9.638369,100
193,334,4.689250,2.138369,100
313,518,10.689250,11.338369,100
460,266,18.039250,-1.261632,100
461,265,18.089250,-1.311632,100
461,266,18.089250,-1.261632,100
461,267,18.089250,-1.211632,100
462,266,18.139250,-1.261632,100
381,156,14.089250,-6.761632,100
381,157,14.089250,-6.711632,100
382,157,14.139250,-6.711632,100
188,481,4.439250,9.488369,100
189,481,4.489250,9.488369,100
385,92,14.289250,-9.961632,100
386,93,14.339250,-9.911632,100
387,92,14.389250,-9.961632,100
318,224,10.939250,-3.361632,100
223,213,6.189250,-3.911632,100
152,415,2.639250,6.188369,100
153,415,2.689250,6.188369,100
430,134,16.539250,-7.861632,100
431,135,16.589250,-7.811632,100
432,289,16.639250,-0.111632,100
434,289,16.739250,-0.111632,100
197,340,4.889250,2.438369,100
387,93,14.389250,-9.911632,100
387,94,14.389250,-9.861632,100
388,93,14.439250,-9.911632,100
427,129,16.389250,-8.111632,100
402,446,15.139250,7.738369,100
403,446,15.189250,7.738369,100
87,325,-0.610750,1.688369,100
87,327,-0.610750,1.788369,100
340,507,12.039250,10.788369,100
341,506,12.089250,10.738369,100
363,231,13.189250,-3.011632,100
437,179,16.889250,-5.611632,100
437,180,16.889250,-5.561632,100
438,179,16.939250,-5.611632,100
259,217,7.989250,-3.711632,100
260,216,8.039250,-3.761632,100
261,217,8.089250,-3.711632,100
104,380,0.239250,4.438369,100
105,381,0.289250,4.488369,100
434,291,16.739250,-0.011632,100
435,290,16.789250,-0.061632,100
346,178,12.339250,-5.661632,100
347,177,12.389250,-5.711632,100
156,390,2.839250,4.938369,100
158,390,2.939250,4.938369,100
231,338,6.589250,2.338369,100
231,340,6.589250,2.438369,100
256,513,7.839250,11.088369,100
182,333,4.139250,2.088369,100
247,508,7.389250,10.838369,100
248,507,7.439250,10.788369,100
248,508,7.439250,10.838369,100
248,509,7.439250,10.888369,100
249,508,7.489250,10.838369,100
496,346,19.839250,2.738369,100
497,346,19.889250,2.738369,100
498,346,19.939250,2.738369,100
301,519,10.089250,11.388369,100
301,521,10.089250,11.488369,100
201,204,5.089250,-4.361632,100
261,219,8.089250,-3.611632,100
495,350,19.789250,2.938369,100
448,345,17.439250,2.688369,100
434,410,16.739250,5.938369,100
129,409,1.489250,5.888369,100
130,408,1.539250,5.838369,100
130,409,1.539250,5.888369,100
130,410,1.539250,5.938369,100
131,409,1.589250,5.888369,100
398,453,14.939250,8.088369,100
224,186,6.239250,-5.261632,100
225,187,6.289250,-5.211632,100
432,181,16.639250,-5.511632,100
433,180,16.689250,-5.561632,100
433,181,16.689250,-5.511632,100
433,182,16.689250,-5.461632,100
444,155,17.239250,-6.811632,100
445,155,17.289250,-6.811632,100
202,213,5.139250,-3.911632,100
203,214,5.189250,-3.861632,100
430,220,16.539250,-3.561632,100
226,341,6.339250,2.488369,100
227,340,6.389250,2.438369,100
227,341,6.389250,2.488369,100
227,342,6.389250,2.538369,100
268,341,8.439250,2.488369,100
436,300,16.839250,0.438368,100
165,366,3.289250,3.738369,100
379,474,13.989250,9.138369,100
379,476,13.989250,9.238369,100
380,475,14.039250,9.188369,100
440,306,17.039250,0.738368,100
441,305,17.089250,0.688368,100
324,504,11.239250,10.638369,100
325,503,11.289250,10.588369,100
325,504,11.289250,10.638369,100
297,221,9.889250,-3.511632,100
298,220,9.939250,-3.561632,100
298,221,9.939250,-3.511632,100
298,222,9.939250,-3.461632,100
302,521,10.139250,11.488369,100
371,63,13.589250,-11.411632,100
372,62,13.639250,-11.461632,100
262,156,8.139250,-6.761632,100
441,306,17.089250,0.738368,100
441,307,17.089250,0.788368,100
442,306,17.139250,0.738368,100
252,520,7.639250,11.438369,100
326,175,11.339250,-5.811632,100
430,412,16.539250,6.038369,100
364,167,13.239250,-6.211632,100
365,166,13.289250,-6.261632,100
365,167,13.289250,-6.211632,100
365,168,13.289250,-6.161632,100
366,167,13.339250,-6.211632,100
437,237,16.889250,-2.711632,100
438,238,16.939250,-2.661632,100
443,387,17.189250,4.788369,100
287,512,9.389250,11.038369,100
287,513,9.389250,11.088369,100
430,417,16.539250,6.288369,100
167,452,3.389250,8.038369,100
289,523,9.489250,11.588369,100
439,238,16.989250,-2.661632,100
439,239,16.989250,-2.611632,100
160,373,3.039250,4.088369,100
161,373,3.089250,4.088369,100
161,374,3.089250,4.138369,100
336,226,11.839250,-3.261632,100
397,91,14.889250,-10.011632,100
398,92,14.939250,-9.961632,100
167,454,3.389250,8.138369,100
168,453,3.439250,8.088369,100
283,218,9.189250,-3.661632,100
441,243,17.089250,-2.411632,100
442,242,17.139250,-2.461632,100
442,243,17.139250,-2.411632,100
169,458,3.489250,8.338369,100
170,457,3.539250,8.288369,100
170,458,3.539250,8.338369,100
445,362,17.289250,3.538369,100
208,340,5.439250,2.438369,100
208,341,5.439250,2.488369,100
249,343,7.489250,2.588369,100
59,326,-2.010750,1.738369,100
60,326,-1.960750,1.738369,100
426,419,16.339250,6.388369,100
177,352,3.889250,3.038369,100
177,353,3.889250,3.088369,100
178,353,3.939250,3.088369,100
491,365,19.589250,3.688369,100
492,364,19.639250,3.638369,100
492,365,19.639250,3.688369,100
437,394,16.889250,5.138369,100
438,393,16.939250,5.088369,100
438,394,16.939250,5.138369,100
226,214,6.339250,-3.861632,100
226,216,6.339250,-3.761632,100
311,174,10.589250,-5.861632,100
490,369,19.539250,3.888369,100
267,511,8.389250,10.988369,100
180,472,4.039250,9.038369,100
302,169,10.139250,-6.111632,100
303,169,10.189250,-6.111632,100
303,170,10.189250,-6.061632,100
321,224,11.089250,-3.361632,100
156,415,2.839250,6.188369,100
156,416,2.839250,6.238369,100
157,415,2.889250,6.188369,100
184,333,4.239250,2.088369,100
184,334,4.239250,2.138369,100
185,334,4.289250,2.138369,100
477,286,18.889250,-0.261632,100
478,285,18.939250,-0.311632,100
478,286,18.939250,-0.261632,100
478,287,18.939250,-0.211632,100
479,286,18.989250,-0.261632,100
442,165,17.139250,-6.311632,100
443,164,17.189250,-6.361632,100
443,165,17.189250,-6.311632,100
456,263,17.839250,-1.411632,100
457,263,17.889250,-1.411632,100
457,264,17.889250,-1.361632,100
458,263,17.939250,-1.411632,100
304,171,10.239250,-6.011632,100
86,355,-0.660750,3.188369,100
448,335,17.439250,2.188369,100
385,468,14.289250,8.838369,100
386,468,14.339250,8.838369,100
386,469,14.339250,8.888369,100
348,177,12.439250,-5.711632,100
90,325,-0.460750,1.688369,100
270,523,8.539250,11.588369,100
446,374,17.339250,4.138369,100
479,287,18.989250,-0.211632,100
479,288,18.989250,-0.161632,100
480,287,19.039250,-0.211632,100
366,229,13.339250,-3.111632,100
425,132,16.289250,-7.961632,100
426,133,16.339250,-7.911632,100
391,139,14.589250,-7.611632,100
392,139,14.639250,-7.611632,100
392,140,14.639250,-7.561632,100
422,428,16.139250,6.838369,100
280,342,9.039250,2.538369,100
358,491,12.939250,9.988369,100
264,217,8.239250,-3.711632,100
264,219,8.239250,-3.611632,100
270,148,8.539250,-7.161632,100
270,150,8.539250,-7.061632,100
271,149,8.589250,-7.111632,100
188,344,4.439250,2.638369,100
388,141,14.439250,-7.511632,100
389,141,14.489250,-7.511632,100
252,508,7.639250,10.838369,100
432,292,16.639250,0.038368,100
433,292,16.689250,0.038368,100
425,438,16.289250,7.338369,100
418,433,15.939250,7.088369,100
128,329,1.439250,1.888369,100
328,505,11.439250,10.688369,100
374,471,13.739250,8.988369,100
166,443,3.339250,7.588369,100
167,442,3.389250,7.538369,100
331,509,11.589250,10.888369,100
367,168,13.389250,-6.161632,100
368,167,13.439250,-6.211632,100
368,169,13.439250,-6.111632,100
430,187,16.539250,-5.211632,100
391,116,14.589250,-8.761632,100
393,116,14.689250,-8.761632,100
375,472,13.789250,9.038369,100
375,473,13.789250,9.088369,100
421,438,16.089250,7.338369,100
421,439,16.089250,7.388369,100
167,443,3.389250,7.588369,100
168,443,3.439250,7.588369,100
495,353,19.789250,3.088369,100
496,353,19.839250,3.088369,100
496,354,19.839250,3.138369,100
497,353,19.889250,3.088369,100
302,223,10.139250,-3.411632,100
329,175,11.489250,-5.811632,100
165,332,3.289250,2.038369,100
165,334,3.289250,2.138369,100
166,333,3.339250,2.088369,100
191,470,4.589250,8.938369,100
192,471,4.639250,8.988369,100
394,121,14.739250,-8.511632,100
395,121,14.789250,-8.511632,100
395,122,14.789250,-8.461632,100
170,447,3.539250,7.788369,100
324,505,11.239250,10.688369,100
325,506,11.289250,10.738369,100
445,352,17.289250,3.038369,100
383,148,14.189250,-7.161632,100
384,148,14.239250,-7.161632,100
384,149,14.239250,-7.111632,100
330,178,11.539250,-5.661632,100
259,341,7.989250,2.488369,100
260,340,8.039250,2.438369,100
260,341,8.039250,2.488369,100
260,342,8.039250,2.538369,100
261,341,8.089250,2.488369,100
396,122,14.839250,-8.461632,100
396,123,14.839250,-8.411632,100
397,122,14.889250,-8.461632,100
151,434,2.589250,7.138369,100
347,496,12.389250,10.238369,100
393,461,14.689250,8.488369,100
164,373,3.239250,4.088369,100
339,226,11.989250,-3.261632,100
444,243,17.239250,-2.411632,100
445,242,17.289250,-2.461632,100
445,243,17.289250,-2.411632,100
445,244,17.289250,-2.361632,100
446,243,17.339250,-2.411632,100
108,330,0.439250,1.938369,100
442,319,17.139250,1.388369,100
443,320,17.189250,1.438369,100
429,419,16.489250,6.388369,100
371,69,13.589250,-11.111632,100
441,393,17.089250,5.088369,100
460,407,18.039250,5.788369,100
460,409,18.039250,5.888369,100
382,78,14.139250,-10.661632,100
211,340,5.589250,2.438369,100
211,342,5.589250,2.538369,100
252,343,7.639250,2.588369,100
236,514,6.839250,11.138369,100
236,515,6.839250,11.188369,100
237,514,6.889250,11.138369,100
203,336,5.189250,2.238369,100
203,338,5.189250,2.338369,100
343,496,12.189250,10.238369,100
446,244,17.339250,-2.361632,100
150,330,2.539250,1.938369,100
409,441,15.489250,7.488369,100
410,442,15.539250,7.538369,100
160,374,3.039250,4.138369,100
160,375,3.039250,4.188369,100
161,375,3.089250,4.188369,100
67,332,-1.610750,2.038369,100
67,334,-1.610750,2.138369,100
68,333,-1.560750,2.088369,100
312,508,10.639250,10.838369,100
312,509,10.639250,10.888369,100
402,102,15.139250,-9.461632,100
69,338,-1.510750,2.338369,100
70,338,-1.460750,2.338369,100
298,344,9.939250,2.638369,100
298,345,9.939250,2.688369,100
270,511,8.539250,10.988369,100
306,168,10.339250,-6.161632,100
447,329,17.389250,1.888369,100
211,196,5.589250,-4.761632,100
211,198,5.589250,-4.661632,100
212,197,5.639250,-4.711632,100
385,84,14.289250,-10.361632,100
385,85,14.289250,-10.311632,100
386,84,14.339250,-10.361632,100
432,200,16.639250,-4.561632,100
420,272,16.039250,-0.961632,100
421,273,16.089250,-0.911632,100
481,286,19.089250,-0.261632,100
481,287,19.089250,-0.211632,100
482,286,19.139250,-0.261632,100
387,95,14.389250,-9.811632,100
388,94,14.439250,-9.861632,100
431,430,16.589250,6.938369,100
489,371,19.489250,3.988369,100
241,342,7.089250,2.538369,100
437,400,16.889250,5.438369,100
188,334,4.439250,2.138369,100
188,336,4.439250,2.238369,100
249,164,7.489250,-6.361632,100
422,274,16.139250,-0.861632,100
273,523,8.689250,11.588369,100
199,343,4.989250,2.588369,100
199,345,4.989250,2.688369,100
200,344,5.039250,2.638369,100
482,287,19.139250,-0.211632,100
482,288,19.139250,-0.161632,100
483,287,19.189250,-0.211632,100
362,486,13.139250,9.738369,100
362,487,13.139250,9.788369,100
363,487,13.189250,9.788369,100
283,342,9.189250,2.538369,100
154,423,2.739250,6.588369,100
155,424,2.789250,6.638369,100
382,464,14.139250,8.638369,100
382,466,14.139250,8.738369,100
437,401,16.889250,5.488369,100
437,402,16.889250,5.538369,100
438,401,16.939250,5.488369,100
106,382,0.339250,4.538369,100
107,381,0.389250,4.488369,100
429,213,16.489250,-3.911632,100
157,428,2.889250,6.838369,100
385,470,14.289250,8.938369,100
386,470,14.339250,8.938369,100
183,337,4.189250,2.288369,100
184,336,4.239250,2.238369,100
184,337,4.239250,2.288369,100
225,337,6.289250,2.288369,100
225,339,6.289250,2.388369,100
313,221,10.689250,-3.511632,100
313,223,10.689250,-3.411632,100
273,149,8.689250,-7.111632,100
371,162,13.589250,-6.461632,100
371,163,13.589250,-6.411632,100
372,163,13.639250,-6.411632,100
356,228,12.839250,-3.161632,100
357,229,12.889250,-3.111632,100
390,141,14.539250,-7.511632,100
391,140,14.589250,-7.561632,100
391,141,14.589250,-7.511632,100
391,142,14.589250,-7.461632,100
392,141,14.639250,-7.511632,100
255,216,7.789250,-3.761632,100
256,217,7.839250,-3.711632,100
326,507,11.339250,10.788369,100
327,506,11.389250,10.738369,100
354,488,12.739250,9.838369,100
394,111,14.739250,-9.011632,100
396,111,14.839250,-9.011632,100
246,167,7.339250,-6.211632,100
246,168,7.339250,-6.161632,100
131,329,1.589250,1.888369,100
131,331,1.589250,1.988369,100
445,342,17.289250,2.538369,100
262,521,8.139250,11.488369,100
262,522,8.139250,11.538369,100
485,378,19.289250,4.338369,100
422,438,16.139250,7.338369,100
269,151,8.489250,-7.011632,100
269,152,8.489250,-6.961632,100
270,151,8.539250,-7.011632,100
72,325,-1.360750,1.688369,100
73,326,-1.310750,1.738369,100
132,410,1.639250,5.938369,100
400,456,15.039250,8.238369,100
401,457,15.089250,8.288369,100
435,183,16.789250,-5.411632,100
436,183,16.839250,-5.411632,100
466,401,18.339250,5.488369,100
467,401,18.389250,5.488369,100
243,506,7.189250,10.738369,100
243,507,7.189250,10.788369,100
332,175,11.639250,-5.811632,100
263,341,8.189250,2.488369,100
256,216,7.839250,-3.761632,100
167,333,3.389250,2.088369,100
168,332,3.439250,2.038369,100
168,333,3.439250,2.088369,100
168,334,3.439250,2.138369,100
156,400,2.839250,5.438369,100
241,174,7.089250,-5.861632,100
494,319,19.739250,1.388369,100
496,319,19.839250,1.388369,100
198,211,4.939250,-4.011632,100
198,213,4.939250,-3.911632,100
199,212,4.989250,-3.961632,100
439,423,16.989250,6.588369,100
322,512,11.139250,11.038369,100
186,468,4.339250,8.838369,100
187,469,4.389250,8.888369,100
188,468,4.439250,8.838369,100
462,407,18.139250,5.788369,100
494,355,19.739250,3.188369,100
495,354,19.789250,3.138369,100
496,355,19.839250,3.188369,100
440,384,17.039250,4.638369,100
300,344,10.039250,2.638369,100
293,219,9.689250,-3.611632,100
345,496,12.289250,10.238369,100
111,330,0.589250,1.938369,100
373,477,13.689250,9.288369,100
199,213,4.989250,-3.911632,100
199,214,4.989250,-3.861632,100
200,213,5.039250,-3.911632,100
497,320,19.889250,1.438369,100
375,65,13.789250,-11.311632,100
169,454,3.489250,8.138369,100
391,119,14.589250,-8.611632,100
393,119,14.689250,-8.611632,100
188,470,4.439250,8.938369,100
430,190,16.539250,-5.061632,100
389,460,14.489250,8.438369,100
214,342,5.739250,2.538369,100
284,521,9.239250,11.488369,100
284,523,9.239250,11.588369,100
170,455,3.539250,8.188369,100
236,215,6.839250,-3.811632,100
236,217,6.839250,-3.711632,100
237,216,6.889250,-3.761632,100
315,510,10.789250,10.938369,100
256,159,7.839250,-6.611632,100
257,159,7.889250,-6.611632,100
257,160,7.889250,-6.561632,100
173,460,3.689250,8.438369,100
355,172,12.789250,-5.961632,100
242,340,7.139250,2.438369,100
243,339,7.189250,2.388369,100
244,340,7.239250,2.438369,100
331,224,11.589250,-3.361632,100
331,225,11.589250,-3.311632,100
378,156,13.939250,-6.761632,100
96,326,-0.160750,1.738369,100
96,328,-0.160750,1.838369,100
156,413,2.839250,6.088369,100
86,358,-0.660750,3.338369,100
87,359,-0.610750,3.388369,100
88,358,-0.560750,3.338369,100
431,203,16.589250,-4.411632,100
410,108,15.539250,-9.161632,100
411,108,15.589250,-9.161632,100
466,270,18.339250,-1.061632,100
467,269,18.389250,-1.111632,100
467,270,18.389250,-1.061632,100
479,289,18.989250,-0.111632,100
480,288,19.039250,-0.161632,100
480,289,19.039250,-0.111632,100
363,486,13.189250,9.738369,100
364,486,13.239250,9.738369,100
364,487,13.239250,9.788369,100
268,514,8.439250,11.138369,100
269,514,8.489250,11.138369,100
269,515,8.489250,11.188369,100
270,514,8.539250,11.138369,100
444,331,17.239250,1.988369,100
88,360,-0.560750,3.438369,100
390,131,14.539250,-8.011632,100
392,131,14.639250,-8.011632,100
342,503,12.139250,10.588369,100
342,505,12.139250,10.688369,100
411,109,15.589250,-9.111632,100
221,213,6.089250,-3.911632,100
473,394,18.689250,5.138369,100
474,394,18.739250,5.138369,100
365,487,13.289250,9.788369,100
365,488,13.289250,9.838369,100
366,487,13.339250,9.788369,100
303,513,10.189250,11.088369,100
443,371,17.189250,3.988369,100
434,402,16.739250,5.538369,100
436,402,16.839250,5.538369,100
113,387,0.689250,4.788369,100
316,221,10.839250,-3.511632,100
228,337,6.439250,2.288369,100
252,511,7.639250,10.988369,100
253,512,7.689250,11.038369,100
343,175,12.189250,-5.811632,100
226,184,6.339250,-5.361632,100
226,186,6.339250,-5.261632,100
258,216,7.939250,-3.761632,100
282,346,9.139250,2.738369,100
283,345,9.189250,2.688369,100
436,404,16.839250,5.638369,100
437,403,16.889250,5.588369,100
307,517,10.389250,11.288369,100
248,168,7.439250,-6.161632,100
249,168,7.489250,-6.161632,100
249,169,7.489250,-6.111632,100
438,149,16.939250,-7.111632,100
439,150,16.989250,-7.061632,100
246,507,7.339250,10.788369,100
167,364,3.389250,3.638369,100
265,520,8.289250,11.438369,100
265,522,8.289250,11.538369,100
224,341,6.239250,2.488369,100
225,340,6.289250,2.438369,100
259,219,7.989250,-3.611632,100
431,289,16.589250,-0.111632,100
389,143,14.489250,-7.411632,100
390,142,14.539250,-7.461632,100
391,143,14.589250,-7.411632,100
395,452,14.789250,8.038369,100
444,384,17.239250,4.638369,100
247,510,7.389250,10.938369,100
452,159,17.639250,-6.611632,100
201,214,5.089250,-3.861632,100
353,491,12.689250,9.988369,100
354,490,12.739250,9.938369,100
319,349,10.989250,2.888369,100
266,341,8.339250,2.488369,100
148,431,2.439250,6.988369,100
149,430,2.489250,6.938369,100
150,431,2.539250,6.988369,100
249,519,7.489250,11.388369,100
296,222,9.839250,-3.461632,100
400,459,15.039250,8.388369,100
401,458,15.089250,8.338369,100
466,402,18.339250,5.538369,100
467,403,18.389250,5.588369,100
486,381,19.339250,4.488369,100
487,381,19.389250,4.488369,100
432,226,16.639250,-3.261632,100
433,226,16.689250,-3.261632,100
151,432,2.589250,7.038369,100
438,306,16.939250,0.738368,100
439,306,16.989250,0.738368,100
439,307,16.989250,0.788368,100
295,520,9.789250,11.438369,100
295,522,9.789250,11.538369,100
217,194,5.889250,-4.861632,100
218,193,5.939250,-4.911632,100
152,437,2.639250,7.288369,100
153,436,2.689250,7.238369,100
153,437,2.689250,7.288369,100
443,311,17.189250,0.988368,100
114,330,0.739250,1.938369,100
202,214,5.139250,-3.861632,100
193,209,4.689250,-4.111632,100
368,61,13.439250,-11.511632,100
369,60,13.489250,-11.561632,100
372,481,13.639250,9.488369,100
373,481,13.689250,9.488369,100
492,362,19.639250,3.538369,100
438,391,16.939250,4.988369,100
255,340,7.789250,2.438369,100
154,403,2.739250,5.588369,100
156,403,2.839250,5.588369,100
276,512,8.839250,11.038369,100
160,331,3.039250,1.988369,100
429,193,16.489250,-4.911632,100
430,192,16.539250,-4.961632,100
372,72,13.639250,-10.961632,100
287,523,9.389250,11.588369,100
382,81,14.139250,-10.511632,100
383,80,14.189250,-10.561632,100
384,81,14.239250,-10.511632,100
392,85,14.639250,-10.311632,100
238,216,6.939250,-3.761632,100
239,215,6.989250,-3.811632,100
239,216,6.989250,-3.761632,100
239,217,6.989250,-3.711632,100
445,320,17.289250,1.438369,100
446,321,17.339250,1.488369,100
69,334,-1.510750,2.138369,100
180,467,4.039250,8.788369,100
395,91,14.789250,-10.011632,100
247,343,7.389250,2.588369,100
187,475,4.389250,9.188369,100
152,414,2.639250,6.138369,100
382,158,14.139250,-6.661632,100
190,480,4.539250,9.438369,100
284,346,9.239250,2.738369,100
277,220,8.889250,-3.561632,100
277,221,8.889250,-3.511632,100
423,275,16.189250,-0.811632,100
424,274,16.239250,-0.861632,100
485,290,19.289250,-0.061632,100
290,159,9.539250,-6.611632,100
360,483,13.039250,9.588369,100
306,513,10.339250,11.088369,100
486,295,19.339250,0.188368,100
487,294,19.389250,0.138368,100
488,295,19.439250,0.188368,100
390,138,14.539250,-7.661632,100
156,424,2.839250,6.638369,100
156,425,2.839250,6.688369,100
88,325,-0.560750,1.688369,100
88,327,-0.560750,1.788369,100
496,345,19.839250,2.688369,100
498,345,19.939250,2.688369,100
390,98,14.539250,-9.661632,100
391,97,14.589250,-9.711632,100
391,98,14.589250,-9.661632,100
361,484,13.089250,9.638369,100
361,485,13.089250,9.688369,100
314,224,10.739250,-3.361632,100
131,332,1.589250,2.038369,100
132,333,1.639250,2.088369,100
285,346,9.289250,2.738369,100
309,518,10.489250,11.338369,100
310,518,10.539250,11.338369,100
310,519,10.539250,11.388369,100
257,513,7.889250,11.088369,100
183,333,4.189250,2.088369,100
432,134,16.639250,-7.861632,100
432,135,16.639250,-7.811632,100
268,520,8.439250,11.438369,100
268,522,8.439250,11.538369,100
161,430,3.089250,6.938369,100
489,305,19.489250,0.688368,100
490,306,19.539250,0.738368,100
445,419,17.289250,6.388369,100
443,374,17.189250,4.138369,100
133,414,1.689250,6.138369,100
302,518,10.139250,11.338369,100
153,392,2.689250,5.038369,100
155,392,2.789250,5.038369,100
228,340,6.439250,2.438369,100
228,342,6.439250,2.538369,100
433,220,16.689250,-3.561632,100
495,311,19.789250,0.988368,100
352,228,12.639250,-3.161632,100
446,420,17.339250,6.438369,100
446,421,17.339250,6.488369,100
299,220,9.989250,-3.561632,100
299,222,9.989250,-3.461632,100
429,412,16.489250,6.038369,100
430,411,16.539250,5.988369,100
443,386,17.189250,4.738369,100
298,522,9.939250,11.538369,100
163,334,3.189250,2.138369,100
366,168,13.339250,-6.161632,100
68,325,-1.560750,1.688369,100
322,505,11.139250,10.688369,100
181,350,4.089250,2.938369,100
367,477,13.389250,9.288369,100
448,357,17.439250,3.288369,100
258,340,7.939250,2.438369,100
258,342,7.939250,2.538369,100
171,457,3.589250,8.288369,100
190,470,4.539250,8.938369,100
337,226,11.889250,-3.261632,100
152,404,2.639250,5.638369,100
288,219,9.439250,-3.611632,100
155,335,2.789250,2.188369,100
368,478,13.439250,9.338369,100
368,479,13.439250,9.388369,100
414,444,15.739250,7.638369,100
425,419,16.289250,6.388369,100
426,418,16.339250,6.338369,100
172,458,3.639250,8.338369,100
410,439,15.539250,7.388369,100
209,340,5.489250,2.438369,100
209,342,5.489250,2.538369,100
295,343,9.789250,2.588369,100
295,345,9.789250,2.688369,100
296,344,9.839250,2.638369,100
106,327,0.339250,1.788369,100
494,365,19.739250,3.688369,100
397,249,14.889250,-2.111632,100
413,111,15.689250,-9.011632,100
496,335,19.839250,2.188369,100
498,335,19.939250,2.188369,100
428,200,16.439250,-4.561632,100
87,355,-0.610750,3.188369,100
448,334,17.439250,2.138369,100
286,150,9.339250,-7.061632,100
89,361,-0.510750,3.488369,100
90,360,-0.460750,3.438369,100
413,112,15.689250,-8.961632,100
458,262,17.939250,-1.461632,100
222,216,6.139250,-3.761632,100
185,478,4.289250,9.338369,100
186,478,4.339250,9.338369,100
359,487,12.989250,9.788369,100
360,486,13.039250,9.738369,100
387,469,14.389250,8.888369,100
452,413,17.639250,6.088369,100
91,325,-0.410750,1.688369,100
271,523,8.589250,11.588369,100
173,360,3.689250,3.438369,100
174,360,3.739250,3.438369,100
174,361,3.739250,3.488369,100
488,372,19.439250,4.038369,100
436,180,16.839250,-5.561632,100
387,140,14.389250,-7.561632,100
389,140,14.489250,-7.561632,100
432,291,16.639250,-0.011632,100
116,390,0.839250,4.938369,100
355,229,12.789250,-3.111632,100
435,292,16.789250,0.038368,100
156,392,2.839250,5.038369,100
157,393,2.889250,5.088369,100
158,392,2.939250,5.038369,100
231,342,6.589250,2.538369,100
248,510,7.439250,10.938369,100
248,511,7.439250,10.988369,100
169,366,3.489250,3.738369,100
129,329,1.489250,1.888369,100
442,377,17.139250,4.288369,100
443,376,17.189250,4.238369,100
355,492,12.789250,10.038369,100
355,493,12.789250,10.088369,100
495,352,19.789250,3.038369,100
497,352,19.889250,3.038369,100
172,336,3.639250,2.238369,100
173,337,3.689250,2.288369,100
174,336,3.739250,2.238369,100
302,220,10.139250,-3.561632,100
71,326,-1.410750,1.738369,100
171,447,3.589250,7.788369,100
433,183,16.689250,-5.411632,100
266,155,8.339250,-6.811632,100
290,511,9.539250,10.988369,100
356,229,12.839250,-3.111632,100
268,345,8.439250,2.688369,100
422,440,16.139250,7.438369,100
330,175,11.539250,-5.811632,100
166,332,3.339250,2.038369,100
166,334,3.339250,2.138369,100
325,507,11.289250,10.788369,100
371,472,13.589250,9.038369,100
371,473,13.589250,9.088369,100
245,218,7.289250,-3.661632,100
363,168,13.189250,-6.161632,100
364,168,13.239250,-6.161632,100
364,169,13.239250,-6.111632,100
196,213,4.839250,-3.911632,100
431,223,16.589250,-3.411632,100
261,340,8.089250,2.438369,100
286,515,9.339250,11.188369,100
436,228,16.839250,-3.161632,100
72,326,-1.360750,1.738369,100
442,308,17.139250,0.838368,100
244,518,7.239250,11.338369,100
236,512,6.839250,11.038369,100
237,513,6.889250,11.088369,100
291,219,9.589250,-3.611632,100
203,335,5.189250,2.188369,100
342,496,12.139250,10.238369,100
343,495,12.189250,10.188369,100
109,330,0.489250,1.938369,100
317,173,10.889250,-5.911632,100
498,325,19.939250,1.688369,100
409,440,15.489250,7.438369,100
410,441,15.539250,7.488369,100
159,374,2.989250,4.138369,100
214,495,5.739250,10.188369,100
449,248,17.489250,-2.161632,100
449,249,17.489250,-2.111632,100
450,248,17.539250,-2.161632,100
68,332,-1.560750,2.038369,100
212,340,5.639250,2.438369,100
212,342,5.639250,2.538369,100
71,337,-1.410750,2.288369,100
237,515,6.889250,11.188369,100
238,514,6.939250,11.138369,100
204,338,5.239250,2.338369,100
229,509,6.489250,10.888369,100
380,154,14.039250,-6.861632,100
211,195,5.589250,-4.811632,100
374,74,13.739250,-10.861632,100
374,75,13.739250,-10.811632,100
375,74,13.789250,-10.861632,100
445,318,17.289250,1.338369,100
450,249,17.539250,-2.111632,100
188,478,4.439250,9.338369,100
393,128,14.689250,-8.161632,100
234,217,6.739250,-3.711632,100
313,508,10.689250,10.838369,100
191,484,4.589250,9.638369,100
192,483,4.639250,9.588369,100
299,344,9.989250,2.638369,100
376,75,13.839250,-10.811632,100
406,107,15.339250,-9.211632,100
407,108,15.389250,-9.161632,100
212,198,5.639250,-4.661632,100
241,339,7.089250,2.388369,100
329,225,11.489250,-3.311632,100
393,246,14.689250,-2.261632,100
408,108,15.439250,-9.161632,100
492,371,19.639250,3.988369,100
242,342,7.139250,2.538369,100
200,345,5.039250,2.688369,100
157,417,2.889250,6.288369,100
156,382,2.839250,4.538369,100
157,381,2.889250,4.488369,100
158,382,2.939250,4.538369,100
185,336,4.289250,2.238369,100
89,328,-0.510750,1.838369,100
385,240,14.289250,-2.561632,100
385,241,14.289250,-2.511632,100
273,147,8.689250,-7.211632,100
363,488,13.189250,9.838369,100
160,428,3.039250,6.838369,100
448,337,17.439250,2.288369,100
452,415,17.639250,6.188369,100
226,337,6.339250,2.288369,100
226,339,6.339250,2.388369,100
446,376,17.339250,4.238369,100
445,341,17.289250,2.488369,100
262,519,8.139250,11.388369,100
263,520,8.189250,11.438369,100
432,212,16.639250,-3.961632,100
434,182,16.739250,-5.461632,100
436,182,16.839250,-5.461632,100
111,387,0.589250,4.788369,100
358,493,12.939250,10.088369,100
263,522,8.189250,11.538369,100
494,309,19.739250,0.888368,100
161,438,3.089250,7.338369,100
127,332,1.389250,2.038369,100
74,326,-1.260750,1.738369,100
164,443,3.239250,7.588369,100
165,444,3.289250,7.638369,100
252,512,7.639250,11.038369,100
448,156,17.439250,-6.761632,100
244,506,7.239250,10.738369,100
366,169,13.339250,-6.111632,100
367,169,13.389250,-6.111632,100
367,170,13.389250,-6.061632,100
155,394,2.789250,5.138369,100
156,393,2.839250,5.088369,100
157,394,2.889250,5.138369,100
350,490,12.539250,9.938369,100
351,490,12.589250,9.938369,100
317,349,10.889250,2.888369,100
257,216,7.889250,-3.761632,100
169,332,3.489250,2.038369,100
166,444,3.339250,7.638369,100
497,319,19.889250,1.388369,100
199,211,4.989250,-4.011632,100
375,64,13.789250,-11.361632,100
289,515,9.489250,11.188369,100
464,402,18.239250,5.538369,100
430,189,16.539250,-5.111632,100
391,118,14.589250,-8.661632,100
393,118,14.689250,-8.661632,100
147,431,2.389250,6.988369,100
148,430,2.439250,6.938369,100
382,149,14.139250,-7.111632,100
497,355,19.889250,3.188369,100
294,219,9.739250,-3.611632,100
191,474,4.589250,9.138369,100
192,473,4.639250,9.088369,100
200,214,5.039250,-3.861632,100
112,330,0.639250,1.938369,100
394,123,14.739250,-8.411632,100
395,123,14.789250,-8.411632,100
63,325,-1.810750,1.688369,100
445,354,17.289250,3.138369,100
379,70,13.989250,-11.061632,100
323,511,11.189250,10.988369,100
323,512,11.189250,11.038369,100
236,214,6.839250,-3.861632,100
237,215,6.889250,-3.811632,100
444,164,17.239250,-6.361632,100
260,344,8.039250,2.638369,100
173,459,3.689250,8.388369,100
322,174,11.139250,-5.861632,100
179,354,3.989250,3.138369,100
179,355,3.989250,3.188369,100
180,355,4.039250,3.188369,100
207,336,5.389250,2.238369,100
396,124,14.839250,-8.361632,100
397,124,14.889250,-8.361632,100
331,222,11.589250,-3.461632,100
237,217,6.889250,-3.711632,100
316,510,10.839250,10.938369,100
156,412,2.839250,6.038369,100
302,344,10.139250,2.638369,100
431,202,16.589250,-4.461632,100
468,269,18.439250,-1.111632,100
332,225,11.639250,-3.311632,100
244,339,7.239250,2.388369,100
210,199,5.539250,-4.611632,100
390,130,14.539250,-8.061632,100
392,130,14.639250,-8.061632,100
356,171,12.839250,-6.011632,100
274,218,8.739250,-3.661632,100
274,220,8.739250,-3.561632,100
254,161,7.739250,-6.511632,100
270,515,8.539250,11.188369,100
444,366,17.239250,3.738369,100
306,172,10.339250,-5.961632,100
415,114,15.789250,-8.861632,100
338,504,11.939250,10.638369,100
304,513,10.239250,11.088369,100
490,374,19.539250,4.138369,100
491,373,19.589250,4.088369,100
388,98,14.439250,-9.661632,100
389,97,14.489250,-9.711632,100
429,134,16.489250,-7.861632,100
375,163,13.789250,-6.411632,100
155,384,2.789250,4.638369,100
259,216,7.989250,-3.761632,100
362,489,13.139250,9.888369,100
363,489,13.189250,9.888369,100
283,346,9.189250,2.738369,100
308,517,10.439250,11.288369,100
429,215,16.489250,-3.811632,100
390,107,14.539250,-9.211632,100
391,108,14.589250,-9.161632,100
392,107,14.639250,-9.211632,100
436,293,16.839250,0.088368,100
247,507,7.389250,10.788369,100
452,158,17.639250,-6.661632,100
266,520,8.339250,11.438369,100
266,522,8.339250,11.538369,100
157,430,2.889250,6.938369,100
158,430,2.939250,6.938369,100
225,341,6.289250,2.488369,100
226,340,6.339250,2.438369,100
128,408,1.439250,5.838369,100
129,407,1.489250,5.788369,100
393,108,14.689250,-9.161632,100
437,294,16.889250,0.138368,100
354,491,12.739250,9.988369,100
340,178,12.039250,-5.661632,100
445,344,17.289250,2.638369,100
434,225,16.739250,-3.311632,100
438,305,16.939250,0.688368,100
129,408,1.489250,5.838369,100
297,220,9.889250,-3.561632,100
297,222,9.889250,-3.461632,100
154,436,2.739250,7.238369,100
443,310,17.189250,0.938368,100
202,211,5.139250,-4.011632,100
467,404,18.389250,5.638369,100
435,226,16.789250,-3.261632,100
296,522,9.839250,11.538369,100
182,464,4.139250,8.638369,100
155,437,2.789250,7.288369,100
156,402,2.839250,5.538369,100
429,192,16.489250,-4.961632,100
66,325,-1.660750,1.688369,100
370,60,13.539250,-11.561632,100
442,166,17.139250,-6.261632,100
388,150,14.439250,-7.061632,100
439,426,16.989250,6.738369,100
161,331,3.089250,1.988369,100
495,322,19.789250,1.538369,100
497,322,19.889250,1.538369,100
483,387,19.189250,4.788369,100
396,90,14.839250,-10.061632,100
373,480,13.689250,9.438369,100
240,215,7.039250,-3.811632,100
240,217,7.039250,-3.711632,100
69,333,-1.510750,2.088369,100
70,334,-1.460750,2.138369,100
167,456,3.389250,8.238369,100
168,457,3.439250,8.288369,100
314,511,10.739250,10.988369,100
104,327,0.239250,1.788369,100
104,329,0.239250,1.888369,100
453,251,17.689250,-2.011632,100
191,480,4.589250,9.438369,100
393,130,14.689250,-8.061632,100
394,130,14.739250,-8.061632,100
277,218,8.889250,-3.661632,100
273,515,8.689250,11.188369,100
83,355,-0.810750,3.188369,100
278,221,8.939250,-3.511632,100
425,274,16.289250,-0.861632,100
384,237,14.239250,-2.711632,100
385,238,14.289250,-2.661632,100
376,233,13.839250,-2.911632,100
431,205,16.589250,-4.311632,100
392,97,14.639250,-9.711632,100
333,500,11.689250,10.438369,100
160,385,3.039250,4.688369,100
220,216,6.039250,-3.761632,100
472,395,18.639250,5.188369,100
473,395,18.689250,5.188369,100
364,488,13.239250,9.838369,100
364,489,13.239250,9.888369,100
171,359,3.589250,3.388369,100
285,343,9.289250,2.588369,100
309,517,10.489250,11.288369,100
310,516,10.539250,11.238369,100
236,338,6.839250,2.338369,100
433,134,16.689250,-7.861632,100
477,285,18.889250,-0.311632,100
334,503,11.739250,10.588369,100
429,280,16.489250,-0.561632,100
315,224,10.789250,-3.361632,100
474,396,18.739250,5.238369,100
311,519,10.589250,11.388369,100
357,484,12.889250,9.638369,100
445,334,17.289250,2.138369,100
443,373,17.189250,4.088369,100
153,391,2.689250,4.988369,100
155,391,2.789250,4.988369,100
248,170,7.439250,-6.061632,100
111,384,0.589250,4.638369,100
274,342,8.739250,2.538369,100
352,491,12.639250,9.988369,100
353,228,12.689250,-3.161632,100
170,336,3.539250,2.238369,100
171,337,3.589250,2.288369,100
163,331,3.189250,1.988369,100
376,476,13.839250,9.238369,100
148,433,2.439250,7.088369,100
149,434,2.489250,7.138369,100
69,323,-1.510750,1.588369,100
69,325,-1.510750,1.688369,100
152,403,2.639250,5.588369,100
326,510,11.339250,10.938369,100
259,340,7.989250,2.438369,100
284,515,9.239250,11.188369,100
150,435,2.539250,7.188369,100
303,348,10.189250,2.838369,100
234,514,6.739250,11.138369,100
378,67,13.939250,-11.211632,100
201,335,5.089250,2.188369,100
193,211,4.689250,-4.011632,100
260,156,8.039250,-6.761632,100
178,351,3.939250,2.988369,100
324,178,11.239250,-5.661632,100
296,343,9.839250,2.588369,100
297,344,9.889250,2.638369,100
444,242,17.239250,-2.461632,100
429,195,16.489250,-4.811632,100
107,327,0.389250,1.788369,100
415,443,15.789250,7.588369,100
255,163,7.789250,-6.411632,100
442,169,17.139250,-6.111632,100
428,199,16.439250,-4.611632,100
205,341,5.289250,2.488369,100
205,343,5.289250,2.588369,100
151,334,2.589250,2.138369,100
151,335,2.589250,2.188369,100
326,222,11.339250,-3.461632,100
232,178,6.639250,-5.661632,100
446,323,17.339250,1.588369,100
202,335,5.139250,2.188369,100
342,495,12.139250,10.188369,100
227,508,6.389250,10.838369,100
459,262,17.989250,-1.461632,100
345,501,12.289250,10.488369,100
460,267,18.039250,-1.211632,100
461,268,18.089250,-1.161632,100
462,267,18.139250,-1.211632,100
144,330,2.239250,1.938369,100
91,360,-0.410750,3.438369,100
398,246,14.939250,-2.261632,100
201,494,5.089250,10.138369,100
390,244,14.539250,-2.361632,100
472,277,18.639250,-0.711632,100
92,361,-0.360750,3.488369,100
393,133,14.689250,-7.911632,100
395,133,14.789250,-7.911632,100
386,94,14.339250,-9.861632,100
269,217,8.489250,-3.711632,100
360,485,13.039250,9.688369,100
443,146,17.189250,-7.261632,100
157,387,2.889250,4.788369,100
159,387,2.989250,4.788369,100
435,291,16.789250,-0.011632,100
450,415,17.539250,6.188369,100
496,347,19.839250,2.788369,100
498,347,19.939250,2.788369,100
442,376,17.139250,4.238369,100
156,427,2.839250,6.788369,100
129,410,1.489250,5.938369,100
277,342,8.889250,2.538369,100
432,182,16.639250,-5.461632,100
249,511,7.489250,10.988369,100
241,505,7.089250,10.688369,100
242,506,7.139250,10.738369,100
356,226,12.839250,-3.261632,100
307,223,10.389250,-3.411632,100
125,332,1.289250,2.038369,100
445,421,17.289250,6.488369,100
356,491,12.839250,9.988369,100
490,308,19.539250,0.838368,100
234,502,6.739250,10.538369,100
153,394,2.689250,5.138369,100
314,345,10.739250,2.688369,100
286,512,9.339250,11.038369,100
495,313,19.789250,1.088368,100
167,332,3.389250,2.038369,100
167,334,3.389250,2.138369,100
436,227,16.839250,-3.211632,100
72,323,-1.360750,1.588369,100
442,307,17.139250,0.788368,100
498,324,19.939250,1.638369,100
263,156,8.189250,-6.761632,100
287,515,9.389250,11.188369,100
185,467,4.289250,8.788369,100
245,518,7.289250,11.338369,100
240,173,7.039250,-5.911632,100
292,219,9.639250,-3.611632,100
204,335,5.239250,2.188369,100
438,239,16.939250,-2.611632,100
445,317,17.289250,1.288368,100
367,480,13.389250,9.438369,100
448,359,17.439250,3.388369,100
234,214,6.739250,-3.861632,100
327,178,11.389250,-5.661632,100
258,344,7.939250,2.638369,100
238,513,6.939250,11.088369,100
344,495,12.239250,10.188369,100
110,327,0.539250,1.788369,100
152,406,2.639250,5.738369,100
329,222,11.489250,-3.461632,100
235,180,6.789250,-5.561632,100
454,254,17.739250,-1.861632,100
491,366,19.589250,3.738369,100
379,80,13.989250,-10.561632,100
295,347,9.789250,2.788369,100
348,502,12.439250,10.538369,100
330,225,11.539250,-3.311632,100
242,339,7.139250,2.388369,100
267,514,8.389250,11.138369,100
147,330,2.389250,1.938369,100
235,214,6.789250,-3.861632,100
440,396,17.039250,5.238369,100
157,416,2.889250,6.238369,100
156,381,2.839250,4.488369,100
215,501,5.789250,10.488369,100
427,277,16.389250,-0.711632,100
272,220,8.639250,-3.561632,100
496,337,19.839250,2.288369,100
428,202,16.439250,-4.461632,100
448,336,17.439250,2.238369,100
392,136,14.639250,-7.761632,100
394,136,14.739250,-7.761632,100
90,328,-0.460750,1.838369,100
378,237,13.939250,-2.711632,100
434,137,16.739250,-7.711632,100
196,344,4.839250,2.638369,100
196,346,4.839250,2.738369,100
478,288,18.939250,-0.161632,100
372,162,13.639250,-6.461632,100
393,140,14.689250,-7.561632,100
173,361,3.689250,3.488369,100
112,386,0.639250,4.738369,100
247,167,7.389250,-6.211632,100
215,213,5.789250,-3.911632,100
215,215,5.789250,-3.811632,100
114,392,0.739250,5.038369,100
317,346,10.889250,2.738369,100
310,221,10.539250,-3.511632,100
310,223,10.539250,-3.411632,100
222,337,6.139250,2.288369,100
128,332,1.439250,2.038369,100
271,151,8.589250,-7.011632,100
271,152,8.589250,-6.961632,100
328,506,11.439250,10.738369,100
298,514,9.939250,11.138369,100
184,348,4.239250,2.838369,100
318,349,10.939250,2.888369,100
338,178,11.939250,-5.661632,100
355,495,12.789250,10.188369,100
497,354,19.889250,3.138369,100
200,211,5.039250,-4.011632,100
63,322,-1.810750,1.538369,100
290,515,9.539250,11.188369,100
379,69,13.989250,-11.111632,100
152,396,2.639250,5.238369,100
348,227,12.439250,-3.211632,100
151,436,2.589250,7.238369,100
439,309,16.989250,0.888368,100
371,475,13.589250,9.188369,100
368,60,13.439250,-11.561632,100
216,191,5.839250,-5.011632,100
261,344,8.089250,2.638369,100
442,320,17.139250,1.438369,100
180,356,4.039250,3.238369,100
159,331,2.989250,1.988369,100
332,222,11.639250,-3.461632,100
238,215,6.939250,-3.811632,100
238,217,6.939250,-3.711632,100
498,327,19.939250,1.788369,100
320,513,11.039250,11.088369,100
394,464,14.739250,8.638369,100
288,153,9.439250,-6.911632,100
312,511,10.639250,10.988369,100
382,80,14.139250,-10.561632,100
298,347,9.939250,2.788369,100
245,339,7.289250,2.388369,100
460,265,18.039250,-1.311632,100
384,85,14.239250,-10.311632,100
385,86,14.289250,-10.261632,100
386,85,14.339250,-10.311632,100
281,521,9.089250,11.488369,100
281,523,9.089250,11.588369,100
471,274,18.589250,-0.861632,100
471,275,18.589250,-0.811632,100
472,274,18.639250,-0.861632,100
188,480,4.439250,9.438369,100
321,516,11.089250,11.238369,100
389,240,14.489250,-2.561632,100
275,218,8.789250,-3.661632,100
275,220,8.789250,-3.561632,100
366,486,13.339250,9.738369,100
271,515,8.589250,11.188369,100
447,366,17.389250,3.738369,100
387,86,14.389250,-10.261632,100
472,275,18.639250,-0.811632,100
376,158,13.839250,-6.661632,100
276,221,8.839250,-3.511632,100
93,326,-0.310750,1.738369,100
93,328,-0.310750,1.838369,100
481,288,19.089250,-0.161632,100
419,119,15.989250,-8.611632,100
234,338,6.739250,2.338369,100
300,514,10.039250,11.138369,100
436,173,16.839250,-5.911632,100
374,232,13.739250,-2.961632,100
157,429,2.889250,6.888369,100
313,224,10.689250,-3.361632,100
218,213,5.939250,-3.911632,100
218,215,5.939250,-3.811632,100
472,396,18.639250,5.238369,100
392,103,14.639250,-9.411632,100
394,103,14.739250,-9.411632,100
363,490,13.189250,9.938369,100
434,139,16.739250,-7.611632,100
392,142,14.639250,-7.461632,100
340,175,12.039250,-5.811632,100
82,327,-0.860750,1.788369,100
445,343,17.289250,2.588369,100
492,311,19.639250,0.988368,100
372,164,13.639250,-6.361632,100
432,214,16.639250,-3.861632,100
130,407,1.539250,5.788369,100
350,227,12.539250,-3.211632,100
444,154,17.239250,-6.861632,100
132,413,1.639250,6.088369,100
341,178,12.089250,-5.661632,100
396,113,14.839250,-8.911632,100
397,113,14.889250,-8.911632,100
177,333,3.889250,2.088369,100
177,335,3.889250,2.188369,100
243,509,7.189250,10.888369,100
435,225,16.789250,-3.311632,100
350,491,12.539250,9.988369,100
255,518,7.789250,11.338369,100
296,519,9.839250,11.388369,100
351,228,12.589250,-3.161632,100
256,219,7.839250,-3.611632,100
188,349,4.439250,2.888369,100
66,322,-1.660750,1.538369,100
