cell_x,cell_y,world_x_m,world_y_m,hits
372,394,13.639250,5.138369,100
373,393,13.689250,5.088369,100
373,394,13.689250,5.138369,100
373,395,13.689250,5.188369,100
374,394,13.739250,5.138369,100
370,321,13.539250,1.488369,100
371,320,13.589250,1.438369,100
371,321,13.589250,1.488369,100
371,322,13.589250,1.538369,100
372,321,13.639250,1.488369,100
2,303,-4.860751,0.588368,100
3,302,-4.810751,0.538368,100
3,303,-4.810751,0.588368,100
3,304,-4.810751,0.638368,100
4,303,-4.760751,0.588368,100
1,338,-4.910751,2.338369,100
2,337,-4.860751,2.288369,100
2,338,-4.860751,2.338369,100
2,339,-4.860751,2.388369,100
3,338,-4.810751,2.338369,100
182,270,4.139250,-1.061632,100
183,269,4.189250,-1.111632,100
183,270,4.189250,-1.061632,100
183,271,4.189250,-1.011632,100
184,270,4.239250,-1.061632,100
347,566,12.389250,13.738369,100
348,565,12.439250,13.688369,100
348,566,12.439250,13.738369,100
348,567,12.439250,13.788369,100
349,566,12.489250,13.738369,100
240,440,7.039250,7.438369,100
241,439,7.089250,7.388369,100
241,440,7.089250,7.438369,100
241,441,7.089250,7.488369,100
242,440,7.139250,7.438369,100
329,289,11.489250,-0.111632,100
330,288,11.539250,-0.161632,100
330,289,11.539250,-0.111632,100
330,290,11.539250,-0.061632,100
331,289,11.589250,-0.111632,100
219,417,5.989250,6.288369,100
220,416,6.039250,6.238369,100
220,417,6.039250,6.288369,100
220,418,6.039250,6.338369,100
221,417,6.089250,6.288369,100
234,280,6.739250,-0.561632,100
235,279,6.789250,-0.611632,100
235,280,6.789250,-0.561632,100
235,281,6.789250,-0.511632,100
236,280,6.839250,-0.561632,100
309,45,10.489250,-12.311632,100
310,44,10.539250,-12.361632,100
310,45,10.539250,-12.311632,100
310,46,10.539250,-12.261632,100
311,45,10.589250,-12.311632,100
549,292,22.489250,0.038368,100
550,291,22.539250,-0.011632,100
550,292,22.539250,0.038368,100
550,293,22.539250,0.088368,100
551,292,22.589250,0.038368,100
427,37,16.389250,-12.711632,100
428,36,16.439250,-12.761632,100
428,37,16.439250,-12.711632,100
428,38,16.439250,-12.661632,100
429,37,16.489250,-12.711632,100
242,400,7.139250,5.438369,100
243,399,7.189250,5.388369,100
243,400,7.189250,5.438369,100
243,401,7.189250,5.488369,100
244,400,7.239250,5.438369,100
144,243,2.239250,-2.411632,100
145,242,2.289250,-2.461632,100
145,243,2.289250,-2.411632,100
145,244,2.289250,-2.361632,100
146,243,2.339250,-2.411632,100
222,571,6.139250,13.988369,100
223,570,6.189250,13.938369,100
223,571,6.189250,13.988369,100
223,572,6.189250,14.038369,100
224,571,6.239250,13.988369,100
550,373,22.539250,4.088369,100
551,372,22.589250,4.038369,100
551,373,22.589250,4.088369,100
551,374,22.589250,4.138369,100
552,373,22.639250,4.088369,100
349,567,12.489250,13.788369,100
349,568,12.489250,13.838369,100
350,567,12.539250,13.788369,100
242,441,7.139250,7.488369,100
242,442,7.139250,7.538369,100
243,441,7.189250,7.488369,100
311,46,10.589250,-12.261632,100
311,47,10.589250,-12.211632,100
312,46,10.639250,-12.261632,100
438,52,16.939250,-11.961632,100
439,51,16.989250,-12.011632,100
439,52,16.989250,-11.961632,100
439,53,16.989250,-11.911632,100
440,52,17.039250,-11.961632,100
193,135,4.689250,-7.811632,100
194,134,4.739250,-7.861632,100
194,135,4.739250,-7.811632,100
194,136,4.739250,-7.761632,100
195,135,4.789250,-7.811632,100
219,273,5.989250,-0.911632,100
220,272,6.039250,-0.961632,100
220,273,6.039250,-0.911632,100
220,274,6.039250,-0.861632,100
221,273,6.089250,-0.911632,100
166,267,3.339250,-1.211632,100
167,266,3.389250,-1.261632,100
167,267,3.389250,-1.211632,100
167,268,3.389250,-1.161632,100
168,267,3.439250,-1.211632,100
8,355,-4.560751,3.188369,100
9,354,-4.510751,3.138369,100
9,355,-4.510751,3.188369,100
9,356,-4.510751,3.238369,100
10,355,-4.460751,3.188369,100
321,406,11.089250,5.738369,100
322,405,11.139250,5.688369,100
322,406,11.139250,5.738369,100
322,407,11.139250,5.788369,100
323,406,11.189250,5.738369,100
314,281,10.739250,-0.511632,100
315,280,10.789250,-0.561632,100
315,281,10.789250,-0.511632,100
315,282,10.789250,-0.461632,100
316,281,10.839250,-0.511632,100
555,344,22.789250,2.638369,100
556,343,22.839250,2.588369,100
556,344,22.839250,2.638369,100
556,345,22.839250,2.688369,100
557,344,22.889250,2.638369,100
366,557,13.339250,13.288369,100
367,556,13.389250,13.238369,100
367,557,13.389250,13.288369,100
367,558,13.389250,13.338369,100
368,557,13.439250,13.288369,100
387,351,14.389250,2.988369,100
388,350,14.439250,2.938369,100
388,351,14.439250,2.988369,100
388,352,14.439250,3.038369,100
389,351,14.489250,2.988369,100
18,368,-4.060751,3.838369,100
19,367,-4.010751,3.788369,100
19,368,-4.010751,3.838369,100
19,369,-4.010751,3.888369,100
20,368,-3.960751,3.838369,100
495,213,19.789250,-3.911632,100
496,212,19.839250,-3.961632,100
496,213,19.839250,-3.911632,100
496,214,19.839250,-3.861632,100
497,213,19.889250,-3.911632,100
272,284,8.639250,-0.361632,100
273,283,8.689250,-0.411632,100
273,284,8.689250,-0.361632,100
273,285,8.689250,-0.311632,100
274,284,8.739250,-0.361632,100
165,158,3.289250,-6.661632,100
166,157,3.339250,-6.711632,100
166,158,3.339250,-6.661632,100
166,159,3.339250,-6.611632,100
167,158,3.389250,-6.661632,100
340,10,12.039250,-14.061632,100
341,9,12.089250,-14.111632,100
341,10,12.089250,-14.061632,100
341,11,12.089250,-14.011632,100
342,10,12.139250,-14.061632,100
363,402,13.189250,5.538369,100
364,401,13.239250,5.488369,100
364,402,13.239250,5.538369,100
364,403,13.239250,5.588369,100
365,402,13.289250,5.538369,100
498,218,19.939250,-3.661632,100
499,217,19.989250,-3.711632,100
499,218,19.989250,-3.661632,100
499,219,19.989250,-3.611632,100
500,218,20.039250,-3.661632,100
231,103,6.589250,-9.411632,100
232,102,6.639250,-9.461632,100
232,103,6.639250,-9.411632,100
232,104,6.639250,-9.361632,100
233,103,6.689250,-9.411632,100
1,315,-4.910751,1.188368,100
2,314,-4.860751,1.138368,100
2,315,-4.860751,1.188368,100
2,316,-4.860751,1.238368,100
3,315,-4.810751,1.188368,100
519,241,20.989250,-2.511632,100
520,240,21.039250,-2.561632,100
520,241,21.039250,-2.511632,100
520,242,21.039250,-2.461632,100
521,241,21.089250,-2.511632,100
376,341,13.839250,2.488369,100
377,340,13.889250,2.438369,100
377,341,13.889250,2.488369,100
377,342,13.889250,2.538369,100
378,341,13.939250,2.488369,100
214,279,5.739250,-0.611632,100
215,278,5.789250,-0.661632,100
215,279,5.789250,-0.611632,100
215,280,5.789250,-0.561632,100
216,279,5.839250,-0.611632,100
139,514,1.989250,11.138369,100
140,513,2.039250,11.088369,100
140,514,2.039250,11.138369,100
140,515,2.039250,11.188369,100
141,514,2.089250,11.138369,100
389,352,14.489250,3.038369,100
389,353,14.489250,3.088369,100
390,352,14.539250,3.038369,100
20,369,-3.960751,3.888369,100
20,370,-3.960751,3.938369,100
21,369,-3.910751,3.888369,100
375,4,13.789250,-14.361632,100
376,3,13.839250,-14.411632,100
376,4,13.839250,-14.361632,100
376,5,13.839250,-14.311632,100
377,4,13.889250,-14.361632,100
353,394,12.689250,5.138369,100
354,393,12.739250,5.088369,100
354,394,12.739250,5.138369,100
354,395,12.739250,5.188369,100
355,394,12.789250,5.138369,100
307,98,10.389250,-9.661632,100
308,97,10.439250,-9.711632,100
308,98,10.439250,-9.661632,100
308,99,10.439250,-9.611632,100
309,98,10.489250,-9.661632,100
521,242,21.089250,-2.461632,100
521,243,21.089250,-2.411632,100
522,242,21.139250,-2.461632,100
257,277,7.889250,-0.711632,100
258,276,7.939250,-0.761632,100
258,277,7.939250,-0.711632,100
258,278,7.939250,-0.661632,100
259,277,7.989250,-0.711632,100
336,570,11.839250,13.938369,100
337,569,11.889250,13.888369,100
337,570,11.889250,13.938369,100
337,571,11.889250,13.988369,100
338,570,11.939250,13.938369,100
456,486,17.839250,9.738369,100
457,485,17.889250,9.688369,100
457,486,17.889250,9.738369,100
457,487,17.889250,9.788369,100
458,486,17.939250,9.738369,100
323,405,11.189250,5.688369,100
323,407,11.189250,5.788369,100
324,406,11.239250,5.738369,100
309,287,10.489250,-0.211632,100
310,286,10.539250,-0.261632,100
310,287,10.539250,-0.211632,100
310,288,10.539250,-0.161632,100
311,287,10.589250,-0.211632,100
141,515,2.089250,11.188369,100
141,516,2.089250,11.238369,100
142,515,2.139250,11.188369,100
180,551,4.039250,12.988369,100
181,550,4.089250,12.938369,100
181,551,4.089250,12.988369,100
181,552,4.089250,13.038369,100
182,551,4.139250,12.988369,100
44,398,-2.760750,5.338369,100
45,397,-2.710750,5.288369,100
45,398,-2.710750,5.338369,100
45,399,-2.710750,5.388369,100
46,398,-2.660750,5.338369,100
309,99,10.489250,-9.611632,100
309,100,10.489250,-9.561632,100
310,99,10.539250,-9.611632,100
264,401,8.239250,5.488369,100
265,400,8.289250,5.438369,100
265,401,8.289250,5.488369,100
265,402,8.289250,5.538369,100
266,401,8.339250,5.488369,100
300,95,10.039250,-9.811632,100
301,94,10.089250,-9.861632,100
301,95,10.089250,-9.811632,100
301,96,10.089250,-9.761632,100
302,95,10.139250,-9.811632,100
311,288,10.589250,-0.161632,100
311,289,10.589250,-0.111632,100
312,288,10.639250,-0.161632,100
336,426,11.839250,6.738369,100
337,425,11.889250,6.688369,100
337,426,11.889250,6.738369,100
337,427,11.889250,6.788369,100
338,426,11.939250,6.738369,100
247,577,7.389250,14.288369,100
248,576,7.439250,14.238369,100
248,577,7.439250,14.288369,100
248,578,7.439250,14.338369,100
249,577,7.489250,14.288369,100
282,455,9.139250,8.188369,100
283,454,9.189250,8.138369,100
283,455,9.189250,8.188369,100
283,456,9.189250,8.238369,100
284,455,9.239250,8.188369,100
478,101,18.939250,-9.511632,100
479,100,18.989250,-9.561632,100
479,101,18.989250,-9.511632,100
479,102,18.989250,-9.461632,100
480,101,19.039250,-9.511632,100
294,280,9.739250,-0.561632,100
295,279,9.789250,-0.611632,100
295,280,9.789250,-0.561632,100
295,281,9.789250,-0.511632,100
296,280,9.839250,-0.561632,100
348,400,12.439250,5.438369,100
349,399,12.489250,5.388369,100
349,400,12.489250,5.438369,100
349,401,12.489250,5.488369,100
350,400,12.539250,5.438369,100
200,273,5.039250,-0.911632,100
201,272,5.089250,-0.961632,100
201,273,5.089250,-0.911632,100
201,274,5.089250,-0.861632,100
202,273,5.139250,-0.911632,100
428,509,16.439250,10.888369,100
429,508,16.489250,10.838369,100
429,509,16.489250,10.888369,100
429,510,16.489250,10.938369,100
430,509,16.539250,10.888369,100
46,399,-2.660750,5.388369,100
46,400,-2.660750,5.438369,100
47,399,-2.610750,5.388369,100
494,454,19.739250,8.138369,100
495,453,19.789250,8.088369,100
495,454,19.789250,8.138369,100
495,455,19.789250,8.188369,100
496,454,19.839250,8.138369,100
266,402,8.339250,5.538369,100
266,403,8.339250,5.588369,100
267,402,8.389250,5.538369,100
252,283,7.639250,-0.411632,100
253,282,7.689250,-0.461632,100
253,283,7.689250,-0.411632,100
253,284,7.689250,-0.361632,100
254,283,7.739250,-0.411632,100
48,404,-2.560750,5.638369,100
49,403,-2.510750,5.588369,100
49,404,-2.510750,5.638369,100
49,405,-2.510750,5.688369,100
50,404,-2.460750,5.638369,100
507,164,20.389250,-6.361632,100
508,163,20.439250,-6.411632,100
508,164,20.439250,-6.361632,100
508,165,20.439250,-6.311632,100
509,164,20.489250,-6.361632,100
55,263,-2.210750,-1.411632,100
56,262,-2.160750,-1.461632,100
56,263,-2.160750,-1.411632,100
56,264,-2.160750,-1.361632,100
57,263,-2.110750,-1.411632,100
538,268,21.939250,-1.161632,100
539,267,21.989250,-1.211632,100
539,268,21.989250,-1.161632,100
539,269,21.989250,-1.111632,100
540,268,22.039250,-1.161632,100
249,578,7.489250,14.338369,100
249,579,7.489250,14.388369,100
250,578,7.539250,14.338369,100
215,401,5.789250,5.488369,100
216,400,5.839250,5.438369,100
216,401,5.839250,5.488369,100
216,402,5.839250,5.538369,100
217,401,5.889250,5.488369,100
375,390,13.789250,4.938369,100
376,389,13.839250,4.888369,100
376,390,13.839250,4.938369,100
376,391,13.839250,4.988369,100
377,390,13.889250,4.938369,100
336,282,11.839250,-0.461632,100
337,281,11.889250,-0.511632,100
337,282,11.889250,-0.461632,100
337,283,11.889250,-0.411632,100
338,282,11.939250,-0.461632,100
496,455,19.839250,8.188369,100
496,456,19.839250,8.238369,100
497,455,19.889250,8.188369,100
482,107,19.139250,-9.211632,100
483,106,19.189250,-9.261632,100
483,107,19.189250,-9.211632,100
483,108,19.189250,-9.161632,100
484,107,19.239250,-9.211632,100
200,129,5.039250,-8.111632,100
201,128,5.089250,-8.161632,100
201,129,5.089250,-8.111632,100
201,130,5.089250,-8.061632,100
202,129,5.139250,-8.111632,100
329,14,11.489250,-13.861632,100
330,13,11.539250,-13.911632,100
330,14,11.539250,-13.861632,100
330,15,11.539250,-13.811632,100
331,14,11.589250,-13.861632,100
535,262,21.789250,-1.461632,100
536,261,21.839250,-1.511632,100
536,262,21.839250,-1.461632,100
536,263,21.839250,-1.411632,100
537,262,21.889250,-1.461632,100
4,337,-4.760751,2.288369,100
4,338,-4.760751,2.338369,100
4,339,-4.760751,2.388369,100
5,338,-4.710751,2.338369,100
360,1,13.039250,-14.511632,100
361,0,13.089250,-14.561632,100
361,1,13.089250,-14.511632,100
361,2,13.089250,-14.461632,100
362,1,13.139250,-14.511632,100
223,112,6.189250,-8.961632,100
224,111,6.239250,-9.011632,100
224,112,6.239250,-8.961632,100
224,113,6.239250,-8.911632,100
225,112,6.289250,-8.961632,100
302,405,10.139250,5.688369,100
303,404,10.189250,5.638369,100
303,405,10.189250,5.688369,100
303,406,10.189250,5.738369,100
304,405,10.239250,5.688369,100
376,354,13.839250,3.138369,100
377,353,13.889250,3.088369,100
377,354,13.889250,3.138369,100
377,355,13.889250,3.188369,100
378,354,13.939250,3.138369,100
251,94,7.589250,-9.861632,100
252,93,7.639250,-9.911632,100
252,94,7.639250,-9.861632,100
252,95,7.639250,-9.811632,100
253,94,7.689250,-9.861632,100
284,91,9.239250,-10.011632,100
285,90,9.289250,-10.061632,100
285,91,9.289250,-10.011632,100
285,92,9.289250,-9.961632,100
286,91,9.339250,-10.011632,100
80,441,-0.960750,7.488369,100
81,440,-0.910750,7.438369,100
81,441,-0.910750,7.488369,100
81,442,-0.910750,7.538369,100
82,441,-0.860750,7.488369,100
0,332,-4.960751,2.038369,100
1,331,-4.910751,1.988369,100
1,332,-4.910751,2.038369,100
1,333,-4.910751,2.088369,100
2,332,-4.860751,2.038369,100
25,276,-3.710750,-0.761632,100
26,275,-3.660750,-0.811632,100
26,276,-3.660750,-0.761632,100
26,277,-3.660750,-0.711632,100
27,276,-3.610750,-0.761632,100
308,76,10.439250,-10.761632,100
309,75,10.489250,-10.811632,100
309,76,10.489250,-10.761632,100
309,77,10.489250,-10.711632,100
310,76,10.539250,-10.761632,100
546,393,22.339250,5.088369,100
547,392,22.389250,5.038369,100
547,393,22.389250,5.088369,100
547,394,22.389250,5.138369,100
548,393,22.439250,5.088369,100
304,451,10.239250,7.988369,100
305,450,10.289250,7.938369,100
305,451,10.289250,7.988369,100
305,452,10.289250,8.038369,100
306,451,10.339250,7.988369,100
279,278,8.989250,-0.661632,100
280,277,9.039250,-0.711632,100
280,278,9.039250,-0.661632,100
280,279,9.039250,-0.611632,100
281,278,9.089250,-0.661632,100
184,269,4.239250,-1.111632,100
185,268,4.289250,-1.161632,100
185,269,4.289250,-1.111632,100
185,270,4.289250,-1.061632,100
186,269,4.339250,-1.111632,100
493,201,19.689250,-4.511632,100
494,200,19.739250,-4.561632,100
494,201,19.739250,-4.511632,100
494,202,19.739250,-4.461632,100
495,201,19.789250,-4.511632,100
370,396,13.539250,5.238369,100
371,395,13.589250,5.188369,100
371,396,13.589250,5.238369,100
371,397,13.589250,5.288369,100
372,396,13.639250,5.238369,100
137,194,1.889250,-4.861632,100
138,193,1.939250,-4.911632,100
138,194,1.939250,-4.861632,100
138,195,1.939250,-4.811632,100
139,194,1.989250,-4.861632,100
237,281,6.889250,-0.511632,100
238,280,6.939250,-0.561632,100
238,281,6.939250,-0.511632,100
238,282,6.939250,-0.461632,100
239,281,6.989250,-0.511632,100
336,403,11.839250,5.588369,100
337,402,11.889250,5.538369,100
337,403,11.889250,5.588369,100
337,404,11.889250,5.638369,100
338,403,11.939250,5.588369,100
142,272,2.139250,-0.961632,100
143,271,2.189250,-1.011632,100
143,272,2.189250,-0.961632,100
143,273,2.189250,-0.911632,100
144,272,2.239250,-0.961632,100
84,447,-0.760750,7.788369,100
85,446,-0.710750,7.738369,100
85,447,-0.710750,7.788369,100
85,448,-0.710750,7.838369,100
86,447,-0.660750,7.788369,100
542,279,22.139250,-0.611632,100
543,278,22.189250,-0.661632,100
543,279,22.189250,-0.611632,100
543,280,22.189250,-0.561632,100
544,279,22.239250,-0.611632,100
5,303,-4.710751,0.588368,100
6,302,-4.660751,0.538368,100
6,303,-4.660751,0.588368,100
6,304,-4.660751,0.638368,100
7,303,-4.610751,0.588368,100
225,572,6.289250,14.038369,100
226,571,6.339250,13.988369,100
226,572,6.339250,14.038369,100
226,573,6.339250,14.088369,100
227,572,6.389250,14.038369,100
186,270,4.339250,-1.061632,100
186,271,4.339250,-1.011632,100
187,270,4.389250,-1.061632,100
506,176,20.339250,-5.761632,100
507,175,20.389250,-5.811632,100
507,176,20.389250,-5.761632,100
507,177,20.389250,-5.711632,100
508,176,20.439250,-5.761632,100
463,480,18.189250,9.438369,100
464,479,18.239250,9.388369,100
464,480,18.239250,9.438369,100
464,481,18.239250,9.488369,100
465,480,18.289250,9.438369,100
383,371,14.189250,3.988369,100
384,370,14.239250,3.938369,100
384,371,14.239250,3.988369,100
384,372,14.239250,4.038369,100
385,371,14.289250,3.988369,100
7,349,-4.610751,2.888369,100
8,348,-4.560751,2.838369,100
8,349,-4.560751,2.888369,100
8,350,-4.560751,2.938369,100
9,349,-4.510751,2.888369,100
555,334,22.789250,2.138369,100
556,333,22.839250,2.088369,100
556,334,22.839250,2.138369,100
556,335,22.839250,2.188369,100
557,334,22.889250,2.138369,100
387,341,14.389250,2.488369,100
388,340,14.439250,2.438369,100
388,341,14.439250,2.488369,100
388,342,14.439250,2.538369,100
389,341,14.489250,2.488369,100
332,405,11.639250,5.688369,100
333,404,11.689250,5.638369,100
333,405,11.689250,5.688369,100
333,406,11.689250,5.738369,100
334,405,11.739250,5.688369,100
422,33,16.139250,-12.911632,100
423,32,16.189250,-12.961632,100
423,33,16.189250,-12.911632,100
423,34,16.189250,-12.861632,100
424,33,16.239250,-12.911632,100
173,152,3.689250,-6.961632,100
174,151,3.739250,-7.011632,100
174,152,3.739250,-6.961632,100
174,153,3.739250,-6.911632,100
175,152,3.789250,-6.961632,100
314,91,10.739250,-10.011632,100
315,90,10.789250,-10.061632,100
315,91,10.789250,-10.011632,100
315,92,10.789250,-9.961632,100
316,91,10.839250,-10.011632,100
348,4,12.439250,-14.361632,100
349,3,12.489250,-14.411632,100
349,4,12.489250,-14.361632,100
349,5,12.489250,-14.311632,100
350,4,12.539250,-14.361632,100
44,267,-2.760750,-1.211632,100
45,266,-2.710750,-1.261632,100
45,267,-2.710750,-1.211632,100
45,268,-2.710750,-1.161632,100
46,267,-2.660750,-1.211632,100
553,373,22.689250,4.088369,100
554,372,22.739250,4.038369,100
554,373,22.739250,4.088369,100
554,374,22.739250,4.138369,100
555,373,22.789250,4.088369,100
397,534,14.889250,12.138369,100
398,533,14.939250,12.088369,100
398,534,14.939250,12.138369,100
398,535,14.939250,12.188369,100
399,534,14.989250,12.138369,100
1,305,-4.910751,0.688368,100
2,304,-4.860751,0.638368,100
2,305,-4.860751,0.688368,100
2,306,-4.860751,0.738368,100
3,305,-4.810751,0.688368,100
255,450,7.789250,7.938369,100
256,449,7.839250,7.888369,100
256,450,7.839250,7.938369,100
256,451,7.839250,7.988369,100
257,450,7.889250,7.938369,100
317,282,10.889250,-0.461632,100
318,281,10.939250,-0.511632,100
318,282,10.939250,-0.461632,100
318,283,10.939250,-0.411632,100
319,282,10.989250,-0.461632,100
247,446,7.389250,7.738369,100
248,445,7.439250,7.688369,100
248,446,7.439250,7.738369,100
248,447,7.439250,7.788369,100
249,446,7.489250,7.738369,100
222,273,6.139250,-0.911632,100
223,272,6.189250,-0.961632,100
223,273,6.189250,-0.911632,100
223,274,6.189250,-0.861632,100
224,273,6.239250,-0.911632,100
376,331,13.839250,1.988369,100
377,330,13.889250,1.938369,100
377,331,13.889250,1.988369,100
377,332,13.889250,2.038369,100
378,331,13.939250,1.988369,100
389,342,14.489250,2.538369,100
389,343,14.489250,2.588369,100
390,342,14.539250,2.538369,100
275,285,8.789250,-0.311632,100
276,284,8.839250,-0.361632,100
276,285,8.839250,-0.311632,100
276,286,8.839250,-0.261632,100
277,285,8.889250,-0.311632,100
424,34,16.239250,-12.861632,100
424,35,16.239250,-12.811632,100
425,34,16.289250,-12.861632,100
180,276,4.039250,-0.761632,100
181,275,4.089250,-0.811632,100
181,276,4.089250,-0.761632,100
181,277,4.089250,-0.711632,100
182,276,4.139250,-0.761632,100
316,92,10.839250,-9.961632,100
316,93,10.839250,-9.911632,100
317,92,10.889250,-9.961632,100
131,271,1.589250,-1.011632,100
132,270,1.639250,-1.061632,100
132,271,1.639250,-1.011632,100
132,272,1.639250,-0.961632,100
133,271,1.689250,-1.011632,100
321,23,11.089250,-13.411632,100
322,22,11.139250,-13.461632,100
322,23,11.139250,-13.411632,100
322,24,11.139250,-13.361632,100
323,23,11.189250,-13.411632,100
110,477,0.539250,9.288369,100
111,476,0.589250,9.238369,100
111,477,0.589250,9.288369,100
111,478,0.589250,9.338369,100
112,477,0.639250,9.288369,100
548,294,22.439250,0.138368,100
549,293,22.489250,0.088368,100
549,294,22.489250,0.138368,100
549,295,22.489250,0.188368,100
550,294,22.539250,0.138368,100
555,374,22.789250,4.138369,100
555,375,22.789250,4.188369,100
556,374,22.839250,4.138369,100
325,405,11.289250,5.688369,100
325,406,11.289250,5.738369,100
325,407,11.289250,5.788369,100
326,406,11.339250,5.738369,100
320,27,11.039250,-13.211632,100
321,26,11.089250,-13.261632,100
321,27,11.089250,-13.211632,100
321,28,11.089250,-13.161632,100
322,27,11.139250,-13.211632,100
265,91,8.289250,-10.011632,100
266,90,8.339250,-10.061632,100
266,91,8.339250,-10.011632,100
266,92,8.339250,-9.961632,100
267,91,8.389250,-10.011632,100
211,120,5.589250,-8.561632,100
212,119,5.639250,-8.611632,100
212,120,5.639250,-8.561632,100
212,121,5.639250,-8.511632,100
213,120,5.689250,-8.561632,100
355,393,12.789250,5.088369,100
356,392,12.839250,5.038369,100
356,393,12.839250,5.088369,100
356,394,12.839250,5.138369,100
357,393,12.889250,5.088369,100
490,209,19.539250,-4.111632,100
491,208,19.589250,-4.161632,100
491,209,19.589250,-4.111632,100
491,210,19.589250,-4.061632,100
492,209,19.639250,-4.111632,100
226,279,6.339250,-0.611632,100
227,278,6.389250,-0.661632,100
227,279,6.389250,-0.611632,100
227,280,6.389250,-0.561632,100
228,279,6.439250,-0.611632,100
154,260,2.739250,-1.561632,100
155,259,2.789250,-1.611632,100
155,260,2.789250,-1.561632,100
155,261,2.789250,-1.511632,100
156,260,2.839250,-1.561632,100
448,63,17.439250,-11.411632,100
449,62,17.489250,-11.461632,100
449,63,17.489250,-11.411632,100
449,64,17.489250,-11.361632,100
450,63,17.539250,-11.411632,100
259,276,7.989250,-0.761632,100
260,275,8.039250,-0.811632,100
260,276,8.039250,-0.761632,100
260,277,8.039250,-0.711632,100
261,276,8.089250,-0.761632,100
234,103,6.739250,-9.411632,100
235,102,6.789250,-9.461632,100
235,103,6.789250,-9.411632,100
235,104,6.789250,-9.361632,100
236,103,6.839250,-9.411632,100
321,108,11.089250,-9.161632,100
322,107,11.139250,-9.211632,100
322,108,11.139250,-9.161632,100
322,109,11.139250,-9.111632,100
323,108,11.189250,-9.161632,100
502,183,20.139250,-5.411632,100
503,182,20.189250,-5.461632,100
503,183,20.189250,-5.411632,100
503,184,20.189250,-5.361632,100
504,183,20.239250,-5.411632,100
123,272,1.189250,-0.961632,100
124,271,1.239250,-1.011632,100
124,272,1.239250,-0.961632,100
124,273,1.239250,-0.911632,100
125,272,1.289250,-0.961632,100
121,491,1.089250,9.988369,100
122,490,1.139250,9.938369,100
122,491,1.139250,9.988369,100
122,492,1.139250,10.038369,100
123,491,1.189250,9.988369,100
551,304,22.589250,0.638368,100
552,303,22.639250,0.588368,100
552,304,22.639250,0.638368,100
552,305,22.639250,0.688368,100
553,304,22.689250,0.638368,100
378,4,13.939250,-14.361632,100
379,3,13.989250,-14.411632,100
379,4,13.989250,-14.361632,100
379,5,13.989250,-14.311632,100
380,4,14.039250,-14.361632,100
459,78,17.989250,-10.661632,100
460,77,18.039250,-10.711632,100
460,78,18.039250,-10.661632,100
460,79,18.039250,-10.611632,100
461,78,18.089250,-10.661632,100
537,406,21.889250,5.738369,100
538,405,21.939250,5.688369,100
538,406,21.939250,5.738369,100
538,407,21.939250,5.788369,100
539,406,21.989250,5.738369,100
370,0,13.539250,-14.561632,100
371,0,13.589250,-14.561632,100
371,1,13.589250,-14.511632,100
372,0,13.639250,-14.561632,100
300,579,10.039250,14.388369,100
301,578,10.089250,14.338369,100
301,579,10.089250,14.388369,100
301,580,10.089250,14.438369,100
302,579,10.139250,14.388369,100
293,454,9.689250,8.138369,100
294,453,9.739250,8.088369,100
294,454,9.739250,8.138369,100
294,455,9.739250,8.188369,100
295,454,9.789250,8.138369,100
316,29,10.839250,-13.111632,100
317,28,10.889250,-13.161632,100
317,29,10.889250,-13.111632,100
317,30,10.889250,-13.061632,100
318,29,10.939250,-13.111632,100
555,311,22.789250,0.988368,100
556,310,22.839250,0.938368,100
556,311,22.839250,0.988368,100
556,312,22.839250,1.038368,100
557,311,22.889250,0.988368,100
261,277,8.089250,-0.711632,100
261,278,8.089250,-0.661632,100
262,277,8.139250,-0.711632,100
515,238,20.789250,-2.661632,100
516,237,20.839250,-2.711632,100
516,238,20.839250,-2.661632,100
516,239,20.839250,-2.611632,100
517,238,20.889250,-2.661632,100
358,291,12.939250,-0.011632,100
359,290,12.989250,-0.061632,100
359,291,12.989250,-0.011632,100
359,292,12.989250,0.038368,100
360,291,13.039250,-0.011632,100
507,154,20.389250,-6.861632,100
508,153,20.439250,-6.911632,100
508,154,20.439250,-6.861632,100
508,155,20.439250,-6.811632,100
509,154,20.489250,-6.861632,100
169,275,3.489250,-0.811632,100
170,274,3.539250,-0.861632,100
170,275,3.539250,-0.811632,100
170,276,3.539250,-0.761632,100
171,275,3.589250,-0.811632,100
376,308,13.839250,0.838368,100
377,307,13.889250,0.788368,100
377,308,13.889250,0.838368,100
377,309,13.889250,0.888368,100
378,308,13.939250,0.838368,100
146,520,2.339250,11.438369,100
147,519,2.389250,11.388369,100
147,520,2.389250,11.438369,100
147,521,2.389250,11.488369,100
148,520,2.439250,11.438369,100
387,354,14.389250,3.138369,100
388,353,14.439250,3.088369,100
388,354,14.439250,3.138369,100
388,355,14.439250,3.188369,100
389,354,14.489250,3.138369,100
432,505,16.639250,10.688369,100
433,504,16.689250,10.638369,100
433,505,16.689250,10.688369,100
433,506,16.689250,10.738369,100
434,505,16.739250,10.688369,100
132,213,1.639250,-3.911632,100
133,212,1.689250,-3.961632,100
133,213,1.689250,-3.911632,100
133,214,1.689250,-3.861632,100
134,213,1.739250,-3.911632,100
307,65,10.389250,-11.311632,100
308,64,10.439250,-11.361632,100
308,65,10.439250,-11.311632,100
308,66,10.439250,-11.261632,100
309,65,10.489250,-11.311632,100
554,351,22.739250,2.988369,100
555,350,22.789250,2.938369,100
555,351,22.789250,2.988369,100
555,352,22.789250,3.038369,100
556,351,22.839250,2.988369,100
254,93,7.739250,-9.911632,100
254,94,7.739250,-9.861632,100
254,95,7.739250,-9.811632,100
255,94,7.789250,-9.861632,100
297,280,9.889250,-0.561632,100
298,279,9.939250,-0.611632,100
298,280,9.939250,-0.561632,100
298,281,9.939250,-0.511632,100
299,280,9.989250,-0.561632,100
526,252,21.339250,-1.961632,100
527,251,21.389250,-2.011632,100
527,252,21.389250,-1.961632,100
527,253,21.389250,-1.911632,100
528,252,21.439250,-1.961632,100
376,344,13.839250,2.638369,100
377,343,13.889250,2.588369,100
377,344,13.889250,2.638369,100
377,345,13.889250,2.688369,100
378,344,13.939250,2.638369,100
148,521,2.439250,11.488369,100
148,522,2.439250,11.538369,100
149,521,2.489250,11.488369,100
302,578,10.139250,14.338369,100
302,580,10.139250,14.438369,100
303,579,10.189250,14.388369,100
280,456,9.039250,8.238369,100
281,455,9.089250,8.188369,100
281,456,9.089250,8.238369,100
281,457,9.089250,8.288369,100
282,456,9.139250,8.238369,100
255,283,7.789250,-0.411632,100
256,282,7.839250,-0.461632,100
256,283,7.839250,-0.411632,100
256,284,7.839250,-0.361632,100
257,283,7.889250,-0.411632,100
296,92,9.839250,-9.961632,100
297,91,9.889250,-10.011632,100
297,92,9.889250,-9.961632,100
297,93,9.889250,-9.911632,100
298,92,9.939250,-9.961632,100
112,271,0.639250,-1.011632,100
113,270,0.689250,-1.061632,100
113,271,0.689250,-1.011632,100
113,272,0.689250,-0.961632,100
114,271,0.739250,-1.011632,100
150,526,2.539250,11.738369,100
151,525,2.589250,11.688369,100
151,526,2.589250,11.738369,100
151,527,2.589250,11.788369,100
152,526,2.639250,11.738369,100
251,578,7.589250,14.338369,100
252,577,7.639250,14.288369,100
252,578,7.639250,14.338369,100
252,579,7.639250,14.388369,100
253,578,7.689250,14.338369,100
309,66,10.489250,-11.261632,100
309,67,10.489250,-11.211632,100
310,66,10.539250,-11.261632,100
533,413,21.689250,6.088369,100
534,412,21.739250,6.038369,100
534,413,21.739250,6.088369,100
534,414,21.739250,6.138369,100
535,413,21.789250,6.088369,100
404,528,15.239250,11.838369,100
405,527,15.289250,11.788369,100
405,528,15.289250,11.838369,100
405,529,15.289250,11.888369,100
406,528,15.339250,11.838369,100
454,488,17.739250,9.838369,100
455,487,17.789250,9.788369,100
455,488,17.789250,9.838369,100
455,489,17.789250,9.888369,100
456,488,17.839250,9.838369,100
312,36,10.639250,-12.761632,100
313,35,10.689250,-12.811632,100
313,36,10.689250,-12.761632,100
313,37,10.689250,-12.711632,100
314,36,10.739250,-12.761632,100
335,428,11.789250,6.838369,100
336,427,11.839250,6.788369,100
336,428,11.839250,6.838369,100
336,429,11.839250,6.888369,100
337,428,11.889250,6.838369,100
485,107,19.289250,-9.211632,100
486,106,19.339250,-9.261632,100
486,107,19.339250,-9.211632,100
486,108,19.339250,-9.161632,100
487,107,19.389250,-9.211632,100
427,511,16.389250,10.988369,100
428,510,16.439250,10.938369,100
428,511,16.439250,10.988369,100
428,512,16.439250,11.038369,100
429,511,16.489250,10.988369,100
327,573,11.389250,14.088369,100
328,572,11.439250,14.038369,100
328,573,11.439250,14.088369,100
328,574,11.439250,14.138369,100
329,573,11.489250,14.088369,100
154,273,2.739250,-0.911632,100
155,272,2.789250,-0.961632,100
155,273,2.789250,-0.911632,100
155,274,2.789250,-0.861632,100
156,273,2.839250,-0.911632,100
240,276,7.039250,-0.761632,100
241,275,7.089250,-0.811632,100
241,276,7.089250,-0.761632,100
241,277,7.089250,-0.711632,100
242,276,7.139250,-0.761632,100
65,424,-1.710750,6.638369,100
66,423,-1.660750,6.588369,100
66,424,-1.660750,6.638369,100
66,425,-1.660750,6.688369,100
67,424,-1.610750,6.638369,100
493,456,19.689250,8.238369,100
494,455,19.739250,8.188369,100
494,456,19.739250,8.238369,100
494,457,19.739250,8.288369,100
495,456,19.789250,8.238369,100
180,145,4.039250,-7.311632,100
181,144,4.089250,-7.361632,100
181,145,4.089250,-7.311632,100
181,146,4.089250,-7.261632,100
182,145,4.139250,-7.311632,100
379,550,13.989250,12.938369,100
380,549,14.039250,12.888369,100
380,550,14.039250,12.938369,100
380,551,14.039250,12.988369,100
381,550,14.089250,12.938369,100
471,474,18.589250,9.138369,100
472,473,18.639250,9.088369,100
472,474,18.639250,9.138369,100
472,475,18.639250,9.188369,100
473,474,18.689250,9.138369,100
354,563,12.739250,13.588369,100
355,562,12.789250,13.538369,100
355,563,12.789250,13.588369,100
355,564,12.789250,13.638369,100
356,563,12.839250,13.588369,100
375,357,13.789250,3.288369,100
376,356,13.839250,3.238369,100
376,357,13.839250,3.288369,100
376,358,13.839250,3.338369,100
377,357,13.889250,3.288369,100
67,425,-1.610750,6.688369,100
67,426,-1.610750,6.738369,100
68,425,-1.560750,6.688369,100
282,278,9.139250,-0.661632,100
283,277,9.189250,-0.711632,100
283,278,9.189250,-0.661632,100
283,279,9.189250,-0.611632,100
284,278,9.239250,-0.661632,100
553,363,22.689250,3.588369,100
554,362,22.739250,3.538369,100
554,363,22.739250,3.588369,100
554,364,22.739250,3.638369,100
555,363,22.789250,3.588369,100
323,575,11.189250,14.188369,100
324,574,11.239250,14.138369,100
324,575,11.239250,14.188369,100
324,576,11.239250,14.238369,100
325,575,11.289250,14.188369,100
191,276,4.589250,-0.761632,100
192,275,4.639250,-0.811632,100
192,276,4.639250,-0.761632,100
192,277,4.639250,-0.711632,100
193,276,4.689250,-0.761632,100
76,438,-1.160750,7.338369,100
77,437,-1.110750,7.288369,100
77,438,-1.110750,7.338369,100
77,439,-1.110750,7.388369,100
78,438,-1.060750,7.338369,100
557,333,22.889250,2.088369,100
558,332,22.939250,2.038369,100
558,333,22.939250,2.088369,100
558,334,22.939250,2.138369,100
248,401,7.439250,5.488369,100
249,400,7.489250,5.438369,100
249,401,7.489250,5.488369,100
249,402,7.489250,5.538369,100
250,401,7.539250,5.488369,100
328,281,11.439250,-0.511632,100
329,280,11.489250,-0.561632,100
329,281,11.489250,-0.511632,100
329,282,11.489250,-0.461632,100
330,281,11.539250,-0.511632,100
368,317,13.439250,1.288368,100
369,316,13.489250,1.238368,100
369,317,13.489250,1.288368,100
369,318,13.489250,1.338369,100
370,317,13.539250,1.288368,100
503,133,20.189250,-7.911632,100
504,132,20.239250,-7.961632,100
504,133,20.239250,-7.911632,100
504,134,20.239250,-7.861632,100
505,133,20.289250,-7.911632,100
91,454,-0.410750,8.138369,100
92,453,-0.360750,8.088369,100
92,454,-0.360750,8.138369,100
92,455,-0.360750,8.188369,100
93,454,-0.310750,8.138369,100
286,284,9.339250,-0.361632,100
287,283,9.389250,-0.411632,100
287,284,9.389250,-0.361632,100
287,285,9.389250,-0.311632,100
288,284,9.439250,-0.361632,100
3,341,-4.810751,2.488369,100
4,340,-4.760751,2.438369,100
4,341,-4.760751,2.488369,100
4,342,-4.760751,2.538369,100
5,341,-4.710751,2.488369,100
258,451,7.939250,7.988369,100
259,450,7.989250,7.938369,100
259,451,7.989250,7.988369,100
259,452,7.989250,8.038369,100
260,451,8.039250,7.988369,100
217,413,5.889250,6.088369,100
218,412,5.939250,6.038369,100
218,413,5.939250,6.088369,100
218,414,5.939250,6.138369,100
219,413,5.989250,6.088369,100
97,268,-0.110750,-1.161632,100
98,267,-0.060750,-1.211632,100
98,268,-0.060750,-1.161632,100
98,269,-0.060750,-1.111632,100
99,268,-0.010750,-1.161632,100
250,447,7.539250,7.788369,100
251,446,7.589250,7.738369,100
251,447,7.589250,7.788369,100
251,448,7.589250,7.838369,100
252,447,7.639250,7.788369,100
225,274,6.289250,-0.861632,100
226,273,6.339250,-0.911632,100
226,274,6.339250,-0.861632,100
226,275,6.339250,-0.811632,100
227,274,6.389250,-0.861632,100
16,280,-4.160751,-0.561632,100
17,279,-4.110751,-0.611632,100
17,280,-4.110751,-0.561632,100
17,281,-4.110751,-0.511632,100
18,280,-4.060751,-0.561632,100
101,467,0.089250,8.788369,100
102,466,0.139250,8.738369,100
102,467,0.139250,8.788369,100
102,468,0.139250,8.838369,100
103,467,0.189250,8.788369,100
443,496,17.189250,10.238369,100
444,495,17.239250,10.188369,100
444,496,17.239250,10.238369,100
444,497,17.239250,10.288369,100
445,496,17.289250,10.238369,100
315,576,10.789250,14.238369,100
316,575,10.839250,14.188369,100
316,576,10.839250,14.238369,100
316,577,10.839250,14.288369,100
317,576,10.889250,14.238369,100
0,335,-4.960751,2.188369,100
1,334,-4.910751,2.138369,100
1,335,-4.910751,2.188369,100
1,336,-4.910751,2.238369,100
2,335,-4.860751,2.188369,100
142,239,2.139250,-2.611632,100
143,238,2.189250,-2.661632,100
143,239,2.189250,-2.611632,100
143,240,2.189250,-2.561632,100
144,239,2.239250,-2.611632,100
229,278,6.489250,-0.661632,100
229,279,6.489250,-0.611632,100
229,280,6.489250,-0.561632,100
230,279,6.539250,-0.611632,100
490,199,19.539250,-4.611632,100
491,198,19.589250,-4.661632,100
491,199,19.589250,-4.611632,100
491,200,19.589250,-4.561632,100
492,199,19.639250,-4.611632,100
429,40,16.489250,-12.561632,100
430,39,16.539250,-12.611632,100
430,40,16.539250,-12.561632,100
430,41,16.539250,-12.511632,100
431,40,16.589250,-12.561632,100
4,305,-4.760751,0.688368,100
5,304,-4.710751,0.638368,100
5,305,-4.710751,0.688368,100
5,306,-4.710751,0.738368,100
6,305,-4.660751,0.688368,100
285,404,9.289250,5.638369,100
286,403,9.339250,5.588369,100
286,404,9.339250,5.638369,100
286,405,9.339250,5.688369,100
287,404,9.389250,5.638369,100
320,282,11.039250,-0.461632,100
321,281,11.089250,-0.511632,100
321,282,11.089250,-0.461632,100
321,283,11.089250,-0.411632,100
322,282,11.139250,-0.461632,100
171,153,3.589250,-6.911632,100
172,152,3.639250,-6.961632,100
172,153,3.639250,-6.911632,100
172,154,3.639250,-6.861632,100
173,153,3.689250,-6.911632,100
271,277,8.589250,-0.711632,100
272,276,8.639250,-0.761632,100
272,277,8.639250,-0.711632,100
272,278,8.639250,-0.661632,100
273,277,8.689250,-0.711632,100
396,537,14.839250,12.288369,100
397,536,14.889250,12.238369,100
397,537,14.889250,12.288369,100
397,538,14.889250,12.338369,100
398,537,14.939250,12.288369,100
243,442,7.189250,7.538369,100
243,443,7.189250,7.588369,100
244,442,7.239250,7.538369,100
506,143,20.339250,-7.411632,100
507,142,20.389250,-7.461632,100
507,143,20.389250,-7.411632,100
507,144,20.389250,-7.361632,100
508,143,20.439250,-7.411632,100
221,419,6.089250,6.388369,100
222,418,6.139250,6.338369,100
222,419,6.139250,6.388369,100
222,420,6.139250,6.438369,100
223,419,6.189250,6.388369,100
103,468,0.189250,8.838369,100
103,469,0.189250,8.888369,100
104,468,0.239250,8.838369,100
230,280,6.539250,-0.561632,100
230,281,6.539250,-0.511632,100
231,280,6.589250,-0.561632,100
324,23,11.239250,-13.411632,100
325,22,11.289250,-13.461632,100
325,23,11.289250,-13.411632,100
325,24,11.289250,-13.361632,100
326,23,11.339250,-13.411632,100
375,334,13.789250,2.138369,100
376,333,13.839250,2.088369,100
376,334,13.839250,2.138369,100
376,335,13.839250,2.188369,100
377,334,13.889250,2.138369,100
6,351,-4.660751,2.988369,100
7,350,-4.610751,2.938369,100
7,351,-4.610751,2.988369,100
7,352,-4.610751,3.038369,100
8,351,-4.560751,2.988369,100
105,473,0.289250,9.088369,100
106,472,0.339250,9.038369,100
106,473,0.339250,9.088369,100
106,474,0.339250,9.138369,100
107,473,0.389250,9.088369,100
496,215,19.839250,-3.811632,100
497,214,19.889250,-3.861632,100
497,215,19.889250,-3.811632,100
497,216,19.889250,-3.761632,100
498,215,19.939250,-3.811632,100
311,578,10.589250,14.338369,100
312,577,10.639250,14.288369,100
312,578,10.639250,14.338369,100
312,579,10.639250,14.388369,100
313,578,10.689250,14.338369,100
252,446,7.639250,7.738369,100
252,448,7.639250,7.838369,100
253,447,7.689250,7.788369,100
244,443,7.239250,7.588369,100
244,444,7.239250,7.638369,100
245,443,7.289250,7.588369,100
238,99,6.939250,-9.611632,100
239,98,6.989250,-9.661632,100
239,99,6.989250,-9.611632,100
239,100,6.989250,-9.561632,100
240,99,7.039250,-9.611632,100
508,144,20.439250,-7.361632,100
508,145,20.439250,-7.311632,100
509,144,20.489250,-7.361632,100
324,288,11.239250,-0.161632,100
325,287,11.289250,-0.211632,100
325,288,11.289250,-0.161632,100
325,289,11.289250,-0.111632,100
326,288,11.339250,-0.161632,100
440,54,17.039250,-11.861632,100
441,53,17.089250,-11.911632,100
441,54,17.089250,-11.861632,100
441,55,17.089250,-11.811632,100
442,54,17.139250,-11.861632,100
342,422,12.139250,6.538369,100
343,421,12.189250,6.488369,100
343,422,12.189250,6.538369,100
343,423,12.189250,6.588369,100
344,422,12.239250,6.538369,100
8,352,-4.560751,3.038369,100
8,353,-4.560751,3.088369,100
9,352,-4.510751,3.038369,100
354,396,12.739250,5.238369,100
355,395,12.789250,5.188369,100
355,396,12.789250,5.238369,100
355,397,12.789250,5.288369,100
356,396,12.839250,5.238369,100
554,324,22.739250,1.638369,100
555,323,22.789250,1.588369,100
555,324,22.789250,1.638369,100
555,325,22.789250,1.688369,100
556,324,22.839250,1.638369,100
10,357,-4.460751,3.288369,100
11,356,-4.410751,3.238369,100
11,357,-4.410751,3.288369,100
11,358,-4.410751,3.338369,100
12,357,-4.360751,3.288369,100
266,283,8.339250,-0.411632,100
267,282,8.389250,-0.461632,100
267,283,8.389250,-0.411632,100
267,284,8.389250,-0.361632,100
268,283,8.439250,-0.411632,100
209,566,5.489250,13.738369,100
210,565,5.539250,13.688369,100
210,566,5.539250,13.738369,100
210,567,5.539250,13.788369,100
211,566,5.589250,13.738369,100
132,203,1.639250,-4.411632,100
133,202,1.689250,-4.461632,100
133,203,1.689250,-4.411632,100
133,204,1.689250,-4.361632,100
134,203,1.739250,-4.411632,100
307,55,10.389250,-11.811632,100
308,54,10.439250,-11.861632,100
308,55,10.439250,-11.811632,100
308,56,10.439250,-11.761632,100
309,55,10.489250,-11.811632,100
540,406,22.039250,5.738369,100
541,405,22.089250,5.688369,100
541,406,22.089250,5.738369,100
541,407,22.089250,5.788369,100
542,406,22.139250,5.738369,100
373,0,13.689250,-14.561632,100
374,0,13.739250,-14.561632,100
374,1,13.739250,-14.511632,100
375,0,13.789250,-14.561632,100
144,177,2.239250,-5.711632,100
145,176,2.289250,-5.761632,100
145,177,2.289250,-5.711632,100
145,178,2.289250,-5.661632,100
146,177,2.339250,-5.711632,100
319,29,10.989250,-13.111632,100
320,28,11.039250,-13.161632,100
320,29,11.039250,-13.111632,100
320,30,11.039250,-13.061632,100
321,29,11.089250,-13.111632,100
507,229,20.389250,-3.111632,100
508,228,20.439250,-3.161632,100
508,229,20.439250,-3.111632,100
508,230,20.439250,-3.061632,100
509,229,20.489250,-3.111632,100
35,270,-3.210750,-1.061632,100
36,269,-3.160750,-1.111632,100
36,270,-3.160750,-1.061632,100
36,271,-3.160750,-1.011632,100
37,270,-3.110750,-1.061632,100
263,277,8.189250,-0.711632,100
264,276,8.239250,-0.761632,100
264,277,8.239250,-0.711632,100
264,278,8.239250,-0.661632,100
265,277,8.289250,-0.711632,100
210,122,5.539250,-8.461632,100
211,121,5.589250,-8.511632,100
211,122,5.589250,-8.461632,100
211,123,5.589250,-8.411632,100
212,122,5.639250,-8.461632,100
444,60,17.239250,-11.561632,100
445,59,17.289250,-11.611632,100
445,60,17.289250,-11.561632,100
445,61,17.289250,-11.511632,100
446,60,17.339250,-11.561632,100
0,312,-4.960751,1.038368,100
1,311,-4.910751,0.988368,100
1,312,-4.910751,1.038368,100
1,313,-4.910751,1.088368,100
2,312,-4.860751,1.038368,100
498,214,19.939250,-3.861632,100
498,216,19.939250,-3.761632,100
499,215,19.989250,-3.811632,100
557,346,22.889250,2.738369,100
558,345,22.939250,2.688369,100
558,346,22.939250,2.738369,100
558,347,22.939250,2.788369,100
131,503,1.589250,10.588369,100
132,502,1.639250,10.538369,100
132,503,1.639250,10.588369,100
132,504,1.639250,10.638369,100
133,503,1.689250,10.588369,100
434,504,16.739250,10.638369,100
435,503,16.789250,10.588369,100
435,504,16.789250,10.638369,100
435,505,16.789250,10.688369,100
436,504,16.839250,10.638369,100
172,275,3.639250,-0.811632,100
173,274,3.689250,-0.861632,100
173,275,3.689250,-0.811632,100
173,276,3.689250,-0.761632,100
174,275,3.739250,-0.811632,100
501,185,20.089250,-5.311632,100
502,184,20.139250,-5.361632,100
502,185,20.139250,-5.311632,100
502,186,20.139250,-5.261632,100
503,185,20.189250,-5.311632,100
309,56,10.489250,-11.761632,100
309,57,10.489250,-11.711632,100
310,56,10.539250,-11.761632,100
521,429,21.089250,6.888369,100
522,428,21.139250,6.838369,100
522,429,21.139250,6.888369,100
522,430,21.139250,6.938369,100
523,429,21.189250,6.888369,100
412,522,15.639250,11.538369,100
413,521,15.689250,11.488369,100
413,522,15.689250,11.538369,100
413,523,15.689250,11.588369,100
414,522,15.739250,11.538369,100
70,264,-1.460750,-1.361632,100
71,263,-1.410750,-1.411632,100
71,264,-1.410750,-1.361632,100
71,265,-1.410750,-1.311632,100
72,264,-1.360750,-1.361632,100
379,345,13.989250,2.688369,100
380,344,14.039250,2.638369,100
380,345,14.039250,2.688369,100
380,346,14.039250,2.738369,100
381,345,14.089250,2.688369,100
375,1,13.789250,-14.511632,100
375,2,13.789250,-14.461632,100
376,1,13.839250,-14.511632,100
478,467,18.939250,8.788369,100
479,466,18.989250,8.738369,100
479,467,18.989250,8.788369,100
479,468,18.989250,8.838369,100
480,467,19.039250,8.788369,100
21,371,-3.910751,3.988369,100
22,370,-3.860751,3.938369,100
22,371,-3.860751,3.988369,100
22,372,-3.860751,4.038369,100
23,371,-3.810751,3.988369,100
114,270,0.739250,-1.061632,100
115,269,0.789250,-1.111632,100
115,270,0.789250,-1.061632,100
115,271,0.789250,-1.011632,100
116,270,0.839250,-1.061632,100
536,408,21.839250,5.838369,100
537,407,21.889250,5.788369,100
537,408,21.889250,5.838369,100
537,409,21.889250,5.888369,100
538,408,21.939250,5.838369,100
135,213,1.789250,-3.911632,100
136,212,1.839250,-3.961632,100
136,213,1.839250,-3.911632,100
136,214,1.839250,-3.861632,100
137,213,1.889250,-3.911632,100
501,450,20.089250,7.938369,100
502,449,20.139250,7.888369,100
502,450,20.139250,7.938369,100
502,451,20.139250,7.988369,100
503,450,20.189250,7.938369,100
548,382,22.439250,4.538369,100
549,381,22.489250,4.488369,100
549,382,22.489250,4.538369,100
549,383,22.489250,4.588369,100
550,382,22.539250,4.538369,100
455,74,17.789250,-10.861632,100
456,73,17.839250,-10.911632,100
456,74,17.839250,-10.861632,100
456,75,17.839250,-10.811632,100
457,74,17.889250,-10.861632,100
304,287,10.239250,-0.211632,100
305,286,10.289250,-0.261632,100
305,287,10.289250,-0.211632,100
305,288,10.289250,-0.161632,100
306,287,10.339250,-0.211632,100
142,517,2.139250,11.288369,100
143,516,2.189250,11.238369,100
143,517,2.189250,11.288369,100
143,518,2.189250,11.338369,100
144,517,2.239250,11.288369,100
209,278,5.489250,-0.661632,100
210,277,5.539250,-0.711632,100
210,278,5.539250,-0.661632,100
210,279,5.539250,-0.611632,100
211,278,5.589250,-0.661632,100
551,307,22.589250,0.788368,100
552,306,22.639250,0.738368,100
552,307,22.639250,0.788368,100
552,308,22.639250,0.838368,100
553,307,22.689250,0.788368,100
116,271,0.839250,-1.011632,100
116,272,0.839250,-0.961632,100
117,271,0.889250,-1.011632,100
47,400,-2.610750,5.438369,100
47,401,-2.610750,5.488369,100
48,400,-2.560750,5.438369,100
315,445,10.789250,7.688369,100
316,444,10.839250,7.638369,100
316,445,10.839250,7.688369,100
316,446,10.839250,7.738369,100
317,445,10.889250,7.688369,100
536,264,21.839250,-1.361632,100
537,263,21.889250,-1.411632,100
537,264,21.889250,-1.361632,100
537,265,21.889250,-1.311632,100
538,264,21.939250,-1.361632,100
0,324,-4.960751,1.638369,100
0,325,-4.960751,1.688369,100
0,326,-4.960751,1.738369,100
1,325,-4.910751,1.688369,100
308,406,10.439250,5.738369,100
309,405,10.489250,5.688369,100
309,406,10.489250,5.738369,100
309,407,10.489250,5.788369,100
310,406,10.539250,5.738369,100
294,93,9.739250,-9.911632,100
295,92,9.789250,-9.961632,100
295,93,9.789250,-9.911632,100
295,94,9.789250,-9.861632,100
296,93,9.839250,-9.911632,100
140,184,2.039250,-5.361632,100
141,183,2.089250,-5.411632,100
141,184,2.089250,-5.361632,100
141,185,2.089250,-5.311632,100
142,184,2.139250,-5.361632,100
315,36,10.789250,-12.761632,100
316,35,10.839250,-12.811632,100
316,36,10.839250,-12.761632,100
316,37,10.839250,-12.711632,100
317,36,10.889250,-12.761632,100
473,473,18.689250,9.088369,100
474,472,18.739250,9.038369,100
474,473,18.739250,9.088369,100
474,474,18.739250,9.138369,100
475,473,18.789250,9.088369,100
306,67,10.339250,-11.211632,100
307,66,10.389250,-11.261632,100
307,67,10.389250,-11.211632,100
307,68,10.389250,-11.161632,100
308,67,10.439250,-11.211632,100
178,147,3.939250,-7.211632,100
179,146,3.989250,-7.261632,100
179,147,3.989250,-7.211632,100
179,148,3.989250,-7.161632,100
180,147,4.039250,-7.211632,100
57,415,-2.110750,6.188369,100
58,414,-2.060750,6.138369,100
58,415,-2.060750,6.188369,100
58,416,-2.060750,6.238369,100
59,415,-2.010750,6.188369,100
356,562,12.839250,13.538369,100
357,561,12.889250,13.488369,100
357,562,12.889250,13.538369,100
357,563,12.889250,13.588369,100
358,562,12.939250,13.538369,100
243,276,7.189250,-0.761632,100
244,275,7.239250,-0.811632,100
244,276,7.239250,-0.761632,100
244,277,7.239250,-0.711632,100
245,276,7.289250,-0.761632,100
557,323,22.889250,1.588369,100
558,322,22.939250,1.538369,100
558,323,22.939250,1.588369,100
558,324,22.939250,1.638369,100
538,265,21.939250,-1.311632,100
538,266,21.939250,-1.261632,100
539,265,21.989250,-1.311632,100
287,90,9.389250,-10.061632,100
288,89,9.439250,-10.111632,100
288,90,9.439250,-10.061632,100
288,91,9.439250,-10.011632,100
289,90,9.489250,-10.061632,100
311,447,10.589250,7.788369,100
312,446,10.639250,7.738369,100
312,447,10.639250,7.788369,100
312,448,10.639250,7.838369,100
313,447,10.689250,7.788369,100
308,68,10.439250,-11.161632,100
308,69,10.439250,-11.111632,100
309,68,10.489250,-11.161632,100
386,361,14.339250,3.488369,100
387,360,14.389250,3.438369,100
387,361,14.389250,3.488369,100
387,362,14.389250,3.538369,100
388,361,14.439250,3.488369,100
362,4,13.139250,-14.361632,100
363,3,13.189250,-14.411632,100
363,4,13.189250,-14.361632,100
363,5,13.189250,-14.311632,100
364,4,13.239250,-14.361632,100
242,576,7.139250,14.238369,100
243,575,7.189250,14.188369,100
243,576,7.189250,14.238369,100
243,577,7.189250,14.288369,100
244,576,7.239250,14.238369,100
378,357,13.939250,3.288369,100
379,356,13.989250,3.238369,100
379,357,13.989250,3.288369,100
379,358,13.989250,3.338369,100
380,357,14.039250,3.288369,100
371,318,13.589250,1.338369,100
372,317,13.639250,1.288368,100
372,318,13.639250,1.338369,100
372,319,13.639250,1.388369,100
373,318,13.689250,1.338369,100
311,38,10.589250,-12.661632,100
312,37,10.639250,-12.711632,100
312,38,10.639250,-12.661632,100
312,39,10.639250,-12.611632,100
313,38,10.689250,-12.661632,100
3,334,-4.810751,2.138369,100
3,335,-4.810751,2.188369,100
3,336,-4.810751,2.238369,100
4,335,-4.760751,2.188369,100
156,164,2.839250,-6.361632,100
157,163,2.889250,-6.411632,100
157,164,2.889250,-6.361632,100
157,165,2.889250,-6.311632,100
158,164,2.939250,-6.361632,100
331,16,11.589250,-13.761632,100
332,15,11.639250,-13.811632,100
332,16,11.639250,-13.761632,100
332,17,11.639250,-13.711632,100
333,16,11.689250,-13.761632,100
247,282,7.389250,-0.461632,100
248,281,7.439250,-0.511632,100
248,282,7.439250,-0.461632,100
248,283,7.439250,-0.411632,100
249,282,7.489250,-0.461632,100
194,276,4.739250,-0.761632,100
195,275,4.789250,-0.811632,100
195,276,4.789250,-0.761632,100
195,277,4.789250,-0.711632,100
196,276,4.839250,-0.761632,100
251,401,7.589250,5.488369,100
252,400,7.639250,5.438369,100
252,401,7.639250,5.488369,100
252,402,7.639250,5.538369,100
253,401,7.689250,5.488369,100
83,445,-0.810750,7.688369,100
84,444,-0.760750,7.638369,100
84,445,-0.760750,7.688369,100
84,446,-0.760750,7.738369,100
85,445,-0.710750,7.688369,100
331,281,11.589250,-0.511632,100
332,280,11.639250,-0.561632,100
332,281,11.639250,-0.511632,100
332,282,11.639250,-0.461632,100
333,281,11.689250,-0.511632,100
279,91,8.989250,-10.011632,100
280,90,9.039250,-10.061632,100
280,91,9.039250,-10.011632,100
280,92,9.039250,-9.961632,100
281,91,9.089250,-10.011632,100
540,275,22.039250,-0.811632,100
541,274,22.089250,-0.861632,100
541,275,22.089250,-0.811632,100
541,276,22.089250,-0.761632,100
542,275,22.139250,-0.811632,100
545,390,22.289250,4.938369,100
546,389,22.339250,4.888369,100
546,390,22.339250,4.938369,100
546,391,22.339250,4.988369,100
547,390,22.389250,4.938369,100
349,415,12.489250,6.188369,100
350,414,12.539250,6.138369,100
350,415,12.539250,6.188369,100
350,416,12.539250,6.238369,100
351,415,12.589250,6.188369,100
86,450,-0.660750,7.938369,100
87,449,-0.610750,7.888369,100
87,450,-0.610750,7.938369,100
87,451,-0.610750,7.988369,100
88,450,-0.560750,7.938369,100
544,280,22.239250,-0.561632,100
544,281,22.239250,-0.511632,100
545,280,22.289250,-0.561632,100
310,78,10.539250,-10.661632,100
311,77,10.589250,-10.711632,100
311,78,10.589250,-10.661632,100
311,79,10.589250,-10.611632,100
312,78,10.639250,-10.661632,100
179,269,3.989250,-1.111632,100
180,268,4.039250,-1.161632,100
180,269,4.039250,-1.111632,100
180,270,4.039250,-1.061632,100
181,269,4.089250,-1.111632,100
138,231,1.939250,-3.011632,100
139,230,1.989250,-3.061632,100
139,231,1.989250,-3.011632,100
139,232,1.989250,-2.961632,100
140,231,2.039250,-3.011632,100
241,98,7.089250,-9.661632,100
241,99,7.089250,-9.611632,100
241,100,7.089250,-9.561632,100
242,99,7.139250,-9.611632,100
385,372,14.289250,4.038369,100
385,373,14.289250,4.088369,100
386,372,14.339250,4.038369,100
421,31,16.089250,-13.011632,100
422,30,16.139250,-13.061632,100
422,31,16.139250,-13.011632,100
422,32,16.139250,-12.961632,100
423,31,16.189250,-13.011632,100
137,272,1.889250,-0.961632,100
138,271,1.939250,-1.011632,100
138,272,1.939250,-0.961632,100
138,273,1.939250,-0.911632,100
139,272,1.989250,-0.961632,100
217,115,5.889250,-8.811632,100
218,114,5.939250,-8.861632,100
218,115,5.939250,-8.811632,100
218,116,5.939250,-8.761632,100
219,115,5.989250,-8.811632,100
88,451,-0.560750,7.988369,100
88,452,-0.560750,8.038369,100
89,451,-0.510750,7.988369,100
280,580,9.039250,14.438369,100
281,579,9.089250,14.388369,100
281,580,9.089250,14.438369,100
282,580,9.139250,14.438369,100
219,570,5.989250,13.938369,100
220,569,6.039250,13.888369,100
220,570,6.039250,13.938369,100
220,571,6.039250,13.988369,100
221,570,6.089250,13.938369,100
508,444,20.439250,7.638369,100
509,443,20.489250,7.588369,100
509,444,20.489250,7.638369,100
509,445,20.489250,7.688369,100
510,444,20.539250,7.638369,100
213,410,5.689250,5.938369,100
214,409,5.739250,5.888369,100
214,410,5.739250,5.938369,100
214,411,5.739250,5.988369,100
215,410,5.789250,5.938369,100
374,364,13.739250,3.638369,100
375,363,13.789250,3.588369,100
375,364,13.789250,3.638369,100
375,365,13.789250,3.688369,100
376,364,13.839250,3.638369,100
246,444,7.339250,7.638369,100
247,443,7.389250,7.588369,100
247,444,7.389250,7.638369,100
247,445,7.389250,7.688369,100
248,444,7.439250,7.638369,100
334,291,11.739250,-0.011632,100
335,290,11.789250,-0.061632,100
335,291,11.789250,-0.011632,100
335,292,11.789250,0.038368,100
336,291,11.839250,-0.011632,100
285,286,9.289250,-0.261632,100
286,285,9.339250,-0.311632,100
286,286,9.339250,-0.261632,100
286,287,9.339250,-0.211632,100
287,286,9.389250,-0.261632,100
3,308,-4.810751,0.838368,100
4,307,-4.760751,0.788368,100
4,308,-4.760751,0.838368,100
4,309,-4.760751,0.888368,100
5,308,-4.710751,0.838368,100
232,280,6.639250,-0.561632,100
233,279,6.689250,-0.611632,100
233,280,6.689250,-0.561632,100
233,281,6.689250,-0.511632,100
219,116,5.989250,-8.761632,100
219,117,5.989250,-8.711632,100
220,116,6.039250,-8.761632,100
557,336,22.889250,2.238369,100
558,335,22.939250,2.188369,100
558,336,22.939250,2.238369,100
558,337,22.939250,2.288369,100
240,400,7.039250,5.438369,100
241,399,7.089250,5.388369,100
241,400,7.089250,5.438369,100
241,401,7.089250,5.488369,100
112,480,0.639250,9.438369,100
113,479,0.689250,9.388369,100
113,480,0.689250,9.438369,100
113,481,0.689250,9.488369,100
114,480,0.739250,9.438369,100
221,571,6.089250,13.988369,100
221,572,6.089250,14.038369,100
212,567,5.639250,13.788369,100
213,566,5.689250,13.738369,100
213,567,5.689250,13.788369,100
213,568,5.689250,13.838369,100
214,567,5.739250,13.788369,100
346,567,12.339250,13.788369,100
347,567,12.389250,13.788369,100
347,568,12.389250,13.838369,100
547,291,22.389250,-0.011632,100
548,290,22.439250,-0.061632,100
548,291,22.439250,-0.011632,100
548,292,22.439250,0.038368,100
549,291,22.489250,-0.011632,100
365,400,13.289250,5.438369,100
366,399,13.339250,5.388369,100
366,400,13.339250,5.438369,100
366,401,13.339250,5.488369,100
367,400,13.389250,5.438369,100
122,493,1.139250,10.088369,100
123,492,1.189250,10.038369,100
123,493,1.189250,10.088369,100
123,494,1.189250,10.138369,100
124,493,1.239250,10.088369,100
163,265,3.189250,-1.311632,100
164,264,3.239250,-1.361632,100
164,265,3.239250,-1.311632,100
164,266,3.239250,-1.261632,100
165,265,3.289250,-1.311632,100
322,438,11.139250,7.338369,100
323,437,11.189250,7.288369,100
323,438,11.189250,7.338369,100
323,439,11.189250,7.388369,100
324,438,11.239250,7.338369,100
269,283,8.489250,-0.411632,100
270,282,8.539250,-0.461632,100
270,283,8.539250,-0.411632,100
270,284,8.539250,-0.361632,100
271,283,8.589250,-0.411632,100
135,203,1.789250,-4.411632,100
136,202,1.839250,-4.461632,100
136,203,1.839250,-4.411632,100
136,204,1.839250,-4.361632,100
137,203,1.889250,-4.411632,100
80,267,-0.960750,-1.211632,100
81,266,-0.910750,-1.261632,100
81,267,-0.910750,-1.211632,100
81,268,-0.910750,-1.161632,100
82,267,-0.860750,-1.211632,100
414,521,15.739250,11.488369,100
415,520,15.789250,11.438369,100
415,521,15.789250,11.488369,100
415,522,15.789250,11.538369,100
416,521,15.839250,11.488369,100
376,0,13.839250,-14.561632,100
377,0,13.889250,-14.561632,100
377,1,13.889250,-14.511632,100
378,0,13.939250,-14.561632,100
480,466,19.039250,8.738369,100
481,465,19.089250,8.688369,100
481,466,19.089250,8.738369,100
481,467,19.089250,8.788369,100
482,466,19.139250,8.738369,100
10,288,-4.460751,-0.161632,100
11,287,-4.410751,-0.211632,100
11,288,-4.410751,-0.161632,100
11,289,-4.410751,-0.111632,100
12,288,-4.360751,-0.161632,100
312,281,10.639250,-0.511632,100
313,280,10.689250,-0.561632,100
313,281,10.689250,-0.511632,100
313,282,10.689250,-0.461632,100
508,156,20.439250,-6.761632,100
509,155,20.489250,-6.811632,100
509,156,20.489250,-6.761632,100
509,157,20.489250,-6.711632,100
510,156,20.539250,-6.761632,100
124,494,1.239250,10.138369,100
124,495,1.239250,10.188369,100
125,494,1.289250,10.138369,100
554,306,22.739250,0.738368,100
554,307,22.739250,0.788368,100
554,308,22.739250,0.838368,100
555,307,22.789250,0.788368,100
27,377,-3.610750,4.288369,100
28,376,-3.560750,4.238369,100
28,377,-3.560750,4.288369,100
28,378,-3.560750,4.338369,100
29,377,-3.510750,4.288369,100
331,114,11.589250,-8.861632,100
332,113,11.639250,-8.911632,100
332,114,11.639250,-8.861632,100
332,115,11.639250,-8.811632,100
333,114,11.689250,-8.861632,100
517,241,20.889250,-2.511632,100
518,240,20.939250,-2.561632,100
518,241,20.939250,-2.511632,100
518,242,20.939250,-2.461632,100
254,276,7.739250,-0.761632,100
255,275,7.789250,-0.811632,100
255,276,7.789250,-0.761632,100
255,277,7.789250,-0.711632,100
256,276,7.839250,-0.761632,100
381,380,14.089250,4.438369,100
382,379,14.139250,4.388369,100
382,380,14.139250,4.438369,100
382,381,14.139250,4.488369,100
383,380,14.189250,4.438369,100
0,314,-4.960751,1.138368,100
0,315,-4.960751,1.188368,100
0,316,-4.960751,1.238368,100
186,141,4.339250,-7.511632,100
187,140,4.389250,-7.561632,100
187,141,4.389250,-7.511632,100
187,142,4.389250,-7.461632,100
188,141,4.439250,-7.511632,100
212,279,5.639250,-0.611632,100
213,278,5.689250,-0.661632,100
213,279,5.689250,-0.611632,100
213,280,5.689250,-0.561632,100
306,57,10.339250,-11.711632,100
307,56,10.389250,-11.761632,100
307,57,10.389250,-11.711632,100
307,58,10.389250,-11.661632,100
308,57,10.439250,-11.711632,100
117,270,0.889250,-1.061632,100
118,269,0.939250,-1.111632,100
118,270,0.939250,-1.061632,100
118,271,0.939250,-1.011632,100
119,270,0.989250,-1.061632,100
514,235,20.739250,-2.811632,100
515,234,20.789250,-2.861632,100
515,235,20.789250,-2.811632,100
515,236,20.789250,-2.761632,100
516,235,20.839250,-2.811632,100
261,580,8.089250,14.438369,100
262,579,8.139250,14.388369,100
262,580,8.139250,14.438369,100
263,580,8.189250,14.438369,100
378,311,13.939250,0.988368,100
379,310,13.989250,0.938368,100
379,311,13.989250,0.988368,100
379,312,13.989250,1.038368,100
380,311,14.039250,0.988368,100
29,378,-3.510750,4.338369,100
29,379,-3.510750,4.388369,100
30,378,-3.460750,4.338369,100
148,523,2.439250,11.588369,100
149,522,2.489250,11.538369,100
149,523,2.489250,11.588369,100
149,524,2.489250,11.638369,100
150,523,2.539250,11.588369,100
307,287,10.389250,-0.211632,100
308,286,10.439250,-0.261632,100
308,287,10.439250,-0.211632,100
308,288,10.439250,-0.161632,100
38,391,-3.060750,4.988369,100
39,390,-3.010750,4.938369,100
39,391,-3.010750,4.988369,100
39,392,-3.010750,5.038369,100
40,391,-2.960750,4.988369,100
119,271,0.989250,-1.011632,100
119,272,0.989250,-0.961632,100
120,271,1.039250,-1.011632,100
528,255,21.439250,-1.811632,100
529,254,21.489250,-1.861632,100
529,255,21.489250,-1.811632,100
529,256,21.489250,-1.761632,100
530,255,21.539250,-1.811632,100
411,524,15.589250,11.638369,100
412,523,15.639250,11.588369,100
412,524,15.639250,11.638369,100
412,525,15.639250,11.688369,100
413,524,15.689250,11.638369,100
150,524,2.539250,11.638369,100
150,525,2.539250,11.688369,100
151,524,2.589250,11.638369,100
305,97,10.289250,-9.711632,100
306,96,10.339250,-9.761632,100
306,97,10.339250,-9.711632,100
306,98,10.339250,-9.661632,100
307,97,10.389250,-9.711632,100
356,408,12.839250,5.838369,100
357,407,12.889250,5.788369,100
357,408,12.889250,5.838369,100
357,409,12.889250,5.888369,100
358,408,12.939250,5.838369,100
465,86,18.289250,-10.261632,100
466,85,18.339250,-10.311632,100
466,86,18.339250,-10.261632,100
466,87,18.339250,-10.211632,100
467,86,18.389250,-10.261632,100
262,401,8.139250,5.488369,100
263,400,8.189250,5.438369,100
263,401,8.189250,5.488369,100
263,402,8.189250,5.538369,100
368,382,13.439250,4.538369,100
369,381,13.489250,4.488369,100
369,382,13.489250,4.538369,100
369,383,13.489250,4.588369,100
370,382,13.539250,4.538369,100
313,446,10.689250,7.738369,100
314,445,10.739250,7.688369,100
314,446,10.739250,7.738369,100
314,447,10.739250,7.788369,100
315,446,10.789250,7.738369,100
6,295,-4.660751,0.188368,100
7,294,-4.610751,0.138368,100
7,295,-4.610751,0.188368,100
7,296,-4.610751,0.238368,100
8,295,-4.560751,0.188368,100
309,288,10.489250,-0.161632,100
309,289,10.489250,-0.111632,100
556,353,22.839250,3.088369,100
557,352,22.889250,3.038369,100
557,353,22.889250,3.088369,100
557,354,22.889250,3.138369,100
558,353,22.939250,3.088369,100
214,278,5.739250,-0.661632,100
214,280,5.739250,-0.561632,100
245,577,7.289250,14.288369,100
246,576,7.339250,14.238369,100
246,577,7.339250,14.288369,100
246,578,7.339250,14.338369,100
197,271,4.889250,-1.011632,100
198,270,4.939250,-1.061632,100
198,271,4.939250,-1.011632,100
198,272,4.939250,-0.961632,100
199,271,4.989250,-1.011632,100
487,110,19.389250,-9.061632,100
488,109,19.439250,-9.111632,100
488,110,19.439250,-9.061632,100
488,111,19.439250,-9.011632,100
489,110,19.489250,-9.061632,100
42,397,-2.860750,5.288369,100
43,396,-2.810750,5.238369,100
43,397,-2.810750,5.288369,100
43,398,-2.810750,5.338369,100
44,397,-2.760750,5.288369,100
358,409,12.939250,5.888369,100
358,410,12.939250,5.938369,100
359,409,12.989250,5.888369,100
532,261,21.639250,-1.511632,100
533,260,21.689250,-1.561632,100
533,261,21.689250,-1.511632,100
533,262,21.689250,-1.461632,100
534,261,21.739250,-1.511632,100
225,110,6.289250,-9.061632,100
226,109,6.339250,-9.111632,100
226,110,6.339250,-9.061632,100
226,111,6.339250,-9.011632,100
227,110,6.389250,-9.061632,100
250,283,7.539250,-0.411632,100
251,282,7.589250,-0.461632,100
251,283,7.589250,-0.411632,100
251,284,7.589250,-0.361632,100
298,94,9.939250,-9.861632,100
299,93,9.989250,-9.911632,100
299,94,9.989250,-9.861632,100
299,95,9.989250,-9.811632,100
300,94,10.039250,-9.861632,100
290,90,9.539250,-10.061632,100
291,89,9.589250,-10.111632,100
291,90,9.589250,-10.061632,100
291,91,9.589250,-10.011632,100
292,90,9.639250,-10.061632,100
156,274,2.839250,-0.861632,100
156,275,2.839250,-0.811632,100
157,274,2.889250,-0.861632,100
135,216,1.789250,-3.761632,100
136,215,1.839250,-3.811632,100
136,216,1.839250,-3.761632,100
136,217,1.839250,-3.711632,100
137,216,1.889250,-3.761632,100
449,492,17.489250,10.038369,100
450,491,17.539250,9.988369,100
450,492,17.539250,10.038369,100
450,493,17.539250,10.088369,100
451,492,17.589250,10.038369,100
53,263,-2.310750,-1.411632,100
54,262,-2.260750,-1.461632,100
54,263,-2.260750,-1.411632,100
54,264,-2.260750,-1.361632,100
247,578,7.389250,14.338369,100
247,579,7.389250,14.388369,100
515,437,20.789250,7.288369,100
516,436,20.839250,7.238369,100
516,437,20.839250,7.288369,100
516,438,20.839250,7.338369,100
517,437,20.889250,7.288369,100
292,279,9.639250,-0.611632,100
293,278,9.689250,-0.661632,100
293,279,9.689250,-0.611632,100
293,280,9.689250,-0.561632,100
294,279,9.739250,-0.611632,100
139,186,1.989250,-5.261632,100
140,185,2.039250,-5.311632,100
140,186,2.039250,-5.261632,100
140,187,2.039250,-5.211632,100
141,186,2.089250,-5.261632,100
508,169,20.439250,-6.111632,100
509,168,20.489250,-6.161632,100
509,169,20.489250,-6.111632,100
509,170,20.489250,-6.061632,100
510,169,20.539250,-6.111632,100
547,389,22.389250,4.888369,100
548,388,22.439250,4.838369,100
548,389,22.439250,4.888369,100
548,390,22.439250,4.938369,100
549,389,22.489250,4.888369,100
385,327,14.289250,1.788369,100
386,326,14.339250,1.738369,100
386,327,14.339250,1.788369,100
386,328,14.339250,1.838369,100
387,327,14.389250,1.788369,100
22,275,-3.860751,-0.811632,100
23,274,-3.810751,-0.861632,100
23,275,-3.810751,-0.811632,100
23,276,-3.810751,-0.761632,100
24,275,-3.760751,-0.811632,100
68,426,-1.560750,6.738369,100
68,427,-1.560750,6.788369,100
69,426,-1.510750,6.738369,100
342,402,12.139250,5.538369,100
343,401,12.189250,5.488369,100
343,402,12.189250,5.538369,100
343,403,12.189250,5.588369,100
344,402,12.239250,5.538369,100
329,432,11.489250,7.038369,100
330,431,11.539250,6.988369,100
330,432,11.539250,7.038369,100
330,433,11.539250,7.088369,100
331,432,11.589250,7.038369,100
300,405,10.039250,5.688369,100
301,404,10.089250,5.638369,100
301,405,10.089250,5.688369,100
301,406,10.089250,5.738369,100
288,285,9.439250,-0.311632,100
288,286,9.439250,-0.261632,100
288,287,9.439250,-0.211632,100
289,286,9.489250,-0.261632,100
282,91,9.139250,-10.011632,100
283,90,9.189250,-10.061632,100
283,91,9.189250,-10.011632,100
283,92,9.189250,-9.961632,100
501,129,20.089250,-8.111632,100
502,128,20.139250,-8.161632,100
502,129,20.139250,-8.111632,100
502,130,20.139250,-8.061632,100
503,129,20.189250,-8.111632,100
81,446,-0.910750,7.738369,100
82,445,-0.860750,7.688369,100
82,446,-0.860750,7.738369,100
82,447,-0.860750,7.788369,100
83,446,-0.810750,7.738369,100
1,337,-4.910751,2.288369,100
2,336,-4.860751,2.238369,100
3,337,-4.810751,2.288369,100
235,275,6.789250,-0.811632,100
236,274,6.839250,-0.861632,100
236,275,6.839250,-0.811632,100
236,276,6.839250,-0.761632,100
237,275,6.889250,-0.811632,100
182,269,4.139250,-1.111632,100
183,268,4.189250,-1.161632,100
556,330,22.839250,1.938369,100
557,329,22.889250,1.888369,100
557,330,22.889250,1.938369,100
557,331,22.889250,1.988369,100
558,330,22.939250,1.938369,100
219,416,5.989250,6.238369,100
220,415,6.039250,6.188369,100
221,416,6.089250,6.238369,100
488,461,19.439250,8.488369,100
489,460,19.489250,8.438369,100
489,461,19.489250,8.488369,100
489,462,19.489250,8.538369,100
490,461,19.539250,8.488369,100
140,272,2.039250,-0.961632,100
141,271,2.089250,-1.011632,100
141,272,2.089250,-0.961632,100
141,273,2.089250,-0.911632,100
503,130,20.189250,-8.061632,100
503,131,20.189250,-8.011632,100
504,130,20.239250,-8.061632,100
230,574,6.539250,14.138369,100
231,573,6.589250,14.088369,100
231,574,6.589250,14.138369,100
231,575,6.589250,14.188369,100
232,574,6.639250,14.138369,100
242,399,7.139250,5.388369,100
243,398,7.189250,5.338369,100
244,399,7.239250,5.388369,100
492,202,19.639250,-4.461632,100
493,202,19.689250,-4.461632,100
493,203,19.689250,-4.411632,100
41,266,-2.910750,-1.261632,100
42,265,-2.860750,-1.311632,100
42,266,-2.860750,-1.261632,100
42,267,-2.860750,-1.211632,100
43,266,-2.810750,-1.261632,100
388,543,14.439250,12.588369,100
389,542,14.489250,12.538369,100
389,543,14.489250,12.588369,100
389,544,14.489250,12.638369,100
390,543,14.539250,12.588369,100
349,565,12.489250,13.688369,100
350,566,12.539250,13.738369,100
134,228,1.739250,-3.161632,100
135,227,1.789250,-3.211632,100
135,228,1.789250,-3.161632,100
135,229,1.789250,-3.111632,100
136,228,1.839250,-3.161632,100
242,439,7.139250,7.388369,100
243,440,7.189250,7.438369,100
135,193,1.789250,-4.911632,100
136,192,1.839250,-4.961632,100
136,193,1.839250,-4.911632,100
136,194,1.839250,-4.861632,100
137,193,1.889250,-4.911632,100
221,418,6.089250,6.338369,100
222,417,6.139250,6.288369,100
289,285,9.489250,-0.311632,100
289,287,9.489250,-0.211632,100
290,286,9.539250,-0.261632,100
309,80,10.489250,-10.561632,100
310,79,10.539250,-10.611632,100
310,80,10.539250,-10.561632,100
310,81,10.539250,-10.511632,100
311,80,10.589250,-10.561632,100
252,449,7.639250,7.888369,100
253,448,7.689250,7.838369,100
253,449,7.689250,7.888369,100
253,450,7.689250,7.938369,100
254,449,7.739250,7.888369,100
18,282,-4.060751,-0.461632,100
19,281,-4.010751,-0.511632,100
19,282,-4.010751,-0.461632,100
19,283,-4.010751,-0.411632,100
20,282,-3.960751,-0.461632,100
178,271,3.939250,-1.011632,100
179,270,3.989250,-1.061632,100
179,271,3.989250,-1.011632,100
179,272,3.989250,-0.961632,100
180,271,4.039250,-1.011632,100
104,471,0.239250,8.988369,100
105,470,0.289250,8.938369,100
105,471,0.289250,8.988369,100
105,472,0.289250,9.038369,100
106,471,0.339250,8.988369,100
223,422,6.189250,6.538369,100
224,421,6.239250,6.488369,100
224,422,6.239250,6.538369,100
224,423,6.239250,6.588369,100
225,422,6.289250,6.538369,100
244,401,7.239250,5.488369,100
245,400,7.289250,5.438369,100
150,172,2.539250,-5.961632,100
151,171,2.589250,-6.011632,100
151,172,2.589250,-5.961632,100
151,173,2.589250,-5.911632,100
152,172,2.639250,-5.961632,100
8,354,-4.560751,3.138369,100
9,353,-4.510751,3.088369,100
10,354,-4.460751,3.138369,100
346,4,12.339250,-14.361632,100
347,3,12.389250,-14.411632,100
347,4,12.389250,-14.361632,100
347,5,12.389250,-14.311632,100
148,248,2.439250,-2.161632,100
149,247,2.489250,-2.211632,100
149,248,2.489250,-2.161632,100
149,249,2.489250,-2.111632,100
150,248,2.539250,-2.161632,100
373,366,13.689250,3.738369,100
374,365,13.739250,3.688369,100
374,366,13.739250,3.738369,100
374,367,13.739250,3.788369,100
375,366,13.789250,3.738369,100
221,272,6.089250,-0.961632,100
221,274,6.089250,-0.861632,100
374,331,13.739250,1.988369,100
375,330,13.789250,1.938369,100
375,331,13.789250,1.988369,100
375,332,13.789250,2.038369,100
195,134,4.789250,-7.861632,100
195,136,4.789250,-7.761632,100
196,135,4.839250,-7.811632,100
442,57,17.139250,-11.711632,100
443,56,17.189250,-11.761632,100
443,57,17.189250,-11.711632,100
443,58,17.189250,-11.661632,100
444,57,17.239250,-11.711632,100
5,348,-4.710751,2.838369,100
6,347,-4.660751,2.788369,100
6,348,-4.660751,2.838369,100
6,349,-4.660751,2.888369,100
7,348,-4.610751,2.838369,100
495,212,19.789250,-3.961632,100
496,211,19.839250,-4.011632,100
497,212,19.889250,-3.961632,100
555,343,22.789250,2.588369,100
556,342,22.839250,2.538369,100
557,343,22.889250,2.588369,100
129,500,1.489250,10.438369,100
130,499,1.539250,10.388369,100
130,500,1.539250,10.438369,100
130,501,1.539250,10.488369,100
131,500,1.589250,10.438369,100
377,336,13.889250,2.238369,100
378,335,13.939250,2.188369,100
378,336,13.939250,2.238369,100
378,337,13.939250,2.288369,100
379,336,13.989250,2.238369,100
344,568,12.239250,13.838369,100
345,567,12.289250,13.788369,100
345,568,12.289250,13.838369,100
345,569,12.289250,13.888369,100
346,568,12.339250,13.838369,100
129,271,1.489250,-1.011632,100
130,270,1.539250,-1.061632,100
130,271,1.539250,-1.011632,100
130,272,1.539250,-0.961632,100
418,517,15.939250,11.288369,100
419,516,15.989250,11.238369,100
419,517,15.989250,11.288369,100
419,518,15.989250,11.338369,100
420,517,16.039250,11.288369,100
1,314,-4.910751,1.138368,100
2,313,-4.860751,1.088368,100
3,314,-4.810751,1.138368,100
150,249,2.539250,-2.111632,100
150,250,2.539250,-2.061632,100
151,249,2.589250,-2.111632,100
313,576,10.689250,14.238369,100
313,577,10.689250,14.288369,100
314,577,10.739250,14.288369,100
280,403,9.039250,5.588369,100
281,402,9.089250,5.538369,100
281,403,9.089250,5.588369,100
281,404,9.089250,5.638369,100
282,403,9.139250,5.588369,100
316,97,10.839250,-9.711632,100
317,96,10.889250,-9.761632,100
317,97,10.889250,-9.711632,100
317,98,10.889250,-9.661632,100
318,97,10.939250,-9.711632,100
316,280,10.839250,-0.561632,100
316,282,10.839250,-0.461632,100
317,281,10.889250,-0.511632,100
368,556,13.439250,13.238369,100
368,558,13.439250,13.338369,100
369,557,13.489250,13.288369,100
389,350,14.489250,2.938369,100
390,351,14.539250,2.988369,100
20,367,-3.960751,3.788369,100
21,368,-3.910751,3.838369,100
167,157,3.389250,-6.711632,100
167,159,3.389250,-6.611632,100
168,158,3.439250,-6.661632,100
342,9,12.139250,-14.111632,100
342,11,12.139250,-14.011632,100
343,10,12.189250,-14.061632,100
10,353,-4.460751,3.088369,100
11,354,-4.410751,3.138369,100
22,373,-3.860751,4.088369,100
23,372,-3.810751,4.038369,100
23,373,-3.810751,4.088369,100
23,374,-3.810751,4.138369,100
24,373,-3.760751,4.088369,100
257,276,7.889250,-0.761632,100
258,275,7.939250,-0.811632,100
233,102,6.689250,-9.461632,100
233,104,6.689250,-9.361632,100
390,540,14.539250,12.438369,100
391,539,14.589250,12.388369,100
391,540,14.589250,12.438369,100
391,541,14.589250,12.488369,100
392,540,14.639250,12.438369,100
133,506,1.689250,10.738369,100
134,505,1.739250,10.688369,100
134,506,1.739250,10.738369,100
134,507,1.739250,10.788369,100
135,506,1.789250,10.738369,100
523,430,21.189250,6.938369,100
523,431,21.189250,6.988369,100
524,430,21.239250,6.938369,100
263,90,8.189250,-10.061632,100
264,89,8.239250,-10.111632,100
264,90,8.239250,-10.061632,100
264,91,8.239250,-10.011632,100
265,90,8.289250,-10.061632,100
216,278,5.839250,-0.661632,100
216,280,5.839250,-0.561632,100
217,279,5.889250,-0.611632,100
444,56,17.239250,-11.761632,100
444,58,17.239250,-11.661632,100
445,57,17.289250,-11.711632,100
264,580,8.239250,14.438369,100
265,579,8.289250,14.388369,100
265,580,8.289250,14.438369,100
266,580,8.339250,14.438369,100
291,454,9.589250,8.138369,100
292,453,9.639250,8.088369,100
292,454,9.639250,8.138369,100
292,455,9.639250,8.188369,100
223,399,6.189250,5.388369,100
224,398,6.239250,5.338369,100
224,399,6.239250,5.388369,100
224,400,6.239250,5.438369,100
225,399,6.289250,5.388369,100
24,374,-3.760751,4.138369,100
24,375,-3.760751,4.188369,100
25,374,-3.710750,4.138369,100
259,278,7.989250,-0.661632,100
392,541,14.639250,12.488369,100
392,542,14.639250,12.538369,100
393,541,14.689250,12.488369,100
458,485,17.939250,9.688369,100
458,487,17.939250,9.788369,100
459,486,17.989250,9.738369,100
524,247,21.239250,-2.211632,100
525,246,21.289250,-2.261632,100
525,247,21.289250,-2.211632,100
525,248,21.289250,-2.161632,100
526,247,21.339250,-2.211632,100
311,286,10.589250,-0.261632,100
312,287,10.639250,-0.211632,100
261,282,8.089250,-0.461632,100
262,281,8.139250,-0.511632,100
262,282,8.139250,-0.461632,100
262,283,8.139250,-0.411632,100
263,282,8.189250,-0.461632,100
337,12,11.889250,-13.961632,100
338,11,11.939250,-14.011632,100
338,12,11.939250,-13.961632,100
338,13,11.939250,-13.911632,100
339,12,11.989250,-13.961632,100
121,271,1.089250,-1.011632,100
122,270,1.139250,-1.061632,100
122,271,1.139250,-1.011632,100
122,272,1.139250,-0.961632,100
123,271,1.189250,-1.011632,100
380,382,14.039250,4.538369,100
381,381,14.089250,4.488369,100
381,382,14.089250,4.538369,100
381,383,14.089250,4.588369,100
382,382,14.139250,4.538369,100
318,407,10.939250,5.788369,100
319,406,10.989250,5.738369,100
319,407,10.989250,5.788369,100
319,408,10.989250,5.838369,100
320,407,11.039250,5.788369,100
508,159,20.439250,-6.611632,100
509,158,20.489250,-6.661632,100
509,159,20.489250,-6.611632,100
509,160,20.489250,-6.561632,100
510,159,20.539250,-6.611632,100
259,92,7.989250,-9.961632,100
260,91,8.039250,-10.011632,100
260,92,8.039250,-9.961632,100
260,93,8.039250,-9.911632,100
261,92,8.089250,-9.961632,100
266,400,8.339250,5.438369,100
267,401,8.389250,5.488369,100
144,520,2.239250,11.438369,100
145,519,2.289250,11.388369,100
145,520,2.289250,11.438369,100
145,521,2.289250,11.488369,100
363,558,13.189250,13.338369,100
364,557,13.239250,13.288369,100
364,558,13.239250,13.338369,100
364,559,13.239250,13.388369,100
365,558,13.289250,13.338369,100
48,403,-2.560750,5.588369,100
49,402,-2.510750,5.538369,100
50,403,-2.460750,5.588369,100
356,290,12.839250,-0.061632,100
357,289,12.889250,-0.111632,100
357,290,12.889250,-0.061632,100
357,291,12.889250,-0.011632,100
358,290,12.939250,-0.061632,100
375,389,13.789250,4.888369,100
376,388,13.839250,4.838369,100
377,389,13.889250,4.888369,100
296,279,9.839250,-0.611632,100
296,281,9.839250,-0.511632,100
387,363,14.389250,3.588369,100
388,362,14.439250,3.538369,100
388,363,14.439250,3.588369,100
388,364,14.439250,3.638369,100
389,363,14.489250,3.588369,100
482,106,19.139250,-9.261632,100
483,105,19.189250,-9.311632,100
484,106,19.239250,-9.261632,100
278,456,8.939250,8.238369,100
279,455,8.989250,8.188369,100
279,456,8.989250,8.238369,100
279,457,8.989250,8.288369,100
254,282,7.739250,-0.461632,100
254,284,7.739250,-0.361632,100
204,278,5.239250,-0.661632,100
205,277,5.289250,-0.711632,100
205,278,5.289250,-0.661632,100
205,279,5.289250,-0.611632,100
206,278,5.339250,-0.661632,100
344,401,12.239250,5.488369,100
345,400,12.289250,5.438369,100
345,401,12.289250,5.488369,100
345,402,12.289250,5.538369,100
346,401,12.339250,5.488369,100
50,405,-2.460750,5.688369,100
51,404,-2.410750,5.638369,100
57,262,-2.110750,-1.461632,100
57,264,-2.110750,-1.361632,100
58,263,-2.060750,-1.411632,100
1,327,-4.910751,1.788369,100
2,326,-4.860751,1.738369,100
2,327,-4.860751,1.788369,100
2,328,-4.860751,1.838369,100
3,327,-4.810751,1.788369,100
294,580,9.739250,14.438369,100
295,579,9.789250,14.388369,100
295,580,9.789250,14.438369,100
296,580,9.839250,14.438369,100
251,93,7.589250,-9.911632,100
252,92,7.639250,-9.961632,100
253,93,7.689250,-9.911632,100
376,353,13.839250,3.088369,100
377,352,13.889250,3.038369,100
378,353,13.939250,3.088369,100
202,271,5.139250,-1.011632,100
202,272,5.139250,-0.961632,100
203,272,5.189250,-0.961632,100
59,417,-2.010750,6.288369,100
60,416,-1.960750,6.238369,100
60,417,-1.960750,6.288369,100
60,418,-1.960750,6.338369,100
61,417,-1.910750,6.288369,100
333,428,11.689250,6.838369,100
334,427,11.739250,6.788369,100
334,428,11.739250,6.838369,100
334,429,11.739250,6.888369,100
299,286,9.989250,-0.261632,100
300,285,10.039250,-0.311632,100
300,286,10.039250,-0.261632,100
300,287,10.039250,-0.211632,100
301,286,10.089250,-0.261632,100
425,511,16.289250,10.988369,100
426,510,16.339250,10.938369,100
426,511,16.339250,10.988369,100
426,512,16.339250,11.038369,100
546,392,22.339250,5.038369,100
547,391,22.389250,4.988369,100
548,392,22.439250,5.038369,100
377,388,13.889250,4.838369,100
378,389,13.939250,4.888369,100
304,404,10.239250,5.638369,100
304,406,10.239250,5.738369,100
305,405,10.289250,5.688369,100
27,275,-3.610750,-0.811632,100
27,277,-3.610750,-0.711632,100
28,276,-3.560750,-0.761632,100
202,127,5.139250,-8.211632,100
202,128,5.139250,-8.161632,100
203,128,5.189250,-8.161632,100
542,278,22.139250,-0.661632,100
543,277,22.189250,-0.711632,100
544,278,22.239250,-0.661632,100
138,188,1.939250,-5.161632,100
139,187,1.989250,-5.211632,100
139,188,1.989250,-5.161632,100
139,189,1.989250,-5.111632,100
140,188,2.039250,-5.161632,100
313,40,10.689250,-12.561632,100
314,39,10.739250,-12.611632,100
314,40,10.739250,-12.561632,100
314,41,10.739250,-12.511632,100
315,40,10.789250,-12.561632,100
238,275,6.939250,-0.811632,100
239,274,6.989250,-0.861632,100
239,275,6.989250,-0.811632,100
239,276,6.989250,-0.761632,100
240,275,7.039250,-0.811632,100
352,297,12.639250,0.288368,100
353,296,12.689250,0.238368,100
353,297,12.689250,0.288368,100
353,298,12.689250,0.338368,100
354,297,12.739250,0.288368,100
186,268,4.339250,-1.161632,100
187,269,4.389250,-1.111632,100
344,293,12.239250,0.088368,100
345,292,12.289250,0.038368,100
345,293,12.289250,0.088368,100
345,294,12.289250,0.138368,100
346,293,12.339250,0.088368,100
372,395,13.639250,5.188369,100
372,397,13.639250,5.288369,100
373,396,13.689250,5.238369,100
137,229,1.889250,-3.111632,100
138,228,1.939250,-3.161632,100
138,229,1.939250,-3.111632,100
138,230,1.939250,-3.061632,100
139,229,1.989250,-3.111632,100
321,575,11.089250,14.188369,100
322,574,11.139250,14.138369,100
322,575,11.139250,14.188369,100
322,576,11.139250,14.238369,100
328,434,11.439250,7.138369,100
329,433,11.489250,7.088369,100
329,434,11.489250,7.138369,100
329,435,11.489250,7.188369,100
330,434,11.539250,7.138369,100
86,446,-0.660750,7.738369,100
86,448,-0.660750,7.838369,100
87,447,-0.610750,7.788369,100
555,333,22.789250,2.088369,100
556,332,22.839250,2.038369,100
306,449,10.339250,7.888369,100
306,450,10.339250,7.938369,100
307,450,10.389250,7.938369,100
273,89,8.689250,-10.111632,100
274,88,8.739250,-10.161632,100
274,89,8.739250,-10.111632,100
274,90,8.739250,-10.061632,100
275,89,8.789250,-10.111632,100
385,330,14.289250,1.938369,100
386,329,14.339250,1.888369,100
386,330,14.339250,1.938369,100
386,331,14.339250,1.988369,100
387,330,14.389250,1.938369,100
173,151,3.689250,-7.011632,100
174,150,3.739250,-7.061632,100
175,151,3.789250,-7.011632,100
89,452,-0.510750,8.038369,100
89,453,-0.510750,8.088369,100
90,452,-0.460750,8.038369,100
413,20,15.689250,-13.561632,100
414,19,15.739250,-13.611632,100
414,20,15.739250,-13.561632,100
414,21,15.739250,-13.511632,100
415,20,15.789250,-13.561632,100
546,284,22.339250,-0.361632,100
547,283,22.389250,-0.411632,100
547,284,22.389250,-0.361632,100
547,285,22.389250,-0.311632,100
548,284,22.439250,-0.361632,100
263,453,8.189250,8.088369,100
264,452,8.239250,8.038369,100
264,453,8.239250,8.088369,100
264,454,8.239250,8.138369,100
265,453,8.289250,8.088369,100
255,449,7.789250,7.888369,100
256,448,7.839250,7.838369,100
257,449,7.889250,7.888369,100
215,413,5.789250,6.088369,100
216,412,5.839250,6.038369,100
216,413,5.839250,6.088369,100
216,414,5.839250,6.138369,100
196,134,4.839250,-7.861632,100
197,133,4.889250,-7.911632,100
197,134,4.889250,-7.861632,100
197,135,4.889250,-7.811632,100
198,134,4.939250,-7.861632,100
328,290,11.439250,-0.061632,100
329,290,11.489250,-0.061632,100
329,291,11.489250,-0.011632,100
389,340,14.489250,2.438369,100
390,341,14.539250,2.488369,100
334,404,11.739250,5.638369,100
334,406,11.739250,5.738369,100
335,405,11.789250,5.688369,100
275,90,8.789250,-10.061632,100
275,91,8.789250,-10.011632,100
276,90,8.839250,-10.061632,100
46,266,-2.660750,-1.261632,100
46,268,-2.660750,-1.161632,100
47,267,-2.610750,-1.211632,100
321,22,11.089250,-13.461632,100
322,21,11.139250,-13.511632,100
323,22,11.189250,-13.461632,100
237,437,6.889250,7.288369,100
238,436,6.939250,7.238369,100
238,437,6.939250,7.288369,100
238,438,6.939250,7.338369,100
239,437,6.989250,7.288369,100
283,404,9.189250,5.638369,100
284,403,9.239250,5.588369,100
284,404,9.239250,5.638369,100
284,405,9.239250,5.688369,100
257,451,7.889250,7.988369,100
258,450,7.939250,7.938369,100
539,407,21.989250,5.788369,100
540,407,22.039250,5.788369,100
540,408,22.039250,5.838369,100
376,366,13.839250,3.738369,100
377,365,13.889250,3.688369,100
377,366,13.889250,3.738369,100
377,367,13.889250,3.788369,100
378,366,13.939250,3.738369,100
249,445,7.489250,7.688369,100
249,447,7.489250,7.788369,100
250,446,7.539250,7.738369,100
344,5,12.239250,-14.311632,100
345,4,12.289250,-14.361632,100
345,5,12.289250,-14.311632,100
345,6,12.289250,-14.261632,100
346,5,12.339250,-14.311632,100
465,478,18.289250,9.338369,100
465,479,18.289250,9.388369,100
466,479,18.339250,9.388369,100
134,195,1.739250,-4.811632,100
135,194,1.789250,-4.861632,100
135,195,1.789250,-4.811632,100
135,196,1.789250,-4.761632,100
136,195,1.839250,-4.811632,100
425,33,16.289250,-12.911632,100
425,35,16.289250,-12.811632,100
426,34,16.339250,-12.861632,100
133,270,1.689250,-1.061632,100
133,272,1.689250,-0.961632,100
134,271,1.739250,-1.011632,100
427,39,16.389250,-12.611632,100
428,39,16.439250,-12.611632,100
428,40,16.439250,-12.561632,100
429,39,16.489250,-12.611632,100
114,482,0.739250,9.538369,100
115,481,0.789250,9.488369,100
115,482,0.789250,9.538369,100
115,483,0.789250,9.588369,100
116,482,0.839250,9.538369,100
214,569,5.739250,13.888369,100
215,568,5.789250,13.838369,100
215,569,5.789250,13.888369,100
215,570,5.789250,13.938369,100
216,569,5.839250,13.888369,100
550,375,22.539250,4.188369,100
551,375,22.589250,4.188369,100
551,376,22.589250,4.238369,100
552,375,22.639250,4.188369,100
121,490,1.089250,9.938369,100
122,489,1.139250,9.888369,100
123,490,1.189250,9.938369,100
74,266,-1.260750,-1.261632,100
75,265,-1.210750,-1.311632,100
75,266,-1.210750,-1.261632,100
75,267,-1.210750,-1.211632,100
76,266,-1.160750,-1.261632,100
436,502,16.839250,10.538369,100
437,501,16.889250,10.488369,100
437,502,16.889250,10.538369,100
437,503,16.889250,10.588369,100
438,502,16.939250,10.538369,100
228,278,6.439250,-0.661632,100
228,280,6.439250,-0.561632,100
32,269,-3.360750,-1.111632,100
33,268,-3.310750,-1.161632,100
33,269,-3.310750,-1.111632,100
33,270,-3.310750,-1.061632,100
34,269,-3.260750,-1.111632,100
261,275,8.089250,-0.811632,100
262,276,8.139250,-0.761632,100
285,403,9.289250,5.588369,100
285,405,9.289250,5.688369,100
309,577,10.489250,14.288369,100
310,576,10.539250,14.238369,100
310,577,10.539250,14.288369,100
310,578,10.539250,14.338369,100
311,577,10.589250,14.288369,100
507,153,20.389250,-6.911632,100
508,152,20.439250,-6.961632,100
509,153,20.489250,-6.911632,100
169,274,3.489250,-0.861632,100
170,273,3.539250,-0.911632,100
171,274,3.589250,-0.861632,100
207,566,5.389250,13.738369,100
208,565,5.439250,13.688369,100
208,566,5.439250,13.738369,100
208,567,5.439250,13.788369,100
380,3,14.039250,-14.411632,100
380,5,14.039250,-14.311632,100
381,4,14.089250,-14.361632,100
267,580,8.389250,14.438369,100
268,579,8.439250,14.388369,100
268,580,8.439250,14.438369,100
269,580,8.489250,14.438369,100
372,1,13.639250,-14.511632,100
226,399,6.339250,5.388369,100
227,398,6.389250,5.338369,100
227,399,6.389250,5.388369,100
227,400,6.389250,5.438369,100
228,399,6.439250,5.388369,100
555,346,22.789250,2.738369,100
556,346,22.839250,2.738369,100
556,347,22.839250,2.788369,100
387,353,14.389250,3.088369,100
208,122,5.439250,-8.461632,100
209,121,5.489250,-8.511632,100
209,122,5.489250,-8.461632,100
209,123,5.489250,-8.411632,100
463,83,18.189250,-10.411632,100
464,82,18.239250,-10.461632,100
464,83,18.239250,-10.411632,100
464,84,18.239250,-10.361632,100
465,83,18.289250,-10.411632,100
517,237,20.889250,-2.711632,100
517,239,20.889250,-2.611632,100
518,238,20.939250,-2.661632,100
352,395,12.639250,5.188369,100
353,395,12.689250,5.188369,100
353,396,12.689250,5.238369,100
453,69,17.689250,-11.111632,100
454,68,17.739250,-11.161632,100
454,69,17.739250,-11.111632,100
454,70,17.739250,-11.061632,100
455,69,17.789250,-11.111632,100
519,243,20.989250,-2.411632,100
520,243,21.039250,-2.411632,100
520,244,21.039250,-2.361632,100
171,276,3.589250,-0.761632,100
231,105,6.589250,-9.311632,100
232,105,6.639250,-9.311632,100
232,106,6.639250,-9.261632,100
233,105,6.689250,-9.311632,100
76,265,-1.160750,-1.311632,100
76,267,-1.160750,-1.211632,100
77,266,-1.110750,-1.261632,100
1,317,-4.910751,1.288368,100
2,317,-4.860751,1.288368,100
2,318,-4.860751,1.338369,100
3,317,-4.810751,1.288368,100
204,271,5.239250,-1.011632,100
204,272,5.239250,-0.961632,100
204,273,5.239250,-0.911632,100
205,272,5.289250,-0.961632,100
335,571,11.789250,13.988369,100
336,571,11.839250,13.988369,100
336,572,11.839250,14.038369,100
376,343,13.839250,2.588369,100
378,343,13.939250,2.588369,100
390,541,14.539250,12.488369,100
390,542,14.539250,12.538369,100
391,542,14.589250,12.538369,100
40,394,-2.960750,5.138369,100
41,393,-2.910750,5.088369,100
41,394,-2.910750,5.138369,100
41,395,-2.910750,5.188369,100
42,394,-2.860750,5.138369,100
389,355,14.489250,3.188369,100
390,354,14.539250,3.138369,100
112,270,0.639250,-1.061632,100
113,269,0.689250,-1.111632,100
152,525,2.639250,11.688369,100
434,506,16.739250,10.738369,100
334,117,11.739250,-8.711632,100
335,116,11.789250,-8.761632,100
335,117,11.789250,-8.711632,100
335,118,11.789250,-8.661632,100
336,117,11.839250,-8.711632,100
499,450,19.989250,7.938369,100
500,449,20.039250,7.888369,100
500,450,20.039250,7.938369,100
500,451,20.039250,7.988369,100
309,64,10.489250,-11.361632,100
310,65,10.539250,-11.311632,100
326,113,11.339250,-8.911632,100
327,112,11.389250,-8.961632,100
327,113,11.389250,-8.911632,100
327,114,11.389250,-8.861632,100
328,113,11.439250,-8.911632,100
521,244,21.089250,-2.361632,100
521,245,21.089250,-2.311632,100
522,244,21.139250,-2.361632,100
162,536,3.139250,12.238369,100
163,535,3.189250,12.188369,100
163,536,3.189250,12.238369,100
163,537,3.189250,12.288369,100
164,536,3.239250,12.238369,100
299,279,9.989250,-0.611632,100
299,281,9.989250,-0.511632,100
300,280,10.039250,-0.561632,100
249,275,7.489250,-0.811632,100
250,274,7.539250,-0.861632,100
250,275,7.539250,-0.811632,100
250,276,7.539250,-0.761632,100
251,275,7.589250,-0.811632,100
335,427,11.789250,6.788369,100
282,457,9.139250,8.288369,100
257,282,7.889250,-0.461632,100
257,284,7.889250,-0.361632,100
258,283,7.939250,-0.411632,100
207,278,5.389250,-0.661632,100
208,277,5.439250,-0.711632,100
208,278,5.439250,-0.661632,100
208,279,5.439250,-0.611632,100
152,527,2.639250,11.788369,100
153,526,2.689250,11.738369,100
59,263,-2.010750,-1.411632,100
60,262,-1.960750,-1.461632,100
60,263,-1.960750,-1.411632,100
60,264,-1.960750,-1.361632,100
61,263,-1.910750,-1.411632,100
297,580,9.889250,14.438369,100
298,579,9.939250,14.388369,100
298,580,9.939250,14.438369,100
299,580,9.989250,14.438369,100
534,264,21.739250,-1.361632,100
535,263,21.789250,-1.411632,100
535,264,21.789250,-1.361632,100
535,265,21.789250,-1.311632,100
471,473,18.589250,9.088369,100
472,472,18.639250,9.038369,100
302,286,10.139250,-0.261632,100
303,285,10.189250,-0.311632,100
303,286,10.189250,-0.261632,100
303,287,10.189250,-0.211632,100
304,286,10.239250,-0.261632,100
214,402,5.739250,5.538369,100
215,402,5.789250,5.538369,100
215,403,5.789250,5.588369,100
67,423,-1.610750,6.588369,100
68,424,-1.560750,6.638369,100
242,275,7.139250,-0.811632,100
242,277,7.139250,-0.711632,100
489,112,19.489250,-8.961632,100
490,111,19.539250,-9.011632,100
490,112,19.539250,-8.961632,100
490,113,19.539250,-8.911632,100
491,112,19.589250,-8.961632,100
495,457,19.789250,8.288369,100
328,15,11.439250,-13.811632,100
329,15,11.489250,-13.811632,100
329,16,11.489250,-13.761632,100
69,429,-1.510750,6.888369,100
70,428,-1.460750,6.838369,100
70,429,-1.460750,6.888369,100
70,430,-1.460750,6.938369,100
71,429,-1.410750,6.888369,100
257,400,7.889250,5.438369,100
258,399,7.939250,5.388369,100
258,400,7.939250,5.438369,100
258,401,7.939250,5.488369,100
259,400,7.989250,5.438369,100
358,303,12.939250,0.588368,100
359,302,12.989250,0.538368,100
359,303,12.989250,0.588368,100
359,304,12.989250,0.638368,100
360,303,13.039250,0.588368,100
323,574,11.189250,14.138369,100
324,573,11.239250,14.088369,100
325,574,11.289250,14.138369,100
507,166,20.389250,-6.261632,100
508,166,20.439250,-6.261632,100
508,167,20.439250,-6.211632,100
509,166,20.489250,-6.261632,100
55,265,-2.210750,-1.311632,100
56,265,-2.160750,-1.311632,100
56,266,-2.160750,-1.261632,100
57,265,-2.110750,-1.311632,100
538,270,21.939250,-1.061632,100
539,270,21.989250,-1.061632,100
539,271,21.989250,-1.011632,100
540,270,22.039250,-1.061632,100
500,127,20.039250,-8.211632,100
501,126,20.089250,-8.261632,100
501,127,20.089250,-8.211632,100
501,128,20.089250,-8.161632,100
502,127,20.139250,-8.211632,100
240,576,7.039250,14.238369,100
241,575,7.089250,14.188369,100
241,576,7.089250,14.238369,100
241,577,7.089250,14.288369,100
287,279,9.389250,-0.611632,100
288,278,9.439250,-0.661632,100
288,279,9.439250,-0.611632,100
288,280,9.439250,-0.561632,100
289,279,9.489250,-0.611632,100
503,132,20.189250,-7.961632,100
504,131,20.239250,-8.011632,100
505,132,20.289250,-7.961632,100
71,430,-1.410750,6.938369,100
71,431,-1.410750,6.988369,100
72,430,-1.360750,6.938369,100
245,282,7.289250,-0.461632,100
246,281,7.339250,-0.511632,100
246,282,7.339250,-0.461632,100
246,283,7.339250,-0.411632,100
3,340,-4.810751,2.438369,100
5,340,-4.710751,2.438369,100
150,273,2.539250,-0.911632,100
151,272,2.589250,-0.961632,100
151,273,2.589250,-0.911632,100
151,274,2.589250,-0.861632,100
152,273,2.639250,-0.911632,100
325,576,11.289250,14.238369,100
326,575,11.339250,14.188369,100
356,561,12.839250,13.488369,100
377,356,13.889250,3.238369,100
378,356,13.939250,3.238369,100
330,280,11.539250,-0.561632,100
330,282,11.539250,-0.461632,100
0,334,-4.960751,2.138369,100
2,334,-4.860751,2.138369,100
47,266,-2.610750,-1.261632,100
48,265,-2.560750,-1.311632,100
48,266,-2.560750,-1.261632,100
48,267,-2.560750,-1.211632,100
49,266,-2.510750,-1.261632,100
408,16,15.439250,-13.761632,100
409,15,15.489250,-13.811632,100
409,16,15.489250,-13.761632,100
409,17,15.489250,-13.711632,100
410,16,15.539250,-13.761632,100
308,78,10.439250,-10.661632,100
309,78,10.489250,-10.661632,100
309,79,10.489250,-10.611632,100
4,304,-4.760751,0.638368,100
184,271,4.239250,-1.011632,100
185,271,4.289250,-1.011632,100
185,272,4.289250,-0.961632,100
176,267,3.839250,-1.211632,100
177,266,3.889250,-1.261632,100
177,267,3.889250,-1.211632,100
177,268,3.889250,-1.161632,100
178,267,3.939250,-1.211632,100
137,196,1.889250,-4.761632,100
138,196,1.939250,-4.761632,100
138,197,1.939250,-4.711632,100
139,196,1.989250,-4.761632,100
311,83,10.589250,-10.411632,100
312,82,10.639250,-10.461632,100
312,83,10.639250,-10.411632,100
312,84,10.639250,-10.361632,100
313,83,10.689250,-10.411632,100
223,418,6.189250,6.338369,100
230,278,6.539250,-0.661632,100
231,279,6.589250,-0.611632,100
149,170,2.489250,-6.061632,100
150,169,2.539250,-6.111632,100
150,170,2.539250,-6.061632,100
150,171,2.539250,-6.011632,100
151,170,2.589250,-6.061632,100
373,552,13.689250,13.038369,100
374,551,13.739250,12.988369,100
374,552,13.739250,13.038369,100
374,553,13.739250,13.088369,100
375,552,13.789250,13.038369,100
278,580,8.939250,14.438369,100
279,579,8.989250,14.388369,100
279,580,8.989250,14.438369,100
373,323,13.689250,1.588369,100
374,322,13.739250,1.538369,100
374,323,13.739250,1.588369,100
374,324,13.739250,1.638369,100
375,323,13.789250,1.588369,100
287,403,9.389250,5.588369,100
287,405,9.389250,5.688369,100
288,404,9.439250,5.638369,100
186,272,4.339250,-0.961632,100
186,273,4.339250,-0.911632,100
187,272,4.389250,-0.961632,100
173,154,3.689250,-6.861632,100
178,268,3.939250,-1.161632,100
178,269,3.939250,-1.111632,100
179,268,3.989250,-1.161632,100
244,441,7.239250,7.488369,100
245,442,7.289250,7.538369,100
372,327,13.639250,1.788369,100
373,326,13.689250,1.738369,100
373,327,13.689250,1.788369,100
373,328,13.689250,1.838369,100
374,327,13.739250,1.788369,100
223,420,6.189250,6.438369,100
224,419,6.239250,6.388369,100
283,286,9.189250,-0.261632,100
284,285,9.239250,-0.311632,100
284,286,9.239250,-0.261632,100
284,287,9.239250,-0.211632,100
383,373,14.189250,4.088369,100
384,373,14.239250,4.088369,100
384,374,14.239250,4.138369,100
506,178,20.339250,-5.661632,100
507,178,20.389250,-5.661632,100
507,179,20.389250,-5.611632,100
508,178,20.439250,-5.661632,100
375,369,13.789250,3.888369,100
376,368,13.839250,3.838369,100
376,369,13.839250,3.888369,100
376,370,13.839250,3.938369,100
377,369,13.889250,3.888369,100
222,274,6.139250,-0.861632,100
222,275,6.139250,-0.811632,100
9,351,-4.510751,2.988369,100
107,472,0.389250,9.038369,100
107,474,0.389250,9.138369,100
108,473,0.439250,9.088369,100
133,198,1.689250,-4.661632,100
134,197,1.739250,-4.711632,100
134,198,1.739250,-4.661632,100
134,199,1.739250,-4.611632,100
135,198,1.789250,-4.661632,100
555,336,22.789250,2.238369,100
556,336,22.839250,2.238369,100
556,337,22.839250,2.288369,100
387,343,14.389250,2.588369,100
388,343,14.439250,2.588369,100
388,344,14.439250,2.638369,100
375,553,13.789250,13.088369,100
375,554,13.789250,13.138369,100
376,553,13.839250,13.088369,100
217,569,5.889250,13.888369,100
218,568,5.939250,13.838369,100
218,569,5.939250,13.888369,100
218,570,5.939250,13.938369,100
219,569,5.989250,13.888369,100
314,93,10.739250,-9.911632,100
315,93,10.789250,-9.911632,100
315,94,10.789250,-9.861632,100
398,536,14.939250,12.238369,100
399,536,14.989250,12.238369,100
151,250,2.589250,-2.061632,100
151,251,2.589250,-2.011632,100
152,250,2.639250,-2.061632,100
78,265,-1.060750,-1.311632,100
78,266,-1.060750,-1.261632,100
78,267,-1.060750,-1.211632,100
79,266,-1.010750,-1.261632,100
1,307,-4.910751,0.788368,100
2,307,-4.860751,0.788368,100
2,308,-4.860751,0.838368,100
3,307,-4.810751,0.788368,100
162,261,3.139250,-1.511632,100
163,260,3.189250,-1.561632,100
163,261,3.189250,-1.511632,100
163,262,3.189250,-1.461632,100
164,261,3.239250,-1.511632,100
557,345,22.889250,2.688369,100
558,344,22.939250,2.638369,100
223,275,6.189250,-0.811632,100
223,276,6.189250,-0.761632,100
224,275,6.239250,-0.811632,100
444,59,17.239250,-11.611632,100
445,58,17.289250,-11.661632,100
446,59,17.339250,-11.611632,100
0,311,-4.960751,0.988368,100
1,310,-4.910751,0.938368,100
2,311,-4.860751,0.988368,100
131,502,1.589250,10.538369,100
132,501,1.639250,10.488369,100
133,502,1.689250,10.538369,100
140,242,2.039250,-2.461632,100
141,241,2.089250,-2.511632,100
141,242,2.089250,-2.461632,100
141,243,2.089250,-2.411632,100
142,242,2.139250,-2.461632,100
316,94,10.839250,-9.861632,100
316,95,10.839250,-9.811632,100
317,94,10.889250,-9.861632,100
12,356,-4.360751,3.238369,100
12,358,-4.360751,3.338369,100
13,357,-4.310751,3.288369,100
211,565,5.589250,13.688369,100
211,567,5.589250,13.788369,100
212,566,5.639250,13.738369,100
501,184,20.089250,-5.361632,100
309,54,10.489250,-11.861632,100
310,55,10.539250,-11.811632,100
79,267,-1.010750,-1.211632,100
79,268,-1.010750,-1.161632,100
379,344,13.989250,2.638369,100
380,343,14.039250,2.588369,100
381,344,14.089250,2.638369,100
318,99,10.939250,-9.611632,100
319,98,10.989250,-9.661632,100
319,99,10.989250,-9.611632,100
319,100,10.989250,-9.561632,100
320,99,11.039250,-9.611632,100
344,420,12.239250,6.438369,100
344,421,12.239250,6.488369,100
345,421,12.289250,6.488369,100
212,123,5.639250,-8.411632,100
213,122,5.689250,-8.461632,100
21,370,-3.910751,3.938369,100
22,369,-3.860751,3.888369,100
23,370,-3.810751,3.938369,100
446,61,17.339250,-11.511632,100
447,60,17.389250,-11.561632,100
436,503,16.839250,10.588369,100
436,505,16.839250,10.688369,100
437,504,16.889250,10.638369,100
356,395,12.839250,5.188369,100
357,395,12.889250,5.188369,100
293,455,9.689250,8.188369,100
293,456,9.689250,8.238369,100
174,274,3.739250,-0.861632,100
174,276,3.739250,-0.761632,100
175,275,3.789250,-0.811632,100
448,65,17.439250,-11.311632,100
449,65,17.489250,-11.311632,100
449,66,17.489250,-11.261632,100
450,65,17.539250,-11.311632,100
501,220,20.089250,-3.561632,100
502,219,20.139250,-3.611632,100
502,220,20.139250,-3.561632,100
502,221,20.139250,-3.511632,100
503,220,20.189250,-3.561632,100
332,119,11.639250,-8.611632,100
333,118,11.689250,-8.661632,100
333,119,11.689250,-8.611632,100
333,120,11.689250,-8.561632,100
334,119,11.739250,-8.611632,100
142,516,2.139250,11.238369,100
143,515,2.189250,11.188369,100
144,516,2.239250,11.238369,100
551,306,22.589250,0.738368,100
553,306,22.689250,0.738368,100
116,269,0.839250,-1.111632,100
310,100,10.539250,-9.561632,100
311,99,10.589250,-9.611632,100
311,100,10.589250,-9.561632,100
311,101,10.589250,-9.511632,100
312,100,10.639250,-9.561632,100
470,89,18.539250,-10.111632,100
471,88,18.589250,-10.161632,100
471,89,18.589250,-10.111632,100
471,90,18.589250,-10.061632,100
472,89,18.639250,-10.111632,100
339,423,11.989250,6.588369,100
340,422,12.039250,6.538369,100
340,423,12.039250,6.588369,100
340,424,12.039250,6.638369,100
341,423,12.089250,6.588369,100
302,96,10.139250,-9.761632,100
303,95,10.189250,-9.811632,100
303,96,10.189250,-9.761632,100
303,97,10.189250,-9.711632,100
304,96,10.239250,-9.761632,100
336,9,11.839250,-14.111632,100
337,8,11.889250,-14.161632,100
337,9,11.889250,-14.111632,100
337,10,11.889250,-14.061632,100
338,9,11.939250,-14.111632,100
301,280,10.089250,-0.561632,100
302,279,10.139250,-0.611632,100
302,280,10.139250,-0.561632,100
302,281,10.139250,-0.511632,100
303,280,10.189250,-0.561632,100
32,272,-3.360750,-0.961632,100
33,271,-3.310750,-1.011632,100
33,272,-3.310750,-0.961632,100
33,273,-3.310750,-0.911632,100
34,272,-3.260750,-0.961632,100
25,376,-3.710750,4.238369,100
26,375,-3.660750,4.188369,100
26,376,-3.660750,4.238369,100
26,377,-3.660750,4.288369,100
27,376,-3.610750,4.238369,100
157,532,2.889250,12.038369,100
158,531,2.939250,11.988369,100
158,532,2.939250,12.038369,100
158,533,2.939250,12.088369,100
159,532,2.989250,12.038369,100
211,277,5.589250,-0.711632,100
211,279,5.589250,-0.611632,100
212,278,5.639250,-0.661632,100
117,272,0.889250,-0.961632,100
376,310,13.839250,0.938368,100
377,310,13.889250,0.938368,100
377,311,13.889250,0.988368,100
378,310,13.939250,0.938368,100
146,522,2.339250,11.538369,100
147,522,2.389250,11.538369,100
147,523,2.389250,11.588369,100
484,109,19.239250,-9.111632,100
485,108,19.289250,-9.161632,100
485,109,19.289250,-9.111632,100
485,110,19.289250,-9.061632,100
486,109,19.339250,-9.111632,100
497,191,19.889250,-5.011632,100
498,190,19.939250,-5.061632,100
498,191,19.939250,-5.011632,100
498,192,19.939250,-4.961632,100
499,191,19.989250,-5.011632,100
440,500,17.039250,10.438369,100
441,499,17.089250,10.388369,100
441,500,17.089250,10.438369,100
441,501,17.089250,10.488369,100
442,500,17.139250,10.438369,100
296,94,9.839250,-9.861632,100
311,446,10.589250,7.738369,100
312,445,10.639250,7.688369,100
132,215,1.639250,-3.811632,100
133,215,1.689250,-3.811632,100
133,216,1.689250,-3.761632,100
134,215,1.739250,-3.811632,100
386,360,14.339250,3.438369,100
387,359,14.389250,3.388369,100
388,360,14.439250,3.438369,100
180,146,4.039250,-7.261632,100
180,148,4.039250,-7.161632,100
181,147,4.089250,-7.211632,100
306,285,10.339250,-0.311632,100
306,286,10.339250,-0.261632,100
307,286,10.389250,-0.261632,100
379,355,13.989250,3.188369,100
380,356,14.039250,3.238369,100
212,280,5.639250,-0.561632,100
481,103,19.089250,-9.411632,100
482,102,19.139250,-9.461632,100
482,103,19.139250,-9.411632,100
482,104,19.139250,-9.361632,100
483,103,19.189250,-9.411632,100
554,353,22.739250,3.088369,100
555,353,22.789250,3.088369,100
555,354,22.789250,3.138369,100
358,561,12.939250,13.488369,100
358,563,12.939250,13.588369,100
359,562,12.989250,13.538369,100
195,271,4.789250,-1.011632,100
196,270,4.839250,-1.061632,100
196,271,4.839250,-1.011632,100
196,272,4.839250,-0.961632,100
247,281,7.389250,-0.511632,100
248,280,7.439250,-0.561632,100
249,281,7.489250,-0.511632,100
297,94,9.889250,-9.861632,100
297,95,9.889250,-9.811632,100
380,316,14.039250,1.238368,100
381,315,14.089250,1.188368,100
381,316,14.089250,1.238368,100
381,317,14.089250,1.288368,100
382,316,14.139250,1.238368,100
51,406,-2.410750,5.738369,100
52,405,-2.360750,5.688369,100
52,406,-2.360750,5.738369,100
52,407,-2.360750,5.788369,100
53,406,-2.310750,5.738369,100
367,383,13.389250,4.588369,100
368,383,13.439250,4.588369,100
368,384,13.439250,4.638369,100
313,448,10.689250,7.838369,100
309,69,10.489250,-11.111632,100
310,68,10.539250,-11.161632,100
513,437,20.689250,7.288369,100
514,436,20.739250,7.238369,100
514,437,20.739250,7.288369,100
514,438,20.739250,7.338369,100
326,574,11.339250,14.138369,100
327,574,11.389250,14.138369,100
327,575,11.389250,14.188369,100
533,415,21.689250,6.188369,100
534,415,21.739250,6.188369,100
534,416,21.739250,6.238369,100
535,415,21.789250,6.188369,100
404,530,15.239250,11.938369,100
405,530,15.289250,11.938369,100
405,531,15.289250,11.988369,100
406,530,15.339250,11.938369,100
290,279,9.539250,-0.611632,100
291,278,9.589250,-0.661632,100
291,279,9.589250,-0.611632,100
291,280,9.589250,-0.561632,100
470,475,18.539250,9.188369,100
471,475,18.589250,9.188369,100
471,476,18.589250,9.238369,100
545,389,22.289250,4.888369,100
546,388,22.339250,4.838369,100
273,455,8.689250,8.188369,100
274,454,8.739250,8.138369,100
274,455,8.739250,8.188369,100
274,456,8.739250,8.238369,100
275,455,8.789250,8.188369,100
354,300,12.739250,0.438368,100
355,299,12.789250,0.388368,100
355,300,12.789250,0.438368,100
355,301,12.789250,0.488368,100
356,300,12.839250,0.438368,100
188,271,4.439250,-1.011632,100
188,272,4.439250,-0.961632,100
188,273,4.439250,-0.911632,100
189,272,4.489250,-0.961632,100
140,230,2.039250,-3.061632,100
190,277,4.539250,-0.711632,100
191,277,4.589250,-0.711632,100
191,278,4.589250,-0.661632,100
351,414,12.589250,6.138369,100
351,416,12.589250,6.238369,100
352,415,12.639250,6.188369,100
375,359,13.789250,3.388369,100
376,359,13.839250,3.388369,100
376,360,13.839250,3.438369,100
377,359,13.889250,3.388369,100
88,449,-0.560750,7.888369,100
89,450,-0.510750,7.938369,100
545,279,22.289250,-0.611632,100
545,281,22.289250,-0.511632,100
546,280,22.339250,-0.561632,100
362,389,13.139250,4.888369,100
363,388,13.189250,4.838369,100
363,389,13.189250,4.888369,100
363,390,13.189250,4.938369,100
364,389,13.239250,4.888369,100
403,12,15.189250,-13.961632,100
404,11,15.239250,-14.011632,100
404,12,15.239250,-13.961632,100
404,13,15.239250,-13.911632,100
405,12,15.289250,-13.961632,100
233,275,6.689250,-0.811632,100
234,274,6.739250,-0.861632,100
234,275,6.739250,-0.811632,100
234,276,6.739250,-0.761632,100
285,285,9.289250,-0.311632,100
4,306,-4.760751,0.738368,100
5,307,-4.710751,0.788368,100
96,269,-0.160750,-1.111632,100
97,269,-0.110750,-1.111632,100
97,270,-0.110750,-1.061632,100
365,314,13.289250,1.138368,100
366,313,13.339250,1.088368,100
366,314,13.339250,1.138368,100
366,315,13.339250,1.188368,100
367,314,13.389250,1.138368,100
500,130,20.039250,-8.061632,100
501,130,20.089250,-8.061632,100
501,131,20.089250,-8.011632,100
15,281,-4.210751,-0.511632,100
16,281,-4.160751,-0.511632,100
16,282,-4.160751,-0.461632,100
282,579,9.139250,14.388369,100
283,580,9.189250,14.438369,100
557,335,22.889250,2.188369,100
376,552,13.839250,13.038369,100
377,551,13.889250,12.988369,100
377,552,13.889250,13.038369,100
377,553,13.889250,13.088369,100
378,552,13.939250,13.038369,100
425,36,16.289250,-12.761632,100
426,35,16.339250,-12.811632,100
426,36,16.339250,-12.761632,100
426,37,16.339250,-12.711632,100
427,36,16.389250,-12.761632,100
405,13,15.289250,-13.911632,100
405,14,15.289250,-13.861632,100
406,13,15.339250,-13.911632,100
240,399,7.039250,5.388369,100
241,398,7.089250,5.338369,100
503,135,20.189250,-7.811632,100
504,135,20.239250,-7.811632,100
504,136,20.239250,-7.761632,100
505,135,20.289250,-7.811632,100
489,200,19.489250,-4.561632,100
490,200,19.539250,-4.561632,100
490,201,19.539250,-4.511632,100
91,456,-0.410750,8.238369,100
92,456,-0.360750,8.238369,100
92,457,-0.360750,8.288369,100
93,456,-0.310750,8.238369,100
181,267,4.089250,-1.211632,100
181,268,4.089250,-1.161632,100
182,268,4.139250,-1.161632,100
415,22,15.789250,-13.461632,100
416,21,15.839250,-13.511632,100
416,22,15.839250,-13.461632,100
416,23,15.839250,-13.411632,100
417,22,15.889250,-13.461632,100
221,569,6.089250,13.888369,100
222,570,6.139250,13.938369,100
287,287,9.389250,-0.211632,100
3,343,-4.810751,2.588369,100
4,343,-4.760751,2.588369,100
4,344,-4.760751,2.638369,100
5,343,-4.710751,2.588369,100
358,391,12.939250,4.988369,100
359,390,12.989250,4.938369,100
359,391,12.989250,4.988369,100
359,392,12.989250,5.038369,100
360,391,13.039250,4.988369,100
217,415,5.889250,6.188369,100
218,415,5.939250,6.188369,100
218,416,5.939250,6.238369,100
219,415,5.989250,6.188369,100
547,290,22.389250,-0.061632,100
548,289,22.439250,-0.111632,100
549,290,22.489250,-0.061632,100
136,198,1.839250,-4.661632,100
137,197,1.889250,-4.711632,100
137,198,1.889250,-4.661632,100
137,199,1.889250,-4.611632,100
138,198,1.939250,-4.661632,100
242,401,7.139250,5.488369,100
323,24,11.189250,-13.361632,100
324,24,11.239250,-13.361632,100
324,25,11.239250,-13.311632,100
214,117,5.739250,-8.711632,100
215,116,5.789250,-8.761632,100
215,117,5.789250,-8.711632,100
215,118,5.789250,-8.661632,100
216,117,5.839250,-8.711632,100
239,439,6.989250,7.388369,100
240,438,7.039250,7.338369,100
240,439,7.039250,7.388369,100
157,257,2.889250,-1.711632,100
158,256,2.939250,-1.761632,100
158,257,2.939250,-1.711632,100
158,258,2.939250,-1.661632,100
159,257,2.989250,-1.711632,100
176,270,3.839250,-1.061632,100
177,269,3.889250,-1.111632,100
177,270,3.889250,-1.061632,100
177,271,3.889250,-1.011632,100
178,270,3.939250,-1.061632,100
505,180,20.289250,-5.561632,100
506,179,20.339250,-5.611632,100
506,180,20.339250,-5.561632,100
506,181,20.339250,-5.511632,100
507,180,20.389250,-5.561632,100
506,145,20.339250,-7.311632,100
507,145,20.389250,-7.311632,100
507,146,20.389250,-7.261632,100
427,35,16.389250,-12.811632,100
323,289,11.189250,-0.111632,100
324,289,11.239250,-0.111632,100
324,290,11.239250,-0.061632,100
525,424,21.289250,6.638369,100
526,423,21.339250,6.588369,100
526,424,21.339250,6.638369,100
526,425,21.339250,6.688369,100
527,424,21.389250,6.638369,100
342,568,12.139250,13.838369,100
343,567,12.189250,13.788369,100
343,568,12.189250,13.838369,100
343,569,12.189250,13.888369,100
271,282,8.589250,-0.461632,100
271,284,8.589250,-0.361632,100
272,283,8.639250,-0.411632,100
375,336,13.789250,2.238369,100
376,336,13.839250,2.238369,100
376,337,13.839250,2.288369,100
381,379,14.089250,4.388369,100
382,378,14.139250,4.338369,100
383,379,14.189250,4.388369,100
439,500,16.989250,10.438369,100
440,499,17.039250,10.388369,100
440,501,17.039250,10.488369,100
278,403,8.939250,5.588369,100
279,402,8.989250,5.538369,100
279,403,8.989250,5.588369,100
279,404,8.989250,5.638369,100
505,445,20.289250,7.688369,100
506,444,20.339250,7.638369,100
506,445,20.339250,7.688369,100
506,446,20.339250,7.738369,100
507,445,20.389250,7.688369,100
261,579,8.089250,14.388369,100
262,578,8.139250,14.338369,100
263,579,8.189250,14.388369,100
127,499,1.389250,10.388369,100
128,498,1.439250,10.338369,100
128,499,1.439250,10.388369,100
128,500,1.439250,10.438369,100
129,499,1.489250,10.388369,100
34,271,-3.260750,-1.011632,100
35,271,-3.210750,-1.011632,100
35,272,-3.210750,-0.961632,100
324,110,11.239250,-9.061632,100
325,109,11.289250,-9.111632,100
325,110,11.289250,-9.061632,100
325,111,11.289250,-9.011632,100
326,110,11.339250,-9.061632,100
319,440,10.989250,7.438369,100
320,439,11.039250,7.388369,100
320,440,11.039250,7.438369,100
320,441,11.039250,7.488369,100
321,440,11.089250,7.438369,100
12,289,-4.360751,-0.111632,100
13,288,-4.310751,-0.161632,100
13,289,-4.310751,-0.111632,100
13,290,-4.310751,-0.061632,100
14,289,-4.260751,-0.111632,100
188,140,4.439250,-7.561632,100
188,142,4.439250,-7.461632,100
189,141,4.489250,-7.511632,100
132,205,1.639250,-4.311632,100
133,205,1.689250,-4.311632,100
133,206,1.689250,-4.261632,100
134,205,1.739250,-4.311632,100
520,430,21.039250,6.938369,100
521,430,21.089250,6.938369,100
521,431,21.089250,6.988369,100
119,269,0.989250,-1.111632,100
120,270,1.039250,-1.061632,100
462,80,18.139250,-10.561632,100
463,79,18.189250,-10.611632,100
463,80,18.189250,-10.561632,100
463,81,18.189250,-10.511632,100
464,80,18.239250,-10.561632,100
411,523,15.589250,11.588369,100
144,179,2.239250,-5.611632,100
145,179,2.289250,-5.611632,100
145,180,2.289250,-5.561632,100
146,179,2.339250,-5.611632,100
477,468,18.889250,8.838369,100
478,468,18.939250,8.838369,100
478,469,18.939250,8.888369,100
519,239,20.989250,-2.611632,100
519,240,20.989250,-2.561632,100
152,528,2.639250,11.838369,100
153,527,2.689250,11.788369,100
153,528,2.689250,11.838369,100
153,529,2.689250,11.888369,100
154,528,2.739250,11.838369,100
32,383,-3.360750,4.588369,100
33,382,-3.310750,4.538369,100
33,383,-3.310750,4.588369,100
33,384,-3.310750,4.638369,100
34,383,-3.260750,4.588369,100
361,293,13.089250,0.088368,100
362,292,13.139250,0.038368,100
362,293,13.139250,0.088368,100
362,294,13.139250,0.138368,100
363,293,13.189250,0.088368,100
309,286,10.489250,-0.261632,100
522,431,21.139250,6.988369,100
522,432,21.139250,7.038369,100
214,277,5.739250,-0.711632,100
379,347,13.989250,2.788369,100
380,347,14.039250,2.788369,100
380,348,14.039250,2.838369,100
381,347,14.089250,2.788369,100
374,3,13.739250,-14.411632,100
375,3,13.789250,-14.411632,100
370,378,13.539250,4.338369,100
371,377,13.589250,4.288369,100
371,378,13.589250,4.338369,100
371,379,13.589250,4.388369,100
372,378,13.639250,4.338369,100
42,396,-2.860750,5.238369,100
43,395,-2.810750,5.188369,100
44,396,-2.760750,5.238369,100
316,407,10.839250,5.788369,100
317,406,10.889250,5.738369,100
317,407,10.889250,5.788369,100
317,408,10.889250,5.838369,100
183,143,4.189250,-7.411632,100
184,142,4.239250,-7.461632,100
184,143,4.239250,-7.411632,100
184,144,4.239250,-7.361632,100
185,143,4.289250,-7.411632,100
221,398,6.089250,5.338369,100
222,397,6.139250,5.288369,100
222,398,6.139250,5.338369,100
222,399,6.139250,5.388369,100
223,398,6.189250,5.338369,100
8,291,-4.560751,-0.011632,100
9,290,-4.510751,-0.061632,100
9,291,-4.510751,-0.011632,100
9,292,-4.510751,0.038368,100
10,291,-4.460751,-0.011632,100
479,469,18.989250,8.888369,100
479,470,18.989250,8.938369,100
480,469,19.039250,8.888369,100
154,529,2.739250,11.888369,100
154,530,2.739250,11.938369,100
155,529,2.789250,11.888369,100
135,215,1.789250,-3.811632,100
137,215,1.889250,-3.811632,100
164,538,3.239250,12.338369,100
165,537,3.289250,12.288369,100
165,538,3.289250,12.338369,100
165,539,3.289250,12.388369,100
166,538,3.339250,12.338369,100
247,576,7.389250,14.238369,100
199,270,4.989250,-1.061632,100
199,272,4.989250,-0.961632,100
200,271,5.039250,-1.011632,100
157,273,2.889250,-0.911632,100
157,275,2.889250,-0.811632,100
158,274,2.939250,-0.861632,100
292,89,9.639250,-10.111632,100
292,91,9.639250,-10.011632,100
293,90,9.689250,-10.061632,100
342,401,12.139250,5.488369,100
343,400,12.189250,5.438369,100
107,269,0.389250,-1.111632,100
108,268,0.439250,-1.161632,100
108,269,0.439250,-1.111632,100
108,270,0.439250,-1.061632,100
109,269,0.489250,-1.111632,100
491,115,19.589250,-8.811632,100
492,114,19.639250,-8.861632,100
492,115,19.639250,-8.811632,100
492,116,19.639250,-8.761632,100
493,115,19.689250,-8.811632,100
46,402,-2.660750,5.538369,100
47,402,-2.610750,5.538369,100
47,403,-2.610750,5.588369,100
48,402,-2.560750,5.538369,100
0,327,-4.960751,1.788369,100
0,328,-4.960751,1.838369,100
294,278,9.739250,-0.661632,100
141,187,2.089250,-5.211632,100
142,186,2.139250,-5.261632,100
306,69,10.339250,-11.111632,100
307,69,10.389250,-11.111632,100
307,70,10.389250,-11.061632,100
554,320,22.739250,1.438369,100
555,319,22.789250,1.388369,100
555,320,22.789250,1.438369,100
555,321,22.789250,1.488369,100
556,320,22.839250,1.438369,100
276,455,8.839250,8.188369,100
277,454,8.889250,8.138369,100
277,455,8.889250,8.188369,100
277,456,8.889250,8.238369,100
278,455,8.939250,8.188369,100
531,416,21.589250,6.238369,100
532,415,21.639250,6.188369,100
532,416,21.639250,6.238369,100
532,417,21.639250,6.288369,100
533,416,21.689250,6.238369,100
493,116,19.689250,-8.761632,100
493,117,19.689250,-8.711632,100
494,116,19.739250,-8.761632,100
235,274,6.789250,-0.861632,100
236,273,6.839250,-0.911632,100
237,274,6.889250,-0.861632,100
155,165,2.789250,-6.311632,100
156,165,2.839250,-6.311632,100
156,166,2.839250,-6.261632,100
330,17,11.539250,-13.711632,100
331,17,11.589250,-13.711632,100
331,18,11.589250,-13.661632,100
354,411,12.739250,5.988369,100
355,410,12.789250,5.938369,100
355,411,12.789250,5.988369,100
355,412,12.789250,6.038369,100
356,411,12.839250,5.988369,100
259,402,7.989250,5.538369,100
260,401,8.039250,5.488369,100
260,402,8.039250,5.538369,100
260,403,8.039250,5.588369,100
261,402,8.089250,5.538369,100
446,494,17.339250,10.138369,100
447,493,17.389250,10.088369,100
447,494,17.389250,10.138369,100
447,495,17.389250,10.188369,100
448,494,17.439250,10.138369,100
366,385,13.339250,4.688369,100
367,384,13.389250,4.638369,100
367,385,13.389250,4.688369,100
367,386,13.389250,4.738369,100
368,385,13.439250,4.688369,100
308,70,10.439250,-11.061632,100
308,71,10.439250,-11.011632,100
309,70,10.489250,-11.061632,100
386,363,14.339250,3.588369,100
387,364,14.389250,3.638369,100
354,2,12.739250,-14.461632,100
355,1,12.789250,-14.511632,100
355,2,12.789250,-14.461632,100
355,3,12.789250,-14.411632,100
356,2,12.839250,-14.461632,100
378,359,13.939250,3.388369,100
379,359,13.989250,3.388369,100
379,360,13.989250,3.438369,100
380,359,14.039250,3.388369,100
245,95,7.289250,-9.811632,100
246,94,7.339250,-9.861632,100
246,95,7.339250,-9.811632,100
246,96,7.339250,-9.761632,100
247,95,7.389250,-9.811632,100
344,400,12.239250,5.438369,100
331,282,11.589250,-0.461632,100
331,283,11.589250,-0.411632,100
136,188,1.839250,-5.161632,100
137,187,1.889250,-5.211632,100
137,188,1.889250,-5.161632,100
137,189,1.889250,-5.111632,100
372,320,13.639250,1.438369,100
373,320,13.689250,1.438369,100
157,166,2.889250,-6.261632,100
157,167,2.889250,-6.211632,100
158,166,2.939250,-6.261632,100
342,293,12.139250,0.088368,100
343,292,12.189250,0.038368,100
343,293,12.189250,0.088368,100
343,294,12.189250,0.138368,100
311,40,10.589250,-12.561632,100
312,40,10.639250,-12.561632,100
312,41,10.639250,-12.511632,100
222,111,6.139250,-9.011632,100
223,110,6.189250,-9.061632,100
223,111,6.189250,-9.011632,100
134,227,1.739250,-3.211632,100
135,226,1.789250,-3.261632,100
136,227,1.839250,-3.211632,100
289,284,9.489250,-0.361632,100
290,285,9.539250,-0.311632,100
72,432,-1.360750,7.038369,100
73,431,-1.310750,6.988369,100
73,432,-1.310750,7.038369,100
73,433,-1.310750,7.088369,100
74,432,-1.260750,7.038369,100
556,365,22.839250,3.688369,100
557,364,22.889250,3.638369,100
557,365,22.889250,3.688369,100
557,366,22.889250,3.738369,100
558,365,22.939250,3.688369,100
380,548,14.039250,12.838369,100
381,547,14.089250,12.788369,100
381,548,14.089250,12.838369,100
381,549,14.089250,12.888369,100
382,548,14.139250,12.838369,100
284,580,9.239250,14.438369,100
285,579,9.289250,14.388369,100
285,580,9.289250,14.438369,100
286,580,9.339250,14.438369,100
223,421,6.189250,6.488369,100
224,420,6.239250,6.438369,100
225,421,6.289250,6.488369,100
244,398,7.239250,5.338369,100
245,399,7.289250,5.388369,100
484,462,19.239250,8.538369,100
485,461,19.289250,8.488369,100
485,462,19.289250,8.538369,100
485,463,19.289250,8.588369,100
486,462,19.339250,8.538369,100
271,89,8.589250,-10.111632,100
272,88,8.639250,-10.161632,100
272,89,8.639250,-10.111632,100
272,90,8.639250,-10.061632,100
86,452,-0.660750,8.038369,100
87,452,-0.610750,8.038369,100
87,453,-0.610750,8.088369,100
290,287,9.539250,-0.211632,100
291,286,9.589250,-0.261632,100
311,81,10.589250,-10.511632,100
312,80,10.639250,-10.561632,100
543,282,22.189250,-0.461632,100
544,282,22.239250,-0.461632,100
544,283,22.239250,-0.411632,100
545,282,22.289250,-0.461632,100
254,448,7.739250,7.838369,100
254,450,7.739250,7.938369,100
273,278,8.689250,-0.661632,100
274,277,8.739250,-0.711632,100
274,278,8.739250,-0.661632,100
274,279,8.739250,-0.611632,100
275,278,8.789250,-0.661632,100
180,272,4.039250,-0.961632,100
181,271,4.089250,-1.011632,100
195,133,4.789250,-7.911632,100
344,567,12.239250,13.788369,100
345,566,12.289250,13.738369,100
225,423,6.289250,6.588369,100
226,422,6.339250,6.538369,100
245,401,7.289250,5.488369,100
246,400,7.339250,5.438369,100
231,281,6.589250,-0.511632,100
232,281,6.639250,-0.511632,100
232,282,6.639250,-0.461632,100
43,264,-2.810750,-1.361632,100
43,265,-2.810750,-1.311632,100
44,265,-2.760750,-1.311632,100
217,117,5.889250,-8.711632,100
218,117,5.939250,-8.711632,100
218,118,5.939250,-8.661632,100
392,6,14.639250,-14.261632,100
393,5,14.689250,-14.311632,100
393,6,14.689250,-14.261632,100
393,7,14.689250,-14.211632,100
394,6,14.739250,-14.261632,100
108,476,0.439250,9.238369,100
109,475,0.489250,9.188369,100
109,476,0.489250,9.238369,100
109,477,0.489250,9.288369,100
110,476,0.539250,9.238369,100
141,244,2.089250,-2.361632,100
142,243,2.139250,-2.411632,100
142,244,2.139250,-2.361632,100
142,245,2.139250,-2.311632,100
143,244,2.189250,-2.361632,100
316,96,10.839250,-9.761632,100
317,95,10.889250,-9.811632,100
318,96,10.939250,-9.761632,100
299,452,9.989250,8.038369,100
300,451,10.039250,7.988369,100
300,452,10.039250,8.038369,100
300,453,10.039250,8.088369,100
301,452,10.089250,8.038369,100
152,253,2.639250,-1.911632,100
153,252,2.689250,-1.961632,100
153,253,2.689250,-1.911632,100
153,254,2.689250,-1.861632,100
154,253,2.739250,-1.911632,100
346,569,12.339250,13.888369,100
420,516,16.039250,11.238369,100
420,518,16.039250,11.338369,100
421,517,16.089250,11.288369,100
326,289,11.339250,-0.111632,100
327,288,11.389250,-0.161632,100
327,289,11.389250,-0.111632,100
327,290,11.389250,-0.061632,100
328,289,11.439250,-0.111632,100
486,461,19.339250,8.488369,100
486,463,19.339250,8.588369,100
487,462,19.389250,8.538369,100
273,88,8.689250,-10.161632,100
273,90,8.689250,-10.061632,100
10,352,-4.460751,3.038369,100
11,353,-4.410751,3.088369,100
216,274,5.839250,-0.861632,100
217,273,5.889250,-0.911632,100
217,274,5.889250,-0.861632,100
217,275,5.889250,-0.811632,100
218,274,5.939250,-0.861632,100
446,62,17.339250,-11.461632,100
447,61,17.389250,-11.511632,100
447,62,17.389250,-11.461632,100
447,63,17.389250,-11.411632,100
448,62,17.439250,-11.461632,100
500,216,20.039250,-3.761632,100
500,217,20.039250,-3.711632,100
501,217,20.089250,-3.711632,100
133,505,1.689250,10.688369,100
134,504,1.739250,10.638369,100
135,505,1.789250,10.688369,100
282,402,9.139250,5.538369,100
282,404,9.139250,5.638369,100
283,403,9.189250,5.588369,100
318,98,10.939250,-9.661632,100
319,97,10.989250,-9.711632,100
154,254,2.739250,-1.861632,100
154,255,2.739250,-1.811632,100
155,254,2.789250,-1.861632,100
328,291,11.439250,-0.011632,100
24,372,-3.760751,4.038369,100
25,373,-3.710750,4.088369,100
366,402,13.339250,5.538369,100
366,403,13.339250,5.588369,100
367,402,13.389250,5.538369,100
501,218,20.089250,-3.661632,100
501,219,20.089250,-3.611632,100
502,218,20.139250,-3.661632,100
259,275,7.989250,-0.811632,100
458,484,17.939250,9.638369,100
459,485,17.989250,9.688369,100
283,405,9.189250,5.688369,100
162,159,3.139250,-6.611632,100
163,158,3.189250,-6.661632,100
163,159,3.189250,-6.611632,100
163,160,3.189250,-6.561632,100
164,159,3.239250,-6.611632,100
135,205,1.789250,-4.311632,100
136,205,1.839250,-4.311632,100
136,206,1.839250,-4.261632,100
137,205,1.889250,-4.311632,100
524,429,21.239250,6.888369,100
524,431,21.239250,6.988369,100
525,430,21.289250,6.938369,100
380,381,14.039250,4.488369,100
266,579,8.339250,14.388369,100
318,406,10.939250,5.738369,100
319,405,10.989250,5.688369,100
320,406,11.039250,5.738369,100
508,158,20.439250,-6.661632,100
510,158,20.539250,-6.661632,100
225,398,6.289250,5.338369,100
225,400,6.289250,5.438369,100
259,91,7.989250,-10.011632,100
260,90,8.039250,-10.061632,100
261,91,8.089250,-10.011632,100
448,61,17.439250,-11.511632,100
320,107,11.039250,-9.211632,100
321,106,11.089250,-9.261632,100
321,107,11.089250,-9.211632,100
27,379,-3.610750,4.388369,100
28,379,-3.560750,4.388369,100
28,380,-3.560750,4.438369,100
287,455,9.389250,8.188369,100
288,454,9.439250,8.138369,100
288,455,9.439250,8.188369,100
288,456,9.439250,8.238369,100
289,455,9.489250,8.188369,100
361,404,13.089250,5.638369,100
362,403,13.139250,5.588369,100
362,404,13.139250,5.638369,100
362,405,13.139250,5.688369,100
363,404,13.189250,5.638369,100
229,105,6.489250,-9.311632,100
230,104,6.539250,-9.361632,100
230,105,6.539250,-9.311632,100
230,106,6.539250,-9.261632,100
0,317,-4.960751,1.288368,100
0,318,-4.960751,1.338369,100
333,571,11.689250,13.988369,100
334,570,11.739250,13.938369,100
334,571,11.739250,13.988369,100
334,572,11.739250,14.038369,100
318,442,10.939250,7.538369,100
319,441,10.989250,7.488369,100
319,442,10.989250,7.538369,100
319,443,10.989250,7.588369,100
320,442,11.039250,7.538369,100
320,408,11.039250,5.838369,100
321,407,11.089250,5.788369,100
11,291,-4.410751,-0.011632,100
12,290,-4.360751,-0.061632,100
12,291,-4.360751,-0.011632,100
12,292,-4.360751,0.038368,100
13,291,-4.310751,-0.011632,100
261,93,8.089250,-9.911632,100
262,92,8.139250,-9.961632,100
301,93,10.089250,-9.911632,100
302,92,10.139250,-9.961632,100
302,93,10.139250,-9.911632,100
302,94,10.139250,-9.861632,100
303,93,10.189250,-9.911632,100
31,269,-3.410750,-1.111632,100
32,268,-3.360750,-1.161632,100
32,270,-3.360750,-1.061632,100
204,277,5.239250,-0.711632,100
205,276,5.289250,-0.761632,100
206,277,5.339250,-0.711632,100
514,237,20.739250,-2.711632,100
515,237,20.789250,-2.711632,100
554,310,22.739250,0.938368,100
555,309,22.789250,0.888368,100
555,310,22.789250,0.938368,100
378,313,13.939250,1.088368,100
379,313,13.989250,1.088368,100
379,314,13.989250,1.138368,100
380,313,14.039250,1.088368,100
143,181,2.189250,-5.511632,100
144,180,2.239250,-5.561632,100
144,181,2.239250,-5.511632,100
144,182,2.239250,-5.461632,100
145,181,2.289250,-5.511632,100
358,289,12.939250,-0.111632,100
365,557,13.289250,13.288369,100
365,559,13.289250,13.388369,100
366,558,13.339250,13.338369,100
339,10,11.989250,-14.061632,100
339,11,11.989250,-14.011632,100
340,11,12.039250,-14.011632,100
349,286,12.489250,-0.261632,100
350,285,12.539250,-0.311632,100
350,286,12.539250,-0.261632,100
350,287,12.539250,-0.211632,100
351,286,12.589250,-0.261632,100
262,402,8.139250,5.538369,100
262,403,8.139250,5.588369,100
159,534,2.989250,12.138369,100
160,533,3.039250,12.088369,100
160,534,3.039250,12.138369,100
160,535,3.039250,12.188369,100
161,534,3.089250,12.138369,100
297,279,9.889250,-0.611632,100
297,281,9.889250,-0.511632,100
201,271,5.089250,-1.011632,100
202,270,5.139250,-1.061632,100
203,271,5.189250,-1.011632,100
280,455,9.039250,8.188369,100
280,457,9.039250,8.288369,100
346,400,12.339250,5.438369,100
346,402,12.339250,5.538369,100
347,401,12.389250,5.488369,100
380,314,14.039250,1.138368,100
380,315,14.039250,1.188368,100
381,314,14.089250,1.138368,100
58,262,-2.060750,-1.461632,100
58,264,-2.060750,-1.361632,100
486,111,19.339250,-9.011632,100
487,111,19.389250,-9.011632,100
487,112,19.389250,-8.961632,100
296,579,9.839250,14.388369,100
225,111,6.289250,-9.011632,100
377,387,13.889250,4.788369,100
378,388,13.939250,4.838369,100
382,319,14.139250,1.388369,100
383,318,14.189250,1.338369,100
383,319,14.189250,1.388369,100
383,320,14.189250,1.438369,100
384,319,14.239250,1.388369,100
53,409,-2.310750,5.888369,100
54,408,-2.260750,5.838369,100
54,409,-2.260750,5.888369,100
54,410,-2.260750,5.938369,100
55,409,-2.210750,5.888369,100
556,355,22.839250,3.188369,100
557,355,22.889250,3.188369,100
557,356,22.889250,3.238369,100
558,355,22.939250,3.188369,100
301,285,10.089250,-0.311632,100
301,287,10.089250,-0.211632,100
247,94,7.389250,-9.861632,100
248,93,7.439250,-9.911632,100
248,94,7.439250,-9.861632,100
248,95,7.439250,-9.811632,100
249,94,7.489250,-9.861632,100
206,276,5.339250,-0.761632,100
207,277,5.389250,-0.711632,100
138,187,1.939250,-5.211632,100
313,39,10.689250,-12.611632,100
314,38,10.739250,-12.661632,100
315,39,10.789250,-12.611632,100
238,274,6.939250,-0.861632,100
239,273,6.989250,-0.911632,100
240,274,7.039250,-0.861632,100
488,112,19.439250,-8.961632,100
488,113,19.439250,-8.911632,100
63,422,-1.810750,6.538369,100
64,421,-1.760750,6.488369,100
64,422,-1.760750,6.538369,100
64,423,-1.760750,6.588369,100
65,422,-1.710750,6.538369,100
492,456,19.639250,8.238369,100
493,455,19.689250,8.188369,100
493,457,19.689250,8.288369,100
290,92,9.539250,-9.961632,100
291,92,9.589250,-9.961632,100
291,93,9.589250,-9.911632,100
292,92,9.639250,-9.961632,100
135,218,1.789250,-3.661632,100
136,218,1.839250,-3.661632,100
136,219,1.839250,-3.611632,100
137,218,1.889250,-3.661632,100
102,270,0.139250,-1.061632,100
103,269,0.189250,-1.111632,100
103,270,0.189250,-1.061632,100
103,271,0.189250,-1.011632,100
104,270,0.239250,-1.061632,100
53,265,-2.310750,-1.311632,100
54,265,-2.260750,-1.311632,100
54,266,-2.260750,-1.261632,100
335,426,11.789250,6.738369,100
7,298,-4.610751,0.338368,100
8,297,-4.560751,0.288368,100
8,298,-4.560751,0.338368,100
8,299,-4.560751,0.388368,100
9,298,-4.510751,0.338368,100
496,197,19.839250,-4.711632,100
497,196,19.889250,-4.761632,100
497,197,19.889250,-4.711632,100
497,198,19.889250,-4.661632,100
498,197,19.939250,-4.711632,100
249,95,7.489250,-9.811632,100
249,96,7.489250,-9.761632,100
250,95,7.539250,-9.811632,100
140,189,2.039250,-5.111632,100
141,188,2.089250,-5.161632,100
65,423,-1.710750,6.588369,100
548,391,22.439250,4.988369,100
549,391,22.489250,4.988369,100
385,329,14.289250,1.888369,100
387,329,14.389250,1.888369,100
546,283,22.339250,-0.411632,100
547,282,22.389250,-0.461632,100
548,283,22.439250,-0.411632,100
356,302,12.839250,0.538368,100
357,301,12.889250,0.488368,100
357,302,12.889250,0.538368,100
357,303,12.889250,0.588368,100
358,302,12.939250,0.538368,100
148,273,2.439250,-0.911632,100
149,272,2.489250,-0.961632,100
149,273,2.489250,-0.911632,100
149,274,2.489250,-0.861632,100
206,566,5.339250,13.738369,100
207,565,5.389250,13.688369,100
207,567,5.389250,13.788369,100
213,402,5.689250,5.538369,100
214,401,5.739250,5.488369,100
214,403,5.739250,5.588369,100
334,283,11.739250,-0.411632,100
335,282,11.789250,-0.461632,100
335,283,11.789250,-0.411632,100
335,284,11.789250,-0.361632,100
336,283,11.839250,-0.411632,100
275,88,8.789250,-10.161632,100
276,89,8.839250,-10.111632,100
387,331,14.389250,1.988369,100
388,330,14.439250,1.938369,100
502,131,20.139250,-8.011632,100
502,132,20.139250,-7.961632,100
374,395,13.739250,5.188369,100
377,361,13.889250,3.488369,100
378,360,13.939250,3.438369,100
378,361,13.939250,3.488369,100
378,362,13.939250,3.538369,100
379,361,13.989250,3.488369,100
90,451,-0.460750,7.988369,100
90,453,-0.460750,8.088369,100
91,452,-0.410750,8.038369,100
531,419,21.589250,6.388369,100
532,418,21.639250,6.338369,100
532,419,21.639250,6.388369,100
532,420,21.639250,6.438369,100
533,419,21.689250,6.388369,100
370,322,13.539250,1.538369,100
371,323,13.589250,1.588369,100
372,322,13.639250,1.538369,100
1,339,-4.910751,2.388369,100
2,340,-4.860751,2.438369,100
3,339,-4.810751,2.388369,100
276,278,8.839250,-0.661632,100
277,277,8.889250,-0.711632,100
277,278,8.889250,-0.661632,100
277,279,8.889250,-0.611632,100
278,278,8.939250,-0.661632,100
491,203,19.589250,-4.411632,100
492,203,19.639250,-4.411632,100
492,204,19.639250,-4.361632,100
182,271,4.139250,-1.011632,100
183,272,4.189250,-0.961632,100
376,365,13.839250,3.688369,100
377,364,13.889250,3.638369,100
378,365,13.939250,3.688369,100
543,393,22.189250,5.088369,100
544,392,22.239250,5.038369,100
544,393,22.239250,5.088369,100
544,394,22.239250,5.138369,100
545,393,22.289250,5.088369,100
174,267,3.739250,-1.211632,100
175,266,3.789250,-1.261632,100
175,267,3.789250,-1.211632,100
175,268,3.789250,-1.161632,100
134,194,1.739250,-4.861632,100
330,291,11.539250,-0.011632,100
331,290,11.589250,-0.061632,100
234,281,6.739250,-0.511632,100
235,282,6.789250,-0.461632,100
236,281,6.839250,-0.511632,100
309,46,10.489250,-12.261632,100
310,47,10.539250,-12.211632,100
425,32,16.289250,-12.961632,100
426,33,16.339250,-12.911632,100
325,436,11.289250,7.238369,100
326,435,11.339250,7.188369,100
326,436,11.339250,7.238369,100
326,437,11.339250,7.288369,100
327,436,11.389250,7.238369,100
17,283,-4.110751,-0.411632,100
18,283,-4.060751,-0.411632,100
18,284,-4.060751,-0.361632,100
91,453,-0.410750,8.088369,100
427,38,16.389250,-12.661632,100
429,38,16.489250,-12.661632,100
505,137,20.289250,-7.711632,100
506,136,20.339250,-7.761632,100
506,137,20.339250,-7.711632,100
506,138,20.339250,-7.661632,100
507,137,20.389250,-7.711632,100
302,452,10.139250,8.038369,100
303,451,10.189250,7.988369,100
303,452,10.189250,8.038369,100
303,453,10.189250,8.088369,100
304,452,10.239250,8.038369,100
93,458,-0.310750,8.338369,100
94,457,-0.260750,8.288369,100
94,458,-0.260750,8.338369,100
94,459,-0.260750,8.388369,100
95,458,-0.210750,8.338369,100
170,153,3.539250,-6.911632,100
171,152,3.589250,-6.961632,100
171,154,3.589250,-6.861632,100
346,6,12.339250,-14.261632,100
368,397,13.439250,5.288369,100
369,396,13.489250,5.238369,100
369,397,13.489250,5.288369,100
369,398,13.489250,5.338369,100
370,397,13.539250,5.288369,100
41,268,-2.910750,-1.161632,100
42,268,-2.860750,-1.161632,100
42,269,-2.860750,-1.111632,100
43,268,-2.810750,-1.161632,100
504,178,20.239250,-5.661632,100
505,177,20.289250,-5.711632,100
505,178,20.289250,-5.661632,100
505,179,20.289250,-5.611632,100
311,48,10.589250,-12.161632,100
312,47,10.639250,-12.211632,100
280,284,9.039250,-0.361632,100
281,283,9.089250,-0.411632,100
281,284,9.089250,-0.361632,100
281,285,9.089250,-0.311632,100
282,284,9.139250,-0.361632,100
335,403,11.789250,5.588369,100
335,404,11.789250,5.638369,100
336,404,11.839250,5.638369,100
214,568,5.739250,13.838369,100
215,567,5.789250,13.788369,100
216,568,5.839250,13.838369,100
193,136,4.689250,-7.761632,100
194,137,4.739250,-7.711632,100
219,274,5.989250,-0.861632,100
220,275,6.039250,-0.811632,100
323,20,11.189250,-13.561632,100
323,21,11.189250,-13.511632,100
324,21,11.239250,-13.511632,100
508,148,20.439250,-7.161632,100
509,147,20.489250,-7.211632,100
509,148,20.489250,-7.161632,100
509,149,20.489250,-7.111632,100
510,148,20.539250,-7.161632,100
285,402,9.289250,5.538369,100
216,570,5.839250,13.938369,100
208,564,5.439250,13.638369,100
209,565,5.489250,13.688369,100
395,536,14.789250,12.238369,100
396,535,14.839250,12.188369,100
396,536,14.839250,12.238369,100
159,259,2.989250,-1.611632,100
160,258,3.039250,-1.661632,100
160,259,3.039250,-1.611632,100
160,260,3.039250,-1.561632,100
161,259,3.089250,-1.611632,100
125,495,1.289250,10.188369,100
126,494,1.339250,10.138369,100
126,495,1.339250,10.188369,100
126,496,1.339250,10.238369,100
127,495,1.389250,10.188369,100
374,333,13.739250,2.088369,100
375,333,13.789250,2.088369,100
555,345,22.789250,2.688369,100
495,214,19.789250,-3.861632,100
330,406,11.539250,5.738369,100
331,405,11.589250,5.688369,100
331,406,11.589250,5.738369,100
331,407,11.589250,5.788369,100
332,406,11.639250,5.738369,100
272,285,8.639250,-0.311632,100
273,286,8.689250,-0.261632,100
274,285,8.739250,-0.311632,100
223,280,6.189250,-0.561632,100
224,279,6.239250,-0.611632,100
224,280,6.239250,-0.561632,100
224,281,6.239250,-0.511632,100
225,280,6.289250,-0.561632,100
129,502,1.489250,10.538369,100
130,502,1.539250,10.538369,100
130,503,1.539250,10.588369,100
363,403,13.189250,5.588369,100
364,404,13.239250,5.638369,100
365,403,13.289250,5.588369,100
171,273,3.589250,-0.911632,100
172,274,3.639250,-0.861632,100
1,316,-4.910751,1.238368,100
3,316,-4.810751,1.238368,100
209,567,5.489250,13.788369,100
200,562,5.039250,13.538369,100
201,561,5.089250,13.488369,100
201,562,5.089250,13.538369,100
201,563,5.089250,13.588369,100
202,562,5.139250,13.538369,100
311,576,10.589250,14.238369,100
228,398,6.439250,5.338369,100
228,400,6.439250,5.438369,100
229,399,6.489250,5.388369,100
390,353,14.539250,3.088369,100
318,288,10.939250,-0.161632,100
319,287,10.989250,-0.211632,100
319,288,10.989250,-0.161632,100
319,289,10.989250,-0.111632,100
320,288,11.039250,-0.161632,100
290,455,9.539250,8.188369,100
291,455,9.589250,8.188369,100
291,456,9.589250,8.238369,100
326,112,11.339250,-8.961632,100
327,111,11.389250,-9.011632,100
328,112,11.439250,-8.961632,100
467,88,18.389250,-10.161632,100
468,87,18.439250,-10.211632,100
468,88,18.439250,-10.161632,100
468,89,18.439250,-10.111632,100
469,88,18.489250,-10.161632,100
233,106,6.689250,-9.261632,100
234,105,6.739250,-9.311632,100
77,265,-1.110750,-1.311632,100
77,267,-1.110750,-1.211632,100
522,243,21.139250,-2.411632,100
337,572,11.889250,14.038369,100
338,571,11.939250,13.988369,100
456,487,17.839250,9.788369,100
457,488,17.889250,9.838369,100
391,543,14.589250,12.588369,100
323,408,11.189250,5.838369,100
324,407,11.239250,5.788369,100
273,402,8.689250,5.538369,100
274,401,8.739250,5.488369,100
274,402,8.739250,5.538369,100
274,403,8.739250,5.588369,100
275,402,8.789250,5.538369,100
465,81,18.289250,-10.511632,100
465,82,18.289250,-10.461632,100
466,82,18.339250,-10.461632,100
443,59,17.189250,-11.611632,100
44,399,-2.760750,5.388369,100
45,400,-2.710750,5.438369,100
297,579,9.889250,14.388369,100
298,578,9.939250,14.338369,100
299,579,9.989250,14.388369,100
522,245,21.139250,-2.311632,100
523,244,21.189250,-2.361632,100
363,295,13.189250,0.188368,100
364,294,13.239250,0.138368,100
364,295,13.239250,0.188368,100
364,296,13.239250,0.238368,100
365,295,13.289250,0.188368,100
251,274,7.589250,-0.861632,100
251,276,7.589250,-0.761632,100
252,275,7.639250,-0.811632,100
349,397,12.489250,5.288369,100
350,396,12.539250,5.238369,100
350,397,12.539250,5.288369,100
350,398,12.539250,5.338369,100
351,397,12.589250,5.288369,100
524,249,21.239250,-2.111632,100
525,249,21.289250,-2.111632,100
525,250,21.289250,-2.061632,100
526,249,21.339250,-2.111632,100
338,427,11.939250,6.788369,100
369,375,13.489250,4.188369,100
370,374,13.539250,4.138369,100
370,375,13.539250,4.188369,100
370,376,13.539250,4.238369,100
371,375,13.589250,4.188369,100
283,457,9.189250,8.288369,100
284,456,9.239250,8.238369,100
261,284,8.089250,-0.361632,100
262,284,8.139250,-0.361632,100
262,285,8.139250,-0.311632,100
263,284,8.189250,-0.361632,100
209,277,5.489250,-0.711632,100
209,279,5.489250,-0.611632,100
46,401,-2.660750,5.488369,100
508,161,20.439250,-6.511632,100
509,161,20.489250,-6.511632,100
509,162,20.489250,-6.461632,100
510,161,20.539250,-6.511632,100
469,87,18.489250,-10.211632,100
469,89,18.489250,-10.111632,100
470,88,18.539250,-10.161632,100
155,531,2.789250,11.988369,100
156,530,2.839250,11.938369,100
156,531,2.839250,11.988369,100
156,532,2.839250,12.038369,100
157,531,2.889250,11.988369,100
293,91,9.689250,-10.011632,100
293,92,9.689250,-9.961632,100
294,91,9.739250,-10.011632,100
507,165,20.389250,-6.311632,100
509,165,20.489250,-6.311632,100
538,269,21.939250,-1.111632,100
540,269,22.039250,-1.111632,100
304,285,10.239250,-0.311632,100
375,391,13.789250,4.988369,100
376,392,13.839250,5.038369,100
377,391,13.889250,4.988369,100
555,358,22.789250,3.338369,100
556,357,22.839250,3.288369,100
556,358,22.839250,3.338369,100
556,359,22.839250,3.388369,100
557,358,22.889250,3.338369,100
332,429,11.639250,6.888369,100
333,429,11.689250,6.888369,100
333,430,11.689250,6.938369,100
200,130,5.039250,-8.061632,100
201,131,5.089250,-8.011632,100
202,130,5.139250,-8.061632,100
71,428,-1.410750,6.838369,100
72,429,-1.360750,6.888369,100
259,399,7.989250,5.388369,100
259,401,7.989250,5.488369,100
260,400,8.039250,5.438369,100
245,281,7.289250,-0.511632,100
246,280,7.339250,-0.561632,100
494,117,19.739250,-8.711632,100
494,118,19.739250,-8.661632,100
495,117,19.789250,-8.711632,100
325,573,11.289250,14.088369,100
57,266,-2.110750,-1.261632,100
58,265,-2.060750,-1.311632,100
1,329,-4.910751,1.888369,100
2,329,-4.860751,1.888369,100
2,330,-4.860751,1.938369,100
3,329,-4.810751,1.888369,100
242,575,7.139250,14.188369,100
242,577,7.139250,14.288369,100
302,406,10.139250,5.738369,100
303,407,10.189250,5.788369,100
376,355,13.839250,3.188369,100
378,355,13.939250,3.188369,100
556,322,22.839250,1.538369,100
557,321,22.889250,1.488369,100
557,322,22.889250,1.538369,100
193,270,4.689250,-1.061632,100
194,269,4.739250,-1.111632,100
194,270,4.739250,-1.061632,100
194,271,4.739250,-1.011632,100
195,270,4.789250,-1.061632,100
334,430,11.739250,6.938369,100
334,431,11.739250,6.988369,100
335,430,11.789250,6.938369,100
271,455,8.589250,8.188369,100
272,454,8.639250,8.138369,100
272,455,8.639250,8.188369,100
272,456,8.639250,8.238369,100
247,283,7.389250,-0.411632,100
152,272,2.639250,-0.961632,100
152,274,2.639250,-0.861632,100
153,273,2.689250,-0.911632,100
351,298,12.589250,0.338368,100
352,298,12.639250,0.338368,100
352,299,12.639250,0.388368,100
365,382,13.289250,4.538369,100
366,381,13.339250,4.488369,100
366,382,13.339250,4.538369,100
366,383,13.339250,4.588369,100
367,382,13.389250,4.538369,100
491,458,19.589250,8.338369,100
492,457,19.639250,8.288369,100
492,458,19.639250,8.338369,100
492,459,19.639250,8.388369,100
493,458,19.689250,8.338369,100
74,435,-1.260750,7.188369,100
75,434,-1.210750,7.138369,100
75,435,-1.210750,7.188369,100
75,436,-1.210750,7.238369,100
76,435,-1.160750,7.188369,100
6,300,-4.660751,0.438368,100
7,299,-4.610751,0.388368,100
7,300,-4.610751,0.438368,100
7,301,-4.610751,0.488368,100
8,300,-4.560751,0.438368,100
93,268,-0.310750,-1.161632,100
94,267,-0.260750,-1.211632,100
94,268,-0.260750,-1.161632,100
94,269,-0.260750,-1.111632,100
95,268,-0.210750,-1.161632,100
356,4,12.839250,-14.361632,100
357,3,12.889250,-14.411632,100
357,4,12.889250,-14.361632,100
357,5,12.889250,-14.311632,100
358,4,12.939250,-14.361632,100
202,131,5.139250,-8.011632,100
203,130,5.189250,-8.061632,100
212,405,5.639250,5.688369,100
213,404,5.689250,5.638369,100
213,405,5.689250,5.688369,100
213,406,5.689250,5.738369,100
214,405,5.739250,5.688369,100
325,282,11.289250,-0.461632,100
326,281,11.339250,-0.511632,100
326,282,11.339250,-0.461632,100
326,283,11.339250,-0.411632,100
327,282,11.389250,-0.461632,100
344,295,12.239250,0.188368,100
345,295,12.289250,0.188368,100
345,296,12.289250,0.238368,100
346,295,12.339250,0.188368,100
506,177,20.339250,-5.711632,100
508,177,20.439250,-5.711632,100
283,285,9.189250,-0.311632,100
284,284,9.239250,-0.361632,100
463,481,18.189250,9.488369,100
464,482,18.239250,9.538369,100
465,481,18.289250,9.488369,100
383,372,14.189250,4.038369,100
188,276,4.439250,-0.761632,100
189,275,4.489250,-0.811632,100
189,276,4.489250,-0.761632,100
189,277,4.489250,-0.711632,100
190,276,4.539250,-0.761632,100
95,269,-0.210750,-1.111632,100
95,270,-0.210750,-1.061632,100
375,368,13.789250,3.838369,100
376,367,13.839250,3.788369,100
377,368,13.889250,3.838369,100
375,551,13.789250,12.988369,100
280,579,9.039250,14.388369,100
133,197,1.689250,-4.711632,100
134,196,1.739250,-4.761632,100
135,197,1.789250,-4.711632,100
85,449,-0.710750,7.888369,100
86,449,-0.660750,7.888369,100
555,335,22.789250,2.188369,100
360,388,13.039250,4.838369,100
361,387,13.089250,4.788369,100
361,388,13.089250,4.838369,100
361,389,13.089250,4.888369,100
362,388,13.139250,4.838369,100
401,11,15.089250,-14.011632,100
402,10,15.139250,-14.061632,100
402,11,15.139250,-14.011632,100
402,12,15.139250,-13.961632,100
403,11,15.189250,-14.011632,100
273,91,8.689250,-10.011632,100
274,91,8.739250,-10.011632,100
274,92,8.739250,-9.961632,100
245,441,7.289250,7.488369,100
246,442,7.339250,7.538369,100
240,97,7.039250,-9.711632,100
240,98,7.039250,-9.661632,100
1,306,-4.910751,0.738368,100
3,306,-4.810751,0.738368,100
226,424,6.339250,6.638369,100
227,423,6.389250,6.588369,100
227,424,6.389250,6.638369,100
227,425,6.389250,6.688369,100
228,424,6.439250,6.638369,100
389,344,14.489250,2.638369,100
390,343,14.539250,2.588369,100
542,401,22.139250,5.488369,100
543,400,22.189250,5.438369,100
543,401,22.189250,5.488369,100
543,402,22.189250,5.538369,100
544,401,22.239250,5.488369,100
548,295,22.439250,0.188368,100
549,296,22.489250,0.238368,100
550,295,22.539250,0.188368,100
140,241,2.039250,-2.511632,100
141,240,2.089250,-2.561632,100
142,241,2.139250,-2.511632,100
317,93,10.889250,-9.911632,100
131,272,1.589250,-0.961632,100
132,273,1.639250,-0.911632,100
12,355,-4.360751,3.188369,100
13,356,-4.310751,3.238369,100
507,443,20.389250,7.588369,100
508,442,20.439250,7.538369,100
508,443,20.439250,7.588369,100
79,265,-1.010750,-1.311632,100
80,266,-0.960750,-1.261632,100
370,554,13.539250,13.138369,100
371,553,13.589250,13.088369,100
371,554,13.589250,13.138369,100
371,555,13.589250,13.188369,100
372,554,13.639250,13.138369,100
143,246,2.189250,-2.261632,100
144,245,2.239250,-2.311632,100
144,246,2.239250,-2.261632,100
144,247,2.239250,-2.211632,100
145,246,2.289250,-2.261632,100
320,98,11.039250,-9.661632,100
169,155,3.489250,-6.811632,100
170,154,3.539250,-6.861632,100
170,155,3.539250,-6.811632,100
170,156,3.539250,-6.761632,100
171,155,3.589250,-6.811632,100
268,277,8.439250,-0.711632,100
269,276,8.489250,-0.761632,100
269,277,8.489250,-0.711632,100
269,278,8.489250,-0.661632,100
270,277,8.539250,-0.711632,100
503,180,20.189250,-5.561632,100
504,179,20.239250,-5.611632,100
504,180,20.239250,-5.561632,100
504,181,20.239250,-5.511632,100
321,289,11.089250,-0.111632,100
322,288,11.139250,-0.161632,100
322,289,11.139250,-0.111632,100
322,290,11.139250,-0.061632,100
550,296,22.539250,0.238368,100
550,297,22.539250,0.288368,100
551,296,22.589250,0.238368,100
226,280,6.339250,-0.561632,100
227,281,6.389250,-0.511632,100
111,479,0.589250,9.388369,100
112,478,0.639250,9.338369,100
112,479,0.639250,9.388369,100
133,273,1.689250,-0.911632,100
133,274,1.689250,-0.861632,100
134,273,1.739250,-0.911632,100
448,64,17.439250,-11.361632,100
450,64,17.539250,-11.361632,100
145,247,2.289250,-2.211632,100
145,248,2.289250,-2.161632,100
146,247,2.339250,-2.211632,100
320,100,11.039250,-9.561632,100
321,99,11.089250,-9.611632,100
15,362,-4.210751,3.538369,100
16,361,-4.160751,3.488369,100
16,362,-4.160751,3.538369,100
16,363,-4.160751,3.588369,100
17,362,-4.110751,3.538369,100
114,484,0.739250,9.638369,100
115,484,0.789250,9.638369,100
115,485,0.789250,9.688369,100
116,484,0.839250,9.638369,100
230,399,6.539250,5.388369,100
231,398,6.589250,5.338369,100
231,399,6.589250,5.388369,100
231,400,6.589250,5.438369,100
232,399,6.639250,5.388369,100
538,403,21.939250,5.588369,100
539,402,21.989250,5.538369,100
539,403,21.989250,5.588369,100
539,404,21.989250,5.638369,100
540,403,22.039250,5.588369,100
121,492,1.089250,10.038369,100
503,448,20.189250,7.838369,100
503,449,20.189250,7.888369,100
504,449,20.239250,7.888369,100
25,375,-3.710750,4.188369,100
26,374,-3.660750,4.138369,100
27,375,-3.610750,4.188369,100
450,66,17.539250,-11.261632,100
451,65,17.589250,-11.311632,100
207,123,5.389250,-8.411632,100
208,123,5.439250,-8.411632,100
208,124,5.439250,-8.361632,100
136,508,1.839250,10.838369,100
137,507,1.889250,10.788369,100
137,508,1.889250,10.838369,100
137,509,1.889250,10.888369,100
138,508,1.939250,10.838369,100
351,396,12.589250,5.238369,100
352,396,12.639250,5.238369,100
352,397,12.639250,5.288369,100
358,292,12.939250,0.038368,100
359,293,12.989250,0.088368,100
360,292,13.039250,0.038368,100
334,118,11.739250,-8.661632,100
334,120,11.739250,-8.561632,100
335,119,11.789250,-8.611632,100
505,225,20.289250,-3.311632,100
506,224,20.339250,-3.361632,100
506,225,20.339250,-3.311632,100
506,226,20.339250,-3.261632,100
507,225,20.389250,-3.311632,100
117,269,0.889250,-1.111632,100
317,31,10.889250,-13.011632,100
318,30,10.939250,-13.061632,100
318,31,10.939250,-13.011632,100
318,32,10.939250,-12.961632,100
319,31,10.989250,-13.011632,100
341,422,12.089250,6.538369,100
341,424,12.089250,6.638369,100
342,423,12.139250,6.588369,100
387,355,14.389250,3.188369,100
388,356,14.439250,3.238369,100
306,281,10.339250,-0.511632,100
307,280,10.389250,-0.561632,100
307,281,10.389250,-0.511632,100
307,282,10.389250,-0.461632,100
308,281,10.439250,-0.511632,100
209,124,5.489250,-8.361632,100
209,125,5.489250,-8.311632,100
210,124,5.539250,-8.361632,100
323,109,11.189250,-9.111632,100
323,110,11.189250,-9.061632,100
324,109,11.239250,-9.111632,100
353,397,12.689250,5.288369,100
353,398,12.689250,5.338369,100
354,397,12.739250,5.288369,100
474,94,18.739250,-9.861632,100
475,93,18.789250,-9.911632,100
475,94,18.789250,-9.861632,100
475,95,18.789250,-9.811632,100
476,94,18.839250,-9.861632,100
29,381,-3.510750,4.488369,100
30,380,-3.460750,4.438369,100
30,381,-3.460750,4.488369,100
30,382,-3.460750,4.538369,100
31,381,-3.410750,4.488369,100
372,375,13.639250,4.188369,100
373,374,13.689250,4.138369,100
373,375,13.689250,4.188369,100
373,376,13.689250,4.238369,100
374,375,13.739250,4.188369,100
264,284,8.239250,-0.361632,100
265,283,8.289250,-0.411632,100
265,284,8.289250,-0.361632,100
265,285,8.289250,-0.311632,100
266,284,8.339250,-0.361632,100
516,240,20.839250,-2.561632,100
517,240,20.889250,-2.561632,100
554,352,22.739250,3.038369,100
556,352,22.839250,3.038369,100
370,302,13.539250,0.538368,100
371,301,13.589250,0.488368,100
371,302,13.589250,0.538368,100
371,303,13.589250,0.588368,100
372,302,13.639250,0.538368,100
212,277,5.639250,-0.711632,100
1,319,-4.910751,1.388369,100
2,319,-4.860751,1.388369,100
2,320,-4.860751,1.438369,100
3,319,-4.810751,1.388369,100
498,451,19.939250,7.988369,100
499,451,19.989250,7.988369,100
499,452,19.989250,8.038369,100
67,264,-1.610750,-1.361632,100
68,263,-1.560750,-1.411632,100
68,264,-1.560750,-1.361632,100
68,265,-1.560750,-1.311632,100
69,264,-1.510750,-1.361632,100
376,345,13.839250,2.688369,100
377,346,13.889250,2.738369,100
378,345,13.939250,2.688369,100
219,398,5.989250,5.338369,100
220,397,6.039250,5.288369,100
220,398,6.039250,5.338369,100
220,399,6.039250,5.388369,100
382,315,14.139250,1.188368,100
476,95,18.839250,-9.811632,100
476,96,18.839250,-9.761632,100
477,95,18.889250,-9.811632,100
360,293,13.039250,0.088368,100
361,292,13.089250,0.038368,100
313,445,10.689250,7.688369,100
310,67,10.539250,-11.211632,100
351,288,12.589250,-0.161632,100
352,287,12.639250,-0.211632,100
352,288,12.639250,-0.161632,100
352,289,12.639250,-0.111632,100
353,288,12.689250,-0.161632,100
251,579,7.589250,14.388369,100
252,580,7.639250,14.438369,100
253,579,7.689250,14.388369,100
204,126,5.239250,-8.261632,100
205,125,5.289250,-8.311632,100
205,126,5.289250,-8.261632,100
205,127,5.289250,-8.211632,100
206,126,5.339250,-8.261632,100
333,11,11.689250,-14.011632,100
334,10,11.739250,-14.061632,100
334,11,11.739250,-14.011632,100
334,12,11.739250,-13.961632,100
335,11,11.789250,-14.011632,100
249,277,7.489250,-0.711632,100
250,277,7.539250,-0.711632,100
250,278,7.539250,-0.661632,100
251,277,7.589250,-0.711632,100
487,108,19.389250,-9.161632,100
464,85,18.239250,-10.311632,100
465,84,18.289250,-10.361632,100
465,85,18.289250,-10.311632,100
249,280,7.489250,-0.561632,100
250,281,7.539250,-0.511632,100
59,265,-2.010750,-1.311632,100
60,265,-1.960750,-1.311632,100
60,266,-1.960750,-1.261632,100
61,265,-1.910750,-1.311632,100
182,146,4.139250,-7.261632,100
55,411,-2.210750,5.988369,100
56,410,-2.160750,5.938369,100
56,411,-2.160750,5.988369,100
56,412,-2.160750,6.038369,100
57,411,-2.110750,5.988369,100
292,278,9.639250,-0.661632,100
292,280,9.639250,-0.561632,100
354,564,12.739250,13.638369,100
355,565,12.789250,13.688369,100
356,564,12.839250,13.638369,100
275,454,8.789250,8.138369,100
275,456,8.789250,8.238369,100
375,358,13.789250,3.338369,100
377,358,13.889250,3.338369,100
233,274,6.689250,-0.861632,100
234,273,6.739250,-0.911632,100
515,435,20.789250,7.188369,100
515,436,20.789250,7.238369,100
495,194,19.789250,-4.861632,100
496,193,19.839250,-4.911632,100
496,194,19.839250,-4.861632,100
496,195,19.839250,-4.811632,100
497,194,19.889250,-4.861632,100
406,529,15.339250,11.888369,100
407,529,15.389250,11.888369,100
358,305,12.939250,0.688368,100
359,305,12.989250,0.688368,100
359,306,12.989250,0.738368,100
360,305,13.039250,0.688368,100
192,278,4.639250,-0.661632,100
193,277,4.689250,-0.711632,100
507,168,20.389250,-6.161632,100
508,168,20.439250,-6.161632,100
96,268,-0.160750,-1.161632,100
97,267,-0.110750,-1.211632,100
365,313,13.289250,1.088368,100
366,312,13.339250,1.038368,100
367,313,13.389250,1.088368,100
176,148,3.839250,-7.161632,100
177,147,3.889250,-7.211632,100
177,148,3.889250,-7.161632,100
177,149,3.889250,-7.111632,100
178,148,3.939250,-7.161632,100
359,4,12.989250,-14.361632,100
360,3,13.039250,-14.411632,100
360,4,13.039250,-14.361632,100
360,5,13.039250,-14.311632,100
361,4,13.089250,-14.361632,100
500,129,20.039250,-8.111632,100
530,417,21.539250,6.288369,100
531,417,21.589250,6.288369,100
531,418,21.589250,6.338369,100
328,282,11.439250,-0.461632,100
329,283,11.489250,-0.411632,100
368,318,13.439250,1.338369,100
369,319,13.489250,1.388369,100
370,318,13.539250,1.338369,100
467,477,18.389250,9.288369,100
468,476,18.439250,9.238369,100
468,477,18.439250,9.288369,100
468,478,18.439250,9.338369,100
469,477,18.489250,9.288369,100
396,8,14.839250,-14.161632,100
397,7,14.889250,-14.211632,100
397,8,14.889250,-14.161632,100
397,9,14.889250,-14.111632,100
398,8,14.939250,-14.161632,100
329,18,11.489250,-13.661632,100
330,18,11.539250,-13.661632,100
330,19,11.539250,-13.611632,100
91,455,-0.410750,8.188369,100
93,455,-0.310750,8.188369,100
554,365,22.739250,3.688369,100
555,364,22.789250,3.638369,100
555,365,22.789250,3.688369,100
555,366,22.789250,3.738369,100
98,270,-0.060750,-1.061632,100
99,269,-0.010750,-1.111632,100
283,579,9.189250,14.388369,100
136,197,1.839250,-4.711632,100
401,531,15.089250,11.988369,100
402,530,15.139250,11.938369,100
402,531,15.139250,11.988369,100
402,532,15.139250,12.038369,100
403,531,15.189250,11.988369,100
294,405,9.739250,5.688369,100
295,404,9.789250,5.638369,100
295,405,9.789250,5.688369,100
295,406,9.789250,5.738369,100
296,405,9.839250,5.688369,100
443,497,17.189250,10.288369,100
444,498,17.239250,10.338369,100
445,497,17.289250,10.288369,100
370,319,13.539250,1.388369,100
370,320,13.539250,1.438369,100
371,319,13.589250,1.388369,100
242,398,7.139250,5.338369,100
235,273,6.789250,-0.911632,100
276,91,8.839250,-10.011632,100
277,90,8.889250,-10.061632,100
277,91,8.889250,-10.011632,100
277,92,8.889250,-9.961632,100
278,91,8.939250,-10.011632,100
505,134,20.289250,-7.861632,100
505,136,20.289250,-7.761632,100
506,135,20.339250,-7.811632,100
408,18,15.439250,-13.661632,100
409,18,15.489250,-13.661632,100
409,19,15.489250,-13.611632,100
410,18,15.539250,-13.661632,100
193,278,4.689250,-0.661632,100
194,277,4.739250,-0.711632,100
219,414,5.989250,6.138369,100
271,278,8.589250,-0.661632,100
272,279,8.639250,-0.611632,100
136,233,1.839250,-2.911632,100
137,232,1.889250,-2.961632,100
137,233,1.889250,-2.911632,100
137,234,1.889250,-2.861632,100
138,233,1.939250,-2.911632,100
311,85,10.589250,-10.311632,100
312,85,10.639250,-10.311632,100
312,86,10.639250,-10.261632,100
313,85,10.689250,-10.311632,100
102,469,0.139250,8.888369,100
103,470,0.189250,8.938369,100
104,469,0.239250,8.888369,100
134,272,1.739250,-0.961632,100
135,271,1.789250,-1.011632,100
135,272,1.789250,-0.961632,100
135,273,1.789250,-0.911632,100
136,272,1.839250,-0.961632,100
347,416,12.389250,6.238369,100
348,415,12.439250,6.188369,100
348,416,12.439250,6.238369,100
348,417,12.439250,6.288369,100
349,416,12.489250,6.238369,100
375,335,13.789250,2.188369,100
377,335,13.889250,2.188369,100
216,116,5.839250,-8.761632,100
216,118,5.839250,-8.661632,100
373,554,13.689250,13.138369,100
374,554,13.739250,13.138369,100
374,555,13.739250,13.188369,100
146,246,2.339250,-2.261632,100
147,245,2.389250,-2.311632,100
147,246,2.389250,-2.261632,100
147,247,2.389250,-2.211632,100
148,246,2.439250,-2.261632,100
360,389,13.039250,4.888369,100
360,390,13.039250,4.938369,100
361,390,13.089250,4.938369,100
347,7,12.389250,-14.211632,100
348,6,12.439250,-14.261632,100
348,7,12.439250,-14.211632,100
348,8,12.439250,-14.161632,100
349,7,12.489250,-14.211632,100
238,100,6.939250,-9.561632,100
239,101,6.989250,-9.511632,100
240,100,7.039250,-9.561632,100
508,146,20.439250,-7.261632,100
509,145,20.489250,-7.311632,100
325,290,11.289250,-0.061632,100
383,375,14.189250,4.188369,100
384,375,14.239250,4.188369,100
384,376,14.239250,4.238369,100
385,375,14.289250,4.188369,100
136,273,1.839250,-0.911632,100
136,274,1.839250,-0.861632,100
137,273,1.889250,-0.911632,100
7,353,-4.610751,3.088369,100
431,41,16.589250,-12.511632,100
431,42,16.589250,-12.461632,100
432,41,16.639250,-12.511632,100
133,200,1.689250,-4.561632,100
134,200,1.739250,-4.561632,100
134,201,1.739250,-4.511632,100
135,200,1.789250,-4.561632,100
387,345,14.389250,2.688369,100
388,345,14.439250,2.688369,100
388,346,14.439250,2.738369,100
389,345,14.489250,2.688369,100
148,247,2.439250,-2.211632,100
382,1,14.139250,-14.511632,100
383,0,14.189250,-14.561632,100
383,1,14.189250,-14.511632,100
383,2,14.189250,-14.461632,100
384,1,14.239250,-14.511632,100
10,358,-4.460751,3.338369,100
11,359,-4.410751,3.388369,100
280,402,9.039250,5.538369,100
280,404,9.039250,5.638369,100
541,403,22.089250,5.588369,100
542,402,22.139250,5.538369,100
542,403,22.139250,5.588369,100
542,404,22.139250,5.638369,100
543,403,22.189250,5.588369,100
210,568,5.539250,13.838369,100
132,204,1.639250,-4.361632,100
134,204,1.739250,-4.361632,100
36,267,-3.160750,-1.211632,100
37,266,-3.110750,-1.261632,100
37,267,-3.110750,-1.211632,100
37,268,-3.110750,-1.161632,100
38,267,-3.060750,-1.211632,100
381,5,14.089250,-14.311632,100
382,4,14.139250,-14.361632,100
382,5,14.139250,-14.311632,100
382,6,14.139250,-14.261632,100
383,5,14.189250,-14.311632,100
527,422,21.389250,6.538369,100
527,423,21.389250,6.588369,100
528,423,21.439250,6.588369,100
70,263,-1.460750,-1.411632,100
70,265,-1.460750,-1.311632,100
263,578,8.189250,14.338369,100
264,579,8.239250,14.388369,100
129,498,1.489250,10.338369,100
263,278,8.189250,-0.661632,100
264,279,8.239250,-0.611632,100
265,278,8.289250,-0.661632,100
214,273,5.739250,-0.911632,100
215,272,5.789250,-0.961632,100
215,273,5.789250,-0.911632,100
215,274,5.789250,-0.861632,100
216,273,5.839250,-0.911632,100
0,313,-4.960751,1.088368,100
131,504,1.589250,10.638369,100
132,505,1.639250,10.688369,100
133,504,1.689250,10.638369,100
309,58,10.489250,-11.661632,100
310,57,10.539250,-11.711632,100
202,564,5.139250,13.638369,100
203,563,5.189250,13.588369,100
203,564,5.189250,13.638369,100
203,565,5.189250,13.688369,100
204,564,5.239250,13.638369,100
414,523,15.739250,11.588369,100
379,346,13.989250,2.738369,100
381,346,14.089250,2.738369,100
316,406,10.839250,5.738369,100
317,405,10.889250,5.688369,100
309,281,10.489250,-0.511632,100
310,280,10.539250,-0.561632,100
310,281,10.539250,-0.511632,100
310,282,10.539250,-0.461632,100
311,281,10.589250,-0.511632,100
257,91,7.889250,-10.011632,100
258,90,7.939250,-10.061632,100
258,91,7.939250,-10.011632,100
258,92,7.939250,-9.961632,100
8,290,-4.560751,-0.061632,100
9,289,-4.510751,-0.111632,100
10,290,-4.460751,-0.061632,100
467,84,18.389250,-10.361632,100
467,85,18.389250,-10.311632,100
468,85,18.439250,-10.311632,100
21,372,-3.910751,4.038369,100
154,527,2.739250,11.788369,100
155,528,2.789250,11.838369,100
512,438,20.639250,7.338369,100
513,438,20.689250,7.338369,100
513,439,20.689250,7.388369,100
268,284,8.439250,-0.361632,100
268,285,8.439250,-0.311632,100
269,284,8.489250,-0.361632,100
354,289,12.739250,-0.111632,100
355,288,12.789250,-0.161632,100
355,289,12.789250,-0.111632,100
355,290,12.789250,-0.061632,100
356,289,12.839250,-0.111632,100
329,116,11.489250,-8.761632,100
330,115,11.539250,-8.811632,100
330,116,11.539250,-8.761632,100
330,117,11.539250,-8.711632,100
331,116,11.589250,-8.761632,100
335,10,11.789250,-14.061632,100
336,10,11.839250,-14.061632,100
336,11,11.839250,-14.011632,100
502,187,20.139250,-5.211632,100
503,186,20.189250,-5.261632,100
503,187,20.189250,-5.211632,100
503,188,20.189250,-5.161632,100
504,187,20.239250,-5.211632,100
36,388,-3.160750,4.838369,100
37,387,-3.110750,4.788369,100
37,388,-3.110750,4.838369,100
37,389,-3.110750,4.888369,100
38,388,-3.060750,4.838369,100
206,274,5.339250,-0.861632,100
207,273,5.389250,-0.911632,100
207,274,5.389250,-0.861632,100
207,275,5.389250,-0.811632,100
208,274,5.439250,-0.861632,100
379,382,13.989250,4.538369,100
380,383,14.039250,4.588369,100
523,245,21.189250,-2.311632,100
523,246,21.189250,-2.261632,100
524,245,21.239250,-2.311632,100
318,408,10.939250,5.838369,100
259,93,7.989250,-9.911632,100
210,280,5.539250,-0.561632,100
537,410,21.889250,5.938369,100
538,409,21.939250,5.888369,100
538,410,21.939250,5.938369,100
538,411,21.939250,5.988369,100
539,410,21.989250,5.938369,100
155,530,2.789250,11.938369,100
156,529,2.839250,11.888369,100
408,525,15.439250,11.688369,100
409,524,15.489250,11.638369,100
409,525,15.489250,11.688369,100
409,526,15.489250,11.738369,100
410,525,15.539250,11.688369,100
48,401,-2.560750,5.488369,100
141,181,2.089250,-5.511632,100
142,180,2.139250,-5.561632,100
142,181,2.139250,-5.511632,100
142,182,2.139250,-5.461632,100
316,33,10.839250,-12.911632,100
317,32,10.889250,-12.961632,100
317,33,10.889250,-12.911632,100
317,34,10.889250,-12.861632,100
318,33,10.939250,-12.911632,100
524,246,21.239250,-2.261632,100
1,326,-4.910751,1.738369,100
555,315,22.789250,1.188368,100
556,314,22.839250,1.138368,100
556,315,22.839250,1.188368,100
556,316,22.839250,1.238368,100
557,315,22.889250,1.188368,100
549,384,22.489250,4.638369,100
550,383,22.539250,4.588369,100
550,384,22.539250,4.638369,100
550,385,22.539250,4.688369,100
551,384,22.589250,4.638369,100
200,270,5.039250,-1.061632,100
200,272,5.039250,-0.961632,100
131,216,1.589250,-3.761632,100
132,216,1.639250,-3.761632,100
132,217,1.639250,-3.711632,100
185,141,4.289250,-7.511632,100
185,142,4.289250,-7.461632,100
186,142,4.339250,-7.461632,100
109,268,0.489250,-1.161632,100
109,270,0.489250,-1.061632,100
110,269,0.539250,-1.111632,100
537,266,21.889250,-1.261632,100
538,267,21.939250,-1.211632,100
539,266,21.989250,-1.261632,100
354,410,12.739250,5.938369,100
355,409,12.789250,5.888369,100
356,410,12.839250,5.938369,100
261,401,8.089250,5.488369,100
287,91,9.389250,-10.011632,100
288,92,9.439250,-9.961632,100
289,91,9.489250,-10.011632,100
366,384,13.339250,4.638369,100
133,217,1.689250,-3.711632,100
133,218,1.689250,-3.661632,100
134,217,1.739250,-3.711632,100
554,355,22.739250,3.188369,100
555,355,22.789250,3.188369,100
555,356,22.789250,3.238369,100
386,362,14.339250,3.538369,100
243,578,7.189250,14.338369,100
244,577,7.239250,14.288369,100
481,105,19.089250,-9.311632,100
482,105,19.139250,-9.311632,100
278,454,8.939250,8.138369,100
378,358,13.939250,3.338369,100
380,358,14.039250,3.338369,100
203,277,5.189250,-0.711632,100
204,276,5.239250,-0.761632,100
533,417,21.689250,6.288369,100
344,399,12.239250,5.388369,100
311,39,10.589250,-12.611632,100
237,273,6.889250,-0.911632,100
404,531,15.239250,11.988369,100
404,532,15.239250,12.038369,100
261,403,8.089250,5.588369,100
496,121,19.839250,-8.511632,100
497,120,19.889250,-8.561632,100
497,121,19.889250,-8.511632,100
497,122,19.889250,-8.461632,100
498,121,19.939250,-8.511632,100
145,272,2.289250,-0.961632,100
146,271,2.339250,-1.011632,100
146,272,2.339250,-0.961632,100
146,273,2.339250,-0.911632,100
147,272,2.389250,-0.961632,100
309,71,10.489250,-11.011632,100
310,70,10.539250,-11.061632,100
514,439,20.739250,7.388369,100
514,440,20.739250,7.438369,100
515,439,20.789250,7.388369,100
534,417,21.739250,6.288369,100
534,418,21.739250,6.338369,100
535,417,21.789250,6.288369,100
247,96,7.389250,-9.761632,100
332,283,11.639250,-0.411632,100
333,282,11.689250,-0.461632,100
20,277,-3.960751,-0.711632,100
21,276,-3.910751,-0.761632,100
21,277,-3.910751,-0.711632,100
21,278,-3.910751,-0.661632,100
22,277,-3.860751,-0.711632,100
543,281,22.189250,-0.511632,100
290,284,9.539250,-0.361632,100
291,285,9.589250,-0.311632,100
312,79,10.639250,-10.611632,100
354,302,12.739250,0.538368,100
355,302,12.789250,0.538368,100
355,303,12.789250,0.588368,100
339,402,11.989250,5.538369,100
340,401,12.039250,5.488369,100
340,402,12.039250,5.538369,100
340,403,12.039250,5.588369,100
341,402,12.089250,5.538369,100
240,280,7.039250,-0.561632,100
241,279,7.089250,-0.611632,100
241,280,7.089250,-0.561632,100
241,281,7.089250,-0.511632,100
242,280,7.139250,-0.561632,100
448,492,17.439250,10.038369,100
448,493,17.439250,10.088369,100
449,493,17.489250,10.088369,100
152,167,2.639250,-6.211632,100
153,166,2.689250,-6.261632,100
153,167,2.689250,-6.211632,100
153,168,2.689250,-6.161632,100
154,167,2.739250,-6.211632,100
51,264,-2.410750,-1.361632,100
52,263,-2.360750,-1.411632,100
52,264,-2.360750,-1.361632,100
52,265,-2.360750,-1.311632,100
53,264,-2.310750,-1.361632,100
138,232,1.939250,-2.961632,100
139,233,1.989250,-2.911632,100
140,232,2.039250,-2.961632,100
225,420,6.289250,6.438369,100
226,421,6.339250,6.488369,100
297,405,9.889250,5.688369,100
298,404,9.939250,5.638369,100
298,405,9.939250,5.688369,100
298,406,9.939250,5.738369,100
299,405,9.989250,5.688369,100
506,170,20.339250,-6.061632,100
507,169,20.389250,-6.111632,100
507,170,20.389250,-6.061632,100
507,171,20.389250,-6.011632,100
508,170,20.439250,-6.061632,100
245,398,7.289250,5.338369,100
246,399,7.339250,5.388369,100
529,419,21.489250,6.388369,100
530,418,21.539250,6.338369,100
530,419,21.539250,6.388369,100
530,420,21.539250,6.438369,100
411,18,15.589250,-13.661632,100
412,17,15.639250,-13.711632,100
412,18,15.639250,-13.661632,100
412,19,15.639250,-13.611632,100
413,18,15.689250,-13.661632,100
403,14,15.189250,-13.861632,100
404,14,15.239250,-13.861632,100
404,15,15.239250,-13.811632,100
387,335,14.389250,2.188369,100
388,334,14.439250,2.138369,100
388,335,14.439250,2.188369,100
388,336,14.439250,2.238369,100
389,335,14.489250,2.188369,100
327,433,11.389250,7.088369,100
328,432,11.439250,7.038369,100
328,433,11.439250,7.088369,100
275,277,8.789250,-0.711632,100
275,279,8.789250,-0.611632,100
140,233,2.039250,-2.911632,100
140,234,2.039250,-2.861632,100
141,233,2.089250,-2.911632,100
529,422,21.489250,6.538369,100
529,423,21.489250,6.588369,100
529,424,21.489250,6.638369,100
530,423,21.539250,6.588369,100
171,265,3.589250,-1.311632,100
172,264,3.639250,-1.361632,100
172,265,3.639250,-1.311632,100
172,266,3.639250,-1.261632,100
173,265,3.689250,-1.311632,100
3,309,-4.810751,0.888368,100
4,310,-4.760751,0.938368,100
5,309,-4.710751,0.888368,100
346,566,12.339250,13.738369,100
233,282,6.689250,-0.461632,100
420,515,16.039250,11.188369,100
421,516,16.089250,11.238369,100
183,276,4.189250,-0.761632,100
184,275,4.239250,-0.811632,100
184,276,4.239250,-0.761632,100
184,277,4.239250,-0.711632,100
185,276,4.289250,-0.761632,100
88,267,-0.560750,-1.211632,100
89,266,-0.510750,-1.261632,100
89,267,-0.510750,-1.211632,100
89,268,-0.510750,-1.161632,100
90,267,-0.460750,-1.211632,100
228,427,6.439250,6.788369,100
229,426,6.489250,6.738369,100
229,427,6.489250,6.788369,100
229,428,6.489250,6.838369,100
230,427,6.539250,6.788369,100
557,337,22.889250,2.288369,100
558,338,22.939250,2.338369,100
405,15,15.289250,-13.811632,100
405,16,15.289250,-13.761632,100
406,15,15.339250,-13.811632,100
318,95,10.939250,-9.811632,100
319,96,10.989250,-9.761632,100
301,451,10.089250,7.988369,100
301,453,10.089250,8.088369,100
112,481,0.639250,9.488369,100
113,482,0.689250,9.538369,100
114,481,0.739250,9.488369,100
212,568,5.639250,13.838369,100
213,569,5.689250,13.888369,100
173,266,3.689250,-1.261632,100
173,267,3.689250,-1.211632,100
174,266,3.739250,-1.261632,100
145,249,2.289250,-2.111632,100
146,248,2.339250,-2.161632,100
146,249,2.339250,-2.111632,100
146,250,2.339250,-2.061632,100
147,249,2.389250,-2.111632,100
358,393,12.939250,5.088369,100
359,393,12.989250,5.088369,100
359,394,12.989250,5.138369,100
360,393,13.039250,5.088369,100
164,262,3.239250,-1.461632,100
165,261,3.289250,-1.511632,100
165,262,3.289250,-1.461632,100
165,263,3.289250,-1.411632,100
166,262,3.339250,-1.461632,100
328,288,11.439250,-0.161632,100
278,284,8.939250,-0.361632,100
279,283,8.989250,-0.411632,100
279,284,8.989250,-0.361632,100
279,285,8.989250,-0.311632,100
308,47,10.439250,-12.211632,100
309,47,10.489250,-12.211632,100
309,48,10.489250,-12.161632,100
16,284,-4.160751,-0.361632,100
17,284,-4.110751,-0.361632,100
17,285,-4.110751,-0.311632,100
191,136,4.589250,-7.761632,100
192,135,4.639250,-7.811632,100
192,136,4.639250,-7.761632,100
192,137,4.639250,-7.711632,100
136,200,1.839250,-4.561632,100
137,200,1.889250,-4.561632,100
137,201,1.889250,-4.511632,100
138,200,1.939250,-4.561632,100
547,292,22.389250,0.038368,100
548,293,22.439250,0.088368,100
524,425,21.239250,6.688369,100
525,425,21.289250,6.688369,100
525,426,21.289250,6.738369,100
283,402,9.189250,5.538369,100
148,174,2.439250,-5.861632,100
149,173,2.489250,-5.911632,100
149,174,2.489250,-5.861632,100
149,175,2.489250,-5.811632,100
150,174,2.539250,-5.861632,100
503,222,20.189250,-3.461632,100
504,221,20.239250,-3.511632,100
504,222,20.239250,-3.461632,100
504,223,20.239250,-3.411632,100
505,222,20.289250,-3.461632,100
214,119,5.739250,-8.611632,100
215,119,5.789250,-8.611632,100
215,120,5.789250,-8.561632,100
216,119,5.839250,-8.611632,100
321,102,11.089250,-9.461632,100
322,101,11.139250,-9.511632,100
322,102,11.139250,-9.461632,100
322,103,11.139250,-9.411632,100
323,102,11.189250,-9.461632,100
123,495,1.189250,10.188369,100
124,496,1.239250,10.238369,100
218,272,5.939250,-0.961632,100
218,273,5.939250,-0.911632,100
526,426,21.339250,6.738369,100
526,427,21.339250,6.788369,100
527,426,21.389250,6.738369,100
426,38,16.339250,-12.661632,100
551,298,22.589250,0.338368,100
552,297,22.639250,0.288368,100
552,298,22.639250,0.338368,100
552,299,22.639250,0.388368,100
553,298,22.689250,0.338368,100
270,285,8.539250,-0.311632,100
271,285,8.589250,-0.311632,100
271,286,8.589250,-0.261632,100
375,338,13.789250,2.338369,100
376,338,13.839250,2.338369,100
376,339,13.839250,2.388369,100
377,338,13.889250,2.338369,100
505,223,20.289250,-3.411632,100
505,224,20.289250,-3.361632,100
506,223,20.339250,-3.411632,100
126,271,1.339250,-1.011632,100
127,270,1.389250,-1.061632,100
127,271,1.389250,-1.011632,100
127,272,1.389250,-0.961632,100
128,271,1.439250,-1.011632,100
205,564,5.289250,13.638369,100
206,563,5.339250,13.588369,100
206,564,5.339250,13.638369,100
206,565,5.339250,13.688369,100
207,564,5.389250,13.638369,100
383,381,14.189250,4.488369,100
73,265,-1.310750,-1.311632,100
74,264,-1.260750,-1.361632,100
74,265,-1.260750,-1.311632,100
197,560,4.889250,13.438369,100
198,559,4.939250,13.388369,100
198,560,4.939250,13.438369,100
198,561,4.939250,13.488369,100
199,560,4.989250,13.438369,100
318,441,10.939250,7.488369,100
320,405,11.039250,5.688369,100
11,290,-4.410751,-0.061632,100
226,398,6.339250,5.338369,100
226,400,6.339250,5.438369,100
261,90,8.089250,-10.061632,100
262,91,8.139250,-10.011632,100
306,58,10.339250,-11.661632,100
307,59,10.389250,-11.611632,100
308,58,10.439250,-11.661632,100
554,309,22.739250,0.888368,100
555,308,22.789250,0.838368,100
556,309,22.839250,0.888368,100
29,380,-3.510750,4.438369,100
30,379,-3.460750,4.388369,100
164,157,3.239250,-6.711632,100
164,158,3.239250,-6.661632,100
221,279,6.089250,-0.611632,100
222,278,6.139250,-0.661632,100
222,279,6.139250,-0.611632,100
222,280,6.139250,-0.561632,100
223,279,6.189250,-0.611632,100
363,405,13.189250,5.688369,100
451,67,17.589250,-11.211632,100
452,66,17.639250,-11.261632,100
452,67,17.639250,-11.211632,100
452,68,17.639250,-11.161632,100
453,67,17.689250,-11.211632,100
388,542,14.439250,12.538369,100
389,541,14.489250,12.488369,100
454,487,17.739250,9.788369,100
455,486,17.789250,9.738369,100
320,443,11.039250,7.588369,100
321,442,11.089250,7.538369,100
321,408,11.089250,5.838369,100
520,432,21.039250,7.038369,100
521,432,21.089250,7.038369,100
521,433,21.089250,7.088369,100
132,207,1.639250,-4.211632,100
133,207,1.689250,-4.211632,100
133,208,1.689250,-4.161632,100
134,207,1.739250,-4.211632,100
308,59,10.439250,-11.611632,100
308,60,10.439250,-11.561632,100
309,59,10.489250,-11.611632,100
462,82,18.139250,-10.461632,100
463,82,18.189250,-10.461632,100
366,559,13.339250,13.388369,100
380,312,14.039250,1.038368,100
381,313,14.089250,1.088368,100
149,525,2.489250,11.688369,100
477,470,18.889250,8.938369,100
478,470,18.939250,8.938369,100
478,471,18.939250,8.988369,100
296,578,9.839250,14.338369,100
519,242,20.989250,-2.461632,100
161,533,3.089250,12.088369,100
161,535,3.089250,12.188369,100
162,534,3.139250,12.138369,100
263,403,8.189250,5.588369,100
264,402,8.239250,5.538369,100
256,277,7.839250,-0.711632,100
256,278,7.839250,-0.661632,100
231,104,6.589250,-9.361632,100
556,354,22.839250,3.138369,100
558,354,22.939250,3.138369,100
501,189,20.089250,-5.111632,100
502,188,20.139250,-5.161632,100
502,189,20.139250,-5.111632,100
502,190,20.139250,-5.061632,100
503,189,20.189250,-5.111632,100
347,400,12.389250,5.438369,100
347,402,12.389250,5.538369,100
348,401,12.439250,5.488369,100
379,349,13.989250,2.888369,100
380,349,14.039250,2.888369,100
380,350,14.039250,2.938369,100
381,349,14.089250,2.888369,100
361,560,13.089250,13.438369,100
362,559,13.139250,13.388369,100
362,560,13.139250,13.438369,100
362,561,13.139250,13.488369,100
363,560,13.189250,13.438369,100
536,412,21.839250,6.038369,100
537,411,21.889250,5.988369,100
537,412,21.889250,6.038369,100
537,413,21.889250,6.088369,100
538,412,21.939250,6.038369,100
135,217,1.789250,-3.711632,100
137,217,1.889250,-3.711632,100
7,297,-4.610751,0.288368,100
8,296,-4.560751,0.238368,100
9,297,-4.510751,0.288368,100
335,13,11.789250,-13.911632,100
336,12,11.839250,-13.961632,100
336,13,11.839250,-13.911632,100
336,14,11.839250,-13.861632,100
337,13,11.889250,-13.911632,100
249,93,7.489250,-9.911632,100
250,94,7.539250,-9.861632,100
207,276,5.389250,-0.761632,100
293,281,9.689250,-0.511632,100
509,171,20.489250,-6.011632,100
510,170,20.539250,-6.061632,100
65,421,-1.710750,6.488369,100
66,422,-1.660750,6.538369,100
330,572,11.539250,14.038369,100
331,571,11.589250,13.988369,100
331,572,11.589250,14.038369,100
331,573,11.589250,14.088369,100
332,572,11.639250,14.038369,100
264,403,8.239250,5.588369,100
67,427,-1.610750,6.788369,100
68,428,-1.560750,6.838369,100
69,427,-1.510750,6.788369,100
292,93,9.639250,-9.911632,100
491,117,19.589250,-8.711632,100
492,117,19.639250,-8.711632,100
492,118,19.639250,-8.661632,100
0,329,-4.960751,1.888369,100
0,330,-4.960751,1.938369,100
334,282,11.739250,-0.461632,100
335,281,11.789250,-0.511632,100
554,322,22.739250,1.538369,100
555,322,22.789250,1.538369,100
385,364,14.289250,3.638369,100
386,364,14.339250,3.638369,100
386,365,14.339250,3.688369,100
377,360,13.889250,3.438369,100
69,428,-1.510750,6.838369,100
358,301,12.939250,0.488368,100
150,272,2.539250,-0.961632,100
150,274,2.539250,-0.861632,100
349,298,12.489250,0.338368,100
350,297,12.539250,0.288368,100
350,298,12.539250,0.338368,100
350,299,12.539250,0.388368,100
155,167,2.789250,-6.211632,100
156,167,2.839250,-6.211632,100
156,168,2.839250,-6.161632,100
498,195,19.939250,-4.811632,100
498,196,19.939250,-4.761632,100
499,196,19.989250,-4.761632,100
221,112,6.089250,-8.961632,100
222,112,6.139250,-8.961632,100
222,113,6.139250,-8.911632,100
325,435,11.289250,7.188369,100
326,434,11.339250,7.138369,100
327,435,11.389250,7.188369,100
276,88,8.839250,-10.161632,100
277,89,8.889250,-10.111632,100
91,268,-0.410750,-1.161632,100
92,267,-0.360750,-1.211632,100
92,268,-0.360750,-1.161632,100
92,269,-0.360750,-1.111632,100
199,130,4.989250,-8.061632,100
200,131,5.039250,-8.011632,100
245,97,7.289250,-9.711632,100
246,97,7.339250,-9.711632,100
246,98,7.339250,-9.661632,100
247,97,7.389250,-9.711632,100
269,454,8.489250,8.138369,100
270,453,8.539250,8.088369,100
270,454,8.539250,8.138369,100
270,455,8.539250,8.188369,100
271,454,8.589250,8.138369,100
136,190,1.839250,-5.061632,100
137,190,1.889250,-5.061632,100
137,191,1.889250,-5.011632,100
138,190,1.939250,-5.061632,100
406,14,15.339250,-13.861632,100
407,13,15.389250,-13.911632,100
407,14,15.389250,-13.861632,100
407,15,15.389250,-13.811632,100
408,14,15.439250,-13.861632,100
302,451,10.139250,7.988369,100
303,450,10.189250,7.938369,100
278,277,8.939250,-0.711632,100
278,279,8.939250,-0.611632,100
93,457,-0.310750,8.288369,100
94,456,-0.260750,8.238369,100
95,457,-0.210750,8.288369,100
176,266,3.839250,-1.261632,100
176,268,3.839250,-1.161632,100
134,229,1.739250,-3.111632,100
135,230,1.789250,-3.061632,100
136,229,1.839250,-3.111632,100
309,81,10.489250,-10.511632,100
310,82,10.539250,-10.461632,100
504,177,20.239250,-5.711632,100
505,176,20.289250,-5.761632,100
186,276,4.339250,-0.761632,100
187,275,4.389250,-0.811632,100
187,276,4.389250,-0.761632,100
187,277,4.389250,-0.711632,100
408,15,15.439250,-13.811632,100
484,464,19.239250,8.638369,100
485,464,19.289250,8.638369,100
485,465,19.289250,8.688369,100
486,464,19.339250,8.638369,100
323,281,11.189250,-0.511632,100
324,280,11.239250,-0.561632,100
324,281,11.239250,-0.511632,100
324,282,11.239250,-0.461632,100
325,281,11.289250,-0.511632,100
271,91,8.589250,-10.011632,100
272,91,8.639250,-10.011632,100
272,92,8.639250,-9.961632,100
399,11,14.989250,-14.011632,100
400,10,15.039250,-14.061632,100
400,11,15.039250,-14.011632,100
400,12,15.039250,-13.961632,100
95,459,-0.210750,8.388369,100
96,458,-0.160750,8.338369,100
370,398,13.539250,5.338369,100
136,230,1.839250,-3.061632,100
136,231,1.839250,-3.011632,100
137,230,1.889250,-3.061632,100
375,328,13.789250,1.838369,100
376,327,13.839250,1.788369,100
376,328,13.839250,1.838369,100
376,329,13.839250,1.888369,100
377,328,13.889250,1.838369,100
311,82,10.589250,-10.461632,100
216,567,5.839250,13.788369,100
217,568,5.889250,13.838369,100
93,267,-0.310750,-1.211632,100
93,269,-0.310750,-1.111632,100
373,367,13.689250,3.788369,100
374,368,13.739250,3.838369,100
375,367,13.789250,3.788369,100
221,275,6.089250,-0.811632,100
374,332,13.739250,2.038369,100
376,332,13.839250,2.038369,100
5,349,-4.710751,2.888369,100
6,350,-4.660751,2.938369,100
527,425,21.389250,6.688369,100
528,424,21.439250,6.638369,100
528,425,21.439250,6.688369,100
528,426,21.439250,6.738369,100
529,425,21.489250,6.688369,100
418,518,15.939250,11.338369,100
419,519,15.989250,11.388369,100
330,405,11.539250,5.688369,100
331,404,11.589250,5.638369,100
224,278,6.239250,-0.661632,100
225,279,6.289250,-0.611632,100
129,272,1.489250,-0.961632,100
130,273,1.539250,-0.911632,100
392,8,14.639250,-14.161632,100
393,8,14.689250,-14.161632,100
393,9,14.689250,-14.111632,100
394,8,14.739250,-14.161632,100
432,44,16.639250,-12.361632,100
433,43,16.689250,-12.411632,100
433,44,16.689250,-12.361632,100
433,45,16.689250,-12.311632,100
434,44,16.739250,-12.361632,100
462,481,18.139250,9.488369,100
463,482,18.189250,9.538369,100
161,258,3.089250,-1.661632,100
161,260,3.089250,-1.561632,100
162,259,3.139250,-1.611632,100
316,283,10.839250,-0.411632,100
266,277,8.339250,-0.711632,100
267,276,8.389250,-0.761632,100
267,277,8.389250,-0.711632,100
267,278,8.389250,-0.661632,100
540,400,22.039250,5.438369,100
541,399,22.089250,5.388369,100
541,400,22.089250,5.438369,100
541,401,22.089250,5.488369,100
542,400,22.139250,5.438369,100
378,338,13.939250,2.338369,100
379,337,13.989250,2.288369,100
379,338,13.989250,2.338369,100
379,339,13.989250,2.388369,100
380,338,14.039250,2.338369,100
225,281,6.289250,-0.511632,100
365,404,13.289250,5.638369,100
190,138,4.539250,-7.661632,100
191,137,4.589250,-7.711632,100
191,138,4.589250,-7.661632,100
191,139,4.589250,-7.611632,100
192,138,4.639250,-7.661632,100
15,286,-4.210751,-0.261632,100
16,285,-4.160751,-0.311632,100
16,286,-4.160751,-0.261632,100
16,287,-4.160751,-0.211632,100
17,286,-4.110751,-0.261632,100
384,3,14.239250,-14.411632,100
385,2,14.289250,-14.461632,100
385,3,14.289250,-14.411632,100
385,4,14.289250,-14.361632,100
386,3,14.339250,-14.411632,100
500,219,20.039250,-3.611632,100
500,220,20.039250,-3.561632,100
133,507,1.689250,10.788369,100
134,508,1.739250,10.838369,100
135,507,1.789250,10.788369,100
550,301,22.539250,0.488368,100
551,300,22.589250,0.438368,100
551,301,22.589250,0.488368,100
551,302,22.589250,0.538368,100
552,301,22.639250,0.488368,100
552,374,22.639250,4.138369,100
553,374,22.689250,4.138369,100
553,375,22.689250,4.188369,100
306,578,10.339250,14.338369,100
307,577,10.389250,14.288369,100
307,578,10.389250,14.338369,100
307,579,10.389250,14.388369,100
308,578,10.439250,14.338369,100
263,91,8.189250,-10.011632,100
264,92,8.239250,-9.961632,100
320,287,11.039250,-0.211632,100
320,289,11.039250,-0.111632,100
321,288,11.089250,-0.161632,100
131,501,1.589250,10.488369,100
501,448,20.089250,7.838369,100
501,449,20.089250,7.888369,100
292,456,9.639250,8.238369,100
501,221,20.089250,-3.511632,100
363,294,13.189250,0.138368,100
364,293,13.239250,0.088368,100
365,294,13.289250,0.138368,100
331,117,11.589250,-8.711632,100
331,118,11.589250,-8.661632,100
332,117,11.639250,-8.711632,100
162,161,3.139250,-6.511632,100
163,161,3.189250,-6.511632,100
163,162,3.189250,-6.461632,100
164,161,3.239250,-6.511632,100
275,401,8.789250,5.488369,100
275,403,8.789250,5.588369,100
276,402,8.839250,5.538369,100
135,207,1.789250,-4.211632,100
136,207,1.839250,-4.211632,100
136,208,1.839250,-4.161632,100
137,207,1.889250,-4.211632,100
228,106,6.439250,-9.261632,100
229,106,6.489250,-9.261632,100
229,107,6.489250,-9.211632,100
381,384,14.089250,4.638369,100
382,383,14.139250,4.588369,100
377,3,13.889250,-14.411632,100
377,5,13.889250,-14.311632,100
333,572,11.689250,14.038369,100
333,573,11.689250,14.088369,100
368,0,13.439250,-14.561632,100
369,0,13.489250,-14.561632,100
369,1,13.489250,-14.511632,100
10,292,-4.460751,0.038368,100
11,292,-4.410751,0.038368,100
11,293,-4.410751,0.088368,100
469,86,18.489250,-10.261632,100
470,87,18.539250,-10.211632,100
508,160,20.439250,-6.561632,100
510,160,20.539250,-6.561632,100
30,270,-3.460750,-1.061632,100
31,270,-3.410750,-1.061632,100
31,271,-3.410750,-1.011632,100
299,578,9.989250,14.338369,100
157,530,2.889250,11.938369,100
363,559,13.189250,13.388369,100
364,560,13.239250,13.438369,100
365,296,13.289250,0.238368,100
366,295,13.339250,0.188368,100
526,248,21.339250,-2.161632,100
526,250,21.339250,-2.061632,100
527,249,21.389250,-2.111632,100
332,118,11.639250,-8.661632,100
263,283,8.189250,-0.411632,100
263,285,8.189250,-0.311632,100
167,275,3.389250,-0.811632,100
168,274,3.439250,-0.861632,100
168,275,3.439250,-0.811632,100
168,276,3.439250,-0.761632,100
230,107,6.539250,-9.211632,100
230,108,6.539250,-9.161632,100
231,107,6.589250,-9.211632,100
178,550,3.939250,12.938369,100
179,549,3.989250,12.888369,100
179,550,3.989250,12.938369,100
179,551,3.989250,12.988369,100
180,550,4.039250,12.938369,100
387,544,14.389250,12.638369,100
388,544,14.439250,12.638369,100
388,545,14.439250,12.688369,100
453,489,17.689250,9.888369,100
454,489,17.739250,9.888369,100
454,490,17.739250,9.938369,100
65,264,-1.710750,-1.361632,100
66,263,-1.660750,-1.411632,100
66,264,-1.660750,-1.361632,100
66,265,-1.660750,-1.311632,100
519,434,20.989250,7.138369,100
520,433,21.039250,7.088369,100
520,434,21.039250,7.138369,100
520,435,21.039250,7.188369,100
521,434,21.089250,7.138369,100
554,312,22.739250,1.038368,100
555,312,22.789250,1.038368,100
555,313,22.789250,1.088368,100
294,90,9.739250,-10.061632,100
294,92,9.739250,-9.961632,100
295,91,9.789250,-10.011632,100
50,406,-2.460750,5.738369,100
51,405,-2.410750,5.688369,100
167,540,3.389250,12.438369,100
168,539,3.439250,12.388369,100
168,540,3.439250,12.438369,100
168,541,3.439250,12.488369,100
169,540,3.489250,12.438369,100
1,328,-4.910751,1.838369,100
3,328,-4.810751,1.838369,100
556,321,22.839250,1.488369,100
557,320,22.889250,1.438369,100
558,321,22.939250,1.488369,100
484,108,19.239250,-9.161632,100
299,287,9.989250,-0.211632,100
300,288,10.039250,-0.161632,100
247,280,7.389250,-0.561632,100
425,512,16.289250,11.038369,100
426,513,16.339250,11.088369,100
427,512,16.389250,11.038369,100
58,266,-2.060750,-1.261632,100
491,457,19.589250,8.288369,100
74,434,-1.260750,7.138369,100
75,433,-1.210750,7.088369,100
76,434,-1.160750,7.138369,100
378,390,13.939250,4.938369,100
382,321,14.139250,1.488369,100
383,321,14.189250,1.488369,100
383,322,14.189250,1.538369,100
384,321,14.239250,1.488369,100
254,401,7.739250,5.488369,100
255,400,7.789250,5.438369,100
255,401,7.789250,5.488369,100
255,402,7.789250,5.538369,100
256,401,7.839250,5.488369,100
304,407,10.239250,5.788369,100
305,406,10.289250,5.738369,100
557,357,22.889250,3.288369,100
558,357,22.939250,3.288369,100
6,299,-4.660751,0.388368,100
248,96,7.439250,-9.761632,100
248,97,7.439250,-9.711632,100
326,280,11.339250,-0.561632,100
327,281,11.389250,-0.511632,100
344,294,12.239250,0.138368,100
346,294,12.339250,0.138368,100
95,267,-0.210750,-1.211632,100
358,3,12.939250,-14.411632,100
358,5,12.939250,-14.311632,100
87,448,-0.610750,7.838369,100
139,190,1.989250,-5.061632,100
140,190,2.039250,-5.061632,100
140,191,2.039250,-5.011632,100
141,190,2.089250,-5.061632,100
346,296,12.339250,0.238368,100
347,295,12.389250,0.188368,100
22,279,-3.860751,-0.611632,100
23,278,-3.810751,-0.661632,100
23,279,-3.810751,-0.611632,100
23,280,-3.810751,-0.561632,100
24,279,-3.760751,-0.611632,100
197,131,4.889250,-8.011632,100
198,130,4.939250,-8.061632,100
198,131,4.939250,-8.011632,100
198,132,4.939250,-7.961632,100
199,131,4.989250,-8.011632,100
337,291,11.889250,-0.011632,100
338,290,11.939250,-0.061632,100
338,291,11.939250,-0.011632,100
338,292,11.939250,0.038368,100
339,291,11.989250,-0.011632,100
242,282,7.139250,-0.461632,100
243,281,7.189250,-0.511632,100
243,282,7.189250,-0.461632,100
243,283,7.189250,-0.411632,100
244,282,7.239250,-0.461632,100
190,275,4.539250,-0.811632,100
96,270,-0.160750,-1.061632,100
327,280,11.389250,-0.561632,100
403,10,15.189250,-14.061632,100
386,332,14.339250,2.038369,100
387,332,14.389250,2.038369,100
387,333,14.389250,2.088369,100
388,332,14.439250,2.038369,100
394,7,14.739250,-14.211632,100
395,6,14.789250,-14.261632,100
395,7,14.789250,-14.211632,100
395,8,14.789250,-14.161632,100
396,7,14.839250,-14.211632,100
399,535,14.989250,12.188369,100
400,535,15.039250,12.188369,100
552,364,22.639250,3.638369,100
553,364,22.689250,3.638369,100
553,365,22.689250,3.688369,100
466,480,18.339250,9.438369,100
257,452,7.889250,8.038369,100
378,367,13.939250,3.788369,100
169,154,3.489250,-6.861632,100
174,269,3.739250,-1.111632,100
175,269,3.789250,-1.111632,100
175,270,3.789250,-1.061632,100
176,269,3.839250,-1.111632,100
136,196,1.839250,-4.761632,100
292,404,9.639250,5.638369,100
293,403,9.689250,5.588369,100
293,404,9.689250,5.638369,100
293,405,9.689250,5.688369,100
294,404,9.739250,5.638369,100
322,287,11.139250,-0.211632,100
323,288,11.189250,-0.161632,100
113,478,0.689250,9.338369,100
396,9,14.839250,-14.111632,100
372,553,13.639250,13.088369,100
372,555,13.639250,13.188369,100
114,483,0.739250,9.588369,100
116,483,0.839250,9.588369,100
270,276,8.539250,-0.761632,100
270,278,8.539250,-0.661632,100
368,399,13.439250,5.388369,100
369,399,13.489250,5.388369,100
369,400,13.489250,5.438369,100
370,399,13.539250,5.388369,100
155,255,2.789250,-1.811632,100
156,254,2.839250,-1.861632,100
156,255,2.839250,-1.811632,100
156,256,2.839250,-1.761632,100
157,255,2.889250,-1.811632,100
236,100,6.839250,-9.561632,100
237,99,6.889250,-9.611632,100
237,100,6.889250,-9.561632,100
237,101,6.889250,-9.511632,100
310,49,10.539250,-12.111632,100
311,49,10.589250,-12.111632,100
311,50,10.589250,-12.061632,100
312,49,10.639250,-12.111632,100
394,537,14.739250,12.288369,100
395,537,14.789250,12.288369,100
395,538,14.789250,12.338369,100
460,482,18.039250,9.538369,100
461,481,18.089250,9.488369,100
461,482,18.089250,9.538369,100
461,483,18.089250,9.588369,100
462,482,18.139250,9.538369,100
228,281,6.439250,-0.511632,100
451,64,17.589250,-11.361632,100
508,150,20.439250,-7.061632,100
509,150,20.489250,-7.061632,100
509,151,20.489250,-7.011632,100
510,150,20.539250,-7.061632,100
116,485,0.839250,9.688369,100
117,484,0.889250,9.638369,100
309,578,10.489250,14.338369,100
310,579,10.539250,14.388369,100
235,400,6.789250,5.438369,100
236,399,6.839250,5.388369,100
236,400,6.839250,5.438369,100
236,401,6.839250,5.488369,100
237,400,6.889250,5.438369,100
157,256,2.889250,-1.761632,100
148,252,2.439250,-1.961632,100
149,251,2.489250,-2.011632,100
149,252,2.489250,-1.961632,100
149,253,2.489250,-1.911632,100
150,252,2.539250,-1.961632,100
323,104,11.189250,-9.361632,100
324,103,11.239250,-9.411632,100
324,104,11.239250,-9.361632,100
324,105,11.239250,-9.311632,100
325,104,11.289250,-9.361632,100
323,287,11.189250,-0.211632,100
341,421,12.089250,6.488369,100
34,270,-3.260750,-1.061632,100
306,280,10.339250,-0.561632,100
307,279,10.389250,-0.611632,100
308,280,10.439250,-0.561632,100
125,497,1.289250,10.288369,100
126,497,1.339250,10.288369,100
126,498,1.339250,10.338369,100
127,497,1.389250,10.288369,100
555,347,22.789250,2.788369,100
556,348,22.839250,2.838369,100
557,347,22.889250,2.788369,100
540,401,22.039250,5.488369,100
540,402,22.039250,5.538369,100
541,402,22.089250,5.538369,100
31,380,-3.410750,4.438369,100
264,283,8.239250,-0.411632,100
265,282,8.289250,-0.461632,100
370,301,13.539250,0.488368,100
371,300,13.589250,0.438368,100
372,301,13.639250,0.488368,100
1,318,-4.910751,1.338369,100
3,318,-4.810751,1.338369,100
316,101,10.839250,-9.511632,100
317,100,10.889250,-9.561632,100
317,101,10.889250,-9.511632,100
317,102,10.889250,-9.461632,100
318,101,10.939250,-9.511632,100
389,356,14.489250,3.238369,100
390,355,14.539250,3.188369,100
308,282,10.439250,-0.461632,100
434,507,16.739250,10.788369,100
435,506,16.789250,10.738369,100
354,398,12.739250,5.338369,100
31,382,-3.410750,4.538369,100
32,381,-3.360750,4.488369,100
336,118,11.839250,-8.661632,100
266,285,8.339250,-0.311632,100
351,287,12.589250,-0.211632,100
352,286,12.639250,-0.261632,100
353,287,12.689250,-0.211632,100
520,245,21.039250,-2.311632,100
521,246,21.089250,-2.261632,100
372,303,13.639250,0.588368,100
373,302,13.689250,0.538368,100
500,187,20.039250,-5.211632,100
501,186,20.089250,-5.261632,100
501,187,20.089250,-5.211632,100
501,188,20.089250,-5.161632,100
69,263,-1.510750,-1.411632,100
69,265,-1.510750,-1.311632,100
466,84,18.339250,-10.361632,100
221,397,6.089250,5.288369,100
221,399,6.089250,5.388369,100
361,291,13.089250,-0.011632,100
522,246,21.139250,-2.261632,100
522,247,21.139250,-2.211632,100
353,289,12.689250,-0.111632,100
354,288,12.739250,-0.161632,100
344,284,12.239250,-0.361632,100
345,283,12.289250,-0.411632,100
345,284,12.289250,-0.361632,100
345,285,12.289250,-0.311632,100
346,284,12.339250,-0.361632,100
480,99,19.039250,-9.611632,100
480,100,19.039250,-9.561632,100
481,100,19.089250,-9.561632,100
251,278,7.589250,-0.661632,100
252,277,7.639250,-0.711632,100
430,507,16.539250,10.788369,100
430,508,16.539250,10.838369,100
431,508,16.589250,10.838369,100
315,406,10.789250,5.738369,100
316,405,10.839250,5.688369,100
302,287,10.139250,-0.211632,100
303,288,10.189250,-0.161632,100
114,272,0.739250,-0.961632,100
535,409,21.789250,5.888369,100
536,409,21.839250,5.888369,100
536,410,21.839250,5.938369,100
314,32,10.739250,-12.961632,100
315,31,10.789250,-13.011632,100
315,32,10.789250,-12.961632,100
315,33,10.789250,-12.911632,100
316,32,10.839250,-12.961632,100
547,383,22.389250,4.588369,100
548,383,22.439250,4.588369,100
548,384,22.439250,4.638369,100
495,193,19.789250,-4.911632,100
496,192,19.839250,-4.961632,100
497,193,19.889250,-4.911632,100
406,527,15.339250,11.788369,100
407,528,15.389250,11.838369,100
257,401,7.889250,5.488369,100
258,402,7.939250,5.538369,100
293,93,9.689250,-9.911632,100
293,94,9.689250,-9.861632,100
507,167,20.389250,-6.211632,100
509,167,20.489250,-6.211632,100
538,271,21.939250,-1.011632,100
539,272,21.989250,-0.961632,100
540,271,22.039250,-1.011632,100
276,454,8.839250,8.138369,100
276,456,8.839250,8.238369,100
133,222,1.689250,-3.461632,100
134,221,1.739250,-3.511632,100
134,222,1.739250,-3.461632,100
134,223,1.739250,-3.411632,100
135,222,1.789250,-3.461632,100
555,360,22.789250,3.438369,100
556,360,22.839250,3.438369,100
556,361,22.839250,3.488369,100
557,360,22.889250,3.438369,100
154,165,2.739250,-6.311632,100
155,164,2.789250,-6.361632,100
155,166,2.789250,-6.261632,100
536,265,21.839250,-1.311632,100
536,266,21.839250,-1.261632,100
259,403,7.989250,5.588369,100
493,119,19.689250,-8.611632,100
494,119,19.739250,-8.611632,100
494,120,19.739250,-8.561632,100
495,119,19.789250,-8.611632,100
286,89,9.339250,-10.111632,100
286,90,9.339250,-10.061632,100
364,383,13.239250,4.588369,100
365,383,13.289250,4.588369,100
365,384,13.289250,4.638369,100
309,447,10.489250,7.788369,100
310,446,10.539250,7.738369,100
310,447,10.539250,7.788369,100
310,448,10.539250,7.838369,100
361,3,13.089250,-14.411632,100
361,5,13.089250,-14.311632,100
178,149,3.939250,-7.111632,100
2,331,-4.860751,1.988369,100
3,331,-4.810751,1.988369,100
233,574,6.689250,14.138369,100
234,573,6.739250,14.088369,100
234,574,6.739250,14.138369,100
234,575,6.739250,14.188369,100
235,574,6.789250,14.138369,100
295,403,9.789250,5.588369,100
296,404,9.839250,5.638369,100
330,283,11.539250,-0.411632,100
506,134,20.339250,-7.861632,100
557,324,22.889250,1.638369,100
557,325,22.889250,1.688369,100
379,548,13.989250,12.838369,100
380,547,14.039250,12.788369,100
360,304,13.039250,0.638368,100
361,304,13.089250,0.638368,100
308,79,10.439250,-10.611632,100
193,275,4.689250,-0.811632,100
296,406,9.839250,5.738369,100
469,475,18.489250,9.188369,100
469,476,18.489250,9.238369,100
470,476,18.539250,9.238369,100
278,90,8.939250,-10.061632,100
278,92,8.939250,-9.961632,100
351,565,12.589250,13.688369,100
352,564,12.639250,13.638369,100
352,565,12.639250,13.688369,100
352,566,12.639250,13.738369,100
353,565,12.689250,13.688369,100
373,324,13.689250,1.638369,100
374,325,13.739250,1.688369,100
375,324,13.789250,1.638369,100
359,389,12.989250,4.888369,100
313,84,10.689250,-10.361632,100
313,86,10.689250,-10.261632,100
314,85,10.739250,-10.311632,100
169,265,3.489250,-1.311632,100
170,264,3.539250,-1.361632,100
170,265,3.539250,-1.311632,100
170,266,3.539250,-1.261632,100
383,374,14.189250,4.138369,100
385,374,14.289250,4.138369,100
375,370,13.789250,3.938369,100
376,371,13.839250,3.988369,100
377,370,13.889250,3.938369,100
349,417,12.489250,6.288369,100
136,271,1.839250,-1.011632,100
86,267,-0.660750,-1.211632,100
87,266,-0.610750,-1.261632,100
87,267,-0.610750,-1.211632,100
87,268,-0.610750,-1.161632,100
133,199,1.689250,-4.611632,100
135,199,1.789250,-4.611632,100
410,17,15.539250,-13.711632,100
411,17,15.589250,-13.711632,100
387,344,14.389250,2.638369,100
107,475,0.389250,9.188369,100
108,474,0.439250,9.138369,100
401,13,15.089250,-13.911632,100
402,13,15.139250,-13.911632,100
402,14,15.139250,-13.861632,100
403,13,15.189250,-13.911632,100
96,460,-0.160750,8.438369,100
97,459,-0.110750,8.388369,100
97,460,-0.110750,8.438369,100
97,461,-0.110750,8.488369,100
98,460,-0.060750,8.438369,100
555,337,22.789250,2.288369,100
556,338,22.839250,2.338369,100
273,276,8.689250,-0.761632,100
349,6,12.489250,-14.261632,100
349,8,12.489250,-14.161632,100
350,7,12.539250,-14.211632,100
487,202,19.389250,-4.461632,100
488,201,19.439250,-4.511632,100
488,202,19.439250,-4.461632,100
488,203,19.439250,-4.411632,100
489,202,19.489250,-4.461632,100
245,444,7.289250,7.638369,100
245,445,7.289250,7.688369,100
150,251,2.539250,-2.011632,100
151,252,2.589250,-1.961632,100
152,251,2.639250,-2.011632,100
240,101,7.039250,-9.511632,100
1,308,-4.910751,0.838368,100
2,309,-4.860751,0.888368,100
217,570,5.889250,13.938369,100
218,571,5.939250,13.988369,100
526,422,21.339250,6.538369,100
527,421,21.389250,6.488369,100
528,422,21.439250,6.538369,100
182,274,4.139250,-0.861632,100
182,275,4.139250,-0.811632,100
183,275,4.189250,-0.811632,100
214,272,5.739250,-0.961632,100
215,271,5.789250,-1.011632,100
216,272,5.839250,-0.961632,100
389,346,14.489250,2.738369,100
390,345,14.539250,2.688369,100
238,400,6.939250,5.438369,100
239,399,6.989250,5.388369,100
239,400,6.989250,5.438369,100
239,401,6.989250,5.488369,100
321,438,11.089250,7.338369,100
321,439,11.089250,7.388369,100
322,439,11.139250,7.388369,100
315,95,10.789250,-9.811632,100
267,89,8.389250,-10.111632,100
267,90,8.389250,-10.061632,100
268,90,8.439250,-10.061632,100
322,25,11.139250,-13.311632,100
322,26,11.139250,-13.261632,100
323,26,11.189250,-13.261632,100
152,252,2.639250,-1.961632,100
213,118,5.689250,-8.661632,100
213,119,5.689250,-8.611632,100
38,266,-3.060750,-1.261632,100
38,268,-3.060750,-1.161632,100
39,267,-3.010750,-1.211632,100
434,46,16.739250,-12.261632,100
435,45,16.789250,-12.311632,100
435,46,16.789250,-12.261632,100
435,47,16.789250,-12.211632,100
436,46,16.839250,-12.261632,100
357,391,12.889250,4.988369,100
357,392,12.889250,5.038369,100
358,392,12.939250,5.038369,100
318,100,10.939250,-9.561632,100
319,101,10.989250,-9.511632,100
202,563,5.139250,13.588369,100
203,562,5.189250,13.538369,100
204,563,5.239250,13.588369,100
211,568,5.589250,13.838369,100
309,280,10.489250,-0.561632,100
310,279,10.539250,-0.611632,100
311,280,10.589250,-0.561632,100
14,283,-4.260751,-0.411632,100
15,282,-4.210751,-0.461632,100
15,283,-4.210751,-0.411632,100
15,284,-4.210751,-0.361632,100
16,283,-4.160751,-0.411632,100
309,51,10.489250,-12.011632,100
310,50,10.539250,-12.061632,100
310,51,10.539250,-12.011632,100
310,52,10.539250,-11.961632,100
311,51,10.589250,-12.011632,100
12,359,-4.360751,3.388369,100
13,358,-4.310751,3.338369,100
13,359,-4.310751,3.388369,100
13,360,-4.310751,3.438369,100
14,359,-4.260751,3.388369,100
268,282,8.439250,-0.461632,100
549,298,22.489250,0.338368,100
550,298,22.539250,0.338368,100
550,299,22.539250,0.388368,100
502,222,20.139250,-3.461632,100
503,221,20.189250,-3.511632,100
125,270,1.289250,-1.061632,100
125,271,1.289250,-1.011632,100
204,565,5.239250,13.688369,100
144,249,2.239250,-2.111632,100
145,250,2.289250,-2.061632,100
320,101,11.039250,-9.511632,100
320,102,11.039250,-9.461632,100
321,101,11.089250,-9.511632,100
15,364,-4.210751,3.638369,100
16,364,-4.160751,3.638369,100
16,365,-4.160751,3.688369,100
17,364,-4.110751,3.638369,100
372,376,13.639250,4.238369,100
372,377,13.639250,4.288369,100
373,377,13.689250,4.288369,100
195,560,4.789250,13.438369,100
196,559,4.839250,13.388369,100
196,560,4.839250,13.438369,100
196,561,4.839250,13.488369,100
318,405,10.939250,5.688369,100
311,282,10.589250,-0.461632,100
259,90,7.989250,-10.061632,100
370,3,13.539250,-14.411632,100
371,2,13.589250,-14.461632,100
371,3,13.589250,-14.411632,100
371,4,13.589250,-14.361632,100
372,3,13.639250,-14.411632,100
470,90,18.539250,-10.061632,100
471,91,18.589250,-10.011632,100
472,90,18.639250,-10.061632,100
339,424,11.989250,6.638369,100
340,425,12.039250,6.688369,100
25,377,-3.710750,4.288369,100
26,378,-3.660750,4.338369,100
207,125,5.389250,-8.311632,100
208,125,5.439250,-8.311632,100
208,126,5.439250,-8.261632,100
157,533,2.889250,12.088369,100
158,534,2.939250,12.138369,100
159,533,2.989250,12.088369,100
555,314,22.789250,1.138368,100
556,313,22.839250,1.088368,100
557,314,22.889250,1.138368,100
366,298,13.339250,0.338368,100
367,297,13.389250,0.288368,100
367,298,13.389250,0.338368,100
367,299,13.389250,0.388368,100
368,298,13.439250,0.338368,100
252,276,7.639250,-0.761632,100
253,275,7.689250,-0.811632,100
253,276,7.689250,-0.761632,100
253,277,7.689250,-0.711632,100
351,398,12.589250,5.338369,100
352,398,12.639250,5.338369,100
352,399,12.639250,5.388369,100
72,263,-1.360750,-1.411632,100
72,265,-1.360750,-1.311632,100
73,264,-1.310750,-1.361632,100
136,510,1.839250,10.938369,100
137,510,1.889250,10.938369,100
137,511,1.889250,10.988369,100
138,510,1.939250,10.938369,100
317,442,10.889250,7.538369,100
318,443,10.939250,7.588369,100
10,289,-4.460751,-0.111632,100
211,280,5.589250,-0.561632,100
553,308,22.689250,0.838368,100
553,309,22.689250,0.888368,100
49,401,-2.510750,5.488369,100
475,470,18.789250,8.938369,100
476,469,18.839250,8.888369,100
476,470,18.839250,8.938369,100
476,471,18.839250,8.988369,100
472,91,18.639250,-10.011632,100
472,92,18.639250,-9.961632,100
473,91,18.689250,-10.011632,100
27,378,-3.610750,4.338369,100
255,92,7.789250,-9.961632,100
255,93,7.789250,-9.911632,100
256,93,7.839250,-9.911632,100
159,535,2.989250,12.188369,100
254,277,7.739250,-0.711632,100
254,278,7.739250,-0.661632,100
474,96,18.739250,-9.761632,100
475,96,18.789250,-9.761632,100
475,97,18.789250,-9.711632,100
528,250,21.439250,-2.061632,100
528,251,21.439250,-2.011632,100
529,251,21.489250,-2.011632,100
169,543,3.489250,12.588369,100
170,542,3.539250,12.538369,100
170,543,3.539250,12.588369,100
170,544,3.539250,12.638369,100
171,543,3.589250,12.588369,100
554,354,22.739250,3.138369,100
306,288,10.339250,-0.161632,100
186,143,4.339250,-7.411632,100
332,12,11.639250,-13.961632,100
333,12,11.689250,-13.961632,100
333,13,11.689250,-13.911632,100
552,377,22.639250,4.288369,100
553,376,22.689250,4.238369,100
553,377,22.689250,4.288369,100
553,378,22.689250,4.338369,100
554,377,22.739250,4.288369,100
376,347,13.839250,2.788369,100
377,347,13.889250,2.788369,100
377,348,13.889250,2.838369,100
378,347,13.939250,2.788369,100
143,179,2.189250,-5.611632,100
143,180,2.189250,-5.561632,100
313,407,10.689250,5.788369,100
314,406,10.739250,5.738369,100
314,407,10.739250,5.788369,100
314,408,10.739250,5.838369,100
315,407,10.789250,5.788369,100
261,400,8.089250,5.438369,100
51,407,-2.410750,5.788369,100
52,408,-2.360750,5.838369,100
53,407,-2.310750,5.788369,100
380,317,14.039250,1.288368,100
381,318,14.089250,1.338369,100
382,317,14.139250,1.288368,100
310,69,10.539250,-11.111632,100
546,386,22.339250,4.738369,100
547,385,22.389250,4.688369,100
547,386,22.389250,4.738369,100
547,387,22.389250,4.788369,100
548,386,22.439250,4.738369,100
244,578,7.239250,14.338369,100
136,222,1.839250,-3.461632,100
137,221,1.889250,-3.511632,100
137,222,1.889250,-3.461632,100
137,223,1.889250,-3.411632,100
138,222,1.939250,-3.461632,100
238,273,6.939250,-0.911632,100
486,110,19.339250,-9.061632,100
356,409,12.839250,5.888369,100
382,546,14.139250,12.738369,100
382,547,14.139250,12.788369,100
383,547,14.189250,12.788369,100
249,283,7.489250,-0.411632,100
249,284,7.489250,-0.361632,100
382,318,14.139250,1.338369,100
289,89,9.489250,-10.111632,100
5,296,-4.710751,0.238368,100
6,296,-4.660751,0.238368,100
6,297,-4.660751,0.288368,100
494,195,19.739250,-4.811632,100
495,195,19.789250,-4.811632,100
495,196,19.789250,-4.761632,100
506,169,20.339250,-6.111632,100
197,272,4.889250,-0.961632,100
197,273,4.889250,-0.911632,100
375,360,13.789250,3.438369,100
376,361,13.839250,3.488369,100
294,286,9.739250,-0.261632,100
295,285,9.789250,-0.311632,100
295,286,9.789250,-0.261632,100
295,287,9.789250,-0.211632,100
296,286,9.839250,-0.261632,100
546,281,22.339250,-0.511632,100
529,418,21.489250,6.338369,100
341,401,12.089250,5.488369,100
341,403,12.089250,5.588369,100
387,334,14.389250,2.138369,100
388,333,14.439250,2.088369,100
389,334,14.489250,2.138369,100
328,19,11.439250,-13.611632,100
329,19,11.489250,-13.611632,100
329,20,11.489250,-13.561632,100
515,438,20.789250,7.338369,100
237,575,6.889250,14.188369,100
238,574,6.939250,14.138369,100
238,575,6.939250,14.188369,100
238,576,6.939250,14.238369,100
239,575,6.989250,14.188369,100
299,404,9.989250,5.638369,100
299,406,9.989250,5.738369,100
228,426,6.439250,6.738369,100
229,425,6.489250,6.688369,100
230,426,6.539250,6.738369,100
22,276,-3.860751,-0.761632,100
546,282,22.339250,-0.461632,100
531,420,21.589250,6.438369,100
503,136,20.189250,-7.761632,100
504,137,20.239250,-7.711632,100
347,297,12.389250,0.288368,100
348,296,12.439250,0.238368,100
348,297,12.439250,0.288368,100
348,298,12.439250,0.338368,100
349,297,12.489250,0.288368,100
276,277,8.839250,-0.711632,100
276,279,8.839250,-0.611632,100
396,10,14.839250,-14.061632,100
397,10,14.889250,-14.061632,100
397,11,14.889250,-14.011632,100
398,10,14.939250,-14.061632,100
181,270,4.089250,-1.061632,100
339,293,11.989250,0.088368,100
340,292,12.039250,0.038368,100
340,293,12.039250,0.088368,100
340,294,12.039250,0.138368,100
341,293,12.089250,0.088368,100
3,344,-4.810751,2.638369,100
4,345,-4.760751,2.688369,100
5,344,-4.710751,2.638369,100
554,367,22.739250,3.788369,100
555,367,22.789250,3.788369,100
555,368,22.789250,3.838369,100
556,367,22.839250,3.788369,100
90,266,-0.460750,-1.261632,100
90,268,-0.460750,-1.161632,100
91,267,-0.410750,-1.211632,100
230,428,6.539250,6.838369,100
231,427,6.589250,6.788369,100
136,199,1.839250,-4.611632,100
138,199,1.939250,-4.611632,100
322,280,11.139250,-0.561632,100
322,281,11.139250,-0.511632,100
268,89,8.439250,-10.111632,100
269,88,8.489250,-10.161632,100
269,89,8.489250,-10.111632,100
269,90,8.489250,-10.061632,100
270,89,8.539250,-10.111632,100
39,266,-3.010750,-1.261632,100
40,265,-2.960750,-1.311632,100
40,266,-2.960750,-1.261632,100
40,267,-2.960750,-1.211632,100
174,265,3.739250,-1.311632,100
166,261,3.339250,-1.511632,100
166,263,3.339250,-1.411632,100
167,262,3.389250,-1.461632,100
280,283,9.039250,-0.411632,100
280,285,9.039250,-0.311632,100
311,87,10.589250,-10.211632,100
312,87,10.639250,-10.211632,100
312,88,10.639250,-10.161632,100
313,87,10.689250,-10.211632,100
506,146,20.339250,-7.261632,100
507,147,20.389250,-7.211632,100
505,181,20.289250,-5.511632,100
506,182,20.339250,-5.461632,100
507,181,20.389250,-5.511632,100
382,376,14.139250,4.238369,100
383,376,14.189250,4.238369,100
383,377,14.189250,4.288369,100
551,297,22.589250,0.288368,100
552,296,22.639250,0.238368,100
553,297,22.689250,0.288368,100
328,405,11.439250,5.688369,100
329,404,11.489250,5.638369,100
329,405,11.489250,5.688369,100
329,406,11.489250,5.738369,100
302,450,10.139250,7.938369,100
375,337,13.789250,2.288369,100
377,337,13.889250,2.288369,100
398,9,14.939250,-14.111632,100
398,11,14.939250,-14.011632,100
399,10,14.989250,-14.061632,100
342,569,12.139250,13.888369,100
343,570,12.189250,13.938369,100
344,569,12.239250,13.888369,100
439,501,16.989250,10.488369,100
440,502,17.039250,10.538369,100
360,392,13.039250,5.038369,100
361,392,13.089250,5.038369,100
167,263,3.389250,-1.411632,100
167,264,3.389250,-1.361632,100
168,263,3.439250,-1.411632,100
193,134,4.689250,-7.861632,100
219,272,5.989250,-0.961632,100
325,107,11.289250,-9.211632,100
326,106,11.339250,-9.261632,100
326,107,11.339250,-9.211632,100
326,108,11.339250,-9.161632,100
327,107,11.389250,-9.211632,100
169,268,3.489250,-1.161632,100
170,267,3.539250,-1.211632,100
170,268,3.539250,-1.161632,100
170,269,3.539250,-1.111632,100
171,268,3.589250,-1.161632,100
508,147,20.439250,-7.211632,100
316,287,10.839250,-0.211632,100
317,286,10.889250,-0.261632,100
317,287,10.889250,-0.211632,100
317,288,10.889250,-0.161632,100
318,287,10.939250,-0.211632,100
128,270,1.439250,-1.061632,100
128,272,1.439250,-0.961632,100
430,43,16.539250,-12.411632,100
431,43,16.589250,-12.411632,100
431,44,16.589250,-12.361632,100
432,43,16.639250,-12.411632,100
387,347,14.389250,2.788369,100
388,347,14.439250,2.788369,100
388,348,14.439250,2.838369,100
389,347,14.489250,2.788369,100
117,486,0.889250,9.738369,100
118,485,0.939250,9.688369,100
118,486,0.939250,9.738369,100
118,487,0.939250,9.788369,100
119,486,0.989250,9.738369,100
509,227,20.489250,-3.211632,100
509,228,20.489250,-3.161632,100
510,228,20.539250,-3.161632,100
190,556,4.539250,13.238369,100
191,555,4.589250,13.188369,100
191,556,4.589250,13.238369,100
191,557,4.589250,13.288369,100
192,556,4.639250,13.238369,100
321,405,11.089250,5.688369,100
304,578,10.239250,14.338369,100
305,577,10.289250,14.288369,100
305,578,10.289250,14.338369,100
305,579,10.289250,14.388369,100
132,206,1.639250,-4.261632,100
134,206,1.739250,-4.261632,100
150,254,2.539250,-1.861632,100
151,253,2.589250,-1.911632,100
151,254,2.589250,-1.861632,100
151,255,2.589250,-1.811632,100
152,254,2.639250,-1.861632,100
366,556,13.339250,13.238369,100
69,266,-1.510750,-1.261632,100
70,266,-1.460750,-1.261632,100
70,267,-1.460750,-1.211632,100
71,266,-1.410750,-1.261632,100
373,3,13.689250,-14.411632,100
374,2,13.739250,-14.461632,100
374,4,13.739250,-14.361632,100
146,180,2.339250,-5.561632,100
318,289,10.939250,-0.111632,100
128,501,1.439250,10.488369,100
129,501,1.489250,10.488369,100
223,278,6.189250,-0.661632,100
256,275,7.839250,-0.811632,100
361,294,13.089250,0.138368,100
362,295,13.139250,0.188368,100
192,557,4.639250,13.288369,100
192,558,4.639250,13.338369,100
193,557,4.689250,13.288369,100
183,553,4.189250,13.088369,100
184,552,4.239250,13.038369,100
184,553,4.239250,13.088369,100
184,554,4.239250,13.138369,100
185,553,4.289250,13.088369,100
309,60,10.489250,-11.561632,100
310,59,10.539250,-11.611632,100
164,274,3.239250,-0.861632,100
165,273,3.289250,-0.911632,100
165,274,3.289250,-0.861632,100
165,275,3.289250,-0.811632,100
166,274,3.339250,-0.861632,100
379,348,13.989250,2.838369,100
381,348,14.089250,2.838369,100
370,379,13.539250,4.388369,100
371,380,13.589250,4.438369,100
372,379,13.639250,4.388369,100
366,0,13.339250,-14.561632,100
367,0,13.389250,-14.561632,100
367,1,13.389250,-14.511632,100
62,263,-1.860750,-1.411632,100
63,262,-1.810750,-1.461632,100
63,263,-1.810750,-1.411632,100
63,264,-1.810750,-1.361632,100
64,263,-1.760750,-1.411632,100
183,144,4.189250,-7.361632,100
184,145,4.239250,-7.311632,100
185,144,4.289250,-7.361632,100
222,400,6.139250,5.438369,100
257,93,7.889250,-9.911632,100
258,93,7.939250,-9.911632,100
258,94,7.939250,-9.861632,100
467,87,18.389250,-10.211632,100
297,578,9.889250,14.338369,100
33,385,-3.310750,4.688369,100
34,384,-3.260750,4.638369,100
34,385,-3.260750,4.688369,100
34,386,-3.260750,4.738369,100
35,385,-3.210750,4.688369,100
363,296,13.189250,0.238368,100
361,559,13.089250,13.388369,100
362,558,13.139250,13.338369,100
523,247,21.189250,-2.211632,100
523,248,21.189250,-2.161632,100
164,539,3.239250,12.388369,100
165,540,3.289250,12.438369,100
166,539,3.339250,12.388369,100
373,304,13.689250,0.638368,100
374,303,13.739250,0.588368,100
374,304,13.739250,0.638368,100
374,305,13.739250,0.688368,100
375,304,13.789250,0.638368,100
259,282,7.989250,-0.461632,100
260,281,8.039250,-0.511632,100
260,282,8.039250,-0.461632,100
260,283,8.039250,-0.411632,100
36,390,-3.160750,4.938369,100
37,390,-3.110750,4.938369,100
37,391,-3.110750,4.988369,100
38,390,-3.060750,4.938369,100
199,273,4.989250,-0.911632,100
489,111,19.489250,-9.011632,100
534,262,21.739250,-1.461632,100
534,263,21.739250,-1.411632,100
264,400,8.239250,5.438369,100
363,561,13.189250,13.488369,100
107,270,0.389250,-1.061632,100
108,271,0.439250,-1.011632,100
475,471,18.789250,8.988369,100
475,472,18.789250,9.038369,100
476,472,18.839250,9.038369,100
524,248,21.239250,-2.161632,100
536,267,21.839250,-1.211632,100
537,267,21.889250,-1.211632,100
537,268,21.889250,-1.161632,100
337,14,11.889250,-13.861632,100
549,386,22.489250,4.738369,100
550,386,22.539250,4.738369,100
550,387,22.539250,4.788369,100
551,386,22.589250,4.738369,100
294,281,9.739250,-0.511632,100
142,187,2.139250,-5.211632,100
332,571,11.639250,13.988369,100
332,573,11.639250,14.088369,100
554,321,22.739250,1.488369,100
252,282,7.639250,-0.461632,100
252,284,7.639250,-0.361632,100
202,278,5.139250,-0.661632,100
203,278,5.189250,-0.661632,100
203,279,5.189250,-0.611632,100
70,427,-1.460750,6.788369,100
350,296,12.539250,0.238368,100
351,297,12.589250,0.288368,100
55,262,-2.210750,-1.461632,100
55,264,-2.210750,-1.361632,100
497,195,19.889250,-4.811632,100
498,194,19.939250,-4.861632,100
499,195,19.989250,-4.811632,100
292,580,9.639250,14.438369,100
293,579,9.689250,14.388369,100
293,580,9.689250,14.438369,100
339,283,11.989250,-0.411632,100
340,282,12.039250,-0.461632,100
340,283,12.039250,-0.411632,100
340,284,12.039250,-0.361632,100
341,283,12.089250,-0.411632,100
446,495,17.339250,10.188369,100
447,496,17.389250,10.238369,100
448,495,17.439250,10.188369,100
132,219,1.639250,-3.611632,100
133,219,1.689250,-3.611632,100
133,220,1.689250,-3.561632,100
134,219,1.739250,-3.611632,100
307,71,10.389250,-11.011632,100
308,72,10.439250,-10.961632,100
387,365,14.389250,3.688369,100
554,357,22.739250,3.288369,100
555,357,22.789250,3.288369,100
512,440,20.639250,7.438369,100
513,440,20.689250,7.438369,100
513,441,20.689250,7.488369,100
533,418,21.689250,6.338369,100
136,189,1.839250,-5.111632,100
138,189,1.939250,-5.111632,100
237,276,6.889250,-0.761632,100
237,277,6.889250,-0.711632,100
238,276,6.939250,-0.761632,100
545,391,22.289250,4.988369,100
545,392,22.289250,5.038369,100
342,294,12.139250,0.138368,100
343,295,12.189250,0.188368,100
72,433,-1.360750,7.088369,100
73,434,-1.310750,7.138369,100
74,433,-1.260750,7.088369,100
382,549,14.139250,12.888369,100
302,404,10.139250,5.638369,100
556,366,22.839250,3.738369,100
557,367,22.889250,3.788369,100
558,366,22.939250,3.738369,100
253,399,7.689250,5.388369,100
253,400,7.689250,5.438369,100
254,400,7.739250,5.438369,100
4,298,-4.760751,0.338368,100
5,297,-4.710751,0.288368,100
5,298,-4.710751,0.338368,100
5,299,-4.710751,0.388368,100
6,298,-4.660751,0.338368,100
271,453,8.589250,8.088369,100
424,512,16.239250,11.038369,100
425,513,16.289250,11.088369,100
312,42,10.639250,-12.461632,100
313,41,10.689250,-12.511632,100
313,42,10.689250,-12.461632,100
313,43,10.689250,-12.411632,100
314,42,10.739250,-12.461632,100
304,450,10.239250,7.938369,100
400,9,15.039250,-14.111632,100
401,10,15.089250,-14.061632,100
490,457,19.539250,8.288369,100
491,456,19.589250,8.238369,100
375,327,13.789250,1.788369,100
376,326,13.839250,1.738369,100
377,327,13.889250,1.788369,100
312,81,10.639250,-10.511632,100
319,575,10.989250,14.188369,100
320,574,11.039250,14.138369,100
320,575,11.039250,14.188369,100
320,576,11.039250,14.238369,100
188,275,4.439250,-0.811632,100
188,277,4.439250,-0.711632,100
327,434,11.389250,7.138369,100
225,424,6.289250,6.638369,100
226,423,6.339250,6.588369,100
373,321,13.689250,1.488369,100
373,322,13.689250,1.538369,100
374,321,13.739250,1.488369,100
325,280,11.289250,-0.561632,100
544,284,22.239250,-0.361632,100
545,283,22.289250,-0.411632,100
545,284,22.289250,-0.361632,100
545,285,22.289250,-0.311632,100
411,20,15.589250,-13.561632,100
412,20,15.639250,-13.561632,100
412,21,15.639250,-13.511632,100
283,283,9.189250,-0.411632,100
283,284,9.189250,-0.361632,100
98,463,-0.060750,8.588369,100
99,462,-0.010750,8.538369,100
99,463,-0.010750,8.588369,100
99,464,-0.010750,8.638369,100
100,463,0.039250,8.588369,100
328,435,11.439250,7.188369,100
328,436,11.439250,7.238369,100
299,453,9.989250,8.088369,100
300,454,10.039250,8.138369,100
342,6,12.139250,-14.261632,100
343,5,12.189250,-14.311632,100
343,6,12.189250,-14.261632,100
343,7,12.189250,-14.211632,100
344,6,12.239250,-14.261632,100
226,425,6.339250,6.688369,100
171,267,3.589250,-1.211632,100
172,267,3.639250,-1.211632,100
172,268,3.639250,-1.161632,100
553,369,22.689250,3.888369,100
554,368,22.739250,3.838369,100
554,369,22.739250,3.888369,100
554,370,22.739250,3.938369,100
555,369,22.789250,3.888369,100
540,399,22.039250,5.388369,100
541,398,22.089250,5.338369,100
542,399,22.139250,5.388369,100
332,404,11.639250,5.638369,100
487,463,19.389250,8.588369,100
380,337,14.039250,2.288369,100
225,278,6.289250,-0.661632,100
190,137,4.539250,-7.711632,100
15,285,-4.210751,-0.311632,100
557,339,22.889250,2.388369,100
558,339,22.939250,2.388369,100
558,340,22.939250,2.438369,100
384,2,14.239250,-14.461632,100
385,1,14.289250,-14.511632,100
386,2,14.339250,-14.461632,100
273,580,8.689250,14.438369,100
274,579,8.739250,14.388369,100
274,580,8.739250,14.438369,100
275,580,8.789250,14.438369,100
550,300,22.539250,0.438368,100
551,299,22.589250,0.388368,100
552,300,22.639250,0.438368,100
282,405,9.139250,5.688369,100
367,398,13.389250,5.338369,100
367,399,13.389250,5.388369,100
173,268,3.689250,-1.161632,100
173,269,3.689250,-1.111632,100
174,268,3.739250,-1.161632,100
308,49,10.439250,-12.111632,100
309,49,10.489250,-12.111632,100
309,50,10.489250,-12.061632,100
165,264,3.289250,-1.361632,100
166,264,3.339250,-1.361632,100
226,281,6.339250,-0.511632,100
110,478,0.539250,9.338369,100
192,139,4.639250,-7.611632,100
193,138,4.689250,-7.661632,100
131,270,1.589250,-1.061632,100
524,427,21.239250,6.788369,100
525,427,21.289250,6.788369,100
525,428,21.289250,6.838369,100
143,245,2.189250,-2.311632,100
14,360,-4.260751,3.438369,100
14,361,-4.260751,3.488369,100
15,360,-4.210751,3.438369,100
308,577,10.439250,14.288369,100
308,579,10.439250,14.388369,100
503,224,20.189250,-3.361632,100
504,224,20.239250,-3.361632,100
504,225,20.239250,-3.311632,100
135,206,1.789250,-4.261632,100
137,206,1.889250,-4.261632,100
344,7,12.239250,-14.211632,100
39,269,-3.010750,-1.111632,100
40,268,-2.960750,-1.161632,100
40,269,-2.960750,-1.111632,100
40,270,-2.960750,-1.061632,100
41,269,-2.910750,-1.111632,100
72,266,-1.360750,-1.261632,100
73,266,-1.310750,-1.261632,100
73,267,-1.310750,-1.211632,100
321,287,11.089250,-0.211632,100
157,261,2.889250,-1.511632,100
158,260,2.939250,-1.561632,100
158,261,2.939250,-1.511632,100
158,262,2.939250,-1.461632,100
159,261,2.989250,-1.511632,100
304,280,10.239250,-0.561632,100
305,279,10.289250,-0.611632,100
305,280,10.289250,-0.561632,100
305,281,10.289250,-0.511632,100
136,506,1.839250,10.738369,100
351,395,12.589250,5.188369,100
527,248,21.389250,-2.161632,100
553,300,22.689250,0.438368,100
505,226,20.289250,-3.261632,100
276,401,8.839250,5.488369,100
276,403,8.839250,5.588369,100
277,402,8.889250,5.538369,100
361,405,13.089250,5.688369,100
362,406,13.139250,5.738369,100
167,274,3.389250,-0.861632,100
168,273,3.439250,-0.911632,100
0,319,-4.960751,1.388369,100
178,549,3.939250,12.888369,100
179,548,3.989250,12.838369,100
180,549,4.039250,12.888369,100
549,376,22.489250,4.238369,100
550,376,22.539250,4.238369,100
550,377,22.539250,4.288369,100
65,263,-1.710750,-1.411632,100
66,262,-1.660750,-1.461632,100
67,263,-1.610750,-1.411632,100
313,99,10.689250,-9.611632,100
314,98,10.739250,-9.661632,100
314,99,10.739250,-9.611632,100
314,100,10.739250,-9.561632,100
315,99,10.789250,-9.611632,100
370,1,13.539250,-14.511632,100
334,573,11.739250,14.088369,100
335,572,11.789250,14.038369,100
453,488,17.689250,9.838369,100
306,60,10.339250,-11.561632,100
307,60,10.389250,-11.561632,100
307,61,10.389250,-11.511632,100
365,560,13.289250,13.438369,100
210,272,5.539250,-0.961632,100
211,271,5.589250,-1.011632,100
211,272,5.589250,-0.961632,100
211,273,5.589250,-0.911632,100
212,272,5.639250,-0.961632,100
136,507,1.839250,10.788369,100
473,92,18.689250,-9.961632,100
473,93,18.689250,-9.911632,100
474,92,18.739250,-9.961632,100
164,160,3.239250,-6.561632,100
165,160,3.289250,-6.561632,100
349,287,12.489250,-0.211632,100
350,288,12.539250,-0.161632,100
169,276,3.489250,-0.761632,100
368,300,13.439250,0.438368,100
369,299,13.489250,0.388368,100
369,300,13.489250,0.438368,100
369,301,13.489250,0.488368,100
370,300,13.539250,0.438368,100
160,536,3.039250,12.238369,100
530,253,21.539250,-1.911632,100
530,254,21.539250,-1.861632,100
531,254,21.589250,-1.861632,100
67,265,-1.610750,-1.311632,100
132,209,1.639250,-4.111632,100
133,209,1.689250,-4.111632,100
133,210,1.689250,-4.061632,100
134,209,1.739250,-4.111632,100
308,61,10.439250,-11.511632,100
308,62,10.439250,-11.461632,100
309,61,10.489250,-11.511632,100
110,270,0.539250,-1.061632,100
111,269,0.589250,-1.111632,100
111,270,0.589250,-1.061632,100
111,271,0.589250,-1.011632,100
379,315,13.989250,1.188368,100
474,93,18.739250,-9.911632,100
161,536,3.089250,12.238369,100
161,537,3.089250,12.288369,100
27,272,-3.610750,-0.961632,100
28,271,-3.560750,-1.011632,100
28,272,-3.560750,-0.961632,100
28,273,-3.560750,-0.911632,100
29,272,-3.510750,-0.961632,100
231,106,6.589250,-9.261632,100
382,320,14.139250,1.438369,100
384,320,14.239250,1.438369,100
342,284,12.139250,-0.361632,100
343,283,12.189250,-0.411632,100
343,284,12.189250,-0.361632,100
343,285,12.189250,-0.311632,100
255,399,7.789250,5.388369,100
256,400,7.839250,5.438369,100
247,275,7.389250,-0.811632,100
248,274,7.439250,-0.861632,100
248,275,7.439250,-0.811632,100
248,276,7.439250,-0.761632,100
53,410,-2.310750,5.938369,100
54,411,-2.260750,5.988369,100
55,410,-2.210750,5.938369,100
171,545,3.589250,12.688369,100
172,544,3.639250,12.638369,100
172,545,3.639250,12.688369,100
172,546,3.639250,12.738369,100
173,545,3.689250,12.688369,100
556,356,22.839250,3.238369,100
558,356,22.939250,3.238369,100
507,444,20.389250,7.638369,100
301,288,10.089250,-0.161632,100
335,573,11.789250,14.088369,100
206,279,5.339250,-0.611632,100
384,322,14.239250,1.538369,100
385,321,14.289250,1.488369,100
135,219,1.789250,-3.611632,100
136,220,1.839250,-3.561632,100
137,219,1.889250,-3.611632,100
549,387,22.489250,4.788369,100
549,388,22.489250,4.838369,100
550,388,22.539250,4.838369,100
427,510,16.389250,10.938369,100
141,189,2.089250,-5.111632,100
488,114,19.439250,-8.861632,100
489,113,19.489250,-8.911632,100
489,114,19.489250,-8.861632,100
489,115,19.489250,-8.811632,100
490,114,19.539250,-8.861632,100
256,399,7.839250,5.388369,100
356,303,12.839250,0.588368,100
357,304,12.889250,0.638368,100
242,281,7.139250,-0.511632,100
243,280,7.189250,-0.561632,100
244,281,7.239250,-0.511632,100
96,267,-0.160750,-1.211632,100
213,403,5.689250,5.588369,100
214,404,5.739250,5.638369,100
373,392,13.689250,5.038369,100
374,391,13.739250,4.988369,100
374,392,13.739250,5.038369,100
374,393,13.739250,5.088369,100
375,392,13.789250,5.038369,100
239,576,6.989250,14.238369,100
239,577,6.989250,14.288369,100
353,563,12.689250,13.588369,100
354,562,12.739250,13.538369,100
285,279,9.289250,-0.611632,100
286,278,9.339250,-0.661632,100
286,279,9.339250,-0.611632,100
286,280,9.339250,-0.561632,100
3,301,-4.810751,0.488368,100
4,300,-4.760751,0.438368,100
4,301,-4.760751,0.488368,100
4,302,-4.760751,0.538368,100
5,301,-4.710751,0.488368,100
385,366,14.289250,3.738369,100
386,366,14.339250,3.738369,100
386,367,14.339250,3.788369,100
387,366,14.389250,3.738369,100
388,331,14.439250,1.988369,100
347,294,12.389250,0.138368,100
347,296,12.389250,0.238368,100
348,295,12.439250,0.188368,100
377,362,13.889250,3.538369,100
378,363,13.939250,3.588369,100
379,362,13.989250,3.538369,100
199,132,4.989250,-7.961632,100
327,16,11.389250,-13.761632,100
328,16,11.439250,-13.761632,100
328,17,11.439250,-13.711632,100
358,304,12.939250,0.638368,100
244,283,7.239250,-0.411632,100
501,132,20.089250,-7.961632,100
502,133,20.139250,-7.911632,100
90,454,-0.460750,8.138369,100
543,394,22.189250,5.138369,100
544,395,22.239250,5.188369,100
545,394,22.289250,5.138369,100
323,576,11.189250,14.238369,100
328,280,11.439250,-0.561632,100
276,92,8.839250,-9.961632,100
503,134,20.189250,-7.861632,100
387,3,14.389250,-14.411632,100
388,2,14.439250,-14.461632,100
388,3,14.439250,-14.411632,100
388,4,14.439250,-14.361632,100
389,3,14.489250,-14.411632,100
350,564,12.539250,13.638369,100
350,565,12.539250,13.688369,100
371,324,13.589250,1.638369,100
372,323,13.639250,1.588369,100
372,324,13.639250,1.638369,100
372,325,13.639250,1.688369,100
406,16,15.339250,-13.761632,100
407,16,15.389250,-13.761632,100
407,17,15.389250,-13.711632,100
261,452,8.089250,8.038369,100
262,451,8.139250,7.988369,100
262,452,8.139250,8.038369,100
262,453,8.139250,8.088369,100
263,452,8.189250,8.038369,100
2,341,-4.860751,2.488369,100
3,342,-4.810751,2.538369,100
505,138,20.289250,-7.661632,100
506,139,20.339250,-7.611632,100
507,138,20.389250,-7.661632,100
228,275,6.439250,-0.811632,100
229,274,6.489250,-0.861632,100
229,275,6.489250,-0.811632,100
229,276,6.489250,-0.761632,100
230,275,6.539250,-0.811632,100
310,48,10.539250,-12.161632,100
312,48,10.639250,-12.161632,100
294,403,9.739250,5.588369,100
335,406,11.789250,5.738369,100
336,405,11.839250,5.688369,100
281,286,9.089250,-0.261632,100
282,285,9.139250,-0.311632,100
231,429,6.589250,6.888369,100
232,428,6.639250,6.838369,100
232,429,6.639250,6.888369,100
232,430,6.639250,6.938369,100
233,429,6.689250,6.888369,100
508,149,20.439250,-7.111632,100
510,149,20.539250,-7.111632,100
389,4,14.489250,-14.361632,100
389,5,14.489250,-14.311632,100
390,4,14.539250,-14.361632,100
429,41,16.489250,-12.511632,100
408,17,15.439250,-13.711632,100
276,580,8.839250,14.438369,100
277,579,8.889250,14.388369,100
277,580,8.889250,14.438369,100
117,483,0.889250,9.588369,100
235,399,6.789250,5.388369,100
236,398,6.839250,5.338369,100
237,399,6.889250,5.388369,100
271,276,8.589250,-0.761632,100
396,538,14.839250,12.338369,100
238,101,6.939250,-9.511632,100
310,84,10.539250,-10.361632,100
311,84,10.589250,-10.361632,100
168,264,3.439250,-1.361632,100
168,265,3.439250,-1.311632,100
169,264,3.489250,-1.361632,100
462,483,18.139250,9.588369,100
179,275,3.989250,-0.811632,100
180,274,4.039250,-0.861632,100
180,275,4.039250,-0.811632,100
313,89,10.689250,-10.111632,100
314,88,10.739250,-10.161632,100
314,89,10.739250,-10.111632,100
314,90,10.739250,-10.061632,100
315,89,10.789250,-10.111632,100
373,553,13.689250,13.088369,100
213,271,5.689250,-1.011632,100
213,272,5.689250,-0.961632,100
213,273,5.689250,-0.911632,100
539,401,21.989250,5.488369,100
311,579,10.589250,14.388369,100
237,401,6.889250,5.488369,100
342,421,12.139250,6.488369,100
152,257,2.639250,-1.711632,100
153,256,2.689250,-1.761632,100
153,257,2.689250,-1.711632,100
153,258,2.689250,-1.661632,100
154,257,2.739250,-1.711632,100
308,279,10.439250,-0.611632,100
343,8,12.189250,-14.161632,100
343,9,12.189250,-14.111632,100
344,9,12.239250,-14.111632,100
234,101,6.739250,-9.511632,100
234,102,6.739250,-9.461632,100
383,548,14.189250,12.838369,100
319,290,10.989250,-0.061632,100
378,340,13.939250,2.438369,100
379,340,13.989250,2.438369,100
379,341,13.989250,2.488369,100
380,340,14.039250,2.438369,100
266,282,8.339250,-0.461632,100
319,25,10.989250,-13.311632,100
320,24,11.039250,-13.361632,100
320,25,11.039250,-13.311632,100
320,26,11.039250,-13.261632,100
321,25,11.089250,-13.311632,100
217,277,5.889250,-0.711632,100
217,278,5.889250,-0.661632,100
218,278,5.939250,-0.661632,100
455,70,17.789250,-11.061632,100
455,71,17.789250,-11.011632,100
456,70,17.839250,-11.061632,100
500,186,20.039250,-5.261632,100
552,376,22.639250,4.238369,100
554,376,22.739250,4.238369,100
373,1,13.689250,-14.511632,100
273,403,8.689250,5.588369,100
274,404,8.739250,5.638369,100
309,282,10.489250,-0.461632,100
214,271,5.739250,-1.011632,100
501,451,20.089250,7.988369,100
501,452,20.089250,8.038369,100
328,114,11.439250,-8.861632,100
328,115,11.439250,-8.811632,100
329,114,11.489250,-8.861632,100
29,271,-3.510750,-1.011632,100
30,271,-3.460750,-1.011632,100
30,272,-3.460750,-0.961632,100
35,386,-3.210750,4.738369,100
35,387,-3.210750,4.788369,100
36,386,-3.160750,4.738369,100
174,546,3.739250,12.738369,100
175,545,3.789250,12.688369,100
175,546,3.789250,12.738369,100
175,547,3.789250,12.788369,100
176,546,3.839250,12.738369,100
193,559,4.689250,13.388369,100
194,558,4.739250,13.338369,100
194,559,4.739250,13.388369,100
194,560,4.739250,13.438369,100
195,559,4.789250,13.388369,100
369,376,13.489250,4.238369,100
370,377,13.539250,4.288369,100
371,376,13.589250,4.238369,100
375,307,13.789250,0.788368,100
376,306,13.839250,0.738368,100
376,307,13.839250,0.788368,100
135,209,1.789250,-4.111632,100
136,209,1.839250,-4.111632,100
136,210,1.839250,-4.061632,100
137,209,1.889250,-4.111632,100
228,108,6.439250,-9.161632,100
229,108,6.489250,-9.161632,100
229,109,6.489250,-9.111632,100
114,269,0.739250,-1.111632,100
508,162,20.439250,-6.461632,100
509,163,20.489250,-6.411632,100
510,162,20.539250,-6.461632,100
469,90,18.489250,-10.061632,100
354,287,12.739250,-0.211632,100
553,313,22.689250,1.088368,100
554,313,22.739250,1.088368,100
554,314,22.739250,1.138368,100
346,283,12.339250,-0.411632,100
346,285,12.339250,-0.311632,100
347,284,12.389250,-0.361632,100
216,399,5.839250,5.388369,100
217,398,5.889250,5.338369,100
217,399,5.889250,5.388369,100
217,400,5.889250,5.438369,100
218,399,5.939250,5.388369,100
350,399,12.539250,5.388369,100
351,399,12.589250,5.388369,100
351,400,12.589250,5.438369,100
525,251,21.289250,-2.011632,100
526,251,21.339250,-2.011632,100
304,288,10.239250,-0.161632,100
255,281,7.789250,-0.511632,100
255,282,7.789250,-0.461632,100
133,221,1.689250,-3.511632,100
134,220,1.739250,-3.561632,100
135,221,1.789250,-3.511632,100
369,3,13.489250,-14.411632,100
370,2,13.539250,-14.461632,100
370,4,13.539250,-14.361632,100
491,113,19.589250,-8.911632,100
491,114,19.589250,-8.861632,100
492,113,19.639250,-8.911632,100
332,430,11.639250,6.938369,100
333,431,11.689250,6.988369,100
470,91,18.539250,-10.011632,100
311,407,10.589250,5.788369,100
312,406,10.639250,5.738369,100
312,407,10.639250,5.788369,100
312,408,10.639250,5.838369,100
555,359,22.789250,3.388369,100
557,359,22.889250,3.388369,100
294,94,9.739250,-9.861632,100
431,506,16.589250,10.738369,100
431,507,16.589250,10.788369,100
432,507,16.639250,10.788369,100
1,330,-4.910751,1.938369,100
3,330,-4.810751,1.938369,100
242,578,7.139250,14.338369,100
193,271,4.689250,-1.011632,100
194,272,4.739250,-0.961632,100
351,299,12.589250,0.388368,100
352,300,12.639250,0.438368,100
353,299,12.689250,0.388368,100
287,89,9.389250,-10.111632,100
311,448,10.589250,7.838369,100
541,270,22.089250,-1.061632,100
325,18,11.289250,-13.661632,100
326,17,11.339250,-13.711632,100
326,18,11.339250,-13.661632,100
326,19,11.339250,-13.611632,100
327,18,11.389250,-13.661632,100
287,580,9.389250,14.438369,100
288,579,9.439250,14.388369,100
288,580,9.439250,14.438369,100
289,580,9.489250,14.438369,100
403,529,15.189250,11.888369,100
403,530,15.189250,11.938369,100
289,278,9.489250,-0.661632,100
289,280,9.489250,-0.561632,100
309,73,10.489250,-10.911632,100
310,72,10.539250,-10.961632,100
310,73,10.539250,-10.911632,100
310,74,10.539250,-10.861632,100
311,73,10.589250,-10.911632,100
212,406,5.639250,5.738369,100
213,407,5.689250,5.788369,100
214,406,5.739250,5.738369,100
72,431,-1.360750,6.988369,100
73,430,-1.310750,6.938369,100
351,564,12.589250,13.638369,100
352,563,12.639250,13.588369,100
353,564,12.689250,13.638369,100
138,191,1.939250,-5.011632,100
139,191,1.989250,-5.011632,100
139,192,1.989250,-4.961632,100
353,300,12.689250,0.438368,100
353,301,12.689250,0.488368,100
314,84,10.739250,-10.361632,100
297,404,9.889250,5.638369,100
297,406,9.889250,5.738369,100
470,477,18.539250,9.288369,100
349,414,12.489250,6.138369,100
175,149,3.789250,-7.111632,100
175,150,3.789250,-7.061632,100
176,150,3.839250,-7.061632,100
353,566,12.689250,13.738369,100
354,565,12.739250,13.688369,100
384,368,14.239250,3.838369,100
385,367,14.289250,3.788369,100
385,368,14.289250,3.838369,100
385,369,14.289250,3.888369,100
386,368,14.339250,3.838369,100
231,275,6.589250,-0.811632,100
232,274,6.639250,-0.861632,100
232,275,6.639250,-0.811632,100
232,276,6.639250,-0.761632,100
198,133,4.939250,-7.911632,100
199,133,4.989250,-7.911632,100
413,23,15.689250,-13.411632,100
414,22,15.739250,-13.461632,100
414,23,15.739250,-13.411632,100
414,24,15.739250,-13.361632,100
415,23,15.789250,-13.411632,100
171,264,3.589250,-1.361632,100
171,266,3.589250,-1.261632,100
141,238,2.089250,-2.661632,100
142,237,2.139250,-2.711632,100
142,238,2.139250,-2.661632,100
88,266,-0.560750,-1.261632,100
88,268,-0.560750,-1.161632,100
227,426,6.389250,6.738369,100
228,425,6.439250,6.688369,100
411,16,15.589250,-13.761632,100
390,344,14.539250,2.638369,100
544,402,22.239250,5.538369,100
238,399,6.939250,5.388369,100
239,398,6.989250,5.338369,100
110,479,0.539250,9.388369,100
111,480,0.589250,9.438369,100
394,9,14.739250,-14.111632,100
395,9,14.789250,-14.111632,100
395,10,14.789250,-14.061632,100
219,571,5.989250,13.988369,100
370,555,13.539250,13.188369,100
371,556,13.589250,13.238369,100
285,287,9.289250,-0.211632,100
100,465,0.039250,8.688369,100
101,464,0.089250,8.638369,100
101,465,0.089250,8.688369,100
101,466,0.089250,8.738369,100
102,465,0.139250,8.688369,100
552,366,22.639250,3.738369,100
553,366,22.689250,3.738369,100
553,367,22.689250,3.788369,100
554,366,22.739250,3.738369,100
183,274,4.189250,-0.861632,100
344,8,12.239250,-14.161632,100
345,7,12.289250,-14.211632,100
345,8,12.289250,-14.161632,100
345,9,12.289250,-14.111632,100
346,8,12.339250,-14.161632,100
14,282,-4.260751,-0.461632,100
235,101,6.789250,-9.511632,100
236,101,6.839250,-9.511632,100
236,102,6.839250,-9.461632,100
503,181,20.189250,-5.511632,100
504,182,20.239250,-5.461632,100
549,297,22.489250,0.288368,100
240,401,7.039250,5.488369,100
14,358,-4.260751,3.338369,100
345,418,12.289250,6.338369,100
346,417,12.339250,6.288369,100
346,418,12.339250,6.338369,100
346,419,12.339250,6.388369,100
347,418,12.389250,6.338369,100
387,6,14.389250,-14.261632,100
388,5,14.439250,-14.311632,100
388,6,14.439250,-14.261632,100
388,7,14.439250,-14.211632,100
389,6,14.489250,-14.261632,100
204,562,5.239250,13.538369,100
205,563,5.289250,13.588369,100
144,248,2.239250,-2.161632,100
164,260,3.239250,-1.561632,100
15,363,-4.210751,3.588369,100
17,363,-4.110751,3.588369,100
196,558,4.839250,13.338369,100
197,559,4.889250,13.388369,100
538,404,21.939250,5.638369,100
539,405,21.989250,5.688369,100
540,404,22.039250,5.638369,100
311,279,10.589250,-0.611632,100
312,280,10.639250,-0.561632,100
503,446,20.189250,7.738369,100
504,445,20.239250,7.688369,100
504,446,20.239250,7.738369,100
504,447,20.239250,7.788369,100
505,446,20.289250,7.738369,100
237,102,6.889250,-9.461632,100
237,103,6.889250,-9.411632,100
238,102,6.939250,-9.461632,100
438,500,16.939250,10.438369,100
438,501,16.939250,10.488369,100
147,173,2.389250,-5.911632,100
148,172,2.439250,-5.961632,100
148,173,2.439250,-5.911632,100
323,25,11.189250,-13.311632,100
450,67,17.539250,-11.211632,100
451,66,17.589250,-11.261632,100
39,265,-3.010750,-1.311632,100
214,118,5.739250,-8.661632,100
509,152,20.489250,-6.961632,100
510,152,20.539250,-6.961632,100
366,297,13.339250,0.288368,100
367,296,13.389250,0.238368,100
368,297,13.439250,0.288368,100
17,365,-4.110751,3.688369,100
18,364,-4.060751,3.638369,100
321,100,11.089250,-9.561632,100
506,227,20.339250,-3.211632,100
507,226,20.389250,-3.261632,100
277,403,8.889250,5.588369,100
277,404,8.889250,5.638369,100
136,509,1.839250,10.888369,100
138,509,1.939250,10.888369,100
372,2,13.639250,-14.461632,100
372,4,13.639250,-14.361632,100
259,579,7.989250,14.388369,100
260,578,8.039250,14.338369,100
260,579,8.039250,14.388369,100
260,580,8.039250,14.438369,100
319,32,10.989250,-12.961632,100
451,68,17.589250,-11.161632,100
387,356,14.389250,3.238369,100
388,357,14.439250,3.288369,100
254,92,7.739250,-9.961632,100
255,91,7.789250,-10.011632,100
256,92,7.839250,-9.961632,100
368,299,13.439250,0.388368,100
369,298,13.489250,0.338368,100
254,275,7.739250,-0.811632,100
138,511,1.939250,10.988369,100
139,510,1.989250,10.938369,100
169,542,3.489250,12.538369,100
170,541,3.539250,12.488369,100
171,542,3.589250,12.538369,100
374,376,13.739250,4.238369,100
507,227,20.389250,-3.211632,100
507,228,20.389250,-3.161632,100
508,227,20.439250,-3.211632,100
188,555,4.439250,13.188369,100
189,554,4.489250,13.138369,100
189,555,4.489250,13.188369,100
189,556,4.489250,13.238369,100
190,555,4.539250,13.188369,100
186,140,4.339250,-7.561632,100
1,320,-4.910751,1.438369,100
2,321,-4.860751,1.488369,100
3,320,-4.810751,1.438369,100
499,188,19.989250,-5.161632,100
500,188,20.039250,-5.161632,100
500,189,20.039250,-5.111632,100
162,274,3.139250,-0.861632,100
163,273,3.189250,-0.911632,100
163,274,3.189250,-0.861632,100
163,275,3.189250,-0.811632,100
551,378,22.589250,4.338369,100
552,378,22.639250,4.338369,100
552,379,22.639250,4.388369,100
68,266,-1.560750,-1.261632,100
376,346,13.839250,2.738369,100
378,346,13.939250,2.738369,100
142,179,2.139250,-5.611632,100
143,178,2.189250,-5.661632,100
148,524,2.439250,11.638369,100
313,406,10.689250,5.738369,100
314,405,10.739250,5.688369,100
389,357,14.489250,3.288369,100
389,358,14.489250,3.338369,100
390,357,14.539250,3.288369,100
219,399,5.989250,5.388369,100
220,400,6.039250,5.438369,100
534,411,21.739250,5.988369,100
535,410,21.789250,5.938369,100
535,411,21.789250,5.988369,100
535,412,21.789250,6.038369,100
536,411,21.839250,5.988369,100
476,97,18.839250,-9.711632,100
477,96,18.889250,-9.761632,100
30,383,-3.460750,4.588369,100
31,383,-3.410750,4.588369,100
31,384,-3.410750,4.638369,100
171,544,3.589250,12.638369,100
172,543,3.639250,12.588369,100
546,385,22.339250,4.688369,100
547,384,22.389250,4.638369,100
548,385,22.439250,4.688369,100
204,127,5.239250,-8.211632,100
205,128,5.289250,-8.161632,100
206,127,5.339250,-8.211632,100
258,281,7.939250,-0.511632,100
258,282,7.939250,-0.461632,100
182,552,4.139250,13.038369,100
182,553,4.139250,13.088369,100
183,552,4.189250,13.038369,100
410,524,15.539250,11.638369,100
411,525,15.589250,11.688369,100
373,2,13.689250,-14.461632,100
373,4,13.689250,-14.361632,100
477,469,18.889250,8.888369,100
368,378,13.439250,4.338369,100
369,377,13.489250,4.288369,100
369,378,13.489250,4.338369,100
369,379,13.489250,4.388369,100
315,408,10.789250,5.838369,100
256,91,7.839250,-10.011632,100
257,92,7.889250,-9.961632,100
53,408,-2.310750,5.838369,100
54,407,-2.260750,5.788369,100
383,317,14.189250,1.288368,100
29,274,-3.510750,-0.861632,100
30,273,-3.460750,-0.911632,100
30,274,-3.460750,-0.861632,100
30,275,-3.460750,-0.811632,100
31,274,-3.410750,-0.861632,100
55,412,-2.210750,6.038369,100
56,413,-2.160750,6.088369,100
57,412,-2.110750,6.038369,100
245,576,7.289250,14.238369,100
245,578,7.289250,14.338369,100
292,281,9.639250,-0.511632,100
197,270,4.889250,-1.061632,100
200,278,5.039250,-0.661632,100
201,277,5.089250,-0.711632,100
201,278,5.089250,-0.661632,100
201,279,5.089250,-0.611632,100
290,89,9.539250,-10.111632,100
290,91,9.539250,-10.011632,100
105,269,0.289250,-1.111632,100
106,268,0.339250,-1.161632,100
106,269,0.339250,-1.111632,100
106,270,0.339250,-1.061632,100
490,115,19.539250,-8.811632,100
490,116,19.539250,-8.761632,100
154,166,2.739250,-6.261632,100
290,580,9.539250,14.438369,100
291,579,9.589250,14.388369,100
291,580,9.589250,14.438369,100
363,384,13.189250,4.638369,100
364,384,13.239250,4.638369,100
364,385,13.239250,4.688369,100
176,149,3.839250,-7.111632,100
177,150,3.889250,-7.061632,100
296,285,9.839250,-0.311632,100
296,287,9.839250,-0.211632,100
297,286,9.889250,-0.261632,100
133,224,1.689250,-3.361632,100
134,224,1.739250,-3.361632,100
134,225,1.739250,-3.311632,100
135,224,1.789250,-3.361632,100
342,403,12.139250,5.588369,100
491,116,19.589250,-8.761632,100
349,296,12.489250,0.238368,100
467,478,18.389250,9.338369,100
468,479,18.439250,9.388369,100
469,478,18.489250,9.338369,100
339,292,11.989250,0.038368,100
340,291,12.039250,-0.011632,100
341,292,12.089250,0.038368,100
378,549,13.939250,12.888369,100
379,549,13.989250,12.888369,100
220,112,6.039250,-8.961632,100
221,111,6.089250,-9.011632,100
221,113,6.089250,-8.911632,100
250,400,7.539250,5.438369,100
251,399,7.589250,5.388369,100
251,400,7.589250,5.438369,100
82,442,-0.860750,7.538369,100
82,443,-0.860750,7.588369,100
83,442,-0.810750,7.538369,100
352,2,12.639250,-14.461632,100
353,1,12.689250,-14.511632,100
353,2,12.689250,-14.461632,100
353,3,12.689250,-14.411632,100
401,532,15.089250,12.038369,100
402,533,15.139250,12.088369,100
403,532,15.189250,12.038369,100
369,320,13.489250,1.438369,100
235,276,6.789250,-0.761632,100
556,326,22.839250,1.738369,100
557,326,22.889250,1.738369,100
557,327,22.889250,1.788369,100
558,326,22.939250,1.738369,100
341,294,12.089250,0.138368,100
417,23,15.889250,-13.411632,100
417,24,15.889250,-13.361632,100
418,23,15.939250,-13.411632,100
441,498,17.089250,10.338369,100
442,499,17.139250,10.388369,100
338,404,11.939250,5.638369,100
338,405,11.939250,5.688369,100
339,404,11.989250,5.638369,100
144,273,2.239250,-0.911632,100
144,274,2.239250,-0.861632,100
145,273,2.289250,-0.911632,100
91,266,-0.410750,-1.261632,100
136,234,1.839250,-2.861632,100
137,235,1.889250,-2.811632,100
138,234,1.939250,-2.861632,100
311,86,10.589250,-10.261632,100
382,375,14.139250,4.188369,100
406,12,15.339250,-13.961632,100
150,173,2.539250,-5.911632,100
233,432,6.689250,7.038369,100
234,431,6.739250,6.988369,100
234,432,6.739250,7.038369,100
234,433,6.739250,7.088369,100
235,432,6.789250,7.038369,100
347,417,12.389250,6.288369,100
348,418,12.439250,6.338369,100
270,88,8.539250,-10.161632,100
270,90,8.539250,-10.061632,100
217,118,5.889250,-8.661632,100
390,5,14.539250,-14.311632,100
390,6,14.539250,-14.261632,100
391,5,14.589250,-14.311632,100
399,9,14.989250,-14.111632,100
41,265,-2.910750,-1.311632,100
41,267,-2.910750,-1.211632,100
5,342,-4.710751,2.538369,100
6,343,-4.660751,2.588369,100
159,258,2.989250,-1.661632,100
486,203,19.339250,-4.411632,100
487,203,19.389250,-4.411632,100
487,204,19.389250,-4.361632,100
138,235,1.939250,-2.811632,100
138,236,1.939250,-2.761632,100
139,235,1.989250,-2.811632,100
313,88,10.689250,-10.161632,100
314,87,10.739250,-10.211632,100
509,146,20.489250,-7.261632,100
417,518,15.889250,11.338369,100
418,519,15.939250,11.388369,100
384,377,14.239250,4.288369,100
385,376,14.289250,4.238369,100
330,404,11.539250,5.638369,100
483,463,19.189250,8.588369,100
484,463,19.239250,8.588369,100
391,6,14.589250,-14.261632,100
391,7,14.589250,-14.211632,100
133,201,1.689250,-4.511632,100
134,202,1.739250,-4.461632,100
135,201,1.789250,-4.511632,100
430,42,16.539250,-12.461632,100
432,42,16.639250,-12.461632,100
387,346,14.389250,2.738369,100
555,339,22.789250,2.388369,100
556,339,22.839250,2.388369,100
556,340,22.839250,2.438369,100
271,580,8.589250,14.438369,100
272,579,8.639250,14.388369,100
272,580,8.639250,14.438369,100
541,404,22.089250,5.638369,100
542,405,22.139250,5.688369,100
543,404,22.189250,5.638369,100
145,175,2.289250,-5.811632,100
146,174,2.339250,-5.861632,100
146,175,2.339250,-5.811632,100
146,176,2.339250,-5.761632,100
147,175,2.389250,-5.811632,100
488,204,19.439250,-4.361632,100
488,205,19.439250,-4.311632,100
489,204,19.489250,-4.361632,100
554,378,22.739250,4.338369,100
554,379,22.739250,4.388369,100
555,378,22.789250,4.338369,100
507,446,20.389250,7.738369,100
507,447,20.389250,7.788369,100
508,446,20.439250,7.738369,100
171,269,3.589250,-1.111632,100
162,264,3.139250,-1.361632,100
163,263,3.189250,-1.411632,100
163,264,3.189250,-1.361632,100
13,284,-4.310751,-0.361632,100
14,284,-4.260751,-0.361632,100
14,285,-4.260751,-0.311632,100
129,270,1.489250,-1.061632,100
497,217,19.889250,-3.711632,100
498,217,19.939250,-3.711632,100
389,348,14.489250,2.838369,100
390,347,14.539250,2.788369,100
321,441,11.089250,7.488369,100
322,441,11.139250,7.488369,100
326,407,11.339250,5.788369,100
326,408,11.339250,5.838369,100
327,407,11.389250,5.788369,100
184,551,4.239250,12.988369,100
185,552,4.289250,13.038369,100
213,121,5.689250,-8.511632,100
214,121,5.739250,-8.511632,100
310,58,10.539250,-11.661632,100
71,267,-1.410750,-1.211632,100
318,102,10.939250,-9.461632,100
319,102,10.989250,-9.461632,100
319,103,10.989250,-9.411632,100
512,233,20.639250,-2.911632,100
513,232,20.689250,-2.961632,100
513,233,20.689250,-2.911632,100
513,234,20.689250,-2.861632,100
514,233,20.739250,-2.911632,100
257,275,7.889250,-0.811632,100
339,570,11.989250,13.938369,100
340,569,12.039250,13.888369,100
340,570,12.039250,13.938369,100
340,571,12.039250,13.988369,100
341,570,12.089250,13.938369,100
35,384,-3.210750,4.638369,100
504,188,20.239250,-5.161632,100
166,273,3.339250,-0.911632,100
166,275,3.339250,-0.811632,100
36,389,-3.160750,4.888369,100
38,389,-3.060750,4.888369,100
379,383,13.989250,4.588369,100
380,384,14.039250,4.638369,100
320,103,11.039250,-9.411632,100
320,104,11.039250,-9.361632,100
321,103,11.089250,-9.411632,100
316,443,10.839250,7.588369,100
317,443,10.889250,7.588369,100
317,444,10.889250,7.638369,100
368,1,13.439250,-14.511632,100
550,381,22.539250,4.488369,100
551,380,22.589250,4.438369,100
551,381,22.589250,4.488369,100
551,382,22.589250,4.538369,100
552,381,22.639250,4.488369,100
223,400,6.189250,5.438369,100
517,433,20.889250,7.088369,100
518,432,20.939250,7.038369,100
518,433,20.939250,7.088369,100
518,434,20.939250,7.138369,100
519,433,20.989250,7.088369,100
539,411,21.989250,5.988369,100
408,526,15.439250,11.738369,100
409,527,15.489250,11.788369,100
410,526,15.539250,11.738369,100
141,182,2.089250,-5.461632,100
142,183,2.139250,-5.411632,100
143,182,2.189250,-5.461632,100
313,288,10.689250,-0.161632,100
314,287,10.739250,-0.211632,100
314,288,10.739250,-0.161632,100
314,289,10.739250,-0.111632,100
315,288,10.789250,-0.161632,100
316,34,10.839250,-12.861632,100
317,35,10.889250,-12.811632,100
318,34,10.939250,-12.861632,100
161,160,3.089250,-6.561632,100
162,160,3.139250,-6.561632,100
285,455,9.289250,8.188369,100
286,454,9.339250,8.138369,100
286,455,9.339250,8.188369,100
286,456,9.339250,8.238369,100
470,92,18.539250,-9.961632,100
471,92,18.589250,-9.961632,100
471,93,18.589250,-9.911632,100
166,540,3.339250,12.438369,100
167,539,3.389250,12.388369,100
72,267,-1.360750,-1.211632,100
176,548,3.839250,12.838369,100
177,547,3.889250,12.788369,100
177,548,3.889250,12.838369,100
177,549,3.889250,12.888369,100
178,548,3.939250,12.838369,100
549,385,22.489250,4.688369,100
551,385,22.589250,4.688369,100
507,159,20.389250,-6.611632,100
268,402,8.439250,5.538369,100
269,401,8.489250,5.488369,100
269,402,8.489250,5.538369,100
269,403,8.489250,5.588369,100
270,402,8.539250,5.538369,100
552,310,22.639250,0.938368,100
553,310,22.689250,0.938368,100
553,311,22.689250,0.988368,100
202,277,5.139250,-0.711632,100
203,276,5.189250,-0.761632,100
109,271,0.489250,-1.011632,100
472,93,18.639250,-9.911632,100
472,94,18.639250,-9.861632,100
356,291,12.839250,-0.011632,100
388,358,14.439250,3.338369,100
388,359,14.439250,3.388369,100
389,359,14.489250,3.388369,100
347,286,12.389250,-0.261632,100
348,285,12.439250,-0.311632,100
348,286,12.439250,-0.261632,100
348,287,12.439250,-0.211632,100
359,560,12.989250,13.438369,100
359,561,12.989250,13.488369,100
360,561,13.039250,13.488369,100
386,543,14.339250,12.588369,100
387,542,14.389250,12.538369,100
387,543,14.389250,12.588369,100
528,253,21.439250,-1.911632,100
528,254,21.439250,-1.861632,100
529,253,21.489250,-1.911632,100
245,275,7.289250,-0.811632,100
246,274,7.339250,-0.861632,100
246,275,7.339250,-0.811632,100
246,276,7.339250,-0.761632,100
132,218,1.639250,-3.661632,100
134,218,1.739250,-3.661632,100
62,419,-1.860750,6.388369,100
63,418,-1.810750,6.338369,100
63,419,-1.810750,6.388369,100
63,420,-1.810750,6.438369,100
64,419,-1.760750,6.388369,100
554,356,22.739250,3.238369,100
278,457,8.939250,8.288369,100
297,285,9.889250,-0.311632,100
298,284,9.939250,-0.361632,100
298,285,9.939250,-0.311632,100
298,286,9.939250,-0.261632,100
299,285,9.989250,-0.311632,100
204,279,5.239250,-0.611632,100
410,527,15.539250,11.788369,100
411,526,15.589250,11.738369,100
376,349,13.839250,2.888369,100
377,349,13.889250,2.888369,100
377,350,13.889250,2.938369,100
378,349,13.939250,2.888369,100
351,296,12.589250,0.238368,100
294,579,9.739250,14.388369,100
361,306,13.089250,0.738368,100
362,305,13.139250,0.688368,100
362,306,13.139250,0.738368,100
362,307,13.139250,0.788368,100
363,306,13.189250,0.738368,100
341,282,12.089250,-0.461632,100
341,284,12.089250,-0.361632,100
342,283,12.139250,-0.411632,100
541,273,22.089250,-0.911632,100
542,272,22.139250,-0.961632,100
542,273,22.139250,-0.911632,100
542,274,22.139250,-0.861632,100
543,273,22.189250,-0.911632,100
146,274,2.339250,-0.861632,100
147,273,2.389250,-0.911632,100
309,72,10.489250,-10.961632,100
310,71,10.539250,-11.011632,100
493,196,19.689250,-4.761632,100
494,196,19.739250,-4.761632,100
494,197,19.739250,-4.711632,100
235,575,6.789250,14.188369,100
236,574,6.839250,14.138369,100
236,575,6.839250,14.188369,100
236,576,6.839250,14.238369,100
136,224,1.839250,-3.361632,100
137,224,1.889250,-3.361632,100
137,225,1.889250,-3.311632,100
138,224,1.939250,-3.361632,100
238,277,6.939250,-0.711632,100
363,307,13.189250,0.788368,100
363,308,13.189250,0.838368,100
364,307,13.239250,0.788368,100
254,399,7.739250,5.388369,100
339,403,11.989250,5.588369,100
340,404,12.039250,5.638369,100
240,281,7.039250,-0.511632,100
241,282,7.089250,-0.461632,100
289,92,9.489250,-9.961632,100
289,93,9.489250,-9.911632,100
449,494,17.489250,10.138369,100
356,1,12.839250,-14.511632,100
356,3,12.839250,-14.411632,100
357,2,12.889250,-14.461632,100
506,171,20.339250,-6.011632,100
507,172,20.389250,-5.961632,100
508,171,20.439250,-6.011632,100
284,279,9.239250,-0.611632,100
284,280,9.239250,-0.561632,100
401,9,15.089250,-14.111632,100
188,270,4.439250,-1.061632,100
189,269,4.489250,-1.111632,100
189,270,4.489250,-1.061632,100
189,271,4.489250,-1.011632,100
190,270,4.539250,-1.061632,100
529,420,21.489250,6.438369,100
530,421,21.539250,6.488369,100
555,329,22.789250,1.888369,100
556,328,22.839250,1.838369,100
556,329,22.839250,1.888369,100
147,274,2.389250,-0.861632,100
387,336,14.389250,2.238369,100
388,337,14.439250,2.288369,100
389,336,14.489250,2.238369,100
153,169,2.689250,-6.111632,100
154,168,2.739250,-6.161632,100
154,169,2.739250,-6.111632,100
154,170,2.739250,-6.061632,100
155,169,2.789250,-6.111632,100
321,574,11.089250,14.138369,100
321,576,11.089250,14.238369,100
139,234,1.989250,-2.861632,100
140,235,2.039250,-2.811632,100
141,234,2.089250,-2.861632,100
378,550,13.939250,12.938369,100
378,551,13.939250,12.988369,100
379,551,13.989250,12.988369,100
229,573,6.489250,14.088369,100
230,572,6.539250,14.038369,100
230,573,6.539250,14.088369,100
89,269,-0.510750,-1.111632,100
557,338,22.889250,2.338369,100
336,290,11.839250,-0.061632,100
337,289,11.889250,-0.111632,100
337,290,11.889250,-0.061632,100
242,97,7.139250,-9.711632,100
243,96,7.189250,-9.761632,100
243,97,7.189250,-9.711632,100
243,98,7.189250,-9.661632,100
244,97,7.239250,-9.711632,100
542,395,22.139250,5.188369,100
543,395,22.189250,5.188369,100
543,396,22.189250,5.238369,100
549,288,22.489250,-0.161632,100
549,289,22.489250,-0.111632,100
550,289,22.539250,-0.111632,100
141,235,2.089250,-2.811632,100
141,236,2.089250,-2.761632,100
142,235,2.139250,-2.811632,100
415,25,15.789250,-13.311632,100
416,24,15.839250,-13.361632,100
416,25,15.839250,-13.311632,100
416,26,15.839250,-13.261632,100
417,25,15.889250,-13.311632,100
308,48,10.439250,-12.161632,100
278,285,8.939250,-0.311632,100
279,286,8.989250,-0.261632,100
317,577,10.889250,14.288369,100
317,578,10.889250,14.338369,100
318,577,10.939250,14.288369,100
226,278,6.339250,-0.661632,100
110,475,0.539250,9.188369,100
136,201,1.839250,-4.511632,100
137,202,1.889250,-4.461632,100
138,201,1.939250,-4.511632,100
386,1,14.339250,-14.511632,100
387,2,14.389250,-14.461632,100
275,579,8.789250,14.388369,100
415,519,15.789250,11.388369,100
416,518,15.839250,11.338369,100
416,519,15.839250,11.388369,100
416,520,15.839250,11.438369,100
417,519,15.889250,11.388369,100
490,204,19.539250,-4.361632,100
491,204,19.589250,-4.361632,100
491,205,19.589250,-4.311632,100
233,399,6.689250,5.388369,100
234,398,6.739250,5.338369,100
234,399,6.739250,5.388369,100
234,400,6.739250,5.438369,100
268,91,8.439250,-10.011632,100
269,91,8.489250,-10.011632,100
269,92,8.489250,-9.961632,100
270,91,8.539250,-10.011632,100
155,256,2.789250,-1.761632,100
322,104,11.139250,-9.361632,100
323,103,11.189250,-9.411632,100
324,437,11.239250,7.288369,100
325,437,11.289250,7.288369,100
325,438,11.289250,7.338369,100
526,428,21.339250,6.838369,100
527,427,21.389250,6.788369,100
218,275,5.939250,-0.811632,100
387,4,14.389250,-14.361632,100
417,520,15.889250,11.438369,100
417,521,15.889250,11.488369,100
418,520,15.939250,11.438369,100
383,378,14.189250,4.338369,100
384,378,14.239250,4.338369,100
553,299,22.689250,0.388368,100
309,579,10.489250,14.388369,100
375,339,13.789250,2.388369,100
376,340,13.839250,2.438369,100
377,339,13.889250,2.388369,100
126,272,1.339250,-0.961632,100
127,273,1.389250,-0.911632,100
205,565,5.289250,13.688369,100
482,465,19.139250,8.688369,100
483,464,19.189250,8.638369,100
483,465,19.189250,8.688369,100
483,466,19.189250,8.738369,100
484,465,19.239250,8.688369,100
147,250,2.389250,-2.061632,100
147,251,2.389250,-2.011632,100
148,250,2.439250,-2.061632,100
74,267,-1.260750,-1.211632,100
442,55,17.139250,-11.811632,100
442,56,17.139250,-11.761632,100
443,55,17.189250,-11.811632,100
18,365,-4.060751,3.688369,100
18,366,-4.060751,3.738369,100
19,365,-4.010751,3.688369,100
197,561,4.889250,13.488369,100
198,562,4.939250,13.538369,100
199,561,4.989250,13.488369,100
193,137,4.689250,-7.711632,100
507,149,20.389250,-7.111632,100
221,280,6.089250,-0.561632,100
222,281,6.139250,-0.511632,100
452,69,17.639250,-11.111632,100
453,68,17.689250,-11.161632,100
399,532,14.989250,12.038369,100
399,533,14.989250,12.088369,100
400,533,15.039250,12.088369,100
169,273,3.489250,-0.911632,100
370,299,13.539250,0.388368,100
148,251,2.439250,-2.011632,100
19,366,-4.010751,3.738369,100
20,366,-3.960751,3.738369,100
509,230,20.489250,-3.061632,100
509,231,20.489250,-3.011632,100
510,230,20.539250,-3.061632,100
139,511,1.989250,10.988369,100
139,512,1.989250,11.038369,100
140,511,2.039250,10.988369,100
180,548,4.039250,12.838369,100
181,549,4.089250,12.888369,100
190,558,4.539250,13.338369,100
191,558,4.589250,13.338369,100
191,559,4.589250,13.388369,100
271,403,8.589250,5.588369,100
272,402,8.639250,5.538369,100
272,403,8.639250,5.588369,100
272,404,8.639250,5.638369,100
150,256,2.539250,-1.761632,100
151,256,2.589250,-1.761632,100
151,257,2.589250,-1.711632,100
152,256,2.639250,-1.761632,100
132,208,1.639250,-4.161632,100
134,208,1.739250,-4.161632,100
306,95,10.339250,-9.811632,100
307,94,10.389250,-9.861632,100
307,95,10.389250,-9.811632,100
307,96,10.389250,-9.761632,100
308,95,10.439250,-9.811632,100
212,271,5.639250,-1.011632,100
212,273,5.639250,-0.911632,100
522,433,21.139250,7.088369,100
254,579,7.739250,14.388369,100
255,578,7.789250,14.338369,100
255,579,7.789250,14.388369,100
255,580,7.789250,14.438369,100
256,579,7.839250,14.388369,100
453,70,17.689250,-11.061632,100
289,454,9.489250,8.138369,100
289,456,9.489250,8.238369,100
264,281,8.239250,-0.511632,100
264,282,8.239250,-0.461632,100
140,512,2.039250,11.038369,100
141,512,2.089250,11.038369,100
335,570,11.789250,13.938369,100
173,544,3.689250,12.638369,100
159,161,2.989250,-6.511632,100
160,160,3.039250,-6.561632,100
160,161,3.039250,-6.511632,100
160,162,3.039250,-6.461632,100
161,161,3.089250,-6.511632,100
501,190,20.089250,-5.061632,100
502,191,20.139250,-5.011632,100
503,190,20.189250,-5.061632,100
358,407,12.939250,5.788369,100
359,406,12.989250,5.738369,100
359,407,12.989250,5.788369,100
359,408,12.989250,5.838369,100
360,407,13.039250,5.788369,100
309,62,10.489250,-11.461632,100
310,61,10.539250,-11.511632,100
378,385,13.939250,4.688369,100
379,384,13.989250,4.638369,100
379,385,13.989250,4.688369,100
379,386,13.989250,4.738369,100
380,385,14.039250,4.688369,100
379,350,13.989250,2.938369,100
380,351,14.039250,2.988369,100
381,350,14.089250,2.938369,100
112,269,0.639250,-1.111632,100
62,265,-1.860750,-1.311632,100
63,265,-1.810750,-1.311632,100
63,266,-1.810750,-1.261632,100
64,265,-1.760750,-1.311632,100
477,98,18.889250,-9.661632,100
478,97,18.939250,-9.711632,100
478,98,18.939250,-9.661632,100
478,99,18.939250,-9.611632,100
479,98,18.989250,-9.661632,100
249,274,7.489250,-0.861632,100
249,276,7.489250,-0.761632,100
173,546,3.689250,12.738369,100
174,545,3.739250,12.688369,100
456,489,17.839250,9.888369,100
548,387,22.439250,4.788369,100
161,162,3.089250,-6.461632,100
161,163,3.089250,-6.411632,100
162,162,3.139250,-6.461632,100
259,284,7.989250,-0.361632,100
260,284,8.039250,-0.361632,100
260,285,8.039250,-0.311632,100
226,107,6.339250,-9.211632,100
227,106,6.389250,-9.261632,100
227,107,6.389250,-9.211632,100
227,108,6.389250,-9.161632,100
228,107,6.439250,-9.211632,100
207,279,5.389250,-0.611632,100
158,272,2.939250,-0.961632,100
158,273,2.939250,-0.911632,100
159,273,2.989250,-0.911632,100
330,573,11.539250,14.088369,100
331,574,11.589250,14.138369,100
191,269,4.589250,-1.111632,100
191,270,4.589250,-1.061632,100
191,271,4.589250,-1.011632,100
192,270,4.639250,-1.061632,100
517,436,20.889250,7.238369,100
518,435,20.939250,7.188369,100
518,436,20.939250,7.238369,100
518,437,20.939250,7.288369,100
519,436,20.989250,7.238369,100
283,89,9.189250,-10.111632,100
284,88,9.239250,-10.161632,100
284,89,9.239250,-10.111632,100
284,90,9.239250,-10.061632,100
285,89,9.289250,-10.111632,100
59,416,-2.010750,6.238369,100
302,285,10.139250,-0.311632,100
553,358,22.689250,3.338369,100
554,358,22.739250,3.338369,100
554,359,22.739250,3.388369,100
3,300,-4.810751,0.438368,100
4,299,-4.760751,0.388368,100
5,300,-4.710751,0.438368,100
385,365,14.289250,3.688369,100
192,271,4.639250,-1.011632,100
192,272,4.639250,-0.961632,100
24,277,-3.760751,-0.711632,100
24,278,-3.760751,-0.661632,100
25,278,-3.710750,-0.661632,100
554,323,22.739250,1.588369,100
556,323,22.839250,1.588369,100
268,454,8.439250,8.138369,100
269,453,8.489250,8.088369,100
269,455,8.489250,8.188369,100
257,399,7.889250,5.388369,100
244,280,7.239250,-0.561632,100
55,266,-2.210750,-1.261632,100
222,114,6.139250,-8.861632,100
223,113,6.189250,-8.911632,100
375,393,13.789250,5.088369,100
240,575,7.039250,14.188369,100
240,577,7.039250,14.288369,100
287,278,9.389250,-0.661632,100
287,280,9.389250,-0.561632,100
307,73,10.389250,-10.911632,100
308,73,10.439250,-10.911632,100
308,74,10.439250,-10.861632,100
387,367,14.389250,3.788369,100
388,366,14.439250,3.738369,100
331,430,11.589250,6.938369,100
332,431,11.639250,6.988369,100
140,271,2.039250,-1.011632,100
140,273,2.039250,-0.911632,100
200,132,5.039250,-7.961632,100
354,5,12.739250,-14.311632,100
355,4,12.789250,-14.361632,100
355,5,12.789250,-14.311632,100
355,6,12.789250,-14.261632,100
356,5,12.839250,-14.311632,100
270,456,8.539250,8.238369,100
245,283,7.289250,-0.411632,100
285,88,9.289250,-10.161632,100
311,43,10.589250,-12.411632,100
312,43,10.639250,-12.411632,100
312,44,10.639250,-12.361632,100
228,274,6.439250,-0.861632,100
229,273,6.489250,-0.911632,100
230,274,6.539250,-0.861632,100
489,458,19.489250,8.338369,100
490,458,19.539250,8.338369,100
490,459,19.539250,8.388369,100
423,513,16.189250,11.088369,100
424,513,16.239250,11.088369,100
424,514,16.239250,11.138369,100
318,576,10.939250,14.238369,100
319,576,10.989250,14.238369,100
319,577,10.989250,14.288369,100
389,2,14.489250,-14.461632,100
390,3,14.539250,-14.411632,100
351,566,12.589250,13.738369,100
263,451,8.189250,7.988369,100
323,282,11.189250,-0.461632,100
324,283,11.239250,-0.411632,100
95,460,-0.210750,8.438369,100
96,459,-0.160750,8.388369,100
230,276,6.539250,-0.761632,100
545,395,22.289250,5.188369,100
546,394,22.339250,5.138369,100
546,395,22.339250,5.188369,100
546,396,22.339250,5.238369,100
547,395,22.389250,5.188369,100
371,398,13.589250,5.338369,100
135,231,1.789250,-3.011632,100
136,232,1.839250,-2.961632,100
137,231,1.889250,-3.011632,100
375,329,13.789250,1.888369,100
376,330,13.839250,1.938369,100
377,329,13.889250,1.888369,100
196,132,4.839250,-7.961632,100
196,133,4.839250,-7.911632,100
282,286,9.139250,-0.261632,100
310,83,10.539250,-10.411632,100
327,437,11.389250,7.288369,100
315,88,10.789250,-10.161632,100
278,579,8.939250,14.388369,100
235,434,6.789250,7.138369,100
236,433,6.839250,7.088369,100
236,434,6.839250,7.138369,100
236,435,6.839250,7.188369,100
237,434,6.889250,7.138369,100
237,398,6.889250,5.338369,100
43,267,-2.810750,-1.211632,100
43,269,-2.810750,-1.111632,100
44,268,-2.760750,-1.161632,100
432,45,16.639250,-12.311632,100
433,46,16.689250,-12.261632,100
434,45,16.739250,-12.311632,100
119,488,0.989250,9.838369,100
120,487,1.039250,9.788369,100
120,488,1.039250,9.838369,100
120,489,1.039250,9.888369,100
121,488,1.089250,9.838369,100
169,263,3.489250,-1.411632,100
463,483,18.189250,9.588369,100
266,278,8.339250,-0.661632,100
267,279,8.389250,-0.611632,100
268,278,8.439250,-0.661632,100
153,255,2.689250,-1.811632,100
154,256,2.739250,-1.761632,100
307,50,10.389250,-12.061632,100
308,50,10.439250,-12.061632,100
308,51,10.439250,-12.011632,100
238,401,6.939250,5.488369,100
378,339,13.939250,2.388369,100
380,339,14.039250,2.388369,100
434,47,16.739250,-12.211632,100
10,356,-4.460751,3.238369,100
557,341,22.889250,2.488369,100
558,341,22.939250,2.488369,100
558,342,22.939250,2.538369,100
554,375,22.739250,4.188369,100
121,489,1.089250,9.888369,100
550,302,22.539250,0.538368,100
551,303,22.589250,0.588368,100
552,302,22.639250,0.538368,100
167,155,3.389250,-6.811632,100
168,154,3.439250,-6.861632,100
168,155,3.439250,-6.811632,100
168,156,3.439250,-6.761632,100
309,279,10.489250,-0.611632,100
320,290,11.039250,-0.061632,100
459,483,17.989250,9.588369,100
459,484,17.989250,9.638369,100
460,484,18.039250,9.638369,100
369,555,13.489250,13.188369,100
370,556,13.539250,13.238369,100
202,561,5.139250,13.488369,100
378,1,13.939250,-14.511632,100
378,2,13.939250,-14.461632,100
379,1,13.989250,-14.511632,100
458,75,17.939250,-10.811632,100
459,74,17.989250,-10.861632,100
459,75,17.989250,-10.811632,100
459,76,17.989250,-10.761632,100
460,75,18.039250,-10.811632,100
13,362,-4.310751,3.538369,100
14,362,-4.260751,3.538369,100
14,363,-4.260751,3.588369,100
193,558,4.689250,13.338369,100
194,557,4.739250,13.288369,100
195,558,4.789250,13.338369,100
275,404,8.789250,5.638369,100
135,208,1.789250,-4.161632,100
137,208,1.889250,-4.161632,100
235,100,6.789250,-9.561632,100
257,579,7.889250,14.388369,100
258,578,7.939250,14.338369,100
258,579,7.939250,14.388369,100
258,580,7.939250,14.438369,100
209,273,5.489250,-0.911632,100
210,273,5.539250,-0.911632,100
210,274,5.539250,-0.861632,100
365,297,13.289250,0.288368,100
366,296,13.339250,0.238368,100
135,508,1.789250,10.838369,100
135,509,1.789250,10.888369,100
527,250,21.389250,-2.061632,100
496,452,19.839250,8.038369,100
497,451,19.889250,7.988369,100
497,452,19.889250,8.038369,100
497,453,19.889250,8.088369,100
498,452,19.939250,8.038369,100
186,555,4.339250,13.188369,100
187,554,4.389250,13.138369,100
187,555,4.389250,13.188369,100
187,556,4.389250,13.238369,100
0,320,-4.960751,1.438369,100
0,321,-4.960751,1.488369,100
65,265,-1.710750,-1.311632,100
66,266,-1.660750,-1.261632,100
316,30,10.839250,-13.061632,100
316,31,10.839250,-13.011632,100
311,406,10.589250,5.738369,100
312,405,10.639250,5.688369,100
206,124,5.339250,-8.361632,100
207,124,5.389250,-8.361632,100
306,62,10.339250,-11.461632,100
307,62,10.389250,-11.461632,100
307,63,10.389250,-11.411632,100
31,272,-3.410750,-0.961632,100
32,271,-3.360750,-1.011632,100
32,273,-3.360750,-0.911632,100
473,94,18.689250,-9.861632,100
473,95,18.689250,-9.811632,100
40,392,-2.960750,5.038369,100
40,393,-2.960750,5.088369,100
41,392,-2.910750,5.038369,100
544,391,22.239250,4.988369,100
530,256,21.539250,-1.761632,100
530,257,21.539250,-1.711632,100
531,256,21.589250,-1.761632,100
313,408,10.689250,5.838369,100
308,63,10.439250,-11.411632,100
309,63,10.489250,-11.411632,100
253,92,7.689250,-9.961632,100
254,91,7.739250,-10.011632,100
378,386,13.939250,4.738369,100
378,387,13.939250,4.788369,100
379,387,13.989250,4.788369,100
495,118,19.789250,-8.661632,100
496,118,19.839250,-8.661632,100
432,506,16.639250,10.738369,100
432,508,16.639250,10.838369,100
433,507,16.689250,10.788369,100
474,95,18.739250,-9.811632,100
195,272,4.789250,-0.961632,100
496,119,19.839250,-8.611632,100
496,120,19.839250,-8.561632,100
497,119,19.889250,-8.611632,100
354,299,12.739250,0.388368,100
104,268,0.239250,-1.161632,100
104,269,0.239250,-1.111632,100
304,579,10.239250,14.388369,100
304,580,10.239250,14.438369,100
438,503,16.939250,10.588369,100
364,308,13.239250,0.838368,100
364,309,13.239250,0.888368,100
365,308,13.289250,0.838368,100
498,124,19.939250,-8.361632,100
499,123,19.989250,-8.411632,100
499,124,19.989250,-8.361632,100
499,125,19.989250,-8.311632,100
500,124,20.039250,-8.361632,100
383,323,14.189250,1.588369,100
384,323,14.239250,1.588369,100
384,324,14.239250,1.638369,100
385,323,14.289250,1.588369,100
290,278,9.539250,-0.661632,100
290,280,9.539250,-0.561632,100
136,221,1.839250,-3.511632,100
470,474,18.539250,9.138369,100
273,454,8.689250,8.138369,100
273,456,8.689250,8.238369,100
198,277,4.939250,-0.711632,100
199,276,4.989250,-0.761632,100
199,277,4.989250,-0.711632,100
199,278,4.989250,-0.661632,100
200,277,5.039250,-0.711632,100
231,274,6.589250,-0.861632,100
232,273,6.639250,-0.911632,100
346,297,12.339250,0.288368,100
365,309,13.289250,0.888368,100
365,310,13.289250,0.938368,100
366,309,13.339250,0.888368,100
337,292,11.889250,0.038368,100
338,293,11.939250,0.088368,100
327,17,11.389250,-13.711632,100
76,436,-1.160750,7.238369,100
77,435,-1.110750,7.188369,100
362,385,13.139250,4.688369,100
363,385,13.189250,4.688369,100
363,386,13.189250,4.738369,100
307,449,10.389250,7.888369,100
308,448,10.439250,7.838369,100
308,449,10.439250,7.888369,100
308,450,10.439250,7.938369,100
309,449,10.489250,7.888369,100
141,237,2.089250,-2.711632,100
142,236,2.139250,-2.761632,100
143,237,2.189250,-2.711632,100
176,151,3.839250,-7.011632,100
215,405,5.789250,5.688369,100
375,394,13.789250,5.138369,100
327,283,11.389250,-0.411632,100
386,369,14.339250,3.888369,100
387,368,14.389250,3.838369,100
386,333,14.339250,2.088369,100
233,276,6.689250,-0.761632,100
378,364,13.939250,3.638369,100
379,364,13.989250,3.638369,100
489,201,19.489250,-4.511632,100
422,515,16.139250,11.188369,100
423,514,16.189250,11.138369,100
423,515,16.189250,11.188369,100
423,516,16.189250,11.238369,100
424,515,16.239250,11.188369,100
285,284,9.289250,-0.361632,100
558,331,22.939250,1.988369,100
236,279,6.839250,-0.611632,100
237,280,6.889250,-0.561632,100
552,365,22.639250,3.688369,100
46,264,-2.660750,-1.361632,100
47,263,-2.610750,-1.411632,100
47,264,-2.610750,-1.361632,100
47,265,-2.610750,-1.311632,100
48,264,-2.560750,-1.361632,100
174,270,3.739250,-1.061632,100
175,271,3.789250,-1.011632,100
224,570,6.239250,13.938369,100
224,572,6.239250,14.038369,100
225,571,6.289250,13.988369,100
240,398,7.039250,5.338369,100
547,286,22.389250,-0.261632,100
548,285,22.439250,-0.311632,100
548,286,22.439250,-0.261632,100
548,287,22.439250,-0.211632,100
549,286,22.489250,-0.261632,100
372,556,13.639250,13.238369,100
373,555,13.689250,13.188369,100
358,390,12.939250,4.938369,100
270,279,8.539250,-0.611632,100
346,7,12.339250,-14.211632,100
346,9,12.339250,-14.111632,100
347,8,12.389250,-14.161632,100
394,538,14.739250,12.338369,100
395,539,14.789250,12.388369,100
460,483,18.039250,9.588369,100
461,484,18.089250,9.638369,100
147,172,2.389250,-5.961632,100
148,171,2.439250,-6.011632,100
149,172,2.489250,-5.961632,100
231,431,6.589250,6.988369,100
232,431,6.639250,6.988369,100
232,432,6.639250,7.038369,100
233,431,6.689250,6.988369,100
347,419,12.389250,6.388369,100
178,276,3.939250,-0.761632,100
179,276,3.989250,-0.761632,100
179,277,3.989250,-0.711632,100
508,151,20.439250,-7.011632,100
510,151,20.539250,-7.011632,100
553,302,22.689250,0.538368,100
554,301,22.739250,0.488368,100
554,302,22.739250,0.538368,100
554,303,22.739250,0.588368,100
555,302,22.789250,0.538368,100
322,100,11.139250,-9.561632,100
116,486,0.839250,9.738369,100
117,485,0.889250,9.688369,100
505,447,20.289250,7.788369,100
148,253,2.439250,-1.911632,100
149,254,2.489250,-1.861632,100
150,253,2.539250,-1.911632,100
323,290,11.189250,-0.061632,100
159,262,2.989250,-1.461632,100
160,261,3.039250,-1.511632,100
160,262,3.039250,-1.461632,100
160,263,3.039250,-1.411632,100
161,262,3.089250,-1.461632,100
212,274,5.639250,-0.861632,100
213,274,5.689250,-0.861632,100
213,275,5.689250,-0.811632,100
214,274,5.739250,-0.861632,100
380,1,14.039250,-14.511632,100
381,0,14.089250,-14.561632,100
381,1,14.089250,-14.511632,100
381,2,14.089250,-14.461632,100
453,71,17.689250,-11.011632,100
454,71,17.739250,-11.011632,100
454,72,17.739250,-10.961632,100
278,402,8.939250,5.538369,100
278,404,8.939250,5.638369,100
318,26,10.939250,-13.261632,100
319,26,10.989250,-13.261632,100
319,27,10.989250,-13.211632,100
229,397,6.489250,5.288369,100
229,398,6.489250,5.338369,100
230,398,6.539250,5.338369,100
508,226,20.439250,-3.261632,100
324,106,11.239250,-9.261632,100
325,105,11.289250,-9.311632,100
325,106,11.289250,-9.261632,100
261,578,8.089250,14.338369,100
161,263,3.089250,-1.411632,100
161,264,3.089250,-1.361632,100
162,263,3.139250,-1.411632,100
390,356,14.539250,3.238369,100
338,569,11.939250,13.888369,100
32,382,-3.360750,4.538369,100
378,342,13.939250,2.538369,100
379,342,13.989250,2.538369,100
379,343,13.989250,2.588369,100
380,342,14.039250,2.538369,100
455,72,17.789250,-10.961632,100
455,73,17.789250,-10.911632,100
456,72,17.839250,-10.961632,100
162,538,3.139250,12.338369,100
163,538,3.189250,12.338369,100
163,539,3.189250,12.388369,100
372,304,13.639250,0.638368,100
373,303,13.689250,0.588368,100
142,514,2.139250,11.138369,100
182,550,4.139250,12.938369,100
183,551,4.189250,12.988369,100
500,452,20.039250,8.038369,100
500,453,20.039250,8.088369,100
510,232,20.539250,-2.961632,100
511,231,20.589250,-3.011632,100
511,232,20.589250,-2.961632,100
511,233,20.589250,-2.911632,100
512,232,20.639250,-2.961632,100
368,377,13.439250,4.288369,100
557,348,22.889250,2.838369,100
557,349,22.889250,2.888369,100
558,348,22.939250,2.838369,100
315,405,10.789250,5.688369,100
221,400,6.089250,5.438369,100
338,425,11.939250,6.688369,100
339,426,11.989250,6.738369,100
284,454,9.239250,8.138369,100
344,285,12.239250,-0.311632,100
345,286,12.289250,-0.261632,100
259,281,7.989250,-0.511632,100
259,283,7.989250,-0.411632,100
430,510,16.539250,10.938369,100
431,509,16.589250,10.888369,100
135,211,1.789250,-4.011632,100
136,211,1.839250,-4.011632,100
137,211,1.889250,-4.011632,100
316,408,10.839250,5.838369,100
201,276,5.089250,-0.761632,100
510,164,20.539250,-6.361632,100
314,33,10.739250,-12.911632,100
315,34,10.789250,-12.861632,100
164,537,3.239250,12.288369,100
553,315,22.689250,1.188368,100
554,315,22.739250,1.188368,100
554,316,22.739250,1.238368,100
206,125,5.339250,-8.311632,100
207,126,5.389250,-8.261632,100
335,12,11.789250,-13.961632,100
57,413,-2.110750,6.088369,100
58,412,-2.060750,6.038369,100
250,577,7.539250,14.288369,100
250,579,7.539250,14.388369,100
338,281,11.939250,-0.511632,100
338,283,11.939250,-0.411632,100
339,282,11.989250,-0.461632,100
133,223,1.689250,-3.411632,100
135,223,1.789250,-3.411632,100
342,400,12.139250,5.438369,100
107,268,0.389250,-1.161632,100
555,361,22.789250,3.488369,100
556,362,22.839250,3.538369,100
557,361,22.889250,3.488369,100
362,0,13.139250,-14.561632,100
362,2,13.139250,-14.461632,100
363,1,13.189250,-14.511632,100
535,266,21.789250,-1.261632,100
58,413,-2.060750,6.088369,100
59,413,-2.010750,6.088369,100
292,579,9.639250,14.388369,100
286,92,9.339250,-9.961632,100
309,448,10.489250,7.838369,100
310,449,10.539250,7.888369,100
2,333,-4.860751,2.088369,100
3,332,-4.810751,2.038369,100
178,150,3.939250,-7.061632,100
179,149,3.989250,-7.111632,100
49,263,-2.510750,-1.411632,100
49,264,-2.510750,-1.361632,100
49,265,-2.510750,-1.311632,100
50,264,-2.460750,-1.361632,100
61,418,-1.910750,6.338369,100
61,419,-1.910750,6.388369,100
62,418,-1.860750,6.338369,100
297,287,9.889250,-0.211632,100
233,575,6.689250,14.188369,100
234,576,6.739250,14.238369,100
202,276,5.139250,-0.761632,100
556,325,22.839250,1.688369,100
558,325,22.939250,1.688369,100
349,295,12.489250,0.188368,100
353,411,12.689250,5.988369,100
354,412,12.739250,6.038369,100
341,291,12.089250,-0.011632,100
342,292,12.139250,0.038368,100
494,121,19.739250,-8.511632,100
495,120,19.789250,-8.561632,100
495,121,19.789250,-8.511632,100
495,122,19.789250,-8.461632,100
338,402,11.939250,5.538369,100
144,271,2.239250,-1.011632,100
540,272,22.039250,-0.961632,100
540,273,22.039250,-0.911632,100
541,272,22.089250,-0.961632,100
511,439,20.589250,7.388369,100
512,439,20.639250,7.388369,100
354,1,12.739250,-14.511632,100
354,3,12.739250,-14.411632,100
492,197,19.639250,-4.711632,100
493,197,19.689250,-4.711632,100
493,198,19.689250,-4.661632,100
403,533,15.189250,12.088369,100
310,75,10.539250,-10.811632,100
311,75,10.589250,-10.811632,100
212,408,5.639250,5.838369,100
213,408,5.689250,5.838369,100
213,409,5.689250,5.888369,100
214,408,5.739250,5.838369,100
139,193,1.989250,-4.911632,100
140,193,2.039250,-4.911632,100
6,342,-4.660751,2.538369,100
145,274,2.289250,-0.861632,100
420,28,16.039250,-13.161632,100
421,27,16.089250,-13.211632,100
421,28,16.089250,-13.161632,100
421,29,16.089250,-13.111632,100
422,28,16.139250,-13.161632,100
363,311,13.189250,0.988368,100
364,310,13.239250,0.938368,100
364,311,13.239250,0.988368,100
364,312,13.239250,1.038368,100
365,311,13.289250,0.988368,100
314,86,10.739250,-10.261632,100
235,576,6.789250,14.238369,100
376,550,13.839250,12.938369,100
376,551,13.839250,12.988369,100
362,386,13.139250,4.738369,100
362,387,13.139250,4.788369,100
363,387,13.189250,4.788369,100
399,8,14.989250,-14.161632,100
271,88,8.589250,-10.161632,100
271,90,8.589250,-10.061632,100
86,268,-0.660750,-1.161632,100
87,269,-0.610750,-1.111632,100
555,338,22.789250,2.338369,100
374,326,13.739250,1.738369,100
375,325,13.789250,1.688369,100
375,326,13.789250,1.738369,100
410,19,15.539250,-13.611632,100
265,454,8.289250,8.138369,100
265,455,8.289250,8.188369,100
266,454,8.339250,8.138369,100
361,391,13.089250,4.988369,100
362,391,13.139250,4.988369,100
96,461,-0.160750,8.488369,100
97,462,-0.110750,8.538369,100
98,461,-0.060750,8.488369,100
422,29,16.139250,-13.111632,100
423,29,16.189250,-13.111632,100
273,279,8.689250,-0.611632,100
546,289,22.339250,-0.111632,100
547,288,22.389250,-0.161632,100
547,289,22.389250,-0.111632,100
224,272,6.239250,-0.961632,100
224,274,6.239250,-0.861632,100
225,273,6.289250,-0.911632,100
182,277,4.139250,-0.711632,100
392,5,14.639250,-14.311632,100
392,7,14.639250,-14.211632,100
433,42,16.689250,-12.461632,100
411,19,15.589250,-13.611632,100
390,346,14.539250,2.738369,100
12,360,-4.360751,3.438369,100
326,405,11.339250,5.688369,100
327,406,11.389250,5.738369,100
319,280,10.989250,-0.561632,100
319,281,10.989250,-0.511632,100
320,281,11.039250,-0.511632,100
344,419,12.239250,6.388369,100
345,419,12.289250,6.388369,100
345,420,12.289250,6.438369,100
267,92,8.389250,-9.961632,100
435,48,16.789250,-12.161632,100
436,47,16.839250,-12.211632,100
2,310,-4.860751,0.938368,100
3,310,-4.810751,0.938368,100
3,311,-4.810751,0.988368,100
357,394,12.889250,5.138369,100
277,283,8.889250,-0.411632,100
277,284,8.889250,-0.361632,100
216,275,5.839250,-0.811632,100
236,104,6.839250,-9.361632,100
309,52,10.489250,-11.961632,100
310,53,10.539250,-11.911632,100
311,52,10.589250,-11.961632,100
339,569,11.989250,13.888369,100
340,568,12.039250,13.838369,100
341,569,12.089250,13.888369,100
549,299,22.489250,0.388368,100
13,361,-4.310751,3.488369,100
147,174,2.389250,-5.861632,100
436,48,16.839250,-12.161632,100
436,49,16.839250,-12.111632,100
437,48,16.889250,-12.161632,100
501,222,20.089250,-3.461632,100
502,223,20.139250,-3.411632,100
125,273,1.289250,-0.911632,100
358,394,12.939250,5.138369,100
358,395,12.939250,5.188369,100
311,98,10.589250,-9.661632,100
312,97,10.639250,-9.711632,100
312,98,10.639250,-9.661632,100
312,99,10.639250,-9.611632,100
313,98,10.689250,-9.661632,100
504,448,20.239250,7.838369,100
505,448,20.289250,7.838369,100
523,426,21.189250,6.738369,100
524,426,21.239250,6.738369,100
262,278,8.139250,-0.661632,100
341,571,12.089250,13.988369,100
342,570,12.139250,13.938369,100
327,405,11.389250,5.688369,100
328,406,11.439250,5.738369,100
313,287,10.689250,-0.211632,100
314,286,10.739250,-0.261632,100
315,287,10.789250,-0.211632,100
219,280,5.989250,-0.561632,100
220,279,6.039250,-0.611632,100
220,280,6.039250,-0.561632,100
220,281,6.039250,-0.511632,100
510,154,20.539250,-6.861632,100
503,223,20.189250,-3.411632,100
167,273,3.389250,-0.911632,100
39,389,-3.010750,4.888369,100
176,547,3.839250,12.788369,100
177,546,3.889250,12.738369,100
178,547,3.939250,12.788369,100
553,305,22.689250,0.688368,100
554,304,22.739250,0.638368,100
554,305,22.739250,0.688368,100
555,305,22.789250,0.688368,100
318,444,10.939250,7.638369,100
313,100,10.689250,-9.561632,100
304,95,10.239250,-9.811632,100
305,94,10.289250,-9.861632,100
305,95,10.289250,-9.811632,100
305,96,10.289250,-9.761632,100
498,189,19.939250,-5.111632,100
499,189,19.989250,-5.111632,100
499,190,19.989250,-5.061632,100
552,309,22.639250,0.888368,100
477,471,18.889250,8.988369,100
315,289,10.789250,-0.111632,100
316,288,10.839250,-0.161632,100
356,288,12.839250,-0.161632,100
387,358,14.389250,3.338369,100
287,454,9.389250,8.138369,100
287,456,9.389250,8.238369,100
347,285,12.389250,-0.311632,100
348,284,12.439250,-0.361632,100
349,285,12.489250,-0.311632,100
137,512,1.889250,11.038369,100
138,512,1.939250,11.038369,100
138,513,1.939250,11.088369,100
474,97,18.739250,-9.711632,100
475,98,18.789250,-9.661632,100
197,562,4.889250,13.538369,100
42,395,-2.860750,5.188369,100
270,401,8.539250,5.488369,100
270,403,8.539250,5.588369,100
271,402,8.589250,5.538369,100
1,322,-4.910751,1.538369,100
2,322,-4.860751,1.538369,100
2,323,-4.860751,1.588369,100
3,322,-4.810751,1.538369,100
519,431,20.989250,6.988369,100
519,432,20.989250,7.038369,100
376,348,13.839250,2.838369,100
378,348,13.939250,2.838369,100
384,546,14.239250,12.738369,100
384,547,14.239250,12.788369,100
384,548,14.239250,12.838369,100
385,547,14.289250,12.788369,100
363,0,13.189250,-14.561632,100
364,0,13.239250,-14.561632,100
364,1,13.239250,-14.511632,100
365,0,13.289250,-14.561632,100
253,577,7.689250,14.288369,100
254,578,7.739250,14.338369,100
51,408,-2.410750,5.838369,100
52,409,-2.360750,5.888369,100
476,98,18.839250,-9.661632,100
476,99,18.839250,-9.611632,100
247,274,7.389250,-0.861632,100
247,276,7.389250,-0.761632,100
529,252,21.489250,-1.961632,100
546,387,22.339250,4.788369,100
547,388,22.389250,4.838369,100
158,162,2.939250,-6.461632,100
159,162,2.989250,-6.461632,100
159,163,2.989250,-6.411632,100
531,258,21.589250,-1.661632,100
532,257,21.639250,-1.711632,100
532,258,21.639250,-1.661632,100
532,259,21.639250,-1.611632,100
533,258,21.689250,-1.661632,100
136,223,1.839250,-3.411632,100
138,223,1.939250,-3.411632,100
110,268,0.539250,-1.161632,100
329,572,11.489250,14.038369,100
329,574,11.489250,14.138369,100
477,472,18.889250,9.038369,100
357,410,12.889250,5.938369,100
182,144,4.139250,-7.361632,100
183,145,4.189250,-7.311632,100
381,319,14.089250,1.388369,100
342,282,12.139250,-0.461632,100
314,34,10.739250,-12.861632,100
314,35,10.739250,-12.811632,100
315,35,10.789250,-12.811632,100
385,324,14.289250,1.638369,100
385,325,14.289250,1.688369,100
386,324,14.339250,1.638369,100
237,574,6.889250,14.138369,100
237,576,6.889250,14.238369,100
284,277,9.239250,-0.711632,100
285,278,9.289250,-0.661632,100
375,361,13.789250,3.488369,100
376,362,13.839250,3.538369,100
267,453,8.389250,8.088369,100
267,454,8.389250,8.138369,100
267,455,8.389250,8.188369,100
341,404,12.089250,5.638369,100
290,93,9.539250,-9.911632,100
147,271,2.389250,-1.011632,100
148,272,2.439250,-0.961632,100
367,311,13.389250,0.988368,100
367,312,13.389250,1.038368,100
368,312,13.439250,1.038368,100
78,437,-1.060750,7.288369,100
78,439,-1.060750,7.388369,100
79,438,-1.010750,7.338369,100
555,328,22.789250,1.838369,100
556,327,22.839250,1.788369,100
557,328,22.889250,1.838369,100
219,113,5.989250,-8.911632,100
220,113,6.039250,-8.911632,100
220,114,6.039250,-8.861632,100
238,577,6.939250,14.288369,100
377,550,13.889250,12.938369,100
250,402,7.539250,5.538369,100
364,386,13.239250,4.738369,100
364,387,13.239250,4.788369,100
365,386,13.289250,4.738369,100
508,172,20.439250,-5.961632,100
190,269,4.539250,-1.111632,100
190,271,4.539250,-1.011632,100
351,3,12.589250,-14.411632,100
352,3,12.639250,-14.411632,100
352,4,12.639250,-14.361632,100
413,19,15.689250,-13.611632,100
356,301,12.839250,0.488368,100
148,274,2.439250,-0.861632,100
282,89,9.139250,-10.111632,100
283,88,9.189250,-10.161632,100
79,439,-1.010750,7.388369,100
79,440,-1.010750,7.438369,100
80,439,-0.960750,7.388369,100
548,288,22.439250,-0.161632,100
549,287,22.489250,-0.211632,100
550,288,22.539250,-0.161632,100
352,413,12.639250,6.088369,100
353,412,12.689250,6.038369,100
353,413,12.689250,6.088369,100
353,414,12.689250,6.138369,100
354,413,12.739250,6.088369,100
221,114,6.089250,-8.861632,100
221,115,6.089250,-8.811632,100
3,345,-4.810751,2.688369,100
4,346,-4.760751,2.738369,100
5,345,-4.710751,2.688369,100
556,368,22.839250,3.838369,100
445,495,17.289250,10.188369,100
446,496,17.339250,10.238369,100
365,387,13.289250,4.788369,100
365,388,13.289250,4.838369,100
366,387,13.339250,4.788369,100
81,444,-0.910750,7.638369,100
82,444,-0.860750,7.638369,100
83,444,-0.810750,7.638369,100
317,575,10.889250,14.188369,100
90,269,-0.460750,-1.111632,100
230,429,6.539250,6.888369,100
231,428,6.589250,6.838369,100
268,453,8.439250,8.088369,100
268,455,8.439250,8.188369,100
504,138,20.239250,-7.661632,100
505,139,20.289250,-7.611632,100
322,283,11.139250,-0.411632,100
227,272,6.389250,-0.961632,100
227,273,6.389250,-0.911632,100
228,273,6.439250,-0.911632,100
18,278,-4.060751,-0.661632,100
18,279,-4.060751,-0.611632,100
19,279,-4.010751,-0.611632,100
368,398,13.439250,5.338369,100
332,291,11.639250,-0.011632,100
333,290,11.689250,-0.061632,100
333,291,11.689250,-0.011632,100
333,292,11.689250,0.038368,100
280,286,9.039250,-0.261632,100
185,275,4.289250,-0.811632,100
185,277,4.289250,-0.711632,100
324,436,11.239250,7.238369,100
387,1,14.389250,-14.511632,100
276,579,8.839250,14.388369,100
382,377,14.139250,4.288369,100
329,407,11.489250,5.788369,100
302,453,10.139250,8.088369,100
270,92,8.539250,-9.961632,100
389,7,14.489250,-14.211632,100
390,7,14.539250,-14.211632,100
390,8,14.539250,-14.161632,100
374,328,13.739250,1.838369,100
374,329,13.739250,1.888369,100
482,464,19.139250,8.638369,100
506,447,20.339250,7.788369,100
506,448,20.339250,7.838369,100
312,89,10.639250,-10.111632,100
313,90,10.689250,-10.061632,100
507,148,20.389250,-7.161632,100
317,289,10.889250,-0.111632,100
484,466,19.239250,8.738369,100
128,273,1.439250,-0.911632,100
555,341,22.789250,2.488369,100
556,341,22.839250,2.488369,100
387,348,14.389250,2.838369,100
388,349,14.439250,2.888369,100
117,487,0.889250,9.788369,100
118,488,0.939250,9.838369,100
119,487,0.989250,9.788369,100
199,562,4.989250,13.538369,100
200,561,5.039250,13.488369,100
305,580,10.289250,14.438369,100
306,579,10.339250,14.388369,100
272,401,8.639250,5.488369,100
265,276,8.289250,-0.761632,100
150,255,2.539250,-1.811632,100
152,255,2.639250,-1.811632,100
372,368,13.639250,3.838369,100
373,368,13.689250,3.838369,100
373,369,13.689250,3.888369,100
340,7,12.039250,-14.211632,100
341,6,12.089250,-14.261632,100
341,7,12.089250,-14.211632,100
341,8,12.089250,-14.161632,100
342,7,12.139250,-14.211632,100
37,269,-3.110750,-1.111632,100
37,271,-3.110750,-1.011632,100
38,270,-3.060750,-1.061632,100
223,281,6.189250,-0.511632,100
369,556,13.489250,13.238369,100
389,349,14.489250,2.888369,100
390,349,14.539250,2.888369,100
32,385,-3.360750,4.688369,100
33,386,-3.310750,4.738369,100
200,563,5.039250,13.588369,100
510,229,20.539250,-3.111632,100
510,231,20.539250,-3.011632,100
511,230,20.589250,-3.061632,100
192,559,4.639250,13.388369,100
480,468,19.039250,8.838369,100
310,60,10.539250,-11.561632,100
327,108,11.389250,-9.161632,100
327,109,11.389250,-9.111632,100
328,108,11.439250,-9.161632,100
24,371,-3.760751,3.988369,100
378,384,13.939250,4.638369,100
512,235,20.639250,-2.811632,100
513,235,20.689250,-2.811632,100
513,236,20.689250,-2.761632,100
290,454,9.539250,8.138369,100
290,456,9.539250,8.238369,100
162,535,3.139250,12.188369,100
29,270,-3.510750,-1.061632,100
508,445,20.439250,7.688369,100
208,272,5.439250,-0.961632,100
208,273,5.439250,-0.911632,100
34,387,-3.260750,4.788369,100
173,543,3.689250,12.588369,100
174,544,3.739250,12.638369,100
306,580,10.339250,14.438369,100
373,305,13.689250,0.688368,100
374,306,13.739250,0.738368,100
375,305,13.789250,0.688368,100
273,401,8.689250,5.488369,100
308,96,10.439250,-9.761632,100
309,95,10.489250,-9.811632,100
309,96,10.489250,-9.761632,100
309,97,10.489250,-9.711632,100
310,96,10.539250,-9.761632,100
144,518,2.239250,11.338369,100
145,517,2.289250,11.288369,100
380,386,14.039250,4.738369,100
381,385,14.089250,4.688369,100
517,435,20.889250,7.188369,100
519,435,20.989250,7.188369,100
142,185,2.139250,-5.311632,100
143,184,2.189250,-5.361632,100
162,163,3.139250,-6.411632,100
261,283,8.089250,-0.411632,100
261,285,8.089250,-0.311632,100
360,405,13.039250,5.688369,100
360,406,13.039250,5.738369,100
361,406,13.089250,5.738369,100
59,414,-2.010750,6.138369,100
60,415,-1.960750,6.188369,100
185,554,4.289250,13.138369,100
185,555,4.289250,13.188369,100
186,554,4.339250,13.138369,100
159,272,2.989250,-0.961632,100
159,274,2.989250,-0.861632,100
160,273,3.039250,-0.911632,100
555,318,22.789250,1.338369,100
556,317,22.839250,1.288368,100
556,318,22.839250,1.338369,100
556,319,22.839250,1.388369,100
557,318,22.889250,1.338369,100
64,264,-1.760750,-1.361632,100
332,574,11.639250,14.138369,100
192,269,4.639250,-1.111632,100
9,293,-4.510751,0.088368,100
10,293,-4.460751,0.088368,100
10,294,-4.460751,0.138368,100
385,544,14.289250,12.638369,100
386,544,14.339250,12.638369,100
386,545,14.339250,12.688369,100
552,312,22.639250,1.038368,100
553,312,22.689250,1.038368,100
493,118,19.689250,-8.661632,100
537,269,21.889250,-1.111632,100
389,361,14.489250,3.488369,100
339,284,11.989250,-0.361632,100
340,285,12.039250,-0.311632,100
132,220,1.639250,-3.561632,100
307,72,10.389250,-10.961632,100
388,365,14.439250,3.688369,100
62,421,-1.860750,6.488369,100
63,421,-1.810750,6.488369,100
333,15,11.689250,-13.811632,100
333,17,11.689250,-13.711632,100
334,16,11.739250,-13.761632,100
311,405,10.589250,5.688369,100
298,287,9.939250,-0.211632,100
298,288,9.939250,-0.161632,100
245,280,7.289250,-0.561632,100
376,351,13.839250,2.988369,100
377,351,13.889250,2.988369,100
378,351,13.939250,2.988369,100
351,300,12.589250,0.438368,100
361,308,13.089250,0.838368,100
362,308,13.139250,0.838368,100
362,309,13.139250,0.888368,100
223,114,6.189250,-8.861632,100
496,124,19.839250,-8.361632,100
497,123,19.889250,-8.411632,100
497,124,19.889250,-8.361632,100
497,125,19.889250,-8.311632,100
253,402,7.689250,5.538369,100
333,280,11.689250,-0.561632,100
334,281,11.739250,-0.511632,100
193,269,4.689250,-1.111632,100
271,456,8.589250,8.238369,100
425,514,16.289250,11.138369,100
230,273,6.539250,-0.911632,100
20,280,-3.960751,-0.561632,100
21,279,-3.910751,-0.611632,100
21,280,-3.910751,-0.561632,100
21,281,-3.910751,-0.511632,100
22,280,-3.860751,-0.561632,100
363,309,13.189250,0.888368,100
363,310,13.189250,0.938368,100
320,577,11.039250,14.288369,100
152,170,2.639250,-6.061632,100
153,170,2.689250,-6.061632,100
153,171,2.689250,-6.011632,100
494,199,19.739250,-4.611632,100
495,198,19.789250,-4.661632,100
495,199,19.789250,-4.611632,100
495,200,19.789250,-4.561632,100
496,199,19.839250,-4.611632,100
506,173,20.339250,-5.911632,100
507,173,20.389250,-5.911632,100
507,174,20.389250,-5.861632,100
508,173,20.439250,-5.911632,100
325,283,11.289250,-0.411632,100
401,12,15.089250,-13.961632,100
215,409,5.789250,5.888369,100
215,411,5.789250,5.988369,100
216,410,5.839250,5.938369,100
344,296,12.239250,0.238368,100
336,292,11.839250,0.038368,100
530,422,21.539250,6.538369,100
531,422,21.589250,6.538369,100
421,514,16.089250,11.138369,100
421,515,16.089250,11.188369,100
98,464,-0.060750,8.638369,100
99,465,-0.010750,8.688369,100
100,464,0.039250,8.638369,100
387,338,14.389250,2.338369,100
388,338,14.439250,2.338369,100
388,339,14.439250,2.388369,100
389,338,14.489250,2.338369,100
234,279,6.739250,-0.611632,100
199,563,4.989250,13.588369,100
553,370,22.689250,3.938369,100
554,371,22.739250,3.988369,100
555,370,22.789250,3.938369,100
238,398,6.939250,5.338369,100
231,273,6.589250,-0.911632,100
273,92,8.689250,-9.961632,100
351,6,12.589250,-14.261632,100
352,5,12.639250,-14.311632,100
352,6,12.639250,-14.261632,100
352,7,12.639250,-14.211632,100
353,6,12.689250,-14.261632,100
412,22,15.639250,-13.461632,100
413,21,15.689250,-13.511632,100
413,22,15.689250,-13.461632,100
545,286,22.289250,-0.261632,100
546,285,22.339250,-0.311632,100
546,286,22.339250,-0.261632,100
546,287,22.339250,-0.211632,100
557,340,22.889250,2.438369,100
100,466,0.039250,8.738369,100
162,260,3.139250,-1.561632,100
489,205,19.489250,-4.311632,100
490,205,19.539250,-4.311632,100
490,206,19.539250,-4.261632,100
172,269,3.639250,-1.111632,100
173,270,3.689250,-1.061632,100
392,538,14.639250,12.338369,100
393,537,14.689250,12.288369,100
393,538,14.689250,12.338369,100
393,539,14.689250,12.388369,100
143,242,2.189250,-2.461632,100
144,241,2.239250,-2.511632,100
144,242,2.239250,-2.461632,100
324,439,11.239250,7.388369,100
109,478,0.489250,9.338369,100
131,273,1.589250,-0.911632,100
321,24,11.089250,-13.361632,100
82,266,-0.860750,-1.261632,100
82,268,-0.860750,-1.161632,100
83,267,-0.810750,-1.211632,100
386,4,14.339250,-14.361632,100
386,5,14.339250,-14.311632,100
416,522,15.839250,11.538369,100
437,51,16.889250,-12.011632,100
438,50,16.939250,-12.061632,100
438,51,16.939250,-12.011632,100
491,206,19.589250,-4.261632,100
491,207,19.589250,-4.211632,100
492,206,19.639250,-4.261632,100
169,156,3.489250,-6.761632,100
268,276,8.439250,-0.761632,100
125,493,1.289250,10.088369,100
165,266,3.289250,-1.261632,100
166,265,3.339250,-1.311632,100
166,266,3.339250,-1.261632,100
321,290,11.089250,-0.061632,100
460,485,18.039250,9.688369,100
371,371,13.589250,3.988369,100
372,370,13.639250,3.938369,100
372,371,13.639250,3.988369,100
372,372,13.639250,4.038369,100
373,371,13.689250,3.988369,100
176,275,3.839250,-0.811632,100
177,274,3.889250,-0.861632,100
177,275,3.889250,-0.811632,100
177,276,3.889250,-0.761632,100
178,275,3.939250,-0.811632,100
304,281,10.239250,-0.511632,100
305,282,10.289250,-0.461632,100
209,272,5.489250,-0.961632,100
210,271,5.539250,-1.011632,100
379,0,13.989250,-14.561632,100
379,2,13.989250,-14.461632,100
276,404,8.839250,5.638369,100
187,553,4.389250,13.088369,100
188,554,4.439250,13.138369,100
262,89,8.139250,-10.111632,100
262,90,8.139250,-10.061632,100
17,367,-4.110751,3.788369,100
18,367,-4.060751,3.788369,100
549,377,22.489250,4.288369,100
550,378,22.539250,4.338369,100
551,377,22.589250,4.288369,100
394,539,14.739250,12.388369,100
259,578,7.989250,14.338369,100
259,580,7.989250,14.438369,100
326,111,11.339250,-9.011632,100
507,151,20.389250,-7.011632,100
211,274,5.589250,-0.861632,100
188,556,4.439250,13.238369,100
139,513,1.989250,11.088369,100
120,272,1.039250,-0.961632,100
464,81,18.239250,-10.511632,100
67,266,-1.610750,-1.261632,100
132,210,1.639250,-4.061632,100
133,211,1.689250,-4.011632,100
134,210,1.739250,-4.061632,100
313,405,10.689250,5.688369,100
306,282,10.339250,-0.461632,100
554,348,22.739250,2.838369,100
555,348,22.789250,2.838369,100
555,349,22.789250,2.888369,100
377,386,13.889250,4.738369,100
169,541,3.489250,12.488369,100
498,450,19.939250,7.938369,100
264,285,8.239250,-0.311632,100
531,255,21.589250,-1.811632,100
531,257,21.589250,-1.711632,100
532,256,21.639250,-1.761632,100
248,277,7.439250,-0.711632,100
160,163,3.039250,-6.411632,100
160,164,3.039250,-6.361632,100
310,63,10.539250,-11.411632,100
379,352,13.989250,3.038369,100
380,352,14.039250,3.038369,100
380,353,14.039250,3.088369,100
381,352,14.089250,3.038369,100
9,295,-4.510751,0.188368,100
9,296,-4.510751,0.238368,100
10,296,-4.460751,0.238368,100
28,274,-3.560750,-0.861632,100
29,273,-3.510750,-0.911632,100
29,275,-3.510750,-0.811632,100
203,126,5.189250,-8.261632,100
204,125,5.239250,-8.311632,100
385,322,14.289250,1.538369,100
477,100,18.889250,-9.561632,100
478,100,18.939250,-9.561632,100
135,220,1.789250,-3.561632,100
137,220,1.889250,-3.561632,100
335,429,11.789250,6.888369,100
385,545,14.289250,12.688369,100
385,546,14.289250,12.738369,100
386,546,14.339250,12.738369,100
227,109,6.389250,-9.111632,100
228,109,6.439250,-9.111632,100
354,298,12.739250,0.338368,100
105,268,0.289250,-1.161632,100
105,270,0.289250,-1.061632,100
190,272,4.539250,-0.961632,100
191,272,4.589250,-0.961632,100
191,273,4.589250,-0.911632,100
256,402,7.839250,5.538369,100
284,92,9.239250,-9.961632,100
215,404,5.789250,5.638369,100
200,276,5.039250,-0.761632,100
553,360,22.689250,3.438369,100
554,360,22.739250,3.438369,100
554,361,22.739250,3.488369,100
5,302,-4.710751,0.538368,100
331,431,11.589250,6.988369,100
233,273,6.689250,-0.911632,100
184,268,4.239250,-1.161632,100
377,363,13.889250,3.588369,100
379,363,13.989250,3.588369,100
554,325,22.739250,1.688369,100
555,326,22.789250,1.738369,100
422,514,16.139250,11.138369,100
80,440,-0.960750,7.438369,100
309,450,10.489250,7.938369,100
368,314,13.439250,1.138368,100
369,313,13.489250,1.088368,100
369,314,13.489250,1.138368,100
369,315,13.489250,1.188368,100
370,314,13.539250,1.138368,100
142,271,2.139250,-1.011632,100
142,273,2.139250,-0.911632,100
400,532,15.039250,12.038369,100
401,533,15.089250,12.088369,100
232,573,6.639250,14.088369,100
232,575,6.639250,14.188369,100
328,283,11.439250,-0.411632,100
502,134,20.139250,-7.861632,100
466,477,18.339250,9.288369,100
467,476,18.389250,9.238369,100
549,285,22.489250,-0.311632,100
415,21,15.789250,-13.511632,100
2,342,-4.860751,2.538369,100
312,45,10.639250,-12.311632,100
313,45,10.689250,-12.311632,100
261,453,8.089250,8.088369,100
262,454,8.139250,8.138369,100
237,279,6.889250,-0.611632,100
506,140,20.339250,-7.561632,100
507,139,20.389250,-7.611632,100
544,396,22.239250,5.238369,100
545,396,22.289250,5.238369,100
545,397,22.289250,5.288369,100
48,263,-2.560750,-1.411632,100
490,460,19.539250,8.438369,100
491,460,19.589250,8.438369,100
176,271,3.839250,-1.011632,100
294,406,9.739250,5.738369,100
231,430,6.589250,6.938369,100
233,430,6.689250,6.938369,100
179,274,3.989250,-0.861632,100
505,175,20.289250,-5.811632,100
506,174,20.339250,-5.861632,100
506,175,20.339250,-5.811632,100
507,140,20.389250,-7.561632,100
507,141,20.389250,-7.511632,100
508,140,20.439250,-7.561632,100
439,499,16.989250,10.388369,100
255,451,7.789250,7.988369,100
271,279,8.589250,-0.611632,100
347,9,12.389250,-14.111632,100
7,347,-4.610751,2.788369,100
462,484,18.139250,9.638369,100
274,282,8.739250,-0.461632,100
274,283,8.739250,-0.411632,100
275,283,8.789250,-0.411632,100
138,238,1.939250,-2.661632,100
139,237,1.989250,-2.711632,100
139,238,1.989250,-2.661632,100
139,239,1.989250,-2.611632,100
140,238,2.039250,-2.661632,100
180,277,4.039250,-0.711632,100
84,267,-0.760750,-1.211632,100
85,266,-0.710750,-1.261632,100
85,267,-0.710750,-1.211632,100
85,268,-0.710750,-1.161632,100
373,325,13.689250,1.688369,100
317,280,10.889250,-0.561632,100
326,105,11.339250,-9.311632,100
119,490,0.989250,9.938369,100
120,490,1.039250,9.938369,100
120,491,1.039250,9.988369,100
275,284,8.789250,-0.361632,100
374,371,13.739250,3.988369,100
375,371,13.789250,3.988369,100
375,372,13.789250,4.038369,100
307,52,10.389250,-11.961632,100
308,52,10.439250,-11.961632,100
308,53,10.439250,-11.911632,100
382,0,14.139250,-14.561632,100
382,2,14.139250,-14.461632,100
380,341,14.039250,2.488369,100
456,71,17.839250,-11.011632,100
265,89,8.289250,-10.111632,100
217,280,5.889250,-0.561632,100
218,279,5.939250,-0.611632,100
35,267,-3.210750,-1.211632,100
36,266,-3.160750,-1.261632,100
36,268,-3.160750,-1.161632,100
142,513,2.139250,11.088369,100
143,514,2.189250,11.138369,100
0,309,-4.960751,0.888368,100
1,309,-4.910751,0.888368,100
318,103,10.939250,-9.411632,100
512,231,20.639250,-3.011632,100
558,343,22.939250,2.588369,100
168,157,3.439250,-6.711632,100
169,157,3.489250,-6.711632,100
312,286,10.639250,-0.261632,100
338,424,11.939250,6.638369,100
339,425,11.989250,6.688369,100
370,373,13.539250,4.088369,100
371,372,13.589250,4.038369,100
371,373,13.589250,4.088369,100
371,374,13.589250,4.138369,100
372,373,13.639250,4.088369,100
183,550,4.189250,12.938369,100
123,270,1.189250,-1.061632,100
35,388,-3.210750,4.838369,100
36,387,-3.160750,4.788369,100
174,547,3.739250,12.788369,100
175,548,3.789250,12.838369,100
458,77,17.939250,-10.711632,100
459,77,17.989250,-10.711632,100
375,308,13.789250,0.838368,100
376,309,13.839250,0.888368,100
135,210,1.789250,-4.061632,100
137,210,1.889250,-4.061632,100
310,97,10.539250,-9.711632,100
310,98,10.539250,-9.661632,100
311,97,10.589250,-9.711632,100
257,90,7.889250,-10.061632,100
368,3,13.439250,-14.411632,100
369,2,13.489250,-14.461632,100
369,4,13.489250,-14.361632,100
510,163,20.539250,-6.411632,100
313,289,10.689250,-0.111632,100
354,290,12.739250,-0.061632,100
218,280,5.939250,-0.561632,100
219,279,5.989250,-0.611632,100
346,286,12.339250,-0.261632,100
218,400,5.939250,5.438369,100
31,273,-3.410750,-0.911632,100
176,549,3.839250,12.888369,100
553,314,22.689250,1.138368,100
497,454,19.889250,8.138369,100
498,454,19.939250,8.138369,100
255,284,7.789250,-0.361632,100
303,94,10.189250,-9.861632,100
304,94,10.239250,-9.861632,100
160,274,3.039250,-0.861632,100
160,275,3.039250,-0.811632,100
161,274,3.089250,-0.861632,100
0,322,-4.960751,1.538369,100
0,323,-4.960751,1.588369,100
469,91,18.489250,-10.011632,100
306,64,10.339250,-11.361632,100
307,64,10.389250,-11.361632,100
207,127,5.389250,-8.211632,100
251,577,7.589250,14.288369,100
61,416,-1.910750,6.238369,100
62,417,-1.860750,6.288369,100
366,380,13.339250,4.438369,100
367,379,13.389250,4.388369,100
367,380,13.389250,4.438369,100
367,381,13.389250,4.488369,100
368,380,13.439250,4.438369,100
218,401,5.939250,5.488369,100
219,400,5.989250,5.438369,100
305,404,10.289250,5.638369,100
306,405,10.339250,5.688369,100
379,353,13.989250,3.088369,100
379,354,13.989250,3.138369,100
380,354,14.039250,3.138369,100
287,92,9.389250,-9.961632,100
311,449,10.589250,7.888369,100
50,263,-2.460750,-1.411632,100
50,265,-2.460750,-1.311632,100
331,13,11.589250,-13.911632,100
332,13,11.639250,-13.911632,100
332,14,11.639250,-13.861632,100
309,74,10.489250,-10.861632,100
311,74,10.589250,-10.861632,100
212,407,5.639250,5.788369,100
214,407,5.739250,5.788369,100
361,305,13.089250,0.688368,100
138,192,1.939250,-4.961632,100
140,192,2.039250,-4.961632,100
541,271,22.089250,-1.011632,100
145,271,2.289250,-1.011632,100
498,126,19.939250,-8.261632,100
499,126,19.989250,-8.261632,100
499,127,19.989250,-8.211632,100
500,126,20.039250,-8.261632,100
544,276,22.239250,-0.761632,100
544,277,22.239250,-0.711632,100
545,277,22.289250,-0.711632,100
307,451,10.389250,7.988369,100
188,269,4.439250,-1.111632,100
350,2,12.539250,-14.461632,100
350,3,12.539250,-14.411632,100
292,286,9.639250,-0.261632,100
293,285,9.689250,-0.311632,100
293,286,9.689250,-0.261632,100
293,287,9.689250,-0.211632,100
376,325,13.839250,1.688369,100
265,452,8.289250,8.038369,100
266,453,8.339250,8.088369,100
239,280,6.989250,-0.561632,100
240,279,7.039250,-0.611632,100
384,369,14.239250,3.888369,100
385,370,14.289250,3.938369,100
51,263,-2.410750,-1.411632,100
51,265,-2.410750,-1.311632,100
546,288,22.339250,-0.161632,100
547,287,22.389250,-0.211632,100
247,400,7.389250,5.438369,100
248,399,7.439250,5.388369,100
248,400,7.439250,5.438369,100
88,269,-0.560750,-1.111632,100
400,534,15.039250,12.138369,100
401,534,15.089250,12.138369,100
241,97,7.089250,-9.711632,100
242,96,7.139250,-9.761632,100
242,98,7.139250,-9.661632,100
266,455,8.339250,8.188369,100
466,478,18.339250,9.338369,100
467,479,18.389250,9.388369,100
386,370,14.339250,3.938369,100
386,371,14.339250,3.988369,100
387,370,14.389250,3.938369,100
386,335,14.339250,2.188369,100
258,449,7.939250,7.888369,100
327,20,11.389250,-13.561632,100
328,20,11.439250,-13.561632,100
328,21,11.439250,-13.511632,100
250,445,7.539250,7.688369,100
225,272,6.289250,-0.961632,100
377,549,13.889250,12.888369,100
552,367,22.639250,3.788369,100
553,368,22.689250,3.838369,100
492,207,19.639250,-4.211632,100
492,208,19.639250,-4.161632,100
493,208,19.689250,-4.161632,100
551,293,22.589250,0.088368,100
551,294,22.589250,0.138368,100
551,295,22.589250,0.188368,100
552,294,22.639250,0.138368,100
183,277,4.189250,-0.711632,100
145,245,2.289250,-2.311632,100
146,244,2.339250,-2.361632,100
146,245,2.339250,-2.311632,100
320,280,11.039250,-0.561632,100
346,420,12.339250,6.438369,100
415,24,15.789250,-13.361632,100
437,47,16.889250,-12.211632,100
331,291,11.589250,-0.011632,100
332,290,11.639250,-0.061632,100
505,142,20.289250,-7.461632,100
506,141,20.339250,-7.511632,100
506,142,20.339250,-7.461632,100
439,502,16.989250,10.538369,100
278,283,8.939250,-0.411632,100
493,209,19.689250,-4.111632,100
493,210,19.689250,-4.061632,100
494,209,19.739250,-4.111632,100
262,275,8.139250,-0.811632,100
263,276,8.189250,-0.761632,100
505,182,20.289250,-5.461632,100
505,183,20.289250,-5.411632,100
505,184,20.289250,-5.361632,100
506,183,20.339250,-5.411632,100
341,568,12.089250,13.838369,100
220,278,6.039250,-0.661632,100
510,153,20.539250,-6.911632,100
555,304,22.789250,0.638368,100
17,366,-4.110751,3.738369,100
440,53,17.039250,-11.911632,100
269,579,8.489250,14.388369,100
270,580,8.539250,14.438369,100
296,453,9.839250,8.088369,100
296,454,9.839250,8.138369,100
296,455,9.839250,8.188369,100
297,454,9.889250,8.138369,100
127,496,1.389250,10.238369,100
128,496,1.439250,10.238369,100
381,377,14.089250,4.288369,100
328,407,11.439250,5.788369,100
373,373,13.689250,4.088369,100
374,372,13.739250,4.038369,100
374,373,13.739250,4.088369,100
374,374,13.739250,4.138369,100
375,373,13.789250,4.088369,100
315,286,10.789250,-0.261632,100
221,281,6.089250,-0.511632,100
126,270,1.339250,-1.061632,100
11,286,-4.410751,-0.261632,100
12,285,-4.360751,-0.311632,100
12,286,-4.360751,-0.261632,100
12,287,-4.360751,-0.211632,100
13,286,-4.310751,-0.261632,100
205,271,5.289250,-1.011632,100
205,273,5.289250,-0.911632,100
206,272,5.339250,-0.961632,100
506,228,20.339250,-3.161632,100
189,557,4.489250,13.288369,100
540,405,22.039250,5.688369,100
42,393,-2.860750,5.088369,100
43,394,-2.810750,5.138369,100
1,321,-4.910751,1.488369,100
3,321,-4.810751,1.488369,100
210,120,5.539250,-8.561632,100
210,121,5.539250,-8.511632,100
551,379,22.589250,4.388369,100
552,380,22.639250,4.438369,100
553,379,22.689250,4.388369,100
316,289,10.839250,-0.111632,100
300,279,10.039250,-0.611632,100
300,281,10.039250,-0.511632,100
530,252,21.539250,-1.961632,100
190,557,4.539250,13.288369,100
271,401,8.589250,5.488369,100
258,284,7.939250,-0.361632,100
466,83,18.339250,-10.411632,100
467,83,18.389250,-10.411632,100
533,257,21.689250,-1.711632,100
61,262,-1.910750,-1.461632,100
61,264,-1.910750,-1.361632,100
365,1,13.289250,-14.511632,100
556,350,22.839250,2.938369,100
557,350,22.889250,2.938369,100
557,351,22.889250,2.988369,100
558,350,22.939250,2.938369,100
254,577,7.739250,14.288369,100
256,94,7.839250,-9.861632,100
206,271,5.339250,-1.011632,100
206,273,5.339250,-0.911632,100
207,272,5.389250,-0.961632,100
313,34,10.689250,-12.861632,100
479,103,18.989250,-9.411632,100
480,102,19.039250,-9.461632,100
480,103,19.039250,-9.411632,100
480,104,19.039250,-9.361632,100
533,259,21.689250,-1.611632,100
534,258,21.739250,-1.661632,100
330,574,11.539250,14.138369,100
369,380,13.489250,4.438369,100
370,380,13.539250,4.438369,100
370,381,13.539250,4.488369,100
314,444,10.739250,7.638369,100
315,443,10.789250,7.588369,100
315,444,10.789250,7.638369,100
7,293,-4.610751,0.088368,100
8,292,-4.560751,0.038368,100
8,293,-4.560751,0.088368,100
8,294,-4.560751,0.138368,100
183,146,4.189250,-7.261632,100
497,192,19.889250,-4.961632,100
360,560,13.039250,13.438369,100
361,561,13.089250,13.488369,100
407,526,15.389250,11.738369,100
407,527,15.389250,11.788369,100
408,527,15.439250,11.788369,100
477,97,18.889250,-9.711632,100
106,271,0.339250,-1.011632,100
510,166,20.539250,-6.261632,100
473,471,18.689250,8.988369,100
473,472,18.689250,9.038369,100
366,311,13.339250,0.988368,100
367,310,13.389250,0.938368,100
368,311,13.439250,0.988368,100
553,317,22.689250,1.288368,100
554,317,22.739250,1.288368,100
554,318,22.739250,1.338369,100
555,317,22.789250,1.288368,100
250,399,7.539250,5.388369,100
243,274,7.189250,-0.861632,100
243,275,7.189250,-0.811632,100
296,288,9.839250,-0.161632,100
133,225,1.689250,-3.311632,100
134,226,1.739250,-3.261632,100
135,225,1.789250,-3.311632,100
556,363,22.839250,3.588369,100
556,364,22.839250,3.638369,100
557,363,22.889250,3.588369,100
155,168,2.789250,-6.161632,100
352,412,12.639250,6.038369,100
251,402,7.589250,5.538369,100
81,443,-0.910750,7.588369,100
83,443,-0.810750,7.588369,100
371,316,13.589250,1.238368,100
371,317,13.589250,1.288368,100
49,267,-2.510750,-1.211632,100
50,266,-2.460750,-1.261632,100
492,198,19.639250,-4.661632,100
510,440,20.539250,7.438369,100
511,440,20.589250,7.438369,100
511,441,20.589250,7.488369,100
244,95,7.239250,-9.811632,100
244,96,7.239250,-9.761632,100
245,96,7.289250,-9.761632,100
558,327,22.939250,1.788369,100
418,24,15.939250,-13.361632,100
333,289,11.689250,-0.111632,100
334,290,11.739250,-0.061632,100
446,497,17.339250,10.288369,100
318,575,10.939250,14.188369,100
512,441,20.639250,7.488369,100
512,442,20.639250,7.538369,100
326,21,11.339250,-13.511632,100
326,22,11.339250,-13.461632,100
327,22,11.389250,-13.461632,100
91,269,-0.410750,-1.111632,100
245,98,7.289250,-9.661632,100
310,77,10.539250,-10.711632,100
288,403,9.439250,5.588369,100
288,405,9.439250,5.688369,100
289,404,9.489250,5.638369,100
281,279,9.089250,-0.611632,100
281,280,9.089250,-0.561632,100
282,279,9.139250,-0.611632,100
233,433,6.689250,7.088369,100
234,434,6.739250,7.138369,100
235,433,6.789250,7.088369,100
310,42,10.539250,-12.461632,100
311,41,10.589250,-12.511632,100
311,42,10.589250,-12.461632,100
418,25,15.939250,-13.311632,100
418,26,15.939250,-13.261632,100
419,25,15.989250,-13.311632,100
19,278,-4.010751,-0.661632,100
19,280,-4.010751,-0.561632,100
20,279,-3.960751,-0.611632,100
179,267,3.989250,-1.211632,100
334,292,11.739250,0.038368,100
6,344,-4.660751,2.638369,100
186,275,4.339250,-0.811632,100
186,277,4.339250,-0.711632,100
151,168,2.589250,-6.161632,100
151,169,2.589250,-6.111632,100
152,169,2.639250,-6.111632,100
420,30,16.039250,-13.061632,100
421,30,16.089250,-13.061632,100
137,236,1.889250,-2.761632,100
138,237,1.939250,-2.711632,100
139,236,1.989250,-2.761632,100
227,573,6.389250,14.088369,100
227,574,6.389250,14.138369,100
228,573,6.439250,14.088369,100
442,497,17.139250,10.288369,100
442,498,17.139250,10.338369,100
443,498,17.189250,10.338369,100
330,407,11.539250,5.788369,100
323,280,11.189250,-0.561632,100
271,92,8.589250,-9.961632,100
350,5,12.539250,-14.311632,100
350,6,12.539250,-14.261632,100
391,8,14.589250,-14.161632,100
399,12,14.989250,-13.961632,100
246,443,7.339250,7.588369,100
382,3,14.139250,-14.411632,100
383,3,14.189250,-14.411632,100
383,4,14.189250,-14.361632,100
6,345,-4.660751,2.688369,100
6,346,-4.660751,2.738369,100
7,345,-4.610751,2.688369,100
555,340,22.789250,2.438369,100
528,420,21.439250,6.438369,100
528,421,21.439250,6.488369,100
529,421,21.489250,6.488369,100
297,453,9.889250,8.088369,100
298,452,9.939250,8.038369,100
298,453,9.939250,8.088369,100
298,454,9.939250,8.138369,100
487,205,19.389250,-4.311632,100
488,206,19.439250,-4.261632,100
377,333,13.889250,2.088369,100
378,332,13.939250,2.038369,100
378,333,13.939250,2.088369,100
378,334,13.939250,2.138369,100
379,333,13.989250,2.088369,100
344,570,12.239250,13.938369,100
551,369,22.589250,3.888369,100
552,368,22.639250,3.838369,100
552,369,22.639250,3.888369,100
552,370,22.639250,3.938369,100
289,403,9.489250,5.588369,100
289,405,9.489250,5.688369,100
290,404,9.539250,5.638369,100
314,576,10.739250,14.238369,100
314,578,10.739250,14.338369,100
315,577,10.789250,14.288369,100
322,437,11.139250,7.288369,100
318,94,10.939250,-9.861632,100
129,273,1.489250,-0.911632,100
392,9,14.639250,-14.111632,100
390,348,14.539250,2.838369,100
200,560,5.039250,13.438369,100
511,229,20.589250,-3.111632,100
489,206,19.489250,-4.261632,100
489,207,19.489250,-4.211632,100
414,520,15.739250,11.438369,100
38,269,-3.060750,-1.111632,100
38,271,-3.060750,-1.011632,100
39,270,-3.010750,-1.061632,100
266,276,8.339250,-0.761632,100
342,8,12.139250,-14.161632,100
3,312,-4.810751,1.038368,100
3,313,-4.810751,1.088368,100
4,312,-4.760751,1.038368,100
357,396,12.889250,5.238369,100
189,138,4.489250,-7.661632,100
190,139,4.539250,-7.611632,100
175,274,3.789250,-0.861632,100
175,276,3.789250,-0.761632,100
310,54,10.539250,-11.861632,100
311,54,10.589250,-11.861632,100
80,265,-0.960750,-1.311632,100
208,271,5.439250,-1.011632,100
504,184,20.239250,-5.361632,100
504,185,20.239250,-5.311632,100
504,186,20.239250,-5.261632,100
505,185,20.289250,-5.311632,100
457,72,17.889250,-10.961632,100
457,73,17.889250,-10.911632,100
458,73,17.939250,-10.911632,100
522,427,21.139250,6.788369,100
523,427,21.189250,6.788369,100
523,428,21.189250,6.838369,100
306,577,10.339250,14.288369,100
539,408,21.989250,5.838369,100
539,409,21.989250,5.888369,100
312,101,10.639250,-9.511632,100
330,113,11.539250,-8.911632,100
331,112,11.589250,-8.961632,100
331,113,11.589250,-8.911632,100
551,383,22.589250,4.588369,100
552,382,22.639250,4.538369,100
338,8,11.939250,-14.161632,100
338,10,11.939250,-14.061632,100
339,9,11.989250,-14.111632,100
303,279,10.189250,-0.611632,100
303,281,10.189250,-0.511632,100
524,428,21.239250,6.838369,100
209,274,5.489250,-0.861632,100
458,74,17.939250,-10.861632,100
166,541,3.339250,12.488369,100
557,317,22.889250,1.288368,100
186,553,4.339250,13.088369,100
38,392,-3.060750,5.038369,100
461,79,18.089250,-10.611632,100
461,80,18.089250,-10.561632,100
462,79,18.139250,-10.611632,100
64,262,-1.760750,-1.461632,100
378,309,13.939250,0.888368,100
313,101,10.689250,-9.511632,100
313,102,10.689250,-9.461632,100
314,101,10.739250,-9.511632,100
304,97,10.239250,-9.711632,100
305,98,10.289250,-9.661632,100
552,311,22.639250,0.988368,100
554,311,22.739250,0.988368,100
167,541,3.389250,12.488369,100
167,542,3.389250,12.538369,100
389,360,14.489250,3.438369,100
361,407,13.089250,5.788369,100
307,285,10.389250,-0.311632,100
359,563,12.989250,13.588369,100
360,562,13.039250,13.538369,100
246,277,7.339250,-0.711632,100
452,489,17.639250,9.888369,100
453,490,17.689250,9.938369,100
62,420,-1.860750,6.438369,100
64,420,-1.760750,6.438369,100
158,163,2.939250,-6.411632,100
1,324,-4.910751,1.638369,100
2,324,-4.860751,1.638369,100
2,325,-4.860751,1.688369,100
3,324,-4.810751,1.638369,100
499,192,19.989250,-4.961632,100
500,191,20.039250,-5.011632,100
500,192,20.039250,-4.961632,100
500,193,20.039250,-4.911632,100
501,192,20.089250,-4.961632,100
376,350,13.839250,2.938369,100
378,350,13.939250,2.938369,100
143,183,2.189250,-5.411632,100
144,183,2.239250,-5.411632,100
496,123,19.839250,-8.411632,100
498,123,19.939250,-8.411632,100
341,285,12.089250,-0.311632,100
535,414,21.789250,6.138369,100
535,416,21.789250,6.238369,100
536,415,21.839250,6.188369,100
543,274,22.189250,-0.861632,100
345,399,12.289250,5.388369,100
346,398,12.339250,5.338369,100
346,399,12.339250,5.388369,100
347,399,12.389250,5.388369,100
159,164,2.989250,-6.361632,100
159,165,2.989250,-6.311632,100
487,109,19.389250,-9.111632,100
299,288,9.989250,-0.161632,100
383,545,14.189250,12.688369,100
383,546,14.189250,12.738369,100
224,109,6.239250,-9.111632,100
225,108,6.289250,-9.161632,100
225,109,6.289250,-9.111632,100
136,225,1.839250,-3.311632,100
137,226,1.889250,-3.261632,100
138,225,1.939250,-3.311632,100
364,3,13.239250,-14.411632,100
365,2,13.289250,-14.461632,100
365,3,13.289250,-14.411632,100
365,4,13.289250,-14.361632,100
366,3,13.339250,-14.411632,100
254,402,7.739250,5.538369,100
543,275,22.189250,-0.811632,100
543,276,22.189250,-0.761632,100
544,275,22.239250,-0.811632,100
280,89,9.039250,-10.111632,100
281,88,9.089250,-10.161632,100
281,89,9.089250,-10.111632,100
281,90,9.089250,-10.061632,100
51,266,-2.410750,-1.261632,100
52,266,-2.360750,-1.261632,100
52,267,-2.360750,-1.211632,100
53,266,-2.310750,-1.261632,100
384,326,14.239250,1.738369,100
385,326,14.289250,1.738369,100
138,226,1.939250,-3.261632,100
138,227,1.939250,-3.211632,100
139,226,1.989250,-3.261632,100
506,172,20.339250,-5.961632,100
229,572,6.489250,14.038369,100
229,574,6.489250,14.138369,100
531,421,21.589250,6.488369,100
498,122,19.939250,-8.461632,100
555,330,22.789250,1.938369,100
556,331,22.839250,1.988369,100
321,577,11.089250,14.288369,100
387,337,14.389250,2.288369,100
389,337,14.489250,2.288369,100
352,414,12.639250,6.138369,100
220,115,6.039250,-8.811632,100
508,174,20.439250,-5.861632,100
509,173,20.489250,-5.911632,100
291,403,9.589250,5.588369,100
291,404,9.589250,5.638369,100
291,405,9.589250,5.688369,100
364,388,13.239250,4.838369,100
230,575,6.539250,14.188369,100
243,99,7.189250,-9.611632,100
244,98,7.239250,-9.661632,100
422,516,16.139250,11.238369,100
542,396,22.139250,5.238369,100
543,397,22.189250,5.288369,100
487,460,19.389250,8.438369,100
488,459,19.439250,8.388369,100
488,460,19.439250,8.438369,100
550,290,22.539250,-0.061632,100
140,236,2.039250,-2.761632,100
143,241,2.189250,-2.511632,100
144,240,2.239250,-2.561632,100
145,241,2.289250,-2.511632,100
353,5,12.689250,-14.311632,100
353,7,12.689250,-14.211632,100
354,6,12.739250,-14.261632,100
82,265,-0.860750,-1.311632,100
83,266,-0.810750,-1.261632,100
241,438,7.089250,7.338369,100
309,44,10.489250,-12.361632,100
310,43,10.539250,-12.411632,100
311,44,10.589250,-12.361632,100
260,452,8.039250,8.038369,100
260,453,8.039250,8.088369,100
437,50,16.889250,-12.061632,100
438,49,16.939250,-12.111632,100
439,50,16.989250,-12.061632,100
504,140,20.239250,-7.561632,100
505,140,20.289250,-7.561632,100
505,141,20.289250,-7.511632,100
368,400,13.439250,5.438369,100
368,401,13.439250,5.488369,100
104,470,0.239250,8.938369,100
167,265,3.389250,-1.311632,100
494,210,19.739250,-4.061632,100
494,211,19.739250,-4.011632,100
495,210,19.789250,-4.061632,100
83,268,-0.810750,-1.161632,100
550,372,22.539250,4.038369,100
551,371,22.589250,3.988369,100
552,372,22.639250,4.038369,100
15,361,-4.210751,3.488369,100
440,51,17.039250,-12.011632,100
373,330,13.689250,1.938369,100
374,330,13.739250,1.938369,100
4,347,-4.760751,2.788369,100
5,346,-4.710751,2.738369,100
5,347,-4.710751,2.788369,100
441,56,17.089250,-11.761632,100
495,211,19.789250,-4.011632,100
159,263,2.989250,-1.411632,100
178,274,3.939250,-0.861632,100
339,8,11.989250,-14.161632,100
340,8,12.039250,-14.161632,100
340,9,12.039250,-14.111632,100
507,150,20.389250,-7.061632,100
553,301,22.689250,0.488368,100
380,0,14.039250,-14.561632,100
380,2,14.039250,-14.461632,100
235,401,6.789250,5.488369,100
263,89,8.189250,-10.111632,100
387,350,14.389250,2.938369,100
120,269,1.039250,-1.111632,100
121,270,1.089250,-1.061632,100
315,100,10.789250,-9.561632,100
315,101,10.789250,-9.511632,100
316,100,10.839250,-9.561632,100
373,370,13.689250,3.938369,100
374,370,13.739250,3.938369,100
165,157,3.289250,-6.711632,100
166,156,3.339250,-6.761632,100
306,279,10.339250,-0.611632,100
14,287,-4.260751,-0.211632,100
14,288,-4.260751,-0.161632,100
15,288,-4.210751,-0.161632,100
189,139,4.489250,-7.611632,100
189,140,4.489250,-7.561632,100
190,140,4.539250,-7.561632,100
215,277,5.789250,-0.711632,100
121,272,1.089250,-0.961632,100
452,70,17.639250,-11.061632,100
532,255,21.639250,-1.811632,100
360,408,13.039250,5.838369,100
310,62,10.539250,-11.461632,100
300,92,10.039250,-9.961632,100
300,93,10.039250,-9.911632,100
379,351,13.989250,2.988369,100
381,351,14.089250,2.988369,100
468,86,18.439250,-10.261632,100
367,2,13.389250,-14.461632,100
367,3,13.389250,-14.411632,100
367,4,13.389250,-14.361632,100
9,294,-4.510751,0.138368,100
10,295,-4.460751,0.188368,100
162,537,3.139250,12.288369,100
347,398,12.389250,5.338369,100
348,397,12.439250,5.288369,100
348,398,12.439250,5.338369,100
348,399,12.439250,5.388369,100
349,398,12.489250,5.338369,100
143,519,2.189250,11.388369,100
144,519,2.239250,11.388369,100
535,260,21.789250,-1.561632,100
535,261,21.789250,-1.511632,100
384,545,14.239250,12.688369,100
158,275,2.939250,-0.811632,100
518,438,20.939250,7.338369,100
519,437,20.989250,7.288369,100
344,283,12.239250,-0.411632,100
250,93,7.539250,-9.911632,100
251,92,7.589250,-9.961632,100
295,278,9.789250,-0.661632,100
302,288,10.139250,-0.161632,100
228,110,6.439250,-9.061632,100
253,281,7.689250,-0.511632,100
451,491,17.589250,9.988369,100
452,490,17.639250,9.938369,100
452,491,17.639250,9.988369,100
452,492,17.639250,10.038369,100
453,491,17.689250,9.988369,100
553,359,22.689250,3.388369,100
507,163,20.389250,-6.411632,100
499,193,19.989250,-4.911632,100
499,194,19.989250,-4.861632,100
500,194,20.039250,-4.861632,100
310,407,10.539250,5.788369,100
310,408,10.539250,5.838369,100
215,400,5.789250,5.438369,100
257,402,7.889250,5.538369,100
376,393,13.839250,5.088369,100
307,74,10.389250,-10.861632,100
308,75,10.439250,-10.811632,100
388,367,14.439250,3.788369,100
332,432,11.639250,7.038369,100
313,44,10.689250,-12.361632,100
100,269,0.039250,-1.111632,100
101,268,0.089250,-1.161632,100
101,269,0.089250,-1.111632,100
101,270,0.089250,-1.061632,100
102,269,0.139250,-1.111632,100
0,331,-4.960751,1.988369,100
286,579,9.339250,14.388369,100
233,573,6.689250,14.088369,100
541,277,22.089250,-0.711632,100
542,276,22.139250,-0.761632,100
542,277,22.139250,-0.711632,100
305,449,10.289250,7.888369,100
493,200,19.689250,-4.561632,100
351,567,12.589250,13.788369,100
291,287,9.589250,-0.211632,100
505,174,20.289250,-5.861632,100
263,454,8.189250,8.138369,100
238,279,6.939250,-0.611632,100
255,448,7.789250,7.838369,100
419,26,15.989250,-13.261632,100
419,27,15.989250,-13.211632,100
420,26,16.039250,-13.261632,100
135,232,1.789250,-2.961632,100
324,19,11.239250,-13.611632,100
325,19,11.289250,-13.611632,100
325,20,11.289250,-13.561632,100
7,346,-4.610751,2.738369,100
8,347,-4.560751,2.788369,100
246,401,7.339250,5.488369,100
6,301,-4.660751,0.488368,100
7,302,-4.610751,0.538368,100
140,237,2.039250,-2.711632,100
44,264,-2.760750,-1.361632,100
44,266,-2.760750,-1.261632,100
45,265,-2.710750,-1.311632,100
508,175,20.439250,-5.811632,100
235,435,6.789250,7.188369,100
236,436,6.839250,7.238369,100
237,435,6.889250,7.188369,100
420,27,16.039250,-13.211632,100
421,518,16.089250,11.338369,100
422,517,16.139250,11.288369,100
387,340,14.389250,2.438369,100
333,403,11.689250,5.588369,100
542,397,22.139250,5.288369,100
542,398,22.139250,5.338369,100
543,398,22.189250,5.338369,100
487,461,19.389250,8.488369,100
488,462,19.439250,8.538369,100
316,90,10.839250,-10.061632,100
86,266,-0.660750,-1.261632,100
553,372,22.689250,4.038369,100
555,372,22.789250,4.038369,100
307,51,10.389250,-12.011632,100
237,436,6.889250,7.238369,100
318,280,10.939250,-0.561632,100
557,342,22.889250,2.538369,100
378,330,13.939250,1.938369,100
384,5,14.239250,-14.311632,100
385,5,14.289250,-14.311632,100
385,6,14.289250,-14.261632,100
276,283,8.839250,-0.411632,100
490,207,19.539250,-4.211632,100
490,208,19.539250,-4.161632,100
181,274,4.089250,-0.861632,100
154,258,2.739250,-1.661632,100
154,259,2.739250,-1.611632,100
155,258,2.789250,-1.661632,100
328,110,11.439250,-9.061632,100
329,109,11.489250,-9.111632,100
329,110,11.489250,-9.061632,100
329,111,11.489250,-9.011632,100
330,110,11.539250,-9.061632,100
393,540,14.689250,12.438369,100
394,540,14.739250,12.438369,100
319,95,10.989250,-9.811632,100
320,96,11.039250,-9.761632,100
266,89,8.339250,-10.111632,100
370,557,13.539250,13.288369,100
458,76,17.939250,-10.761632,100
460,76,18.039250,-10.761632,100
267,579,8.389250,14.388369,100
146,518,2.339250,11.338369,100
146,519,2.339250,11.388369,100
156,259,2.839250,-1.611632,100
330,111,11.539250,-9.011632,100
330,112,11.539250,-8.961632,100
331,111,11.589250,-9.011632,100
344,10,12.239250,-14.061632,100
502,182,20.139250,-5.461632,100
125,496,1.289250,10.238369,100
313,286,10.689250,-0.261632,100
218,277,5.939250,-0.711632,100
219,278,5.989250,-0.661632,100
124,270,1.239250,-1.061632,100
461,77,18.089250,-10.711632,100
553,303,22.689250,0.588368,100
195,561,4.789250,13.488369,100
537,405,21.889250,5.688369,100
311,96,10.589250,-9.761632,100
502,447,20.139250,7.788369,100
503,447,20.189250,7.788369,100
262,93,8.139250,-9.911632,100
263,92,8.189250,-9.961632,100
516,236,20.839250,-2.761632,100
549,379,22.489250,4.388369,100
550,379,22.539250,4.388369,100
550,380,22.539250,4.438369,100
314,102,10.739250,-9.461632,100
314,103,10.739250,-9.411632,100
315,102,10.789250,-9.461632,100
165,159,3.289250,-6.611632,100
340,12,12.039250,-13.961632,100
203,270,5.189250,-1.061632,100
168,542,3.439250,12.538369,100
168,543,3.439250,12.588369,100
485,105,19.289250,-9.311632,100
485,106,19.289250,-9.261632,100
304,93,10.239250,-9.911632,100
39,393,-3.010750,5.088369,100
161,273,3.089250,-0.911632,100
161,275,3.089250,-0.811632,100
315,103,10.789250,-9.411632,100
315,104,10.789250,-9.361632,100
316,103,10.839250,-9.411632,100
59,262,-2.010750,-1.461632,100
59,264,-2.010750,-1.361632,100
132,212,1.639250,-3.961632,100
134,212,1.739250,-3.961632,100
386,357,14.339250,3.288369,100
387,357,14.389250,3.288369,100
218,398,5.939250,5.338369,100
379,388,13.989250,4.838369,100
554,350,22.739250,2.938369,100
498,453,19.939250,8.088369,100
499,453,19.989250,8.088369,100
28,275,-3.560750,-0.811632,100
281,454,9.089250,8.138369,100
203,127,5.189250,-8.211632,100
256,281,7.839250,-0.511632,100
195,273,4.789250,-0.911632,100
197,277,4.889250,-0.711632,100
198,276,4.939250,-0.761632,100
198,278,4.939250,-0.661632,100
533,412,21.689250,6.038369,100
104,271,0.239250,-1.011632,100
542,271,22.139250,-1.011632,100
204,128,5.239250,-8.161632,100
204,129,5.239250,-8.111632,100
383,324,14.189250,1.638369,100
384,325,14.239250,1.688369,100
250,96,7.539250,-9.761632,100
251,95,7.589250,-9.811632,100
545,276,22.289250,-0.761632,100
241,274,7.089250,-0.861632,100
307,448,10.389250,7.838369,100
354,301,12.739250,0.488368,100
217,411,5.889250,5.988369,100
217,412,5.889250,6.038369,100
76,437,-1.160750,7.288369,100
77,436,-1.110750,7.238369,100
289,579,9.489250,14.388369,100
336,284,11.839250,-0.361632,100
351,2,12.589250,-14.461632,100
351,4,12.589250,-14.361632,100
294,285,9.739250,-0.311632,100
294,287,9.739250,-0.211632,100
266,452,8.339250,8.038369,100
554,327,22.739250,1.788369,100
555,327,22.789250,1.788369,100
387,369,14.389250,3.888369,100
386,334,14.339250,2.138369,100
553,362,22.689250,3.538369,100
555,362,22.789250,3.538369,100
557,332,22.889250,2.038369,100
249,399,7.489250,5.388369,100
236,282,6.839250,-0.461632,100
141,274,2.089250,-0.861632,100
142,274,2.139250,-0.861632,100
142,275,2.139250,-0.811632,100
143,274,2.189250,-0.861632,100
509,441,20.489250,7.488369,100
510,441,20.539250,7.488369,100
510,442,20.539250,7.538369,100
147,244,2.389250,-2.361632,100
224,573,6.239250,14.088369,100
279,279,8.989250,-0.611632,100
279,280,8.989250,-0.561632,100
467,480,18.389250,9.438369,100
226,272,6.339250,-0.961632,100
339,294,11.989250,0.138368,100
331,288,11.589250,-0.161632,100
332,289,11.639250,-0.111632,100
103,466,0.189250,8.738369,100
544,398,22.239250,5.338369,100
545,398,22.289250,5.338369,100
545,399,22.289250,5.388369,100
546,398,22.339250,5.338369,100
277,88,8.889250,-10.161632,100
278,89,8.939250,-10.111632,100
321,280,11.089250,-0.561632,100
172,151,3.639250,-7.011632,100
389,8,14.489250,-14.161632,100
508,142,20.439250,-7.461632,100
441,52,17.089250,-11.961632,100
439,503,16.989250,10.588369,100
295,453,9.789250,8.088369,100
296,452,9.839250,8.038369,100
263,275,8.189250,-0.811632,100
168,266,3.439250,-1.261632,100
168,268,3.439250,-1.161632,100
169,267,3.489250,-1.211632,100
274,286,8.739250,-0.261632,100
328,404,11.439250,5.638369,100
312,576,10.639250,14.238369,100
221,278,6.089250,-0.661632,100
270,579,8.539250,14.388369,100
297,455,9.889250,8.188369,100
343,420,12.189250,6.438369,100
229,400,6.489250,5.438369,100
318,27,10.939250,-13.211632,100
319,28,10.989250,-13.161632,100
34,268,-3.260750,-1.161632,100
35,268,-3.210750,-1.161632,100
35,269,-3.210750,-1.111632,100
317,103,10.889250,-9.411632,100
317,104,10.889250,-9.361632,100
132,202,1.639250,-4.461632,100
307,54,10.389250,-11.861632,100
338,572,11.939250,14.038369,100
339,571,11.989250,13.988369,100
324,408,11.239250,5.838369,100
144,176,2.239250,-5.761632,100
303,578,10.189250,14.338369,100
304,577,10.239250,14.288369,100
69,267,-1.510750,-1.211632,100
318,104,10.939250,-9.361632,100
318,105,10.939250,-9.311632,100
319,104,10.989250,-9.361632,100
510,233,20.539250,-2.911632,100
511,234,20.589250,-2.861632,100
556,349,22.839250,2.888369,100
558,349,22.939250,2.888369,100
301,279,10.089250,-0.611632,100
301,281,10.089250,-0.511632,100
32,384,-3.360750,4.638369,100
284,457,9.239250,8.288369,100
285,456,9.289250,8.238369,100
164,273,3.239250,-0.911632,100
164,275,3.239250,-0.811632,100
512,234,20.639250,-2.861632,100
536,407,21.839250,5.788369,100
62,262,-1.860750,-1.461632,100
62,264,-1.860750,-1.361632,100
135,212,1.789250,-3.961632,100
137,212,1.889250,-3.961632,100
257,94,7.889250,-9.861632,100
366,1,13.339250,-14.511632,100
7,292,-4.610751,0.038368,100
548,381,22.439250,4.488369,100
549,380,22.489250,4.438369,100
207,271,5.389250,-1.011632,100
510,165,20.539250,-6.311632,100
553,316,22.689250,1.238368,100
555,316,22.789250,1.238368,100
305,285,10.289250,-0.311632,100
57,414,-2.110750,6.138369,100
338,284,11.939250,-0.361632,100
516,434,20.839250,7.138369,100
517,434,20.889250,7.138369,100
408,528,15.439250,11.838369,100
557,362,22.889250,3.538369,100
107,271,0.389250,-1.011632,100
140,183,2.039250,-5.411632,100
326,573,11.339250,14.088369,100
306,66,10.339250,-11.261632,100
474,471,18.739250,8.988369,100
481,101,19.089250,-9.511632,100
481,102,19.089250,-9.461632,100
244,274,7.239250,-0.861632,100
3,333,-4.810751,2.088369,100
331,15,11.589250,-13.811632,100
297,288,9.889250,-0.161632,100
202,279,5.139250,-0.611632,100
153,272,2.689250,-0.961632,100
153,274,2.689250,-0.861632,100
360,306,13.039250,0.738368,100
360,307,13.039250,0.788368,100
532,414,21.639250,6.138369,100
533,414,21.689250,6.138369,100
366,386,13.339250,4.738369,100
4,334,-4.760751,2.138369,100
279,88,8.989250,-10.161632,100
279,89,8.989250,-10.111632,100
279,90,8.989250,-10.061632,100
50,267,-2.460750,-1.211632,100
539,273,21.989250,-0.911632,100
540,274,22.039250,-0.861632,100
404,529,15.239250,11.888369,100
311,76,10.589250,-10.761632,100
310,41,10.539250,-12.511632,100
281,277,9.089250,-0.711632,100
187,271,4.389250,-1.011632,100
342,295,12.139250,0.188368,100
361,307,13.089250,0.788368,100
334,289,11.739250,-0.111632,100
252,399,7.639250,5.388369,100
239,282,6.989250,-0.461632,100
227,571,6.389250,13.988369,100
228,572,6.439250,14.038369,100
282,280,9.139250,-0.561632,100
180,267,4.039250,-1.211632,100
96,462,-0.160750,8.538369,100
97,463,-0.110750,8.588369,100
98,462,-0.060750,8.538369,100
423,30,16.189250,-13.061632,100
51,267,-2.410750,-1.211632,100
327,21,11.389250,-13.511632,100
551,368,22.589250,3.838369,100
228,574,6.439250,14.138369,100
443,499,17.189250,10.388369,100
351,5,12.589250,-14.311632,100
351,7,12.589250,-14.211632,100
374,363,13.739250,3.588369,100
375,362,13.789250,3.538369,100
376,363,13.839250,3.588369,100
335,289,11.789250,-0.111632,100
242,100,7.139250,-9.561632,100
410,20,15.539250,-13.561632,100
411,21,15.589250,-13.511632,100
299,454,9.989250,8.138369,100
319,283,10.989250,-0.411632,100
4,311,-4.760751,0.988368,100
544,399,22.239250,5.388369,100
544,400,22.239250,5.438369,100
545,400,22.289250,5.438369,100
290,403,9.539250,5.588369,100
290,405,9.539250,5.688369,100
277,286,8.889250,-0.261632,100
492,210,19.639250,-4.061632,100
492,211,19.639250,-4.011632,100
315,578,10.789250,14.338369,100
309,53,10.489250,-11.911632,100
311,53,10.589250,-11.911632,100
273,579,8.689250,14.388369,100
239,438,6.989250,7.338369,100
12,361,-4.360751,3.488369,100
435,49,16.789250,-12.111632,100
436,50,16.839250,-12.061632,100
437,49,16.889250,-12.111632,100
232,398,6.639250,5.338369,100
232,400,6.639250,5.438369,100
124,492,1.239250,10.038369,100
514,234,20.739250,-2.861632,100
493,211,19.689250,-4.011632,100
493,212,19.689250,-3.961632,100
156,261,2.839250,-1.511632,100
157,260,2.889250,-1.561632,100
332,112,11.639250,-8.961632,100
176,274,3.839250,-0.861632,100
176,276,3.839250,-0.761632,100
135,202,1.789250,-4.461632,100
81,265,-0.910750,-1.311632,100
209,271,5.489250,-1.011632,100
147,176,2.389250,-5.761632,100
148,175,2.439250,-5.811632,100
148,176,2.439250,-5.761632,100
148,177,2.439250,-5.711632,100
149,176,2.489250,-5.761632,100
39,268,-3.010750,-1.161632,100
10,287,-4.460751,-0.211632,100
510,155,20.539250,-6.811632,100
462,78,18.139250,-10.661632,100
321,104,11.089250,-9.361632,100
321,105,11.089250,-9.311632,100
127,498,1.389250,10.338369,100
304,279,10.239250,-0.611632,100
324,108,11.239250,-9.161632,100
482,467,19.139250,8.788369,100
186,552,4.339250,13.038369,100
187,139,4.389250,-7.611632,100
213,277,5.689250,-0.711632,100
204,274,5.239250,-0.861632,100
205,274,5.289250,-0.861632,100
205,275,5.289250,-0.811632,100
65,262,-1.710750,-1.461632,100
144,178,2.239250,-5.661632,100
319,30,10.989250,-13.061632,100
41,396,-2.910750,5.238369,100
1,323,-4.910751,1.588369,100
3,323,-4.810751,1.588369,100
210,123,5.539250,-8.411632,100
339,7,11.989250,-14.211632,100
253,580,7.689250,14.438369,100
557,316,22.889250,1.238368,100
558,316,22.939250,1.238368,100
247,277,7.389250,-0.711632,100
334,14,11.739250,-13.861632,100
334,15,11.739250,-13.811632,100
335,15,11.789250,-13.811632,100
531,259,21.589250,-1.611632,100
532,260,21.639250,-1.561632,100
250,280,7.539250,-0.561632,100
250,282,7.539250,-0.461632,100
251,281,7.589250,-0.511632,100
298,91,9.939250,-10.011632,100
298,93,9.939250,-9.911632,100
299,92,9.989250,-9.961632,100
110,271,0.539250,-1.011632,100
329,575,11.489250,14.188369,100
61,266,-1.910750,-1.261632,100
6,294,-4.660751,0.138368,100
558,352,22.939250,3.038369,100
306,406,10.339250,5.738369,100
307,405,10.389250,5.688369,100
307,406,10.389250,5.738369,100
307,407,10.389250,5.788369,100
26,272,-3.660750,-0.961632,100
27,271,-3.610750,-1.011632,100
27,273,-3.610750,-0.911632,100
342,285,12.139250,-0.311632,100
386,325,14.339250,1.688369,100
534,260,21.739250,-1.561632,100
156,272,2.839250,-0.961632,100
449,491,17.489250,9.988369,100
450,490,17.539250,9.938369,100
366,2,13.339250,-14.461632,100
366,4,13.339250,-14.361632,100
499,122,19.989250,-8.461632,100
536,413,21.839250,6.088369,100
536,414,21.839250,6.138369,100
537,414,21.889250,6.138369,100
477,99,18.889250,-9.611632,100
139,185,1.989250,-5.311632,100
282,88,9.139250,-10.161632,100
282,90,9.139250,-10.061632,100
314,37,10.739250,-12.711632,100
315,37,10.789250,-12.711632,100
315,38,10.789250,-12.661632,100
53,267,-2.310750,-1.211632,100
351,413,12.589250,6.088369,100
510,168,20.539250,-6.161632,100
78,440,-1.060750,7.438369,100
496,198,19.839250,-4.661632,100
473,475,18.689250,9.188369,100
509,172,20.489250,-5.961632,100
69,425,-1.510750,6.688369,100
99,270,-0.010750,-1.061632,100
79,441,-1.010750,7.488369,100
503,128,20.189250,-8.161632,100
284,579,9.239250,14.388369,100
445,498,17.289250,10.338369,100
292,403,9.639250,5.588369,100
292,405,9.639250,5.688369,100
285,280,9.289250,-0.561632,100
511,442,20.589250,7.538369,100
511,443,20.589250,7.588369,100
244,99,7.239250,-9.611632,100
558,329,22.939250,1.888369,100
194,278,4.739250,-0.661632,100
260,450,8.039250,7.938369,100
261,451,8.089250,7.988369,100
227,275,6.389250,-0.811632,100
417,26,15.889250,-13.261632,100
417,27,15.889250,-13.211632,100
105,469,0.289250,8.888369,100
231,572,6.589250,14.038369,100
217,116,5.889250,-8.761632,100
83,265,-0.810750,-1.311632,100
84,266,-0.760750,-1.261632,100
135,192,1.789250,-4.961632,100
136,191,1.839250,-5.011632,100
137,192,1.889250,-4.961632,100
228,276,6.439250,-0.761632,100
418,27,15.939250,-13.211632,100
418,28,15.939250,-13.161632,100
373,329,13.689250,1.888369,100
106,470,0.339250,8.938369,100
326,290,11.339250,-0.061632,100
108,475,0.439250,9.188369,100
84,268,-0.760750,-1.161632,100
235,398,6.789250,5.338369,100
555,342,22.789250,2.538369,100
387,349,14.389250,2.888369,100
383,6,14.189250,-14.261632,100
146,178,2.339250,-5.661632,100
147,178,2.389250,-5.661632,100
372,369,13.639250,3.888369,100
374,369,13.739250,3.888369,100
379,335,13.989250,2.188369,100
499,216,19.989250,-3.761632,100
552,371,22.639250,3.988369,100
553,371,22.689250,3.988369,100
322,440,11.139250,7.438369,100
323,440,11.189250,7.438369,100
188,139,4.439250,-7.611632,100
368,555,13.439250,13.188369,100
390,350,14.539250,2.938369,100
121,269,1.089250,-1.111632,100
21,367,-3.910751,3.788369,100
376,2,13.839250,-14.461632,100
377,2,13.889250,-14.461632,100
316,99,10.839250,-9.611632,100
118,489,0.939250,9.888369,100
119,489,0.989250,9.888369,100
152,258,2.639250,-1.661632,100
365,401,13.289250,5.488369,100
481,468,19.089250,8.838369,100
319,105,10.989250,-9.311632,100
319,106,10.989250,-9.261632,100
320,105,11.039250,-9.311632,100
269,285,8.489250,-0.311632,100
216,277,5.839250,-0.711632,100
141,513,2.089250,11.088369,100
457,75,17.889250,-10.811632,100
457,76,17.889250,-10.761632,100
373,306,13.689250,0.738368,100
374,307,13.739250,0.788368,100
375,306,13.789250,0.738368,100
273,404,8.689250,5.638369,100
145,518,2.289250,11.338369,100
301,92,10.089250,-9.961632,100
320,106,11.039250,-9.261632,100
368,2,13.439250,-14.461632,100
368,4,13.439250,-14.361632,100
256,578,7.839250,14.338369,100
256,580,7.839250,14.438369,100
122,269,1.139250,-1.111632,100
479,99,18.989250,-9.611632,100
201,270,5.089250,-1.061632,100
143,185,2.189250,-5.311632,100
24,274,-3.760751,-0.861632,100
25,273,-3.710750,-0.911632,100
25,274,-3.710750,-0.861632,100
25,275,-3.710750,-0.811632,100
26,274,-3.660750,-0.861632,100
557,319,22.889250,1.388369,100
387,545,14.389250,12.688369,100
159,275,2.989250,-0.811632,100
451,490,17.589250,9.938369,100
64,266,-1.760750,-1.261632,100
11,294,-4.410751,0.138368,100
507,162,20.389250,-6.461632,100
310,405,10.539250,5.688369,100
296,278,9.839250,-0.661632,100
496,453,19.839250,8.088369,100
389,362,14.489250,3.538369,100
307,288,10.389250,-0.161632,100
307,289,10.389250,-0.111632,100
279,454,8.989250,8.138369,100
254,281,7.739250,-0.511632,100
158,165,2.939250,-6.311632,100
3,326,-4.810751,1.738369,100
311,408,10.589250,5.838369,100
224,110,6.239250,-9.061632,100
376,352,13.839250,3.038369,100
378,352,13.939250,3.038369,100
196,277,4.839250,-0.711632,100
196,278,4.839250,-0.661632,100
333,283,11.689250,-0.411632,100
193,272,4.689250,-0.961632,100
383,549,14.189250,12.888369,100
291,284,9.589250,-0.361632,100
292,285,9.639250,-0.311632,100
102,268,0.139250,-1.161632,100
491,459,19.589250,8.388369,100
357,0,12.889250,-14.561632,100
357,1,12.889250,-14.511632,100
358,1,12.939250,-14.511632,100
287,579,9.389250,14.388369,100
281,92,9.089250,-9.961632,100
356,6,12.839250,-14.261632,100
137,228,1.889250,-3.161632,100
139,228,1.989250,-3.161632,100
292,287,9.639250,-0.211632,100
197,276,4.889250,-0.761632,100
197,278,4.889250,-0.661632,100
215,412,5.789250,6.038369,100
216,411,5.839250,5.988369,100
498,125,19.939250,-8.311632,100
555,332,22.789250,2.038369,100
387,339,14.389250,2.388369,100
389,339,14.489250,2.388369,100
247,399,7.389250,5.388369,100
247,401,7.389250,5.488369,100
234,282,6.739250,-0.461632,100
139,271,1.989250,-1.011632,100
139,273,1.989250,-0.911632,100
45,264,-2.710750,-1.361632,100
46,265,-2.660750,-1.311632,100
424,31,16.239250,-13.011632,100
555,371,22.789250,3.988369,100
541,397,22.089250,5.288369,100
264,451,8.239250,7.988369,100
238,435,6.939250,7.188369,100
231,276,6.589250,-0.761632,100
545,287,22.289250,-0.211632,100
329,288,11.489250,-0.161632,100
390,340,14.539250,2.438369,100
334,403,11.739250,5.588369,100
424,32,16.239250,-12.961632,100
367,401,13.389250,5.488369,100
239,436,6.989250,7.238369,100
284,402,9.239250,5.538369,100
222,572,6.139250,14.038369,100
249,444,7.489250,7.638369,100
386,6,14.339250,-14.261632,100
387,5,14.389250,-14.311632,100
348,568,12.439250,13.838369,100
268,279,8.439250,-0.611632,100
494,212,19.739250,-3.961632,100
494,213,19.739250,-3.911632,100
272,286,8.639250,-0.261632,100
333,115,11.689250,-8.811632,100
333,116,11.689250,-8.761632,100
334,115,11.739250,-8.811632,100
373,372,13.689250,4.038369,100
387,7,14.389250,-14.211632,100
550,374,22.539250,4.138369,100
75,264,-1.210750,-1.361632,100
314,280,10.739250,-0.561632,100
314,282,10.739250,-0.461632,100
549,378,22.489250,4.338369,100
517,236,20.889250,-2.761632,100
334,116,11.739250,-8.761632,100
507,152,20.389250,-6.961632,100
322,408,11.139250,5.838369,100
318,28,10.939250,-13.161632,100
263,93,8.189250,-9.911632,100
387,352,14.389250,3.038369,100
367,559,13.389250,13.388369,100
132,211,1.639250,-4.011632,100
134,211,1.739250,-4.011632,100
307,99,10.389250,-9.611632,100
554,349,22.739250,2.888369,100
376,342,13.839250,2.538369,100
162,273,3.139250,-0.911632,100
162,275,3.139250,-0.811632,100
316,102,10.839250,-9.461632,100
316,104,10.839250,-9.361632,100
368,379,13.439250,4.388369,100
310,64,10.539250,-11.361632,100
300,96,10.039250,-9.761632,100
381,353,14.089250,3.088369,100
310,289,10.539250,-0.111632,100
359,0,12.989250,-14.561632,100
359,1,12.989250,-14.511632,100
359,2,12.989250,-14.461632,100
282,454,9.139250,8.138369,100
257,281,7.889250,-0.511632,100
265,403,8.289250,5.588369,100
105,271,0.289250,-1.011632,100
248,579,7.439250,14.388369,100
500,125,20.039250,-8.311632,100
501,125,20.089250,-8.311632,100
251,96,7.589250,-9.761632,100
478,102,18.939250,-9.461632,100
336,281,11.839250,-0.511632,100
242,274,7.139250,-0.861632,100
25,277,-3.710750,-0.711632,100
294,284,9.739250,-0.361632,100
553,361,22.689250,3.488369,100
554,326,22.739250,1.738369,100
331,433,11.589250,7.088369,100
360,0,13.039250,-14.561632,100
360,2,13.039250,-14.461632,100
366,310,13.339250,0.938368,100
502,126,20.139250,-8.261632,100
78,436,-1.060750,7.238369,100
290,579,9.539250,14.388369,100
337,284,11.889250,-0.361632,100
80,442,-0.960750,7.538369,100
368,315,13.439250,1.188368,100
370,315,13.539250,1.188368,100
5,339,-4.710751,2.388369,100
279,277,8.989250,-0.711632,100
237,282,6.889250,-0.461632,100
370,316,13.539250,1.238368,100
0,333,-4.960751,2.088369,100
544,397,22.239250,5.288369,100
546,397,22.339250,5.288369,100
324,20,11.239250,-13.561632,100
308,77,10.439250,-10.711632,100
225,573,6.289250,14.088369,100
280,280,9.039250,-0.561632,100
397,535,14.889250,12.188369,100
137,195,1.889250,-4.811632,100
139,195,1.989250,-4.811632,100
332,288,11.639250,-0.161632,100
313,82,10.689250,-10.461632,100
337,405,11.889250,5.688369,100
278,88,8.939250,-10.161632,100
419,28,15.989250,-13.161632,100
419,29,15.989250,-13.111632,100
508,141,20.439250,-7.511632,100
107,471,0.389250,8.988369,100
138,239,1.939250,-2.611632,100
139,240,1.989250,-2.561632,100
140,239,2.039250,-2.611632,100
313,91,10.689250,-10.011632,100
314,92,10.739250,-9.961632,100
348,3,12.439250,-14.411632,100
348,5,12.439250,-14.311632,100
372,326,13.639250,1.738369,100
420,29,16.039250,-13.111632,100
297,452,9.889250,8.038369,100
317,283,10.889250,-0.411632,100
222,272,6.139250,-0.961632,100
9,350,-4.510751,2.938369,100
108,472,0.439250,9.038369,100
169,266,3.489250,-1.261632,100
387,342,14.389250,2.538369,100
275,286,8.789250,-0.261632,100
140,240,2.039250,-2.561632,100
376,372,13.839250,4.038369,100
13,285,-4.310751,-0.311632,100
234,104,6.739250,-9.361632,100
307,53,10.389250,-11.911632,100
11,355,-4.410751,3.188369,100
271,579,8.589250,14.388369,100
324,405,11.239250,5.688369,100
230,400,6.539250,5.438369,100
265,92,8.289250,-9.961632,100
446,58,17.339250,-11.661632,100
0,310,-4.960751,0.938368,100
369,558,13.489250,13.338369,100
162,265,3.139250,-1.311632,100
325,408,11.289250,5.838369,100
372,374,13.639250,4.138369,100
312,289,10.639250,-0.111632,100
322,28,11.139250,-13.161632,100
378,3,13.939250,-14.411632,100
378,5,13.939250,-14.311632,100
146,521,2.339250,11.488369,100
293,453,9.689250,8.088369,100
548,380,22.439250,4.438369,100
267,403,8.389250,5.588369,100
260,278,8.039250,-0.661632,100
300,578,10.039250,14.338369,100
300,580,10.039250,14.438369,100
502,448,20.139250,7.838369,100
551,305,22.589250,0.688368,100
316,442,10.839250,7.538369,100
515,239,20.789250,-2.611632,100
295,90,9.789250,-10.061632,100
296,91,9.839250,-10.011632,100
285,454,9.289250,8.138369,100
253,95,7.689250,-9.811632,100
482,101,19.139250,-9.511632,100
203,273,5.189250,-0.911632,100
203,274,5.189250,-0.861632,100
268,401,8.439250,5.488369,100
268,403,8.439250,5.588369,100
497,190,19.889250,-5.061632,100
368,381,13.439250,4.488369,100
132,214,1.639250,-3.861632,100
134,214,1.739250,-3.861632,100
59,266,-2.010750,-1.261632,100
386,359,14.339250,3.388369,100
305,407,10.289250,5.788369,100
380,355,14.039250,3.188369,100
254,96,7.739250,-9.761632,100
255,95,7.789250,-9.811632,100
358,560,12.939250,13.438369,100
245,274,7.289250,-0.861632,100
203,129,5.189250,-8.111632,100
154,272,2.739250,-0.961632,100
154,274,2.739250,-0.861632,100
496,122,19.839250,-8.461632,100
280,88,9.039250,-10.161632,100
359,3,12.989250,-14.411632,100
359,5,12.989250,-14.311632,100
498,127,19.939250,-8.211632,100
499,128,19.989250,-8.161632,100
545,388,22.289250,4.838369,100
88,448,-0.560750,7.838369,100
545,278,22.289250,-0.661632,100
328,575,11.439250,14.188369,100
282,277,9.139250,-0.711632,100
20,278,-3.960751,-0.661632,100
306,407,10.339250,5.788369,100
240,282,7.039250,-0.461632,100
217,414,5.889250,6.138369,100
152,168,2.639250,-6.161632,100
365,312,13.289250,1.038368,100
191,275,4.589250,-0.811632,100
500,128,20.039250,-8.161632,100
546,279,22.339250,-0.611632,100
248,402,7.439250,5.538369,100
283,280,9.189250,-0.561632,100
509,442,20.489250,7.538369,100
215,408,5.789250,5.838369,100
374,362,13.739250,3.538369,100
387,371,14.389250,3.988369,100
258,452,7.939250,8.038369,100
250,448,7.539250,7.838369,100
225,275,6.289250,-0.811632,100
219,114,5.989250,-8.861632,100
100,467,0.039250,8.788369,100
101,468,0.089250,8.838369,100
543,399,22.189250,5.388369,100
552,295,22.639250,0.188368,100
315,575,10.789250,14.188369,100
47,268,-2.610750,-1.161632,100
510,443,20.539250,7.588369,100
240,437,7.039250,7.288369,100
259,453,7.989250,8.088369,100
320,283,11.039250,-0.411632,100
251,449,7.589250,7.888369,100
505,143,20.289250,-7.411632,100
506,144,20.339250,-7.361632,100
278,286,8.939250,-0.261632,100
316,578,10.839250,14.338369,100
142,240,2.139250,-2.561632,100
295,455,9.789250,8.188369,100
149,171,2.489250,-6.011632,100
229,281,6.489250,-0.511632,100
233,398,6.689250,5.338369,100
233,400,6.689250,5.438369,100
268,92,8.439250,-9.961632,100
214,120,5.739250,-8.561632,100
16,366,-4.160751,3.738369,100
324,287,11.239250,-0.211632,100
439,54,16.989250,-11.861632,100
440,55,17.039250,-11.811632,100
157,259,2.889250,-1.611632,100
128,497,1.439250,10.288369,100
518,239,20.939250,-2.611632,100
496,216,19.839250,-3.761632,100
381,378,14.089250,4.338369,100
375,374,13.789250,4.138369,100
126,273,1.339250,-0.911632,100
555,306,22.789250,0.738368,100
556,306,22.839250,0.738368,100
381,3,14.089250,-14.411632,100
303,580,10.189250,14.438369,100
553,380,22.689250,4.438369,100
267,285,8.389250,-0.311632,100
172,276,3.639250,-0.761632,100
271,404,8.589250,5.638369,100
306,94,10.339250,-9.861632,100
501,191,20.089250,-5.011632,100
558,351,22.939250,2.988369,100
254,580,7.739250,14.438369,100
329,115,11.489250,-8.811632,100
44,395,-2.760750,5.188369,100
358,406,12.939250,5.738369,100
534,259,21.739250,-1.611632,100
226,108,6.339250,-9.161632,100
299,91,9.989250,-10.011632,100
115,272,0.789250,-0.961632,100
371,381,13.589250,4.488369,100
135,214,1.789250,-3.861632,100
137,214,1.889250,-3.861632,100
62,266,-1.860750,-1.261632,100
516,435,20.839250,7.188369,100
308,405,10.439250,5.688369,100
308,407,10.439250,5.788369,100
361,562,13.089250,13.538369,100
510,167,20.539250,-6.211632,100
553,318,22.689250,1.338369,100
554,319,22.739250,1.388369,100
335,14,11.789250,-13.861632,100
157,272,2.889250,-0.961632,100
243,277,7.189250,-0.711632,100
493,114,19.689250,-8.861632,100
99,267,-0.010750,-1.211632,100
100,268,0.039250,-1.161632,100
368,313,13.439250,1.088368,100
362,3,13.139250,-14.411632,100
362,5,13.139250,-14.311632,100
24,273,-3.760751,-0.911632,100
252,280,7.639250,-0.561632,100
252,281,7.639250,-0.511632,100
481,104,19.089250,-9.361632,100
531,415,21.589250,6.188369,100
285,277,9.289250,-0.711632,100
357,564,12.889250,13.638369,100
558,328,22.939250,1.838369,100
194,275,4.739250,-0.811632,100
100,270,0.039250,-1.061632,100
489,459,19.489250,8.388369,100
331,280,11.589250,-0.561632,100
373,319,13.689250,1.388369,100
279,92,8.989250,-9.961632,100
354,4,12.739250,-14.361632,100
4,336,-4.760751,2.238369,100
136,226,1.839250,-3.261632,100
135,191,1.789250,-5.011632,100
195,278,4.789250,-0.661632,100
326,287,11.339250,-0.211632,100
137,271,1.889250,-1.011632,100
350,417,12.539250,6.288369,100
109,474,0.489250,9.138369,100
362,390,13.139250,4.938369,100
323,283,11.189250,-0.411632,100
254,447,7.739250,7.788369,100
20,281,-3.960751,-0.511632,100
246,445,7.339250,7.688369,100
386,373,14.339250,4.088369,100
232,279,6.639250,-0.611632,100
152,171,2.639250,-6.011632,100
138,274,1.939250,-0.861632,100
379,334,13.989250,2.138369,100
421,32,16.089250,-12.961632,100
551,370,22.589250,3.938369,100
143,243,2.189250,-2.411632,100
220,572,6.039250,14.038369,100
384,4,14.239250,-14.361632,100
384,6,14.239250,-14.261632,100
327,287,11.389250,-0.211632,100
167,156,3.389250,-6.761632,100
266,279,8.339250,-0.611632,100
217,272,5.889250,-0.961632,100
4,313,-4.760751,1.088368,100
269,282,8.489250,-0.461632,100
15,287,-4.210751,-0.211632,100
505,186,20.289250,-5.261632,100
80,268,-0.960750,-1.161632,100
147,177,2.389250,-5.711632,100
312,282,10.639250,-0.461632,100
328,109,11.439250,-9.111632,100
25,372,-3.710750,4.038369,100
514,236,20.739250,-2.761632,100
540,409,22.039250,5.888369,100
392,539,14.639250,12.388369,100
552,383,22.639250,4.588369,100
135,204,1.789250,-4.361632,100
137,204,1.889250,-4.361632,100
525,429,21.289250,6.888369,100
380,380,14.039250,4.438369,100
73,263,-1.310750,-1.411632,100
508,157,20.439250,-6.711632,100
510,157,20.539250,-6.711632,100
460,80,18.039250,-10.561632,100
461,81,18.089250,-10.511632,100
378,312,13.939250,1.038368,100
257,578,7.889250,14.338369,100
257,580,7.889250,14.438369,100
520,431,21.039250,6.988369,100
483,104,19.189250,-9.361632,100
484,104,19.239250,-9.361632,100
387,546,14.389250,12.738369,100
118,272,0.939250,-0.961632,100
462,81,18.139250,-10.511632,100
65,266,-1.710750,-1.261632,100
3,325,-4.810751,1.688369,100
501,193,20.089250,-4.911632,100
262,400,8.139250,5.438369,100
297,278,9.889250,-0.661632,100
364,2,13.239250,-14.461632,100
308,289,10.439250,-0.111632,100
26,273,-3.660750,-0.911632,100
280,454,9.039250,8.138369,100
484,105,19.239250,-9.311632,100
536,416,21.839250,6.238369,100
250,284,7.539250,-0.361632,100
376,387,13.839250,4.788369,100
298,95,9.939250,-9.811632,100
384,327,14.239250,1.788369,100
385,328,14.289250,1.838369,100
137,227,1.889250,-3.211632,100
139,227,1.989250,-3.211632,100
292,284,9.639250,-0.361632,100
103,268,0.189250,-1.161632,100
329,431,11.489250,6.988369,100
358,0,12.939250,-14.561632,100
358,2,12.939250,-14.461632,100
300,404,10.039250,5.638369,100
300,406,10.039250,5.738369,100
555,331,22.789250,1.988369,100
282,92,9.139250,-9.961632,100
549,390,22.489250,4.938369,100
367,315,13.389250,1.188368,100
367,316,13.389250,1.238368,100
387,328,14.389250,1.838369,100
509,174,20.489250,-5.861632,100
22,281,-3.860751,-0.511632,100
337,293,11.889250,0.088368,100
197,132,4.889250,-7.961632,100
78,442,-1.060750,7.538369,100
79,442,-1.010750,7.538369,100
79,443,-1.010750,7.588369,100
368,316,13.439250,1.238368,100
235,505,6.789250,10.688369,100
236,504,6.839250,10.638369,100
236,505,6.839250,10.688369,100
236,506,6.839250,10.738369,100
237,505,6.889250,10.688369,100
155,396,2.789250,5.238369,100
156,395,2.839250,5.188369,100
156,396,2.839250,5.238369,100
156,397,2.839250,5.288369,100
157,396,2.889250,5.238369,100
350,492,12.539250,10.038369,100
351,491,12.589250,9.988369,100
351,492,12.589250,10.038369,100
351,493,12.589250,10.088369,100
352,492,12.639250,10.038369,100
296,521,9.839250,11.488369,100
297,520,9.889250,11.438369,100
297,521,9.889250,11.488369,100
297,522,9.889250,11.538369,100
298,521,9.939250,11.488369,100
396,459,14.839250,8.388369,100
397,458,14.889250,8.338369,100
397,459,14.889250,8.388369,100
397,460,14.889250,8.438369,100
398,459,14.939250,8.388369,100
217,191,5.889250,-5.011632,100
218,190,5.939250,-5.061632,100
218,191,5.939250,-5.011632,100
218,192,5.939250,-4.961632,100
219,191,5.989250,-5.011632,100
386,149,14.339250,-7.111632,100
387,148,14.389250,-7.161632,100
387,149,14.389250,-7.111632,100
387,150,14.389250,-7.061632,100
388,149,14.439250,-7.111632,100
119,330,0.989250,1.938369,100
120,329,1.039250,1.888369,100
120,330,1.039250,1.938369,100
120,331,1.039250,1.988369,100
121,330,1.089250,1.938369,100
66,324,-1.660750,1.638369,100
67,323,-1.610750,1.588369,100
67,324,-1.610750,1.638369,100
67,325,-1.610750,1.688369,100
68,324,-1.560750,1.638369,100
494,356,19.739250,3.238369,100
495,355,19.789250,3.188369,100
495,356,19.789250,3.238369,100
495,357,19.789250,3.288369,100
496,356,19.839250,3.238369,100
495,321,19.789250,1.488369,100
496,320,19.839250,1.438369,100
496,321,19.839250,1.488369,100
496,322,19.839250,1.538369,100
497,321,19.889250,1.488369,100
440,385,17.039250,4.688369,100
441,384,17.089250,4.638369,100
441,385,17.089250,4.688369,100
441,386,17.089250,4.738369,100
442,385,17.139250,4.688369,100
157,442,2.889250,7.538369,100
158,441,2.939250,7.488369,100
158,442,2.939250,7.538369,100
158,443,2.939250,7.588369,100
159,442,2.989250,7.538369,100
292,221,9.639250,-3.511632,100
293,220,9.689250,-3.561632,100
293,221,9.689250,-3.511632,100
293,222,9.689250,-3.461632,100
294,221,9.739250,-3.511632,100
373,66,13.689250,-11.261632,100
374,65,13.739250,-11.311632,100
374,66,13.739250,-11.261632,100
374,67,13.739250,-11.211632,100
375,66,13.789250,-11.261632,100
228,502,6.439250,10.538369,100
229,501,6.489250,10.488369,100
229,502,6.489250,10.538369,100
229,503,6.489250,10.588369,100
230,502,6.539250,10.538369,100
263,343,8.189250,2.588369,100
264,342,8.239250,2.538369,100
264,343,8.239250,2.588369,100
264,344,8.239250,2.638369,100
265,343,8.289250,2.588369,100
430,191,16.539250,-5.011632,100
431,190,16.589250,-5.061632,100
431,191,16.589250,-5.011632,100
431,192,16.589250,-4.961632,100
432,191,16.639250,-5.011632,100
161,332,3.089250,2.038369,100
162,331,3.139250,1.988369,100
162,332,3.139250,2.038369,100
162,333,3.139250,2.088369,100
163,332,3.189250,2.038369,100
391,120,14.589250,-8.561632,100
392,119,14.639250,-8.611632,100
392,120,14.639250,-8.561632,100
392,121,14.639250,-8.511632,100
393,120,14.689250,-8.561632,100
238,515,6.939250,11.188369,100
239,514,6.989250,11.138369,100
239,515,6.989250,11.188369,100
239,516,6.989250,11.238369,100
240,515,7.039250,11.188369,100
394,125,14.739250,-8.311632,100
395,124,14.789250,-8.361632,100
395,125,14.789250,-8.311632,100
395,126,14.789250,-8.261632,100
396,125,14.839250,-8.311632,100
375,67,13.789250,-11.211632,100
375,68,13.789250,-11.161632,100
376,67,13.839250,-11.211632,100
440,241,17.039250,-2.511632,100
441,240,17.089250,-2.561632,100
441,241,17.089250,-2.511632,100
441,242,17.089250,-2.461632,100
442,241,17.139250,-2.511632,100
366,63,13.339250,-11.411632,100
367,62,13.389250,-11.461632,100
367,63,13.389250,-11.411632,100
367,64,13.389250,-11.361632,100
368,63,13.439250,-11.411632,100
445,356,17.289250,3.238369,100
446,355,17.339250,3.188369,100
446,356,17.339250,3.238369,100
446,357,17.339250,3.288369,100
447,356,17.389250,3.238369,100
168,456,3.439250,8.238369,100
169,455,3.489250,8.188369,100
169,456,3.489250,8.238369,100
169,457,3.489250,8.288369,100
170,456,3.539250,8.238369,100
322,514,11.139250,11.138369,100
323,513,11.189250,11.088369,100
323,514,11.189250,11.138369,100
323,515,11.189250,11.188369,100
324,514,11.239250,11.138369,100
432,192,16.639250,-4.961632,100
432,193,16.639250,-4.911632,100
433,192,16.689250,-4.961632,100
214,194,5.739250,-4.861632,100
215,193,5.789250,-4.911632,100
215,194,5.789250,-4.861632,100
215,195,5.789250,-4.811632,100
216,194,5.839250,-4.861632,100
443,166,17.189250,-6.261632,100
444,165,17.239250,-6.311632,100
444,166,17.239250,-6.261632,100
444,167,17.239250,-6.211632,100
445,166,17.289250,-6.261632,100
171,461,3.589250,8.488369,100
172,460,3.639250,8.438369,100
172,461,3.639250,8.488369,100
172,462,3.639250,8.538369,100
173,461,3.689250,8.488369,100
206,339,5.339250,2.388369,100
207,338,5.389250,2.338369,100
207,339,5.389250,2.388369,100
207,340,5.389250,2.438369,100
208,339,5.439250,2.388369,100
204,495,5.239250,10.188369,100
205,494,5.289250,10.138369,100
205,495,5.289250,10.188369,100
205,496,5.289250,10.238369,100
206,495,5.339250,10.188369,100
231,512,6.589250,11.038369,100
232,511,6.639250,10.988369,100
232,512,6.639250,11.038369,100
232,513,6.639250,11.088369,100
233,512,6.689250,11.038369,100
223,508,6.189250,10.838369,100
224,507,6.239250,10.788369,100
224,508,6.239250,10.838369,100
224,509,6.239250,10.888369,100
225,508,6.289250,10.838369,100
346,499,12.339250,10.388369,100
347,498,12.389250,10.338369,100
347,499,12.389250,10.388369,100
347,500,12.389250,10.438369,100
348,499,12.439250,10.388369,100
104,328,0.239250,1.838369,100
105,327,0.289250,1.788369,100
105,328,0.289250,1.838369,100
105,329,0.289250,1.888369,100
106,328,0.339250,1.838369,100
462,265,18.139250,-1.311632,100
463,264,18.189250,-1.361632,100
463,265,18.189250,-1.311632,100
463,266,18.189250,-1.261632,100
464,265,18.239250,-1.311632,100
354,174,12.739250,-5.861632,100
355,173,12.789250,-5.911632,100
355,174,12.789250,-5.861632,100
355,175,12.789250,-5.811632,100
356,174,12.839250,-5.861632,100
399,96,14.989250,-9.761632,100
400,95,15.039250,-9.811632,100
400,96,15.039250,-9.761632,100
400,97,15.039250,-9.711632,100
401,96,15.089250,-9.761632,100
478,389,18.939250,4.888369,100
479,388,18.989250,4.838369,100
479,389,18.989250,4.888369,100
479,390,18.989250,4.938369,100
480,389,19.039250,4.888369,100
148,334,2.439250,2.138369,100
149,333,2.489250,2.088369,100
149,334,2.489250,2.138369,100
149,335,2.489250,2.188369,100
150,334,2.539250,2.138369,100
277,219,8.889250,-3.611632,100
278,218,8.939250,-3.661632,100
278,219,8.939250,-3.611632,100
278,220,8.939250,-3.561632,100
279,219,8.989250,-3.611632,100
435,427,16.789250,6.788369,100
436,426,16.839250,6.738369,100
436,427,16.839250,6.788369,100
436,428,16.839250,6.838369,100
437,427,16.889250,6.788369,100
193,485,4.689250,9.688369,100
194,484,4.739250,9.638369,100
194,485,4.739250,9.688369,100
194,486,4.739250,9.738369,100
195,485,4.789250,9.688369,100
154,414,2.739250,6.138369,100
155,413,2.789250,6.088369,100
155,414,2.789250,6.138369,100
155,415,2.789250,6.188369,100
156,414,2.839250,6.138369,100
301,347,10.089250,2.788369,100
302,346,10.139250,2.738369,100
302,347,10.139250,2.788369,100
302,348,10.139250,2.838369,100
303,347,10.189250,2.788369,100
173,462,3.689250,8.538369,100
173,463,3.689250,8.588369,100
174,462,3.739250,8.538369,100
283,150,9.189250,-7.061632,100
284,149,9.239250,-7.111632,100
284,150,9.239250,-7.061632,100
284,151,9.239250,-7.011632,100
285,150,9.289250,-7.061632,100
394,246,14.739250,-2.261632,100
395,245,14.789250,-2.311632,100
395,246,14.789250,-2.261632,100
395,247,14.789250,-2.211632,100
396,246,14.839250,-2.261632,100
429,204,16.489250,-4.361632,100
430,203,16.539250,-4.411632,100
430,204,16.539250,-4.361632,100
430,205,16.539250,-4.311632,100
431,204,16.589250,-4.361632,100
225,509,6.289250,10.888369,100
225,510,6.289250,10.938369,100
226,509,6.339250,10.888369,100
438,173,16.939250,-5.911632,100
439,172,16.989250,-5.961632,100
439,173,16.989250,-5.911632,100
439,174,16.989250,-5.861632,100
440,173,17.039250,-5.911632,100
158,384,2.939250,4.638369,100
159,383,2.989250,4.588369,100
159,384,2.989250,4.638369,100
159,385,2.989250,4.688369,100
160,384,3.039250,4.638369,100
252,162,7.639250,-6.461632,100
253,161,7.689250,-6.511632,100
253,162,7.689250,-6.461632,100
253,163,7.689250,-6.411632,100
254,162,7.739250,-6.461632,100
413,116,15.689250,-8.761632,100
414,115,15.739250,-8.811632,100
414,116,15.739250,-8.761632,100
414,117,15.739250,-8.711632,100
415,116,15.789250,-8.761632,100
141,331,2.089250,1.988369,100
142,330,2.139250,1.938369,100
142,331,2.139250,1.988369,100
142,332,2.139250,2.038369,100
143,331,2.189250,1.988369,100
195,486,4.789250,9.738369,100
195,487,4.789250,9.788369,100
196,486,4.839250,9.738369,100
390,132,14.539250,-7.961632,100
391,131,14.589250,-8.011632,100
391,132,14.589250,-7.961632,100
391,133,14.589250,-7.911632,100
392,132,14.639250,-7.961632,100
396,247,14.839250,-2.211632,100
396,248,14.839250,-2.161632,100
397,247,14.889250,-2.211632,100
287,156,9.389250,-6.761632,100
288,155,9.439250,-6.811632,100
288,156,9.439250,-6.761632,100
288,157,9.439250,-6.711632,100
289,156,9.489250,-6.761632,100
356,173,12.839250,-5.911632,100
356,175,12.839250,-5.811632,100
357,174,12.889250,-5.861632,100
407,450,15.389250,7.938369,100
408,449,15.439250,7.888369,100
408,450,15.439250,7.938369,100
408,451,15.439250,7.988369,100
409,450,15.489250,7.938369,100
220,215,6.039250,-3.811632,100
221,214,6.089250,-3.861632,100
221,215,6.089250,-3.811632,100
221,216,6.089250,-3.761632,100
222,215,6.139250,-3.811632,100
444,368,17.239250,3.838369,100
445,367,17.289250,3.788369,100
445,368,17.289250,3.838369,100
445,369,17.289250,3.888369,100
446,368,17.339250,3.838369,100
445,333,17.289250,2.088369,100
446,332,17.339250,2.038369,100
446,333,17.339250,2.088369,100
446,334,17.339250,2.138369,100
447,333,17.389250,2.088369,100
236,339,6.839250,2.388369,100
237,338,6.889250,2.338369,100
237,339,6.889250,2.388369,100
237,340,6.889250,2.438369,100
238,339,6.939250,2.388369,100
310,517,10.539250,11.288369,100
311,516,10.589250,11.238369,100
311,517,10.589250,11.288369,100
311,518,10.589250,11.338369,100
312,517,10.639250,11.288369,100
194,342,4.739250,2.538369,100
195,341,4.789250,2.488369,100
195,342,4.789250,2.538369,100
195,343,4.789250,2.588369,100
196,342,4.839250,2.538369,100
112,389,0.639250,4.888369,100
113,388,0.689250,4.838369,100
113,389,0.689250,4.888369,100
113,390,0.689250,4.938369,100
114,389,0.739250,4.888369,100
315,223,10.789250,-3.411632,100
316,222,10.839250,-3.461632,100
316,223,10.839250,-3.411632,100
316,224,10.839250,-3.361632,100
317,223,10.889250,-3.411632,100
266,218,8.339250,-3.661632,100
267,217,8.389250,-3.711632,100
267,218,8.389250,-3.661632,100
267,219,8.389250,-3.611632,100
268,218,8.439250,-3.661632,100
178,334,3.939250,2.138369,100
179,333,3.989250,2.088369,100
179,334,3.989250,2.138369,100
179,335,3.989250,2.188369,100
180,334,4.039250,2.138369,100
435,139,16.789250,-7.611632,100
436,138,16.839250,-7.661632,100
436,139,16.839250,-7.611632,100
436,140,16.839250,-7.561632,100
437,139,16.889250,-7.611632,100
480,290,19.039250,-0.061632,100
481,289,19.089250,-0.111632,100
481,290,19.089250,-0.061632,100
481,291,19.089250,-0.011632,100
482,290,19.139250,-0.061632,100
337,507,11.889250,10.788369,100
338,506,11.939250,10.738369,100
338,507,11.939250,10.788369,100
338,508,11.939250,10.838369,100
339,507,11.989250,10.788369,100
373,164,13.689250,-6.361632,100
374,163,13.739250,-6.411632,100
374,164,13.739250,-6.361632,100
374,165,13.739250,-6.311632,100
375,164,13.789250,-6.361632,100
427,135,16.389250,-7.811632,100
428,134,16.439250,-7.861632,100
428,135,16.439250,-7.811632,100
428,136,16.439250,-7.761632,100
429,135,16.489250,-7.811632,100
357,485,12.889250,9.688369,100
358,484,12.939250,9.638369,100
358,485,12.939250,9.688369,100
358,486,12.939250,9.738369,100
359,485,12.989250,9.688369,100
334,501,11.739250,10.488369,100
335,500,11.789250,10.438369,100
335,501,11.789250,10.488369,100
335,502,11.789250,10.538369,100
336,501,11.839250,10.488369,100
306,519,10.339250,11.388369,100
307,518,10.389250,11.338369,100
307,519,10.389250,11.388369,100
307,520,10.389250,11.438369,100
308,519,10.439250,11.388369,100
437,140,16.889250,-7.561632,100
437,141,16.889250,-7.511632,100
438,140,16.939250,-7.561632,100
84,326,-0.760750,1.738369,100
85,325,-0.710750,1.688369,100
85,326,-0.710750,1.738369,100
85,327,-0.710750,1.788369,100
86,326,-0.660750,1.738369,100
482,291,19.139250,-0.011632,100
482,292,19.139250,0.038368,100
483,291,19.189250,-0.011632,100
190,344,4.539250,2.638369,100
191,343,4.589250,2.588369,100
191,344,4.589250,2.638369,100
191,345,4.589250,2.688369,100
192,344,4.639250,2.638369,100
114,388,0.739250,4.838369,100
114,390,0.739250,4.938369,100
115,389,0.789250,4.888369,100
343,177,12.189250,-5.711632,100
344,176,12.239250,-5.761632,100
344,177,12.239250,-5.711632,100
344,178,12.239250,-5.661632,100
345,177,12.289250,-5.711632,100
274,343,8.739250,2.588369,100
275,342,8.789250,2.538369,100
275,343,8.789250,2.588369,100
275,344,8.789250,2.638369,100
276,343,8.839250,2.588369,100
389,144,14.489250,-7.361632,100
390,143,14.539250,-7.411632,100
390,144,14.539250,-7.361632,100
390,145,14.539250,-7.311632,100
391,144,14.589250,-7.361632,100
434,295,16.739250,0.188368,100
435,294,16.789250,0.138368,100
435,295,16.789250,0.188368,100
435,296,16.789250,0.238368,100
436,295,16.839250,0.188368,100
429,217,16.489250,-3.711632,100
430,216,16.539250,-3.761632,100
430,217,16.539250,-3.711632,100
430,218,16.539250,-3.661632,100
431,217,16.589250,-3.711632,100
450,160,17.539250,-6.561632,100
451,159,17.589250,-6.611632,100
451,160,17.589250,-6.561632,100
451,161,17.589250,-6.511632,100
452,160,17.639250,-6.561632,100
353,227,12.689250,-3.211632,100
354,226,12.739250,-3.261632,100
354,227,12.739250,-3.211632,100
354,228,12.739250,-3.161632,100
355,227,12.789250,-3.211632,100
304,222,10.239250,-3.461632,100
305,221,10.289250,-3.511632,100
305,222,10.289250,-3.461632,100
305,223,10.289250,-3.411632,100
306,222,10.339250,-3.461632,100
216,338,5.839250,2.338369,100
217,337,5.889250,2.288369,100
217,338,5.889250,2.338369,100
217,339,5.889250,2.388369,100
218,338,5.939250,2.338369,100
209,213,5.489250,-3.911632,100
210,212,5.539250,-3.961632,100
210,213,5.539250,-3.911632,100
210,214,5.539250,-3.861632,100
211,213,5.589250,-3.911632,100
167,445,3.389250,7.688369,100
168,444,3.439250,7.638369,100
168,445,3.439250,7.688369,100
168,446,3.439250,7.738369,100
169,445,3.489250,7.688369,100
391,110,14.589250,-9.061632,100
392,109,14.639250,-9.111632,100
392,110,14.639250,-9.061632,100
392,111,14.639250,-9.011632,100
393,110,14.689250,-9.061632,100
442,421,17.139250,6.488369,100
443,420,17.189250,6.438369,100
443,421,17.189250,6.488369,100
443,422,17.189250,6.538369,100
444,421,17.239250,6.488369,100
238,505,6.939250,10.688369,100
239,504,6.989250,10.638369,100
239,505,6.989250,10.688369,100
239,506,6.989250,10.738369,100
240,505,7.039250,10.688369,100
311,346,10.589250,2.738369,100
312,345,10.639250,2.688369,100
312,346,10.639250,2.738369,100
312,347,10.639250,2.788369,100
313,346,10.689250,2.738369,100
446,162,17.339250,-6.461632,100
447,161,17.389250,-6.511632,100
447,162,17.389250,-6.461632,100
447,163,17.389250,-6.411632,100
448,162,17.439250,-6.461632,100
283,513,9.189250,11.088369,100
284,512,9.239250,11.038369,100
284,513,9.239250,11.088369,100
284,514,9.239250,11.138369,100
285,513,9.289250,11.088369,100
445,346,17.289250,2.738369,100
446,345,17.339250,2.688369,100
446,346,17.339250,2.738369,100
446,347,17.339250,2.788369,100
447,346,17.389250,2.738369,100
431,411,16.589250,5.988369,100
432,410,16.639250,5.938369,100
432,411,16.639250,5.988369,100
432,412,16.639250,6.038369,100
433,411,16.689250,5.988369,100
149,433,2.489250,7.088369,100
150,432,2.539250,7.038369,100
150,433,2.539250,7.088369,100
150,434,2.539250,7.138369,100
151,433,2.589250,7.088369,100
376,475,13.839250,9.188369,100
377,474,13.889250,9.138369,100
377,475,13.889250,9.188369,100
377,476,13.889250,9.238369,100
378,475,13.939250,9.188369,100
169,446,3.489250,7.738369,100
169,447,3.489250,7.788369,100
170,446,3.539250,7.738369,100
441,312,17.089250,1.038368,100
442,311,17.139250,0.988368,100
442,312,17.139250,1.038368,100
442,313,17.139250,1.088368,100
443,312,17.189250,1.038368,100
171,451,3.589250,7.988369,100
172,450,3.639250,7.938369,100
172,451,3.639250,7.988369,100
172,452,3.639250,8.038369,100
173,451,3.689250,7.988369,100
231,502,6.589250,10.538369,100
232,501,6.639250,10.488369,100
232,502,6.639250,10.538369,100
232,503,6.639250,10.588369,100
233,502,6.689250,10.538369,100
204,485,5.239250,9.688369,100
205,484,5.289250,9.638369,100
205,485,5.289250,9.688369,100
205,486,5.289250,9.738369,100
206,485,5.339250,9.688369,100
392,456,14.639250,8.238369,100
393,455,14.689250,8.188369,100
393,456,14.689250,8.238369,100
393,457,14.689250,8.288369,100
394,456,14.739250,8.238369,100
223,498,6.189250,10.338369,100
224,497,6.239250,10.288369,100
224,498,6.239250,10.338369,100
224,499,6.239250,10.388369,100
225,498,6.289250,10.338369,100
193,210,4.689250,-4.061632,100
194,209,4.739250,-4.111632,100
194,210,4.739250,-4.061632,100
194,211,4.739250,-4.011632,100
195,210,4.789250,-4.061632,100
368,62,13.439250,-11.461632,100
369,61,13.489250,-11.511632,100
369,62,13.489250,-11.461632,100
369,63,13.489250,-11.411632,100
370,62,13.539250,-11.461632,100
433,228,16.689250,-3.161632,100
434,227,16.739250,-3.211632,100
434,228,16.739250,-3.161632,100
434,229,16.739250,-3.111632,100
435,228,16.789250,-3.161632,100
163,367,3.189250,3.788369,100
164,366,3.239250,3.738369,100
164,367,3.239250,3.788369,100
164,368,3.239250,3.838369,100
165,367,3.289250,3.788369,100
385,151,14.289250,-7.011632,100
386,150,14.339250,-7.061632,100
386,151,14.339250,-7.011632,100
386,152,14.339250,-6.961632,100
387,151,14.389250,-7.011632,100
323,176,11.189250,-5.761632,100
324,175,11.239250,-5.811632,100
324,176,11.239250,-5.761632,100
324,177,11.239250,-5.711632,100
325,176,11.289250,-5.761632,100
193,475,4.689250,9.188369,100
194,474,4.739250,9.138369,100
194,475,4.739250,9.188369,100
194,476,4.739250,9.238369,100
195,475,4.789250,9.188369,100
154,404,2.739250,5.638369,100
155,403,2.789250,5.588369,100
155,404,2.789250,5.638369,100
155,405,2.789250,5.688369,100
156,404,2.839250,5.638369,100
254,342,7.739250,2.538369,100
255,341,7.789250,2.488369,100
255,342,7.789250,2.538369,100
255,343,7.789250,2.588369,100
256,342,7.839250,2.538369,100
159,333,2.989250,2.088369,100
160,332,3.039250,2.038369,100
160,333,3.039250,2.088369,100
160,334,3.039250,2.138369,100
161,333,3.089250,2.088369,100
153,439,2.689250,7.388369,100
154,438,2.739250,7.338369,100
154,439,2.739250,7.388369,100
154,440,2.739250,7.438369,100
155,439,2.789250,7.388369,100
348,498,12.439250,10.338369,100
349,497,12.489250,10.288369,100
349,498,12.489250,10.338369,100
349,499,12.489250,10.388369,100
350,498,12.539250,10.338369,100
429,194,16.489250,-4.861632,100
430,193,16.539250,-4.911632,100
430,194,16.539250,-4.861632,100
430,195,16.539250,-4.811632,100
431,194,16.589250,-4.861632,100
285,512,9.289250,11.038369,100
285,514,9.289250,11.138369,100
286,513,9.339250,11.088369,100
444,322,17.239250,1.538369,100
445,321,17.289250,1.488369,100
445,322,17.289250,1.538369,100
445,323,17.289250,1.588369,100
446,322,17.339250,1.538369,100
325,177,11.289250,-5.711632,100
325,178,11.289250,-5.661632,100
326,177,11.339250,-5.711632,100
195,476,4.789250,9.238369,100
195,477,4.789250,9.288369,100
196,476,4.839250,9.238369,100
391,87,14.589250,-10.211632,100
392,86,14.639250,-10.261632,100
392,87,14.639250,-10.211632,100
392,88,14.639250,-10.161632,100
393,87,14.689250,-10.211632,100
178,468,3.939250,8.838369,100
179,467,3.989250,8.788369,100
179,468,3.989250,8.838369,100
179,469,3.989250,8.888369,100
180,468,4.039250,8.838369,100
383,83,14.189250,-10.411632,100
384,82,14.239250,-10.461632,100
384,83,14.239250,-10.411632,100
384,84,14.239250,-10.361632,100
385,83,14.289250,-10.411632,100
447,247,17.389250,-2.211632,100
448,246,17.439250,-2.261632,100
448,247,17.439250,-2.211632,100
448,248,17.439250,-2.161632,100
449,247,17.489250,-2.211632,100
232,179,6.639250,-5.611632,100
233,178,6.689250,-5.661632,100
233,179,6.689250,-5.611632,100
233,180,6.689250,-5.561632,100
234,179,6.739250,-5.611632,100
68,336,-1.560750,2.238369,100
69,335,-1.510750,2.188369,100
69,336,-1.510750,2.238369,100
69,337,-1.510750,2.288369,100
70,336,-1.460750,2.238369,100
372,73,13.639250,-10.911632,100
373,72,13.689250,-10.961632,100
373,73,13.689250,-10.911632,100
373,74,13.689250,-10.861632,100
374,73,13.739250,-10.911632,100
200,492,5.039250,10.038369,100
201,491,5.089250,9.988369,100
201,492,5.089250,10.038369,100
201,493,5.089250,10.088369,100
202,492,5.139250,10.038369,100
389,242,14.489250,-2.461632,100
390,241,14.539250,-2.511632,100
390,242,14.539250,-2.461632,100
390,243,14.539250,-2.411632,100
391,242,14.589250,-2.461632,100
255,162,7.789250,-6.461632,100
256,161,7.839250,-6.511632,100
256,162,7.839250,-6.461632,100
256,163,7.839250,-6.411632,100
257,162,7.889250,-6.461632,100
416,116,15.839250,-8.761632,100
417,115,15.889250,-8.811632,100
417,116,15.889250,-8.761632,100
417,117,15.889250,-8.711632,100
418,116,15.939250,-8.761632,100
395,93,14.789250,-9.911632,100
396,92,14.839250,-9.961632,100
396,93,14.839250,-9.911632,100
396,94,14.839250,-9.861632,100
397,93,14.889250,-9.911632,100
197,337,4.889250,2.288369,100
198,336,4.939250,2.238369,100
198,337,4.939250,2.288369,100
198,338,4.939250,2.338369,100
199,337,4.989250,2.288369,100
365,479,13.289250,9.388369,100
366,478,13.339250,9.338369,100
366,479,13.339250,9.388369,100
366,480,13.339250,9.438369,100
367,479,13.389250,9.388369,100
232,215,6.639250,-3.811632,100
233,214,6.689250,-3.861632,100
233,215,6.689250,-3.811632,100
233,216,6.689250,-3.761632,100
234,215,6.739250,-3.811632,100
144,331,2.239250,1.988369,100
145,330,2.289250,1.938369,100
145,331,2.289250,1.988369,100
145,332,2.289250,2.038369,100
146,331,2.339250,1.988369,100
472,276,18.639250,-0.761632,100
473,275,18.689250,-0.811632,100
473,276,18.689250,-0.761632,100
473,277,18.689250,-0.711632,100
474,276,18.739250,-0.761632,100
393,132,14.689250,-7.961632,100
394,131,14.739250,-8.011632,100
394,132,14.739250,-7.961632,100
394,133,14.739250,-7.911632,100
395,132,14.789250,-7.961632,100
189,482,4.489250,9.538369,100
190,481,4.539250,9.488369,100
190,482,4.539250,9.538369,100
190,483,4.539250,9.588369,100
191,482,4.589250,9.538369,100
419,270,15.989250,-1.061632,100
420,269,16.039250,-1.111632,100
420,270,16.039250,-1.061632,100
420,271,16.039250,-1.011632,100
421,270,16.089250,-1.061632,100
387,89,14.389250,-10.111632,100
388,88,14.439250,-10.161632,100
388,89,14.439250,-10.111632,100
388,90,14.439250,-10.061632,100
389,89,14.489250,-10.111632,100
391,243,14.589250,-2.411632,100
391,244,14.589250,-2.361632,100
392,243,14.639250,-2.411632,100
93,365,-0.310750,3.688369,100
94,364,-0.260750,3.638369,100
94,365,-0.260750,3.688369,100
94,366,-0.260750,3.738369,100
95,365,-0.210750,3.688369,100
382,239,14.139250,-2.611632,100
383,238,14.189250,-2.661632,100
383,239,14.189250,-2.611632,100
383,240,14.189250,-2.561632,100
384,239,14.239250,-2.611632,100
153,416,2.689250,6.238369,100
154,415,2.739250,6.188369,100
154,416,2.739250,6.238369,100
154,417,2.739250,6.288369,100
155,416,2.789250,6.238369,100
401,252,15.089250,-1.961632,100
402,251,15.139250,-2.011632,100
402,252,15.139250,-1.961632,100
402,253,15.139250,-1.911632,100
403,252,15.189250,-1.961632,100
434,429,16.739250,6.888369,100
435,428,16.789250,6.838369,100
435,429,16.789250,6.888369,100
435,430,16.789250,6.938369,100
436,429,16.839250,6.888369,100
484,290,19.239250,-0.061632,100
484,291,19.239250,-0.011632,100
484,292,19.239250,0.038368,100
485,291,19.289250,-0.011632,100
437,175,16.889250,-5.811632,100
438,174,16.939250,-5.861632,100
438,175,16.939250,-5.811632,100
438,176,16.939250,-5.761632,100
439,175,16.989250,-5.811632,100
264,512,8.239250,11.038369,100
265,511,8.289250,10.988369,100
265,512,8.289250,11.038369,100
265,513,8.289250,11.088369,100
266,512,8.339250,11.038369,100
157,386,2.889250,4.738369,100
158,385,2.939250,4.688369,100
158,386,2.939250,4.738369,100
158,387,2.939250,4.788369,100
159,386,2.989250,4.738369,100
486,296,19.339250,0.238368,100
487,295,19.389250,0.188368,100
487,296,19.389250,0.238368,100
487,297,19.389250,0.288368,100
488,296,19.439250,0.238368,100
465,273,18.289250,-0.911632,100
466,272,18.339250,-0.961632,100
466,273,18.339250,-0.911632,100
466,274,18.339250,-0.861632,100
467,273,18.389250,-0.911632,100
169,360,3.489250,3.438369,100
170,359,3.539250,3.388369,100
170,360,3.539250,3.438369,100
170,361,3.539250,3.488369,100
171,360,3.589250,3.438369,100
377,160,13.889250,-6.561632,100
378,159,13.939250,-6.611632,100
378,160,13.939250,-6.561632,100
378,161,13.939250,-6.511632,100
379,160,13.989250,-6.561632,100
383,469,14.189250,8.888369,100
384,468,14.239250,8.838369,100
384,469,14.239250,8.888369,100
384,470,14.239250,8.938369,100
385,469,14.289250,8.888369,100
95,366,-0.210750,3.738369,100
95,367,-0.210750,3.788369,100
96,366,-0.160750,3.738369,100
423,276,16.189250,-0.761632,100
424,275,16.239250,-0.811632,100
424,276,16.239250,-0.761632,100
424,277,16.239250,-0.711632,100
425,276,16.289250,-0.761632,100
269,218,8.489250,-3.661632,100
270,217,8.539250,-3.711632,100
270,218,8.539250,-3.661632,100
270,219,8.539250,-3.611632,100
271,218,8.589250,-3.661632,100
389,134,14.489250,-7.861632,100
390,133,14.539250,-7.911632,100
390,134,14.539250,-7.861632,100
390,135,14.539250,-7.811632,100
391,134,14.589250,-7.861632,100
429,207,16.489250,-4.211632,100
430,206,16.539250,-4.261632,100
430,207,16.539250,-4.211632,100
430,208,16.539250,-4.161632,100
431,207,16.589250,-4.211632,100
406,452,15.339250,8.038369,100
407,451,15.389250,7.988369,100
407,452,15.389250,8.038369,100
407,453,15.389250,8.088369,100
408,452,15.439250,8.038369,100
488,297,19.439250,0.288368,100
488,298,19.439250,0.338368,100
489,297,19.489250,0.288368,100
472,397,18.639250,5.288369,100
473,396,18.689250,5.238369,100
473,397,18.689250,5.288369,100
473,398,18.689250,5.338369,100
474,397,18.739250,5.288369,100
156,426,2.839250,6.738369,100
157,425,2.889250,6.688369,100
157,426,2.889250,6.738369,100
157,427,2.889250,6.788369,100
158,426,2.939250,6.738369,100
235,341,6.789250,2.488369,100
236,340,6.839250,2.438369,100
236,341,6.839250,2.488369,100
236,342,6.839250,2.538369,100
237,341,6.889250,2.488369,100
182,335,4.139250,2.188369,100
183,334,4.189250,2.138369,100
183,335,4.189250,2.188369,100
183,336,4.189250,2.238369,100
184,335,4.239250,2.188369,100
391,100,14.589250,-9.561632,100
392,99,14.639250,-9.611632,100
392,100,14.639250,-9.561632,100
392,101,14.639250,-9.511632,100
393,100,14.689250,-9.561632,100
159,431,2.989250,6.988369,100
160,430,3.039250,6.938369,100
160,431,3.039250,6.988369,100
160,432,3.039250,7.038369,100
161,431,3.089250,6.988369,100
399,449,14.989250,7.888369,100
400,448,15.039250,7.838369,100
400,449,15.039250,7.888369,100
400,450,15.039250,7.938369,100
401,449,15.089250,7.888369,100
306,221,10.339250,-3.511632,100
307,220,10.389250,-3.561632,100
307,221,10.389250,-3.511632,100
307,222,10.389250,-3.461632,100
308,221,10.439250,-3.511632,100
212,214,5.639250,-3.861632,100
213,213,5.689250,-3.911632,100
213,214,5.689250,-3.861632,100
213,215,5.689250,-3.811632,100
214,214,5.739250,-3.861632,100
356,487,12.839250,9.788369,100
357,486,12.889250,9.738369,100
357,487,12.889250,9.788369,100
357,488,12.889250,9.838369,100
358,487,12.939250,9.788369,100
277,343,8.889250,2.588369,100
278,342,8.939250,2.538369,100
278,343,8.939250,2.588369,100
278,344,8.939250,2.638369,100
279,343,8.989250,2.588369,100
445,156,17.289250,-6.761632,100
446,155,17.339250,-6.811632,100
446,156,17.339250,-6.761632,100
446,157,17.339250,-6.711632,100
447,156,17.389250,-6.761632,100
443,375,17.189250,4.188369,100
444,374,17.239250,4.138369,100
444,375,17.239250,4.188369,100
444,376,17.239250,4.238369,100
445,375,17.289250,4.188369,100
490,307,19.539250,0.788368,100
491,306,19.589250,0.738368,100
491,307,19.589250,0.788368,100
491,308,19.589250,0.838368,100
492,307,19.639250,0.788368,100
153,393,2.689250,5.088369,100
154,392,2.739250,5.038369,100
154,393,2.739250,5.088369,100
154,394,2.739250,5.138369,100
155,393,2.789250,5.088369,100
308,222,10.439250,-3.461632,100
308,223,10.439250,-3.411632,100
309,222,10.489250,-3.461632,100
219,338,5.989250,2.338369,100
220,337,6.039250,2.288369,100
220,338,6.039250,2.338369,100
220,339,6.039250,2.388369,100
221,338,6.089250,2.338369,100
448,161,17.439250,-6.511632,100
449,160,17.489250,-6.561632,100
449,161,17.489250,-6.511632,100
449,162,17.489250,-6.461632,100
450,161,17.539250,-6.511632,100
493,312,19.689250,1.038368,100
494,311,19.739250,0.988368,100
494,312,19.739250,1.038368,100
494,313,19.739250,1.088368,100
495,312,19.789250,1.038368,100
249,217,7.489250,-3.711632,100
250,216,7.539250,-3.761632,100
250,217,7.539250,-3.711632,100
250,218,7.539250,-3.661632,100
251,217,7.589250,-3.711632,100
328,510,11.439250,10.938369,100
329,509,11.489250,10.888369,100
329,510,11.489250,10.938369,100
329,511,11.489250,10.988369,100
330,510,11.539250,10.938369,100
314,346,10.739250,2.738369,100
315,345,10.789250,2.688369,100
315,346,10.789250,2.738369,100
315,347,10.789250,2.788369,100
316,346,10.839250,2.738369,100
166,368,3.339250,3.838369,100
167,367,3.389250,3.788369,100
167,368,3.389250,3.838369,100
167,369,3.389250,3.888369,100
168,368,3.439250,3.838369,100
125,330,1.289250,1.938369,100
126,329,1.339250,1.888369,100
126,330,1.339250,1.938369,100
126,331,1.339250,1.988369,100
127,330,1.389250,1.938369,100
197,206,4.889250,-4.261632,100
198,205,4.939250,-4.311632,100
198,206,4.939250,-4.261632,100
198,207,4.939250,-4.211632,100
199,206,4.989250,-4.261632,100
344,225,12.239250,-3.311632,100
345,224,12.289250,-3.361632,100
345,225,12.289250,-3.311632,100
345,226,12.289250,-3.261632,100
346,225,12.339250,-3.311632,100
134,415,1.739250,6.188369,100
135,414,1.789250,6.138369,100
135,415,1.789250,6.188369,100
135,416,1.789250,6.238369,100
136,415,1.839250,6.188369,100
330,511,11.539250,10.988369,100
330,512,11.539250,11.038369,100
331,511,11.589250,10.988369,100
375,478,13.789250,9.338369,100
376,477,13.839250,9.288369,100
376,478,13.839250,9.338369,100
376,479,13.839250,9.388369,100
377,478,13.889250,9.338369,100
321,507,11.089250,10.788369,100
322,506,11.139250,10.738369,100
322,507,11.139250,10.788369,100
322,508,11.139250,10.838369,100
323,507,11.189250,10.788369,100
316,347,10.839250,2.788369,100
316,348,10.839250,2.838369,100
317,347,10.889250,2.788369,100
441,423,17.089250,6.588369,100
442,422,17.139250,6.538369,100
442,423,17.139250,6.588369,100
442,424,17.139250,6.638369,100
443,423,17.189250,6.588369,100
178,458,3.939250,8.338369,100
179,457,3.989250,8.288369,100
179,458,3.989250,8.338369,100
179,459,3.989250,8.388369,100
180,458,4.039250,8.338369,100
185,466,4.289250,8.738369,100
186,465,4.339250,8.688369,100
186,466,4.339250,8.738369,100
186,467,4.339250,8.788369,100
187,466,4.389250,8.738369,100
372,472,13.639250,9.038369,100
373,471,13.689250,8.988369,100
373,472,13.689250,9.038369,100
373,473,13.689250,9.088369,100
374,472,13.739250,9.038369,100
446,358,17.339250,3.338369,100
447,357,17.389250,3.288369,100
447,358,17.389250,3.338369,100
447,359,17.389250,3.388369,100
448,358,17.439250,3.338369,100
326,176,11.339250,-5.761632,100
327,175,11.389250,-5.811632,100
327,176,11.389250,-5.761632,100
327,177,11.389250,-5.711632,100
328,176,11.439250,-5.761632,100
162,370,3.139250,3.938369,100
163,369,3.189250,3.888369,100
163,370,3.189250,3.938369,100
163,371,3.189250,3.988369,100
164,370,3.239250,3.938369,100
430,413,16.539250,6.088369,100
431,412,16.589250,6.038369,100
431,413,16.589250,6.088369,100
431,414,16.589250,6.138369,100
432,413,16.639250,6.088369,100
188,471,4.439250,8.988369,100
189,470,4.489250,8.938369,100
189,471,4.489250,8.988369,100
189,472,4.489250,9.038369,100
190,471,4.539250,8.988369,100
372,63,13.639250,-11.411632,100
373,62,13.689250,-11.461632,100
373,63,13.689250,-11.411632,100
373,64,13.689250,-11.361632,100
374,63,13.739250,-11.411632,100
200,482,5.039250,9.538369,100
201,481,5.089250,9.488369,100
201,482,5.089250,9.538369,100
201,483,5.089250,9.588369,100
202,482,5.139250,9.538369,100
152,405,2.639250,5.688369,100
153,404,2.689250,5.638369,100
153,405,2.689250,5.688369,100
153,406,2.689250,5.738369,100
154,405,2.739250,5.688369,100
287,221,9.389250,-3.511632,100
288,220,9.439250,-3.561632,100
288,221,9.439250,-3.511632,100
288,222,9.439250,-3.461632,100
289,221,9.489250,-3.511632,100
442,244,17.139250,-2.361632,100
443,243,17.189250,-2.411632,100
443,244,17.189250,-2.361632,100
443,245,17.189250,-2.311632,100
444,244,17.239250,-2.361632,100
413,446,15.689250,7.738369,100
414,445,15.739250,7.688369,100
414,446,15.739250,7.738369,100
414,447,15.739250,7.788369,100
415,446,15.789250,7.738369,100
328,177,11.439250,-5.711632,100
328,178,11.439250,-5.661632,100
329,177,11.489250,-5.711632,100
258,343,7.939250,2.588369,100
259,342,7.989250,2.538369,100
259,343,7.989250,2.588369,100
259,344,7.989250,2.638369,100
260,343,8.039250,2.588369,100
170,459,3.539250,8.388369,100
171,458,3.589250,8.338369,100
171,459,3.589250,8.388369,100
171,460,3.589250,8.438369,100
172,459,3.639250,8.388369,100
190,472,4.539250,9.038369,100
190,473,4.539250,9.088369,100
191,472,4.589250,9.038369,100
384,153,14.239250,-6.911632,100
385,152,14.289250,-6.961632,100
385,153,14.289250,-6.911632,100
385,154,14.289250,-6.861632,100
386,153,14.339250,-6.911632,100
74,342,-1.260750,2.538369,100
75,341,-1.210750,2.488369,100
75,342,-1.210750,2.538369,100
75,343,-1.210750,2.588369,100
76,342,-1.160750,2.538369,100
410,440,15.539250,7.438369,100
411,439,15.589250,7.388369,100
411,440,15.589250,7.438369,100
411,441,15.589250,7.488369,100
412,440,15.639250,7.438369,100
236,175,6.839250,-5.811632,100
237,174,6.889250,-5.861632,100
237,175,6.889250,-5.811632,100
237,176,6.889250,-5.761632,100
238,175,6.939250,-5.811632,100
329,223,11.489250,-3.411632,100
330,222,11.539250,-3.461632,100
330,223,11.539250,-3.411632,100
330,224,11.539250,-3.361632,100
331,223,11.589250,-3.411632,100
106,329,0.339250,1.888369,100
106,330,0.339250,1.938369,100
107,329,0.389250,1.888369,100
368,65,13.439250,-11.311632,100
369,64,13.489250,-11.361632,100
369,65,13.489250,-11.311632,100
369,66,13.489250,-11.261632,100
370,65,13.539250,-11.311632,100
391,463,14.589250,8.588369,100
392,462,14.639250,8.538369,100
392,463,14.639250,8.588369,100
392,464,14.639250,8.638369,100
393,463,14.689250,8.588369,100
492,366,19.639250,3.738369,100
493,365,19.689250,3.688369,100
493,366,19.689250,3.738369,100
493,367,19.689250,3.788369,100
494,366,19.739250,3.738369,100
438,395,16.939250,5.188369,100
439,394,16.989250,5.138369,100
439,395,16.989250,5.188369,100
439,396,16.989250,5.238369,100
440,395,17.039250,5.188369,100
195,488,4.789250,9.838369,100
196,487,4.839250,9.788369,100
196,488,4.839250,9.838369,100
196,489,4.839250,9.888369,100
197,488,4.889250,9.838369,100
404,253,15.239250,-1.911632,100
405,252,15.289250,-1.961632,100
405,253,15.289250,-1.911632,100
405,254,15.289250,-1.861632,100
406,253,15.339250,-1.911632,100
457,408,17.889250,5.838369,100
458,407,17.939250,5.788369,100
458,408,17.939250,5.838369,100
458,409,17.939250,5.888369,100
459,408,17.989250,5.838369,100
295,346,9.789250,2.738369,100
296,345,9.839250,2.688369,100
296,346,9.839250,2.738369,100
296,347,9.839250,2.788369,100
297,346,9.889250,2.738369,100
464,267,18.239250,-1.211632,100
465,266,18.289250,-1.261632,100
465,267,18.289250,-1.211632,100
465,268,18.289250,-1.161632,100
466,267,18.339250,-1.211632,100
496,336,19.839250,2.238369,100
497,335,19.889250,2.188369,100
497,336,19.889250,2.238369,100
497,337,19.889250,2.288369,100
498,336,19.939250,2.238369,100
340,497,12.039250,10.288369,100
341,496,12.089250,10.238369,100
341,497,12.089250,10.288369,100
341,498,12.089250,10.338369,100
342,497,12.139250,10.288369,100
147,331,2.389250,1.988369,100
148,330,2.439250,1.938369,100
148,331,2.439250,1.988369,100
148,332,2.439250,2.038369,100
149,331,2.489250,1.988369,100
208,198,5.439250,-4.661632,100
209,197,5.489250,-4.711632,100
209,198,5.489250,-4.661632,100
209,199,5.489250,-4.611632,100
210,198,5.539250,-4.661632,100
401,98,15.089250,-9.661632,100
402,97,15.139250,-9.711632,100
402,98,15.139250,-9.661632,100
402,99,15.139250,-9.611632,100
403,98,15.189250,-9.661632,100
278,522,8.939250,11.538369,100
279,521,8.989250,11.488369,100
279,522,8.989250,11.538369,100
279,523,8.989250,11.588369,100
280,522,9.039250,11.538369,100
158,377,2.939250,4.288369,100
159,376,2.989250,4.238369,100
159,377,2.989250,4.288369,100
159,378,2.989250,4.338369,100
160,377,3.039250,4.288369,100
426,420,16.339250,6.438369,100
427,419,16.389250,6.388369,100
427,420,16.389250,6.438369,100
427,421,16.389250,6.488369,100
428,420,16.439250,6.438369,100
428,201,16.439250,-4.511632,100
429,200,16.489250,-4.561632,100
429,201,16.489250,-4.511632,100
429,202,16.489250,-4.461632,100
430,201,16.539250,-4.511632,100
385,239,14.289250,-2.611632,100
386,238,14.339250,-2.661632,100
386,239,14.339250,-2.611632,100
386,240,14.339250,-2.561632,100
387,239,14.389250,-2.611632,100
444,325,17.239250,1.688369,100
445,324,17.289250,1.638369,100
445,325,17.289250,1.688369,100
445,326,17.289250,1.738369,100
446,325,17.339250,1.688369,100
231,181,6.589250,-5.511632,100
232,180,6.639250,-5.561632,100
232,181,6.639250,-5.511632,100
232,182,6.639250,-5.461632,100
233,181,6.689250,-5.511632,100
377,235,13.889250,-2.811632,100
378,234,13.939250,-2.861632,100
378,235,13.939250,-2.811632,100
378,236,13.939250,-2.761632,100
379,235,13.989250,-2.811632,100
392,135,14.639250,-7.811632,100
393,134,14.689250,-7.861632,100
393,135,14.689250,-7.811632,100
393,136,14.689250,-7.761632,100
394,135,14.739250,-7.811632,100
207,498,5.389250,10.338369,100
208,497,5.439250,10.288369,100
208,498,5.439250,10.338369,100
208,499,5.439250,10.388369,100
209,498,5.489250,10.338369,100
267,512,8.389250,11.038369,100
268,511,8.439250,10.988369,100
268,512,8.439250,11.038369,100
268,513,8.439250,11.088369,100
269,512,8.489250,11.038369,100
415,118,15.789250,-8.661632,100
416,117,15.839250,-8.711632,100
416,118,15.839250,-8.661632,100
416,119,15.839250,-8.611632,100
417,118,15.889250,-8.661632,100
143,333,2.189250,2.088369,100
144,332,2.239250,2.038369,100
144,333,2.239250,2.088369,100
144,334,2.239250,2.138369,100
145,333,2.289250,2.088369,100
197,487,4.889250,9.788369,100
197,489,4.889250,9.888369,100
198,488,4.939250,9.838369,100
89,362,-0.510750,3.538369,100
90,361,-0.460750,3.488369,100
90,362,-0.460750,3.538369,100
90,363,-0.460750,3.588369,100
91,362,-0.410750,3.538369,100
90,327,-0.460750,1.788369,100
91,326,-0.410750,1.738369,100
91,327,-0.410750,1.788369,100
91,328,-0.410750,1.838369,100
92,327,-0.360750,1.788369,100
387,240,14.389250,-2.561632,100
387,241,14.389250,-2.511632,100
388,240,14.439250,-2.561632,100
379,236,13.989250,-2.761632,100
379,237,13.989250,-2.711632,100
380,236,14.039250,-2.761632,100
370,232,13.539250,-2.961632,100
371,231,13.589250,-3.011632,100
371,232,13.589250,-2.961632,100
371,233,13.589250,-2.911632,100
372,232,13.639250,-2.961632,100
452,414,17.639250,6.138369,100
453,413,17.689250,6.088369,100
453,414,17.689250,6.138369,100
453,415,17.689250,6.188369,100
454,414,17.739250,6.138369,100
350,174,12.539250,-5.861632,100
351,173,12.589250,-5.911632,100
351,174,12.589250,-5.861632,100
351,175,12.589250,-5.811632,100
352,174,12.639250,-5.861632,100
401,448,15.089250,7.838369,100
402,447,15.139250,7.788369,100
402,448,15.139250,7.838369,100
402,449,15.139250,7.888369,100
403,448,15.189250,7.838369,100
437,142,16.889250,-7.461632,100
438,141,16.939250,-7.511632,100
438,142,16.939250,-7.461632,100
438,143,16.939250,-7.411632,100
439,142,16.989250,-7.461632,100
417,119,15.889250,-8.611632,100
417,120,15.889250,-8.561632,100
418,119,15.939250,-8.611632,100
461,270,18.089250,-1.061632,100
462,269,18.139250,-1.111632,100
462,270,18.139250,-1.061632,100
462,271,18.139250,-1.011632,100
463,270,18.189250,-1.061632,100
488,373,19.439250,4.088369,100
489,372,19.489250,4.038369,100
489,373,19.489250,4.088369,100
489,374,19.489250,4.138369,100
490,373,19.539250,4.088369,100
238,341,6.939250,2.488369,100
239,340,6.989250,2.438369,100
239,341,6.989250,2.488369,100
239,342,6.989250,2.538369,100
240,341,7.039250,2.488369,100
379,466,13.989250,8.738369,100
380,465,14.039250,8.688369,100
380,466,14.039250,8.738369,100
380,467,14.039250,8.788369,100
381,466,14.089250,8.738369,100
185,335,4.289250,2.188369,100
186,334,4.339250,2.138369,100
186,335,4.339250,2.188369,100
186,336,4.339250,2.238369,100
187,335,4.389250,2.188369,100
91,363,-0.410750,3.588369,100
91,364,-0.410750,3.638369,100
92,363,-0.360750,3.588369,100
136,330,1.839250,1.938369,100
137,329,1.889250,1.888369,100
137,330,1.889250,1.938369,100
137,331,1.889250,1.988369,100
138,330,1.939250,1.938369,100
426,132,16.339250,-7.961632,100
427,131,16.389250,-8.011632,100
427,132,16.389250,-7.961632,100
427,133,16.389250,-7.911632,100
428,132,16.439250,-7.961632,100
114,391,0.739250,4.988369,100
115,390,0.789250,4.938369,100
115,391,0.789250,4.988369,100
115,392,0.789250,5.038369,100
116,391,0.839250,4.988369,100
382,471,14.139250,8.988369,100
383,470,14.189250,8.938369,100
383,471,14.189250,8.988369,100
383,472,14.189250,9.038369,100
384,471,14.239250,8.988369,100
372,161,13.639250,-6.511632,100
373,160,13.689250,-6.561632,100
373,161,13.689250,-6.511632,100
373,162,13.689250,-6.461632,100
374,161,13.739250,-6.511632,100
439,143,16.989250,-7.411632,100
439,144,16.989250,-7.361632,100
440,143,17.039250,-7.411632,100
448,416,17.439250,6.238369,100
449,415,17.489250,6.188369,100
449,416,17.489250,6.238369,100
449,417,17.489250,6.288369,100
450,416,17.539250,6.238369,100
215,214,5.789250,-3.861632,100
216,213,5.839250,-3.911632,100
216,214,5.839250,-3.861632,100
216,215,5.839250,-3.811632,100
217,214,5.889250,-3.861632,100
483,294,19.189250,0.138368,100
484,293,19.239250,0.088368,100
484,294,19.239250,0.138368,100
484,295,19.239250,0.188368,100
485,294,19.289250,0.138368,100
389,101,14.489250,-9.511632,100
390,100,14.539250,-9.561632,100
390,101,14.539250,-9.511632,100
390,102,14.539250,-9.461632,100
391,101,14.589250,-9.511632,100
486,299,19.339250,0.388368,100
487,298,19.389250,0.338368,100
487,299,19.389250,0.388368,100
487,300,19.389250,0.438368,100
488,299,19.439250,0.388368,100
433,293,16.689250,0.088368,100
434,292,16.739250,0.038368,100
434,293,16.739250,0.088368,100
434,294,16.739250,0.138368,100
435,293,16.789250,0.088368,100
116,392,0.839250,5.038369,100
116,393,0.839250,5.088369,100
117,392,0.889250,5.038369,100
318,346,10.939250,2.738369,100
318,347,10.939250,2.788369,100
318,348,10.939250,2.838369,100
319,347,10.989250,2.788369,100
310,222,10.539250,-3.461632,100
311,221,10.589250,-3.511632,100
311,222,10.589250,-3.461632,100
311,223,10.589250,-3.411632,100
312,222,10.639250,-3.461632,100
222,338,6.139250,2.338369,100
223,337,6.189250,2.288369,100
223,338,6.189250,2.338369,100
223,339,6.189250,2.388369,100
224,338,6.239250,2.338369,100
496,349,19.839250,2.888369,100
497,348,19.889250,2.838369,100
497,349,19.889250,2.888369,100
497,350,19.889250,2.938369,100
498,349,19.939250,2.888369,100
128,331,1.439250,1.988369,100
129,330,1.489250,1.938369,100
129,331,1.489250,1.988369,100
129,332,1.489250,2.038369,100
130,331,1.539250,1.988369,100
442,378,17.139250,4.338369,100
443,377,17.189250,4.288369,100
443,378,17.189250,4.338369,100
443,379,17.189250,4.388369,100
444,378,17.239250,4.338369,100
337,176,11.889250,-5.761632,100
338,175,11.939250,-5.811632,100
338,176,11.939250,-5.761632,100
338,177,11.939250,-5.711632,100
339,176,11.989250,-5.761632,100
125,405,1.289250,5.688369,100
126,404,1.339250,5.638369,100
126,405,1.339250,5.688369,100
126,406,1.339250,5.738369,100
127,405,1.389250,5.688369,100
298,513,9.939250,11.088369,100
299,512,9.989250,11.038369,100
299,513,9.989250,11.088369,100
299,514,9.989250,11.138369,100
300,513,10.039250,11.088369,100
252,217,7.639250,-3.711632,100
253,216,7.689250,-3.761632,100
253,217,7.689250,-3.711632,100
253,218,7.689250,-3.661632,100
254,217,7.739250,-3.711632,100
331,510,11.589250,10.938369,100
332,509,11.639250,10.888369,100
332,510,11.639250,10.938369,100
332,511,11.639250,10.988369,100
333,510,11.689250,10.938369,100
437,299,16.889250,0.388368,100
438,298,16.939250,0.338368,100
438,299,16.939250,0.388368,100
438,300,16.939250,0.438368,100
439,299,16.989250,0.388368,100
159,434,2.989250,7.138369,100
160,433,3.039250,7.088369,100
160,434,3.039250,7.138369,100
160,435,3.039250,7.188369,100
161,434,3.089250,7.138369,100
413,436,15.689250,7.238369,100
414,435,15.739250,7.188369,100
414,436,15.739250,7.238369,100
414,437,15.739250,7.288369,100
415,436,15.789250,7.238369,100
347,225,12.389250,-3.311632,100
348,224,12.439250,-3.361632,100
348,225,12.439250,-3.311632,100
348,226,12.439250,-3.261632,100
349,225,12.489250,-3.311632,100
254,218,7.739250,-3.661632,100
254,219,7.739250,-3.611632,100
255,218,7.789250,-3.661632,100
184,347,4.239250,2.788369,100
185,346,4.289250,2.738369,100
185,347,4.289250,2.788369,100
185,348,4.289250,2.838369,100
186,347,4.339250,2.788369,100
170,449,3.539250,7.888369,100
171,448,3.589250,7.838369,100
171,449,3.589250,7.888369,100
171,450,3.589250,7.938369,100
172,449,3.639250,7.888369,100
439,308,16.989250,0.838368,100
440,307,17.039250,0.788368,100
440,308,17.039250,0.838368,100
440,309,17.039250,0.888368,100
441,308,17.089250,0.838368,100
339,175,11.989250,-5.811632,100
339,177,11.989250,-5.711632,100
340,176,12.039250,-5.761632,100
433,185,16.689250,-5.311632,100
434,184,16.739250,-5.361632,100
434,185,16.739250,-5.311632,100
434,186,16.739250,-5.261632,100
435,185,16.789250,-5.311632,100
355,494,12.789250,10.138369,100
356,493,12.839250,10.088369,100
356,494,12.839250,10.138369,100
356,495,12.839250,10.188369,100
357,494,12.889250,10.138369,100
431,224,16.589250,-3.361632,100
432,223,16.639250,-3.411632,100
432,224,16.639250,-3.361632,100
432,225,16.639250,-3.311632,100
433,224,16.689250,-3.361632,100
233,505,6.689250,10.688369,100
234,504,6.739250,10.638369,100
234,505,6.739250,10.688369,100
234,506,6.739250,10.738369,100
313,348,10.689250,2.838369,100
314,347,10.739250,2.788369,100
314,348,10.739250,2.838369,100
314,349,10.739250,2.888369,100
315,348,10.789250,2.838369,100
261,158,8.089250,-6.661632,100
262,157,8.139250,-6.711632,100
262,158,8.139250,-6.661632,100
262,159,8.139250,-6.611632,100
263,158,8.189250,-6.661632,100
349,226,12.489250,-3.261632,100
349,227,12.489250,-3.211632,100
350,226,12.539250,-3.261632,100
447,348,17.389250,2.838369,100
448,347,17.439250,2.788369,100
448,348,17.439250,2.838369,100
448,349,17.439250,2.888369,100
449,348,17.489250,2.838369,100
165,370,3.289250,3.938369,100
166,369,3.339250,3.888369,100
166,370,3.339250,3.938369,100
166,371,3.339250,3.988369,100
167,370,3.389250,3.938369,100
493,315,19.689250,1.188368,100
494,314,19.739250,1.138368,100
494,315,19.739250,1.188368,100
494,316,19.739250,1.238368,100
495,315,19.789250,1.188368,100
151,435,2.589250,7.188369,100
152,434,2.639250,7.138369,100
152,435,2.639250,7.188369,100
152,436,2.639250,7.238369,100
153,435,2.689250,7.188369,100
441,309,17.089250,0.888368,100
441,310,17.089250,0.938368,100
442,309,17.139250,0.888368,100
435,229,16.789250,-3.111632,100
435,230,16.789250,-3.061632,100
436,229,16.839250,-3.111632,100
238,174,6.939250,-5.861632,100
239,173,6.989250,-5.911632,100
239,174,6.989250,-5.861632,100
239,175,6.989250,-5.811632,100
240,174,7.039250,-5.861632,100
195,478,4.789250,9.338369,100
196,477,4.839250,9.288369,100
196,478,4.839250,9.338369,100
196,479,4.839250,9.388369,100
197,478,4.889250,9.338369,100
290,221,9.539250,-3.511632,100
291,220,9.589250,-3.561632,100
291,221,9.589250,-3.511632,100
291,222,9.589250,-3.461632,100
364,170,13.239250,-6.061632,100
365,169,13.289250,-6.111632,100
365,170,13.289250,-6.061632,100
365,171,13.289250,-6.011632,100
366,170,13.339250,-6.061632,100
496,326,19.839250,1.738369,100
497,325,19.889250,1.688369,100
497,326,19.889250,1.738369,100
497,327,19.889250,1.788369,100
498,326,19.939250,1.738369,100
415,435,15.789250,7.188369,100
415,437,15.789250,7.288369,100
416,436,15.839250,7.238369,100
436,230,16.839250,-3.061632,100
436,231,16.839250,-3.011632,100
437,230,16.889250,-3.061632,100
382,75,14.139250,-10.811632,100
383,74,14.189250,-10.861632,100
383,75,14.189250,-10.811632,100
383,76,14.189250,-10.761632,100
384,75,14.239250,-10.811632,100
351,496,12.589250,10.238369,100
352,495,12.639250,10.188369,100
352,496,12.639250,10.238369,100
352,497,12.639250,10.288369,100
353,496,12.689250,10.238369,100
393,462,14.689250,8.538369,100
394,461,14.739250,8.488369,100
394,462,14.739250,8.538369,100
394,463,14.739250,8.588369,100
395,462,14.789250,8.538369,100
64,323,-1.760750,1.588369,100
65,322,-1.710750,1.538369,100
65,323,-1.710750,1.588369,100
65,324,-1.710750,1.638369,100
66,323,-1.660750,1.588369,100
240,175,7.039250,-5.811632,100
240,176,7.039250,-5.761632,100
241,175,7.089250,-5.811632,100
155,441,2.789250,7.488369,100
156,440,2.839250,7.438369,100
156,441,2.839250,7.488369,100
156,442,2.839250,7.538369,100
157,441,2.889250,7.488369,100
228,511,6.439250,10.988369,100
229,510,6.489250,10.938369,100
229,511,6.489250,10.988369,100
229,512,6.489250,11.038369,100
230,511,6.539250,10.988369,100
207,488,5.389250,9.838369,100
208,487,5.439250,9.788369,100
208,488,5.439250,9.838369,100
208,489,5.439250,9.888369,100
209,488,5.489250,9.838369,100
443,319,17.189250,1.388369,100
444,318,17.239250,1.338369,100
444,319,17.239250,1.388369,100
444,320,17.239250,1.438369,100
445,319,17.289250,1.388369,100
180,354,4.039250,3.138369,100
181,353,4.089250,3.088369,100
181,354,4.089250,3.138369,100
181,355,4.089250,3.188369,100
182,354,4.139250,3.138369,100
320,514,11.039250,11.138369,100
321,513,11.089250,11.088369,100
321,514,11.089250,11.138369,100
321,515,11.089250,11.188369,100
312,510,10.639250,10.938369,100
313,509,10.689250,10.888369,100
313,510,10.689250,10.938369,100
313,511,10.689250,10.988369,100
314,510,10.739250,10.938369,100
446,361,17.339250,3.488369,100
447,360,17.389250,3.438369,100
447,361,17.389250,3.488369,100
447,362,17.389250,3.538369,100
448,361,17.439250,3.488369,100
197,477,4.889250,9.288369,100
197,479,4.889250,9.388369,100
198,478,4.939250,9.338369,100
298,346,9.939250,2.738369,100
299,345,9.989250,2.688369,100
299,346,9.989250,2.738369,100
299,347,9.989250,2.788369,100
300,346,10.039250,2.738369,100
70,339,-1.460750,2.388369,100
71,338,-1.410750,2.338369,100
71,339,-1.410750,2.388369,100
71,340,-1.410750,2.438369,100
72,339,-1.360750,2.388369,100
399,249,14.989250,-2.111632,100
400,248,15.039250,-2.161632,100
400,249,15.039250,-2.111632,100
400,250,15.039250,-2.061632,100
401,249,15.089250,-2.111632,100
270,513,8.539250,11.088369,100
271,512,8.589250,11.038369,100
271,513,8.589250,11.088369,100
271,514,8.589250,11.138369,100
272,513,8.639250,11.088369,100
343,497,12.189250,10.288369,100
344,496,12.239250,10.238369,100
344,497,12.239250,10.288369,100
344,498,12.239250,10.338369,100
345,497,12.289250,10.288369,100
374,76,13.739250,-10.761632,100
375,75,13.789250,-10.811632,100
375,76,13.789250,-10.761632,100
375,77,13.789250,-10.711632,100
376,76,13.839250,-10.761632,100
393,89,14.689250,-10.111632,100
394,88,14.739250,-10.161632,100
394,89,14.739250,-10.111632,100
394,90,14.739250,-10.061632,100
395,89,14.789250,-10.111632,100
281,522,9.089250,11.538369,100
282,521,9.139250,11.488369,100
282,522,9.139250,11.538369,100
282,523,9.139250,11.588369,100
283,522,9.189250,11.538369,100
161,377,3.089250,4.288369,100
162,376,3.139250,4.238369,100
162,377,3.139250,4.288369,100
162,378,3.139250,4.338369,100
163,377,3.189250,4.288369,100
152,408,2.639250,5.838369,100
153,407,2.689250,5.788369,100
153,408,2.689250,5.838369,100
153,409,2.689250,5.888369,100
154,408,2.739250,5.838369,100
464,269,18.239250,-1.111632,100
464,270,18.239250,-1.061632,100
464,271,18.239250,-1.011632,100
465,270,18.289250,-1.061632,100
275,219,8.789250,-3.611632,100
276,218,8.839250,-3.661632,100
276,219,8.839250,-3.611632,100
276,220,8.839250,-3.561632,100
280,148,9.039250,-7.161632,100
281,147,9.089250,-7.211632,100
281,148,9.089250,-7.161632,100
281,149,9.089250,-7.111632,100
282,148,9.139250,-7.161632,100
474,279,18.739250,-0.611632,100
475,278,18.789250,-0.661632,100
475,279,18.789250,-0.611632,100
475,280,18.789250,-0.561632,100
476,279,18.839250,-0.611632,100
401,250,15.089250,-2.061632,100
401,251,15.089250,-2.011632,100
402,250,15.139250,-2.061632,100
202,494,5.139250,10.138369,100
203,493,5.189250,10.088369,100
203,494,5.189250,10.138369,100
203,495,5.189250,10.188369,100
204,494,5.239250,10.138369,100
316,516,10.839250,11.238369,100
317,515,10.889250,11.188369,100
317,516,10.889250,11.238369,100
317,517,10.889250,11.288369,100
318,516,10.939250,11.238369,100
221,507,6.089250,10.788369,100
222,506,6.139250,10.738369,100
222,507,6.139250,10.788369,100
222,508,6.139250,10.838369,100
223,507,6.189250,10.788369,100
437,397,16.889250,5.288369,100
438,396,16.939250,5.238369,100
438,397,16.939250,5.288369,100
438,398,16.939250,5.338369,100
439,397,16.989250,5.288369,100
390,465,14.539250,8.688369,100
391,464,14.589250,8.638369,100
391,465,14.589250,8.688369,100
391,466,14.589250,8.738369,100
392,465,14.639250,8.688369,100
491,368,19.589250,3.838369,100
492,367,19.639250,3.788369,100
492,368,19.639250,3.838369,100
492,369,19.639250,3.888369,100
493,368,19.689250,3.838369,100
311,172,10.589250,-5.961632,100
312,171,10.639250,-6.011632,100
312,172,10.639250,-5.961632,100
312,173,10.639250,-5.911632,100
313,172,10.689250,-5.961632,100
352,173,12.639250,-5.911632,100
353,172,12.689250,-5.961632,100
353,173,12.689250,-5.911632,100
353,174,12.689250,-5.861632,100
354,173,12.739250,-5.911632,100
339,499,11.989250,10.388369,100
340,498,12.039250,10.338369,100
340,499,12.039250,10.388369,100
340,500,12.039250,10.438369,100
341,499,12.089250,10.388369,100
146,333,2.339250,2.088369,100
147,332,2.389250,2.038369,100
147,333,2.389250,2.088369,100
147,334,2.389250,2.138369,100
148,333,2.439250,2.088369,100
321,222,11.089250,-3.461632,100
322,221,11.139250,-3.511632,100
322,222,11.139250,-3.461632,100
322,223,11.139250,-3.411632,100
323,222,11.189250,-3.461632,100
207,200,5.389250,-4.561632,100
208,199,5.439250,-4.611632,100
208,200,5.439250,-4.561632,100
208,201,5.439250,-4.511632,100
209,200,5.489250,-4.561632,100
282,149,9.139250,-7.111632,100
282,150,9.139250,-7.061632,100
283,149,9.189250,-7.111632,100
476,280,18.839250,-0.561632,100
476,281,18.839250,-0.511632,100
477,280,18.889250,-0.561632,100
204,496,5.239250,10.238369,100
425,279,16.289250,-0.611632,100
426,278,16.339250,-0.661632,100
426,279,16.339250,-0.611632,100
426,280,16.339250,-0.561632,100
427,279,16.389250,-0.611632,100
155,418,2.789250,6.338369,100
156,417,2.839250,6.288369,100
156,418,2.839250,6.338369,100
156,419,2.839250,6.388369,100
157,418,2.889250,6.338369,100
156,383,2.839250,4.588369,100
157,382,2.889250,4.538369,100
157,383,2.889250,4.588369,100
157,384,2.889250,4.638369,100
158,383,2.939250,4.588369,100
485,293,19.289250,0.088368,100
486,292,19.339250,0.038368,100
486,293,19.339250,0.088368,100
486,294,19.339250,0.138368,100
487,293,19.389250,0.088368,100
392,102,14.639250,-9.461632,100
393,101,14.689250,-9.511632,100
393,102,14.689250,-9.461632,100
393,103,14.689250,-9.411632,100
394,102,14.739250,-9.461632,100
496,339,19.839250,2.388369,100
497,338,19.889250,2.338369,100
497,339,19.889250,2.388369,100
497,340,19.889250,2.438369,100
498,339,19.939250,2.388369,100
376,157,13.839250,-6.711632,100
377,156,13.889250,-6.761632,100
377,157,13.889250,-6.711632,100
377,158,13.889250,-6.661632,100
378,157,13.939250,-6.711632,100
422,124,16.139250,-8.361632,100
423,123,16.189250,-8.411632,100
423,124,16.189250,-8.361632,100
423,125,16.189250,-8.311632,100
424,124,16.239250,-8.361632,100
428,433,16.439250,7.088369,100
429,432,16.489250,7.038369,100
429,433,16.489250,7.088369,100
429,434,16.489250,7.138369,100
430,433,16.539250,7.088369,100
301,512,10.089250,11.038369,100
301,513,10.089250,11.088369,100
301,514,10.089250,11.138369,100
302,513,10.139250,11.088369,100
192,485,4.639250,9.688369,100
193,484,4.689250,9.638369,100
193,486,4.689250,9.738369,100
420,429,16.039250,6.888369,100
421,428,16.089250,6.838369,100
421,429,16.089250,6.888369,100
421,430,16.089250,6.938369,100
422,429,16.139250,6.888369,100
428,204,16.439250,-4.361632,100
429,203,16.489250,-4.411632,100
429,205,16.489250,-4.311632,100
171,362,3.589250,3.538369,100
172,361,3.639250,3.488369,100
172,362,3.639250,3.538369,100
172,363,3.639250,3.588369,100
173,362,3.689250,3.538369,100
158,429,2.939250,6.888369,100
159,428,2.989250,6.838369,100
159,429,2.989250,6.888369,100
159,430,2.989250,6.938369,100
160,429,3.039250,6.888369,100
446,338,17.339250,2.338369,100
447,337,17.389250,2.288369,100
447,338,17.389250,2.338369,100
447,339,17.389250,2.388369,100
448,338,17.439250,2.338369,100
218,214,5.939250,-3.861632,100
219,213,5.989250,-3.911632,100
219,214,5.989250,-3.861632,100
219,215,5.989250,-3.811632,100
220,214,6.039250,-3.861632,100
81,325,-0.910750,1.688369,100
82,324,-0.860750,1.638369,100
82,325,-0.860750,1.688369,100
82,326,-0.860750,1.738369,100
83,325,-0.810750,1.688369,100
429,285,16.489250,-0.311632,100
430,284,16.539250,-0.361632,100
430,285,16.539250,-0.311632,100
430,286,16.539250,-0.261632,100
431,285,16.589250,-0.311632,100
430,213,16.539250,-3.911632,100
431,212,16.589250,-3.961632,100
431,213,16.589250,-3.911632,100
431,214,16.589250,-3.861632,100
432,213,16.639250,-3.911632,100
259,511,7.989250,10.988369,100
260,510,8.039250,10.938369,100
260,511,8.039250,10.988369,100
260,512,8.039250,11.038369,100
261,511,8.089250,10.988369,100
358,490,12.939250,9.938369,100
359,489,12.989250,9.888369,100
359,490,12.989250,9.938369,100
359,491,12.989250,9.988369,100
360,490,13.039250,9.938369,100
487,375,19.389250,4.188369,100
488,374,19.439250,4.138369,100
488,375,19.439250,4.188369,100
488,376,19.439250,4.238369,100
489,375,19.489250,4.188369,100
433,404,16.689250,5.638369,100
434,403,16.739250,5.588369,100
434,404,16.739250,5.638369,100
434,405,16.739250,5.688369,100
435,404,16.789250,5.638369,100
378,468,13.939250,8.838369,100
379,467,13.989250,8.788369,100
379,468,13.989250,8.838369,100
379,469,13.989250,8.888369,100
380,468,14.039250,8.838369,100
304,519,10.239250,11.388369,100
305,518,10.289250,11.338369,100
305,519,10.289250,11.388369,100
305,520,10.289250,11.438369,100
271,342,8.589250,2.538369,100
272,341,8.639250,2.488369,100
272,342,8.639250,2.538369,100
272,343,8.639250,2.588369,100
273,342,8.689250,2.538369,100
246,169,7.339250,-6.111632,100
247,168,7.389250,-6.161632,100
247,169,7.389250,-6.111632,100
247,170,7.389250,-6.061632,100
248,169,7.439250,-6.111632,100
341,175,12.089250,-5.811632,100
341,176,12.089250,-5.761632,100
341,177,12.089250,-5.711632,100
342,176,12.139250,-5.761632,100
83,326,-0.810750,1.738369,100
83,327,-0.810750,1.788369,100
335,506,11.789250,10.738369,100
336,505,11.839250,10.688369,100
336,506,11.839250,10.738369,100
336,507,11.839250,10.788369,100
337,506,11.889250,10.738369,100
492,310,19.639250,0.938368,100
493,309,19.689250,0.888368,100
493,310,19.689250,0.938368,100
493,311,19.689250,0.988368,100
494,310,19.739250,0.938368,100
351,225,12.589250,-3.311632,100
351,226,12.589250,-3.261632,100
351,227,12.589250,-3.211632,100
352,226,12.639250,-3.261632,100
132,412,1.639250,6.038369,100
133,411,1.689250,5.988369,100
133,412,1.689250,6.038369,100
133,413,1.689250,6.088369,100
134,412,1.739250,6.038369,100
342,177,12.139250,-5.711632,100
342,178,12.139250,-5.661632,100
177,334,3.889250,2.138369,100
178,333,3.939250,2.088369,100
178,335,3.939250,2.188369,100
243,508,7.189250,10.838369,100
244,507,7.239250,10.788369,100
244,508,7.239250,10.838369,100
244,509,7.239250,10.888369,100
245,508,7.289250,10.838369,100
235,504,6.789250,10.638369,100
236,503,6.839250,10.588369,100
237,504,6.889250,10.638369,100
155,395,2.789250,5.188369,100
156,394,2.839250,5.138369,100
157,395,2.889250,5.188369,100
296,520,9.839250,11.438369,100
297,519,9.889250,11.388369,100
298,520,9.939250,11.438369,100
221,340,6.089250,2.438369,100
222,339,6.139250,2.388369,100
222,340,6.139250,2.438369,100
222,341,6.139250,2.488369,100
223,340,6.189250,2.438369,100
256,218,7.839250,-3.661632,100
257,217,7.889250,-3.711632,100
257,218,7.889250,-3.661632,100
257,219,7.889250,-3.611632,100
258,218,7.939250,-3.661632,100
119,329,0.989250,1.888369,100
120,328,1.039250,1.838369,100
121,329,1.089250,1.888369,100
67,322,-1.610750,1.538369,100
68,323,-1.560750,1.588369,100
245,509,7.289250,10.888369,100
245,510,7.289250,10.938369,100
246,509,7.339250,10.888369,100
136,418,1.839250,6.338369,100
137,417,1.889250,6.288369,100
137,418,1.889250,6.338369,100
137,419,1.889250,6.388369,100
138,418,1.939250,6.338369,100
237,506,6.889250,10.738369,100
228,501,6.439250,10.488369,100
229,500,6.489250,10.438369,100
230,501,6.539250,10.488369,100
219,190,5.989250,-5.061632,100
219,192,5.989250,-4.961632,100
220,191,6.039250,-5.011632,100
242,170,7.139250,-6.061632,100
243,169,7.189250,-6.111632,100
243,170,7.189250,-6.061632,100
243,171,7.189250,-6.011632,100
244,170,7.239250,-6.061632,100
263,342,8.189250,2.538369,100
264,341,8.239250,2.488369,100
265,342,8.289250,2.538369,100
214,337,5.739250,2.288369,100
215,336,5.789250,2.238369,100
215,337,5.789250,2.288369,100
215,338,5.789250,2.338369,100
216,337,5.839250,2.288369,100
483,382,19.189250,4.538369,100
484,381,19.239250,4.488369,100
484,382,19.239250,4.538369,100
484,383,19.239250,4.588369,100
485,382,19.289250,4.538369,100
121,331,1.089250,1.988369,100
122,330,1.139250,1.938369,100
382,150,14.139250,-7.061632,100
383,149,14.189250,-7.111632,100
383,150,14.189250,-7.061632,100
383,151,14.189250,-7.011632,100
384,150,14.239250,-7.061632,100
294,220,9.739250,-3.561632,100
294,222,9.739250,-3.461632,100
295,221,9.789250,-3.511632,100
398,457,14.939250,8.288369,100
398,458,14.939250,8.338369,100
399,458,14.989250,8.338369,100
230,503,6.539250,10.588369,100
366,62,13.339250,-11.461632,100
367,61,13.389250,-11.511632,100
445,355,17.289250,3.188369,100
446,354,17.339250,3.138369,100
447,355,17.389250,3.188369,100
377,71,13.889250,-11.011632,100
378,70,13.939250,-11.061632,100
378,71,13.939250,-11.011632,100
378,72,13.939250,-10.961632,100
379,71,13.989250,-11.011632,100
432,190,16.639250,-5.061632,100
433,191,16.689250,-5.011632,100
292,521,9.639250,11.488369,100
293,520,9.689250,11.438369,100
293,521,9.689250,11.488369,100
293,522,9.689250,11.538369,100
294,521,9.739250,11.488369,100
214,193,5.739250,-4.911632,100
215,192,5.789250,-4.961632,100
216,193,5.839250,-4.911632,100
240,514,7.039250,11.138369,100
240,516,7.039250,11.238369,100
241,515,7.089250,11.188369,100
321,176,11.089250,-5.761632,100
322,175,11.139250,-5.811632,100
322,176,11.139250,-5.761632,100
322,177,11.139250,-5.711632,100
339,224,11.989250,-3.361632,100
340,223,12.039250,-3.411632,100
340,224,12.039250,-3.361632,100
340,225,12.039250,-3.311632,100
341,224,12.089250,-3.361632,100
206,338,5.339250,2.338369,100
207,337,5.389250,2.288369,100
208,338,5.439250,2.338369,100
202,484,5.139250,9.638369,100
203,483,5.189250,9.588369,100
203,484,5.189250,9.638369,100
203,485,5.189250,9.688369,100
204,484,5.239250,9.638369,100
368,64,13.439250,-11.361632,100
221,497,6.089250,10.288369,100
222,496,6.139250,10.238369,100
222,497,6.139250,10.288369,100
222,498,6.139250,10.338369,100
223,497,6.189250,10.288369,100
478,388,18.939250,4.838369,100
479,387,18.989250,4.788369,100
480,388,19.039250,4.838369,100
379,72,13.989250,-10.961632,100
379,73,13.989250,-10.911632,100
380,72,14.039250,-10.961632,100
444,246,17.239250,-2.261632,100
445,245,17.289250,-2.311632,100
445,246,17.289250,-2.261632,100
445,247,17.289250,-2.211632,100
446,246,17.339250,-2.261632,100
369,481,13.489250,9.488369,100
370,480,13.539250,9.438369,100
370,481,13.539250,9.488369,100
370,482,13.539250,9.538369,100
371,481,13.589250,9.488369,100
252,341,7.639250,2.488369,100
253,340,7.689250,2.438369,100
253,341,7.689250,2.488369,100
253,342,7.689250,2.538369,100
254,341,7.739250,2.488369,100
233,511,6.689250,10.988369,100
233,513,6.689250,11.088369,100
234,512,6.739250,11.038369,100
318,515,10.939250,11.188369,100
319,514,10.989250,11.138369,100
319,515,10.989250,11.188369,100
319,516,10.989250,11.238369,100
320,515,11.039250,11.188369,100
225,507,6.289250,10.788369,100
226,508,6.339250,10.838369,100
216,504,5.839250,10.638369,100
217,503,5.889250,10.588369,100
217,504,5.889250,10.638369,100
217,505,5.889250,10.688369,100
218,504,5.939250,10.638369,100
284,522,9.239250,11.538369,100
285,521,9.289250,11.488369,100
285,522,9.289250,11.538369,100
285,523,9.289250,11.588369,100
286,522,9.339250,11.538369,100
202,340,5.139250,2.438369,100
203,339,5.189250,2.388369,100
203,340,5.189250,2.438369,100
203,341,5.189250,2.488369,100
204,340,5.239250,2.438369,100
446,247,17.339250,-2.211632,100
446,248,17.339250,-2.161632,100
437,426,16.889250,6.738369,100
437,428,16.889250,6.838369,100
438,427,16.939250,6.788369,100
403,101,15.189250,-9.511632,100
404,100,15.239250,-9.561632,100
404,101,15.239250,-9.511632,100
404,102,15.239250,-9.461632,100
405,101,15.289250,-9.511632,100
174,461,3.739250,8.488369,100
174,463,3.739250,8.588369,100
175,462,3.789250,8.538369,100
396,245,14.839250,-2.311632,100
397,246,14.889250,-2.261632,100
226,510,6.339250,10.938369,100
227,509,6.389250,10.888369,100
197,490,4.889250,9.938369,100
198,489,4.939250,9.888369,100
198,490,4.939250,9.938369,100
198,491,4.939250,9.988369,100
199,490,4.989250,9.938369,100
385,461,14.289250,8.488369,100
386,460,14.339250,8.438369,100
386,461,14.339250,8.488369,100
386,462,14.339250,8.538369,100
387,461,14.389250,8.488369,100
176,467,3.839250,8.788369,100
177,466,3.889250,8.738369,100
177,467,3.889250,8.788369,100
177,468,3.889250,8.838369,100
178,467,3.939250,8.788369,100
406,255,15.339250,-1.811632,100
407,254,15.389250,-1.861632,100
407,255,15.389250,-1.811632,100
407,256,15.389250,-1.761632,100
408,255,15.439250,-1.811632,100
387,242,14.389250,-2.461632,100
388,241,14.439250,-2.511632,100
388,242,14.439250,-2.461632,100
388,243,14.439250,-2.411632,100
455,260,17.789250,-1.561632,100
456,259,17.839250,-1.611632,100
456,260,17.839250,-1.561632,100
456,261,17.839250,-1.511632,100
457,260,17.889250,-1.561632,100
244,342,7.239250,2.538369,100
245,341,7.289250,2.488369,100
245,342,7.289250,2.538369,100
245,343,7.289250,2.588369,100
246,342,7.339250,2.538369,100
444,367,17.239250,3.788369,100
445,366,17.289250,3.738369,100
446,367,17.339250,3.788369,100
379,158,13.989250,-6.661632,100
380,157,14.039250,-6.711632,100
380,158,14.039250,-6.661632,100
380,159,14.039250,-6.611632,100
381,158,14.089250,-6.661632,100
262,510,8.139250,10.938369,100
262,511,8.139250,10.988369,100
262,512,8.139250,11.038369,100
263,511,8.189250,10.988369,100
100,328,0.039250,1.838369,100
101,327,0.089250,1.788369,100
101,328,0.089250,1.838369,100
101,329,0.089250,1.888369,100
102,328,0.139250,1.838369,100
443,322,17.189250,1.538369,100
444,321,17.239250,1.488369,100
444,323,17.239250,1.588369,100
199,491,4.989250,9.988369,100
199,492,4.989250,10.038369,100
200,491,5.039250,9.988369,100
218,503,5.939250,10.588369,100
218,505,5.939250,10.688369,100
219,504,5.989250,10.638369,100
209,500,5.489250,10.438369,100
210,499,5.539250,10.388369,100
210,500,5.539250,10.438369,100
210,501,5.539250,10.488369,100
211,500,5.589250,10.438369,100
446,369,17.339250,3.888369,100
447,368,17.389250,3.838369,100
352,175,12.639250,-5.811632,100
352,176,12.639250,-5.761632,100
353,175,12.689250,-5.811632,100
238,338,6.939250,2.338369,100
238,340,6.939250,2.438369,100
239,339,6.989250,2.388369,100
263,512,8.189250,11.038369,100
263,513,8.189250,11.088369,100
484,296,19.239250,0.238368,100
485,295,19.289250,0.188368,100
485,296,19.289250,0.238368,100
485,297,19.289250,0.288368,100
334,500,11.739250,10.438369,100
335,499,11.789250,10.388369,100
336,500,11.839250,10.438369,100
380,238,14.039250,-2.661632,100
381,237,14.089250,-2.711632,100
381,238,14.089250,-2.661632,100
381,239,14.089250,-2.611632,100
382,238,14.139250,-2.661632,100
180,333,4.039250,2.088369,100
180,335,4.039250,2.188369,100
181,334,4.089250,2.138369,100
388,99,14.439250,-9.611632,100
389,98,14.489250,-9.661632,100
389,99,14.489250,-9.611632,100
389,100,14.489250,-9.561632,100
390,99,14.539250,-9.611632,100
440,144,17.039250,-7.361632,100
440,145,17.039250,-7.311632,100
441,144,17.089250,-7.361632,100
155,385,2.789250,4.688369,100
156,384,2.839250,4.638369,100
156,385,2.839250,4.688369,100
156,386,2.839250,4.738369,100
157,385,2.889250,4.688369,100
470,397,18.539250,5.288369,100
471,396,18.589250,5.238369,100
471,397,18.589250,5.288369,100
471,398,18.589250,5.338369,100
308,518,10.439250,11.338369,100
308,520,10.439250,11.438369,100
309,519,10.489250,11.388369,100
429,216,16.489250,-3.761632,100
430,215,16.539250,-3.811632,100
431,216,16.589250,-3.761632,100
233,341,6.689250,2.488369,100
234,340,6.739250,2.438369,100
234,341,6.739250,2.488369,100
234,342,6.739250,2.538369,100
427,435,16.389250,7.188369,100
428,434,16.439250,7.138369,100
428,435,16.439250,7.188369,100
428,436,16.439250,7.238369,100
429,435,16.489250,7.188369,100
138,332,1.939250,2.038369,100
139,331,1.989250,1.988369,100
139,332,1.989250,2.038369,100
139,333,1.989250,2.088369,100
140,332,2.039250,2.038369,100
86,325,-0.660750,1.688369,100
86,327,-0.660750,1.788369,100
87,326,-0.610750,1.738369,100
339,505,11.989250,10.688369,100
339,506,11.989250,10.738369,100
340,506,12.039250,10.738369,100
330,502,11.539250,10.538369,100
331,501,11.589250,10.488369,100
331,502,11.589250,10.538369,100
331,503,11.589250,10.588369,100
332,502,11.639250,10.538369,100
441,145,17.089250,-7.311632,100
441,146,17.089250,-7.261632,100
442,145,17.139250,-7.311632,100
304,221,10.239250,-3.511632,100
305,220,10.289250,-3.561632,100
472,398,18.639250,5.338369,100
472,399,18.639250,5.388369,100
370,166,13.539250,-6.261632,100
371,165,13.589250,-6.311632,100
371,166,13.589250,-6.261632,100
371,167,13.589250,-6.211632,100
372,166,13.639250,-6.261632,100
354,487,12.739250,9.788369,100
355,486,12.789250,9.738369,100
355,487,12.789250,9.788369,100
355,488,12.789250,9.838369,100
276,342,8.839250,2.538369,100
276,344,8.839250,2.638369,100
391,109,14.589250,-9.111632,100
392,108,14.639250,-9.161632,100
393,109,14.689250,-9.111632,100
181,333,4.089250,2.088369,100
181,335,4.089250,2.188369,100
182,334,4.139250,2.138369,100
436,294,16.839250,0.138368,100
436,296,16.839250,0.238368,100
437,295,16.889250,0.188368,100
158,432,2.939250,7.038369,100
159,432,2.989250,7.038369,100
159,433,2.989250,7.088369,100
117,394,0.889250,5.138369,100
118,393,0.939250,5.088369,100
118,394,0.939250,5.138369,100
118,395,0.939250,5.188369,100
119,394,0.989250,5.138369,100
432,406,16.639250,5.738369,100
433,405,16.689250,5.688369,100
433,406,16.689250,5.738369,100
433,407,16.689250,5.788369,100
434,406,16.739250,5.738369,100
486,377,19.339250,4.288369,100
487,376,19.389250,4.238369,100
487,377,19.389250,4.288369,100
487,378,19.389250,4.338369,100
488,377,19.439250,4.288369,100
394,114,14.739250,-8.861632,100
395,113,14.789250,-8.911632,100
395,114,14.789250,-8.861632,100
395,115,14.789250,-8.811632,100
396,114,14.839250,-8.861632,100
446,161,17.339250,-6.511632,100
447,160,17.389250,-6.561632,100
445,345,17.289250,2.688369,100
446,344,17.339250,2.638369,100
447,345,17.389250,2.688369,100
122,329,1.139250,1.888369,100
123,328,1.189250,1.838369,100
123,329,1.189250,1.888369,100
123,330,1.189250,1.938369,100
124,329,1.239250,1.888369,100
211,212,5.589250,-3.961632,100
211,214,5.589250,-3.861632,100
212,213,5.639250,-3.911632,100
431,215,16.589250,-3.811632,100
432,216,16.639250,-3.761632,100
222,187,6.139250,-5.211632,100
223,186,6.189250,-5.261632,100
223,187,6.189250,-5.211632,100
223,188,6.189250,-5.161632,100
224,187,6.239250,-5.211632,100
437,296,16.889250,0.238368,100
437,297,16.889250,0.288368,100
438,296,16.939250,0.238368,100
186,350,4.339250,2.938369,100
187,349,4.389250,2.888369,100
187,350,4.389250,2.938369,100
187,351,4.389250,2.988369,100
188,350,4.439250,2.938369,100
396,115,14.839250,-8.811632,100
396,116,14.839250,-8.761632,100
397,115,14.889250,-8.811632,100
392,455,14.639250,8.188369,100
393,454,14.689250,8.138369,100
394,455,14.739250,8.188369,100
313,345,10.689250,2.688369,100
313,347,10.689250,2.788369,100
433,227,16.689250,-3.211632,100
434,226,16.739250,-3.261632,100
435,227,16.789250,-3.211632,100
492,313,19.639250,1.088368,100
493,313,19.689250,1.088368,100
493,314,19.689250,1.138368,100
349,493,12.489250,10.088369,100
350,493,12.539250,10.088369,100
350,494,12.539250,10.138369,100
444,419,17.239250,6.388369,100
444,420,17.239250,6.438369,100
445,420,17.289250,6.438369,100
342,225,12.139250,-3.311632,100
343,224,12.189250,-3.361632,100
343,225,12.189250,-3.311632,100
343,226,12.189250,-3.261632,100
153,438,2.689250,7.338369,100
154,437,2.739250,7.288369,100
155,438,2.789250,7.338369,100
247,216,7.389250,-3.761632,100
248,215,7.439250,-3.811632,100
248,216,7.439250,-3.761632,100
248,217,7.439250,-3.711632,100
249,216,7.489250,-3.761632,100
173,450,3.689250,7.938369,100
173,452,3.689250,8.038369,100
174,451,3.739250,7.988369,100
195,209,4.789250,-4.111632,100
195,211,4.789250,-4.011632,100
196,210,4.839250,-4.061632,100
260,155,8.039250,-6.811632,100
261,154,8.089250,-6.861632,100
261,155,8.089250,-6.811632,100
261,156,8.089250,-6.761632,100
262,155,8.139250,-6.811632,100
219,337,5.989250,2.288369,100
219,339,5.989250,2.388369,100
216,494,5.839250,10.138369,100
217,493,5.889250,10.088369,100
217,494,5.889250,10.138369,100
217,495,5.889250,10.188369,100
218,494,5.939250,10.138369,100
155,398,2.789250,5.338369,100
156,398,2.839250,5.338369,100
156,399,2.839250,5.388369,100
157,398,2.889250,5.338369,100
437,233,16.889250,-2.911632,100
438,232,16.939250,-2.961632,100
438,233,16.939250,-2.911632,100
438,234,16.939250,-2.861632,100
439,233,16.989250,-2.911632,100
325,175,11.289250,-5.811632,100
155,440,2.789250,7.438369,100
156,439,2.839250,7.388369,100
327,510,11.389250,10.938369,100
328,509,11.439250,10.888369,100
328,511,11.439250,10.988369,100
394,454,14.739250,8.138369,100
395,455,14.789250,8.188369,100
494,358,19.739250,3.338369,100
495,358,19.789250,3.338369,100
495,359,19.789250,3.388369,100
496,358,19.839250,3.338369,100
197,480,4.889250,9.438369,100
198,479,4.939250,9.388369,100
198,480,4.939250,9.438369,100
198,481,4.939250,9.488369,100
199,480,4.989250,9.438369,100
440,387,17.039250,4.788369,100
441,387,17.089250,4.788369,100
441,388,17.089250,4.838369,100
442,387,17.139250,4.788369,100
157,444,2.889250,7.638369,100
158,444,2.939250,7.638369,100
158,445,2.939250,7.688369,100
159,444,2.989250,7.638369,100
495,323,19.789250,1.588369,100
496,323,19.839250,1.588369,100
496,324,19.839250,1.638369,100
497,323,19.889250,1.588369,100
442,168,17.139250,-6.161632,100
443,167,17.189250,-6.211632,100
443,168,17.189250,-6.161632,100
443,169,17.189250,-6.111632,100
444,168,17.239250,-6.161632,100
256,340,7.839250,2.438369,100
256,341,7.839250,2.488369,100
257,341,7.889250,2.488369,100
280,514,9.039250,11.138369,100
281,513,9.089250,11.088369,100
281,514,9.089250,11.138369,100
281,515,9.089250,11.188369,100
282,514,9.139250,11.138369,100
391,122,14.589250,-8.461632,100
392,122,14.639250,-8.461632,100
392,123,14.639250,-8.411632,100
393,122,14.689250,-8.461632,100
199,481,4.989250,9.488369,100
199,482,4.989250,9.538369,100
200,481,5.039250,9.488369,100
394,127,14.739250,-8.211632,100
395,127,14.789250,-8.211632,100
395,128,14.789250,-8.161632,100
396,127,14.839250,-8.211632,100
205,340,5.289250,2.438369,100
206,340,5.339250,2.438369,100
206,341,5.339250,2.488369,100
334,225,11.739250,-3.311632,100
335,224,11.789250,-3.361632,100
335,225,11.789250,-3.311632,100
335,226,11.789250,-3.261632,100
336,225,11.839250,-3.311632,100
345,500,12.289250,10.438369,100
346,500,12.339250,10.438369,100
346,501,12.339250,10.488369,100
197,336,4.889250,2.238369,100
198,335,4.939250,2.188369,100
199,336,4.989250,2.238369,100
365,478,13.289250,9.338369,100
366,477,13.339250,9.288369,100
367,478,13.389250,9.338369,100
285,220,9.289250,-3.561632,100
286,219,9.339250,-3.611632,100
286,220,9.339250,-3.561632,100
286,221,9.339250,-3.511632,100
287,220,9.389250,-3.561632,100
445,358,17.289250,3.338369,100
446,359,17.339250,3.388369,100
366,65,13.339250,-11.311632,100
367,65,13.389250,-11.311632,100
367,66,13.389250,-11.261632,100
451,252,17.589250,-1.961632,100
452,251,17.639250,-2.011632,100
452,252,17.639250,-1.961632,100
452,253,17.639250,-1.911632,100
453,252,17.689250,-1.961632,100
477,390,18.889250,4.938369,100
478,390,18.939250,4.938369,100
478,391,18.939250,4.988369,100
368,483,13.439250,9.588369,100
369,482,13.489250,9.538369,100
369,483,13.489250,9.588369,100
369,484,13.489250,9.638369,100
370,483,13.539250,9.588369,100
175,354,3.789250,3.138369,100
176,353,3.839250,3.088369,100
176,354,3.839250,3.138369,100
176,355,3.839250,3.188369,100
177,354,3.889250,3.138369,100
391,241,14.589250,-2.511632,100
392,242,14.639250,-2.461632,100
434,428,16.739250,6.838369,100
257,161,7.889250,-6.511632,100
257,163,7.889250,-6.411632,100
258,162,7.939250,-6.461632,100
72,341,-1.360750,2.488369,100
73,340,-1.310750,2.438369,100
73,341,-1.310750,2.488369,100
73,342,-1.310750,2.538369,100
74,341,-1.260750,2.488369,100
212,501,5.639250,10.488369,100
213,500,5.689250,10.438369,100
213,501,5.689250,10.488369,100
213,502,5.689250,10.538369,100
214,501,5.739250,10.488369,100
403,251,15.189250,-2.011632,100
376,78,13.839250,-10.661632,100
377,77,13.889250,-10.711632,100
377,78,13.889250,-10.661632,100
377,79,13.889250,-10.611632,100
378,78,13.939250,-10.661632,100
292,344,9.639250,2.638369,100
293,343,9.689250,2.588369,100
293,344,9.689250,2.638369,100
293,345,9.689250,2.688369,100
294,344,9.739250,2.638369,100
347,501,12.389250,10.488369,100
347,502,12.389250,10.538369,100
348,501,12.439250,10.488369,100
199,338,4.989250,2.338369,100
200,337,5.039250,2.288369,100
413,262,15.689250,-1.461632,100
414,261,15.739250,-1.511632,100
414,262,15.739250,-1.461632,100
414,263,15.739250,-1.411632,100
415,262,15.789250,-1.461632,100
412,446,15.639250,7.738369,100
413,445,15.689250,7.688369,100
413,447,15.689250,7.788369,100
420,121,16.039250,-8.511632,100
421,120,16.089250,-8.561632,100
421,121,16.089250,-8.511632,100
421,122,16.089250,-8.461632,100
422,121,16.139250,-8.511632,100
399,98,14.989250,-9.661632,100
400,98,15.039250,-9.661632,100
400,99,15.039250,-9.611632,100
479,391,18.989250,4.988369,100
479,392,18.989250,5.038369,100
480,391,19.039250,4.988369,100
465,272,18.289250,-0.961632,100
466,271,18.339250,-1.011632,100
467,272,18.389250,-0.961632,100
392,244,14.639250,-2.361632,100
393,243,14.689250,-2.411632,100
283,152,9.189250,-6.961632,100
284,152,9.239250,-6.961632,100
284,153,9.239250,-6.911632,100
285,152,9.289250,-6.961632,100
384,238,14.239250,-2.661632,100
384,240,14.239250,-2.561632,100
74,343,-1.260750,2.588369,100
403,253,15.189250,-1.911632,100
404,252,15.239250,-1.961632,100
375,235,13.789250,-2.811632,100
376,234,13.839250,-2.861632,100
376,235,13.839250,-2.811632,100
376,236,13.839250,-2.761632,100
229,181,6.489250,-5.511632,100
230,180,6.539250,-5.561632,100
230,181,6.539250,-5.511632,100
230,182,6.539250,-5.461632,100
294,161,9.739250,-6.511632,100
295,160,9.789250,-6.561632,100
295,161,9.789250,-6.511632,100
295,162,9.789250,-6.461632,100
296,161,9.839250,-6.511632,100
389,133,14.489250,-7.911632,100
429,206,16.489250,-4.261632,100
431,206,16.589250,-4.261632,100
266,511,8.339250,10.988369,100
266,513,8.339250,11.088369,100
384,463,14.239250,8.588369,100
385,462,14.289250,8.538369,100
385,463,14.289250,8.588369,100
385,464,14.289250,8.638369,100
386,463,14.339250,8.588369,100
422,122,16.139250,-8.461632,100
422,123,16.139250,-8.411632,100
423,122,16.189250,-8.461632,100
409,111,15.489250,-9.011632,100
410,110,15.539250,-9.061632,100
410,111,15.539250,-9.011632,100
410,112,15.539250,-8.961632,100
411,111,15.589250,-9.011632,100
477,282,18.889250,-0.461632,100
478,281,18.939250,-0.511632,100
478,282,18.939250,-0.461632,100
478,283,18.939250,-0.411632,100
479,282,18.989250,-0.461632,100
141,333,2.089250,2.088369,100
142,333,2.139250,2.088369,100
142,334,2.139250,2.138369,100
425,275,16.289250,-0.811632,100
425,277,16.289250,-0.711632,100
426,276,16.339250,-0.761632,100
271,217,8.589250,-3.711632,100
271,219,8.589250,-3.611632,100
272,218,8.639250,-3.661632,100
450,414,17.539250,6.138369,100
451,413,17.589250,6.088369,100
451,414,17.589250,6.138369,100
451,415,17.589250,6.188369,100
391,99,14.589250,-9.611632,100
392,98,14.639250,-9.661632,100
393,99,14.689250,-9.611632,100
205,497,5.289250,10.288369,100
206,496,5.339250,10.238369,100
206,497,5.339250,10.288369,100
206,498,5.339250,10.338369,100
207,497,5.389250,10.288369,100
193,343,4.689250,2.588369,100
194,343,4.739250,2.588369,100
194,344,4.739250,2.638369,100
98,371,-0.060750,3.988369,100
99,370,-0.010750,3.938369,100
99,371,-0.010750,3.988369,100
99,372,-0.010750,4.038369,100
100,371,0.039250,3.988369,100
427,281,16.389250,-0.511632,100
428,280,16.439250,-0.561632,100
428,281,16.439250,-0.511632,100
428,282,16.439250,-0.461632,100
429,281,16.489250,-0.511632,100
411,112,15.589250,-8.961632,100
411,113,15.589250,-8.911632,100
412,112,15.639250,-8.961632,100
444,370,17.239250,3.938369,100
445,370,17.289250,3.938369,100
445,371,17.289250,3.988369,100
446,370,17.339250,3.938369,100
445,335,17.289250,2.188369,100
446,335,17.339250,2.188369,100
446,336,17.339250,2.238369,100
447,335,17.389250,2.188369,100
237,342,6.889250,2.538369,100
377,234,13.889250,-2.861632,100
377,236,13.889250,-2.761632,100
368,231,13.439250,-3.011632,100
369,230,13.489250,-3.061632,100
369,231,13.489250,-3.011632,100
369,232,13.489250,-2.961632,100
370,231,13.539250,-3.011632,100
435,405,16.789250,5.688369,100
435,406,16.789250,5.738369,100
436,405,16.839250,5.688369,100
201,203,5.089250,-4.411632,100
202,202,5.139250,-4.461632,100
202,203,5.139250,-4.411632,100
202,204,5.139250,-4.361632,100
203,203,5.189250,-4.411632,100
401,450,15.089250,7.938369,100
178,336,3.939250,2.238369,100
179,336,3.989250,2.238369,100
179,337,3.989250,2.288369,100
180,336,4.039250,2.238369,100
403,454,15.189250,8.138369,100
404,453,15.239250,8.088369,100
404,454,15.239250,8.138369,100
404,455,15.239250,8.188369,100
405,454,15.289250,8.138369,100
109,385,0.489250,4.688369,100
110,384,0.539250,4.638369,100
110,385,0.539250,4.688369,100
110,386,0.539250,4.738369,100
111,385,0.589250,4.688369,100
273,344,8.689250,2.638369,100
274,344,8.739250,2.638369,100
274,345,8.739250,2.688369,100
180,337,4.039250,2.288369,100
180,338,4.039250,2.338369,100
181,337,4.089250,2.288369,100
221,337,6.089250,2.288369,100
221,339,6.089250,2.388369,100
309,221,10.489250,-3.511632,100
309,223,10.489250,-3.411632,100
251,216,7.589250,-3.761632,100
251,218,7.589250,-3.661632,100
330,509,11.539250,10.888369,100
441,422,17.089250,6.538369,100
216,340,5.839250,2.438369,100
217,340,5.889250,2.438369,100
217,341,5.889250,2.488369,100
218,340,5.939250,2.438369,100
346,224,12.339250,-3.361632,100
346,226,12.339250,-3.261632,100
162,369,3.139250,3.888369,100
163,368,3.189250,3.838369,100
164,369,3.239250,3.888369,100
167,447,3.389250,7.788369,100
168,447,3.439250,7.788369,100
168,448,3.439250,7.838369,100
221,189,6.089250,-5.111632,100
222,188,6.139250,-5.161632,100
222,189,6.139250,-5.111632,100
222,190,6.139250,-5.061632,100
223,189,6.189250,-5.111632,100
391,112,14.589250,-8.961632,100
392,112,14.639250,-8.961632,100
392,113,14.639250,-8.911632,100
393,112,14.689250,-8.961632,100
138,420,1.939250,6.438369,100
139,419,1.989250,6.388369,100
139,420,1.989250,6.438369,100
139,421,1.989250,6.488369,100
140,420,2.039250,6.438369,100
238,507,6.939250,10.788369,100
239,507,6.989250,10.788369,100
239,508,6.989250,10.838369,100
240,507,7.039250,10.788369,100
353,494,12.689250,10.138369,100
354,493,12.739250,10.088369,100
354,494,12.739250,10.138369,100
354,495,12.739250,10.188369,100
361,169,13.089250,-6.111632,100
362,168,13.139250,-6.161632,100
362,169,13.139250,-6.111632,100
362,170,13.139250,-6.061632,100
363,169,13.189250,-6.111632,100
311,348,10.589250,2.838369,100
312,348,10.639250,2.838369,100
312,349,10.639250,2.888369,100
328,175,11.439250,-5.811632,100
329,176,11.489250,-5.761632,100
347,226,12.389250,-3.261632,100
347,227,12.389250,-3.211632,100
252,216,7.639250,-3.761632,100
252,218,7.639250,-3.661632,100
163,333,3.189250,2.088369,100
164,332,3.239250,2.038369,100
164,333,3.239250,2.088369,100
164,334,3.239250,2.138369,100
165,333,3.289250,2.088369,100
377,477,13.889250,9.288369,100
378,477,13.939250,9.288369,100
384,152,14.239250,-6.961632,100
169,448,3.489250,7.838369,100
169,449,3.489250,7.888369,100
170,448,3.539250,7.838369,100
323,505,11.189250,10.688369,100
323,506,11.189250,10.738369,100
324,506,11.239250,10.738369,100
441,314,17.089250,1.138368,100
442,314,17.139250,1.138368,100
442,315,17.139250,1.188368,100
443,314,17.189250,1.138368,100
376,68,13.839250,-11.161632,100
377,67,13.889250,-11.211632,100
377,68,13.889250,-11.161632,100
377,69,13.889250,-11.111632,100
378,68,13.939250,-11.161632,100
231,504,6.589250,10.638369,100
232,504,6.639250,10.638369,100
232,505,6.639250,10.688369,100
233,504,6.689250,10.638369,100
204,487,5.239250,9.788369,100
205,487,5.289250,9.788369,100
205,488,5.289250,9.838369,100
206,487,5.339250,9.788369,100
193,212,4.689250,-3.961632,100
194,212,4.739250,-3.961632,100
194,213,4.739250,-3.911632,100
195,212,4.789250,-3.961632,100
223,500,6.189250,10.438369,100
224,500,6.239250,10.438369,100
224,501,6.239250,10.488369,100
225,500,6.289250,10.438369,100
446,249,17.339250,-2.111632,100
447,248,17.389250,-2.161632,100
447,249,17.389250,-2.111632,100
447,250,17.389250,-2.061632,100
448,249,17.439250,-2.111632,100
287,521,9.389250,11.488369,100
288,520,9.439250,11.438369,100
288,521,9.439250,11.488369,100
288,522,9.439250,11.538369,100
289,521,9.489250,11.488369,100
174,464,3.739250,8.638369,100
175,463,3.789250,8.588369,100
175,464,3.789250,8.638369,100
175,465,3.789250,8.688369,100
176,464,3.839250,8.638369,100
154,406,2.739250,5.738369,100
155,406,2.789250,5.738369,100
155,407,2.789250,5.788369,100
156,406,2.839250,5.738369,100
159,335,2.989250,2.188369,100
160,335,3.039250,2.188369,100
160,336,3.039250,2.238369,100
161,335,3.089250,2.188369,100
348,500,12.439250,10.438369,100
349,500,12.489250,10.438369,100
349,501,12.489250,10.488369,100
350,500,12.539250,10.438369,100
289,219,9.489250,-3.611632,100
289,220,9.489250,-3.561632,100
290,220,9.539250,-3.561632,100
107,328,0.389250,1.838369,100
107,330,0.389250,1.938369,100
108,329,0.439250,1.888369,100
415,444,15.789250,7.638369,100
415,445,15.789250,7.688369,100
416,445,15.839250,7.688369,100
493,360,19.689250,3.438369,100
494,359,19.739250,3.388369,100
494,360,19.739250,3.438369,100
494,361,19.739250,3.488369,100
495,360,19.789250,3.438369,100
439,389,16.989250,4.888369,100
440,388,17.039250,4.838369,100
440,389,17.039250,4.888369,100
440,390,17.039250,4.938369,100
441,389,17.089250,4.888369,100
429,196,16.489250,-4.761632,100
430,196,16.539250,-4.761632,100
430,197,16.539250,-4.711632,100
431,196,16.589250,-4.761632,100
158,376,2.939250,4.238369,100
159,375,2.989250,4.188369,100
160,376,3.039250,4.238369,100
380,74,14.039250,-10.861632,100
381,73,14.089250,-10.911632,100
381,74,14.089250,-10.861632,100
381,75,14.089250,-10.811632,100
382,74,14.139250,-10.861632,100
64,332,-1.760750,2.038369,100
65,331,-1.710750,1.988369,100
65,332,-1.710750,2.038369,100
65,333,-1.710750,2.088369,100
66,332,-1.660750,2.038369,100
325,224,11.289250,-3.361632,100
326,223,11.339250,-3.411632,100
326,224,11.339250,-3.361632,100
326,225,11.339250,-3.311632,100
327,224,11.389250,-3.361632,100
363,479,13.189250,9.388369,100
364,478,13.239250,9.338369,100
364,479,13.239250,9.388369,100
364,480,13.239250,9.438369,100
444,324,17.239250,1.638369,100
446,324,17.339250,1.638369,100
176,465,3.839250,8.688369,100
176,466,3.839250,8.738369,100
177,465,3.889250,8.688369,100
297,345,9.889250,2.688369,100
297,347,9.889250,2.788369,100
208,496,5.439250,10.238369,100
209,497,5.489250,10.288369,100
201,337,5.089250,2.288369,100
202,336,5.139250,2.238369,100
202,337,5.139250,2.288369,100
202,338,5.139250,2.338369,100
203,337,5.189250,2.288369,100
227,510,6.389250,10.938369,100
227,511,6.389250,10.988369,100
228,510,6.439250,10.938369,100
152,332,2.639250,2.038369,100
153,331,2.689250,1.988369,100
153,332,2.689250,2.038369,100
153,333,2.689250,2.088369,100
154,332,2.739250,2.038369,100
408,258,15.439250,-1.661632,100
409,257,15.489250,-1.711632,100
409,258,15.489250,-1.661632,100
409,259,15.489250,-1.611632,100
410,258,15.539250,-1.661632,100
316,175,10.839250,-5.811632,100
317,174,10.889250,-5.861632,100
317,175,10.889250,-5.811632,100
317,176,10.889250,-5.761632,100
318,175,10.939250,-5.811632,100
407,442,15.389250,7.538369,100
408,441,15.439250,7.488369,100
408,442,15.439250,7.538369,100
408,443,15.439250,7.588369,100
409,442,15.489250,7.538369,100
280,521,9.039250,11.488369,100
280,523,9.039250,11.588369,100
468,272,18.439250,-0.961632,100
469,271,18.489250,-1.011632,100
469,272,18.489250,-0.961632,100
469,273,18.489250,-0.911632,100
470,272,18.539250,-0.961632,100
365,480,13.289250,9.438369,100
365,481,13.289250,9.488369,100
286,152,9.339250,-6.961632,100
287,151,9.389250,-7.011632,100
287,152,9.389250,-6.961632,100
287,153,9.389250,-6.911632,100
288,152,9.439250,-6.961632,100
278,148,8.939250,-7.161632,100
279,147,8.989250,-7.211632,100
279,148,8.989250,-7.161632,100
279,149,8.989250,-7.111632,100
209,499,5.489250,10.388369,100
210,498,5.539250,10.338369,100
397,248,14.889250,-2.161632,100
398,247,14.939250,-2.211632,100
398,248,14.939250,-2.161632,100
398,249,14.939250,-2.111632,100
399,248,14.989250,-2.161632,100
470,273,18.539250,-0.911632,100
470,274,18.539250,-0.861632,100
471,273,18.589250,-0.911632,100
461,269,18.089250,-1.111632,100
462,268,18.139250,-1.161632,100
463,269,18.189250,-1.111632,100
327,223,11.389250,-3.411632,100
327,225,11.389250,-3.311632,100
328,224,11.439250,-3.361632,100
240,340,7.039250,2.438369,100
337,499,11.889250,10.388369,100
338,498,11.939250,10.338369,100
338,499,11.939250,10.388369,100
338,500,11.939250,10.438369,100
145,334,2.289250,2.138369,100
280,149,9.039250,-7.111632,100
280,150,9.039250,-7.061632,100
91,361,-0.410750,3.488369,100
92,362,-0.360750,3.538369,100
380,235,14.039250,-2.811632,100
380,237,14.039250,-2.711632,100
381,236,14.089250,-2.761632,100
394,134,14.739250,-7.861632,100
395,134,14.789250,-7.861632,100
423,422,16.189250,6.538369,100
424,421,16.239250,6.488369,100
424,422,16.239250,6.538369,100
424,423,16.239250,6.588369,100
425,422,16.289250,6.538369,100
399,250,14.989250,-2.061632,100
372,231,13.639250,-3.011632,100
372,233,13.639250,-2.911632,100
373,232,13.689250,-2.961632,100
306,511,10.339250,10.988369,100
307,510,10.389250,10.938369,100
307,511,10.389250,10.988369,100
307,512,10.389250,11.038369,100
308,511,10.439250,10.988369,100
153,418,2.689250,6.338369,100
154,418,2.739250,6.338369,100
154,419,2.739250,6.388369,100
268,219,8.439250,-3.611632,100
269,219,8.489250,-3.611632,100
269,220,8.489250,-3.561632,100
228,183,6.439250,-5.411632,100
229,182,6.489250,-5.461632,100
229,183,6.489250,-5.411632,100
229,184,6.489250,-5.361632,100
230,183,6.539250,-5.411632,100
483,293,19.189250,0.088368,100
240,342,7.039250,2.538369,100
241,341,7.089250,2.488369,100
441,147,17.089250,-7.211632,100
442,146,17.139250,-7.261632,100
442,147,17.139250,-7.211632,100
442,148,17.139250,-7.161632,100
443,147,17.189250,-7.211632,100
157,388,2.889250,4.838369,100
158,388,2.939250,4.838369,100
158,389,2.939250,4.888369,100
159,388,2.989250,4.838369,100
486,298,19.339250,0.338368,100
420,124,16.039250,-8.361632,100
421,123,16.089250,-8.411632,100
421,124,16.089250,-8.361632,100
421,125,16.089250,-8.311632,100
384,472,14.239250,9.038369,100
385,471,14.289250,8.988369,100
94,368,-0.260750,3.838369,100
95,368,-0.210750,3.838369,100
95,369,-0.210750,3.888369,100
96,368,-0.160750,3.838369,100
389,136,14.489250,-7.761632,100
390,136,14.539250,-7.761632,100
390,137,14.539250,-7.711632,100
391,136,14.589250,-7.761632,100
496,348,19.839250,2.838369,100
497,347,19.889250,2.788369,100
498,348,19.939250,2.838369,100
430,137,16.539250,-7.711632,100
431,136,16.589250,-7.761632,100
431,137,16.589250,-7.711632,100
431,138,16.589250,-7.661632,100
432,137,16.639250,-7.711632,100
443,148,17.189250,-7.161632,100
443,149,17.189250,-7.111632,100
444,148,17.239250,-7.161632,100
200,206,5.039250,-4.261632,100
201,205,5.089250,-4.311632,100
201,206,5.089250,-4.261632,100
201,207,5.089250,-4.211632,100
202,206,5.139250,-4.261632,100
298,512,9.939250,11.038369,100
299,511,9.989250,10.988369,100
300,512,10.039250,11.038369,100
266,151,8.339250,-7.011632,100
267,150,8.389250,-7.061632,100
267,151,8.389250,-7.011632,100
267,152,8.389250,-6.961632,100
268,151,8.439250,-7.011632,100
170,363,3.539250,3.588369,100
171,363,3.589250,3.588369,100
171,364,3.589250,3.638369,100
277,344,8.889250,2.638369,100
277,345,8.889250,2.688369,100
432,138,16.639250,-7.661632,100
432,139,16.639250,-7.611632,100
433,138,16.689250,-7.661632,100
161,433,3.089250,7.088369,100
193,346,4.689250,2.738369,100
194,345,4.739250,2.688369,100
194,346,4.739250,2.738369,100
194,347,4.739250,2.788369,100
195,346,4.789250,2.738369,100
119,397,0.989250,5.288369,100
120,396,1.039250,5.238369,100
120,397,1.039250,5.288369,100
120,398,1.039250,5.338369,100
121,397,1.089250,5.288369,100
259,520,7.989250,11.438369,100
260,519,8.039250,11.388369,100
260,520,8.039250,11.438369,100
260,521,8.039250,11.488369,100
261,520,8.089250,11.438369,100
419,429,15.989250,6.888369,100
420,428,16.039250,6.838369,100
420,430,16.039250,6.938369,100
254,216,7.739250,-3.761632,100
255,217,7.789250,-3.711632,100
433,184,16.689250,-5.361632,100
434,183,16.739250,-5.411632,100
435,184,16.789250,-5.361632,100
161,435,3.089250,7.188369,100
162,434,3.139250,7.138369,100
241,508,7.089250,10.838369,100
242,507,7.139250,10.788369,100
242,508,7.139250,10.838369,100
242,509,7.139250,10.888369,100
444,377,17.239250,4.288369,100
445,377,17.289250,4.288369,100
490,309,19.539250,0.888368,100
491,309,19.589250,0.888368,100
491,310,19.589250,0.938368,100
492,309,19.639250,0.888368,100
153,395,2.689250,5.188369,100
154,395,2.739250,5.188369,100
154,396,2.739250,5.238369,100
219,340,5.989250,2.438369,100
220,340,6.039250,2.438369,100
220,341,6.039250,2.488369,100
447,347,17.389250,2.788369,100
448,346,17.439250,2.738369,100
449,347,17.489250,2.788369,100
349,224,12.489250,-3.361632,100
350,225,12.539250,-3.311632,100
495,314,19.789250,1.138368,100
186,346,4.339250,2.738369,100
186,348,4.339250,2.838369,100
187,347,4.389250,2.788369,100
130,411,1.539250,5.988369,100
131,410,1.589250,5.938369,100
131,411,1.589250,5.988369,100
131,412,1.589250,6.038369,100
132,411,1.639250,5.988369,100
371,474,13.589250,9.138369,100
372,473,13.639250,9.088369,100
372,474,13.639250,9.138369,100
372,475,13.639250,9.188369,100
373,474,13.689250,9.138369,100
174,454,3.739250,8.138369,100
175,453,3.789250,8.088369,100
175,454,3.789250,8.138369,100
175,455,3.789250,8.188369,100
176,454,3.839250,8.138369,100
429,415,16.489250,6.188369,100
430,414,16.539250,6.138369,100
430,415,16.539250,6.188369,100
430,416,16.539250,6.238369,100
431,415,16.589250,6.188369,100
315,349,10.789250,2.888369,100
415,434,15.789250,7.138369,100
416,435,15.839250,7.188369,100
495,316,19.789250,1.238368,100
496,315,19.839250,1.188368,100
212,337,5.639250,2.288369,100
213,336,5.689250,2.238369,100
213,337,5.689250,2.288369,100
213,338,5.689250,2.338369,100
157,440,2.889250,7.438369,100
176,455,3.839250,8.188369,100
176,456,3.839250,8.238369,100
177,455,3.889250,8.188369,100
292,220,9.639250,-3.561632,100
292,222,9.639250,-3.461632,100
181,349,4.089250,2.888369,100
182,348,4.139250,2.838369,100
182,349,4.139250,2.888369,100
182,350,4.139250,2.938369,100
183,349,4.189250,2.888369,100
235,503,6.789250,10.588369,100
196,212,4.839250,-3.961632,100
197,211,4.889250,-4.011632,100
197,212,4.889250,-3.961632,100
197,213,4.889250,-3.911632,100
198,212,4.939250,-3.961632,100
226,500,6.339250,10.438369,100
227,499,6.389250,10.388369,100
227,500,6.389250,10.438369,100
227,501,6.389250,10.488369,100
228,500,6.439250,10.438369,100
446,360,17.339250,3.438369,100
448,360,17.439250,3.438369,100
290,521,9.539250,11.488369,100
291,520,9.589250,11.438369,100
291,521,9.589250,11.488369,100
291,522,9.589250,11.538369,100
418,441,15.939250,7.488369,100
419,440,15.989250,7.438369,100
419,441,15.989250,7.488369,100
419,442,15.989250,7.538369,100
420,441,16.039250,7.488369,100
318,174,10.939250,-5.861632,100
319,173,10.989250,-5.911632,100
319,174,10.989250,-5.861632,100
319,175,10.989250,-5.811632,100
320,174,11.039250,-5.861632,100
337,224,11.889250,-3.361632,100
338,223,11.939250,-3.411632,100
338,224,11.939250,-3.361632,100
338,225,11.939250,-3.311632,100
249,340,7.489250,2.438369,100
250,339,7.539250,2.388369,100
250,340,7.539250,2.438369,100
250,341,7.539250,2.488369,100
251,340,7.589250,2.438369,100
230,510,6.539250,10.938369,100
230,512,6.539250,11.038369,100
231,511,6.589250,10.988369,100
109,329,0.489250,1.888369,100
110,328,0.539250,1.838369,100
110,329,0.539250,1.888369,100
110,330,0.539250,1.938369,100
111,329,0.589250,1.888369,100
159,446,2.989250,7.738369,100
160,445,3.039250,7.688369,100
160,446,3.039250,7.738369,100
160,447,3.039250,7.788369,100
161,446,3.089250,7.738369,100
235,176,6.789250,-5.761632,100
236,176,6.839250,-5.761632,100
236,177,6.839250,-5.711632,100
161,376,3.089250,4.238369,100
162,375,3.139250,4.188369,100
163,376,3.189250,4.238369,100
450,250,17.539250,-2.061632,100
451,249,17.589250,-2.111632,100
451,250,17.589250,-2.061632,100
451,251,17.589250,-2.011632,100
452,250,17.639250,-2.061632,100
152,407,2.639250,5.788369,100
154,407,2.739250,5.788369,100
426,421,16.339250,6.488369,100
426,422,16.339250,6.538369,100
426,423,16.339250,6.588369,100
427,422,16.389250,6.538369,100
320,175,11.039250,-5.811632,100
320,176,11.039250,-5.761632,100
321,175,11.089250,-5.811632,100
251,341,7.589250,2.488369,100
251,342,7.589250,2.538369,100
316,515,10.839250,11.188369,100
317,514,10.889250,11.138369,100
155,332,2.789250,2.038369,100
156,331,2.839250,1.988369,100
156,332,2.839250,2.038369,100
156,333,2.839250,2.088369,100
157,332,2.889250,2.038369,100
390,464,14.539250,8.638369,100
491,367,19.589250,3.788369,100
74,344,-1.260750,2.638369,100
75,344,-1.210750,2.638369,100
75,345,-1.210750,2.688369,100
76,344,-1.160750,2.638369,100
283,521,9.189250,11.488369,100
283,523,9.189250,11.588369,100
456,409,17.839250,5.888369,100
457,409,17.889250,5.888369,100
457,410,17.889250,5.938369,100
397,94,14.889250,-9.861632,100
398,93,14.939250,-9.911632,100
398,94,14.939250,-9.861632,100
398,95,14.939250,-9.811632,100
399,94,14.989250,-9.861632,100
200,340,5.039250,2.438369,100
201,339,5.089250,2.388369,100
201,340,5.089250,2.438369,100
201,341,5.089250,2.488369,100
339,498,11.989250,10.338369,100
234,216,6.739250,-3.761632,100
235,215,6.789250,-3.811632,100
235,216,6.789250,-3.761632,100
235,217,6.789250,-3.711632,100
236,216,6.839250,-3.761632,100
467,275,18.389250,-0.811632,100
468,274,18.439250,-0.861632,100
468,275,18.439250,-0.811632,100
468,276,18.439250,-0.761632,100
469,275,18.489250,-0.811632,100
72,337,-1.360750,2.288369,100
72,338,-1.360750,2.338369,100
73,338,-1.310750,2.338369,100
177,356,3.889250,3.238369,100
178,355,3.939250,3.188369,100
178,356,3.939250,3.238369,100
178,357,3.939250,3.288369,100
179,356,3.989250,3.238369,100
204,493,5.239250,10.088369,100
231,510,6.589250,10.938369,100
223,506,6.189250,10.738369,100
318,517,10.939250,11.288369,100
354,172,12.739250,-5.961632,100
214,503,5.739250,10.588369,100
215,502,5.789250,10.538369,100
215,503,5.789250,10.588369,100
215,504,5.789250,10.638369,100
216,503,5.839250,10.588369,100
458,410,17.939250,5.938369,100
458,411,17.939250,5.988369,100
459,410,17.989250,5.938369,100
379,82,13.989250,-10.461632,100
380,81,14.039250,-10.511632,100
380,82,14.039250,-10.461632,100
380,83,14.039250,-10.411632,100
381,82,14.089250,-10.461632,100
399,95,14.989250,-9.811632,100
415,264,15.789250,-1.361632,100
416,263,15.839250,-1.411632,100
416,264,15.839250,-1.361632,100
416,265,15.839250,-1.311632,100
417,264,15.889250,-1.361632,100
287,344,9.389250,2.638369,100
288,343,9.439250,2.588369,100
288,344,9.439250,2.638369,100
288,345,9.439250,2.688369,100
289,344,9.489250,2.638369,100
496,338,19.839250,2.338369,100
498,338,19.939250,2.338369,100
283,148,9.189250,-7.161632,100
98,328,-0.060750,1.838369,100
99,327,-0.010750,1.788369,100
99,328,-0.010750,1.838369,100
99,329,-0.010750,1.888369,100
406,444,15.339250,7.638369,100
407,443,15.389250,7.588369,100
407,444,15.389250,7.638369,100
407,445,15.389250,7.688369,100
408,444,15.439250,7.638369,100
192,484,4.639250,9.638369,100
193,483,4.689250,9.588369,100
428,203,16.439250,-4.411632,100
401,100,15.089250,-9.561632,100
402,100,15.139250,-9.561632,100
402,101,15.139250,-9.511632,100
403,100,15.189250,-9.561632,100
393,245,14.689250,-2.311632,100
394,244,14.739250,-2.361632,100
394,245,14.739250,-2.311632,100
285,154,9.289250,-6.861632,100
286,153,9.339250,-6.911632,100
286,154,9.339250,-6.861632,100
286,155,9.339250,-6.811632,100
287,154,9.389250,-6.861632,100
479,285,18.989250,-0.311632,100
480,284,19.039250,-0.361632,100
480,285,19.039250,-0.311632,100
480,286,19.039250,-0.261632,100
481,285,19.089250,-0.311632,100
309,511,10.489250,10.988369,100
310,510,10.539250,10.938369,100
310,511,10.539250,10.988369,100
310,512,10.539250,11.038369,100
311,511,10.589250,10.988369,100
444,327,17.239250,1.788369,100
445,327,17.289250,1.788369,100
445,328,17.289250,1.838369,100
446,327,17.339250,1.788369,100
392,137,14.639250,-7.711632,100
393,137,14.689250,-7.711632,100
393,138,14.689250,-7.661632,100
394,137,14.739250,-7.711632,100
429,284,16.489250,-0.361632,100
430,283,16.539250,-0.411632,100
431,284,16.589250,-0.361632,100
271,521,8.589250,11.488369,100
272,520,8.639250,11.438369,100
272,521,8.639250,11.488369,100
272,522,8.639250,11.538369,100
273,521,8.689250,11.488369,100
487,374,19.389250,4.138369,100
279,345,8.989250,2.688369,100
280,344,9.039250,2.638369,100
280,345,9.039250,2.688369,100
280,346,9.039250,2.738369,100
281,345,9.089250,2.688369,100
378,467,13.939250,8.788369,100
204,202,5.239250,-4.461632,100
205,201,5.289250,-4.511632,100
205,202,5.289250,-4.461632,100
205,203,5.289250,-4.411632,100
206,202,5.339250,-4.461632,100
100,373,0.039250,4.088369,100
101,372,0.089250,4.038369,100
101,373,0.089250,4.088369,100
101,374,0.089250,4.138369,100
102,373,0.139250,4.088369,100
261,510,8.089250,10.938369,100
261,512,8.089250,11.038369,100
302,511,10.139250,10.988369,100
302,512,10.139250,11.038369,100
303,512,10.189250,11.038369,100
489,376,19.489250,4.238369,100
490,375,19.539250,4.188369,100
111,388,0.589250,4.838369,100
112,387,0.639250,4.788369,100
112,388,0.639250,4.838369,100
425,435,16.289250,7.188369,100
426,434,16.339250,7.138369,100
426,435,16.339250,7.188369,100
426,436,16.339250,7.238369,100
342,175,12.139250,-5.811632,100
343,176,12.189250,-5.761632,100
84,325,-0.760750,1.688369,100
84,327,-0.760750,1.788369,100
389,103,14.489250,-9.411632,100
390,103,14.539250,-9.411632,100
390,104,14.539250,-9.361632,100
391,103,14.589250,-9.411632,100
360,488,13.039250,9.838369,100
360,489,13.039250,9.888369,100
361,489,13.089250,9.888369,100
245,507,7.289250,10.788369,100
246,508,7.339250,10.838369,100
169,365,3.489250,3.688369,100
170,364,3.539250,3.638369,100
170,365,3.539250,3.688369,100
170,366,3.539250,3.738369,100
171,365,3.589250,3.688369,100
136,417,1.839250,6.288369,100
137,416,1.889250,6.238369,100
138,417,1.939250,6.288369,100
263,521,8.189250,11.488369,100
264,520,8.239250,11.438369,100
264,521,8.239250,11.488369,100
264,522,8.239250,11.538369,100
265,521,8.289250,11.488369,100
223,341,6.189250,2.488369,100
224,340,6.239250,2.438369,100
442,380,17.139250,4.438369,100
443,380,17.189250,4.438369,100
443,381,17.189250,4.488369,100
444,380,17.239250,4.438369,100
208,213,5.439250,-3.911632,100
209,212,5.489250,-3.961632,100
209,214,5.489250,-3.861632,100
121,328,1.089250,1.838369,100
483,381,19.189250,4.488369,100
484,380,19.239250,4.438369,100
485,381,19.289250,4.488369,100
368,165,13.439250,-6.311632,100
369,164,13.489250,-6.361632,100
369,165,13.489250,-6.311632,100
369,166,13.489250,-6.261632,100
370,165,13.539250,-6.311632,100
166,445,3.339250,7.688369,100
167,444,3.389250,7.638369,100
167,446,3.389250,7.738369,100
266,154,8.339250,-6.861632,100
267,153,8.389250,-6.911632,100
267,154,8.389250,-6.861632,100
267,155,8.389250,-6.811632,100
268,154,8.439250,-6.861632,100
138,419,1.939250,6.388369,100
139,418,1.989250,6.338369,100
238,504,6.939250,10.638369,100
238,506,6.939250,10.738369,100
244,169,7.239250,-6.111632,100
244,171,7.239250,-6.011632,100
245,170,7.289250,-6.061632,100
216,336,5.839250,2.238369,100
152,397,2.639250,5.288369,100
153,396,2.689250,5.238369,100
153,397,2.689250,5.288369,100
153,398,2.689250,5.338369,100
154,397,2.739250,5.288369,100
164,371,3.239250,3.988369,100
165,371,3.289250,3.988369,100
165,372,3.289250,4.038369,100
245,216,7.289250,-3.761632,100
246,215,7.339250,-3.811632,100
246,216,7.339250,-3.761632,100
246,217,7.339250,-3.711632,100
158,331,2.939250,1.988369,100
158,332,2.939250,2.038369,100
158,333,2.939250,2.088369,100
159,332,2.989250,2.038369,100
399,457,14.989250,8.288369,100
399,459,14.989250,8.388369,100
400,458,15.039250,8.338369,100
464,403,18.239250,5.588369,100
465,402,18.289250,5.538369,100
465,403,18.289250,5.588369,100
465,404,18.289250,5.638369,100
466,403,18.339250,5.588369,100
347,492,12.389250,10.038369,100
348,491,12.439250,9.988369,100
348,492,12.439250,10.038369,100
348,493,12.439250,10.088369,100
349,492,12.489250,10.038369,100
370,67,13.539250,-11.211632,100
371,66,13.589250,-11.261632,100
371,67,13.589250,-11.211632,100
371,68,13.589250,-11.161632,100
372,67,13.639250,-11.211632,100
294,520,9.739250,11.438369,100
294,522,9.739250,11.538369,100
295,521,9.789250,11.488369,100
216,192,5.839250,-4.961632,100
217,193,5.889250,-4.911632,100
434,231,16.739250,-3.011632,100
435,231,16.789250,-3.011632,100
435,232,16.789250,-2.961632,100
341,223,12.089250,-3.411632,100
341,225,12.089250,-3.311632,100
342,224,12.139250,-3.361632,100
440,311,17.039250,0.988368,100
441,311,17.089250,0.988368,100
159,334,2.989250,2.138369,100
63,324,-1.810750,1.638369,100
64,324,-1.760750,1.638369,100
64,325,-1.760750,1.688369,100
238,176,6.939250,-5.761632,100
239,176,6.989250,-5.761632,100
239,177,6.989250,-5.711632,100
214,493,5.739250,10.088369,100
215,492,5.789250,10.038369,100
215,493,5.789250,10.088369,100
215,494,5.789250,10.138369,100
216,493,5.839250,10.088369,100
380,71,14.039250,-11.011632,100
380,73,14.039250,-10.911632,100
381,72,14.089250,-10.961632,100
372,68,13.639250,-11.161632,100
372,69,13.639250,-11.111632,100
373,68,13.689250,-11.161632,100
496,328,19.839250,1.838369,100
497,328,19.889250,1.838369,100
497,329,19.889250,1.888369,100
498,328,19.939250,1.838369,100
437,425,16.889250,6.688369,100
438,426,16.939250,6.738369,100
382,77,14.139250,-10.711632,100
383,77,14.189250,-10.711632,100
383,78,14.189250,-10.661632,100
384,77,14.239250,-10.711632,100
174,460,3.739250,8.438369,100
175,461,3.789250,8.488369,100
323,174,11.189250,-5.861632,100
323,175,11.189250,-5.811632,100
192,474,4.639250,9.138369,100
193,473,4.689250,9.088369,100
193,474,4.689250,9.138369,100
254,340,7.739250,2.438369,100
278,514,8.939250,11.138369,100
279,513,8.989250,11.088369,100
279,514,8.989250,11.138369,100
279,515,8.989250,11.188369,100
320,516,11.039250,11.238369,100
448,251,17.439250,-2.011632,100
449,250,17.489250,-2.061632,100
449,251,17.489250,-2.011632,100
449,252,17.489250,-1.961632,100
450,251,17.539250,-2.011632,100
178,466,3.939250,8.738369,100
440,167,17.039250,-6.211632,100
441,166,17.089250,-6.261632,100
441,167,17.089250,-6.211632,100
441,168,17.089250,-6.161632,100
442,167,17.139250,-6.211632,100
283,220,9.189250,-3.561632,100
284,219,9.239250,-3.611632,100
284,220,9.239250,-3.561632,100
284,221,9.239250,-3.511632,100
195,336,4.789250,2.238369,100
196,335,4.839250,2.188369,100
196,336,4.839250,2.238369,100
196,337,4.839250,2.288369,100
100,327,0.039250,1.788369,100
101,326,0.089250,1.738369,100
102,327,0.139250,1.788369,100
160,378,3.039250,4.338369,100
161,378,3.089250,4.338369,100
161,379,3.089250,4.388369,100
443,321,17.189250,1.488369,100
450,252,17.539250,-1.961632,100
450,253,17.539250,-1.911632,100
366,483,13.339250,9.588369,100
367,482,13.389250,9.538369,100
367,483,13.389250,9.588369,100
367,484,13.389250,9.638369,100
446,363,17.339250,3.588369,100
447,363,17.389250,3.588369,100
447,364,17.389250,3.638369,100
448,363,17.439250,3.588369,100
387,460,14.389250,8.438369,100
387,462,14.389250,8.538369,100
388,461,14.439250,8.488369,100
199,489,4.989250,9.888369,100
200,490,5.039250,9.938369,100
389,241,14.489250,-2.511632,100
389,243,14.489250,-2.411632,100
211,499,5.589250,10.388369,100
290,344,9.539250,2.638369,100
291,343,9.589250,2.588369,100
291,344,9.589250,2.638369,100
291,345,9.589250,2.688369,100
81,350,-0.910750,2.938369,100
82,349,-0.860750,2.888369,100
82,350,-0.860750,2.938369,100
82,351,-0.860750,2.988369,100
83,350,-0.810750,2.938369,100
446,366,17.339250,3.738369,100
447,367,17.389250,3.788369,100
389,466,14.489250,8.738369,100
390,466,14.539250,8.738369,100
390,467,14.539250,8.788369,100
102,329,0.139250,1.888369,100
103,328,0.189250,1.838369,100
385,87,14.289250,-10.211632,100
386,86,14.339250,-10.261632,100
386,87,14.339250,-10.211632,100
386,88,14.339250,-10.161632,100
387,87,14.389250,-10.211632,100
288,154,9.439250,-6.861632,100
289,153,9.489250,-6.911632,100
289,154,9.489250,-6.861632,100
289,155,9.489250,-6.811632,100
290,154,9.539250,-6.861632,100
281,150,9.089250,-7.061632,100
281,151,9.089250,-7.011632,100
433,429,16.689250,6.888369,100
434,430,16.739250,6.938369,100
382,237,14.139250,-2.711632,100
211,501,5.589250,10.488369,100
212,500,5.639250,10.438369,100
353,176,12.689250,-5.761632,100
354,175,12.739250,-5.811632,100
197,335,4.889250,2.188369,100
437,399,16.889250,5.388369,100
438,399,16.939250,5.388369,100
438,400,16.939250,5.438369,100
439,399,16.989250,5.388369,100
382,463,14.139250,8.588369,100
383,462,14.189250,8.538369,100
383,463,14.189250,8.588369,100
383,464,14.189250,8.638369,100
411,261,15.589250,-1.511632,100
412,260,15.639250,-1.561632,100
412,261,15.639250,-1.511632,100
412,262,15.639250,-1.461632,100
413,261,15.689250,-1.511632,100
250,164,7.539250,-6.361632,100
251,163,7.589250,-6.411632,100
251,164,7.589250,-6.361632,100
251,165,7.589250,-6.311632,100
252,164,7.639250,-6.361632,100
92,364,-0.360750,3.638369,100
93,363,-0.310750,3.588369,100
93,364,-0.310750,3.638369,100
138,331,1.939250,1.988369,100
139,330,1.989250,1.938369,100
140,331,2.039250,1.988369,100
436,174,16.839250,-5.861632,100
437,173,16.889250,-5.911632,100
437,174,16.889250,-5.861632,100
373,234,13.689250,-2.861632,100
374,233,13.739250,-2.911632,100
374,234,13.739250,-2.861632,100
374,235,13.739250,-2.811632,100
375,234,13.789250,-2.861632,100
338,505,11.939250,10.688369,100
339,504,11.989250,10.638369,100
340,505,12.039250,10.688369,100
192,342,4.639250,2.538369,100
192,343,4.639250,2.588369,100
392,104,14.639250,-9.361632,100
393,104,14.689250,-9.361632,100
393,105,14.689250,-9.311632,100
394,104,14.739250,-9.361632,100
432,140,16.639250,-7.561632,100
433,139,16.689250,-7.611632,100
433,140,16.689250,-7.561632,100
433,141,16.689250,-7.511632,100
434,140,16.739250,-7.561632,100
140,333,2.039250,2.088369,100
141,332,2.089250,2.038369,100
158,431,2.939250,6.988369,100
446,340,17.339250,2.438369,100
447,340,17.389250,2.438369,100
447,341,17.389250,2.488369,100
448,340,17.439250,2.438369,100
332,501,11.639250,10.488369,100
332,503,11.639250,10.588369,100
333,502,11.689250,10.538369,100
377,469,13.889250,8.888369,100
378,469,13.939250,8.888369,100
378,470,13.939250,8.938369,100
96,370,-0.160750,3.938369,100
97,369,-0.110750,3.888369,100
97,370,-0.110750,3.938369,100
97,371,-0.110750,3.988369,100
98,370,-0.060750,3.938369,100
366,231,13.339250,-3.011632,100
367,230,13.389250,-3.061632,100
367,231,13.389250,-3.011632,100
367,232,13.389250,-2.961632,100
486,376,19.339250,4.238369,100
246,170,7.339250,-6.061632,100
246,171,7.339250,-6.011632,100
434,141,16.739250,-7.511632,100
434,142,16.739250,-7.461632,100
435,141,16.789250,-7.511632,100
444,150,17.239250,-7.061632,100
445,149,17.289250,-7.111632,100
445,150,17.289250,-7.061632,100
445,151,17.289250,-7.011632,100
446,150,17.339250,-7.061632,100
432,215,16.639250,-3.811632,100
489,301,19.489250,0.488368,100
490,300,19.539250,0.438368,100
490,301,19.539250,0.488368,100
490,302,19.539250,0.538368,100
491,301,19.589250,0.488368,100
358,492,12.939250,10.038369,100
359,492,12.989250,10.038369,100
359,493,12.989250,10.088369,100
360,492,13.039250,10.038369,100
193,342,4.689250,2.538369,100
193,344,4.689250,2.638369,100
434,407,16.739250,5.788369,100
488,378,19.439250,4.338369,100
489,377,19.489250,4.288369,100
271,344,8.589250,2.638369,100
272,344,8.639250,2.638369,100
272,345,8.639250,2.688369,100
162,437,3.139250,7.288369,100
163,436,3.189250,7.238369,100
163,437,3.189250,7.288369,100
163,438,3.189250,7.338369,100
164,437,3.239250,7.288369,100
212,212,5.639250,-3.961632,100
124,328,1.239250,1.838369,100
124,330,1.239250,1.938369,100
125,329,1.289250,1.888369,100
335,508,11.789250,10.838369,100
336,508,11.839250,10.838369,100
336,509,11.839250,10.888369,100
337,508,11.889250,10.838369,100
492,312,19.639250,1.038368,100
356,485,12.839250,9.688369,100
356,486,12.839250,9.738369,100
343,223,12.189250,-3.411632,100
344,224,12.239250,-3.361632,100
448,159,17.439250,-6.611632,100
448,160,17.439250,-6.561632,100
155,397,2.789250,5.288369,100
157,397,2.889250,5.288369,100
396,460,14.839250,8.438369,100
397,461,14.889250,8.488369,100
398,460,14.939250,8.438369,100
441,382,17.089250,4.538369,100
442,381,17.139250,4.488369,100
442,382,17.139250,4.538369,100
442,383,17.139250,4.588369,100
443,382,17.189250,4.538369,100
482,383,19.139250,4.588369,100
483,383,19.189250,4.588369,100
483,384,19.189250,4.638369,100
394,453,14.739250,8.088369,100
395,454,14.789250,8.138369,100
494,357,19.739250,3.288369,100
496,357,19.839250,3.288369,100
440,386,17.039250,4.738369,100
442,386,17.139250,4.738369,100
157,443,2.889250,7.588369,100
159,443,2.989250,7.588369,100
177,456,3.889250,8.238369,100
177,457,3.889250,8.288369,100
178,456,3.939250,8.238369,100
183,352,4.189250,3.038369,100
184,351,4.239250,2.988369,100
184,352,4.239250,3.038369,100
184,353,4.239250,3.088369,100
185,352,4.289250,3.038369,100
280,513,9.039250,11.088369,100
281,512,9.089250,11.038369,100
282,513,9.139250,11.088369,100
484,384,19.239250,4.638369,100
484,385,19.239250,4.688369,100
485,384,19.289250,4.638369,100
162,334,3.139250,2.138369,100
374,477,13.739250,9.288369,100
375,476,13.789250,9.238369,100
375,477,13.789250,9.288369,100
112,328,0.639250,1.838369,100
113,327,0.689250,1.788369,100
113,328,0.689250,1.838369,100
113,329,0.689250,1.888369,100
114,328,0.739250,1.838369,100
391,121,14.589250,-8.511632,100
393,121,14.689250,-8.511632,100
199,479,4.989250,9.388369,100
200,480,5.039250,9.438369,100
159,445,2.989250,7.688369,100
160,444,3.039250,7.638369,100
178,457,3.939250,8.288369,100
394,126,14.739250,-8.261632,100
396,126,14.839250,-8.261632,100
209,489,5.489250,9.888369,100
210,488,5.539250,9.838369,100
210,489,5.539250,9.888369,100
210,490,5.539250,9.938369,100
211,489,5.589250,9.888369,100
62,327,-1.860750,1.788369,100
63,326,-1.810750,1.738369,100
63,327,-1.810750,1.788369,100
63,328,-1.810750,1.838369,100
64,327,-1.760750,1.788369,100
445,357,17.289250,3.288369,100
309,347,10.489250,2.788369,100
310,346,10.539250,2.738369,100
310,347,10.539250,2.788369,100
310,348,10.539250,2.838369,100
311,347,10.589250,2.788369,100
257,340,7.889250,2.438369,100
257,342,7.889250,2.538369,100
258,341,7.939250,2.488369,100
282,515,9.139250,11.188369,100
283,514,9.189250,11.138369,100
431,193,16.589250,-4.911632,100
432,194,16.639250,-4.861632,100
433,193,16.689250,-4.911632,100
445,167,17.289250,-6.211632,100
211,490,5.589250,9.938369,100
211,491,5.589250,9.988369,100
212,490,5.639250,9.938369,100
199,335,4.989250,2.188369,100
200,336,5.039250,2.238369,100
183,473,4.189250,9.088369,100
184,472,4.239250,9.038369,100
184,473,4.239250,9.088369,100
184,474,4.239250,9.138369,100
185,473,4.289250,9.088369,100
287,219,9.389250,-3.611632,100
399,97,14.989250,-9.711632,100
401,97,15.089250,-9.711632,100
480,390,19.039250,4.938369,100
370,484,13.539250,9.638369,100
371,483,13.589250,9.588369,100
228,215,6.439250,-3.811632,100
229,214,6.489250,-3.861632,100
229,215,6.489250,-3.811632,100
229,216,6.489250,-3.761632,100
230,215,6.539250,-3.811632,100
74,340,-1.260750,2.438369,100
403,250,15.189250,-2.061632,100
404,251,15.239250,-2.011632,100
294,343,9.739250,2.588369,100
294,345,9.739250,2.688369,100
295,344,9.789250,2.638369,100
313,173,10.689250,-5.911632,100
314,172,10.739250,-5.961632,100
314,173,10.739250,-5.911632,100
314,174,10.739250,-5.861632,100
315,173,10.789250,-5.911632,100
384,462,14.239250,8.538369,100
381,83,14.089250,-10.411632,100
381,84,14.089250,-10.361632,100
382,83,14.139250,-10.411632,100
439,169,16.989250,-6.111632,100
440,168,17.039250,-6.161632,100
440,169,17.039250,-6.111632,100
440,170,17.039250,-6.061632,100
441,169,17.089250,-6.111632,100
342,502,12.139250,10.538369,100
343,501,12.189250,10.488369,100
343,502,12.189250,10.538369,100
343,503,12.189250,10.588369,100
344,502,12.239250,10.538369,100
379,159,13.989250,-6.611632,100
323,223,11.189250,-3.411632,100
324,222,11.239250,-3.461632,100
324,223,11.239250,-3.411632,100
324,224,11.239250,-3.361632,100
325,223,11.289250,-3.411632,100
362,480,13.139250,9.438369,100
363,480,13.189250,9.438369,100
363,481,13.189250,9.488369,100
403,103,15.189250,-9.411632,100
404,103,15.239250,-9.411632,100
404,104,15.239250,-9.361632,100
405,103,15.289250,-9.411632,100
143,332,2.189250,2.038369,100
159,380,2.989250,4.438369,100
160,379,3.039250,4.388369,100
160,380,3.039250,4.438369,100
160,381,3.039250,4.488369,100
161,380,3.089250,4.438369,100
194,487,4.739250,9.788369,100
207,496,5.389250,10.238369,100
315,174,10.789250,-5.861632,100
315,175,10.789250,-5.811632,100
316,174,10.839250,-5.861632,100
306,170,10.339250,-6.061632,100
307,169,10.389250,-6.111632,100
307,170,10.389250,-6.061632,100
307,171,10.389250,-6.011632,100
308,170,10.439250,-6.061632,100
77,347,-1.110750,2.788369,100
78,346,-1.060750,2.738369,100
78,347,-1.060750,2.788369,100
78,348,-1.060750,2.838369,100
79,347,-1.010750,2.788369,100
382,84,14.139250,-10.361632,100
382,85,14.139250,-10.311632,100
383,84,14.189250,-10.361632,100
253,164,7.689250,-6.361632,100
254,163,7.739250,-6.411632,100
254,164,7.739250,-6.361632,100
254,165,7.739250,-6.311632,100
255,164,7.789250,-6.361632,100
444,369,17.239250,3.888369,100
195,339,4.789250,2.388369,100
196,338,4.839250,2.338369,100
196,339,4.839250,2.388369,100
196,340,4.839250,2.438369,100
197,339,4.889250,2.388369,100
261,513,8.089250,11.088369,100
262,513,8.139250,11.088369,100
262,514,8.139250,11.138369,100
285,151,9.289250,-7.011632,100
286,151,9.339250,-7.011632,100
231,179,6.589250,-5.611632,100
231,180,6.589250,-5.561632,100
470,278,18.539250,-0.661632,100
471,277,18.589250,-0.711632,100
471,278,18.589250,-0.661632,100
471,279,18.589250,-0.611632,100
472,278,18.639250,-0.661632,100
384,89,14.239250,-10.111632,100
385,88,14.289250,-10.161632,100
385,89,14.289250,-10.111632,100
385,90,14.289250,-10.061632,100
386,89,14.339250,-10.111632,100
425,127,16.289250,-8.211632,100
426,126,16.339250,-8.261632,100
426,127,16.339250,-8.211632,100
426,128,16.339250,-8.161632,100
427,127,16.389250,-8.211632,100
304,511,10.239250,10.988369,100
305,510,10.289250,10.938369,100
305,511,10.289250,10.988369,100
305,512,10.289250,11.038369,100
401,447,15.089250,7.788369,100
266,219,8.339250,-3.611632,100
267,220,8.389250,-3.561632,100
415,117,15.789250,-8.711632,100
446,371,17.339250,3.988369,100
447,370,17.389250,3.938369,100
359,486,12.989250,9.738369,100
238,342,6.939250,2.538369,100
403,453,15.189250,8.088369,100
404,452,15.239250,8.038369,100
405,453,15.289250,8.088369,100
254,510,7.739250,10.938369,100
255,509,7.789250,10.888369,100
255,510,7.789250,10.938369,100
255,511,7.789250,10.988369,100
256,510,7.839250,10.938369,100
435,176,16.789250,-5.761632,100
436,175,16.839250,-5.811632,100
436,176,16.839250,-5.761632,100
436,177,16.839250,-5.711632,100
437,176,16.889250,-5.761632,100
436,141,16.839250,-7.511632,100
481,292,19.089250,0.038368,100
482,293,19.139250,0.088368,100
483,292,19.189250,0.038368,100
296,512,9.839250,11.038369,100
297,511,9.889250,10.988369,100
297,512,9.889250,11.038369,100
297,513,9.889250,11.088369,100
470,399,18.539250,5.388369,100
471,399,18.589250,5.388369,100
471,400,18.589250,5.438369,100
275,345,8.789250,2.688369,100
434,296,16.739250,0.238368,100
435,297,16.789250,0.288368,100
257,520,7.889250,11.438369,100
258,519,7.939250,11.388369,100
258,520,7.939250,11.438369,100
258,521,7.939250,11.488369,100
199,204,4.989250,-4.361632,100
199,205,4.989250,-4.311632,100
200,205,5.039250,-4.311632,100
210,215,5.539250,-3.811632,100
221,188,6.089250,-5.161632,100
391,111,14.589250,-9.011632,100
393,111,14.689250,-9.011632,100
181,336,4.089250,2.238369,100
182,336,4.139250,2.238369,100
436,297,16.839250,0.288368,100
436,298,16.839250,0.338368,100
140,419,2.039250,6.388369,100
486,379,19.339250,4.388369,100
487,379,19.389250,4.388369,100
487,380,19.389250,4.438369,100
488,379,19.439250,4.388369,100
394,116,14.739250,-8.761632,100
395,116,14.789250,-8.761632,100
395,117,14.789250,-8.711632,100
200,207,5.039250,-4.211632,100
347,224,12.389250,-3.361632,100
445,347,17.289250,2.788369,100
446,348,17.339250,2.838369,100
122,331,1.139250,1.988369,100
123,331,1.189250,1.988369,100
123,332,1.189250,2.038369,100
124,331,1.239250,1.988369,100
433,412,16.689250,6.038369,100
265,151,8.289250,-7.011632,100
266,150,8.339250,-7.061632,100
266,152,8.339250,-6.961632,100
431,218,16.589250,-3.661632,100
431,219,16.589250,-3.611632,100
432,218,16.639250,-3.661632,100
292,513,9.639250,11.088369,100
293,512,9.689250,11.038369,100
293,513,9.689250,11.088369,100
293,514,9.689250,11.138369,100
294,513,9.739250,11.088369,100
240,506,7.039250,10.738369,100
240,508,7.039250,10.838369,100
241,507,7.089250,10.788369,100
441,313,17.089250,1.088368,100
443,313,17.189250,1.088368,100
396,117,14.839250,-8.711632,100
396,118,14.839250,-8.661632,100
397,117,14.889250,-8.711632,100
313,349,10.689250,2.888369,100
332,177,11.639250,-5.711632,100
333,176,11.689250,-5.761632,100
333,177,11.689250,-5.711632,100
333,178,11.689250,-5.661632,100
334,177,11.739250,-5.711632,100
433,229,16.689250,-3.111632,100
434,230,16.739250,-3.061632,100
165,368,3.289250,3.838369,100
444,422,17.239250,6.538369,100
444,423,17.239250,6.588369,100
445,422,17.289250,6.538369,100
238,173,6.939250,-5.911632,100
156,405,2.839250,5.688369,100
443,315,17.189250,1.188368,100
444,314,17.239250,1.138368,100
326,511,11.339250,10.988369,100
327,511,11.389250,10.988369,100
327,512,11.389250,11.038369,100
233,503,6.689250,10.588369,100
318,507,10.939250,10.788369,100
319,506,10.989250,10.738369,100
319,507,10.989250,10.788369,100
319,508,10.989250,10.838369,100
320,507,11.039250,10.788369,100
195,213,4.789250,-3.911632,100
225,499,6.289250,10.388369,100
225,501,6.289250,10.488369,100
439,388,16.989250,4.838369,100
493,359,19.689250,3.388369,100
285,515,9.289250,11.188369,100
286,514,9.339250,11.138369,100
382,73,14.139250,-10.911632,100
358,171,12.939250,-6.011632,100
359,170,12.989250,-6.061632,100
359,171,12.989250,-6.011632,100
359,172,12.989250,-5.961632,100
360,171,13.039250,-6.011632,100
176,463,3.839250,8.588369,100
177,464,3.889250,8.638369,100
194,477,4.739250,9.288369,100
234,513,6.739250,11.088369,100
235,512,6.789250,11.038369,100
235,513,6.789250,11.088369,100
235,514,6.789250,11.138369,100
236,513,6.839250,11.088369,100
161,334,3.089250,2.138369,100
161,336,3.089250,2.238369,100
162,335,3.139250,2.188369,100
428,415,16.439250,6.188369,100
429,414,16.489250,6.138369,100
429,416,16.489250,6.238369,100
290,219,9.539250,-3.611632,100
206,486,5.339250,9.738369,100
207,486,5.389250,9.738369,100
320,508,11.039250,10.838369,100
320,509,11.039250,10.888369,100
321,508,11.089250,10.838369,100
58,324,-2.060750,1.638369,100
59,323,-2.010750,1.588369,100
59,324,-2.010750,1.638369,100
59,325,-2.010750,1.688369,100
60,324,-1.960750,1.638369,100
441,390,17.089250,4.938369,100
442,389,17.139250,4.888369,100
178,469,3.939250,8.888369,100
179,470,3.989250,8.938369,100
180,469,4.039250,8.888369,100
495,325,19.789250,1.688369,100
496,325,19.839250,1.688369,100
391,88,14.589250,-10.161632,100
392,89,14.639250,-10.111632,100
393,88,14.689250,-10.161632,100
373,70,13.689250,-11.061632,100
374,69,13.739250,-11.111632,100
374,70,13.739250,-11.061632,100
374,71,13.739250,-11.011632,100
375,70,13.789250,-11.061632,100
231,215,6.589250,-3.811632,100
232,214,6.639250,-3.861632,100
232,216,6.639250,-3.761632,100
384,79,14.239250,-10.611632,100
385,78,14.289250,-10.661632,100
385,79,14.289250,-10.611632,100
385,80,14.289250,-10.561632,100
386,79,14.339250,-10.611632,100
318,176,10.939250,-5.761632,100
391,124,14.589250,-8.361632,100
392,124,14.639250,-8.361632,100
392,125,14.639250,-8.311632,100
393,124,14.689250,-8.361632,100
174,355,3.739250,3.188369,100
175,355,3.789250,3.188369,100
175,356,3.789250,3.238369,100
228,509,6.439250,10.888369,100
154,331,2.739250,1.988369,100
154,333,2.739250,2.088369,100
180,470,4.039250,8.938369,100
180,471,4.039250,8.988369,100
181,470,4.089250,8.938369,100
219,506,5.989250,10.738369,100
220,505,6.039250,10.688369,100
220,506,6.039250,10.738369,100
220,507,6.039250,10.788369,100
221,506,6.089250,10.738369,100
382,155,14.139250,-6.811632,100
383,154,14.189250,-6.861632,100
383,155,14.189250,-6.811632,100
383,156,14.189250,-6.761632,100
384,155,14.239250,-6.811632,100
431,195,16.589250,-4.811632,100
432,195,16.639250,-4.811632,100
394,129,14.739250,-8.111632,100
395,129,14.789250,-8.111632,100
395,130,14.789250,-8.061632,100
396,129,14.839250,-8.111632,100
205,342,5.289250,2.538369,100
206,342,5.339250,2.538369,100
206,343,5.339250,2.588369,100
207,342,5.389250,2.538369,100
345,502,12.289250,10.538369,100
346,502,12.339250,10.538369,100
346,503,12.339250,10.588369,100
327,222,11.389250,-3.461632,100
328,223,11.439250,-3.411632,100
387,90,14.389250,-10.061632,100
388,91,14.439250,-10.011632,100
389,90,14.489250,-10.061632,100
411,447,15.589250,7.788369,100
412,447,15.639250,7.788369,100
412,448,15.639250,7.838369,100
280,147,9.039250,-7.211632,100
477,392,18.889250,5.038369,100
478,392,18.939250,5.038369,100
478,393,18.939250,5.088369,100
399,247,14.989250,-2.211632,100
290,157,9.539250,-6.711632,100
291,156,9.589250,-6.761632,100
291,157,9.589250,-6.711632,100
291,158,9.589250,-6.661632,100
292,157,9.639250,-6.711632,100
221,508,6.089250,10.838369,100
228,182,6.439250,-5.461632,100
153,417,2.689250,6.288369,100
155,417,2.789250,6.288369,100
418,117,15.939250,-8.711632,100
418,118,15.939250,-8.661632,100
419,118,15.989250,-8.661632,100
292,346,9.639250,2.738369,100
293,346,9.689250,2.738369,100
293,347,9.689250,2.788369,100
294,346,9.739250,2.738369,100
463,268,18.189250,-1.161632,100
328,225,11.439250,-3.311632,100
329,224,11.489250,-3.361632,100
240,339,7.039250,2.388369,100
241,340,7.089250,2.438369,100
264,513,8.239250,11.088369,100
265,514,8.289250,11.138369,100
190,335,4.539250,2.188369,100
191,334,4.589250,2.138369,100
191,335,4.589250,2.188369,100
191,336,4.589250,2.238369,100
192,335,4.639250,2.188369,100
473,278,18.689250,-0.661632,100
474,277,18.739250,-0.711632,100
474,278,18.739250,-0.661632,100
404,444,15.239250,7.638369,100
405,443,15.289250,7.588369,100
405,444,15.289250,7.638369,100
405,445,15.289250,7.688369,100
292,158,9.639250,-6.661632,100
292,159,9.639250,-6.611632,100
293,158,9.689250,-6.661632,100
202,493,5.139250,10.088369,100
94,367,-0.260750,3.788369,100
96,367,-0.160750,3.788369,100
308,510,10.439250,10.938369,100
308,512,10.439250,11.038369,100
436,396,16.839250,5.238369,100
437,395,16.889250,5.188369,100
437,396,16.889250,5.238369,100
270,220,8.539250,-3.561632,100
294,163,9.739250,-6.411632,100
295,163,9.789250,-6.411632,100
295,164,9.789250,-6.361632,100
296,163,9.839250,-6.411632,100
389,135,14.489250,-7.811632,100
391,135,14.589250,-7.811632,100
429,208,16.489250,-4.161632,100
430,209,16.539250,-4.111632,100
431,208,16.589250,-4.161632,100
206,199,5.339250,-4.611632,100
207,198,5.389250,-4.661632,100
207,199,5.389250,-4.611632,100
489,298,19.489250,0.338368,100
96,369,-0.160750,3.888369,100
97,368,-0.110750,3.838369,100
451,416,17.589250,6.238369,100
451,417,17.589250,6.288369,100
452,416,17.639250,6.238369,100
133,331,1.689250,1.988369,100
134,330,1.739250,1.938369,100
134,331,1.739250,1.988369,100
134,332,1.739250,2.038369,100
135,331,1.789250,1.988369,100
119,396,0.989250,5.238369,100
120,395,1.039250,5.188369,100
121,396,1.089250,5.238369,100
258,511,7.939250,10.988369,100
259,510,7.989250,10.938369,100
259,512,7.989250,11.038369,100
399,450,14.989250,7.938369,100
400,451,15.039250,7.988369,100
489,299,19.489250,0.388368,100
489,300,19.489250,0.438368,100
490,299,19.539250,0.388368,100
419,428,15.989250,6.838369,100
420,427,16.039250,6.788369,100
435,142,16.789250,-7.461632,100
435,143,16.789250,-7.411632,100
436,142,16.839250,-7.461632,100
444,372,17.239250,4.038369,100
445,372,17.289250,4.038369,100
445,373,17.289250,4.088369,100
446,372,17.339250,4.038369,100
445,337,17.289250,2.288369,100
446,337,17.339250,2.288369,100
278,345,8.939250,2.688369,100
279,344,8.989250,2.638369,100
228,339,6.439250,2.388369,100
229,338,6.489250,2.338369,100
229,339,6.489250,2.388369,100
229,340,6.489250,2.438369,100
230,339,6.539250,2.388369,100
295,512,9.789250,11.038369,100
295,513,9.789250,11.088369,100
295,514,9.789250,11.138369,100
296,513,9.839250,11.088369,100
161,432,3.089250,7.038369,100
162,433,3.139250,7.088369,100
261,519,8.089250,11.388369,100
261,521,8.089250,11.488369,100
262,520,8.139250,11.438369,100
202,205,5.139250,-4.311632,100
203,205,5.189250,-4.311632,100
434,178,16.739250,-5.661632,100
435,177,16.789250,-5.711632,100
435,178,16.789250,-5.661632,100
435,179,16.789250,-5.611632,100
436,178,16.839250,-5.661632,100
436,143,16.839250,-7.411632,100
436,144,16.839250,-7.361632,100
437,143,16.889250,-7.411632,100
446,418,17.339250,6.338369,100
447,417,17.389250,6.288369,100
447,418,17.389250,6.338369,100
447,419,17.389250,6.388369,100
448,418,17.439250,6.338369,100
268,149,8.439250,-7.111632,100
268,150,8.439250,-7.061632,100
269,150,8.489250,-7.061632,100
380,472,14.039250,9.038369,100
381,471,14.089250,8.988369,100
381,472,14.089250,9.038369,100
381,473,14.089250,9.088369,100
382,472,14.139250,9.038369,100
221,341,6.089250,2.488369,100
168,369,3.439250,3.888369,100
125,331,1.289250,1.988369,100
126,332,1.339250,2.038369,100
127,331,1.389250,1.988369,100
386,143,14.339250,-7.411632,100
387,142,14.389250,-7.461632,100
387,143,14.389250,-7.411632,100
387,144,14.389250,-7.361632,100
388,143,14.439250,-7.411632,100
344,226,12.239250,-3.261632,100
345,227,12.289250,-3.211632,100
176,453,3.839250,8.088369,100
177,454,3.889250,8.138369,100
134,416,1.739250,6.238369,100
135,417,1.789250,6.288369,100
136,416,1.839250,6.238369,100
316,349,10.839250,2.888369,100
317,348,10.889250,2.838369,100
335,177,11.789250,-5.711632,100
336,176,11.839250,-5.761632,100
336,177,11.839250,-5.711632,100
336,178,11.839250,-5.661632,100
337,177,11.889250,-5.711632,100
266,343,8.339250,2.588369,100
267,342,8.389250,2.538369,100
267,343,8.389250,2.588369,100
267,344,8.389250,2.638369,100
268,343,8.439250,2.588369,100
178,459,3.939250,8.388369,100
179,460,3.989250,8.438369,100
180,459,4.039250,8.388369,100
171,334,3.589250,2.138369,100
172,333,3.639250,2.088369,100
172,334,3.639250,2.138369,100
172,335,3.639250,2.188369,100
173,334,3.689250,2.138369,100
353,495,12.689250,10.188369,100
374,473,13.739250,9.088369,100
183,348,4.189250,2.838369,100
183,350,4.189250,2.938369,100
184,349,4.239250,2.888369,100
372,64,13.639250,-11.361632,100
373,65,13.689250,-11.311632,100
374,64,13.739250,-11.361632,100
60,323,-1.960750,1.588369,100
61,322,-1.910750,1.538369,100
61,323,-1.910750,1.588369,100
61,324,-1.910750,1.638369,100
62,323,-1.860750,1.588369,100
200,483,5.039250,9.588369,100
201,484,5.089250,9.638369,100
202,483,5.139250,9.588369,100
161,445,3.089250,7.688369,100
180,460,4.039250,8.438369,100
180,461,4.039250,8.488369,100
181,460,4.089250,8.438369,100
219,496,5.989250,10.238369,100
220,495,6.039250,10.188369,100
220,496,6.039250,10.238369,100
220,497,6.039250,10.288369,100
221,496,6.089250,10.238369,100
263,157,8.189250,-6.711632,100
264,156,8.239250,-6.761632,100
264,157,8.239250,-6.711632,100
264,158,8.239250,-6.661632,100
265,157,8.289250,-6.711632,100
354,496,12.739250,10.238369,100
354,497,12.739250,10.288369,100
355,496,12.789250,10.238369,100
361,171,13.089250,-6.011632,100
362,171,13.139250,-6.011632,100
362,172,13.139250,-5.961632,100
363,171,13.189250,-6.011632,100
420,440,16.039250,7.438369,100
420,442,16.039250,7.538369,100
421,441,16.089250,7.488369,100
292,520,9.639250,11.438369,100
292,522,9.639250,11.538369,100
368,475,13.439250,9.188369,100
369,474,13.489250,9.138369,100
369,475,13.489250,9.188369,100
369,476,13.489250,9.238369,100
370,475,13.539250,9.188369,100
62,324,-1.860750,1.638369,100
62,325,-1.860750,1.688369,100
161,447,3.089250,7.788369,100
162,446,3.139250,7.738369,100
221,498,6.089250,10.338369,100
441,316,17.089250,1.238368,100
442,316,17.139250,1.238368,100
442,317,17.139250,1.288368,100
443,316,17.189250,1.238368,100
212,493,5.639250,10.088369,100
213,492,5.689250,10.038369,100
213,493,5.689250,10.088369,100
213,494,5.689250,10.138369,100
259,159,7.989250,-6.611632,100
260,158,8.039250,-6.661632,100
260,159,8.039250,-6.611632,100
260,160,8.039250,-6.561632,100
261,159,8.089250,-6.611632,100
454,255,17.739250,-1.811632,100
455,254,17.789250,-1.861632,100
455,255,17.789250,-1.811632,100
455,256,17.789250,-1.761632,100
456,255,17.839250,-1.811632,100
321,174,11.089250,-5.861632,100
318,514,10.939250,11.138369,100
157,331,2.889250,1.988369,100
157,333,2.889250,2.088369,100
393,464,14.689250,8.638369,100
404,254,15.239250,-1.861632,100
405,255,15.289250,-1.811632,100
406,254,15.339250,-1.861632,100
379,81,13.989250,-10.511632,100
380,80,14.039250,-10.561632,100
381,81,14.089250,-10.511632,100
155,408,2.789250,5.838369,100
155,409,2.789250,5.888369,100
156,408,2.839250,5.838369,100
444,245,17.239250,-2.311632,100
342,498,12.139250,10.338369,100
382,86,14.139250,-10.261632,100
383,85,14.189250,-10.311632,100
383,86,14.189250,-10.261632,100
383,87,14.189250,-10.211632,100
384,86,14.239250,-10.261632,100
98,327,-0.060750,1.788369,100
99,326,-0.010750,1.738369,100
406,443,15.339250,7.588369,100
158,378,2.939250,4.338369,100
159,379,2.989250,4.388369,100
401,99,15.089250,-9.611632,100
403,99,15.189250,-9.611632,100
276,513,8.839250,11.088369,100
277,512,8.889250,11.038369,100
277,513,8.889250,11.088369,100
277,514,8.889250,11.138369,100
278,513,8.939250,11.088369,100
393,244,14.689250,-2.361632,100
394,243,14.739250,-2.411632,100
395,244,14.789250,-2.361632,100
364,481,13.239250,9.488369,100
364,482,13.239250,9.538369,100
309,510,10.489250,10.938369,100
310,509,10.539250,10.888369,100
311,510,10.589250,10.938369,100
76,343,-1.160750,2.588369,100
77,343,-1.110750,2.588369,100
444,326,17.239250,1.738369,100
446,326,17.339250,1.738369,100
216,502,5.839250,10.538369,100
412,114,15.639250,-8.861632,100
413,113,15.689250,-8.911632,100
413,114,15.689250,-8.861632,100
413,115,15.689250,-8.811632,100
414,114,15.739250,-8.861632,100
387,466,14.389250,8.738369,100
388,465,14.439250,8.688369,100
388,466,14.439250,8.738369,100
388,467,14.439250,8.788369,100
193,335,4.689250,2.188369,100
194,334,4.739250,2.138369,100
194,335,4.739250,2.188369,100
194,336,4.739250,2.238369,100
195,335,4.789250,2.188369,100
349,174,12.489250,-5.861632,100
350,173,12.539250,-5.911632,100
350,175,12.539250,-5.811632,100
100,329,0.039250,1.888369,100
384,87,14.239250,-10.211632,100
384,88,14.239250,-10.161632,100
77,344,-1.110750,2.638369,100
77,345,-1.110750,2.688369,100
78,344,-1.060750,2.638369,100
446,328,17.339250,1.838369,100
447,327,17.389250,1.788369,100
386,241,14.339250,-2.511632,100
272,219,8.639250,-3.611632,100
273,218,8.689250,-3.661632,100
273,219,8.689250,-3.611632,100
273,220,8.689250,-3.561632,100
274,219,8.739250,-3.611632,100
370,233,13.539250,-2.911632,100
371,234,13.589250,-2.861632,100
223,214,6.189250,-3.861632,100
224,213,6.239250,-3.911632,100
224,214,6.239250,-3.861632,100
224,215,6.239250,-3.811632,100
225,214,6.289250,-3.861632,100
313,516,10.689250,11.238369,100
314,515,10.739250,11.188369,100
314,516,10.739250,11.238369,100
314,517,10.739250,11.288369,100
315,516,10.789250,11.238369,100
204,201,5.239250,-4.511632,100
205,200,5.289250,-4.561632,100
206,201,5.339250,-4.511632,100
498,337,19.939250,2.288369,100
499,337,19.989250,2.288369,100
416,120,15.839250,-8.561632,100
417,121,15.889250,-8.511632,100
418,120,15.939250,-8.561632,100
197,341,4.889250,2.488369,100
198,340,4.939250,2.438369,100
198,341,4.939250,2.488369,100
198,342,4.939250,2.538369,100
199,341,4.989250,2.488369,100
381,467,14.089250,8.788369,100
318,222,10.939250,-3.461632,100
319,221,10.989250,-3.511632,100
319,222,10.989250,-3.461632,100
319,223,10.989250,-3.411632,100
320,222,11.039250,-3.461632,100
472,280,18.639250,-0.561632,100
473,279,18.689250,-0.611632,100
473,280,18.689250,-0.561632,100
473,281,18.689250,-0.511632,100
474,280,18.739250,-0.561632,100
196,345,4.839250,2.688369,100
197,344,4.889250,2.638369,100
197,345,4.889250,2.688369,100
197,346,4.889250,2.738369,100
198,345,4.939250,2.688369,100
337,504,11.889250,10.638369,100
337,505,11.889250,10.688369,100
383,473,14.189250,9.088369,100
153,420,2.689250,6.438369,100
154,420,2.739250,6.438369,100
154,421,2.739250,6.488369,100
155,420,2.789250,6.438369,100
448,417,17.439250,6.288369,100
449,418,17.489250,6.338369,100
450,417,17.539250,6.288369,100
389,102,14.489250,-9.461632,100
391,102,14.589250,-9.461632,100
206,200,5.339250,-4.561632,100
207,201,5.389250,-4.511632,100
231,339,6.589250,2.388369,100
232,338,6.639250,2.338369,100
232,339,6.639250,2.388369,100
232,340,6.639250,2.438369,100
233,339,6.689250,2.388369,100
137,332,1.889250,2.038369,100
138,333,1.939250,2.088369,100
169,364,3.489250,3.638369,100
115,393,0.789250,5.088369,100
116,394,0.839250,5.138369,100
117,393,0.889250,5.088369,100
363,229,13.189250,-3.111632,100
364,228,13.239250,-3.161632,100
364,229,13.239250,-3.111632,100
364,230,13.239250,-3.061632,100
365,229,13.289250,-3.111632,100
375,469,13.789250,8.888369,100
376,468,13.839250,8.838369,100
376,469,13.839250,8.888369,100
376,470,13.839250,8.938369,100
261,218,8.089250,-3.661632,100
262,217,8.139250,-3.711632,100
262,218,8.139250,-3.661632,100
262,219,8.139250,-3.611632,100
263,218,8.189250,-3.661632,100
442,379,17.139250,4.388369,100
444,379,17.239250,4.388369,100
249,509,7.489250,10.888369,100
250,508,7.539250,10.838369,100
250,509,7.539250,10.888369,100
250,510,7.539250,10.938369,100
251,509,7.589250,10.888369,100
418,430,15.939250,6.938369,100
419,430,15.989250,6.938369,100
419,431,15.989250,6.988369,100
117,395,0.889250,5.188369,100
437,300,16.889250,0.438368,100
438,301,16.939250,0.488368,100
439,300,16.989250,0.438368,100
268,342,8.439250,2.538369,100
269,341,8.489250,2.488369,100
269,342,8.489250,2.538369,100
269,343,8.489250,2.588369,100
270,342,8.539250,2.538369,100
159,435,2.989250,7.188369,100
160,436,3.039250,7.238369,100
79,326,-1.010750,1.738369,100
80,325,-0.960750,1.688369,100
80,326,-0.960750,1.738369,100
80,327,-0.960750,1.788369,100
81,326,-0.910750,1.738369,100
170,450,3.539250,7.938369,100
302,520,10.139250,11.438369,100
303,519,10.189250,11.388369,100
303,520,10.189250,11.438369,100
303,521,10.189250,11.488369,100
304,520,10.239250,11.438369,100
399,456,14.989250,8.238369,100
400,457,15.039250,8.288369,100
339,178,11.989250,-5.661632,100
340,177,12.039250,-5.711632,100
433,186,16.689250,-5.261632,100
434,187,16.739250,-5.211632,100
435,186,16.789250,-5.261632,100
141,423,2.089250,6.588369,100
142,422,2.139250,6.538369,100
142,423,2.139250,6.588369,100
142,424,2.139250,6.638369,100
143,423,2.189250,6.588369,100
161,436,3.089250,7.238369,100
161,437,3.089250,7.288369,100
162,436,3.139250,7.238369,100
445,379,17.289250,4.388369,100
252,519,7.639250,11.388369,100
253,518,7.689250,11.338369,100
253,519,7.689250,11.388369,100
253,520,7.689250,11.438369,100
254,519,7.739250,11.388369,100
268,152,8.439250,-6.961632,100
268,153,8.439250,-6.911632,100
269,153,8.489250,-6.911632,100
447,349,17.389250,2.888369,100
448,350,17.439250,2.938369,100
449,349,17.489250,2.888369,100
493,316,19.689250,1.238368,100
494,317,19.739250,1.288368,100
440,310,17.039250,0.938368,100
442,310,17.139250,0.938368,100
247,215,7.389250,-3.811632,100
247,217,7.389250,-3.711632,100
385,145,14.289250,-7.311632,100
386,144,14.339250,-7.361632,100
386,145,14.339250,-7.311632,100
386,146,14.339250,-7.261632,100
387,145,14.389250,-7.311632,100
380,70,14.039250,-11.061632,100
381,71,14.089250,-11.011632,100
349,491,12.489250,9.988369,100
415,438,15.789250,7.338369,100
416,437,15.839250,7.288369,100
306,346,10.339250,2.738369,100
307,345,10.389250,2.688369,100
307,346,10.389250,2.738369,100
307,347,10.389250,2.788369,100
308,346,10.439250,2.738369,100
382,76,14.139250,-10.761632,100
384,76,14.239250,-10.761632,100
342,223,12.139250,-3.411632,100
279,512,8.989250,11.038369,100
117,330,0.889250,1.938369,100
118,329,0.939250,1.888369,100
118,330,0.939250,1.938369,100
118,331,0.939250,1.988369,100
65,325,-1.710750,1.688369,100
207,489,5.389250,9.888369,100
208,490,5.439250,9.938369,100
461,405,18.089250,5.688369,100
462,404,18.139250,5.638369,100
462,405,18.139250,5.688369,100
462,406,18.139250,5.738369,100
463,405,18.189250,5.688369,100
384,78,14.239250,-10.661632,100
385,77,14.289250,-10.711632,100
280,515,9.039250,11.188369,100
375,73,13.789250,-10.911632,100
376,72,13.839250,-10.961632,100
376,73,13.839250,-10.911632,100
376,74,13.839250,-10.861632,100
377,73,13.889250,-10.911632,100
344,494,12.239250,10.138369,100
345,493,12.289250,10.088369,100
345,494,12.289250,10.138369,100
345,495,12.289250,10.188369,100
346,494,12.339250,10.138369,100
446,362,17.339250,3.538369,100
448,362,17.439250,3.538369,100
212,195,5.639250,-4.811632,100
213,194,5.689250,-4.861632,100
213,195,5.689250,-4.811632,100
213,196,5.689250,-4.761632,100
214,195,5.739250,-4.811632,100
178,465,3.939250,8.688369,100
179,466,3.989250,8.738369,100
439,237,16.989250,-2.711632,100
440,236,17.039250,-2.761632,100
440,237,17.039250,-2.711632,100
440,238,17.039250,-2.661632,100
441,237,17.089250,-2.711632,100
319,176,10.989250,-5.761632,100
319,177,10.989250,-5.711632,100
249,342,7.489250,2.538369,100
250,342,7.539250,2.538369,100
250,343,7.539250,2.588369,100
393,90,14.689250,-10.061632,100
394,91,14.739250,-10.011632,100
395,90,14.789250,-10.061632,100
102,326,0.139250,1.738369,100
103,327,0.189250,1.788369,100
235,178,6.789250,-5.661632,100
236,178,6.839250,-5.661632,100
236,179,6.839250,-5.611632,100
237,178,6.889250,-5.661632,100
152,409,2.639250,5.888369,100
153,410,2.689250,5.938369,100
154,409,2.739250,5.888369,100
368,482,13.439250,9.538369,100
368,484,13.439250,9.638369,100
453,257,17.689250,-1.711632,100
454,256,17.739250,-1.761632,100
454,257,17.739250,-1.711632,100
454,258,17.739250,-1.661632,100
455,257,17.789250,-1.711632,100
400,251,15.039250,-2.011632,100
176,357,3.839250,3.288369,100
177,357,3.889250,3.288369,100
177,358,3.889250,3.338369,100
292,343,9.639250,2.588369,100
292,345,9.639250,2.688369,100
311,173,10.589250,-5.911632,100
312,174,10.639250,-5.861632,100
411,260,15.589250,-1.561632,100
412,259,15.639250,-1.611632,100
413,260,15.689250,-1.561632,100
437,398,16.889250,5.338369,100
439,398,16.989250,5.338369,100
103,329,0.189250,1.888369,100
456,411,17.839250,5.988369,100
457,411,17.889250,5.988369,100
457,412,17.889250,6.038369,100
321,223,11.089250,-3.411632,100
322,224,11.139250,-3.361632,100
282,151,9.139250,-7.011632,100
382,236,14.139250,-2.761632,100
383,237,14.189250,-2.711632,100
157,380,2.889250,4.438369,100
158,379,2.939250,4.388369,100
158,380,2.939250,4.438369,100
158,381,2.939250,4.488369,100
72,340,-1.360750,2.438369,100
212,499,5.639250,10.388369,100
293,159,9.689250,-6.611632,100
293,160,9.689250,-6.561632,100
294,159,9.739250,-6.611632,100
354,176,12.739250,-5.761632,100
304,170,10.239250,-6.061632,100
305,169,10.289250,-6.111632,100
305,170,10.289250,-6.061632,100
305,171,10.289250,-6.011632,100
155,419,2.789250,6.388369,100
156,420,2.839250,6.438369,100
157,419,2.889250,6.388369,100
419,120,15.989250,-8.561632,100
420,119,16.039250,-8.611632,100
420,120,16.039250,-8.561632,100
465,271,18.289250,-1.011632,100
496,340,19.839250,2.438369,100
497,341,19.889250,2.488369,100
498,340,19.939250,2.438369,100
283,151,9.189250,-7.011632,100
227,215,6.389250,-3.811632,100
228,214,6.439250,-3.861632,100
228,216,6.439250,-3.761632,100
140,330,2.039250,1.938369,100
428,205,16.439250,-4.311632,100
375,233,13.789250,-2.911632,100
294,160,9.739250,-6.561632,100
446,339,17.339250,2.388369,100
448,339,17.439250,2.388369,100
366,230,13.339250,-3.061632,100
367,229,13.389250,-3.111632,100
368,230,13.439250,-3.061632,100
98,369,-0.060750,3.888369,100
157,420,2.889250,6.438369,100
157,421,2.889250,6.488369,100
158,420,2.939250,6.438369,100
252,163,7.639250,-6.411632,100
234,339,6.739250,2.388369,100
235,338,6.789250,2.338369,100
235,339,6.789250,2.388369,100
235,340,6.789250,2.438369,100
260,513,8.039250,11.088369,100
368,232,13.439250,-2.961632,100
184,338,4.239250,2.338369,100
185,337,4.289250,2.288369,100
185,338,4.289250,2.338369,100
185,339,4.289250,2.388369,100
186,338,4.339250,2.338369,100
427,280,16.389250,-0.561632,100
264,218,8.239250,-3.661632,100
265,217,8.289250,-3.711632,100
265,218,8.289250,-3.661632,100
265,219,8.289250,-3.611632,100
100,375,0.039250,4.188369,100
101,375,0.089250,4.188369,100
101,376,0.089250,4.238369,100
102,375,0.139250,4.188369,100
437,146,16.889250,-7.261632,100
438,145,16.939250,-7.311632,100
438,146,16.939250,-7.261632,100
438,147,16.939250,-7.211632,100
439,146,16.989250,-7.261632,100
270,152,8.539250,-6.961632,100
270,153,8.539250,-6.911632,100
270,154,8.539250,-6.861632,100
271,153,8.589250,-6.911632,100
448,155,17.439250,-6.811632,100
449,154,17.489250,-6.861632,100
449,155,17.489250,-6.811632,100
449,156,17.489250,-6.761632,100
450,155,17.539250,-6.811632,100
372,165,13.639250,-6.311632,100
373,165,13.689250,-6.311632,100
373,166,13.689250,-6.261632,100
328,504,11.439250,10.638369,100
329,503,11.489250,10.588369,100
329,504,11.489250,10.638369,100
329,505,11.489250,10.688369,100
330,504,11.539250,10.638369,100
441,381,17.089250,4.488369,100
360,491,13.039250,9.988369,100
361,491,13.089250,9.988369,100
388,146,14.439250,-7.261632,100
389,145,14.489250,-7.311632,100
389,146,14.489250,-7.261632,100
389,147,14.489250,-7.211632,100
390,146,14.539250,-7.261632,100
273,343,8.689250,2.588369,100
237,507,6.889250,10.788369,100
255,519,7.789250,11.388369,100
256,518,7.839250,11.338369,100
256,519,7.839250,11.388369,100
256,520,7.839250,11.438369,100
257,519,7.889250,11.388369,100
464,404,18.239250,5.638369,100
464,405,18.239250,5.688369,100
464,406,18.239250,5.738369,100
465,405,18.289250,5.688369,100
302,222,10.139250,-3.461632,100
303,221,10.189250,-3.511632,100
303,222,10.189250,-3.461632,100
303,223,10.189250,-3.411632,100
443,383,17.189250,4.588369,100
444,382,17.239250,4.538369,100
485,383,19.289250,4.588369,100
446,352,17.339250,3.038369,100
447,351,17.389250,2.988369,100
447,352,17.389250,3.038369,100
447,353,17.389250,3.088369,100
448,352,17.439250,3.038369,100
160,443,3.039250,7.588369,100
432,188,16.639250,-5.161632,100
433,187,16.689250,-5.211632,100
433,188,16.689250,-5.161632,100
433,189,16.689250,-5.111632,100
434,188,16.739250,-5.161632,100
230,504,6.539250,10.638369,100
231,503,6.589250,10.588369,100
309,346,10.489250,2.738369,100
310,345,10.539250,2.688369,100
152,399,2.639250,5.388369,100
153,399,2.689250,5.388369,100
153,400,2.689250,5.438369,100
154,399,2.739250,5.388369,100
339,225,11.989250,-3.311632,100
340,226,12.039250,-3.261632,100
185,350,4.289250,2.938369,100
185,351,4.289250,2.988369,100
186,351,4.339250,2.988369,100
202,485,5.139250,9.688369,100
203,486,5.189250,9.738369,100
162,449,3.139250,7.888369,100
163,448,3.189250,7.838369,100
163,449,3.189250,7.888369,100
163,450,3.189250,7.938369,100
164,449,3.239250,7.888369,100
181,462,4.089250,8.538369,100
182,461,4.139250,8.488369,100
182,462,4.139250,8.538369,100
182,463,4.139250,8.588369,100
183,462,4.189250,8.538369,100
258,157,7.939250,-6.711632,100
259,156,7.989250,-6.761632,100
259,157,7.989250,-6.711632,100
259,158,7.989250,-6.661632,100
260,157,8.039250,-6.711632,100
283,515,9.189250,11.188369,100
347,494,12.389250,10.138369,100
348,494,12.439250,10.138369,100
348,495,12.439250,10.188369,100
349,494,12.489250,10.138369,100
252,342,7.639250,2.538369,100
253,343,7.689250,2.588369,100
233,514,6.689250,11.138369,100
200,335,5.039250,2.188369,100
201,336,5.089250,2.238369,100
204,486,5.239250,9.738369,100
496,330,19.839250,1.938369,100
497,330,19.889250,1.938369,100
497,331,19.889250,1.988369,100
498,330,19.939250,1.938369,100
230,214,6.539250,-3.861632,100
230,216,6.539250,-3.761632,100
456,257,17.839250,-1.711632,100
457,256,17.889250,-1.761632,100
457,257,17.889250,-1.711632,100
457,258,17.889250,-1.661632,100
458,257,17.939250,-1.711632,100
315,172,10.789250,-5.961632,100
316,173,10.839250,-5.911632,100
77,346,-1.110750,2.738369,100
78,345,-1.060750,2.688369,100
79,346,-1.010750,2.738369,100
406,256,15.339250,-1.761632,100
407,257,15.389250,-1.711632,100
408,256,15.439250,-1.761632,100
203,342,5.189250,2.538369,100
204,341,5.239250,2.488369,100
204,342,5.239250,2.538369,100
204,343,5.239250,2.588369,100
380,160,14.039250,-6.561632,100
381,159,14.089250,-6.611632,100
325,222,11.289250,-3.461632,100
443,323,17.189250,1.588369,100
475,392,18.789250,5.038369,100
476,391,18.839250,4.988369,100
476,392,18.839250,5.038369,100
476,393,18.839250,5.088369,100
366,485,13.339250,9.688369,100
367,485,13.389250,9.688369,100
367,486,13.389250,9.738369,100
368,485,13.439250,9.688369,100
308,169,10.439250,-6.111632,100
308,171,10.439250,-6.011632,100
309,170,10.489250,-6.061632,100
79,348,-1.010750,2.838369,100
80,347,-0.960750,2.788369,100
218,506,5.939250,10.738369,100
219,505,5.989250,10.688369,100
408,257,15.439250,-1.711632,100
432,430,16.639250,6.938369,100
433,430,16.689250,6.938369,100
433,431,16.689250,6.988369,100
290,346,9.539250,2.738369,100
291,346,9.589250,2.738369,100
291,347,9.589250,2.788369,100
81,352,-0.910750,3.038369,100
82,352,-0.860750,3.038369,100
82,353,-0.860750,3.088369,100
83,352,-0.810750,3.038369,100
447,369,17.389250,3.888369,100
263,514,8.189250,11.138369,100
231,214,6.589250,-3.861632,100
231,216,6.589250,-3.761632,100
143,330,2.189250,1.938369,100
249,165,7.489250,-6.311632,100
250,165,7.539250,-6.311632,100
250,166,7.539250,-6.261632,100
273,522,8.689250,11.538369,100
274,521,8.739250,11.488369,100
274,522,8.739250,11.538369,100
274,523,8.739250,11.588369,100
275,522,8.789250,11.538369,100
429,132,16.489250,-7.961632,100
430,131,16.539250,-8.011632,100
430,132,16.539250,-7.961632,100
430,133,16.539250,-7.911632,100
431,132,16.589250,-7.961632,100
474,283,18.739250,-0.411632,100
475,282,18.789250,-0.461632,100
475,283,18.789250,-0.411632,100
475,284,18.789250,-0.361632,100
476,283,18.839250,-0.411632,100
435,175,16.789250,-5.811632,100
405,452,15.289250,8.038369,100
406,453,15.339250,8.088369,100
155,386,2.789250,4.738369,100
156,387,2.839250,4.788369,100
251,166,7.589250,-6.261632,100
251,167,7.589250,-6.211632,100
252,166,7.639250,-6.261632,100
418,122,15.939250,-8.461632,100
419,121,15.989250,-8.511632,100
419,122,15.989250,-8.461632,100
419,123,15.989250,-8.411632,100
420,122,16.039250,-8.461632,100
437,177,16.889250,-5.711632,100
268,217,8.439250,-3.711632,100
330,503,11.539250,10.588369,100
331,504,11.589250,10.638369,100
264,514,8.239250,11.138369,100
486,297,19.339250,0.288368,100
168,361,3.439250,3.488369,100
169,361,3.489250,3.488369,100
169,362,3.489250,3.538369,100
276,345,8.839250,2.688369,100
131,330,1.589250,1.938369,100
132,329,1.639250,1.888369,100
132,330,1.639250,1.938369,100
132,331,1.639250,1.988369,100
133,330,1.689250,1.938369,100
118,396,0.939250,5.238369,100
119,395,0.989250,5.188369,100
446,342,17.339250,2.538369,100
447,342,17.389250,2.538369,100
447,343,17.389250,2.588369,100
448,342,17.439250,2.538369,100
432,407,16.639250,5.788369,100
433,408,16.689250,5.838369,100
259,519,7.989250,11.388369,100
259,521,7.989250,11.488369,100
358,229,12.939250,-3.111632,100
359,228,12.989250,-3.161632,100
359,229,12.989250,-3.111632,100
359,230,12.989250,-3.061632,100
360,229,13.039250,-3.111632,100
406,454,15.339250,8.138369,100
200,204,5.039250,-4.361632,100
486,378,19.339250,4.338369,100
211,215,5.589250,-3.811632,100
432,217,16.639250,-3.711632,100
489,303,19.489250,0.588368,100
490,303,19.539250,0.588368,100
490,304,19.539250,0.638368,100
491,303,19.589250,0.588368,100
224,188,6.239250,-5.161632,100
437,298,16.889250,0.338368,100
438,297,16.939250,0.288368,100
241,506,7.089250,10.738369,100
434,408,16.739250,5.838369,100
434,409,16.739250,5.888369,100
435,408,16.789250,5.838369,100
332,176,11.639250,-5.761632,100
333,175,11.689250,-5.811632,100
334,176,11.739250,-5.761632,100
306,223,10.339250,-3.411632,100
162,439,3.139250,7.388369,100
163,439,3.189250,7.388369,100
163,440,3.189250,7.438369,100
164,439,3.239250,7.388369,100
218,337,5.939250,2.288369,100
218,339,5.939250,2.388369,100
124,332,1.239250,2.038369,100
432,219,16.639250,-3.611632,100
433,218,16.689250,-3.661632,100
294,512,9.739250,11.038369,100
294,514,9.739250,11.138369,100
444,313,17.239250,1.088368,100
173,453,3.689250,8.088369,100
174,452,3.739250,8.038369,100
248,218,7.439250,-3.661632,100
234,503,6.739250,10.588369,100
388,147,14.439250,-7.211632,100
388,148,14.439250,-7.161632,100
389,148,14.489250,-7.161632,100
226,499,6.339250,10.388369,100
143,425,2.189250,6.688369,100
144,424,2.239250,6.638369,100
144,425,2.239250,6.688369,100
144,426,2.239250,6.738369,100
145,425,2.289250,6.688369,100
334,178,11.739250,-5.661632,100
216,495,5.839250,10.188369,100
217,496,5.889250,10.238369,100
218,495,5.939250,10.188369,100
448,163,17.439250,-6.411632,100
437,234,16.889250,-2.861632,100
438,235,16.939250,-2.811632,100
439,234,16.989250,-2.861632,100
482,385,19.139250,4.688369,100
483,385,19.189250,4.688369,100
483,386,19.189250,4.738369,100
174,453,3.739250,8.088369,100
428,414,16.439250,6.138369,100
429,413,16.489250,6.088369,100
320,506,11.039250,10.738369,100
373,478,13.689250,9.338369,100
374,478,13.739250,9.338369,100
374,479,13.739250,9.388369,100
58,323,-2.060750,1.588369,100
59,322,-2.010750,1.538369,100
442,388,17.139250,4.838369,100
496,359,19.839250,3.388369,100
495,324,19.789250,1.638369,100
497,324,19.889250,1.638369,100
439,235,16.989250,-2.811632,100
439,236,16.989250,-2.761632,100
440,235,17.039250,-2.811632,100
386,78,14.339250,-10.661632,100
256,343,7.839250,2.588369,100
318,173,10.939250,-5.911632,100
391,123,14.589250,-8.411632,100
393,123,14.689250,-8.411632,100
442,239,17.139250,-2.611632,100
442,240,17.139250,-2.561632,100
443,240,17.189250,-2.561632,100
181,469,4.089250,8.888369,100
440,424,17.039250,6.638369,100
441,424,17.089250,6.638369,100
441,425,17.089250,6.688369,100
218,496,5.939250,10.238369,100
219,495,5.989250,10.188369,100
394,128,14.739250,-8.161632,100
396,128,14.839250,-8.161632,100
209,491,5.489250,9.988369,100
210,491,5.539250,9.988369,100
210,492,5.539250,10.038369,100
324,512,11.239250,11.038369,100
324,513,11.239250,11.088369,100
325,513,11.289250,11.088369,100
62,329,-1.860750,1.888369,100
63,329,-1.810750,1.888369,100
63,330,-1.810750,1.938369,100
64,329,-1.760750,1.888369,100
360,169,13.039250,-6.111632,100
360,170,13.039250,-6.061632,100
361,170,13.089250,-6.061632,100
389,458,14.489250,8.338369,100
390,457,14.539250,8.288369,100
390,458,14.539250,8.338369,100
390,459,14.539250,8.388369,100
391,458,14.589250,8.338369,100
445,359,17.289250,3.388369,100
366,66,13.339250,-11.261632,100
367,67,13.389250,-11.211632,100
368,66,13.439250,-11.261632,100
386,80,14.339250,-10.561632,100
387,79,14.389250,-10.611632,100
257,343,7.889250,2.588369,100
257,344,7.889250,2.638369,100
377,75,13.889250,-10.811632,100
378,74,13.939250,-10.861632,100
378,75,13.939250,-10.811632,100
378,76,13.939250,-10.761632,100
379,75,13.989250,-10.811632,100
155,331,2.789250,1.988369,100
155,333,2.789250,2.088369,100
221,505,6.089250,10.688369,100
60,322,-1.960750,1.538369,100
212,502,5.639250,10.538369,100
213,503,5.689250,10.588369,100
214,502,5.739250,10.538369,100
207,341,5.389250,2.488369,100
207,343,5.389250,2.588369,100
208,342,5.439250,2.538369,100
183,475,4.189250,9.188369,100
184,475,4.239250,9.188369,100
184,476,4.239250,9.238369,100
185,475,4.289250,9.188369,100
413,263,15.689250,-1.411632,100
414,264,15.739250,-1.361632,100
415,263,15.789250,-1.411632,100
328,222,11.439250,-3.461632,100
413,448,15.689250,7.838369,100
425,420,16.289250,6.438369,100
425,421,16.289250,6.488369,100
202,491,5.139250,9.988369,100
203,492,5.189250,10.038369,100
361,481,13.089250,9.488369,100
362,481,13.139250,9.488369,100
362,482,13.139250,9.538369,100
392,245,14.639250,-2.311632,100
231,182,6.589250,-5.461632,100
73,343,-1.310750,2.588369,100
294,347,9.739250,2.788369,100
266,514,8.339250,11.138369,100
267,513,8.389250,11.088369,100
192,334,4.639250,2.138369,100
192,336,4.639250,2.238369,100
252,165,7.639250,-6.311632,100
253,165,7.689250,-6.311632,100
253,166,7.689250,-6.261632,100
439,171,16.989250,-6.011632,100
440,171,17.039250,-6.011632,100
440,172,17.039250,-5.961632,100
441,171,17.089250,-6.011632,100
276,522,8.839250,11.538369,100
277,521,8.889250,11.488369,100
277,522,8.889250,11.538369,100
277,523,8.889250,11.588369,100
467,274,18.389250,-0.861632,100
342,504,12.139250,10.638369,100
343,504,12.189250,10.638369,100
343,505,12.189250,10.688369,100
344,504,12.239250,10.638369,100
477,283,18.889250,-0.411632,100
478,284,18.939250,-0.361632,100
479,283,18.989250,-0.411632,100
363,482,13.189250,9.538369,100
363,483,13.189250,9.588369,100
97,367,-0.110750,3.788369,100
309,512,10.489250,11.038369,100
159,382,2.989250,4.538369,100
160,382,3.039250,4.538369,100
160,383,3.039250,4.588369,100
161,382,3.089250,4.538369,100
134,329,1.739250,1.888369,100
135,330,1.789250,1.938369,100
425,278,16.289250,-0.661632,100
426,277,16.339250,-0.711632,100
271,220,8.589250,-3.561632,100
409,448,15.489250,7.838369,100
409,449,15.489250,7.888369,100
410,449,15.539250,7.888369,100
98,372,-0.060750,4.038369,100
99,373,-0.010750,4.088369,100
100,372,0.039250,4.038369,100
427,282,16.389250,-0.461632,100
428,283,16.439250,-0.411632,100
429,282,16.489250,-0.461632,100
410,113,15.539250,-8.911632,100
411,114,15.589250,-8.861632,100
412,113,15.639250,-8.911632,100
446,152,17.339250,-6.961632,100
447,151,17.389250,-7.011632,100
447,152,17.389250,-6.961632,100
447,153,17.389250,-6.911632,100
448,152,17.439250,-6.961632,100
445,336,17.289250,2.238369,100
447,336,17.389250,2.238369,100
285,153,9.289250,-6.911632,100
479,284,18.989250,-0.361632,100
317,221,10.889250,-3.511632,100
317,222,10.889250,-3.461632,100
231,183,6.589250,-5.411632,100
195,344,4.789250,2.638369,100
195,345,4.789250,2.688369,100
100,374,0.039250,4.138369,100
429,283,16.489250,-0.411632,100
369,233,13.489250,-2.911632,100
348,174,12.439250,-5.861632,100
349,173,12.489250,-5.911632,100
349,175,12.489250,-5.811632,100
434,177,16.739250,-5.711632,100
109,386,0.489250,4.738369,100
110,387,0.539250,4.788369,100
111,386,0.589250,4.738369,100
230,338,6.539250,2.338369,100
230,340,6.539250,2.438369,100
296,514,9.839250,11.138369,100
135,329,1.789250,1.888369,100
361,229,13.089250,-3.111632,100
362,228,13.139250,-3.161632,100
362,229,13.139250,-3.111632,100
362,230,13.139250,-3.061632,100
436,179,16.839250,-5.611632,100
437,178,16.889250,-5.661632,100
214,213,5.739250,-3.911632,100
214,215,5.739250,-3.811632,100
190,347,4.539250,2.788369,100
191,346,4.589250,2.738369,100
191,347,4.589250,2.788369,100
191,348,4.589250,2.838369,100
192,347,4.639250,2.788369,100
396,452,14.839250,8.038369,100
397,451,14.889250,7.988369,100
397,452,14.889250,8.038369,100
397,453,14.889250,8.088369,100
398,452,14.939250,8.038369,100
386,142,14.339250,-7.461632,100
387,141,14.389250,-7.511632,100
388,142,14.439250,-7.461632,100
167,363,3.389250,3.588369,100
168,362,3.439250,3.538369,100
168,363,3.439250,3.588369,100
168,364,3.439250,3.638369,100
169,363,3.489250,3.588369,100
335,176,11.789250,-5.761632,100
336,175,11.839250,-5.811632,100
266,342,8.339250,2.538369,100
267,341,8.389250,2.488369,100
171,333,3.589250,2.088369,100
172,332,3.639250,2.038369,100
173,333,3.689250,2.088369,100
367,165,13.389250,-6.311632,100
368,164,13.439250,-6.361632,100
368,166,13.439250,-6.261632,100
199,207,4.989250,-4.211632,100
199,208,4.989250,-4.161632,100
249,518,7.489250,11.338369,100
250,517,7.539250,11.288369,100
250,518,7.539250,11.338369,100
250,519,7.539250,11.388369,100
251,518,7.589250,11.338369,100
346,227,12.339250,-3.211632,100
264,152,8.239250,-6.961632,100
265,152,8.289250,-6.961632,100
265,153,8.289250,-6.911632,100
391,113,14.589250,-8.911632,100
392,114,14.639250,-8.861632,100
393,113,14.689250,-8.911632,100
337,178,11.889250,-5.661632,100
181,459,4.089250,8.388369,100
138,421,1.939250,6.488369,100
139,422,1.989250,6.538369,100
140,421,2.039250,6.488369,100
326,512,11.339250,11.038369,100
326,513,11.339250,11.088369,100
326,514,11.339250,11.138369,100
327,513,11.389250,11.088369,100
394,118,14.739250,-8.661632,100
395,118,14.789250,-8.661632,100
395,119,14.789250,-8.611632,100
420,439,16.039250,7.388369,100
421,440,16.089250,7.438369,100
445,349,17.289250,2.888369,100
446,349,17.339250,2.888369,100
446,350,17.339250,2.938369,100
114,329,0.739250,1.888369,100
115,328,0.789250,1.838369,100
115,329,0.789250,1.888369,100
115,330,0.789250,1.938369,100
116,329,0.839250,1.888369,100
323,508,11.189250,10.838369,100
324,507,11.239250,10.788369,100
431,185,16.589250,-5.311632,100
432,184,16.639250,-5.361632,100
432,185,16.639250,-5.311632,100
432,186,16.639250,-5.261632,100
62,322,-1.860750,1.538369,100
63,323,-1.810750,1.588369,100
140,422,2.039250,6.538369,100
140,423,2.039250,6.588369,100
141,422,2.089250,6.538369,100
441,315,17.089250,1.188368,100
212,492,5.639250,10.038369,100
213,491,5.689250,9.988369,100
214,492,5.739250,10.038369,100
363,170,13.189250,-6.061632,100
363,172,13.189250,-5.961632,100
364,171,13.239250,-6.011632,100
376,69,13.839250,-11.111632,100
377,70,13.889250,-11.061632,100
378,69,13.939250,-11.111632,100
183,465,4.189250,8.688369,100
184,464,4.239250,8.638369,100
184,465,4.239250,8.688369,100
184,466,4.239250,8.738369,100
185,465,4.289250,8.688369,100
412,437,15.639250,7.288369,100
413,437,15.689250,7.288369,100
413,438,15.689250,7.338369,100
209,337,5.489250,2.288369,100
210,336,5.539250,2.238369,100
210,337,5.539250,2.288369,100
210,338,5.539250,2.338369,100
211,337,5.589250,2.288369,100
350,496,12.539250,10.238369,100
350,497,12.539250,10.288369,100
351,497,12.589250,10.288369,100
116,330,0.839250,1.938369,100
116,331,0.839250,1.988369,100
287,522,9.389250,11.538369,100
288,523,9.439250,11.588369,100
289,522,9.489250,11.538369,100
238,177,6.939250,-5.711632,100
156,407,2.839250,5.788369,100
427,416,16.389250,6.238369,100
428,416,16.439250,6.238369,100
428,417,16.439250,6.288369,100
443,317,17.189250,1.288368,100
444,316,17.239250,1.238368,100
179,351,3.989250,2.988369,100
180,350,4.039250,2.938369,100
180,351,4.039250,2.988369,100
180,352,4.039250,3.038369,100
181,351,4.089250,2.988369,100
164,451,3.239250,7.988369,100
165,450,3.289250,7.938369,100
165,451,3.289250,7.988369,100
165,452,3.289250,8.038369,100
166,451,3.339250,7.988369,100
289,222,9.489250,-3.461632,100
493,361,19.689250,3.488369,100
494,362,19.739250,3.538369,100
495,361,19.789250,3.488369,100
439,390,16.989250,4.938369,100
440,391,17.039250,4.988369,100
261,160,8.089250,-6.561632,100
429,197,16.489250,-4.711632,100
430,198,16.539250,-4.661632,100
431,197,16.589250,-4.711632,100
370,66,13.539250,-11.261632,100
358,173,12.939250,-5.911632,100
359,173,12.989250,-5.911632,100
359,174,12.989250,-5.861632,100
360,173,13.039250,-5.911632,100
458,260,17.939250,-1.561632,100
459,259,17.989250,-1.611632,100
459,260,17.989250,-1.561632,100
459,261,17.989250,-1.511632,100
460,260,18.039250,-1.561632,100
214,491,5.739250,9.988369,100
342,499,12.139250,10.388369,100
343,498,12.189250,10.338369,100
206,488,5.339250,9.838369,100
206,489,5.339250,9.888369,100
100,326,0.039250,1.738369,100
409,443,15.489250,7.588369,100
441,391,17.089250,4.988369,100
441,392,17.089250,5.038369,100
442,391,17.139250,4.988369,100
234,177,6.739250,-5.711632,100
234,178,6.739250,-5.661632,100
344,503,12.239250,10.588369,100
345,503,12.289250,10.588369,100
345,504,12.289250,10.638369,100
448,250,17.439250,-2.061632,100
460,261,18.039250,-1.511632,100
460,262,18.039250,-1.461632,100
461,261,18.089250,-1.511632,100
311,509,10.589250,10.888369,100
447,326,17.389250,1.738369,100
391,126,14.589250,-8.261632,100
392,126,14.639250,-8.261632,100
392,127,14.639250,-8.211632,100
393,126,14.689250,-8.261632,100
431,198,16.589250,-4.661632,100
432,197,16.639250,-4.711632,100
80,348,-0.960750,2.838369,100
80,349,-0.960750,2.888369,100
81,348,-0.910750,2.838369,100
389,465,14.489250,8.688369,100
389,467,14.489250,8.788369,100
454,411,17.739250,5.988369,100
455,410,17.789250,5.938369,100
455,411,17.789250,5.988369,100
455,412,17.789250,6.038369,100
395,131,14.789250,-8.011632,100
396,131,14.839250,-8.011632,100
337,500,11.889250,10.438369,100
338,501,11.939250,10.488369,100
339,500,11.989250,10.438369,100
406,105,15.339250,-9.311632,100
407,104,15.389250,-9.361632,100
407,105,15.389250,-9.311632,100
407,106,15.389250,-9.261632,100
408,105,15.439250,-9.311632,100
403,445,15.189250,7.688369,100
404,445,15.239250,7.688369,100
404,446,15.239250,7.738369,100
423,423,16.189250,6.588369,100
424,424,16.239250,6.638369,100
425,423,16.289250,6.588369,100
372,234,13.639250,-2.861632,100
373,233,13.689250,-2.911632,100
175,358,3.789250,3.338369,100
176,358,3.839250,3.338369,100
176,359,3.839250,3.388369,100
315,515,10.789250,11.188369,100
315,517,10.789250,11.288369,100
81,349,-0.910750,2.888369,100
410,259,15.539250,-1.611632,100
410,260,15.539250,-1.561632,100
411,259,15.589250,-1.611632,100
153,419,2.689250,6.388369,100
418,121,15.939250,-8.511632,100
199,340,4.989250,2.438369,100
199,342,4.989250,2.538369,100
200,341,5.039250,2.488369,100
320,221,11.039250,-3.511632,100
320,223,11.039250,-3.411632,100
405,446,15.289250,7.738369,100
405,447,15.289250,7.788369,100
406,446,15.339250,7.738369,100
436,398,16.839250,5.338369,100
450,418,17.539250,6.338369,100
429,210,16.489250,-4.061632,100
430,210,16.539250,-4.061632,100
430,211,16.539250,-4.011632,100
431,210,16.589250,-4.061632,100
361,487,13.089250,9.788369,100
361,488,13.089250,9.838369,100
362,488,13.139250,9.838369,100
285,345,9.289250,2.688369,100
286,344,9.339250,2.638369,100
286,345,9.339250,2.688369,100
286,346,9.339250,2.738369,100
287,345,9.389250,2.688369,100
158,424,2.939250,6.638369,100
158,425,2.939250,6.688369,100
159,425,2.989250,6.688369,100
207,202,5.389250,-4.461632,100
233,338,6.689250,2.338369,100
233,340,6.689250,2.438369,100
257,512,7.889250,11.038369,100
258,512,7.939250,11.038369,100
258,513,7.939250,11.088369,100
488,300,19.439250,0.438368,100
488,301,19.439250,0.488368,100
421,126,16.089250,-8.261632,100
422,125,16.139250,-8.311632,100
422,126,16.139250,-8.261632,100
422,127,16.139250,-8.211632,100
423,126,16.189250,-8.261632,100
268,521,8.439250,11.488369,100
269,520,8.489250,11.438369,100
269,521,8.489250,11.488369,100
269,522,8.489250,11.538369,100
270,521,8.539250,11.488369,100
263,217,8.189250,-3.711632,100
263,219,8.189250,-3.611632,100
174,334,3.739250,2.138369,100
175,333,3.789250,2.088369,100
175,334,3.789250,2.138369,100
175,335,3.789250,2.188369,100
176,334,3.839250,2.138369,100
119,398,0.989250,5.338369,100
120,399,1.039250,5.388369,100
121,398,1.089250,5.338369,100
79,325,-1.010750,1.688369,100
80,324,-0.960750,1.638369,100
333,507,11.689250,10.788369,100
334,506,11.739250,10.738369,100
334,507,11.739250,10.788369,100
334,508,11.739250,10.838369,100
335,507,11.789250,10.788369,100
370,163,13.539250,-6.411632,100
370,164,13.539250,-6.361632,100
371,164,13.589250,-6.361632,100
489,302,19.489250,0.538368,100
394,108,14.739250,-9.161632,100
395,107,14.789250,-9.211632,100
395,108,14.789250,-9.161632,100
395,109,14.789250,-9.111632,100
396,108,14.839250,-9.161632,100
251,508,7.589250,10.838369,100
251,510,7.589250,10.938369,100
252,509,7.639250,10.888369,100
420,431,16.039250,6.988369,100
204,213,5.239250,-3.911632,100
205,212,5.289250,-3.961632,100
205,213,5.289250,-3.911632,100
205,214,5.289250,-3.861632,100
206,213,5.339250,-3.911632,100
445,339,17.289250,2.388369,100
492,305,19.639250,0.688368,100
492,306,19.639250,0.738368,100
493,306,19.689250,0.738368,100
302,519,10.139250,11.388369,100
303,518,10.189250,11.338369,100
228,341,6.439250,2.488369,100
229,341,6.489250,2.488369,100
229,342,6.489250,2.538369,100
230,341,6.539250,2.488369,100
270,341,8.539250,2.488369,100
270,343,8.539250,2.588369,100
245,168,7.289250,-6.161632,100
245,169,7.289250,-6.111632,100
121,399,1.089250,5.388369,100
121,400,1.089250,5.438369,100
122,399,1.139250,5.388369,100
81,327,-0.910750,1.788369,100
445,378,17.289250,4.338369,100
444,149,17.239250,-7.111632,100
299,221,9.989250,-3.511632,100
300,220,10.039250,-3.561632,100
300,221,10.039250,-3.511632,100
300,222,10.039250,-3.461632,100
301,221,10.089250,-3.511632,100
385,144,14.289250,-7.361632,100
162,435,3.139250,7.188369,100
254,518,7.739250,11.338369,100
254,520,7.739250,11.438369,100
145,428,2.289250,6.838369,100
146,427,2.339250,6.788369,100
146,428,2.339250,6.838369,100
146,429,2.339250,6.888369,100
147,428,2.389250,6.838369,100
164,441,3.239250,7.488369,100
165,440,3.289250,7.438369,100
165,441,3.289250,7.488369,100
165,442,3.289250,7.538369,100
166,441,3.339250,7.488369,100
301,222,10.089250,-3.461632,100
301,223,10.089250,-3.411632,100
495,317,19.789250,1.288368,100
496,316,19.839250,1.238368,100
206,212,5.339250,-3.961632,100
206,214,5.339250,-3.861632,100
207,213,5.389250,-3.911632,100
117,329,0.889250,1.888369,100
118,328,0.939250,1.838369,100
175,456,3.789250,8.238369,100
176,457,3.839250,8.288369,100
235,506,6.789250,10.738369,100
226,501,6.339250,10.488369,100
227,502,6.389250,10.538369,100
308,345,10.439250,2.688369,100
308,347,10.439250,2.788369,100
437,231,16.889250,-3.011632,100
437,232,16.889250,-2.961632,100
438,231,16.939250,-3.011632,100
385,76,14.289250,-10.761632,100
353,497,12.689250,10.288369,100
353,498,12.689250,10.338369,100
119,331,0.989250,1.988369,100
418,442,15.939250,7.538369,100
419,443,15.989250,7.588369,100
337,225,11.889250,-3.311632,100
338,226,11.939250,-3.261632,100
242,216,7.139250,-3.761632,100
243,215,7.189250,-3.811632,100
243,216,7.189250,-3.761632,100
243,217,7.189250,-3.711632,100
244,216,7.239250,-3.761632,100
209,490,5.489250,9.938369,100
228,503,6.439250,10.588369,100
60,325,-1.960750,1.688369,100
61,325,-1.910750,1.688369,100
61,326,-1.910750,1.738369,100
309,348,10.489250,2.838369,100
346,493,12.339250,10.088369,100
346,495,12.339250,10.188369,100
381,151,14.089250,-7.011632,100
382,151,14.139250,-7.011632,100
382,152,14.139250,-6.961632,100
387,82,14.389250,-10.461632,100
388,81,14.439250,-10.511632,100
388,82,14.439250,-10.461632,100
388,83,14.439250,-10.411632,100
389,82,14.489250,-10.461632,100
320,177,11.039250,-5.711632,100
251,343,7.589250,2.588369,100
368,477,13.439250,9.288369,100
369,477,13.489250,9.288369,100
369,478,13.489250,9.338369,100
370,477,13.539250,9.288369,100
62,326,-1.860750,1.738369,100
181,471,4.089250,8.988369,100
182,470,4.139250,8.938369,100
182,471,4.139250,8.988369,100
182,472,4.139250,9.038369,100
183,471,4.189250,8.988369,100
397,95,14.889250,-9.811632,100
398,96,14.939250,-9.761632,100
368,68,13.439250,-11.161632,100
369,67,13.489250,-11.211632,100
369,68,13.489250,-11.161632,100
369,69,13.489250,-11.111632,100
370,68,13.539250,-11.161632,100
73,339,-1.310750,2.388369,100
157,379,2.889250,4.388369,100
231,513,6.589250,11.088369,100
313,174,10.689250,-5.861632,100
156,334,2.839250,2.138369,100
157,334,2.889250,2.138369,100
157,335,2.889250,2.188369,100
158,334,2.939250,2.138369,100
183,472,4.189250,9.038369,100
223,509,6.189250,10.888369,100
384,461,14.239250,8.488369,100
304,169,10.239250,-6.111632,100
305,168,10.289250,-6.161632,100
306,169,10.339250,-6.111632,100
154,410,2.739250,5.938369,100
155,410,2.789250,5.938369,100
155,411,2.789250,5.988369,100
156,410,2.839250,5.938369,100
415,265,15.789250,-1.311632,100
416,266,15.839250,-1.261632,100
417,265,15.889250,-1.311632,100
288,346,9.439250,2.738369,100
289,345,9.489250,2.688369,100
280,220,9.039250,-3.561632,100
281,219,9.089250,-3.611632,100
281,220,9.089250,-3.561632,100
281,221,9.089250,-3.511632,100
282,220,9.139250,-3.561632,100
76,345,-1.160750,2.688369,100
76,346,-1.160750,2.738369,100
444,328,17.239250,1.838369,100
445,329,17.289250,1.888369,100
392,138,14.639250,-7.661632,100
393,139,14.689250,-7.611632,100
394,138,14.739250,-7.661632,100
417,266,15.889250,-1.261632,100
417,267,15.889250,-1.211632,100
418,266,15.939250,-1.261632,100
387,468,14.389250,8.838369,100
388,468,14.439250,8.838369,100
388,469,14.439250,8.888369,100
389,468,14.489250,8.838369,100
349,176,12.489250,-5.761632,100
350,176,12.539250,-5.761632,100
350,177,12.539250,-5.711632,100
351,176,12.589250,-5.761632,100
424,125,16.239250,-8.311632,100
424,126,16.239250,-8.261632,100
425,125,16.289250,-8.311632,100
141,330,2.089250,1.938369,100
454,412,17.739250,6.038369,100
454,413,17.739250,6.088369,100
455,413,17.789250,6.088369,100
469,276,18.489250,-0.761632,100
469,277,18.489250,-0.711632,100
470,276,18.539250,-0.761632,100
271,522,8.589250,11.538369,100
272,523,8.639250,11.588369,100
427,278,16.389250,-0.661632,100
428,279,16.439250,-0.611632,100
102,374,0.139250,4.138369,100
289,346,9.489250,2.738369,100
290,345,9.539250,2.688369,100
425,126,16.289250,-8.261632,100
470,277,18.539250,-0.711632,100
374,159,13.739250,-6.611632,100
374,160,13.739250,-6.561632,100
375,160,13.789250,-6.561632,100
425,436,16.289250,7.238369,100
426,437,16.339250,7.288369,100
427,436,16.389250,7.238369,100
266,217,8.339250,-3.711632,100
102,376,0.139250,4.238369,100
103,375,0.189250,4.188369,100
431,286,16.589250,-0.261632,100
432,285,16.639250,-0.311632,100
328,503,11.439250,10.588369,100
329,502,11.489250,10.538369,100
154,387,2.739250,4.788369,100
155,387,2.789250,4.788369,100
155,388,2.789250,4.838369,100
208,212,5.439250,-3.961632,100
208,214,5.439250,-3.861632,100
441,151,17.089250,-7.011632,100
442,150,17.139250,-7.061632,100
442,151,17.139250,-7.011632,100
442,152,17.139250,-6.961632,100
443,151,17.189250,-7.011632,100
306,518,10.339250,11.338369,100
306,520,10.339250,11.438369,100
231,341,6.589250,2.488369,100
232,341,6.639250,2.488369,100
232,342,6.639250,2.538369,100
388,145,14.439250,-7.311632,100
130,329,1.539250,1.888369,100
130,330,1.539250,1.938369,100
189,344,4.489250,2.638369,100
190,343,4.539250,2.588369,100
190,345,4.539250,2.688369,100
330,505,11.539250,10.688369,100
375,471,13.789250,8.988369,100
376,471,13.839250,8.988369,100
376,472,13.839250,9.038369,100
377,471,13.889250,8.988369,100
390,105,14.539250,-9.311632,100
391,104,14.589250,-9.361632,100
391,105,14.589250,-9.311632,100
391,106,14.589250,-9.261632,100
392,105,14.639250,-9.311632,100
302,221,10.139250,-3.511632,100
303,220,10.189250,-3.561632,100
444,381,17.239250,4.488369,100
469,398,18.489250,5.338369,100
470,398,18.539250,5.338369,100
333,508,11.689250,10.838369,100
333,509,11.689250,10.888369,100
334,509,11.739250,10.888369,100
443,152,17.189250,-6.961632,100
443,153,17.189250,-6.911632,100
444,152,17.239250,-6.961632,100
220,188,6.039250,-5.161632,100
221,187,6.089250,-5.211632,100
418,432,15.939250,7.038369,100
419,432,15.989250,7.038369,100
419,433,15.989250,7.088369,100
420,432,16.039250,7.038369,100
290,512,9.539250,11.038369,100
291,511,9.589250,10.988369,100
291,512,9.589250,11.038369,100
291,513,9.589250,11.088369,100
292,512,9.639250,11.038369,100
446,351,17.339250,2.988369,100
447,350,17.389250,2.938369,100
448,351,17.439250,2.988369,100
432,187,16.639250,-5.211632,100
437,302,16.889250,0.538368,100
438,302,16.939250,0.538368,100
438,303,16.939250,0.588368,100
439,302,16.989250,0.538368,100
268,344,8.439250,2.638369,100
269,344,8.489250,2.638369,100
269,345,8.489250,2.688369,100
270,344,8.539250,2.638369,100
304,223,10.239250,-3.411632,100
369,167,13.489250,-6.211632,100
370,167,13.539250,-6.211632,100
370,168,13.539250,-6.161632,100
152,398,2.639250,5.338369,100
154,398,2.739250,5.338369,100
164,372,3.239250,4.038369,100
165,373,3.289250,4.088369,100
166,372,3.339250,4.038369,100
245,217,7.289250,-3.711632,100
246,218,7.339250,-3.661632,100
433,222,16.689250,-3.461632,100
433,223,16.689250,-3.411632,100
434,223,16.739250,-3.411632,100
162,448,3.139250,7.838369,100
163,447,3.189250,7.788369,100
164,448,3.239250,7.838369,100
384,146,14.239250,-7.261632,100
385,146,14.289250,-7.261632,100
385,147,14.289250,-7.211632,100
181,461,4.089250,8.488369,100
182,460,4.139250,8.438369,100
183,461,4.189250,8.488369,100
311,345,10.589250,2.688369,100
466,404,18.339250,5.638369,100
445,162,17.289250,-6.461632,100
446,163,17.339250,-6.411632,100
434,232,16.739250,-2.961632,100
435,233,16.789250,-2.911632,100
436,232,16.839250,-2.961632,100
341,226,12.089250,-3.261632,100
440,312,17.039250,1.038368,100
231,501,6.589250,10.488369,100
391,456,14.589250,8.238369,100
392,457,14.639250,8.288369,100
183,463,4.189250,8.588369,100
184,462,4.239250,8.538369,100
223,499,6.189250,10.388369,100
214,494,5.739250,10.138369,100
215,495,5.789250,10.188369,100
395,460,14.789250,8.438369,100
395,461,14.789250,8.488369,100
396,461,14.839250,8.488369,100
496,329,19.839250,1.888369,100
498,329,19.939250,1.888369,100
460,406,18.039250,5.738369,100
461,406,18.089250,5.738369,100
461,407,18.089250,5.788369,100
323,177,11.189250,-5.711632,100
212,341,5.639250,2.488369,100
213,340,5.689250,2.438369,100
213,341,5.689250,2.488369,100
213,342,5.689250,2.538369,100
214,341,5.739250,2.488369,100
192,475,4.639250,9.188369,100
193,476,4.689250,9.238369,100
254,343,7.739250,2.588369,100
204,337,5.239250,2.288369,100
205,336,5.289250,2.238369,100
205,337,5.289250,2.288369,100
205,338,5.289250,2.338369,100
206,337,5.339250,2.288369,100
436,233,16.839250,-2.911632,100
436,234,16.839250,-2.861632,100
216,496,5.839250,10.238369,100
182,352,4.139250,3.038369,100
182,353,4.139250,3.088369,100
183,353,4.189250,3.088369,100
405,102,15.289250,-9.461632,100
406,102,15.339250,-9.461632,100
162,379,3.139250,4.388369,100
449,253,17.489250,-1.911632,100
450,254,17.539250,-1.861632,100
451,253,17.589250,-1.911632,100
461,262,18.089250,-1.461632,100
461,263,18.089250,-1.411632,100
462,262,18.139250,-1.461632,100
446,364,17.339250,3.638369,100
447,365,17.389250,3.688369,100
448,364,17.439250,3.638369,100
380,153,14.039250,-6.911632,100
381,152,14.089250,-6.961632,100
381,153,14.089250,-6.911632,100
381,154,14.089250,-6.861632,100
382,153,14.139250,-6.911632,100
409,256,15.489250,-1.761632,100
432,429,16.639250,6.888369,100
433,428,16.689250,6.838369,100
299,165,9.989250,-6.311632,100
300,164,10.039250,-6.361632,100
300,165,10.039250,-6.311632,100
300,166,10.039250,-6.261632,100
301,165,10.089250,-6.311632,100
81,351,-0.910750,2.988369,100
83,351,-0.810750,2.988369,100
373,69,13.689250,-11.111632,100
451,254,17.589250,-1.861632,100
451,255,17.589250,-1.811632,100
452,254,17.639250,-1.861632,100
152,411,2.639250,5.988369,100
153,411,2.689250,5.988369,100
153,412,2.689250,6.038369,100
154,411,2.739250,5.988369,100
290,155,9.539250,-6.811632,100
462,263,18.139250,-1.411632,100
462,264,18.139250,-1.361632,100
463,263,18.189250,-1.411632,100
200,493,5.039250,10.088369,100
434,431,16.739250,6.988369,100
301,166,10.089250,-6.261632,100
301,167,10.089250,-6.211632,100
302,166,10.139250,-6.261632,100
292,347,9.639250,2.788369,100
83,353,-0.810750,3.088369,100
84,352,-0.760750,3.038369,100
197,338,4.889250,2.338369,100
275,521,8.789250,11.488369,100
275,523,8.789250,11.588369,100
477,391,18.889250,4.988369,100
389,94,14.489250,-9.861632,100
390,93,14.539250,-9.911632,100
390,94,14.539250,-9.861632,100
390,95,14.539250,-9.811632,100
391,94,14.589250,-9.861632,100
290,156,9.539250,-6.761632,100
92,365,-0.360750,3.688369,100
93,366,-0.310750,3.738369,100
273,148,8.689250,-7.161632,100
274,147,8.739250,-7.211632,100
274,148,8.739250,-7.161632,100
274,149,8.739250,-7.111632,100
275,148,8.789250,-7.161632,100
264,511,8.239250,10.988369,100
430,431,16.539250,6.988369,100
430,432,16.539250,7.038369,100
431,432,16.589250,7.038369,100
496,342,19.839250,2.538369,100
497,342,19.889250,2.538369,100
497,343,19.889250,2.588369,100
498,342,19.939250,2.538369,100
423,127,16.189250,-8.211632,100
423,128,16.189250,-8.161632,100
424,127,16.239250,-8.211632,100
140,334,2.039250,2.138369,100
428,207,16.439250,-4.211632,100
446,341,17.339250,2.488369,100
448,341,17.439250,2.488369,100
332,504,11.639250,10.638369,100
333,503,11.689250,10.588369,100
406,451,15.339250,7.988369,100
156,422,2.839250,6.538369,100
157,422,2.889250,6.538369,100
157,423,2.889250,6.588369,100
158,422,2.939250,6.538369,100
358,228,12.939250,-3.161632,100
359,227,12.989250,-3.211632,100
360,228,13.039250,-3.161632,100
235,342,6.789250,2.538369,100
491,302,19.589250,0.538368,100
467,400,18.389250,5.438369,100
468,399,18.439250,5.388369,100
468,400,18.439250,5.438369,100
468,401,18.439250,5.488369,100
469,400,18.489250,5.438369,100
133,329,1.689250,1.888369,100
435,407,16.789250,5.788369,100
394,105,14.739250,-9.311632,100
394,106,14.739250,-9.261632,100
395,105,14.789250,-9.311632,100
306,220,10.339250,-3.561632,100
162,438,3.139250,7.338369,100
164,438,3.239250,7.338369,100
212,215,5.639250,-3.811632,100
74,325,-1.260750,1.688369,100
75,324,-1.210750,1.638369,100
75,325,-1.210750,1.688369,100
75,326,-1.210750,1.738369,100
76,325,-1.160750,1.688369,100
491,304,19.589250,0.638368,100
492,303,19.639250,0.588368,100
360,227,13.039250,-3.211632,100
361,228,13.089250,-3.161632,100
387,147,14.389250,-7.211632,100
334,175,11.739250,-5.811632,100
177,337,3.889250,2.288369,100
178,337,3.939250,2.288369,100
178,338,3.939250,2.338369,100
122,401,1.139250,5.488369,100
123,400,1.189250,5.438369,100
123,401,1.189250,5.488369,100
123,402,1.189250,5.538369,100
124,401,1.239250,5.488369,100
169,333,3.489250,2.088369,100
170,332,3.539250,2.038369,100
170,333,3.539250,2.088369,100
170,334,3.539250,2.138369,100
441,383,17.089250,4.588369,100
442,384,17.139250,4.638369,100
249,218,7.489250,-3.661632,100
175,452,3.789250,8.038369,100
351,489,12.589250,9.888369,100
352,488,12.639250,9.838369,100
352,489,12.639250,9.888369,100
352,490,12.639250,9.938369,100
353,489,12.689250,9.888369,100
220,189,6.039250,-5.111632,100
220,190,6.039250,-5.061632,100
221,190,6.089250,-5.061632,100
226,498,6.339250,10.338369,100
177,458,3.889250,8.338369,100
76,324,-1.160750,1.638369,100
76,326,-1.160750,1.738369,100
77,325,-1.110750,1.688369,100
247,517,7.389250,11.288369,100
248,516,7.439250,11.238369,100
248,517,7.439250,11.288369,100
248,518,7.439250,11.338369,100
249,517,7.489250,11.288369,100
214,340,5.739250,2.438369,100
215,339,5.789250,2.388369,100
215,340,5.789250,2.438369,100
215,341,5.789250,2.488369,100
295,219,9.789250,-3.611632,100
295,220,9.789250,-3.561632,100
296,220,9.839250,-3.561632,100
375,479,13.789250,9.388369,100
112,329,0.639250,1.888369,100
113,330,0.689250,1.938369,100
321,506,11.089250,10.738369,100
441,239,17.089250,-2.611632,100
442,238,17.139250,-2.661632,100
443,239,17.189250,-2.611632,100
440,423,17.039250,6.588369,100
447,354,17.389250,3.138369,100
448,354,17.439250,3.138369,100
335,175,11.789250,-5.811632,100
389,457,14.489250,8.288369,100
390,456,14.539250,8.238369,100
391,457,14.589250,8.288369,100
257,158,7.889250,-6.661632,100
258,158,7.939250,-6.661632,100
258,159,7.939250,-6.611632,100
208,336,5.439250,2.238369,100
208,337,5.439250,2.288369,100
152,401,2.639250,5.488369,100
153,401,2.689250,5.488369,100
153,402,2.689250,5.538369,100
154,401,2.739250,5.488369,100
384,154,14.239250,-6.861632,100
480,386,19.039250,4.738369,100
480,387,19.039250,4.788369,100
481,387,19.089250,4.788369,100
211,492,5.589250,10.038369,100
212,491,5.639250,9.988369,100
325,512,11.289250,11.038369,100
325,514,11.289250,11.138369,100
371,479,13.589250,9.388369,100
371,480,13.589250,9.438369,100
372,480,13.639250,9.438369,100
316,509,10.839250,10.888369,100
317,508,10.889250,10.838369,100
317,509,10.889250,10.888369,100
317,510,10.889250,10.938369,100
318,509,10.939250,10.888369,100
391,459,14.589250,8.388369,100
392,458,14.639250,8.338369,100
453,253,17.689250,-1.911632,100
453,254,17.689250,-1.861632,100
454,253,17.739250,-1.911632,100
302,345,10.139250,2.688369,100
303,344,10.189250,2.638369,100
303,345,10.189250,2.688369,100
303,346,10.189250,2.738369,100
304,345,10.239250,2.688369,100
370,71,13.539250,-11.011632,100
371,70,13.589250,-11.061632,100
371,71,13.589250,-11.011632,100
371,72,13.589250,-10.961632,100
372,71,13.639250,-11.011632,100
389,84,14.489250,-10.361632,100
390,83,14.539250,-10.411632,100
390,84,14.539250,-10.361632,100
390,85,14.539250,-10.311632,100
391,84,14.589250,-10.361632,100
314,175,10.739250,-5.811632,100
332,224,11.639250,-3.361632,100
333,223,11.689250,-3.411632,100
333,224,11.689250,-3.361632,100
333,225,11.689250,-3.311632,100
334,224,11.739250,-3.361632,100
200,338,5.039250,2.338369,100
200,339,5.039250,2.388369,100
201,338,5.089250,2.338369,100
64,328,-1.760750,1.838369,100
65,328,-1.710750,1.838369,100
202,343,5.139250,2.588369,100
203,343,5.189250,2.588369,100
203,344,5.189250,2.638369,100
356,172,12.839250,-5.961632,100
357,171,12.889250,-6.011632,100
357,172,12.889250,-5.961632,100
357,173,12.889250,-5.911632,100
358,172,12.939250,-5.961632,100
496,332,19.839250,2.038369,100
497,332,19.889250,2.038369,100
497,333,19.889250,2.088369,100
498,332,19.939250,2.038369,100
309,509,10.489250,10.888369,100
159,381,2.989250,4.488369,100
161,381,3.089250,4.488369,100
474,393,18.739250,5.088369,100
475,393,18.789250,5.088369,100
475,394,18.789250,5.138369,100
296,162,9.839250,-6.461632,100
297,162,9.889250,-6.461632,100
185,474,4.289250,9.138369,100
186,474,4.339250,9.138369,100
306,171,10.339250,-6.011632,100
307,172,10.389250,-5.961632,100
150,332,2.539250,2.038369,100
151,331,2.589250,1.988369,100
151,332,2.589250,2.038369,100
151,333,2.589250,2.088369,100
77,348,-1.110750,2.838369,100
78,349,-1.060750,2.888369,100
254,166,7.739250,-6.261632,100
255,165,7.789250,-6.311632,100
381,85,14.089250,-10.311632,100
278,521,8.939250,11.488369,100
278,523,8.939250,11.588369,100
384,90,14.239250,-10.061632,100
385,91,14.289250,-10.011632,100
386,90,14.339250,-10.061632,100
425,128,16.289250,-8.161632,100
426,129,16.339250,-8.111632,100
427,128,16.389250,-8.161632,100
443,325,17.189250,1.688369,100
276,148,8.839250,-7.161632,100
277,147,8.889250,-7.211632,100
277,148,8.889250,-7.161632,100
277,149,8.889250,-7.111632,100
476,394,18.839250,5.138369,100
476,395,18.839250,5.188369,100
477,394,18.889250,5.138369,100
297,163,9.889250,-6.411632,100
297,164,9.889250,-6.361632,100
298,163,9.939250,-6.411632,100
207,499,5.389250,10.388369,100
430,282,16.539250,-0.461632,100
79,349,-1.010750,2.888369,100
79,350,-1.010750,2.938369,100
308,172,10.439250,-5.961632,100
308,173,10.439250,-5.911632,100
309,172,10.489250,-5.961632,100
304,512,10.239250,11.038369,100
305,513,10.289250,11.088369,100
306,512,10.339250,11.038369,100
418,268,15.939250,-1.161632,100
419,267,15.989250,-1.211632,100
419,268,15.989250,-1.161632,100
419,269,15.989250,-1.111632,100
420,268,16.039250,-1.161632,100
447,371,17.389250,3.988369,100
386,91,14.339250,-10.011632,100
386,92,14.339250,-9.961632,100
387,91,14.389250,-10.011632,100
318,221,10.939250,-3.511632,100
318,223,10.939250,-3.411632,100
254,511,7.739250,10.988369,100
255,512,7.789250,11.038369,100
256,511,7.839250,10.988369,100
249,167,7.489250,-6.211632,100
250,167,7.539250,-6.211632,100
250,168,7.539250,-6.161632,100
482,289,19.139250,-0.111632,100
483,288,19.189250,-0.161632,100
483,289,19.189250,-0.111632,100
483,290,19.189250,-0.061632,100
484,289,19.239250,-0.111632,100
288,158,9.439250,-6.661632,100
289,157,9.489250,-6.711632,100
289,158,9.489250,-6.661632,100
289,159,9.489250,-6.611632,100
290,158,9.539250,-6.661632,100
226,183,6.339250,-5.411632,100
227,182,6.389250,-5.461632,100
227,183,6.389250,-5.411632,100
227,184,6.389250,-5.361632,100
103,378,0.189250,4.338369,100
104,377,0.239250,4.288369,100
104,378,0.239250,4.338369,100
104,379,0.239250,4.388369,100
105,378,0.289250,4.338369,100
432,288,16.639250,-0.161632,100
433,287,16.689250,-0.211632,100
433,288,16.689250,-0.161632,100
433,289,16.689250,-0.111632,100
434,288,16.739250,-0.161632,100
344,175,12.239250,-5.811632,100
345,174,12.289250,-5.861632,100
345,175,12.289250,-5.811632,100
345,176,12.289250,-5.761632,100
346,175,12.339250,-5.811632,100
396,451,14.839250,7.988369,100
397,450,14.889250,7.938369,100
398,451,14.939250,7.988369,100
297,514,9.889250,11.138369,100
136,329,1.839250,1.888369,100
136,331,1.839250,1.988369,100
167,362,3.389250,3.538369,100
266,521,8.339250,11.488369,100
267,520,8.389250,11.438369,100
267,521,8.389250,11.488369,100
267,522,8.389250,11.538369,100
382,470,14.139250,8.938369,100
363,228,13.189250,-3.161632,100
363,230,13.189250,-3.061632,100
192,346,4.639250,2.738369,100
192,348,4.639250,2.838369,100
193,347,4.689250,2.788369,100
78,324,-1.060750,1.638369,100
78,325,-1.060750,1.688369,100
78,326,-1.060750,1.738369,100
156,389,2.839250,4.888369,100
157,389,2.889250,4.888369,100
157,390,2.889250,4.938369,100
256,512,7.839250,11.038369,100
257,511,7.889250,10.988369,100
337,175,11.889250,-5.811632,100
435,298,16.789250,0.338368,100
436,299,16.839250,0.388368,100
173,332,3.689250,2.038369,100
174,333,3.739250,2.088369,100
447,344,17.389250,2.638369,100
448,344,17.439250,2.638369,100
79,327,-1.010750,1.788369,100
432,409,16.639250,5.888369,100
433,409,16.689250,5.888369,100
433,410,16.689250,5.938369,100
251,517,7.589250,11.288369,100
251,519,7.589250,11.388369,100
252,518,7.639250,11.338369,100
398,450,14.939250,7.938369,100
399,451,14.989250,7.988369,100
445,348,17.289250,2.838369,100
202,212,5.139250,-3.961632,100
203,211,5.189250,-4.011632,100
203,212,5.189250,-3.961632,100
203,213,5.189250,-3.911632,100
204,212,5.239250,-3.961632,100
430,219,16.539250,-3.611632,100
431,220,16.589250,-3.561632,100
431,184,16.589250,-5.361632,100
432,183,16.639250,-5.411632,100
292,514,9.639250,11.138369,100
293,515,9.689250,11.188369,100
141,421,2.089250,6.488369,100
174,335,3.739250,2.188369,100
439,304,16.989250,0.638368,100
440,303,17.039250,0.588368,100
440,304,17.039250,0.638368,100
440,305,17.039250,0.688368,100
441,304,17.089250,0.638368,100
183,464,4.189250,8.638369,100
184,463,4.239250,8.588369,100
185,464,4.289250,8.638369,100
218,341,5.939250,2.488369,100
305,344,10.289250,2.638369,100
305,345,10.289250,2.688369,100
305,346,10.289250,2.738369,100
306,345,10.339250,2.688369,100
204,214,5.239250,-3.861632,100
116,328,0.839250,1.838369,100
370,473,13.539250,9.088369,100
370,474,13.539250,9.138369,100
196,208,4.839250,-4.161632,100
196,209,4.839250,-4.111632,100
197,209,4.889250,-4.111632,100
370,61,13.539250,-11.511632,100
371,60,13.589250,-11.561632,100
371,61,13.589250,-11.511632,100
371,62,13.589250,-11.461632,100
372,61,13.639250,-11.511632,100
444,315,17.239250,1.188368,100
328,512,11.439250,11.038369,100
318,508,10.939250,10.838369,100
319,509,10.989250,10.888369,100
252,517,7.639250,11.288369,100
143,427,2.189250,6.788369,100
144,427,2.239250,6.788369,100
144,428,2.239250,6.838369,100
145,427,2.289250,6.788369,100
211,336,5.589250,2.238369,100
211,338,5.589250,2.338369,100
117,331,0.889250,1.988369,100
437,236,16.889250,-2.761632,100
438,236,16.939250,-2.761632,100
438,237,16.939250,-2.711632,100
429,417,16.489250,6.288369,100
290,222,9.539250,-3.461632,100
240,216,7.039250,-3.761632,100
241,215,7.089250,-3.811632,100
241,216,7.089250,-3.761632,100
241,217,7.089250,-3.711632,100
439,425,16.989250,6.688369,100
440,425,17.039250,6.688369,100
440,426,17.039250,6.738369,100
442,390,17.139250,4.938369,100
495,326,19.789250,1.738369,100
496,327,19.839250,1.788369,100
306,344,10.339250,2.638369,100
289,520,9.489250,11.438369,100
432,196,16.639250,-4.761632,100
336,223,11.839250,-3.411632,100
336,224,11.839250,-3.361632,100
247,340,7.389250,2.438369,100
248,339,7.439250,2.388369,100
248,340,7.439250,2.438369,100
248,341,7.439250,2.488369,100
382,156,14.139250,-6.761632,100
383,157,14.189250,-6.711632,100
384,156,14.239250,-6.761632,100
207,487,5.389250,9.788369,100
154,334,2.739250,2.138369,100
391,125,14.589250,-8.311632,100
393,125,14.689250,-8.311632,100
374,72,13.739250,-10.961632,100
375,71,13.789250,-11.011632,100
375,72,13.789250,-10.961632,100
360,172,13.039250,-5.961632,100
361,172,13.089250,-5.961632,100
411,448,15.589250,7.838369,100
412,449,15.639250,7.888369,100
445,361,17.289250,3.488369,100
406,104,15.339250,-9.361632,100
407,103,15.389250,-9.411632,100
408,104,15.439250,-9.361632,100
258,160,7.939250,-6.561632,100
258,161,7.939250,-6.511632,100
259,161,7.989250,-6.511632,100
452,255,17.639250,-1.811632,100
452,256,17.639250,-1.761632,100
453,255,17.689250,-1.811632,100
273,514,8.689250,11.138369,100
274,513,8.739250,11.088369,100
274,514,8.739250,11.138369,100
274,515,8.739250,11.188369,100
275,514,8.789250,11.138369,100
309,171,10.489250,-6.011632,100
310,170,10.539250,-6.061632,100
310,171,10.539250,-6.011632,100
310,172,10.539250,-5.961632,100
311,171,10.589250,-6.011632,100
464,266,18.239250,-1.261632,100
410,257,15.539250,-1.711632,100
411,258,15.589250,-1.661632,100
235,177,6.789250,-5.711632,100
388,92,14.439250,-9.961632,100
389,91,14.489250,-10.011632,100
389,92,14.489250,-9.961632,100
389,93,14.489250,-9.911632,100
390,92,14.539250,-9.961632,100
279,220,8.989250,-3.561632,100
279,221,8.989250,-3.511632,100
453,256,17.689250,-1.761632,100
425,424,16.289250,6.638369,100
316,517,10.839250,11.288369,100
361,483,13.089250,9.588369,100
362,483,13.139250,9.588369,100
362,484,13.139250,9.638369,100
181,472,4.089250,9.038369,100
436,397,16.839250,5.288369,100
456,410,17.839250,5.938369,100
490,368,19.539250,3.838369,100
491,369,19.589250,3.888369,100
429,209,16.489250,-4.111632,100
431,209,16.589250,-4.111632,100
84,354,-0.760750,3.138369,100
85,353,-0.710750,3.088369,100
85,354,-0.710750,3.138369,100
85,355,-0.710750,3.188369,100
86,354,-0.660750,3.138369,100
285,344,9.289250,2.638369,100
286,343,9.339250,2.588369,100
157,424,2.889250,6.638369,100
158,423,2.939250,6.588369,100
159,424,2.989250,6.638369,100
258,510,7.939250,10.938369,100
321,221,11.089250,-3.511632,100
133,332,1.689250,2.038369,100
134,333,1.739250,2.088369,100
135,332,1.789250,2.038369,100
171,358,3.589250,3.338369,100
172,357,3.639250,3.288369,100
172,358,3.639250,3.338369,100
172,359,3.639250,3.388369,100
173,358,3.689250,3.338369,100
287,346,9.389250,2.738369,100
347,175,12.389250,-5.811632,100
348,175,12.439250,-5.811632,100
348,176,12.439250,-5.761632,100
259,513,7.989250,11.088369,100
270,520,8.539250,11.438369,100
270,522,8.539250,11.538369,100
444,373,17.239250,4.088369,100
445,374,17.289250,4.138369,100
446,373,17.339250,4.088369,100
445,338,17.289250,2.338369,100
425,131,16.289250,-8.011632,100
426,130,16.339250,-8.061632,100
426,131,16.339250,-8.011632,100
203,201,5.189250,-4.511632,100
203,202,5.189250,-4.461632,100
176,333,3.839250,2.088369,100
176,335,3.839250,2.188369,100
122,398,1.139250,5.338369,100
81,324,-0.910750,1.638369,100
349,177,12.489250,-5.711632,100
435,144,16.789250,-7.361632,100
436,145,16.839250,-7.311632,100
437,144,16.889250,-7.361632,100
446,419,17.339250,6.388369,100
447,420,17.389250,6.438369,100
448,419,17.439250,6.388369,100
304,518,10.239250,11.338369,100
230,342,6.539250,2.538369,100
271,341,8.589250,2.488369,100
271,343,8.589250,2.588369,100
163,435,3.189250,7.188369,100
380,473,14.039250,9.088369,100
381,474,14.089250,9.138369,100
382,473,14.139250,9.088369,100
437,145,16.889250,-7.311632,100
164,440,3.239250,7.438369,100
165,439,3.289250,7.388369,100
166,440,3.339250,7.438369,100
124,404,1.239250,5.638369,100
125,403,1.289250,5.588369,100
125,404,1.289250,5.638369,100
301,220,10.089250,-3.561632,100
447,154,17.389250,-6.861632,100
448,153,17.439250,-6.911632,100
448,154,17.439250,-6.861632,100
366,166,13.339250,-6.261632,100
367,166,13.389250,-6.261632,100
367,167,13.389250,-6.211632,100
197,208,4.889250,-4.161632,100
198,208,4.939250,-4.161632,100
198,209,4.939250,-4.111632,100
424,436,16.239250,7.238369,100
425,437,16.289250,7.288369,100
416,432,15.839250,7.038369,100
417,431,15.889250,6.988369,100
417,432,15.889250,7.038369,100
417,433,15.889250,7.088369,100
241,171,7.089250,-6.011632,100
242,171,7.139250,-6.011632,100
242,172,7.139250,-5.961632,100
207,212,5.389250,-3.961632,100
207,214,5.389250,-3.861632,100
119,328,0.989250,1.838369,100
69,324,-1.510750,1.638369,100
70,323,-1.460750,1.588369,100
70,324,-1.460750,1.638369,100
70,325,-1.460750,1.688369,100
71,324,-1.410750,1.638369,100
391,115,14.589250,-8.811632,100
392,115,14.639250,-8.811632,100
392,116,14.639250,-8.761632,100
393,115,14.689250,-8.811632,100
219,497,5.989250,10.288369,100
220,498,6.039250,10.338369,100
309,345,10.489250,2.688369,100
214,336,5.739250,2.238369,100
214,338,5.739250,2.338369,100
463,403,18.189250,5.588369,100
463,404,18.189250,5.638369,100
387,81,14.389250,-10.511632,100
388,80,14.439250,-10.561632,100
389,81,14.489250,-10.511632,100
411,438,15.589250,7.338369,100
412,438,15.639250,7.338369,100
412,439,15.639250,7.388369,100
445,351,17.289250,2.988369,100
244,215,7.239250,-3.811632,100
244,217,7.239250,-3.711632,100
161,448,3.089250,7.838369,100
162,447,3.139250,7.788369,100
237,177,6.889250,-5.711632,100
221,499,6.089250,10.388369,100
178,352,3.939250,3.038369,100
179,352,3.989250,3.038369,100
179,353,3.989250,3.088369,100
389,83,14.489250,-10.411632,100
390,82,14.539250,-10.461632,100
413,439,15.689250,7.388369,100
413,440,15.689250,7.438369,100
414,439,15.739250,7.388369,100
242,516,7.139250,11.238369,100
243,515,7.189250,11.188369,100
243,516,7.189250,11.238369,100
243,517,7.189250,11.288369,100
244,516,7.239250,11.238369,100
321,177,11.089250,-5.711632,100
339,223,11.989250,-3.411632,100
350,499,12.539250,10.388369,100
351,499,12.589250,10.388369,100
108,327,0.439250,1.788369,100
108,328,0.439250,1.838369,100
109,328,0.489250,1.838369,100
416,443,15.839250,7.588369,100
416,444,15.839250,7.638369,100
417,444,15.889250,7.638369,100
156,409,2.839250,5.888369,100
427,418,16.389250,6.338369,100
428,418,16.439250,6.338369,100
428,419,16.439250,6.388369,100
429,418,16.489250,6.338369,100
442,318,17.139250,1.338369,100
443,318,17.189250,1.338369,100
66,330,-1.660750,1.938369,100
66,331,-1.660750,1.988369,100
67,331,-1.610750,1.988369,100
280,219,9.039250,-3.611632,100
281,218,9.089250,-3.661632,100
282,219,9.139250,-3.611632,100
493,363,19.689250,3.588369,100
494,363,19.739250,3.588369,100
494,364,19.739250,3.638369,100
495,363,19.789250,3.588369,100
439,392,16.989250,5.038369,100
440,392,17.039250,5.038369,100
440,393,17.039250,5.088369,100
252,340,7.639250,2.438369,100
276,514,8.839250,11.138369,100
277,515,8.889250,11.188369,100
216,505,5.839250,10.688369,100
202,339,5.139250,2.388369,100
202,341,5.139250,2.488369,100
186,477,4.339250,9.288369,100
187,476,4.389250,9.238369,100
187,477,4.389250,9.288369,100
187,478,4.389250,9.338369,100
188,477,4.439250,9.288369,100
418,265,15.939250,-1.311632,100
193,336,4.689250,2.238369,100
194,337,4.739250,2.288369,100
282,221,9.139250,-3.511632,100
456,256,17.839250,-1.761632,100
453,412,17.689250,6.038369,100
383,88,14.189250,-10.161632,100
403,102,15.189250,-9.461632,100
287,155,9.389250,-6.811632,100
446,329,17.339250,1.888369,100
447,328,17.389250,1.838369,100
223,215,6.189250,-3.811632,100
224,216,6.239250,-3.761632,100
225,215,6.289250,-3.811632,100
422,424,16.139250,6.638369,100
423,424,16.189250,6.638369,100
423,425,16.189250,6.688369,100
298,164,9.939250,-6.361632,100
298,165,9.939250,-6.311632,100
299,164,9.989250,-6.361632,100
174,359,3.739250,3.388369,100
175,359,3.789250,3.388369,100
175,360,3.789250,3.438369,100
289,343,9.489250,2.588369,100
80,350,-0.960750,2.938369,100
80,351,-0.960750,2.988369,100
313,517,10.689250,11.288369,100
314,518,10.739250,11.338369,100
351,177,12.589250,-5.711632,100
430,199,16.539250,-4.611632,100
431,199,16.589250,-4.611632,100
431,200,16.589250,-4.561632,100
432,199,16.639250,-4.611632,100
421,271,16.089250,-1.011632,100
421,272,16.089250,-0.961632,100
422,271,16.139250,-1.011632,100
427,130,16.389250,-8.061632,100
428,129,16.439250,-8.111632,100
428,130,16.439250,-8.061632,100
428,131,16.439250,-8.011632,100
429,130,16.489250,-8.061632,100
365,484,13.289250,9.638369,100
366,484,13.339250,9.638369,100
319,224,10.989250,-3.361632,100
472,281,18.639250,-0.511632,100
473,282,18.689250,-0.461632,100
474,281,18.739250,-0.511632,100
403,447,15.189250,7.788369,100
404,447,15.239250,7.788369,100
404,448,15.239250,7.838369,100
136,332,1.839250,2.038369,100
137,333,1.889250,2.088369,100
271,148,8.589250,-7.161632,100
272,147,8.639250,-7.211632,100
272,148,8.639250,-7.161632,100
272,149,8.639250,-7.111632,100
424,425,16.239250,6.688369,100
424,426,16.239250,6.738369,100
425,425,16.289250,6.688369,100
299,166,9.989250,-6.261632,100
485,292,19.289250,0.038368,100
435,399,16.789250,5.388369,100
436,399,16.839250,5.388369,100
436,400,16.839250,5.438369,100
429,131,16.489250,-8.011632,100
474,282,18.739250,-0.461632,100
364,231,13.239250,-3.011632,100
365,230,13.289250,-3.061632,100
154,422,2.739250,6.538369,100
155,421,2.789250,6.488369,100
155,422,2.789250,6.538369,100
155,423,2.789250,6.588369,100
429,212,16.489250,-3.961632,100
430,212,16.539250,-3.961632,100
300,510,10.039250,10.938369,100
300,511,10.039250,10.988369,100
301,511,10.089250,10.988369,100
105,380,0.289250,4.438369,100
106,379,0.339250,4.388369,100
106,380,0.339250,4.438369,100
106,381,0.339250,4.488369,100
107,380,0.389250,4.438369,100
332,508,11.639250,10.838369,100
361,490,13.089250,9.938369,100
362,490,13.139250,9.938369,100
158,427,2.939250,6.788369,100
158,428,2.939250,6.838369,100
159,427,2.989250,6.788369,100
233,342,6.689250,2.538369,100
427,434,16.389250,7.138369,100
249,510,7.489250,10.938369,100
250,511,7.539250,10.988369,100
418,431,15.939250,6.988369,100
437,301,16.889250,0.488368,100
439,301,16.989250,0.488368,100
356,227,12.839250,-3.211632,100
357,226,12.889250,-3.261632,100
357,227,12.889250,-3.211632,100
357,228,12.889250,-3.161632,100
358,227,12.939250,-3.211632,100
304,220,10.239250,-3.561632,100
334,510,11.739250,10.938369,100
335,509,11.789250,10.888369,100
325,505,11.289250,10.688369,100
326,504,11.339250,10.638369,100
326,505,11.339250,10.688369,100
326,506,11.339250,10.738369,100
327,505,11.389250,10.688369,100
394,110,14.739250,-9.061632,100
395,110,14.789250,-9.061632,100
395,111,14.789250,-9.011632,100
396,110,14.839250,-9.061632,100
292,511,9.639250,10.988369,100
447,157,17.389250,-6.711632,100
447,158,17.389250,-6.661632,100
448,157,17.439250,-6.711632,100
356,492,12.839250,10.038369,100
357,491,12.889250,9.988369,100
357,492,12.889250,10.038369,100
357,493,12.889250,10.088369,100
432,222,16.639250,-3.461632,100
433,221,16.689250,-3.511632,100
434,222,16.739250,-3.461632,100
377,470,13.889250,8.938369,100
439,303,16.989250,0.588368,100
440,302,17.039250,0.538368,100
270,345,8.539250,2.688369,100
141,424,2.089250,6.638369,100
142,425,2.139250,6.688369,100
143,424,2.189250,6.638369,100
245,171,7.289250,-6.011632,100
245,172,7.289250,-5.961632,100
445,380,17.289250,4.438369,100
122,328,1.139250,1.838369,100
187,345,4.389250,2.688369,100
187,346,4.389250,2.738369,100
188,346,4.439250,2.738369,100
72,324,-1.360750,1.638369,100
73,323,-1.310750,1.588369,100
73,324,-1.310750,1.638369,100
73,325,-1.310750,1.688369,100
74,324,-1.260750,1.638369,100
449,350,17.489250,2.938369,100
186,349,4.339250,2.888369,100
247,218,7.389250,-3.661632,100
416,433,15.839250,7.088369,100
416,434,15.839250,7.138369,100
417,434,15.889250,7.138369,100
287,514,9.389250,11.138369,100
288,513,9.439250,11.088369,100
288,514,9.439250,11.138369,100
288,515,9.439250,11.188369,100
289,514,9.489250,11.138369,100
155,399,2.789250,5.388369,100
155,400,2.789250,5.438369,100
245,517,7.289250,11.288369,100
246,516,7.339250,11.238369,100
246,517,7.339250,11.288369,100
246,518,7.339250,11.338369,100
306,347,10.339250,2.788369,100
307,348,10.389250,2.838369,100
494,318,19.739250,1.338369,100
495,318,19.789250,1.338369,100
495,319,19.789250,1.388369,100
496,318,19.839250,1.338369,100
342,226,12.139250,-3.261632,100
351,498,12.589250,10.338369,100
352,498,12.639250,10.338369,100
352,499,12.639250,10.388369,100
204,336,5.239250,2.238369,100
205,335,5.289250,2.188369,100
206,336,5.339250,2.238369,100
396,462,14.839250,8.538369,100
187,467,4.389250,8.788369,100
187,468,4.389250,8.838369,100
188,467,4.439250,8.788369,100
481,384,19.089250,4.638369,100
482,384,19.139250,4.638369,100
111,327,0.589250,1.788369,100
111,328,0.589250,1.838369,100
212,196,5.639250,-4.761632,100
213,197,5.689250,-4.711632,100
214,196,5.739250,-4.761632,100
380,152,14.039250,-6.961632,100
163,374,3.189250,4.138369,100
163,375,3.189250,4.188369,100
164,375,3.239250,4.188369,100
60,327,-1.960750,1.788369,100
61,327,-1.910750,1.788369,100
61,328,-1.910750,1.838369,100
388,458,14.439250,8.338369,100
389,459,14.489250,8.388369,100
152,410,2.639250,5.938369,100
300,345,10.039250,2.688369,100
301,344,10.089250,2.638369,100
301,345,10.089250,2.688369,100
301,346,10.089250,2.738369,100
408,107,15.439250,-9.211632,100
409,106,15.489250,-9.261632,100
409,107,15.489250,-9.211632,100
409,108,15.489250,-9.161632,100
410,107,15.539250,-9.211632,100
453,258,17.689250,-1.661632,100
454,259,17.739250,-1.611632,100
455,258,17.789250,-1.661632,100
285,219,9.289250,-3.611632,100
285,221,9.289250,-3.511632,100
181,473,4.089250,9.088369,100
182,473,4.139250,9.088369,100
182,474,4.139250,9.138369,100
62,328,-1.860750,1.838369,100
387,88,14.389250,-10.161632,100
377,74,13.889250,-10.861632,100
200,343,5.039250,2.588369,100
201,342,5.089250,2.538369,100
201,343,5.089250,2.588369,100
201,344,5.089250,2.638369,100
226,215,6.339250,-3.811632,100
227,214,6.389250,-3.861632,100
227,216,6.389250,-3.761632,100
455,259,17.789250,-1.611632,100
466,268,18.339250,-1.161632,100
466,269,18.339250,-1.111632,100
467,268,18.389250,-1.161632,100
183,474,4.189250,9.138369,100
384,464,14.239250,8.638369,100
384,465,14.239250,8.688369,100
438,171,16.939250,-6.011632,100
439,170,16.989250,-6.061632,100
276,521,8.839250,11.488369,100
276,523,8.839250,11.588369,100
86,357,-0.660750,3.288369,100
87,356,-0.610750,3.238369,100
87,357,-0.610750,3.288369,100
87,358,-0.610750,3.338369,100
88,357,-0.560750,3.288369,100
496,341,19.839250,2.488369,100
498,341,19.939250,2.488369,100
275,147,8.789250,-7.211632,100
275,149,8.789250,-7.111632,100
428,206,16.439250,-4.261632,100
375,236,13.789250,-2.761632,100
156,421,2.839250,6.488369,100
158,421,2.939250,6.488369,100
444,330,17.239250,1.938369,100
445,330,17.289250,1.938369,100
445,331,17.289250,1.988369,100
446,330,17.339250,1.938369,100
202,342,5.139250,2.538369,100
202,344,5.139250,2.638369,100
368,233,13.439250,-2.911632,100
303,510,10.189250,10.938369,100
303,511,10.189250,10.988369,100
446,151,17.339250,-7.011632,100
280,343,9.039250,2.588369,100
281,342,9.089250,2.538369,100
281,343,9.089250,2.588369,100
281,344,9.089250,2.638369,100
282,343,9.139250,2.588369,100
434,401,16.739250,5.488369,100
435,400,16.789250,5.438369,100
435,401,16.789250,5.488369,100
435,402,16.789250,5.538369,100
436,401,16.839250,5.488369,100
252,510,7.639250,10.938369,100
253,509,7.689250,10.888369,100
253,510,7.689250,10.938369,100
253,511,7.689250,10.988369,100
247,166,7.389250,-6.261632,100
248,165,7.439250,-6.311632,100
248,166,7.439250,-6.261632,100
248,167,7.439250,-6.211632,100
249,166,7.489250,-6.261632,100
428,133,16.439250,-7.911632,100
429,133,16.489250,-7.911632,100
177,336,3.889250,2.238369,100
122,400,1.139250,5.438369,100
123,399,1.189250,5.388369,100
124,400,1.239250,5.438369,100
430,287,16.539250,-0.211632,100
431,287,16.589250,-0.211632,100
431,288,16.589250,-0.161632,100
432,287,16.639250,-0.211632,100
188,345,4.439250,2.688369,100
189,345,4.489250,2.688369,100
189,346,4.489250,2.738369,100
402,454,15.139250,8.138369,100
403,455,15.189250,8.188369,100
438,148,16.939250,-7.161632,100
439,147,16.989250,-7.211632,100
439,148,16.989250,-7.161632,100
439,149,16.989250,-7.111632,100
440,148,17.039250,-7.161632,100
154,389,2.739250,4.888369,100
155,389,2.789250,4.888369,100
155,390,2.789250,4.938369,100
254,512,7.739250,11.038369,100
469,399,18.489250,5.388369,100
441,153,17.089250,-6.911632,100
442,153,17.139250,-6.911632,100
442,154,17.139250,-6.861632,100
361,227,13.089250,-3.211632,100
273,345,8.689250,2.688369,100
219,189,5.989250,-5.111632,100
124,402,1.239250,5.538369,100
125,401,1.289250,5.488369,100
171,332,3.589250,2.038369,100
485,379,19.289250,4.388369,100
485,380,19.289250,4.438369,100
486,380,19.339250,4.438369,100
255,520,7.789250,11.438369,100
256,521,7.839250,11.488369,100
127,406,1.389250,5.738369,100
127,407,1.389250,5.788369,100
128,406,1.439250,5.738369,100
243,172,7.189250,-5.961632,100
243,173,7.189250,-5.911632,100
244,172,7.239250,-5.961632,100
470,400,18.539250,5.438369,100
470,401,18.539250,5.488369,100
443,384,17.189250,4.638369,100
444,383,17.239250,4.588369,100
368,168,13.439250,-6.161632,100
369,168,13.489250,-6.161632,100
369,169,13.489250,-6.111632,100
200,212,5.039250,-3.961632,100
201,211,5.089250,-4.011632,100
201,212,5.089250,-3.961632,100
201,213,5.089250,-3.911632,100
353,488,12.689250,9.838369,100
353,490,12.689250,9.938369,100
354,489,12.739250,9.888369,100
319,346,10.989250,2.738369,100
319,348,10.989250,2.838369,100
320,347,11.039250,2.788369,100
446,353,17.339250,3.088369,100
448,353,17.439250,3.088369,100
290,514,9.539250,11.138369,100
291,514,9.589250,11.138369,100
291,515,9.589250,11.188369,100
77,324,-1.110750,1.638369,100
77,326,-1.110750,1.738369,100
432,189,16.639250,-5.111632,100
433,190,16.689250,-5.061632,100
434,189,16.739250,-5.111632,100
444,163,17.239250,-6.411632,100
445,163,17.289250,-6.411632,100
445,164,17.289250,-6.361632,100
216,339,5.839250,2.388369,100
216,341,5.839250,2.488369,100
152,400,2.639250,5.438369,100
154,400,2.739250,5.438369,100
325,511,11.289250,10.988369,100
316,508,10.839250,10.838369,100
317,507,10.889250,10.788369,100
222,499,6.139250,10.388369,100
222,500,6.139250,10.438369,100
162,450,3.139250,7.938369,100
163,451,3.189250,7.988369,100
164,450,3.239250,7.938369,100
261,343,8.089250,2.588369,100
262,342,8.139250,2.538369,100
262,343,8.139250,2.588369,100
262,344,8.139250,2.638369,100
217,192,5.889250,-4.961632,100
330,177,11.539250,-5.711632,100
331,176,11.589250,-5.761632,100
331,177,11.589250,-5.711632,100
331,178,11.589250,-5.661632,100
209,336,5.489250,2.238369,100
209,338,5.489250,2.338369,100
446,164,17.339250,-6.361632,100
446,165,17.339250,-6.311632,100
447,164,17.389250,-6.361632,100
332,223,11.639250,-3.411632,100
333,222,11.689250,-3.461632,100
334,223,11.739250,-3.411632,100
446,245,17.339250,-2.311632,100
447,244,17.389250,-2.361632,100
447,245,17.389250,-2.311632,100
447,246,17.389250,-2.261632,100
448,245,17.439250,-2.311632,100
438,424,16.939250,6.638369,100
438,425,16.939250,6.688369,100
304,344,10.239250,2.638369,100
304,346,10.239250,2.738369,100
496,331,19.839250,1.988369,100
498,331,19.939250,1.988369,100
456,258,17.839250,-1.661632,100
457,259,17.889250,-1.611632,100
458,258,17.939250,-1.661632,100
286,521,9.339250,11.488369,100
287,520,9.389250,11.438369,100
460,408,18.039250,5.838369,100
461,408,18.089250,5.838369,100
461,409,18.089250,5.888369,100
462,408,18.139250,5.838369,100
254,160,7.739250,-6.561632,100
255,159,7.789250,-6.611632,100
255,160,7.789250,-6.561632,100
255,161,7.789250,-6.511632,100
256,160,7.839250,-6.561632,100
481,385,19.089250,4.688369,100
481,386,19.089250,4.738369,100
482,386,19.139250,4.738369,100
204,339,5.239250,2.388369,100
205,339,5.289250,2.388369,100
245,340,7.289250,2.438369,100
246,339,7.339250,2.388369,100
246,340,7.339250,2.438369,100
246,341,7.339250,2.488369,100
150,331,2.539250,1.988369,100
151,330,2.589250,1.938369,100
152,331,2.639250,1.988369,100
441,170,17.089250,-6.061632,100
442,170,17.139250,-6.061632,100
458,259,17.939250,-1.611632,100
405,104,15.289250,-9.361632,100
405,105,15.289250,-9.311632,100
443,324,17.189250,1.638369,100
376,77,13.839250,-10.711632,100
316,176,10.839250,-5.761632,100
272,514,8.639250,11.138369,100
272,515,8.639250,11.188369,100
152,333,2.639250,2.088369,100
299,167,9.989250,-6.211632,100
300,167,10.039250,-6.211632,100
300,168,10.039250,-6.161632,100
188,479,4.439250,9.388369,100
189,478,4.489250,9.338369,100
189,479,4.489250,9.388369,100
189,480,4.489250,9.438369,100
190,479,4.539250,9.388369,100
344,501,12.239250,10.488369,100
81,353,-0.910750,3.088369,100
82,354,-0.860750,3.138369,100
472,279,18.639250,-0.611632,100
278,147,8.939250,-7.211632,100
278,149,8.939250,-7.111632,100
93,327,-0.310750,1.788369,100
94,326,-0.260750,1.738369,100
94,327,-0.260750,1.788369,100
94,328,-0.260750,1.838369,100
95,327,-0.210750,1.788369,100
152,413,2.639250,6.088369,100
153,413,2.689250,6.088369,100
153,414,2.689250,6.138369,100
154,413,2.739250,6.088369,100
173,356,3.689250,3.238369,100
174,356,3.739250,3.238369,100
174,357,3.739250,3.288369,100
309,173,10.489250,-5.911632,100
375,162,13.789250,-6.461632,100
376,161,13.839250,-6.511632,100
376,162,13.839250,-6.461632,100
376,163,13.839250,-6.411632,100
377,162,13.889250,-6.461632,100
408,110,15.439250,-9.061632,100
409,109,15.489250,-9.111632,100
409,110,15.489250,-9.061632,100
301,168,10.089250,-6.161632,100
301,169,10.089250,-6.111632,100
302,168,10.139250,-6.161632,100
103,377,0.189250,4.288369,100
104,376,0.239250,4.238369,100
105,377,0.289250,4.288369,100
283,344,9.189250,2.638369,100
284,343,9.239250,2.588369,100
284,344,9.239250,2.638369,100
284,345,9.239250,2.688369,100
336,499,11.839250,10.388369,100
337,498,11.889250,10.338369,100
188,335,4.439250,2.188369,100
189,334,4.489250,2.138369,100
189,335,4.489250,2.188369,100
189,336,4.489250,2.238369,100
410,448,15.539250,7.838369,100
411,449,15.589250,7.888369,100
422,273,16.139250,-0.911632,100
423,272,16.189250,-0.961632,100
423,273,16.189250,-0.911632,100
423,274,16.189250,-0.861632,100
424,273,16.239250,-0.911632,100
477,393,18.889250,5.088369,100
251,168,7.589250,-6.161632,100
252,167,7.639250,-6.211632,100
389,96,14.489250,-9.761632,100
390,96,14.539250,-9.761632,100
390,97,14.539250,-9.711632,100
391,96,14.589250,-9.761632,100
340,503,12.039250,10.588369,100
340,504,12.039250,10.638369,100
341,504,12.089250,10.638369,100
438,177,16.939250,-5.711632,100
306,510,10.339250,10.938369,100
268,220,8.439250,-3.561632,100
228,184,6.439250,-5.361632,100
388,137,14.439250,-7.711632,100
389,137,14.489250,-7.711632,100
389,138,14.489250,-7.661632,100
105,379,0.289250,4.388369,100
106,378,0.339250,4.338369,100
346,174,12.339250,-5.861632,100
346,176,12.339250,-5.761632,100
419,124,15.989250,-8.361632,100
420,123,16.039250,-8.411632,100
420,125,16.039250,-8.311632,100
107,383,0.389250,4.588369,100
108,382,0.439250,4.538369,100
108,383,0.439250,4.588369,100
108,384,0.439250,4.638369,100
109,383,0.489250,4.588369,100
496,344,19.839250,2.638369,100
497,344,19.889250,2.638369,100
497,345,19.889250,2.688369,100
498,344,19.939250,2.638369,100
431,133,16.589250,-7.911632,100
431,134,16.589250,-7.861632,100
432,133,16.639250,-7.911632,100
355,489,12.789250,9.888369,100
355,490,12.789250,9.938369,100
356,489,12.839250,9.888369,100
313,222,10.689250,-3.461632,100
314,221,10.739250,-3.511632,100
314,222,10.739250,-3.461632,100
314,223,10.739250,-3.411632,100
315,222,10.789250,-3.461632,100
428,209,16.439250,-4.111632,100
446,343,17.339250,2.588369,100
448,343,17.439250,2.588369,100
79,324,-1.010750,1.638369,100
444,153,17.239250,-6.911632,100
445,152,17.289250,-6.961632,100
445,153,17.289250,-6.911632,100
445,154,17.289250,-6.861632,100
446,153,17.339250,-6.911632,100
489,304,19.489250,0.638368,100
490,305,19.539250,0.688368,100
467,402,18.389250,5.538369,100
468,402,18.439250,5.538369,100
468,403,18.439250,5.588369,100
469,402,18.489250,5.538369,100
132,332,1.639250,2.038369,100
133,333,1.689250,2.088369,100
174,332,3.739250,2.038369,100
193,345,4.689250,2.688369,100
399,452,14.989250,8.038369,100
393,107,14.689250,-9.211632,100
394,107,14.739250,-9.211632,100
162,440,3.139250,7.438369,100
163,441,3.189250,7.488369,100
446,154,17.339250,-6.861632,100
134,413,1.739250,6.088369,100
134,414,1.739250,6.138369,100
135,413,1.789250,6.088369,100
401,456,15.089250,8.238369,100
402,455,15.139250,8.188369,100
402,456,15.139250,8.238369,100
402,457,15.139250,8.288369,100
403,456,15.189250,8.238369,100
195,208,4.789250,-4.161632,100
196,207,4.839250,-4.211632,100
432,220,16.639250,-3.561632,100
433,219,16.689250,-3.611632,100
449,158,17.489250,-6.661632,100
449,159,17.489250,-6.611632,100
450,159,17.539250,-6.611632,100
165,365,3.289250,3.688369,100
166,364,3.339250,3.638369,100
166,365,3.339250,3.688369,100
166,366,3.339250,3.738369,100
167,365,3.389250,3.688369,100
143,426,2.189250,6.738369,100
145,426,2.289250,6.738369,100
352,225,12.639250,-3.311632,100
352,227,12.639250,-3.211632,100
353,226,12.689250,-3.261632,100
219,341,5.989250,2.488369,100
188,348,4.439250,2.838369,100
189,347,4.489250,2.788369,100
189,348,4.489250,2.838369,100
189,349,4.489250,2.888369,100
190,348,4.539250,2.838369,100
117,328,0.889250,1.838369,100
351,495,12.589250,10.188369,100
443,385,17.189250,4.688369,100
262,154,8.139250,-6.861632,100
263,153,8.189250,-6.911632,100
263,154,8.189250,-6.861632,100
263,155,8.189250,-6.811632,100
264,154,8.239250,-6.861632,100
328,513,11.439250,11.088369,100
329,512,11.489250,11.038369,100
373,479,13.689250,9.388369,100
374,480,13.739250,9.438369,100
298,519,9.939250,11.388369,100
299,520,9.989250,11.438369,100
226,502,6.339250,10.538369,100
265,344,8.289250,2.638369,100
439,424,16.989250,6.638369,100
212,336,5.639250,2.238369,100
212,338,5.639250,2.338369,100
197,207,4.889250,-4.211632,100
417,442,15.889250,7.538369,100
418,443,15.939250,7.588369,100
242,215,7.139250,-3.811632,100
242,217,7.139250,-3.711632,100
448,356,17.439250,3.238369,100
218,497,5.939250,10.288369,100
376,71,13.839250,-11.011632,100
188,469,4.439250,8.888369,100
189,468,4.489250,8.838369,100
189,469,4.489250,8.888369,100
190,469,4.539250,8.888369,100
445,360,17.289250,3.438369,100
290,520,9.539250,11.438369,100
290,522,9.539250,11.538369,100
386,81,14.339250,-10.511632,100
387,80,14.389250,-10.561632,100
241,516,7.089250,11.238369,100
241,517,7.089250,11.288369,100
161,372,3.089250,4.038369,100
162,371,3.139250,3.988369,100
162,372,3.139250,4.038369,100
162,373,3.139250,4.088369,100
163,372,3.189250,4.038369,100
337,223,11.889250,-3.411632,100
249,339,7.489250,2.388369,100
249,341,7.489250,2.488369,100
273,513,8.689250,11.088369,100
274,512,8.739250,11.038369,100
275,513,8.789250,11.088369,100
219,498,5.989250,10.338369,100
481,389,19.089250,4.888369,100
371,482,13.589250,9.538369,100
372,482,13.639250,9.538369,100
361,173,13.089250,-5.911632,100
279,218,8.989250,-3.661632,100
275,515,8.789250,11.188369,100
302,167,10.139250,-6.211632,100
303,166,10.189250,-6.261632,100
303,167,10.189250,-6.211632,100
303,168,10.189250,-6.161632,100
304,167,10.239250,-6.211632,100
467,271,18.389250,-1.011632,100
468,270,18.439250,-1.061632,100
468,271,18.439250,-1.011632,100
339,497,11.989250,10.288369,100
64,330,-1.760750,1.938369,100
64,331,-1.760750,1.988369,100
65,330,-1.710750,1.938369,100
280,221,9.039250,-3.511632,100
441,172,17.089250,-5.961632,100
96,327,-0.160750,1.788369,100
97,326,-0.110750,1.738369,100
97,327,-0.110750,1.788369,100
97,328,-0.110750,1.838369,100
411,110,15.589250,-9.061632,100
412,109,15.639250,-9.111632,100
412,110,15.639250,-9.061632,100
412,111,15.639250,-9.011632,100
413,110,15.689250,-9.061632,100
357,175,12.889250,-5.811632,100
358,174,12.939250,-5.861632,100
496,334,19.839250,2.138369,100
497,334,19.889250,2.138369,100
498,334,19.939250,2.138369,100
409,451,15.489250,7.988369,100
410,450,15.539250,7.938369,100
304,168,10.239250,-6.161632,100
457,261,17.889250,-1.511632,100
457,262,17.889250,-1.461632,100
458,261,17.939250,-1.511632,100
474,395,18.739250,5.188369,100
475,395,18.789250,5.188369,100
475,396,18.789250,5.238369,100
296,164,9.839250,-6.361632,100
296,165,9.839250,-6.311632,100
185,476,4.289250,9.238369,100
185,477,4.289250,9.288369,100
186,476,4.339250,9.238369,100
287,343,9.389250,2.588369,100
447,332,17.389250,2.038369,100
447,334,17.389250,2.138369,100
448,333,17.439250,2.088369,100
312,516,10.639250,11.238369,100
312,518,10.639250,11.338369,100
98,329,-0.060750,1.888369,100
406,445,15.339250,7.688369,100
88,359,-0.560750,3.388369,100
89,358,-0.510750,3.338369,100
89,359,-0.510750,3.388369,100
89,360,-0.510750,3.438369,100
90,359,-0.460750,3.388369,100
196,341,4.839250,2.488369,100
196,343,4.839250,2.588369,100
197,342,4.889250,2.538369,100
425,130,16.289250,-8.061632,100
317,224,10.889250,-3.361632,100
222,213,6.139250,-3.911632,100
222,214,6.139250,-3.861632,100
297,165,9.889250,-6.311632,100
297,166,9.889250,-6.261632,100
421,425,16.089250,6.688369,100
422,425,16.139250,6.688369,100
422,426,16.139250,6.738369,100
99,374,-0.010750,4.138369,100
428,284,16.439250,-0.361632,100
386,467,14.339250,8.788369,100
387,467,14.389250,8.788369,100
193,337,4.689250,2.288369,100
271,520,8.589250,11.438369,100
336,502,11.839250,10.538369,100
337,501,11.889250,10.488369,100
204,203,5.239250,-4.411632,100
223,216,6.189250,-3.761632,100
429,136,16.489250,-7.761632,100
430,135,16.539250,-7.811632,100
430,136,16.539250,-7.761632,100
361,230,13.089250,-3.061632,100
362,231,13.139250,-3.011632,100
226,185,6.339250,-5.311632,100
227,185,6.389250,-5.311632,100
227,186,6.389250,-5.261632,100
228,185,6.439250,-5.311632,100
124,403,1.239250,5.588369,100
125,402,1.289250,5.538369,100
126,403,1.339250,5.588369,100
387,139,14.389250,-7.611632,100
388,138,14.439250,-7.661632,100
388,139,14.439250,-7.611632,100
388,140,14.439250,-7.561632,100
389,139,14.489250,-7.611632,100
432,290,16.639250,-0.061632,100
433,290,16.689250,-0.061632,100
433,291,16.689250,-0.011632,100
434,290,16.739250,-0.061632,100
449,153,17.489250,-6.911632,100
440,149,17.039250,-7.111632,100
440,150,17.039250,-7.061632,100
441,149,17.089250,-7.111632,100
345,178,12.289250,-5.661632,100
346,177,12.339250,-5.711632,100
136,333,1.839250,2.088369,100
382,474,14.139250,9.138369,100
300,519,10.039250,11.388369,100
300,520,10.039250,11.438369,100
300,521,10.039250,11.488369,100
301,520,10.089250,11.438369,100
355,226,12.789250,-3.261632,100
355,228,12.789250,-3.161632,100
259,218,7.989250,-3.661632,100
260,217,8.039250,-3.711632,100
260,218,8.039250,-3.661632,100
260,219,8.039250,-3.611632,100
441,150,17.089250,-7.061632,100
156,391,2.839250,4.988369,100
157,391,2.889250,4.988369,100
157,392,2.889250,5.038369,100
158,391,2.939250,4.988369,100
391,114,14.589250,-8.861632,100
393,114,14.689250,-8.861632,100
374,470,13.739250,8.938369,100
375,470,13.789250,8.938369,100
495,351,19.789250,2.988369,100
496,350,19.839250,2.938369,100
496,351,19.839250,2.988369,100
496,352,19.839250,3.038369,100
497,351,19.889250,2.988369,100
173,335,3.689250,2.188369,100
173,336,3.689250,2.238369,100
331,508,11.589250,10.838369,100
332,507,11.639250,10.788369,100
378,474,13.939250,9.138369,100
378,476,13.939250,9.238369,100
379,475,13.989250,9.188369,100
71,323,-1.410750,1.588369,100
71,325,-1.410750,1.688369,100
394,119,14.739250,-8.611632,100
395,120,14.789250,-8.561632,100
396,119,14.839250,-8.611632,100
445,350,17.289250,2.938369,100
430,221,16.539250,-3.511632,100
431,221,16.589250,-3.511632,100
431,222,16.589250,-3.461632,100
432,221,16.639250,-3.511632,100
431,186,16.589250,-5.261632,100
396,120,14.839250,-8.561632,100
396,121,14.839250,-8.511632,100
397,120,14.889250,-8.561632,100
347,493,12.389250,10.088369,100
414,438,15.739250,7.338369,100
304,347,10.239250,2.788369,100
305,347,10.289250,2.788369,100
305,348,10.289250,2.838369,100
245,215,7.289250,-3.811632,100
370,476,13.539250,9.238369,100
371,476,13.589250,9.238369,100
196,211,4.839250,-4.011632,100
444,317,17.239250,1.288368,100
164,452,3.239250,8.038369,100
165,453,3.289250,8.088369,100
166,452,3.339250,8.038369,100
493,362,19.689250,3.538369,100
495,362,19.789250,3.538369,100
244,515,7.239250,11.188369,100
244,517,7.239250,11.288369,100
245,516,7.289250,11.238369,100
326,178,11.339250,-5.661632,100
395,92,14.789250,-9.961632,100
396,91,14.839250,-10.011632,100
397,92,14.889250,-9.961632,100
393,86,14.689250,-10.261632,100
394,87,14.739250,-10.211632,100
109,327,0.489250,1.788369,100
417,443,15.889250,7.588369,100
417,445,15.889250,7.688369,100
418,444,15.939250,7.638369,100
152,334,2.639250,2.138369,100
153,334,2.689250,2.138369,100
153,335,2.689250,2.188369,100
166,453,3.339250,8.088369,100
166,454,3.339250,8.138369,100
167,453,3.389250,8.088369,100
282,218,9.139250,-3.661632,100
283,219,9.189250,-3.611632,100
234,180,6.739250,-5.561632,100
235,179,6.789250,-5.611632,100
306,348,10.339250,2.838369,100
70,335,-1.460750,2.188369,100
70,337,-1.460750,2.288369,100
71,336,-1.410750,2.238369,100
278,515,8.939250,11.188369,100
432,198,16.639250,-4.661632,100
391,127,14.589250,-8.211632,100
392,128,14.639250,-8.161632,100
393,127,14.689250,-8.211632,100
247,342,7.389250,2.538369,100
248,342,7.439250,2.538369,100
248,343,7.439250,2.588369,100
283,221,9.189250,-3.511632,100
195,337,4.789250,2.288369,100
146,330,2.339250,1.938369,100
146,332,2.339250,2.038369,100
456,412,17.839250,6.038369,100
191,481,4.589250,9.488369,100
191,483,4.589250,9.588369,100
192,482,4.639250,9.538369,100
421,269,16.089250,-1.111632,100
422,270,16.139250,-1.061632,100
406,106,15.339250,-9.261632,100
407,107,15.389250,-9.211632,100
408,106,15.439250,-9.261632,100
445,363,17.289250,3.588369,100
225,216,6.289250,-3.761632,100
378,79,13.939250,-10.611632,100
378,80,13.939250,-10.561632,100
379,79,13.989250,-10.611632,100
290,160,9.539250,-6.561632,100
291,159,9.589250,-6.611632,100
291,160,9.589250,-6.561632,100
291,161,9.589250,-6.511632,100
292,160,9.639250,-6.561632,100
290,343,9.539250,2.588369,100
315,518,10.789250,11.338369,100
310,173,10.539250,-5.911632,100
310,174,10.539250,-5.861632,100
422,272,16.139250,-0.961632,100
423,271,16.189250,-1.011632,100
375,158,13.789250,-6.661632,100
375,159,13.789250,-6.611632,100
376,159,13.839250,-6.611632,100
320,224,11.039250,-3.361632,100
452,258,17.639250,-1.661632,100
453,259,17.689250,-1.611632,100
292,161,9.639250,-6.511632,100
292,162,9.639250,-6.461632,100
293,161,9.689250,-6.511632,100
490,370,19.539250,3.938369,100
491,370,19.589250,3.938369,100
491,371,19.589250,3.988369,100
492,370,19.639250,3.938369,100
456,413,17.839250,6.088369,100
429,211,16.489250,-4.011632,100
431,211,16.589250,-4.011632,100
84,356,-0.760750,3.238369,100
85,356,-0.710750,3.238369,100
85,357,-0.710750,3.288369,100
86,356,-0.660750,3.238369,100
159,426,2.989250,6.738369,100
88,326,-0.560750,1.738369,100
89,325,-0.510750,1.688369,100
89,326,-0.510750,1.738369,100
89,327,-0.510750,1.788369,100
90,326,-0.460750,1.738369,100
373,235,13.689250,-2.811632,100
432,136,16.639250,-7.761632,100
433,135,16.689250,-7.811632,100
433,136,16.689250,-7.761632,100
433,137,16.689250,-7.711632,100
434,136,16.739250,-7.761632,100
365,231,13.289250,-3.011632,100
421,426,16.089250,6.738369,100
421,427,16.089250,6.788369,100
422,427,16.139250,6.788369,100
279,342,8.989250,2.538369,100
488,302,19.439250,0.538368,100
394,109,14.739250,-9.111632,100
396,109,14.839250,-9.111632,100
251,511,7.589250,10.988369,100
445,376,17.289250,4.238369,100
446,375,17.339250,4.188369,100
445,340,17.289250,2.438369,100
366,232,13.339250,-2.961632,100
492,308,19.639250,0.838368,100
493,307,19.689250,0.788368,100
377,468,13.889250,8.838369,100
440,301,17.039250,0.488368,100
203,204,5.189250,-4.361632,100
204,204,5.239250,-4.361632,100
269,148,8.489250,-7.161632,100
269,149,8.489250,-7.111632,100
270,149,8.539250,-7.111632,100
434,181,16.739250,-5.511632,100
435,180,16.789250,-5.561632,100
435,181,16.789250,-5.511632,100
435,182,16.789250,-5.461632,100
436,181,16.839250,-5.511632,100
493,308,19.689250,0.838368,100
494,308,19.739250,0.838368,100
423,437,16.189250,7.288369,100
424,437,16.239250,7.288369,100
424,438,16.239250,7.338369,100
271,345,8.589250,2.688369,100
127,329,1.389250,1.888369,100
128,330,1.439250,1.938369,100
74,323,-1.260750,1.588369,100
327,503,11.389250,10.588369,100
327,504,11.389250,10.638369,100
145,429,2.289250,6.888369,100
146,430,2.339250,6.938369,100
147,429,2.389250,6.888369,100
164,442,3.239250,7.538369,100
165,443,3.289250,7.588369,100
166,442,3.339250,7.538369,100
240,172,7.039250,-5.961632,100
241,172,7.089250,-5.961632,100
241,173,7.089250,-5.911632,100
496,317,19.839250,1.288368,100
417,435,15.889250,7.188369,100
418,434,15.939250,7.138369,100
168,366,3.439250,3.738369,100
168,367,3.439250,3.788369,100
169,367,3.489250,3.788369,100
247,516,7.389250,11.238369,100
247,518,7.389250,11.338369,100
308,348,10.439250,2.838369,100
242,173,7.139250,-5.911632,100
242,174,7.139250,-5.861632,100
265,155,8.289250,-6.811632,100
265,156,8.289250,-6.761632,100
266,156,8.339250,-6.761632,100
162,374,3.139250,4.138369,100
163,373,3.189250,4.088369,100
164,374,3.239250,4.138369,100
289,512,9.489250,11.038369,100
289,513,9.489250,11.088369,100
290,513,9.539250,11.088369,100
183,351,4.189250,2.988369,100
391,117,14.589250,-8.711632,100
392,117,14.639250,-8.711632,100
392,118,14.639250,-8.661632,100
393,117,14.689250,-8.711632,100
147,430,2.389250,6.938369,100
148,429,2.439250,6.888369,100
430,188,16.539250,-5.161632,100
431,187,16.589250,-5.211632,100
431,188,16.589250,-5.161632,100
431,189,16.589250,-5.111632,100
463,406,18.189250,5.738369,100
463,407,18.189250,5.788369,100
329,178,11.489250,-5.661632,100
191,471,4.589250,8.988369,100
191,473,4.589250,9.088369,100
192,472,4.639250,9.038369,100
346,496,12.339250,10.238369,100
347,495,12.389250,10.188369,100
112,327,0.639250,1.788369,100
441,238,17.089250,-2.661632,100
387,83,14.389250,-10.411632,100
388,84,14.439250,-10.361632,100
412,441,15.639250,7.488369,100
445,353,17.289250,3.088369,100
155,334,2.789250,2.138369,100
156,335,2.839250,2.188369,100
365,64,13.289250,-11.361632,100
366,64,13.339250,-11.361632,100
389,85,14.489250,-10.311632,100
459,407,17.989250,5.788369,100
459,409,17.989250,5.888369,100
209,341,5.489250,2.488369,100
210,340,5.539250,2.438369,100
210,341,5.539250,2.488369,100
210,342,5.539250,2.538369,100
211,341,5.589250,2.488369,100
313,175,10.689250,-5.811632,100
149,330,2.489250,1.938369,100
149,332,2.489250,2.038369,100
315,508,10.789250,10.838369,100
316,507,10.839250,10.788369,100
438,170,16.939250,-6.061632,100
155,412,2.789250,6.038369,100
156,411,2.839250,5.988369,100
430,200,16.539250,-4.561632,100
430,202,16.539250,-4.461632,100
431,201,16.589250,-4.511632,100
66,333,-1.660750,2.088369,100
66,334,-1.660750,2.138369,100
67,333,-1.610750,2.088369,100
369,70,13.489250,-11.061632,100
370,69,13.539250,-11.111632,100
370,70,13.539250,-11.061632,100
440,394,17.039250,5.138369,100
441,394,17.089250,5.138369,100
380,79,14.039250,-10.611632,100
381,78,14.089250,-10.661632,100
381,79,14.089250,-10.611632,100
381,80,14.089250,-10.561632,100
382,79,14.139250,-10.611632,100
414,112,15.739250,-8.961632,100
414,113,15.739250,-8.911632,100
415,113,15.789250,-8.911632,100
269,511,8.489250,10.988369,100
269,513,8.489250,11.088369,100
270,512,8.539250,11.038369,100
458,264,17.939250,-1.361632,100
459,263,17.989250,-1.411632,100
459,264,17.989250,-1.361632,100
459,265,17.989250,-1.311632,100
460,264,18.039250,-1.361632,100
150,333,2.539250,2.088369,100
444,329,17.239250,1.888369,100
210,196,5.539250,-4.761632,100
210,197,5.539250,-4.711632,100
211,197,5.589250,-4.711632,100
378,155,13.939250,-6.811632,100
379,154,13.989250,-6.861632,100
379,155,13.989250,-6.811632,100
379,156,13.989250,-6.761632,100
380,155,14.039250,-6.811632,100
390,129,14.539250,-8.111632,100
391,128,14.589250,-8.161632,100
391,129,14.589250,-8.111632,100
391,130,14.589250,-8.061632,100
392,129,14.639250,-8.111632,100
186,479,4.339250,9.388369,100
187,479,4.389250,9.388369,100
187,480,4.389250,9.438369,100
416,267,15.839250,-1.211632,100
417,268,15.889250,-1.161632,100
418,267,15.939250,-1.211632,100
323,224,11.189250,-3.361632,100
477,281,18.889250,-0.511632,100
276,147,8.839250,-7.211632,100
276,149,8.839250,-7.111632,100
92,326,-0.360750,1.738369,100
92,328,-0.360750,1.838369,100
364,485,13.239250,9.688369,100
365,485,13.289250,9.688369,100
365,486,13.289250,9.738369,100
444,365,17.239250,3.688369,100
445,364,17.289250,3.638369,100
445,365,17.289250,3.688369,100
446,365,17.339250,3.688369,100
446,331,17.339250,1.988369,100
447,330,17.389250,1.938369,100
298,166,9.939250,-6.261632,100
298,167,9.939250,-6.211632,100
423,426,16.189250,6.738369,100
423,427,16.189250,6.788369,100
418,269,15.939250,-1.111632,100
187,334,4.389250,2.138369,100
187,336,4.389250,2.238369,100
198,343,4.939250,2.588369,100
198,344,4.939250,2.638369,100
199,344,4.989250,2.638369,100
387,96,14.389250,-9.761632,100
388,95,14.439250,-9.811632,100
388,96,14.439250,-9.761632,100
388,97,14.439250,-9.711632,100
431,431,16.589250,6.988369,100
432,431,16.639250,6.988369,100
432,432,16.639250,7.038369,100
304,510,10.239250,10.938369,100
266,220,8.339250,-3.561632,100
217,213,5.889250,-3.911632,100
217,215,5.889250,-3.811632,100
271,150,8.589250,-7.061632,100
272,150,8.639250,-7.061632,100
272,151,8.639250,-7.011632,100
273,150,8.689250,-7.061632,100
102,377,0.139250,4.288369,100
103,376,0.189250,4.238369,100
432,286,16.639250,-0.261632,100
490,371,19.539250,3.988369,100
490,372,19.539250,4.038369,100
491,372,19.589250,4.038369,100
299,168,9.989250,-6.161632,100
282,342,9.139250,2.538369,100
282,344,9.139250,2.638369,100
283,343,9.189250,2.588369,100
381,464,14.089250,8.638369,100
381,465,14.089250,8.688369,100
382,465,14.139250,8.688369,100
154,388,2.739250,4.838369,100
156,388,2.839250,4.838369,100
254,509,7.739250,10.888369,100
440,147,17.039250,-7.211632,100
450,156,17.539250,-6.761632,100
450,157,17.539250,-6.711632,100
451,156,17.589250,-6.761632,100
312,221,10.639250,-3.511632,100
312,223,10.639250,-3.411632,100
224,337,6.239250,2.288369,100
224,339,6.239250,2.388369,100
225,338,6.289250,2.338369,100
429,214,16.489250,-3.861632,100
430,214,16.539250,-3.861632,100
127,404,1.389250,5.638369,100
128,405,1.439250,5.688369,100
390,106,14.539250,-9.261632,100
391,107,14.589250,-9.211632,100
392,106,14.639250,-9.261632,100
451,157,17.589250,-6.711632,100
451,158,17.589250,-6.661632,100
452,157,17.639250,-6.711632,100
257,521,7.889250,11.488369,100
437,303,16.889250,0.588368,100
438,304,16.939250,0.638368,100
128,407,1.439250,5.788369,100
129,406,1.489250,5.738369,100
244,173,7.239250,-5.911632,100
394,112,14.739250,-8.961632,100
395,112,14.789250,-8.961632,100
396,112,14.839250,-8.961632,100
320,346,11.039250,2.738369,100
320,348,11.039250,2.838369,100
321,347,11.089250,2.788369,100
292,515,9.639250,11.188369,100
357,495,12.889250,10.188369,100
358,494,12.939250,10.138369,100
431,408,16.589250,5.838369,100
432,408,16.639250,5.838369,100
433,225,16.689250,-3.311632,100
434,224,16.739250,-3.361632,100
439,305,16.989250,0.688368,100
422,439,16.139250,7.388369,100
423,438,16.189250,7.338369,100
423,439,16.189250,7.388369,100
423,440,16.189250,7.438369,100
424,439,16.239250,7.388369,100
330,176,11.539250,-5.761632,100
331,175,11.589250,-5.811632,100
384,147,14.239250,-7.211632,100
385,148,14.289250,-7.161632,100
386,147,14.339250,-7.211632,100
261,342,8.089250,2.538369,100
262,341,8.139250,2.488369,100
372,478,13.639250,9.338369,100
372,479,13.639250,9.388369,100
263,344,8.189250,2.638369,100
332,178,11.639250,-5.661632,100
155,401,2.789250,5.488369,100
155,402,2.789250,5.538369,100
156,401,2.839250,5.488369,100
395,463,14.789250,8.588369,100
435,234,16.789250,-2.861632,100
436,235,16.839250,-2.811632,100
494,320,19.739250,1.438369,100
495,320,19.789250,1.438369,100
334,222,11.739250,-3.461632,100
335,223,11.789250,-3.411632,100
165,449,3.289250,7.888369,100
322,513,11.139250,11.088369,100
322,515,11.139250,11.188369,100
358,170,12.939250,-6.061632,100
387,459,14.389250,8.388369,100
388,459,14.439250,8.388369,100
388,460,14.439250,8.438369,100
437,235,16.889250,-2.811632,100
300,347,10.039250,2.788369,100
482,387,19.139250,4.788369,100
247,339,7.389250,2.388369,100
247,341,7.389250,2.488369,100
272,512,8.639250,11.038369,100
439,240,16.989250,-2.561632,100
440,239,17.039250,-2.611632,100
440,240,17.039250,-2.561632,100
167,455,3.389250,8.188369,100
168,454,3.439250,8.138369,100
168,455,3.439250,8.188369,100
314,508,10.739250,10.838369,100
314,509,10.739250,10.888369,100
315,509,10.789250,10.888369,100
152,412,2.639250,6.038369,100
154,412,2.739250,6.038369,100
173,355,3.689250,3.188369,100
174,354,3.739250,3.138369,100
461,264,18.089250,-1.361632,100
408,109,15.439250,-9.111632,100
410,109,15.539250,-9.111632,100
83,354,-0.810750,3.138369,100
84,353,-0.760750,3.088369,100
383,465,14.189250,8.688369,100
383,466,14.189250,8.738369,100
406,103,15.339250,-9.411632,100
437,172,16.889250,-5.961632,100
438,172,16.939250,-5.961632,100
95,326,-0.210750,1.738369,100
95,328,-0.210750,1.838369,100
389,95,14.489250,-9.811632,100
391,95,14.589250,-9.811632,100
273,512,8.689250,11.038369,100
476,284,18.839250,-0.361632,100
476,285,18.839250,-0.311632,100
477,284,18.889250,-0.361632,100
293,162,9.689250,-6.461632,100
293,163,9.689250,-6.411632,100
294,162,9.739250,-6.461632,100
84,355,-0.760750,3.188369,100
242,341,7.139250,2.488369,100
243,340,7.189250,2.438369,100
243,341,7.189250,2.488369,100
243,342,7.189250,2.538369,100
244,341,7.239250,2.488369,100
190,334,4.539250,2.138369,100
190,336,4.539250,2.238369,100
430,434,16.539250,7.138369,100
431,433,16.589250,7.088369,100
107,382,0.389250,4.538369,100
108,381,0.439250,4.488369,100
109,382,0.489250,4.538369,100
496,343,19.839250,2.588369,100
498,343,19.939250,2.588369,100
341,503,12.089250,10.588369,100
341,505,12.089250,10.688369,100
377,161,13.889250,-6.511632,100
360,482,13.039250,9.538369,100
361,482,13.089250,9.538369,100
428,208,16.439250,-4.161632,100
220,213,6.039250,-3.911632,100
294,164,9.739250,-6.361632,100
156,423,2.839250,6.588369,100
444,332,17.239250,2.038369,100
445,332,17.289250,2.038369,100
257,509,7.889250,10.888369,100
257,510,7.889250,10.938369,100
109,384,0.489250,4.638369,100
110,383,0.539250,4.588369,100
347,174,12.389250,-5.861632,100
347,176,12.389250,-5.761632,100
423,129,16.189250,-8.111632,100
424,128,16.239250,-8.161632,100
424,129,16.239250,-8.111632,100
424,130,16.239250,-8.061632,100
425,129,16.289250,-8.111632,100
333,501,11.689250,10.488369,100
334,502,11.739250,10.538369,100
315,221,10.789250,-3.511632,100
226,338,6.339250,2.338369,100
227,337,6.389250,2.288369,100
227,338,6.389250,2.338369,100
227,339,6.389250,2.388369,100
228,338,6.439250,2.338369,100
194,208,4.739250,-4.161632,100
195,207,4.789250,-4.211632,100
434,138,16.739250,-7.661632,100
435,137,16.789250,-7.711632,100
435,138,16.789250,-7.661632,100
433,179,16.689250,-5.611632,100
434,179,16.739250,-5.611632,100
434,180,16.739250,-5.561632,100
224,185,6.239250,-5.311632,100
225,184,6.289250,-5.361632,100
225,185,6.289250,-5.311632,100
225,186,6.289250,-5.261632,100
393,106,14.689250,-9.261632,100
395,106,14.789250,-9.261632,100
443,372,17.189250,4.038369,100
444,371,17.239250,3.988369,100
356,488,12.839250,9.838369,100
281,346,9.089250,2.738369,100
282,345,9.139250,2.688369,100
435,403,16.789250,5.588369,100
436,403,16.839250,5.588369,100
153,390,2.689250,4.938369,100
154,390,2.739250,4.938369,100
154,391,2.739250,4.988369,100
401,455,15.089250,8.188369,100
491,305,19.589250,0.688368,100
492,304,19.639250,0.638368,100
343,178,12.189250,-5.661632,100
448,158,17.439250,-6.661632,100
449,157,17.489250,-6.711632,100
450,158,17.539250,-6.661632,100
379,473,13.989250,9.088369,100
380,474,14.039250,9.138369,100
360,230,13.039250,-3.061632,100
445,418,17.289250,6.338369,100
446,417,17.339250,6.288369,100
258,217,7.939250,-3.711632,100
258,219,7.939250,-3.611632,100
169,334,3.489250,2.138369,100
170,335,3.539250,2.188369,100
469,401,18.489250,5.488369,100
246,510,7.339250,10.938369,100
247,509,7.389250,10.888369,100
353,225,12.689250,-3.311632,100
265,341,8.289250,2.488369,100
171,335,3.589250,2.188369,100
171,336,3.589250,2.238369,100
486,382,19.339250,4.538369,100
190,349,4.539250,2.888369,100
248,519,7.439250,11.388369,100
395,453,14.789250,8.088369,100
396,453,14.839250,8.088369,100
396,454,14.839250,8.138369,100
295,222,9.789250,-3.461632,100
296,221,9.839250,-3.511632,100
376,65,13.839250,-11.311632,100
376,66,13.839250,-11.261632,100
377,66,13.889250,-11.261632,100
299,519,9.989250,11.388369,100
299,521,9.989250,11.488369,100
335,178,11.789250,-5.661632,100
448,355,17.439250,3.188369,100
266,344,8.339250,2.638369,100
430,410,16.539250,5.938369,100
431,409,16.589250,5.888369,100
431,410,16.589250,5.938369,100
148,432,2.439250,7.038369,100
149,431,2.489250,6.988369,100
149,432,2.489250,7.038369,100
445,165,17.289250,-6.311632,100
241,514,7.089250,11.138369,100
242,515,7.139250,11.188369,100
264,153,8.239250,-6.911632,100
161,371,3.089250,3.988369,100
152,402,2.639250,5.538369,100
153,403,2.689250,5.588369,100
154,402,2.739250,5.538369,100
443,241,17.189250,-2.511632,100
443,242,17.189250,-2.461632,100
444,241,17.239250,-2.511632,100
367,476,13.389250,9.238369,100
368,476,13.439250,9.238369,100
368,67,13.439250,-11.211632,100
259,160,7.989250,-6.561632,100
242,517,7.139250,11.288369,100
379,76,13.989250,-10.761632,100
379,77,13.989250,-10.711632,100
380,76,14.039250,-10.761632,100
275,512,8.789250,11.038369,100
390,86,14.539250,-10.261632,100
391,85,14.589250,-10.311632,100
286,523,9.339250,11.588369,100
65,329,-1.710750,1.888369,100
280,218,9.039250,-3.661632,100
492,363,19.639250,3.588369,100
493,364,19.689250,3.638369,100
438,428,16.939250,6.838369,100
439,427,16.989250,6.788369,100
438,392,16.939250,5.038369,100
439,391,16.989250,4.988369,100
439,393,16.989250,5.088369,100
304,348,10.239250,2.838369,100
380,77,14.039250,-10.711632,100
380,78,14.039250,-10.661632,100
381,77,14.089250,-10.711632,100
276,515,8.839250,11.188369,100
496,333,19.839250,2.088369,100
498,333,19.939250,2.088369,100
391,86,14.589250,-10.261632,100
382,82,14.139250,-10.461632,100
383,81,14.189250,-10.511632,100
383,82,14.189250,-10.461632,100
481,388,19.089250,4.838369,100
482,388,19.139250,4.838369,100
428,198,16.439250,-4.661632,100
429,198,16.489250,-4.661632,100
429,199,16.489250,-4.611632,100
426,417,16.339250,6.288369,100
427,417,16.389250,6.288369,100
246,343,7.339250,2.588369,100
447,331,17.389250,1.988369,100
448,332,17.439250,2.038369,100
98,326,-0.060750,1.738369,100
67,335,-1.610750,2.188369,100
68,334,-1.560750,2.138369,100
68,335,-1.560750,2.188369,100
415,115,15.789250,-8.811632,100
416,114,15.839250,-8.861632,100
416,115,15.839250,-8.811632,100
173,357,3.689250,3.288369,100
186,475,4.339250,9.188369,100
359,483,12.989250,9.588369,100
359,484,12.989250,9.638369,100
360,484,13.039250,9.638369,100
193,334,4.689250,2.138369,100
313,518,10.689250,11.338369,100
460,266,18.039250,-1.261632,100
461,265,18.089250,-1.311632,100
461,266,18.089250,-1.261632,100
461,267,18.089250,-1.211632,100
462,266,18.139250,-1.261632,100
381,156,14.089250,-6.761632,100
381,157,14.089250,-6.711632,100
382,157,14.139250,-6.711632,100
188,481,4.439250,9.488369,100
189,481,4.489250,9.488369,100
385,92,14.289250,-9.961632,100
386,93,14.339250,-9.911632,100
387,92,14.389250,-9.961632,100
318,224,10.939250,-3.361632,100
223,213,6.189250,-3.911632,100
152,415,2.639250,6.188369,100
153,415,2.689250,6.188369,100
430,134,16.539250,-7.861632,100
431,135,16.589250,-7.811632,100
432,289,16.639250,-0.111632,100
434,289,16.739250,-0.111632,100
197,340,4.889250,2.438369,100
387,93,14.389250,-9.911632,100
387,94,14.389250,-9.861632,100
388,93,14.439250,-9.911632,100
427,129,16.389250,-8.111632,100
402,446,15.139250,7.738369,100
403,446,15.189250,7.738369,100
87,325,-0.610750,1.688369,100
87,327,-0.610750,1.788369,100
340,507,12.039250,10.788369,100
341,506,12.089250,10.738369,100
363,231,13.189250,-3.011632,100
437,179,16.889250,-5.611632,100
437,180,16.889250,-5.561632,100
438,179,16.939250,-5.611632,100
259,217,7.989250,-3.711632,100
260,216,8.039250,-3.761632,100
261,217,8.089250,-3.711632,100
104,380,0.239250,4.438369,100
105,381,0.289250,4.488369,100
434,291,16.739250,-0.011632,100
435,290,16.789250,-0.061632,100
346,178,12.339250,-5.661632,100
347,177,12.389250,-5.711632,100
156,390,2.839250,4.938369,100
158,390,2.939250,4.938369,100
231,338,6.589250,2.338369,100
231,340,6.589250,2.438369,100
256,513,7.839250,11.088369,100
182,333,4.139250,2.088369,100
247,508,7.389250,10.838369,100
248,507,7.439250,10.788369,100
248,508,7.439250,10.838369,100
248,509,7.439250,10.888369,100
249,508,7.489250,10.838369,100
496,346,19.839250,2.738369,100
497,346,19.889250,2.738369,100
498,346,19.939250,2.738369,100
301,519,10.089250,11.388369,100
301,521,10.089250,11.488369,100
201,204,5.089250,-4.361632,100
261,219,8.089250,-3.611632,100
495,350,19.789250,2.938369,100
448,345,17.439250,2.688369,100
434,410,16.739250,5.938369,100
129,409,1.489250,5.888369,100
130,408,1.539250,5.838369,100
130,409,1.539250,5.888369,100
130,410,1.539250,5.938369,100
131,409,1.589250,5.888369,100
398,453,14.939250,8.088369,100
224,186,6.239250,-5.261632,100
225,187,6.289250,-5.211632,100
432,181,16.639250,-5.511632,100
433,180,16.689250,-5.561632,100
433,181,16.689250,-5.511632,100
433,182,16.689250,-5.461632,100
444,155,17.239250,-6.811632,100
445,155,17.289250,-6.811632,100
202,213,5.139250,-3.911632,100
203,214,5.189250,-3.861632,100
430,220,16.539250,-3.561632,100
226,341,6.339250,2.488369,100
227,340,6.389250,2.438369,100
227,341,6.389250,2.488369,100
227,342,6.389250,2.538369,100
268,341,8.439250,2.488369,100
436,300,16.839250,0.438368,100
165,366,3.289250,3.738369,100
379,474,13.989250,9.138369,100
379,476,13.989250,9.238369,100
380,475,14.039250,9.188369,100
440,306,17.039250,0.738368,100
441,305,17.089250,0.688368,100
324,504,11.239250,10.638369,100
325,503,11.289250,10.588369,100
325,504,11.289250,10.638369,100
297,221,9.889250,-3.511632,100
298,220,9.939250,-3.561632,100
298,221,9.939250,-3.511632,100
298,222,9.939250,-3.461632,100
302,521,10.139250,11.488369,100
371,63,13.589250,-11.411632,100
372,62,13.639250,-11.461632,100
262,156,8.139250,-6.761632,100
441,306,17.089250,0.738368,100
441,307,17.089250,0.788368,100
442,306,17.139250,0.738368,100
252,520,7.639250,11.438369,100
326,175,11.339250,-5.811632,100
430,412,16.539250,6.038369,100
364,167,13.239250,-6.211632,100
365,166,13.289250,-6.261632,100
365,167,13.289250,-6.211632,100
365,168,13.289250,-6.161632,100
366,167,13.339250,-6.211632,100
437,237,16.889250,-2.711632,100
438,238,16.939250,-2.661632,100
443,387,17.189250,4.788369,100
287,512,9.389250,11.038369,100
287,513,9.389250,11.088369,100
430,417,16.539250,6.288369,100
167,452,3.389250,8.038369,100
289,523,9.489250,11.588369,100
439,238,16.989250,-2.661632,100
439,239,16.989250,-2.611632,100
160,373,3.039250,4.088369,100
161,373,3.089250,4.088369,100
161,374,3.089250,4.138369,100
336,226,11.839250,-3.261632,100
397,91,14.889250,-10.011632,100
398,92,14.939250,-9.961632,100
167,454,3.389250,8.138369,100
168,453,3.439250,8.088369,100
283,218,9.189250,-3.661632,100
441,243,17.089250,-2.411632,100
442,242,17.139250,-2.461632,100
442,243,17.139250,-2.411632,100
169,458,3.489250,8.338369,100
170,457,3.539250,8.288369,100
170,458,3.539250,8.338369,100
445,362,17.289250,3.538369,100
208,340,5.439250,2.438369,100
208,341,5.439250,2.488369,100
249,343,7.489250,2.588369,100
59,326,-2.010750,1.738369,100
60,326,-1.960750,1.738369,100
426,419,16.339250,6.388369,100
177,352,3.889250,3.038369,100
177,353,3.889250,3.088369,100
178,353,3.939250,3.088369,100
491,365,19.589250,3.688369,100
492,364,19.639250,3.638369,100
492,365,19.639250,3.688369,100
437,394,16.889250,5.138369,100
438,393,16.939250,5.088369,100
438,394,16.939250,5.138369,100
226,214,6.339250,-3.861632,100
226,216,6.339250,-3.761632,100
311,174,10.589250,-5.861632,100
490,369,19.539250,3.888369,100
267,511,8.389250,10.988369,100
180,472,4.039250,9.038369,100
302,169,10.139250,-6.111632,100
303,169,10.189250,-6.111632,100
303,170,10.189250,-6.061632,100
321,224,11.089250,-3.361632,100
156,415,2.839250,6.188369,100
156,416,2.839250,6.238369,100
157,415,2.889250,6.188369,100
184,333,4.239250,2.088369,100
184,334,4.239250,2.138369,100
185,334,4.289250,2.138369,100
477,286,18.889250,-0.261632,100
478,285,18.939250,-0.311632,100
478,286,18.939250,-0.261632,100
478,287,18.939250,-0.211632,100
479,286,18.989250,-0.261632,100
442,165,17.139250,-6.311632,100
443,164,17.189250,-6.361632,100
443,165,17.189250,-6.311632,100
456,263,17.839250,-1.411632,100
457,263,17.889250,-1.411632,100
457,264,17.889250,-1.361632,100
458,263,17.939250,-1.411632,100
304,171,10.239250,-6.011632,100
86,355,-0.660750,3.188369,100
448,335,17.439250,2.188369,100
385,468,14.289250,8.838369,100
386,468,14.339250,8.838369,100
386,469,14.339250,8.888369,100
348,177,12.439250,-5.711632,100
90,325,-0.460750,1.688369,100
270,523,8.539250,11.588369,100
446,374,17.339250,4.138369,100
479,287,18.989250,-0.211632,100
479,288,18.989250,-0.161632,100
480,287,19.039250,-0.211632,100
366,229,13.339250,-3.111632,100
425,132,16.289250,-7.961632,100
426,133,16.339250,-7.911632,100
391,139,14.589250,-7.611632,100
392,139,14.639250,-7.611632,100
392,140,14.639250,-7.561632,100
422,428,16.139250,6.838369,100
280,342,9.039250,2.538369,100
358,491,12.939250,9.988369,100
264,217,8.239250,-3.711632,100
264,219,8.239250,-3.611632,100
270,148,8.539250,-7.161632,100
270,150,8.539250,-7.061632,100
271,149,8.589250,-7.111632,100
188,344,4.439250,2.638369,100
388,141,14.439250,-7.511632,100
389,141,14.489250,-7.511632,100
252,508,7.639250,10.838369,100
432,292,16.639250,0.038368,100
433,292,16.689250,0.038368,100
425,438,16.289250,7.338369,100
418,433,15.939250,7.088369,100
128,329,1.439250,1.888369,100
328,505,11.439250,10.688369,100
374,471,13.739250,8.988369,100
166,443,3.339250,7.588369,100
167,442,3.389250,7.538369,100
331,509,11.589250,10.888369,100
367,168,13.389250,-6.161632,100
368,167,13.439250,-6.211632,100
368,169,13.439250,-6.111632,100
430,187,16.539250,-5.211632,100
391,116,14.589250,-8.761632,100
393,116,14.689250,-8.761632,100
375,472,13.789250,9.038369,100
375,473,13.789250,9.088369,100
421,438,16.089250,7.338369,100
421,439,16.089250,7.388369,100
167,443,3.389250,7.588369,100
168,443,3.439250,7.588369,100
495,353,19.789250,3.088369,100
496,353,19.839250,3.088369,100
496,354,19.839250,3.138369,100
497,353,19.889250,3.088369,100
302,223,10.139250,-3.411632,100
329,175,11.489250,-5.811632,100
165,332,3.289250,2.038369,100
165,334,3.289250,2.138369,100
166,333,3.339250,2.088369,100
191,470,4.589250,8.938369,100
192,471,4.639250,8.988369,100
394,121,14.739250,-8.511632,100
395,121,14.789250,-8.511632,100
395,122,14.789250,-8.461632,100
170,447,3.539250,7.788369,100
324,505,11.239250,10.688369,100
325,506,11.289250,10.738369,100
445,352,17.289250,3.038369,100
383,148,14.189250,-7.161632,100
384,148,14.239250,-7.161632,100
384,149,14.239250,-7.111632,100
330,178,11.539250,-5.661632,100
259,341,7.989250,2.488369,100
260,340,8.039250,2.438369,100
260,341,8.039250,2.488369,100
260,342,8.039250,2.538369,100
261,341,8.089250,2.488369,100
396,122,14.839250,-8.461632,100
396,123,14.839250,-8.411632,100
397,122,14.889250,-8.461632,100
151,434,2.589250,7.138369,100
347,496,12.389250,10.238369,100
393,461,14.689250,8.488369,100
164,373,3.239250,4.088369,100
339,226,11.989250,-3.261632,100
444,243,17.239250,-2.411632,100
445,242,17.289250,-2.461632,100
445,243,17.289250,-2.411632,100
445,244,17.289250,-2.361632,100
446,243,17.339250,-2.411632,100
108,330,0.439250,1.938369,100
442,319,17.139250,1.388369,100
443,320,17.189250,1.438369,100
429,419,16.489250,6.388369,100
371,69,13.589250,-11.111632,100
441,393,17.089250,5.088369,100
460,407,18.039250,5.788369,100
460,409,18.039250,5.888369,100
382,78,14.139250,-10.661632,100
211,340,5.589250,2.438369,100
211,342,5.589250,2.538369,100
252,343,7.639250,2.588369,100
236,514,6.839250,11.138369,100
236,515,6.839250,11.188369,100
237,514,6.889250,11.138369,100
203,336,5.189250,2.238369,100
203,338,5.189250,2.338369,100
343,496,12.189250,10.238369,100
446,244,17.339250,-2.361632,100
150,330,2.539250,1.938369,100
409,441,15.489250,7.488369,100
410,442,15.539250,7.538369,100
160,374,3.039250,4.138369,100
160,375,3.039250,4.188369,100
161,375,3.089250,4.188369,100
67,332,-1.610750,2.038369,100
67,334,-1.610750,2.138369,100
68,333,-1.560750,2.088369,100
312,508,10.639250,10.838369,100
312,509,10.639250,10.888369,100
402,102,15.139250,-9.461632,100
69,338,-1.510750,2.338369,100
70,338,-1.460750,2.338369,100
298,344,9.939250,2.638369,100
298,345,9.939250,2.688369,100
270,511,8.539250,10.988369,100
306,168,10.339250,-6.161632,100
447,329,17.389250,1.888369,100
211,196,5.589250,-4.761632,100
211,198,5.589250,-4.661632,100
212,197,5.639250,-4.711632,100
385,84,14.289250,-10.361632,100
385,85,14.289250,-10.311632,100
386,84,14.339250,-10.361632,100
432,200,16.639250,-4.561632,100
420,272,16.039250,-0.961632,100
421,273,16.089250,-0.911632,100
481,286,19.089250,-0.261632,100
481,287,19.089250,-0.211632,100
482,286,19.139250,-0.261632,100
387,95,14.389250,-9.811632,100
388,94,14.439250,-9.861632,100
431,430,16.589250,6.938369,100
489,371,19.489250,3.988369,100
241,342,7.089250,2.538369,100
437,400,16.889250,5.438369,100
188,334,4.439250,2.138369,100
188,336,4.439250,2.238369,100
249,164,7.489250,-6.361632,100
422,274,16.139250,-0.861632,100
273,523,8.689250,11.588369,100
199,343,4.989250,2.588369,100
199,345,4.989250,2.688369,100
200,344,5.039250,2.638369,100
482,287,19.139250,-0.211632,100
482,288,19.139250,-0.161632,100
483,287,19.189250,-0.211632,100
362,486,13.139250,9.738369,100
362,487,13.139250,9.788369,100
363,487,13.189250,9.788369,100
283,342,9.189250,2.538369,100
154,423,2.739250,6.588369,100
155,424,2.789250,6.638369,100
382,464,14.139250,8.638369,100
382,466,14.139250,8.738369,100
437,401,16.889250,5.488369,100
437,402,16.889250,5.538369,100
438,401,16.939250,5.488369,100
106,382,0.339250,4.538369,100
107,381,0.389250,4.488369,100
429,213,16.489250,-3.911632,100
157,428,2.889250,6.838369,100
385,470,14.289250,8.938369,100
386,470,14.339250,8.938369,100
183,337,4.189250,2.288369,100
184,336,4.239250,2.238369,100
184,337,4.239250,2.288369,100
225,337,6.289250,2.288369,100
225,339,6.289250,2.388369,100
313,221,10.689250,-3.511632,100
313,223,10.689250,-3.411632,100
273,149,8.689250,-7.111632,100
371,162,13.589250,-6.461632,100
371,163,13.589250,-6.411632,100
372,163,13.639250,-6.411632,100
356,228,12.839250,-3.161632,100
357,229,12.889250,-3.111632,100
390,141,14.539250,-7.511632,100
391,140,14.589250,-7.561632,100
391,141,14.589250,-7.511632,100
391,142,14.589250,-7.461632,100
392,141,14.639250,-7.511632,100
255,216,7.789250,-3.761632,100
256,217,7.839250,-3.711632,100
326,507,11.339250,10.788369,100
327,506,11.389250,10.738369,100
354,488,12.739250,9.838369,100
394,111,14.739250,-9.011632,100
396,111,14.839250,-9.011632,100
246,167,7.339250,-6.211632,100
246,168,7.339250,-6.161632,100
131,329,1.589250,1.888369,100
131,331,1.589250,1.988369,100
445,342,17.289250,2.538369,100
262,521,8.139250,11.488369,100
262,522,8.139250,11.538369,100
485,378,19.289250,4.338369,100
422,438,16.139250,7.338369,100
269,151,8.489250,-7.011632,100
269,152,8.489250,-6.961632,100
270,151,8.539250,-7.011632,100
72,325,-1.360750,1.688369,100
73,326,-1.310750,1.738369,100
132,410,1.639250,5.938369,100
400,456,15.039250,8.238369,100
401,457,15.089250,8.288369,100
435,183,16.789250,-5.411632,100
436,183,16.839250,-5.411632,100
466,401,18.339250,5.488369,100
467,401,18.389250,5.488369,100
243,506,7.189250,10.738369,100
243,507,7.189250,10.788369,100
332,175,11.639250,-5.811632,100
263,341,8.189250,2.488369,100
256,216,7.839250,-3.761632,100
167,333,3.389250,2.088369,100
168,332,3.439250,2.038369,100
168,333,3.439250,2.088369,100
168,334,3.439250,2.138369,100
156,400,2.839250,5.438369,100
241,174,7.089250,-5.861632,100
494,319,19.739250,1.388369,100
496,319,19.839250,1.388369,100
198,211,4.939250,-4.011632,100
198,213,4.939250,-3.911632,100
199,212,4.989250,-3.961632,100
439,423,16.989250,6.588369,100
322,512,11.139250,11.038369,100
186,468,4.339250,8.838369,100
187,469,4.389250,8.888369,100
188,468,4.439250,8.838369,100
462,407,18.139250,5.788369,100
494,355,19.739250,3.188369,100
495,354,19.789250,3.138369,100
496,355,19.839250,3.188369,100
440,384,17.039250,4.638369,100
300,344,10.039250,2.638369,100
293,219,9.689250,-3.611632,100
345,496,12.289250,10.238369,100
111,330,0.589250,1.938369,100
373,477,13.689250,9.288369,100
199,213,4.989250,-3.911632,100
199,214,4.989250,-3.861632,100
200,213,5.039250,-3.911632,100
497,320,19.889250,1.438369,100
375,65,13.789250,-11.311632,100
169,454,3.489250,8.138369,100
391,119,14.589250,-8.611632,100
393,119,14.689250,-8.611632,100
188,470,4.439250,8.938369,100
430,190,16.539250,-5.061632,100
389,460,14.489250,8.438369,100
214,342,5.739250,2.538369,100
284,521,9.239250,11.488369,100
284,523,9.239250,11.588369,100
170,455,3.539250,8.188369,100
236,215,6.839250,-3.811632,100
236,217,6.839250,-3.711632,100
237,216,6.889250,-3.761632,100
315,510,10.789250,10.938369,100
256,159,7.839250,-6.611632,100
257,159,7.889250,-6.611632,100
257,160,7.889250,-6.561632,100
173,460,3.689250,8.438369,100
355,172,12.789250,-5.961632,100
242,340,7.139250,2.438369,100
243,339,7.189250,2.388369,100
244,340,7.239250,2.438369,100
331,224,11.589250,-3.361632,100
331,225,11.589250,-3.311632,100
378,156,13.939250,-6.761632,100
96,326,-0.160750,1.738369,100
96,328,-0.160750,1.838369,100
156,413,2.839250,6.088369,100
86,358,-0.660750,3.338369,100
87,359,-0.610750,3.388369,100
88,358,-0.560750,3.338369,100
431,203,16.589250,-4.411632,100
410,108,15.539250,-9.161632,100
411,108,15.589250,-9.161632,100
466,270,18.339250,-1.061632,100
467,269,18.389250,-1.111632,100
467,270,18.389250,-1.061632,100
479,289,18.989250,-0.111632,100
480,288,19.039250,-0.161632,100
480,289,19.039250,-0.111632,100
363,486,13.189250,9.738369,100
364,486,13.239250,9.738369,100
364,487,13.239250,9.788369,100
268,514,8.439250,11.138369,100
269,514,8.489250,11.138369,100
269,515,8.489250,11.188369,100
270,514,8.539250,11.138369,100
444,331,17.239250,1.988369,100
88,360,-0.560750,3.438369,100
390,131,14.539250,-8.011632,100
392,131,14.639250,-8.011632,100
342,503,12.139250,10.588369,100
342,505,12.139250,10.688369,100
411,109,15.589250,-9.111632,100
221,213,6.089250,-3.911632,100
473,394,18.689250,5.138369,100
474,394,18.739250,5.138369,100
365,487,13.289250,9.788369,100
365,488,13.289250,9.838369,100
366,487,13.339250,9.788369,100
303,513,10.189250,11.088369,100
443,371,17.189250,3.988369,100
434,402,16.739250,5.538369,100
436,402,16.839250,5.538369,100
113,387,0.689250,4.788369,100
316,221,10.839250,-3.511632,100
228,337,6.439250,2.288369,100
252,511,7.639250,10.988369,100
253,512,7.689250,11.038369,100
343,175,12.189250,-5.811632,100
226,184,6.339250,-5.361632,100
226,186,6.339250,-5.261632,100
258,216,7.939250,-3.761632,100
282,346,9.139250,2.738369,100
283,345,9.189250,2.688369,100
436,404,16.839250,5.638369,100
437,403,16.889250,5.588369,100
307,517,10.389250,11.288369,100
248,168,7.439250,-6.161632,100
249,168,7.489250,-6.161632,100
249,169,7.489250,-6.111632,100
438,149,16.939250,-7.111632,100
439,150,16.989250,-7.061632,100
246,507,7.339250,10.788369,100
167,364,3.389250,3.638369,100
265,520,8.289250,11.438369,100
265,522,8.289250,11.538369,100
224,341,6.239250,2.488369,100
225,340,6.289250,2.438369,100
259,219,7.989250,-3.611632,100
431,289,16.589250,-0.111632,100
389,143,14.489250,-7.411632,100
390,142,14.539250,-7.461632,100
391,143,14.589250,-7.411632,100
395,452,14.789250,8.038369,100
444,384,17.239250,4.638369,100
247,510,7.389250,10.938369,100
452,159,17.639250,-6.611632,100
201,214,5.089250,-3.861632,100
353,491,12.689250,9.988369,100
354,490,12.739250,9.938369,100
319,349,10.989250,2.888369,100
266,341,8.339250,2.488369,100
148,431,2.439250,6.988369,100
149,430,2.489250,6.938369,100
150,431,2.539250,6.988369,100
249,519,7.489250,11.388369,100
296,222,9.839250,-3.461632,100
400,459,15.039250,8.388369,100
401,458,15.089250,8.338369,100
466,402,18.339250,5.538369,100
467,403,18.389250,5.588369,100
486,381,19.339250,4.488369,100
487,381,19.389250,4.488369,100
432,226,16.639250,-3.261632,100
433,226,16.689250,-3.261632,100
151,432,2.589250,7.038369,100
438,306,16.939250,0.738368,100
439,306,16.989250,0.738368,100
439,307,16.989250,0.788368,100
295,520,9.789250,11.438369,100
295,522,9.789250,11.538369,100
217,194,5.889250,-4.861632,100
218,193,5.939250,-4.911632,100
152,437,2.639250,7.288369,100
153,436,2.689250,7.238369,100
153,437,2.689250,7.288369,100
443,311,17.189250,0.988368,100
114,330,0.739250,1.938369,100
202,214,5.139250,-3.861632,100
193,209,4.689250,-4.111632,100
368,61,13.439250,-11.511632,100
369,60,13.489250,-11.561632,100
372,481,13.639250,9.488369,100
373,481,13.689250,9.488369,100
492,362,19.639250,3.538369,100
438,391,16.939250,4.988369,100
255,340,7.789250,2.438369,100
154,403,2.739250,5.588369,100
156,403,2.839250,5.588369,100
276,512,8.839250,11.038369,100
160,331,3.039250,1.988369,100
429,193,16.489250,-4.911632,100
430,192,16.539250,-4.961632,100
372,72,13.639250,-10.961632,100
287,523,9.389250,11.588369,100
382,81,14.139250,-10.511632,100
383,80,14.189250,-10.561632,100
384,81,14.239250,-10.511632,100
392,85,14.639250,-10.311632,100
238,216,6.939250,-3.761632,100
239,215,6.989250,-3.811632,100
239,216,6.989250,-3.761632,100
239,217,6.989250,-3.711632,100
445,320,17.289250,1.438369,100
446,321,17.339250,1.488369,100
69,334,-1.510750,2.138369,100
180,467,4.039250,8.788369,100
395,91,14.789250,-10.011632,100
247,343,7.389250,2.588369,100
187,475,4.389250,9.188369,100
152,414,2.639250,6.138369,100
382,158,14.139250,-6.661632,100
190,480,4.539250,9.438369,100
284,346,9.239250,2.738369,100
277,220,8.889250,-3.561632,100
277,221,8.889250,-3.511632,100
423,275,16.189250,-0.811632,100
424,274,16.239250,-0.861632,100
485,290,19.289250,-0.061632,100
290,159,9.539250,-6.611632,100
360,483,13.039250,9.588369,100
306,513,10.339250,11.088369,100
486,295,19.339250,0.188368,100
487,294,19.389250,0.138368,100
488,295,19.439250,0.188368,100
390,138,14.539250,-7.661632,100
156,424,2.839250,6.638369,100
156,425,2.839250,6.688369,100
88,325,-0.560750,1.688369,100
88,327,-0.560750,1.788369,100
496,345,19.839250,2.688369,100
498,345,19.939250,2.688369,100
390,98,14.539250,-9.661632,100
391,97,14.589250,-9.711632,100
391,98,14.589250,-9.661632,100
361,484,13.089250,9.638369,100
361,485,13.089250,9.688369,100
314,224,10.739250,-3.361632,100
131,332,1.589250,2.038369,100
132,333,1.639250,2.088369,100
285,346,9.289250,2.738369,100
309,518,10.489250,11.338369,100
310,518,10.539250,11.338369,100
310,519,10.539250,11.388369,100
257,513,7.889250,11.088369,100
183,333,4.189250,2.088369,100
432,134,16.639250,-7.861632,100
432,135,16.639250,-7.811632,100
268,520,8.439250,11.438369,100
268,522,8.439250,11.538369,100
161,430,3.089250,6.938369,100
489,305,19.489250,0.688368,100
490,306,19.539250,0.738368,100
445,419,17.289250,6.388369,100
443,374,17.189250,4.138369,100
133,414,1.689250,6.138369,100
302,518,10.139250,11.338369,100
153,392,2.689250,5.038369,100
155,392,2.789250,5.038369,100
228,340,6.439250,2.438369,100
228,342,6.439250,2.538369,100
433,220,16.689250,-3.561632,100
495,311,19.789250,0.988368,100
352,228,12.639250,-3.161632,100
446,420,17.339250,6.438369,100
446,421,17.339250,6.488369,100
299,220,9.989250,-3.561632,100
299,222,9.989250,-3.461632,100
429,412,16.489250,6.038369,100
430,411,16.539250,5.988369,100
443,386,17.189250,4.738369,100
298,522,9.939250,11.538369,100
163,334,3.189250,2.138369,100
366,168,13.339250,-6.161632,100
68,325,-1.560750,1.688369,100
322,505,11.139250,10.688369,100
181,350,4.089250,2.938369,100
367,477,13.389250,9.288369,100
448,357,17.439250,3.288369,100
258,340,7.939250,2.438369,100
258,342,7.939250,2.538369,100
171,457,3.589250,8.288369,100
190,470,4.539250,8.938369,100
337,226,11.889250,-3.261632,100
152,404,2.639250,5.638369,100
288,219,9.439250,-3.611632,100
155,335,2.789250,2.188369,100
368,478,13.439250,9.338369,100
368,479,13.439250,9.388369,100
414,444,15.739250,7.638369,100
425,419,16.289250,6.388369,100
426,418,16.339250,6.338369,100
172,458,3.639250,8.338369,100
410,439,15.539250,7.388369,100
209,340,5.489250,2.438369,100
209,342,5.489250,2.538369,100
295,343,9.789250,2.588369,100
295,345,9.789250,2.688369,100
296,344,9.839250,2.638369,100
106,327,0.339250,1.788369,100
494,365,19.739250,3.688369,100
397,249,14.889250,-2.111632,100
413,111,15.689250,-9.011632,100
496,335,19.839250,2.188369,100
498,335,19.939250,2.188369,100
428,200,16.439250,-4.561632,100
87,355,-0.610750,3.188369,100
448,334,17.439250,2.138369,100
286,150,9.339250,-7.061632,100
89,361,-0.510750,3.488369,100
90,360,-0.460750,3.438369,100
413,112,15.689250,-8.961632,100
458,262,17.939250,-1.461632,100
222,216,6.139250,-3.761632,100
185,478,4.289250,9.338369,100
186,478,4.339250,9.338369,100
359,487,12.989250,9.788369,100
360,486,13.039250,9.738369,100
387,469,14.389250,8.888369,100
452,413,17.639250,6.088369,100
91,325,-0.410750,1.688369,100
271,523,8.589250,11.588369,100
173,360,3.689250,3.438369,100
174,360,3.739250,3.438369,100
174,361,3.739250,3.488369,100
488,372,19.439250,4.038369,100
436,180,16.839250,-5.561632,100
387,140,14.389250,-7.561632,100
389,140,14.489250,-7.561632,100
432,291,16.639250,-0.011632,100
116,390,0.839250,4.938369,100
355,229,12.789250,-3.111632,100
435,292,16.789250,0.038368,100
156,392,2.839250,5.038369,100
157,393,2.889250,5.088369,100
158,392,2.939250,5.038369,100
231,342,6.589250,2.538369,100
248,510,7.439250,10.938369,100
248,511,7.439250,10.988369,100
169,366,3.489250,3.738369,100
129,329,1.489250,1.888369,100
442,377,17.139250,4.288369,100
443,376,17.189250,4.238369,100
355,492,12.789250,10.038369,100
355,493,12.789250,10.088369,100
495,352,19.789250,3.038369,100
497,352,19.889250,3.038369,100
172,336,3.639250,2.238369,100
173,337,3.689250,2.288369,100
174,336,3.739250,2.238369,100
302,220,10.139250,-3.561632,100
71,326,-1.410750,1.738369,100
171,447,3.589250,7.788369,100
433,183,16.689250,-5.411632,100
266,155,8.339250,-6.811632,100
290,511,9.539250,10.988369,100
356,229,12.839250,-3.111632,100
268,345,8.439250,2.688369,100
422,440,16.139250,7.438369,100
330,175,11.539250,-5.811632,100
166,332,3.339250,2.038369,100
166,334,3.339250,2.138369,100
325,507,11.289250,10.788369,100
371,472,13.589250,9.038369,100
371,473,13.589250,9.088369,100
245,218,7.289250,-3.661632,100
363,168,13.189250,-6.161632,100
364,168,13.239250,-6.161632,100
364,169,13.239250,-6.111632,100
196,213,4.839250,-3.911632,100
431,223,16.589250,-3.411632,100
261,340,8.089250,2.438369,100
286,515,9.339250,11.188369,100
436,228,16.839250,-3.161632,100
72,326,-1.360750,1.738369,100
442,308,17.139250,0.838368,100
244,518,7.239250,11.338369,100
236,512,6.839250,11.038369,100
237,513,6.889250,11.088369,100
291,219,9.589250,-3.611632,100
203,335,5.189250,2.188369,100
342,496,12.139250,10.238369,100
343,495,12.189250,10.188369,100
109,330,0.489250,1.938369,100
317,173,10.889250,-5.911632,100
498,325,19.939250,1.688369,100
409,440,15.489250,7.438369,100
410,441,15.539250,7.488369,100
159,374,2.989250,4.138369,100
214,495,5.739250,10.188369,100
449,248,17.489250,-2.161632,100
449,249,17.489250,-2.111632,100
450,248,17.539250,-2.161632,100
68,332,-1.560750,2.038369,100
212,340,5.639250,2.438369,100
212,342,5.639250,2.538369,100
71,337,-1.410750,2.288369,100
237,515,6.889250,11.188369,100
238,514,6.939250,11.138369,100
204,338,5.239250,2.338369,100
229,509,6.489250,10.888369,100
380,154,14.039250,-6.861632,100
211,195,5.589250,-4.811632,100
374,74,13.739250,-10.861632,100
374,75,13.739250,-10.811632,100
375,74,13.789250,-10.861632,100
445,318,17.289250,1.338369,100
450,249,17.539250,-2.111632,100
188,478,4.439250,9.338369,100
393,128,14.689250,-8.161632,100
234,217,6.739250,-3.711632,100
313,508,10.689250,10.838369,100
191,484,4.589250,9.638369,100
192,483,4.639250,9.588369,100
299,344,9.989250,2.638369,100
376,75,13.839250,-10.811632,100
406,107,15.339250,-9.211632,100
407,108,15.389250,-9.161632,100
212,198,5.639250,-4.661632,100
241,339,7.089250,2.388369,100
329,225,11.489250,-3.311632,100
393,246,14.689250,-2.261632,100
408,108,15.439250,-9.161632,100
492,371,19.639250,3.988369,100
242,342,7.139250,2.538369,100
200,345,5.039250,2.688369,100
157,417,2.889250,6.288369,100
156,382,2.839250,4.538369,100
157,381,2.889250,4.488369,100
158,382,2.939250,4.538369,100
185,336,4.289250,2.238369,100
89,328,-0.510750,1.838369,100
385,240,14.289250,-2.561632,100
385,241,14.289250,-2.511632,100
273,147,8.689250,-7.211632,100
363,488,13.189250,9.838369,100
160,428,3.039250,6.838369,100
448,337,17.439250,2.288369,100
452,415,17.639250,6.188369,100
226,337,6.339250,2.288369,100
226,339,6.339250,2.388369,100
446,376,17.339250,4.238369,100
445,341,17.289250,2.488369,100
262,519,8.139250,11.388369,100
263,520,8.189250,11.438369,100
432,212,16.639250,-3.961632,100
434,182,16.739250,-5.461632,100
436,182,16.839250,-5.461632,100
111,387,0.589250,4.788369,100
358,493,12.939250,10.088369,100
263,522,8.189250,11.538369,100
494,309,19.739250,0.888368,100
161,438,3.089250,7.338369,100
127,332,1.389250,2.038369,100
74,326,-1.260750,1.738369,100
164,443,3.239250,7.588369,100
165,444,3.289250,7.638369,100
252,512,7.639250,11.038369,100
448,156,17.439250,-6.761632,100
244,506,7.239250,10.738369,100
366,169,13.339250,-6.111632,100
367,169,13.389250,-6.111632,100
367,170,13.389250,-6.061632,100
155,394,2.789250,5.138369,100
156,393,2.839250,5.088369,100
157,394,2.889250,5.138369,100
350,490,12.539250,9.938369,100
351,490,12.589250,9.938369,100
317,349,10.889250,2.888369,100
257,216,7.889250,-3.761632,100
169,332,3.489250,2.038369,100
166,444,3.339250,7.638369,100
497,319,19.889250,1.388369,100
199,211,4.989250,-4.011632,100
375,64,13.789250,-11.361632,100
289,515,9.489250,11.188369,100
464,402,18.239250,5.538369,100
430,189,16.539250,-5.111632,100
391,118,14.589250,-8.661632,100
393,118,14.689250,-8.661632,100
147,431,2.389250,6.988369,100
148,430,2.439250,6.938369,100
382,149,14.139250,-7.111632,100
497,355,19.889250,3.188369,100
294,219,9.739250,-3.611632,100
191,474,4.589250,9.138369,100
192,473,4.639250,9.088369,100
200,214,5.039250,-3.861632,100
112,330,0.639250,1.938369,100
394,123,14.739250,-8.411632,100
395,123,14.789250,-8.411632,100
63,325,-1.810750,1.688369,100
445,354,17.289250,3.138369,100
379,70,13.989250,-11.061632,100
323,511,11.189250,10.988369,100
323,512,11.189250,11.038369,100
236,214,6.839250,-3.861632,100
237,215,6.889250,-3.811632,100
444,164,17.239250,-6.361632,100
260,344,8.039250,2.638369,100
173,459,3.689250,8.388369,100
322,174,11.139250,-5.861632,100
179,354,3.989250,3.138369,100
179,355,3.989250,3.188369,100
180,355,4.039250,3.188369,100
207,336,5.389250,2.238369,100
396,124,14.839250,-8.361632,100
397,124,14.889250,-8.361632,100
331,222,11.589250,-3.461632,100
237,217,6.889250,-3.711632,100
316,510,10.839250,10.938369,100
156,412,2.839250,6.038369,100
302,344,10.139250,2.638369,100
431,202,16.589250,-4.461632,100
468,269,18.439250,-1.111632,100
332,225,11.639250,-3.311632,100
244,339,7.239250,2.388369,100
210,199,5.539250,-4.611632,100
390,130,14.539250,-8.061632,100
392,130,14.639250,-8.061632,100
356,171,12.839250,-6.011632,100
274,218,8.739250,-3.661632,100
274,220,8.739250,-3.561632,100
254,161,7.739250,-6.511632,100
270,515,8.539250,11.188369,100
444,366,17.239250,3.738369,100
306,172,10.339250,-5.961632,100
415,114,15.789250,-8.861632,100
338,504,11.939250,10.638369,100
304,513,10.239250,11.088369,100
490,374,19.539250,4.138369,100
491,373,19.589250,4.088369,100
388,98,14.439250,-9.661632,100
389,97,14.489250,-9.711632,100
429,134,16.489250,-7.861632,100
375,163,13.789250,-6.411632,100
155,384,2.789250,4.638369,100
259,216,7.989250,-3.761632,100
362,489,13.139250,9.888369,100
363,489,13.189250,9.888369,100
283,346,9.189250,2.738369,100
308,517,10.439250,11.288369,100
429,215,16.489250,-3.811632,100
390,107,14.539250,-9.211632,100
391,108,14.589250,-9.161632,100
392,107,14.639250,-9.211632,100
436,293,16.839250,0.088368,100
247,507,7.389250,10.788369,100
452,158,17.639250,-6.661632,100
266,520,8.339250,11.438369,100
266,522,8.339250,11.538369,100
157,430,2.889250,6.938369,100
158,430,2.939250,6.938369,100
225,341,6.289250,2.488369,100
226,340,6.339250,2.438369,100
128,408,1.439250,5.838369,100
129,407,1.489250,5.788369,100
393,108,14.689250,-9.161632,100
437,294,16.889250,0.138368,100
354,491,12.739250,9.988369,100
340,178,12.039250,-5.661632,100
445,344,17.289250,2.638369,100
434,225,16.739250,-3.311632,100
438,305,16.939250,0.688368,100
129,408,1.489250,5.838369,100
297,220,9.889250,-3.561632,100
297,222,9.889250,-3.461632,100
154,436,2.739250,7.238369,100
443,310,17.189250,0.938368,100
202,211,5.139250,-4.011632,100
467,404,18.389250,5.638369,100
435,226,16.789250,-3.261632,100
296,522,9.839250,11.538369,100
182,464,4.139250,8.638369,100
155,437,2.789250,7.288369,100
156,402,2.839250,5.538369,100
429,192,16.489250,-4.961632,100
66,325,-1.660750,1.688369,100
370,60,13.539250,-11.561632,100
442,166,17.139250,-6.261632,100
388,150,14.439250,-7.061632,100
439,426,16.989250,6.738369,100
161,331,3.089250,1.988369,100
495,322,19.789250,1.538369,100
497,322,19.889250,1.538369,100
483,387,19.189250,4.788369,100
396,90,14.839250,-10.061632,100
373,480,13.689250,9.438369,100
240,215,7.039250,-3.811632,100
240,217,7.039250,-3.711632,100
69,333,-1.510750,2.088369,100
70,334,-1.460750,2.138369,100
167,456,3.389250,8.238369,100
168,457,3.439250,8.288369,100
314,511,10.739250,10.988369,100
104,327,0.239250,1.788369,100
104,329,0.239250,1.888369,100
453,251,17.689250,-2.011632,100
191,480,4.589250,9.438369,100
393,130,14.689250,-8.061632,100
394,130,14.739250,-8.061632,100
277,218,8.889250,-3.661632,100
273,515,8.689250,11.188369,100
83,355,-0.810750,3.188369,100
278,221,8.939250,-3.511632,100
425,274,16.289250,-0.861632,100
384,237,14.239250,-2.711632,100
385,238,14.289250,-2.661632,100
376,233,13.839250,-2.911632,100
431,205,16.589250,-4.311632,100
392,97,14.639250,-9.711632,100
333,500,11.689250,10.438369,100
160,385,3.039250,4.688369,100
220,216,6.039250,-3.761632,100
472,395,18.639250,5.188369,100
473,395,18.689250,5.188369,100
364,488,13.239250,9.838369,100
364,489,13.239250,9.888369,100
171,359,3.589250,3.388369,100
285,343,9.289250,2.588369,100
309,517,10.489250,11.288369,100
310,516,10.539250,11.238369,100
236,338,6.839250,2.338369,100
433,134,16.689250,-7.861632,100
477,285,18.889250,-0.311632,100
334,503,11.739250,10.588369,100
429,280,16.489250,-0.561632,100
315,224,10.789250,-3.361632,100
474,396,18.739250,5.238369,100
311,519,10.589250,11.388369,100
357,484,12.889250,9.638369,100
445,334,17.289250,2.138369,100
443,373,17.189250,4.088369,100
153,391,2.689250,4.988369,100
155,391,2.789250,4.988369,100
248,170,7.439250,-6.061632,100
111,384,0.589250,4.638369,100
274,342,8.739250,2.538369,100
352,491,12.639250,9.988369,100
353,228,12.689250,-3.161632,100
170,336,3.539250,2.238369,100
171,337,3.589250,2.288369,100
163,331,3.189250,1.988369,100
376,476,13.839250,9.238369,100
148,433,2.439250,7.088369,100
149,434,2.489250,7.138369,100
69,323,-1.510750,1.588369,100
69,325,-1.510750,1.688369,100
152,403,2.639250,5.588369,100
326,510,11.339250,10.938369,100
259,340,7.989250,2.438369,100
284,515,9.239250,11.188369,100
150,435,2.539250,7.188369,100
303,348,10.189250,2.838369,100
234,514,6.739250,11.138369,100
378,67,13.939250,-11.211632,100
201,335,5.089250,2.188369,100
193,211,4.689250,-4.011632,100
260,156,8.039250,-6.761632,100
178,351,3.939250,2.988369,100
324,178,11.239250,-5.661632,100
296,343,9.839250,2.588369,100
297,344,9.889250,2.638369,100
444,242,17.239250,-2.461632,100
429,195,16.489250,-4.811632,100
107,327,0.389250,1.788369,100
415,443,15.789250,7.588369,100
255,163,7.789250,-6.411632,100
442,169,17.139250,-6.111632,100
428,199,16.439250,-4.611632,100
205,341,5.289250,2.488369,100
205,343,5.289250,2.588369,100
151,334,2.589250,2.138369,100
151,335,2.589250,2.188369,100
326,222,11.339250,-3.461632,100
232,178,6.639250,-5.661632,100
446,323,17.339250,1.588369,100
202,335,5.139250,2.188369,100
342,495,12.139250,10.188369,100
227,508,6.389250,10.838369,100
459,262,17.989250,-1.461632,100
345,501,12.289250,10.488369,100
460,267,18.039250,-1.211632,100
461,268,18.089250,-1.161632,100
462,267,18.139250,-1.211632,100
144,330,2.239250,1.938369,100
91,360,-0.410750,3.438369,100
398,246,14.939250,-2.261632,100
201,494,5.089250,10.138369,100
390,244,14.539250,-2.361632,100
472,277,18.639250,-0.711632,100
92,361,-0.360750,3.488369,100
393,133,14.689250,-7.911632,100
395,133,14.789250,-7.911632,100
386,94,14.339250,-9.861632,100
269,217,8.489250,-3.711632,100
360,485,13.039250,9.688369,100
443,146,17.189250,-7.261632,100
157,387,2.889250,4.788369,100
159,387,2.989250,4.788369,100
435,291,16.789250,-0.011632,100
450,415,17.539250,6.188369,100
496,347,19.839250,2.788369,100
498,347,19.939250,2.788369,100
442,376,17.139250,4.238369,100
156,427,2.839250,6.788369,100
129,410,1.489250,5.938369,100
277,342,8.889250,2.538369,100
432,182,16.639250,-5.461632,100
249,511,7.489250,10.988369,100
241,505,7.089250,10.688369,100
242,506,7.139250,10.738369,100
356,226,12.839250,-3.261632,100
307,223,10.389250,-3.411632,100
125,332,1.289250,2.038369,100
445,421,17.289250,6.488369,100
356,491,12.839250,9.988369,100
490,308,19.539250,0.838368,100
234,502,6.739250,10.538369,100
153,394,2.689250,5.138369,100
314,345,10.739250,2.688369,100
286,512,9.339250,11.038369,100
495,313,19.789250,1.088368,100
167,332,3.389250,2.038369,100
167,334,3.389250,2.138369,100
436,227,16.839250,-3.211632,100
72,323,-1.360750,1.588369,100
442,307,17.139250,0.788368,100
498,324,19.939250,1.638369,100
263,156,8.189250,-6.761632,100
287,515,9.389250,11.188369,100
185,467,4.289250,8.788369,100
245,518,7.289250,11.338369,100
240,173,7.039250,-5.911632,100
292,219,9.639250,-3.611632,100
204,335,5.239250,2.188369,100
438,239,16.939250,-2.611632,100
445,317,17.289250,1.288368,100
367,480,13.389250,9.438369,100
448,359,17.439250,3.388369,100
234,214,6.739250,-3.861632,100
327,178,11.389250,-5.661632,100
258,344,7.939250,2.638369,100
238,513,6.939250,11.088369,100
344,495,12.239250,10.188369,100
110,327,0.539250,1.788369,100
152,406,2.639250,5.738369,100
329,222,11.489250,-3.461632,100
235,180,6.789250,-5.561632,100
454,254,17.739250,-1.861632,100
491,366,19.589250,3.738369,100
379,80,13.989250,-10.561632,100
295,347,9.789250,2.788369,100
348,502,12.439250,10.538369,100
330,225,11.539250,-3.311632,100
242,339,7.139250,2.388369,100
267,514,8.389250,11.138369,100
147,330,2.389250,1.938369,100
235,214,6.789250,-3.861632,100
440,396,17.039250,5.238369,100
157,416,2.889250,6.238369,100
156,381,2.839250,4.488369,100
215,501,5.789250,10.488369,100
427,277,16.389250,-0.711632,100
272,220,8.639250,-3.561632,100
496,337,19.839250,2.288369,100
428,202,16.439250,-4.461632,100
448,336,17.439250,2.238369,100
392,136,14.639250,-7.761632,100
394,136,14.739250,-7.761632,100
90,328,-0.460750,1.838369,100
378,237,13.939250,-2.711632,100
434,137,16.739250,-7.711632,100
196,344,4.839250,2.638369,100
196,346,4.839250,2.738369,100
478,288,18.939250,-0.161632,100
372,162,13.639250,-6.461632,100
393,140,14.689250,-7.561632,100
173,361,3.689250,3.488369,100
112,386,0.639250,4.738369,100
247,167,7.389250,-6.211632,100
215,213,5.789250,-3.911632,100
215,215,5.789250,-3.811632,100
114,392,0.739250,5.038369,100
317,346,10.889250,2.738369,100
310,221,10.539250,-3.511632,100
310,223,10.539250,-3.411632,100
222,337,6.139250,2.288369,100
128,332,1.439250,2.038369,100
271,151,8.589250,-7.011632,100
271,152,8.589250,-6.961632,100
328,506,11.439250,10.738369,100
298,514,9.939250,11.138369,100
184,348,4.239250,2.838369,100
318,349,10.939250,2.888369,100
338,178,11.939250,-5.661632,100
355,495,12.789250,10.188369,100
497,354,19.889250,3.138369,100
200,211,5.039250,-4.011632,100
63,322,-1.810750,1.538369,100
290,515,9.539250,11.188369,100
379,69,13.989250,-11.111632,100
152,396,2.639250,5.238369,100
348,227,12.439250,-3.211632,100
151,436,2.589250,7.238369,100
439,309,16.989250,0.888368,100
371,475,13.589250,9.188369,100
368,60,13.439250,-11.561632,100
216,191,5.839250,-5.011632,100
261,344,8.089250,2.638369,100
442,320,17.139250,1.438369,100
180,356,4.039250,3.238369,100
159,331,2.989250,1.988369,100
332,222,11.639250,-3.461632,100
238,215,6.939250,-3.811632,100
238,217,6.939250,-3.711632,100
498,327,19.939250,1.788369,100
320,513,11.039250,11.088369,100
394,464,14.739250,8.638369,100
288,153,9.439250,-6.911632,100
312,511,10.639250,10.988369,100
382,80,14.139250,-10.561632,100
298,347,9.939250,2.788369,100
245,339,7.289250,2.388369,100
460,265,18.039250,-1.311632,100
384,85,14.239250,-10.311632,100
385,86,14.289250,-10.261632,100
386,85,14.339250,-10.311632,100
281,521,9.089250,11.488369,100
281,523,9.089250,11.588369,100
471,274,18.589250,-0.861632,100
471,275,18.589250,-0.811632,100
472,274,18.639250,-0.861632,100
188,480,4.439250,9.438369,100
321,516,11.089250,11.238369,100
389,240,14.489250,-2.561632,100
275,218,8.789250,-3.661632,100
275,220,8.789250,-3.561632,100
366,486,13.339250,9.738369,100
271,515,8.589250,11.188369,100
447,366,17.389250,3.738369,100
387,86,14.389250,-10.261632,100
472,275,18.639250,-0.811632,100
376,158,13.839250,-6.661632,100
276,221,8.839250,-3.511632,100
93,326,-0.310750,1.738369,100
93,328,-0.310750,1.838369,100
481,288,19.089250,-0.161632,100
419,119,15.989250,-8.611632,100
234,338,6.739250,2.338369,100
300,514,10.039250,11.138369,100
436,173,16.839250,-5.911632,100
374,232,13.739250,-2.961632,100
157,429,2.889250,6.888369,100
313,224,10.689250,-3.361632,100
218,213,5.939250,-3.911632,100
218,215,5.939250,-3.811632,100
472,396,18.639250,5.238369,100
392,103,14.639250,-9.411632,100
394,103,14.739250,-9.411632,100
363,490,13.189250,9.938369,100
434,139,16.739250,-7.611632,100
392,142,14.639250,-7.461632,100
340,175,12.039250,-5.811632,100
82,327,-0.860750,1.788369,100
445,343,17.289250,2.588369,100
492,311,19.639250,0.988368,100
372,164,13.639250,-6.361632,100
432,214,16.639250,-3.861632,100
130,407,1.539250,5.788369,100
350,227,12.539250,-3.211632,100
444,154,17.239250,-6.861632,100
132,413,1.639250,6.088369,100
341,178,12.089250,-5.661632,100
396,113,14.839250,-8.911632,100
397,113,14.889250,-8.911632,100
177,333,3.889250,2.088369,100
177,335,3.889250,2.188369,100
243,509,7.189250,10.888369,100
435,225,16.789250,-3.311632,100
350,491,12.539250,9.988369,100
255,518,7.789250,11.338369,100
296,519,9.839250,11.388369,100
351,228,12.589250,-3.161632,100
256,219,7.839250,-3.611632,100
188,349,4.439250,2.888369,100
66,322,-1.660750,1.538369,100
