time_sec,odom_to_base_x,odom_to_base_y,odom_to_base_yaw_deg,map_to_odom_x,map_to_odom_y,map_to_odom_yaw_deg,ips_x,ips_y,ips_z,distance_to_start_m,total_distance_m,near_start,left_start_zone,lap_candidate
1783970827.414397,0.000000,0.000000,0.000000,0.000000,0.000000,0.000000,-20.872630,4.577516,0.059104,0.000000,0.000000,1,0,0
1783970827.464755,-0.000001,-0.000001,0.000402,0.000000,0.000000,0.000000,-20.872630,4.577515,0.059104,0.000001,0.000001,1,0,0
1783970827.514468,-0.000001,-0.000001,0.000402,0.000000,0.000000,0.000000,-20.872630,4.577515,0.059104,0.000001,0.000001,1,0,0
1783970827.564615,-0.000001,-0.000001,0.000402,0.000000,0.000000,0.000000,-20.872630,4.577515,0.059104,0.000001,0.000001,1,0,0
1783970827.614325,0.000595,-0.000006,0.000384,0.000000,0.000000,0.000000,-20.872170,4.577894,0.059045,0.000595,0.000597,1,0,0
1783970827.664564,0.000595,-0.000006,0.000384,0.000000,0.000000,0.000000,-20.872170,4.577894,0.059045,0.000595,0.000597,1,0,0
1783970827.714510,0.063799,-0.000003,0.000426,0.000000,0.000000,0.000000,-20.823760,4.618529,0.058398,0.063799,0.063801,1,0,0
1783970827.764833,0.063799,-0.000003,0.000426,0.000000,0.000000,0.000000,-20.823760,4.618529,0.058398,0.063799,0.063801,1,0,0
1783970827.814843,0.174034,0.000815,2.120995,0.000000,0.000000,0.000000,-20.739850,4.690023,0.057971,0.174035,0.174038,1,0,0
1783970827.864519,0.174034,0.000815,2.120995,0.000000,0.000000,0.000000,-20.739850,4.690023,0.057971,0.174035,0.174038,1,0,0
1783970827.915037,0.389268,0.012237,3.254525,0.000000,0.000000,0.000000,-20.582330,4.837141,0.057468,0.389460,0.389575,1,0,0
1783970827.964625,0.389268,0.012237,3.254525,0.000000,-0.000000,0.000000,-20.582330,4.837141,0.057468,0.389460,0.389575,1,0,0
1783970828.014706,0.734227,0.031879,3.243810,0.000000,-0.000000,0.000000,-20.330730,5.073953,0.057051,0.734919,0.735093,1,0,0
1783970828.064698,0.734227,0.031879,3.243810,0.000000,-0.000000,0.000000,-20.330730,5.073953,0.057051,0.734919,0.735093,1,0,0
1783970828.114427,1.075910,0.051024,3.152234,0.000000,-0.000000,0.000000,-20.081320,5.308279,0.057140,1.077119,1.077312,1,0,0
1783970828.164390,1.075910,0.051024,3.152234,-0.000000,-0.000000,0.000000,-20.081320,5.308279,0.057140,1.077119,1.077312,1,0,0
1783970828.214371,1.370991,0.066194,2.615098,-0.000000,-0.000000,0.000000,-19.865050,5.509600,0.057244,1.372588,1.372783,1,0,0
1783970828.264605,1.370991,0.066194,2.615098,-0.000000,-0.000000,0.000000,-19.865050,5.509600,0.057244,1.372588,1.372783,1,0,0
1783970828.314348,1.702035,0.079150,1.756897,-0.000000,-0.000000,0.000000,-19.619810,5.732345,0.057353,1.703874,1.704080,0,1,0
1783970828.364477,1.702035,0.079150,1.756897,0.000000,0.000000,-0.000000,-19.619810,5.732345,0.057353,1.703874,1.704080,0,1,0
1783970828.414351,2.016983,0.085932,0.524668,0.000000,0.000000,-0.000000,-19.382930,5.940013,0.057448,2.018813,2.019101,0,1,0
1783970828.464358,2.016983,0.085932,0.524668,0.000000,0.000000,-0.000000,-19.382930,5.940013,0.057448,2.018813,2.019101,0,1,0
1783970828.514347,2.344994,0.085490,-0.830682,0.000000,0.000000,-0.000000,-19.131400,6.150546,0.057538,2.346552,2.347113,0,1,0
1783970828.564585,2.344994,0.085490,-0.830682,-0.000000,0.000000,-0.000000,-19.131400,6.150546,0.057538,2.346552,2.347113,0,1,0
1783970828.614369,2.679447,0.077916,-1.835311,-0.000000,0.000000,-0.000000,-18.870350,6.359757,0.057620,2.680580,2.681652,0,1,0
1783970828.664572,2.679447,0.077916,-1.835311,-0.000000,0.000000,-0.000000,-18.870350,6.359757,0.057620,2.680580,2.681652,0,1,0
1783970828.714332,2.971598,0.067288,-2.359409,-0.000000,0.000000,-0.000000,-18.639740,6.539434,0.057686,2.972359,2.973995,0,1,0
1783970828.764563,2.971598,0.067288,-2.359409,0.000000,-0.000000,0.000000,-18.639740,6.539434,0.057686,2.972359,2.973995,0,1,0
1783970828.814355,3.296073,0.052616,-2.876532,0.000000,-0.000000,0.000000,-18.381770,6.736794,0.057753,3.296493,3.298802,0,1,0
1783970828.864677,3.296073,0.052616,-2.876532,0.000000,-0.000000,0.000000,-18.381770,6.736794,0.057753,3.296493,3.298802,0,1,0
1783970828.914353,3.597797,0.038229,-2.387444,0.000000,-0.000000,0.000000,-18.141410,6.919746,0.057809,3.598000,3.600869,0,1,0
1783970828.964690,3.597797,0.038229,-2.387444,0.000000,-0.000000,0.000000,-18.141410,6.919746,0.057809,3.598000,3.600869,0,1,0
1783970829.014423,3.909383,0.028110,-1.124448,0.000000,-0.000000,0.000000,-17.896240,7.112307,0.057863,3.909484,3.912619,0,1,0
1783970829.066151,3.909383,0.028110,-1.124448,0.000000,-0.000000,0.000000,-17.896240,7.112307,0.057863,3.909484,3.912619,0,1,0
1783970829.114397,4.253547,0.026491,0.841883,0.000000,-0.000000,0.000000,-17.631580,7.332323,0.057918,4.253630,4.256787,0,1,0
1783970829.164503,4.253547,0.026491,0.841883,-0.000000,-0.000000,0.000000,-17.631580,7.332323,0.057918,4.253630,4.256787,0,1,0
1783970829.214319,4.574703,0.036998,3.218830,-0.000000,-0.000000,0.000000,-17.392340,7.546835,0.057965,4.574852,4.578115,0,1,0
1783970829.264506,4.574703,0.036998,3.218830,-0.000000,-0.000000,0.000000,-17.392340,7.546835,0.057965,4.574852,4.578115,0,1,0
1783970829.315083,4.953137,0.067655,6.358774,-0.000000,-0.000000,0.000000,-17.122180,7.813605,0.058015,4.953599,4.957789,0,1,0
1783970829.364461,4.953137,0.067655,6.358774,0.000000,0.000000,-0.000000,-17.122180,7.813605,0.058015,4.953599,4.957789,0,1,0
1783970829.414585,4.953137,0.067655,6.358774,0.000000,0.000000,-0.000000,-17.122180,7.813605,0.058015,4.953599,4.957789,0,1,0
1783970829.464374,5.277992,0.111035,9.162464,0.000000,0.000000,-0.000000,-16.901240,8.055675,0.058055,5.279160,5.285527,0,1,0
1783970829.514371,5.277992,0.111035,9.162464,0.000000,0.000000,-0.000000,-16.901240,8.055675,0.058055,5.279160,5.285527,0,1,0
1783970829.564372,5.676472,0.186700,12.644221,0.000000,0.000000,-0.000000,-16.644660,8.369806,0.058098,5.679542,5.691128,0,1,0
1783970829.614596,5.676472,0.186700,12.644221,0.000000,-0.000000,0.000000,-16.644660,8.369806,0.058098,5.679542,5.691128,0,1,0
1783970829.664366,5.975978,0.259905,15.082477,0.000000,-0.000000,0.000000,-16.462310,8.618425,0.058128,5.981628,5.999450,0,1,0
1783970829.714604,5.975978,0.259905,15.082477,0.000000,-0.000000,0.000000,-16.462310,8.618425,0.058128,5.981628,5.999450,0,1,0
1783970829.764363,6.287917,0.349820,17.284726,0.000000,-0.000000,0.000000,-16.281180,8.887836,0.058155,6.297640,6.324089,0,1,0
1783970829.814460,6.287917,0.349820,17.284726,-0.000000,0.000000,0.000000,-16.281180,8.887836,0.058155,6.297640,6.324089,0,1,0
1783970829.864339,6.611912,0.455968,19.150364,-0.000000,0.000000,0.000000,-16.101250,9.177431,0.058181,6.627615,6.665029,0,1,0
1783970829.914680,6.611912,0.455968,19.150364,-0.000000,0.000000,0.000000,-16.101250,9.177431,0.058181,6.627615,6.665029,0,1,0
1783970829.964442,6.899313,0.558911,20.364981,-0.000000,0.000000,0.000000,-15.947290,9.441047,0.058202,6.921915,6.970311,0,1,0
1783970830.014866,6.899313,0.558911,20.364981,0.000000,0.000000,-0.000000,-15.947290,9.441047,0.058202,6.921915,6.970311,0,1,0
1783970830.064353,7.190902,0.669333,21.165099,0.000000,0.000000,-0.000000,-15.794930,9.713083,0.058221,7.221986,7.282108,0,1,0
1783970830.114572,7.190902,0.669333,21.165099,0.000000,0.000000,-0.000000,-15.794930,9.713083,0.058221,7.221986,7.282108,0,1,0
1783970830.164522,7.505449,0.792487,21.606868,0.000000,0.000000,-0.000000,-15.633170,10.009630,0.058239,7.547172,7.619904,0,1,0
1783970830.214519,7.505449,0.792487,21.606868,0.000000,0.000000,-0.000000,-15.483680,10.286950,0.058255,7.851014,7.934950,0,1,0
1783970830.264609,7.798237,0.908801,21.701053,0.000000,0.000000,-0.000000,-15.483680,10.286950,0.058255,7.851014,7.934950,0,1,0
1783970830.314572,8.072946,1.017886,21.577208,0.000000,0.000000,-0.000000,-15.343390,10.547110,0.058268,8.136863,8.230525,0,1,0
1783970830.364808,8.072946,1.017886,21.577208,0.000000,0.000000,-0.000000,-15.343390,10.547110,0.058268,8.136863,8.230525,0,1,0
1783970830.414776,8.369187,1.134317,21.285055,0.000000,0.000000,-0.000000,-15.191330,10.826740,0.058282,8.445707,8.548825,0,1,0
1783970830.464478,8.369187,1.134317,21.285055,0.000000,0.000000,-0.000000,-15.191330,10.826740,0.058282,8.445707,8.548825,0,1,0
1783970830.514606,8.650915,1.243255,20.948772,0.000000,0.000000,-0.000000,-15.045570,11.091300,0.058293,8.739795,8.850881,0,1,0
1783970830.564637,8.650915,1.243255,20.948772,-0.000000,0.000000,-0.000000,-15.045570,11.091300,0.058293,8.739795,8.850881,0,1,0
1783970830.615276,8.948483,1.356275,20.607426,-0.000000,0.000000,-0.000000,-14.890300,11.369170,0.058304,9.050682,9.169190,0,1,0
1783970830.664373,8.948483,1.356275,20.607426,-0.000000,0.000000,-0.000000,-14.890300,11.369170,0.058304,9.050682,9.169190,0,1,0
1783970830.714342,9.234480,1.463145,20.342299,-0.000000,0.000000,-0.000000,-14.739940,11.634890,0.058313,9.349675,9.474502,0,1,0
1783970830.764456,9.234480,1.463145,20.342299,0.000000,0.000000,-0.000000,-14.739940,11.634890,0.058313,9.349675,9.474502,0,1,0
1783970830.814371,9.529979,1.572392,20.241357,0.000000,0.000000,-0.000000,-14.583830,11.908540,0.058322,9.658826,9.789549,0,1,0
1783970830.864436,9.529979,1.572392,20.241357,0.000000,0.000000,-0.000000,-14.583830,11.908540,0.058322,9.658826,9.789549,0,1,0
1783970830.914372,9.816321,1.678320,20.404521,0.000000,0.000000,-0.000000,-14.432600,12.173760,0.058330,9.958760,10.094856,0,1,0
1783970830.964665,9.816321,1.678320,20.404521,-0.000000,-0.000000,0.000000,-14.432600,12.173760,0.058330,9.958760,10.094856,0,1,0
1783970831.014369,10.123583,1.793230,20.627190,-0.000000,-0.000000,0.000000,-14.271120,12.459310,0.058338,10.281178,10.422902,0,1,0
1783970831.064500,10.123583,1.793230,20.627190,-0.000000,-0.000000,0.000000,-14.271120,12.459310,0.058338,10.281178,10.422902,0,1,0
1783970831.114366,10.423804,1.908305,21.487316,-0.000000,-0.000000,0.000000,-14.115140,12.740460,0.058346,10.597043,10.744422,0,1,0
1783970831.164523,10.423804,1.908305,21.487316,0.000000,0.000000,-0.000000,-14.115140,12.740460,0.058346,10.597043,10.744422,0,1,0
1783970831.214367,10.721189,2.030174,23.408412,0.000000,0.000000,-0.000000,-13.965700,13.024990,0.058354,10.911714,11.065809,0,1,0
1783970831.264650,10.721189,2.030174,23.408412,0.000000,0.000000,-0.000000,-13.965700,13.024990,0.058354,10.911714,11.065809,0,1,0
1783970831.314378,10.966238,2.146214,30.019711,0.000000,0.000000,-0.000000,-13.852600,13.271410,0.059005,11.174284,11.336945,0,1,0
1783970831.364562,10.966238,2.146214,30.019711,0.000000,0.000000,0.000000,-13.852600,13.271410,0.059005,11.174284,11.336945,0,1,0
1783970831.414371,11.133502,2.256871,36.772959,0.000000,0.000000,0.000000,-13.795620,13.463700,0.059193,11.359944,11.537499,0,1,0
1783970831.464499,11.133502,2.256871,36.772959,0.000000,0.000000,0.000000,-13.795620,13.463700,0.059193,11.359944,11.537499,0,1,0
1783970831.514359,11.299417,2.398322,43.641546,0.000000,0.000000,0.000000,-13.759470,13.678710,0.059167,11.551137,11.755527,0,1,0
1783970831.564522,11.299417,2.398322,43.641546,0.000000,-0.000000,0.000000,-13.759470,13.678710,0.059167,11.551137,11.755527,0,1,0
1783970831.614374,11.442062,2.551914,50.126698,0.000000,-0.000000,0.000000,-13.748950,13.888060,0.059140,11.723184,11.965141,0,1,0
1783970831.664387,11.442062,2.551914,50.126698,0.000000,-0.000000,0.000000,-13.748950,13.888060,0.059140,11.723184,11.965141,0,1,0
1783970831.714376,11.555771,2.705065,56.240487,0.000000,-0.000000,0.000000,-13.760310,14.078470,0.059120,11.868160,12.155890,0,1,0
1783970831.764724,11.555771,2.705065,56.240487,-0.000000,0.000000,0.000000,-13.760310,14.078470,0.059120,11.868160,12.155890,0,1,0
1783970831.814599,11.674351,2.914013,64.140860,-0.000000,0.000000,0.000000,-13.803810,14.314750,0.059099,12.032537,12.396141,0,1,0
1783970831.864478,11.674351,2.914013,64.140860,-0.000000,0.000000,0.000000,-13.803810,14.314750,0.059099,12.032537,12.396141,0,1,0
1783970831.914372,11.751754,3.103798,70.998571,-0.000000,0.000000,0.000000,-13.866530,14.509880,0.059083,12.154723,12.601103,0,1,0
1783970831.964743,11.751754,3.103798,70.998571,0.000000,-0.000000,0.000000,-13.866530,14.509880,0.059083,12.154723,12.601103,0,1,0
1783970832.014415,11.806556,3.305463,78.111440,0.000000,-0.000000,0.000000,-13.954200,14.699580,0.059070,12.260540,12.810082,0,1,0
1783970832.064457,11.806556,3.305463,78.111440,0.000000,-0.000000,0.000000,-13.954200,14.699580,0.059070,12.260540,12.810082,0,1,0
1783970832.114392,11.835922,3.512366,85.235119,0.000000,-0.000000,0.000000,-14.064720,14.876940,0.059058,12.346083,13.019058,0,1,0
1783970832.164426,11.835922,3.512366,85.235119,0.000000,0.000000,-0.000000,-14.064720,14.876940,0.059058,12.346083,13.019058,0,1,0
1783970832.214370,11.839171,3.723290,92.505208,0.000000,0.000000,-0.000000,-14.197830,15.040590,0.059049,12.410837,13.230008,0,1,0
1783970832.264354,11.839171,3.723290,92.505208,0.000000,0.000000,-0.000000,-14.197830,15.040590,0.059049,12.410837,13.230008,0,1,0
1783970832.314365,11.817929,3.918489,99.409857,0.000000,0.000000,-0.000000,-14.339590,15.176450,0.059042,12.450623,13.426359,0,1,0
1783970832.364424,11.817929,3.918489,99.409857,0.000000,0.000000,0.000000,-14.339590,15.176450,0.059042,12.450623,13.426359,0,1,0
1783970832.414379,11.768539,4.125524,106.911685,0.000000,0.000000,0.000000,-14.510520,15.303280,0.059035,12.470704,13.639204,0,1,0
1783970832.464581,11.768539,4.125524,106.911685,0.000000,0.000000,0.000000,-14.510520,15.303280,0.059035,12.470704,13.639204,0,1,0
1783970832.514509,11.697640,4.312999,114.005508,0.000000,0.000000,0.000000,-14.685350,15.401300,0.059030,12.467427,13.839637,0,1,0
1783970832.564713,11.697640,4.312999,114.005508,0.000000,-0.000000,0.000000,-14.685350,15.401300,0.059030,12.467427,13.839637,0,1,0
1783970832.614580,11.601951,4.493772,121.263364,0.000000,-0.000000,0.000000,-14.874860,15.478250,0.059026,12.441835,14.044174,0,1,0
1783970832.664635,11.601951,4.493772,121.263364,0.000000,-0.000000,0.000000,-14.874860,15.478250,0.059026,12.441835,14.044174,0,1,0
1783970832.714398,11.475113,4.672385,128.972465,0.000000,-0.000000,0.000000,-15.086840,15.533520,0.059021,12.389891,14.263241,0,1,0
1783970832.764602,11.475113,4.672385,128.972465,-0.000000,0.000000,-0.000000,-15.086840,15.533520,0.059021,12.389891,14.263241,0,1,0
1783970832.814794,11.342024,4.816842,135.819822,-0.000000,0.000000,-0.000000,-15.281650,15.558610,0.059017,12.322479,14.459660,0,1,0
1783970832.864465,11.342024,4.816842,135.819822,-0.000000,0.000000,-0.000000,-15.281650,15.558610,0.059017,12.322479,14.459660,0,1,0
1783970832.914338,11.179399,4.954339,143.237149,-0.000000,0.000000,-0.000000,-15.494610,15.559380,0.059014,12.228018,14.672621,0,1,0
1783970832.964409,11.179399,4.954339,143.237149,0.000000,0.000000,0.000000,-15.494610,15.559380,0.059014,12.228018,14.672621,0,1,0
1783970833.014627,11.002191,5.068878,150.490917,0.000000,0.000000,0.000000,-15.703980,15.533190,0.059010,12.113700,14.883623,0,1,0
1783970833.064408,11.002191,5.068878,150.490917,0.000000,0.000000,0.000000,-15.703980,15.533190,0.059010,12.113700,14.883623,0,1,0
1783970833.114376,10.813814,5.159905,157.407897,0.000000,0.000000,0.000000,-15.906790,15.481810,0.059004,11.981786,15.092840,0,1,0
1783970833.165114,10.813814,5.159905,157.407897,0.000000,-0.000000,0.000000,-15.906790,15.481810,0.059004,11.981786,15.092840,0,1,0
1783970833.214516,10.625766,5.225145,163.829562,0.000000,-0.000000,0.000000,-16.092770,15.410890,0.058998,11.840990,15.291883,0,1,0
1783970833.264408,10.625766,5.225145,163.829562,0.000000,-0.000000,0.000000,-16.092770,15.410890,0.058998,11.840990,15.291883,0,1,0
1783970833.314527,10.388545,5.275662,171.639037,0.000000,-0.000000,0.000000,-16.306950,15.297080,0.058993,11.651373,15.534423,0,1,0
1783970833.364743,10.388545,5.275662,171.639037,0.000000,0.000000,0.000000,-16.306950,15.297080,0.058993,11.651373,15.534423,0,1,0
1783970833.414513,10.185764,5.293514,177.800955,0.000000,0.000000,0.000000,-16.473750,15.180390,0.058985,11.479159,15.737989,0,1,0
1783970833.464697,10.185764,5.293514,177.800955,0.000000,0.000000,0.000000,-16.473750,15.180390,0.058985,11.479159,15.737989,0,1,0
1783970833.514748,9.975786,5.289506,-176.085509,0.000000,0.000000,0.000000,-16.632010,15.042330,0.058977,11.291377,15.948005,0,1,0
1783970833.565064,9.975786,5.289506,-176.085509,0.000000,0.000000,0.000000,-16.632010,15.042330,0.058977,11.291377,15.948005,0,1,0
1783970833.614392,9.777188,5.265738,-170.721564,0.000000,0.000000,0.000000,-16.768850,14.896450,0.058966,11.105017,16.148020,0,1,0
1783970833.664592,9.777188,5.265738,-170.721564,0.000000,0.000000,0.000000,-16.768850,14.896450,0.058966,11.105017,16.148020,0,1,0
1783970833.714359,9.566787,5.220923,-165.660921,0.000000,0.000000,0.000000,-16.901200,14.726860,0.058952,10.898690,16.363142,0,1,0
1783970833.764482,9.566787,5.220923,-165.660921,0.000000,0.000000,-0.000000,-16.901200,14.726860,0.058952,10.898690,16.363142,0,1,0
1783970833.814523,9.369948,5.162713,-161.776656,0.000000,0.000000,-0.000000,-17.014550,14.555730,0.058934,10.698109,16.568407,0,1,0
1783970833.864409,9.369948,5.162713,-161.776656,0.000000,0.000000,-0.000000,-17.014550,14.555730,0.058934,10.698109,16.568407,0,1,0
1783970833.914377,9.170642,5.090503,-158.693459,0.000000,0.000000,-0.000000,-17.120790,14.372290,0.058914,10.488751,16.780391,0,1,0
1783970833.964403,9.170642,5.090503,-158.693459,0.000000,-0.000000,0.000000,-17.120790,14.372290,0.058914,10.488751,16.780391,0,1,0
1783970834.014490,8.932527,4.992182,-156.053596,0.000000,-0.000000,0.000000,-17.239970,14.143900,0.058344,10.232884,17.038006,0,1,0
1783970834.064776,8.932527,4.992182,-156.053596,0.000000,-0.000000,0.000000,-17.239970,14.143900,0.058344,10.232884,17.038006,0,1,0
1783970834.114335,8.651633,4.863300,-154.679734,0.000000,-0.000000,0.000000,-17.372270,13.864600,0.058101,9.924840,17.347056,0,1,0
1783970834.164907,8.651633,4.863300,-154.679734,0.000000,0.000000,0.000000,-17.372270,13.864600,0.058101,9.924840,17.347056,0,1,0
1783970834.214404,8.343904,4.718233,-155.045643,0.000000,0.000000,0.000000,-17.514720,13.555650,0.058115,9.585533,17.687265,0,1,0
1783970834.264430,8.343904,4.718233,-155.045643,0.000000,0.000000,0.000000,-17.514720,13.555650,0.058115,9.585533,17.687265,0,1,0
1783970834.314442,8.059807,4.590263,-156.851045,0.000000,0.000000,0.000000,-17.650060,13.274990,0.058142,9.275290,17.998853,0,1,0
1783970834.364691,8.059807,4.590263,-156.851045,0.000000,0.000000,0.000000,-17.650060,13.274990,0.058142,9.275290,17.998853,0,1,0
1783970834.414346,8.059807,4.590263,-156.851045,0.000000,0.000000,0.000000,-17.808670,12.981170,0.058173,8.944789,18.332750,0,1,0
1783970834.464571,7.749426,4.467174,-160.445490,0.000000,0.000000,0.000000,-17.808670,12.981170,0.058173,8.944789,18.332750,0,1,0
1783970834.514583,7.476107,4.379717,-165.436754,0.000000,0.000000,0.000000,-17.961800,12.738470,0.058850,8.664531,18.619721,0,1,0
1783970834.564528,7.476107,4.379717,-165.436754,-0.000000,0.000000,0.000000,-17.961800,12.738470,0.058850,8.664531,18.619721,0,1,0
1783970834.614929,7.278164,4.335373,-169.206586,-0.000000,0.000000,0.000000,-18.084910,12.577250,0.059001,8.471548,18.822570,0,1,0
1783970834.664495,7.278164,4.335373,-169.206586,-0.000000,0.000000,0.000000,-18.084910,12.577250,0.059001,8.471548,18.822570,0,1,0
1783970834.714757,7.278164,4.335373,-169.206586,-0.000000,0.000000,0.000000,-18.084910,12.577250,0.059001,8.471548,18.822570,0,1,0
1783970834.764624,7.050338,4.302244,-174.003832,0.000000,0.000000,0.000000,-18.238120,12.405410,0.058980,8.259332,19.052792,0,1,0
1783970834.814402,7.050338,4.302244,-174.003832,0.000000,0.000000,0.000000,-18.238120,12.405410,0.058980,8.259332,19.052792,0,1,0
1783970834.864381,6.818925,4.289451,-179.386775,0.000000,0.000000,0.000000,-18.407150,12.246840,0.058958,8.055875,19.284559,0,1,0
1783970834.914370,6.818925,4.289451,-179.386775,0.000000,0.000000,0.000000,-18.407150,12.246840,0.058958,8.055875,19.284559,0,1,0
1783970834.964351,6.594118,4.299181,174.737467,0.000000,0.000000,0.000000,-18.585600,12.109770,0.058942,7.871808,19.509575,0,1,0
1783970835.014414,6.594118,4.299181,174.737467,0.000000,0.000000,0.000000,-18.585600,12.109770,0.058942,7.871808,19.509575,0,1,0
1783970835.064592,6.386746,4.330508,168.411526,0.000000,0.000000,0.000000,-18.764580,12.000450,0.058936,7.716464,19.719301,0,1,0
1783970835.114533,6.386746,4.330508,168.411526,0.000000,0.000000,0.000000,-18.764580,12.000450,0.058936,7.716464,19.719301,0,1,0
1783970835.164551,6.184589,4.385174,161.759856,0.000000,0.000000,0.000000,-18.954570,11.912360,0.058928,7.581483,19.928719,0,1,0
1783970835.214834,6.184589,4.385174,161.759856,-0.000000,0.000000,0.000000,-18.954570,11.912360,0.058928,7.581483,19.928719,0,1,0
1783970835.264429,5.982949,4.466731,154.648693,-0.000000,0.000000,0.000000,-19.161450,11.845200,0.058923,7.466416,20.146227,0,1,0
1783970835.314757,5.982949,4.466731,154.648693,-0.000000,0.000000,0.000000,-19.161450,11.845200,0.058923,7.466416,20.146227,0,1,0
1783970835.364463,5.794778,4.571567,147.572062,-0.000000,0.000000,0.000000,-19.372980,11.804530,0.058918,7.380968,20.361632,0,1,0
1783970835.415135,5.794778,4.571567,147.572062,-0.000000,-0.000000,0.000000,-19.372980,11.804530,0.058918,7.380968,20.361632,0,1,0
1783970835.464594,5.608276,4.709456,139.949321,-0.000000,-0.000000,0.000000,-19.604480,11.790250,0.058915,7.323369,20.593572,0,1,0
1783970835.514429,5.608276,4.709456,139.949321,-0.000000,-0.000000,0.000000,-19.604480,11.790250,0.058915,7.323369,20.593572,0,1,0
1783970835.564740,5.448604,4.863196,132.698980,-0.000000,-0.000000,0.000000,-19.825620,11.805360,0.058912,7.303284,20.815227,0,1,0
1783970835.614367,5.448604,4.863196,132.698980,0.000000,0.000000,-0.000000,-19.825620,11.805360,0.058912,7.303284,20.815227,0,1,0
1783970835.664559,5.448604,4.863196,132.698980,0.000000,0.000000,-0.000000,-19.825620,11.805360,0.058912,7.303284,20.815227,0,1,0
1783970835.714374,5.322771,5.017308,126.239596,0.000000,0.000000,-0.000000,-20.021080,11.842510,0.058910,7.314730,21.014186,0,1,0
1783970835.764829,5.322771,5.017308,126.239596,0.000000,0.000000,-0.000000,-20.021080,11.842510,0.058910,7.314730,21.014186,0,1,0
1783970835.814453,5.196880,5.217255,118.626208,0.000000,0.000000,-0.000000,-20.246050,11.914730,0.058908,7.363920,21.250464,0,1,0
1783970835.864685,5.196880,5.217255,118.626208,0.000000,-0.000000,0.000000,-20.246050,11.914730,0.058908,7.363920,21.250464,0,1,0
1783970835.914379,5.106629,5.410854,111.844047,0.000000,-0.000000,0.000000,-20.439640,12.005000,0.058906,7.440094,21.464066,0,1,0
1783970835.965125,5.106629,5.410854,111.844047,0.000000,-0.000000,0.000000,-20.439640,12.005000,0.058906,7.440094,21.464066,0,1,0
1783970836.014386,5.042193,5.603805,105.560273,0.000000,-0.000000,0.000000,-20.613040,12.111370,0.058904,7.538325,21.667492,0,1,0
1783970836.064465,5.042193,5.603805,105.560273,-0.000000,-0.000000,0.000000,-20.613040,12.111370,0.058904,7.538325,21.667492,0,1,0
1783970836.114367,4.998386,5.806806,99.254915,-0.000000,-0.000000,0.000000,-20.777100,12.238700,0.058902,7.661780,21.875166,0,1,0
1783970836.164537,4.998386,5.806806,99.254915,-0.000000,-0.000000,0.000000,-20.777100,12.238700,0.058902,7.661780,21.875166,0,1,0
1783970836.214363,4.976952,6.011436,93.169174,-0.000000,-0.000000,0.000000,-20.925070,12.381660,0.058899,7.804320,22.080915,0,1,0
1783970836.264384,4.976952,6.011436,93.169174,0.000000,0.000000,0.000000,-20.925070,12.381660,0.058899,7.804320,22.080915,0,1,0
1783970836.314370,4.977975,6.233941,86.753159,0.000000,0.000000,0.000000,-21.067330,12.552750,0.058896,7.977610,22.303423,0,1,0
1783970836.364544,4.977975,6.233941,86.753159,0.000000,0.000000,0.000000,-21.067330,12.552750,0.058896,7.977610,22.303423,0,1,0
1783970836.414393,5.001102,6.440768,80.918617,0.000000,0.000000,0.000000,-21.182580,12.726040,0.058893,8.154417,22.511538,0,1,0
1783970836.464681,5.001102,6.440768,80.918617,-0.000000,0.000000,0.000000,-21.182580,12.726040,0.058893,8.154417,22.511538,0,1,0
1783970836.514377,5.047008,6.652445,75.053677,-0.000000,0.000000,0.000000,-21.283500,12.917690,0.058888,8.350288,22.728136,0,1,0
1783970836.565902,5.047008,6.652445,75.053677,-0.000000,0.000000,0.000000,-21.283500,12.917690,0.058888,8.350288,22.728136,0,1,0
1783970836.614913,5.111007,6.850804,69.610425,-0.000000,0.000000,0.000000,-21.362000,13.110770,0.058884,8.547275,22.936564,0,1,0
1783970836.664363,5.111007,6.850804,69.610425,0.000000,-0.000000,0.000000,-21.362000,13.110770,0.058884,8.547275,22.936564,0,1,0
1783970836.714403,5.223086,7.102312,62.775855,0.000000,-0.000000,0.000000,-21.437840,13.375470,0.058876,8.816091,23.211914,0,1,0
1783970836.764375,5.294265,7.230020,59.321396,0.000000,-0.000000,0.000000,-21.465420,13.519050,0.058873,8.961162,23.358119,0,1,0
1783970836.814440,5.365893,7.343003,56.309057,-0.000000,0.000000,-0.000000,-21.483190,13.651640,0.058868,9.094642,23.491895,0,1,0
1783970836.864524,5.365893,7.343003,56.309057,-0.000000,0.000000,-0.000000,-21.483190,13.651640,0.058868,9.094642,23.491895,0,1,0
1783970836.914328,5.443310,7.452120,53.321501,-0.000000,0.000000,-0.000000,-21.494040,13.784990,0.058864,9.228420,23.625685,0,1,0
1783970836.964384,5.534138,7.567137,50.429717,0.000000,0.000000,0.000000,-21.498410,13.931480,0.058857,9.374873,23.772240,0,1,0
1783970837.014471,5.619229,7.665283,48.025787,0.000000,0.000000,0.000000,-21.496330,14.061360,0.058851,9.504331,23.902137,0,1,0
1783970837.064785,5.619229,7.665283,48.025787,0.000000,-0.000000,0.000000,-21.496330,14.061360,0.058851,9.504331,23.902137,0,1,0
1783970837.114361,5.721591,7.773229,45.294166,0.000000,-0.000000,0.000000,-21.487320,14.209850,0.058846,9.651927,24.050900,0,1,0
1783970837.164546,5.721591,7.773229,45.294166,0.000000,-0.000000,0.000000,-21.487320,14.209850,0.058846,9.651927,24.050900,0,1,0
1783970837.214749,5.828892,7.876404,42.746691,0.000000,-0.000000,0.000000,-21.471460,14.357860,0.058839,9.798659,24.199758,0,1,0
1783970837.264370,5.935788,7.970806,40.407847,-0.000000,0.000000,-0.000000,-21.450270,14.498890,0.058833,9.938175,24.342371,0,1,0
1783970837.314737,5.935788,7.970806,40.407847,-0.000000,0.000000,-0.000000,-21.450270,14.498890,0.058833,9.938175,24.342371,0,1,0
1783970837.364442,6.044773,8.059499,38.115895,0.000000,-0.000000,0.000000,-21.423810,14.636890,0.058828,10.074463,24.482884,0,1,0
1783970837.414524,6.160587,8.146390,35.901182,0.000000,-0.000000,0.000000,-21.390960,14.777900,0.058822,10.213545,24.627670,0,1,0
1783970837.464363,6.290112,8.235834,33.584218,0.000000,-0.000000,0.000000,-21.349250,14.929680,0.058816,10.363130,24.785077,0,1,0
1783970837.514530,6.290112,8.235834,33.584218,0.000000,0.000000,0.000000,-21.349250,14.929680,0.058816,10.363130,24.785077,0,1,0
1783970837.565355,6.406995,8.310169,31.553511,0.000000,0.000000,0.000000,-21.307510,15.061760,0.058811,10.493259,24.923595,0,1,0
1783970837.614393,6.533719,8.384548,29.488588,0.000000,0.000000,0.000000,-21.258260,15.200200,0.058805,10.629681,25.070535,0,1,0
1783970837.664438,6.533719,8.384548,29.488588,-0.000000,0.000000,0.000000,-21.258260,15.200200,0.058805,10.629681,25.070535,0,1,0
1783970837.714572,6.673520,8.460772,27.070933,-0.000000,0.000000,0.000000,-21.200180,15.348460,0.058447,10.775923,25.229765,0,1,0
1783970837.764396,6.888007,8.563871,23.644325,-0.000000,0.000000,0.000000,-21.102170,15.565320,0.058060,10.990201,25.467745,0,1,0
1783970837.814276,7.076690,8.642137,21.026621,0.000000,0.000000,0.000000,-21.007960,15.746570,0.058021,11.169874,25.672017,0,1,0
1783970837.864564,7.076690,8.642137,21.026621,0.000000,0.000000,0.000000,-21.007960,15.746570,0.058021,11.169874,25.672017,0,1,0
1783970837.914545,7.292667,8.719899,18.186920,0.000000,0.000000,0.000000,-20.892520,15.944980,0.058040,11.367481,25.901566,0,1,0
1783970837.964551,7.512659,8.787215,15.453387,-0.000000,0.000000,0.000000,-20.767290,16.137970,0.058068,11.560934,26.131626,0,1,0
1783970838.014380,7.512659,8.787215,15.453387,-0.000000,0.000000,0.000000,-20.767290,16.137970,0.058068,11.560934,26.131626,0,1,0
1783970838.064451,7.735662,8.844027,12.737543,-0.000000,0.000000,0.000000,-20.633000,16.324850,0.058095,11.749778,26.361752,0,1,0
1783970838.114467,7.945191,8.887617,10.429414,-0.000000,0.000000,-0.000000,-20.500530,16.492940,0.058118,11.921233,26.575768,0,1,0
1783970838.164349,8.159539,8.923493,8.248729,-0.000000,0.000000,-0.000000,-20.359410,16.658220,0.058140,12.091601,26.793098,0,1,0
1783970838.214529,8.159539,8.923493,8.248729,0.000000,0.000000,-0.000000,-20.359410,16.658220,0.058140,12.091601,26.793098,0,1,0
1783970838.264839,8.362208,8.949824,6.222681,0.000000,0.000000,-0.000000,-20.221100,16.808680,0.058159,12.248505,26.997470,0,1,0
1783970838.314383,8.598055,8.971572,4.012583,0.000000,0.000000,-0.000000,-20.054430,16.976960,0.058180,12.426410,27.234318,0,1,0
1783970838.364367,8.598055,8.971572,4.012583,0.000000,0.000000,0.000000,-20.054430,16.976960,0.058180,12.426410,27.234318,0,1,0
1783970838.415242,8.834582,8.984408,1.908198,0.000000,0.000000,0.000000,-19.881510,17.138850,0.058199,12.600374,27.471193,0,1,0
1783970838.464526,9.068219,8.988807,-0.016543,0.000000,0.000000,0.000000,-19.705380,17.292420,0.058216,12.768369,27.704871,0,1,0
1783970838.514336,9.275915,8.986192,-1.701037,0.000000,0.000000,0.000000,-19.544610,17.423940,0.058231,12.914885,27.912583,0,1,0
1783970838.570686,9.275915,8.986192,-1.701037,0.000000,0.000000,0.000000,-19.544610,17.423940,0.058231,12.914885,27.912583,0,1,0
1783970838.614669,9.506150,8.976240,-3.510870,-0.000000,0.000000,0.000000,-19.361860,17.564330,0.058246,13.074393,28.143033,0,1,0
1783970838.665432,9.710108,8.961409,-5.066983,-0.000000,0.000000,0.000000,-19.196100,17.684090,0.058258,13.213366,28.347529,0,1,0
1783970838.714365,9.710108,8.961409,-5.066983,-0.000000,0.000000,0.000000,-19.196100,17.684090,0.058258,13.213366,28.347529,0,1,0
1783970838.764395,9.974836,8.933851,-7.079468,-0.000000,0.000000,0.000000,-18.975610,17.833170,0.058273,13.390708,28.613688,0,1,0
1783970838.814368,10.199984,8.903076,-8.725276,0.000000,-0.000000,0.000000,-18.783370,17.954340,0.058284,13.538997,28.840929,0,1,0
1783970838.864335,10.427355,8.865369,-10.348284,0.000000,-0.000000,0.000000,-18.584970,18.071630,0.058295,13.686654,29.071406,0,1,0
1783970838.914407,10.427355,8.865369,-10.348284,0.000000,0.000000,0.000000,-18.584970,18.071630,0.058295,13.686654,29.071406,0,1,0
1783970838.964763,10.644048,8.823230,-11.896424,0.000000,0.000000,0.000000,-18.391900,18.178660,0.058305,13.825525,29.292158,0,1,0
1783970839.014460,10.862701,8.774576,-13.424931,0.000000,0.000000,0.000000,-18.193140,18.281960,0.058314,13.963934,29.516159,0,1,0
1783970839.064332,10.862701,8.774576,-13.424931,0.000000,0.000000,0.000000,-18.000490,18.375710,0.058323,14.093947,29.730409,0,1,0
1783970839.114661,11.070534,8.722535,-14.944482,0.000000,0.000000,0.000000,-18.000490,18.375710,0.058323,14.093947,29.730409,0,1,0
1783970839.164453,11.292469,8.660369,-16.596903,0.000000,0.000000,0.000000,-17.790530,18.470770,0.058331,14.231017,29.960886,0,1,0
1783970839.214540,11.521784,8.588797,-18.319208,0.000000,0.000000,0.000000,-17.568870,18.563370,0.058339,14.370767,30.201111,0,1,0
1783970839.264373,11.521784,8.588797,-18.319208,0.000000,0.000000,0.000000,-17.568870,18.563370,0.058339,14.370767,30.201111,0,1,0
1783970839.314410,11.736582,8.514722,-19.991751,0.000000,0.000000,0.000000,-17.356720,18.644720,0.058347,14.499926,30.428323,0,1,0
1783970839.364459,11.949113,8.434351,-21.703100,0.000000,0.000000,0.000000,-17.142260,18.719790,0.058353,14.625990,30.655542,0,1,0
1783970839.414608,12.141232,8.355328,-23.273857,0.000000,0.000000,0.000000,-16.944300,18.782770,0.058359,14.738420,30.863279,0,1,0
1783970839.464492,12.141232,8.355328,-23.273857,-0.000000,-0.000000,0.000000,-16.944300,18.782770,0.058359,14.738420,30.863279,0,1,0
1783970839.514760,12.351590,8.261309,-25.192233,-0.000000,-0.000000,0.000000,-16.722730,18.845990,0.058366,14.859711,31.093692,0,1,0
1783970839.564567,12.549913,8.164586,-27.110255,-0.000000,-0.000000,0.000000,-16.508640,18.899400,0.058372,14.972000,31.314343,0,1,0
1783970839.614375,12.549913,8.164586,-27.110255,-0.000000,-0.000000,0.000000,-16.508640,18.899400,0.058372,14.972000,31.314343,0,1,0
1783970839.664401,12.730661,8.069074,-28.896330,-0.000000,-0.000000,0.000000,-16.308790,18.942440,0.058378,15.072481,31.518776,0,1,0
1783970839.714392,12.952643,7.941043,-31.418905,-0.000000,-0.000000,0.000000,-16.056450,18.987080,0.058385,15.193128,31.775034,0,1,0
1783970839.764338,13.136077,7.824620,-33.772367,-0.000000,-0.000000,0.000000,-15.841100,19.015830,0.058392,15.289905,31.992294,0,1,0
1783970839.814651,13.136077,7.824620,-33.772367,-0.000000,-0.000000,0.000000,-15.841100,19.015830,0.058392,15.289905,31.992294,0,1,0
1783970839.864946,13.311887,7.702599,-36.129536,-0.000000,-0.000000,0.000000,-15.627990,19.035390,0.058397,15.379739,32.206300,0,1,0
1783970839.914402,13.500134,7.559198,-38.874562,-0.000000,-0.000000,0.000000,-15.391610,19.046570,0.058404,15.472398,32.442944,0,1,0
1783970839.964325,13.663997,7.421759,-41.531273,-0.000000,-0.000000,0.000000,-15.177740,19.046640,0.058410,15.549512,32.656814,0,1,0
1783970840.015018,13.663997,7.421759,-41.531273,0.000000,-0.000000,0.000000,-15.177740,19.046640,0.058410,15.549512,32.656814,0,1,0
1783970840.064488,13.832830,7.265526,-44.457377,0.000000,-0.000000,0.000000,-14.947980,19.035510,0.058417,15.624822,32.886844,0,1,0
1783970840.114432,13.975787,7.119823,-47.059379,0.000000,-0.000000,0.000000,-14.744810,19.015810,0.058422,15.684850,33.090967,0,1,0
1783970840.164776,13.975787,7.119823,-47.059379,0.000000,0.000000,0.000000,-14.744810,19.015810,0.058422,15.684850,33.090967,0,1,0
1783970840.215137,14.130646,6.945462,-50.183691,0.000000,0.000000,0.000000,-14.514100,18.981810,0.058428,15.745304,33.324168,0,1,0
1783970840.264728,14.260064,6.783549,-52.989393,0.000000,0.000000,0.000000,-14.310880,18.940990,0.058433,15.791325,33.531448,0,1,0
1783970840.314540,14.386892,6.607477,-55.926739,0.000000,-0.000000,0.000000,-14.100540,18.887660,0.058438,15.831659,33.748443,0,1,0
1783970840.364377,14.386892,6.607477,-55.926739,0.000000,-0.000000,0.000000,-13.913790,18.830940,0.058847,15.861449,33.943616,0,1,0
1783970840.414383,14.493473,6.443973,-58.996001,0.000000,0.000000,0.000000,-13.913790,18.830940,0.058847,15.861449,33.943616,0,1,0
1783970840.464492,14.572305,6.308042,-61.425959,0.000000,0.000000,0.000000,-13.766020,18.777500,0.059191,15.879026,34.100753,0,1,0
1783970840.514386,14.641942,6.173926,-63.495146,0.000000,0.000000,0.000000,-13.626460,18.719540,0.059218,15.890369,34.251870,0,1,0
1783970840.564722,14.641942,6.173926,-63.495146,0.000000,0.000000,0.000000,-13.626460,18.719540,0.059218,15.890369,34.251870,0,1,0
1783970840.614372,14.710961,6.029990,-65.898169,0.000000,0.000000,0.000000,-13.481060,18.653660,0.058835,15.898841,34.411499,0,1,0
1783970840.664700,14.790725,5.842111,-68.796749,0.000000,0.000000,0.000000,-13.299180,18.561030,0.058450,15.902698,34.615608,0,1,0
1783970840.714436,14.871005,5.620704,-71.702454,0.000000,0.000000,0.000000,-13.095350,18.443050,0.058364,15.897771,34.851120,0,1,0
1783970840.764525,14.871005,5.620704,-71.702454,0.000000,0.000000,0.000000,-13.095350,18.443050,0.058364,15.897771,34.851120,0,1,0
1783970840.814531,14.928855,5.435539,-73.965922,0.000000,0.000000,0.000000,-12.932000,18.338410,0.058359,15.887599,35.045112,0,1,0
1783970840.864361,14.996446,5.178527,-76.929099,-0.000000,0.000000,-0.000000,-12.715000,18.185000,0.058367,15.865388,35.310863,0,1,0
1783970840.914708,14.996446,5.178527,-76.929099,-0.000000,0.000000,-0.000000,-12.715000,18.185000,0.058367,15.865388,35.310863,0,1,0
1783970840.964510,15.041809,4.966087,-79.338716,-0.000000,0.000000,-0.000000,-12.543680,18.051440,0.058374,15.840393,35.528093,0,1,0
1783970841.014616,15.079811,4.742278,-81.725219,0.000000,0.000000,0.000000,-12.370690,17.904440,0.058381,15.807906,35.755105,0,1,0
1783970841.064465,15.079811,4.742278,-81.725219,0.000000,0.000000,0.000000,-12.370690,17.904440,0.058381,15.807906,35.755105,0,1,0
1783970841.114408,15.107938,4.523519,-83.959470,0.000000,0.000000,0.000000,-12.208510,17.754960,0.058387,15.770606,35.975665,0,1,0
1783970841.164395,15.128147,4.297332,-86.144328,0.000000,0.000000,0.000000,-12.047620,17.594700,0.058392,15.726661,36.202752,0,1,0
1783970841.214371,15.139566,4.077021,-88.244585,0.000000,0.000000,0.000000,-11.897240,17.433290,0.058397,15.678921,36.423359,0,1,0
1783970841.264368,15.139566,4.077021,-88.244585,0.000000,-0.000000,0.000000,-11.897240,17.433290,0.058397,15.678921,36.423359,0,1,0
1783970841.314849,15.143060,3.843426,-90.333315,0.000000,-0.000000,0.000000,-11.744390,17.256610,0.058402,15.623194,36.656980,0,1,0
1783970841.364531,15.138797,3.629318,-92.261740,0.000000,-0.000000,0.000000,-11.610010,17.089870,0.058406,15.567759,36.871130,0,1,0
1783970841.414330,15.126137,3.399294,-94.346409,-0.000000,0.000000,-0.000000,-11.471830,16.905540,0.058410,15.503394,37.101502,0,1,0
1783970841.464401,15.126137,3.399294,-94.346409,-0.000000,0.000000,-0.000000,-11.471830,16.905540,0.058410,15.503394,37.101502,0,1,0
1783970841.514729,15.104834,3.166642,-96.415358,-0.000000,0.000000,-0.000000,-11.338580,16.713640,0.058414,15.433198,37.335129,0,1,0
1783970841.564358,15.080243,2.970235,-98.160101,-0.000000,-0.000000,0.000000,-11.231150,16.547390,0.058417,15.369971,37.533069,0,1,0
1783970841.614425,15.080243,2.970235,-98.160101,-0.000000,-0.000000,0.000000,-11.117420,16.358300,0.058420,15.295457,37.753726,0,1,0
1783970841.665244,15.045794,2.752283,-100.104858,-0.000000,0.000000,0.000000,-11.117420,16.358300,0.058420,15.295457,37.753726,0,1,0
1783970841.714437,15.001254,2.522945,-102.178963,-0.000000,0.000000,0.000000,-11.004100,16.154000,0.058424,15.211932,37.987349,0,1,0
1783970841.764252,14.950786,2.304822,-104.184464,-0.000000,0.000000,0.000000,-10.902530,15.954480,0.058427,15.127399,38.211235,0,1,0
1783970841.814409,14.950786,2.304822,-104.184464,-0.000000,-0.000000,0.000000,-10.902530,15.954480,0.058427,15.127399,38.211235,0,1,0
1783970841.864450,14.880920,2.048095,-106.571426,-0.000000,-0.000000,0.000000,-10.791000,15.712920,0.058430,15.021201,38.477299,0,1,0
1783970841.914406,14.810717,1.825294,-108.727615,-0.000000,-0.000000,0.000000,-10.701540,15.497130,0.058433,14.922769,38.710898,0,1,0
1783970841.964656,14.810717,1.825294,-108.727615,-0.000000,0.000000,-0.000000,-10.701540,15.497130,0.058433,14.922769,38.710898,0,1,0
1783970842.014558,14.737772,1.620553,-110.828719,-0.000000,0.000000,-0.000000,-10.625790,15.293410,0.058436,14.826602,38.928245,0,1,0
1783970842.064570,14.653477,1.409724,-113.102319,-0.000000,0.000000,-0.000000,-10.554820,15.077730,0.058438,14.721131,39.155301,0,1,0
1783970842.114438,14.653477,1.409724,-113.102319,0.000000,-0.000000,0.000000,-10.554820,15.077730,0.058438,14.721131,39.155301,0,1,0
1783970842.164797,14.462929,1.004837,-117.697659,0.000000,-0.000000,0.000000,-10.440480,14.645100,0.058444,14.497793,39.602875,0,1,0
1783970842.214523,14.360259,0.817054,-120.008443,0.000000,0.000000,0.000000,-10.398400,14.435260,0.058447,14.383484,39.816893,0,1,0
1783970842.264364,14.360259,0.817054,-120.008443,0.000000,0.000000,0.000000,-10.398400,14.435260,0.058447,14.383484,39.816893,0,1,0
1783970842.314687,14.360259,0.817054,-120.008443,0.000000,0.000000,0.000000,-10.398400,14.435260,0.058447,14.383484,39.816893,0,1,0
1783970842.364716,14.237957,0.614389,-122.578342,0.000000,0.000000,0.000000,-10.361790,14.201400,0.058449,14.251207,40.053601,0,1,0
1783970842.414603,14.114005,0.428175,-125.107746,-0.000000,0.000000,0.000000,-10.337020,13.979080,0.058452,14.120499,40.277297,0,1,0
1783970842.464392,14.114005,0.428175,-125.107746,-0.000000,0.000000,0.000000,-10.337020,13.979080,0.058452,14.120499,40.277297,0,1,0
1783970842.514411,13.970192,0.232063,-127.754609,0.000000,-0.000000,0.000000,-10.321100,13.736410,0.058454,13.972120,40.520489,0,1,0
1783970842.564540,13.825853,0.052699,-130.265972,0.000000,-0.000000,0.000000,-10.316350,13.506230,0.058457,13.825953,40.750718,0,1,0
1783970842.614358,13.680374,-0.112981,-132.677349,0.000000,-0.000000,0.000000,-10.321270,13.285800,0.058459,13.680841,40.971202,0,1,0
1783970842.664387,13.680374,-0.112981,-132.677349,0.000000,0.000000,0.000000,-10.321270,13.285800,0.058459,13.680841,40.971202,0,1,0
1783970842.714542,13.514277,-0.286147,-135.301339,0.000000,0.000000,0.000000,-10.337170,13.046380,0.058461,13.517306,41.211150,0,1,0
1783970842.764566,13.357210,-0.436251,-137.663285,0.000000,0.000000,0.000000,-10.360980,12.830430,0.058462,13.364332,41.428409,0,1,0
1783970842.814215,13.199051,-0.575569,-139.951773,0.000000,0.000000,0.000000,-10.392560,12.622040,0.058464,13.211595,41.639178,0,1,0
1783970842.864385,13.199051,-0.575569,-139.951773,0.000000,0.000000,0.000000,-10.392560,12.622040,0.058464,13.211595,41.639178,0,1,0
1783970842.914422,12.835704,-0.858534,-144.500856,0.000000,0.000000,0.000000,-10.488960,12.171710,0.058465,12.864384,42.099800,0,1,0
1783970842.964379,12.835704,-0.858534,-144.500856,0.000000,-0.000000,0.000000,-10.488960,12.171710,0.058465,12.864384,42.099800,0,1,0
1783970843.014372,12.673034,-0.971231,-146.391047,0.000000,-0.000000,0.000000,-10.541110,11.980810,0.058465,12.710195,42.297695,0,1,0
1783970843.064969,12.673034,-0.971231,-146.391047,0.000000,0.000000,0.000000,-10.541110,11.980810,0.058465,12.710195,42.297695,0,1,0
1783970843.114409,12.493075,-1.087369,-148.216038,0.000000,0.000000,0.000000,-10.604290,11.776160,0.058465,12.540306,42.511876,0,1,0
1783970843.164735,12.301109,-1.202647,-150.102075,0.000000,0.000000,0.000000,-10.677220,11.564450,0.058465,12.359759,42.735795,0,1,0
1783970843.214611,12.108405,-1.310295,-151.752171,0.000000,0.000000,0.000000,-10.755620,11.358110,0.058464,12.179095,42.956528,0,1,0
1783970843.264531,12.108405,-1.310295,-151.752171,0.000000,0.000000,0.000000,-10.755620,11.358110,0.058464,12.179095,42.956528,0,1,0
1783970843.314441,11.921469,-1.408162,-153.215738,0.000000,0.000000,0.000000,-10.835890,11.162970,0.058463,12.004347,43.167532,0,1,0
1783970843.364322,11.714534,-1.509714,-154.722696,0.000000,-0.000000,0.000000,-10.929110,10.952150,0.058462,11.811416,43.398043,0,1,0
1783970843.414703,11.714534,-1.509714,-154.722696,0.000000,-0.000000,0.000000,-10.929110,10.952150,0.058462,11.811416,43.398043,0,1,0
1783970843.464525,11.505023,-1.605827,-156.213085,0.000000,-0.000000,0.000000,-11.027800,10.743840,0.058461,11.616550,43.628548,0,1,0
1783970843.514558,11.287170,-1.699248,-157.535017,0.000000,0.000000,-0.000000,-11.134610,10.532230,0.058460,11.414362,43.865586,0,1,0
1783970843.564396,11.079399,-1.783114,-158.668659,0.000000,0.000000,-0.000000,-11.239840,10.334420,0.058459,11.221969,44.089645,0,1,0
1783970843.614771,11.079399,-1.783114,-158.668659,-0.000000,0.000000,0.000000,-11.239840,10.334420,0.058459,11.221969,44.089645,0,1,0
1783970843.664779,10.677680,-1.932604,-160.654878,-0.000000,0.000000,0.000000,-11.451440,9.961658,0.058456,10.851166,44.518294,0,1,0
1783970843.714360,10.677680,-1.932604,-160.654878,0.000000,-0.000000,0.000000,-11.451440,9.961658,0.058456,10.851166,44.518294,0,1,0
1783970843.764376,10.471926,-2.003396,-161.481000,0.000000,-0.000000,0.000000,-11.563530,9.775159,0.058454,10.661840,44.735885,0,1,0
1783970843.814496,10.471926,-2.003396,-161.481000,0.000000,-0.000000,0.000000,-11.563530,9.775159,0.058454,10.661840,44.735885,0,1,0
1783970843.864716,10.032822,-2.144309,-162.970851,0.000000,-0.000000,0.000000,-11.809280,9.384934,0.058451,10.259414,45.197055,0,1,0
1783970843.914394,10.032822,-2.144309,-162.970851,-0.000000,-0.000000,0.000000,-11.809280,9.384934,0.058451,10.259414,45.197055,0,1,0
1783970843.964380,9.827598,-2.206210,-163.538881,-0.000000,-0.000000,0.000000,-11.926680,9.205585,0.058450,10.072192,45.411412,0,1,0
1783970844.014678,9.827598,-2.206210,-163.538881,0.000000,0.000000,0.000000,-11.926680,9.205585,0.058450,10.072192,45.411412,0,1,0
1783970844.064383,9.599931,-2.272359,-164.141654,0.000000,0.000000,0.000000,-12.058540,9.008555,0.058448,9.865206,45.648494,0,1,0
1783970844.114268,9.599931,-2.272359,-164.141654,0.000000,0.000000,0.000000,-12.179410,8.831525,0.058446,9.678257,45.862851,0,1,0
1783970844.164397,9.393540,-2.330253,-164.587745,0.000000,0.000000,-0.000000,-12.179410,8.831525,0.058446,9.678257,45.862851,0,1,0
1783970844.214490,9.167890,-2.391634,-165.037809,0.000000,0.000000,-0.000000,-12.312790,8.639444,0.058445,9.474709,46.096700,0,1,0
1783970844.264359,8.938637,-2.452097,-165.472279,0.000000,0.000000,-0.000000,-12.449520,8.445750,0.058443,9.268874,46.333792,0,1,0
1783970844.314441,8.938637,-2.452097,-165.472279,0.000000,-0.000000,0.000000,-12.449520,8.445750,0.058443,9.268874,46.333792,0,1,0
1783970844.364465,8.730975,-2.505268,-165.862076,0.000000,-0.000000,0.000000,-12.574400,8.271521,0.058442,9.083298,46.548153,0,1,0
1783970844.414430,8.516671,-2.558653,-166.210450,0.000000,-0.000000,0.000000,-12.704230,8.092858,0.058441,8.892715,46.769007,0,1,0
1783970844.464340,8.298895,-2.611538,-166.535881,0.000000,0.000000,-0.000000,-12.837040,7.912346,0.058439,8.700103,46.993112,0,1,0
1783970844.514989,8.298895,-2.611538,-166.535881,0.000000,0.000000,-0.000000,-12.837040,7.912346,0.058439,8.700103,46.993112,0,1,0
1783970844.564759,8.071334,-2.665413,-166.871828,0.000000,0.000000,-0.000000,-12.976710,7.724785,0.058438,8.500050,47.226964,0,1,0
1783970844.614445,7.856135,-2.715088,-167.175840,0.000000,-0.000000,-0.000000,-13.109610,7.548389,0.058437,8.312074,47.447821,0,1,0
1783970844.664366,7.856135,-2.715088,-167.175840,0.000000,-0.000000,-0.000000,-13.109610,7.548389,0.058437,8.312074,47.447821,0,1,0
1783970844.714594,7.627995,-2.766448,-167.493908,0.000000,-0.000000,-0.000000,-13.251340,7.362383,0.058435,8.114157,47.681671,0,1,0
1783970844.764495,7.405923,-2.815167,-167.803243,0.000000,-0.000000,0.000000,-13.390120,7.182300,0.058434,7.922932,47.909025,0,1,0
1783970844.814710,7.205836,-2.857989,-168.081648,0.000000,-0.000000,0.000000,-13.515850,7.020868,0.058433,7.751915,48.113642,0,1,0
1783970844.864398,7.205836,-2.857989,-168.081648,-0.000000,-0.000000,0.000000,-13.515850,7.020868,0.058433,7.751915,48.113642,0,1,0
1783970844.914452,7.005547,-2.899841,-168.360188,-0.000000,-0.000000,0.000000,-13.642360,6.860049,0.058432,7.582002,48.318258,0,1,0
1783970844.964348,6.789132,-2.943919,-168.660733,-0.000000,-0.000000,0.000000,-13.779790,6.687158,0.058432,7.399930,48.539116,0,1,0
1783970845.014358,6.550181,-2.991220,-168.992303,0.000000,0.000000,0.000000,-13.932410,6.497311,0.058431,7.200852,48.782703,0,1,0
1783970845.064782,6.550181,-2.991220,-168.992303,0.000000,0.000000,0.000000,-13.932410,6.497311,0.058431,7.200852,48.782703,0,1,0
1783970845.114529,6.336484,-3.032308,-169.288650,0.000000,0.000000,0.000000,-14.069680,6.328457,0.058430,7.024665,49.000315,0,1,0
1783970845.164931,6.125770,-3.071694,-169.580446,0.000000,0.000000,-0.000000,-14.205760,6.162825,0.058429,6.852763,49.214678,0,1,0
1783970845.214359,6.125770,-3.071694,-169.580446,0.000000,0.000000,-0.000000,-14.205760,6.162825,0.058429,6.852763,49.214678,0,1,0
1783970845.264825,5.876493,-3.116863,-169.925481,0.000000,0.000000,-0.000000,-14.367660,5.967972,0.058428,6.651917,49.468014,0,1,0
1783970845.314509,5.658963,-3.155083,-170.173403,0.000000,-0.000000,0.000000,-14.509710,5.798852,0.058427,6.479075,49.688876,0,1,0
1783970845.364449,5.477451,-3.188001,-168.441486,0.000000,-0.000000,0.000000,-14.627580,5.656947,0.058830,6.337651,49.873349,0,1,0
1783970845.414369,5.477451,-3.188001,-168.441486,0.000000,-0.000000,0.000000,-14.627580,5.656947,0.058830,6.337651,49.873349,0,1,0
1783970845.464391,5.322339,-3.225879,-163.119868,0.000000,-0.000000,0.000000,-14.722040,5.528216,0.059201,6.223631,50.033019,0,1,0
1783970845.514918,5.176088,-3.278398,-157.788988,0.000000,-0.000000,0.000000,-14.800300,5.393966,0.059249,6.126972,50.188414,0,1,0
1783970845.564559,5.054026,-3.334840,-153.061783,0.000000,-0.000000,-0.000000,-14.857510,5.272262,0.059231,6.055109,50.322894,0,1,0
1783970845.614386,5.054026,-3.334840,-153.061783,0.000000,-0.000000,-0.000000,-14.857510,5.272262,0.059231,6.055109,50.322894,0,1,0
1783970845.664369,4.935421,-3.402206,-148.254650,0.000000,-0.000000,-0.000000,-14.905050,5.144413,0.059210,5.994446,50.459296,0,1,0
1783970845.714343,4.819533,-3.481733,-143.321380,-0.000000,0.000000,0.000000,-14.942690,5.008997,0.059189,5.945617,50.599845,0,1,0
1783970845.764319,4.710867,-3.570933,-138.420287,-0.000000,0.000000,0.000000,-14.968580,4.870813,0.059170,5.911331,50.740434,0,1,0
1783970845.814342,4.710867,-3.570933,-138.420287,0.000000,0.000000,0.000000,-14.968580,4.870813,0.059170,5.911331,50.740434,0,1,0
1783970845.864413,4.608785,-3.670597,-133.451692,0.000000,0.000000,0.000000,-14.982700,4.728847,0.059152,5.891874,50.883100,0,1,0
1783970845.914716,4.519544,-3.773875,-128.717536,0.000000,0.000000,0.000000,-14.984660,4.592369,0.059136,5.887989,51.019592,0,1,0
1783970845.964376,4.439054,-3.884164,-124.023710,0.000000,0.000000,0.000000,-14.975410,4.456145,0.059122,5.898469,51.156130,0,1,0
1783970846.014381,4.439054,-3.884164,-124.023710,0.000000,0.000000,0.000000,-14.975410,4.456145,0.059122,5.898469,51.156130,0,1,0
1783970846.064851,4.363841,-4.007922,-119.051957,0.000000,0.000000,0.000000,-14.953460,4.312998,0.059108,5.925077,51.300950,0,1,0
1783970846.114908,4.302960,-4.130188,-114.392323,0.000000,0.000000,0.000000,-14.921490,4.180207,0.059095,5.964388,51.437535,0,1,0
1783970846.164408,4.254899,-4.249236,-110.079712,0.000000,0.000000,0.000000,-14.881770,4.058122,0.059083,6.013333,51.565919,0,1,0
1783970846.214430,4.254899,-4.249236,-110.079712,-0.000000,-0.000000,0.000000,-14.881770,4.058122,0.059083,6.013333,51.565919,0,1,0
1783970846.264539,4.213146,-4.381549,-105.431264,-0.000000,-0.000000,0.000000,-14.828690,3.929933,0.059073,6.078534,51.704663,0,1,0
1783970846.314351,4.180254,-4.527088,-100.538824,-0.000000,-0.000000,0.000000,-14.760320,3.797309,0.059060,6.161904,51.853873,0,1,0
1783970846.364334,4.161427,-4.658453,-96.257748,-0.000000,0.000000,0.000000,-14.690290,3.684584,0.059050,6.246491,51.986580,0,1,0
1783970846.415585,4.161427,-4.658453,-96.257748,-0.000000,0.000000,0.000000,-14.690290,3.684584,0.059050,6.246491,51.986580,0,1,0
1783970846.464739,4.152321,-4.795018,-91.852412,-0.000000,0.000000,0.000000,-14.609470,3.574126,0.059042,6.343025,52.123448,0,1,0
1783970846.514475,4.154128,-4.942349,-87.224930,-0.000000,0.000000,0.000000,-14.513370,3.462437,0.059031,6.456283,52.270790,0,1,0
1783970846.564366,4.154128,-4.942349,-87.224930,-0.000000,0.000000,0.000000,-14.408600,3.358696,0.059021,6.577933,52.418231,0,1,0
1783970846.614613,4.167686,-5.089165,-82.695457,0.000000,0.000000,0.000000,-14.408600,3.358696,0.059021,6.577933,52.418231,0,1,0
1783970846.664594,4.190546,-5.224384,-78.570983,0.000000,0.000000,0.000000,-14.304160,3.269819,0.059012,6.697378,52.555369,0,1,0
1783970846.714390,4.224196,-5.361635,-74.334171,0.000000,0.000000,0.000000,-14.190150,3.186322,0.059005,6.825757,52.696685,0,1,0
1783970846.764379,4.224196,-5.361635,-74.334171,0.000000,0.000000,0.000000,-14.190150,3.186322,0.059005,6.825757,52.696685,0,1,0
1783970846.814401,4.269153,-5.500159,-70.162337,0.000000,0.000000,0.000000,-14.066660,3.109119,0.058994,6.962573,52.842322,0,1,0
1783970846.864679,4.323934,-5.635223,-66.119408,0.000000,0.000000,0.000000,-13.937870,3.040882,0.058985,7.102967,52.988072,0,1,0
1783970846.914355,4.387088,-5.764277,-62.149366,0.000000,0.000000,0.000000,-13.806530,2.982631,0.058978,7.243854,53.131750,0,1,0
1783970846.964458,4.387088,-5.764277,-62.149366,0.000000,0.000000,0.000000,-13.806530,2.982631,0.058978,7.243854,53.131750,0,1,0
1783970847.014549,4.455588,-5.883632,-58.575508,0.000000,0.000000,0.000000,-13.677330,2.935246,0.058968,7.380338,53.269365,0,1,0
1783970847.064344,4.527672,-5.993615,-55.340409,-0.000000,-0.000000,0.000000,-13.551410,2.897344,0.058958,7.511540,53.400866,0,1,0
1783970847.114362,4.527672,-5.993615,-55.340409,-0.000000,-0.000000,0.000000,-13.551410,2.897344,0.058958,7.511540,53.400866,0,1,0
1783970847.164410,4.621369,-6.119053,-51.518445,-0.000000,-0.000000,0.000000,-13.399000,2.861499,0.058950,7.668107,53.557434,0,1,0
1783970847.214618,4.723031,-6.238407,-48.019284,-0.000000,0.000000,0.000000,-13.244400,2.835433,0.058938,7.824624,53.714216,0,1,0
1783970847.264439,4.819761,-6.339838,-45.039352,-0.000000,0.000000,0.000000,-13.105100,2.819926,0.058929,7.963896,53.854377,0,1,0
1783970847.315048,4.819761,-6.339838,-45.039352,0.000000,0.000000,0.000000,-13.105100,2.819926,0.058929,7.963896,53.854377,0,1,0
1783970847.364440,4.920052,-6.434740,-42.120675,0.000000,0.000000,0.000000,-12.967270,2.811710,0.058920,8.100172,53.992451,0,1,0
1783970847.414374,5.039536,-6.536780,-39.210808,0.000000,0.000000,0.000000,-12.810150,2.810364,0.058908,8.253872,54.149577,0,1,0
1783970847.464337,5.152118,-6.624239,-36.752488,0.000000,0.000000,-0.000000,-12.667690,2.815750,0.058898,8.391952,54.292139,0,1,0
1783970847.514369,5.152118,-6.624239,-36.752488,0.000000,0.000000,-0.000000,-12.667690,2.815750,0.058898,8.391952,54.292139,0,1,0
1783970847.564439,5.257889,-6.699935,-34.692544,0.000000,0.000000,-0.000000,-12.538010,2.825767,0.058888,8.516720,54.422205,0,1,0
1783970847.614414,5.366288,-6.771845,-32.663062,0.000000,0.000000,0.000000,-12.408750,2.840373,0.058880,8.640308,54.552288,0,1,0
1783970847.664357,5.492788,-6.850280,-30.360858,0.000000,0.000000,0.000000,-12.261430,2.861619,0.058539,8.780494,54.701132,0,1,0
1783970847.714375,5.492788,-6.850280,-30.360858,0.000000,0.000000,0.000000,-12.261430,2.861619,0.058539,8.780494,54.701132,0,1,0
1783970847.764560,5.676868,-6.953023,-27.196273,0.000000,0.000000,0.000000,-12.054380,2.901262,0.058154,8.976155,54.911943,0,1,0
1783970847.814692,5.859155,-7.042688,-24.915061,0.000000,0.000000,0.000000,-11.857110,2.949770,0.058080,9.161286,55.115089,0,1,0
1783970847.864343,6.063035,-7.133071,-22.571192,-0.000000,-0.000000,0.000000,-11.642840,3.011610,0.058089,9.361682,55.338105,0,1,0
1783970847.914458,6.063035,-7.133071,-22.571192,-0.000000,-0.000000,0.000000,-11.642840,3.011610,0.058089,9.361682,55.338105,0,1,0
1783970847.964594,6.277113,-7.217585,-20.163863,-0.000000,-0.000000,0.000000,-11.424530,3.084501,0.058113,9.565338,55.568262,0,1,0
1783970848.014488,6.491510,-7.292450,-18.049209,0.000000,-0.000000,0.000000,-11.212180,3.164988,0.058134,9.763172,55.795354,0,1,0
1783970848.064353,6.695990,-7.356451,-16.509574,0.000000,-0.000000,0.000000,-11.014410,3.247422,0.058153,9.947545,56.009616,0,1,0
1783970848.114552,6.695990,-7.356451,-16.509574,0.000000,0.000000,-0.000000,-11.014410,3.247422,0.058153,9.947545,56.009616,0,1,0
1783970848.164878,6.892637,-7.412814,-15.289137,0.000000,0.000000,-0.000000,-10.827550,3.330669,0.058170,10.122167,56.214181,0,1,0
1783970848.214407,7.115613,-7.471406,-13.960250,0.000000,0.000000,-0.000000,-10.619090,3.429136,0.058188,10.317648,56.444726,0,1,0
1783970848.264375,7.115613,-7.471406,-13.960250,0.000000,0.000000,-0.000000,-10.619090,3.429136,0.058188,10.317648,56.444726,0,1,0
1783970848.314500,7.327158,-7.522339,-13.000319,0.000000,0.000000,-0.000000,-10.424310,3.526121,0.058203,10.501087,56.662316,0,1,0
1783970848.364528,7.549011,-7.571986,-12.093210,0.000000,0.000000,-0.000000,-10.222460,3.630718,0.058218,10.692172,56.889657,0,1,0
1783970848.414373,7.749317,-7.613662,-11.280288,0.000000,-0.000000,0.000000,-10.042240,3.727568,0.058230,10.863690,57.094252,0,1,0
1783970848.464717,7.749317,-7.613662,-11.280288,0.000000,-0.000000,0.000000,-10.042240,3.727568,0.058230,10.863690,57.094252,0,1,0
1783970848.514488,7.972538,-7.656758,-10.461406,0.000000,-0.000000,0.000000,-9.843554,3.838062,0.058243,11.053837,57.321596,0,1,0
1783970848.564484,8.202754,-7.697720,-9.582122,-0.000000,0.000000,0.000000,-9.640882,3.954687,0.058256,11.249003,57.555428,0,1,0
1783970848.614389,8.202754,-7.697720,-9.582122,-0.000000,0.000000,0.000000,-9.640882,3.954687,0.058256,11.249003,57.555428,0,1,0
1783970848.664624,8.423944,-7.733621,-8.726469,0.000000,-0.000000,0.000000,-9.448378,4.069387,0.058267,11.435547,57.779512,0,1,0
1783970848.714459,8.658515,-7.767979,-7.806253,0.000000,-0.000000,0.000000,-9.246616,4.193870,0.058278,11.632342,58.016586,0,1,0
1783970848.764364,8.874270,-7.796111,-6.904569,0.000000,-0.000000,0.000000,-9.063269,4.311026,0.058287,11.812367,58.234167,0,1,0
1783970848.814939,8.874270,-7.796111,-6.904569,-0.000000,0.000000,-0.000000,-9.063269,4.311026,0.058287,11.812367,58.234167,0,1,0
1783970848.864364,9.087216,-7.820472,-6.002899,-0.000000,0.000000,-0.000000,-8.884499,4.429265,0.058296,11.989048,58.448502,0,1,0
1783970848.914809,9.319926,-7.843199,-5.004536,-0.000000,0.000000,-0.000000,-8.691639,4.561461,0.058305,12.181002,58.682319,0,1,0
1783970848.964349,9.552997,-7.861880,-4.017364,0.000000,0.000000,-0.000000,-8.501105,4.696988,0.058314,12.372102,58.916137,0,1,0
1783970849.014365,9.552997,-7.861880,-4.017364,0.000000,0.000000,-0.000000,-8.501105,4.696988,0.058314,12.372102,58.916137,0,1,0
1783970849.064408,9.763660,-7.875389,-3.193729,0.000000,0.000000,-0.000000,-8.331059,4.822072,0.058320,12.543955,59.127234,0,1,0
1783970849.114508,9.971247,-7.885769,-2.399678,0.000000,-0.000000,-0.000000,-8.165381,4.947574,0.058327,12.712636,59.335080,0,1,0
1783970849.164356,10.178961,-7.893734,-1.964796,0.000000,-0.000000,-0.000000,-8.001158,5.075008,0.058332,12.881083,59.542946,0,1,0
1783970849.214663,10.178961,-7.893734,-1.964796,0.000000,0.000000,-0.000000,-8.001158,5.075008,0.058332,12.881083,59.542946,0,1,0
1783970849.264847,10.415947,-7.901192,-1.587155,0.000000,0.000000,-0.000000,-7.814840,5.221649,0.058338,13.073668,59.780050,0,1,0
1783970849.314363,10.636419,-7.908691,-2.984695,0.000000,0.000000,-0.000000,-7.641145,5.357642,0.058349,13.254463,60.000649,0,1,0
1783970849.364387,10.636419,-7.908691,-2.984695,-0.000000,0.000000,-0.000000,-7.641145,5.357642,0.058349,13.254463,60.000649,0,1,0
1783970849.414463,10.841005,-7.923735,-6.864093,-0.000000,0.000000,-0.000000,-7.474767,5.477643,0.058801,13.428066,60.205788,0,1,0
1783970849.464495,10.997749,-7.947162,-10.889456,-0.000000,0.000000,-0.000000,-7.339645,5.560466,0.059136,13.568636,60.364273,0,1,0
1783970849.514364,11.133547,-7.977937,-14.301502,0.000000,-0.000000,0.000000,-7.215844,5.624195,0.059157,13.696837,60.503514,0,1,0
1783970849.564365,11.133547,-7.977937,-14.301502,0.000000,-0.000000,0.000000,-7.215844,5.624195,0.059157,13.696837,60.503514,0,1,0
1783970849.614637,11.277313,-8.020628,-18.460390,0.000000,0.000000,0.000000,-7.078279,5.683919,0.059140,13.838650,60.653484,0,1,0
1783970849.664617,11.403916,-8.068166,-22.289407,0.000000,0.000000,0.000000,-6.950744,5.728897,0.059119,13.969416,60.788718,0,1,0
1783970849.714352,11.536377,-8.128682,-26.409389,0.000000,0.000000,0.000000,-6.810378,5.767700,0.059098,14.112529,60.934349,0,1,0
1783970849.764480,11.536377,-8.128682,-26.409389,0.000000,0.000000,0.000000,-6.810378,5.767700,0.059098,14.112529,60.934349,0,1,0
1783970849.814433,11.655288,-8.193225,-30.161797,0.000000,0.000000,0.000000,-6.677803,5.794707,0.059079,14.246918,61.069647,0,1,0
1783970849.864372,11.780127,-8.272410,-34.206577,0.000000,0.000000,0.000000,-6.531274,5.814311,0.059060,14.394588,61.217481,0,1,0
1783970849.914255,11.899084,-8.360195,-38.245303,0.000000,0.000000,-0.000000,-6.383722,5.823545,0.059043,14.542388,61.365322,0,1,0
1783970849.964737,11.899084,-8.360195,-38.245303,0.000000,0.000000,-0.000000,-6.383722,5.823545,0.059043,14.542388,61.365322,0,1,0
1783970850.014519,12.007154,-8.451875,-41.968599,0.000000,0.000000,-0.000000,-6.242004,5.822797,0.059026,14.683526,61.507042,0,1,0
1783970850.064400,12.107757,-8.548837,-45.529196,0.000000,0.000000,0.000000,-6.102611,5.813203,0.059011,14.821619,61.646765,0,1,0
1783970850.114403,12.107757,-8.548837,-45.529196,0.000000,0.000000,0.000000,-6.102611,5.813203,0.059011,14.821619,61.646765,0,1,0
1783970850.164799,12.198088,-8.647108,-48.917066,0.000000,0.000000,0.000000,-5.970244,5.796002,0.058998,14.952117,61.780245,0,1,0
1783970850.214476,12.291643,-8.762111,-52.442756,0.000000,0.000000,0.000000,-5.824650,5.768058,0.058982,15.095002,61.928496,0,1,0
1783970850.264378,12.373522,-8.875676,-55.622607,0.000000,0.000000,0.000000,-5.688925,5.733709,0.058968,15.227662,62.068500,0,1,0
1783970850.314343,12.446864,-8.990016,-58.689495,0.000000,0.000000,0.000000,-5.559241,5.693278,0.058956,15.353983,62.204340,0,1,0
1783970850.364345,12.446864,-8.990016,-58.689495,0.000000,0.000000,0.000000,-5.559241,5.693278,0.058956,15.353983,62.204340,0,1,0
1783970850.414436,12.511328,-9.102593,-61.373761,0.000000,0.000000,0.000000,-5.437490,5.648491,0.058943,15.472250,62.334068,0,1,0
1783970850.464561,12.571647,-9.219926,-63.907334,0.000000,-0.000000,0.000000,-5.315857,5.597395,0.058931,15.590168,62.465997,0,1,0
1783970850.514340,12.627613,-9.341719,-66.454043,0.000000,-0.000000,0.000000,-5.194690,5.540085,0.058920,15.707461,62.600034,0,1,0
1783970850.564982,12.627613,-9.341719,-66.454043,0.000000,-0.000000,0.000000,-5.194690,5.540085,0.058920,15.707461,62.600034,0,1,0
1783970850.614434,12.685288,-9.483515,-68.986460,0.000000,-0.000000,0.000000,-5.059356,5.468552,0.058905,15.838358,62.753110,0,1,0
1783970850.664441,12.733669,-9.617754,-71.128498,0.000000,-0.000000,0.000000,-4.935998,5.396832,0.058893,15.957679,62.895802,0,1,0
1783970850.714372,12.733669,-9.617754,-71.128498,-0.000000,0.000000,0.000000,-4.935998,5.396832,0.058893,15.957679,62.895802,0,1,0
1783970850.764398,12.777671,-9.755700,-73.274401,-0.000000,0.000000,0.000000,-4.813611,5.319458,0.058882,16.076149,63.040596,0,1,0
1783970850.814503,12.824018,-9.918885,-75.479492,-0.000000,0.000000,0.000000,-4.673203,5.224259,0.058497,16.212332,63.210235,0,1,0
1783970850.864364,12.868695,-10.100477,-77.357357,-0.000000,0.000000,0.000000,-4.522240,5.113887,0.058152,16.359185,63.397242,0,1,0
1783970850.914378,12.868695,-10.100477,-77.357357,-0.000000,0.000000,0.000000,-4.522240,5.113887,0.058152,16.359185,63.397242,0,1,0
1783970850.964589,12.915668,-10.324693,-79.218535,-0.000000,-0.000000,0.000000,-4.342116,4.972343,0.058075,16.535228,63.626326,0,1,0
1783970851.014512,12.952023,-10.525379,-80.364177,-0.000000,-0.000000,0.000000,-4.185253,4.841996,0.058083,16.689473,63.830278,0,1,0
1783970851.064657,12.985547,-10.730397,-81.169951,-0.000000,-0.000000,0.000000,-4.027773,4.706511,0.058101,16.845351,64.038018,0,1,0
1783970851.114370,12.985547,-10.730397,-81.169951,0.000000,0.000000,0.000000,-4.027773,4.706511,0.058101,16.845351,64.038018,0,1,0
1783970851.164494,13.016793,-10.939151,-81.927419,0.000000,0.000000,0.000000,-3.869636,4.566699,0.058120,17.002997,64.249098,0,1,0
1783970851.214521,13.048766,-11.152864,-79.906533,0.000000,0.000000,0.000000,-3.707754,4.423556,0.058625,17.165566,64.465190,0,1,0
1783970851.264331,13.084052,-11.311581,-74.471247,-0.000000,0.000000,0.000000,-3.578690,4.324669,0.058960,17.295788,64.627782,0,1,0
1783970851.314620,13.084052,-11.311581,-74.471247,-0.000000,0.000000,0.000000,-3.578690,4.324669,0.058960,17.295788,64.627782,0,1,0
1783970851.364399,13.126792,-11.442669,-69.852818,-0.000000,0.000000,0.000000,-3.461679,4.251737,0.058990,17.413999,64.765661,0,1,0
1783970851.414833,13.181274,-11.572564,-65.108200,-0.000000,0.000000,0.000000,-3.336441,4.187266,0.058983,17.540531,64.906519,0,1,0
1783970851.464380,13.242210,-11.690079,-60.539980,-0.000000,0.000000,0.000000,-3.214218,4.136428,0.058976,17.663920,65.038894,0,1,0
1783970851.514764,13.242210,-11.690079,-60.539980,0.000000,0.000000,0.000000,-3.214218,4.136428,0.058976,17.663920,65.038894,0,1,0
1783970851.564668,13.311174,-11.800613,-56.024121,0.000000,0.000000,0.000000,-3.090334,4.096098,0.058969,17.788811,65.169177,0,1,0
1783970851.614457,13.404281,-11.924743,-50.723457,0.000000,0.000000,0.000000,-2.939216,4.060875,0.058961,17.940854,65.324346,0,1,0
1783970851.664311,13.504078,-12.035378,-45.655531,-0.000000,-0.000000,0.000000,-2.791650,4.040290,0.058954,18.088959,65.473341,0,1,0
1783970851.714655,13.504078,-12.035378,-45.655531,-0.000000,-0.000000,0.000000,-2.791650,4.040290,0.058954,18.088959,65.473341,0,1,0
1783970851.764517,13.599134,-12.124682,-41.257649,-0.000000,-0.000000,0.000000,-2.661429,4.032995,0.058949,18.219340,65.603766,0,1,0
1783970851.814391,13.710753,-12.213826,-36.447656,0.000000,0.000000,-0.000000,-2.518623,4.036471,0.058944,18.361980,65.746614,0,1,0
1783970851.864383,13.710753,-12.213826,-36.447656,0.000000,0.000000,-0.000000,-2.518623,4.036471,0.058944,18.361980,65.746614,0,1,0
1783970851.914399,13.824176,-12.290139,-31.902783,-0.000000,0.000000,-0.000000,-2.382685,4.050935,0.058939,18.497442,65.883319,0,1,0
1783970851.964436,13.958096,-12.364836,-26.881020,-0.000000,0.000000,-0.000000,-2.232085,4.079814,0.058935,18.647188,66.036663,0,1,0
1783970852.014364,14.094194,-12.426017,-22.004048,-0.000000,0.000000,-0.000000,-2.088507,4.120446,0.058931,18.789683,66.185880,0,1,0
1783970852.064574,14.094194,-12.426017,-22.004048,0.000000,0.000000,0.000000,-2.088507,4.120446,0.058931,18.789683,66.185880,0,1,0
1783970852.114389,14.217225,-12.469997,-17.816138,0.000000,0.000000,0.000000,-1.965995,4.165853,0.058927,18.911116,66.316536,0,1,0
1783970852.164591,14.363390,-12.509680,-13.031717,0.000000,0.000000,0.000000,-1.828526,4.229423,0.058923,19.047285,66.467992,0,1,0
1783970852.214551,14.363390,-12.509680,-13.031717,-0.000000,-0.000000,0.000000,-1.828526,4.229423,0.058923,19.047285,66.467992,0,1,0
1783970852.264400,14.522642,-12.538472,-7.927870,-0.000000,-0.000000,0.000000,-1.688034,4.309749,0.058920,19.186465,66.629826,0,1,0
1783970852.314630,14.522642,-12.538472,-7.927870,-0.000000,-0.000000,0.000000,-1.688034,4.309749,0.058920,19.186465,66.629826,0,1,0
1783970852.364765,14.686036,-12.553309,-2.919006,-0.000000,0.000000,0.000000,-1.553341,4.403427,0.058916,19.320073,66.793892,0,1,0
1783970852.414376,14.864736,-12.553379,2.422290,-0.000000,0.000000,0.000000,-1.416418,4.518256,0.058911,19.456302,66.972592,0,1,0
1783970852.464336,15.013938,-12.540780,6.781531,-0.000000,0.000000,0.000000,-1.310233,4.623825,0.058907,19.562452,67.122325,0,1,0
1783970852.514467,15.013938,-12.540780,6.781531,-0.000000,-0.000000,0.000000,-1.310233,4.623825,0.058907,19.562452,67.122325,0,1,0
1783970852.564549,15.141444,-12.520979,10.435689,-0.000000,-0.000000,0.000000,-1.225298,4.720963,0.058904,19.647856,67.251359,0,1,0
1783970852.614595,15.273497,-12.491572,14.250533,-0.000000,-0.000000,0.000000,-1.143055,4.828382,0.058901,19.731170,67.386647,0,1,0
1783970852.664332,15.411503,-12.451060,18.035480,0.000000,0.000000,0.000000,-1.063391,4.948134,0.058895,19.812706,67.530476,0,1,0
1783970852.714439,15.411503,-12.451060,18.035480,0.000000,0.000000,0.000000,-1.063391,4.948134,0.058895,19.812706,67.530476,0,1,0
1783970852.764460,15.548535,-12.400829,21.833004,0.000000,0.000000,0.000000,-0.990721,5.074704,0.058891,19.888124,67.676424,0,1,0
1783970852.814600,15.689610,-12.338108,25.709469,0.000000,-0.000000,0.000000,-0.922984,5.213441,0.058886,19.959779,67.830814,0,1,0
1783970852.864293,15.811910,-12.274427,28.916642,0.000000,-0.000000,0.000000,-0.870245,5.340842,0.058880,20.016944,67.968700,0,1,0
1783970852.914986,15.811910,-12.274427,28.916642,0.000000,-0.000000,0.000000,-0.870245,5.340842,0.058880,20.016944,67.968700,0,1,0
1783970852.964717,15.930687,-12.204161,31.945327,0.000000,-0.000000,0.000000,-0.824438,5.471023,0.058873,20.068093,68.106705,0,1,0
1783970853.014551,16.042205,-12.130160,34.859590,0.000000,-0.000000,0.000000,-0.786594,5.599398,0.058869,20.112014,68.240542,0,1,0
1783970853.064539,16.042205,-12.130160,34.859590,0.000000,0.000000,0.000000,-0.786594,5.599398,0.058869,20.112014,68.240542,0,1,0
1783970853.114470,16.161699,-12.041739,37.800628,0.000000,0.000000,0.000000,-0.751909,5.743946,0.058861,20.154503,68.389193,0,1,0
1783970853.164335,16.273597,-11.950205,40.467616,0.000000,0.000000,0.000000,-0.725044,5.885995,0.058854,20.190031,68.533760,0,1,0
1783970853.214343,16.385736,-11.849288,43.226065,0.000000,0.000000,0.000000,-0.704026,6.035386,0.058848,20.221226,68.684622,0,1,0
1783970853.264532,16.385736,-11.849288,43.226065,0.000000,0.000000,0.000000,-0.704026,6.035386,0.058848,20.221226,68.684622,0,1,0
1783970853.314449,16.480061,-11.756759,45.386673,0.000000,0.000000,0.000000,-0.691261,6.166900,0.058841,20.243858,68.816754,0,1,0
1783970853.364785,16.585158,-11.645325,47.722127,0.000000,-0.000000,-0.000000,-0.682398,6.319819,0.058833,20.265268,68.969930,0,1,0
1783970853.414469,16.673530,-11.544198,49.754154,0.000000,-0.000000,-0.000000,-0.679721,6.454091,0.058828,20.279919,69.104229,0,1,0
1783970853.464398,16.673530,-11.544198,49.754154,0.000000,0.000000,0.000000,-0.679721,6.454091,0.058828,20.279919,69.104229,0,1,0
1783970853.514398,16.777661,-11.416989,52.233924,0.000000,0.000000,0.000000,-0.681740,6.618473,0.058457,20.293781,69.268623,0,1,0
1783970853.564367,16.899932,-11.252910,55.050849,0.000000,0.000000,0.000000,-0.693567,6.822758,0.058098,20.303588,69.473250,0,1,0
1783970853.614542,16.899932,-11.252910,55.050849,0.000000,0.000000,-0.000000,-0.693567,6.822758,0.058098,20.303588,69.473250,0,1,0
1783970853.664438,17.015184,-11.081342,57.517906,0.000000,0.000000,-0.000000,-0.715585,7.028266,0.058037,20.305483,69.679934,0,1,0
1783970853.714945,17.138029,-10.879796,60.078441,0.000000,0.000000,-0.000000,-0.751060,7.261619,0.058052,20.299803,69.915968,0,1,0
1783970853.764371,17.246443,-10.684068,62.268208,0.000000,0.000000,0.000000,-0.793848,7.481237,0.058076,20.287659,70.139716,0,1,0
1783970853.814989,17.246443,-10.684068,62.268208,0.000000,0.000000,0.000000,-0.793848,7.481237,0.058076,20.287659,70.139716,0,1,0
1783970853.864503,17.341789,-10.495991,64.292303,0.000000,0.000000,0.000000,-0.841726,7.686594,0.058099,20.270754,70.350580,0,1,0
1783970853.914400,17.444110,-10.275115,66.221619,0.000000,0.000000,0.000000,-0.905348,7.921558,0.058123,20.245369,70.594005,0,1,0
1783970853.964387,17.444110,-10.275115,66.221619,0.000000,0.000000,0.000000,-0.905348,7.921558,0.058123,20.245369,70.594005,0,1,0
1783970854.014425,17.529593,-10.075097,67.716347,0.000000,0.000000,0.000000,-0.968458,8.129721,0.058143,20.218660,70.811525,0,1,0
1783970854.064757,17.610101,-9.872993,69.038543,0.000000,0.000000,0.000000,-1.036720,8.336282,0.058161,20.188899,71.029073,0,1,0
1783970854.114414,17.687100,-9.666058,70.345653,0.000000,0.000000,0.000000,-1.110775,8.544289,0.058179,20.156046,71.249869,0,1,0
1783970854.164505,17.687100,-9.666058,70.345653,0.000000,-0.000000,0.000000,-1.110775,8.544289,0.058179,20.156046,71.249869,0,1,0
1783970854.214356,17.761693,-9.451328,71.491967,0.000000,-0.000000,0.000000,-1.191685,8.756720,0.058196,20.119775,71.477187,0,1,0
1783970854.264473,17.831177,-9.238299,72.531825,0.000000,-0.000000,0.000000,-1.275414,8.964563,0.058211,20.082257,71.701261,0,1,0
1783970854.314268,17.901415,-9.008483,73.635745,0.000000,-0.000000,0.000000,-1.369358,9.185749,0.058226,20.040295,71.941571,0,1,0
1783970854.364870,17.901415,-9.008483,73.635745,-0.000000,0.000000,0.000000,-1.369358,9.185749,0.058226,20.040295,71.941571,0,1,0
1783970854.414537,17.962967,-8.793026,74.623451,-0.000000,0.000000,0.000000,-1.460724,9.390353,0.058239,19.999637,72.165648,0,1,0
1783970854.464441,18.018363,-8.585978,75.571475,0.000000,0.000000,0.000000,-1.551399,9.584558,0.058251,19.959470,72.379978,0,1,0
1783970854.514380,18.018363,-8.585978,75.571475,0.000000,0.000000,0.000000,-1.551399,9.584558,0.058251,19.959470,72.379978,0,1,0
1783970854.564429,18.071842,-8.371724,76.551559,0.000000,0.000000,0.000000,-1.648175,9.783050,0.058263,19.916758,72.600806,0,1,0
1783970854.614436,18.121590,-8.156579,77.572966,0.000000,0.000000,0.000000,-1.748382,9.979826,0.058273,19.872640,72.821627,0,1,0
1783970854.664343,18.171876,-7.918284,78.773228,0.000000,0.000000,0.000000,-1.863060,10.194680,0.058285,19.822116,73.065170,0,1,0
1783970854.714408,18.171876,-7.918284,78.773228,0.000000,0.000000,0.000000,-1.863060,10.194680,0.058285,19.822116,73.065170,0,1,0
1783970854.764562,18.215913,-7.685364,80.000010,0.000000,0.000000,0.000000,-1.979068,10.401400,0.058295,19.770794,73.302217,0,1,0
1783970854.814368,18.253418,-7.461178,81.186057,0.000000,0.000000,0.000000,-2.094465,10.597230,0.058304,19.719443,73.529518,0,1,0
1783970854.864422,18.253418,-7.461178,81.186057,0.000000,-0.000000,0.000000,-2.094465,10.597230,0.058304,19.719443,73.529518,0,1,0
1783970854.914384,18.285739,-7.242721,82.093881,0.000000,-0.000000,0.000000,-2.210149,10.785340,0.058312,19.667874,73.750353,0,1,0
1783970854.964426,18.315504,-7.020603,82.704220,0.000000,-0.000000,0.000000,-2.330145,10.974610,0.058319,19.614958,73.974456,0,1,0
1783970855.014360,18.342685,-6.801422,83.241567,0.000000,-0.000000,0.000000,-2.450232,11.159970,0.058325,19.563063,74.195317,0,1,0
1783970855.064923,18.342685,-6.801422,83.241567,0.000000,-0.000000,0.000000,-2.450232,11.159970,0.058325,19.563063,74.195317,0,1,0
1783970855.114523,18.367021,-6.594984,83.252367,0.000000,-0.000000,0.000000,-2.564306,11.333740,0.058331,19.515155,74.403184,0,1,0
1783970855.164382,18.396398,-6.353179,82.779288,0.000000,-0.000000,0.000000,-2.697256,11.537840,0.058337,19.462537,74.646767,0,1,0
1783970855.214357,18.424515,-6.137408,82.282314,0.000000,-0.000000,0.000000,-2.814434,11.721190,0.058342,19.419849,74.864362,0,1,0
1783970855.264358,18.424515,-6.137408,82.282314,0.000000,-0.000000,0.000000,-2.814434,11.721190,0.058342,19.419849,74.864362,0,1,0
1783970855.314914,18.453142,-5.934846,81.420660,0.000000,-0.000000,0.000000,-2.922729,11.894750,0.058347,19.384036,75.068937,0,1,0
1783970855.364590,18.484146,-5.739239,80.355889,0.000000,-0.000000,0.000000,-3.024733,12.064510,0.058351,19.354651,75.266986,0,1,0
1783970855.414477,18.520652,-5.534673,79.205560,0.000000,0.000000,0.000000,-3.128282,12.244670,0.058355,19.329954,75.474784,0,1,0
1783970855.464412,18.520652,-5.534673,79.205560,0.000000,0.000000,0.000000,-3.128282,12.244670,0.058355,19.329954,75.474784,0,1,0
1783970855.514805,18.561419,-5.330929,77.927323,0.000000,0.000000,0.000000,-3.228038,12.426940,0.058359,19.311786,75.682567,0,1,0
1783970855.564556,18.615819,-5.090270,76.369220,0.000000,-0.000000,0.000000,-3.341084,12.646250,0.058364,19.299212,75.929298,0,1,0
1783970855.614390,18.615819,-5.090270,76.369220,0.000000,-0.000000,0.000000,-3.341084,12.646250,0.058364,19.299212,75.929298,0,1,0
1783970855.664405,18.674213,-4.860586,74.872290,0.000000,0.000000,0.000000,-3.444015,12.859720,0.058368,19.296412,76.166288,0,1,0
1783970855.714354,18.735731,-4.641803,73.508828,0.000000,0.000000,0.000000,-3.537545,13.066850,0.058371,19.302175,76.393556,0,1,0
1783970855.764415,18.792485,-4.455432,72.424996,0.000000,0.000000,0.000000,-3.613887,13.246090,0.058374,19.313425,76.588376,0,1,0
1783970855.814355,18.855815,-4.260924,71.308683,0.000000,0.000000,0.000000,-3.690424,13.435790,0.058377,19.331250,76.792934,0,1,0
1783970855.864403,18.855815,-4.260924,71.308683,0.000000,0.000000,0.000000,-3.690424,13.435790,0.058377,19.331250,76.792934,0,1,0
1783970855.914413,18.923748,-4.064510,70.401581,0.000000,0.000000,0.000000,-3.764660,13.629910,0.058379,19.355322,77.000765,0,1,0
1783970855.964391,18.999004,-3.856891,69.640816,0.000000,0.000000,0.000000,-3.840490,13.837320,0.058382,19.386536,77.221602,0,1,0
1783970856.014356,19.079266,-3.644191,68.894646,0.000000,0.000000,0.000000,-3.915752,14.051840,0.058384,19.424174,77.448942,0,1,0
1783970856.064398,19.079266,-3.644191,68.894646,0.000000,0.000000,0.000000,-3.915752,14.051840,0.058384,19.424174,77.448942,0,1,0
1783970856.114408,19.166650,-3.420301,68.431572,0.000000,0.000000,0.000000,-3.992753,14.279510,0.058386,19.469436,77.689280,0,1,0
1783970856.164325,19.239834,-3.236191,68.173131,0.000000,0.000000,0.000000,-4.055057,14.467580,0.058388,19.510103,77.887402,0,1,0
1783970856.216714,19.315031,-3.049386,67.929105,0.000000,-0.000000,0.000000,-4.117551,14.659010,0.058389,19.554263,78.088775,0,1,0
1783970856.264536,19.315031,-3.049386,67.929105,0.000000,-0.000000,0.000000,-4.117551,14.659010,0.058389,19.554263,78.088775,0,1,0
1783970856.314358,19.396823,-2.847735,67.950349,0.000000,-0.000000,0.000000,-4.184538,14.866050,0.058391,19.604753,78.306382,0,1,0
1783970856.364470,19.396823,-2.847735,67.950349,0.000000,0.000000,0.000000,-4.184538,14.866050,0.058391,19.604753,78.306382,0,1,0
1783970856.414562,19.508362,-2.570525,68.275860,0.000000,0.000000,0.000000,-4.277316,15.150090,0.058393,19.676986,78.605190,0,1,0
1783970856.464639,19.601595,-2.334964,68.582865,0.000000,0.000000,0.000000,-4.357339,15.390460,0.058394,19.740177,78.858531,0,1,0
1783970856.514387,19.682691,-2.126058,69.097102,0.000000,0.000000,0.000000,-4.429523,15.602610,0.058396,19.797183,79.082625,0,1,0
1783970856.564387,19.682691,-2.126058,69.097102,0.000000,0.000000,0.000000,-4.429523,15.602610,0.058396,19.797183,79.082625,0,1,0
1783970856.614465,19.755964,-1.931553,69.747597,0.000000,0.000000,0.000000,-4.498442,15.798700,0.058397,19.850164,79.290473,0,1,0
1783970856.664395,19.825739,-1.739231,70.517814,0.000000,-0.000000,0.000000,-4.568636,15.990870,0.058399,19.901881,79.495062,0,1,0
1783970856.714363,19.904305,-1.512131,71.455238,0.000000,-0.000000,0.000000,-4.654455,16.215330,0.058400,19.961661,79.735368,0,1,0
1783970856.764616,19.904305,-1.512131,71.455238,0.000000,-0.000000,0.000000,-4.654455,16.215330,0.058400,19.961661,79.735368,0,1,0
1783970856.814512,19.969049,-1.314658,72.429909,0.000000,-0.000000,0.000000,-4.731814,16.408210,0.058402,20.012278,79.943184,0,1,0
1783970856.864415,20.030354,-1.116088,73.424495,0.000000,-0.000000,0.000000,-4.812513,16.599720,0.058403,20.061424,80.151002,0,1,0
1783970856.914319,20.094341,-0.894598,74.520538,-0.000000,-0.000000,0.000000,-4.905892,16.810510,0.058404,20.114245,80.381549,0,1,0
1783970856.964406,20.094341,-0.894598,74.520538,-0.000000,-0.000000,0.000000,-4.905892,16.810510,0.058404,20.114245,80.381549,0,1,0
1783970857.014410,20.149860,-0.687607,75.658766,-0.000000,-0.000000,0.000000,-4.996437,17.004750,0.058406,20.161588,80.595856,0,1,0
1783970857.064446,20.201856,-0.476380,76.886126,0.000000,-0.000000,0.000000,-5.092403,17.199970,0.058407,20.207472,80.813389,0,1,0
1783970857.114388,20.201856,-0.476380,76.886126,0.000000,-0.000000,0.000000,-5.092403,17.199970,0.058407,20.207472,80.813389,0,1,0
1783970857.164996,20.247272,-0.273601,78.068404,0.000000,-0.000000,0.000000,-5.187978,17.384490,0.058408,20.249121,81.021192,0,1,0
1783970857.214830,20.293958,-0.041220,79.416870,0.000000,-0.000000,0.000000,-5.301611,17.592500,0.058410,20.294000,81.258216,0,1,0
1783970857.264351,20.330346,0.163367,80.624769,0.000000,-0.000000,0.000000,-5.405264,17.772600,0.058411,20.331002,81.466014,0,1,0
1783970857.314540,20.330346,0.163367,80.624769,0.000000,0.000000,0.000000,-5.405264,17.772600,0.058411,20.331002,81.466014,0,1,0
1783970857.364611,20.367013,0.400815,82.029205,0.000000,0.000000,0.000000,-5.529828,17.978050,0.058412,20.370957,81.706276,0,1,0
1783970857.414388,20.396265,0.626196,83.400745,0.000000,0.000000,0.000000,-5.652315,18.169490,0.058413,20.405875,81.933548,0,1,0
1783970857.464463,20.420363,0.855446,84.816670,0.000000,-0.000000,0.000000,-5.781236,18.360580,0.058414,20.438274,82.164060,0,1,0
1783970857.514995,20.420363,0.855446,84.816670,0.000000,-0.000000,0.000000,-5.781236,18.360580,0.058414,20.438274,82.164060,0,1,0
1783970857.564658,20.437872,1.072261,86.169683,0.000000,-0.000000,0.000000,-5.907211,18.537910,0.058416,20.465981,82.381582,0,1,0
1783970857.614559,20.450832,1.302412,87.607073,0.000000,0.000000,0.000000,-6.045243,18.722530,0.058417,20.492263,82.612097,0,1,0
1783970857.664498,20.457646,1.513335,88.909787,0.000000,0.000000,0.000000,-6.175622,18.888470,0.058418,20.513543,82.823130,0,1,0
1783970857.714465,20.457646,1.513335,88.909787,-0.000000,-0.000000,0.000000,-6.175622,18.888470,0.058418,20.513543,82.823130,0,1,0
1783970857.764607,20.459779,1.721135,90.112292,-0.000000,-0.000000,0.000000,-6.307578,19.049010,0.058418,20.532045,83.030941,0,1,0
1783970857.814359,20.456938,1.958138,91.460579,-0.000000,-0.000000,0.000000,-6.462118,19.228720,0.058419,20.550441,83.267961,0,1,0
1783970857.864358,20.456938,1.958138,91.460579,0.000000,-0.000000,0.000000,-6.462118,19.228720,0.058419,20.550441,83.267961,0,1,0
1783970857.914439,20.449626,2.172313,92.639546,0.000000,-0.000000,0.000000,-6.605408,19.388070,0.058420,20.564682,83.482261,0,1,0
1783970857.964508,20.437741,2.389542,93.812710,0.000000,-0.000000,0.000000,-6.754163,19.546820,0.058420,20.576957,83.699814,0,1,0
1783970858.014359,20.420867,2.612956,95.017065,0.000000,0.000000,0.000000,-6.910716,19.707100,0.058421,20.587359,83.923865,0,1,0
1783970858.064482,20.420867,2.612956,95.017065,0.000000,0.000000,0.000000,-6.910716,19.707100,0.058421,20.587359,83.923865,0,1,0
1783970858.114724,20.400028,2.829514,96.159431,0.000000,0.000000,0.000000,-7.065899,19.859580,0.058422,20.595322,84.141424,0,1,0
1783970858.164609,20.374504,3.048843,97.298053,0.000000,-0.000000,0.000000,-7.226452,20.011170,0.058422,20.601356,84.362233,0,1,0
1783970858.214303,20.343685,3.274039,98.466798,0.000000,-0.000000,0.000000,-7.394832,20.163850,0.058423,20.605457,84.589528,0,1,0
1783970858.264453,20.343685,3.274039,98.466798,-0.000000,0.000000,0.000000,-7.394832,20.163850,0.058423,20.605457,84.589528,0,1,0
1783970858.314360,20.303552,3.527406,99.686690,-0.000000,0.000000,0.000000,-7.588456,20.332120,0.058423,20.607689,84.846053,0,1,0
1783970858.364366,20.265376,3.741608,100.690260,-0.000000,0.000000,0.000000,-7.755404,20.471650,0.058423,20.607890,85.063631,0,1,0
1783970858.414430,20.265376,3.741608,100.690260,0.000000,0.000000,0.000000,-7.755404,20.471650,0.058423,20.607890,85.063631,0,1,0
1783970858.464542,20.223448,3.955096,101.690343,0.000000,0.000000,0.000000,-7.924767,20.608220,0.058423,20.606568,85.281198,0,1,0
1783970858.514379,20.177132,4.171001,102.677994,0.000000,0.000000,0.000000,-8.099044,20.743820,0.058424,20.603735,85.502014,0,1,0
1783970858.564404,20.126377,4.389246,103.659222,0.000000,-0.000000,0.000000,-8.278226,20.878360,0.058424,20.599430,85.726084,0,1,0
1783970858.614941,20.126377,4.389246,103.659222,0.000000,-0.000000,0.000000,-8.278226,20.878360,0.058424,20.599430,85.726084,0,1,0
1783970858.664869,20.074341,4.597157,104.594329,0.000000,-0.000000,0.000000,-8.451745,21.004160,0.058424,20.594004,85.940407,0,1,0
1783970858.714516,20.012868,4.826109,105.613748,-0.000000,-0.000000,0.000000,-8.646020,21.140010,0.058424,20.586554,86.177468,0,1,0
1783970858.764576,20.012868,4.826109,105.613748,-0.000000,-0.000000,0.000000,-8.646020,21.140010,0.058424,20.586554,86.177468,0,1,0
1783970858.814425,19.951038,5.041482,106.574144,0.000000,-0.000000,0.000000,-8.831838,21.265230,0.058424,20.578155,86.401540,0,1,0
1783970858.864389,19.885603,5.255782,107.534513,0.000000,-0.000000,0.000000,-9.019728,21.387310,0.058424,20.568434,86.625608,0,1,0
1783970858.914369,19.813512,5.478201,108.536659,0.000000,-0.000000,0.000000,-9.217936,21.511330,0.058424,20.556895,86.859418,0,1,0
1783970858.964365,19.813512,5.478201,108.536659,-0.000000,0.000000,0.000000,-9.217936,21.511330,0.058424,20.556895,86.859418,0,1,0
1783970859.014412,19.743948,5.680914,109.508072,-0.000000,0.000000,0.000000,-9.401540,21.621880,0.058425,20.544981,87.073735,0,1,0
1783970859.064638,19.672045,5.879361,110.491197,-0.000000,0.000000,0.000000,-9.584193,21.727660,0.058425,20.531835,87.284807,0,1,0
1783970859.114413,19.597923,6.073523,111.462608,-0.000000,0.000000,0.000000,-9.765790,21.828730,0.058425,20.517463,87.492636,0,1,0
1783970859.164406,19.597923,6.073523,111.462608,-0.000000,0.000000,0.000000,-9.765790,21.828730,0.058425,20.517463,87.492636,0,1,0
1783970859.214657,19.520497,6.266384,112.459557,-0.000000,0.000000,0.000000,-9.949083,21.926680,0.058425,20.501643,87.700459,0,1,0
1783970859.264391,19.429346,6.481679,113.603584,0.000000,-0.000000,0.000000,-10.157310,22.032990,0.058426,20.481984,87.934255,0,1,0
1783970859.314315,19.333919,6.695119,114.751022,0.000000,-0.000000,0.000000,-10.367620,22.135130,0.058426,20.460329,88.168055,0,1,0
1783970859.364494,19.333919,6.695119,114.751022,0.000000,-0.000000,0.000000,-10.367620,22.135130,0.058426,20.460329,88.168055,0,1,0
1783970859.414479,19.239829,6.894877,115.876077,0.000000,-0.000000,0.000000,-10.568110,22.227650,0.058426,20.437964,88.388864,0,1,0
1783970859.464440,19.144630,7.086858,117.084241,0.000000,-0.000000,0.000000,-10.764450,22.313500,0.058427,20.414221,88.603152,0,1,0
1783970859.514349,19.048423,7.271043,118.282186,0.000000,0.000000,0.000000,-10.956550,22.392730,0.058427,20.388980,88.810950,0,1,0
1783970859.564640,19.048423,7.271043,118.282186,0.000000,0.000000,0.000000,-10.956550,22.392730,0.058427,20.388980,88.810950,0,1,0
1783970859.614608,18.941922,7.464429,119.624563,0.000000,0.000000,0.000000,-11.162450,22.472390,0.058428,20.359620,89.031722,0,1,0
1783970859.664415,18.825719,7.663490,121.174973,0.000000,-0.000000,0.000000,-11.379430,22.550160,0.058429,20.325766,89.262218,0,1,0
1783970859.714383,18.825719,7.663490,121.174973,0.000000,-0.000000,0.000000,-11.379430,22.550160,0.058429,20.325766,89.262218,0,1,0
1783970859.764533,18.705860,7.856546,122.733641,0.000000,-0.000000,0.000000,-11.595350,22.620980,0.058429,20.288778,89.489456,0,1,0
1783970859.814354,18.573401,8.056927,124.458734,-0.000000,0.000000,0.000000,-11.825630,22.689310,0.058430,20.245624,89.729660,0,1,0
1783970859.864357,18.573401,8.056927,124.458734,-0.000000,0.000000,0.000000,-11.825630,22.689310,0.058430,20.245624,89.729660,0,1,0
1783970859.914439,18.434867,8.253150,126.246701,0.000000,0.000000,0.000000,-12.057890,22.750550,0.058431,20.197990,89.969858,0,1,0
1783970859.964348,18.304188,8.426983,127.888254,0.000000,0.000000,0.000000,-12.269740,22.799690,0.058432,20.150865,90.187332,0,1,0
1783970860.014421,18.168576,8.596993,129.533056,0.000000,0.000000,0.000000,-12.482910,22.842730,0.058433,20.099887,90.404804,0,1,0
1783970860.064569,18.168576,8.596993,129.533056,0.000000,0.000000,-0.000000,-12.482910,22.842730,0.058433,20.099887,90.404804,0,1,0
1783970860.114431,18.021636,8.770244,131.367071,0.000000,0.000000,-0.000000,-12.706840,22.880970,0.058434,20.042369,90.631975,0,1,0
1783970860.164601,18.021636,8.770244,131.367071,0.000000,0.000000,-0.000000,-12.706840,22.880970,0.058434,20.042369,90.631975,0,1,0
1783970860.214428,17.826845,8.983513,133.732574,0.000000,0.000000,-0.000000,-12.993150,22.919100,0.058436,19.962462,90.920813,0,1,0
1783970860.264363,17.630412,9.181775,136.018367,0.000000,0.000000,0.000000,-13.271070,22.944680,0.058437,19.878039,91.199908,0,1,0
1783970860.314373,17.630412,9.181775,136.018367,0.000000,0.000000,0.000000,-13.271070,22.944680,0.058437,19.878039,91.199908,0,1,0
1783970860.364388,17.438322,9.361209,138.171294,0.000000,0.000000,0.000000,-13.533560,22.958630,0.058438,19.792102,91.462768,0,1,0
1783970860.414674,17.274427,9.504132,139.924648,0.000000,0.000000,0.000000,-13.750980,22.962740,0.058438,19.716348,91.680227,0,1,0
1783970860.464413,17.116417,9.633891,141.567135,0.000000,0.000000,0.000000,-13.955430,22.960550,0.058439,19.641375,91.884689,0,1,0
1783970860.514364,17.116417,9.633891,141.567135,0.000000,0.000000,0.000000,-13.955430,22.960550,0.058439,19.641375,91.884689,0,1,0
1783970860.564810,16.946961,9.764915,143.287826,0.000000,0.000000,0.000000,-14.169460,22.951970,0.058440,19.558963,92.098891,0,1,0
1783970860.614467,16.776377,9.889104,144.837780,0.000000,0.000000,0.000000,-14.379960,22.937430,0.058440,19.474116,92.309892,0,1,0
1783970860.664406,16.594522,10.014267,146.309991,0.000000,0.000000,0.000000,-14.599720,22.916390,0.058440,19.382046,92.530657,0,1,0
1783970860.714478,16.594522,10.014267,146.309991,0.000000,0.000000,0.000000,-14.599720,22.916390,0.058440,19.382046,92.530657,0,1,0
1783970860.764444,16.395821,10.143438,147.861399,0.000000,0.000000,0.000000,-14.834960,22.887590,0.058440,19.279841,92.767654,0,1,0
1783970860.814411,16.204943,10.260729,149.187071,0.000000,0.000000,0.000000,-15.056570,22.854720,0.058440,19.180270,92.991688,0,1,0
1783970860.864386,16.204943,10.260729,149.187071,0.000000,0.000000,0.000000,-15.056570,22.854720,0.058440,19.180270,92.991688,0,1,0
1783970860.914389,16.000194,10.380158,150.493259,0.000000,-0.000000,0.000000,-15.290180,22.814570,0.058439,19.072333,93.228723,0,1,0
1783970860.964498,15.821380,10.479530,151.558503,0.000000,-0.000000,0.000000,-15.491030,22.775730,0.058439,18.977266,93.433294,0,1,0
1783970861.014369,15.629244,10.581571,152.676927,0.000000,-0.000000,0.000000,-15.703800,22.730370,0.058439,18.874398,93.650846,0,1,0
1783970861.064441,15.629244,10.581571,152.676927,0.000000,0.000000,0.000000,-15.703800,22.730370,0.058439,18.874398,93.650846,0,1,0
1783970861.114389,15.443922,10.675647,153.643601,0.000000,0.000000,0.000000,-15.906230,22.683290,0.058438,18.774562,93.858678,0,1,0
1783970861.164521,15.236592,10.776524,154.598995,0.000000,0.000000,0.000000,-16.129890,22.627270,0.058438,18.662454,94.089247,0,1,0
1783970861.214719,15.033537,10.871280,155.507003,0.000000,0.000000,0.000000,-16.346340,22.569310,0.058437,18.552411,94.313323,0,1,0
1783970861.264395,15.033537,10.871280,155.507003,0.000000,0.000000,0.000000,-16.346340,22.569310,0.058437,18.552411,94.313323,0,1,0
1783970861.314467,14.811179,10.970709,156.432431,0.000000,0.000000,0.000000,-16.580580,22.502520,0.058436,18.431697,94.556899,0,1,0
1783970861.364371,14.584281,11.067825,157.356088,0.000000,0.000000,0.000000,-16.816810,22.431040,0.058436,18.308413,94.803707,0,1,0
1783970861.414356,14.584281,11.067825,157.356088,0.000000,0.000000,0.000000,-16.816810,22.431040,0.058436,18.308413,94.803707,0,1,0
1783970861.464364,14.388990,11.147969,158.146055,0.000000,0.000000,0.000000,-17.017920,22.366880,0.058435,18.202205,95.014803,0,1,0
1783970861.514323,14.177487,11.231290,158.982672,0.000000,-0.000000,0.000000,-17.233490,22.294730,0.058435,18.087095,95.242127,0,1,0
1783970861.564346,13.973940,11.308194,159.740240,0.000000,-0.000000,0.000000,-17.438840,22.222780,0.058434,17.976269,95.459717,0,1,0
1783970861.614562,13.973940,11.308194,159.740240,-0.000000,-0.000000,0.000000,-17.438840,22.222780,0.058434,17.976269,95.459717,0,1,0
1783970861.664728,13.775524,11.380244,160.465110,-0.000000,-0.000000,0.000000,-17.637140,22.150410,0.058433,17.868268,95.670810,0,1,0
1783970861.714467,13.548527,11.459152,161.320453,-0.000000,-0.000000,0.000000,-17.861740,22.064920,0.058433,17.744711,95.911130,0,1,0
1783970861.764427,13.548527,11.459152,161.320453,0.000000,0.000000,0.000000,-17.861740,22.064920,0.058433,17.744711,95.911130,0,1,0
1783970861.814589,13.317274,11.535601,162.225159,0.000000,0.000000,0.000000,-18.088020,21.974810,0.058432,17.618737,96.154692,0,1,0
1783970861.864495,13.100380,11.603694,163.033812,0.000000,0.000000,0.000000,-18.297930,21.887530,0.058432,17.500448,96.382024,0,1,0
1783970861.914352,12.879434,11.669652,163.843363,0.000000,0.000000,0.000000,-18.509570,21.796010,0.058431,17.379890,96.612605,0,1,0
1783970861.964720,12.879434,11.669652,163.843363,0.000000,0.000000,0.000000,-18.509570,21.796010,0.058431,17.379890,96.612605,0,1,0
1783970862.014371,12.666940,11.729782,164.700823,0.000000,0.000000,0.000000,-18.710990,21.705460,0.058431,17.263811,96.833443,0,1,0
1783970862.064393,12.459851,11.784997,165.592323,0.000000,-0.000000,0.000000,-18.905110,21.614620,0.058431,17.150337,97.047766,0,1,0
1783970862.114367,12.459851,11.784997,165.592323,0.000000,-0.000000,0.000000,-18.905110,21.614620,0.058431,17.150337,97.047766,0,1,0
1783970862.164721,12.251925,11.836959,166.494222,-0.000000,-0.000000,0.000000,-19.097780,21.520750,0.058431,17.035941,97.262087,0,1,0
1783970862.214806,12.021008,11.890554,167.521708,-0.000000,-0.000000,0.000000,-19.309110,21.413350,0.058430,16.908279,97.499142,0,1,0
1783970862.264393,11.817790,11.934047,168.479506,-0.000000,-0.000000,0.000000,-19.492730,21.316020,0.058430,16.795286,97.706962,0,1,0
1783970862.314546,11.817790,11.934047,168.479506,0.000000,0.000000,-0.000000,-19.492730,21.316020,0.058430,16.795286,97.706962,0,1,0
1783970862.364700,11.581933,11.980077,169.602605,0.000000,0.000000,-0.000000,-19.702980,21.199650,0.058430,16.663236,97.947269,0,1,0
1783970862.414497,11.345237,12.021420,170.756459,0.000000,0.000000,-0.000000,-19.910860,21.079150,0.058430,16.529638,98.187548,0,1,0
1783970862.464358,11.345237,12.021420,170.756459,0.000000,0.000000,0.000000,-19.910860,21.079150,0.058430,16.529638,98.187548,0,1,0
1783970862.514401,11.107731,12.057893,171.963018,0.000000,0.000000,0.000000,-20.116230,20.954400,0.058430,16.394343,98.427839,0,1,0
1783970862.564464,10.882396,12.087651,173.185621,0.000000,0.000000,0.000000,-20.307960,20.832330,0.058430,16.264619,98.655130,0,1,0
1783970862.614311,10.659699,12.112230,174.407495,0.000000,0.000000,0.000000,-20.494340,20.707990,0.058430,16.134909,98.879179,0,1,0
1783970862.664398,10.659699,12.112230,174.407495,0.000000,0.000000,0.000000,-20.494340,20.707990,0.058430,16.134909,98.879179,0,1,0
1783970862.714876,10.446251,12.131279,175.589356,0.000000,0.000000,0.000000,-20.670080,20.585360,0.058431,16.009125,99.093475,0,1,0
1783970862.764554,10.219481,12.146587,176.889552,0.000000,0.000000,0.000000,-20.853620,20.451300,0.058431,15.873795,99.320761,0,1,0
1783970862.814392,10.219481,12.146587,176.889552,0.000000,0.000000,0.000000,-20.853620,20.451300,0.058431,15.873795,99.320761,0,1,0
1783970862.864409,10.005410,12.156290,178.124996,0.000000,0.000000,0.000000,-21.023830,20.321110,0.058431,15.744320,99.535053,0,1,0
1783970862.914642,9.755457,12.161772,179.566480,0.000000,0.000000,0.000000,-21.218810,20.164620,0.058431,15.590948,99.785065,0,1,0
1783970862.964467,9.537927,12.161336,-179.124880,0.000000,0.000000,0.000000,-21.385150,20.024440,0.058432,15.455424,100.002596,0,1,0
1783970863.014364,9.537927,12.161336,-179.124880,0.000000,0.000000,-0.000000,-21.385150,20.024440,0.058432,15.455424,100.002596,0,1,0
1783970863.064462,9.323719,12.156022,-177.822515,0.000000,0.000000,-0.000000,-21.545810,19.882660,0.058432,15.319941,100.216869,0,1,0
1783970863.114487,9.122657,12.146490,-176.512417,0.000000,0.000000,-0.000000,-21.693690,19.746100,0.058432,15.190789,100.418158,0,1,0
1783970863.164374,8.902436,12.130791,-175.119310,0.000000,0.000000,0.000000,-21.852280,19.592500,0.058432,15.046909,100.638938,0,1,0
1783970863.214436,8.902436,12.130791,-175.119310,0.000000,0.000000,0.000000,-21.852280,19.592500,0.058432,15.046909,100.638938,0,1,0
1783970863.264467,8.692354,12.110826,-173.803667,0.000000,0.000000,0.000000,-22.000360,19.442150,0.058433,14.907351,100.849966,0,1,0
1783970863.314749,8.469891,12.084398,-172.435450,0.000000,0.000000,0.000000,-22.153770,19.278890,0.058433,14.757090,101.073994,0,1,0
1783970863.364358,8.251341,12.053145,-171.065904,0.000000,0.000000,0.000000,-22.301080,19.114450,0.058433,14.606948,101.294767,0,1,0
1783970863.414634,8.251341,12.053145,-171.065904,0.000000,0.000000,-0.000000,-22.301080,19.114450,0.058433,14.606948,101.294767,0,1,0
1783970863.464462,8.020823,12.014351,-169.608730,0.000000,0.000000,-0.000000,-22.452710,18.936540,0.058434,14.445699,101.528526,0,1,0
1783970863.514697,7.778634,11.967127,-168.118128,0.000000,0.000000,-0.000000,-22.607860,18.744670,0.058434,14.273026,101.775277,0,1,0
1783970863.564560,7.778634,11.967127,-168.118128,0.000000,0.000000,0.000000,-22.607860,18.744670,0.058434,14.273026,101.775277,0,1,0
1783970863.614512,7.572518,11.921756,-166.838866,0.000000,0.000000,0.000000,-22.736570,18.577410,0.058434,14.123431,101.986327,0,1,0
1783970863.664673,7.348609,11.866945,-165.437846,0.000000,0.000000,0.000000,-22.872840,18.391480,0.058434,13.958024,102.216847,0,1,0
1783970863.714309,7.132354,11.808451,-164.076378,0.000000,-0.000000,0.000000,-23.000880,18.207650,0.058434,13.795289,102.440873,0,1,0
1783970863.764393,7.132354,11.808451,-164.076378,0.000000,-0.000000,0.000000,-23.000880,18.207650,0.058434,13.795289,102.440873,0,1,0
1783970863.814564,6.920599,11.745893,-162.817544,0.000000,-0.000000,0.000000,-23.122860,18.023600,0.058434,13.633074,102.661675,0,1,0
1783970863.864623,6.716428,11.680783,-161.615627,-0.000000,0.000000,0.000000,-23.237390,17.842470,0.058434,13.474090,102.875977,0,1,0
1783970863.914692,6.716428,11.680783,-161.615627,-0.000000,0.000000,0.000000,-23.237390,17.842470,0.058434,13.474090,102.875977,0,1,0
1783970863.964379,6.501425,11.607074,-160.340943,-0.000000,-0.000000,0.000000,-23.354690,17.647790,0.058434,13.303860,103.103264,0,1,0
1783970864.014656,6.291091,11.529876,-159.182394,-0.000000,-0.000000,0.000000,-23.466170,17.453440,0.058434,13.134530,103.327317,0,1,0
1783970864.064366,6.076256,11.446195,-158.101829,-0.000000,-0.000000,0.000000,-23.576930,17.251230,0.058434,12.959023,103.557874,0,1,0
1783970864.114424,6.076256,11.446195,-158.101829,-0.000000,0.000000,0.000000,-23.576930,17.251230,0.058434,12.959023,103.557874,0,1,0
1783970864.164397,5.848062,11.352197,-156.967570,-0.000000,0.000000,0.000000,-23.691290,17.032530,0.058433,12.769973,103.804669,0,1,0
1783970864.214614,5.645482,11.264327,-155.980109,-0.000000,0.000000,0.000000,-23.789970,16.834990,0.058433,12.599863,104.025486,0,1,0
1783970864.264384,5.450292,11.175804,-155.093933,0.000000,0.000000,0.000000,-23.882570,16.641700,0.058433,12.433997,104.239812,0,1,0
1783970864.314440,5.450292,11.175804,-155.093933,0.000000,0.000000,0.000000,-23.882570,16.641700,0.058433,12.433997,104.239812,0,1,0
1783970864.364452,5.271093,11.091340,-154.291031,0.000000,0.000000,0.000000,-23.965530,16.461800,0.058432,12.280156,104.437919,0,1,0
1783970864.414411,5.072762,10.994237,-153.395987,0.000000,0.000000,-0.000000,-24.055020,16.259920,0.058432,12.108103,104.658745,0,1,0
1783970864.464346,4.870165,10.891133,-152.531131,0.000000,0.000000,-0.000000,-24.143920,16.050700,0.058432,11.930435,104.886069,0,1,0
1783970864.514730,4.870165,10.891133,-152.531131,-0.000000,0.000000,0.000000,-24.143920,16.050700,0.058432,11.930435,104.886069,0,1,0
1783970864.564659,4.677707,10.789611,-151.716483,-0.000000,0.000000,0.000000,-24.226070,15.849210,0.058431,11.759959,105.103662,0,1,0
1783970864.614381,4.475337,10.679110,-150.896216,-0.000000,0.000000,0.000000,-24.310040,15.634470,0.058431,11.578947,105.334236,0,1,0
1783970864.664365,4.475337,10.679110,-150.896216,0.000000,0.000000,0.000000,-24.310040,15.634470,0.058431,11.578947,105.334236,0,1,0
1783970864.714558,4.268930,10.562492,-150.048923,0.000000,0.000000,0.000000,-24.393170,15.412450,0.058431,11.392541,105.571308,0,1,0
1783970864.764817,4.081036,10.452766,-149.254734,0.000000,0.000000,0.000000,-24.466550,15.207610,0.058430,11.221192,105.788895,0,1,0
1783970864.814547,3.900220,10.343835,-148.481036,0.000000,0.000000,0.000000,-24.535020,15.007930,0.058430,11.054711,105.999988,0,1,0
1783970864.864375,3.900220,10.343835,-148.481036,0.000000,0.000000,0.000000,-24.535020,15.007930,0.058430,11.054711,105.999988,0,1,0
1783970864.914995,3.723631,10.234216,-147.744418,0.000000,0.000000,-0.000000,-24.599810,14.810440,0.058430,10.890574,106.207834,0,1,0
1783970864.964374,3.540243,10.117104,-147.020311,0.000000,0.000000,-0.000000,-24.664990,14.602840,0.058429,10.718634,106.425426,0,1,0
1783970865.014384,3.366450,10.003102,-146.338491,0.000000,0.000000,-0.000000,-24.724820,14.403790,0.058429,10.554384,106.633274,0,1,0
1783970865.064602,3.366450,10.003102,-146.338491,0.000000,0.000000,0.000000,-24.724820,14.403790,0.058429,10.554384,106.633274,0,1,0
1783970865.114344,3.167242,9.868679,-145.520166,0.000000,0.000000,0.000000,-24.790990,14.172760,0.058428,10.364471,106.873593,0,1,0
1783970865.164353,2.959344,9.723951,-144.682533,0.000000,0.000000,0.000000,-24.857190,13.928250,0.058428,10.164298,107.126906,0,1,0
1783970865.214365,2.959344,9.723951,-144.682533,-0.000000,0.000000,0.000000,-24.857190,13.928250,0.058428,10.164298,107.126906,0,1,0
1783970865.264856,2.766695,9.585786,-143.905162,-0.000000,0.000000,0.000000,-24.915930,13.698570,0.058428,9.977069,107.363978,0,1,0
1783970865.314600,2.581123,9.448914,-143.163133,-0.000000,0.000000,0.000000,-24.970080,13.474430,0.058427,9.795110,107.594567,0,1,0
1783970865.364423,2.420554,9.327429,-142.494230,0.000000,0.000000,0.000000,-25.014970,13.278150,0.058427,9.636390,107.795915,0,1,0
1783970865.414375,2.261421,9.204060,-141.818398,0.000000,0.000000,0.000000,-25.057550,13.081350,0.058427,9.477803,107.997268,0,1,0
1783970865.464729,2.261421,9.204060,-141.818398,0.000000,0.000000,0.000000,-25.057550,13.081350,0.058427,9.477803,107.997268,0,1,0
1783970865.514521,2.098696,9.074763,-141.133254,0.000000,0.000000,0.000000,-25.099070,12.877700,0.058427,9.314282,108.205108,0,1,0
1783970865.564381,1.937526,8.943508,-140.426334,0.000000,0.000000,0.000000,-25.138140,12.673550,0.058426,9.150975,108.412963,0,1,0
1783970865.614715,1.937526,8.943508,-140.426334,-0.000000,0.000000,0.000000,-25.138140,12.673550,0.058426,9.150975,108.412963,0,1,0
1783970865.664607,1.763134,8.797683,-139.645512,-0.000000,0.000000,0.000000,-25.177970,12.449740,0.058426,8.972617,108.640289,0,1,0
1783970865.714520,1.580983,8.640916,-138.804953,-0.000000,0.000000,0.000000,-25.216710,12.212560,0.058426,8.784357,108.880612,0,1,0
1783970865.764314,1.403589,8.483641,-137.942897,-0.000000,0.000000,0.000000,-25.251480,11.978050,0.058426,8.598967,109.117686,0,1,0
1783970865.814364,1.403589,8.483641,-137.942897,-0.000000,0.000000,0.000000,-25.251480,11.978050,0.058426,8.598967,109.117686,0,1,0
1783970865.864394,1.091499,8.194550,-136.294849,-0.000000,0.000000,0.000000,-25.304680,11.555980,0.058426,8.266924,109.543106,0,1,0
1783970865.914994,0.951382,8.059151,-135.535346,0.000000,0.000000,0.000000,-25.324960,11.362190,0.058426,8.115112,109.737955,0,1,0
1783970865.964587,0.951382,8.059151,-135.535346,-0.000000,0.000000,-0.000000,-25.324960,11.362190,0.058426,8.115112,109.737955,0,1,0
1783970866.014364,0.951382,8.059151,-135.535346,-0.000000,0.000000,-0.000000,-25.324960,11.362190,0.058426,8.115112,109.737955,0,1,0
1783970866.064498,0.653991,7.759512,-133.914893,-0.000000,0.000000,-0.000000,-25.360120,10.941490,0.058425,7.787023,110.160132,0,1,0
1783970866.114408,0.653991,7.759512,-133.914893,0.000000,0.000000,0.000000,-25.360120,10.941490,0.058425,7.787023,110.160132,0,1,0
1783970866.164371,0.524036,7.623169,-133.209747,0.000000,0.000000,0.000000,-25.372010,10.753510,0.058425,7.641160,110.348488,0,1,0
1783970866.214427,0.524036,7.623169,-133.209747,0.000000,0.000000,0.000000,-25.372010,10.753510,0.058425,7.641160,110.348488,0,1,0
1783970866.264457,0.343224,7.427665,-132.178477,0.000000,0.000000,0.000000,-25.384820,10.487520,0.058425,7.435590,110.614786,0,1,0
1783970866.314361,0.343224,7.427665,-132.178477,0.000000,0.000000,0.000000,-25.384820,10.487520,0.058425,7.435590,110.614786,0,1,0
1783970866.364398,0.025821,7.066803,-130.343625,0.000000,0.000000,0.000000,-25.395950,10.007060,0.058425,7.066850,111.095390,0,1,0
1783970866.414583,-0.140823,6.867505,-129.314110,0.000000,0.000000,0.000000,-25.395470,9.747272,0.058425,6.868949,111.355179,0,1,0
1783970866.464384,-0.140823,6.867505,-129.314110,0.000000,0.000000,0.000000,-25.395470,9.747272,0.058425,6.868949,111.355179,0,1,0
1783970866.514405,-0.140823,6.867505,-129.314110,0.000000,0.000000,0.000000,-25.395470,9.747272,0.058425,6.868949,111.355179,0,1,0
1783970866.565103,-0.275579,6.700836,-128.462048,0.000000,0.000000,0.000000,-25.391540,9.532977,0.058425,6.706500,111.569510,0,1,0
1783970866.614716,-0.411870,6.527078,-127.624898,0.000000,0.000000,0.000000,-25.384230,9.312265,0.058425,6.540060,111.790343,0,1,0
1783970866.664647,-0.537818,6.361741,-126.846856,0.000000,0.000000,0.000000,-25.374410,9.104653,0.058425,6.384434,111.998187,0,1,0
1783970866.714396,-0.537818,6.361741,-126.846856,0.000000,0.000000,0.000000,-25.374410,9.104653,0.058425,6.384434,111.998187,0,1,0
1783970866.764460,-0.661522,6.194721,-126.068775,0.000000,0.000000,0.000000,-25.361790,8.897195,0.058425,6.229943,112.206028,0,1,0
1783970866.815102,-0.790466,6.015439,-125.255756,0.000000,0.000000,0.000000,-25.345300,8.676975,0.058425,6.067153,112.426865,0,1,0
1783970866.864398,-0.927951,5.818327,-124.419900,-0.000000,0.000000,0.000000,-25.323890,8.437607,0.058425,5.891860,112.667188,0,1,0
1783970866.914408,-0.927951,5.818327,-124.419900,-0.000000,0.000000,0.000000,-25.323890,8.437607,0.058425,5.891860,112.667188,0,1,0
1783970866.964398,-1.055372,5.630064,-123.638976,-0.000000,0.000000,0.000000,-25.300460,8.211488,0.058424,5.728126,112.894518,0,1,0
1783970867.014406,-1.174911,5.448252,-122.891546,-0.000000,-0.000000,-0.000000,-25.275140,7.995377,0.058424,5.573497,113.112107,0,1,0
1783970867.064363,-1.174911,5.448252,-122.891546,-0.000000,-0.000000,-0.000000,-25.275140,7.995377,0.058424,5.573497,113.112107,0,1,0
1783970867.114358,-1.295546,5.259409,-122.135628,0.000000,-0.000000,0.000000,-25.246140,7.773175,0.058424,5.416625,113.336194,0,1,0
1783970867.164579,-1.418770,5.060685,-121.350503,0.000000,-0.000000,0.000000,-25.212770,7.541741,0.058424,5.255801,113.570021,0,1,0
1783970867.214475,-1.540913,4.857494,-120.554749,0.000000,-0.000000,0.000000,-25.175700,7.307580,0.058424,5.096044,113.807098,0,1,0
1783970867.264373,-1.645685,4.677986,-119.869527,-0.000000,0.000000,0.000000,-25.140550,7.102727,0.058424,4.959015,114.014945,0,1,0
1783970867.314759,-1.743552,4.505740,-119.231629,-0.000000,0.000000,0.000000,-25.104780,6.907875,0.058424,4.831321,114.213053,0,1,0
1783970867.364488,-1.743552,4.505740,-119.231629,0.000000,0.000000,0.000000,-25.104780,6.907875,0.058424,4.831321,114.213053,0,1,0
1783970867.414382,-1.848843,4.315317,-118.534748,0.000000,0.000000,0.000000,-25.063010,6.694328,0.058424,4.694697,114.430647,0,1,0
1783970867.464458,-1.848843,4.315317,-118.534748,0.000000,0.000000,0.000000,-25.063010,6.694328,0.058424,4.694697,114.430647,0,1,0
1783970867.514683,-1.957885,4.112148,-117.796337,0.000000,0.000000,0.000000,-25.015920,6.468606,0.058424,4.554456,114.661229,0,1,0
1783970867.564551,-2.067333,3.901838,-117.095807,-0.000000,0.000000,0.000000,-24.964550,6.237154,0.058423,4.415677,114.898313,0,1,0
1783970867.614478,-2.168451,3.701858,-116.447005,-0.000000,0.000000,0.000000,-24.913440,6.018969,0.058423,4.290214,115.122404,0,1,0
1783970867.664505,-2.168451,3.701858,-116.447005,-0.000000,-0.000000,-0.000000,-24.913440,6.018969,0.058423,4.290214,115.122404,0,1,0
1783970867.714666,-2.267315,3.500752,-115.811852,-0.000000,-0.000000,-0.000000,-24.859880,5.801371,0.058423,4.170849,115.346497,0,1,0
1783970867.764397,-2.354263,3.319133,-115.256450,-0.000000,-0.000000,-0.000000,-24.809720,5.606359,0.058423,4.069299,115.547856,0,1,0
1783970867.814346,-2.448956,3.116028,-114.642191,0.000000,0.000000,-0.000000,-24.751680,5.389911,0.058423,3.963208,115.771951,0,1,0
1783970867.864376,-2.448956,3.116028,-114.642191,0.000000,0.000000,-0.000000,-24.751680,5.389911,0.058423,3.963208,115.771951,0,1,0
1783970867.914459,-2.526757,2.940344,-111.859466,0.000000,0.000000,-0.000000,-24.698330,5.205326,0.058854,3.876871,115.964091,0,1,0
1783970867.964619,-2.578026,2.795667,-106.087099,-0.000000,0.000000,0.000000,-24.644590,5.061549,0.059208,3.802890,116.117583,0,1,0
1783970868.014304,-2.578026,2.795667,-106.087099,-0.000000,0.000000,0.000000,-24.585490,4.943049,0.059257,3.730810,116.250003,0,1,0
1783970868.064733,-2.608938,2.666906,-101.381946,0.000000,0.000000,0.000000,-24.585490,4.943049,0.059257,3.730810,116.250003,0,1,0
1783970868.114662,-2.631546,2.513367,-95.886944,0.000000,0.000000,0.000000,-24.504100,4.810909,0.059241,3.638962,116.405198,0,1,0
1783970868.164375,-2.639346,2.364747,-90.639314,0.000000,0.000000,0.000000,-24.414530,4.692057,0.059221,3.543752,116.554022,0,1,0
1783970868.214374,-2.639346,2.364747,-90.639314,-0.000000,0.000000,-0.000000,-24.414530,4.692057,0.059221,3.543752,116.554022,0,1,0
1783970868.264387,-2.633877,2.220161,-85.541083,-0.000000,0.000000,-0.000000,-24.317390,4.584824,0.059203,3.444768,116.698711,0,1,0
1783970868.314531,-2.617074,2.084663,-80.836658,-0.000000,0.000000,-0.000000,-24.217410,4.491839,0.059185,3.345877,116.835248,0,1,0
1783970868.364365,-2.588297,1.946849,-76.084324,-0.000000,0.000000,0.000000,-24.106770,4.404778,0.059168,3.238750,116.976034,0,1,0
1783970868.414377,-2.588297,1.946849,-76.084324,-0.000000,0.000000,0.000000,-24.106770,4.404778,0.059168,3.238750,116.976034,0,1,0
1783970868.464654,-2.550893,1.819718,-71.623005,0.000000,0.000000,0.000000,-23.996390,4.331446,0.059154,3.133437,117.108553,0,1,0
1783970868.514683,-2.503026,1.693713,-67.284299,0.000000,0.000000,0.000000,-23.878720,4.265703,0.059137,3.022218,117.243344,0,1,0
1783970868.564369,-2.444942,1.569616,-63.032794,0.000000,0.000000,0.000000,-23.754450,4.207990,0.059121,2.905415,117.380361,0,1,0
1783970868.614586,-2.444942,1.569616,-63.032794,0.000000,-0.000000,0.000000,-23.754450,4.207990,0.059121,2.905415,117.380361,0,1,0
1783970868.664539,-2.377838,1.450121,-58.801164,0.000000,-0.000000,0.000000,-23.626230,4.159600,0.059108,2.785133,117.517408,0,1,0
1783970868.714381,-2.283953,1.310239,-53.937731,0.000000,-0.000000,0.000000,-23.464390,4.112812,0.059088,2.633091,117.685876,0,1,0
1783970868.764359,-2.283953,1.310239,-53.937731,-0.000000,0.000000,0.000000,-23.464390,4.112812,0.059088,2.633091,117.685876,0,1,0
1783970868.814364,-2.189572,1.191061,-49.750628,-0.000000,0.000000,0.000000,-23.315480,4.082201,0.059072,2.492560,117.837900,0,1,0
1783970868.864665,-2.086855,1.078782,-45.764432,-0.000000,0.000000,0.000000,-23.164620,4.062234,0.059056,2.349199,117.990075,0,1,0
1783970868.914358,-1.992151,0.987785,-42.346792,0.000000,-0.000000,0.000000,-23.033580,4.053416,0.059044,2.223597,118.121412,0,1,0
1783970868.964374,-1.992151,0.987785,-42.346792,0.000000,-0.000000,0.000000,-23.033580,4.053416,0.059044,2.223597,118.121412,0,1,0
1783970869.014410,-1.890609,0.900814,-39.224064,0.000000,0.000000,0.000000,-22.899890,4.052078,0.059027,2.094246,118.255108,0,1,0
1783970869.064318,-1.784554,0.819142,-36.332831,0.000000,0.000000,0.000000,-22.766150,4.057700,0.059013,1.963575,118.388966,0,1,0
1783970869.114438,-1.660530,0.733712,-33.113315,0.000000,0.000000,0.000000,-22.616230,4.071996,0.058999,1.815404,118.539567,0,1,0
1783970869.164703,-1.660530,0.733712,-33.113315,0.000000,0.000000,0.000000,-22.616230,4.071996,0.058999,1.815404,118.539567,0,1,0
1783970869.214714,-1.539211,0.659088,-30.417102,0.000000,0.000000,0.000000,-22.475330,4.092830,0.058983,1.674386,118.681999,0,1,0
1783970869.264371,-1.403433,0.584069,-27.714679,0.000000,0.000000,0.000000,-22.323100,4.122657,0.058967,1.520118,118.837123,0,1,0
1783970869.314786,-1.403433,0.584069,-27.714679,0.000000,0.000000,0.000000,-22.323100,4.122657,0.058967,1.520118,118.837123,0,1,0
1783970869.364984,-1.264299,0.515475,-25.037530,0.000000,0.000000,0.000000,-22.172430,4.159562,0.058953,1.365344,118.992247,1,1,1
1783970869.414443,-1.118264,0.451354,-22.645067,0.000000,0.000000,0.000000,-22.019350,4.204330,0.058936,1.205916,119.151739,1,1,1
1783970869.464961,-1.118264,0.451354,-22.645067,-0.000000,-0.000000,0.000000,-22.019350,4.204330,0.058936,1.205916,119.151739,1,1,1
1783970869.514818,-0.960582,0.388759,-20.008935,-0.000000,-0.000000,0.000000,-21.858330,4.257755,0.058547,1.036268,119.321390,1,1,1
1783970869.564331,-0.797957,0.330188,-19.360139,-0.000000,-0.000000,0.000000,-21.696110,4.317440,0.058968,0.863573,119.494242,1,1,1
1783970869.614787,-0.797957,0.330188,-19.360139,-0.000000,-0.000000,-0.000000,-21.696110,4.317440,0.058968,0.863573,119.494242,1,1,1
1783970869.664621,-0.679637,0.288623,-19.356842,-0.000000,-0.000000,-0.000000,-21.578760,4.361668,0.059409,0.738383,119.619650,1,1,1
1783970869.714446,-0.605210,0.262505,-19.355865,-0.000000,-0.000000,-0.000000,-21.504960,4.389510,0.059821,0.659687,119.698527,1,1,1
1783970869.764279,-0.574638,0.251798,-19.355117,-0.000000,-0.000000,-0.000000,-21.474660,4.400963,0.060295,0.627384,119.730919,1,1,1
1783970869.815178,-0.574638,0.251798,-19.355117,-0.000000,-0.000000,-0.000000,-21.474660,4.400963,0.060295,0.627384,119.730919,1,1,1
1783970869.864381,-0.574594,0.251804,-19.356033,-0.000000,-0.000000,-0.000000,-21.474630,4.400995,0.060253,0.627347,119.730963,1,1,1
1783970869.914618,-0.574569,0.251819,-19.357107,-0.000000,-0.000000,-0.000000,-21.474620,4.401023,0.060180,0.627329,119.730993,1,1,1
1783970869.964513,-0.574569,0.251819,-19.357107,-0.000000,-0.000000,-0.000000,-21.474620,4.401023,0.060180,0.627329,119.730993,1,1,1
1783970870.014576,-0.574537,0.251841,-19.358426,-0.000000,-0.000000,-0.000000,-21.474610,4.401061,0.060090,0.627309,119.731032,1,1,1
1783970870.064360,-0.574512,0.251856,-19.359343,-0.000000,-0.000000,-0.000000,-21.474600,4.401088,0.060029,0.627292,119.731061,1,1,1
1783970870.114450,-0.574512,0.251856,-19.359343,-0.000000,-0.000000,-0.000000,-21.474600,4.401088,0.060029,0.627292,119.731061,1,1,1
1783970870.164527,-0.574494,0.251877,-19.360114,-0.000000,-0.000000,-0.000000,-21.474600,4.401116,0.059970,0.627284,119.731089,1,1,1
1783970870.214388,-0.574467,0.251894,-19.360919,-0.000000,-0.000000,-0.000000,-21.474590,4.401146,0.059912,0.627266,119.731121,1,1,1
1783970870.264272,-0.574467,0.251894,-19.360919,-0.000000,-0.000000,-0.000000,-21.474580,4.401174,0.059864,0.627248,119.731150,1,1,1
1783970870.314389,-0.574441,0.251909,-19.361581,-0.000000,-0.000000,-0.000000,-21.474580,4.401174,0.059864,0.627248,119.731150,1,1,1
1783970870.364371,-0.574422,0.251931,-19.362142,-0.000000,-0.000000,-0.000000,-21.474580,4.401203,0.059817,0.627240,119.731179,1,1,1
1783970870.414487,-0.574397,0.251945,-19.362689,-0.000000,-0.000000,-0.000000,-21.474570,4.401230,0.059775,0.627223,119.731208,1,1,1
1783970870.464360,-0.574397,0.251945,-19.362689,-0.000000,-0.000000,-0.000000,-21.474570,4.401230,0.059775,0.627223,119.731208,1,1,1
1783970870.514526,-0.574379,0.251967,-19.363155,-0.000000,-0.000000,-0.000000,-21.474570,4.401258,0.059734,0.627215,119.731236,1,1,1
1783970870.564677,-0.574351,0.251985,-19.363561,-0.000000,-0.000000,-0.000000,-21.474560,4.401290,0.059691,0.627196,119.731270,1,1,1
1783970870.614449,-0.574351,0.251985,-19.363561,-0.000000,-0.000000,-0.000000,-21.474560,4.401320,0.059653,0.627188,119.731300,1,1,1
1783970870.664784,-0.574332,0.252008,-19.363930,-0.000000,-0.000000,-0.000000,-21.474560,4.401320,0.059653,0.627188,119.731300,1,1,1
1783970870.714434,-0.574304,0.252025,-19.364279,-0.000000,-0.000000,-0.000000,-21.474550,4.401351,0.059614,0.627170,119.731332,1,1,1
1783970870.764534,-0.574304,0.252025,-19.364279,-0.000000,-0.000000,-0.000000,-21.474550,4.401351,0.059614,0.627170,119.731332,1,1,1
1783970870.814553,-0.574305,0.252023,-19.364646,-0.000000,-0.000000,-0.000000,-21.474550,4.401349,0.059578,0.627170,119.731334,1,1,1
1783970870.864480,-0.574307,0.252021,-19.364862,-0.000000,-0.000000,-0.000000,-21.474550,4.401346,0.059544,0.627171,119.731337,1,1,1
1783970870.914617,-0.574307,0.252021,-19.364862,-0.000000,-0.000000,-0.000000,-21.474550,4.401346,0.059544,0.627171,119.731337,1,1,1
1783970870.964373,-0.574302,0.252012,-19.365256,-0.000000,-0.000000,-0.000000,-21.474540,4.401343,0.059509,0.627162,119.731348,1,1,1
1783970871.014956,-0.574302,0.252012,-19.365256,-0.000000,-0.000000,-0.000000,-21.474540,4.401343,0.059509,0.627162,119.731348,1,1,1
1783970871.064731,-0.574304,0.252010,-19.365456,-0.000000,-0.000000,-0.000000,-21.474540,4.401340,0.059478,0.627163,119.731351,1,1,1
1783970871.114587,-0.574304,0.252009,-19.365788,-0.000000,-0.000000,-0.000000,-21.474540,4.401339,0.059451,0.627163,119.731352,1,1,1
1783970871.164382,-0.574304,0.252009,-19.365788,-0.000000,-0.000000,-0.000000,-21.474540,4.401339,0.059451,0.627163,119.731352,1,1,1
1783970871.214536,-0.574299,0.252000,-19.365875,-0.000000,-0.000000,-0.000000,-21.474530,4.401335,0.059426,0.627155,119.731362,1,1,1
1783970871.264352,-0.574300,0.251998,-19.366128,-0.000000,-0.000000,-0.000000,-21.474530,4.401333,0.059402,0.627156,119.731364,1,1,1
1783970871.315204,-0.574300,0.251998,-19.366128,-0.000000,-0.000000,-0.000000,-21.474530,4.401333,0.059402,0.627156,119.731364,1,1,1
1783970871.364363,-0.574302,0.251997,-19.366218,-0.000000,-0.000000,-0.000000,-21.474530,4.401331,0.059380,0.627156,119.731366,1,1,1
1783970871.414372,-0.574295,0.251990,-19.366410,-0.000000,-0.000000,-0.000000,-21.474520,4.401330,0.059364,0.627147,119.731377,1,1,1
1783970871.464499,-0.574295,0.251990,-19.366661,-0.000000,-0.000000,-0.000000,-21.474520,4.401330,0.059341,0.627147,119.731377,1,1,1
1783970871.514450,-0.574295,0.251990,-19.366661,-0.000000,-0.000000,-0.000000,-21.474520,4.401330,0.059341,0.627147,119.731377,1,1,1
1783970871.564552,-0.574295,0.251989,-19.366784,-0.000000,-0.000000,-0.000000,-21.474520,4.401329,0.059327,0.627147,119.731378,1,1,1
1783970871.614274,-0.574296,0.251988,-19.366879,-0.000000,-0.000000,-0.000000,-21.474520,4.401328,0.059314,0.627147,119.731379,1,1,1
1783970871.664439,-0.574296,0.251988,-19.366879,-0.000000,-0.000000,-0.000000,-21.474520,4.401328,0.059314,0.627147,119.731379,1,1,1
1783970871.714574,-0.574290,0.251979,-19.367030,-0.000000,-0.000000,-0.000000,-21.474510,4.401325,0.059289,0.627139,119.731390,1,1,1
1783970871.764714,-0.574290,0.251979,-19.367030,-0.000000,-0.000000,-0.000000,-21.474510,4.401324,0.059278,0.627139,119.731391,1,1,1
1783970871.814379,-0.574291,0.251979,-19.367025,-0.000000,-0.000000,-0.000000,-21.474510,4.401324,0.059278,0.627139,119.731391,1,1,1
1783970871.864368,-0.574291,0.251979,-19.367025,-0.000000,-0.000000,-0.000000,-21.474510,4.401324,0.059278,0.627139,119.731391,1,1,1
1783970871.914461,-0.574284,0.251971,-19.367024,-0.000000,-0.000000,-0.000000,-21.474500,4.401323,0.059268,0.627130,119.731401,1,1,1
1783970871.964712,-0.574285,0.251970,-19.367087,-0.000000,-0.000000,-0.000000,-21.474500,4.401321,0.059258,0.627130,119.731403,1,1,1
1783970872.014457,-0.574285,0.251970,-19.367165,-0.000000,-0.000000,-0.000000,-21.474500,4.401321,0.059249,0.627130,119.731403,1,1,1
1783970872.064439,-0.574286,0.251969,-19.367332,-0.000000,-0.000000,-0.000000,-21.474500,4.401320,0.059240,0.627130,119.731404,1,1,1
1783970872.114403,-0.574286,0.251969,-19.367332,-0.000000,-0.000000,-0.000000,-21.474500,4.401320,0.059240,0.627130,119.731404,1,1,1
1783970872.164440,-0.574286,0.251969,-19.367457,-0.000000,-0.000000,-0.000000,-21.474500,4.401320,0.059232,0.627130,119.731404,1,1,1
1783970872.214342,-0.574286,0.251968,-19.367374,-0.000000,-0.000000,-0.000000,-21.474500,4.401319,0.059224,0.627131,119.731405,1,1,1
1783970872.264394,-0.574287,0.251968,-19.367316,-0.000000,-0.000000,-0.000000,-21.474500,4.401318,0.059217,0.627131,119.731406,1,1,1
1783970872.314579,-0.574287,0.251968,-19.367316,-0.000000,-0.000000,-0.000000,-21.474500,4.401318,0.059217,0.627131,119.731406,1,1,1
1783970872.364581,-0.574280,0.251960,-19.367264,-0.000000,-0.000000,-0.000000,-21.474490,4.401317,0.059211,0.627122,119.731416,1,1,1
1783970872.414807,-0.574280,0.251960,-19.367264,-0.000000,-0.000000,-0.000000,-21.474490,4.401317,0.059211,0.627122,119.731416,1,1,1
1783970872.464588,-0.574281,0.251959,-19.367257,-0.000000,-0.000000,-0.000000,-21.474490,4.401315,0.059197,0.627122,119.731418,1,1,1
1783970872.514656,-0.574281,0.251959,-19.367257,-0.000000,-0.000000,-0.000000,-21.474490,4.401315,0.059197,0.627122,119.731418,1,1,1
1783970872.564415,-0.574281,0.251959,-19.367432,-0.000000,-0.000000,-0.000000,-21.474490,4.401315,0.059188,0.627122,119.731418,1,1,1
1783970872.614598,-0.574281,0.251959,-19.367432,-0.000000,-0.000000,-0.000000,-21.474490,4.401315,0.059188,0.627122,119.731418,1,1,1
1783970872.664353,-0.574281,0.251960,-19.367660,-0.000000,-0.000000,-0.000000,-21.474490,4.401316,0.059181,0.627122,119.731419,1,1,1
1783970872.714468,-0.574281,0.251960,-19.367660,-0.000000,-0.000000,-0.000000,-21.474490,4.401316,0.059181,0.627122,119.731419,1,1,1
1783970872.764428,-0.574281,0.251959,-19.367845,-0.000000,-0.000000,-0.000000,-21.474490,4.401315,0.059177,0.627122,119.731420,1,1,1
1783970872.814541,-0.574281,0.251959,-19.367859,-0.000000,-0.000000,-0.000000,-21.474490,4.401315,0.059172,0.627122,119.731420,1,1,1
1783970872.864311,-0.574282,0.251958,-19.367804,-0.000000,-0.000000,-0.000000,-21.474490,4.401314,0.059168,0.627122,119.731421,1,1,1
1783970872.914366,-0.574282,0.251958,-19.367804,-0.000000,-0.000000,-0.000000,-21.474490,4.401314,0.059168,0.627122,119.731421,1,1,1
1783970872.964836,-0.574283,0.251957,-19.367637,-0.000000,-0.000000,-0.000000,-21.474490,4.401313,0.059164,0.627123,119.731422,1,1,1
1783970873.014653,-0.574276,0.251950,-19.367481,-0.000000,-0.000000,-0.000000,-21.474480,4.401312,0.059160,0.627113,119.731432,1,1,1
1783970873.064386,-0.574276,0.251950,-19.367429,-0.000000,-0.000000,-0.000000,-21.474480,4.401312,0.059157,0.627113,119.731432,1,1,1
1783970873.114375,-0.574276,0.251950,-19.367429,-0.000000,-0.000000,-0.000000,-21.474480,4.401312,0.059157,0.627113,119.731432,1,1,1
1783970873.164547,-0.574277,0.251949,-19.367156,-0.000000,-0.000000,-0.000000,-21.474480,4.401310,0.059154,0.627114,119.731434,1,1,1
1783970873.214438,-0.574278,0.251948,-19.366989,-0.000000,-0.000000,-0.000000,-21.474480,4.401309,0.059151,0.627114,119.731435,1,1,1
1783970873.264480,-0.574278,0.251948,-19.366889,-0.000000,-0.000000,-0.000000,-21.474480,4.401309,0.059148,0.627114,119.731435,1,1,1
1783970873.314370,-0.574278,0.251948,-19.366889,-0.000000,-0.000000,-0.000000,-21.474480,4.401309,0.059148,0.627114,119.731435,1,1,1
1783970873.364378,-0.574278,0.251947,-19.366645,-0.000000,-0.000000,-0.000000,-21.474480,4.401308,0.059143,0.627115,119.731436,1,1,1
1783970873.414442,-0.574278,0.251947,-19.366612,-0.000000,-0.000000,-0.000000,-21.474480,4.401308,0.059141,0.627115,119.731436,1,1,1
1783970873.464586,-0.574278,0.251947,-19.366612,-0.000000,-0.000000,-0.000000,-21.474480,4.401308,0.059141,0.627115,119.731436,1,1,1
1783970873.514361,-0.574279,0.251946,-19.366624,-0.000000,-0.000000,-0.000000,-21.474480,4.401307,0.059139,0.627115,119.731437,1,1,1
1783970873.564352,-0.574279,0.251946,-19.366624,-0.000000,-0.000000,-0.000000,-21.474480,4.401307,0.059137,0.627115,119.731437,1,1,1
1783970873.614775,-0.574279,0.251946,-19.366528,-0.000000,-0.000000,-0.000000,-21.474480,4.401307,0.059137,0.627115,119.731437,1,1,1
1783970873.664489,-0.574271,0.251940,-19.366320,-0.000000,-0.000000,-0.000000,-21.474470,4.401307,0.059135,0.627105,119.731447,1,1,1
1783970873.714335,-0.574271,0.251940,-19.366095,-0.000000,-0.000000,-0.000000,-21.474470,4.401307,0.059133,0.627105,119.731447,1,1,1
1783970873.764340,-0.574272,0.251939,-19.365978,-0.000000,-0.000000,-0.000000,-21.474470,4.401306,0.059131,0.627106,119.731448,1,1,1
1783970873.814437,-0.574272,0.251939,-19.365978,-0.000000,-0.000000,-0.000000,-21.474470,4.401306,0.059131,0.627106,119.731448,1,1,1
1783970873.864696,-0.574272,0.251939,-19.366018,-0.000000,-0.000000,-0.000000,-21.474470,4.401306,0.059128,0.627106,119.731448,1,1,1
1783970873.914372,-0.574272,0.251939,-19.366018,-0.000000,-0.000000,-0.000000,-21.474470,4.401306,0.059128,0.627106,119.731448,1,1,1
1783970873.964429,-0.574272,0.251938,-19.365900,-0.000000,-0.000000,-0.000000,-21.474470,4.401305,0.059126,0.627106,119.731449,1,1,1
1783970874.014453,-0.574272,0.251938,-19.365900,-0.000000,-0.000000,-0.000000,-21.474470,4.401305,0.059126,0.627106,119.731449,1,1,1
1783970874.064403,-0.574273,0.251937,-19.365720,-0.000000,-0.000000,-0.000000,-21.474470,4.401304,0.059125,0.627106,119.731450,1,1,1
1783970874.114380,-0.574273,0.251937,-19.365484,-0.000000,-0.000000,-0.000000,-21.474470,4.401304,0.059124,0.627106,119.731450,1,1,1
1783970874.164335,-0.574274,0.251937,-19.365419,-0.000000,-0.000000,-0.000000,-21.474470,4.401303,0.059122,0.627106,119.731451,1,1,1
1783970874.214475,-0.574274,0.251937,-19.365419,-0.000000,-0.000000,-0.000000,-21.474470,4.401303,0.059122,0.627106,119.731451,1,1,1
1783970874.264543,-0.574274,0.251937,-19.365331,-0.000000,-0.000000,-0.000000,-21.474470,4.401303,0.059121,0.627106,119.731451,1,1,1
1783970874.314360,-0.574274,0.251937,-19.365222,-0.000000,-0.000000,-0.000000,-21.474470,4.401303,0.059120,0.627106,119.731451,1,1,1
1783970874.364337,-0.574274,0.251937,-19.365222,-0.000000,-0.000000,-0.000000,-21.474470,4.401303,0.059120,0.627106,119.731451,1,1,1
1783970874.414501,-0.574266,0.251930,-19.365203,-0.000000,-0.000000,-0.000000,-21.474460,4.401303,0.059119,0.627097,119.731461,1,1,1
1783970874.464449,-0.574266,0.251930,-19.365293,-0.000000,-0.000000,-0.000000,-21.474460,4.401303,0.059118,0.627097,119.731461,1,1,1
1783970874.514350,-0.574266,0.251930,-19.365286,-0.000000,-0.000000,-0.000000,-21.474460,4.401303,0.059118,0.627097,119.731461,1,1,1
1783970874.564332,-0.574267,0.251930,-19.365267,-0.000000,-0.000000,-0.000000,-21.474460,4.401302,0.059117,0.627097,119.731462,1,1,1
1783970874.614343,-0.574267,0.251929,-19.365119,-0.000000,-0.000000,-0.000000,-21.474460,4.401301,0.059116,0.627097,119.731463,1,1,1
1783970874.664343,-0.574267,0.251929,-19.365119,-0.000000,-0.000000,-0.000000,-21.474460,4.401301,0.059116,0.627097,119.731463,1,1,1
1783970874.714598,-0.574267,0.251929,-19.364847,-0.000000,-0.000000,-0.000000,-21.474460,4.401301,0.059115,0.627097,119.731463,1,1,1
1783970874.764485,-0.574267,0.251929,-19.364847,-0.000000,-0.000000,-0.000000,-21.474460,4.401301,0.059115,0.627097,119.731463,1,1,1
1783970874.814379,-0.574268,0.251928,-19.364676,-0.000000,-0.000000,-0.000000,-21.474460,4.401300,0.059114,0.627098,119.731464,1,1,1
1783970874.864378,-0.574268,0.251928,-19.364676,-0.000000,-0.000000,-0.000000,-21.474460,4.401300,0.059114,0.627098,119.731464,1,1,1
1783970874.914478,-0.574269,0.251927,-19.364421,-0.000000,-0.000000,-0.000000,-21.474460,4.401299,0.059114,0.627098,119.731465,1,1,1
1783970874.964637,-0.574269,0.251927,-19.364332,-0.000000,-0.000000,-0.000000,-21.474460,4.401299,0.059113,0.627098,119.731465,1,1,1
1783970875.014410,-0.574269,0.251927,-19.364137,-0.000000,-0.000000,-0.000000,-21.474460,4.401299,0.059112,0.627098,119.731465,1,1,1
1783970875.064564,-0.574269,0.251927,-19.364137,-0.000000,-0.000000,-0.000000,-21.474460,4.401299,0.059112,0.627098,119.731465,1,1,1
1783970875.114514,-0.574269,0.251926,-19.364011,-0.000000,-0.000000,-0.000000,-21.474460,4.401298,0.059112,0.627098,119.731466,1,1,1
1783970875.164441,-0.574269,0.251926,-19.363807,-0.000000,-0.000000,-0.000000,-21.474460,4.401298,0.059111,0.627098,119.731466,1,1,1
1783970875.214355,-0.574269,0.251926,-19.363807,-0.000000,-0.000000,-0.000000,-21.474460,4.401298,0.059111,0.627098,119.731466,1,1,1
1783970875.264336,-0.574262,0.251919,-19.363357,-0.000000,-0.000000,-0.000000,-21.474450,4.401297,0.059111,0.627089,119.731477,1,1,1
1783970875.314329,-0.574262,0.251919,-19.363357,-0.000000,-0.000000,-0.000000,-21.474450,4.401297,0.059111,0.627089,119.731477,1,1,1
1783970875.364513,-0.574262,0.251919,-19.363276,-0.000000,-0.000000,-0.000000,-21.474450,4.401297,0.059110,0.627089,119.731477,1,1,1
1783970875.414477,-0.574263,0.251919,-19.363091,-0.000000,-0.000000,-0.000000,-21.474450,4.401296,0.059110,0.627089,119.731478,1,1,1
1783970875.464370,-0.574263,0.251919,-19.363023,-0.000000,-0.000000,-0.000000,-21.474450,4.401296,0.059110,0.627089,119.731478,1,1,1
1783970875.514368,-0.574264,0.251918,-19.362933,-0.000000,-0.000000,-0.000000,-21.474450,4.401295,0.059109,0.627089,119.731479,1,1,1
1783970875.564389,-0.574263,0.251919,-19.362981,-0.000000,-0.000000,-0.000000,-21.474450,4.401296,0.059109,0.627089,119.731480,1,1,1
1783970875.614454,-0.574263,0.251919,-19.362981,-0.000000,-0.000000,-0.000000,-21.474450,4.401296,0.059109,0.627089,119.731480,1,1,1
1783970875.664340,-0.574264,0.251918,-19.362877,-0.000000,-0.000000,-0.000000,-21.474450,4.401295,0.059109,0.627089,119.731481,1,1,1
1783970875.714348,-0.574264,0.251918,-19.362798,-0.000000,-0.000000,-0.000000,-21.474450,4.401295,0.059108,0.627089,119.731481,1,1,1
1783970875.764363,-0.574264,0.251918,-19.362798,-0.000000,-0.000000,-0.000000,-21.474450,4.401295,0.059108,0.627089,119.731481,1,1,1
1783970875.814930,-0.574264,0.251918,-19.362788,-0.000000,-0.000000,-0.000000,-21.474450,4.401295,0.059108,0.627089,119.731481,1,1,1
1783970875.864604,-0.574264,0.251918,-19.362695,-0.000000,-0.000000,-0.000000,-21.474450,4.401295,0.059108,0.627089,119.731481,1,1,1
1783970875.914375,-0.574264,0.251918,-19.362813,-0.000000,-0.000000,-0.000000,-21.474450,4.401295,0.059108,0.627089,119.731481,1,1,1
1783970875.964395,-0.574264,0.251918,-19.362813,-0.000000,-0.000000,-0.000000,-21.474450,4.401295,0.059108,0.627089,119.731481,1,1,1
1783970876.014372,-0.574247,0.251906,-19.362839,-0.000000,-0.000000,-0.000000,-21.474430,4.401297,0.059108,0.627070,119.731501,1,1,1
1783970876.064374,-0.574246,0.251907,-19.362816,-0.000000,-0.000000,-0.000000,-21.474430,4.401298,0.059107,0.627069,119.731502,1,1,1
1783970876.114626,-0.574246,0.251907,-19.362816,-0.000000,-0.000000,-0.000000,-21.474430,4.401298,0.059107,0.627069,119.731502,1,1,1
1783970876.164373,-0.574246,0.251907,-19.362909,-0.000000,-0.000000,-0.000000,-21.474430,4.401298,0.059107,0.627069,119.731502,1,1,1
1783970876.214356,-0.574246,0.251907,-19.362909,-0.000000,-0.000000,-0.000000,-21.474430,4.401298,0.059107,0.627069,119.731502,1,1,1
1783970876.264366,-0.574246,0.251907,-19.362703,-0.000000,-0.000000,-0.000000,-21.474430,4.401298,0.059107,0.627069,119.731502,1,1,1
1783970876.314357,-0.574246,0.251907,-19.362763,-0.000000,-0.000000,-0.000000,-21.474430,4.401298,0.059107,0.627069,119.731502,1,1,1
1783970876.364371,-0.574246,0.251907,-19.362764,-0.000000,-0.000000,-0.000000,-21.474430,4.401298,0.059106,0.627069,119.731502,1,1,1
1783970876.414375,-0.574246,0.251907,-19.362764,-0.000000,-0.000000,-0.000000,-21.474430,4.401298,0.059106,0.627069,119.731502,1,1,1
1783970876.464299,-0.574246,0.251907,-19.362740,-0.000000,-0.000000,-0.000000,-21.474430,4.401298,0.059106,0.627069,119.731502,1,1,1
1783970876.514370,-0.574246,0.251907,-19.362707,-0.000000,-0.000000,-0.000000,-21.474430,4.401298,0.059106,0.627069,119.731502,1,1,1
1783970876.564409,-0.574246,0.251908,-19.362730,-0.000000,-0.000000,-0.000000,-21.474430,4.401299,0.059106,0.627069,119.731503,1,1,1
1783970876.614634,-0.574246,0.251908,-19.362730,-0.000000,-0.000000,-0.000000,-21.474430,4.401299,0.059106,0.627069,119.731503,1,1,1
1783970876.664357,-0.574246,0.251908,-19.362733,-0.000000,-0.000000,-0.000000,-21.474430,4.401299,0.059106,0.627069,119.731503,1,1,1
1783970876.714376,-0.574246,0.251908,-19.362733,-0.000000,-0.000000,-0.000000,-21.474430,4.401299,0.059106,0.627069,119.731503,1,1,1
1783970876.764283,-0.574246,0.251908,-19.362824,-0.000000,-0.000000,-0.000000,-21.474430,4.401299,0.059106,0.627069,119.731503,1,1,1
1783970876.814362,-0.574246,0.251908,-19.362837,-0.000000,-0.000000,-0.000000,-21.474430,4.401299,0.059106,0.627069,119.731503,1,1,1
1783970876.864510,-0.574246,0.251908,-19.362746,-0.000000,-0.000000,-0.000000,-21.474430,4.401299,0.059106,0.627069,119.731503,1,1,1
1783970876.914605,-0.574246,0.251908,-19.362746,-0.000000,-0.000000,-0.000000,-21.474430,4.401299,0.059106,0.627069,119.731503,1,1,1
1783970876.964441,-0.574246,0.251908,-19.362722,-0.000000,-0.000000,-0.000000,-21.474430,4.401299,0.059106,0.627069,119.731503,1,1,1
1783970877.014354,-0.574246,0.251908,-19.362724,-0.000000,-0.000000,-0.000000,-21.474430,4.401299,0.059106,0.627069,119.731503,1,1,1
1783970877.064365,-0.574246,0.251908,-19.362724,-0.000000,-0.000000,-0.000000,-21.474430,4.401299,0.059106,0.627069,119.731503,1,1,1
1783970877.114596,-0.574246,0.251908,-19.362759,-0.000000,-0.000000,-0.000000,-21.474430,4.401299,0.059105,0.627069,119.731503,1,1,1
1783970877.164408,-0.574246,0.251908,-19.362829,-0.000000,-0.000000,-0.000000,-21.474430,4.401299,0.059105,0.627069,119.731503,1,1,1
1783970877.214354,-0.574246,0.251908,-19.362829,-0.000000,-0.000000,-0.000000,-21.474430,4.401299,0.059105,0.627069,119.731503,1,1,1
1783970877.264393,-0.574246,0.251908,-19.362829,-0.000000,-0.000000,-0.000000,-21.474430,4.401299,0.059105,0.627069,119.731503,1,1,1
1783970877.315013,-0.574246,0.251908,-19.362795,-0.000000,-0.000000,-0.000000,-21.474430,4.401299,0.059105,0.627069,119.731503,1,1,1
1783970877.364561,-0.574246,0.251908,-19.362913,-0.000000,-0.000000,-0.000000,-21.474430,4.401299,0.059105,0.627069,119.731503,1,1,1
1783970877.414593,-0.574246,0.251908,-19.362913,-0.000000,-0.000000,-0.000000,-21.474430,4.401299,0.059105,0.627069,119.731503,1,1,1
1783970877.464459,-0.574253,0.251914,-19.362947,-0.000000,-0.000000,-0.000000,-21.474440,4.401299,0.059105,0.627079,119.731513,1,1,1
1783970877.514378,-0.574253,0.251914,-19.362947,-0.000000,-0.000000,-0.000000,-21.474440,4.401299,0.059105,0.627079,119.731513,1,1,1
1783970877.564437,-0.574253,0.251914,-19.362994,-0.000000,-0.000000,-0.000000,-21.474440,4.401299,0.059105,0.627079,119.731513,1,1,1
1783970877.614574,-0.574246,0.251908,-19.362736,-0.000000,-0.000000,-0.000000,-21.474430,4.401299,0.059105,0.627069,119.731523,1,1,1
1783970877.664404,-0.574246,0.251908,-19.362736,-0.000000,-0.000000,-0.000000,-21.474430,4.401299,0.059105,0.627069,119.731523,1,1,1
1783970877.714378,-0.574246,0.251908,-19.362736,-0.000000,-0.000000,-0.000000,-21.474430,4.401299,0.059105,0.627069,119.731523,1,1,1
1783970877.764368,-0.574246,0.251908,-19.362761,-0.000000,-0.000000,-0.000000,-21.474430,4.401299,0.059105,0.627069,119.731523,1,1,1
1783970877.814429,-0.574246,0.251908,-19.362748,-0.000000,-0.000000,-0.000000,-21.474430,4.401299,0.059105,0.627069,119.731523,1,1,1
1783970877.864354,-0.574207,0.251876,-19.362739,-0.000000,-0.000000,-0.000000,-21.474380,4.401299,0.059105,0.627021,119.731573,1,1,1
1783970877.914323,-0.574184,0.251857,-19.362796,-0.000000,-0.000000,-0.000000,-21.474350,4.401299,0.059105,0.626992,119.731603,1,1,1
1783970877.964464,-0.574184,0.251857,-19.362796,-0.000000,-0.000000,-0.000000,-21.474350,4.401299,0.059105,0.626992,119.731603,1,1,1
1783970878.014384,-0.574184,0.251857,-19.362796,-0.000000,-0.000000,-0.000000,-21.474350,4.401299,0.059105,0.626992,119.731603,1,1,1
1783970878.064626,-0.574184,0.251857,-19.362796,-0.000000,-0.000000,-0.000000,-21.474350,4.401299,0.059105,0.626992,119.731603,1,1,1
1783970878.114381,-0.574184,0.251857,-19.362787,-0.000000,-0.000000,-0.000000,-21.474350,4.401299,0.059105,0.626992,119.731603,1,1,1
1783970878.164400,-0.574184,0.251857,-19.362796,-0.000000,-0.000000,-0.000000,-21.474350,4.401299,0.059105,0.626992,119.731603,1,1,1
1783970878.214631,-0.574184,0.251857,-19.362796,-0.000000,-0.000000,-0.000000,-21.474350,4.401299,0.059105,0.626992,119.731603,1,1,1
1783970878.264548,-0.574184,0.251857,-19.362785,-0.000000,-0.000000,-0.000000,-21.474350,4.401299,0.059105,0.626992,119.731603,1,1,1
1783970878.314478,-0.574184,0.251857,-19.362799,-0.000000,-0.000000,-0.000000,-21.474350,4.401306,0.059105,0.626990,119.731610,1,1,1
1783970878.364365,-0.574180,0.251862,-19.362774,-0.000000,-0.000000,-0.000000,-21.474350,4.401306,0.059105,0.626990,119.731610,1,1,1
1783970878.414397,-0.574178,0.251864,-19.362788,-0.000000,-0.000000,-0.000000,-21.474350,4.401309,0.059105,0.626990,119.731613,1,1,1
1783970878.464890,-0.574178,0.251864,-19.362788,-0.000000,-0.000000,-0.000000,-21.474350,4.401309,0.059105,0.626990,119.731613,1,1,1
1783970878.514369,-0.574178,0.251864,-19.362833,-0.000000,-0.000000,-0.000000,-21.474350,4.401309,0.059105,0.626990,119.731613,1,1,1
1783970878.564353,-0.574178,0.251864,-19.362833,-0.000000,-0.000000,-0.000000,-21.474350,4.401309,0.059105,0.626990,119.731613,1,1,1
1783970878.614381,-0.574178,0.251864,-19.362833,-0.000000,-0.000000,-0.000000,-21.474350,4.401309,0.059105,0.626990,119.731613,1,1,1
1783970878.664898,-0.574178,0.251864,-19.362799,-0.000000,-0.000000,-0.000000,-21.474350,4.401309,0.059105,0.626990,119.731613,1,1,1
1783970878.714455,-0.574178,0.251864,-19.362786,-0.000000,-0.000000,-0.000000,-21.474350,4.401309,0.059105,0.626990,119.731613,1,1,1
1783970878.764380,-0.574178,0.251864,-19.362786,-0.000000,-0.000000,-0.000000,-21.474350,4.401309,0.059104,0.626990,119.731613,1,1,1
1783970878.814388,-0.574178,0.251864,-19.362833,-0.000000,-0.000000,-0.000000,-21.474350,4.401309,0.059104,0.626990,119.731613,1,1,1
1783970878.864337,-0.574178,0.251864,-19.362869,-0.000000,-0.000000,-0.000000,-21.474350,4.401309,0.059104,0.626990,119.731613,1,1,1
1783970878.915112,-0.574178,0.251864,-19.362869,-0.000000,-0.000000,-0.000000,-21.474350,4.401309,0.059104,0.626990,119.731613,1,1,1
1783970878.964428,-0.574178,0.251864,-19.362869,-0.000000,-0.000000,-0.000000,-21.474350,4.401309,0.059104,0.626990,119.731613,1,1,1
1783970879.014481,-0.574178,0.251864,-19.362833,-0.000000,-0.000000,-0.000000,-21.474350,4.401309,0.059104,0.626990,119.731613,1,1,1
1783970879.064537,-0.574178,0.251864,-19.362858,-0.000000,-0.000000,-0.000000,-21.474350,4.401309,0.059104,0.626990,119.731613,1,1,1
1783970879.114354,-0.574178,0.251864,-19.362858,-0.000000,-0.000000,-0.000000,-21.474350,4.401309,0.059104,0.626990,119.731613,1,1,1
1783970879.164318,-0.574178,0.251864,-19.362858,-0.000000,-0.000000,-0.000000,-21.474350,4.401309,0.059104,0.626990,119.731613,1,1,1
1783970879.214444,-0.574178,0.251864,-19.362834,-0.000000,-0.000000,-0.000000,-21.474350,4.401309,0.059104,0.626990,119.731613,1,1,1
1783970879.264367,-0.574178,0.251864,-19.362856,-0.000000,-0.000000,-0.000000,-21.474350,4.401309,0.059104,0.626990,119.731613,1,1,1
1783970879.314513,-0.574178,0.251864,-19.362708,-0.000000,-0.000000,-0.000000,-21.474350,4.401309,0.059104,0.626990,119.731613,1,1,1
1783970879.364341,-0.574178,0.251864,-19.362636,-0.000000,-0.000000,-0.000000,-21.474350,4.401309,0.059104,0.626990,119.731613,1,1,1
1783970879.414370,-0.574178,0.251864,-19.362555,-0.000000,-0.000000,-0.000000,-21.474350,4.401309,0.059104,0.626990,119.731613,1,1,1
1783970879.464356,-0.574178,0.251864,-19.362555,-0.000000,-0.000000,-0.000000,-21.474350,4.401309,0.059104,0.626990,119.731613,1,1,1
1783970879.514669,-0.574178,0.251864,-19.362564,-0.000000,-0.000000,-0.000000,-21.474350,4.401309,0.059104,0.626990,119.731613,1,1,1
1783970879.564374,-0.574178,0.251864,-19.362564,-0.000000,-0.000000,-0.000000,-21.474350,4.401309,0.059104,0.626990,119.731613,1,1,1
1783970879.614404,-0.574178,0.251864,-19.362555,-0.000000,-0.000000,-0.000000,-21.474350,4.401309,0.059104,0.626990,119.731613,1,1,1
1783970879.664348,-0.574178,0.251864,-19.362555,-0.000000,-0.000000,-0.000000,-21.474350,4.401309,0.059104,0.626990,119.731613,1,1,1
1783970879.714378,-0.574178,0.251864,-19.362600,-0.000000,-0.000000,-0.000000,-21.474350,4.401309,0.059104,0.626990,119.731613,1,1,1
1783970879.764434,-0.574178,0.251864,-19.362625,-0.000000,-0.000000,-0.000000,-21.474350,4.401309,0.059104,0.626990,119.731613,1,1,1
1783970879.814461,-0.574178,0.251864,-19.362625,-0.000000,-0.000000,-0.000000,-21.474350,4.401309,0.059104,0.626990,119.731613,1,1,1
1783970879.864365,-0.574178,0.251864,-19.362625,-0.000000,-0.000000,-0.000000,-21.474350,4.401309,0.059104,0.626990,119.731613,1,1,1
1783970879.914368,-0.574178,0.251864,-19.362636,-0.000000,-0.000000,-0.000000,-21.474350,4.401309,0.059104,0.626990,119.731613,1,1,1
1783970879.964395,-0.574178,0.251864,-19.362636,-0.000000,-0.000000,-0.000000,-21.474350,4.401309,0.059104,0.626990,119.731613,1,1,1
1783970880.014771,-0.574178,0.251864,-19.362625,-0.000000,-0.000000,-0.000000,-21.474350,4.401309,0.059104,0.626990,119.731613,1,1,1
1783970880.064451,-0.574178,0.251864,-19.362625,-0.000000,-0.000000,-0.000000,-21.474350,4.401309,0.059104,0.626990,119.731613,1,1,1
1783970880.114606,-0.574178,0.251864,-19.362625,-0.000000,-0.000000,-0.000000,-21.474350,4.401309,0.059104,0.626990,119.731613,1,1,1
1783970880.164359,-0.574178,0.251864,-19.362625,-0.000000,-0.000000,-0.000000,-21.474350,4.401309,0.059104,0.626990,119.731613,1,1,1
1783970880.214362,-0.574178,0.251864,-19.362625,-0.000000,-0.000000,-0.000000,-21.474350,4.401309,0.059104,0.626990,119.731613,1,1,1
1783970880.264928,-0.574178,0.251864,-19.362636,-0.000000,-0.000000,-0.000000,-21.474350,4.401309,0.059104,0.626990,119.731613,1,1,1
1783970880.314486,-0.574178,0.251864,-19.362636,-0.000000,-0.000000,-0.000000,-21.474350,4.401309,0.059104,0.626990,119.731613,1,1,1
1783970880.364395,-0.574178,0.251864,-19.362636,-0.000000,-0.000000,-0.000000,-21.474350,4.401309,0.059104,0.626990,119.731613,1,1,1
1783970880.414440,-0.574178,0.251864,-19.362636,-0.000000,-0.000000,-0.000000,-21.474350,4.401309,0.059104,0.626990,119.731613,1,1,1
1783970880.465023,-0.574178,0.251864,-19.362636,-0.000000,-0.000000,-0.000000,-21.474350,4.401309,0.059104,0.626990,119.731613,1,1,1
1783970880.514365,-0.574178,0.251864,-19.362636,-0.000000,-0.000000,-0.000000,-21.474350,4.401309,0.059104,0.626990,119.731613,1,1,1
1783970880.564361,-0.574178,0.251864,-19.362648,-0.000000,-0.000000,-0.000000,-21.474350,4.401309,0.059104,0.626990,119.731613,1,1,1
1783970880.614363,-0.574178,0.251864,-19.362648,-0.000000,-0.000000,-0.000000,-21.474350,4.401309,0.059104,0.626990,119.731613,1,1,1
1783970880.664454,-0.574178,0.251864,-19.362623,-0.000000,-0.000000,-0.000000,-21.474350,4.401309,0.059104,0.626990,119.731613,1,1,1
1783970880.714428,-0.574178,0.251864,-19.362637,-0.000000,-0.000000,-0.000000,-21.474350,4.401309,0.059104,0.626990,119.731613,1,1,1
1783970880.764305,-0.574178,0.251864,-19.362614,-0.000000,-0.000000,-0.000000,-21.474350,4.401309,0.059104,0.626990,119.731613,1,1,1
1783970880.814405,-0.574178,0.251864,-19.362614,-0.000000,-0.000000,-0.000000,-21.474350,4.401309,0.059104,0.626990,119.731613,1,1,1
1783970880.864477,-0.574178,0.251864,-19.362522,-0.000000,-0.000000,-0.000000,-21.474350,4.401309,0.059104,0.626990,119.731613,1,1,1
1783970880.914458,-0.574178,0.251864,-19.362520,-0.000000,-0.000000,-0.000000,-21.474350,4.401309,0.059104,0.626990,119.731613,1,1,1
1783970880.964338,-0.574178,0.251864,-19.362484,-0.000000,-0.000000,-0.000000,-21.474350,4.401309,0.059104,0.626990,119.731613,1,1,1
1783970881.014395,-0.574178,0.251864,-19.362484,-0.000000,-0.000000,-0.000000,-21.474350,4.401309,0.059104,0.626990,119.731613,1,1,1
1783970881.064523,-0.574178,0.251864,-19.362506,-0.000000,-0.000000,-0.000000,-21.474350,4.401309,0.059104,0.626990,119.731613,1,1,1
1783970881.114431,-0.574178,0.251864,-19.362556,-0.000000,-0.000000,-0.000000,-21.474350,4.401309,0.059104,0.626990,119.731613,1,1,1
1783970881.164412,-0.574178,0.251864,-19.362533,-0.000000,-0.000000,-0.000000,-21.474350,4.401309,0.059104,0.626990,119.731613,1,1,1
1783970881.215036,-0.574178,0.251864,-19.362533,-0.000000,-0.000000,-0.000000,-21.474350,4.401309,0.059104,0.626990,119.731613,1,1,1
1783970881.264380,-0.574178,0.251864,-19.362533,-0.000000,-0.000000,-0.000000,-21.474350,4.401309,0.059104,0.626990,119.731613,1,1,1
1783970881.314355,-0.574178,0.251864,-19.362544,-0.000000,-0.000000,-0.000000,-21.474350,4.401309,0.059104,0.626990,119.731613,1,1,1
1783970881.364968,-0.574178,0.251864,-19.362544,-0.000000,-0.000000,-0.000000,-21.474350,4.401309,0.059104,0.626990,119.731613,1,1,1
1783970881.414435,-0.574178,0.251864,-19.362544,-0.000000,-0.000000,-0.000000,-21.474350,4.401309,0.059104,0.626990,119.731613,1,1,1
1783970881.464339,-0.574178,0.251864,-19.362531,-0.000000,-0.000000,-0.000000,-21.474350,4.401309,0.059104,0.626990,119.731613,1,1,1
1783970881.514986,-0.574178,0.251864,-19.362531,-0.000000,-0.000000,-0.000000,-21.474350,4.401309,0.059104,0.626990,119.731613,1,1,1
1783970881.564953,-0.574178,0.251864,-19.362473,-0.000000,-0.000000,-0.000000,-21.474350,4.401309,0.059104,0.626990,119.731613,1,1,1
1783970881.614890,-0.574178,0.251864,-19.362473,-0.000000,-0.000000,-0.000000,-21.474350,4.401309,0.059104,0.626990,119.731613,1,1,1
1783970881.664379,-0.574178,0.251864,-19.362473,-0.000000,-0.000000,-0.000000,-21.474350,4.401309,0.059104,0.626990,119.731613,1,1,1
1783970881.714642,-0.574178,0.251864,-19.362473,-0.000000,-0.000000,-0.000000,-21.474350,4.401309,0.059104,0.626990,119.731613,1,1,1
1783970881.764455,-0.574178,0.251864,-19.362473,-0.000000,-0.000000,-0.000000,-21.474350,4.401309,0.059104,0.626990,119.731613,1,1,1
1783970881.814357,-0.574179,0.251863,-19.362426,-0.000000,-0.000000,-0.000000,-21.474350,4.401308,0.059104,0.626990,119.731614,1,1,1
1783970881.864399,-0.574179,0.251863,-19.362426,-0.000000,-0.000000,-0.000000,-21.474350,4.401308,0.059104,0.626990,119.731614,1,1,1
1783970881.914597,-0.574179,0.251863,-19.362428,-0.000000,-0.000000,-0.000000,-21.474350,4.401308,0.059104,0.626990,119.731614,1,1,1
1783970881.964526,-0.574178,0.251864,-19.362473,-0.000000,-0.000000,-0.000000,-21.474350,4.401309,0.059104,0.626990,119.731615,1,1,1
1783970882.014593,-0.574178,0.251864,-19.362473,-0.000000,-0.000000,-0.000000,-21.474350,4.401309,0.059104,0.626990,119.731615,1,1,1
1783970882.064375,-0.574178,0.251864,-19.362473,-0.000000,-0.000000,-0.000000,-21.474350,4.401309,0.059104,0.626990,119.731615,1,1,1
1783970882.115016,-0.574178,0.251864,-19.362473,-0.000000,-0.000000,-0.000000,-21.474350,4.401309,0.059104,0.626990,119.731615,1,1,1
1783970882.164567,-0.574178,0.251864,-19.362473,-0.000000,-0.000000,-0.000000,-21.474350,4.401309,0.059104,0.626990,119.731615,1,1,1
1783970882.214442,-0.574178,0.251864,-19.362473,-0.000000,-0.000000,-0.000000,-21.474350,4.401309,0.059104,0.626990,119.731615,1,1,1
1783970882.265305,-0.574178,0.251864,-19.362473,-0.000000,-0.000000,-0.000000,-21.474350,4.401309,0.059104,0.626990,119.731615,1,1,1
1783970882.314340,-0.574178,0.251864,-19.362623,-0.000000,-0.000000,-0.000000,-21.474350,4.401309,0.059104,0.626990,119.731615,1,1,1
1783970882.364825,-0.574178,0.251864,-19.362623,-0.000000,-0.000000,-0.000000,-21.474350,4.401309,0.059104,0.626990,119.731615,1,1,1
1783970882.414368,-0.574178,0.251864,-19.362625,-0.000000,-0.000000,-0.000000,-21.474350,4.401309,0.059104,0.626990,119.731615,1,1,1
1783970882.464349,-0.574178,0.251864,-19.362623,-0.000000,-0.000000,-0.000000,-21.474350,4.401309,0.059104,0.626990,119.731615,1,1,1
1783970882.515200,-0.574178,0.251864,-19.362637,-0.000000,-0.000000,-0.000000,-21.474350,4.401309,0.059104,0.626990,119.731615,1,1,1
1783970882.564468,-0.574178,0.251864,-19.362637,-0.000000,-0.000000,-0.000000,-21.474350,4.401309,0.059104,0.626990,119.731615,1,1,1
1783970882.614367,-0.574178,0.251864,-19.362637,-0.000000,-0.000000,-0.000000,-21.474350,4.401309,0.059104,0.626990,119.731615,1,1,1
1783970882.664725,-0.574178,0.251864,-19.362625,-0.000000,-0.000000,-0.000000,-21.474350,4.401309,0.059104,0.626990,119.731615,1,1,1
1783970882.714361,-0.574178,0.251864,-19.362614,-0.000000,-0.000000,-0.000000,-21.474350,4.401309,0.059104,0.626990,119.731615,1,1,1
1783970882.764364,-0.574178,0.251864,-19.362614,-0.000000,-0.000000,-0.000000,-21.474350,4.401309,0.059104,0.626990,119.731615,1,1,1
1783970882.814356,-0.574178,0.251864,-19.362612,-0.000000,-0.000000,-0.000000,-21.474350,4.401309,0.059104,0.626990,119.731615,1,1,1
1783970882.865089,-0.574178,0.251864,-19.362612,-0.000000,-0.000000,-0.000000,-21.474350,4.401309,0.059104,0.626990,119.731615,1,1,1
1783970882.916786,-0.574178,0.251864,-19.362637,-0.000000,-0.000000,-0.000000,-21.474350,4.401309,0.059104,0.626990,119.731615,1,1,1
1783970882.964404,-0.574178,0.251864,-19.362637,-0.000000,-0.000000,-0.000000,-21.474350,4.401309,0.059104,0.626990,119.731615,1,1,1
1783970883.015165,-0.574178,0.251864,-19.362614,-0.000000,-0.000000,-0.000000,-21.474350,4.401309,0.059104,0.626990,119.731615,1,1,1
1783970883.064462,-0.574178,0.251864,-19.362614,-0.000000,-0.000000,-0.000000,-21.474350,4.401309,0.059104,0.626990,119.731615,1,1,1
1783970883.115062,-0.574178,0.251864,-19.362648,-0.000000,-0.000000,-0.000000,-21.474350,4.401309,0.059104,0.626990,119.731615,1,1,1
1783970883.164498,-0.574178,0.251864,-19.362648,-0.000000,-0.000000,-0.000000,-21.474350,4.401309,0.059104,0.626990,119.731615,1,1,1
1783970883.214426,-0.574178,0.251864,-19.362648,-0.000000,-0.000000,-0.000000,-21.474350,4.401309,0.059104,0.626990,119.731615,1,1,1
1783970883.264449,-0.574178,0.251864,-19.362625,-0.000000,-0.000000,-0.000000,-21.474350,4.401309,0.059104,0.626990,119.731615,1,1,1
1783970883.314501,-0.574178,0.251864,-19.362603,-0.000000,-0.000000,-0.000000,-21.474350,4.401309,0.059104,0.626990,119.731615,1,1,1
1783970883.364352,-0.574178,0.251864,-19.362603,-0.000000,-0.000000,-0.000000,-21.474350,4.401309,0.059104,0.626990,119.731615,1,1,1
1783970883.414276,-0.574178,0.251864,-19.362612,-0.000000,-0.000000,-0.000000,-21.474350,4.401309,0.059104,0.626990,119.731615,1,1,1
1783970883.464433,-0.574178,0.251864,-19.362612,-0.000000,-0.000000,-0.000000,-21.474350,4.401309,0.059104,0.626990,119.731615,1,1,1
1783970883.514548,-0.574178,0.251864,-19.362625,-0.000000,-0.000000,-0.000000,-21.474350,4.401309,0.059104,0.626990,119.731615,1,1,1
1783970883.564388,-0.574178,0.251864,-19.362625,-0.000000,-0.000000,-0.000000,-21.474350,4.401309,0.059104,0.626990,119.731615,1,1,1
1783970883.614279,-0.574178,0.251864,-19.362612,-0.000000,-0.000000,-0.000000,-21.474350,4.401309,0.059104,0.626990,119.731615,1,1,1
1783970883.664366,-0.574178,0.251864,-19.362637,-0.000000,-0.000000,-0.000000,-21.474350,4.401309,0.059104,0.626990,119.731615,1,1,1
1783970883.714740,-0.574178,0.251864,-19.362637,-0.000000,-0.000000,-0.000000,-21.474350,4.401309,0.059104,0.626990,119.731615,1,1,1
1783970883.764433,-0.574178,0.251864,-19.362637,-0.000000,-0.000000,-0.000000,-21.474350,4.401309,0.059104,0.626990,119.731615,1,1,1
1783970883.814463,-0.574178,0.251864,-19.362637,-0.000000,-0.000000,-0.000000,-21.474350,4.401309,0.059104,0.626990,119.731615,1,1,1
1783970883.865033,-0.574178,0.251864,-19.362637,-0.000000,-0.000000,-0.000000,-21.474350,4.401309,0.059104,0.626990,119.731615,1,1,1
1783970883.914520,-0.574178,0.251864,-19.362614,-0.000000,-0.000000,-0.000000,-21.474350,4.401309,0.059104,0.626990,119.731615,1,1,1
1783970883.964360,-0.574178,0.251864,-19.362637,-0.000000,-0.000000,-0.000000,-21.474350,4.401309,0.059104,0.626990,119.731615,1,1,1
1783970884.014364,-0.574178,0.251864,-19.362614,-0.000000,-0.000000,-0.000000,-21.474350,4.401309,0.059104,0.626990,119.731615,1,1,1
1783970884.064391,-0.574178,0.251864,-19.362614,-0.000000,-0.000000,-0.000000,-21.474350,4.401309,0.059104,0.626990,119.731615,1,1,1
1783970884.114355,-0.574178,0.251864,-19.362592,-0.000000,-0.000000,-0.000000,-21.474350,4.401309,0.059104,0.626990,119.731615,1,1,1
1783970884.164560,-0.574178,0.251864,-19.362592,-0.000000,-0.000000,-0.000000,-21.474350,4.401309,0.059104,0.626990,119.731615,1,1,1
1783970884.215088,-0.574178,0.251864,-19.362592,-0.000000,-0.000000,-0.000000,-21.474350,4.401309,0.059104,0.626990,119.731615,1,1,1
1783970884.264351,-0.574178,0.251864,-19.362592,-0.000000,-0.000000,-0.000000,-21.474350,4.401309,0.059104,0.626990,119.731615,1,1,1
1783970884.314433,-0.574178,0.251864,-19.362578,-0.000000,-0.000000,-0.000000,-21.474350,4.401309,0.059104,0.626990,119.731615,1,1,1
1783970884.365295,-0.574178,0.251864,-19.362578,-0.000000,-0.000000,-0.000000,-21.474350,4.401309,0.059104,0.626990,119.731615,1,1,1
1783970884.414390,-0.574178,0.251864,-19.362578,-0.000000,-0.000000,-0.000000,-21.474350,4.401309,0.059104,0.626990,119.731615,1,1,1
1783970884.464366,-0.574178,0.251864,-19.362614,-0.000000,-0.000000,-0.000000,-21.474350,4.401309,0.059104,0.626990,119.731615,1,1,1
1783970884.514397,-0.574178,0.251864,-19.362614,-0.000000,-0.000000,-0.000000,-21.474350,4.401309,0.059104,0.626990,119.731615,1,1,1
1783970884.564697,-0.574178,0.251864,-19.362556,-0.000000,-0.000000,-0.000000,-21.474350,4.401309,0.059104,0.626990,119.731615,1,1,1
1783970884.614434,-0.574178,0.251864,-19.362520,-0.000000,-0.000000,-0.000000,-21.474350,4.401309,0.059104,0.626990,119.731615,1,1,1
1783970884.664663,-0.574178,0.251864,-19.362626,-0.000000,-0.000000,-0.000000,-21.474350,4.401309,0.059104,0.626990,119.731615,1,1,1
1783970884.714351,-0.574178,0.251864,-19.362626,-0.000000,-0.000000,-0.000000,-21.474350,4.401309,0.059104,0.626990,119.731615,1,1,1
1783970884.764439,-0.574178,0.251864,-19.362590,-0.000000,-0.000000,-0.000000,-21.474350,4.401309,0.059104,0.626990,119.731615,1,1,1
1783970884.814555,-0.574178,0.251864,-19.362578,-0.000000,-0.000000,-0.000000,-21.474350,4.401309,0.059104,0.626990,119.731615,1,1,1
1783970884.864362,-0.574178,0.251864,-19.362626,-0.000000,-0.000000,-0.000000,-21.474350,4.401309,0.059104,0.626990,119.731615,1,1,1
1783970884.914356,-0.574178,0.251864,-19.362626,-0.000000,-0.000000,-0.000000,-21.474350,4.401309,0.059104,0.626990,119.731615,1,1,1
1783970884.965021,-0.574178,0.251864,-19.362603,-0.000000,-0.000000,-0.000000,-21.474350,4.401309,0.059104,0.626990,119.731615,1,1,1
1783970885.014454,-0.574178,0.251864,-19.362603,-0.000000,-0.000000,-0.000000,-21.474350,4.401309,0.059104,0.626990,119.731615,1,1,1
1783970885.064520,-0.574178,0.251864,-19.362612,-0.000000,-0.000000,-0.000000,-21.474350,4.401309,0.059104,0.626990,119.731615,1,1,1
1783970885.114407,-0.574178,0.251864,-19.362612,-0.000000,-0.000000,-0.000000,-21.474350,4.401309,0.059104,0.626990,119.731615,1,1,1
1783970885.164491,-0.574178,0.251864,-19.362625,-0.000000,-0.000000,-0.000000,-21.474350,4.401309,0.059104,0.626990,119.731615,1,1,1
1783970885.214361,-0.574178,0.251864,-19.362625,-0.000000,-0.000000,-0.000000,-21.474350,4.401309,0.059104,0.626990,119.731615,1,1,1
1783970885.264402,-0.574178,0.251864,-19.362625,-0.000000,-0.000000,-0.000000,-21.474350,4.401309,0.059104,0.626990,119.731615,1,1,1
1783970885.314693,-0.574178,0.251864,-19.362625,-0.000000,-0.000000,-0.000000,-21.474350,4.401309,0.059104,0.626990,119.731615,1,1,1
1783970885.364468,-0.574178,0.251864,-19.362637,-0.000000,-0.000000,-0.000000,-21.474350,4.401309,0.059104,0.626990,119.731615,1,1,1
1783970885.414387,-0.574178,0.251864,-19.362614,-0.000000,-0.000000,-0.000000,-21.474350,4.401309,0.059104,0.626990,119.731615,1,1,1
1783970885.464334,-0.574178,0.251864,-19.362614,-0.000000,-0.000000,-0.000000,-21.474350,4.401309,0.059104,0.626990,119.731615,1,1,1
1783970885.514388,-0.574178,0.251864,-19.362614,-0.000000,-0.000000,-0.000000,-21.474350,4.401309,0.059104,0.626990,119.731615,1,1,1
1783970885.564394,-0.574178,0.251864,-19.362625,-0.000000,-0.000000,-0.000000,-21.474350,4.401309,0.059104,0.626990,119.731615,1,1,1
1783970885.614341,-0.574178,0.251864,-19.362614,-0.000000,-0.000000,-0.000000,-21.474350,4.401309,0.059104,0.626990,119.731615,1,1,1
1783970885.664333,-0.574178,0.251864,-19.362614,-0.000000,-0.000000,-0.000000,-21.474350,4.401309,0.059104,0.626990,119.731615,1,1,1
1783970885.714968,-0.574178,0.251864,-19.362614,-0.000000,-0.000000,-0.000000,-21.474350,4.401309,0.059104,0.626990,119.731615,1,1,1
1783970885.764387,-0.574178,0.251864,-19.362614,-0.000000,-0.000000,-0.000000,-21.474350,4.401309,0.059104,0.626990,119.731615,1,1,1
1783970885.814363,-0.574178,0.251864,-19.362614,-0.000000,-0.000000,-0.000000,-21.474350,4.401309,0.059104,0.626990,119.731615,1,1,1
1783970885.865094,-0.574178,0.251864,-19.362614,-0.000000,-0.000000,-0.000000,-21.474350,4.401309,0.059104,0.626990,119.731615,1,1,1
1783970885.914430,-0.574178,0.251864,-19.362614,-0.000000,-0.000000,-0.000000,-21.474350,4.401309,0.059104,0.626990,119.731615,1,1,1
1783970885.964608,-0.574178,0.251864,-19.362637,-0.000000,-0.000000,-0.000000,-21.474350,4.401309,0.059104,0.626990,119.731615,1,1,1
1783970886.014339,-0.574178,0.251864,-19.362637,-0.000000,-0.000000,-0.000000,-21.474350,4.401309,0.059104,0.626990,119.731615,1,1,1
1783970886.064449,-0.574178,0.251864,-19.362637,-0.000000,-0.000000,-0.000000,-21.474350,4.401309,0.059104,0.626990,119.731615,1,1,1
1783970886.115095,-0.574178,0.251864,-19.362637,-0.000000,-0.000000,-0.000000,-21.474350,4.401309,0.059104,0.626990,119.731615,1,1,1
1783970886.164374,-0.574178,0.251864,-19.362625,-0.000000,-0.000000,-0.000000,-21.474350,4.401309,0.059104,0.626990,119.731615,1,1,1
1783970886.214480,-0.574178,0.251864,-19.362612,-0.000000,-0.000000,-0.000000,-21.474350,4.401309,0.059104,0.626990,119.731615,1,1,1
1783970886.264469,-0.574178,0.251864,-19.362648,-0.000000,-0.000000,-0.000000,-21.474350,4.401309,0.059104,0.626990,119.731615,1,1,1
1783970886.314519,-0.574178,0.251864,-19.362648,-0.000000,-0.000000,-0.000000,-21.474350,4.401309,0.059104,0.626990,119.731615,1,1,1
1783970886.364401,-0.574178,0.251864,-19.362625,-0.000000,-0.000000,-0.000000,-21.474350,4.401309,0.059104,0.626990,119.731615,1,1,1
1783970886.414352,-0.574178,0.251864,-19.362625,-0.000000,-0.000000,-0.000000,-21.474350,4.401309,0.059104,0.626990,119.731615,1,1,1
1783970886.464413,-0.574178,0.251864,-19.362637,-0.000000,-0.000000,-0.000000,-21.474350,4.401309,0.059104,0.626990,119.731615,1,1,1
1783970886.514523,-0.574178,0.251864,-19.362637,-0.000000,-0.000000,-0.000000,-21.474350,4.401309,0.059104,0.626990,119.731615,1,1,1
1783970886.564793,-0.574178,0.251864,-19.362637,-0.000000,-0.000000,-0.000000,-21.474350,4.401309,0.059104,0.626990,119.731615,1,1,1
1783970886.614324,-0.574178,0.251864,-19.362625,-0.000000,-0.000000,-0.000000,-21.474350,4.401309,0.059104,0.626990,119.731615,1,1,1
1783970886.664638,-0.574178,0.251864,-19.362625,-0.000000,-0.000000,-0.000000,-21.474350,4.401309,0.059104,0.626990,119.731615,1,1,1
1783970886.714424,-0.574178,0.251864,-19.362623,-0.000000,-0.000000,-0.000000,-21.474350,4.401309,0.059104,0.626990,119.731615,1,1,1
1783970886.765053,-0.574178,0.251864,-19.362623,-0.000000,-0.000000,-0.000000,-21.474350,4.401309,0.059104,0.626990,119.731615,1,1,1
1783970886.814402,-0.574178,0.251864,-19.362623,-0.000000,-0.000000,-0.000000,-21.474350,4.401309,0.059104,0.626990,119.731615,1,1,1
1783970886.864406,-0.574178,0.251864,-19.362625,-0.000000,-0.000000,-0.000000,-21.474350,4.401309,0.059104,0.626990,119.731615,1,1,1
1783970886.915025,-0.574178,0.251864,-19.362625,-0.000000,-0.000000,-0.000000,-21.474350,4.401309,0.059104,0.626990,119.731615,1,1,1
1783970886.964728,-0.574178,0.251864,-19.362625,-0.000000,-0.000000,-0.000000,-21.474350,4.401309,0.059104,0.626990,119.731615,1,1,1
1783970887.014832,-0.574178,0.251864,-19.362612,-0.000000,-0.000000,-0.000000,-21.474350,4.401309,0.059104,0.626990,119.731615,1,1,1
1783970887.064667,-0.574178,0.251864,-19.362612,-0.000000,-0.000000,-0.000000,-21.474350,4.401309,0.059104,0.626990,119.731615,1,1,1
1783970887.114342,-0.574178,0.251864,-19.362637,-0.000000,-0.000000,-0.000000,-21.474350,4.401309,0.059104,0.626990,119.731615,1,1,1
1783970887.164297,-0.574178,0.251864,-19.362601,-0.000000,-0.000000,-0.000000,-21.474350,4.401309,0.059104,0.626990,119.731615,1,1,1
1783970887.215020,-0.574178,0.251864,-19.362601,-0.000000,-0.000000,-0.000000,-21.474350,4.401309,0.059104,0.626990,119.731615,1,1,1
1783970887.264984,-0.574178,0.251864,-19.362612,-0.000000,-0.000000,-0.000000,-21.474350,4.401309,0.059104,0.626990,119.731615,1,1,1
1783970887.314756,-0.574178,0.251864,-19.362612,-0.000000,-0.000000,-0.000000,-21.474350,4.401309,0.059104,0.626990,119.731615,1,1,1
1783970887.364472,-0.574178,0.251864,-19.362612,-0.000000,-0.000000,-0.000000,-21.474350,4.401309,0.059104,0.626990,119.731615,1,1,1
1783970887.414703,-0.574178,0.251864,-19.362612,-0.000000,-0.000000,-0.000000,-21.474350,4.401309,0.059104,0.626990,119.731615,1,1,1
1783970887.464394,-0.574178,0.251864,-19.362590,-0.000000,-0.000000,-0.000000,-21.474350,4.401309,0.059104,0.626990,119.731615,1,1,1
1783970887.514339,-0.574178,0.251864,-19.362612,-0.000000,-0.000000,-0.000000,-21.474350,4.401309,0.059104,0.626990,119.731615,1,1,1
1783970887.564561,-0.574178,0.251864,-19.362614,-0.000000,-0.000000,-0.000000,-21.474350,4.401309,0.059104,0.626990,119.731615,1,1,1
1783970887.614589,-0.574178,0.251864,-19.362614,-0.000000,-0.000000,-0.000000,-21.474350,4.401309,0.059104,0.626990,119.731615,1,1,1
1783970887.664452,-0.574178,0.251864,-19.362590,-0.000000,-0.000000,-0.000000,-21.474350,4.401309,0.059104,0.626990,119.731615,1,1,1
1783970887.714321,-0.574178,0.251864,-19.362578,-0.000000,-0.000000,-0.000000,-21.474350,4.401309,0.059104,0.626990,119.731615,1,1,1
1783970887.764371,-0.574178,0.251864,-19.362578,-0.000000,-0.000000,-0.000000,-21.474350,4.401309,0.059104,0.626990,119.731615,1,1,1
1783970887.815016,-0.574178,0.251864,-19.362590,-0.000000,-0.000000,-0.000000,-21.474350,4.401309,0.059104,0.626990,119.731615,1,1,1
1783970887.864441,-0.574178,0.251864,-19.362590,-0.000000,-0.000000,-0.000000,-21.474350,4.401309,0.059104,0.626990,119.731615,1,1,1
1783970887.914616,-0.574178,0.251864,-19.362590,-0.000000,-0.000000,-0.000000,-21.474350,4.401309,0.059104,0.626990,119.731615,1,1,1
1783970887.965140,-0.574178,0.251864,-19.362590,-0.000000,-0.000000,-0.000000,-21.474350,4.401309,0.059104,0.626990,119.731615,1,1,1
1783970888.014657,-0.574178,0.251864,-19.362590,-0.000000,-0.000000,-0.000000,-21.474350,4.401309,0.059104,0.626990,119.731615,1,1,1
1783970888.064457,-0.574178,0.251864,-19.362590,-0.000000,-0.000000,-0.000000,-21.474350,4.401309,0.059104,0.626990,119.731615,1,1,1
1783970888.114432,-0.574178,0.251864,-19.362590,-0.000000,-0.000000,-0.000000,-21.474350,4.401309,0.059104,0.626990,119.731615,1,1,1
1783970888.164381,-0.574178,0.251864,-19.362590,-0.000000,-0.000000,-0.000000,-21.474350,4.401309,0.059104,0.626990,119.731615,1,1,1
