cell_x,cell_y,world_x_m,world_y_m,hits,boundary_label
373,394,13.689250,5.138369,100,outer
371,321,13.589250,1.488369,100,outer
3,303,-4.810751,0.588368,100,outer
2,338,-4.860751,2.338369,100,outer
183,270,4.189250,-1.061632,100,outer
348,566,12.439250,13.738369,100,outer
241,440,7.089250,7.438369,100,outer
330,289,11.539250,-0.111632,100,outer
220,417,6.039250,6.288369,100,outer
235,280,6.789250,-0.561632,100,outer
310,45,10.539250,-12.311632,100,outer
550,292,22.539250,0.038368,100,outer
428,37,16.439250,-12.711632,100,outer
243,400,7.189250,5.438369,100,outer
145,243,2.289250,-2.411632,100,outer
223,571,6.189250,13.988369,100,outer
551,373,22.589250,4.088369,100,outer
349,567,12.489250,13.788369,100,outer
242,441,7.139250,7.488369,100,outer
311,46,10.589250,-12.261632,100,outer
439,52,16.989250,-11.961632,100,outer
194,135,4.739250,-7.811632,100,outer
220,273,6.039250,-0.911632,100,outer
167,267,3.389250,-1.211632,100,outer
9,355,-4.510751,3.188369,100,outer
322,406,11.139250,5.738369,100,outer
315,281,10.789250,-0.511632,100,outer
556,344,22.839250,2.638369,100,outer
367,557,13.389250,13.288369,100,outer
388,351,14.439250,2.988369,100,outer
19,368,-4.010751,3.838369,100,outer
496,213,19.839250,-3.911632,100,outer
273,284,8.689250,-0.361632,100,outer
166,158,3.339250,-6.661632,100,outer
341,10,12.089250,-14.061632,100,outer
364,402,13.239250,5.538369,100,outer
499,218,19.989250,-3.661632,100,outer
232,103,6.639250,-9.411632,100,outer
2,315,-4.860751,1.188368,100,outer
520,241,21.039250,-2.511632,100,outer
377,341,13.889250,2.488369,100,outer
215,279,5.789250,-0.611632,100,outer
140,514,2.039250,11.138369,100,outer
389,352,14.489250,3.038369,100,outer
20,369,-3.960751,3.888369,100,outer
376,4,13.839250,-14.361632,100,outer
354,394,12.739250,5.138369,100,outer
308,98,10.439250,-9.661632,100,outer
521,242,21.089250,-2.461632,100,outer
258,277,7.939250,-0.711632,100,outer
337,570,11.889250,13.938369,100,outer
457,486,17.889250,9.738369,100,outer
323,406,11.189250,5.738369,100,outer
310,287,10.539250,-0.211632,100,outer
141,515,2.089250,11.188369,100,outer
181,551,4.089250,12.988369,100,outer
45,398,-2.710750,5.338369,100,outer
309,99,10.489250,-9.611632,100,outer
265,401,8.289250,5.488369,100,outer
301,95,10.089250,-9.811632,100,outer
311,288,10.589250,-0.161632,100,outer
337,426,11.889250,6.738369,100,outer
248,577,7.439250,14.288369,100,outer
283,455,9.189250,8.188369,100,outer
479,101,18.989250,-9.511632,100,outer
295,280,9.789250,-0.561632,100,outer
349,400,12.489250,5.438369,100,outer
201,273,5.089250,-0.911632,100,outer
429,509,16.489250,10.888369,100,outer
46,399,-2.660750,5.388369,100,outer
495,454,19.789250,8.138369,100,outer
266,402,8.339250,5.538369,100,outer
253,283,7.689250,-0.411632,100,outer
49,404,-2.510750,5.638369,100,outer
508,164,20.439250,-6.361632,100,outer
56,263,-2.160750,-1.411632,100,outer
539,268,21.989250,-1.161632,100,outer
249,578,7.489250,14.338369,100,outer
216,401,5.839250,5.488369,100,outer
376,390,13.839250,4.938369,100,outer
337,282,11.889250,-0.461632,100,outer
496,455,19.839250,8.188369,100,outer
483,107,19.189250,-9.211632,100,outer
201,129,5.089250,-8.111632,100,outer
330,14,11.539250,-13.861632,100,outer
536,262,21.839250,-1.461632,100,outer
4,338,-4.760751,2.338369,100,outer
361,1,13.089250,-14.511632,100,outer
224,112,6.239250,-8.961632,100,outer
303,405,10.189250,5.688369,100,outer
377,354,13.889250,3.138369,100,outer
252,94,7.639250,-9.861632,100,outer
285,91,9.289250,-10.011632,100,outer
81,441,-0.910750,7.488369,100,outer
1,332,-4.910751,2.038369,100,outer
26,276,-3.660750,-0.761632,100,outer
309,76,10.489250,-10.761632,100,outer
547,393,22.389250,5.088369,100,outer
305,451,10.289250,7.988369,100,outer
280,278,9.039250,-0.661632,100,outer
185,269,4.289250,-1.111632,100,outer
494,201,19.739250,-4.511632,100,outer
371,396,13.589250,5.238369,100,outer
138,194,1.939250,-4.861632,100,outer
238,281,6.939250,-0.511632,100,outer
337,403,11.889250,5.588369,100,outer
143,272,2.189250,-0.961632,100,outer
85,447,-0.710750,7.788369,100,outer
543,279,22.189250,-0.611632,100,outer
6,303,-4.660751,0.588368,100,outer
226,572,6.339250,14.038369,100,outer
186,270,4.339250,-1.061632,100,outer
507,176,20.389250,-5.761632,100,outer
464,480,18.239250,9.438369,100,outer
384,371,14.239250,3.988369,100,outer
8,349,-4.560751,2.888369,100,outer
556,334,22.839250,2.138369,100,outer
388,341,14.439250,2.488369,100,outer
333,405,11.689250,5.688369,100,outer
423,33,16.189250,-12.911632,100,outer
174,152,3.739250,-6.961632,100,outer
315,91,10.789250,-10.011632,100,outer
349,4,12.489250,-14.361632,100,outer
45,267,-2.710750,-1.211632,100,outer
554,373,22.739250,4.088369,100,outer
398,534,14.939250,12.138369,100,outer
2,305,-4.860751,0.688368,100,outer
256,450,7.839250,7.938369,100,outer
318,282,10.939250,-0.461632,100,outer
248,446,7.439250,7.738369,100,outer
223,273,6.189250,-0.911632,100,outer
377,331,13.889250,1.988369,100,outer
389,342,14.489250,2.538369,100,outer
276,285,8.839250,-0.311632,100,outer
424,34,16.239250,-12.861632,100,outer
181,276,4.089250,-0.761632,100,outer
316,92,10.839250,-9.961632,100,outer
132,271,1.639250,-1.011632,100,outer
322,23,11.139250,-13.411632,100,outer
111,477,0.589250,9.288369,100,outer
549,294,22.489250,0.138368,100,outer
555,374,22.789250,4.138369,100,outer
325,406,11.289250,5.738369,100,outer
321,27,11.089250,-13.211632,100,outer
266,91,8.339250,-10.011632,100,outer
212,120,5.639250,-8.561632,100,outer
356,393,12.839250,5.088369,100,outer
491,209,19.589250,-4.111632,100,outer
227,279,6.389250,-0.611632,100,outer
155,260,2.789250,-1.561632,100,outer
449,63,17.489250,-11.411632,100,outer
260,276,8.039250,-0.761632,100,outer
235,103,6.789250,-9.411632,100,outer
322,108,11.139250,-9.161632,100,outer
503,183,20.189250,-5.411632,100,outer
124,272,1.239250,-0.961632,100,outer
122,491,1.139250,9.988369,100,outer
552,304,22.639250,0.638368,100,outer
379,4,13.989250,-14.361632,100,outer
460,78,18.039250,-10.661632,100,outer
538,406,21.939250,5.738369,100,outer
371,0,13.589250,-14.561632,100,outer
301,579,10.089250,14.388369,100,outer
294,454,9.739250,8.138369,100,outer
317,29,10.889250,-13.111632,100,outer
556,311,22.839250,0.988368,100,outer
261,277,8.089250,-0.711632,100,outer
516,238,20.839250,-2.661632,100,outer
359,291,12.989250,-0.011632,100,outer
508,154,20.439250,-6.861632,100,outer
170,275,3.539250,-0.811632,100,outer
377,308,13.889250,0.838368,100,outer
147,520,2.389250,11.438369,100,outer
388,354,14.439250,3.138369,100,outer
433,505,16.689250,10.688369,100,outer
133,213,1.689250,-3.911632,100,outer
308,65,10.439250,-11.311632,100,outer
555,351,22.789250,2.988369,100,outer
254,94,7.739250,-9.861632,100,outer
298,280,9.939250,-0.561632,100,outer
527,252,21.389250,-1.961632,100,outer
377,344,13.889250,2.638369,100,outer
148,521,2.439250,11.488369,100,outer
302,579,10.139250,14.388369,100,outer
281,456,9.089250,8.238369,100,outer
256,283,7.839250,-0.411632,100,outer
297,92,9.889250,-9.961632,100,outer
113,271,0.689250,-1.011632,100,outer
151,526,2.589250,11.738369,100,outer
252,578,7.639250,14.338369,100,outer
309,66,10.489250,-11.261632,100,outer
534,413,21.739250,6.088369,100,outer
405,528,15.289250,11.838369,100,outer
455,488,17.789250,9.838369,100,outer
313,36,10.689250,-12.761632,100,outer
336,428,11.839250,6.838369,100,outer
486,107,19.339250,-9.211632,100,outer
428,511,16.439250,10.988369,100,outer
328,573,11.439250,14.088369,100,outer
155,273,2.789250,-0.911632,100,outer
241,276,7.089250,-0.761632,100,outer
66,424,-1.660750,6.638369,100,outer
494,456,19.739250,8.238369,100,outer
181,145,4.089250,-7.311632,100,outer
380,550,14.039250,12.938369,100,outer
472,474,18.639250,9.138369,100,outer
355,563,12.789250,13.588369,100,outer
376,357,13.839250,3.288369,100,outer
67,425,-1.610750,6.688369,100,outer
283,278,9.189250,-0.661632,100,outer
554,363,22.739250,3.588369,100,outer
324,575,11.239250,14.188369,100,outer
192,276,4.639250,-0.761632,100,outer
77,438,-1.110750,7.338369,100,outer
558,333,22.939250,2.088369,100,outer
249,401,7.489250,5.488369,100,outer
329,281,11.489250,-0.511632,100,outer
369,317,13.489250,1.288368,100,outer
504,133,20.239250,-7.911632,100,outer
92,454,-0.360750,8.138369,100,outer
287,284,9.389250,-0.361632,100,outer
4,341,-4.760751,2.488369,100,outer
259,451,7.989250,7.988369,100,outer
218,413,5.939250,6.088369,100,outer
98,268,-0.060750,-1.161632,100,outer
251,447,7.589250,7.788369,100,outer
226,274,6.339250,-0.861632,100,outer
17,280,-4.110751,-0.561632,100,outer
102,467,0.139250,8.788369,100,outer
444,496,17.239250,10.238369,100,outer
316,576,10.839250,14.238369,100,outer
1,335,-4.910751,2.188369,100,outer
143,239,2.189250,-2.611632,100,outer
229,279,6.489250,-0.611632,100,outer
491,199,19.589250,-4.611632,100,outer
430,40,16.539250,-12.561632,100,outer
5,305,-4.710751,0.688368,100,outer
286,404,9.339250,5.638369,100,outer
321,282,11.089250,-0.461632,100,outer
172,153,3.639250,-6.911632,100,outer
272,277,8.639250,-0.711632,100,outer
397,537,14.889250,12.288369,100,outer
243,442,7.189250,7.538369,100,outer
507,143,20.389250,-7.411632,100,outer
222,419,6.139250,6.388369,100,outer
103,468,0.189250,8.838369,100,outer
230,280,6.539250,-0.561632,100,outer
325,23,11.289250,-13.411632,100,outer
376,334,13.839250,2.138369,100,outer
7,351,-4.610751,2.988369,100,outer
106,473,0.339250,9.088369,100,outer
497,215,19.889250,-3.811632,100,outer
312,578,10.639250,14.338369,100,outer
252,447,7.639250,7.788369,100,outer
244,443,7.239250,7.588369,100,outer
239,99,6.989250,-9.611632,100,outer
508,144,20.439250,-7.361632,100,outer
325,288,11.289250,-0.161632,100,outer
441,54,17.089250,-11.861632,100,outer
343,422,12.189250,6.538369,100,outer
8,352,-4.560751,3.038369,100,outer
355,396,12.789250,5.238369,100,outer
555,324,22.789250,1.638369,100,outer
11,357,-4.410751,3.288369,100,outer
267,283,8.389250,-0.411632,100,outer
210,566,5.539250,13.738369,100,outer
133,203,1.689250,-4.411632,100,outer
308,55,10.439250,-11.811632,100,outer
541,406,22.089250,5.738369,100,outer
374,0,13.739250,-14.561632,100,outer
145,177,2.289250,-5.711632,100,outer
320,29,11.039250,-13.111632,100,outer
508,229,20.439250,-3.111632,100,outer
36,270,-3.160750,-1.061632,100,outer
264,277,8.239250,-0.711632,100,outer
211,122,5.589250,-8.461632,100,outer
445,60,17.289250,-11.561632,100,outer
1,312,-4.910751,1.038368,100,outer
498,215,19.939250,-3.811632,100,outer
558,346,22.939250,2.738369,100,outer
132,503,1.639250,10.588369,100,outer
435,504,16.789250,10.638369,100,outer
173,275,3.689250,-0.811632,100,outer
502,185,20.139250,-5.311632,100,outer
309,56,10.489250,-11.761632,100,outer
522,429,21.139250,6.888369,100,outer
413,522,15.689250,11.538369,100,outer
71,264,-1.410750,-1.361632,100,outer
380,345,14.039250,2.688369,100,outer
375,1,13.789250,-14.511632,100,outer
479,467,18.989250,8.788369,100,outer
22,371,-3.860751,3.988369,100,outer
115,270,0.789250,-1.061632,100,outer
537,408,21.889250,5.838369,100,outer
136,213,1.839250,-3.911632,100,outer
502,450,20.139250,7.938369,100,outer
549,382,22.489250,4.538369,100,outer
456,74,17.839250,-10.861632,100,outer
305,287,10.289250,-0.211632,100,outer
143,517,2.189250,11.288369,100,outer
210,278,5.539250,-0.661632,100,outer
552,307,22.639250,0.788368,100,outer
116,271,0.839250,-1.011632,100,outer
47,400,-2.610750,5.438369,100,outer
316,445,10.839250,7.688369,100,outer
537,264,21.889250,-1.361632,100,outer
0,325,-4.960751,1.688369,100,outer
309,406,10.489250,5.738369,100,outer
295,93,9.789250,-9.911632,100,outer
141,184,2.089250,-5.361632,100,outer
316,36,10.839250,-12.761632,100,outer
474,473,18.739250,9.088369,100,outer
307,67,10.389250,-11.211632,100,outer
179,147,3.989250,-7.211632,100,outer
58,415,-2.060750,6.188369,100,outer
357,562,12.889250,13.538369,100,outer
244,276,7.239250,-0.761632,100,outer
558,323,22.939250,1.588369,100,outer
538,265,21.939250,-1.311632,100,outer
288,90,9.439250,-10.061632,100,outer
312,447,10.639250,7.788369,100,outer
308,68,10.439250,-11.161632,100,outer
387,361,14.389250,3.488369,100,outer
363,4,13.189250,-14.361632,100,outer
243,576,7.189250,14.238369,100,outer
379,357,13.989250,3.288369,100,outer
372,318,13.639250,1.338369,100,outer
312,38,10.639250,-12.661632,100,outer
3,335,-4.810751,2.188369,100,outer
157,164,2.889250,-6.361632,100,outer
332,16,11.639250,-13.761632,100,outer
248,282,7.439250,-0.461632,100,outer
195,276,4.789250,-0.761632,100,outer
252,401,7.639250,5.488369,100,outer
84,445,-0.760750,7.688369,100,outer
332,281,11.639250,-0.511632,100,outer
280,91,9.039250,-10.011632,100,outer
541,275,22.089250,-0.811632,100,outer
546,390,22.339250,4.938369,100,outer
350,415,12.539250,6.188369,100,outer
87,450,-0.610750,7.938369,100,outer
544,280,22.239250,-0.561632,100,outer
311,78,10.589250,-10.661632,100,outer
180,269,4.039250,-1.111632,100,outer
139,231,1.989250,-3.011632,100,outer
241,99,7.089250,-9.611632,100,outer
385,372,14.289250,4.038369,100,outer
422,31,16.139250,-13.011632,100,outer
138,272,1.939250,-0.961632,100,outer
218,115,5.939250,-8.811632,100,outer
88,451,-0.560750,7.988369,100,outer
281,580,9.089250,14.438369,100,outer
220,570,6.039250,13.938369,100,outer
509,444,20.489250,7.638369,100,outer
214,410,5.739250,5.938369,100,outer
375,364,13.789250,3.638369,100,outer
247,444,7.389250,7.638369,100,outer
335,291,11.789250,-0.011632,100,outer
286,286,9.339250,-0.261632,100,outer
4,308,-4.760751,0.838368,100,outer
233,280,6.689250,-0.561632,100,outer
219,116,5.989250,-8.761632,100,outer
558,336,22.939250,2.238369,100,outer
241,400,7.089250,5.438369,100,outer
113,480,0.689250,9.438369,100,outer
221,571,6.089250,13.988369,100,outer
213,567,5.689250,13.788369,100,outer
347,567,12.389250,13.788369,100,outer
548,291,22.439250,-0.011632,100,outer
366,400,13.339250,5.438369,100,outer
123,493,1.189250,10.088369,100,outer
164,265,3.239250,-1.311632,100,outer
323,438,11.189250,7.338369,100,outer
270,283,8.539250,-0.411632,100,outer
136,203,1.839250,-4.411632,100,outer
81,267,-0.910750,-1.211632,100,outer
415,521,15.789250,11.488369,100,outer
377,0,13.889250,-14.561632,100,outer
481,466,19.089250,8.738369,100,outer
11,288,-4.410751,-0.161632,100,outer
313,281,10.689250,-0.511632,100,outer
509,156,20.489250,-6.761632,100,outer
124,494,1.239250,10.138369,100,outer
554,307,22.739250,0.788368,100,outer
28,377,-3.560750,4.288369,100,outer
332,114,11.639250,-8.861632,100,outer
518,241,20.939250,-2.511632,100,outer
255,276,7.789250,-0.761632,100,outer
382,380,14.139250,4.438369,100,outer
0,315,-4.960751,1.188368,100,outer
187,141,4.389250,-7.511632,100,outer
213,279,5.689250,-0.611632,100,outer
307,57,10.389250,-11.711632,100,outer
118,270,0.939250,-1.061632,100,outer
515,235,20.789250,-2.811632,100,outer
262,580,8.139250,14.438369,100,outer
379,311,13.989250,0.988368,100,outer
29,378,-3.510750,4.338369,100,outer
149,523,2.489250,11.588369,100,outer
308,287,10.439250,-0.211632,100,outer
39,391,-3.010750,4.988369,100,outer
119,271,0.989250,-1.011632,100,outer
529,255,21.489250,-1.811632,100,outer
412,524,15.639250,11.638369,100,outer
150,524,2.539250,11.638369,100,outer
306,97,10.339250,-9.711632,100,outer
357,408,12.889250,5.838369,100,outer
466,86,18.339250,-10.261632,100,outer
263,401,8.189250,5.488369,100,outer
369,382,13.489250,4.538369,100,outer
314,446,10.739250,7.738369,100,outer
7,295,-4.610751,0.188368,100,outer
309,288,10.489250,-0.161632,100,outer
557,353,22.889250,3.088369,100,outer
214,279,5.739250,-0.611632,100,outer
246,577,7.339250,14.288369,100,outer
198,271,4.939250,-1.011632,100,outer
488,110,19.439250,-9.061632,100,outer
43,397,-2.810750,5.288369,100,outer
358,409,12.939250,5.888369,100,outer
533,261,21.689250,-1.511632,100,outer
226,110,6.339250,-9.061632,100,outer
251,283,7.589250,-0.411632,100,outer
299,94,9.989250,-9.861632,100,outer
291,90,9.589250,-10.061632,100,outer
156,274,2.839250,-0.861632,100,outer
136,216,1.839250,-3.761632,100,outer
450,492,17.539250,10.038369,100,outer
54,263,-2.260750,-1.411632,100,outer
247,578,7.389250,14.338369,100,outer
516,437,20.839250,7.288369,100,outer
293,279,9.689250,-0.611632,100,outer
140,186,2.039250,-5.261632,100,outer
509,169,20.489250,-6.111632,100,outer
548,389,22.439250,4.888369,100,outer
386,327,14.339250,1.788369,100,outer
23,275,-3.810751,-0.811632,100,outer
68,426,-1.560750,6.738369,100,outer
343,402,12.189250,5.538369,100,outer
330,432,11.539250,7.038369,100,outer
301,405,10.089250,5.688369,100,outer
288,286,9.439250,-0.261632,100,outer
283,91,9.189250,-10.011632,100,outer
502,129,20.139250,-8.111632,100,outer
82,446,-0.860750,7.738369,100,outer
2,337,-4.860751,2.288369,100,outer
236,275,6.839250,-0.811632,100,outer
183,269,4.189250,-1.111632,100,outer
557,330,22.889250,1.938369,100,outer
220,416,6.039250,6.238369,100,outer
489,461,19.489250,8.488369,100,outer
141,272,2.089250,-0.961632,100,outer
503,130,20.189250,-8.061632,100,outer
231,574,6.589250,14.138369,100,outer
243,399,7.189250,5.388369,100,outer
493,202,19.689250,-4.461632,100,outer
42,266,-2.860750,-1.261632,100,outer
389,543,14.489250,12.588369,100,outer
349,566,12.489250,13.738369,100,outer
135,228,1.789250,-3.161632,100,outer
242,440,7.139250,7.438369,100,outer
136,193,1.839250,-4.911632,100,outer
221,417,6.089250,6.288369,100,outer
289,286,9.489250,-0.261632,100,outer
310,80,10.539250,-10.561632,100,outer
253,449,7.689250,7.888369,100,outer
19,282,-4.010751,-0.461632,100,outer
179,271,3.989250,-1.011632,100,outer
105,471,0.289250,8.988369,100,outer
224,422,6.239250,6.538369,100,outer
244,400,7.239250,5.438369,100,outer
151,172,2.589250,-5.961632,100,outer
9,354,-4.510751,3.138369,100,outer
347,4,12.389250,-14.361632,100,outer
149,248,2.489250,-2.161632,100,outer
374,366,13.739250,3.738369,100,outer
221,273,6.089250,-0.911632,100,outer
375,331,13.789250,1.988369,100,outer
195,135,4.789250,-7.811632,100,outer
443,57,17.189250,-11.711632,100,outer
6,348,-4.660751,2.838369,100,outer
496,212,19.839250,-3.961632,100,outer
556,343,22.839250,2.588369,100,outer
130,500,1.539250,10.438369,100,outer
378,336,13.939250,2.238369,100,outer
345,568,12.289250,13.838369,100,outer
130,271,1.539250,-1.011632,100,outer
419,517,15.989250,11.288369,100,outer
2,314,-4.860751,1.138368,100,outer
150,249,2.539250,-2.111632,100,outer
313,577,10.689250,14.288369,100,outer
281,403,9.089250,5.588369,100,outer
317,97,10.889250,-9.711632,100,outer
316,281,10.839250,-0.511632,100,outer
368,557,13.439250,13.288369,100,outer
389,351,14.489250,2.988369,100,outer
20,368,-3.960751,3.838369,100,outer
167,158,3.389250,-6.661632,100,outer
342,10,12.139250,-14.061632,100,outer
10,354,-4.460751,3.138369,100,outer
23,373,-3.810751,4.088369,100,outer
258,276,7.939250,-0.761632,100,outer
233,103,6.689250,-9.411632,100,outer
391,540,14.589250,12.438369,100,outer
134,506,1.739250,10.738369,100,outer
523,430,21.189250,6.938369,100,outer
264,90,8.239250,-10.061632,100,outer
216,279,5.839250,-0.611632,100,outer
444,57,17.239250,-11.711632,100,outer
265,580,8.289250,14.438369,100,outer
292,454,9.639250,8.138369,100,outer
224,399,6.239250,5.388369,100,outer
24,374,-3.760751,4.138369,100,outer
259,277,7.989250,-0.711632,100,outer
392,541,14.639250,12.488369,100,outer
458,486,17.939250,9.738369,100,outer
525,247,21.289250,-2.211632,100,outer
311,287,10.589250,-0.211632,100,outer
262,282,8.139250,-0.461632,100,outer
338,12,11.939250,-13.961632,100,outer
122,271,1.139250,-1.011632,100,outer
381,382,14.089250,4.538369,100,outer
319,407,10.989250,5.788369,100,outer
509,159,20.489250,-6.611632,100,outer
260,92,8.039250,-9.961632,100,outer
266,401,8.339250,5.488369,100,outer
145,520,2.289250,11.438369,100,outer
364,558,13.239250,13.338369,100,outer
49,403,-2.510750,5.588369,100,outer
357,290,12.889250,-0.061632,100,outer
376,389,13.839250,4.888369,100,outer
296,280,9.839250,-0.561632,100,outer
388,363,14.439250,3.588369,100,outer
483,106,19.189250,-9.261632,100,outer
279,456,8.989250,8.238369,100,outer
254,283,7.739250,-0.411632,100,outer
205,278,5.289250,-0.661632,100,outer
345,401,12.289250,5.488369,100,outer
50,404,-2.460750,5.638369,100,outer
57,263,-2.110750,-1.411632,100,outer
2,327,-4.860751,1.788369,100,outer
295,580,9.789250,14.438369,100,outer
252,93,7.639250,-9.911632,100,outer
377,353,13.889250,3.088369,100,outer
202,272,5.139250,-0.961632,100,outer
60,417,-1.960750,6.288369,100,outer
334,428,11.739250,6.838369,100,outer
300,286,10.039250,-0.261632,100,outer
426,511,16.339250,10.988369,100,outer
547,392,22.389250,5.038369,100,outer
377,389,13.889250,4.888369,100,outer
304,405,10.239250,5.688369,100,outer
27,276,-3.610750,-0.761632,100,outer
202,128,5.139250,-8.161632,100,outer
543,278,22.189250,-0.661632,100,outer
139,188,1.989250,-5.161632,100,outer
314,40,10.739250,-12.561632,100,outer
239,275,6.989250,-0.811632,100,outer
353,297,12.689250,0.288368,100,outer
186,269,4.339250,-1.111632,100,outer
345,293,12.289250,0.088368,100,outer
372,396,13.639250,5.238369,100,outer
138,229,1.939250,-3.111632,100,outer
322,575,11.139250,14.188369,100,outer
329,434,11.489250,7.138369,100,outer
86,447,-0.660750,7.788369,100,outer
556,333,22.839250,2.088369,100,outer
306,450,10.339250,7.938369,100,outer
274,89,8.739250,-10.111632,100,outer
386,330,14.339250,1.938369,100,outer
174,151,3.739250,-7.011632,100,outer
89,452,-0.510750,8.038369,100,outer
414,20,15.739250,-13.561632,100,outer
547,284,22.389250,-0.361632,100,outer
264,453,8.239250,8.088369,100,outer
256,449,7.839250,7.888369,100,outer
216,413,5.839250,6.088369,100,outer
197,134,4.889250,-7.861632,100,outer
329,290,11.489250,-0.061632,100,outer
389,341,14.489250,2.488369,100,outer
334,405,11.739250,5.688369,100,outer
275,90,8.789250,-10.061632,100,outer
46,267,-2.660750,-1.211632,100,outer
322,22,11.139250,-13.461632,100,outer
238,437,6.939250,7.288369,100,outer
284,404,9.239250,5.638369,100,outer
257,450,7.889250,7.938369,100,outer
540,407,22.039250,5.788369,100,outer
377,366,13.889250,3.738369,100,outer
249,446,7.489250,7.738369,100,outer
345,5,12.289250,-14.311632,100,outer
465,479,18.289250,9.388369,100,outer
135,195,1.789250,-4.811632,100,outer
425,34,16.289250,-12.861632,100,outer
133,271,1.689250,-1.011632,100,outer
428,39,16.439250,-12.611632,100,outer
115,482,0.789250,9.538369,100,outer
215,569,5.789250,13.888369,100,outer
551,375,22.589250,4.188369,100,outer
122,490,1.139250,9.938369,100,outer
75,266,-1.210750,-1.261632,100,outer
437,502,16.889250,10.538369,100,outer
228,279,6.439250,-0.611632,100,outer
33,269,-3.310750,-1.111632,100,outer
261,276,8.089250,-0.761632,100,outer
285,404,9.289250,5.638369,100,outer
310,577,10.539250,14.288369,100,outer
508,153,20.439250,-6.911632,100,outer
170,274,3.539250,-0.861632,100,outer
208,566,5.439250,13.738369,100,outer
380,4,14.039250,-14.361632,100,outer
268,580,8.439250,14.438369,100,outer
372,0,13.639250,-14.561632,100,outer
227,399,6.389250,5.388369,100,outer
556,346,22.839250,2.738369,100,outer
388,353,14.439250,3.088369,100,outer
209,122,5.489250,-8.461632,100,outer
464,83,18.239250,-10.411632,100,outer
517,238,20.889250,-2.661632,100,outer
353,395,12.689250,5.188369,100,outer
454,69,17.739250,-11.111632,100,outer
520,243,21.039250,-2.411632,100,outer
171,275,3.589250,-0.811632,100,outer
232,105,6.639250,-9.311632,100,outer
76,266,-1.160750,-1.261632,100,outer
2,317,-4.860751,1.288368,100,outer
204,272,5.239250,-0.961632,100,outer
336,571,11.839250,13.988369,100,outer
377,343,13.889250,2.588369,100,outer
390,542,14.539250,12.538369,100,outer
41,394,-2.910750,5.138369,100,outer
389,354,14.489250,3.138369,100,outer
113,270,0.689250,-1.061632,100,outer
151,525,2.589250,11.688369,100,outer
434,505,16.739250,10.688369,100,outer
335,117,11.789250,-8.711632,100,outer
500,450,20.039250,7.938369,100,outer
309,65,10.489250,-11.311632,100,outer
327,113,11.389250,-8.911632,100,outer
521,244,21.089250,-2.361632,100,outer
163,536,3.189250,12.238369,100,outer
299,280,9.989250,-0.561632,100,outer
250,275,7.539250,-0.811632,100,outer
336,427,11.839250,6.788369,100,outer
282,456,9.139250,8.238369,100,outer
257,283,7.889250,-0.411632,100,outer
208,278,5.439250,-0.661632,100,outer
152,526,2.639250,11.738369,100,outer
60,263,-1.960750,-1.411632,100,outer
298,580,9.939250,14.438369,100,outer
535,264,21.789250,-1.361632,100,outer
472,473,18.639250,9.088369,100,outer
303,286,10.189250,-0.261632,100,outer
215,402,5.789250,5.538369,100,outer
67,424,-1.610750,6.638369,100,outer
242,276,7.139250,-0.761632,100,outer
490,112,19.539250,-8.961632,100,outer
495,456,19.789250,8.238369,100,outer
329,15,11.489250,-13.811632,100,outer
70,429,-1.460750,6.888369,100,outer
258,400,7.939250,5.438369,100,outer
359,303,12.989250,0.588368,100,outer
324,574,11.239250,14.138369,100,outer
508,166,20.439250,-6.261632,100,outer
56,265,-2.160750,-1.311632,100,outer
539,270,21.989250,-1.061632,100,outer
501,127,20.089250,-8.211632,100,outer
241,576,7.089250,14.238369,100,outer
288,279,9.439250,-0.611632,100,outer
504,132,20.239250,-7.961632,100,outer
71,430,-1.410750,6.938369,100,outer
246,282,7.339250,-0.461632,100,outer
4,340,-4.760751,2.438369,100,outer
151,273,2.589250,-0.911632,100,outer
325,575,11.289250,14.188369,100,outer
356,562,12.839250,13.538369,100,outer
377,356,13.889250,3.238369,100,outer
330,281,11.539250,-0.511632,100,outer
1,334,-4.910751,2.138369,100,outer
48,266,-2.560750,-1.261632,100,outer
409,16,15.489250,-13.761632,100,outer
309,78,10.489250,-10.661632,100,outer
5,304,-4.710751,0.638368,100,outer
185,271,4.289250,-1.011632,100,outer
177,267,3.889250,-1.211632,100,outer
138,196,1.939250,-4.761632,100,outer
312,83,10.639250,-10.411632,100,outer
222,418,6.139250,6.338369,100,outer
230,279,6.539250,-0.611632,100,outer
150,170,2.539250,-6.061632,100,outer
374,552,13.739250,13.038369,100,outer
279,580,8.989250,14.438369,100,outer
374,323,13.739250,1.588369,100,outer
287,404,9.389250,5.638369,100,outer
186,272,4.339250,-0.961632,100,outer
173,153,3.689250,-6.911632,100,outer
178,268,3.939250,-1.161632,100,outer
244,442,7.239250,7.538369,100,outer
373,327,13.689250,1.788369,100,outer
223,419,6.189250,6.388369,100,outer
284,286,9.239250,-0.261632,100,outer
384,373,14.239250,4.088369,100,outer
507,178,20.389250,-5.661632,100,outer
376,369,13.839250,3.888369,100,outer
222,274,6.139250,-0.861632,100,outer
8,351,-4.560751,2.988369,100,outer
107,473,0.389250,9.088369,100,outer
134,198,1.739250,-4.661632,100,outer
556,336,22.839250,2.238369,100,outer
388,343,14.439250,2.588369,100,outer
375,553,13.789250,13.088369,100,outer
218,569,5.939250,13.888369,100,outer
315,93,10.789250,-9.911632,100,outer
398,536,14.939250,12.238369,100,outer
151,250,2.589250,-2.061632,100,outer
78,266,-1.060750,-1.261632,100,outer
2,307,-4.860751,0.788368,100,outer
163,261,3.189250,-1.511632,100,outer
558,345,22.939250,2.688369,100,outer
223,275,6.189250,-0.811632,100,outer
445,59,17.289250,-11.611632,100,outer
1,311,-4.910751,0.988368,100,outer
132,502,1.639250,10.538369,100,outer
141,242,2.089250,-2.461632,100,outer
316,94,10.839250,-9.861632,100,outer
12,357,-4.360751,3.288369,100,outer
211,566,5.589250,13.738369,100,outer
502,184,20.139250,-5.361632,100,outer
309,55,10.489250,-11.811632,100,outer
79,267,-1.010750,-1.211632,100,outer
380,344,14.039250,2.638369,100,outer
319,99,10.989250,-9.611632,100,outer
375,0,13.789250,-14.561632,100,outer
344,421,12.239250,6.488369,100,outer
212,122,5.639250,-8.461632,100,outer
22,370,-3.860751,3.938369,100,outer
446,60,17.339250,-11.561632,100,outer
436,504,16.839250,10.638369,100,outer
356,395,12.839250,5.188369,100,outer
293,455,9.689250,8.188369,100,outer
174,275,3.739250,-0.811632,100,outer
449,65,17.489250,-11.311632,100,outer
502,220,20.139250,-3.561632,100,outer
333,119,11.689250,-8.611632,100,outer
143,516,2.189250,11.238369,100,outer
552,306,22.639250,0.738368,100,outer
116,270,0.839250,-1.061632,100,outer
311,100,10.589250,-9.561632,100,outer
471,89,18.589250,-10.111632,100,outer
340,423,12.039250,6.588369,100,outer
303,96,10.189250,-9.761632,100,outer
337,9,11.889250,-14.111632,100,outer
302,280,10.139250,-0.561632,100,outer
33,272,-3.310750,-0.961632,100,outer
26,376,-3.660750,4.238369,100,outer
158,532,2.939250,12.038369,100,outer
211,278,5.589250,-0.661632,100,outer
117,271,0.889250,-1.011632,100,outer
377,310,13.889250,0.938368,100,outer
147,522,2.389250,11.538369,100,outer
485,109,19.289250,-9.111632,100,outer
498,191,19.939250,-5.011632,100,outer
441,500,17.089250,10.438369,100,outer
296,93,9.839250,-9.911632,100,outer
312,446,10.639250,7.738369,100,outer
133,215,1.689250,-3.811632,100,outer
387,360,14.389250,3.438369,100,outer
180,147,4.039250,-7.211632,100,outer
306,286,10.339250,-0.261632,100,outer
379,356,13.989250,3.238369,100,outer
212,279,5.639250,-0.611632,100,outer
482,103,19.139250,-9.411632,100,outer
555,353,22.789250,3.088369,100,outer
358,562,12.939250,13.538369,100,outer
196,271,4.839250,-1.011632,100,outer
248,281,7.439250,-0.511632,100,outer
297,94,9.889250,-9.861632,100,outer
381,316,14.089250,1.238368,100,outer
52,406,-2.360750,5.738369,100,outer
368,383,13.439250,4.588369,100,outer
313,447,10.689250,7.788369,100,outer
309,68,10.489250,-11.161632,100,outer
514,437,20.739250,7.288369,100,outer
327,574,11.389250,14.138369,100,outer
534,415,21.739250,6.188369,100,outer
405,530,15.289250,11.938369,100,outer
291,279,9.589250,-0.611632,100,outer
471,475,18.589250,9.188369,100,outer
546,389,22.339250,4.888369,100,outer
274,455,8.739250,8.188369,100,outer
355,300,12.789250,0.438368,100,outer
188,272,4.439250,-0.961632,100,outer
139,230,1.989250,-3.061632,100,outer
191,277,4.589250,-0.711632,100,outer
351,415,12.589250,6.188369,100,outer
376,359,13.839250,3.388369,100,outer
88,450,-0.560750,7.938369,100,outer
545,280,22.289250,-0.561632,100,outer
363,389,13.189250,4.888369,100,outer
404,12,15.239250,-13.961632,100,outer
234,275,6.739250,-0.811632,100,outer
286,285,9.339250,-0.311632,100,outer
4,307,-4.760751,0.788368,100,outer
97,269,-0.110750,-1.111632,100,outer
366,314,13.339250,1.138368,100,outer
501,130,20.089250,-8.061632,100,outer
16,281,-4.160751,-0.511632,100,outer
282,580,9.139250,14.438369,100,outer
558,335,22.939250,2.188369,100,outer
377,552,13.889250,13.038369,100,outer
426,36,16.339250,-12.761632,100,outer
405,13,15.289250,-13.911632,100,outer
241,399,7.089250,5.388369,100,outer
504,135,20.239250,-7.811632,100,outer
490,200,19.539250,-4.561632,100,outer
92,456,-0.360750,8.238369,100,outer
181,268,4.089250,-1.161632,100,outer
416,22,15.839250,-13.461632,100,outer
221,570,6.089250,13.938369,100,outer
287,286,9.389250,-0.261632,100,outer
4,343,-4.760751,2.588369,100,outer
359,391,12.989250,4.988369,100,outer
218,415,5.939250,6.188369,100,outer
548,290,22.439250,-0.061632,100,outer
137,198,1.889250,-4.661632,100,outer
242,400,7.139250,5.438369,100,outer
324,24,11.239250,-13.361632,100,outer
215,117,5.789250,-8.711632,100,outer
240,439,7.039250,7.388369,100,outer
158,257,2.939250,-1.711632,100,outer
177,270,3.889250,-1.061632,100,outer
506,180,20.339250,-5.561632,100,outer
507,145,20.389250,-7.311632,100,outer
427,36,16.389250,-12.761632,100,outer
324,289,11.239250,-0.111632,100,outer
526,424,21.339250,6.638369,100,outer
343,568,12.189250,13.838369,100,outer
271,283,8.589250,-0.411632,100,outer
376,336,13.839250,2.238369,100,outer
382,379,14.139250,4.388369,100,outer
440,500,17.039250,10.438369,100,outer
279,403,8.989250,5.588369,100,outer
506,445,20.339250,7.688369,100,outer
262,579,8.139250,14.388369,100,outer
128,499,1.439250,10.388369,100,outer
35,271,-3.210750,-1.011632,100,outer
325,110,11.289250,-9.061632,100,outer
320,440,11.039250,7.438369,100,outer
13,289,-4.310751,-0.111632,100,outer
188,141,4.439250,-7.511632,100,outer
133,205,1.689250,-4.311632,100,outer
521,430,21.089250,6.938369,100,outer
119,270,0.989250,-1.061632,100,outer
463,80,18.189250,-10.561632,100,outer
412,523,15.639250,11.588369,100,outer
263,580,8.189250,14.438369,100,outer
145,179,2.289250,-5.611632,100,outer
478,468,18.939250,8.838369,100,outer
519,240,20.989250,-2.561632,100,outer
1,314,-4.910751,1.138368,100,outer
153,528,2.689250,11.838369,100,outer
33,383,-3.310750,4.588369,100,outer
362,293,13.139250,0.088368,100,outer
309,287,10.489250,-0.211632,100,outer
522,431,21.139250,6.988369,100,outer
214,278,5.739250,-0.661632,100,outer
380,347,14.039250,2.788369,100,outer
375,3,13.789250,-14.411632,100,outer
371,378,13.589250,4.338369,100,outer
43,396,-2.810750,5.238369,100,outer
317,407,10.889250,5.788369,100,outer
184,143,4.239250,-7.411632,100,outer
222,398,6.139250,5.338369,100,outer
9,291,-4.510751,-0.011632,100,outer
479,469,18.989250,8.888369,100,outer
154,529,2.739250,11.888369,100,outer
136,215,1.839250,-3.811632,100,outer
165,538,3.289250,12.338369,100,outer
247,577,7.389250,14.288369,100,outer
199,271,4.989250,-1.011632,100,outer
157,274,2.889250,-0.861632,100,outer
292,90,9.639250,-10.061632,100,outer
343,401,12.189250,5.488369,100,outer
108,269,0.439250,-1.111632,100,outer
492,115,19.639250,-8.811632,100,outer
47,402,-2.610750,5.538369,100,outer
0,327,-4.960751,1.788369,100,outer
294,279,9.739250,-0.611632,100,outer
141,186,2.089250,-5.261632,100,outer
307,69,10.389250,-11.111632,100,outer
555,320,22.789250,1.438369,100,outer
277,455,8.889250,8.188369,100,outer
532,416,21.639250,6.238369,100,outer
493,116,19.689250,-8.761632,100,outer
236,274,6.839250,-0.861632,100,outer
156,165,2.839250,-6.311632,100,outer
331,17,11.589250,-13.711632,100,outer
355,411,12.789250,5.988369,100,outer
260,402,8.039250,5.538369,100,outer
447,494,17.389250,10.138369,100,outer
367,385,13.389250,4.688369,100,outer
308,70,10.439250,-11.061632,100,outer
387,363,14.389250,3.588369,100,outer
355,2,12.789250,-14.461632,100,outer
379,359,13.989250,3.388369,100,outer
246,95,7.339250,-9.811632,100,outer
344,401,12.239250,5.488369,100,outer
331,282,11.589250,-0.461632,100,outer
137,188,1.889250,-5.161632,100,outer
372,320,13.639250,1.438369,100,outer
157,166,2.889250,-6.261632,100,outer
343,293,12.189250,0.088368,100,outer
312,40,10.639250,-12.561632,100,outer
223,111,6.189250,-9.011632,100,outer
135,227,1.789250,-3.211632,100,outer
289,285,9.489250,-0.311632,100,outer
73,432,-1.310750,7.038369,100,outer
557,365,22.889250,3.688369,100,outer
381,548,14.089250,12.838369,100,outer
179,270,3.989250,-1.061632,100,outer
285,580,9.289250,14.438369,100,outer
224,421,6.239250,6.488369,100,outer
244,399,7.239250,5.388369,100,outer
485,462,19.289250,8.538369,100,outer
272,89,8.639250,-10.111632,100,outer
87,452,-0.610750,8.038369,100,outer
290,286,9.539250,-0.261632,100,outer
311,80,10.589250,-10.561632,100,outer
544,282,22.239250,-0.461632,100,outer
254,449,7.739250,7.888369,100,outer
274,278,8.739250,-0.661632,100,outer
180,271,4.039250,-1.011632,100,outer
195,134,4.789250,-7.861632,100,outer
345,567,12.289250,13.788369,100,outer
225,422,6.289250,6.538369,100,outer
245,400,7.289250,5.438369,100,outer
232,281,6.639250,-0.511632,100,outer
43,265,-2.810750,-1.311632,100,outer
218,117,5.939250,-8.711632,100,outer
393,6,14.689250,-14.261632,100,outer
109,476,0.489250,9.238369,100,outer
142,244,2.139250,-2.361632,100,outer
317,96,10.889250,-9.761632,100,outer
300,452,10.039250,8.038369,100,outer
153,253,2.689250,-1.911632,100,outer
346,568,12.339250,13.838369,100,outer
420,517,16.039250,11.288369,100,outer
327,289,11.389250,-0.111632,100,outer
486,462,19.339250,8.538369,100,outer
273,89,8.689250,-10.111632,100,outer
10,353,-4.460751,3.088369,100,outer
217,274,5.889250,-0.861632,100,outer
447,62,17.389250,-11.461632,100,outer
500,217,20.039250,-3.711632,100,outer
134,505,1.739250,10.688369,100,outer
282,403,9.139250,5.588369,100,outer
318,97,10.939250,-9.711632,100,outer
154,254,2.739250,-1.861632,100,outer
328,290,11.439250,-0.061632,100,outer
24,373,-3.760751,4.088369,100,outer
366,402,13.339250,5.538369,100,outer
501,218,20.089250,-3.661632,100,outer
259,276,7.989250,-0.761632,100,outer
458,485,17.939250,9.688369,100,outer
283,404,9.189250,5.638369,100,outer
163,159,3.189250,-6.611632,100,outer
136,205,1.839250,-4.311632,100,outer
524,430,21.239250,6.938369,100,outer
381,381,14.089250,4.488369,100,outer
266,580,8.339250,14.438369,100,outer
319,406,10.989250,5.738369,100,outer
509,158,20.489250,-6.661632,100,outer
225,399,6.289250,5.388369,100,outer
260,91,8.039250,-10.011632,100,outer
448,62,17.439250,-11.461632,100,outer
321,107,11.089250,-9.211632,100,outer
28,379,-3.560750,4.388369,100,outer
288,455,9.439250,8.188369,100,outer
362,404,13.139250,5.638369,100,outer
230,105,6.539250,-9.311632,100,outer
0,317,-4.960751,1.288368,100,outer
334,571,11.739250,13.988369,100,outer
319,442,10.989250,7.538369,100,outer
320,407,11.039250,5.788369,100,outer
12,291,-4.360751,-0.011632,100,outer
261,92,8.089250,-9.961632,100,outer
302,93,10.139250,-9.911632,100,outer
32,269,-3.360750,-1.111632,100,outer
205,277,5.289250,-0.711632,100,outer
515,237,20.789250,-2.711632,100,outer
555,310,22.789250,0.938368,100,outer
379,313,13.989250,1.088368,100,outer
144,181,2.239250,-5.511632,100,outer
358,290,12.939250,-0.061632,100,outer
365,558,13.289250,13.338369,100,outer
339,11,11.989250,-14.011632,100,outer
350,286,12.539250,-0.261632,100,outer
262,402,8.139250,5.538369,100,outer
160,534,3.039250,12.138369,100,outer
297,280,9.889250,-0.561632,100,outer
202,271,5.139250,-1.011632,100,outer
280,456,9.039250,8.238369,100,outer
346,401,12.339250,5.488369,100,outer
380,314,14.039250,1.138368,100,outer
58,263,-2.060750,-1.411632,100,outer
487,111,19.389250,-9.011632,100,outer
296,580,9.839250,14.438369,100,outer
225,111,6.289250,-9.011632,100,outer
377,388,13.889250,4.838369,100,outer
383,319,14.189250,1.388369,100,outer
54,409,-2.260750,5.888369,100,outer
557,355,22.889250,3.188369,100,outer
301,286,10.089250,-0.261632,100,outer
248,94,7.439250,-9.861632,100,outer
206,277,5.339250,-0.711632,100,outer
139,187,1.989250,-5.211632,100,outer
314,39,10.739250,-12.611632,100,outer
239,274,6.989250,-0.861632,100,outer
488,112,19.439250,-8.961632,100,outer
64,422,-1.760750,6.538369,100,outer
493,456,19.689250,8.238369,100,outer
291,92,9.589250,-9.961632,100,outer
136,218,1.839250,-3.661632,100,outer
103,270,0.189250,-1.061632,100,outer
54,265,-2.260750,-1.311632,100,outer
335,427,11.789250,6.788369,100,outer
8,298,-4.560751,0.338368,100,outer
497,197,19.889250,-4.711632,100,outer
249,95,7.489250,-9.811632,100,outer
140,188,2.039250,-5.161632,100,outer
65,423,-1.710750,6.588369,100,outer
240,275,7.039250,-0.811632,100,outer
548,391,22.439250,4.988369,100,outer
386,329,14.339250,1.888369,100,outer
547,283,22.389250,-0.411632,100,outer
357,302,12.889250,0.538368,100,outer
149,273,2.489250,-0.911632,100,outer
207,566,5.389250,13.738369,100,outer
214,402,5.739250,5.538369,100,outer
335,283,11.789250,-0.411632,100,outer
275,89,8.789250,-10.111632,100,outer
387,330,14.389250,1.938369,100,outer
502,131,20.139250,-8.011632,100,outer
373,395,13.689250,5.188369,100,outer
378,361,13.939250,3.488369,100,outer
90,452,-0.460750,8.038369,100,outer
532,419,21.639250,6.388369,100,outer
371,322,13.589250,1.538369,100,outer
3,304,-4.810751,0.638368,100,outer
2,339,-4.860751,2.388369,100,outer
277,278,8.889250,-0.661632,100,outer
492,203,19.639250,-4.411632,100,outer
183,271,4.189250,-1.011632,100,outer
377,365,13.889250,3.688369,100,outer
544,393,22.239250,5.088369,100,outer
175,267,3.789250,-1.211632,100,outer
135,194,1.789250,-4.861632,100,outer
330,290,11.539250,-0.061632,100,outer
235,281,6.789250,-0.511632,100,outer
310,46,10.539250,-12.261632,100,outer
425,33,16.289250,-12.911632,100,outer
326,436,11.339250,7.238369,100,outer
18,283,-4.060751,-0.411632,100,outer
91,453,-0.410750,8.088369,100,outer
428,38,16.439250,-12.661632,100,outer
506,137,20.339250,-7.711632,100,outer
303,452,10.189250,8.038369,100,outer
94,458,-0.260750,8.338369,100,outer
171,153,3.589250,-6.911632,100,outer
346,5,12.339250,-14.311632,100,outer
369,397,13.489250,5.288369,100,outer
42,268,-2.860750,-1.161632,100,outer
505,178,20.289250,-5.661632,100,outer
311,47,10.589250,-12.211632,100,outer
281,284,9.089250,-0.361632,100,outer
335,404,11.789250,5.638369,100,outer
215,568,5.789250,13.838369,100,outer
194,136,4.739250,-7.761632,100,outer
220,274,6.039250,-0.861632,100,outer
323,21,11.189250,-13.511632,100,outer
429,39,16.489250,-12.611632,100,outer
509,148,20.489250,-7.161632,100,outer
285,403,9.289250,5.588369,100,outer
216,569,5.839250,13.888369,100,outer
208,565,5.439250,13.688369,100,outer
396,536,14.839250,12.238369,100,outer
160,259,3.039250,-1.611632,100,outer
126,495,1.339250,10.188369,100,outer
375,333,13.789250,2.088369,100,outer
556,345,22.839250,2.688369,100,outer
496,214,19.839250,-3.861632,100,outer
331,406,11.589250,5.738369,100,outer
273,285,8.689250,-0.311632,100,outer
224,280,6.239250,-0.561632,100,outer
130,502,1.539250,10.538369,100,outer
364,403,13.239250,5.588369,100,outer
171,274,3.589250,-0.861632,100,outer
2,316,-4.860751,1.238368,100,outer
209,566,5.489250,13.738369,100,outer
201,562,5.089250,13.538369,100,outer
311,577,10.589250,14.288369,100,outer
228,399,6.439250,5.388369,100,outer
389,353,14.489250,3.088369,100,outer
319,288,10.989250,-0.161632,100,outer
291,455,9.589250,8.188369,100,outer
327,112,11.389250,-8.961632,100,outer
468,88,18.439250,-10.161632,100,outer
233,105,6.689250,-9.311632,100,outer
77,266,-1.110750,-1.261632,100,outer
521,243,21.089250,-2.411632,100,outer
337,571,11.889250,13.988369,100,outer
457,487,17.889250,9.788369,100,outer
391,542,14.589250,12.538369,100,outer
323,407,11.189250,5.788369,100,outer
274,402,8.739250,5.538369,100,outer
465,82,18.289250,-10.461632,100,outer
444,59,17.239250,-11.611632,100,outer
45,399,-2.710750,5.388369,100,outer
298,579,9.939250,14.388369,100,outer
522,244,21.139250,-2.361632,100,outer
364,295,13.239250,0.188368,100,outer
251,275,7.589250,-0.811632,100,outer
350,397,12.539250,5.288369,100,outer
525,249,21.289250,-2.111632,100,outer
337,427,11.889250,6.788369,100,outer
370,375,13.539250,4.188369,100,outer
283,456,9.189250,8.238369,100,outer
262,284,8.139250,-0.361632,100,outer
209,278,5.489250,-0.661632,100,outer
46,400,-2.660750,5.438369,100,outer
509,161,20.489250,-6.511632,100,outer
469,88,18.489250,-10.161632,100,outer
156,531,2.839250,11.988369,100,outer
293,91,9.689250,-10.011632,100,outer
508,165,20.439250,-6.311632,100,outer
539,269,21.989250,-1.111632,100,outer
304,286,10.239250,-0.261632,100,outer
376,391,13.839250,4.988369,100,outer
556,358,22.839250,3.338369,100,outer
333,429,11.689250,6.888369,100,outer
536,263,21.839250,-1.411632,100,outer
201,130,5.089250,-8.061632,100,outer
71,429,-1.410750,6.888369,100,outer
259,400,7.989250,5.438369,100,outer
246,281,7.339250,-0.511632,100,outer
494,117,19.739250,-8.711632,100,outer
325,574,11.289250,14.138369,100,outer
57,265,-2.110750,-1.311632,100,outer
2,329,-4.860751,1.888369,100,outer
242,576,7.139250,14.238369,100,outer
303,406,10.189250,5.738369,100,outer
377,355,13.889250,3.188369,100,outer
557,322,22.889250,1.538369,100,outer
194,270,4.739250,-1.061632,100,outer
334,430,11.739250,6.938369,100,outer
272,455,8.639250,8.188369,100,outer
247,282,7.389250,-0.461632,100,outer
152,273,2.639250,-0.911632,100,outer
352,298,12.639250,0.338368,100,outer
366,382,13.339250,4.538369,100,outer
492,458,19.639250,8.338369,100,outer
75,435,-1.210750,7.188369,100,outer
7,300,-4.610751,0.438368,100,outer
94,268,-0.260750,-1.161632,100,outer
357,4,12.889250,-14.361632,100,outer
202,130,5.139250,-8.061632,100,outer
213,405,5.689250,5.688369,100,outer
326,282,11.339250,-0.461632,100,outer
345,295,12.289250,0.188368,100,outer
507,177,20.389250,-5.711632,100,outer
284,285,9.239250,-0.311632,100,outer
464,481,18.239250,9.488369,100,outer
384,372,14.239250,4.038369,100,outer
189,276,4.489250,-0.761632,100,outer
95,269,-0.210750,-1.111632,100,outer
376,368,13.839250,3.838369,100,outer
375,552,13.789250,13.038369,100,outer
280,580,9.039250,14.438369,100,outer
134,197,1.739250,-4.711632,100,outer
86,449,-0.660750,7.888369,100,outer
556,335,22.839250,2.188369,100,outer
361,388,13.089250,4.838369,100,outer
402,11,15.139250,-14.011632,100,outer
274,91,8.739250,-10.011632,100,outer
245,442,7.289250,7.538369,100,outer
240,98,7.039250,-9.661632,100,outer
2,306,-4.860751,0.738368,100,outer
227,424,6.389250,6.638369,100,outer
389,343,14.489250,2.588369,100,outer
543,401,22.189250,5.488369,100,outer
549,295,22.489250,0.188368,100,outer
141,241,2.089250,-2.511632,100,outer
316,93,10.839250,-9.911632,100,outer
132,272,1.639250,-0.961632,100,outer
12,356,-4.360751,3.238369,100,outer
508,443,20.439250,7.588369,100,outer
79,266,-1.010750,-1.261632,100,outer
371,554,13.589250,13.138369,100,outer
144,246,2.239250,-2.261632,100,outer
319,98,10.989250,-9.661632,100,outer
170,155,3.539250,-6.811632,100,outer
269,277,8.489250,-0.711632,100,outer
504,180,20.239250,-5.561632,100,outer
322,289,11.139250,-0.111632,100,outer
550,296,22.539250,0.238368,100,outer
227,280,6.389250,-0.561632,100,outer
112,479,0.639250,9.388369,100,outer
133,273,1.689250,-0.911632,100,outer
449,64,17.489250,-11.361632,100,outer
145,247,2.289250,-2.211632,100,outer
320,99,11.039250,-9.611632,100,outer
16,362,-4.160751,3.538369,100,outer
115,484,0.789250,9.638369,100,outer
231,399,6.589250,5.388369,100,outer
539,403,21.989250,5.588369,100,outer
122,492,1.139250,10.038369,100,outer
503,449,20.189250,7.888369,100,outer
26,375,-3.660750,4.188369,100,outer
450,65,17.539250,-11.311632,100,outer
208,123,5.439250,-8.411632,100,outer
137,508,1.889250,10.838369,100,outer
352,396,12.639250,5.238369,100,outer
359,292,12.989250,0.038368,100,outer
334,119,11.739250,-8.611632,100,outer
506,225,20.339250,-3.311632,100,outer
117,270,0.889250,-1.061632,100,outer
318,31,10.939250,-13.011632,100,outer
341,423,12.089250,6.588369,100,outer
27,376,-3.610750,4.238369,100,outer
388,355,14.439250,3.188369,100,outer
307,281,10.389250,-0.511632,100,outer
209,124,5.489250,-8.361632,100,outer
323,109,11.189250,-9.111632,100,outer
353,397,12.689250,5.288369,100,outer
475,94,18.789250,-9.861632,100,outer
30,381,-3.460750,4.488369,100,outer
373,375,13.689250,4.188369,100,outer
265,284,8.289250,-0.361632,100,outer
517,240,20.889250,-2.561632,100,outer
555,352,22.789250,3.038369,100,outer
371,302,13.589250,0.538368,100,outer
212,278,5.639250,-0.661632,100,outer
2,319,-4.860751,1.388369,100,outer
499,451,19.989250,7.988369,100,outer
68,264,-1.560750,-1.361632,100,outer
377,345,13.889250,2.688369,100,outer
148,522,2.439250,11.538369,100,outer
220,398,6.039250,5.338369,100,outer
381,315,14.089250,1.188368,100,outer
476,95,18.839250,-9.811632,100,outer
360,292,13.039250,0.038368,100,outer
313,446,10.689250,7.738369,100,outer
309,67,10.489250,-11.211632,100,outer
352,288,12.639250,-0.161632,100,outer
252,579,7.639250,14.388369,100,outer
205,126,5.289250,-8.261632,100,outer
334,11,11.739250,-14.011632,100,outer
250,277,7.539250,-0.711632,100,outer
486,108,19.339250,-9.161632,100,outer
465,85,18.289250,-10.311632,100,outer
249,281,7.489250,-0.511632,100,outer
60,265,-1.960750,-1.311632,100,outer
181,146,4.089250,-7.261632,100,outer
56,411,-2.160750,5.988369,100,outer
292,279,9.639250,-0.611632,100,outer
355,564,12.789250,13.638369,100,outer
275,455,8.789250,8.188369,100,outer
376,358,13.839250,3.338369,100,outer
234,274,6.739250,-0.861632,100,outer
515,436,20.789250,7.238369,100,outer
496,194,19.839250,-4.861632,100,outer
406,529,15.339250,11.888369,100,outer
359,305,12.989250,0.688368,100,outer
192,277,4.639250,-0.711632,100,outer
508,168,20.439250,-6.161632,100,outer
97,268,-0.110750,-1.161632,100,outer
366,313,13.339250,1.088368,100,outer
177,148,3.889250,-7.161632,100,outer
360,4,13.039250,-14.361632,100,outer
501,129,20.089250,-8.111632,100,outer
531,417,21.589250,6.288369,100,outer
329,282,11.489250,-0.461632,100,outer
369,318,13.489250,1.338369,100,outer
468,477,18.439250,9.288369,100,outer
397,8,14.889250,-14.161632,100,outer
330,18,11.539250,-13.661632,100,outer
92,455,-0.360750,8.188369,100,outer
555,365,22.789250,3.688369,100,outer
98,269,-0.060750,-1.111632,100,outer
283,580,9.189250,14.438369,100,outer
137,197,1.889250,-4.711632,100,outer
402,531,15.139250,11.988369,100,outer
295,405,9.789250,5.688369,100,outer
444,497,17.239250,10.288369,100,outer
370,319,13.539250,1.388369,100,outer
242,399,7.139250,5.388369,100,outer
235,274,6.789250,-0.861632,100,outer
277,91,8.889250,-10.011632,100,outer
505,135,20.289250,-7.811632,100,outer
409,18,15.489250,-13.661632,100,outer
193,277,4.689250,-0.711632,100,outer
219,415,5.989250,6.188369,100,outer
272,278,8.639250,-0.661632,100,outer
137,233,1.889250,-2.911632,100,outer
312,85,10.639250,-10.311632,100,outer
506,179,20.339250,-5.611632,100,outer
103,469,0.189250,8.888369,100,outer
135,272,1.789250,-0.961632,100,outer
348,416,12.439250,6.238369,100,outer
376,335,13.839250,2.188369,100,outer
216,117,5.839250,-8.711632,100,outer
374,554,13.739250,13.138369,100,outer
147,246,2.389250,-2.261632,100,outer
360,390,13.039250,4.938369,100,outer
252,448,7.639250,7.838369,100,outer
348,7,12.439250,-14.211632,100,outer
178,270,3.939250,-1.061632,100,outer
239,100,6.989250,-9.561632,100,outer
508,145,20.439250,-7.311632,100,outer
325,289,11.289250,-0.111632,100,outer
384,375,14.239250,4.188369,100,outer
136,273,1.839250,-0.911632,100,outer
8,353,-4.560751,3.088369,100,outer
431,41,16.589250,-12.511632,100,outer
134,200,1.739250,-4.561632,100,outer
388,345,14.439250,2.688369,100,outer
148,247,2.439250,-2.211632,100,outer
383,1,14.189250,-14.511632,100,outer
11,358,-4.410751,3.338369,100,outer
280,403,9.039250,5.588369,100,outer
542,403,22.139250,5.588369,100,outer
210,567,5.539250,13.788369,100,outer
133,204,1.689250,-4.361632,100,outer
37,267,-3.110750,-1.211632,100,outer
382,5,14.139250,-14.311632,100,outer
527,423,21.389250,6.588369,100,outer
70,264,-1.460750,-1.361632,100,outer
263,579,8.189250,14.388369,100,outer
129,499,1.489250,10.388369,100,outer
264,278,8.239250,-0.661632,100,outer
215,273,5.789250,-0.911632,100,outer
1,313,-4.910751,1.088368,100,outer
132,504,1.639250,10.638369,100,outer
309,57,10.489250,-11.711632,100,outer
203,564,5.189250,13.638369,100,outer
413,523,15.689250,11.588369,100,outer
380,346,14.039250,2.738369,100,outer
317,406,10.889250,5.738369,100,outer
310,281,10.539250,-0.511632,100,outer
258,91,7.939250,-10.011632,100,outer
9,290,-4.510751,-0.061632,100,outer
467,85,18.389250,-10.311632,100,outer
22,372,-3.860751,4.038369,100,outer
154,528,2.739250,11.838369,100,outer
133,505,1.689250,10.688369,100,outer
513,438,20.689250,7.338369,100,outer
268,284,8.439250,-0.361632,100,outer
355,289,12.789250,-0.111632,100,outer
330,116,11.539250,-8.761632,100,outer
336,10,11.839250,-14.061632,100,outer
503,187,20.189250,-5.211632,100,outer
37,388,-3.110750,4.838369,100,outer
207,274,5.389250,-0.861632,100,outer
380,382,14.039250,4.538369,100,outer
523,245,21.189250,-2.311632,100,outer
318,407,10.939250,5.788369,100,outer
259,92,7.989250,-9.961632,100,outer
210,279,5.539250,-0.611632,100,outer
538,410,21.939250,5.938369,100,outer
155,529,2.789250,11.888369,100,outer
409,525,15.489250,11.688369,100,outer
47,401,-2.610750,5.488369,100,outer
142,181,2.139250,-5.511632,100,outer
317,33,10.889250,-12.911632,100,outer
524,246,21.239250,-2.261632,100,outer
0,326,-4.960751,1.738369,100,outer
556,315,22.839250,1.188368,100,outer
550,384,22.539250,4.638369,100,outer
200,271,5.039250,-1.011632,100,outer
132,216,1.639250,-3.761632,100,outer
185,142,4.289250,-7.461632,100,outer
109,269,0.489250,-1.111632,100,outer
48,402,-2.560750,5.538369,100,outer
538,266,21.939250,-1.261632,100,outer
355,410,12.789250,5.938369,100,outer
260,401,8.039250,5.488369,100,outer
288,91,9.439250,-10.011632,100,outer
367,384,13.389250,4.638369,100,outer
133,217,1.689250,-3.711632,100,outer
555,355,22.789250,3.188369,100,outer
387,362,14.389250,3.538369,100,outer
243,577,7.189250,14.288369,100,outer
482,105,19.139250,-9.311632,100,outer
278,455,8.939250,8.188369,100,outer
379,358,13.989250,3.338369,100,outer
204,277,5.239250,-0.711632,100,outer
533,416,21.689250,6.238369,100,outer
344,400,12.239250,5.438369,100,outer
312,39,10.639250,-12.611632,100,outer
237,274,6.889250,-0.861632,100,outer
404,531,15.239250,11.988369,100,outer
261,402,8.089250,5.538369,100,outer
497,121,19.889250,-8.511632,100,outer
146,272,2.339250,-0.961632,100,outer
309,70,10.489250,-11.061632,100,outer
514,439,20.739250,7.388369,100,outer
534,417,21.739250,6.288369,100,outer
247,95,7.389250,-9.811632,100,outer
84,446,-0.760750,7.738369,100,outer
332,282,11.639250,-0.461632,100,outer
21,277,-3.910751,-0.711632,100,outer
544,281,22.239250,-0.511632,100,outer
290,285,9.539250,-0.311632,100,outer
311,79,10.589250,-10.611632,100,outer
355,302,12.789250,0.538368,100,outer
340,402,12.039250,5.538369,100,outer
241,280,7.089250,-0.561632,100,outer
448,493,17.439250,10.088369,100,outer
153,167,2.689250,-6.211632,100,outer
52,264,-2.360750,-1.361632,100,outer
139,232,1.989250,-2.961632,100,outer
225,421,6.289250,6.488369,100,outer
298,405,9.939250,5.688369,100,outer
507,170,20.389250,-6.061632,100,outer
245,399,7.289250,5.388369,100,outer
530,419,21.539250,6.388369,100,outer
412,18,15.639250,-13.661632,100,outer
404,14,15.239250,-13.861632,100,outer
388,335,14.439250,2.188369,100,outer
328,433,11.439250,7.088369,100,outer
275,278,8.789250,-0.661632,100,outer
140,233,2.039250,-2.911632,100,outer
375,365,13.789250,3.688369,100,outer
529,423,21.489250,6.588369,100,outer
172,265,3.639250,-1.311632,100,outer
4,309,-4.760751,0.888368,100,outer
346,567,12.339250,13.788369,100,outer
233,281,6.689250,-0.511632,100,outer
420,516,16.039250,11.238369,100,outer
184,276,4.239250,-0.761632,100,outer
89,267,-0.510750,-1.211632,100,outer
229,427,6.489250,6.788369,100,outer
558,337,22.939250,2.288369,100,outer
405,15,15.289250,-13.811632,100,outer
318,96,10.939250,-9.761632,100,outer
301,452,10.089250,8.038369,100,outer
113,481,0.689250,9.488369,100,outer
213,568,5.689250,13.838369,100,outer
173,266,3.689250,-1.261632,100,outer
146,249,2.339250,-2.111632,100,outer
359,393,12.989250,5.088369,100,outer
165,262,3.289250,-1.461632,100,outer
328,289,11.439250,-0.111632,100,outer
279,284,8.989250,-0.361632,100,outer
309,47,10.489250,-12.211632,100,outer
17,284,-4.110751,-0.361632,100,outer
192,136,4.639250,-7.761632,100,outer
137,200,1.889250,-4.561632,100,outer
548,292,22.439250,0.038368,100,outer
525,425,21.289250,6.688369,100,outer
283,403,9.189250,5.588369,100,outer
149,174,2.489250,-5.861632,100,outer
504,222,20.239250,-3.461632,100,outer
215,119,5.789250,-8.611632,100,outer
322,102,11.139250,-9.461632,100,outer
124,495,1.239250,10.188369,100,outer
218,273,5.939250,-0.911632,100,outer
526,426,21.339250,6.738369,100,outer
427,38,16.389250,-12.661632,100,outer
552,298,22.639250,0.338368,100,outer
271,285,8.589250,-0.311632,100,outer
376,338,13.839250,2.338369,100,outer
505,223,20.289250,-3.411632,100,outer
127,271,1.389250,-1.011632,100,outer
206,564,5.339250,13.638369,100,outer
0,316,-4.960751,1.238368,100,outer
382,381,14.139250,4.488369,100,outer
74,265,-1.260750,-1.311632,100,outer
198,560,4.939250,13.438369,100,outer
214,568,5.739250,13.838369,100,outer
319,441,10.989250,7.488369,100,outer
320,406,11.039250,5.738369,100,outer
12,290,-4.360751,-0.061632,100,outer
226,399,6.339250,5.388369,100,outer
261,91,8.089250,-10.011632,100,outer
307,58,10.389250,-11.661632,100,outer
555,309,22.789250,0.888368,100,outer
29,379,-3.510750,4.388369,100,outer
164,158,3.239250,-6.661632,100,outer
222,279,6.139250,-0.611632,100,outer
363,404,13.189250,5.638369,100,outer
452,67,17.639250,-11.211632,100,outer
389,542,14.489250,12.538369,100,outer
455,487,17.789250,9.788369,100,outer
320,442,11.039250,7.538369,100,outer
321,407,11.089250,5.788369,100,outer
521,432,21.089250,7.038369,100,outer
133,207,1.689250,-4.211632,100,outer
308,59,10.439250,-11.611632,100,outer
463,82,18.189250,-10.461632,100,outer
366,558,13.339250,13.338369,100,outer
380,313,14.039250,1.088368,100,outer
150,525,2.539250,11.688369,100,outer
478,470,18.939250,8.938369,100,outer
296,579,9.839250,14.388369,100,outer
519,242,20.989250,-2.461632,100,outer
161,534,3.089250,12.138369,100,outer
263,402,8.189250,5.538369,100,outer
256,277,7.839250,-0.711632,100,outer
231,104,6.589250,-9.361632,100,outer
557,354,22.889250,3.138369,100,outer
502,189,20.139250,-5.111632,100,outer
347,401,12.389250,5.488369,100,outer
380,349,14.039250,2.888369,100,outer
297,580,9.889250,14.438369,100,outer
362,560,13.139250,13.438369,100,outer
537,412,21.889250,6.038369,100,outer
136,217,1.839250,-3.711632,100,outer
8,297,-4.560751,0.288368,100,outer
336,13,11.839250,-13.911632,100,outer
249,94,7.489250,-9.861632,100,outer
207,277,5.389250,-0.711632,100,outer
293,280,9.689250,-0.561632,100,outer
509,170,20.489250,-6.061632,100,outer
65,422,-1.710750,6.538369,100,outer
331,572,11.589250,14.038369,100,outer
264,402,8.239250,5.538369,100,outer
68,427,-1.560750,6.788369,100,outer
292,92,9.639250,-9.961632,100,outer
492,117,19.639250,-8.711632,100,outer
0,329,-4.960751,1.888369,100,outer
335,282,11.789250,-0.461632,100,outer
555,322,22.789250,1.538369,100,outer
386,364,14.339250,3.638369,100,outer
378,360,13.939250,3.438369,100,outer
69,428,-1.510750,6.838369,100,outer
358,302,12.939250,0.538368,100,outer
150,273,2.539250,-0.911632,100,outer
350,298,12.539250,0.338368,100,outer
156,167,2.839250,-6.211632,100,outer
498,196,19.939250,-4.761632,100,outer
222,112,6.139250,-8.961632,100,outer
326,435,11.339250,7.188369,100,outer
276,89,8.839250,-10.111632,100,outer
92,268,-0.360750,-1.161632,100,outer
200,130,5.039250,-8.061632,100,outer
246,97,7.339250,-9.711632,100,outer
503,131,20.189250,-8.011632,100,outer
270,454,8.539250,8.138369,100,outer
137,190,1.889250,-5.061632,100,outer
407,14,15.389250,-13.861632,100,outer
303,451,10.189250,7.988369,100,outer
278,278,8.939250,-0.661632,100,outer
94,457,-0.260750,8.288369,100,outer
176,267,3.839250,-1.211632,100,outer
135,229,1.789250,-3.111632,100,outer
310,81,10.539250,-10.511632,100,outer
221,418,6.089250,6.338369,100,outer
505,177,20.289250,-5.711632,100,outer
187,276,4.389250,-0.761632,100,outer
408,15,15.439250,-13.811632,100,outer
485,464,19.289250,8.638369,100,outer
324,281,11.239250,-0.511632,100,outer
272,91,8.639250,-10.011632,100,outer
400,11,15.039250,-14.011632,100,outer
95,458,-0.210750,8.338369,100,outer
370,397,13.539250,5.288369,100,outer
136,230,1.839250,-3.061632,100,outer
376,328,13.839250,1.838369,100,outer
311,82,10.589250,-10.461632,100,outer
216,568,5.839250,13.838369,100,outer
93,268,-0.310750,-1.161632,100,outer
374,367,13.739250,3.788369,100,outer
221,274,6.089250,-0.861632,100,outer
375,332,13.789250,2.038369,100,outer
6,349,-4.660751,2.888369,100,outer
528,425,21.439250,6.688369,100,outer
419,518,15.989250,11.338369,100,outer
331,405,11.589250,5.688369,100,outer
224,279,6.239250,-0.611632,100,outer
130,272,1.539250,-0.961632,100,outer
393,8,14.689250,-14.161632,100,outer
433,44,16.689250,-12.361632,100,outer
463,481,18.189250,9.488369,100,outer
161,259,3.089250,-1.611632,100,outer
316,282,10.839250,-0.461632,100,outer
267,277,8.389250,-0.711632,100,outer
541,400,22.089250,5.438369,100,outer
379,338,13.989250,2.338369,100,outer
225,280,6.289250,-0.561632,100,outer
365,403,13.289250,5.588369,100,outer
191,138,4.589250,-7.661632,100,outer
16,286,-4.160751,-0.261632,100,outer
385,3,14.289250,-14.411632,100,outer
500,219,20.039250,-3.611632,100,outer
134,507,1.739250,10.788369,100,outer
551,301,22.589250,0.488368,100,outer
553,374,22.689250,4.138369,100,outer
307,578,10.389250,14.338369,100,outer
264,91,8.239250,-10.011632,100,outer
444,58,17.239250,-11.661632,100,outer
320,288,11.039250,-0.161632,100,outer
131,501,1.589250,10.488369,100,outer
501,449,20.089250,7.888369,100,outer
292,455,9.639250,8.188369,100,outer
501,220,20.089250,-3.561632,100,outer
364,294,13.239250,0.138368,100,outer
331,117,11.589250,-8.711632,100,outer
163,161,3.189250,-6.511632,100,outer
275,402,8.789250,5.538369,100,outer
136,207,1.839250,-4.211632,100,outer
229,106,6.489250,-9.261632,100,outer
381,383,14.089250,4.588369,100,outer
377,4,13.889250,-14.361632,100,outer
333,572,11.689250,14.038369,100,outer
369,0,13.489250,-14.561632,100,outer
11,292,-4.410751,0.038368,100,outer
469,87,18.489250,-10.211632,100,outer
509,160,20.489250,-6.561632,100,outer
31,270,-3.410750,-1.061632,100,outer
299,579,9.989250,14.388369,100,outer
156,530,2.839250,11.938369,100,outer
364,559,13.239250,13.388369,100,outer
365,295,13.289250,0.188368,100,outer
526,249,21.339250,-2.111632,100,outer
332,118,11.639250,-8.661632,100,outer
263,284,8.189250,-0.361632,100,outer
168,275,3.439250,-0.811632,100,outer
230,107,6.539250,-9.211632,100,outer
179,550,3.989250,12.938369,100,outer
388,544,14.439250,12.638369,100,outer
454,489,17.739250,9.888369,100,outer
66,264,-1.660750,-1.361632,100,outer
520,434,21.039250,7.138369,100,outer
302,95,10.139250,-9.811632,100,outer
555,312,22.789250,1.038368,100,outer
157,531,2.889250,11.988369,100,outer
294,91,9.739250,-10.011632,100,outer
50,405,-2.460750,5.688369,100,outer
168,540,3.439250,12.438369,100,outer
2,328,-4.860751,1.838369,100,outer
557,321,22.889250,1.488369,100,outer
484,108,19.239250,-9.161632,100,outer
300,287,10.039250,-0.211632,100,outer
247,281,7.389250,-0.511632,100,outer
426,512,16.339250,11.038369,100,outer
58,265,-2.060750,-1.311632,100,outer
492,457,19.639250,8.288369,100,outer
75,434,-1.210750,7.138369,100,outer
377,390,13.889250,4.938369,100,outer
383,321,14.189250,1.488369,100,outer
255,401,7.789250,5.488369,100,outer
304,406,10.239250,5.738369,100,outer
557,357,22.889250,3.288369,100,outer
7,299,-4.610751,0.388368,100,outer
248,96,7.439250,-9.761632,100,outer
326,281,11.339250,-0.511632,100,outer
345,294,12.289250,0.138368,100,outer
95,268,-0.210750,-1.161632,100,outer
358,4,12.939250,-14.361632,100,outer
86,448,-0.660750,7.838369,100,outer
140,190,2.039250,-5.061632,100,outer
346,295,12.339250,0.188368,100,outer
23,279,-3.810751,-0.611632,100,outer
198,131,4.939250,-8.011632,100,outer
338,291,11.939250,-0.011632,100,outer
243,282,7.189250,-0.461632,100,outer
190,276,4.539250,-0.761632,100,outer
96,269,-0.160750,-1.111632,100,outer
327,281,11.389250,-0.511632,100,outer
403,11,15.189250,-14.011632,100,outer
387,332,14.389250,2.038369,100,outer
395,7,14.789250,-14.211632,100,outer
399,535,14.989250,12.188369,100,outer
553,364,22.689250,3.638369,100,outer
465,480,18.289250,9.438369,100,outer
257,451,7.889250,7.988369,100,outer
377,367,13.889250,3.788369,100,outer
170,154,3.539250,-6.861632,100,outer
175,269,3.789250,-1.111632,100,outer
135,196,1.789250,-4.761632,100,outer
293,404,9.689250,5.638369,100,outer
322,288,11.139250,-0.161632,100,outer
425,35,16.289250,-12.811632,100,outer
112,478,0.639250,9.338369,100,outer
396,8,14.839250,-14.161632,100,outer
372,554,13.639250,13.138369,100,outer
115,483,0.789250,9.588369,100,outer
270,277,8.539250,-0.711632,100,outer
369,399,13.489250,5.388369,100,outer
156,255,2.839250,-1.811632,100,outer
237,100,6.889250,-9.561632,100,outer
311,49,10.589250,-12.111632,100,outer
395,537,14.789250,12.288369,100,outer
461,482,18.089250,9.538369,100,outer
228,280,6.439250,-0.561632,100,outer
450,64,17.539250,-11.361632,100,outer
509,150,20.489250,-7.061632,100,outer
116,484,0.839250,9.638369,100,outer
310,578,10.539250,14.338369,100,outer
236,400,6.839250,5.438369,100,outer
157,256,2.889250,-1.761632,100,outer
149,252,2.489250,-1.961632,100,outer
324,104,11.239250,-9.361632,100,outer
323,288,11.189250,-0.161632,100,outer
341,422,12.089250,6.538369,100,outer
34,271,-3.260750,-1.011632,100,outer
307,280,10.389250,-0.561632,100,outer
126,497,1.339250,10.288369,100,outer
556,347,22.839250,2.788369,100,outer
540,402,22.039250,5.538369,100,outer
30,380,-3.460750,4.438369,100,outer
265,283,8.289250,-0.411632,100,outer
371,301,13.589250,0.488368,100,outer
2,318,-4.860751,1.338369,100,outer
317,101,10.889250,-9.511632,100,outer
389,355,14.489250,3.188369,100,outer
308,281,10.439250,-0.511632,100,outer
434,506,16.739250,10.738369,100,outer
354,397,12.739250,5.288369,100,outer
31,381,-3.410750,4.488369,100,outer
335,118,11.789250,-8.661632,100,outer
266,284,8.339250,-0.361632,100,outer
352,287,12.639250,-0.211632,100,outer
521,245,21.089250,-2.311632,100,outer
372,302,13.639250,0.538368,100,outer
501,187,20.089250,-5.211632,100,outer
69,264,-1.510750,-1.361632,100,outer
465,84,18.289250,-10.361632,100,outer
221,398,6.089250,5.338369,100,outer
152,527,2.639250,11.788369,100,outer
361,292,13.089250,0.038368,100,outer
522,246,21.139250,-2.261632,100,outer
353,288,12.689250,-0.161632,100,outer
345,284,12.289250,-0.361632,100,outer
480,100,19.039250,-9.561632,100,outer
251,277,7.589250,-0.711632,100,outer
430,508,16.539250,10.838369,100,outer
316,406,10.839250,5.738369,100,outer
303,287,10.189250,-0.211632,100,outer
114,271,0.739250,-1.011632,100,outer
536,409,21.839250,5.888369,100,outer
315,32,10.789250,-12.961632,100,outer
548,383,22.439250,4.588369,100,outer
496,193,19.839250,-4.911632,100,outer
406,528,15.339250,11.838369,100,outer
258,401,7.939250,5.488369,100,outer
293,93,9.689250,-9.911632,100,outer
508,167,20.439250,-6.211632,100,outer
539,271,21.989250,-1.011632,100,outer
276,455,8.839250,8.188369,100,outer
134,222,1.739250,-3.461632,100,outer
556,360,22.839250,3.438369,100,outer
155,165,2.789250,-6.311632,100,outer
536,265,21.839250,-1.311632,100,outer
259,402,7.989250,5.538369,100,outer
494,119,19.739250,-8.611632,100,outer
286,90,9.339250,-10.061632,100,outer
365,383,13.289250,4.588369,100,outer
310,447,10.539250,7.788369,100,outer
361,4,13.089250,-14.361632,100,outer
178,148,3.939250,-7.161632,100,outer
2,331,-4.860751,1.988369,100,outer
356,563,12.839250,13.588369,100,outer
234,574,6.739250,14.138369,100,outer
295,404,9.789250,5.638369,100,outer
330,282,11.539250,-0.461632,100,outer
505,134,20.289250,-7.861632,100,outer
557,324,22.889250,1.638369,100,outer
380,548,14.039250,12.838369,100,outer
360,304,13.039250,0.638368,100,outer
309,79,10.489250,-10.611632,100,outer
193,276,4.689250,-0.761632,100,outer
296,405,9.839250,5.688369,100,outer
469,476,18.489250,9.238369,100,outer
278,91,8.939250,-10.011632,100,outer
352,565,12.639250,13.688369,100,outer
374,324,13.739250,1.638369,100,outer
360,389,13.039250,4.888369,100,outer
313,85,10.689250,-10.311632,100,outer
223,420,6.189250,6.438369,100,outer
170,265,3.539250,-1.311632,100,outer
384,374,14.239250,4.138369,100,outer
376,370,13.839250,3.938369,100,outer
349,416,12.489250,6.238369,100,outer
136,272,1.839250,-0.961632,100,outer
87,267,-0.610750,-1.211632,100,outer
134,199,1.739250,-4.611632,100,outer
410,17,15.539250,-13.711632,100,outer
388,344,14.439250,2.638369,100,outer
107,474,0.389250,9.138369,100,outer
402,13,15.139250,-13.911632,100,outer
97,460,-0.110750,8.438369,100,outer
556,337,22.839250,2.288369,100,outer
273,277,8.689250,-0.711632,100,outer
349,7,12.489250,-14.211632,100,outer
488,202,19.439250,-4.461632,100,outer
245,444,7.289250,7.638369,100,outer
151,251,2.589250,-2.011632,100,outer
240,100,7.039250,-9.561632,100,outer
2,308,-4.860751,0.838368,100,outer
218,570,5.939250,13.938369,100,outer
231,280,6.589250,-0.561632,100,outer
527,422,21.389250,6.538369,100,outer
182,275,4.139250,-0.811632,100,outer
215,272,5.789250,-0.961632,100,outer
389,345,14.489250,2.688369,100,outer
239,400,6.989250,5.438369,100,outer
321,439,11.089250,7.388369,100,outer
316,95,10.839250,-9.811632,100,outer
267,90,8.389250,-10.061632,100,outer
322,26,11.139250,-13.261632,100,outer
152,252,2.639250,-1.961632,100,outer
213,119,5.689250,-8.611632,100,outer
38,267,-3.060750,-1.211632,100,outer
435,46,16.789250,-12.261632,100,outer
357,392,12.889250,5.038369,100,outer
319,100,10.989250,-9.561632,100,outer
203,563,5.189250,13.588369,100,outer
211,567,5.589250,13.788369,100,outer
310,280,10.539250,-0.561632,100,outer
15,283,-4.210751,-0.411632,100,outer
216,273,5.839250,-0.911632,100,outer
310,51,10.539250,-12.011632,100,outer
446,61,17.339250,-11.511632,100,outer
133,504,1.689250,10.638369,100,outer
13,359,-4.310751,3.388369,100,outer
268,283,8.439250,-0.411632,100,outer
550,298,22.539250,0.338368,100,outer
502,221,20.139250,-3.511632,100,outer
125,271,1.289250,-1.011632,100,outer
204,564,5.239250,13.638369,100,outer
145,249,2.289250,-2.111632,100,outer
320,101,11.039250,-9.511632,100,outer
16,364,-4.160751,3.638369,100,outer
372,377,13.639250,4.288369,100,outer
196,560,4.839250,13.438369,100,outer
318,406,10.939250,5.738369,100,outer
311,281,10.589250,-0.511632,100,outer
259,91,7.989250,-10.011632,100,outer
371,3,13.589250,-14.411632,100,outer
471,90,18.589250,-10.061632,100,outer
340,424,12.039250,6.638369,100,outer
26,377,-3.660750,4.288369,100,outer
208,125,5.439250,-8.311632,100,outer
158,533,2.939250,12.088369,100,outer
556,314,22.839250,1.138368,100,outer
367,298,13.389250,0.338368,100,outer
253,276,7.689250,-0.761632,100,outer
352,398,12.639250,5.338369,100,outer
72,264,-1.360750,-1.361632,100,outer
137,510,1.889250,10.938369,100,outer
318,442,10.939250,7.538369,100,outer
10,289,-4.460751,-0.111632,100,outer
211,279,5.589250,-0.611632,100,outer
553,308,22.689250,0.838368,100,outer
48,401,-2.560750,5.488369,100,outer
476,470,18.839250,8.938369,100,outer
472,91,18.639250,-10.011632,100,outer
27,378,-3.610750,4.338369,100,outer
255,93,7.789250,-9.911632,100,outer
159,534,2.989250,12.138369,100,outer
254,277,7.739250,-0.711632,100,outer
475,96,18.789250,-9.761632,100,outer
528,251,21.439250,-2.011632,100,outer
170,543,3.539250,12.588369,100,outer
555,354,22.789250,3.138369,100,outer
306,287,10.339250,-0.211632,100,outer
186,142,4.339250,-7.461632,100,outer
333,12,11.689250,-13.961632,100,outer
553,377,22.689250,4.288369,100,outer
377,347,13.889250,2.788369,100,outer
143,180,2.189250,-5.561632,100,outer
314,407,10.739250,5.788369,100,outer
261,401,8.089250,5.488369,100,outer
52,407,-2.360750,5.788369,100,outer
381,317,14.089250,1.288368,100,outer
309,69,10.489250,-11.111632,100,outer
547,386,22.389250,4.738369,100,outer
244,577,7.239250,14.288369,100,outer
137,222,1.889250,-3.461632,100,outer
238,274,6.939250,-0.861632,100,outer
486,110,19.339250,-9.061632,100,outer
356,409,12.839250,5.888369,100,outer
382,547,14.139250,12.788369,100,outer
249,283,7.489250,-0.411632,100,outer
382,318,14.139250,1.338369,100,outer
289,90,9.489250,-10.061632,100,outer
6,296,-4.660751,0.238368,100,outer
495,195,19.789250,-4.811632,100,outer
507,169,20.389250,-6.111632,100,outer
197,272,4.889250,-0.961632,100,outer
376,360,13.839250,3.438369,100,outer
295,286,9.789250,-0.261632,100,outer
545,281,22.289250,-0.511632,100,outer
530,418,21.539250,6.338369,100,outer
341,402,12.089250,5.538369,100,outer
388,334,14.439250,2.138369,100,outer
53,264,-2.310750,-1.361632,100,outer
329,19,11.489250,-13.611632,100,outer
515,438,20.789250,7.338369,100,outer
238,575,6.939250,14.188369,100,outer
299,405,9.989250,5.688369,100,outer
229,426,6.489250,6.738369,100,outer
22,276,-3.860751,-0.761632,100,outer
546,282,22.339250,-0.461632,100,outer
531,419,21.589250,6.388369,100,outer
504,136,20.239250,-7.761632,100,outer
348,297,12.439250,0.288368,100,outer
276,278,8.839250,-0.661632,100,outer
397,10,14.889250,-14.061632,100,outer
181,269,4.089250,-1.111632,100,outer
340,293,12.039250,0.088368,100,outer
4,344,-4.760751,2.638369,100,outer
555,367,22.789250,3.788369,100,outer
90,267,-0.460750,-1.211632,100,outer
230,427,6.539250,6.788369,100,outer
137,199,1.889250,-4.611632,100,outer
322,281,11.139250,-0.511632,100,outer
269,89,8.489250,-10.111632,100,outer
40,266,-2.960750,-1.261632,100,outer
174,266,3.739250,-1.261632,100,outer
166,262,3.339250,-1.461632,100,outer
280,284,9.039250,-0.361632,100,outer
312,87,10.639250,-10.211632,100,outer
507,146,20.389250,-7.261632,100,outer
427,37,16.389250,-12.711632,100,outer
506,181,20.339250,-5.511632,100,outer
383,376,14.189250,4.238369,100,outer
552,297,22.639250,0.288368,100,outer
329,405,11.489250,5.688369,100,outer
302,451,10.139250,7.988369,100,outer
376,337,13.839250,2.288369,100,outer
398,10,14.939250,-14.061632,100,outer
343,569,12.189250,13.888369,100,outer
440,501,17.039250,10.488369,100,outer
360,392,13.039250,5.038369,100,outer
167,263,3.389250,-1.411632,100,outer
193,135,4.689250,-7.811632,100,outer
219,273,5.989250,-0.911632,100,outer
326,107,11.339250,-9.211632,100,outer
170,268,3.539250,-1.161632,100,outer
508,147,20.439250,-7.211632,100,outer
317,287,10.889250,-0.211632,100,outer
363,403,13.189250,5.588369,100,outer
128,271,1.439250,-1.011632,100,outer
431,43,16.589250,-12.411632,100,outer
388,347,14.439250,2.788369,100,outer
118,486,0.939250,9.738369,100,outer
509,228,20.489250,-3.161632,100,outer
191,556,4.589250,13.238369,100,outer
321,406,11.089250,5.738369,100,outer
305,578,10.289250,14.338369,100,outer
133,206,1.689250,-4.261632,100,outer
151,254,2.589250,-1.861632,100,outer
366,557,13.339250,13.288369,100,outer
70,266,-1.460750,-1.261632,100,outer
374,3,13.739250,-14.411632,100,outer
145,180,2.289250,-5.561632,100,outer
318,288,10.939250,-0.161632,100,outer
129,501,1.489250,10.488369,100,outer
223,279,6.189250,-0.611632,100,outer
256,276,7.839250,-0.761632,100,outer
362,294,13.139250,0.138368,100,outer
192,557,4.639250,13.288369,100,outer
184,553,4.239250,13.088369,100,outer
309,59,10.489250,-11.611632,100,outer
165,274,3.289250,-0.861632,100,outer
380,348,14.039250,2.838369,100,outer
371,379,13.589250,4.388369,100,outer
367,0,13.389250,-14.561632,100,outer
63,263,-1.810750,-1.411632,100,outer
184,144,4.239250,-7.361632,100,outer
222,399,6.139250,5.388369,100,outer
258,93,7.939250,-9.911632,100,outer
467,87,18.389250,-10.211632,100,outer
297,579,9.889250,14.388369,100,outer
34,385,-3.260750,4.688369,100,outer
363,295,13.189250,0.188368,100,outer
362,559,13.139250,13.388369,100,outer
523,247,21.189250,-2.211632,100,outer
165,539,3.289250,12.388369,100,outer
374,304,13.739250,0.638368,100,outer
260,282,8.039250,-0.461632,100,outer
37,390,-3.110750,4.938369,100,outer
199,272,4.989250,-0.961632,100,outer
489,111,19.489250,-9.011632,100,outer
534,262,21.739250,-1.461632,100,outer
264,401,8.239250,5.488369,100,outer
363,560,13.189250,13.438369,100,outer
108,270,0.439250,-1.061632,100,outer
475,472,18.789250,9.038369,100,outer
524,248,21.239250,-2.161632,100,outer
537,267,21.889250,-1.211632,100,outer
0,328,-4.960751,1.838369,100,outer
337,13,11.889250,-13.911632,100,outer
550,386,22.539250,4.738369,100,outer
294,280,9.739250,-0.561632,100,outer
141,187,2.089250,-5.211632,100,outer
332,572,11.639250,14.038369,100,outer
555,321,22.789250,1.488369,100,outer
252,283,7.639250,-0.411632,100,outer
203,278,5.189250,-0.661632,100,outer
69,427,-1.510750,6.788369,100,outer
350,297,12.539250,0.288368,100,outer
55,263,-2.210750,-1.411632,100,outer
498,195,19.939250,-4.811632,100,outer
538,268,21.939250,-1.161632,100,outer
293,580,9.689250,14.438369,100,outer
340,283,12.039250,-0.411632,100,outer
447,495,17.389250,10.188369,100,outer
133,219,1.689250,-3.611632,100,outer
308,71,10.439250,-11.011632,100,outer
387,364,14.389250,3.638369,100,outer
555,357,22.789250,3.288369,100,outer
513,440,20.689250,7.438369,100,outer
533,418,21.689250,6.338369,100,outer
137,189,1.889250,-5.111632,100,outer
237,276,6.889250,-0.761632,100,outer
545,392,22.289250,5.038369,100,outer
343,294,12.189250,0.138368,100,outer
73,433,-1.310750,7.088369,100,outer
381,549,14.089250,12.888369,100,outer
302,405,10.139250,5.688369,100,outer
557,366,22.889250,3.738369,100,outer
253,400,7.689250,5.438369,100,outer
5,298,-4.710751,0.338368,100,outer
271,454,8.589250,8.138369,100,outer
425,512,16.289250,11.038369,100,outer
313,42,10.689250,-12.461632,100,outer
304,451,10.239250,7.988369,100,outer
400,10,15.039250,-14.061632,100,outer
491,457,19.589250,8.288369,100,outer
376,327,13.839250,1.788369,100,outer
311,81,10.589250,-10.511632,100,outer
320,575,11.039250,14.188369,100,outer
188,276,4.439250,-0.761632,100,outer
327,434,11.389250,7.138369,100,outer
225,423,6.289250,6.588369,100,outer
373,321,13.689250,1.488369,100,outer
325,281,11.289250,-0.511632,100,outer
545,284,22.289250,-0.361632,100,outer
412,20,15.639250,-13.561632,100,outer
283,284,9.189250,-0.361632,100,outer
99,463,-0.010750,8.588369,100,outer
328,435,11.439250,7.188369,100,outer
300,453,10.039250,8.088369,100,outer
343,6,12.189250,-14.261632,100,outer
226,424,6.339250,6.638369,100,outer
172,267,3.639250,-1.211632,100,outer
554,369,22.739250,3.888369,100,outer
541,399,22.089250,5.388369,100,outer
332,405,11.639250,5.688369,100,outer
486,463,19.339250,8.588369,100,outer
379,337,13.989250,2.288369,100,outer
225,279,6.289250,-0.611632,100,outer
191,137,4.589250,-7.711632,100,outer
16,285,-4.160751,-0.311632,100,outer
558,339,22.939250,2.388369,100,outer
385,2,14.289250,-14.461632,100,outer
274,580,8.739250,14.438369,100,outer
551,300,22.589250,0.438368,100,outer
282,404,9.139250,5.638369,100,outer
318,98,10.939250,-9.661632,100,outer
367,399,13.389250,5.388369,100,outer
173,268,3.689250,-1.161632,100,outer
309,49,10.489250,-12.111632,100,outer
165,264,3.289250,-1.361632,100,outer
226,280,6.339250,-0.561632,100,outer
110,477,0.539250,9.288369,100,outer
192,138,4.639250,-7.661632,100,outer
131,271,1.589250,-1.011632,100,outer
501,219,20.089250,-3.611632,100,outer
525,427,21.289250,6.788369,100,outer
143,245,2.189250,-2.311632,100,outer
14,360,-4.260751,3.438369,100,outer
308,578,10.439250,14.338369,100,outer
504,224,20.239250,-3.361632,100,outer
136,206,1.839250,-4.261632,100,outer
344,6,12.239250,-14.261632,100,outer
40,269,-2.960750,-1.111632,100,outer
73,266,-1.310750,-1.261632,100,outer
321,288,11.089250,-0.161632,100,outer
158,261,2.939250,-1.511632,100,outer
448,63,17.439250,-11.411632,100,outer
305,280,10.289250,-0.561632,100,outer
135,506,1.789250,10.738369,100,outer
351,396,12.589250,5.238369,100,outer
526,248,21.339250,-2.161632,100,outer
552,300,22.639250,0.438368,100,outer
505,225,20.289250,-3.311632,100,outer
276,402,8.839250,5.538369,100,outer
362,405,13.139250,5.688369,100,outer
263,283,8.189250,-0.411632,100,outer
168,274,3.439250,-0.861632,100,outer
0,318,-4.960751,1.338369,100,outer
179,549,3.989250,12.888369,100,outer
550,376,22.539250,4.238369,100,outer
66,263,-1.660750,-1.411632,100,outer
314,99,10.739250,-9.611632,100,outer
370,0,13.539250,-14.561632,100,outer
334,572,11.739250,14.038369,100,outer
454,488,17.739250,9.838369,100,outer
307,60,10.389250,-11.561632,100,outer
365,559,13.289250,13.388369,100,outer
211,272,5.589250,-0.961632,100,outer
136,507,1.839250,10.788369,100,outer
473,92,18.689250,-9.961632,100,outer
358,291,12.939250,-0.011632,100,outer
164,160,3.239250,-6.561632,100,outer
350,287,12.539250,-0.211632,100,outer
169,275,3.489250,-0.811632,100,outer
369,300,13.489250,0.438368,100,outer
160,535,3.039250,12.188369,100,outer
530,254,21.539250,-1.861632,100,outer
180,550,4.039250,12.938369,100,outer
67,264,-1.610750,-1.361632,100,outer
133,209,1.689250,-4.111632,100,outer
308,61,10.439250,-11.511632,100,outer
111,270,0.589250,-1.061632,100,outer
380,315,14.039250,1.188368,100,outer
474,93,18.739250,-9.911632,100,outer
161,536,3.089250,12.238369,100,outer
28,272,-3.560750,-0.961632,100,outer
231,106,6.589250,-9.261632,100,outer
383,320,14.189250,1.438369,100,outer
343,284,12.189250,-0.361632,100,outer
255,400,7.789250,5.438369,100,outer
248,275,7.439250,-0.811632,100,outer
54,410,-2.260750,5.938369,100,outer
172,545,3.639250,12.688369,100,outer
557,356,22.889250,3.238369,100,outer
507,444,20.389250,7.638369,100,outer
301,287,10.089250,-0.211632,100,outer
335,572,11.789250,14.038369,100,outer
206,278,5.339250,-0.661632,100,outer
3,337,-4.810751,2.288369,100,outer
493,457,19.689250,8.288369,100,outer
384,321,14.239250,1.488369,100,outer
136,219,1.839250,-3.611632,100,outer
549,388,22.489250,4.838369,100,outer
427,511,16.389250,10.988369,100,outer
140,189,2.039250,-5.111632,100,outer
489,114,19.489250,-8.861632,100,outer
256,400,7.839250,5.438369,100,outer
357,303,12.889250,0.588368,100,outer
243,281,7.189250,-0.511632,100,outer
96,268,-0.160750,-1.161632,100,outer
214,403,5.739250,5.588369,100,outer
374,392,13.739250,5.038369,100,outer
239,576,6.989250,14.238369,100,outer
354,563,12.739250,13.588369,100,outer
286,279,9.339250,-0.611632,100,outer
4,301,-4.760751,0.488368,100,outer
386,366,14.339250,3.738369,100,outer
387,331,14.389250,1.988369,100,outer
347,295,12.389250,0.188368,100,outer
378,362,13.939250,3.538369,100,outer
199,131,4.989250,-8.011632,100,outer
328,16,11.439250,-13.761632,100,outer
358,304,12.939250,0.638368,100,outer
244,282,7.239250,-0.461632,100,outer
502,132,20.139250,-7.961632,100,outer
90,453,-0.460750,8.088369,100,outer
544,394,22.239250,5.138369,100,outer
323,575,11.189250,14.188369,100,outer
328,281,11.439250,-0.511632,100,outer
276,91,8.839250,-10.011632,100,outer
503,133,20.189250,-7.911632,100,outer
91,454,-0.410750,8.138369,100,outer
388,3,14.439250,-14.411632,100,outer
350,565,12.539250,13.688369,100,outer
372,324,13.639250,1.638369,100,outer
407,16,15.389250,-13.761632,100,outer
262,452,8.139250,8.038369,100,outer
3,341,-4.810751,2.488369,100,outer
506,138,20.339250,-7.661632,100,outer
229,275,6.489250,-0.811632,100,outer
171,154,3.589250,-6.861632,100,outer
505,179,20.289250,-5.611632,100,outer
311,48,10.589250,-12.161632,100,outer
294,404,9.739250,5.638369,100,outer
335,405,11.789250,5.688369,100,outer
281,285,9.089250,-0.311632,100,outer
232,429,6.639250,6.888369,100,outer
509,149,20.489250,-7.111632,100,outer
389,4,14.489250,-14.361632,100,outer
429,40,16.489250,-12.561632,100,outer
408,17,15.439250,-13.711632,100,outer
277,580,8.889250,14.438369,100,outer
116,483,0.839250,9.588369,100,outer
236,399,6.839250,5.388369,100,outer
271,277,8.589250,-0.711632,100,outer
396,537,14.839250,12.288369,100,outer
238,100,6.939250,-9.561632,100,outer
311,84,10.589250,-10.361632,100,outer
168,264,3.439250,-1.361632,100,outer
462,482,18.139250,9.538369,100,outer
180,275,4.039250,-0.811632,100,outer
314,89,10.739250,-10.111632,100,outer
373,553,13.689250,13.088369,100,outer
213,272,5.689250,-0.961632,100,outer
540,401,22.039250,5.488369,100,outer
311,578,10.589250,14.338369,100,outer
237,400,6.889250,5.438369,100,outer
342,422,12.139250,6.538369,100,outer
153,257,2.689250,-1.711632,100,outer
308,280,10.439250,-0.561632,100,outer
343,9,12.189250,-14.111632,100,outer
234,102,6.739250,-9.461632,100,outer
382,548,14.139250,12.838369,100,outer
319,289,10.989250,-0.111632,100,outer
379,340,13.989250,2.438369,100,outer
266,283,8.339250,-0.411632,100,outer
320,25,11.039250,-13.311632,100,outer
217,278,5.889250,-0.661632,100,outer
455,70,17.789250,-11.061632,100,outer
501,186,20.089250,-5.261632,100,outer
553,376,22.689250,4.238369,100,outer
373,0,13.689250,-14.561632,100,outer
274,403,8.739250,5.588369,100,outer
309,281,10.489250,-0.511632,100,outer
214,272,5.739250,-0.961632,100,outer
131,503,1.589250,10.588369,100,outer
501,451,20.089250,7.988369,100,outer
328,114,11.439250,-8.861632,100,outer
30,271,-3.460750,-1.011632,100,outer
35,386,-3.210750,4.738369,100,outer
175,546,3.789250,12.738369,100,outer
194,559,4.739250,13.388369,100,outer
370,376,13.539250,4.238369,100,outer
376,307,13.839250,0.788368,100,outer
136,209,1.839250,-4.111632,100,outer
229,108,6.489250,-9.161632,100,outer
114,270,0.739250,-1.061632,100,outer
509,162,20.489250,-6.461632,100,outer
469,89,18.489250,-10.111632,100,outer
354,288,12.739250,-0.161632,100,outer
554,313,22.739250,1.088368,100,outer
346,284,12.339250,-0.361632,100,outer
217,399,5.889250,5.388369,100,outer
351,399,12.589250,5.388369,100,outer
526,251,21.339250,-2.011632,100,outer
304,287,10.239250,-0.211632,100,outer
255,282,7.789250,-0.461632,100,outer
134,221,1.739250,-3.511632,100,outer
370,3,13.539250,-14.411632,100,outer
491,113,19.589250,-8.911632,100,outer
333,430,11.689250,6.938369,100,outer
470,90,18.539250,-10.061632,100,outer
312,407,10.639250,5.788369,100,outer
556,359,22.839250,3.388369,100,outer
294,93,9.739250,-9.911632,100,outer
431,507,16.589250,10.788369,100,outer
2,330,-4.860751,1.938369,100,outer
242,577,7.139250,14.288369,100,outer
194,271,4.739250,-1.011632,100,outer
352,299,12.639250,0.388368,100,outer
287,90,9.389250,-10.061632,100,outer
311,447,10.589250,7.788369,100,outer
540,270,22.039250,-1.061632,100,outer
326,18,11.339250,-13.661632,100,outer
288,580,9.439250,14.438369,100,outer
403,530,15.189250,11.938369,100,outer
289,279,9.489250,-0.611632,100,outer
310,73,10.539250,-10.911632,100,outer
213,406,5.689250,5.738369,100,outer
72,430,-1.360750,6.938369,100,outer
352,564,12.639250,13.638369,100,outer
139,191,1.989250,-5.011632,100,outer
353,300,12.689250,0.438368,100,outer
313,84,10.689250,-10.361632,100,outer
297,405,9.889250,5.688369,100,outer
470,476,18.539250,9.238369,100,outer
349,415,12.489250,6.188369,100,outer
175,150,3.789250,-7.061632,100,outer
353,565,12.689250,13.688369,100,outer
385,368,14.289250,3.838369,100,outer
232,275,6.639250,-0.811632,100,outer
198,133,4.939250,-7.911632,100,outer
414,23,15.739250,-13.411632,100,outer
171,265,3.589250,-1.311632,100,outer
142,238,2.139250,-2.661632,100,outer
88,267,-0.560750,-1.211632,100,outer
227,425,6.389250,6.688369,100,outer
411,17,15.589250,-13.711632,100,outer
389,344,14.489250,2.638369,100,outer
543,402,22.189250,5.538369,100,outer
403,13,15.189250,-13.911632,100,outer
239,399,6.989250,5.388369,100,outer
111,479,0.589250,9.388369,100,outer
395,9,14.789250,-14.111632,100,outer
219,570,5.989250,13.938369,100,outer
371,555,13.589250,13.188369,100,outer
285,286,9.289250,-0.261632,100,outer
101,465,0.089250,8.688369,100,outer
553,366,22.689250,3.738369,100,outer
183,275,4.189250,-0.811632,100,outer
345,8,12.289250,-14.161632,100,outer
15,282,-4.210751,-0.461632,100,outer
228,426,6.439250,6.738369,100,outer
236,101,6.839250,-9.511632,100,outer
310,50,10.539250,-12.061632,100,outer
504,181,20.239250,-5.511632,100,outer
550,297,22.539250,0.288368,100,outer
240,400,7.039250,5.438369,100,outer
13,358,-4.310751,3.338369,100,outer
112,480,0.639250,9.438369,100,outer
346,418,12.339250,6.338369,100,outer
212,567,5.639250,13.788369,100,outer
388,6,14.439250,-14.261632,100,outer
204,563,5.239250,13.588369,100,outer
145,248,2.289250,-2.161632,100,outer
358,392,12.939250,5.038369,100,outer
164,261,3.239250,-1.511632,100,outer
16,363,-4.160751,3.588369,100,outer
196,559,4.839250,13.388369,100,outer
539,404,21.989250,5.638369,100,outer
311,280,10.589250,-0.561632,100,outer
504,446,20.239250,7.738369,100,outer
237,102,6.889250,-9.461632,100,outer
438,501,16.939250,10.488369,100,outer
148,173,2.439250,-5.911632,100,outer
323,25,11.189250,-13.311632,100,outer
450,66,17.539250,-11.261632,100,outer
39,266,-3.010750,-1.261632,100,outer
214,118,5.739250,-8.661632,100,outer
509,152,20.489250,-6.961632,100,outer
367,297,13.389250,0.288368,100,outer
17,364,-4.110751,3.638369,100,outer
321,101,11.089250,-9.511632,100,outer
503,221,20.189250,-3.511632,100,outer
506,226,20.339250,-3.261632,100,outer
277,403,8.889250,5.588369,100,outer
137,509,1.889250,10.888369,100,outer
372,3,13.639250,-14.411632,100,outer
260,579,8.039250,14.388369,100,outer
318,32,10.939250,-12.961632,100,outer
451,67,17.589250,-11.211632,100,outer
388,356,14.439250,3.238369,100,outer
255,92,7.789250,-9.961632,100,outer
159,533,2.989250,12.088369,100,outer
368,298,13.439250,0.338368,100,outer
254,276,7.739250,-0.761632,100,outer
138,510,1.939250,10.938369,100,outer
170,542,3.539250,12.538369,100,outer
373,376,13.689250,4.238369,100,outer
507,227,20.389250,-3.211632,100,outer
189,555,4.489250,13.188369,100,outer
186,141,4.339250,-7.511632,100,outer
2,320,-4.860751,1.438369,100,outer
500,188,20.039250,-5.161632,100,outer
163,274,3.189250,-0.861632,100,outer
552,378,22.639250,4.338369,100,outer
68,265,-1.560750,-1.311632,100,outer
377,346,13.889250,2.738369,100,outer
143,179,2.189250,-5.611632,100,outer
148,523,2.439250,11.588369,100,outer
261,580,8.089250,14.438369,100,outer
314,406,10.739250,5.738369,100,outer
389,357,14.489250,3.288369,100,outer
220,399,6.039250,5.388369,100,outer
535,411,21.789250,5.988369,100,outer
476,96,18.839250,-9.761632,100,outer
31,383,-3.410750,4.588369,100,outer
171,543,3.589250,12.588369,100,outer
547,385,22.389250,4.688369,100,outer
205,127,5.289250,-8.211632,100,outer
258,282,7.939250,-0.461632,100,outer
182,552,4.139250,13.038369,100,outer
411,524,15.589250,11.638369,100,outer
373,3,13.689250,-14.411632,100,outer
477,469,18.889250,8.888369,100,outer
369,378,13.489250,4.338369,100,outer
315,407,10.789250,5.788369,100,outer
256,92,7.839250,-9.961632,100,outer
53,407,-2.310750,5.788369,100,outer
382,317,14.139250,1.288368,100,outer
30,274,-3.460750,-0.861632,100,outer
56,412,-2.160750,6.038369,100,outer
245,577,7.289250,14.288369,100,outer
292,280,9.639250,-0.561632,100,outer
197,271,4.889250,-1.011632,100,outer
201,278,5.089250,-0.661632,100,outer
290,90,9.539250,-10.061632,100,outer
106,269,0.339250,-1.111632,100,outer
490,115,19.539250,-8.811632,100,outer
154,166,2.739250,-6.261632,100,outer
291,580,9.589250,14.438369,100,outer
364,384,13.239250,4.638369,100,outer
177,149,3.889250,-7.111632,100,outer
296,286,9.839250,-0.261632,100,outer
134,224,1.739250,-3.361632,100,outer
342,402,12.139250,5.538369,100,outer
491,116,19.589250,-8.761632,100,outer
348,296,12.439250,0.238368,100,outer
468,478,18.439250,9.338369,100,outer
340,292,12.039250,0.038368,100,outer
379,549,13.989250,12.888369,100,outer
221,112,6.089250,-8.961632,100,outer
555,366,22.789250,3.738369,100,outer
251,400,7.589250,5.438369,100,outer
82,442,-0.860750,7.538369,100,outer
353,2,12.689250,-14.461632,100,outer
402,532,15.139250,12.038369,100,outer
370,320,13.539250,1.438369,100,outer
505,136,20.289250,-7.761632,100,outer
235,275,6.789250,-0.811632,100,outer
349,297,12.489250,0.288368,100,outer
557,326,22.889250,1.738369,100,outer
341,293,12.089250,0.088368,100,outer
417,23,15.889250,-13.411632,100,outer
441,499,17.089250,10.388369,100,outer
219,416,5.989250,6.238369,100,outer
338,404,11.939250,5.638369,100,outer
144,273,2.239250,-0.911632,100,outer
91,267,-0.410750,-1.211632,100,outer
137,234,1.889250,-2.861632,100,outer
312,86,10.639250,-10.261632,100,outer
383,375,14.189250,4.188369,100,outer
406,13,15.339250,-13.911632,100,outer
150,173,2.539250,-5.911632,100,outer
234,432,6.739250,7.038369,100,outer
348,417,12.439250,6.288369,100,outer
270,89,8.539250,-10.111632,100,outer
216,118,5.839250,-8.661632,100,outer
390,5,14.539250,-14.311632,100,outer
398,9,14.939250,-14.111632,100,outer
41,266,-2.910750,-1.261632,100,outer
5,343,-4.710751,2.588369,100,outer
93,456,-0.310750,8.238369,100,outer
159,258,2.989250,-1.661632,100,outer
487,203,19.389250,-4.411632,100,outer
138,235,1.939250,-2.811632,100,outer
313,87,10.689250,-10.211632,100,outer
508,146,20.439250,-7.261632,100,outer
418,518,15.939250,11.338369,100,outer
384,376,14.239250,4.238369,100,outer
330,405,11.539250,5.688369,100,outer
484,463,19.239250,8.588369,100,outer
391,6,14.589250,-14.261632,100,outer
134,201,1.739250,-4.511632,100,outer
431,42,16.589250,-12.461632,100,outer
388,346,14.439250,2.738369,100,outer
556,339,22.839250,2.388369,100,outer
272,580,8.639250,14.438369,100,outer
542,404,22.139250,5.638369,100,outer
146,175,2.339250,-5.811632,100,outer
488,204,19.439250,-4.361632,100,outer
554,378,22.739250,4.338369,100,outer
507,446,20.389250,7.738369,100,outer
344,568,12.239250,13.838369,100,outer
171,268,3.589250,-1.161632,100,outer
163,264,3.189250,-1.361632,100,outer
129,500,1.489250,10.438369,100,outer
14,284,-4.260751,-0.361632,100,outer
129,271,1.489250,-1.011632,100,outer
432,43,16.639250,-12.411632,100,outer
498,217,19.939250,-3.711632,100,outer
389,347,14.489250,2.788369,100,outer
321,441,11.089250,7.488369,100,outer
326,407,11.339250,5.788369,100,outer
184,552,4.239250,13.038369,100,outer
213,121,5.689250,-8.511632,100,outer
309,58,10.489250,-11.661632,100,outer
71,266,-1.410750,-1.261632,100,outer
319,102,10.989250,-9.461632,100,outer
513,233,20.689250,-2.911632,100,outer
257,276,7.889250,-0.761632,100,outer
340,570,12.039250,13.938369,100,outer
34,384,-3.260750,4.638369,100,outer
363,294,13.189250,0.138368,100,outer
503,188,20.189250,-5.161632,100,outer
166,274,3.339250,-0.861632,100,outer
37,389,-3.110750,4.888369,100,outer
380,383,14.039250,4.588369,100,outer
320,103,11.039250,-9.411632,100,outer
264,580,8.239250,14.438369,100,outer
317,443,10.889250,7.588369,100,outer
368,0,13.439250,-14.561632,100,outer
551,381,22.589250,4.488369,100,outer
223,399,6.189250,5.388369,100,outer
518,433,20.939250,7.088369,100,outer
538,411,21.939250,5.988369,100,outer
155,530,2.789250,11.938369,100,outer
363,559,13.189250,13.388369,100,outer
409,526,15.489250,11.738369,100,outer
142,182,2.139250,-5.461632,100,outer
314,288,10.739250,-0.161632,100,outer
317,34,10.889250,-12.861632,100,outer
162,160,3.139250,-6.561632,100,outer
286,455,9.339250,8.188369,100,outer
471,92,18.589250,-9.961632,100,outer
38,390,-3.060750,4.938369,100,outer
166,539,3.339250,12.388369,100,outer
72,266,-1.360750,-1.261632,100,outer
177,548,3.889250,12.838369,100,outer
200,272,5.039250,-0.961632,100,outer
550,385,22.539250,4.688369,100,outer
508,159,20.439250,-6.611632,100,outer
185,143,4.289250,-7.411632,100,outer
269,402,8.489250,5.538369,100,outer
553,310,22.689250,0.938368,100,outer
203,277,5.189250,-0.711632,100,outer
109,270,0.489250,-1.061632,100,outer
48,403,-2.560750,5.588369,100,outer
472,93,18.639250,-9.911632,100,outer
356,290,12.839250,-0.061632,100,outer
538,267,21.939250,-1.211632,100,outer
388,359,14.439250,3.388369,100,outer
348,286,12.439250,-0.261632,100,outer
359,561,12.989250,13.488369,100,outer
387,543,14.389250,12.588369,100,outer
528,253,21.439250,-1.911632,100,outer
246,275,7.339250,-0.811632,100,outer
133,218,1.689250,-3.661632,100,outer
63,419,-1.810750,6.388369,100,outer
555,356,22.789250,3.238369,100,outer
278,456,8.939250,8.238369,100,outer
298,285,9.939250,-0.311632,100,outer
204,278,5.239250,-0.661632,100,outer
410,526,15.539250,11.738369,100,outer
377,349,13.889250,2.888369,100,outer
351,297,12.589250,0.288368,100,outer
294,580,9.739250,14.438369,100,outer
362,306,13.139250,0.738368,100,outer
341,283,12.089250,-0.411632,100,outer
542,273,22.139250,-0.911632,100,outer
146,273,2.339250,-0.911632,100,outer
309,71,10.489250,-11.011632,100,outer
494,196,19.739250,-4.761632,100,outer
299,286,9.989250,-0.261632,100,outer
247,96,7.389250,-9.761632,100,outer
236,575,6.839250,14.188369,100,outer
137,224,1.889250,-3.361632,100,outer
138,189,1.939250,-5.111632,100,outer
313,41,10.689250,-12.511632,100,outer
238,276,6.939250,-0.761632,100,outer
74,433,-1.260750,7.088369,100,outer
363,307,13.189250,0.788368,100,outer
254,400,7.739250,5.438369,100,outer
340,403,12.039250,5.588369,100,outer
241,281,7.089250,-0.511632,100,outer
289,92,9.489250,-9.961632,100,outer
448,494,17.439250,10.138369,100,outer
356,2,12.839250,-14.461632,100,outer
507,171,20.389250,-6.011632,100,outer
284,279,9.239250,-0.611632,100,outer
401,10,15.089250,-14.061632,100,outer
189,270,4.489250,-1.061632,100,outer
545,283,22.289250,-0.411632,100,outer
530,420,21.539250,6.438369,100,outer
556,329,22.839250,1.888369,100,outer
147,273,2.389250,-0.911632,100,outer
388,336,14.439250,2.238369,100,outer
154,169,2.739250,-6.111632,100,outer
321,575,11.089250,14.188369,100,outer
140,234,2.039250,-2.861632,100,outer
378,551,13.939250,12.988369,100,outer
226,423,6.339250,6.588369,100,outer
230,573,6.539250,14.088369,100,outer
89,268,-0.510750,-1.161632,100,outer
558,338,22.939250,2.338369,100,outer
337,290,11.889250,-0.061632,100,outer
243,97,7.189250,-9.711632,100,outer
543,395,22.189250,5.188369,100,outer
549,289,22.489250,-0.111632,100,outer
141,235,2.089250,-2.811632,100,outer
416,25,15.839250,-13.311632,100,outer
309,48,10.489250,-12.161632,100,outer
279,285,8.989250,-0.311632,100,outer
317,577,10.889250,14.288369,100,outer
226,279,6.339250,-0.611632,100,outer
110,476,0.539250,9.238369,100,outer
137,201,1.889250,-4.511632,100,outer
386,2,14.339250,-14.461632,100,outer
275,580,8.789250,14.438369,100,outer
416,519,15.839250,11.388369,100,outer
491,204,19.589250,-4.361632,100,outer
234,399,6.739250,5.388369,100,outer
269,91,8.489250,-10.011632,100,outer
155,255,2.789250,-1.811632,100,outer
174,268,3.739250,-1.161632,100,outer
322,103,11.139250,-9.411632,100,outer
325,437,11.289250,7.288369,100,outer
526,427,21.339250,6.788369,100,outer
218,274,5.939250,-0.861632,100,outer
387,3,14.389250,-14.411632,100,outer
417,520,15.889250,11.438369,100,outer
383,378,14.189250,4.338369,100,outer
552,299,22.639250,0.388368,100,outer
114,482,0.739250,9.538369,100,outer
309,578,10.489250,14.338369,100,outer
376,339,13.839250,2.388369,100,outer
505,224,20.289250,-3.361632,100,outer
127,272,1.389250,-0.961632,100,outer
206,565,5.339250,13.688369,100,outer
483,465,19.189250,8.688369,100,outer
147,250,2.389250,-2.061632,100,outer
74,266,-1.260750,-1.261632,100,outer
442,55,17.139250,-11.811632,100,outer
18,365,-4.060751,3.688369,100,outer
198,561,4.939250,13.488369,100,outer
193,137,4.689250,-7.711632,100,outer
508,149,20.439250,-7.111632,100,outer
29,380,-3.510750,4.438369,100,outer
222,280,6.139250,-0.561632,100,outer
452,68,17.639250,-11.161632,100,outer
399,533,14.989250,12.088369,100,outer
169,274,3.489250,-0.861632,100,outer
369,299,13.489250,0.388368,100,outer
148,251,2.439250,-2.011632,100,outer
323,103,11.189250,-9.411632,100,outer
19,366,-4.010751,3.738369,100,outer
509,230,20.489250,-3.061632,100,outer
139,511,1.989250,10.988369,100,outer
180,549,4.039250,12.888369,100,outer
191,558,4.589250,13.338369,100,outer
272,403,8.639250,5.588369,100,outer
151,256,2.589250,-1.761632,100,outer
133,208,1.689250,-4.161632,100,outer
307,95,10.389250,-9.811632,100,outer
212,272,5.639250,-0.961632,100,outer
521,433,21.089250,7.088369,100,outer
255,579,7.789250,14.388369,100,outer
453,69,17.689250,-11.111632,100,outer
289,455,9.489250,8.188369,100,outer
351,287,12.589250,-0.211632,100,outer
264,282,8.239250,-0.461632,100,outer
370,300,13.539250,0.438368,100,outer
140,512,2.039250,11.038369,100,outer
335,571,11.789250,13.988369,100,outer
172,544,3.639250,12.638369,100,outer
160,161,3.039250,-6.511632,100,outer
502,190,20.139250,-5.061632,100,outer
359,407,12.989250,5.788369,100,outer
309,61,10.489250,-11.511632,100,outer
379,385,13.989250,4.688369,100,outer
380,350,14.039250,2.938369,100,outer
112,270,0.639250,-1.061632,100,outer
63,265,-1.810750,-1.311632,100,outer
478,98,18.939250,-9.661632,100,outer
249,275,7.489250,-0.811632,100,outer
173,545,3.689250,12.688369,100,outer
456,488,17.839250,9.838369,100,outer
549,387,22.489250,4.788369,100,outer
161,162,3.089250,-6.461632,100,outer
260,284,8.039250,-0.361632,100,outer
227,107,6.389250,-9.211632,100,outer
207,278,5.389250,-0.661632,100,outer
158,273,2.939250,-0.911632,100,outer
331,573,11.589250,14.088369,100,outer
489,113,19.489250,-8.911632,100,outer
191,270,4.589250,-1.061632,100,outer
518,436,20.939250,7.238369,100,outer
284,89,9.239250,-10.111632,100,outer
59,416,-2.010750,6.238369,100,outer
302,286,10.139250,-0.261632,100,outer
554,358,22.739250,3.338369,100,outer
4,300,-4.760751,0.438368,100,outer
386,365,14.339250,3.688369,100,outer
192,271,4.639250,-1.011632,100,outer
24,278,-3.760751,-0.661632,100,outer
555,323,22.789250,1.588369,100,outer
269,454,8.489250,8.138369,100,outer
257,400,7.889250,5.438369,100,outer
244,281,7.239250,-0.511632,100,outer
388,543,14.439250,12.588369,100,outer
55,265,-2.210750,-1.311632,100,outer
222,113,6.139250,-8.911632,100,outer
375,392,13.789250,5.038369,100,outer
240,576,7.039250,14.238369,100,outer
287,279,9.389250,-0.611632,100,outer
308,73,10.439250,-10.911632,100,outer
387,366,14.389250,3.738369,100,outer
332,430,11.639250,6.938369,100,outer
140,272,2.039250,-0.961632,100,outer
200,131,5.039250,-8.011632,100,outer
355,5,12.789250,-14.311632,100,outer
270,455,8.539250,8.188369,100,outer
372,323,13.639250,1.588369,100,outer
245,282,7.289250,-0.461632,100,outer
285,89,9.289250,-10.111632,100,outer
312,43,10.639250,-12.411632,100,outer
3,340,-4.810751,2.438369,100,outer
229,274,6.489250,-0.861632,100,outer
490,458,19.539250,8.338369,100,outer
424,513,16.239250,11.088369,100,outer
319,576,10.989250,14.238369,100,outer
389,3,14.489250,-14.411632,100,outer
351,565,12.589250,13.688369,100,outer
263,452,8.189250,8.038369,100,outer
324,282,11.239250,-0.461632,100,outer
95,459,-0.210750,8.388369,100,outer
230,275,6.539250,-0.811632,100,outer
546,395,22.339250,5.188369,100,outer
370,398,13.539250,5.338369,100,outer
136,231,1.839250,-3.011632,100,outer
376,329,13.839250,1.888369,100,outer
196,133,4.839250,-7.911632,100,outer
282,285,9.139250,-0.311632,100,outer
311,83,10.589250,-10.411632,100,outer
327,436,11.389250,7.238369,100,outer
314,88,10.739250,-10.161632,100,outer
278,580,8.939250,14.438369,100,outer
236,434,6.839250,7.138369,100,outer
237,399,6.889250,5.388369,100,outer
43,268,-2.810750,-1.161632,100,outer
433,45,16.689250,-12.311632,100,outer
120,488,1.039250,9.838369,100,outer
169,264,3.489250,-1.361632,100,outer
463,482,18.189250,9.538369,100,outer
267,278,8.389250,-0.661632,100,outer
153,256,2.689250,-1.761632,100,outer
308,50,10.439250,-12.061632,100,outer
238,400,6.939250,5.438369,100,outer
379,339,13.989250,2.388369,100,outer
434,46,16.739250,-12.261632,100,outer
10,356,-4.460751,3.238369,100,outer
558,341,22.939250,2.488369,100,outer
553,375,22.689250,4.188369,100,outer
121,489,1.089250,9.888369,100,outer
551,302,22.589250,0.538368,100,outer
168,155,3.439250,-6.811632,100,outer
309,280,10.489250,-0.561632,100,outer
320,289,11.039250,-0.111632,100,outer
459,484,17.989250,9.638369,100,outer
370,555,13.539250,13.188369,100,outer
202,562,5.139250,13.538369,100,outer
378,1,13.939250,-14.511632,100,outer
459,75,17.989250,-10.811632,100,outer
14,362,-4.260751,3.538369,100,outer
194,558,4.739250,13.338369,100,outer
275,403,8.789250,5.588369,100,outer
136,208,1.839250,-4.161632,100,outer
235,101,6.789250,-9.511632,100,outer
258,579,7.939250,14.388369,100,outer
210,273,5.539250,-0.911632,100,outer
365,296,13.289250,0.238368,100,outer
135,508,1.789250,10.838369,100,outer
526,250,21.339250,-2.061632,100,outer
195,559,4.789250,13.388369,100,outer
497,452,19.889250,8.038369,100,outer
187,555,4.389250,13.188369,100,outer
0,320,-4.960751,1.438369,100,outer
66,265,-1.660750,-1.311632,100,outer
316,31,10.839250,-13.011632,100,outer
470,89,18.539250,-10.111632,100,outer
312,406,10.639250,5.738369,100,outer
207,124,5.389250,-8.361632,100,outer
307,62,10.389250,-11.461632,100,outer
32,272,-3.360750,-0.961632,100,outer
366,297,13.339250,0.288368,100,outer
157,532,2.889250,12.038369,100,outer
473,94,18.689250,-9.861632,100,outer
555,313,22.789250,1.088368,100,outer
40,392,-2.960750,5.038369,100,outer
545,391,22.289250,4.988369,100,outer
530,256,21.539250,-1.761632,100,outer
313,407,10.689250,5.788369,100,outer
308,63,10.439250,-11.411632,100,outer
254,92,7.739250,-9.961632,100,outer
378,387,13.939250,4.788369,100,outer
495,118,19.789250,-8.661632,100,outer
432,507,16.639250,10.788369,100,outer
474,95,18.739250,-9.811632,100,outer
527,250,21.389250,-2.061632,100,outer
195,271,4.789250,-1.011632,100,outer
496,119,19.839250,-8.611632,100,outer
51,406,-2.410750,5.738369,100,outer
353,299,12.689250,0.388368,100,outer
104,269,0.239250,-1.111632,100,outer
304,579,10.239250,14.388369,100,outer
437,503,16.889250,10.588369,100,outer
364,308,13.239250,0.838368,100,outer
499,124,19.989250,-8.361632,100,outer
384,323,14.239250,1.588369,100,outer
290,279,9.539250,-0.611632,100,outer
136,221,1.839250,-3.511632,100,outer
470,475,18.539250,9.188369,100,outer
353,564,12.689250,13.638369,100,outer
273,455,8.689250,8.188369,100,outer
199,277,4.989250,-0.711632,100,outer
232,274,6.639250,-0.861632,100,outer
346,296,12.339250,0.238368,100,outer
365,309,13.289250,0.888368,100,outer
338,292,11.939250,0.038368,100,outer
327,17,11.389250,-13.711632,100,outer
76,435,-1.160750,7.188369,100,outer
363,385,13.189250,4.688369,100,outer
308,449,10.439250,7.888369,100,outer
142,237,2.139250,-2.711632,100,outer
176,150,3.839250,-7.061632,100,outer
214,405,5.739250,5.688369,100,outer
374,394,13.739250,5.138369,100,outer
327,282,11.389250,-0.461632,100,outer
386,368,14.339250,3.838369,100,outer
387,333,14.389250,2.088369,100,outer
233,275,6.689250,-0.811632,100,outer
378,364,13.939250,3.638369,100,outer
489,201,19.489250,-4.511632,100,outer
423,515,16.189250,11.188369,100,outer
285,285,9.289250,-0.311632,100,outer
558,331,22.939250,1.988369,100,outer
236,280,6.839250,-0.561632,100,outer
553,365,22.689250,3.688369,100,outer
47,264,-2.610750,-1.361632,100,outer
228,425,6.439250,6.688369,100,outer
175,270,3.789250,-1.061632,100,outer
224,571,6.239250,13.988369,100,outer
240,399,7.039250,5.388369,100,outer
396,9,14.839250,-14.111632,100,outer
548,286,22.439250,-0.261632,100,outer
339,292,11.989250,0.038368,100,outer
372,555,13.639250,13.188369,100,outer
358,391,12.939250,4.988369,100,outer
270,278,8.539250,-0.661632,100,outer
346,8,12.339250,-14.161632,100,outer
395,538,14.789250,12.338369,100,outer
461,483,18.089250,9.588369,100,outer
148,172,2.439250,-5.961632,100,outer
232,431,6.639250,6.988369,100,outer
347,418,12.389250,6.338369,100,outer
179,276,3.989250,-0.761632,100,outer
509,151,20.489250,-7.011632,100,outer
554,302,22.739250,0.538368,100,outer
321,100,11.089250,-9.561632,100,outer
116,485,0.839250,9.688369,100,outer
505,446,20.289250,7.738369,100,outer
149,253,2.489250,-1.911632,100,outer
323,289,11.189250,-0.111632,100,outer
160,262,3.039250,-1.461632,100,outer
451,66,17.589250,-11.261632,100,outer
213,274,5.689250,-0.861632,100,outer
381,1,14.089250,-14.511632,100,outer
454,71,17.739250,-11.011632,100,outer
278,403,8.939250,5.588369,100,outer
319,26,10.989250,-13.261632,100,outer
229,398,6.489250,5.338369,100,outer
507,226,20.389250,-3.261632,100,outer
21,369,-3.910751,3.888369,100,outer
325,106,11.289250,-9.261632,100,outer
261,579,8.089250,14.388369,100,outer
161,263,3.089250,-1.411632,100,outer
389,356,14.489250,3.238369,100,outer
338,570,11.939250,13.938369,100,outer
31,382,-3.410750,4.538369,100,outer
379,342,13.989250,2.538369,100,outer
455,72,17.789250,-10.961632,100,outer
508,227,20.439250,-3.211632,100,outer
163,538,3.189250,12.338369,100,outer
372,303,13.639250,0.588368,100,outer
142,515,2.139250,11.188369,100,outer
182,551,4.139250,12.988369,100,outer
500,452,20.039250,8.038369,100,outer
511,232,20.589250,-2.961632,100,outer
369,377,13.489250,4.288369,100,outer
557,348,22.889250,2.838369,100,outer
315,406,10.789250,5.738369,100,outer
221,399,6.089250,5.388369,100,outer
361,293,13.089250,0.088368,100,outer
338,426,11.939250,6.738369,100,outer
284,455,9.239250,8.188369,100,outer
345,285,12.289250,-0.311632,100,outer
259,282,7.989250,-0.461632,100,outer
183,552,4.189250,13.038369,100,outer
430,509,16.539250,10.888369,100,outer
136,211,1.839250,-4.011632,100,outer
316,407,10.839250,5.788369,100,outer
536,410,21.839250,5.938369,100,outer
201,277,5.089250,-0.711632,100,outer
509,164,20.489250,-6.361632,100,outer
315,33,10.789250,-12.911632,100,outer
164,538,3.239250,12.338369,100,outer
554,315,22.739250,1.188368,100,outer
206,126,5.339250,-8.261632,100,outer
335,11,11.789250,-14.011632,100,outer
57,412,-2.110750,6.038369,100,outer
250,578,7.539250,14.338369,100,outer
338,282,11.939250,-0.461632,100,outer
548,384,22.439250,4.638369,100,outer
134,223,1.739250,-3.411632,100,outer
342,401,12.139250,5.488369,100,outer
107,269,0.389250,-1.111632,100,outer
556,361,22.839250,3.488369,100,outer
362,1,13.139250,-14.511632,100,outer
536,266,21.839250,-1.261632,100,outer
58,413,-2.060750,6.088369,100,outer
292,580,9.639250,14.438369,100,outer
286,91,9.339250,-10.011632,100,outer
310,448,10.539250,7.838369,100,outer
2,332,-4.860751,2.038369,100,outer
178,149,3.939250,-7.111632,100,outer
49,264,-2.510750,-1.361632,100,outer
61,418,-1.910750,6.338369,100,outer
297,286,9.889250,-0.261632,100,outer
234,575,6.739250,14.188369,100,outer
202,277,5.139250,-0.711632,100,outer
557,325,22.889250,1.688369,100,outer
349,296,12.489250,0.238368,100,outer
354,411,12.739250,5.988369,100,outer
341,292,12.089250,0.038368,100,outer
495,121,19.789250,-8.511632,100,outer
338,403,11.939250,5.588369,100,outer
144,272,2.239250,-0.961632,100,outer
540,272,22.039250,-0.961632,100,outer
512,439,20.639250,7.388369,100,outer
354,2,12.739250,-14.461632,100,outer
493,197,19.689250,-4.711632,100,outer
403,532,15.189250,12.038369,100,outer
310,75,10.539250,-10.811632,100,outer
469,477,18.489250,9.288369,100,outer
213,408,5.689250,5.838369,100,outer
342,293,12.139250,0.088368,100,outer
139,193,1.989250,-4.911632,100,outer
5,342,-4.710751,2.538369,100,outer
145,273,2.289250,-0.911632,100,outer
421,28,16.089250,-13.161632,100,outer
364,311,13.239250,0.988368,100,outer
313,86,10.689250,-10.261632,100,outer
235,575,6.789250,14.188369,100,outer
376,551,13.839250,12.988369,100,outer
362,387,13.139250,4.788369,100,outer
399,9,14.989250,-14.111632,100,outer
271,89,8.589250,-10.111632,100,outer
87,268,-0.610750,-1.161632,100,outer
556,338,22.839250,2.338369,100,outer
375,326,13.789250,1.738369,100,outer
410,18,15.539250,-13.661632,100,outer
265,454,8.289250,8.138369,100,outer
361,391,13.089250,4.988369,100,outer
97,461,-0.110750,8.488369,100,outer
422,29,16.139250,-13.111632,100,outer
273,278,8.689250,-0.661632,100,outer
547,289,22.389250,-0.111632,100,outer
224,273,6.239250,-0.911632,100,outer
182,276,4.139250,-0.761632,100,outer
392,6,14.639250,-14.261632,100,outer
432,42,16.639250,-12.461632,100,outer
411,19,15.589250,-13.611632,100,outer
389,346,14.489250,2.738369,100,outer
384,2,14.239250,-14.461632,100,outer
12,359,-4.360751,3.388369,100,outer
326,406,11.339250,5.738369,100,outer
319,281,10.989250,-0.511632,100,outer
345,419,12.289250,6.388369,100,outer
267,91,8.389250,-10.011632,100,outer
435,47,16.789250,-12.211632,100,outer
3,310,-4.810751,0.938368,100,outer
357,393,12.889250,5.088369,100,outer
277,284,8.889250,-0.361632,100,outer
216,274,5.839250,-0.861632,100,outer
236,103,6.839250,-9.411632,100,outer
310,52,10.539250,-11.961632,100,outer
340,569,12.039250,13.888369,100,outer
550,299,22.539250,0.388368,100,outer
13,360,-4.310751,3.438369,100,outer
147,174,2.389250,-5.861632,100,outer
436,48,16.839250,-12.161632,100,outer
502,222,20.139250,-3.461632,100,outer
125,272,1.289250,-0.961632,100,outer
539,406,21.989250,5.738369,100,outer
358,394,12.939250,5.138369,100,outer
312,98,10.639250,-9.661632,100,outer
504,448,20.239250,7.838369,100,outer
524,426,21.239250,6.738369,100,outer
262,277,8.139250,-0.711632,100,outer
341,570,12.089250,13.938369,100,outer
327,406,11.389250,5.738369,100,outer
314,287,10.739250,-0.211632,100,outer
220,280,6.039250,-0.561632,100,outer
509,154,20.489250,-6.861632,100,outer
503,223,20.189250,-3.411632,100,outer
167,274,3.389250,-0.861632,100,outer
38,389,-3.060750,4.888369,100,outer
177,547,3.889250,12.788369,100,outer
554,305,22.739250,0.688368,100,outer
318,443,10.939250,7.588369,100,outer
313,99,10.689250,-9.611632,100,outer
305,95,10.289250,-9.811632,100,outer
499,189,19.989250,-5.111632,100,outer
553,309,22.689250,0.888368,100,outer
476,471,18.839250,8.988369,100,outer
315,288,10.789250,-0.161632,100,outer
356,289,12.839250,-0.111632,100,outer
388,358,14.439250,3.338369,100,outer
287,455,9.389250,8.188369,100,outer
348,285,12.439250,-0.311632,100,outer
138,512,1.939250,11.038369,100,outer
178,548,3.939250,12.838369,100,outer
475,97,18.789250,-9.711632,100,outer
197,561,4.889250,13.488369,100,outer
42,395,-2.860750,5.188369,100,outer
270,402,8.539250,5.538369,100,outer
2,322,-4.860751,1.538369,100,outer
519,432,20.989250,7.038369,100,outer
410,525,15.539250,11.688369,100,outer
377,348,13.889250,2.838369,100,outer
384,547,14.239250,12.788369,100,outer
364,0,13.239250,-14.561632,100,outer
253,578,7.689250,14.338369,100,outer
349,286,12.489250,-0.261632,100,outer
52,408,-2.360750,5.838369,100,outer
476,98,18.839250,-9.661632,100,outer
247,275,7.389250,-0.811632,100,outer
529,253,21.489250,-1.911632,100,outer
547,387,22.389250,4.788369,100,outer
159,162,2.989250,-6.461632,100,outer
532,258,21.639250,-1.661632,100,outer
137,223,1.889250,-3.411632,100,outer
110,269,0.539250,-1.111632,100,outer
329,573,11.489250,14.088369,100,outer
477,471,18.889250,8.988369,100,outer
356,410,12.839250,5.938369,100,outer
182,145,4.139250,-7.311632,100,outer
53,409,-2.310750,5.888369,100,outer
382,319,14.139250,1.388369,100,outer
342,283,12.139250,-0.411632,100,outer
314,35,10.739250,-12.811632,100,outer
6,297,-4.660751,0.288368,100,outer
385,324,14.289250,1.638369,100,outer
237,575,6.889250,14.188369,100,outer
284,278,9.239250,-0.661632,100,outer
376,361,13.839250,3.488369,100,outer
267,454,8.389250,8.138369,100,outer
341,403,12.089250,5.588369,100,outer
242,281,7.139250,-0.511632,100,outer
290,92,9.539250,-9.961632,100,outer
147,272,2.389250,-0.961632,100,outer
367,312,13.389250,1.038368,100,outer
78,438,-1.060750,7.338369,100,outer
556,328,22.839250,1.838369,100,outer
220,113,6.039250,-8.911632,100,outer
238,576,6.939250,14.238369,100,outer
378,550,13.939250,12.938369,100,outer
250,401,7.539250,5.488369,100,outer
364,386,13.239250,4.738369,100,outer
508,171,20.439250,-6.011632,100,outer
190,270,4.539250,-1.061632,100,outer
352,3,12.639250,-14.411632,100,outer
413,19,15.689250,-13.611632,100,outer
356,302,12.839250,0.538368,100,outer
148,273,2.439250,-0.911632,100,outer
283,89,9.189250,-10.111632,100,outer
79,439,-1.010750,7.388369,100,outer
549,288,22.489250,-0.161632,100,outer
353,413,12.689250,6.088369,100,outer
221,114,6.089250,-8.861632,100,outer
4,345,-4.760751,2.688369,100,outer
555,368,22.789250,3.838369,100,outer
445,496,17.289250,10.238369,100,outer
365,387,13.289250,4.788369,100,outer
82,444,-0.860750,7.638369,100,outer
317,576,10.889250,14.238369,100,outer
90,268,-0.460750,-1.161632,100,outer
230,428,6.539250,6.838369,100,outer
268,454,8.439250,8.138369,100,outer
505,138,20.289250,-7.661632,100,outer
322,282,11.139250,-0.461632,100,outer
227,273,6.389250,-0.911632,100,outer
18,279,-4.060751,-0.611632,100,outer
368,398,13.439250,5.338369,100,outer
333,291,11.689250,-0.011632,100,outer
280,285,9.039250,-0.311632,100,outer
185,276,4.289250,-0.761632,100,outer
325,436,11.289250,7.238369,100,outer
387,2,14.389250,-14.461632,100,outer
276,580,8.839250,14.438369,100,outer
383,377,14.189250,4.288369,100,outer
406,15,15.339250,-13.811632,100,outer
329,406,11.489250,5.738369,100,outer
302,452,10.139250,8.038369,100,outer
270,91,8.539250,-10.011632,100,outer
41,268,-2.910750,-1.161632,100,outer
390,7,14.539250,-14.211632,100,outer
114,481,0.739250,9.488369,100,outer
374,328,13.739250,1.838369,100,outer
483,464,19.189250,8.638369,100,outer
506,447,20.339250,7.788369,100,outer
231,428,6.589250,6.838369,100,outer
313,89,10.689250,-10.111632,100,outer
508,148,20.439250,-7.161632,100,outer
317,288,10.889250,-0.161632,100,outer
484,465,19.239250,8.688369,100,outer
128,272,1.439250,-0.961632,100,outer
207,565,5.389250,13.688369,100,outer
556,341,22.839250,2.488369,100,outer
388,348,14.439250,2.838369,100,outer
118,487,0.939250,9.788369,100,outer
199,561,4.989250,13.488369,100,outer
305,579,10.289250,14.388369,100,outer
272,402,8.639250,5.538369,100,outer
265,277,8.289250,-0.711632,100,outer
151,255,2.589250,-1.811632,100,outer
373,368,13.689250,3.838369,100,outer
341,7,12.089250,-14.211632,100,outer
37,270,-3.110750,-1.061632,100,outer
223,280,6.189250,-0.561632,100,outer
453,68,17.689250,-11.161632,100,outer
369,556,13.489250,13.238369,100,outer
389,349,14.489250,2.888369,100,outer
33,385,-3.310750,4.688369,100,outer
200,562,5.039250,13.538369,100,outer
510,230,20.539250,-3.061632,100,outer
192,558,4.639250,13.338369,100,outer
480,467,19.039250,8.788369,100,outer
414,522,15.739250,11.538369,100,outer
309,60,10.489250,-11.561632,100,outer
327,108,11.389250,-9.161632,100,outer
23,371,-3.810751,3.988369,100,outer
379,384,13.989250,4.638369,100,outer
513,235,20.689250,-2.811632,100,outer
290,455,9.539250,8.188369,100,outer
162,535,3.139250,12.188369,100,outer
29,271,-3.510750,-1.011632,100,outer
508,445,20.439250,7.688369,100,outer
208,273,5.439250,-0.911632,100,outer
34,386,-3.260750,4.738369,100,outer
173,544,3.689250,12.638369,100,outer
306,579,10.339250,14.388369,100,outer
456,487,17.839250,9.788369,100,outer
161,161,3.089250,-6.511632,100,outer
374,305,13.739250,0.688368,100,outer
273,402,8.689250,5.538369,100,outer
309,96,10.489250,-9.761632,100,outer
144,517,2.239250,11.288369,100,outer
380,385,14.039250,4.688369,100,outer
518,435,20.939250,7.188369,100,outer
174,545,3.739250,12.688369,100,outer
142,184,2.139250,-5.361632,100,outer
162,162,3.139250,-6.461632,100,outer
261,284,8.089250,-0.361632,100,outer
360,406,13.039250,5.738369,100,outer
59,415,-2.010750,6.188369,100,outer
228,107,6.439250,-9.211632,100,outer
185,554,4.289250,13.138369,100,outer
159,273,2.989250,-0.911632,100,outer
556,318,22.839250,1.338369,100,outer
64,264,-1.760750,-1.361632,100,outer
332,573,11.639250,14.088369,100,outer
192,270,4.639250,-1.061632,100,outer
10,293,-4.460751,0.088368,100,outer
386,544,14.339250,12.638369,100,outer
553,312,22.689250,1.038368,100,outer
493,118,19.689250,-8.661632,100,outer
538,269,21.939250,-1.111632,100,outer
388,361,14.439250,3.488369,100,outer
375,391,13.789250,4.988369,100,outer
340,284,12.039250,-0.361632,100,outer
133,220,1.689250,-3.561632,100,outer
308,72,10.439250,-10.961632,100,outer
387,365,14.389250,3.688369,100,outer
63,421,-1.810750,6.488369,100,outer
333,16,11.689250,-13.761632,100,outer
311,406,10.589250,5.738369,100,outer
298,287,9.939250,-0.211632,100,outer
245,281,7.289250,-0.511632,100,outer
377,351,13.889250,2.988369,100,outer
351,299,12.589250,0.388368,100,outer
362,308,13.139250,0.838368,100,outer
223,113,6.189250,-8.911632,100,outer
497,124,19.889250,-8.361632,100,outer
253,401,7.689250,5.488369,100,outer
333,281,11.689250,-0.511632,100,outer
5,299,-4.710751,0.388368,100,outer
193,270,4.689250,-1.061632,100,outer
271,455,8.589250,8.188369,100,outer
425,513,16.289250,11.088369,100,outer
546,394,22.339250,5.138369,100,outer
230,274,6.539250,-0.861632,100,outer
21,280,-3.910751,-0.561632,100,outer
363,309,13.189250,0.888368,100,outer
320,576,11.039250,14.238369,100,outer
153,170,2.689250,-6.061632,100,outer
495,199,19.789250,-4.611632,100,outer
373,322,13.689250,1.538369,100,outer
507,173,20.389250,-5.911632,100,outer
325,282,11.289250,-0.461632,100,outer
401,12,15.089250,-13.961632,100,outer
215,410,5.789250,5.938369,100,outer
344,295,12.239250,0.188368,100,outer
96,459,-0.160750,8.388369,100,outer
336,291,11.839250,-0.011632,100,outer
530,422,21.539250,6.538369,100,outer
421,515,16.089250,11.188369,100,outer
283,285,9.189250,-0.311632,100,outer
99,464,-0.010750,8.638369,100,outer
388,338,14.439250,2.338369,100,outer
234,280,6.739250,-0.561632,100,outer
199,562,4.989250,13.538369,100,outer
554,370,22.739250,3.938369,100,outer
238,399,6.939250,5.388369,100,outer
231,274,6.589250,-0.861632,100,outer
273,91,8.689250,-10.011632,100,outer
352,6,12.639250,-14.261632,100,outer
413,22,15.689250,-13.461632,100,outer
434,45,16.739250,-12.311632,100,outer
546,286,22.339250,-0.261632,100,outer
558,340,22.939250,2.438369,100,outer
100,465,0.039250,8.688369,100,outer
162,260,3.139250,-1.561632,100,outer
490,205,19.539250,-4.311632,100,outer
549,291,22.489250,-0.011632,100,outer
173,269,3.689250,-1.111632,100,outer
393,538,14.689250,12.338369,100,outer
144,242,2.239250,-2.461632,100,outer
324,438,11.239250,7.338369,100,outer
110,478,0.539250,9.338369,100,outer
131,272,1.589250,-0.961632,100,outer
321,24,11.089250,-13.361632,100,outer
82,267,-0.860750,-1.211632,100,outer
386,4,14.339250,-14.361632,100,outer
394,8,14.739250,-14.161632,100,outer
416,521,15.839250,11.488369,100,outer
438,51,16.939250,-12.011632,100,outer
491,206,19.589250,-4.261632,100,outer
169,155,3.489250,-6.811632,100,outer
268,277,8.439250,-0.711632,100,outer
125,494,1.289250,10.138369,100,outer
166,266,3.339250,-1.261632,100,outer
321,289,11.089250,-0.111632,100,outer
460,484,18.039250,9.638369,100,outer
272,284,8.639250,-0.361632,100,outer
372,371,13.639250,3.988369,100,outer
177,275,3.889250,-0.811632,100,outer
305,281,10.289250,-0.511632,100,outer
210,272,5.539250,-0.961632,100,outer
379,1,13.989250,-14.511632,100,outer
276,403,8.839250,5.588369,100,outer
187,554,4.389250,13.138369,100,outer
262,90,8.139250,-10.061632,100,outer
0,319,-4.960751,1.388369,100,outer
18,367,-4.060751,3.788369,100,outer
550,377,22.539250,4.288369,100,outer
394,538,14.739250,12.338369,100,outer
259,579,7.989250,14.388369,100,outer
326,111,11.339250,-9.011632,100,outer
508,151,20.439250,-7.011632,100,outer
211,273,5.589250,-0.911632,100,outer
366,296,13.339250,0.238368,100,outer
188,555,4.439250,13.188369,100,outer
139,513,1.989250,11.088369,100,outer
120,271,1.039250,-1.011632,100,outer
464,81,18.239250,-10.511632,100,outer
67,265,-1.610750,-1.311632,100,outer
133,210,1.689250,-4.061632,100,outer
313,406,10.689250,5.738369,100,outer
306,281,10.339250,-0.511632,100,outer
555,348,22.789250,2.838369,100,outer
378,386,13.939250,4.738369,100,outer
432,506,16.639250,10.738369,100,outer
169,541,3.489250,12.488369,100,outer
498,451,19.939250,7.988369,100,outer
264,284,8.239250,-0.361632,100,outer
531,256,21.589250,-1.761632,100,outer
248,276,7.439250,-0.761632,100,outer
160,163,3.039250,-6.411632,100,outer
44,397,-2.760750,5.288369,100,outer
309,63,10.489250,-11.411632,100,outer
380,352,14.039250,3.038369,100,outer
51,405,-2.410750,5.688369,100,outer
9,296,-4.510751,0.238368,100,outer
29,274,-3.510750,-0.861632,100,outer
204,126,5.239250,-8.261632,100,outer
384,322,14.239250,1.538369,100,outer
478,100,18.939250,-9.561632,100,outer
136,220,1.839250,-3.561632,100,outer
335,429,11.789250,6.888369,100,outer
385,546,14.289250,12.738369,100,outer
227,109,6.389250,-9.111632,100,outer
354,299,12.739250,0.388368,100,outer
105,269,0.289250,-1.111632,100,outer
191,272,4.589250,-0.961632,100,outer
55,411,-2.210750,5.988369,100,outer
256,401,7.839250,5.488369,100,outer
284,91,9.239250,-10.011632,100,outer
176,149,3.839250,-7.111632,100,outer
214,404,5.739250,5.638369,100,outer
374,393,13.739250,5.088369,100,outer
354,564,12.739250,13.638369,100,outer
200,277,5.039250,-0.711632,100,outer
554,360,22.739250,3.438369,100,outer
4,302,-4.760751,0.538368,100,outer
386,367,14.339250,3.788369,100,outer
331,431,11.589250,6.988369,100,outer
233,274,6.689250,-0.861632,100,outer
184,269,4.239250,-1.111632,100,outer
378,363,13.939250,3.588369,100,outer
347,296,12.389250,0.238368,100,outer
199,132,4.989250,-7.961632,100,outer
555,325,22.789250,1.688369,100,outer
423,514,16.189250,11.138369,100,outer
80,440,-0.960750,7.438369,100,outer
309,449,10.489250,7.888369,100,outer
369,314,13.489250,1.138368,100,outer
142,272,2.139250,-0.961632,100,outer
401,532,15.089250,12.038369,100,outer
232,574,6.639250,14.138369,100,outer
328,282,11.439250,-0.461632,100,outer
503,134,20.189250,-7.861632,100,outer
467,477,18.389250,9.288369,100,outer
548,285,22.439250,-0.311632,100,outer
415,21,15.789250,-13.511632,100,outer
350,566,12.539250,13.738369,100,outer
3,342,-4.810751,2.538369,100,outer
312,45,10.639250,-12.311632,100,outer
262,453,8.139250,8.088369,100,outer
237,280,6.889250,-0.561632,100,outer
506,139,20.339250,-7.611632,100,outer
545,396,22.289250,5.238369,100,outer
48,264,-2.560750,-1.361632,100,outer
490,460,19.539250,8.438369,100,outer
176,270,3.839250,-1.061632,100,outer
294,405,9.739250,5.688369,100,outer
232,430,6.639250,6.938369,100,outer
347,417,12.389250,6.288369,100,outer
179,275,3.989250,-0.811632,100,outer
506,175,20.339250,-5.811632,100,outer
507,140,20.389250,-7.561632,100,outer
439,500,16.989250,10.438369,100,outer
255,450,7.789250,7.938369,100,outer
271,278,8.589250,-0.661632,100,outer
347,8,12.389250,-14.161632,100,outer
7,348,-4.610751,2.838369,100,outer
238,101,6.939250,-9.511632,100,outer
462,483,18.139250,9.588369,100,outer
274,283,8.739250,-0.411632,100,outer
233,431,6.689250,6.988369,100,outer
139,238,1.989250,-2.661632,100,outer
314,90,10.739250,-10.061632,100,outer
180,276,4.039250,-0.761632,100,outer
85,267,-0.710750,-1.211632,100,outer
373,325,13.689250,1.688369,100,outer
373,554,13.689250,13.138369,100,outer
117,485,0.889250,9.688369,100,outer
317,281,10.889250,-0.511632,100,outer
150,253,2.539250,-1.911632,100,outer
325,105,11.289250,-9.311632,100,outer
120,490,1.039250,9.938369,100,outer
275,284,8.789250,-0.361632,100,outer
375,371,13.789250,3.988369,100,outer
308,52,10.439250,-11.961632,100,outer
382,1,14.139250,-14.511632,100,outer
541,403,22.089250,5.588369,100,outer
379,341,13.989250,2.488369,100,outer
455,71,17.789250,-11.011632,100,outer
265,90,8.289250,-10.061632,100,outer
217,279,5.889250,-0.611632,100,outer
36,267,-3.160750,-1.211632,100,outer
121,491,1.089250,9.988369,100,outer
142,514,2.139250,11.138369,100,outer
1,309,-4.910751,0.888368,100,outer
318,102,10.939250,-9.461632,100,outer
511,231,20.589250,-3.011632,100,outer
558,343,22.939250,2.588369,100,outer
168,157,3.439250,-6.711632,100,outer
25,374,-3.710750,4.138369,100,outer
557,347,22.889250,2.788369,100,outer
214,273,5.739250,-0.911632,100,outer
32,382,-3.360750,4.538369,100,outer
312,287,10.639250,-0.211632,100,outer
338,425,11.939250,6.688369,100,outer
371,373,13.589250,4.088369,100,outer
183,551,4.189250,12.988369,100,outer
123,271,1.189250,-1.011632,100,outer
35,387,-3.210750,4.788369,100,outer
175,547,3.789250,12.788369,100,outer
350,399,12.539250,5.388369,100,outer
459,77,17.989250,-10.711632,100,outer
512,232,20.639250,-2.961632,100,outer
376,308,13.839250,0.838368,100,outer
136,210,1.839250,-4.061632,100,outer
310,97,10.539250,-9.711632,100,outer
257,91,7.889250,-10.011632,100,outer
369,3,13.489250,-14.411632,100,outer
509,163,20.489250,-6.411632,100,outer
313,288,10.689250,-0.161632,100,outer
354,289,12.739250,-0.111632,100,outer
218,279,5.939250,-0.611632,100,outer
206,125,5.339250,-8.311632,100,outer
346,285,12.339250,-0.311632,100,outer
217,400,5.889250,5.438369,100,outer
31,273,-3.410750,-0.911632,100,outer
36,388,-3.160750,4.838369,100,outer
164,537,3.239250,12.288369,100,outer
176,548,3.839250,12.838369,100,outer
554,314,22.739250,1.138368,100,outer
497,454,19.889250,8.138369,100,outer
255,283,7.789250,-0.411632,100,outer
303,94,10.189250,-9.861632,100,outer
160,274,3.039250,-0.861632,100,outer
0,322,-4.960751,1.538369,100,outer
470,91,18.539250,-10.011632,100,outer
339,425,11.989250,6.688369,100,outer
307,64,10.389250,-11.361632,100,outer
207,126,5.389250,-8.261632,100,outer
253,93,7.689250,-9.911632,100,outer
251,578,7.589250,14.338369,100,outer
431,508,16.589250,10.838369,100,outer
61,417,-1.910750,6.288369,100,outer
367,380,13.389250,4.438369,100,outer
218,400,5.939250,5.438369,100,outer
305,405,10.289250,5.688369,100,outer
379,354,13.989250,3.138369,100,outer
495,120,19.789250,-8.561632,100,outer
287,91,9.389250,-10.011632,100,outer
311,448,10.589250,7.838369,100,outer
62,418,-1.860750,6.338369,100,outer
50,264,-2.460750,-1.361632,100,outer
332,13,11.639250,-13.911632,100,outer
310,74,10.539250,-10.861632,100,outer
213,407,5.689250,5.788369,100,outer
72,431,-1.360750,6.988369,100,outer
361,305,13.089250,0.688368,100,outer
139,192,1.989250,-4.961632,100,outer
541,272,22.089250,-0.961632,100,outer
145,272,2.289250,-0.961632,100,outer
364,310,13.239250,0.938368,100,outer
499,126,19.989250,-8.261632,100,outer
544,277,22.239250,-0.711632,100,outer
307,450,10.389250,7.938369,100,outer
188,270,4.439250,-1.061632,100,outer
175,151,3.789250,-7.011632,100,outer
350,3,12.539250,-14.411632,100,outer
293,286,9.689250,-0.261632,100,outer
375,325,13.789250,1.688369,100,outer
265,453,8.289250,8.088369,100,outer
240,280,7.039250,-0.561632,100,outer
385,369,14.289250,3.888369,100,outer
51,264,-2.410750,-1.361632,100,outer
547,288,22.389250,-0.161632,100,outer
248,400,7.439250,5.438369,100,outer
363,387,13.189250,4.788369,100,outer
88,268,-0.560750,-1.161632,100,outer
400,534,15.039250,12.138369,100,outer
242,97,7.139250,-9.711632,100,outer
266,454,8.339250,8.138369,100,outer
466,479,18.339250,9.388369,100,outer
386,370,14.339250,3.938369,100,outer
387,335,14.389250,2.188369,100,outer
258,450,7.939250,7.938369,100,outer
328,20,11.439250,-13.561632,100,outer
250,446,7.539250,7.738369,100,outer
225,273,6.289250,-0.911632,100,outer
377,550,13.889250,12.938369,100,outer
553,367,22.689250,3.788369,100,outer
101,466,0.089250,8.738369,100,outer
492,208,19.639250,-4.161632,100,outer
551,294,22.589250,0.138368,100,outer
183,276,4.189250,-0.761632,100,outer
146,245,2.339250,-2.311632,100,outer
320,281,11.039250,-0.511632,100,outer
346,419,12.339250,6.388369,100,outer
415,24,15.789250,-13.361632,100,outer
436,47,16.839250,-12.211632,100,outer
331,290,11.589250,-0.061632,100,outer
506,142,20.339250,-7.461632,100,outer
438,502,16.939250,10.538369,100,outer
278,284,8.939250,-0.361632,100,outer
493,209,19.689250,-4.111632,100,outer
262,276,8.139250,-0.761632,100,outer
505,183,20.289250,-5.411632,100,outer
341,569,12.089250,13.888369,100,outer
268,90,8.439250,-10.061632,100,outer
220,279,6.039250,-0.611632,100,outer
509,153,20.489250,-6.911632,100,outer
554,304,22.739250,0.638368,100,outer
17,365,-4.110751,3.688369,100,outer
321,102,11.089250,-9.461632,100,outer
440,53,17.039250,-11.911632,100,outer
269,580,8.489250,14.438369,100,outer
296,454,9.839250,8.138369,100,outer
127,496,1.389250,10.238369,100,outer
528,424,21.439250,6.638369,100,outer
263,277,8.189250,-0.711632,100,outer
382,377,14.139250,4.288369,100,outer
328,406,11.439250,5.738369,100,outer
374,373,13.739250,4.088369,100,outer
315,287,10.789250,-0.211632,100,outer
221,280,6.089250,-0.561632,100,outer
126,271,1.339250,-1.011632,100,outer
12,286,-4.360751,-0.261632,100,outer
368,299,13.439250,0.388368,100,outer
138,511,1.939250,10.988369,100,outer
205,272,5.289250,-0.961632,100,outer
197,560,4.889250,13.438369,100,outer
507,228,20.389250,-3.161632,100,outer
189,556,4.489250,13.238369,100,outer
540,405,22.039250,5.688369,100,outer
42,394,-2.860750,5.138369,100,outer
2,321,-4.860751,1.488369,100,outer
210,121,5.539250,-8.511632,100,outer
552,379,22.639250,4.388369,100,outer
316,288,10.839250,-0.161632,100,outer
300,280,10.039250,-0.561632,100,outer
529,252,21.489250,-1.961632,100,outer
171,544,3.589250,12.638369,100,outer
190,557,4.539250,13.288369,100,outer
271,402,8.589250,5.538369,100,outer
258,283,7.939250,-0.411632,100,outer
466,83,18.339250,-10.411632,100,outer
532,257,21.639250,-1.711632,100,outer
411,525,15.589250,11.688369,100,outer
61,263,-1.910750,-1.411632,100,outer
365,0,13.289250,-14.561632,100,outer
557,350,22.889250,2.938369,100,outer
254,578,7.739250,14.338369,100,outer
256,93,7.839250,-9.911632,100,outer
53,408,-2.310750,5.838369,100,outer
206,272,5.339250,-0.961632,100,outer
314,34,10.739250,-12.861632,100,outer
480,103,19.039250,-9.411632,100,outer
533,258,21.689250,-1.661632,100,outer
330,573,11.539250,14.088369,100,outer
370,380,13.539250,4.438369,100,outer
315,444,10.789250,7.638369,100,outer
8,293,-4.560751,0.088368,100,outer
183,145,4.189250,-7.311632,100,outer
497,192,19.889250,-4.961632,100,outer
361,560,13.089250,13.438369,100,outer
407,527,15.389250,11.788369,100,outer
477,97,18.889250,-9.711632,100,outer
106,270,0.339250,-1.061632,100,outer
509,166,20.489250,-6.261632,100,outer
473,472,18.689250,9.038369,100,outer
367,311,13.389250,0.988368,100,outer
554,317,22.739250,1.288368,100,outer
250,400,7.539250,5.438369,100,outer
243,275,7.189250,-0.811632,100,outer
296,287,9.839250,-0.211632,100,outer
134,225,1.739250,-3.311632,100,outer
356,301,12.839250,0.488368,100,outer
556,363,22.839250,3.588369,100,outer
155,168,2.789250,-6.161632,100,outer
353,412,12.689250,6.038369,100,outer
379,550,13.989250,12.938369,100,outer
251,401,7.589250,5.488369,100,outer
82,443,-0.860750,7.588369,100,outer
371,317,13.589250,1.288368,100,outer
49,266,-2.510750,-1.261632,100,outer
492,198,19.639250,-4.661632,100,outer
511,440,20.589250,7.438369,100,outer
244,96,7.239250,-9.761632,100,outer
557,327,22.889250,1.788369,100,outer
505,137,20.289250,-7.711632,100,outer
417,24,15.889250,-13.361632,100,outer
333,290,11.689250,-0.061632,100,outer
446,496,17.339250,10.238369,100,outer
83,444,-0.810750,7.638369,100,outer
318,576,10.939250,14.238369,100,outer
512,441,20.639250,7.488369,100,outer
326,22,11.339250,-13.461632,100,outer
91,268,-0.410750,-1.161632,100,outer
245,97,7.289250,-9.711632,100,outer
310,77,10.539250,-10.711632,100,outer
288,404,9.439250,5.638369,100,outer
281,279,9.089250,-0.611632,100,outer
234,433,6.739250,7.088369,100,outer
311,42,10.589250,-12.461632,100,outer
418,25,15.939250,-13.311632,100,outer
19,279,-4.010751,-0.611632,100,outer
179,268,3.989250,-1.161632,100,outer
334,291,11.739250,-0.011632,100,outer
5,344,-4.710751,2.638369,100,outer
93,457,-0.310750,8.288369,100,outer
186,276,4.339250,-0.761632,100,outer
151,169,2.589250,-6.111632,100,outer
421,30,16.089250,-13.061632,100,outer
138,236,1.939250,-2.761632,100,outer
313,88,10.689250,-10.161632,100,outer
418,519,15.939250,11.388369,100,outer
227,573,6.389250,14.088369,100,outer
442,498,17.139250,10.338369,100,outer
330,406,11.539250,5.738369,100,outer
323,281,11.189250,-0.511632,100,outer
271,91,8.589250,-10.011632,100,outer
350,6,12.539250,-14.261632,100,outer
391,7,14.589250,-14.211632,100,outer
399,11,14.989250,-14.011632,100,outer
246,443,7.339250,7.588369,100,outer
383,3,14.189250,-14.411632,100,outer
6,345,-4.660751,2.688369,100,outer
556,340,22.839250,2.438369,100,outer
528,421,21.439250,6.488369,100,outer
298,453,9.939250,8.088369,100,outer
488,205,19.439250,-4.311632,100,outer
378,333,13.939250,2.088369,100,outer
527,425,21.389250,6.688369,100,outer
344,569,12.239250,13.888369,100,outer
552,369,22.639250,3.888369,100,outer
289,404,9.489250,5.638369,100,outer
314,577,10.739250,14.288369,100,outer
235,433,6.789250,7.088369,100,outer
322,438,11.139250,7.338369,100,outer
317,94,10.889250,-9.861632,100,outer
129,272,1.489250,-0.961632,100,outer
392,8,14.639250,-14.161632,100,outer
432,44,16.639250,-12.361632,100,outer
389,348,14.489250,2.838369,100,outer
119,487,0.989250,9.788369,100,outer
200,561,5.039250,13.488369,100,outer
376,0,13.839250,-14.561632,100,outer
510,229,20.539250,-3.111632,100,outer
489,206,19.489250,-4.261632,100,outer
414,521,15.739250,11.488369,100,outer
38,270,-3.060750,-1.061632,100,outer
266,277,8.339250,-0.711632,100,outer
152,255,2.639250,-1.811632,100,outer
342,7,12.139250,-14.211632,100,outer
3,312,-4.810751,1.038368,100,outer
357,395,12.889250,5.188369,100,outer
190,138,4.539250,-7.661632,100,outer
175,275,3.789250,-0.811632,100,outer
310,54,10.539250,-11.861632,100,outer
80,266,-0.960750,-1.261632,100,outer
208,272,5.439250,-0.961632,100,outer
504,185,20.239250,-5.311632,100,outer
457,73,17.889250,-10.911632,100,outer
523,427,21.189250,6.788369,100,outer
306,578,10.339250,14.338369,100,outer
380,384,14.039250,4.638369,100,outer
539,408,21.989250,5.838369,100,outer
317,444,10.889250,7.638369,100,outer
312,100,10.639250,-9.561632,100,outer
331,113,11.589250,-8.911632,100,outer
551,382,22.589250,4.538369,100,outer
338,9,11.939250,-14.111632,100,outer
303,280,10.189250,-0.561632,100,outer
524,428,21.239250,6.838369,100,outer
209,273,5.489250,-0.911632,100,outer
458,74,17.939250,-10.861632,100,outer
166,540,3.339250,12.438369,100,outer
556,317,22.839250,1.288368,100,outer
261,283,8.089250,-0.411632,100,outer
185,553,4.289250,13.088369,100,outer
38,391,-3.060750,4.988369,100,outer
461,79,18.089250,-10.611632,100,outer
64,263,-1.760750,-1.411632,100,outer
378,310,13.939250,0.938368,100,outer
313,101,10.689250,-9.511632,100,outer
305,97,10.289250,-9.711632,100,outer
553,311,22.689250,0.988368,100,outer
167,541,3.389250,12.488369,100,outer
388,360,14.439250,3.438369,100,outer
361,406,13.089250,5.738369,100,outer
307,286,10.389250,-0.261632,100,outer
186,554,4.339250,13.138369,100,outer
359,562,12.989250,13.538369,100,outer
246,276,7.339250,-0.761632,100,outer
453,489,17.689250,9.888369,100,outer
63,420,-1.810750,6.438369,100,outer
158,163,2.939250,-6.411632,100,outer
2,324,-4.860751,1.638369,100,outer
500,192,20.039250,-4.961632,100,outer
519,434,20.989250,7.138369,100,outer
377,350,13.889250,2.938369,100,outer
143,183,2.189250,-5.411632,100,outer
497,123,19.889250,-8.411632,100,outer
341,284,12.089250,-0.361632,100,outer
535,415,21.789250,6.188369,100,outer
542,274,22.139250,-0.861632,100,outer
346,399,12.339250,5.388369,100,outer
309,72,10.489250,-10.961632,100,outer
159,164,2.989250,-6.361632,100,outer
487,109,19.389250,-9.111632,100,outer
299,287,9.989250,-0.211632,100,outer
383,546,14.189250,12.738369,100,outer
225,109,6.289250,-9.111632,100,outer
137,225,1.889250,-3.311632,100,outer
365,3,13.289250,-14.411632,100,outer
74,434,-1.260750,7.138369,100,outer
254,401,7.739250,5.488369,100,outer
543,275,22.189250,-0.811632,100,outer
281,89,9.089250,-10.111632,100,outer
52,266,-2.360750,-1.261632,100,outer
385,326,14.289250,1.738369,100,outer
138,226,1.939250,-3.261632,100,outer
507,172,20.389250,-5.961632,100,outer
229,573,6.489250,14.088369,100,outer
189,271,4.489250,-1.011632,100,outer
344,294,12.239250,0.138368,100,outer
530,421,21.539250,6.488369,100,outer
498,123,19.939250,-8.411632,100,outer
556,330,22.839250,1.938369,100,outer
321,576,11.089250,14.238369,100,outer
388,337,14.439250,2.288369,100,outer
352,414,12.639250,6.138369,100,outer
220,115,6.039250,-8.811632,100,outer
508,173,20.439250,-5.911632,100,outer
291,404,9.589250,5.638369,100,outer
364,388,13.239250,4.838369,100,outer
230,574,6.539250,14.138369,100,outer
546,285,22.339250,-0.311632,100,outer
243,98,7.189250,-9.661632,100,outer
413,21,15.689250,-13.511632,100,outer
422,515,16.139250,11.188369,100,outer
100,464,0.039250,8.638369,100,outer
543,396,22.189250,5.238369,100,outer
488,460,19.439250,8.438369,100,outer
549,290,22.489250,-0.061632,100,outer
141,236,2.089250,-2.761632,100,outer
144,241,2.239250,-2.511632,100,outer
324,437,11.239250,7.288369,100,outer
353,6,12.689250,-14.261632,100,outer
394,7,14.739250,-14.211632,100,outer
82,266,-0.860750,-1.261632,100,outer
241,439,7.089250,7.388369,100,outer
310,44,10.539250,-12.361632,100,outer
260,452,8.039250,8.038369,100,outer
438,50,16.939250,-12.061632,100,outer
505,140,20.289250,-7.561632,100,outer
417,519,15.889250,11.388369,100,outer
368,400,13.439250,5.438369,100,outer
104,470,0.239250,8.938369,100,outer
166,265,3.339250,-1.311632,100,outer
494,210,19.739250,-4.061632,100,outer
460,483,18.039250,9.588369,100,outer
83,267,-0.810750,-1.211632,100,outer
551,372,22.589250,4.038369,100,outer
15,361,-4.210751,3.488369,100,outer
439,51,16.989250,-12.011632,100,outer
374,330,13.739250,1.938369,100,outer
5,347,-4.710751,2.788369,100,outer
442,56,17.139250,-11.761632,100,outer
495,211,19.789250,-4.011632,100,outer
159,262,2.989250,-1.461632,100,outer
178,275,3.939250,-0.811632,100,outer
340,8,12.039250,-14.161632,100,outer
508,150,20.439250,-7.061632,100,outer
553,301,22.689250,0.488368,100,outer
380,1,14.039250,-14.511632,100,outer
235,400,6.789250,5.438369,100,outer
263,90,8.189250,-10.061632,100,outer
388,350,14.439250,2.938369,100,outer
120,270,1.039250,-1.061632,100,outer
315,100,10.789250,-9.561632,100,outer
373,370,13.689250,3.938369,100,outer
166,157,3.339250,-6.711632,100,outer
306,280,10.339250,-0.561632,100,outer
212,273,5.639250,-0.911632,100,outer
377,340,13.889250,2.438369,100,outer
14,288,-4.260751,-0.161632,100,outer
189,140,4.489250,-7.561632,100,outer
215,278,5.789250,-0.661632,100,outer
370,301,13.539250,0.488368,100,outer
121,271,1.089250,-1.011632,100,outer
453,70,17.689250,-11.061632,100,outer
531,255,21.589250,-1.811632,100,outer
359,408,12.989250,5.838369,100,outer
309,62,10.489250,-11.461632,100,outer
300,93,10.039250,-9.911632,100,outer
379,386,13.989250,4.738369,100,outer
380,351,14.039250,2.988369,100,outer
468,86,18.439250,-10.261632,100,outer
367,3,13.389250,-14.411632,100,outer
9,295,-4.510751,0.188368,100,outer
162,537,3.139250,12.288369,100,outer
181,550,4.089250,12.938369,100,outer
249,276,7.489250,-0.761632,100,outer
348,398,12.439250,5.338369,100,outer
144,519,2.239250,11.388369,100,outer
535,261,21.789250,-1.511632,100,outer
385,545,14.289250,12.688369,100,outer
158,274,2.939250,-0.861632,100,outer
518,437,20.939250,7.288369,100,outer
55,410,-2.210750,5.938369,100,outer
344,284,12.239250,-0.361632,100,outer
251,93,7.589250,-9.911632,100,outer
295,279,9.789250,-0.611632,100,outer
556,320,22.839250,1.438369,100,outer
302,287,10.139250,-0.211632,100,outer
228,109,6.439250,-9.111632,100,outer
253,282,7.689250,-0.461632,100,outer
452,491,17.639250,9.988369,100,outer
554,359,22.739250,3.388369,100,outer
508,163,20.439250,-6.411632,100,outer
499,194,19.989250,-4.861632,100,outer
310,407,10.539250,5.788369,100,outer
216,400,5.839250,5.438369,100,outer
257,401,7.889250,5.488369,100,outer
309,448,10.489250,7.838369,100,outer
375,393,13.789250,5.088369,100,outer
308,74,10.439250,-10.861632,100,outer
387,367,14.389250,3.788369,100,outer
332,431,11.639250,6.988369,100,outer
424,514,16.239250,11.138369,100,outer
312,44,10.639250,-12.361632,100,outer
101,269,0.089250,-1.111632,100,outer
1,331,-4.910751,1.988369,100,outer
286,580,9.339250,14.438369,100,outer
233,574,6.689250,14.138369,100,outer
542,277,22.139250,-0.711632,100,outer
309,75,10.489250,-10.811632,100,outer
305,450,10.289250,7.938369,100,outer
494,200,19.739250,-4.561632,100,outer
351,566,12.589250,13.738369,100,outer
291,286,9.589250,-0.261632,100,outer
506,174,20.339250,-5.861632,100,outer
263,453,8.189250,8.088369,100,outer
238,280,6.939250,-0.561632,100,outer
255,449,7.789250,7.888369,100,outer
419,26,15.989250,-13.261632,100,outer
196,134,4.839250,-7.861632,100,outer
136,232,1.839250,-2.961632,100,outer
325,19,11.289250,-13.611632,100,outer
7,347,-4.610751,2.788369,100,outer
85,446,-0.710750,7.738369,100,outer
246,400,7.339250,5.438369,100,outer
6,302,-4.660751,0.538368,100,outer
139,237,1.989250,-2.711632,100,outer
44,265,-2.760750,-1.311632,100,outer
507,175,20.389250,-5.811632,100,outer
236,435,6.839250,7.188369,100,outer
420,27,16.039250,-13.211632,100,outer
421,517,16.089250,11.288369,100,outer
388,340,14.439250,2.438369,100,outer
333,404,11.689250,5.638369,100,outer
542,398,22.139250,5.338369,100,outer
487,462,19.389250,8.538369,100,outer
315,90,10.789250,-10.061632,100,outer
86,267,-0.660750,-1.211632,100,outer
554,372,22.739250,4.038369,100,outer
308,51,10.439250,-12.011632,100,outer
237,436,6.889250,7.238369,100,outer
318,281,10.939250,-0.511632,100,outer
558,342,22.939250,2.538369,100,outer
248,445,7.439250,7.688369,100,outer
377,330,13.889250,1.938369,100,outer
385,5,14.289250,-14.311632,100,outer
276,284,8.839250,-0.361632,100,outer
490,207,19.539250,-4.211632,100,outer
181,275,4.089250,-0.811632,100,outer
154,258,2.739250,-1.661632,100,outer
329,110,11.489250,-9.061632,100,outer
549,293,22.489250,0.088368,100,outer
393,540,14.689250,12.438369,100,outer
459,485,17.989250,9.688369,100,outer
319,96,10.989250,-9.761632,100,outer
266,90,8.339250,-10.061632,100,outer
370,556,13.539250,13.238369,100,outer
202,563,5.139250,13.588369,100,outer
459,76,17.989250,-10.761632,100,outer
267,580,8.389250,14.438369,100,outer
491,208,19.589250,-4.161632,100,outer
146,519,2.339250,11.388369,100,outer
155,259,2.789250,-1.611632,100,outer
330,111,11.539250,-9.011632,100,outer
344,9,12.239250,-14.111632,100,outer
503,182,20.189250,-5.461632,100,outer
125,496,1.289250,10.238369,100,outer
313,287,10.689250,-0.211632,100,outer
218,278,5.939250,-0.661632,100,outer
124,271,1.239250,-1.011632,100,outer
36,387,-3.160750,4.788369,100,outer
176,547,3.839250,12.788369,100,outer
460,77,18.039250,-10.711632,100,outer
552,303,22.639250,0.588368,100,outer
195,560,4.789250,13.438369,100,outer
538,405,21.939250,5.688369,100,outer
311,97,10.589250,-9.711632,100,outer
503,447,20.189250,7.788369,100,outer
262,92,8.139250,-9.961632,100,outer
0,321,-4.960751,1.488369,100,outer
516,237,20.839250,-2.711632,100,outer
550,379,22.539250,4.388369,100,outer
314,102,10.739250,-9.461632,100,outer
339,424,11.989250,6.638369,100,outer
165,159,3.289250,-6.611632,100,outer
219,279,5.989250,-0.611632,100,outer
347,285,12.389250,-0.311632,100,outer
340,11,12.039250,-14.011632,100,outer
252,276,7.639250,-0.761632,100,outer
203,271,5.189250,-1.011632,100,outer
168,542,3.439250,12.538369,100,outer
485,106,19.289250,-9.261632,100,outer
304,94,10.239250,-9.861632,100,outer
40,393,-2.960750,5.088369,100,outer
161,274,3.089250,-0.861632,100,outer
315,103,10.789250,-9.411632,100,outer
59,263,-2.010750,-1.411632,100,outer
133,212,1.689250,-3.961632,100,outer
363,0,13.189250,-14.561632,100,outer
387,357,14.389250,3.288369,100,outer
218,399,5.939250,5.388369,100,outer
378,388,13.939250,4.838369,100,outer
555,350,22.789250,2.938369,100,outer
498,453,19.939250,8.088369,100,outer
28,275,-3.560750,-0.811632,100,outer
281,455,9.089250,8.188369,100,outer
203,127,5.189250,-8.211632,100,outer
256,282,7.839250,-0.461632,100,outer
195,272,4.789250,-0.961632,100,outer
496,120,19.839250,-8.561632,100,outer
198,277,4.939250,-0.711632,100,outer
534,412,21.739250,6.038369,100,outer
104,270,0.239250,-1.061632,100,outer
541,271,22.089250,-1.011632,100,outer
204,128,5.239250,-8.161632,100,outer
384,324,14.239250,1.638369,100,outer
250,95,7.539250,-9.811632,100,outer
544,276,22.239250,-0.761632,100,outer
428,510,16.439250,10.938369,100,outer
66,423,-1.660750,6.588369,100,outer
241,275,7.089250,-0.811632,100,outer
307,449,10.389250,7.888369,100,outer
494,455,19.739250,8.188369,100,outer
354,301,12.739250,0.488368,100,outer
217,412,5.889250,6.038369,100,outer
76,436,-1.160750,7.238369,100,outer
289,580,9.489250,14.438369,100,outer
336,283,11.839250,-0.411632,100,outer
363,386,13.189250,4.738369,100,outer
351,3,12.589250,-14.411632,100,outer
294,286,9.739250,-0.261632,100,outer
400,533,15.039250,12.088369,100,outer
266,453,8.339250,8.088369,100,outer
555,327,22.789250,1.788369,100,outer
386,369,14.339250,3.888369,100,outer
387,334,14.389250,2.138369,100,outer
77,437,-1.110750,7.288369,100,outer
554,362,22.739250,3.538369,100,outer
466,478,18.339250,9.338369,100,outer
558,332,22.939250,2.038369,100,outer
249,400,7.489250,5.438369,100,outer
236,281,6.839250,-0.511632,100,outer
142,274,2.139250,-0.861632,100,outer
510,441,20.539250,7.488369,100,outer
146,244,2.339250,-2.361632,100,outer
224,572,6.239250,14.038369,100,outer
279,279,8.989250,-0.611632,100,outer
467,479,18.389250,9.388369,100,outer
548,287,22.439250,-0.211632,100,outer
226,273,6.339250,-0.911632,100,outer
339,293,11.989250,0.088368,100,outer
331,289,11.589250,-0.111632,100,outer
506,141,20.339250,-7.511632,100,outer
102,466,0.139250,8.738369,100,outer
336,404,11.839250,5.638369,100,outer
545,398,22.289250,5.338369,100,outer
277,89,8.889250,-10.111632,100,outer
505,182,20.289250,-5.461632,100,outer
321,281,11.089250,-0.511632,100,outer
172,152,3.639250,-6.961632,100,outer
217,569,5.889250,13.888369,100,outer
389,7,14.489250,-14.211632,100,outer
243,441,7.189250,7.488369,100,outer
332,290,11.639250,-0.061632,100,outer
507,142,20.389250,-7.461632,100,outer
440,52,17.039250,-11.961632,100,outer
439,502,16.989250,10.538369,100,outer
505,447,20.289250,7.788369,100,outer
296,453,9.839250,8.088369,100,outer
7,350,-4.610751,2.938369,100,outer
263,276,8.189250,-0.761632,100,outer
106,472,0.339250,9.038369,100,outer
168,267,3.439250,-1.211632,100,outer
497,214,19.889250,-3.861632,100,outer
342,569,12.139250,13.888369,100,outer
274,285,8.739250,-0.311632,100,outer
328,405,11.439250,5.688369,100,outer
312,577,10.639250,14.288369,100,outer
221,279,6.089250,-0.611632,100,outer
270,580,8.539250,14.438369,100,outer
540,404,22.039250,5.638369,100,outer
297,454,9.889250,8.138369,100,outer
343,421,12.189250,6.488369,100,outer
229,399,6.489250,5.388369,100,outer
319,27,10.989250,-13.211632,100,outer
35,268,-3.210750,-1.161632,100,outer
21,370,-3.910751,3.938369,100,outer
317,103,10.889250,-9.411632,100,outer
133,202,1.689250,-4.461632,100,outer
308,54,10.439250,-11.861632,100,outer
541,405,22.089250,5.688369,100,outer
338,571,11.939250,13.988369,100,outer
379,343,13.989250,2.588369,100,outer
324,407,11.239250,5.788369,100,outer
145,176,2.289250,-5.761632,100,outer
190,556,4.539250,13.238369,100,outer
142,516,2.139250,11.238369,100,outer
211,121,5.589250,-8.511632,100,outer
304,578,10.239250,14.338369,100,outer
69,266,-1.510750,-1.261632,100,outer
318,104,10.939250,-9.361632,100,outer
511,233,20.589250,-2.911632,100,outer
557,349,22.889250,2.888369,100,outer
301,280,10.089250,-0.561632,100,outer
32,384,-3.360750,4.638369,100,outer
284,456,9.239250,8.238369,100,outer
259,283,7.989250,-0.411632,100,outer
164,274,3.239250,-0.861632,100,outer
512,234,20.639250,-2.861632,100,outer
537,407,21.889250,5.788369,100,outer
62,263,-1.860750,-1.411632,100,outer
136,212,1.839250,-3.961632,100,outer
310,99,10.539250,-9.611632,100,outer
183,144,4.189250,-7.361632,100,outer
257,93,7.889250,-9.911632,100,outer
366,0,13.339250,-14.561632,100,outer
8,292,-4.560751,0.038368,100,outer
549,381,22.489250,4.488369,100,outer
207,272,5.389250,-0.961632,100,outer
456,73,17.839250,-10.911632,100,outer
509,165,20.489250,-6.311632,100,outer
554,316,22.739250,1.238368,100,outer
373,304,13.689250,0.638368,100,outer
305,286,10.289250,-0.261632,100,outer
57,413,-2.110750,6.088369,100,outer
338,283,11.939250,-0.411632,100,outer
517,434,20.889250,7.138369,100,outer
0,324,-4.960751,1.638369,100,outer
408,527,15.439250,11.788369,100,outer
556,362,22.839250,3.538369,100,outer
107,270,0.389250,-1.061632,100,outer
141,183,2.089250,-5.411632,100,outer
316,35,10.839250,-12.811632,100,outer
326,574,11.339250,14.138369,100,outer
307,66,10.389250,-11.261632,100,outer
58,414,-2.060750,6.138369,100,outer
474,472,18.739250,9.038369,100,outer
481,102,19.089250,-9.461632,100,outer
244,275,7.239250,-0.811632,100,outer
2,333,-4.860751,2.088369,100,outer
331,14,11.589250,-13.861632,100,outer
297,287,9.889250,-0.211632,100,outer
202,278,5.139250,-0.661632,100,outer
153,273,2.689250,-0.911632,100,outer
354,412,12.739250,6.038369,100,outer
488,461,19.439250,8.488369,100,outer
360,306,13.039250,0.738368,100,outer
533,414,21.689250,6.138369,100,outer
339,283,11.989250,-0.411632,100,outer
446,495,17.339250,10.188369,100,outer
366,386,13.339250,4.738369,100,outer
3,334,-4.810751,2.138369,100,outer
279,89,8.989250,-10.111632,100,outer
50,266,-2.460750,-1.261632,100,outer
540,273,22.039250,-0.911632,100,outer
404,529,15.239250,11.888369,100,outer
245,96,7.289250,-9.761632,100,outer
310,76,10.539250,-10.761632,100,outer
311,41,10.589250,-12.511632,100,outer
281,278,9.089250,-0.661632,100,outer
187,271,4.389250,-1.011632,100,outer
342,294,12.139250,0.138368,100,outer
361,307,13.089250,0.788368,100,outer
334,290,11.739250,-0.061632,100,outer
252,400,7.639250,5.438369,100,outer
239,281,6.989250,-0.511632,100,outer
541,274,22.089250,-0.861632,100,outer
376,552,13.839250,13.038369,100,outer
87,449,-0.610750,7.888369,100,outer
227,572,6.389250,14.038369,100,outer
362,388,13.139250,4.838369,100,outer
282,279,9.139250,-0.611632,100,outer
180,268,4.039250,-1.161632,100,outer
241,98,7.089250,-9.661632,100,outer
97,462,-0.110750,8.538369,100,outer
422,30,16.139250,-13.061632,100,outer
51,266,-2.410750,-1.261632,100,outer
327,21,11.389250,-13.511632,100,outer
224,274,6.239250,-0.861632,100,outer
552,368,22.639250,3.838369,100,outer
228,573,6.439250,14.088369,100,outer
443,498,17.189250,10.338369,100,outer
214,409,5.739250,5.888369,100,outer
351,6,12.589250,-14.261632,100,outer
375,363,13.789250,3.588369,100,outer
335,290,11.789250,-0.061632,100,outer
242,99,7.139250,-9.611632,100,outer
411,20,15.589250,-13.561632,100,outer
98,463,-0.060750,8.588369,100,outer
299,453,9.989250,8.088369,100,outer
345,420,12.289250,6.438369,100,outer
319,282,10.989250,-0.461632,100,outer
3,311,-4.810751,0.988368,100,outer
544,400,22.239250,5.438369,100,outer
290,404,9.539250,5.638369,100,outer
277,285,8.889250,-0.311632,100,outer
492,210,19.639250,-4.061632,100,outer
551,296,22.589250,0.238368,100,outer
315,577,10.789250,14.288369,100,outer
504,184,20.239250,-5.361632,100,outer
310,53,10.539250,-11.911632,100,outer
273,580,8.689250,14.438369,100,outer
239,438,6.989250,7.338369,100,outer
13,361,-4.310751,3.488369,100,outer
436,49,16.839250,-12.111632,100,outer
232,399,6.639250,5.388369,100,outer
123,492,1.189250,10.038369,100,outer
514,234,20.739250,-2.861632,100,outer
493,211,19.689250,-4.011632,100,outer
156,260,2.839250,-1.561632,100,outer
331,112,11.589250,-8.961632,100,outer
176,275,3.839250,-0.811632,100,outer
136,202,1.839250,-4.461632,100,outer
81,266,-0.910750,-1.261632,100,outer
415,520,15.789250,11.438369,100,outer
209,272,5.489250,-0.961632,100,outer
148,176,2.439250,-5.761632,100,outer
437,50,16.889250,-12.061632,100,outer
39,269,-3.010750,-1.111632,100,outer
11,287,-4.410751,-0.211632,100,outer
509,155,20.489250,-6.811632,100,outer
124,493,1.239250,10.088369,100,outer
461,78,18.089250,-10.661632,100,outer
321,104,11.089250,-9.361632,100,outer
127,498,1.389250,10.338369,100,outer
304,280,10.239250,-0.561632,100,outer
324,109,11.239250,-9.111632,100,outer
482,466,19.139250,8.738369,100,outer
167,540,3.389250,12.438369,100,outer
186,553,4.339250,13.088369,100,outer
361,405,13.089250,5.688369,100,outer
187,140,4.389250,-7.561632,100,outer
213,278,5.689250,-0.661632,100,outer
462,79,18.139250,-10.611632,100,outer
205,274,5.289250,-0.861632,100,outer
178,549,3.939250,12.888369,100,outer
65,263,-1.710750,-1.411632,100,outer
144,178,2.239250,-5.661632,100,outer
319,30,10.989250,-13.061632,100,outer
42,396,-2.860750,5.238369,100,outer
2,323,-4.860751,1.588369,100,outer
210,123,5.539250,-8.411632,100,outer
339,8,11.989250,-14.161632,100,outer
143,182,2.189250,-5.461632,100,outer
253,579,7.689250,14.388369,100,outer
557,316,22.889250,1.238368,100,outer
529,254,21.489250,-1.861632,100,outer
247,276,7.389250,-0.761632,100,outer
334,15,11.739250,-13.811632,100,outer
532,259,21.639250,-1.611632,100,outer
250,281,7.539250,-0.511632,100,outer
298,92,9.939250,-9.961632,100,outer
110,270,0.539250,-1.061632,100,outer
329,574,11.489250,14.138369,100,outer
61,265,-1.910750,-1.311632,100,outer
314,445,10.739250,7.688369,100,outer
7,294,-4.610751,0.138368,100,outer
557,352,22.889250,3.038369,100,outer
307,406,10.389250,5.738369,100,outer
27,272,-3.610750,-0.961632,100,outer
342,284,12.139250,-0.361632,100,outer
360,561,13.039250,13.488369,100,outer
347,399,12.389250,5.388369,100,outer
385,325,14.289250,1.688369,100,outer
533,260,21.689250,-1.561632,100,outer
251,282,7.589250,-0.461632,100,outer
384,546,14.239250,12.738369,100,outer
156,273,2.839250,-0.911632,100,outer
450,491,17.539250,9.988369,100,outer
366,3,13.339250,-14.411632,100,outer
498,122,19.939250,-8.461632,100,outer
536,414,21.839250,6.138369,100,outer
477,99,18.889250,-9.611632,100,outer
140,185,2.039250,-5.311632,100,outer
282,89,9.139250,-10.111632,100,outer
315,37,10.789250,-12.711632,100,outer
53,266,-2.310750,-1.261632,100,outer
352,413,12.639250,6.088369,100,outer
509,168,20.489250,-6.161632,100,outer
78,439,-1.060750,7.388369,100,outer
496,198,19.839250,-4.661632,100,outer
473,474,18.689250,9.138369,100,outer
508,172,20.439250,-5.961632,100,outer
68,425,-1.560750,6.688369,100,outer
190,271,4.539250,-1.011632,100,outer
288,285,9.439250,-0.311632,100,outer
99,269,-0.010750,-1.111632,100,outer
79,440,-1.010750,7.438369,100,outer
502,128,20.139250,-8.161632,100,outer
284,580,9.239250,14.438369,100,outer
445,497,17.289250,10.288369,100,outer
292,404,9.639250,5.638369,100,outer
285,279,9.289250,-0.611632,100,outer
2,336,-4.860751,2.238369,100,outer
511,442,20.589250,7.538369,100,outer
244,98,7.239250,-9.661632,100,outer
557,329,22.889250,1.888369,100,outer
194,277,4.739250,-0.711632,100,outer
260,451,8.039250,7.988369,100,outer
227,274,6.389250,-0.861632,100,outer
417,26,15.889250,-13.261632,100,outer
104,469,0.239250,8.888369,100,outer
231,573,6.589250,14.088369,100,outer
217,117,5.889250,-8.711632,100,outer
83,266,-0.810750,-1.261632,100,outer
136,192,1.839250,-4.961632,100,outer
261,452,8.089250,8.038369,100,outer
253,448,7.689250,7.838369,100,outer
228,275,6.439250,-0.811632,100,outer
418,27,15.939250,-13.211632,100,outer
374,329,13.739250,1.888369,100,outer
5,346,-4.710751,2.738369,100,outer
105,470,0.289250,8.938369,100,outer
326,289,11.339250,-0.111632,100,outer
231,429,6.589250,6.888369,100,outer
108,475,0.439250,9.188369,100,outer
84,267,-0.760750,-1.211632,100,outer
235,399,6.789250,5.388369,100,outer
556,342,22.839250,2.538369,100,outer
388,349,14.439250,2.888369,100,outer
383,5,14.189250,-14.311632,100,outer
443,56,17.189250,-11.761632,100,outer
146,178,2.339250,-5.661632,100,outer
373,369,13.689250,3.888369,100,outer
378,335,13.939250,2.188369,100,outer
499,216,19.989250,-3.761632,100,outer
552,371,22.639250,3.988369,100,outer
322,440,11.139250,7.438369,100,outer
189,139,4.489250,-7.611632,100,outer
368,556,13.439250,13.238369,100,outer
389,350,14.489250,2.938369,100,outer
121,270,1.089250,-1.061632,100,outer
20,367,-3.960751,3.788369,100,outer
376,2,13.839250,-14.461632,100,outer
316,100,10.839250,-9.561632,100,outer
510,231,20.539250,-3.011632,100,outer
119,489,0.989250,9.888369,100,outer
308,96,10.439250,-9.761632,100,outer
152,257,2.639250,-1.711632,100,outer
365,401,13.289250,5.488369,100,outer
480,468,19.039250,8.838369,100,outer
319,105,10.989250,-9.311632,100,outer
269,284,8.489250,-0.361632,100,outer
216,278,5.839250,-0.661632,100,outer
141,513,2.089250,11.088369,100,outer
457,75,17.889250,-10.811632,100,outer
374,306,13.739250,0.738368,100,outer
273,403,8.689250,5.588369,100,outer
144,518,2.239250,11.338369,100,outer
301,93,10.089250,-9.911632,100,outer
320,106,11.039250,-9.261632,100,outer
368,3,13.439250,-14.411632,100,outer
256,579,7.839250,14.388369,100,outer
122,270,1.139250,-1.061632,100,outer
479,99,18.989250,-9.611632,100,outer
174,546,3.739250,12.738369,100,outer
349,398,12.489250,5.338369,100,outer
201,271,5.089250,-1.011632,100,outer
142,185,2.139250,-5.311632,100,outer
458,76,17.939250,-10.761632,100,outer
375,307,13.789250,0.788368,100,outer
360,407,13.039250,5.788369,100,outer
25,274,-3.710750,-0.861632,100,outer
556,319,22.839250,1.388369,100,outer
386,545,14.339250,12.688369,100,outer
159,274,2.989250,-0.861632,100,outer
452,490,17.639250,9.938369,100,outer
64,265,-1.760750,-1.311632,100,outer
10,294,-4.460751,0.138368,100,outer
508,162,20.439250,-6.461632,100,outer
310,406,10.539250,5.738369,100,outer
296,279,9.839250,-0.611632,100,outer
496,453,19.839250,8.088369,100,outer
388,362,14.439250,3.538369,100,outer
307,288,10.389250,-0.161632,100,outer
279,455,8.989250,8.188369,100,outer
254,282,7.739250,-0.461632,100,outer
345,400,12.289250,5.438369,100,outer
158,165,2.939250,-6.311632,100,outer
2,326,-4.860751,1.738369,100,outer
311,407,10.589250,5.788369,100,outer
224,110,6.239250,-9.061632,100,outer
377,352,13.889250,3.038369,100,outer
196,277,4.839250,-0.711632,100,outer
1,330,-4.910751,1.938369,100,outer
60,416,-1.960750,6.238369,100,outer
542,276,22.139250,-0.761632,100,outer
333,282,11.689250,-0.461632,100,outer
193,271,4.689250,-1.011632,100,outer
383,548,14.189250,12.838369,100,outer
291,285,9.589250,-0.311632,100,outer
449,493,17.489250,10.088369,100,outer
102,269,0.139250,-1.111632,100,outer
491,459,19.589250,8.388369,100,outer
357,1,12.889250,-14.511632,100,outer
287,580,9.389250,14.438369,100,outer
281,91,9.089250,-10.011632,100,outer
6,301,-4.660751,0.488368,100,outer
356,5,12.839250,-14.311632,100,outer
372,395,13.639250,5.188369,100,outer
138,228,1.939250,-3.161632,100,outer
292,286,9.639250,-0.261632,100,outer
197,277,4.889250,-0.711632,100,outer
96,460,-0.160750,8.438369,100,outer
215,411,5.789250,5.988369,100,outer
498,125,19.939250,-8.311632,100,outer
556,332,22.839250,2.038369,100,outer
388,339,14.439250,2.388369,100,outer
247,400,7.389250,5.438369,100,outer
234,281,6.739250,-0.511632,100,outer
139,272,1.989250,-0.961632,100,outer
45,265,-2.710750,-1.311632,100,outer
423,31,16.189250,-13.011632,100,outer
89,451,-0.510750,7.988369,100,outer
554,371,22.739250,3.988369,100,outer
542,397,22.139250,5.288369,100,outer
487,461,19.389250,8.488369,100,outer
264,452,8.239250,8.038369,100,outer
237,435,6.889250,7.188369,100,outer
216,412,5.839250,6.038369,100,outer
231,275,6.589250,-0.811632,100,outer
546,287,22.339250,-0.211632,100,outer
329,289,11.489250,-0.111632,100,outer
389,340,14.489250,2.438369,100,outer
334,404,11.739250,5.638369,100,outer
424,32,16.239250,-12.961632,100,outer
367,401,13.389250,5.488369,100,outer
238,436,6.939250,7.238369,100,outer
284,403,9.239250,5.588369,100,outer
222,571,6.139250,13.988369,100,outer
249,445,7.489250,7.688369,100,outer
386,5,14.339250,-14.311632,100,outer
348,567,12.439250,13.788369,100,outer
491,207,19.589250,-4.211632,100,outer
550,293,22.539250,0.088368,100,outer
169,156,3.489250,-6.761632,100,outer
268,278,8.439250,-0.661632,100,outer
494,212,19.739250,-3.961632,100,outer
272,285,8.639250,-0.311632,100,outer
333,115,11.689250,-8.811632,100,outer
372,372,13.639250,4.038369,100,outer
387,6,14.389250,-14.261632,100,outer
551,374,22.589250,4.138369,100,outer
75,265,-1.210750,-1.311632,100,outer
15,363,-4.210751,3.588369,100,outer
314,281,10.739250,-0.511632,100,outer
550,378,22.539250,4.338369,100,outer
394,539,14.739250,12.388369,100,outer
516,236,20.839250,-2.761632,100,outer
495,213,19.789250,-3.911632,100,outer
334,116,11.739250,-8.761632,100,outer
165,158,3.289250,-6.661632,100,outer
508,152,20.439250,-6.961632,100,outer
136,509,1.839250,10.888369,100,outer
553,303,22.689250,0.588368,100,outer
322,407,11.139250,5.788369,100,outer
318,28,10.939250,-13.161632,100,outer
263,92,8.189250,-9.961632,100,outer
34,269,-3.260750,-1.111632,100,outer
388,352,14.439250,3.038369,100,outer
367,558,13.389250,13.338369,100,outer
133,211,1.689250,-4.011632,100,outer
307,98,10.389250,-9.661632,100,outer
555,349,22.789250,2.888369,100,outer
390,541,14.539250,12.488369,100,outer
169,542,3.489250,12.538369,100,outer
377,342,13.889250,2.538369,100,outer
41,393,-2.910750,5.088369,100,outer
162,274,3.139250,-0.861632,100,outer
531,257,21.589250,-1.711632,100,outer
316,103,10.839250,-9.411632,100,outer
368,379,13.439250,4.388369,100,outer
44,398,-2.760750,5.338369,100,outer
309,64,10.489250,-11.361632,100,outer
219,399,5.989250,5.388369,100,outer
300,95,10.039250,-9.811632,100,outer
380,353,14.039250,3.088369,100,outer
310,288,10.539250,-0.161632,100,outer
359,1,12.989250,-14.511632,100,outer
282,455,9.139250,8.188369,100,outer
250,94,7.539250,-9.861632,100,outer
257,282,7.889250,-0.461632,100,outer
348,400,12.439250,5.438369,100,outer
535,263,21.789250,-1.411632,100,outer
265,402,8.289250,5.538369,100,outer
105,270,0.289250,-1.061632,100,outer
248,578,7.439250,14.338369,100,outer
500,125,20.039250,-8.311632,100,outer
215,401,5.789250,5.488369,100,outer
251,95,7.589250,-9.811632,100,outer
479,102,18.989250,-9.461632,100,outer
336,282,11.839250,-0.461632,100,outer
499,452,19.989250,8.038369,100,outer
242,275,7.139250,-0.811632,100,outer
429,510,16.489250,10.938369,100,outer
25,277,-3.710750,-0.711632,100,outer
294,285,9.739250,-0.311632,100,outer
70,428,-1.460750,6.838369,100,outer
554,361,22.739250,3.488369,100,outer
555,326,22.789250,1.738369,100,outer
331,432,11.589250,7.038369,100,outer
360,1,13.039250,-14.511632,100,outer
184,270,4.239250,-1.061632,100,outer
366,310,13.339250,0.938368,100,outer
501,126,20.089250,-8.261632,100,outer
77,436,-1.110750,7.238369,100,outer
290,580,9.539250,14.438369,100,outer
337,283,11.889250,-0.411632,100,outer
80,441,-0.960750,7.488369,100,outer
369,315,13.489250,1.188368,100,outer
401,533,15.089250,12.088369,100,outer
4,339,-4.760751,2.388369,100,outer
279,278,8.989250,-0.661632,100,outer
237,281,6.889250,-0.511632,100,outer
81,442,-0.910750,7.538369,100,outer
370,316,13.539250,1.238368,100,outer
1,333,-4.910751,2.088369,100,outer
545,397,22.289250,5.288369,100,outer
324,20,11.239250,-13.561632,100,outer
309,77,10.489250,-10.711632,100,outer
225,572,6.289250,14.038369,100,outer
280,279,9.039250,-0.611632,100,outer
371,397,13.589250,5.288369,100,outer
397,535,14.889250,12.188369,100,outer
138,195,1.939250,-4.811632,100,outer
332,289,11.639250,-0.111632,100,outer
312,82,10.639250,-10.461632,100,outer
337,404,11.889250,5.638369,100,outer
143,273,2.189250,-0.911632,100,outer
278,89,8.939250,-10.111632,100,outer
419,28,15.989250,-13.161632,100,outer
507,141,20.389250,-7.511632,100,outer
506,176,20.339250,-5.761632,100,outer
106,471,0.339250,8.988369,100,outer
233,432,6.689250,7.038369,100,outer
139,239,1.989250,-2.611632,100,outer
173,152,3.689250,-6.961632,100,outer
314,91,10.739250,-10.011632,100,outer
348,4,12.439250,-14.361632,100,outer
373,326,13.689250,1.738369,100,outer
44,267,-2.760750,-1.211632,100,outer
117,486,0.889250,9.738369,100,outer
475,471,18.789250,8.988369,100,outer
420,29,16.039250,-13.111632,100,outer
297,453,9.889250,8.088369,100,outer
317,282,10.889250,-0.461632,100,outer
222,273,6.139250,-0.911632,100,outer
8,350,-4.560751,2.938369,100,outer
107,472,0.389250,9.038369,100,outer
169,267,3.489250,-1.211632,100,outer
388,342,14.439250,2.538369,100,outer
355,394,12.789250,5.138369,100,outer
275,285,8.789250,-0.311632,100,outer
140,240,2.039250,-2.561632,100,outer
375,372,13.789250,4.038369,100,outer
315,92,10.789250,-9.961632,100,outer
13,285,-4.310751,-0.311632,100,outer
234,104,6.739250,-9.361632,100,outer
308,53,10.439250,-11.911632,100,outer
382,2,14.139250,-14.461632,100,outer
11,355,-4.410751,3.188369,100,outer
271,580,8.589250,14.438369,100,outer
324,406,11.239250,5.738369,100,outer
230,399,6.539250,5.388369,100,outer
377,332,13.889250,2.038369,100,outer
265,91,8.289250,-10.011632,100,outer
558,344,22.939250,2.638369,100,outer
445,58,17.289250,-11.661632,100,outer
1,310,-4.910751,0.938368,100,outer
369,557,13.489250,13.288369,100,outer
162,264,3.139250,-1.361632,100,outer
433,506,16.689250,10.738369,100,outer
25,375,-3.710750,4.188369,100,outer
325,407,11.289250,5.788369,100,outer
371,374,13.589250,4.138369,100,outer
344,420,12.239250,6.438369,100,outer
312,288,10.639250,-0.161632,100,outer
321,28,11.089250,-13.161632,100,outer
378,4,13.939250,-14.361632,100,outer
436,503,16.839250,10.588369,100,outer
146,521,2.339250,11.488369,100,outer
293,454,9.689250,8.138369,100,outer
549,380,22.489250,4.438369,100,outer
267,402,8.389250,5.538369,100,outer
260,277,8.039250,-0.711632,100,outer
300,579,10.039250,14.388369,100,outer
502,448,20.139250,7.838369,100,outer
339,570,11.989250,13.938369,100,outer
456,72,17.839250,-10.961632,100,outer
373,303,13.689250,0.588368,100,outer
552,305,22.639250,0.688368,100,outer
316,443,10.839250,7.588369,100,outer
317,30,10.889250,-13.061632,100,outer
0,323,-4.960751,1.588369,100,outer
516,239,20.839250,-2.611632,100,outer
408,526,15.439250,11.738369,100,outer
295,91,9.789250,-10.011632,100,outer
285,455,9.289250,8.188369,100,outer
253,94,7.689250,-9.861632,100,outer
481,101,19.089250,-9.511632,100,outer
203,273,5.189250,-0.911632,100,outer
377,309,13.889250,0.888368,100,outer
268,402,8.439250,5.538369,100,outer
304,96,10.239250,-9.761632,100,outer
498,190,19.939250,-5.061632,100,outer
296,92,9.839250,-9.961632,100,outer
367,381,13.389250,4.488369,100,outer
133,214,1.689250,-3.861632,100,outer
59,265,-2.010750,-1.311632,100,outer
387,359,14.389250,3.388369,100,outer
180,146,4.039250,-7.261632,100,outer
305,406,10.289250,5.738369,100,outer
379,355,13.989250,3.188369,100,outer
254,95,7.739250,-9.811632,100,outer
358,561,12.939250,13.488369,100,outer
245,275,7.289250,-0.811632,100,outer
62,419,-1.860750,6.388369,100,outer
203,129,5.189250,-8.111632,100,outer
154,273,2.739250,-0.911632,100,outer
187,270,4.389250,-1.061632,100,outer
496,122,19.839250,-8.461632,100,outer
471,474,18.589250,9.138369,100,outer
280,89,9.039250,-10.111632,100,outer
313,37,10.689250,-12.711632,100,outer
359,4,12.989250,-14.361632,100,outer
499,127,19.989250,-8.211632,100,outer
546,388,22.339250,4.838369,100,outer
87,448,-0.610750,7.838369,100,outer
544,278,22.239250,-0.661632,100,outer
328,574,11.439250,14.138369,100,outer
282,278,9.139250,-0.661632,100,outer
20,278,-3.960751,-0.661632,100,outer
306,406,10.339250,5.738369,100,outer
240,281,7.039250,-0.511632,100,outer
339,403,11.989250,5.588369,100,outer
385,370,14.289250,3.938369,100,outer
217,414,5.889250,6.138369,100,outer
152,168,2.639250,-6.161632,100,outer
365,312,13.289250,1.038368,100,outer
351,414,12.589250,6.138369,100,outer
191,276,4.589250,-0.761632,100,outer
500,128,20.039250,-8.161632,100,outer
545,279,22.289250,-0.611632,100,outer
248,401,7.439250,5.488369,100,outer
443,497,17.189250,10.288369,100,outer
283,279,9.189250,-0.611632,100,outer
509,442,20.489250,7.538369,100,outer
214,408,5.739250,5.838369,100,outer
375,362,13.789250,3.538369,100,outer
529,420,21.489250,6.438369,100,outer
4,306,-4.760751,0.738368,100,outer
386,371,14.339250,3.988369,100,outer
258,451,7.939250,7.988369,100,outer
98,462,-0.060750,8.538369,100,outer
250,447,7.539250,7.788369,100,outer
225,274,6.289250,-0.861632,100,outer
219,114,5.989250,-8.861632,100,outer
558,334,22.939250,2.138369,100,outer
101,467,0.089250,8.788369,100,outer
426,35,16.339250,-12.811632,100,outer
544,399,22.239250,5.388369,100,outer
551,295,22.589250,0.188368,100,outer
315,576,10.789250,14.238369,100,outer
47,267,-2.610750,-1.211632,100,outer
134,272,1.739250,-0.961632,100,outer
510,443,20.539250,7.588369,100,outer
239,437,6.989250,7.288369,100,outer
359,390,12.989250,4.938369,100,outer
259,452,7.989250,8.038369,100,outer
320,282,11.039250,-0.461632,100,outer
218,414,5.939250,6.138369,100,outer
251,448,7.589250,7.838369,100,outer
506,143,20.339250,-7.411632,100,outer
102,468,0.139250,8.838369,100,outer
278,285,8.939250,-0.311632,100,outer
316,577,10.839250,14.288369,100,outer
143,240,2.189250,-2.561632,100,outer
295,454,9.789250,8.138369,100,outer
149,171,2.489250,-6.011632,100,outer
229,280,6.489250,-0.561632,100,outer
430,41,16.539250,-12.511632,100,outer
240,438,7.039250,7.338369,100,outer
148,175,2.439250,-5.811632,100,outer
437,49,16.889250,-12.111632,100,outer
233,399,6.689250,5.388369,100,outer
268,91,8.439250,-10.011632,100,outer
214,120,5.739250,-8.561632,100,outer
17,366,-4.110751,3.738369,100,outer
507,144,20.389250,-7.361632,100,outer
324,288,11.239250,-0.161632,100,outer
440,54,17.039250,-11.861632,100,outer
157,260,2.889250,-1.561632,100,outer
127,497,1.389250,10.288369,100,outer
518,239,20.939250,-2.611632,100,outer
497,216,19.889250,-3.761632,100,outer
382,378,14.139250,4.338369,100,outer
482,465,19.139250,8.688369,100,outer
374,374,13.739250,4.138369,100,outer
126,272,1.339250,-0.961632,100,outer
555,306,22.789250,0.738368,100,outer
381,4,14.089250,-14.361632,100,outer
441,55,17.089250,-11.811632,100,outer
303,579,10.189250,14.388369,100,outer
128,498,1.439250,10.338369,100,outer
552,380,22.639250,4.438369,100,outer
267,284,8.389250,-0.361632,100,outer
188,140,4.439250,-7.561632,100,outer
172,275,3.639250,-0.811632,100,outer
308,56,10.439250,-11.761632,100,outer
271,403,8.589250,5.588369,100,outer
306,95,10.339250,-9.811632,100,outer
466,84,18.339250,-10.361632,100,outer
501,191,20.089250,-5.011632,100,outer
435,505,16.789250,10.688369,100,outer
153,527,2.689250,11.788369,100,outer
557,351,22.889250,2.988369,100,outer
254,579,7.739250,14.388369,100,outer
329,115,11.489250,-8.811632,100,outer
206,273,5.339250,-0.911632,100,outer
43,395,-2.810750,5.188369,100,outer
358,407,12.939250,5.788369,100,outer
533,259,21.689250,-1.611632,100,outer
226,108,6.339250,-9.161632,100,outer
299,92,9.989250,-9.961632,100,outer
115,271,0.789250,-1.011632,100,outer
370,381,13.539250,4.488369,100,outer
315,445,10.789250,7.688369,100,outer
136,214,1.839250,-3.861632,100,outer
62,265,-1.860750,-1.311632,100,outer
516,435,20.839250,7.188369,100,outer
308,406,10.439250,5.738369,100,outer
536,413,21.839250,6.088369,100,outer
361,561,13.089250,13.488369,100,outer
407,528,15.389250,11.838369,100,outer
509,167,20.489250,-6.211632,100,outer
554,318,22.739250,1.338369,100,outer
335,14,11.789250,-13.861632,100,outer
534,260,21.739250,-1.561632,100,outer
157,273,2.889250,-0.911632,100,outer
243,276,7.189250,-0.761632,100,outer
492,114,19.639250,-8.861632,100,outer
451,491,17.589250,9.988369,100,outer
517,436,20.889250,7.238369,100,outer
556,364,22.839250,3.638369,100,outer
99,268,-0.010750,-1.161632,100,outer
368,313,13.439250,1.088368,100,outer
179,148,3.989250,-7.161632,100,outer
362,4,13.139250,-14.361632,100,outer
24,274,-3.760751,-0.861632,100,outer
252,281,7.639250,-0.511632,100,outer
481,104,19.089250,-9.361632,100,outer
555,319,22.789250,1.388369,100,outer
532,415,21.639250,6.188369,100,outer
285,278,9.289250,-0.661632,100,outer
357,563,12.889250,13.588369,100,outer
557,328,22.889250,1.838369,100,outer
194,276,4.739250,-0.761632,100,outer
100,269,0.039250,-1.111632,100,outer
489,459,19.489250,8.388369,100,outer
83,445,-0.810750,7.688369,100,outer
331,281,11.589250,-0.511632,100,outer
372,319,13.639250,1.388369,100,outer
279,91,8.989250,-10.011632,100,outer
354,5,12.739250,-14.311632,100,outer
3,336,-4.810751,2.238369,100,outer
217,116,5.889250,-8.761632,100,outer
135,226,1.789250,-3.261632,100,outer
136,191,1.839250,-5.011632,100,outer
195,277,4.789250,-0.711632,100,outer
311,43,10.589250,-12.411632,100,outer
228,274,6.439250,-0.861632,100,outer
224,420,6.239250,6.438369,100,outer
326,288,11.339250,-0.161632,100,outer
137,272,1.889250,-0.961632,100,outer
350,416,12.539250,6.238369,100,outer
9,352,-4.510751,3.038369,100,outer
108,474,0.439250,9.138369,100,outer
442,499,17.139250,10.388369,100,outer
362,390,13.139250,4.938369,100,outer
323,282,11.189250,-0.461632,100,outer
254,448,7.739250,7.838369,100,outer
20,281,-3.960751,-0.511632,100,outer
246,444,7.339250,7.638369,100,outer
6,346,-4.660751,2.738369,100,outer
385,373,14.289250,4.088369,100,outer
232,280,6.639250,-0.561632,100,outer
152,171,2.639250,-6.011632,100,outer
138,273,1.939250,-0.911632,100,outer
378,334,13.939250,2.138369,100,outer
422,32,16.139250,-12.961632,100,outer
109,475,0.489250,9.188369,100,outer
552,370,22.639250,3.938369,100,outer
235,434,6.789250,7.138369,100,outer
142,243,2.139250,-2.411632,100,outer
317,95,10.889250,-9.811632,100,outer
220,571,6.039250,13.988369,100,outer
247,445,7.389250,7.688369,100,outer
384,5,14.239250,-14.311632,100,outer
119,488,0.989250,9.838369,100,outer
327,288,11.389250,-0.161632,100,outer
167,156,3.389250,-6.761632,100,outer
266,278,8.339250,-0.661632,100,outer
217,273,5.889250,-0.911632,100,outer
447,61,17.389250,-11.511632,100,outer
3,313,-4.810751,1.088368,100,outer
269,283,8.489250,-0.411632,100,outer
15,287,-4.210751,-0.211632,100,outer
190,139,4.539250,-7.611632,100,outer
504,186,20.239250,-5.261632,100,outer
80,267,-0.960750,-1.211632,100,outer
205,564,5.289250,13.638369,100,outer
523,428,21.189250,6.838369,100,outer
147,177,2.389250,-5.711632,100,outer
312,281,10.639250,-0.511632,100,outer
328,109,11.439250,-9.111632,100,outer
24,372,-3.760751,4.038369,100,outer
514,236,20.739250,-2.761632,100,outer
539,409,21.989250,5.888369,100,outer
392,539,14.639250,12.388369,100,outer
323,439,11.189250,7.388369,100,outer
270,284,8.539250,-0.361632,100,outer
551,383,22.589250,4.588369,100,outer
136,204,1.839250,-4.361632,100,outer
524,429,21.239250,6.888369,100,outer
381,380,14.089250,4.438369,100,outer
73,264,-1.310750,-1.361632,100,outer
377,1,13.889250,-14.511632,100,outer
193,558,4.689250,13.338369,100,outer
481,467,19.089250,8.788369,100,outer
375,306,13.789250,0.738368,100,outer
509,157,20.489250,-6.711632,100,outer
145,518,2.289250,11.338369,100,outer
554,308,22.739250,0.838368,100,outer
461,80,18.089250,-10.561632,100,outer
378,311,13.939250,0.988368,100,outer
257,579,7.889250,14.388369,100,outer
520,431,21.039250,6.988369,100,outer
483,104,19.189250,-9.361632,100,outer
387,545,14.389250,12.688369,100,outer
118,271,0.939250,-1.011632,100,outer
462,81,18.139250,-10.511632,100,outer
453,490,17.689250,9.938369,100,outer
65,265,-1.710750,-1.311632,100,outer
379,312,13.989250,1.038368,100,outer
149,524,2.489250,11.638369,100,outer
2,325,-4.860751,1.688369,100,outer
500,193,20.039250,-4.911632,100,outer
262,401,8.139250,5.488369,100,outer
297,279,9.889250,-0.611632,100,outer
364,3,13.239250,-14.411632,100,outer
308,288,10.439250,-0.161632,100,outer
26,273,-3.660750,-0.911632,100,outer
280,455,9.039250,8.188369,100,outer
484,105,19.239250,-9.311632,100,outer
39,392,-3.010750,5.038369,100,outer
535,416,21.789250,6.238369,100,outer
357,409,12.889250,5.888369,100,outer
250,283,7.539250,-0.411632,100,outer
377,387,13.889250,4.788369,100,outer
298,94,9.939250,-9.861632,100,outer
449,492,17.489250,10.038369,100,outer
334,282,11.739250,-0.461632,100,outer
314,38,10.739250,-12.661632,100,outer
64,421,-1.760750,6.488369,100,outer
385,327,14.289250,1.788369,100,outer
138,227,1.939250,-3.211632,100,outer
292,285,9.639250,-0.311632,100,outer
103,269,0.189250,-1.111632,100,outer
329,432,11.489250,7.038369,100,outer
358,1,12.939250,-14.511632,100,outer
300,405,10.039250,5.688369,100,outer
556,331,22.839250,1.988369,100,outer
282,91,9.139250,-10.011632,100,outer
548,390,22.439250,4.938369,100,outer
367,315,13.389250,1.188368,100,outer
386,328,14.339250,1.838369,100,outer
508,174,20.439250,-5.861632,100,outer
330,433,11.539250,7.088369,100,outer
22,280,-3.860751,-0.561632,100,outer
182,269,4.139250,-1.111632,100,outer
337,292,11.889250,0.038368,100,outer
197,132,4.889250,-7.961632,100,outer
422,516,16.139250,11.238369,100,outer
79,442,-1.010750,7.538369,100,outer
368,316,13.439250,1.238368,100,outer
46,265,-2.660750,-1.311632,100,outer
236,505,6.839250,10.688369,100,inner
156,396,2.839250,5.238369,100,inner
351,492,12.589250,10.038369,100,inner
297,521,9.889250,11.488369,100,inner
397,459,14.889250,8.388369,100,inner
218,191,5.939250,-5.011632,100,inner
387,149,14.389250,-7.111632,100,inner
120,330,1.039250,1.938369,100,inner
67,324,-1.610750,1.638369,100,inner
495,356,19.789250,3.238369,100,inner
496,321,19.839250,1.488369,100,inner
441,385,17.089250,4.688369,100,inner
158,442,2.939250,7.538369,100,inner
293,221,9.689250,-3.511632,100,inner
374,66,13.739250,-11.261632,100,inner
229,502,6.489250,10.538369,100,inner
264,343,8.239250,2.588369,100,inner
431,191,16.589250,-5.011632,100,inner
162,332,3.139250,2.038369,100,inner
392,120,14.639250,-8.561632,100,inner
239,515,6.989250,11.188369,100,inner
395,125,14.789250,-8.311632,100,inner
375,67,13.789250,-11.211632,100,inner
441,241,17.089250,-2.511632,100,inner
367,63,13.389250,-11.411632,100,inner
446,356,17.339250,3.238369,100,inner
169,456,3.489250,8.238369,100,inner
323,514,11.189250,11.138369,100,inner
432,192,16.639250,-4.961632,100,inner
215,194,5.789250,-4.861632,100,inner
444,166,17.239250,-6.261632,100,inner
172,461,3.639250,8.488369,100,inner
207,339,5.389250,2.388369,100,inner
205,495,5.289250,10.188369,100,inner
232,512,6.639250,11.038369,100,inner
224,508,6.239250,10.838369,100,inner
347,499,12.389250,10.388369,100,inner
105,328,0.289250,1.838369,100,inner
463,265,18.189250,-1.311632,100,inner
355,174,12.789250,-5.861632,100,inner
400,96,15.039250,-9.761632,100,inner
479,389,18.989250,4.888369,100,inner
149,334,2.489250,2.138369,100,inner
278,219,8.939250,-3.611632,100,inner
436,427,16.839250,6.788369,100,inner
194,485,4.739250,9.688369,100,inner
155,414,2.789250,6.138369,100,inner
302,347,10.139250,2.788369,100,inner
173,462,3.689250,8.538369,100,inner
284,150,9.239250,-7.061632,100,inner
395,246,14.789250,-2.261632,100,inner
430,204,16.539250,-4.361632,100,inner
225,509,6.289250,10.888369,100,inner
439,173,16.989250,-5.911632,100,inner
159,384,2.989250,4.638369,100,inner
253,162,7.689250,-6.461632,100,inner
414,116,15.739250,-8.761632,100,inner
142,331,2.139250,1.988369,100,inner
195,486,4.789250,9.738369,100,inner
391,132,14.589250,-7.961632,100,inner
396,247,14.839250,-2.211632,100,inner
288,156,9.439250,-6.761632,100,inner
356,174,12.839250,-5.861632,100,inner
408,450,15.439250,7.938369,100,inner
221,215,6.089250,-3.811632,100,inner
445,368,17.289250,3.838369,100,inner
446,333,17.339250,2.088369,100,inner
237,339,6.889250,2.388369,100,inner
311,517,10.589250,11.288369,100,inner
195,342,4.789250,2.538369,100,inner
113,389,0.689250,4.888369,100,inner
316,223,10.839250,-3.411632,100,inner
267,218,8.389250,-3.661632,100,inner
179,334,3.989250,2.138369,100,inner
436,139,16.839250,-7.611632,100,inner
481,290,19.089250,-0.061632,100,inner
338,507,11.939250,10.788369,100,inner
374,164,13.739250,-6.361632,100,inner
428,135,16.439250,-7.811632,100,inner
358,485,12.939250,9.688369,100,inner
335,501,11.789250,10.488369,100,inner
307,519,10.389250,11.388369,100,inner
437,140,16.889250,-7.561632,100,inner
85,326,-0.710750,1.738369,100,inner
482,291,19.139250,-0.011632,100,inner
191,344,4.589250,2.638369,100,inner
114,389,0.739250,4.888369,100,inner
344,177,12.239250,-5.711632,100,inner
275,343,8.789250,2.588369,100,inner
390,144,14.539250,-7.361632,100,inner
435,295,16.789250,0.188368,100,inner
430,217,16.539250,-3.711632,100,inner
451,160,17.589250,-6.561632,100,inner
354,227,12.739250,-3.211632,100,inner
305,222,10.289250,-3.461632,100,inner
217,338,5.889250,2.338369,100,inner
210,213,5.539250,-3.911632,100,inner
168,445,3.439250,7.688369,100,inner
392,110,14.639250,-9.061632,100,inner
443,421,17.189250,6.488369,100,inner
239,505,6.989250,10.688369,100,inner
312,346,10.639250,2.738369,100,inner
447,162,17.389250,-6.461632,100,inner
284,513,9.239250,11.088369,100,inner
446,346,17.339250,2.738369,100,inner
432,411,16.639250,5.988369,100,inner
150,433,2.539250,7.088369,100,inner
377,475,13.889250,9.188369,100,inner
169,446,3.489250,7.738369,100,inner
442,312,17.139250,1.038368,100,inner
172,451,3.639250,7.988369,100,inner
232,502,6.639250,10.538369,100,inner
205,485,5.289250,9.688369,100,inner
393,456,14.689250,8.238369,100,inner
224,498,6.239250,10.338369,100,inner
194,210,4.739250,-4.061632,100,inner
369,62,13.489250,-11.461632,100,inner
434,228,16.739250,-3.161632,100,inner
164,367,3.239250,3.788369,100,inner
386,151,14.339250,-7.011632,100,inner
324,176,11.239250,-5.761632,100,inner
194,475,4.739250,9.188369,100,inner
155,404,2.789250,5.638369,100,inner
255,342,7.789250,2.538369,100,inner
160,333,3.039250,2.088369,100,inner
154,439,2.739250,7.388369,100,inner
349,498,12.489250,10.338369,100,inner
430,194,16.539250,-4.861632,100,inner
285,513,9.289250,11.088369,100,inner
445,322,17.289250,1.538369,100,inner
325,177,11.289250,-5.711632,100,inner
195,476,4.789250,9.238369,100,inner
392,87,14.639250,-10.211632,100,inner
179,468,3.989250,8.838369,100,inner
384,83,14.239250,-10.411632,100,inner
448,247,17.439250,-2.211632,100,inner
233,179,6.689250,-5.611632,100,inner
69,336,-1.510750,2.238369,100,inner
373,73,13.689250,-10.911632,100,inner
201,492,5.089250,10.038369,100,inner
390,242,14.539250,-2.461632,100,inner
256,162,7.839250,-6.461632,100,inner
417,116,15.889250,-8.761632,100,inner
396,93,14.839250,-9.911632,100,inner
198,337,4.939250,2.288369,100,inner
366,479,13.339250,9.388369,100,inner
233,215,6.689250,-3.811632,100,inner
145,331,2.289250,1.988369,100,inner
473,276,18.689250,-0.761632,100,inner
394,132,14.739250,-7.961632,100,inner
190,482,4.539250,9.538369,100,inner
420,270,16.039250,-1.061632,100,inner
388,89,14.439250,-10.111632,100,inner
391,243,14.589250,-2.411632,100,inner
94,365,-0.260750,3.688369,100,inner
383,239,14.189250,-2.611632,100,inner
154,416,2.739250,6.238369,100,inner
402,252,15.139250,-1.961632,100,inner
435,429,16.789250,6.888369,100,inner
484,291,19.239250,-0.011632,100,inner
438,175,16.939250,-5.811632,100,inner
265,512,8.289250,11.038369,100,inner
158,386,2.939250,4.738369,100,inner
487,296,19.389250,0.238368,100,inner
466,273,18.339250,-0.911632,100,inner
170,360,3.539250,3.438369,100,inner
378,160,13.939250,-6.561632,100,inner
384,469,14.239250,8.888369,100,inner
95,366,-0.210750,3.738369,100,inner
424,276,16.239250,-0.761632,100,inner
270,218,8.539250,-3.661632,100,inner
390,134,14.539250,-7.861632,100,inner
430,207,16.539250,-4.211632,100,inner
407,452,15.389250,8.038369,100,inner
488,297,19.439250,0.288368,100,inner
473,397,18.689250,5.288369,100,inner
157,426,2.889250,6.738369,100,inner
236,341,6.839250,2.488369,100,inner
183,335,4.189250,2.188369,100,inner
392,100,14.639250,-9.561632,100,inner
160,431,3.039250,6.988369,100,inner
400,449,15.039250,7.888369,100,inner
307,221,10.389250,-3.511632,100,inner
213,214,5.689250,-3.861632,100,inner
357,487,12.889250,9.788369,100,inner
278,343,8.939250,2.588369,100,inner
446,156,17.339250,-6.761632,100,inner
444,375,17.239250,4.188369,100,inner
491,307,19.589250,0.788368,100,inner
154,393,2.739250,5.088369,100,inner
308,222,10.439250,-3.461632,100,inner
220,338,6.039250,2.338369,100,inner
449,161,17.489250,-6.511632,100,inner
494,312,19.739250,1.038368,100,inner
250,217,7.539250,-3.711632,100,inner
329,510,11.489250,10.938369,100,inner
315,346,10.789250,2.738369,100,inner
167,368,3.389250,3.838369,100,inner
126,330,1.339250,1.938369,100,inner
198,206,4.939250,-4.261632,100,inner
345,225,12.289250,-3.311632,100,inner
135,415,1.789250,6.188369,100,inner
330,511,11.539250,10.988369,100,inner
376,478,13.839250,9.338369,100,inner
322,507,11.139250,10.788369,100,inner
316,347,10.839250,2.788369,100,inner
442,423,17.139250,6.588369,100,inner
179,458,3.989250,8.338369,100,inner
186,466,4.339250,8.738369,100,inner
373,472,13.689250,9.038369,100,inner
447,358,17.389250,3.338369,100,inner
327,176,11.389250,-5.761632,100,inner
163,370,3.189250,3.938369,100,inner
431,413,16.589250,6.088369,100,inner
189,471,4.489250,8.988369,100,inner
373,63,13.689250,-11.411632,100,inner
201,482,5.089250,9.538369,100,inner
153,405,2.689250,5.688369,100,inner
288,221,9.439250,-3.511632,100,inner
443,244,17.189250,-2.361632,100,inner
414,446,15.739250,7.738369,100,inner
328,177,11.439250,-5.711632,100,inner
259,343,7.989250,2.588369,100,inner
171,459,3.589250,8.388369,100,inner
190,472,4.539250,9.038369,100,inner
385,153,14.289250,-6.911632,100,inner
75,342,-1.210750,2.538369,100,inner
411,440,15.589250,7.438369,100,inner
237,175,6.889250,-5.811632,100,inner
330,223,11.539250,-3.411632,100,inner
106,329,0.339250,1.888369,100,inner
369,65,13.489250,-11.311632,100,inner
392,463,14.639250,8.588369,100,inner
493,366,19.689250,3.738369,100,inner
439,395,16.989250,5.188369,100,inner
196,488,4.839250,9.838369,100,inner
405,253,15.289250,-1.911632,100,inner
458,408,17.939250,5.838369,100,inner
296,346,9.839250,2.738369,100,inner
465,267,18.289250,-1.211632,100,inner
497,336,19.889250,2.238369,100,inner
341,497,12.089250,10.288369,100,inner
148,331,2.439250,1.988369,100,inner
209,198,5.489250,-4.661632,100,inner
402,98,15.139250,-9.661632,100,inner
279,522,8.989250,11.538369,100,inner
159,377,2.989250,4.288369,100,inner
427,420,16.389250,6.438369,100,inner
429,201,16.489250,-4.511632,100,inner
386,239,14.339250,-2.611632,100,inner
445,325,17.289250,1.688369,100,inner
232,181,6.639250,-5.511632,100,inner
378,235,13.939250,-2.811632,100,inner
393,135,14.689250,-7.811632,100,inner
208,498,5.439250,10.338369,100,inner
268,512,8.439250,11.038369,100,inner
416,118,15.839250,-8.661632,100,inner
144,333,2.239250,2.088369,100,inner
197,488,4.889250,9.838369,100,inner
90,362,-0.460750,3.538369,100,inner
91,327,-0.410750,1.788369,100,inner
387,240,14.389250,-2.561632,100,inner
379,236,13.989250,-2.761632,100,inner
371,232,13.589250,-2.961632,100,inner
453,414,17.689250,6.138369,100,inner
351,174,12.589250,-5.861632,100,inner
402,448,15.139250,7.838369,100,inner
438,142,16.939250,-7.461632,100,inner
417,119,15.889250,-8.611632,100,inner
462,270,18.139250,-1.061632,100,inner
489,373,19.489250,4.088369,100,inner
239,341,6.989250,2.488369,100,inner
380,466,14.039250,8.738369,100,inner
186,335,4.339250,2.188369,100,inner
91,363,-0.410750,3.588369,100,inner
137,330,1.889250,1.938369,100,inner
427,132,16.389250,-7.961632,100,inner
115,391,0.789250,4.988369,100,inner
383,471,14.189250,8.988369,100,inner
373,161,13.689250,-6.511632,100,inner
439,143,16.989250,-7.411632,100,inner
449,416,17.489250,6.238369,100,inner
216,214,5.839250,-3.861632,100,inner
484,294,19.239250,0.138368,100,inner
390,101,14.539250,-9.511632,100,inner
487,299,19.389250,0.388368,100,inner
434,293,16.739250,0.088368,100,inner
116,392,0.839250,5.038369,100,inner
318,347,10.939250,2.788369,100,inner
311,222,10.589250,-3.461632,100,inner
223,338,6.189250,2.338369,100,inner
497,349,19.889250,2.888369,100,inner
129,331,1.489250,1.988369,100,inner
443,378,17.189250,4.338369,100,inner
338,176,11.939250,-5.761632,100,inner
126,405,1.339250,5.688369,100,inner
299,513,9.989250,11.088369,100,inner
253,217,7.689250,-3.711632,100,inner
332,510,11.639250,10.938369,100,inner
438,299,16.939250,0.388368,100,inner
160,434,3.039250,7.138369,100,inner
414,436,15.739250,7.238369,100,inner
348,225,12.439250,-3.311632,100,inner
254,218,7.739250,-3.661632,100,inner
185,347,4.289250,2.788369,100,inner
171,449,3.589250,7.888369,100,inner
440,308,17.039250,0.838368,100,inner
339,176,11.989250,-5.761632,100,inner
434,185,16.739250,-5.311632,100,inner
356,494,12.839250,10.138369,100,inner
432,224,16.639250,-3.361632,100,inner
234,505,6.739250,10.688369,100,inner
314,348,10.739250,2.838369,100,inner
262,158,8.139250,-6.661632,100,inner
349,226,12.489250,-3.261632,100,inner
448,348,17.439250,2.838369,100,inner
166,370,3.339250,3.938369,100,inner
494,315,19.739250,1.188368,100,inner
152,435,2.639250,7.188369,100,inner
441,309,17.089250,0.888368,100,inner
435,229,16.789250,-3.111632,100,inner
239,174,6.989250,-5.861632,100,inner
196,478,4.839250,9.338369,100,inner
291,221,9.589250,-3.511632,100,inner
365,170,13.289250,-6.061632,100,inner
497,326,19.889250,1.738369,100,inner
415,436,15.789250,7.238369,100,inner
436,230,16.839250,-3.061632,100,inner
383,75,14.189250,-10.811632,100,inner
352,496,12.639250,10.238369,100,inner
394,462,14.739250,8.538369,100,inner
65,323,-1.710750,1.588369,100,inner
240,175,7.039250,-5.811632,100,inner
156,441,2.839250,7.488369,100,inner
229,511,6.489250,10.988369,100,inner
208,488,5.439250,9.838369,100,inner
444,319,17.239250,1.388369,100,inner
181,354,4.089250,3.138369,100,inner
321,514,11.089250,11.138369,100,inner
313,510,10.689250,10.938369,100,inner
447,361,17.389250,3.488369,100,inner
197,478,4.889250,9.338369,100,inner
299,346,9.989250,2.738369,100,inner
71,339,-1.410750,2.388369,100,inner
400,249,15.039250,-2.111632,100,inner
271,513,8.589250,11.088369,100,inner
344,497,12.239250,10.288369,100,inner
375,76,13.789250,-10.761632,100,inner
394,89,14.739250,-10.111632,100,inner
282,522,9.139250,11.538369,100,inner
162,377,3.139250,4.288369,100,inner
153,408,2.689250,5.838369,100,inner
464,270,18.239250,-1.061632,100,inner
276,219,8.839250,-3.611632,100,inner
281,148,9.089250,-7.161632,100,inner
475,279,18.789250,-0.611632,100,inner
401,250,15.089250,-2.061632,100,inner
203,494,5.189250,10.138369,100,inner
317,516,10.889250,11.238369,100,inner
222,507,6.139250,10.788369,100,inner
438,397,16.939250,5.288369,100,inner
391,465,14.589250,8.688369,100,inner
492,368,19.639250,3.838369,100,inner
312,172,10.639250,-5.961632,100,inner
353,173,12.689250,-5.911632,100,inner
340,499,12.039250,10.388369,100,inner
147,333,2.389250,2.088369,100,inner
322,222,11.139250,-3.461632,100,inner
208,200,5.439250,-4.561632,100,inner
282,149,9.139250,-7.111632,100,inner
476,280,18.839250,-0.561632,100,inner
204,495,5.239250,10.188369,100,inner
426,279,16.339250,-0.611632,100,inner
156,418,2.839250,6.338369,100,inner
157,383,2.889250,4.588369,100,inner
486,293,19.339250,0.088368,100,inner
393,102,14.689250,-9.461632,100,inner
497,339,19.889250,2.388369,100,inner
377,157,13.889250,-6.711632,100,inner
423,124,16.189250,-8.361632,100,inner
429,433,16.489250,7.088369,100,inner
301,513,10.089250,11.088369,100,inner
193,485,4.689250,9.688369,100,inner
421,429,16.089250,6.888369,100,inner
429,204,16.489250,-4.361632,100,inner
172,362,3.639250,3.538369,100,inner
159,429,2.989250,6.888369,100,inner
447,338,17.389250,2.338369,100,inner
219,214,5.989250,-3.861632,100,inner
82,325,-0.860750,1.688369,100,inner
430,285,16.539250,-0.311632,100,inner
431,213,16.589250,-3.911632,100,inner
260,511,8.039250,10.988369,100,inner
359,490,12.989250,9.938369,100,inner
488,375,19.439250,4.188369,100,inner
434,404,16.739250,5.638369,100,inner
379,468,13.989250,8.838369,100,inner
305,519,10.289250,11.388369,100,inner
272,342,8.639250,2.538369,100,inner
247,169,7.389250,-6.111632,100,inner
341,176,12.089250,-5.761632,100,inner
83,326,-0.810750,1.738369,100,inner
336,506,11.839250,10.738369,100,inner
493,310,19.689250,0.938368,100,inner
351,226,12.589250,-3.261632,100,inner
133,412,1.689250,6.038369,100,inner
342,177,12.139250,-5.711632,100,inner
178,334,3.939250,2.138369,100,inner
244,508,7.239250,10.838369,100,inner
236,504,6.839250,10.638369,100,inner
156,395,2.839250,5.188369,100,inner
297,520,9.889250,11.438369,100,inner
222,340,6.139250,2.438369,100,inner
257,218,7.889250,-3.661632,100,inner
120,329,1.039250,1.888369,100,inner
67,323,-1.610750,1.588369,100,inner
245,509,7.289250,10.888369,100,inner
137,418,1.889250,6.338369,100,inner
237,505,6.889250,10.688369,100,inner
229,501,6.489250,10.488369,100,inner
219,191,5.989250,-5.011632,100,inner
243,170,7.189250,-6.061632,100,inner
264,342,8.239250,2.538369,100,inner
215,337,5.789250,2.288369,100,inner
484,382,19.239250,4.538369,100,inner
121,330,1.089250,1.938369,100,inner
383,150,14.189250,-7.061632,100,inner
294,221,9.739250,-3.511632,100,inner
398,458,14.939250,8.338369,100,inner
230,502,6.539250,10.538369,100,inner
367,62,13.389250,-11.461632,100,inner
446,355,17.339250,3.188369,100,inner
378,71,13.939250,-11.011632,100,inner
432,191,16.639250,-5.011632,100,inner
293,521,9.689250,11.488369,100,inner
215,193,5.789250,-4.911632,100,inner
240,515,7.039250,11.188369,100,inner
322,176,11.139250,-5.761632,100,inner
340,224,12.039250,-3.361632,100,inner
207,338,5.389250,2.338369,100,inner
203,484,5.189250,9.638369,100,inner
368,63,13.439250,-11.411632,100,inner
222,497,6.139250,10.288369,100,inner
479,388,18.989250,4.838369,100,inner
379,72,13.989250,-10.961632,100,inner
445,246,17.289250,-2.261632,100,inner
370,481,13.539250,9.488369,100,inner
253,341,7.689250,2.488369,100,inner
233,512,6.689250,11.038369,100,inner
319,515,10.989250,11.188369,100,inner
225,508,6.289250,10.838369,100,inner
217,504,5.889250,10.638369,100,inner
285,522,9.289250,11.538369,100,inner
203,340,5.189250,2.438369,100,inner
446,247,17.339250,-2.211632,100,inner
437,427,16.889250,6.788369,100,inner
404,101,15.239250,-9.511632,100,inner
174,462,3.739250,8.538369,100,inner
396,246,14.839250,-2.261632,100,inner
226,509,6.339250,10.888369,100,inner
198,490,4.939250,9.938369,100,inner
386,461,14.339250,8.488369,100,inner
177,467,3.889250,8.788369,100,inner
407,255,15.389250,-1.811632,100,inner
388,242,14.439250,-2.461632,100,inner
456,260,17.839250,-1.561632,100,inner
245,342,7.289250,2.538369,100,inner
445,367,17.289250,3.788369,100,inner
380,158,14.039250,-6.661632,100,inner
262,511,8.139250,10.988369,100,inner
101,328,0.089250,1.838369,100,inner
444,322,17.239250,1.538369,100,inner
199,491,4.989250,9.988369,100,inner
218,504,5.939250,10.638369,100,inner
210,500,5.539250,10.438369,100,inner
446,368,17.339250,3.838369,100,inner
352,175,12.639250,-5.811632,100,inner
238,339,6.939250,2.388369,100,inner
263,512,8.189250,11.038369,100,inner
485,296,19.289250,0.238368,100,inner
335,500,11.789250,10.438369,100,inner
381,238,14.089250,-2.661632,100,inner
180,334,4.039250,2.138369,100,inner
389,99,14.489250,-9.611632,100,inner
440,144,17.039250,-7.361632,100,inner
156,385,2.839250,4.688369,100,inner
471,397,18.589250,5.288369,100,inner
308,519,10.439250,11.388369,100,inner
430,216,16.539250,-3.761632,100,inner
234,341,6.739250,2.488369,100,inner
428,435,16.439250,7.188369,100,inner
139,332,1.989250,2.038369,100,inner
86,326,-0.660750,1.738369,100,inner
339,506,11.989250,10.738369,100,inner
331,502,11.589250,10.538369,100,inner
441,145,17.089250,-7.311632,100,inner
305,221,10.289250,-3.511632,100,inner
472,398,18.639250,5.338369,100,inner
371,166,13.589250,-6.261632,100,inner
355,487,12.789250,9.788369,100,inner
276,343,8.839250,2.588369,100,inner
392,109,14.639250,-9.111632,100,inner
181,334,4.089250,2.138369,100,inner
436,295,16.839250,0.188368,100,inner
159,432,2.989250,7.038369,100,inner
118,394,0.939250,5.138369,100,inner
433,406,16.689250,5.738369,100,inner
487,377,19.389250,4.288369,100,inner
395,114,14.789250,-8.861632,100,inner
447,161,17.389250,-6.511632,100,inner
446,345,17.339250,2.688369,100,inner
123,329,1.189250,1.888369,100,inner
211,213,5.589250,-3.911632,100,inner
431,216,16.589250,-3.761632,100,inner
223,187,6.189250,-5.211632,100,inner
437,296,16.889250,0.238368,100,inner
187,350,4.389250,2.938369,100,inner
396,115,14.839250,-8.811632,100,inner
393,455,14.689250,8.188369,100,inner
313,346,10.689250,2.738369,100,inner
434,227,16.739250,-3.211632,100,inner
493,313,19.689250,1.088368,100,inner
350,493,12.539250,10.088369,100,inner
444,420,17.239250,6.438369,100,inner
343,225,12.189250,-3.311632,100,inner
154,438,2.739250,7.338369,100,inner
248,216,7.439250,-3.761632,100,inner
173,451,3.689250,7.988369,100,inner
195,210,4.789250,-4.061632,100,inner
261,155,8.089250,-6.811632,100,inner
219,338,5.989250,2.338369,100,inner
217,494,5.889250,10.138369,100,inner
156,398,2.839250,5.338369,100,inner
438,233,16.939250,-2.911632,100,inner
325,176,11.289250,-5.761632,100,inner
155,439,2.789250,7.388369,100,inner
328,510,11.439250,10.938369,100,inner
394,455,14.739250,8.188369,100,inner
495,358,19.789250,3.338369,100,inner
198,480,4.939250,9.438369,100,inner
441,387,17.089250,4.788369,100,inner
158,444,2.939250,7.638369,100,inner
496,323,19.839250,1.588369,100,inner
443,168,17.189250,-6.161632,100,inner
256,341,7.839250,2.488369,100,inner
281,514,9.089250,11.138369,100,inner
392,122,14.639250,-8.461632,100,inner
199,481,4.989250,9.488369,100,inner
395,127,14.789250,-8.211632,100,inner
206,340,5.339250,2.438369,100,inner
335,225,11.789250,-3.311632,100,inner
346,500,12.339250,10.438369,100,inner
198,336,4.939250,2.238369,100,inner
366,478,13.339250,9.338369,100,inner
286,220,9.339250,-3.561632,100,inner
446,358,17.339250,3.338369,100,inner
367,65,13.389250,-11.311632,100,inner
452,252,17.639250,-1.961632,100,inner
478,390,18.939250,4.938369,100,inner
369,483,13.489250,9.588369,100,inner
176,354,3.839250,3.138369,100,inner
391,242,14.589250,-2.461632,100,inner
435,428,16.789250,6.838369,100,inner
257,162,7.889250,-6.461632,100,inner
73,341,-1.310750,2.488369,100,inner
213,501,5.689250,10.488369,100,inner
402,251,15.139250,-2.011632,100,inner
377,78,13.889250,-10.661632,100,inner
293,344,9.689250,2.638369,100,inner
347,501,12.389250,10.488369,100,inner
199,337,4.989250,2.288369,100,inner
414,262,15.739250,-1.461632,100,inner
413,446,15.689250,7.738369,100,inner
421,121,16.089250,-8.511632,100,inner
400,98,15.039250,-9.661632,100,inner
479,391,18.989250,4.988369,100,inner
466,272,18.339250,-0.961632,100,inner
392,243,14.639250,-2.411632,100,inner
284,152,9.239250,-6.961632,100,inner
384,239,14.239250,-2.611632,100,inner
74,342,-1.260750,2.538369,100,inner
403,252,15.189250,-1.961632,100,inner
376,235,13.839250,-2.811632,100,inner
230,181,6.539250,-5.511632,100,inner
295,161,9.789250,-6.511632,100,inner
390,133,14.539250,-7.911632,100,inner
430,206,16.539250,-4.261632,100,inner
266,512,8.339250,11.038369,100,inner
385,463,14.289250,8.588369,100,inner
422,122,16.139250,-8.461632,100,inner
410,111,15.539250,-9.011632,100,inner
478,282,18.939250,-0.461632,100,inner
142,333,2.139250,2.088369,100,inner
425,276,16.289250,-0.761632,100,inner
271,218,8.589250,-3.661632,100,inner
451,414,17.589250,6.138369,100,inner
392,99,14.639250,-9.611632,100,inner
206,497,5.339250,10.288369,100,inner
194,343,4.739250,2.588369,100,inner
99,371,-0.010750,3.988369,100,inner
428,281,16.439250,-0.511632,100,inner
411,112,15.589250,-8.961632,100,inner
445,370,17.289250,3.938369,100,inner
446,335,17.339250,2.188369,100,inner
237,341,6.889250,2.488369,100,inner
377,235,13.889250,-2.811632,100,inner
369,231,13.489250,-3.011632,100,inner
435,405,16.789250,5.688369,100,inner
202,203,5.139250,-4.411632,100,inner
401,449,15.089250,7.888369,100,inner
179,336,3.989250,2.238369,100,inner
404,454,15.239250,8.138369,100,inner
110,385,0.539250,4.688369,100,inner
274,344,8.739250,2.638369,100,inner
180,337,4.039250,2.288369,100,inner
221,338,6.089250,2.338369,100,inner
309,222,10.489250,-3.461632,100,inner
251,217,7.589250,-3.711632,100,inner
330,510,11.539250,10.938369,100,inner
442,422,17.139250,6.538369,100,inner
217,340,5.889250,2.438369,100,inner
346,225,12.339250,-3.311632,100,inner
163,369,3.189250,3.888369,100,inner
168,447,3.439250,7.788369,100,inner
222,189,6.139250,-5.111632,100,inner
392,112,14.639250,-8.961632,100,inner
139,420,1.989250,6.438369,100,inner
239,507,6.989250,10.788369,100,inner
354,494,12.739250,10.138369,100,inner
362,169,13.139250,-6.111632,100,inner
312,348,10.639250,2.838369,100,inner
328,176,11.439250,-5.761632,100,inner
347,226,12.389250,-3.261632,100,inner
252,217,7.639250,-3.711632,100,inner
164,333,3.239250,2.088369,100,inner
377,477,13.889250,9.288369,100,inner
385,152,14.289250,-6.961632,100,inner
169,448,3.489250,7.838369,100,inner
323,506,11.189250,10.738369,100,inner
442,314,17.139250,1.138368,100,inner
377,68,13.889250,-11.161632,100,inner
232,504,6.639250,10.638369,100,inner
205,487,5.289250,9.788369,100,inner
194,212,4.739250,-3.961632,100,inner
224,500,6.239250,10.438369,100,inner
447,249,17.389250,-2.111632,100,inner
288,521,9.439250,11.488369,100,inner
175,464,3.789250,8.638369,100,inner
155,406,2.789250,5.738369,100,inner
160,335,3.039250,2.188369,100,inner
349,500,12.489250,10.438369,100,inner
289,220,9.489250,-3.561632,100,inner
107,329,0.389250,1.888369,100,inner
415,445,15.789250,7.688369,100,inner
494,360,19.739250,3.438369,100,inner
440,389,17.039250,4.888369,100,inner
430,196,16.539250,-4.761632,100,inner
159,376,2.989250,4.238369,100,inner
381,74,14.089250,-10.861632,100,inner
65,332,-1.710750,2.038369,100,inner
326,224,11.339250,-3.361632,100,inner
364,479,13.239250,9.388369,100,inner
445,324,17.289250,1.638369,100,inner
176,465,3.839250,8.688369,100,inner
297,346,9.889250,2.738369,100,inner
208,497,5.439250,10.288369,100,inner
202,337,5.139250,2.288369,100,inner
227,510,6.389250,10.938369,100,inner
153,332,2.689250,2.038369,100,inner
409,258,15.489250,-1.661632,100,inner
317,175,10.889250,-5.811632,100,inner
408,442,15.439250,7.538369,100,inner
280,522,9.039250,11.538369,100,inner
469,272,18.489250,-0.961632,100,inner
365,480,13.289250,9.438369,100,inner
287,152,9.389250,-6.961632,100,inner
279,148,8.989250,-7.161632,100,inner
209,498,5.489250,10.338369,100,inner
398,248,14.939250,-2.161632,100,inner
470,273,18.539250,-0.911632,100,inner
462,269,18.139250,-1.111632,100,inner
327,224,11.389250,-3.361632,100,inner
239,340,6.989250,2.438369,100,inner
338,499,11.939250,10.388369,100,inner
145,333,2.289250,2.088369,100,inner
280,149,9.039250,-7.111632,100,inner
91,362,-0.410750,3.538369,100,inner
380,236,14.039250,-2.761632,100,inner
394,134,14.739250,-7.861632,100,inner
424,422,16.239250,6.538369,100,inner
399,249,14.989250,-2.111632,100,inner
372,232,13.639250,-2.961632,100,inner
307,511,10.389250,10.988369,100,inner
154,418,2.739250,6.338369,100,inner
269,219,8.489250,-3.611632,100,inner
229,183,6.489250,-5.411632,100,inner
484,293,19.239250,0.088368,100,inner
390,100,14.539250,-9.561632,100,inner
240,341,7.039250,2.488369,100,inner
442,147,17.139250,-7.211632,100,inner
158,388,2.939250,4.838369,100,inner
487,298,19.389250,0.338368,100,inner
421,124,16.089250,-8.361632,100,inner
384,471,14.239250,8.988369,100,inner
95,368,-0.210750,3.838369,100,inner
390,136,14.539250,-7.761632,100,inner
497,348,19.889250,2.838369,100,inner
431,137,16.589250,-7.711632,100,inner
443,148,17.189250,-7.161632,100,inner
201,206,5.089250,-4.261632,100,inner
299,512,9.989250,11.038369,100,inner
267,151,8.389250,-7.011632,100,inner
171,363,3.589250,3.588369,100,inner
277,344,8.889250,2.638369,100,inner
432,138,16.639250,-7.661632,100,inner
160,433,3.039250,7.088369,100,inner
194,346,4.739250,2.738369,100,inner
120,397,1.039250,5.288369,100,inner
260,520,8.039250,11.438369,100,inner
420,429,16.039250,6.888369,100,inner
254,217,7.739250,-3.711632,100,inner
434,184,16.739250,-5.361632,100,inner
161,434,3.089250,7.138369,100,inner
242,508,7.139250,10.838369,100,inner
444,377,17.239250,4.288369,100,inner
491,309,19.589250,0.888368,100,inner
154,395,2.739250,5.188369,100,inner
220,340,6.039250,2.438369,100,inner
448,347,17.439250,2.788369,100,inner
349,225,12.489250,-3.311632,100,inner
494,314,19.739250,1.138368,100,inner
186,347,4.339250,2.788369,100,inner
131,411,1.589250,5.988369,100,inner
372,474,13.639250,9.138369,100,inner
175,454,3.789250,8.138369,100,inner
430,415,16.539250,6.188369,100,inner
315,348,10.789250,2.838369,100,inner
415,435,15.789250,7.188369,100,inner
495,315,19.789250,1.188368,100,inner
213,337,5.689250,2.288369,100,inner
156,440,2.839250,7.438369,100,inner
176,455,3.839250,8.188369,100,inner
292,221,9.639250,-3.511632,100,inner
182,349,4.139250,2.888369,100,inner
235,504,6.789250,10.638369,100,inner
197,212,4.889250,-3.961632,100,inner
227,500,6.389250,10.438369,100,inner
447,360,17.389250,3.438369,100,inner
291,521,9.589250,11.488369,100,inner
419,441,15.989250,7.488369,100,inner
157,441,2.889250,7.488369,100,inner
319,174,10.989250,-5.861632,100,inner
338,224,11.939250,-3.361632,100,inner
250,340,7.539250,2.438369,100,inner
230,511,6.539250,10.988369,100,inner
110,329,0.539250,1.888369,100,inner
160,446,3.039250,7.738369,100,inner
236,176,6.839250,-5.761632,100,inner
162,376,3.139250,4.238369,100,inner
451,250,17.589250,-2.061632,100,inner
153,407,2.689250,5.788369,100,inner
426,422,16.339250,6.538369,100,inner
320,175,11.039250,-5.811632,100,inner
251,341,7.589250,2.488369,100,inner
317,515,10.889250,11.188369,100,inner
156,332,2.839250,2.038369,100,inner
391,464,14.589250,8.638369,100,inner
492,367,19.639250,3.788369,100,inner
75,344,-1.210750,2.638369,100,inner
283,522,9.189250,11.538369,100,inner
457,409,17.889250,5.888369,100,inner
398,94,14.939250,-9.861632,100,inner
201,340,5.089250,2.438369,100,inner
340,498,12.039250,10.338369,100,inner
235,216,6.789250,-3.761632,100,inner
468,275,18.439250,-0.811632,100,inner
72,338,-1.360750,2.338369,100,inner
178,356,3.939250,3.238369,100,inner
204,494,5.239250,10.138369,100,inner
231,511,6.589250,10.988369,100,inner
223,507,6.189250,10.788369,100,inner
318,516,10.939250,11.238369,100,inner
354,173,12.739250,-5.911632,100,inner
215,503,5.789250,10.588369,100,inner
458,410,17.939250,5.938369,100,inner
380,82,14.039250,-10.461632,100,inner
399,95,14.989250,-9.811632,100,inner
416,264,15.839250,-1.361632,100,inner
288,344,9.439250,2.638369,100,inner
497,338,19.889250,2.338369,100,inner
148,333,2.439250,2.088369,100,inner
283,149,9.189250,-7.111632,100,inner
99,328,-0.010750,1.838369,100,inner
407,444,15.389250,7.638369,100,inner
193,484,4.689250,9.638369,100,inner
429,203,16.489250,-4.411632,100,inner
402,100,15.139250,-9.561632,100,inner
394,245,14.739250,-2.311632,100,inner
286,154,9.339250,-6.861632,100,inner
480,285,19.039250,-0.311632,100,inner
310,511,10.539250,10.988369,100,inner
445,327,17.289250,1.788369,100,inner
393,137,14.689250,-7.711632,100,inner
430,284,16.539250,-0.361632,100,inner
272,521,8.639250,11.488369,100,inner
488,374,19.439250,4.138369,100,inner
280,345,9.039250,2.688369,100,inner
379,467,13.989250,8.788369,100,inner
205,202,5.289250,-4.461632,100,inner
101,373,0.089250,4.088369,100,inner
261,511,8.089250,10.988369,100,inner
302,512,10.139250,11.038369,100,inner
489,375,19.489250,4.188369,100,inner
112,388,0.639250,4.838369,100,inner
426,435,16.339250,7.188369,100,inner
342,176,12.139250,-5.761632,100,inner
84,326,-0.760750,1.738369,100,inner
390,103,14.539250,-9.411632,100,inner
360,489,13.039250,9.888369,100,inner
245,508,7.289250,10.838369,100,inner
170,365,3.539250,3.688369,100,inner
137,417,1.889250,6.288369,100,inner
264,521,8.239250,11.488369,100,inner
223,340,6.189250,2.438369,100,inner
443,380,17.189250,4.438369,100,inner
209,213,5.489250,-3.911632,100,inner
121,329,1.089250,1.888369,100,inner
484,381,19.239250,4.488369,100,inner
369,165,13.489250,-6.311632,100,inner
167,445,3.389250,7.688369,100,inner
267,154,8.389250,-6.861632,100,inner
138,418,1.939250,6.338369,100,inner
238,505,6.939250,10.688369,100,inner
244,170,7.239250,-6.061632,100,inner
216,337,5.839250,2.288369,100,inner
153,397,2.689250,5.288369,100,inner
165,371,3.289250,3.988369,100,inner
246,216,7.339250,-3.761632,100,inner
158,332,2.939250,2.038369,100,inner
399,458,14.989250,8.338369,100,inner
465,403,18.289250,5.588369,100,inner
348,492,12.439250,10.038369,100,inner
371,67,13.589250,-11.211632,100,inner
294,521,9.739250,11.488369,100,inner
216,193,5.839250,-4.911632,100,inner
435,231,16.789250,-3.011632,100,inner
341,224,12.089250,-3.361632,100,inner
441,311,17.089250,0.988368,100,inner
159,333,2.989250,2.088369,100,inner
64,324,-1.760750,1.638369,100,inner
239,176,6.989250,-5.761632,100,inner
215,493,5.789250,10.088369,100,inner
380,72,14.039250,-10.961632,100,inner
372,68,13.639250,-11.161632,100,inner
497,328,19.889250,1.838369,100,inner
437,426,16.889250,6.738369,100,inner
383,77,14.189250,-10.711632,100,inner
174,461,3.739250,8.488369,100,inner
323,175,11.189250,-5.811632,100,inner
193,474,4.689250,9.138369,100,inner
254,341,7.739250,2.488369,100,inner
279,514,8.989250,11.138369,100,inner
320,515,11.039250,11.188369,100,inner
449,251,17.489250,-2.011632,100,inner
177,466,3.889250,8.738369,100,inner
441,167,17.089250,-6.211632,100,inner
284,220,9.239250,-3.561632,100,inner
196,336,4.839250,2.238369,100,inner
101,327,0.089250,1.788369,100,inner
161,378,3.089250,4.338369,100,inner
444,321,17.239250,1.488369,100,inner
450,252,17.539250,-1.961632,100,inner
367,483,13.389250,9.588369,100,inner
447,363,17.389250,3.588369,100,inner
387,461,14.389250,8.488369,100,inner
199,490,4.989250,9.938369,100,inner
389,242,14.489250,-2.461632,100,inner
210,499,5.539250,10.388369,100,inner
291,344,9.589250,2.638369,100,inner
82,350,-0.860750,2.938369,100,inner
446,367,17.339250,3.788369,100,inner
390,466,14.539250,8.738369,100,inner
102,328,0.139250,1.838369,100,inner
386,87,14.339250,-10.211632,100,inner
289,154,9.489250,-6.861632,100,inner
200,491,5.039250,9.988369,100,inner
281,150,9.089250,-7.061632,100,inner
434,429,16.739250,6.888369,100,inner
381,237,14.089250,-2.711632,100,inner
211,500,5.589250,10.438369,100,inner
353,175,12.689250,-5.811632,100,inner
197,336,4.889250,2.238369,100,inner
438,399,16.939250,5.388369,100,inner
383,463,14.189250,8.588369,100,inner
412,261,15.639250,-1.511632,100,inner
251,164,7.589250,-6.361632,100,inner
93,364,-0.310750,3.638369,100,inner
139,331,1.989250,1.988369,100,inner
382,238,14.139250,-2.661632,100,inner
437,174,16.889250,-5.861632,100,inner
374,234,13.739250,-2.861632,100,inner
339,505,11.989250,10.688369,100,inner
192,343,4.639250,2.588369,100,inner
393,104,14.689250,-9.361632,100,inner
433,140,16.689250,-7.561632,100,inner
140,332,2.039250,2.038369,100,inner
159,431,2.989250,6.988369,100,inner
447,340,17.389250,2.438369,100,inner
332,502,11.639250,10.538369,100,inner
378,469,13.939250,8.888369,100,inner
97,370,-0.110750,3.938369,100,inner
367,231,13.389250,-3.011632,100,inner
487,376,19.389250,4.238369,100,inner
246,170,7.339250,-6.061632,100,inner
434,141,16.739250,-7.511632,100,inner
445,150,17.289250,-7.061632,100,inner
431,215,16.589250,-3.811632,100,inner
490,301,19.539250,0.488368,100,inner
359,492,12.989250,10.038369,100,inner
193,343,4.689250,2.588369,100,inner
434,406,16.739250,5.738369,100,inner
488,377,19.439250,4.288369,100,inner
272,344,8.639250,2.638369,100,inner
163,437,3.189250,7.288369,100,inner
212,213,5.639250,-3.911632,100,inner
124,329,1.239250,1.888369,100,inner
336,508,11.839250,10.838369,100,inner
493,312,19.689250,1.038368,100,inner
356,486,12.839250,9.738369,100,inner
343,224,12.189250,-3.361632,100,inner
448,160,17.439250,-6.561632,100,inner
156,397,2.839250,5.288369,100,inner
397,460,14.889250,8.438369,100,inner
442,382,17.139250,4.538369,100,inner
483,383,19.189250,4.588369,100,inner
394,454,14.739250,8.138369,100,inner
495,357,19.789250,3.288369,100,inner
441,386,17.089250,4.738369,100,inner
158,443,2.939250,7.588369,100,inner
177,456,3.889250,8.238369,100,inner
184,352,4.239250,3.038369,100,inner
281,513,9.089250,11.088369,100,inner
484,384,19.239250,4.638369,100,inner
162,333,3.139250,2.088369,100,inner
375,477,13.789250,9.288369,100,inner
113,328,0.689250,1.838369,100,inner
392,121,14.639250,-8.511632,100,inner
199,480,4.989250,9.438369,100,inner
159,444,2.989250,7.638369,100,inner
178,457,3.939250,8.288369,100,inner
395,126,14.789250,-8.261632,100,inner
210,489,5.539250,9.888369,100,inner
63,327,-1.810750,1.788369,100,inner
446,357,17.339250,3.288369,100,inner
310,347,10.539250,2.788369,100,inner
257,341,7.889250,2.488369,100,inner
282,514,9.139250,11.138369,100,inner
432,193,16.639250,-4.911632,100,inner
444,167,17.239250,-6.211632,100,inner
200,481,5.039250,9.488369,100,inner
211,490,5.589250,9.938369,100,inner
199,336,4.989250,2.238369,100,inner
184,473,4.239250,9.088369,100,inner
287,220,9.389250,-3.561632,100,inner
400,97,15.039250,-9.711632,100,inner
479,390,18.989250,4.938369,100,inner
370,483,13.539250,9.588369,100,inner
229,215,6.489250,-3.811632,100,inner
436,428,16.839250,6.838369,100,inner
74,341,-1.260750,2.488369,100,inner
403,251,15.189250,-2.011632,100,inner
294,344,9.739250,2.638369,100,inner
314,173,10.739250,-5.911632,100,inner
385,462,14.289250,8.538369,100,inner
381,83,14.089250,-10.411632,100,inner
440,169,17.039250,-6.111632,100,inner
343,502,12.189250,10.538369,100,inner
379,159,13.989250,-6.611632,100,inner
324,223,11.239250,-3.411632,100,inner
363,480,13.189250,9.438369,100,inner
404,103,15.239250,-9.411632,100,inner
142,332,2.139250,2.038369,100,inner
160,380,3.039250,4.438369,100,inner
195,487,4.789250,9.788369,100,inner
206,496,5.339250,10.238369,100,inner
315,174,10.789250,-5.861632,100,inner
307,170,10.389250,-6.061632,100,inner
78,347,-1.060750,2.788369,100,inner
382,84,14.139250,-10.361632,100,inner
254,164,7.739250,-6.361632,100,inner
445,369,17.289250,3.888369,100,inner
196,339,4.839250,2.388369,100,inner
262,513,8.139250,11.088369,100,inner
285,151,9.289250,-7.011632,100,inner
231,180,6.589250,-5.561632,100,inner
471,278,18.589250,-0.661632,100,inner
385,89,14.289250,-10.111632,100,inner
426,127,16.339250,-8.211632,100,inner
207,497,5.389250,10.288369,100,inner
305,511,10.289250,10.988369,100,inner
401,448,15.089250,7.838369,100,inner
267,219,8.389250,-3.611632,100,inner
415,117,15.789250,-8.711632,100,inner
446,370,17.339250,3.938369,100,inner
358,486,12.939250,9.738369,100,inner
238,341,6.939250,2.488369,100,inner
404,453,15.239250,8.088369,100,inner
255,510,7.789250,10.938369,100,inner
436,176,16.839250,-5.761632,100,inner
437,141,16.889250,-7.511632,100,inner
482,292,19.139250,0.038368,100,inner
297,512,9.889250,11.038369,100,inner
471,399,18.589250,5.388369,100,inner
114,390,0.739250,4.938369,100,inner
275,344,8.789250,2.638369,100,inner
435,296,16.789250,0.238368,100,inner
258,520,7.939250,11.438369,100,inner
199,205,4.989250,-4.311632,100,inner
210,214,5.539250,-3.861632,100,inner
222,188,6.139250,-5.161632,100,inner
392,111,14.639250,-9.011632,100,inner
181,336,4.089250,2.238369,100,inner
436,297,16.839250,0.288368,100,inner
139,419,1.989250,6.388369,100,inner
487,379,19.389250,4.388369,100,inner
395,116,14.789250,-8.761632,100,inner
200,206,5.039250,-4.261632,100,inner
347,225,12.389250,-3.311632,100,inner
446,347,17.339250,2.788369,100,inner
123,331,1.189250,1.988369,100,inner
432,412,16.639250,6.038369,100,inner
266,151,8.339250,-7.011632,100,inner
431,218,16.589250,-3.661632,100,inner
293,513,9.689250,11.088369,100,inner
240,507,7.039250,10.788369,100,inner
442,313,17.139250,1.088368,100,inner
396,117,14.839250,-8.711632,100,inner
313,348,10.689250,2.838369,100,inner
333,177,11.689250,-5.711632,100,inner
434,229,16.739250,-3.111632,100,inner
164,368,3.239250,3.838369,100,inner
444,422,17.239250,6.538369,100,inner
238,174,6.939250,-5.861632,100,inner
155,405,2.789250,5.688369,100,inner
443,314,17.189250,1.138368,100,inner
327,511,11.389250,10.988369,100,inner
233,504,6.689250,10.638369,100,inner
319,507,10.989250,10.788369,100,inner
195,212,4.789250,-3.961632,100,inner
225,500,6.289250,10.438369,100,inner
440,388,17.039250,4.838369,100,inner
494,359,19.739250,3.388369,100,inner
285,514,9.289250,11.138369,100,inner
381,73,14.089250,-10.911632,100,inner
359,171,12.989250,-6.011632,100,inner
176,464,3.839250,8.638369,100,inner
195,477,4.789250,9.288369,100,inner
235,513,6.789250,11.088369,100,inner
161,335,3.089250,2.188369,100,inner
429,415,16.489250,6.188369,100,inner
290,220,9.539250,-3.561632,100,inner
206,486,5.339250,9.738369,100,inner
320,508,11.039250,10.838369,100,inner
59,324,-2.010750,1.638369,100,inner
441,389,17.089250,4.888369,100,inner
179,469,3.989250,8.888369,100,inner
496,325,19.839250,1.688369,100,inner
382,74,14.139250,-10.861632,100,inner
392,88,14.639250,-10.161632,100,inner
374,70,13.739250,-11.061632,100,inner
365,479,13.289250,9.388369,100,inner
232,215,6.639250,-3.811632,100,inner
385,79,14.289250,-10.611632,100,inner
318,175,10.939250,-5.811632,100,inner
392,124,14.639250,-8.361632,100,inner
175,355,3.789250,3.188369,100,inner
228,510,6.439250,10.938369,100,inner
154,332,2.739250,2.038369,100,inner
180,470,4.039250,8.938369,100,inner
220,506,6.039250,10.738369,100,inner
383,155,14.189250,-6.811632,100,inner
431,195,16.589250,-4.811632,100,inner
395,129,14.789250,-8.111632,100,inner
206,342,5.339250,2.538369,100,inner
346,502,12.339250,10.538369,100,inner
327,223,11.389250,-3.411632,100,inner
388,90,14.439250,-10.061632,100,inner
412,447,15.639250,7.788369,100,inner
280,148,9.039250,-7.161632,100,inner
478,392,18.939250,5.038369,100,inner
399,248,14.989250,-2.161632,100,inner
291,157,9.589250,-6.711632,100,inner
221,507,6.089250,10.788369,100,inner
229,182,6.489250,-5.461632,100,inner
154,417,2.739250,6.288369,100,inner
418,118,15.939250,-8.661632,100,inner
293,346,9.689250,2.738369,100,inner
463,269,18.189250,-1.111632,100,inner
328,224,11.439250,-3.361632,100,inner
240,340,7.039250,2.438369,100,inner
265,513,8.289250,11.088369,100,inner
191,335,4.589250,2.188369,100,inner
474,278,18.739250,-0.661632,100,inner
405,444,15.289250,7.638369,100,inner
292,158,9.639250,-6.661632,100,inner
202,493,5.139250,10.088369,100,inner
95,367,-0.210750,3.788369,100,inner
308,511,10.439250,10.988369,100,inner
437,396,16.889250,5.238369,100,inner
270,219,8.539250,-3.611632,100,inner
295,163,9.789250,-6.411632,100,inner
390,135,14.539250,-7.811632,100,inner
430,208,16.539250,-4.161632,100,inner
207,199,5.389250,-4.611632,100,inner
488,298,19.439250,0.338368,100,inner
96,368,-0.160750,3.838369,100,inner
451,416,17.589250,6.238369,100,inner
134,331,1.739250,1.988369,100,inner
392,101,14.639250,-9.511632,100,inner
120,396,1.039250,5.238369,100,inner
259,511,7.989250,10.988369,100,inner
400,450,15.039250,7.938369,100,inner
489,299,19.489250,0.388368,100,inner
420,428,16.039250,6.838369,100,inner
435,142,16.789250,-7.461632,100,inner
445,372,17.289250,4.038369,100,inner
446,337,17.339250,2.288369,100,inner
278,344,8.939250,2.638369,100,inner
229,339,6.489250,2.388369,100,inner
295,513,9.789250,11.088369,100,inner
161,433,3.089250,7.088369,100,inner
261,520,8.089250,11.438369,100,inner
202,205,5.139250,-4.311632,100,inner
435,178,16.789250,-5.661632,100,inner
436,143,16.839250,-7.411632,100,inner
447,418,17.389250,6.338369,100,inner
268,150,8.439250,-7.061632,100,inner
381,472,14.089250,9.038369,100,inner
221,340,6.089250,2.438369,100,inner
167,369,3.389250,3.888369,100,inner
126,331,1.339250,1.988369,100,inner
387,143,14.389250,-7.411632,100,inner
345,226,12.289250,-3.261632,100,inner
176,454,3.839250,8.138369,100,inner
135,416,1.789250,6.238369,100,inner
316,348,10.839250,2.838369,100,inner
336,177,11.839250,-5.711632,100,inner
267,343,8.389250,2.588369,100,inner
179,459,3.989250,8.388369,100,inner
172,334,3.639250,2.138369,100,inner
353,495,12.689250,10.188369,100,inner
373,473,13.689250,9.088369,100,inner
136,417,1.839250,6.288369,100,inner
183,349,4.189250,2.888369,100,inner
373,64,13.689250,-11.361632,100,inner
61,323,-1.910750,1.588369,100,inner
201,483,5.089250,9.588369,100,inner
160,445,3.039250,7.688369,100,inner
180,460,4.039250,8.438369,100,inner
220,496,6.039250,10.238369,100,inner
264,157,8.239250,-6.711632,100,inner
354,496,12.739250,10.238369,100,inner
362,171,13.139250,-6.011632,100,inner
420,441,16.039250,7.488369,100,inner
292,521,9.639250,11.488369,100,inner
369,475,13.489250,9.188369,100,inner
62,324,-1.860750,1.638369,100,inner
161,446,3.089250,7.738369,100,inner
221,497,6.089250,10.288369,100,inner
442,316,17.139250,1.238368,100,inner
213,493,5.689250,10.088369,100,inner
260,159,8.039250,-6.611632,100,inner
455,255,17.789250,-1.811632,100,inner
321,175,11.089250,-5.811632,100,inner
318,515,10.939250,11.188369,100,inner
157,332,2.889250,2.038369,100,inner
392,464,14.639250,8.638369,100,inner
202,483,5.139250,9.588369,100,inner
405,254,15.289250,-1.861632,100,inner
380,81,14.039250,-10.511632,100,inner
155,408,2.789250,5.838369,100,inner
444,245,17.239250,-2.311632,100,inner
341,498,12.089250,10.338369,100,inner
383,86,14.189250,-10.261632,100,inner
99,327,-0.010750,1.788369,100,inner
407,443,15.389250,7.588369,100,inner
159,378,2.989250,4.338369,100,inner
402,99,15.139250,-9.611632,100,inner
277,513,8.889250,11.088369,100,inner
394,244,14.739250,-2.361632,100,inner
364,481,13.239250,9.488369,100,inner
310,510,10.539250,10.938369,100,inner
76,343,-1.160750,2.588369,100,inner
445,326,17.289250,1.738369,100,inner
216,503,5.839250,10.588369,100,inner
413,114,15.689250,-8.861632,100,inner
388,466,14.439250,8.738369,100,inner
194,335,4.739250,2.188369,100,inner
350,174,12.539250,-5.861632,100,inner
100,328,0.039250,1.838369,100,inner
384,87,14.239250,-10.211632,100,inner
403,100,15.189250,-9.561632,100,inner
197,489,4.889250,9.888369,100,inner
77,344,-1.110750,2.638369,100,inner
446,327,17.339250,1.788369,100,inner
406,254,15.339250,-1.861632,100,inner
387,241,14.389250,-2.511632,100,inner
273,219,8.689250,-3.611632,100,inner
371,233,13.589250,-2.911632,100,inner
224,214,6.239250,-3.861632,100,inner
314,516,10.739250,11.238369,100,inner
205,201,5.289250,-4.511632,100,inner
498,337,19.939250,2.288369,100,inner
417,120,15.889250,-8.561632,100,inner
198,341,4.939250,2.488369,100,inner
380,467,14.039250,8.788369,100,inner
319,222,10.989250,-3.461632,100,inner
473,280,18.689250,-0.561632,100,inner
197,345,4.889250,2.688369,100,inner
337,505,11.889250,10.688369,100,inner
383,472,14.189250,9.038369,100,inner
154,420,2.739250,6.438369,100,inner
449,417,17.489250,6.288369,100,inner
390,102,14.539250,-9.461632,100,inner
206,201,5.339250,-4.511632,100,inner
232,339,6.639250,2.388369,100,inner
138,332,1.939250,2.038369,100,inner
170,364,3.539250,3.638369,100,inner
116,393,0.839250,5.088369,100,inner
364,229,13.239250,-3.111632,100,inner
376,469,13.839250,8.888369,100,inner
262,218,8.139250,-3.661632,100,inner
443,379,17.189250,4.388369,100,inner
250,509,7.539250,10.888369,100,inner
419,430,15.989250,6.938369,100,inner
117,394,0.889250,5.138369,100,inner
438,300,16.939250,0.438368,100,inner
269,342,8.489250,2.538369,100,inner
160,435,3.039250,7.188369,100,inner
80,326,-0.960750,1.738369,100,inner
171,450,3.589250,7.938369,100,inner
303,520,10.189250,11.438369,100,inner
399,457,14.989250,8.288369,100,inner
339,177,11.989250,-5.711632,100,inner
434,186,16.739250,-5.261632,100,inner
142,423,2.139250,6.588369,100,inner
161,436,3.089250,7.238369,100,inner
444,379,17.239250,4.388369,100,inner
253,519,7.689250,11.388369,100,inner
268,153,8.439250,-6.911632,100,inner
448,349,17.439250,2.888369,100,inner
494,316,19.739250,1.238368,100,inner
441,310,17.089250,0.938368,100,inner
247,216,7.389250,-3.761632,100,inner
386,145,14.339250,-7.311632,100,inner
380,71,14.039250,-11.011632,100,inner
349,492,12.489250,10.038369,100,inner
415,437,15.789250,7.288369,100,inner
307,346,10.389250,2.738369,100,inner
383,76,14.189250,-10.761632,100,inner
342,224,12.139250,-3.361632,100,inner
279,513,8.989250,11.088369,100,inner
118,330,0.939250,1.938369,100,inner
65,324,-1.710750,1.638369,100,inner
208,489,5.439250,9.888369,100,inner
462,405,18.139250,5.688369,100,inner
384,77,14.239250,-10.711632,100,inner
280,514,9.039250,11.138369,100,inner
376,73,13.839250,-10.911632,100,inner
345,494,12.289250,10.138369,100,inner
447,362,17.389250,3.538369,100,inner
213,195,5.689250,-4.811632,100,inner
178,466,3.939250,8.738369,100,inner
440,237,17.039250,-2.711632,100,inner
197,479,4.889250,9.388369,100,inner
319,176,10.989250,-5.761632,100,inner
250,342,7.539250,2.538369,100,inner
394,90,14.739250,-10.061632,100,inner
102,327,0.139250,1.788369,100,inner
236,178,6.839250,-5.661632,100,inner
153,409,2.689250,5.888369,100,inner
368,483,13.439250,9.588369,100,inner
454,257,17.739250,-1.711632,100,inner
401,251,15.089250,-2.011632,100,inner
177,357,3.889250,3.288369,100,inner
292,344,9.639250,2.638369,100,inner
312,173,10.639250,-5.911632,100,inner
412,260,15.639250,-1.561632,100,inner
438,398,16.939250,5.338369,100,inner
103,328,0.189250,1.838369,100,inner
457,411,17.889250,5.988369,100,inner
322,223,11.139250,-3.411632,100,inner
282,150,9.139250,-7.061632,100,inner
382,237,14.139250,-2.711632,100,inner
158,380,2.939250,4.438369,100,inner
72,340,-1.360750,2.438369,100,inner
212,500,5.639250,10.438369,100,inner
293,159,9.689250,-6.611632,100,inner
354,175,12.739250,-5.811632,100,inner
413,261,15.689250,-1.511632,100,inner
305,170,10.289250,-6.061632,100,inner
156,419,2.839250,6.388369,100,inner
420,120,16.039250,-8.561632,100,inner
465,271,18.289250,-1.011632,100,inner
497,340,19.889250,2.438369,100,inner
283,151,9.189250,-7.011632,100,inner
228,215,6.439250,-3.811632,100,inner
140,331,2.039250,1.988369,100,inner
429,205,16.489250,-4.311632,100,inner
375,234,13.789250,-2.861632,100,inner
294,160,9.739250,-6.561632,100,inner
447,339,17.389250,2.388369,100,inner
367,230,13.389250,-3.061632,100,inner
97,369,-0.110750,3.888369,100,inner
157,420,2.889250,6.438369,100,inner
252,163,7.639250,-6.411632,100,inner
235,339,6.789250,2.388369,100,inner
260,512,8.039250,11.038369,100,inner
488,376,19.439250,4.238369,100,inner
368,231,13.439250,-3.011632,100,inner
98,370,-0.060750,3.938369,100,inner
434,405,16.739250,5.688369,100,inner
185,338,4.289250,2.338369,100,inner
427,280,16.389250,-0.561632,100,inner
265,218,8.289250,-3.661632,100,inner
101,375,0.089250,4.188369,100,inner
438,146,16.939250,-7.261632,100,inner
270,153,8.539250,-6.911632,100,inner
449,155,17.489250,-6.811632,100,inner
373,165,13.689250,-6.311632,100,inner
329,504,11.489250,10.638369,100,inner
442,381,17.139250,4.488369,100,inner
360,491,13.039250,9.988369,100,inner
389,146,14.489250,-7.261632,100,inner
273,343,8.689250,2.588369,100,inner
237,506,6.889250,10.738369,100,inner
256,519,7.839250,11.388369,100,inner
464,405,18.239250,5.688369,100,inner
303,222,10.189250,-3.461632,100,inner
443,382,17.189250,4.538369,100,inner
484,383,19.239250,4.588369,100,inner
447,352,17.389250,3.038369,100,inner
159,443,2.989250,7.588369,100,inner
433,188,16.689250,-5.161632,100,inner
398,459,14.939250,8.388369,100,inner
230,503,6.539250,10.588369,100,inner
310,346,10.539250,2.738369,100,inner
153,399,2.689250,5.388369,100,inner
340,225,12.039250,-3.311632,100,inner
185,351,4.289250,2.988369,100,inner
203,485,5.189250,9.688369,100,inner
163,449,3.189250,7.888369,100,inner
182,462,4.139250,8.538369,100,inner
311,347,10.589250,2.788369,100,inner
259,157,7.989250,-6.711632,100,inner
283,514,9.189250,11.138369,100,inner
368,64,13.439250,-11.361632,100,inner
348,494,12.439250,10.138369,100,inner
253,342,7.689250,2.538369,100,inner
233,513,6.689250,11.088369,100,inner
200,336,5.039250,2.238369,100,inner
204,486,5.239250,9.738369,100,inner
401,97,15.089250,-9.711632,100,inner
497,330,19.889250,1.938369,100,inner
230,215,6.539250,-3.811632,100,inner
457,257,17.889250,-1.711632,100,inner
174,463,3.739250,8.588369,100,inner
315,173,10.789250,-5.911632,100,inner
386,462,14.339250,8.538369,100,inner
78,346,-1.060750,2.738369,100,inner
407,256,15.389250,-1.761632,100,inner
204,342,5.239250,2.538369,100,inner
380,159,14.039250,-6.611632,100,inner
325,223,11.289250,-3.411632,100,inner
444,323,17.239250,1.588369,100,inner
476,392,18.839250,5.038369,100,inner
316,174,10.839250,-5.861632,100,inner
367,485,13.389250,9.688369,100,inner
308,170,10.439250,-6.061632,100,inner
79,347,-1.010750,2.788369,100,inner
218,505,5.939250,10.688369,100,inner
408,257,15.439250,-1.711632,100,inner
433,430,16.689250,6.938369,100,inner
291,346,9.589250,2.738369,100,inner
82,352,-0.860750,3.038369,100,inner
446,369,17.339250,3.888369,100,inner
263,513,8.189250,11.088369,100,inner
231,215,6.589250,-3.811632,100,inner
143,331,2.189250,1.988369,100,inner
250,165,7.539250,-6.311632,100,inner
274,522,8.739250,11.538369,100,inner
430,132,16.539250,-7.961632,100,inner
475,283,18.789250,-0.411632,100,inner
436,175,16.839250,-5.811632,100,inner
405,453,15.289250,8.088369,100,inner
156,386,2.839250,4.738369,100,inner
251,166,7.589250,-6.261632,100,inner
419,122,15.989250,-8.461632,100,inner
437,176,16.889250,-5.761632,100,inner
268,218,8.439250,-3.661632,100,inner
331,503,11.589250,10.588369,100,inner
264,513,8.239250,11.088369,100,inner
486,297,19.339250,0.288368,100,inner
169,361,3.489250,3.488369,100,inner
276,344,8.839250,2.638369,100,inner
132,330,1.639250,1.938369,100,inner
118,395,0.939250,5.188369,100,inner
447,342,17.389250,2.538369,100,inner
433,407,16.689250,5.788369,100,inner
259,520,7.989250,11.438369,100,inner
359,229,12.989250,-3.111632,100,inner
406,453,15.339250,8.088369,100,inner
200,205,5.039250,-4.311632,100,inner
487,378,19.389250,4.338369,100,inner
211,214,5.589250,-3.861632,100,inner
431,217,16.589250,-3.711632,100,inner
490,303,19.539250,0.588368,100,inner
223,188,6.189250,-5.161632,100,inner
437,297,16.889250,0.288368,100,inner
240,506,7.039250,10.738369,100,inner
119,396,0.989250,5.238369,100,inner
434,408,16.739250,5.838369,100,inner
333,176,11.689250,-5.761632,100,inner
306,222,10.339250,-3.461632,100,inner
163,439,3.189250,7.388369,100,inner
218,338,5.939250,2.338369,100,inner
124,331,1.239250,1.988369,100,inner
432,218,16.639250,-3.661632,100,inner
294,513,9.739250,11.088369,100,inner
443,313,17.189250,1.088368,100,inner
173,452,3.689250,8.038369,100,inner
248,217,7.439250,-3.711632,100,inner
233,503,6.689250,10.588369,100,inner
388,148,14.439250,-7.161632,100,inner
225,499,6.289250,10.388369,100,inner
144,425,2.239250,6.688369,100,inner
334,177,11.739250,-5.711632,100,inner
217,495,5.889250,10.188369,100,inner
448,162,17.439250,-6.461632,100,inner
438,234,16.939250,-2.861632,100,inner
155,440,2.789250,7.438369,100,inner
483,385,19.189250,4.688369,100,inner
174,453,3.739250,8.088369,100,inner
161,334,3.089250,2.138369,100,inner
429,414,16.489250,6.138369,100,inner
320,507,11.039250,10.788369,100,inner
374,478,13.739250,9.338369,100,inner
59,323,-2.010750,1.588369,100,inner
441,388,17.089250,4.838369,100,inner
495,359,19.789250,3.388369,100,inner
496,324,19.839250,1.638369,100,inner
439,235,16.989250,-2.811632,100,inner
385,78,14.289250,-10.661632,100,inner
256,342,7.839250,2.538369,100,inner
318,174,10.939250,-5.861632,100,inner
392,123,14.639250,-8.411632,100,inner
431,194,16.589250,-4.861632,100,inner
442,240,17.139250,-2.561632,100,inner
180,469,4.039250,8.888369,100,inner
441,424,17.089250,6.638369,100,inner
218,495,5.939250,10.188369,100,inner
395,128,14.789250,-8.161632,100,inner
210,491,5.539250,9.988369,100,inner
324,513,11.239250,11.088369,100,inner
63,329,-1.810750,1.888369,100,inner
360,170,13.039250,-6.061632,100,inner
390,458,14.539250,8.338369,100,inner
446,359,17.339250,3.388369,100,inner
367,66,13.389250,-11.261632,100,inner
386,79,14.339250,-10.611632,100,inner
257,343,7.889250,2.588369,100,inner
378,75,13.939250,-10.811632,100,inner
155,332,2.789250,2.038369,100,inner
221,506,6.089250,10.738369,100,inner
60,323,-1.960750,1.588369,100,inner
213,502,5.689250,10.538369,100,inner
207,342,5.389250,2.538369,100,inner
184,475,4.239250,9.188369,100,inner
414,263,15.739250,-1.411632,100,inner
328,223,11.439250,-3.411632,100,inner
413,447,15.689250,7.788369,100,inner
425,421,16.289250,6.488369,100,inner
202,492,5.139250,10.038369,100,inner
362,481,13.139250,9.488369,100,inner
392,244,14.639250,-2.361632,100,inner
230,182,6.539250,-5.461632,100,inner
74,343,-1.260750,2.588369,100,inner
294,346,9.739250,2.738369,100,inner
266,513,8.339250,11.088369,100,inner
192,335,4.639250,2.188369,100,inner
253,165,7.689250,-6.311632,100,inner
440,171,17.039250,-6.011632,100,inner
277,522,8.889250,11.538369,100,inner
467,274,18.389250,-0.861632,100,inner
422,123,16.139250,-8.411632,100,inner
343,504,12.189250,10.638369,100,inner
478,283,18.939250,-0.411632,100,inner
363,482,13.189250,9.538369,100,inner
96,367,-0.160750,3.788369,100,inner
309,511,10.489250,10.988369,100,inner
160,382,3.039250,4.538369,100,inner
214,502,5.739250,10.538369,100,inner
134,330,1.739250,1.938369,100,inner
425,277,16.289250,-0.711632,100,inner
271,219,8.589250,-3.611632,100,inner
409,449,15.489250,7.888369,100,inner
99,372,-0.010750,4.038369,100,inner
428,282,16.439250,-0.461632,100,inner
415,263,15.789250,-1.411632,100,inner
411,113,15.589250,-8.911632,100,inner
447,152,17.389250,-6.961632,100,inner
446,336,17.339250,2.238369,100,inner
285,153,9.289250,-6.911632,100,inner
479,284,18.989250,-0.361632,100,inner
317,222,10.889250,-3.461632,100,inner
231,182,6.589250,-5.461632,100,inner
195,345,4.789250,2.688369,100,inner
100,373,0.039250,4.088369,100,inner
429,283,16.489250,-0.411632,100,inner
369,232,13.489250,-2.961632,100,inner
349,174,12.489250,-5.861632,100,inner
435,177,16.789250,-5.711632,100,inner
110,386,0.539250,4.738369,100,inner
230,339,6.539250,2.388369,100,inner
296,513,9.839250,11.088369,100,inner
135,330,1.789250,1.938369,100,inner
362,229,13.139250,-3.111632,100,inner
436,178,16.839250,-5.661632,100,inner
214,214,5.739250,-3.861632,100,inner
191,347,4.589250,2.788369,100,inner
397,452,14.889250,8.038369,100,inner
387,142,14.389250,-7.461632,100,inner
168,363,3.439250,3.588369,100,inner
336,176,11.839250,-5.761632,100,inner
448,417,17.439250,6.288369,100,inner
267,342,8.389250,2.538369,100,inner
172,333,3.639250,2.088369,100,inner
368,165,13.439250,-6.311632,100,inner
199,207,4.989250,-4.211632,100,inner
250,518,7.539250,11.338369,100,inner
346,226,12.339250,-3.261632,100,inner
265,152,8.289250,-6.961632,100,inner
136,416,1.839250,6.238369,100,inner
392,113,14.639250,-8.911632,100,inner
337,177,11.889250,-5.711632,100,inner
180,459,4.039250,8.388369,100,inner
139,421,1.989250,6.488369,100,inner
326,513,11.339250,11.088369,100,inner
395,118,14.789250,-8.661632,100,inner
420,440,16.039250,7.438369,100,inner
446,349,17.339250,2.888369,100,inner
115,329,0.789250,1.888369,100,inner
323,507,11.189250,10.788369,100,inner
432,185,16.639250,-5.311632,100,inner
62,323,-1.860750,1.588369,100,inner
140,422,2.039250,6.538369,100,inner
442,315,17.139250,1.188368,100,inner
213,492,5.689250,10.038369,100,inner
363,171,13.189250,-6.011632,100,inner
377,69,13.889250,-11.111632,100,inner
184,465,4.239250,8.688369,100,inner
413,437,15.689250,7.288369,100,inner
210,337,5.539250,2.288369,100,inner
350,497,12.539250,10.288369,100,inner
116,330,0.839250,1.938369,100,inner
288,522,9.439250,11.538369,100,inner
238,176,6.939250,-5.761632,100,inner
155,407,2.789250,5.788369,100,inner
428,416,16.439250,6.238369,100,inner
443,316,17.189250,1.238368,100,inner
180,351,4.039250,2.988369,100,inner
165,451,3.289250,7.988369,100,inner
289,221,9.489250,-3.511632,100,inner
494,361,19.739250,3.488369,100,inner
440,390,17.039250,4.938369,100,inner
261,159,8.089250,-6.611632,100,inner
430,197,16.539250,-4.711632,100,inner
370,66,13.539250,-11.261632,100,inner
359,173,12.989250,-5.911632,100,inner
459,260,17.989250,-1.561632,100,inner
214,492,5.739250,10.038369,100,inner
342,498,12.139250,10.338369,100,inner
206,488,5.339250,9.838369,100,inner
100,327,0.039250,1.788369,100,inner
408,443,15.439250,7.588369,100,inner
441,391,17.089250,4.988369,100,inner
234,178,6.739250,-5.661632,100,inner
345,503,12.289250,10.588369,100,inner
448,250,17.439250,-2.061632,100,inner
460,261,18.039250,-1.511632,100,inner
311,510,10.589250,10.938369,100,inner
446,326,17.339250,1.738369,100,inner
209,499,5.489250,10.388369,100,inner
392,126,14.639250,-8.261632,100,inner
431,197,16.589250,-4.711632,100,inner
80,348,-0.960750,2.838369,100,inner
389,466,14.489250,8.738369,100,inner
455,411,17.789250,5.988369,100,inner
395,131,14.789250,-8.011632,100,inner
338,500,11.939250,10.438369,100,inner
407,105,15.389250,-9.311632,100,inner
404,445,15.239250,7.688369,100,inner
380,237,14.039250,-2.711632,100,inner
424,423,16.239250,6.588369,100,inner
372,233,13.639250,-2.911632,100,inner
176,358,3.839250,3.338369,100,inner
315,516,10.789250,11.238369,100,inner
81,349,-0.910750,2.888369,100,inner
410,259,15.539250,-1.611632,100,inner
154,419,2.739250,6.388369,100,inner
418,120,15.939250,-8.561632,100,inner
199,341,4.989250,2.488369,100,inner
320,222,11.039250,-3.461632,100,inner
206,200,5.339250,-4.561632,100,inner
405,446,15.289250,7.738369,100,inner
138,331,1.939250,1.988369,100,inner
437,398,16.889250,5.338369,100,inner
450,417,17.539250,6.288369,100,inner
430,210,16.539250,-4.061632,100,inner
361,488,13.089250,9.838369,100,inner
286,345,9.339250,2.688369,100,inner
158,425,2.939250,6.688369,100,inner
207,201,5.389250,-4.511632,100,inner
233,339,6.689250,2.388369,100,inner
258,512,7.939250,11.038369,100,inner
488,300,19.439250,0.438368,100,inner
422,126,16.139250,-8.261632,100,inner
269,521,8.489250,11.488369,100,inner
373,233,13.689250,-2.911632,100,inner
117,393,0.889250,5.088369,100,inner
263,218,8.189250,-3.661632,100,inner
175,334,3.789250,2.138369,100,inner
120,398,1.039250,5.338369,100,inner
80,325,-0.960750,1.688369,100,inner
334,507,11.739250,10.788369,100,inner
370,164,13.539250,-6.361632,100,inner
489,301,19.489250,0.488368,100,inner
395,108,14.789250,-9.161632,100,inner
251,509,7.589250,10.888369,100,inner
420,430,16.039250,6.938369,100,inner
205,213,5.289250,-3.911632,100,inner
446,339,17.339250,2.388369,100,inner
492,306,19.639250,0.738368,100,inner
303,519,10.189250,11.388369,100,inner
229,341,6.489250,2.488369,100,inner
270,342,8.539250,2.538369,100,inner
245,169,7.289250,-6.111632,100,inner
121,399,1.089250,5.388369,100,inner
81,326,-0.910750,1.738369,100,inner
444,378,17.239250,4.338369,100,inner
444,149,17.239250,-7.111632,100,inner
300,221,10.039250,-3.511632,100,inner
386,144,14.339250,-7.361632,100,inner
162,436,3.139250,7.238369,100,inner
254,519,7.739250,11.388369,100,inner
146,428,2.339250,6.838369,100,inner
165,441,3.289250,7.488369,100,inner
301,222,10.089250,-3.461632,100,inner
495,316,19.789250,1.238368,100,inner
206,213,5.339250,-3.911632,100,inner
118,329,0.939250,1.888369,100,inner
176,456,3.839250,8.238369,100,inner
235,505,6.789250,10.688369,100,inner
227,501,6.389250,10.488369,100,inner
308,346,10.439250,2.738369,100,inner
437,231,16.889250,-3.011632,100,inner
384,76,14.239250,-10.761632,100,inner
353,497,12.689250,10.288369,100,inner
119,330,0.989250,1.938369,100,inner
419,442,15.989250,7.538369,100,inner
157,442,2.889250,7.538369,100,inner
338,225,11.939250,-3.311632,100,inner
243,216,7.189250,-3.761632,100,inner
209,489,5.489250,9.888369,100,inner
228,502,6.439250,10.538369,100,inner
61,325,-1.910750,1.688369,100,inner
309,347,10.489250,2.788369,100,inner
346,494,12.339250,10.138369,100,inner
382,151,14.139250,-7.011632,100,inner
388,82,14.439250,-10.461632,100,inner
320,176,11.039250,-5.761632,100,inner
251,342,7.589250,2.538369,100,inner
369,477,13.489250,9.288369,100,inner
62,326,-1.860750,1.738369,100,inner
182,471,4.139250,8.988369,100,inner
398,95,14.939250,-9.811632,100,inner
369,68,13.489250,-11.161632,100,inner
214,194,5.739250,-4.861632,100,inner
72,339,-1.360750,2.388369,100,inner
158,379,2.939250,4.388369,100,inner
231,512,6.589250,11.038369,100,inner
313,173,10.689250,-5.911632,100,inner
157,334,2.889250,2.138369,100,inner
183,472,4.189250,9.038369,100,inner
223,508,6.189250,10.838369,100,inner
384,462,14.239250,8.538369,100,inner
305,169,10.289250,-6.111632,100,inner
399,96,14.989250,-9.761632,100,inner
155,410,2.789250,5.938369,100,inner
416,265,15.839250,-1.311632,100,inner
288,345,9.439250,2.688369,100,inner
281,220,9.089250,-3.561632,100,inner
76,345,-1.160750,2.688369,100,inner
445,328,17.289250,1.838369,100,inner
393,138,14.689250,-7.661632,100,inner
417,266,15.889250,-1.261632,100,inner
388,468,14.439250,8.838369,100,inner
350,176,12.539250,-5.761632,100,inner
424,125,16.239250,-8.311632,100,inner
141,331,2.089250,1.988369,100,inner
454,413,17.739250,6.088369,100,inner
469,276,18.489250,-0.761632,100,inner
272,522,8.639250,11.538369,100,inner
427,279,16.389250,-0.611632,100,inner
101,374,0.089250,4.138369,100,inner
289,345,9.489250,2.688369,100,inner
425,126,16.289250,-8.261632,100,inner
261,512,8.089250,11.038369,100,inner
470,277,18.539250,-0.711632,100,inner
374,160,13.739250,-6.561632,100,inner
426,436,16.339250,7.238369,100,inner
266,218,8.339250,-3.661632,100,inner
102,375,0.139250,4.188369,100,inner
431,285,16.589250,-0.311632,100,inner
337,507,11.889250,10.788369,100,inner
329,503,11.489250,10.588369,100,inner
155,387,2.789250,4.788369,100,inner
208,213,5.439250,-3.911632,100,inner
442,151,17.139250,-7.011632,100,inner
306,519,10.339250,11.388369,100,inner
232,341,6.639250,2.488369,100,inner
389,145,14.489250,-7.311632,100,inner
130,330,1.539250,1.938369,100,inner
190,344,4.539250,2.638369,100,inner
330,504,11.539250,10.638369,100,inner
376,471,13.839250,8.988369,100,inner
391,105,14.589250,-9.311632,100,inner
303,221,10.189250,-3.511632,100,inner
443,381,17.189250,4.488369,100,inner
470,398,18.539250,5.338369,100,inner
333,509,11.689250,10.888369,100,inner
443,152,17.189250,-6.961632,100,inner
221,188,6.089250,-5.161632,100,inner
419,432,15.989250,7.038369,100,inner
291,512,9.589250,11.038369,100,inner
138,419,1.939250,6.388369,100,inner
447,351,17.389250,2.988369,100,inner
238,506,6.939250,10.738369,100,inner
433,187,16.689250,-5.211632,100,inner
438,302,16.939250,0.538368,100,inner
269,344,8.489250,2.638369,100,inner
304,222,10.239250,-3.461632,100,inner
370,167,13.539250,-6.211632,100,inner
153,398,2.689250,5.338369,100,inner
165,372,3.289250,4.038369,100,inner
246,217,7.339250,-3.711632,100,inner
433,223,16.689250,-3.411632,100,inner
163,448,3.189250,7.838369,100,inner
385,146,14.289250,-7.261632,100,inner
182,461,4.139250,8.488369,100,inner
311,346,10.589250,2.738369,100,inner
465,404,18.289250,5.638369,100,inner
446,162,17.339250,-6.461632,100,inner
122,330,1.139250,1.938369,100,inner
435,232,16.789250,-2.961632,100,inner
341,225,12.089250,-3.311632,100,inner
441,312,17.089250,1.038368,100,inner
159,334,2.989250,2.138369,100,inner
231,502,6.589250,10.538369,100,inner
204,485,5.239250,9.688369,100,inner
392,456,14.639250,8.238369,100,inner
183,462,4.189250,8.538369,100,inner
223,498,6.189250,10.338369,100,inner
215,494,5.789250,10.138369,100,inner
380,73,14.039250,-10.911632,100,inner
395,461,14.789250,8.488369,100,inner
497,329,19.889250,1.888369,100,inner
461,406,18.089250,5.738369,100,inner
323,176,11.189250,-5.761632,100,inner
213,341,5.689250,2.488369,100,inner
193,475,4.689250,9.188369,100,inner
254,342,7.739250,2.538369,100,inner
205,337,5.289250,2.288369,100,inner
436,233,16.839250,-2.911632,100,inner
441,168,17.089250,-6.161632,100,inner
216,495,5.839250,10.188369,100,inner
182,353,4.139250,3.088369,100,inner
405,102,15.289250,-9.461632,100,inner
161,379,3.089250,4.388369,100,inner
450,253,17.539250,-1.911632,100,inner
461,262,18.089250,-1.461632,100,inner
447,364,17.389250,3.638369,100,inner
381,153,14.089250,-6.911632,100,inner
178,468,3.939250,8.838369,100,inner
408,256,15.439250,-1.761632,100,inner
433,429,16.689250,6.888369,100,inner
300,165,10.039250,-6.311632,100,inner
82,351,-0.860750,2.988369,100,inner
373,69,13.689250,-11.111632,100,inner
451,254,17.589250,-1.861632,100,inner
153,411,2.689250,5.988369,100,inner
289,155,9.489250,-6.811632,100,inner
462,263,18.139250,-1.411632,100,inner
200,492,5.039250,10.038369,100,inner
219,505,5.989250,10.688369,100,inner
434,430,16.739250,6.938369,100,inner
301,166,10.089250,-6.261632,100,inner
292,346,9.639250,2.738369,100,inner
83,352,-0.810750,3.038369,100,inner
197,337,4.889250,2.288369,100,inner
419,121,15.989250,-8.511632,100,inner
275,522,8.789250,11.538369,100,inner
477,391,18.889250,4.988369,100,inner
390,94,14.539250,-9.861632,100,inner
290,156,9.539250,-6.761632,100,inner
93,365,-0.310750,3.688369,100,inner
274,148,8.739250,-7.161632,100,inner
264,512,8.239250,11.038369,100,inner
430,432,16.539250,7.038369,100,inner
497,342,19.889250,2.538369,100,inner
423,127,16.189250,-8.211632,100,inner
140,333,2.039250,2.088369,100,inner
429,207,16.489250,-4.211632,100,inner
447,341,17.389250,2.488369,100,inner
332,503,11.639250,10.588369,100,inner
406,452,15.339250,8.038369,100,inner
157,422,2.889250,6.538369,100,inner
359,228,12.989250,-3.161632,100,inner
252,165,7.639250,-6.311632,100,inner
235,341,6.789250,2.488369,100,inner
490,302,19.539250,0.538368,100,inner
468,400,18.439250,5.438369,100,inner
133,330,1.689250,1.938369,100,inner
119,395,0.989250,5.188369,100,inner
434,407,16.739250,5.788369,100,inner
394,105,14.739250,-9.311632,100,inner
306,221,10.339250,-3.511632,100,inner
163,438,3.189250,7.338369,100,inner
212,214,5.639250,-3.861632,100,inner
75,325,-1.210750,1.688369,100,inner
491,303,19.589250,0.588368,100,inner
360,228,13.039250,-3.161632,100,inner
388,147,14.439250,-7.211632,100,inner
334,176,11.739250,-5.761632,100,inner
178,337,3.939250,2.288369,100,inner
123,401,1.189250,5.488369,100,inner
170,333,3.539250,2.088369,100,inner
442,383,17.139250,4.588369,100,inner
249,217,7.489250,-3.711632,100,inner
174,452,3.739250,8.038369,100,inner
352,489,12.639250,9.888369,100,inner
220,190,6.039250,-5.061632,100,inner
226,499,6.339250,10.388369,100,inner
177,457,3.889250,8.288369,100,inner
76,325,-1.160750,1.688369,100,inner
248,517,7.439250,11.288369,100,inner
215,340,5.789250,2.438369,100,inner
344,225,12.239250,-3.311632,100,inner
295,220,9.789250,-3.561632,100,inner
375,478,13.789250,9.338369,100,inner
113,329,0.689250,1.888369,100,inner
321,507,11.089250,10.788369,100,inner
442,239,17.139250,-2.611632,100,inner
441,423,17.089250,6.588369,100,inner
447,354,17.389250,3.138369,100,inner
159,445,2.989250,7.688369,100,inner
178,458,3.939250,8.338369,100,inner
335,176,11.789250,-5.761632,100,inner
390,457,14.539250,8.288369,100,inner
258,158,7.939250,-6.661632,100,inner
208,337,5.439250,2.288369,100,inner
153,401,2.689250,5.488369,100,inner
384,154,14.239250,-6.861632,100,inner
200,482,5.039250,9.538369,100,inner
480,387,19.039250,4.788369,100,inner
211,491,5.589250,9.988369,100,inner
325,513,11.289250,11.088369,100,inner
371,480,13.589250,9.438369,100,inner
317,509,10.889250,10.888369,100,inner
391,458,14.589250,8.338369,100,inner
361,170,13.089250,-6.061632,100,inner
453,253,17.689250,-1.911632,100,inner
303,345,10.189250,2.688369,100,inner
371,71,13.589250,-11.011632,100,inner
390,84,14.539250,-10.361632,100,inner
314,174,10.739250,-5.861632,100,inner
333,224,11.689250,-3.361632,100,inner
200,338,5.039250,2.338369,100,inner
64,328,-1.760750,1.838369,100,inner
401,99,15.089250,-9.611632,100,inner
203,343,5.189250,2.588369,100,inner
357,172,12.889250,-5.961632,100,inner
497,332,19.889250,2.038369,100,inner
309,510,10.489250,10.938369,100,inner
160,381,3.039250,4.488369,100,inner
475,393,18.789250,5.088369,100,inner
296,162,9.839250,-6.461632,100,inner
185,474,4.289250,9.138369,100,inner
307,171,10.389250,-6.011632,100,inner
151,332,2.589250,2.038369,100,inner
78,348,-1.060750,2.838369,100,inner
254,165,7.739250,-6.311632,100,inner
382,85,14.139250,-10.311632,100,inner
278,522,8.939250,11.538369,100,inner
385,90,14.289250,-10.061632,100,inner
426,128,16.339250,-8.161632,100,inner
444,325,17.239250,1.688369,100,inner
277,148,8.889250,-7.161632,100,inner
476,394,18.839250,5.138369,100,inner
297,163,9.889250,-6.411632,100,inner
207,498,5.389250,10.338369,100,inner
100,372,0.039250,4.038369,100,inner
429,282,16.489250,-0.461632,100,inner
79,349,-1.010750,2.888369,100,inner
308,172,10.439250,-5.961632,100,inner
305,512,10.289250,11.038369,100,inner
419,268,15.989250,-1.161632,100,inner
344,503,12.239250,10.588369,100,inner
446,371,17.339250,3.988369,100,inner
386,91,14.339250,-10.011632,100,inner
318,222,10.939250,-3.461632,100,inner
255,511,7.789250,10.988369,100,inner
250,167,7.539250,-6.211632,100,inner
483,289,19.189250,-0.111632,100,inner
370,232,13.539250,-2.961632,100,inner
289,158,9.489250,-6.661632,100,inner
227,183,6.389250,-5.411632,100,inner
104,378,0.239250,4.338369,100,inner
433,288,16.689250,-0.161632,100,inner
345,175,12.289250,-5.811632,100,inner
397,451,14.889250,7.988369,100,inner
297,513,9.889250,11.088369,100,inner
136,330,1.839250,1.938369,100,inner
168,362,3.439250,3.538369,100,inner
267,521,8.389250,11.488369,100,inner
382,471,14.139250,8.988369,100,inner
363,229,13.189250,-3.111632,100,inner
192,347,4.639250,2.788369,100,inner
78,325,-1.060750,1.688369,100,inner
157,389,2.889250,4.888369,100,inner
256,511,7.839250,10.988369,100,inner
337,176,11.889250,-5.761632,100,inner
436,298,16.839250,0.338368,100,inner
173,333,3.689250,2.088369,100,inner
447,344,17.389250,2.638369,100,inner
79,326,-1.010750,1.738369,100,inner
433,409,16.689250,5.888369,100,inner
251,518,7.589250,11.338369,100,inner
398,451,14.939250,7.988369,100,inner
446,348,17.339250,2.838369,100,inner
203,212,5.189250,-3.961632,100,inner
431,219,16.589250,-3.611632,100,inner
432,184,16.639250,-5.361632,100,inner
437,299,16.889250,0.388368,100,inner
293,514,9.689250,11.138369,100,inner
140,421,2.039250,6.488369,100,inner
174,334,3.739250,2.138369,100,inner
440,304,17.039250,0.638368,100,inner
184,464,4.239250,8.638369,100,inner
218,340,5.939250,2.438369,100,inner
305,345,10.289250,2.688369,100,inner
204,213,5.239250,-3.911632,100,inner
116,329,0.839250,1.888369,100,inner
370,474,13.539250,9.138369,100,inner
196,209,4.839250,-4.111632,100,inner
371,61,13.589250,-11.511632,100,inner
141,422,2.089250,6.538369,100,inner
443,315,17.189250,1.188368,100,inner
327,512,11.389250,11.038369,100,inner
319,508,10.989250,10.838369,100,inner
252,518,7.639250,11.338369,100,inner
144,427,2.239250,6.788369,100,inner
211,337,5.589250,2.288369,100,inner
117,330,0.889250,1.938369,100,inner
438,236,16.939250,-2.761632,100,inner
429,416,16.489250,6.238369,100,inner
290,221,9.539250,-3.511632,100,inner
241,216,7.089250,-3.761632,100,inner
440,425,17.039250,6.688369,100,inner
441,390,17.089250,4.938369,100,inner
496,326,19.839250,1.738369,100,inner
306,345,10.339250,2.688369,100,inner
382,75,14.139250,-10.811632,100,inner
289,521,9.489250,11.488369,100,inner
431,196,16.589250,-4.761632,100,inner
336,224,11.839250,-3.361632,100,inner
248,340,7.439250,2.438369,100,inner
383,156,14.189250,-6.761632,100,inner
207,488,5.389250,9.838369,100,inner
154,333,2.739250,2.088369,100,inner
392,125,14.639250,-8.311632,100,inner
375,72,13.789250,-10.961632,100,inner
360,172,13.039250,-5.961632,100,inner
412,448,15.639250,7.838369,100,inner
446,361,17.339250,3.488369,100,inner
407,104,15.389250,-9.361632,100,inner
258,161,7.939250,-6.511632,100,inner
452,255,17.639250,-1.811632,100,inner
274,514,8.739250,11.138369,100,inner
310,171,10.539250,-6.011632,100,inner
464,266,18.239250,-1.261632,100,inner
410,258,15.539250,-1.661632,100,inner
235,177,6.789250,-5.711632,100,inner
389,92,14.489250,-9.961632,100,inner
279,220,8.989250,-3.561632,100,inner
453,256,17.689250,-1.761632,100,inner
425,423,16.289250,6.588369,100,inner
316,516,10.839250,11.238369,100,inner
362,483,13.139250,9.588369,100,inner
181,471,4.089250,8.988369,100,inner
437,397,16.889250,5.288369,100,inner
411,259,15.589250,-1.611632,100,inner
456,410,17.839250,5.938369,100,inner
491,368,19.589250,3.838369,100,inner
311,172,10.589250,-5.961632,100,inner
430,209,16.539250,-4.111632,100,inner
85,354,-0.710750,3.138369,100,inner
286,344,9.339250,2.638369,100,inner
158,424,2.939250,6.638369,100,inner
339,499,11.989250,10.388369,100,inner
258,511,7.939250,10.988369,100,inner
321,222,11.089250,-3.461632,100,inner
422,125,16.139250,-8.311632,100,inner
96,369,-0.160750,3.888369,100,inner
134,332,1.739250,2.038369,100,inner
172,358,3.639250,3.338369,100,inner
287,345,9.389250,2.688369,100,inner
348,175,12.439250,-5.811632,100,inner
259,512,7.989250,11.038369,100,inner
489,300,19.489250,0.438368,100,inner
270,521,8.539250,11.488369,100,inner
445,373,17.289250,4.088369,100,inner
446,338,17.339250,2.338369,100,inner
426,131,16.339250,-8.011632,100,inner
203,202,5.189250,-4.461632,100,inner
176,334,3.839250,2.138369,100,inner
121,398,1.089250,5.338369,100,inner
81,325,-0.910750,1.688369,100,inner
349,176,12.489250,-5.761632,100,inner
436,144,16.839250,-7.361632,100,inner
447,419,17.389250,6.388369,100,inner
304,519,10.239250,11.388369,100,inner
230,341,6.539250,2.488369,100,inner
271,342,8.589250,2.538369,100,inner
162,435,3.139250,7.188369,100,inner
381,473,14.089250,9.088369,100,inner
437,145,16.889250,-7.311632,100,inner
165,440,3.289250,7.438369,100,inner
125,404,1.289250,5.638369,100,inner
301,221,10.089250,-3.511632,100,inner
448,154,17.439250,-6.861632,100,inner
367,166,13.389250,-6.261632,100,inner
198,208,4.939250,-4.161632,100,inner
425,436,16.289250,7.238369,100,inner
417,432,15.889250,7.038369,100,inner
242,171,7.139250,-6.011632,100,inner
207,213,5.389250,-3.911632,100,inner
119,329,0.989250,1.888369,100,inner
70,324,-1.460750,1.638369,100,inner
392,115,14.639250,-8.811632,100,inner
228,501,6.439250,10.488369,100,inner
220,497,6.039250,10.288369,100,inner
309,346,10.489250,2.738369,100,inner
214,337,5.739250,2.288369,100,inner
463,404,18.189250,5.638369,100,inner
388,81,14.439250,-10.511632,100,inner
412,438,15.639250,7.338369,100,inner
446,351,17.339250,2.988369,100,inner
244,216,7.239250,-3.761632,100,inner
161,447,3.089250,7.788369,100,inner
237,177,6.889250,-5.711632,100,inner
221,498,6.089250,10.338369,100,inner
179,352,3.989250,3.038369,100,inner
389,82,14.489250,-10.461632,100,inner
413,439,15.689250,7.388369,100,inner
243,516,7.189250,11.238369,100,inner
321,176,11.089250,-5.761632,100,inner
339,224,11.989250,-3.361632,100,inner
350,499,12.539250,10.388369,100,inner
108,328,0.439250,1.838369,100,inner
202,484,5.139250,9.638369,100,inner
162,448,3.139250,7.838369,100,inner
416,444,15.839250,7.638369,100,inner
155,409,2.789250,5.888369,100,inner
428,418,16.439250,6.338369,100,inner
443,318,17.189250,1.338369,100,inner
66,331,-1.660750,1.988369,100,inner
281,219,9.089250,-3.611632,100,inner
494,363,19.739250,3.588369,100,inner
440,392,17.039250,5.038369,100,inner
252,341,7.639250,2.488369,100,inner
277,514,8.889250,11.138369,100,inner
216,504,5.839250,10.638369,100,inner
202,340,5.139250,2.438369,100,inner
187,477,4.389250,9.288369,100,inner
417,265,15.889250,-1.311632,100,inner
194,336,4.739250,2.238369,100,inner
282,220,9.139250,-3.561632,100,inner
456,256,17.839250,-1.761632,100,inner
454,412,17.739250,6.038369,100,inner
384,88,14.239250,-10.161632,100,inner
403,101,15.189250,-9.511632,100,inner
287,155,9.389250,-6.811632,100,inner
77,345,-1.110750,2.688369,100,inner
446,328,17.339250,1.838369,100,inner
406,255,15.339250,-1.811632,100,inner
224,215,6.239250,-3.811632,100,inner
423,424,16.189250,6.638369,100,inner
298,164,9.939250,-6.361632,100,inner
175,359,3.789250,3.388369,100,inner
289,344,9.489250,2.638369,100,inner
80,350,-0.960750,2.938369,100,inner
314,517,10.739250,11.288369,100,inner
351,176,12.589250,-5.761632,100,inner
431,199,16.589250,-4.611632,100,inner
421,271,16.089250,-1.011632,100,inner
428,130,16.439250,-8.061632,100,inner
366,484,13.339250,9.638369,100,inner
319,223,10.989250,-3.411632,100,inner
473,281,18.689250,-0.511632,100,inner
404,447,15.239250,7.788369,100,inner
137,332,1.889250,2.038369,100,inner
272,148,8.639250,-7.161632,100,inner
424,425,16.239250,6.688369,100,inner
299,165,9.989250,-6.311632,100,inner
485,292,19.289250,0.038368,100,inner
290,345,9.539250,2.688369,100,inner
436,399,16.839250,5.388369,100,inner
429,131,16.489250,-8.011632,100,inner
474,282,18.739250,-0.461632,100,inner
364,230,13.239250,-3.061632,100,inner
330,503,11.539250,10.588369,100,inner
155,422,2.789250,6.538369,100,inner
430,212,16.539250,-3.961632,100,inner
300,511,10.039250,10.988369,100,inner
106,380,0.339250,4.438369,100,inner
391,104,14.589250,-9.361632,100,inner
333,508,11.689250,10.838369,100,inner
361,490,13.089250,9.938369,100,inner
158,427,2.939250,6.788369,100,inner
233,341,6.689250,2.488369,100,inner
427,435,16.389250,7.188369,100,inner
250,510,7.539250,10.938369,100,inner
419,431,15.989250,6.988369,100,inner
438,301,16.939250,0.488368,100,inner
357,227,12.889250,-3.211632,100,inner
304,221,10.239250,-3.511632,100,inner
334,509,11.739250,10.888369,100,inner
326,505,11.339250,10.688369,100,inner
395,110,14.789250,-9.061632,100,inner
292,512,9.639250,11.038369,100,inner
447,157,17.389250,-6.711632,100,inner
357,492,12.889250,10.038369,100,inner
433,222,16.689250,-3.461632,100,inner
377,470,13.889250,8.938369,100,inner
439,302,16.989250,0.538368,100,inner
270,344,8.539250,2.638369,100,inner
142,424,2.139250,6.638369,100,inner
245,171,7.289250,-6.011632,100,inner
444,380,17.239250,4.438369,100,inner
122,329,1.139250,1.888369,100,inner
187,346,4.389250,2.738369,100,inner
73,324,-1.310750,1.638369,100,inner
448,350,17.439250,2.938369,100,inner
186,350,4.339250,2.938369,100,inner
247,217,7.389250,-3.711632,100,inner
416,434,15.839250,7.138369,100,inner
288,514,9.439250,11.138369,100,inner
155,399,2.789250,5.388369,100,inner
349,493,12.489250,10.088369,100,inner
246,517,7.339250,11.288369,100,inner
307,347,10.389250,2.788369,100,inner
495,318,19.789250,1.338369,100,inner
342,225,12.139250,-3.311632,100,inner
352,498,12.639250,10.338369,100,inner
205,336,5.289250,2.238369,100,inner
143,424,2.189250,6.638369,100,inner
216,494,5.839250,10.138369,100,inner
396,461,14.839250,8.488369,100,inner
187,467,4.389250,8.788369,100,inner
384,78,14.239250,-10.661632,100,inner
482,384,19.139250,4.638369,100,inner
111,328,0.589250,1.838369,100,inner
213,196,5.689250,-4.761632,100,inner
381,152,14.089250,-6.961632,100,inner
163,375,3.189250,4.188369,100,inner
61,327,-1.910750,1.788369,100,inner
389,458,14.489250,8.338369,100,inner
153,410,2.689250,5.938369,100,inner
301,345,10.089250,2.688369,100,inner
368,484,13.439250,9.638369,100,inner
409,107,15.489250,-9.211632,100,inner
454,258,17.739250,-1.661632,100,inner
285,220,9.289250,-3.561632,100,inner
182,473,4.139250,9.088369,100,inner
62,328,-1.860750,1.838369,100,inner
387,88,14.389250,-10.161632,100,inner
377,74,13.889250,-10.861632,100,inner
201,343,5.089250,2.588369,100,inner
227,215,6.389250,-3.811632,100,inner
455,259,17.789250,-1.611632,100,inner
212,501,5.639250,10.488369,100,inner
466,268,18.339250,-1.161632,100,inner
183,474,4.189250,9.138369,100,inner
413,262,15.689250,-1.461632,100,inner
384,464,14.239250,8.638369,100,inner
439,171,16.989250,-6.011632,100,inner
276,522,8.839250,11.538369,100,inner
87,357,-0.610750,3.288369,100,inner
497,341,19.889250,2.488369,100,inner
275,148,8.789250,-7.161632,100,inner
429,206,16.489250,-4.261632,100,inner
375,235,13.789250,-2.811632,100,inner
157,421,2.889250,6.488369,100,inner
445,330,17.289250,1.938369,100,inner
202,343,5.139250,2.588369,100,inner
368,232,13.439250,-2.961632,100,inner
98,371,-0.060750,3.988369,100,inner
303,511,10.189250,10.988369,100,inner
446,151,17.339250,-7.011632,100,inner
281,343,9.089250,2.588369,100,inner
435,401,16.789250,5.488369,100,inner
253,510,7.689250,10.938369,100,inner
248,166,7.439250,-6.261632,100,inner
428,133,16.439250,-7.911632,100,inner
178,336,3.939250,2.238369,100,inner
123,400,1.189250,5.438369,100,inner
431,287,16.589250,-0.211632,100,inner
189,345,4.489250,2.688369,100,inner
403,454,15.189250,8.138369,100,inner
439,148,16.989250,-7.161632,100,inner
155,389,2.789250,4.888369,100,inner
254,511,7.739250,10.988369,100,inner
469,399,18.489250,5.388369,100,inner
442,153,17.139250,-6.911632,100,inner
361,228,13.089250,-3.161632,100,inner
273,344,8.689250,2.638369,100,inner
220,189,6.039250,-5.111632,100,inner
124,401,1.239250,5.488369,100,inner
171,333,3.589250,2.088369,100,inner
485,380,19.289250,4.438369,100,inner
256,520,7.839250,11.438369,100,inner
127,406,1.389250,5.738369,100,inner
243,172,7.189250,-5.961632,100,inner
470,400,18.539250,5.438369,100,inner
443,383,17.189250,4.588369,100,inner
369,168,13.489250,-6.161632,100,inner
201,212,5.089250,-3.961632,100,inner
353,489,12.689250,9.888369,100,inner
319,347,10.989250,2.788369,100,inner
447,353,17.389250,3.088369,100,inner
291,514,9.589250,11.138369,100,inner
77,325,-1.110750,1.688369,100,inner
433,189,16.689250,-5.111632,100,inner
445,163,17.289250,-6.411632,100,inner
216,340,5.839250,2.438369,100,inner
153,400,2.689250,5.438369,100,inner
325,512,11.289250,11.038369,100,inner
317,508,10.889250,10.838369,100,inner
391,457,14.589250,8.288369,100,inner
222,499,6.139250,10.388369,100,inner
163,450,3.189250,7.938369,100,inner
262,343,8.139250,2.588369,100,inner
217,192,5.889250,-4.961632,100,inner
331,177,11.589250,-5.711632,100,inner
209,337,5.489250,2.288369,100,inner
446,164,17.339250,-6.361632,100,inner
212,491,5.639250,9.988369,100,inner
333,223,11.689250,-3.411632,100,inner
447,245,17.389250,-2.311632,100,inner
438,425,16.939250,6.688369,100,inner
304,345,10.239250,2.688369,100,inner
497,331,19.889250,1.988369,100,inner
457,258,17.889250,-1.661632,100,inner
287,521,9.389250,11.488369,100,inner
461,408,18.089250,5.838369,100,inner
255,160,7.789250,-6.561632,100,inner
481,386,19.089250,4.738369,100,inner
205,339,5.289250,2.388369,100,inner
246,340,7.339250,2.438369,100,inner
334,224,11.739250,-3.361632,100,inner
151,331,2.589250,1.988369,100,inner
164,450,3.239250,7.938369,100,inner
441,170,17.089250,-6.061632,100,inner
458,259,17.939250,-1.611632,100,inner
405,104,15.289250,-9.361632,100,inner
444,324,17.239250,1.638369,100,inner
376,77,13.839250,-10.711632,100,inner
316,175,10.839250,-5.811632,100,inner
272,514,8.639250,11.138369,100,inner
152,332,2.639250,2.038369,100,inner
300,167,10.039250,-6.211632,100,inner
189,479,4.489250,9.388369,100,inner
344,502,12.239250,10.538369,100,inner
82,353,-0.860750,3.088369,100,inner
472,279,18.639250,-0.611632,100,inner
278,148,8.939250,-7.161632,100,inner
94,327,-0.260750,1.788369,100,inner
153,413,2.689250,6.088369,100,inner
289,157,9.489250,-6.711632,100,inner
174,356,3.739250,3.238369,100,inner
309,172,10.489250,-5.961632,100,inner
376,162,13.839250,-6.461632,100,inner
409,110,15.489250,-9.061632,100,inner
301,168,10.089250,-6.161632,100,inner
104,377,0.239250,4.288369,100,inner
284,344,9.239250,2.638369,100,inner
337,499,11.889250,10.388369,100,inner
189,335,4.489250,2.188369,100,inner
411,448,15.589250,7.838369,100,inner
423,273,16.189250,-0.911632,100,inner
477,393,18.889250,5.088369,100,inner
251,167,7.589250,-6.211632,100,inner
390,96,14.539250,-9.761632,100,inner
340,504,12.039250,10.638369,100,inner
437,177,16.889250,-5.711632,100,inner
306,511,10.339250,10.988369,100,inner
268,219,8.439250,-3.611632,100,inner
228,183,6.439250,-5.411632,100,inner
389,137,14.489250,-7.711632,100,inner
105,378,0.289250,4.338369,100,inner
346,175,12.339250,-5.811632,100,inner
420,124,16.039250,-8.361632,100,inner
108,383,0.439250,4.588369,100,inner
497,344,19.889250,2.638369,100,inner
431,133,16.589250,-7.911632,100,inner
355,489,12.789250,9.888369,100,inner
314,222,10.739250,-3.461632,100,inner
429,209,16.489250,-4.111632,100,inner
447,343,17.389250,2.588369,100,inner
79,325,-1.010750,1.688369,100,inner
445,153,17.289250,-6.911632,100,inner
490,304,19.539250,0.638368,100,inner
437,298,16.889250,0.338368,100,inner
468,402,18.439250,5.538369,100,inner
133,332,1.689250,2.038369,100,inner
174,333,3.739250,2.088369,100,inner
193,346,4.689250,2.738369,100,inner
399,451,14.989250,7.988369,100,inner
394,107,14.739250,-9.211632,100,inner
163,440,3.189250,7.438369,100,inner
446,154,17.339250,-6.861632,100,inner
134,413,1.739250,6.088369,100,inner
402,456,15.139250,8.238369,100,inner
196,208,4.839250,-4.161632,100,inner
432,219,16.639250,-3.611632,100,inner
449,159,17.489250,-6.611632,100,inner
166,365,3.339250,3.688369,100,inner
144,426,2.239250,6.738369,100,inner
352,226,12.639250,-3.261632,100,inner
219,340,5.989250,2.438369,100,inner
189,348,4.489250,2.838369,100,inner
117,329,0.889250,1.888369,100,inner
351,496,12.589250,10.238369,100,inner
442,385,17.139250,4.688369,100,inner
263,154,8.189250,-6.861632,100,inner
328,512,11.439250,11.038369,100,inner
374,479,13.739250,9.388369,100,inner
298,520,9.939250,11.438369,100,inner
226,501,6.339250,10.488369,100,inner
145,427,2.289250,6.788369,100,inner
265,343,8.289250,2.588369,100,inner
440,424,17.039250,6.638369,100,inner
212,337,5.639250,2.288369,100,inner
197,208,4.889250,-4.161632,100,inner
418,442,15.939250,7.538369,100,inner
439,236,16.989250,-2.761632,100,inner
242,216,7.139250,-3.761632,100,inner
207,487,5.389250,9.788369,100,inner
447,356,17.389250,3.238369,100,inner
218,496,5.939250,10.238369,100,inner
375,71,13.789250,-11.011632,100,inner
189,469,4.489250,8.888369,100,inner
446,360,17.339250,3.438369,100,inner
290,521,9.539250,11.488369,100,inner
386,80,14.339250,-10.561632,100,inner
241,516,7.089250,11.238369,100,inner
162,372,3.139250,4.038369,100,inner
337,224,11.889250,-3.361632,100,inner
249,340,7.489250,2.438369,100,inner
274,513,8.739250,11.088369,100,inner
219,497,5.989250,10.288369,100,inner
480,389,19.039250,4.888369,100,inner
371,482,13.589250,9.538369,100,inner
361,172,13.089250,-5.961632,100,inner
279,219,8.989250,-3.611632,100,inner
387,81,14.389250,-10.511632,100,inner
275,514,8.789250,11.138369,100,inner
181,470,4.089250,8.938369,100,inner
303,167,10.189250,-6.211632,100,inner
468,271,18.439250,-1.011632,100,inner
200,340,5.039250,2.438369,100,inner
339,498,11.989250,10.338369,100,inner
64,330,-1.760750,1.938369,100,inner
280,220,9.039250,-3.561632,100,inner
440,172,17.039250,-5.961632,100,inner
97,327,-0.110750,1.788369,100,inner
412,110,15.639250,-9.061632,100,inner
357,174,12.889250,-5.861632,100,inner
497,334,19.889250,2.138369,100,inner
409,450,15.489250,7.938369,100,inner
304,168,10.239250,-6.161632,100,inner
457,261,17.889250,-1.511632,100,inner
475,395,18.789250,5.188369,100,inner
296,164,9.839250,-6.361632,100,inner
185,476,4.289250,9.238369,100,inner
287,344,9.389250,2.638369,100,inner
447,333,17.389250,2.088369,100,inner
415,264,15.789250,-1.361632,100,inner
312,517,10.639250,11.288369,100,inner
98,328,-0.060750,1.838369,100,inner
406,444,15.339250,7.638369,100,inner
89,359,-0.510750,3.388369,100,inner
196,342,4.839250,2.538369,100,inner
426,130,16.339250,-8.061632,100,inner
317,223,10.889250,-3.411632,100,inner
222,214,6.139250,-3.861632,100,inner
297,165,9.889250,-6.311632,100,inner
422,425,16.139250,6.688369,100,inner
100,374,0.039250,4.138369,100,inner
429,284,16.489250,-0.361632,100,inner
387,467,14.389250,8.788369,100,inner
193,336,4.689250,2.238369,100,inner
271,521,8.589250,11.488369,100,inner
336,501,11.839250,10.488369,100,inner
204,202,5.239250,-4.461632,100,inner
223,215,6.189250,-3.811632,100,inner
430,136,16.539250,-7.761632,100,inner
362,230,13.139250,-3.061632,100,inner
227,185,6.389250,-5.311632,100,inner
125,403,1.289250,5.588369,100,inner
388,139,14.439250,-7.611632,100,inner
433,290,16.689250,-0.061632,100,inner
448,153,17.439250,-6.911632,100,inner
440,149,17.039250,-7.111632,100,inner
345,177,12.289250,-5.711632,100,inner
136,332,1.839250,2.038369,100,inner
382,473,14.139250,9.088369,100,inner
300,520,10.039250,11.438369,100,inner
355,227,12.789250,-3.211632,100,inner
448,418,17.439250,6.338369,100,inner
260,218,8.039250,-3.661632,100,inner
441,150,17.089250,-7.061632,100,inner
157,391,2.889250,4.988369,100,inner
392,114,14.639250,-8.861632,100,inner
375,470,13.789250,8.938369,100,inner
496,351,19.839250,2.988369,100,inner
173,335,3.689250,2.188369,100,inner
332,508,11.639250,10.838369,100,inner
378,475,13.939250,9.188369,100,inner
71,324,-1.410750,1.638369,100,inner
395,119,14.789250,-8.611632,100,inner
446,350,17.339250,2.938369,100,inner
431,221,16.589250,-3.511632,100,inner
432,186,16.639250,-5.261632,100,inner
396,120,14.839250,-8.561632,100,inner
347,493,12.389250,10.088369,100,inner
413,438,15.689250,7.338369,100,inner
305,347,10.289250,2.788369,100,inner
245,216,7.289250,-3.761632,100,inner
370,476,13.539250,9.238369,100,inner
196,211,4.839250,-4.011632,100,inner
162,447,3.139250,7.788369,100,inner
181,460,4.089250,8.438369,100,inner
443,317,17.189250,1.288368,100,inner
165,452,3.289250,8.038369,100,inner
494,362,19.739250,3.538369,100,inner
244,516,7.239250,11.238369,100,inner
326,177,11.339250,-5.711632,100,inner
396,92,14.839250,-9.961632,100,inner
393,87,14.689250,-10.211632,100,inner
109,328,0.489250,1.838369,100,inner
417,444,15.889250,7.638369,100,inner
388,91,14.439250,-10.011632,100,inner
153,334,2.689250,2.138369,100,inner
166,453,3.339250,8.088369,100,inner
282,219,9.139250,-3.611632,100,inner
234,179,6.739250,-5.611632,100,inner
306,347,10.339250,2.788369,100,inner
70,336,-1.460750,2.238369,100,inner
278,514,8.939250,11.138369,100,inner
431,198,16.589250,-4.661632,100,inner
392,127,14.639250,-8.211632,100,inner
248,342,7.439250,2.538369,100,inner
283,220,9.189250,-3.561632,100,inner
195,336,4.789250,2.238369,100,inner
389,467,14.489250,8.788369,100,inner
146,331,2.339250,1.988369,100,inner
455,412,17.789250,6.038369,100,inner
191,482,4.589250,9.538369,100,inner
421,270,16.089250,-1.061632,100,inner
407,106,15.389250,-9.261632,100,inner
446,363,17.339250,3.588369,100,inner
225,215,6.289250,-3.811632,100,inner
378,79,13.939250,-10.611632,100,inner
424,424,16.239250,6.638369,100,inner
291,160,9.589250,-6.561632,100,inner
290,344,9.539250,2.638369,100,inner
315,517,10.789250,11.288369,100,inner
310,173,10.539250,-5.911632,100,inner
422,271,16.139250,-1.011632,100,inner
375,159,13.789250,-6.611632,100,inner
320,223,11.039250,-3.411632,100,inner
453,258,17.689250,-1.661632,100,inner
292,161,9.639250,-6.511632,100,inner
491,370,19.589250,3.938369,100,inner
155,421,2.789250,6.488369,100,inner
456,412,17.839250,6.038369,100,inner
430,211,16.539250,-4.011632,100,inner
85,356,-0.710750,3.238369,100,inner
158,426,2.939250,6.738369,100,inner
89,326,-0.510750,1.738369,100,inner
373,234,13.689250,-2.861632,100,inner
433,136,16.689250,-7.761632,100,inner
365,230,13.289250,-3.061632,100,inner
421,427,16.089250,6.788369,100,inner
279,343,8.989250,2.588369,100,inner
489,302,19.489250,0.538368,100,inner
395,109,14.789250,-9.111632,100,inner
251,510,7.589250,10.938369,100,inner
445,375,17.289250,4.188369,100,inner
446,340,17.339250,2.438369,100,inner
366,231,13.339250,-3.011632,100,inner
492,307,19.639250,0.788368,100,inner
377,469,13.889250,8.888369,100,inner
439,301,16.989250,0.488368,100,inner
203,204,5.189250,-4.361632,100,inner
269,149,8.489250,-7.111632,100,inner
435,181,16.789250,-5.511632,100,inner
493,308,19.689250,0.838368,100,inner
424,437,16.239250,7.288369,100,inner
271,344,8.589250,2.638369,100,inner
162,437,3.139250,7.288369,100,inner
127,330,1.389250,1.938369,100,inner
335,508,11.789250,10.838369,100,inner
74,324,-1.260750,1.638369,100,inner
327,504,11.389250,10.638369,100,inner
146,429,2.339250,6.888369,100,inner
165,442,3.289250,7.538369,100,inner
241,172,7.089250,-5.961632,100,inner
495,317,19.789250,1.288368,100,inner
417,434,15.889250,7.138369,100,inner
168,367,3.439250,3.788369,100,inner
396,460,14.839250,8.438369,100,inner
247,517,7.389250,11.288369,100,inner
308,347,10.439250,2.788369,100,inner
242,173,7.139250,-5.911632,100,inner
437,232,16.889250,-2.961632,100,inner
265,156,8.289250,-6.761632,100,inner
163,374,3.189250,4.138369,100,inner
289,513,9.489250,11.088369,100,inner
183,352,4.189250,3.038369,100,inner
209,490,5.489250,9.938369,100,inner
392,117,14.639250,-8.711632,100,inner
147,429,2.389250,6.888369,100,inner
431,188,16.589250,-5.161632,100,inner
463,406,18.189250,5.738369,100,inner
329,177,11.489250,-5.711632,100,inner
191,472,4.589250,9.038369,100,inner
346,495,12.339250,10.188369,100,inner
112,328,0.639250,1.838369,100,inner
441,238,17.089250,-2.661632,100,inner
388,83,14.439250,-10.411632,100,inner
412,440,15.639250,7.438369,100,inner
446,353,17.339250,3.088369,100,inner
156,334,2.839250,2.138369,100,inner
366,64,13.339250,-11.361632,100,inner
393,463,14.689250,8.588369,100,inner
214,195,5.739250,-4.811632,100,inner
389,84,14.489250,-10.361632,100,inner
459,408,17.989250,5.838369,100,inner
210,341,5.539250,2.488369,100,inner
313,174,10.689250,-5.861632,100,inner
149,331,2.489250,1.988369,100,inner
316,508,10.839250,10.838369,100,inner
439,170,16.989250,-6.061632,100,inner
155,411,2.789250,5.988369,100,inner
430,201,16.539250,-4.511632,100,inner
66,333,-1.660750,2.088369,100,inner
370,70,13.539250,-11.061632,100,inner
440,394,17.039250,5.138369,100,inner
381,79,14.089250,-10.611632,100,inner
414,113,15.739250,-8.911632,100,inner
269,512,8.489250,11.038369,100,inner
459,264,17.989250,-1.361632,100,inner
150,332,2.539250,2.038369,100,inner
445,329,17.289250,1.888369,100,inner
210,197,5.539250,-4.711632,100,inner
379,155,13.989250,-6.811632,100,inner
391,129,14.589250,-8.111632,100,inner
187,479,4.389250,9.388369,100,inner
417,267,15.889250,-1.211632,100,inner
323,223,11.189250,-3.411632,100,inner
477,281,18.889250,-0.511632,100,inner
276,148,8.839250,-7.161632,100,inner
92,327,-0.360750,1.788369,100,inner
365,485,13.289250,9.688369,100,inner
445,365,17.289250,3.688369,100,inner
446,330,17.339250,1.938369,100,inner
298,166,9.939250,-6.261632,100,inner
423,426,16.189250,6.738369,100,inner
418,268,15.939250,-1.161632,100,inner
187,335,4.389250,2.188369,100,inner
198,344,4.939250,2.638369,100,inner
388,96,14.439250,-9.761632,100,inner
432,431,16.639250,6.988369,100,inner
304,511,10.239250,10.988369,100,inner
266,219,8.339250,-3.611632,100,inner
217,214,5.889250,-3.861632,100,inner
272,150,8.639250,-7.061632,100,inner
102,376,0.139250,4.238369,100,inner
431,286,16.589250,-0.261632,100,inner
490,372,19.539250,4.038369,100,inner
299,167,9.989250,-6.211632,100,inner
282,343,9.139250,2.588369,100,inner
381,465,14.089250,8.688369,100,inner
155,388,2.789250,4.838369,100,inner
254,510,7.739250,10.938369,100,inner
439,147,16.989250,-7.211632,100,inner
450,156,17.539250,-6.761632,100,inner
312,222,10.639250,-3.461632,100,inner
224,338,6.239250,2.338369,100,inner
103,377,0.189250,4.288369,100,inner
432,287,16.639250,-0.211632,100,inner
430,214,16.539250,-3.861632,100,inner
127,405,1.389250,5.688369,100,inner
391,106,14.589250,-9.261632,100,inner
451,157,17.589250,-6.711632,100,inner
221,189,6.089250,-5.111632,100,inner
257,520,7.889250,11.438369,100,inner
438,303,16.939250,0.588368,100,inner
128,406,1.439250,5.738369,100,inner
244,172,7.239250,-5.961632,100,inner
395,112,14.789250,-8.961632,100,inner
320,347,11.039250,2.788369,100,inner
292,514,9.639250,11.138369,100,inner
357,494,12.889250,10.138369,100,inner
486,379,19.339250,4.388369,100,inner
432,408,16.639250,5.838369,100,inner
433,224,16.689250,-3.361632,100,inner
439,304,16.989250,0.638368,100,inner
423,439,16.189250,7.388369,100,inner
331,176,11.589250,-5.761632,100,inner
385,147,14.289250,-7.211632,100,inner
262,342,8.139250,2.538369,100,inner
446,163,17.339250,-6.411632,100,inner
372,479,13.639250,9.388369,100,inner
231,503,6.589250,10.588369,100,inner
318,508,10.939250,10.838369,100,inner
392,457,14.639250,8.288369,100,inner
183,463,4.189250,8.588369,100,inner
223,499,6.189250,10.388369,100,inner
263,343,8.189250,2.588369,100,inner
332,177,11.639250,-5.711632,100,inner
155,401,2.789250,5.488369,100,inner
395,462,14.789250,8.538369,100,inner
436,234,16.839250,-2.861632,100,inner
495,320,19.789250,1.438369,100,inner
334,223,11.739250,-3.411632,100,inner
164,449,3.239250,7.888369,100,inner
322,514,11.139250,11.138369,100,inner
358,171,12.939250,-6.011632,100,inner
388,459,14.439250,8.388369,100,inner
437,235,16.889250,-2.811632,100,inner
300,346,10.039250,2.738369,100,inner
482,386,19.139250,4.738369,100,inner
247,340,7.389250,2.438369,100,inner
272,513,8.639250,11.088369,100,inner
440,240,17.039250,-2.561632,100,inner
168,455,3.439250,8.188369,100,inner
314,509,10.739250,10.888369,100,inner
153,412,2.689250,6.038369,100,inner
174,355,3.739250,3.188369,100,inner
309,171,10.489250,-6.011632,100,inner
462,264,18.139250,-1.361632,100,inner
409,109,15.489250,-9.111632,100,inner
83,353,-0.810750,3.088369,100,inner
197,338,4.889250,2.338369,100,inner
383,465,14.189250,8.688369,100,inner
406,103,15.339250,-9.411632,100,inner
438,172,16.939250,-5.961632,100,inner
95,327,-0.210750,1.788369,100,inner
390,95,14.539250,-9.811632,100,inner
273,513,8.689250,11.088369,100,inner
476,284,18.839250,-0.361632,100,inner
293,162,9.689250,-6.461632,100,inner
84,354,-0.760750,3.138369,100,inner
243,341,7.189250,2.488369,100,inner
190,335,4.539250,2.188369,100,inner
430,433,16.539250,7.088369,100,inner
108,382,0.439250,4.538369,100,inner
420,123,16.039250,-8.411632,100,inner
497,343,19.889250,2.588369,100,inner
341,504,12.089250,10.638369,100,inner
377,161,13.889250,-6.511632,100,inner
361,482,13.089250,9.538369,100,inner
302,167,10.139250,-6.211632,100,inner
429,208,16.489250,-4.161632,100,inner
220,214,6.039250,-3.861632,100,inner
294,163,9.739250,-6.411632,100,inner
157,423,2.889250,6.588369,100,inner
445,332,17.289250,2.038369,100,inner
257,510,7.889250,10.938369,100,inner
109,383,0.489250,4.588369,100,inner
347,175,12.389250,-5.811632,100,inner
424,129,16.239250,-8.111632,100,inner
334,501,11.739250,10.488369,100,inner
315,222,10.789250,-3.461632,100,inner
227,338,6.389250,2.338369,100,inner
195,208,4.789250,-4.161632,100,inner
133,331,1.689250,1.988369,100,inner
435,138,16.789250,-7.661632,100,inner
434,179,16.739250,-5.611632,100,inner
399,450,14.989250,7.938369,100,inner
225,185,6.289250,-5.311632,100,inner
394,106,14.739250,-9.261632,100,inner
444,372,17.239250,4.038369,100,inner
356,488,12.839250,9.838369,100,inner
281,345,9.089250,2.688369,100,inner
435,403,16.789250,5.588369,100,inner
154,390,2.739250,4.938369,100,inner
402,455,15.139250,8.188369,100,inner
491,304,19.589250,0.638368,100,inner
343,177,12.189250,-5.711632,100,inner
449,158,17.489250,-6.661632,100,inner
380,473,14.039250,9.088369,100,inner
360,229,13.039250,-3.111632,100,inner
446,418,17.339250,6.338369,100,inner
258,218,7.939250,-3.661632,100,inner
170,334,3.539250,2.138369,100,inner
469,401,18.489250,5.488369,100,inner
246,509,7.339250,10.888369,100,inner
353,226,12.689250,-3.261632,100,inner
164,439,3.239250,7.388369,100,inner
265,342,8.289250,2.538369,100,inner
171,335,3.589250,2.188369,100,inner
485,382,19.289250,4.538369,100,inner
190,348,4.539250,2.838369,100,inner
197,207,4.889250,-4.211632,100,inner
248,518,7.439250,11.338369,100,inner
396,453,14.839250,8.088369,100,inner
295,221,9.789250,-3.511632,100,inner
376,66,13.839250,-11.261632,100,inner
299,520,9.989250,11.438369,100,inner
335,177,11.789250,-5.711632,100,inner
447,355,17.389250,3.188369,100,inner
266,343,8.339250,2.588369,100,inner
431,410,16.589250,5.938369,100,inner
149,432,2.489250,7.038369,100,inner
445,165,17.289250,-6.311632,100,inner
241,515,7.089250,11.188369,100,inner
264,153,8.239250,-6.911632,100,inner
162,371,3.139250,3.988369,100,inner
153,402,2.689250,5.538369,100,inner
443,241,17.189250,-2.511632,100,inner
368,476,13.439250,9.238369,100,inner
219,496,5.989250,10.238369,100,inner
368,67,13.439250,-11.211632,100,inner
387,80,14.389250,-10.561632,100,inner
259,160,7.989250,-6.561632,100,inner
242,516,7.139250,11.238369,100,inner
379,76,13.989250,-10.761632,100,inner
275,513,8.789250,11.088369,100,inner
390,85,14.539250,-10.311632,100,inner
286,522,9.339250,11.538369,100,inner
64,329,-1.760750,1.888369,100,inner
280,219,9.039250,-3.611632,100,inner
493,363,19.689250,3.588369,100,inner
438,427,16.939250,6.788369,100,inner
439,392,16.989250,5.038369,100,inner
304,347,10.239250,2.788369,100,inner
380,77,14.039250,-10.711632,100,inner
276,514,8.839250,11.138369,100,inner
497,333,19.889250,2.088369,100,inner
391,86,14.589250,-10.261632,100,inner
383,82,14.189250,-10.461632,100,inner
481,388,19.089250,4.838369,100,inner
429,198,16.489250,-4.661632,100,inner
427,417,16.389250,6.288369,100,inner
246,342,7.339250,2.538369,100,inner
65,330,-1.710750,1.938369,100,inner
447,332,17.389250,2.038369,100,inner
98,327,-0.060750,1.788369,100,inner
68,335,-1.560750,2.188369,100,inner
416,115,15.839250,-8.811632,100,inner
173,357,3.689250,3.288369,100,inner
186,476,4.339250,9.238369,100,inner
359,484,12.989250,9.638369,100,inner
193,335,4.689250,2.188369,100,inner
313,517,10.689250,11.288369,100,inner
461,266,18.089250,-1.261632,100,inner
381,157,14.089250,-6.711632,100,inner
189,481,4.489250,9.488369,100,inner
419,269,15.989250,-1.111632,100,inner
386,92,14.339250,-9.961632,100,inner
336,500,11.839250,10.438369,100,inner
410,449,15.539250,7.888369,100,inner
318,223,10.939250,-3.411632,100,inner
223,214,6.189250,-3.861632,100,inner
153,415,2.689250,6.188369,100,inner
430,135,16.539250,-7.811632,100,inner
433,289,16.689250,-0.111632,100,inner
197,341,4.889250,2.488369,100,inner
387,93,14.389250,-9.911632,100,inner
427,129,16.389250,-8.111632,100,inner
403,446,15.189250,7.738369,100,inner
136,331,1.839250,1.988369,100,inner
87,326,-0.610750,1.738369,100,inner
340,506,12.039250,10.738369,100,inner
363,230,13.189250,-3.061632,100,inner
437,179,16.889250,-5.611632,100,inner
260,217,8.039250,-3.711632,100,inner
105,380,0.289250,4.438369,100,inner
434,290,16.739250,-0.061632,100,inner
346,177,12.339250,-5.711632,100,inner
157,390,2.889250,4.938369,100,inner
231,339,6.589250,2.388369,100,inner
256,512,7.839250,11.038369,100,inner
182,334,4.139250,2.138369,100,inner
248,508,7.439250,10.838369,100,inner
418,431,15.939250,6.988369,100,inner
497,346,19.889250,2.738369,100,inner
301,520,10.089250,11.438369,100,inner
201,204,5.089250,-4.361632,100,inner
261,218,8.089250,-3.661632,100,inner
496,350,19.839250,2.938369,100,inner
447,345,17.389250,2.688369,100,inner
433,410,16.689250,5.938369,100,inner
130,409,1.539250,5.888369,100,inner
398,452,14.939250,8.038369,100,inner
224,187,6.239250,-5.211632,100,inner
433,181,16.689250,-5.511632,100,inner
249,509,7.489250,10.888369,100,inner
445,155,17.289250,-6.811632,100,inner
203,213,5.189250,-3.911632,100,inner
431,220,16.589250,-3.561632,100,inner
227,341,6.389250,2.488369,100,inner
268,342,8.439250,2.538369,100,inner
437,300,16.889250,0.438368,100,inner
165,366,3.289250,3.738369,100,inner
125,330,1.289250,1.938369,100,inner
379,475,13.989250,9.188369,100,inner
440,305,17.039250,0.688368,100,inner
325,504,11.289250,10.638369,100,inner
298,221,9.939250,-3.511632,100,inner
432,221,16.639250,-3.511632,100,inner
302,520,10.139250,11.438369,100,inner
371,62,13.589250,-11.461632,100,inner
141,423,2.089250,6.588369,100,inner
262,155,8.139250,-6.811632,100,inner
441,306,17.089250,0.738368,100,inner
252,519,7.639250,11.388369,100,inner
326,176,11.339250,-5.761632,100,inner
351,498,12.589250,10.338369,100,inner
430,413,16.539250,6.088369,100,inner
365,167,13.289250,-6.211632,100,inner
417,443,15.889250,7.588369,100,inner
438,237,16.939250,-2.711632,100,inner
372,63,13.639250,-11.411632,100,inner
442,387,17.139250,4.788369,100,inner
287,513,9.389250,11.088369,100,inner
429,417,16.489250,6.288369,100,inner
166,452,3.339250,8.038369,100,inner
185,465,4.289250,8.688369,100,inner
289,522,9.489250,11.538369,100,inner
439,238,16.989250,-2.661632,100,inner
161,373,3.089250,4.088369,100,inner
336,225,11.839250,-3.311632,100,inner
397,92,14.889250,-9.961632,100,inner
167,453,3.389250,8.088369,100,inner
283,219,9.189250,-3.611632,100,inner
442,243,17.139250,-2.411632,100,inner
170,458,3.539250,8.338369,100,inner
446,362,17.339250,3.538369,100,inner
208,341,5.439250,2.488369,100,inner
249,342,7.489250,2.538369,100,inner
60,326,-1.960750,1.738369,100,inner
426,420,16.339250,6.438369,100,inner
389,93,14.489250,-9.911632,100,inner
177,353,3.889250,3.088369,100,inner
408,106,15.439250,-9.261632,100,inner
492,365,19.639250,3.688369,100,inner
438,394,16.939250,5.138369,100,inner
226,215,6.339250,-3.811632,100,inner
404,252,15.239250,-1.961632,100,inner
311,173,10.589250,-5.911632,100,inner
491,369,19.589250,3.888369,100,inner
267,512,8.389250,11.038369,100,inner
181,472,4.089250,9.038369,100,inner
411,260,15.589250,-1.561632,100,inner
303,169,10.189250,-6.111632,100,inner
321,223,11.089250,-3.411632,100,inner
156,415,2.839250,6.188369,100,inner
184,334,4.239250,2.138369,100,inner
478,286,18.939250,-0.261632,100,inner
443,165,17.189250,-6.311632,100,inner
457,263,17.889250,-1.411632,100,inner
304,170,10.239250,-6.061632,100,inner
86,356,-0.660750,3.238369,100,inner
447,335,17.389250,2.188369,100,inner
386,468,14.339250,8.838369,100,inner
348,176,12.439250,-5.761632,100,inner
90,326,-0.460750,1.738369,100,inner
270,522,8.539250,11.538369,100,inner
445,374,17.289250,4.138369,100,inner
479,287,18.989250,-0.211632,100,inner
366,230,13.339250,-3.061632,100,inner
426,132,16.339250,-7.961632,100,inner
392,139,14.639250,-7.611632,100,inner
422,427,16.139250,6.788369,100,inner
280,343,9.039250,2.588369,100,inner
358,491,12.939250,9.988369,100,inner
264,218,8.239250,-3.661632,100,inner
270,149,8.539250,-7.111632,100,inner
335,507,11.789250,10.788369,100,inner
188,345,4.439250,2.688369,100,inner
388,141,14.439250,-7.511632,100,inner
252,509,7.639250,10.888369,100,inner
433,292,16.689250,0.038368,100,inner
425,437,16.289250,7.288369,100,inner
417,433,15.889250,7.088369,100,inner
122,399,1.139250,5.388369,100,inner
128,330,1.439250,1.938369,100,inner
328,504,11.439250,10.638369,100,inner
374,471,13.739250,8.988369,100,inner
166,442,3.339250,7.538369,100,inner
331,509,11.589250,10.888369,100,inner
368,168,13.439250,-6.161632,100,inner
431,187,16.589250,-5.211632,100,inner
392,116,14.639250,-8.761632,100,inner
375,472,13.789250,9.038369,100,inner
421,439,16.089250,7.388369,100,inner
167,443,3.389250,7.588369,100,inner
496,353,19.839250,3.088369,100,inner
302,222,10.139250,-3.461632,100,inner
329,176,11.489250,-5.761632,100,inner
165,333,3.289250,2.088369,100,inner
191,471,4.589250,8.988369,100,inner
395,121,14.789250,-8.511632,100,inner
170,448,3.539250,7.838369,100,inner
324,506,11.239250,10.738369,100,inner
446,352,17.339250,3.038369,100,inner
384,148,14.239250,-7.161632,100,inner
330,177,11.539250,-5.711632,100,inner
260,341,8.039250,2.488369,100,inner
396,122,14.839250,-8.461632,100,inner
151,434,2.589250,7.138369,100,inner
347,495,12.389250,10.188369,100,inner
393,462,14.689250,8.538369,100,inner
389,83,14.489250,-10.411632,100,inner
164,373,3.239250,4.088369,100,inner
339,225,11.989250,-3.311632,100,inner
445,243,17.289250,-2.411632,100,inner
108,329,0.439250,1.888369,100,inner
443,319,17.189250,1.388369,100,inner
428,419,16.439250,6.388369,100,inner
370,69,13.539250,-11.111632,100,inner
440,393,17.039250,5.088369,100,inner
460,408,18.039250,5.838369,100,inner
381,78,14.089250,-10.661632,100,inner
211,341,5.589250,2.488369,100,inner
252,342,7.639250,2.538369,100,inner
236,514,6.839250,11.138369,100,inner
203,337,5.189250,2.288369,100,inner
343,497,12.189250,10.288369,100,inner
446,244,17.339250,-2.361632,100,inner
150,331,2.539250,1.988369,100,inner
393,89,14.689250,-10.111632,100,inner
409,442,15.489250,7.538369,100,inner
160,375,3.039250,4.188369,100,inner
67,333,-1.610750,2.088369,100,inner
312,509,10.639250,10.888369,100,inner
403,102,15.189250,-9.461632,100,inner
70,338,-1.460750,2.338369,100,inner
298,345,9.939250,2.688369,100,inner
270,512,8.539250,11.038369,100,inner
306,169,10.339250,-6.111632,100,inner
77,346,-1.110750,2.738369,100,inner
446,329,17.339250,1.888369,100,inner
211,197,5.589250,-4.711632,100,inner
385,84,14.289250,-10.361632,100,inner
431,200,16.589250,-4.561632,100,inner
418,267,15.939250,-1.211632,100,inner
421,272,16.089250,-0.961632,100,inner
481,286,19.089250,-0.261632,100,inner
388,95,14.439250,-9.811632,100,inner
446,365,17.339250,3.688369,100,inner
432,430,16.639250,6.938369,100,inner
490,371,19.539250,3.988369,100,inner
241,341,7.089250,2.488369,100,inner
436,400,16.839250,5.438369,100,inner
188,335,4.439250,2.188369,100,inner
249,165,7.489250,-6.311632,100,inner
422,273,16.139250,-0.911632,100,inner
273,522,8.689250,11.538369,100,inner
199,344,4.989250,2.638369,100,inner
482,287,19.139250,-0.211632,100,inner
103,376,0.189250,4.238369,100,inner
362,487,13.139250,9.788369,100,inner
283,343,9.189250,2.588369,100,inner
155,423,2.789250,6.588369,100,inner
382,465,14.139250,8.688369,100,inner
437,401,16.889250,5.488369,100,inner
106,381,0.339250,4.488369,100,inner
430,213,16.539250,-3.911632,100,inner
158,428,2.939250,6.838369,100,inner
385,470,14.289250,8.938369,100,inner
184,337,4.239250,2.288369,100,inner
225,338,6.289250,2.338369,100,inner
313,222,10.689250,-3.461632,100,inner
273,149,8.689250,-7.111632,100,inner
371,163,13.589250,-6.411632,100,inner
357,228,12.889250,-3.161632,100,inner
391,141,14.589250,-7.511632,100,inner
107,382,0.389250,4.538369,100,inner
255,217,7.789250,-3.711632,100,inner
326,506,11.339250,10.738369,100,inner
354,488,12.739250,9.838369,100,inner
395,111,14.789250,-9.011632,100,inner
246,168,7.339250,-6.161632,100,inner
131,330,1.589250,1.938369,100,inner
446,342,17.339250,2.538369,100,inner
262,521,8.139250,11.488369,100,inner
486,378,19.339250,4.338369,100,inner
439,303,16.989250,0.588368,100,inner
423,438,16.189250,7.338369,100,inner
269,151,8.489250,-7.011632,100,inner
73,325,-1.310750,1.688369,100,inner
132,411,1.639250,5.988369,100,inner
401,456,15.089250,8.238369,100,inner
435,183,16.789250,-5.411632,100,inner
467,401,18.389250,5.488369,100,inner
243,507,7.189250,10.788369,100,inner
332,176,11.639250,-5.761632,100,inner
416,435,15.839250,7.188369,100,inner
263,342,8.189250,2.538369,100,inner
256,217,7.839250,-3.711632,100,inner
168,333,3.439250,2.088369,100,inner
155,400,2.789250,5.438369,100,inner
241,174,7.089250,-5.861632,100,inner
495,319,19.789250,1.388369,100,inner
198,212,4.939250,-3.961632,100,inner
143,425,2.189250,6.688369,100,inner
439,424,16.989250,6.638369,100,inner
322,513,11.139250,11.088369,100,inner
187,468,4.389250,8.838369,100,inner
462,407,18.139250,5.788369,100,inner
495,355,19.789250,3.188369,100,inner
441,384,17.089250,4.638369,100,inner
300,345,10.039250,2.688369,100,inner
293,220,9.689250,-3.561632,100,inner
482,385,19.139250,4.688369,100,inner
345,496,12.289250,10.238369,100,inner
111,329,0.589250,1.888369,100,inner
373,478,13.689250,9.338369,100,inner
199,213,4.989250,-3.911632,100,inner
496,320,19.839250,1.438369,100,inner
374,65,13.739250,-11.311632,100,inner
168,454,3.439250,8.138369,100,inner
392,119,14.639250,-8.611632,100,inner
188,469,4.439250,8.888369,100,inner
431,190,16.589250,-5.061632,100,inner
389,459,14.489250,8.388369,100,inner
214,341,5.739250,2.488369,100,inner
301,346,10.089250,2.738369,100,inner
206,337,5.339250,2.288369,100,inner
284,522,9.239250,11.538369,100,inner
169,455,3.489250,8.188369,100,inner
236,216,6.839250,-3.761632,100,inner
315,509,10.789250,10.888369,100,inner
257,159,7.889250,-6.611632,100,inner
172,460,3.639250,8.438369,100,inner
355,173,12.789250,-5.911632,100,inner
84,353,-0.760750,3.088369,100,inner
243,340,7.189250,2.438369,100,inner
331,224,11.589250,-3.361632,100,inner
149,333,2.489250,2.088369,100,inner
378,156,13.939250,-6.761632,100,inner
96,327,-0.160750,1.788369,100,inner
155,413,2.789250,6.088369,100,inner
87,358,-0.610750,3.338369,100,inner
430,203,16.539250,-4.411632,100,inner
395,245,14.789250,-2.311632,100,inner
410,108,15.539250,-9.161632,100,inner
159,383,2.989250,4.588369,100,inner
467,270,18.389250,-1.061632,100,inner
480,289,19.039250,-0.111632,100,inner
364,486,13.239250,9.738369,100,inner
244,341,7.239250,2.488369,100,inner
269,514,8.489250,11.138369,100,inner
445,331,17.289250,1.988369,100,inner
414,115,15.739250,-8.811632,100,inner
88,359,-0.560750,3.388369,100,inner
391,131,14.589250,-8.011632,100,inner
342,504,12.139250,10.638369,100,inner
411,109,15.589250,-9.111632,100,inner
424,128,16.239250,-8.161632,100,inner
221,214,6.089250,-3.861632,100,inner
474,394,18.739250,5.138369,100,inner
365,487,13.289250,9.788369,100,inner
431,432,16.589250,7.038369,100,inner
303,512,10.189250,11.038369,100,inner
444,371,17.239250,3.988369,100,inner
425,129,16.289250,-8.111632,100,inner
435,402,16.789250,5.538369,100,inner
113,388,0.689250,4.838369,100,inner
316,222,10.839250,-3.461632,100,inner
228,338,6.439250,2.338369,100,inner
253,511,7.689250,10.988369,100,inner
343,176,12.189250,-5.761632,100,inner
226,185,6.339250,-5.311632,100,inner
258,217,7.939250,-3.711632,100,inner
282,345,9.139250,2.688369,100,inner
436,403,16.839250,5.588369,100,inner
307,518,10.389250,11.338369,100,inner
403,455,15.189250,8.188369,100,inner
249,168,7.489250,-6.161632,100,inner
439,149,16.989250,-7.111632,100,inner
246,508,7.339250,10.838369,100,inner
167,364,3.389250,3.638369,100,inner
265,521,8.289250,11.488369,100,inner
361,229,13.089250,-3.111632,100,inner
224,340,6.239250,2.438369,100,inner
124,402,1.239250,5.538369,100,inner
259,218,7.989250,-3.661632,100,inner
432,289,16.639250,-0.111632,100,inner
344,176,12.239250,-5.761632,100,inner
390,143,14.539250,-7.411632,100,inner
396,452,14.839250,8.038369,100,inner
443,384,17.189250,4.638369,100,inner
247,509,7.389250,10.888369,100,inner
435,294,16.789250,0.138368,100,inner
451,159,17.589250,-6.611632,100,inner
201,213,5.089250,-3.911632,100,inner
353,490,12.689250,9.938369,100,inner
319,348,10.989250,2.838369,100,inner
266,342,8.339250,2.538369,100,inner
149,431,2.489250,6.988369,100,inner
249,518,7.489250,11.338369,100,inner
296,221,9.839250,-3.511632,100,inner
400,458,15.039250,8.338369,100,inner
466,403,18.339250,5.588369,100,inner
486,381,19.339250,4.488369,100,inner
433,226,16.689250,-3.261632,100,inner
150,432,2.539250,7.038369,100,inner
439,306,16.989250,0.738368,100,inner
295,521,9.789250,11.488369,100,inner
217,193,5.889250,-4.911632,100,inner
153,437,2.689250,7.288369,100,inner
442,311,17.139250,0.988368,100,inner
172,450,3.639250,7.938369,100,inner
114,329,0.739250,1.888369,100,inner
202,213,5.139250,-3.911632,100,inner
194,209,4.739250,-4.111632,100,inner
369,61,13.489250,-11.511632,100,inner
212,492,5.639250,10.038369,100,inner
372,481,13.639250,9.488369,100,inner
447,246,17.389250,-2.261632,100,inner
493,362,19.689250,3.538369,100,inner
439,391,16.989250,4.988369,100,inner
255,341,7.789250,2.488369,100,inner
155,403,2.789250,5.588369,100,inner
276,513,8.839250,11.088369,100,inner
160,332,3.039250,2.038369,100,inner
430,193,16.539250,-4.911632,100,inner
372,72,13.639250,-10.961632,100,inner
287,522,9.389250,11.538369,100,inner
383,81,14.189250,-10.511632,100,inner
391,85,14.589250,-10.311632,100,inner
239,216,6.989250,-3.761632,100,inner
164,451,3.239250,7.988369,100,inner
445,321,17.289250,1.488369,100,inner
68,334,-1.560750,2.138369,100,inner
358,173,12.939250,-5.911632,100,inner
392,86,14.639250,-10.261632,100,inner
179,467,3.989250,8.788369,100,inner
395,91,14.789250,-10.011632,100,inner
247,342,7.389250,2.538369,100,inner
186,475,4.339250,9.188369,100,inner
152,333,2.639250,2.088369,100,inner
69,335,-1.510750,2.188369,100,inner
153,414,2.689250,6.138369,100,inner
382,157,14.139250,-6.711632,100,inner
190,481,4.539250,9.488369,100,inner
420,269,16.039250,-1.111632,100,inner
284,345,9.239250,2.688369,100,inner
337,500,11.889250,10.438369,100,inner
277,220,8.889250,-3.561632,100,inner
438,174,16.939250,-5.861632,100,inner
423,274,16.189250,-0.861632,100,inner
383,238,14.189250,-2.661632,100,inner
406,105,15.339250,-9.311632,100,inner
484,290,19.239250,-0.061632,100,inner
290,159,9.539250,-6.611632,100,inner
360,483,13.039250,9.588369,100,inner
306,512,10.339250,11.038369,100,inner
228,184,6.439250,-5.361632,100,inner
487,295,19.389250,0.188368,100,inner
389,138,14.489250,-7.661632,100,inner
105,379,0.289250,4.388369,100,inner
156,424,2.839250,6.638369,100,inner
424,275,16.239250,-0.811632,100,inner
88,326,-0.560750,1.738369,100,inner
497,345,19.889250,2.688369,100,inner
391,98,14.589250,-9.661632,100,inner
333,502,11.689250,10.538369,100,inner
361,484,13.089250,9.638369,100,inner
314,223,10.739250,-3.411632,100,inner
407,451,15.389250,7.988369,100,inner
132,332,1.639250,2.038369,100,inner
285,345,9.289250,2.688369,100,inner
157,425,2.889250,6.688369,100,inner
310,518,10.539250,11.338369,100,inner
257,512,7.889250,11.038369,100,inner
224,186,6.239250,-5.261632,100,inner
183,334,4.189250,2.138369,100,inner
432,135,16.639250,-7.811632,100,inner
268,521,8.439250,11.488369,100,inner
160,430,3.039250,6.938369,100,inner
490,305,19.539250,0.688368,100,inner
379,474,13.989250,9.138369,100,inner
445,419,17.289250,6.388369,100,inner
444,374,17.239250,4.138369,100,inner
134,414,1.739250,6.138369,100,inner
491,306,19.589250,0.738368,100,inner
302,519,10.139250,11.388369,100,inner
154,392,2.739250,5.038369,100,inner
228,341,6.439250,2.488369,100,inner
432,220,16.639250,-3.561632,100,inner
494,311,19.739250,0.988368,100,inner
352,227,12.639250,-3.211632,100,inner
446,420,17.339250,6.438369,100,inner
299,221,9.989250,-3.511632,100,inner
430,412,16.539250,6.038369,100,inner
372,62,13.639250,-11.461632,100,inner
395,454,14.789250,8.138369,100,inner
442,386,17.139250,4.738369,100,inner
298,521,9.939250,11.488369,100,inner
145,428,2.289250,6.838369,100,inner
164,441,3.239250,7.488369,100,inner
163,333,3.189250,2.088369,100,inner
366,167,13.339250,-6.211632,100,inner
68,324,-1.560750,1.638369,100,inner
322,506,11.139250,10.738369,100,inner
418,443,15.939250,7.588369,100,inner
181,350,4.089250,2.938369,100,inner
442,242,17.139250,-2.461632,100,inner
367,477,13.389250,9.288369,100,inner
376,68,13.839250,-11.161632,100,inner
447,357,17.389250,3.288369,100,inner
258,341,7.939250,2.488369,100,inner
170,457,3.539250,8.288369,100,inner
189,470,4.489250,8.938369,100,inner
337,225,11.889250,-3.311632,100,inner
153,404,2.689250,5.638369,100,inner
288,220,9.439250,-3.561632,100,inner
155,334,2.789250,2.138369,100,inner
368,478,13.439250,9.338369,100,inner
60,325,-1.960750,1.688369,100,inner
414,445,15.739250,7.688369,100,inner
426,419,16.339250,6.388369,100,inner
171,458,3.589250,8.338369,100,inner
411,439,15.589250,7.388369,100,inner
209,341,5.489250,2.488369,100,inner
295,344,9.789250,2.638369,100,inner
348,499,12.439250,10.388369,100,inner
201,337,5.089250,2.288369,100,inner
106,328,0.339250,1.838369,100,inner
493,365,19.689250,3.688369,100,inner
196,487,4.839250,9.788369,100,inner
397,248,14.889250,-2.161632,100,inner
412,111,15.639250,-9.011632,100,inner
497,335,19.889250,2.188369,100,inner
429,200,16.489250,-4.561632,100,inner
86,355,-0.660750,3.188369,100,inner
447,334,17.389250,2.138369,100,inner
286,151,9.339250,-7.011632,100,inner
406,445,15.339250,7.688369,100,inner
89,360,-0.510750,3.438369,100,inner
413,112,15.689250,-8.961632,100,inner
458,263,17.939250,-1.411632,100,inner
222,215,6.139250,-3.811632,100,inner
422,426,16.139250,6.738369,100,inner
186,478,4.339250,9.338369,100,inner
359,486,12.989250,9.738369,100,inner
387,468,14.389250,8.838369,100,inner
144,332,2.239250,2.038369,100,inner
453,413,17.689250,6.088369,100,inner
90,361,-0.460750,3.488369,100,inner
91,326,-0.410750,1.738369,100,inner
271,522,8.589250,11.538369,100,inner
204,203,5.239250,-4.411632,100,inner
402,447,15.139250,7.788369,100,inner
483,292,19.189250,0.038368,100,inner
174,360,3.739250,3.438369,100,inner
489,372,19.489250,4.038369,100,inner
436,180,16.839250,-5.561632,100,inner
388,140,14.439250,-7.561632,100,inner
433,291,16.689250,-0.011632,100,inner
115,390,0.789250,4.938369,100,inner
271,149,8.589250,-7.111632,100,inner
355,228,12.789250,-3.161632,100,inner
434,292,16.739250,0.038368,100,inner
157,392,2.889250,5.038369,100,inner
231,341,6.589250,2.488369,100,inner
248,510,7.439250,10.938369,100,inner
418,433,15.939250,7.088369,100,inner
169,366,3.489250,3.738369,100,inner
129,330,1.489250,1.938369,100,inner
443,377,17.189250,4.288369,100,inner
355,493,12.789250,10.088369,100,inner
126,404,1.339250,5.638369,100,inner
496,352,19.839250,3.038369,100,inner
173,336,3.689250,2.238369,100,inner
302,221,10.139250,-3.511632,100,inner
378,476,13.939250,9.238369,100,inner
71,325,-1.410750,1.688369,100,inner
170,447,3.539250,7.788369,100,inner
433,183,16.689250,-5.411632,100,inner
266,155,8.339250,-6.811632,100,inner
290,512,9.539250,11.038369,100,inner
241,507,7.089250,10.788369,100,inner
356,228,12.839250,-3.161632,100,inner
268,344,8.439250,2.638369,100,inner
422,439,16.139250,7.388369,100,inner
330,176,11.539250,-5.761632,100,inner
166,333,3.339250,2.088369,100,inner
440,307,17.039250,0.788368,100,inner
325,506,11.289250,10.738369,100,inner
371,473,13.589250,9.088369,100,inner
245,217,7.289250,-3.711632,100,inner
364,168,13.239250,-6.161632,100,inner
196,212,4.839250,-3.961632,100,inner
432,223,16.639250,-3.411632,100,inner
181,461,4.089250,8.488369,100,inner
261,341,8.089250,2.488369,100,inner
286,514,9.339250,11.138369,100,inner
435,228,16.789250,-3.161632,100,inner
72,325,-1.360750,1.688369,100,inner
441,308,17.089250,0.838368,100,inner
244,517,7.239250,11.288369,100,inner
460,407,18.039250,5.788369,100,inner
196,477,4.839250,9.288369,100,inner
236,513,6.839250,11.088369,100,inner
291,220,9.589250,-3.561632,100,inner
203,336,5.189250,2.238369,100,inner
343,496,12.189250,10.238369,100,inner
109,329,0.489250,1.888369,100,inner
317,174,10.889250,-5.861632,100,inner
497,325,19.889250,1.688369,100,inner
409,441,15.489250,7.488369,100,inner
393,88,14.689250,-10.161632,100,inner
160,374,3.039250,4.138369,100,inner
214,494,5.739250,10.138369,100,inner
449,248,17.489250,-2.161632,100,inner
67,332,-1.610750,2.038369,100,inner
212,341,5.639250,2.488369,100,inner
70,337,-1.460750,2.288369,100,inner
237,514,6.889250,11.138369,100,inner
204,337,5.239250,2.288369,100,inner
229,510,6.489250,10.938369,100,inner
380,154,14.039250,-6.861632,100,inner
211,196,5.589250,-4.761632,100,inner
374,74,13.739250,-10.861632,100,inner
444,318,17.239250,1.338369,100,inner
450,249,17.539250,-2.111632,100,inner
188,478,4.439250,9.338369,100,inner
392,128,14.639250,-8.161632,100,inner
397,94,14.889250,-9.861632,100,inner
234,216,6.739250,-3.761632,100,inner
313,509,10.689250,10.888369,100,inner
191,483,4.589250,9.588369,100,inner
299,345,9.989250,2.688369,100,inner
375,75,13.789250,-10.811632,100,inner
407,107,15.389250,-9.211632,100,inner
446,364,17.339250,3.638369,100,inner
212,197,5.639250,-4.711632,100,inner
410,441,15.539250,7.488369,100,inner
81,351,-0.910750,2.988369,100,inner
241,340,7.089250,2.438369,100,inner
329,224,11.489250,-3.361632,100,inner
192,484,4.639250,9.638369,100,inner
422,272,16.139250,-0.961632,100,inner
203,493,5.189250,10.088369,100,inner
393,245,14.689250,-2.311632,100,inner
408,108,15.439250,-9.161632,100,inner
491,371,19.589250,3.988369,100,inner
242,341,7.139250,2.488369,100,inner
437,400,16.889250,5.438369,100,inner
382,464,14.139250,8.638369,100,inner
208,199,5.439250,-4.611632,100,inner
200,344,5.039250,2.638369,100,inner
385,469,14.289250,8.888369,100,inner
426,278,16.339250,-0.661632,100,inner
156,417,2.839250,6.288369,100,inner
157,382,2.889250,4.538369,100,inner
184,336,4.239250,2.238369,100,inner
89,327,-0.510750,1.788369,100,inner
385,240,14.289250,-2.561632,100,inner
273,148,8.689250,-7.161632,100,inner
363,487,13.189250,9.788369,100,inner
301,512,10.089250,11.038369,100,inner
107,381,0.389250,4.488369,100,inner
421,428,16.089250,6.838369,100,inner
159,428,2.989250,6.838369,100,inner
447,337,17.389250,2.288369,100,inner
279,344,8.989250,2.638369,100,inner
452,415,17.639250,6.188369,100,inner
226,338,6.339250,2.338369,100,inner
445,376,17.289250,4.238369,100,inner
446,341,17.339250,2.488369,100,inner
262,520,8.139250,11.438369,100,inner
358,228,12.939250,-3.161632,100,inner
431,212,16.589250,-3.961632,100,inner
435,182,16.789250,-5.461632,100,inner
111,387,0.589250,4.788369,100,inner
358,493,12.939250,10.088369,100,inner
263,521,8.189250,11.488369,100,inner
493,309,19.689250,0.888368,100,inner
424,438,16.239250,7.338369,100,inner
162,438,3.139250,7.338369,100,inner
127,331,1.389250,1.988369,100,inner
74,325,-1.260750,1.688369,100,inner
327,505,11.389250,10.688369,100,inner
165,443,3.289250,7.588369,100,inner
252,511,7.639250,10.988369,100,inner
448,157,17.439250,-6.711632,100,inner
244,507,7.239250,10.788369,100,inner
367,169,13.389250,-6.111632,100,inner
156,394,2.839250,5.138369,100,inner
351,490,12.589250,9.938369,100,inner
317,348,10.889250,2.838369,100,inner
257,217,7.889250,-3.711632,100,inner
169,333,3.489250,2.088369,100,inner
166,444,3.339250,7.638369,100,inner
496,319,19.839250,1.388369,100,inner
199,212,4.989250,-3.961632,100,inner
374,64,13.739250,-11.361632,100,inner
219,190,5.989250,-5.061632,100,inner
289,514,9.489250,11.138369,100,inner
464,403,18.239250,5.588369,100,inner
431,189,16.589250,-5.111632,100,inner
392,118,14.639250,-8.661632,100,inner
188,468,4.439250,8.838369,100,inner
147,430,2.389250,6.938369,100,inner
383,149,14.189250,-7.111632,100,inner
496,355,19.839250,3.188369,100,inner
294,220,9.739250,-3.561632,100,inner
191,473,4.589250,9.088369,100,inner
200,213,5.039250,-3.911632,100,inner
112,329,0.639250,1.888369,100,inner
395,123,14.789250,-8.411632,100,inner
63,324,-1.810750,1.638369,100,inner
375,65,13.789250,-11.311632,100,inner
446,354,17.339250,3.138369,100,inner
378,70,13.939250,-11.061632,100,inner
323,512,11.189250,11.038369,100,inner
432,190,16.639250,-5.061632,100,inner
148,431,2.439250,6.988369,100,inner
236,215,6.839250,-3.811632,100,inner
444,164,17.239250,-6.361632,100,inner
260,343,8.039250,2.588369,100,inner
172,459,3.639250,8.388369,100,inner
322,175,11.139250,-5.811632,100,inner
179,355,3.989250,3.188369,100,inner
192,474,4.639250,9.138369,100,inner
207,337,5.389250,2.288369,100,inner
396,124,14.839250,-8.361632,100,inner
459,409,17.989250,5.888369,100,inner
331,223,11.589250,-3.411632,100,inner
237,216,6.889250,-3.761632,100,inner
316,509,10.839250,10.888369,100,inner
155,412,2.789250,6.038369,100,inner
302,345,10.139250,2.688369,100,inner
173,460,3.689250,8.438369,100,inner
430,202,16.539250,-4.461632,100,inner
467,269,18.389250,-1.111632,100,inner
332,224,11.639250,-3.361632,100,inner
244,340,7.239250,2.438369,100,inner
210,198,5.539250,-4.661632,100,inner
88,358,-0.560750,3.338369,100,inner
391,130,14.589250,-8.061632,100,inner
342,503,12.139250,10.588369,100,inner
356,172,12.839250,-5.961632,100,inner
198,489,4.939250,9.888369,100,inner
388,241,14.439250,-2.511632,100,inner
274,219,8.739250,-3.611632,100,inner
254,161,7.739250,-6.511632,100,inner
270,514,8.539250,11.138369,100,inner
445,366,17.289250,3.738369,100,inner
446,331,17.339250,1.988369,100,inner
431,431,16.589250,6.988369,100,inner
306,171,10.339250,-6.011632,100,inner
92,364,-0.360750,3.638369,100,inner
415,114,15.789250,-8.861632,100,inner
338,505,11.939250,10.688369,100,inner
352,174,12.639250,-5.861632,100,inner
304,512,10.239250,11.038369,100,inner
226,184,6.339250,-5.361632,100,inner
485,295,19.289250,0.188368,100,inner
490,373,19.539250,4.088369,100,inner
436,402,16.839250,5.538369,100,inner
381,466,14.089250,8.738369,100,inner
389,98,14.489250,-9.661632,100,inner
429,134,16.489250,-7.861632,100,inner
375,163,13.789250,-6.411632,100,inner
156,384,2.839250,4.638369,100,inner
259,217,7.989250,-3.711632,100,inner
432,288,16.639250,-0.161632,100,inner
362,489,13.139250,9.888369,100,inner
283,345,9.189250,2.688369,100,inner
308,518,10.439250,11.338369,100,inner
428,434,16.439250,7.138369,100,inner
430,215,16.539250,-3.811632,100,inner
391,107,14.589250,-9.211632,100,inner
435,293,16.789250,0.088368,100,inner
247,508,7.389250,10.838369,100,inner
451,158,17.589250,-6.661632,100,inner
266,521,8.339250,11.488369,100,inner
158,430,2.939250,6.938369,100,inner
225,340,6.289250,2.438369,100,inner
128,407,1.439250,5.788369,100,inner
392,108,14.639250,-9.161632,100,inner
436,294,16.839250,0.138368,100,inner
354,490,12.739250,9.938369,100,inner
400,457,15.039250,8.288369,100,inner
340,177,12.039250,-5.711632,100,inner
466,402,18.339250,5.538369,100,inner
446,344,17.339250,2.638369,100,inner
486,380,19.339250,4.438369,100,inner
432,409,16.639250,5.888369,100,inner
433,225,16.689250,-3.311632,100,inner
439,305,16.989250,0.688368,100,inner
129,408,1.489250,5.838369,100,inner
297,221,9.889250,-3.511632,100,inner
153,436,2.689250,7.238369,100,inner
442,310,17.139250,0.938368,100,inner
202,212,5.139250,-3.961632,100,inner
467,403,18.389250,5.588369,100,inner
434,226,16.739250,-3.261632,100,inner
296,521,9.839250,11.488369,100,inner
183,464,4.189250,8.638369,100,inner
154,437,2.739250,7.288369,100,inner
155,402,2.789250,5.538369,100,inner
430,192,16.539250,-4.961632,100,inner
66,324,-1.660750,1.638369,100,inner
370,61,13.539250,-11.511632,100,inner
442,166,17.139250,-6.261632,100,inner
387,150,14.389250,-7.061632,100,inner
218,192,5.939250,-4.961632,100,inner
439,426,16.989250,6.738369,100,inner
161,332,3.089250,2.038369,100,inner
388,460,14.439250,8.438369,100,inner
496,322,19.839250,1.538369,100,inner
198,479,4.939250,9.388369,100,inner
482,387,19.139250,4.788369,100,inner
395,90,14.789250,-10.061632,100,inner
373,480,13.689250,9.438369,100,inner
240,216,7.039250,-3.761632,100,inner
69,334,-1.510750,2.138369,100,inner
168,456,3.439250,8.238369,100,inner
314,510,10.739250,10.938369,100,inner
256,160,7.839250,-6.561632,100,inner
335,224,11.789250,-3.361632,100,inner
396,91,14.839250,-10.011632,100,inner
104,328,0.239250,1.838369,100,inner
452,251,17.639250,-2.011632,100,inner
190,480,4.539250,9.438369,100,inner
394,130,14.739250,-8.061632,100,inner
169,457,3.489250,8.288369,100,inner
369,482,13.489250,9.538369,100,inner
277,219,8.889250,-3.611632,100,inner
73,340,-1.310750,2.438369,100,inner
273,514,8.689250,11.138369,100,inner
205,496,5.289250,10.238369,100,inner
84,355,-0.760750,3.188369,100,inner
278,220,8.939250,-3.561632,100,inner
194,486,4.739250,9.738369,100,inner
424,274,16.239250,-0.861632,100,inner
384,238,14.239250,-2.661632,100,inner
376,234,13.839250,-2.861632,100,inner
341,505,12.089250,10.688369,100,inner
430,205,16.539250,-4.311632,100,inner
391,97,14.589250,-9.711632,100,inner
333,501,11.689250,10.488369,100,inner
302,168,10.139250,-6.161632,100,inner
159,385,2.989250,4.688369,100,inner
220,215,6.039250,-3.811632,100,inner
473,395,18.689250,5.188369,100,inner
364,488,13.239250,9.838369,100,inner
171,359,3.589250,3.388369,100,inner
285,344,9.289250,2.638369,100,inner
310,517,10.539250,11.288369,100,inner
236,339,6.839250,2.388369,100,inner
347,176,12.389250,-5.761632,100,inner
109,384,0.489250,4.638369,100,inner
432,134,16.639250,-7.861632,100,inner
477,285,18.889250,-0.311632,100,inner
334,502,11.739250,10.538369,100,inner
428,280,16.439250,-0.561632,100,inner
315,223,10.789250,-3.411632,100,inner
408,451,15.439250,7.988369,100,inner
474,396,18.739250,5.238369,100,inner
311,518,10.589250,11.338369,100,inner
357,485,12.889250,9.688369,100,inner
446,334,17.339250,2.138369,100,inner
225,186,6.289250,-5.261632,100,inner
434,180,16.739250,-5.561632,100,inner
444,373,17.239250,4.088369,100,inner
435,404,16.789250,5.638369,100,inner
491,305,19.589250,0.688368,100,inner
154,391,2.739250,4.988369,100,inner
248,169,7.439250,-6.111632,100,inner
380,474,14.039250,9.138369,100,inner
110,384,0.539250,4.638369,100,inner
274,343,8.739250,2.588369,100,inner
395,453,14.789250,8.088369,100,inner
450,160,17.539250,-6.561632,100,inner
352,491,12.639250,9.988369,100,inner
353,227,12.689250,-3.211632,100,inner
171,336,3.589250,2.238369,100,inner
163,332,3.189250,2.038369,100,inner
376,476,13.839250,9.238369,100,inner
431,411,16.589250,5.988369,100,inner
149,433,2.489250,7.088369,100,inner
69,324,-1.510750,1.638369,100,inner
168,446,3.439250,7.738369,100,inner
443,422,17.189250,6.538369,100,inner
153,403,2.689250,5.588369,100,inner
326,511,11.339250,10.988369,100,inner
259,341,7.989250,2.488369,100,inner
284,514,9.239250,11.138369,100,inner
190,470,4.539250,8.938369,100,inner
150,434,2.539250,7.138369,100,inner
303,347,10.189250,2.788369,100,inner
234,513,6.739250,11.088369,100,inner
377,67,13.889250,-11.211632,100,inner
201,336,5.089250,2.238369,100,inner
194,211,4.739250,-4.011632,100,inner
363,169,13.189250,-6.111632,100,inner
260,156,8.039250,-6.761632,100,inner
447,248,17.389250,-2.161632,100,inner
178,352,3.939250,3.038369,100,inner
493,364,19.689250,3.638369,100,inner
439,393,16.989250,5.088369,100,inner
175,463,3.789250,8.588369,100,inner
324,177,11.239250,-5.711632,100,inner
194,476,4.739250,9.238369,100,inner
296,344,9.839250,2.638369,100,inner
397,247,14.889250,-2.211632,100,inner
444,242,17.239250,-2.461632,100,inner
430,195,16.539250,-4.811632,100,inner
107,328,0.389250,1.838369,100,inner
415,444,15.789250,7.638369,100,inner
255,163,7.789250,-6.411632,100,inner
442,169,17.139250,-6.111632,100,inner
429,199,16.489250,-4.611632,100,inner
205,342,5.289250,2.538369,100,inner
427,418,16.389250,6.338369,100,inner
65,331,-1.710750,1.988369,100,inner
151,334,2.589250,2.138369,100,inner
326,223,11.339250,-3.411632,100,inner
232,179,6.639250,-5.611632,100,inner
445,323,17.289250,1.588369,100,inner
297,345,9.889250,2.688369,100,inner
202,336,5.139250,2.238369,100,inner
342,496,12.139250,10.238369,100,inner
227,509,6.389250,10.888369,100,inner
409,257,15.489250,-1.711632,100,inner
458,262,17.939250,-1.461632,100,inner
186,477,4.339250,9.288369,100,inner
345,501,12.289250,10.488369,100,inner
461,267,18.089250,-1.211632,100,inner
144,331,2.239250,1.988369,100,inner
233,180,6.689250,-5.561632,100,inner
90,360,-0.460750,3.438369,100,inner
398,247,14.939250,-2.211632,100,inner
201,493,5.089250,10.088369,100,inner
390,243,14.539250,-2.411632,100,inner
417,117,15.889250,-8.711632,100,inner
462,268,18.139250,-1.161632,100,inner
473,277,18.689250,-0.711632,100,inner
91,361,-0.410750,3.488369,100,inner
394,133,14.739250,-7.911632,100,inner
387,94,14.389250,-9.861632,100,inner
94,366,-0.260750,3.738369,100,inner
403,447,15.189250,7.788369,100,inner
269,218,8.489250,-3.661632,100,inner
360,485,13.039250,9.688369,100,inner
442,146,17.139250,-7.261632,100,inner
158,387,2.939250,4.788369,100,inner
434,291,16.739250,-0.011632,100,inner
384,470,14.239250,8.938369,100,inner
182,335,4.139250,2.188369,100,inner
450,415,17.539250,6.188369,100,inner
497,347,19.889250,2.788369,100,inner
443,376,17.189250,4.238369,100,inner
447,346,17.389250,2.738369,100,inner
157,427,2.889250,6.788369,100,inner
130,410,1.539250,5.938369,100,inner
277,343,8.889250,2.588369,100,inner
433,182,16.689250,-5.461632,100,inner
249,510,7.489250,10.938369,100,inner
160,432,3.039250,7.038369,100,inner
241,506,7.089250,10.738369,100,inner
356,227,12.839250,-3.211632,100,inner
307,222,10.389250,-3.461632,100,inner
125,331,1.289250,1.988369,100,inner
325,505,11.289250,10.688369,100,inner
445,421,17.289250,6.488369,100,inner
242,507,7.139250,10.788369,100,inner
356,492,12.839250,10.038369,100,inner
491,308,19.589250,0.838368,100,inner
234,503,6.739250,10.588369,100,inner
154,394,2.739250,5.138369,100,inner
432,222,16.639250,-3.461632,100,inner
314,346,10.739250,2.738369,100,inner
286,513,9.339250,11.088369,100,inner
494,313,19.739250,1.088368,100,inner
167,333,3.389250,2.088369,100,inner
435,227,16.789250,-3.211632,100,inner
72,324,-1.360750,1.638369,100,inner
131,410,1.589250,5.938369,100,inner
372,473,13.639250,9.088369,100,inner
441,307,17.089250,0.788368,100,inner
175,453,3.789250,8.088369,100,inner
430,414,16.539250,6.138369,100,inner
329,511,11.489250,10.988369,100,inner
497,324,19.889250,1.638369,100,inner
263,157,8.189250,-6.711632,100,inner
287,514,9.389250,11.138369,100,inner
185,466,4.289250,8.738369,100,inner
245,517,7.289250,11.288369,100,inner
240,173,7.039250,-5.911632,100,inner
292,220,9.639250,-3.561632,100,inner
204,336,5.239250,2.238369,100,inner
366,169,13.339250,-6.111632,100,inner
439,239,16.989250,-2.611632,100,inner
444,317,17.239250,1.288368,100,inner
397,93,14.889250,-9.911632,100,inner
167,454,3.389250,8.138369,100,inner
367,479,13.389250,9.388369,100,inner
186,467,4.339250,8.788369,100,inner
447,359,17.389250,3.388369,100,inner
234,215,6.739250,-3.811632,100,inner
327,177,11.389250,-5.711632,100,inner
71,337,-1.410750,2.288369,100,inner
258,343,7.939250,2.588369,100,inner
238,514,6.939250,11.138369,100,inner
344,495,12.239250,10.188369,100,inner
110,328,0.539250,1.838369,100,inner
212,196,5.639250,-4.761632,100,inner
410,440,15.539250,7.438369,100,inner
153,406,2.689250,5.738369,100,inner
329,223,11.489250,-3.411632,100,inner
235,179,6.789250,-5.611632,100,inner
454,254,17.739250,-1.861632,100,inner
192,483,4.639250,9.588369,100,inner
426,421,16.339250,6.488369,100,inner
393,244,14.689250,-2.361632,100,inner
492,366,19.639250,3.738369,100,inner
438,395,16.939250,5.188369,100,inner
404,253,15.239250,-1.911632,100,inner
379,80,13.989250,-10.561632,100,inner
295,346,9.789250,2.738369,100,inner
348,501,12.439250,10.488369,100,inner
330,224,11.539250,-3.361632,100,inner
242,340,7.139250,2.438369,100,inner
267,513,8.389250,11.088369,100,inner
147,331,2.389250,1.988369,100,inner
235,215,6.789250,-3.811632,100,inner
439,396,16.989250,5.238369,100,inner
156,416,2.839250,6.238369,100,inner
157,381,2.889250,4.488369,100,inner
215,502,5.789250,10.538369,100,inner
426,277,16.339250,-0.711632,100,inner
385,239,14.289250,-2.611632,100,inner
272,219,8.639250,-3.611632,100,inner
497,337,19.889250,2.288369,100,inner
412,113,15.639250,-8.911632,100,inner
148,332,2.439250,2.038369,100,inner
209,199,5.489250,-4.611632,100,inner
429,202,16.489250,-4.461632,100,inner
86,357,-0.660750,3.288369,100,inner
447,336,17.389250,2.238369,100,inner
386,469,14.339250,8.888369,100,inner
386,240,14.339250,-2.561632,100,inner
452,414,17.639250,6.138369,100,inner
393,136,14.689250,-7.761632,100,inner
90,327,-0.460750,1.788369,100,inner
378,236,13.939250,-2.761632,100,inner
434,137,16.739250,-7.711632,100,inner
196,345,4.839250,2.688369,100,inner
479,288,18.989250,-0.161632,100,inner
268,513,8.439250,11.088369,100,inner
372,162,13.639250,-6.461632,100,inner
392,140,14.639250,-7.561632,100,inner
173,361,3.689250,3.488369,100,inner
111,386,0.589250,4.738369,100,inner
185,335,4.289250,2.188369,100,inner
247,167,7.389250,-6.211632,100,inner
270,150,8.539250,-7.061632,100,inner
215,214,5.789250,-3.861632,100,inner
489,374,19.489250,4.138369,100,inner
112,387,0.639250,4.788369,100,inner
115,392,0.789250,5.038369,100,inner
156,393,2.839250,5.088369,100,inner
317,347,10.889250,2.788369,100,inner
310,222,10.539250,-3.461632,100,inner
222,338,6.139250,2.338369,100,inner
122,400,1.139250,5.438369,100,inner
128,331,1.439250,1.988369,100,inner
271,151,8.589250,-7.011632,100,inner
328,505,11.439250,10.688369,100,inner
374,472,13.739250,9.038369,100,inner
298,513,9.939250,11.088369,100,inner
331,510,11.589250,10.938369,100,inner
184,348,4.239250,2.838369,100,inner
318,348,10.939250,2.838369,100,inner
338,177,11.939250,-5.711632,100,inner
355,495,12.789250,10.188369,100,inner
421,440,16.089250,7.438369,100,inner
167,444,3.389250,7.638369,100,inner
496,354,19.839250,3.138369,100,inner
200,212,5.039250,-3.961632,100,inner
170,449,3.539250,7.888369,100,inner
63,323,-1.810750,1.588369,100,inner
290,514,9.539250,11.138369,100,inner
378,69,13.939250,-11.111632,100,inner
153,396,2.689250,5.238369,100,inner
148,430,2.439250,6.938369,100,inner
414,437,15.739250,7.288369,100,inner
348,226,12.439250,-3.261632,100,inner
192,473,4.639250,9.088369,100,inner
151,435,2.589250,7.188369,100,inner
440,309,17.039250,0.888368,100,inner
371,475,13.589250,9.188369,100,inner
368,61,13.439250,-11.511632,100,inner
379,70,13.989250,-11.061632,100,inner
364,170,13.239250,-6.061632,100,inner
216,192,5.839250,-4.961632,100,inner
261,343,8.089250,2.588369,100,inner
443,320,17.189250,1.438369,100,inner
435,230,16.789250,-3.061632,100,inner
180,355,4.039250,3.188369,100,inner
152,436,2.639250,7.238369,100,inner
159,332,2.989250,2.038369,100,inner
332,223,11.639250,-3.411632,100,inner
238,216,6.939250,-3.761632,100,inner
497,327,19.889250,1.788369,100,inner
67,334,-1.610750,2.138369,100,inner
320,514,11.039250,11.138369,100,inner
394,463,14.739250,8.588369,100,inner
288,153,9.439250,-6.911632,100,inner
312,510,10.639250,10.938369,100,inner
177,465,3.889250,8.688369,100,inner
382,80,14.139250,-10.561632,100,inner
298,346,9.939250,2.738369,100,inner
204,339,5.239250,2.388369,100,inner
245,340,7.289250,2.438369,100,inner
460,265,18.039250,-1.311632,100,inner
385,85,14.289250,-10.311632,100,inner
281,522,9.089250,11.538369,100,inner
444,320,17.239250,1.438369,100,inner
471,274,18.589250,-0.861632,100,inner
188,480,4.439250,9.438369,100,inner
321,515,11.089250,11.188369,100,inner
389,241,14.489250,-2.511632,100,inner
387,460,14.389250,8.438369,100,inner
92,363,-0.360750,3.588369,100,inner
275,219,8.789250,-3.611632,100,inner
400,250,15.039250,-2.061632,100,inner
366,486,13.339250,9.738369,100,inner
271,514,8.589250,11.138369,100,inner
446,366,17.339250,3.738369,100,inner
390,465,14.539250,8.688369,100,inner
386,86,14.339250,-10.261632,100,inner
472,275,18.639250,-0.811632,100,inner
376,158,13.839250,-6.661632,100,inner
276,220,8.839250,-3.561632,100,inner
93,327,-0.310750,1.788369,100,inner
482,288,19.139250,-0.161632,100,inner
389,97,14.489250,-9.711632,100,inner
419,119,15.989250,-8.611632,100,inner
234,339,6.739250,2.388369,100,inner
300,513,10.039250,11.088369,100,inner
437,173,16.889250,-5.911632,100,inner
374,233,13.739250,-2.911632,100,inner
158,429,2.939250,6.888369,100,inner
313,223,10.689250,-3.411632,100,inner
218,214,5.939250,-3.861632,100,inner
472,396,18.639250,5.238369,100,inner
486,294,19.339250,0.138368,100,inner
393,103,14.689250,-9.411632,100,inner
363,489,13.189250,9.888369,100,inner
433,139,16.689250,-7.611632,100,inner
309,518,10.489250,11.338369,100,inner
429,434,16.489250,7.138369,100,inner
391,142,14.589250,-7.461632,100,inner
378,468,13.939250,8.838369,100,inner
340,176,12.039250,-5.761632,100,inner
226,340,6.339250,2.438369,100,inner
131,331,1.589250,1.988369,100,inner
82,326,-0.860750,1.738369,100,inner
446,343,17.339250,2.588369,100,inner
492,310,19.639250,0.938368,100,inner
372,165,13.639250,-6.311632,100,inner
431,214,16.589250,-3.861632,100,inner
129,407,1.489250,5.788369,100,inner
350,226,12.539250,-3.261632,100,inner
269,152,8.489250,-6.961632,100,inner
444,153,17.239250,-6.911632,100,inner
132,412,1.639250,6.038369,100,inner
401,457,15.089250,8.288369,100,inner
341,177,12.089250,-5.711632,100,inner
396,113,14.839250,-8.911632,100,inner
177,334,3.889250,2.138369,100,inner
243,508,7.189250,10.838369,100,inner
434,225,16.739250,-3.311632,100,inner
493,311,19.689250,0.988368,100,inner
350,491,12.539250,9.988369,100,inner
255,519,7.789250,11.388369,100,inner
296,520,9.839250,11.438369,100,inner
351,227,12.589250,-3.211632,100,inner
256,218,7.839250,-3.661632,100,inner
188,349,4.439250,2.888369,100,inner
133,413,1.689250,6.088369,100,inner
66,323,-1.660750,1.588369,100,inner
