cell_x,cell_y,world_x_m,world_y_m,hits,boundary_label
373,394,-13.539783,17.350776,100,outer
371,321,-11.269872,14.490705,100,outer
3,303,-24.785090,1.972362,100,outer
2,338,-25.948426,3.280662,100,outer
183,270,-16.830629,6.494425,100,outer
348,566,-20.026001,23.134501,100,outer
241,440,-20.073793,14.869501,100,outer
330,289,-11.811500,11.947255,100,outer
220,417,-20.138748,13.313615,100,outer
235,280,-15.160552,8.548894,100,outer
310,45,-4.734346,1.959568,100,outer
550,292,-3.482285,19.133818,100,outer
428,37,0.042016,5.446166,100,outer
243,400,-18.711438,13.401853,100,outer
145,243,-17.418081,4.238899,100,outer
223,571,-24.974020,19.308000,100,outer
551,373,-6.047646,22.268131,100,outer
349,567,-20.019847,23.204943,100,outer
242,441,-20.067638,14.939943,100,outer
311,46,-4.728191,2.030010,100,outer
439,52,-0.018860,6.374225,100,outer
194,135,-12.069914,1.677726,100,outer
220,273,-15.510020,7.798647,100,outer
167,267,-17.346971,5.865227,100,outer
9,355,-26.226785,4.156743,100,outer
322,406,-15.878729,16.171015,100,outer
315,281,-12.128824,11.158708,100,outer
556,344,-4.923980,21.318198,100,outer
367,557,-19.009036,23.400550,100,outer
388,351,-11.583118,16.186104,100,outer
19,368,-26.261672,4.976061,100,outer
496,213,-3.011027,14.372471,100,outer
273,284,-13.833789,9.923558,100,outer
166,158,-13.881580,1.658558,100,outer
341,10,-2.422057,1.615586,100,outer
364,402,-14.141620,17.367867,100,outer
499,218,-3.056852,14.660395,100,outer
232,103,-9.585969,1.673647,100,outer
2,315,-25.209116,2.399799,100,outer
520,241,-2.991896,16.216281,100,outer
377,341,-11.682961,15.449536,100,outer
215,279,-15.894376,7.867717,100,outer
140,514,-26.320582,14.457044,100,outer
389,352,-11.576963,16.256546,100,outer
20,369,-26.255518,5.046504,100,outer
376,4,-0.888750,2.510834,100,outer
354,394,-14.267453,16.740041,100,outer
308,98,-6.514571,3.925095,100,outer
521,242,-2.985742,16.286723,100,outer
258,277,-14.183257,9.173310,100,outer
337,570,-20.575860,22.934111,100,outer
457,486,-13.279961,23.574319,100,outer
323,406,-15.840430,16.203159,100,outer
310,287,-12.513180,11.227779,100,outer
141,515,-26.314428,14.527486,100,outer
181,551,-25.939674,17.191986,100,outer
45,398,-26.230232,6.960756,100,outer
309,99,-6.508417,3.995537,100,outer
265,401,-17.901017,14.147318,100,outer
301,95,-6.686228,3.585192,100,outer
311,288,-12.507026,11.298221,100,outer
337,426,-15.947132,17.419142,100,outer
248,577,-24.209424,20.341389,100,outer
283,455,-18.947419,16.794023,100,outer
479,101,-0.061978,9.536604,100,outer
295,280,-12.862648,10.477531,100,outer
349,400,-14.651808,16.809111,100,outer
201,273,-16.237690,7.187912,100,outer
429,509,-15.091627,23.555152,100,outer
46,399,-26.224078,7.031198,100,outer
495,454,-10.796016,23.570240,100,outer
266,402,-17.894863,14.217761,100,outer
253,283,-14.567613,9.242381,100,outer
49,404,-26.269902,7.319122,100,outer
508,164,-0.976393,12.881578,100,outer
56,263,-21.469517,2.144056,100,outer
539,268,-3.132113,17.861073,100,outer
249,578,-24.203270,20.411831,100,outer
216,401,-19.777639,12.572265,100,outer
376,390,-13.296312,17.294014,100,outer
337,282,-11.318404,11.904174,100,outer
496,455,-10.789861,23.640683,100,outer
483,107,-0.101648,9.894970,100,outer
201,129,-11.608962,1.672943,100,outer
330,14,-2.971915,1.415196,100,outer
536,262,-3.054145,17.534851,100,outer
4,338,-25.871830,3.344950,100,outer
361,1,-1.366794,1.913780,100,outer
224,112,-10.181652,1.761181,100,outer
303,405,-16.574254,15.521982,100,outer
377,354,-12.100832,15.947416,100,outer
252,94,-8.530706,1.971840,100,outer
285,91,-7.170427,2.917695,100,outer
81,441,-26.233680,9.764768,100,outer
1,332,-25.793861,3.018728,100,outer
26,276,-23.036340,1.677617,100,outer
309,76,-5.769106,3.114674,100,outer
547,393,-6.843719,22.905523,100,outer
305,451,-17.976279,17.347996,100,outer
280,278,-13.372836,9.918775,100,outer
185,269,-16.721888,6.520415,100,outer
494,201,-2.701896,13.848603,100,outer
371,396,-13.680668,17.363084,100,outer
138,194,-16.111117,2.137270,100,outer
238,281,-15.077801,8.683625,100,outer
337,403,-15.207821,16.538279,100,outer
143,272,-18.426853,5.285264,100,outer
85,447,-26.273350,10.123135,100,outer
543,279,-3.332503,18.410931,100,outer
6,303,-24.670195,2.068794,100,outer
226,572,-24.891269,19.442730,100,outer
186,270,-16.715734,6.590857,100,outer
507,176,-1.400419,13.309014,100,outer
464,480,-12.819009,23.569536,100,outer
384,371,-12.379190,16.823496,100,outer
8,349,-26.072219,3.894808,100,outer
556,334,-4.602541,20.935214,100,outer
388,341,-11.261678,15.803120,100,outer
333,405,-15.425302,16.486300,100,outer
423,33,-0.020900,5.132253,100,outer
174,152,-13.382329,1.685920,100,outer
315,91,-6.021475,3.882014,100,outer
349,4,-1.922807,1.642947,100,outer
45,267,-22.019375,1.943666,100,outer
554,373,-5.932751,22.364563,100,outer
398,534,-17.082476,23.516149,100,outer
2,305,-24.887676,2.016815,100,outer
256,450,-19.820756,15.734644,100,outer
318,282,-12.046073,11.293439,100,outer
248,446,-19.998568,15.324299,100,outer
223,273,-15.395125,7.895078,100,outer
377,331,-11.361521,15.066553,100,outer
389,342,-11.255524,15.873562,100,outer
276,285,-13.751038,10.058288,100,outer
424,34,-0.014745,5.202695,100,outer
181,276,-17.100089,6.659928,100,outer
316,92,-6.015321,3.952456,100,outer
132,271,-18.815991,4.893383,100,outer
322,23,-3.567598,1.502730,100,outer
111,477,-26.241910,12.107829,100,outer
549,294,-3.584872,19.178270,100,outer
555,374,-5.926597,22.435006,100,outer
325,406,-15.763833,16.267447,100,outer
321,27,-3.734472,1.623780,100,outer
266,91,-7.898096,2.306960,100,outer
212,120,-10.898384,1.681841,100,outer
356,393,-14.158712,16.766030,100,outer
491,209,-3.073943,14.058558,100,outer
227,279,-15.434795,8.253445,100,outer
155,260,-17.581545,5.211411,100,outer
449,63,0.010540,7.116947,100,outer
260,276,-14.074516,9.199299,100,outer
235,103,-9.471074,1.770079,100,outer
322,108,-6.299833,4.758094,100,outer
503,183,-1.778620,13.448527,100,outer
124,272,-19.154522,4.674530,100,outer
122,491,-26.270643,12.997590,100,outer
552,304,-3.791416,19.657686,100,outer
379,4,-0.773855,2.607266,100,outer
460,78,-0.050337,8.045006,100,outer
538,406,-7.606276,23.114107,100,outer
371,0,-0.951666,2.196921,100,outer
301,579,-22.243897,22.121614,100,outer
294,454,-18.493993,17.109308,100,outer
317,29,-3.951954,1.571801,100,outer
556,311,-3.863230,20.054351,100,outer
261,277,-14.068362,9.269742,100,outer
516,238,-3.048658,15.972810,100,outer
359,291,-10.765135,12.956026,100,outer
508,154,-0.654954,12.498594,100,outer
170,275,-17.489228,6.268046,100,outer
377,308,-10.622211,14.185690,100,outer
147,520,-26.245357,14.911842,100,outer
388,354,-11.679550,16.300999,100,outer
433,505,-14.809857,23.530534,100,outer
133,213,-16.913344,2.704220,100,outer
308,65,-5.453821,2.661248,100,outer
555,351,-5.187286,21.554142,100,outer
254,94,-8.454109,2.036128,100,outer
298,280,-12.747753,10.573963,100,outer
527,252,-3.077391,16.862571,100,outer
377,344,-11.779392,15.564432,100,outer
148,521,-26.239203,14.982284,100,outer
302,579,-22.205599,22.153758,100,outer
281,456,-19.056160,16.768033,100,outer
256,283,-14.452718,9.338812,100,outer
297,92,-6.742990,3.341721,100,outer
113,271,-19.543660,4.282648,100,outer
151,526,-26.285027,15.270208,100,outer
252,578,-24.088375,20.508263,100,outer
309,66,-5.447667,2.731690,100,outer
534,413,-7.984477,23.253620,100,outer
405,528,-16.621523,23.511366,100,outer
455,488,-13.420846,23.586628,100,outer
313,36,-4.330155,1.711314,100,outer
336,428,-16.049718,17.463595,100,outer
486,107,0.013247,9.991402,100,outer
428,511,-15.194213,23.599605,100,outer
328,573,-21.016977,22.759711,100,outer
155,273,-17.999416,5.709290,100,outer
241,276,-14.802186,8.588565,100,outer
66,424,-26.261708,8.631537,100,outer
494,456,-10.898602,23.614693,100,outer
181,145,-12.889233,1.642838,100,outer
380,550,-18.286150,23.550333,100,outer
472,474,-12.319758,23.596897,100,outer
355,563,-19.661481,23.244613,100,outer
376,357,-12.235562,16.030167,100,outer
67,425,-26.255554,8.701979,100,outer
283,278,-13.257941,10.015207,100,outer
554,363,-5.611312,21.981579,100,outer
324,575,-21.234458,22.707732,100,outer
192,276,-16.678807,7.013511,100,outer
77,438,-26.290441,9.521297,100,outer
558,333,-4.493800,20.961203,100,outer
249,401,-18.513792,13.633015,100,outer
329,281,-11.592647,11.608724,100,outer
369,317,-11.217893,14.273223,100,outer
504,133,-0.133124,11.565752,100,outer
92,454,-26.230268,10.616231,100,outer
287,284,-13.297611,10.373573,100,outer
4,341,-25.968261,3.459845,100,outer
259,451,-19.738005,15.869374,100,outer
218,413,-20.086769,13.096134,100,outer
98,268,-20.021705,3.685593,100,outer
251,447,-19.915816,15.459029,100,outer
226,274,-15.312374,8.029809,100,outer
17,280,-23.509602,1.541515,100,outer
102,467,-26.265156,11.435549,100,outer
444,496,-14.099280,23.539432,100,outer
316,576,-21.572989,22.488878,100,outer
1,335,-25.890293,3.133623,100,outer
143,239,-17.366102,4.021417,100,outer
229,279,-15.358198,8.317732,100,outer
491,199,-2.752504,13.675574,100,outer
430,40,0.022181,5.625349,100,outer
5,305,-24.772781,2.113247,100,outer
286,404,-17.193183,14.937236,100,outer
321,282,-11.931178,11.389870,100,outer
172,153,-13.491070,1.659930,100,outer
272,277,-13.647080,9.623325,100,outer
397,537,-17.217206,23.598900,100,outer
243,442,-20.061484,15.010386,100,outer
507,143,-0.339669,12.045167,100,outer
222,419,-20.126439,13.454500,100,outer
103,468,-26.259001,11.505992,100,outer
230,280,-15.352044,8.388175,100,outer
325,23,-3.452703,1.599162,100,outer
376,334,-11.496251,15.149304,100,outer
7,351,-26.174806,3.939261,100,outer
106,473,-26.304826,11.793916,100,outer
497,215,-3.037017,14.481212,100,outer
312,578,-21.790471,22.436899,100,outer
252,447,-19.877518,15.491173,100,outer
244,443,-20.055329,15.080828,100,outer
239,99,-9.189305,1.745461,100,outer
508,144,-0.333514,12.115610,100,outer
325,288,-11.970848,11.748237,100,outer
441,54,-0.006552,6.515110,100,outer
343,422,-15.588765,17.458812,100,outer
8,352,-26.168651,4.009703,100,outer
355,396,-14.293442,16.848781,100,outer
555,324,-4.319400,20.520086,100,outer
11,357,-26.214476,4.297627,100,outer
267,283,-14.031435,9.692396,100,outer
210,566,-25.311180,18.698636,100,outer
133,203,-16.591904,2.321236,100,outer
308,55,-5.132382,2.278264,100,outer
541,406,-7.491380,23.210539,100,outer
374,0,-0.836771,2.293352,100,outer
145,177,-15.296581,1.711205,100,outer
320,29,-3.837059,1.668233,100,outer
508,229,-3.065749,15.370973,100,outer
36,270,-22.460493,1.769266,100,outer
264,277,-13.953467,9.366174,100,outer
211,122,-11.000970,1.726294,100,outer
445,60,-0.046222,6.873476,100,outer
1,312,-25.150982,2.252760,100,outer
498,215,-2.998718,14.513356,100,outer
558,346,-4.911671,21.459082,100,outer
132,503,-26.273386,13.778610,100,outer
435,504,-14.701117,23.556523,100,outer
173,275,-17.374333,6.364478,100,outer
502,185,-1.881206,13.492980,100,outer
309,56,-5.126227,2.348706,100,outer
522,429,-8.958361,23.480667,100,outer
413,522,-16.122272,23.538728,100,outer
71,264,-20.927185,2.664513,100,outer
380,345,-11.696641,15.699162,100,outer
375,1,-0.830616,2.363795,100,outer
479,467,-11.826661,23.553816,100,outer
22,371,-26.243209,5.187388,100,outer
115,270,-19.434920,4.308637,100,outer
537,408,-7.708862,23.158560,100,outer
136,213,-16.798449,2.800652,100,outer
502,450,-10.399351,23.642054,100,outer
549,382,-6.413539,22.548529,100,outer
456,74,-0.074955,7.763237,100,outer
305,287,-12.704672,11.067059,100,outer
143,517,-26.302119,14.668371,100,outer
210,278,-16.053724,7.668699,100,outer
552,307,-3.887848,19.772581,100,outer
116,271,-19.428765,4.379080,100,outer
47,400,-26.217923,7.101640,100,outer
316,445,-17.362133,17.471789,100,outer
537,264,-3.080134,17.643591,100,outer
0,325,-25.607152,2.718495,100,outer
309,406,-16.376608,15.753144,100,outer
295,93,-6.851731,3.315732,100,outer
141,184,-15.674782,1.850718,100,outer
316,36,-4.215260,1.807746,100,outer
474,473,-12.211017,23.622887,100,outer
307,67,-5.556408,2.705701,100,outer
179,147,-13.030117,1.655147,100,outer
58,415,-26.278800,8.029699,100,outer
357,562,-19.552740,23.270603,100,outer
244,276,-14.687291,8.684996,100,outer
558,323,-4.172360,20.578219,100,outer
538,265,-3.073980,17.714034,100,outer
288,90,-7.023388,2.975829,100,outer
312,447,-17.579614,17.419810,100,outer
308,68,-5.550253,2.776143,100,outer
387,361,-11.942856,16.536944,100,outer
363,4,-1.386629,2.092963,100,outer
243,576,-24.368772,20.142370,100,outer
379,357,-12.120667,16.126599,100,outer
372,318,-11.135142,14.407954,100,outer
312,38,-4.432741,1.755767,100,outer
3,335,-25.813696,3.197911,100,outer
157,164,-14.419129,1.599053,100,outer
332,16,-2.959607,1.556081,100,outer
248,282,-14.726961,9.043363,100,outer
195,276,-16.563912,7.109943,100,outer
252,401,-18.398896,13.729447,100,outer
84,445,-26.247360,10.014394,100,outer
332,281,-11.477752,11.705155,100,outer
280,91,-7.361919,2.756976,100,outer
541,275,-3.280524,18.193449,100,outer
546,390,-6.785585,22.758484,100,outer
350,415,-15.095669,17.415731,100,outer
87,450,-26.293185,10.302318,100,outer
544,280,-3.326348,18.481373,100,outer
311,78,-5.756797,3.255559,100,outer
180,269,-16.913380,6.359695,100,outer
139,231,-17.262144,3.586455,100,outer
241,99,-9.112708,1.809749,100,outer
385,372,-12.373036,16.893938,100,outer
422,31,0.005090,5.023512,100,outer
138,272,-18.618345,5.124545,100,outer
218,115,-10.507874,1.683212,100,outer
88,451,-26.287030,10.372760,100,outer
281,580,-23.042009,21.517034,100,outer
220,570,-25.056772,19.173269,100,outer
509,444,-9.938399,23.637272,100,outer
214,410,-20.143531,12.852663,100,outer
375,364,-12.498868,16.266112,100,outer
247,444,-19.972578,15.215558,100,outer
335,291,-11.684296,12.184571,100,outer
286,286,-13.400198,10.418026,100,outer
4,308,-24.907511,2.195998,100,outer
233,280,-15.237149,8.484607,100,outer
219,116,-10.501719,1.753655,100,outer
558,336,-4.590232,21.076098,100,outer
241,400,-18.788035,13.337565,100,outer
113,480,-26.261745,12.287012,100,outer
221,571,-25.050617,19.243712,100,outer
213,567,-25.228429,18.833367,100,outer
347,567,-20.096444,23.140655,100,outer
548,291,-3.526738,19.031231,100,outer
366,400,-14.000736,17.355558,100,outer
123,493,-26.296632,13.106331,100,outer
164,265,-17.397579,5.692199,100,outer
323,438,-16.869036,17.428708,100,outer
270,283,-13.916540,9.788828,100,outer
136,203,-16.477009,2.417668,100,outer
81,267,-20.640633,3.100848,100,outer
415,521,-16.013532,23.564717,100,outer
377,0,-0.721876,2.389784,100,outer
481,466,-11.717921,23.579806,100,outer
11,288,-23.996544,1.655038,100,outer
313,281,-12.205421,11.094420,100,outer
509,156,-0.680943,12.607334,100,outer
124,494,-26.290478,13.176773,100,outer
554,307,-3.811251,19.836869,100,outer
28,377,-26.206282,5.610042,100,outer
332,114,-6.109713,5.309324,100,outer
518,241,-3.068493,16.151993,100,outer
255,276,-14.266008,9.038580,100,outer
382,380,-12.745083,17.103894,100,outer
0,315,-25.285712,2.335511,100,outer
187,141,-12.530867,1.682508,100,outer
213,279,-15.970973,7.803429,100,outer
307,57,-5.234968,2.322717,100,outer
118,270,-19.320025,4.405069,100,outer
515,235,-2.990524,15.825771,100,outer
262,580,-23.769679,20.906299,100,outer
379,311,-10.642046,14.364873,100,outer
29,378,-26.200128,5.680485,100,outer
149,523,-26.265192,15.091025,100,outer
308,287,-12.589777,11.163491,100,outer
39,391,-26.235015,6.499803,100,outer
119,271,-19.313870,4.475511,100,outer
529,255,-3.097226,17.041754,100,outer
412,524,-16.224859,23.583181,100,outer
150,524,-26.259038,15.161467,100,outer
306,97,-6.559024,3.822508,100,outer
357,408,-14.602573,17.372650,100,outer
466,86,-0.077698,8.544257,100,outer
263,401,-17.977614,14.083030,100,outer
369,382,-13.307250,16.762619,100,outer
314,446,-17.470874,17.445799,100,outer
7,295,-24.374745,1.794551,100,outer
309,288,-12.583622,11.233933,100,outer
557,353,-5.174977,21.695027,100,outer
214,279,-15.932674,7.835573,100,outer
246,577,-24.286021,20.277101,100,outer
198,271,-16.288297,7.014883,100,outer
488,110,-0.006588,10.170585,100,outer
43,397,-26.274685,6.858169,100,outer
358,409,-14.596418,17.443092,100,outer
533,261,-3.136896,17.400120,100,outer
226,110,-10.040767,1.748872,100,outer
251,283,-14.644209,9.178093,100,outer
299,94,-6.730681,3.482606,100,outer
291,90,-6.908493,3.072261,100,outer
156,274,-17.993261,5.779733,100,outer
136,216,-16.894880,2.915547,100,outer
450,492,-13.740913,23.579102,100,outer
54,263,-21.546114,2.079768,100,outer
247,578,-24.279867,20.347543,100,outer
516,437,-9.445303,23.594190,100,outer
293,279,-12.907101,10.374945,100,outer
140,186,-15.777369,1.895171,100,outer
509,169,-1.098814,13.105213,100,outer
548,389,-6.676845,22.784474,100,outer
386,327,-10.888260,15.202654,100,outer
23,275,-23.119092,1.542886,100,outer
68,426,-26.249399,8.772421,100,outer
343,402,-14.945887,16.692844,100,outer
330,432,-16.408084,17.423925,100,outer
301,405,-16.650851,15.457694,100,outer
288,286,-13.323601,10.482314,100,outer
283,91,-7.247024,2.853407,100,outer
502,129,-0.081145,11.348270,100,outer
82,446,-26.356101,9.988404,100,outer
2,337,-25.916282,3.242364,100,outer
236,275,-14.961534,8.389546,100,outer
183,269,-16.798485,6.456127,100,outer
557,330,-4.435666,20.814164,100,outer
220,416,-20.106604,13.275317,100,outer
489,461,-11.250814,23.645465,100,outer
141,272,-18.503449,5.220977,100,outer
503,130,-0.074991,11.418712,100,outer
231,574,-24.764065,19.680046,100,outer
243,399,-18.679294,13.363555,100,outer
493,202,-2.772339,13.854757,100,outer
42,266,-22.102127,1.808936,100,outer
389,543,-17.716457,23.571539,100,outer
349,566,-19.987703,23.166645,100,outer
135,228,-17.318906,3.342984,100,outer
242,440,-20.035494,14.901645,100,outer
136,193,-16.155570,2.034684,100,outer
221,417,-20.100450,13.345759,100,outer
289,286,-13.285302,10.514458,100,outer
310,80,-5.859384,3.300012,100,outer
253,449,-19.903507,15.599914,100,outer
19,282,-23.497293,1.682399,100,outer
179,271,-17.015966,6.404148,100,outer
105,471,-26.278836,11.685175,100,outer
224,422,-20.146274,13.633683,100,outer
244,400,-18.673140,13.433997,100,outer
151,172,-14.906071,1.712577,100,outer
9,354,-26.194641,4.118444,100,outer
347,4,-1.999403,1.578660,100,outer
149,248,-17.425608,4.558967,100,outer
374,366,-12.601454,16.310564,100,outer
221,273,-15.471722,7.830790,100,outer
375,331,-11.438118,15.002265,100,outer
195,135,-12.031616,1.709870,100,outer
443,57,-0.026387,6.694293,100,outer
6,348,-26.116672,3.792222,100,outer
496,212,-2.978883,14.334173,100,outer
556,343,-4.891836,21.279899,100,outer
130,500,-26.253551,13.599427,100,outer
378,336,-11.483943,15.290188,100,outer
345,568,-20.205185,23.114666,100,outer
130,271,-18.892588,4.829095,100,outer
419,517,-15.731762,23.540099,100,outer
2,314,-25.176972,2.361501,100,outer
150,249,-17.419453,4.629409,100,outer
313,577,-21.720029,22.430745,100,outer
281,403,-17.352531,14.738218,100,outer
317,97,-6.137742,4.176092,100,outer
316,281,-12.090526,11.190852,100,outer
368,557,-18.970738,23.432694,100,outer
389,351,-11.544819,16.218248,100,outer
20,368,-26.223374,5.008205,100,outer
167,158,-13.843282,1.690702,100,outer
342,10,-2.383759,1.647730,100,outer
10,354,-26.156342,4.150588,100,outer
23,373,-26.269198,5.296129,100,outer
258,276,-14.151113,9.135012,100,outer
233,103,-9.547671,1.705791,100,outer
391,540,-17.543428,23.520932,100,outer
134,506,-26.293221,13.957793,100,outer
523,430,-8.952206,23.551109,100,outer
264,90,-7.942549,2.204374,100,outer
216,279,-15.856077,7.899861,100,outer
444,57,0.011912,6.726437,100,outer
265,580,-23.654783,21.002731,100,outer
292,454,-18.570590,17.045020,100,outer
224,399,-19.406964,12.752820,100,outer
24,374,-26.263044,5.366571,100,outer
259,277,-14.144959,9.205454,100,outer
392,541,-17.537274,23.591374,100,outer
458,486,-13.241663,23.606463,100,outer
525,247,-2.993268,16.606791,100,outer
311,287,-12.474882,11.259923,100,outer
262,282,-14.190783,9.493378,100,outer
338,12,-2.601240,1.595751,100,outer
122,271,-19.198975,4.571943,100,outer
381,382,-12.847669,17.148346,100,outer
319,407,-16.025768,16.112882,100,outer
509,159,-0.777375,12.722229,100,outer
260,92,-8.160031,2.152395,100,outer
266,401,-17.862719,14.179462,100,outer
145,520,-26.321954,14.847554,100,outer
364,558,-19.156076,23.342417,100,outer
49,403,-26.237758,7.280823,100,outer
357,290,-10.809587,12.853440,100,outer
376,389,-13.264168,17.255715,100,outer
296,280,-12.824350,10.509675,100,outer
388,363,-11.968845,16.645685,100,outer
483,106,-0.069504,9.856672,100,outer
279,456,-19.132757,16.703745,100,outer
254,283,-14.529314,9.274525,100,outer
205,278,-16.245216,7.507979,100,outer
345,401,-14.837146,16.718834,100,outer
50,404,-26.231604,7.351266,100,outer
57,263,-21.431219,2.176200,100,outer
2,327,-25.594843,2.859380,100,outer
295,580,-22.505832,21.967049,100,outer
252,93,-8.498562,1.933542,100,outer
377,353,-12.068688,15.909117,100,outer
202,272,-16.167247,7.181757,100,outer
60,417,-26.266491,8.170584,100,outer
334,428,-16.126315,17.399307,100,outer
300,286,-12.864020,10.868041,100,outer
426,511,-15.270810,23.535317,100,outer
547,392,-6.811575,22.867225,100,outer
377,389,-13.225870,17.287859,100,outer
304,405,-16.535956,15.554126,100,outer
27,276,-22.998042,1.709761,100,outer
202,128,-11.538519,1.666788,100,outer
543,278,-3.300359,18.372632,100,outer
139,188,-15.879955,1.939624,100,outer
314,40,-4.420432,1.896652,100,outer
239,275,-14.846639,8.485978,100,outer
353,297,-11.187789,12.992953,100,outer
186,269,-16.683590,6.552559,100,outer
345,293,-11.365600,12.582607,100,outer
372,396,-13.642370,17.395228,100,outer
138,229,-17.236155,3.477714,100,outer
322,575,-21.311055,22.643444,100,outer
329,434,-16.510670,17.468378,100,outer
86,447,-26.235051,10.155279,100,outer
556,333,-4.570397,20.896915,100,outer
306,450,-17.905836,17.341841,100,outer
274,89,-7.527421,2.487515,100,outer
386,330,-10.984692,15.317550,100,outer
174,151,-13.350185,1.647621,100,outer
89,452,-26.280876,10.443202,100,outer
414,20,0.052286,4.345078,100,outer
547,284,-3.340029,18.730999,100,outer
264,453,-19.610801,16.106691,100,outer
256,449,-19.788612,15.696346,100,outer
216,413,-20.163366,13.031846,100,outer
197,134,-11.922875,1.735859,100,outer
329,290,-11.881942,11.953409,100,outer
389,341,-11.223380,15.835264,100,outer
334,405,-15.387004,16.518444,100,outer
275,90,-7.521267,2.557957,100,outer
46,267,-21.981077,1.975810,100,outer
322,22,-3.535454,1.464432,100,outer
238,437,-20.092256,14.658174,100,outer
284,404,-17.269780,14.872948,100,outer
257,450,-19.782458,15.766788,100,outer
540,407,-7.561823,23.216693,100,outer
377,366,-12.486559,16.406996,100,outer
249,446,-19.960269,15.356443,100,outer
345,5,-2.108144,1.552670,100,outer
465,479,-12.748566,23.563382,100,outer
135,195,-16.258156,2.079137,100,outer
425,34,0.023553,5.234839,100,outer
133,271,-18.777693,4.925527,100,outer
428,39,-0.022272,5.522763,100,outer
115,482,-26.249436,12.427897,100,outer
215,569,-25.216120,18.974251,100,outer
551,375,-6.111934,22.344728,100,outer
122,490,-26.238499,12.959291,100,outer
75,266,-20.838280,2.869686,100,outer
437,502,-14.560232,23.544214,100,outer
228,279,-15.396497,8.285588,100,outer
33,269,-22.543244,1.634535,100,outer
261,276,-14.036218,9.231443,100,outer
285,404,-17.231481,14.905092,100,outer
310,577,-21.834924,22.334313,100,outer
508,153,-0.622810,12.460295,100,outer
170,274,-17.457084,6.229748,100,outer
208,566,-25.387777,18.634348,100,outer
380,4,-0.735556,2.639410,100,outer
268,580,-23.539888,21.099163,100,outer
372,0,-0.913368,2.229065,100,outer
227,399,-19.292068,12.849252,100,outer
556,346,-4.988268,21.394794,100,outer
388,353,-11.647406,16.262701,100,outer
209,122,-11.077567,1.662006,100,outer
464,83,-0.057863,8.365074,100,outer
517,238,-3.010359,16.004954,100,outer
353,395,-14.337895,16.746195,100,outer
454,69,0.009168,7.507457,100,outer
520,243,-3.056184,16.292878,100,outer
171,275,-17.450929,6.300190,100,outer
232,105,-9.650257,1.750244,100,outer
76,266,-20.799981,2.901830,100,outer
2,317,-25.273404,2.476396,100,outer
204,272,-16.090651,7.246045,100,outer
336,571,-20.646302,22.940265,100,outer
377,343,-11.747249,15.526133,100,outer
390,542,-17.646014,23.565385,100,outer
41,394,-26.254850,6.678986,100,outer
389,354,-11.641251,16.333143,100,outer
113,270,-19.511517,4.244349,100,outer
151,525,-26.252883,15.231910,100,outer
434,505,-14.771559,23.562678,100,outer
335,117,-6.091250,5.520651,100,outer
500,450,-10.475948,23.577766,100,outer
309,65,-5.415523,2.693392,100,outer
327,113,-6.269061,5.110306,100,outer
521,244,-3.050029,16.363320,100,outer
163,536,-26.146886,16.038919,100,outer
299,280,-12.709455,10.606107,100,outer
250,275,-14.425356,8.839562,100,outer
336,427,-16.017574,17.425297,100,outer
282,456,-19.017862,16.800177,100,outer
257,283,-14.414419,9.370956,100,outer
208,278,-16.130321,7.604411,100,outer
152,526,-26.246729,15.302352,100,outer
60,263,-21.316324,2.272632,100,outer
298,580,-22.390936,22.063481,100,outer
535,264,-3.156731,17.579303,100,outer
472,473,-12.287614,23.558599,100,outer
303,286,-12.749125,10.964473,100,outer
215,402,-19.848081,12.578420,100,outer
67,424,-26.223410,8.663681,100,outer
242,276,-14.763887,8.620708,100,outer
490,112,0.005721,10.311470,100,outer
495,456,-10.860304,23.646837,100,outer
329,15,-3.042358,1.421351,100,outer
70,429,-26.269235,8.951604,100,outer
258,400,-18.136962,13.884012,100,outer
359,303,-11.150862,13.415607,100,outer
324,574,-21.202314,22.669433,100,outer
508,166,-1.040681,12.958174,100,outer
56,265,-21.533805,2.220653,100,outer
539,270,-3.196401,17.937669,100,outer
501,127,-0.055156,11.239529,100,outer
241,576,-24.445369,20.078083,100,outer
288,279,-13.098593,10.214225,100,outer
504,132,-0.100980,11.527453,100,outer
71,430,-26.263080,9.022047,100,outer
246,282,-14.803558,8.979075,100,outer
4,340,-25.936117,3.421547,100,outer
151,273,-18.152609,5.580714,100,outer
325,575,-21.196160,22.739875,100,outer
356,562,-19.591039,23.238459,100,outer
377,356,-12.165120,16.024012,100,outer
330,281,-11.554349,11.640868,100,outer
1,334,-25.858149,3.095325,100,outer
48,266,-21.872336,2.001799,100,outer
409,16,-0.010630,4.031165,100,outer
309,78,-5.833394,3.191271,100,outer
5,304,-24.740637,2.074949,100,outer
185,271,-16.786176,6.597012,100,outer
177,267,-16.963987,6.186667,100,outer
138,196,-16.175405,2.213867,100,outer
312,83,-5.879219,3.479195,100,outer
222,418,-20.094295,13.416201,100,outer
230,279,-15.319900,8.349876,100,outer
150,170,-14.880082,1.603836,100,outer
374,552,-18.580228,23.434066,100,outer
279,580,-23.118606,21.452746,100,outer
374,323,-11.219265,14.663734,100,outer
287,404,-17.154885,14.969380,100,outer
186,272,-16.780022,6.667454,100,outer
173,153,-13.452771,1.692074,100,outer
178,268,-16.957833,6.257109,100,outer
244,442,-20.023185,15.042530,100,outer
373,327,-11.386139,14.784783,100,outer
223,419,-20.088141,13.486644,100,outer
284,286,-13.476794,10.353738,100,outer
384,373,-12.443478,16.900093,100,outer
507,178,-1.464707,13.385611,100,outer
376,369,-12.621289,16.489748,100,outer
222,274,-15.465567,7.901233,100,outer
8,351,-26.136507,3.971405,100,outer
107,473,-26.266527,11.826060,100,outer
134,198,-16.392886,2.161888,100,outer
556,336,-4.666829,21.011810,100,outer
388,343,-11.325966,15.879717,100,outer
375,553,-18.574074,23.504508,100,outer
218,569,-25.101224,19.070683,100,outer
315,93,-6.085763,3.958610,100,outer
398,536,-17.146763,23.592746,100,outer
151,250,-17.413299,4.699851,100,outer
78,266,-20.723384,2.966118,100,outer
2,307,-24.951964,2.093412,100,outer
163,261,-17.307301,5.506861,100,outer
558,345,-4.879527,21.420784,100,outer
223,275,-15.459413,7.971675,100,outer
445,59,-0.014078,6.835178,100,outer
1,311,-25.118838,2.214462,100,outer
132,502,-26.241242,13.740312,100,outer
141,242,-17.539131,4.072025,100,outer
316,94,-6.079608,4.029053,100,outer
12,357,-26.176177,4.329771,100,outer
211,566,-25.272881,18.730780,100,outer
502,184,-1.849062,13.454682,100,outer
309,55,-5.094083,2.310408,100,outer
79,267,-20.717230,3.036560,100,outer
380,344,-11.664497,15.660864,100,outer
319,99,-6.125433,4.316977,100,outer
375,0,-0.798473,2.325496,100,outer
344,421,-15.518323,17.452658,100,outer
212,122,-10.962672,1.758438,100,outer
22,370,-26.211065,5.149090,100,outer
446,60,-0.007923,6.905620,100,outer
436,504,-14.662818,23.588667,100,outer
356,395,-14.223000,16.842627,100,outer
293,455,-18.564435,17.115462,100,outer
174,275,-17.336034,6.396622,100,outer
449,65,-0.053748,7.193544,100,outer
502,220,-3.006244,14.833424,100,outer
333,119,-6.232134,5.532960,100,outer
143,516,-26.269975,14.630072,100,outer
552,306,-3.855704,19.734283,100,outer
116,270,-19.396621,4.340781,100,outer
311,100,-6.463964,4.098123,100,outer
471,89,0.017362,8.819872,100,outer
340,423,-15.735805,17.400679,100,outer
303,96,-6.641775,3.687778,100,outer
337,9,-2.543107,1.448712,100,outer
302,280,-12.594560,10.702539,100,outer
33,272,-22.639676,1.749431,100,outer
26,376,-26.250735,5.507456,100,outer
158,532,-26.209802,15.725006,100,outer
211,278,-16.015425,7.700843,100,outer
117,271,-19.390467,4.411224,100,outer
377,310,-10.686498,14.262286,100,outer
147,522,-26.309645,14.988439,100,outer
485,109,-0.089339,10.035855,100,outer
498,191,-2.227263,13.594195,100,outer
441,500,-14.342751,23.596193,100,outer
296,93,-6.813432,3.347875,100,outer
312,446,-17.547470,17.381511,100,outer
133,215,-16.977632,2.780817,100,outer
387,360,-11.910712,16.498645,100,outer
180,147,-12.991819,1.687291,100,outer
306,286,-12.634230,11.060905,100,outer
379,356,-12.088523,16.088300,100,outer
212,279,-16.009271,7.771285,100,outer
482,103,-0.011371,9.709633,100,outer
555,353,-5.251574,21.630739,100,outer
358,562,-19.514442,23.302747,100,outer
196,271,-16.364894,6.950595,100,outer
248,281,-14.694817,9.005064,100,outer
297,94,-6.807278,3.418318,100,outer
381,316,-10.726168,14.620652,100,outer
52,406,-26.219295,7.492150,100,outer
368,383,-13.377692,16.768774,100,outer
313,447,-17.541316,17.451954,100,outer
309,68,-5.511955,2.808287,100,outer
514,437,-9.521899,23.529903,100,outer
327,574,-21.087419,22.765865,100,outer
534,415,-8.048765,23.330217,100,outer
405,530,-16.685811,23.587963,100,outer
291,279,-12.983698,10.310657,100,outer
471,475,-12.390200,23.603052,100,outer
546,389,-6.753441,22.720186,100,outer
274,455,-19.292105,16.504727,100,outer
355,300,-11.207624,13.172136,100,outer
188,272,-16.703425,6.731742,100,outer
139,230,-17.230001,3.548156,100,outer
191,277,-16.749249,7.019666,100,outer
351,415,-15.057371,17.447875,100,outer
376,359,-12.299850,16.106764,100,outer
88,450,-26.254886,10.334462,100,outer
545,280,-3.288050,18.513517,100,outer
363,389,-13.762047,16.837844,100,outer
404,12,-0.073546,3.717252,100,outer
234,275,-15.038131,8.325259,100,outer
286,285,-13.368054,10.379728,100,outer
4,307,-24.875367,2.157700,100,outer
97,269,-20.092147,3.691748,100,outer
366,314,-11.236356,14.061896,100,outer
501,130,-0.151588,11.354425,100,outer
16,281,-23.580044,1.547669,100,outer
282,580,-23.003711,21.549178,100,outer
558,335,-4.558088,21.037800,100,outer
377,552,-18.465333,23.530498,100,outer
426,36,-0.002436,5.343580,100,outer
405,13,-0.067392,3.787694,100,outer
241,399,-18.755891,13.299267,100,outer
504,135,-0.197412,11.642348,100,outer
490,200,-2.822946,13.681729,100,outer
92,456,-26.294556,10.692828,100,outer
181,268,-16.842938,6.353541,100,outer
416,22,0.064595,4.485963,100,outer
221,570,-25.018473,19.205413,100,outer
287,286,-13.361899,10.450170,100,outer
4,343,-26.032549,3.536442,100,outer
359,391,-13.979529,16.785865,100,outer
218,415,-20.151057,13.172731,100,outer
548,290,-3.494594,18.992933,100,outer
137,198,-16.277991,2.258320,100,outer
242,400,-18.749736,13.369709,100,outer
324,24,-3.523145,1.605317,100,outer
215,117,-10.687057,1.663377,100,outer
240,439,-20.079947,14.799059,100,outer
158,257,-17.370218,5.192948,100,outer
177,270,-17.060419,6.301562,100,outer
506,180,-1.567293,13.430064,100,outer
507,145,-0.403956,12.121764,100,outer
427,36,0.035862,5.375724,100,outer
324,289,-12.041290,11.754391,100,outer
526,424,-8.644447,23.417751,100,outer
343,568,-20.281781,23.050378,100,outer
271,283,-13.878242,9.820972,100,outer
376,336,-11.560539,15.225901,100,outer
382,379,-12.712939,17.065595,100,outer
440,500,-14.381049,23.564050,100,outer
279,403,-17.429128,14.673930,100,outer
506,445,-10.085438,23.579138,100,outer
262,579,-23.737535,20.868001,100,outer
128,499,-26.298004,13.496841,100,outer
35,271,-22.530935,1.775420,100,outer
325,110,-6.249226,4.931123,100,outer
320,440,-17.048220,17.408873,100,outer
13,289,-23.952091,1.757624,100,outer
188,141,-12.492568,1.714652,100,outer
133,205,-16.656192,2.397833,100,outer
521,430,-9.028803,23.486821,100,outer
119,270,-19.281726,4.437213,100,outer
463,80,0.000271,8.218035,100,outer
412,523,-16.192715,23.544882,100,outer
263,580,-23.731380,20.938443,100,outer
145,179,-15.360869,1.787802,100,outer
478,468,-11.897104,23.559971,100,outer
519,240,-2.998050,16.145839,100,outer
1,314,-25.215270,2.329357,100,outer
153,528,-26.272718,15.411093,100,outer
33,383,-26.207654,6.000552,100,outer
362,293,-10.714527,13.129054,100,outer
309,287,-12.551478,11.195635,100,outer
522,431,-9.022649,23.557264,100,outer
214,278,-15.900530,7.797275,100,outer
380,347,-11.760929,15.775759,100,outer
375,3,-0.894904,2.440392,100,outer
371,378,-13.102077,16.673713,100,outer
43,396,-26.242541,6.819871,100,outer
317,407,-16.102365,16.048594,100,outer
184,143,-12.710050,1.662673,100,outer
222,398,-19.451416,12.650234,100,outer
9,291,-24.169572,1.705645,100,outer
479,469,-11.890949,23.630413,100,outer
154,529,-26.266564,15.481535,100,outer
136,215,-16.862737,2.877248,100,outer
165,538,-26.134577,16.179804,100,outer
247,577,-24.247723,20.309245,100,outer
199,271,-16.249999,7.047027,100,outer
157,274,-17.954963,5.811876,100,outer
292,90,-6.870194,3.104405,100,outer
343,401,-14.913743,16.654546,100,outer
108,269,-19.670865,4.045331,100,outer
492,115,-0.014114,10.490653,100,outer
47,402,-26.282211,7.178237,100,outer
0,327,-25.671440,2.795092,100,outer
294,279,-12.868803,10.407089,100,outer
141,186,-15.739070,1.927315,100,outer
307,69,-5.620695,2.782297,100,outer
555,320,-4.190824,20.366892,100,outer
277,455,-19.177210,16.601159,100,outer
532,416,-8.157505,23.304227,100,outer
493,116,-0.007960,10.561095,100,outer
236,274,-14.929390,8.351248,100,outer
156,165,-14.489571,1.605208,100,outer
331,17,-3.030049,1.562236,100,outer
355,411,-14.775601,17.423257,100,outer
260,402,-18.124653,14.024897,100,outer
447,494,-13.920097,23.559267,100,outer
367,385,-13.480278,16.813226,100,outer
308,70,-5.614541,2.852740,100,outer
387,363,-12.007143,16.613541,100,outer
355,2,-1.628728,1.759214,100,outer
379,359,-12.184955,16.203195,100,outer
246,95,-8.792640,1.817275,100,outer
344,401,-14.875444,16.686690,100,outer
331,282,-11.548194,11.711310,100,outer
137,188,-15.956552,1.875336,100,outer
372,320,-11.199430,14.484551,100,outer
157,166,-14.483417,1.675650,100,outer
343,293,-11.442197,12.518320,100,outer
312,40,-4.497029,1.832364,100,outer
223,111,-10.187806,1.690739,100,outer
135,227,-17.286762,3.304685,100,outer
289,285,-13.253158,10.476159,100,outer
73,432,-26.250771,9.162931,100,outer
557,365,-5.560704,22.154608,100,outer
381,548,-18.183563,23.505880,100,outer
179,270,-16.983823,6.365850,100,outer
285,580,-22.888815,21.645610,100,outer
224,421,-20.114130,13.595385,100,outer
244,399,-18.640996,13.395699,100,outer
485,462,-11.436151,23.555188,100,outer
272,89,-7.604018,2.423227,100,outer
87,452,-26.357473,10.378914,100,outer
290,286,-13.247004,10.546602,100,outer
311,80,-5.821085,3.332156,100,outer
544,282,-3.390636,18.557970,100,outer
254,449,-19.865209,15.632058,100,outer
274,278,-13.602627,9.725911,100,outer
180,271,-16.977668,6.436292,100,outer
195,134,-11.999472,1.671571,100,outer
345,567,-20.173041,23.076367,100,outer
225,422,-20.107976,13.665827,100,outer
245,400,-18.634841,13.466141,100,outer
232,281,-15.307591,8.490761,100,outer
43,265,-22.031684,1.802781,100,outer
218,117,-10.572162,1.759809,100,outer
393,6,-0.301965,3.133878,100,outer
109,476,-26.286363,12.005243,100,outer
142,244,-17.565121,4.180765,100,outer
317,96,-6.105598,4.137793,100,outer
300,452,-18.199915,17.225574,100,outer
153,253,-17.433134,4.879034,100,outer
346,568,-20.166886,23.146810,100,outer
420,517,-15.693464,23.572243,100,outer
327,289,-11.926395,11.850823,100,outer
486,462,-11.397853,23.587332,100,outer
273,89,-7.565720,2.455371,100,outer
10,353,-26.124198,4.112290,100,outer
217,274,-15.657059,7.740513,100,outer
447,62,-0.033913,7.014361,100,outer
500,217,-2.986409,14.654241,100,outer
134,505,-26.261077,13.919495,100,outer
282,403,-17.314233,14.770362,100,outer
318,97,-6.099444,4.208236,100,outer
154,254,-17.426979,4.949477,100,outer
328,290,-11.920241,11.921265,100,outer
24,373,-26.230900,5.328273,100,outer
366,402,-14.065024,17.432155,100,outer
501,218,-2.980255,14.724683,100,outer
259,276,-14.112815,9.167156,100,outer
458,485,-13.209519,23.568165,100,outer
283,404,-17.308078,14.840805,100,outer
163,159,-14.028619,1.600425,100,outer
136,205,-16.541297,2.494264,100,outer
524,430,-8.913908,23.583253,100,outer
381,381,-12.815525,17.110048,100,outer
266,580,-23.616485,21.034875,100,outer
319,406,-15.993624,16.074583,100,outer
509,158,-0.745231,12.683931,100,outer
225,399,-19.368665,12.784964,100,outer
260,91,-8.127887,2.114097,100,outer
448,62,0.004386,7.046505,100,outer
321,107,-6.305988,4.687652,100,outer
28,379,-26.270570,5.686639,100,outer
288,455,-18.755927,16.954742,100,outer
362,404,-14.282505,17.380176,100,outer
230,105,-9.726854,1.685956,100,outer
0,317,-25.350000,2.412108,100,outer
334,571,-20.722899,22.875977,100,outer
319,442,-17.150806,17.453325,100,outer
320,407,-15.987469,16.145026,100,outer
12,291,-24.054677,1.802077,100,outer
261,92,-8.121732,2.184539,100,outer
302,93,-6.583642,3.540739,100,outer
32,269,-22.581542,1.602391,100,outer
205,277,-16.213072,7.469681,100,outer
515,237,-3.054812,15.902368,100,outer
555,310,-3.869384,19.983908,100,outer
379,313,-10.706333,14.441469,100,outer
144,181,-15.463455,1.832255,100,outer
358,290,-10.771289,12.885583,100,outer
365,558,-19.117777,23.374561,100,outer
339,11,-2.530798,1.589597,100,outer
350,286,-10.949100,12.475238,100,outer
262,402,-18.048056,14.089185,100,outer
160,534,-26.197493,15.865891,100,outer
297,280,-12.786052,10.541819,100,outer
202,271,-16.135103,7.143459,100,outer
280,456,-19.094458,16.735889,100,outer
346,401,-14.798847,16.750978,100,outer
380,314,-10.700179,14.511912,100,outer
58,263,-21.392921,2.208344,100,outer
487,111,-0.077030,10.176740,100,outer
296,580,-22.467533,21.999193,100,outer
225,111,-10.111209,1.755027,100,outer
377,388,-13.193726,17.249561,100,outer
383,319,-10.746004,14.799836,100,outer
54,409,-26.239130,7.671333,100,outer
557,355,-5.239265,21.771624,100,outer
301,286,-12.825722,10.900185,100,outer
248,94,-8.683899,1.843265,100,outer
206,277,-16.174774,7.501825,100,outer
139,187,-15.847811,1.901325,100,outer
314,39,-4.388288,1.858353,100,outer
239,274,-14.814495,8.447680,100,outer
488,112,-0.070876,10.247182,100,outer
64,422,-26.274017,8.490652,100,outer
493,456,-10.936901,23.582549,100,outer
291,92,-6.972780,3.148857,100,outer
136,218,-16.959168,2.992144,100,outer
103,270,-19.894500,3.922910,100,outer
54,265,-21.610402,2.156365,100,outer
335,427,-16.055872,17.393153,100,outer
8,298,-24.432878,1.941590,100,outer
497,197,-2.458426,13.791841,100,outer
249,95,-8.677745,1.913707,100,outer
140,188,-15.841656,1.971768,100,outer
65,423,-26.267863,8.561094,100,outer
240,275,-14.808340,8.518122,100,outer
548,391,-6.741133,22.861071,100,outer
386,329,-10.952548,15.279251,100,outer
547,283,-3.307885,18.692700,100,outer
357,302,-11.195315,13.313020,100,outer
149,273,-18.229206,5.516427,100,outer
207,566,-25.426075,18.602205,100,outer
214,402,-19.886379,12.546276,100,outer
335,283,-11.427144,11.878184,100,outer
275,89,-7.489123,2.519659,100,outer
387,330,-10.946393,15.349694,100,outer
502,131,-0.145433,11.424867,100,outer
373,395,-13.571927,17.389074,100,outer
378,361,-12.287541,16.247648,100,outer
90,452,-26.242577,10.475346,100,outer
532,419,-8.253937,23.419122,100,outer
371,322,-11.302016,14.529003,100,outer
3,304,-24.817234,2.010661,100,outer
2,339,-25.980570,3.318961,100,outer
277,278,-13.487732,9.822343,100,outer
492,203,-2.842781,13.860912,100,outer
183,271,-16.862773,6.532724,100,outer
377,365,-12.454415,16.368698,100,outer
544,393,-6.958614,22.809092,100,outer
175,267,-17.040584,6.122379,100,outer
135,194,-16.226012,2.040838,100,outer
330,290,-11.843644,11.985553,100,outer
235,281,-15.192696,8.587193,100,outer
310,46,-4.766490,1.997866,100,outer
425,33,0.055697,5.196541,100,outer
326,436,-16.689853,17.448543,100,outer
18,283,-23.567735,1.688554,100,outer
91,453,-26.236423,10.545789,100,outer
428,38,0.009872,5.484464,100,outer
506,137,-0.185103,11.783233,100,outer
303,452,-18.085020,17.322006,100,outer
94,458,-26.282247,10.833712,100,outer
171,153,-13.529368,1.627786,100,outer
346,5,-2.069846,1.584814,100,outer
369,397,-13.789409,17.337095,100,outer
42,268,-22.166415,1.885533,100,outer
505,178,-1.541303,13.321323,100,outer
311,47,-4.760335,2.068309,100,outer
281,284,-13.527402,10.180709,100,outer
335,404,-15.316562,16.512290,100,outer
215,568,-25.183976,18.935953,100,outer
194,136,-12.102058,1.716024,100,outer
220,274,-15.542164,7.836945,100,outer
323,21,-3.465012,1.458278,100,outer
429,39,0.016027,5.554907,100,outer
509,148,-0.423792,12.300947,100,outer
285,403,-17.199337,14.866794,100,outer
216,569,-25.177821,19.006395,100,outer
208,565,-25.355633,18.596050,100,outer
396,536,-17.223360,23.528458,100,outer
160,259,-17.357909,5.333832,100,outer
126,495,-26.246025,13.279359,100,outer
375,333,-11.502406,15.078861,100,outer
556,345,-4.956124,21.356496,100,outer
496,214,-3.043171,14.410770,100,outer
331,406,-15.534043,16.460311,100,outer
273,285,-13.865933,9.961856,100,outer
224,280,-15.581834,8.195311,100,outer
130,502,-26.317839,13.676024,100,outer
364,403,-14.173764,17.406166,100,outer
171,274,-17.418785,6.261892,100,outer
2,316,-25.241260,2.438098,100,outer
209,566,-25.349478,18.666492,100,outer
201,562,-25.527290,18.256147,100,outer
311,577,-21.796625,22.366457,100,outer
228,399,-19.253770,12.881396,100,outer
389,353,-11.609107,16.294845,100,outer
319,288,-12.200638,11.555373,100,outer
291,455,-18.641032,17.051174,100,outer
327,112,-6.236917,5.072007,100,outer
468,88,-0.065389,8.685142,100,outer
233,105,-9.611959,1.782388,100,outer
77,266,-20.761683,2.933974,100,outer
521,243,-3.017885,16.325022,100,outer
337,571,-20.608004,22.972409,100,outer
457,487,-13.312105,23.612617,100,outer
391,542,-17.607716,23.597529,100,outer
323,407,-15.872574,16.241457,100,outer
274,402,-17.588476,14.474912,100,outer
465,82,0.012579,8.358920,100,outer
444,59,-0.052376,6.803034,100,outer
45,399,-26.262376,6.999054,100,outer
298,579,-22.358792,22.025183,100,outer
522,244,-3.011731,16.395464,100,outer
364,295,-10.702218,13.269939,100,outer
251,275,-14.387058,8.871706,100,outer
350,397,-14.517078,16.726360,100,outer
525,249,-3.057556,16.683388,100,outer
337,427,-15.979276,17.457441,100,outer
370,375,-13.043944,16.526674,100,outer
283,456,-18.979563,16.832321,100,outer
262,284,-14.255071,9.569975,100,outer
209,278,-16.092022,7.636555,100,outer
46,400,-26.256222,7.069496,100,outer
509,161,-0.841663,12.798826,100,outer
469,88,-0.027091,8.717286,100,outer
156,531,-26.254255,15.622420,100,outer
293,91,-6.864040,3.174847,100,outer
508,165,-1.008537,12.919876,100,outer
539,269,-3.164257,17.899371,100,outer
304,286,-12.710826,10.996617,100,outer
376,391,-13.328456,17.332312,100,outer
556,358,-5.373995,21.854375,100,outer
333,429,-16.196757,17.405462,100,outer
536,263,-3.086288,17.573149,100,outer
201,130,-11.641106,1.711241,100,outer
71,429,-26.230936,8.983748,100,outer
259,400,-18.098664,13.916156,100,outer
246,281,-14.771414,8.940776,100,outer
494,117,-0.001805,10.631538,100,outer
325,574,-21.164016,22.701577,100,outer
57,265,-21.495507,2.252797,100,outer
2,329,-25.659131,2.935977,100,outer
242,576,-24.407071,20.110227,100,outer
303,406,-16.606398,15.560280,100,outer
377,355,-12.132976,15.985714,100,outer
557,322,-4.178515,20.507777,100,outer
194,270,-16.409347,6.848009,100,outer
334,430,-16.190603,17.475904,100,outer
272,455,-19.368702,16.440439,100,outer
247,282,-14.765259,9.011219,100,outer
152,273,-18.114311,5.612858,100,outer
352,298,-11.258231,12.999107,100,outer
366,382,-13.422145,16.666187,100,outer
492,458,-11.039487,23.627002,100,outer
75,435,-26.270606,9.342114,100,outer
7,300,-24.535465,1.986043,100,outer
94,268,-20.174898,3.557018,100,outer
357,4,-1.616419,1.900099,100,outer
202,130,-11.602807,1.743385,100,outer
213,405,-20.021110,12.629027,100,outer
326,282,-11.739686,11.550590,100,outer
345,295,-11.429888,12.659204,100,outer
507,177,-1.432563,13.347313,100,outer
284,285,-13.444650,10.315440,100,outer
464,481,-12.851153,23.607835,100,outer
384,372,-12.411334,16.861794,100,outer
189,276,-16.793702,6.917079,100,outer
95,269,-20.168744,3.627460,100,outer
376,368,-12.589146,16.451449,100,outer
375,552,-18.541930,23.466210,100,outer
280,580,-23.080307,21.484890,100,outer
134,197,-16.360742,2.123589,100,outer
86,449,-26.299339,10.231875,100,outer
556,335,-4.634685,20.973512,100,outer
361,388,-13.806500,16.735258,100,outer
402,11,-0.117999,3.614665,100,outer
274,91,-7.591709,2.564112,100,outer
245,442,-19.984887,15.074674,100,outer
240,98,-9.118862,1.739307,100,outer
2,306,-24.919820,2.055114,100,outer
227,424,-20.095667,13.806712,100,outer
389,343,-11.287668,15.911861,100,outer
543,401,-7.254064,23.083335,100,outer
549,295,-3.617016,19.216569,100,outer
141,241,-17.506987,4.033726,100,outer
316,93,-6.047465,3.990754,100,outer
132,272,-18.848135,4.931681,100,outer
12,356,-26.144033,4.291473,100,outer
508,443,-9.944553,23.566829,100,outer
79,266,-20.685086,2.998262,100,outer
371,554,-18.759411,23.414231,100,outer
144,246,-17.552812,4.321650,100,outer
319,98,-6.093289,4.278678,100,outer
170,155,-13.631955,1.672239,100,outer
269,277,-13.761975,9.526893,100,outer
504,180,-1.643890,13.365776,100,outer
322,289,-12.117887,11.690103,100,outer
550,296,-3.610861,19.287011,100,outer
227,280,-15.466939,8.291743,100,outer
112,479,-26.267899,12.216570,100,outer
133,273,-18.841980,5.002123,100,outer
449,64,-0.021604,7.155245,100,outer
145,247,-17.546657,4.392093,100,outer
320,99,-6.087135,4.349120,100,outer
16,362,-26.183704,4.649839,100,outer
115,484,-26.313724,12.504493,100,outer
231,399,-19.138875,12.977827,100,outer
539,403,-7.471545,23.031356,100,outer
122,492,-26.302787,13.035888,100,outer
503,449,-10.328909,23.635900,100,outer
26,375,-26.218591,5.469158,100,outer
450,65,-0.015449,7.225688,100,outer
208,123,-11.148009,1.668160,100,outer
137,508,-26.242614,14.130822,100,outer
352,396,-14.408337,16.752350,100,outer
359,292,-10.797278,12.994324,100,outer
334,119,-6.193836,5.565104,100,outer
506,225,-3.013770,15.153492,100,outer
117,270,-19.358323,4.372925,100,outer
318,31,-3.977943,1.680542,100,outer
341,423,-15.697506,17.432823,100,outer
27,376,-26.212436,5.539600,100,outer
388,355,-11.711694,16.339297,100,outer
307,281,-12.435212,10.901557,100,outer
209,124,-11.141855,1.738603,100,outer
323,109,-6.293679,4.828536,100,outer
353,397,-14.402183,16.822792,100,outer
475,94,0.009836,9.139940,100,outer
30,381,-26.258261,5.827524,100,outer
373,375,-12.929048,16.623106,100,outer
265,284,-14.140176,9.666406,100,outer
517,240,-3.074647,16.081551,100,outer
555,352,-5.219430,21.592441,100,outer
371,302,-10.659137,13.763035,100,outer
212,278,-15.977127,7.732987,100,outer
2,319,-25.337691,2.552993,100,outer
499,451,-10.546390,23.583921,100,outer
68,264,-21.042081,2.568082,100,outer
377,345,-11.811536,15.602730,100,outer
148,522,-26.271347,15.020583,100,outer
220,398,-19.528013,12.585946,100,outer
381,315,-10.694025,14.582354,100,outer
476,95,0.015991,9.210382,100,outer
360,292,-10.758980,13.026468,100,outer
313,446,-17.509172,17.413655,100,outer
309,67,-5.479811,2.769988,100,outer
352,288,-10.936791,12.616123,100,outer
252,579,-24.120519,20.546561,100,outer
205,126,-11.359336,1.686624,100,outer
334,11,-2.722290,1.428877,100,outer
250,277,-14.489644,8.916158,100,outer
486,108,-0.018897,10.029701,100,outer
465,85,-0.083852,8.473815,100,outer
249,281,-14.656518,9.037208,100,outer
60,265,-21.380612,2.349228,100,outer
181,146,-12.921377,1.681137,100,outer
56,411,-26.226821,7.812218,100,outer
292,279,-12.945400,10.342801,100,outer
355,564,-19.693625,23.282911,100,outer
275,455,-19.253806,16.536871,100,outer
376,358,-12.267706,16.068465,100,outer
234,274,-15.005987,8.286960,100,outer
515,436,-9.451457,23.523748,100,outer
496,194,-2.400292,13.644802,100,outer
406,529,-16.615369,23.581809,100,outer
359,305,-11.215150,13.492203,100,outer
192,277,-16.710951,7.051810,100,outer
508,168,-1.104969,13.034771,100,outer
97,268,-20.060003,3.653449,100,outer
366,313,-11.204213,14.023598,100,outer
177,148,-13.138858,1.629158,100,outer
360,4,-1.501524,1.996531,100,outer
501,129,-0.119444,11.316126,100,outer
531,417,-8.227948,23.310382,100,outer
329,282,-11.624791,11.647022,100,outer
369,318,-11.250037,14.311522,100,outer
468,477,-12.569383,23.583217,100,outer
397,8,-0.213059,3.339050,100,outer
330,18,-3.100491,1.568390,100,outer
92,455,-26.262412,10.654529,100,outer
555,365,-5.637301,22.090320,100,outer
98,269,-20.053848,3.723892,100,outer
283,580,-22.965412,21.581322,100,outer
137,197,-16.245847,2.220021,100,outer
402,531,-16.832850,23.529830,100,outer
295,405,-16.880641,15.264830,100,outer
444,497,-14.131424,23.577730,100,outer
370,319,-11.243883,14.381964,100,outer
242,399,-18.717593,13.331411,100,outer
235,274,-14.967688,8.319104,100,outer
277,91,-7.476814,2.660544,100,outer
505,135,-0.159114,11.674492,100,outer
409,18,-0.074918,4.107762,100,outer
193,277,-16.672653,7.083954,100,outer
219,415,-20.112759,13.204874,100,outer
272,278,-13.679223,9.661624,100,outer
137,233,-17.403029,3.598763,100,outer
312,85,-5.943507,3.555791,100,outer
506,179,-1.535149,13.391766,100,outer
103,469,-26.291145,11.544290,100,outer
135,272,-18.733240,5.028113,100,outer
348,416,-15.204410,17.389742,100,outer
376,335,-11.528395,15.187602,100,outer
216,117,-10.648759,1.695521,100,outer
374,554,-18.644516,23.510662,100,outer
147,246,-17.437916,4.418082,100,outer
360,390,-13.909087,16.779711,100,outer
252,448,-19.909662,15.529472,100,outer
348,7,-2.057537,1.725699,100,outer
178,270,-17.022121,6.333706,100,outer
239,100,-9.221448,1.783759,100,outer
508,145,-0.365658,12.153908,100,outer
325,289,-12.002992,11.786535,100,outer
384,375,-12.507766,16.976689,100,outer
136,273,-18.727085,5.098555,100,outer
8,353,-26.200795,4.048002,100,outer
431,41,0.028336,5.695791,100,outer
134,200,-16.457174,2.238485,100,outer
388,345,-11.390254,15.956313,100,outer
148,247,-17.431762,4.488524,100,outer
383,1,-0.524229,2.620946,100,outer
11,358,-26.246620,4.335926,100,outer
280,403,-17.390829,14.706074,100,outer
542,403,-7.356650,23.127788,100,outer
210,567,-25.343324,18.736935,100,outer
133,204,-16.624048,2.359534,100,outer
37,267,-22.325763,1.686514,100,outer
382,5,-0.691104,2.741996,100,outer
527,423,-8.574005,23.411596,100,outer
70,264,-20.965484,2.632369,100,outer
263,579,-23.699236,20.900145,100,outer
129,499,-26.259705,13.528985,100,outer
264,278,-13.985611,9.404472,100,outer
215,273,-15.701512,7.637927,100,outer
1,313,-25.183126,2.291059,100,outer
132,504,-26.305530,13.816908,100,outer
309,57,-5.158371,2.387005,100,outer
203,564,-25.514981,18.397032,100,outer
413,523,-16.154416,23.577026,100,outer
380,346,-11.728785,15.737460,100,outer
317,406,-16.070221,16.010295,100,outer
310,281,-12.320316,10.997989,100,outer
258,91,-8.204483,2.049809,100,outer
9,290,-24.137428,1.667347,100,outer
467,85,-0.007256,8.538103,100,outer
22,372,-26.275353,5.225687,100,outer
154,528,-26.234420,15.443237,100,outer
133,505,-26.299375,13.887351,100,outer
513,438,-9.592342,23.536057,100,outer
268,284,-14.025281,9.762838,100,outer
355,289,-10.854040,12.750853,100,outer
330,116,-6.250598,5.321633,100,outer
336,10,-2.613549,1.454867,100,outer
503,187,-1.907196,13.601721,100,outer
37,388,-26.215180,6.320620,100,outer
207,274,-16.040043,7.419074,100,outer
380,382,-12.885967,17.116202,100,outer
523,245,-3.005577,16.465907,100,outer
318,407,-16.064066,16.080738,100,outer
259,92,-8.198329,2.120251,100,outer
210,279,-16.085868,7.706997,100,outer
538,410,-7.734851,23.267301,100,outer
155,529,-26.228265,15.513679,100,outer
409,525,-16.371898,23.525047,100,outer
47,401,-26.250067,7.139939,100,outer
142,181,-15.540052,1.767967,100,outer
317,33,-4.080530,1.724995,100,outer
524,246,-2.999422,16.536349,100,outer
0,326,-25.639296,2.756794,100,outer
556,315,-3.991806,20.207544,100,outer
550,384,-6.439528,22.657270,100,outer
200,271,-16.211700,7.079171,100,outer
132,216,-17.048074,2.786971,100,outer
185,142,-12.639607,1.656519,100,outer
109,269,-19.632566,4.077475,100,outer
48,402,-26.243913,7.210381,100,outer
538,266,-3.106124,17.752332,100,outer
355,410,-14.743457,17.384959,100,outer
260,401,-18.092509,13.986599,100,outer
288,91,-7.055532,3.014127,100,outer
367,384,-13.448134,16.774928,100,outer
133,217,-17.041920,2.857413,100,outer
555,355,-5.315862,21.707336,100,outer
387,362,-11.975000,16.575242,100,outer
243,577,-24.400916,20.180669,100,outer
482,105,-0.075659,9.786230,100,outer
278,455,-19.138911,16.633303,100,outer
379,358,-12.152811,16.164897,100,outer
204,277,-16.251370,7.437537,100,outer
533,416,-8.119207,23.336371,100,outer
344,400,-14.843300,16.648392,100,outer
312,39,-4.464885,1.794065,100,outer
237,274,-14.891091,8.383392,100,outer
404,531,-16.756253,23.594118,100,outer
261,402,-18.086355,14.057041,100,outer
497,121,-0.015486,10.881163,100,outer
146,272,-18.311957,5.381696,100,outer
309,70,-5.576243,2.884884,100,outer
514,439,-9.586187,23.606499,100,outer
534,417,-8.113053,23.406814,100,outer
247,95,-8.754342,1.849419,100,outer
84,446,-26.279504,10.052692,100,outer
332,282,-11.509896,11.743454,100,outer
21,277,-23.259976,1.555195,100,outer
544,281,-3.358492,18.519672,100,outer
290,285,-13.214860,10.508303,100,outer
311,79,-5.788941,3.293857,100,outer
355,302,-11.271911,13.248732,100,outer
340,402,-15.060782,16.596413,100,outer
241,280,-14.930762,8.741758,100,outer
448,493,-13.849654,23.553112,100,outer
153,167,-14.668755,1.585373,100,outer
52,264,-21.654855,2.053778,100,outer
139,232,-17.294288,3.624753,100,outer
225,421,-20.075832,13.627528,100,outer
298,405,-16.765746,15.361262,100,outer
507,170,-1.207555,13.079224,100,outer
245,399,-18.602697,13.427843,100,outer
530,419,-8.330534,23.354835,100,outer
412,18,0.039977,4.204193,100,outer
404,14,-0.137834,3.793848,100,outer
388,335,-11.068815,15.573330,100,outer
328,433,-16.516825,17.397935,100,outer
275,278,-13.564328,9.758055,100,outer
140,233,-17.288134,3.695195,100,outer
375,365,-12.531012,16.304410,100,outer
529,423,-8.497408,23.475884,100,outer
172,265,-17.091192,5.949350,100,outer
4,309,-24.939655,2.234297,100,outer
346,567,-20.134742,23.108511,100,outer
233,281,-15.269293,8.522905,100,outer
420,516,-15.661320,23.533945,100,outer
184,276,-16.985194,6.756360,100,outer
89,267,-20.334246,3.358000,100,outer
229,427,-20.115502,13.985895,100,outer
558,337,-4.622376,21.114397,100,outer
405,15,-0.131680,3.864291,100,outer
318,96,-6.067300,4.169937,100,outer
301,452,-18.161616,17.257718,100,outer
113,481,-26.293889,12.325310,100,outer
213,568,-25.260572,18.871665,100,outer
173,266,-17.085037,6.019792,100,outer
146,249,-17.572647,4.500833,100,outer
359,393,-14.043817,16.862462,100,outer
165,262,-17.262848,5.609447,100,outer
328,289,-11.888097,11.882967,100,outer
279,284,-13.603998,10.116422,100,outer
309,47,-4.836932,2.004021,100,outer
17,284,-23.638177,1.694708,100,outer
192,136,-12.178655,1.651736,100,outer
137,200,-16.342279,2.334916,100,outer
548,292,-3.558882,19.069530,100,outer
525,425,-8.714890,23.423905,100,outer
283,403,-17.275934,14.802506,100,outer
149,174,-15.046956,1.724886,100,outer
504,222,-2.993935,14.974309,100,outer
215,119,-10.751345,1.739974,100,outer
322,102,-6.106970,4.528304,100,outer
124,495,-26.322622,13.215071,100,outer
218,273,-15.586617,7.734359,100,outer
526,426,-8.708735,23.494348,100,outer
427,38,-0.028426,5.452320,100,outer
552,298,-3.598552,19.427896,100,outer
271,285,-13.942530,9.897568,100,outer
376,338,-11.624827,15.302497,100,outer
505,223,-2.987781,15.044751,100,outer
127,271,-19.007483,4.732663,100,outer
206,564,-25.400085,18.493464,100,outer
0,316,-25.317856,2.373810,100,outer
382,381,-12.777226,17.142192,100,outer
74,265,-20.844434,2.799244,100,outer
198,560,-25.577897,18.083119,100,outer
214,568,-25.222274,18.903809,100,outer
319,441,-17.118662,17.415027,100,outer
320,406,-15.955325,16.106727,100,outer
12,290,-24.022533,1.763779,100,outer
226,399,-19.330367,12.817108,100,outer
261,91,-8.089588,2.146241,100,outer
307,58,-5.267112,2.361015,100,outer
555,309,-3.837240,19.945610,100,outer
29,379,-26.232271,5.718783,100,outer
164,158,-13.958177,1.594270,100,outer
222,279,-15.626287,8.092725,100,outer
363,404,-14.244207,17.412320,100,outer
452,67,-0.003141,7.366572,100,outer
389,542,-17.684313,23.533241,100,outer
455,487,-13.388702,23.548330,100,outer
320,442,-17.112507,17.485469,100,outer
321,407,-15.949171,16.177170,100,outer
521,432,-9.093091,23.563418,100,outer
133,207,-16.720480,2.474429,100,outer
308,59,-5.260958,2.431457,100,outer
463,82,-0.064017,8.294632,100,outer
366,558,-19.079479,23.406704,100,outer
380,313,-10.668035,14.473613,100,outer
150,525,-26.291182,15.199766,100,outer
478,470,-11.961392,23.636568,100,outer
296,579,-22.435389,21.960895,100,outer
519,242,-3.062338,16.222436,100,outer
161,534,-26.159195,15.898035,100,outer
263,402,-18.009758,14.121329,100,outer
256,277,-14.259854,9.109022,100,outer
231,104,-9.656411,1.679801,100,outer
557,354,-5.207121,21.733326,100,outer
502,189,-2.009782,13.646174,100,outer
347,401,-14.760549,16.783122,100,outer
380,349,-11.825217,15.852355,100,outer
297,580,-22.429235,22.031337,100,outer
362,560,-19.296960,23.354725,100,outer
537,412,-7.837438,23.311753,100,outer
136,217,-16.927024,2.953845,100,outer
8,297,-24.400734,1.903292,100,outer
336,13,-2.709981,1.569762,100,outer
249,94,-8.645601,1.875408,100,outer
207,277,-16.136475,7.533969,100,outer
293,280,-12.939245,10.413243,100,outer
509,170,-1.130958,13.143512,100,outer
65,422,-26.235719,8.522796,100,outer
331,572,-20.869938,22.817844,100,outer
264,402,-17.971460,14.153473,100,outer
68,427,-26.281543,8.810720,100,outer
292,92,-6.934482,3.181001,100,outer
492,117,-0.078402,10.567250,100,outer
0,329,-25.735728,2.871689,100,outer
335,282,-11.395000,11.839886,100,outer
555,322,-4.255112,20.443489,100,outer
386,364,-12.077586,16.619695,100,outer
378,360,-12.255397,16.209350,100,outer
69,428,-26.275389,8.881162,100,outer
358,302,-11.157016,13.345164,100,outer
150,273,-18.190908,5.548570,100,outer
350,298,-11.334828,12.934819,100,outer
156,167,-14.553859,1.681804,100,outer
498,196,-2.387983,13.785687,100,outer
222,112,-10.258248,1.696893,100,outer
326,435,-16.657709,17.410244,100,outer
276,89,-7.450825,2.551803,100,outer
92,268,-20.251495,3.492730,100,outer
200,130,-11.679404,1.679097,100,outer
246,97,-8.856928,1.893872,100,outer
503,131,-0.107135,11.457011,100,outer
270,454,-19.413154,16.337853,100,outer
137,190,-16.020840,1.951933,100,outer
407,14,-0.022939,3.890280,100,outer
303,451,-18.052876,17.283708,100,outer
278,278,-13.449433,9.854487,100,outer
94,457,-26.250104,10.795414,100,outer
176,267,-17.002286,6.154523,100,outer
135,229,-17.351050,3.381282,100,outer
310,81,-5.891528,3.338310,100,outer
221,418,-20.132594,13.384058,100,outer
505,177,-1.509159,13.283025,100,outer
187,276,-16.870299,6.852792,100,outer
408,15,-0.016785,3.960722,100,outer
485,464,-11.500439,23.631785,100,outer
324,281,-11.784139,11.448004,100,outer
272,91,-7.668306,2.499824,100,outer
400,11,-0.194596,3.550377,100,outer
95,458,-26.243949,10.865856,100,outer
370,397,-13.751110,17.369239,100,outer
136,230,-17.344896,3.451724,100,outer
376,328,-11.303388,14.919513,100,outer
311,82,-5.885373,3.408752,100,outer
216,568,-25.145677,18.968097,100,outer
93,268,-20.213196,3.524874,100,outer
374,367,-12.633598,16.348863,100,outer
221,274,-15.503866,7.869089,100,outer
375,332,-11.470262,15.040563,100,outer
6,349,-26.148816,3.830520,100,outer
528,425,-8.599995,23.520337,100,outer
419,518,-15.763906,23.578398,100,outer
331,405,-15.501899,16.422012,100,outer
224,279,-15.549690,8.157013,100,outer
130,272,-18.924732,4.867393,100,outer
393,8,-0.366253,3.210475,100,outer
433,44,0.008501,5.874975,100,outer
463,481,-12.889451,23.575691,100,outer
161,259,-17.319610,5.365976,100,outer
316,282,-12.122670,11.229151,100,outer
267,277,-13.838572,9.462605,100,outer
541,400,-7.298517,22.980749,100,outer
379,338,-11.509932,15.398929,100,outer
225,280,-15.543536,8.227455,100,outer
365,403,-14.135466,17.438310,100,outer
191,138,-12.281241,1.696189,100,outer
16,286,-23.740764,1.739161,100,outer
385,3,-0.511920,2.761831,100,outer
500,219,-3.050697,14.730838,100,outer
134,507,-26.325365,13.996091,100,outer
551,301,-3.733282,19.510647,100,outer
553,374,-6.003194,22.370718,100,outer
307,578,-21.981963,22.276180,100,outer
264,91,-7.974693,2.242672,100,outer
444,58,-0.020232,6.764735,100,outer
320,288,-12.162340,11.587517,100,outer
131,501,-26.247396,13.669869,100,outer
501,449,-10.405506,23.571612,100,outer
292,455,-18.602734,17.083318,100,outer
501,220,-3.044543,14.801280,100,outer
364,294,-10.670074,13.231641,100,outer
331,117,-6.244443,5.392075,100,outer
163,161,-14.092907,1.677022,100,outer
275,402,-17.550177,14.507056,100,outer
136,207,-16.605585,2.570861,100,outer
229,106,-9.797296,1.692110,100,outer
381,383,-12.879813,17.186645,100,outer
377,4,-0.850452,2.542978,100,outer
333,572,-20.793341,22.882132,100,outer
369,0,-1.028263,2.132633,100,outer
11,292,-24.125119,1.808232,100,outer
469,87,0.005053,8.678987,100,outer
509,160,-0.809519,12.760528,100,outer
31,270,-22.651985,1.608546,100,outer
299,579,-22.320494,22.057327,100,outer
156,530,-26.222111,15.584121,100,outer
364,559,-19.188220,23.380715,100,outer
365,295,-10.663920,13.302083,100,outer
526,249,-3.019257,16.715532,100,outer
332,118,-6.238289,5.462517,100,outer
263,284,-14.216773,9.602118,100,outer
168,275,-17.565825,6.203758,100,outer
230,107,-9.791142,1.762553,100,outer
179,550,-25.984127,17.089400,100,outer
388,544,-17.786899,23.577694,100,outer
454,489,-13.491288,23.592782,100,outer
66,264,-21.118677,2.503794,100,outer
520,434,-9.195677,23.607871,100,outer
302,95,-6.647930,3.617336,100,outer
555,312,-3.933672,20.060505,100,outer
157,531,-26.215957,15.654564,100,outer
294,91,-6.825741,3.206991,100,outer
50,405,-26.263748,7.389564,100,outer
168,540,-26.083970,16.352832,100,outer
2,328,-25.626987,2.897678,100,outer
557,321,-4.146371,20.469479,100,outer
484,108,-0.095494,9.965413,100,outer
300,287,-12.896164,10.906340,100,outer
247,281,-14.733115,8.972920,100,outer
426,512,-15.302954,23.573615,100,outer
58,265,-21.457208,2.284940,100,outer
492,457,-11.007343,23.588704,100,outer
75,434,-26.238462,9.303816,100,outer
377,390,-13.258014,17.326158,100,outer
383,321,-10.810291,14.876432,100,outer
255,401,-18.284001,13.825879,100,outer
304,406,-16.568100,15.592424,100,outer
557,357,-5.303553,21.848221,100,outer
7,299,-24.503321,1.947745,100,outer
248,96,-8.748187,1.919861,100,outer
326,281,-11.707542,11.512292,100,outer
345,294,-11.397744,12.620906,100,outer
95,268,-20.136600,3.589162,100,outer
358,4,-1.578121,1.932243,100,outer
86,448,-26.267195,10.193577,100,outer
140,190,-15.905944,2.048364,100,outer
346,295,-11.391589,12.691348,100,outer
23,279,-23.247667,1.696080,100,outer
198,131,-11.788145,1.653108,100,outer
338,291,-11.569401,12.281003,100,outer
243,282,-14.918453,8.882643,100,outer
190,276,-16.755404,6.949223,100,outer
96,269,-20.130445,3.659604,100,outer
327,281,-11.669244,11.544436,100,outer
403,11,-0.079701,3.646809,100,outer
387,332,-11.010681,15.426290,100,outer
395,7,-0.257512,3.236464,100,outer
399,535,-17.076321,23.586592,100,outer
553,364,-5.681754,21.987734,100,outer
465,480,-12.780710,23.601680,100,outer
257,451,-19.814602,15.805086,100,outer
377,367,-12.518703,16.445295,100,outer
170,154,-13.599811,1.633941,100,outer
175,269,-17.104872,6.198975,100,outer
135,196,-16.290300,2.117435,100,outer
293,404,-16.925094,15.162244,100,outer
322,288,-12.085743,11.651805,100,outer
425,35,-0.008591,5.273137,100,outer
112,478,-26.235755,12.178271,100,outer
396,8,-0.251358,3.306906,100,outer
372,554,-18.721113,23.446375,100,outer
115,483,-26.281580,12.466195,100,outer
270,277,-13.723676,9.559037,100,outer
369,399,-13.853697,17.413692,100,outer
156,255,-17.382526,5.052063,100,outer
237,100,-9.298045,1.719472,100,outer
311,49,-4.824623,2.144905,100,outer
395,537,-17.293803,23.534613,100,outer
461,482,-12.998192,23.549701,100,outer
228,280,-15.428641,8.323887,100,outer
450,64,0.016695,7.187389,100,outer
509,150,-0.488079,12.377544,100,outer
116,484,-26.275425,12.536637,100,outer
310,578,-21.867068,22.372611,100,outer
236,400,-18.979527,13.176846,100,outer
157,256,-17.376372,5.122505,100,outer
149,252,-17.554183,4.712160,100,outer
324,104,-6.094661,4.669188,100,outer
323,288,-12.047445,11.683949,100,outer
341,422,-15.665362,17.394524,100,outer
34,271,-22.569234,1.743276,100,outer
307,280,-12.403068,10.863258,100,outer
126,497,-26.310313,13.355956,100,outer
556,347,-5.020412,21.433093,100,outer
540,402,-7.401103,23.025201,100,outer
30,380,-26.226117,5.789225,100,outer
265,283,-14.108032,9.628108,100,outer
371,301,-10.626993,13.724737,100,outer
2,318,-25.305547,2.514694,100,outer
317,101,-6.266318,4.329285,100,outer
389,355,-11.673395,16.371441,100,outer
308,281,-12.396913,10.933701,100,outer
434,506,-14.803703,23.600976,100,outer
354,397,-14.363885,16.854936,100,outer
31,381,-26.219963,5.859668,100,outer
335,118,-6.123394,5.558949,100,outer
266,284,-14.101878,9.698550,100,outer
352,287,-10.904648,12.577825,100,outer
521,245,-3.082173,16.401619,100,outer
372,302,-10.620839,13.795179,100,outer
501,187,-1.983792,13.537433,100,outer
69,264,-21.003782,2.600225,100,outer
465,84,-0.051708,8.435516,100,outer
221,398,-19.489715,12.618090,100,outer
152,527,-26.278873,15.340650,100,outer
361,292,-10.720682,13.058612,100,outer
522,246,-3.076019,16.472061,100,outer
353,288,-10.898493,12.648267,100,outer
345,284,-11.076304,12.237922,100,outer
480,100,0.008464,9.530450,100,outer
251,277,-14.451346,8.948302,100,outer
430,508,-15.021184,23.548997,100,outer
316,406,-16.108519,15.978151,100,outer
303,287,-12.781269,11.002771,100,outer
114,271,-19.505362,4.314792,100,outer
536,409,-7.779304,23.164714,100,outer
315,32,-4.124982,1.622408,100,outer
548,383,-6.483981,22.554683,100,outer
496,193,-2.368148,13.606504,100,outer
406,528,-16.583225,23.543510,100,outer
258,401,-18.169106,13.922311,100,outer
293,93,-6.928328,3.251444,100,outer
508,167,-1.072825,12.996473,100,outer
539,271,-3.228545,17.975968,100,outer
276,455,-19.215508,16.569015,100,outer
134,222,-17.164341,3.081049,100,outer
556,360,-5.438283,21.930972,100,outer
155,165,-14.527870,1.573064,100,outer
536,265,-3.150576,17.649746,100,outer
259,402,-18.162952,13.992753,100,outer
494,119,-0.066093,10.708135,100,outer
286,90,-7.099985,2.911541,100,outer
365,383,-13.492587,16.672342,100,outer
310,447,-17.656211,17.355522,100,outer
361,4,-1.463226,2.028675,100,outer
178,148,-13.100560,1.661302,100,outer
2,331,-25.723419,3.012574,100,outer
356,563,-19.623182,23.276757,100,outer
234,574,-24.649170,19.776478,100,outer
295,404,-16.848497,15.226532,100,outer
330,282,-11.586492,11.679166,100,outer
505,134,-0.126970,11.636194,100,outer
557,324,-4.242803,20.584374,100,outer
380,548,-18.221862,23.473736,100,outer
360,304,-11.144707,13.486049,100,outer
309,79,-5.865538,3.229569,100,outer
193,276,-16.640509,7.045655,100,outer
296,405,-16.842343,15.296974,100,outer
469,476,-12.498941,23.577062,100,outer
278,91,-7.438516,2.692688,100,outer
352,565,-19.840664,23.224778,100,outer
374,324,-11.251409,14.702032,100,outer
360,389,-13.876943,16.741412,100,outer
313,85,-5.905208,3.587935,100,outer
223,420,-20.120285,13.524942,100,outer
170,265,-17.167788,5.885062,100,outer
384,374,-12.475622,16.938391,100,outer
376,370,-12.653433,16.528046,100,outer
349,416,-15.166111,17.421886,100,outer
136,272,-18.694941,5.060257,100,outer
87,267,-20.410843,3.293712,100,outer
134,199,-16.425030,2.200186,100,outer
410,17,-0.004476,4.101607,100,outer
388,344,-11.358110,15.918015,100,outer
107,474,-26.298671,11.864358,100,outer
402,13,-0.182287,3.691262,100,outer
97,460,-26.231640,11.006741,100,outer
556,337,-4.698972,21.050109,100,outer
273,277,-13.608781,9.655469,100,outer
349,7,-2.019238,1.757843,100,outer
488,202,-2.963831,13.694038,100,outer
245,444,-20.049175,15.151270,100,outer
151,251,-17.445443,4.738150,100,outer
240,100,-9.183150,1.815903,100,outer
2,308,-24.984108,2.131711,100,outer
218,570,-25.133368,19.108981,100,outer
231,280,-15.313746,8.420319,100,outer
527,422,-8.541861,23.373298,100,outer
182,275,-17.029647,6.653773,100,outer
215,272,-15.669368,7.599628,100,outer
389,345,-11.351956,15.988457,100,outer
239,400,-18.864632,13.273277,100,outer
321,439,-16.977777,17.402718,100,outer
316,95,-6.111752,4.067351,100,outer
267,90,-7.827654,2.300806,100,outer
322,26,-3.664030,1.617626,100,outer
152,252,-17.439288,4.808592,100,outer
213,119,-10.827942,1.675686,100,outer
38,267,-22.287464,1.718658,100,outer
435,46,0.020810,6.015859,100,outer
357,392,-14.088270,16.759876,100,outer
319,100,-6.157577,4.355275,100,outer
203,563,-25.482837,18.358734,100,outer
211,567,-25.305025,18.769079,100,outer
310,280,-12.288172,10.959690,100,outer
15,283,-23.682630,1.592122,100,outer
216,273,-15.663214,7.670071,100,outer
310,51,-4.927209,2.189358,100,outer
446,61,-0.040067,6.943918,100,outer
133,504,-26.267232,13.849052,100,outer
13,359,-26.202167,4.438512,100,outer
268,283,-13.993137,9.724540,100,outer
550,298,-3.675149,19.363608,100,outer
502,221,-3.038388,14.871722,100,outer
125,271,-19.084080,4.668375,100,outer
204,564,-25.476682,18.429176,100,outer
145,249,-17.610945,4.468689,100,outer
320,101,-6.151423,4.425717,100,outer
16,364,-26.247991,4.726436,100,outer
372,377,-13.031635,16.667559,100,outer
196,560,-25.654494,18.018831,100,outer
318,406,-16.031922,16.042439,100,outer
311,281,-12.282018,11.030133,100,outer
259,91,-8.166185,2.081953,100,outer
371,3,-1.048098,2.311816,100,outer
471,90,-0.014782,8.858170,100,outer
340,424,-15.767949,17.438977,100,outer
26,377,-26.282879,5.545754,100,outer
208,125,-11.212297,1.744757,100,outer
158,533,-26.241946,15.763304,100,outer
556,314,-3.959662,20.169246,100,outer
367,298,-10.683755,13.481266,100,outer
253,276,-14.342605,8.974292,100,outer
352,398,-14.472625,16.828946,100,outer
72,264,-20.888887,2.696657,100,outer
137,510,-26.306902,14.207418,100,outer
318,442,-17.189104,17.421182,100,outer
10,289,-24.066986,1.661193,100,outer
211,279,-16.047569,7.739141,100,outer
553,308,-3.881693,19.843024,100,outer
48,401,-26.211769,7.172083,100,outer
476,470,-12.037988,23.572280,100,outer
472,91,-0.008627,8.928613,100,outer
27,378,-26.276724,5.616197,100,outer
255,93,-8.383667,2.029974,100,outer
159,534,-26.235792,15.833747,100,outer
254,277,-14.336451,9.044734,100,outer
475,96,-0.054452,9.216537,100,outer
528,251,-3.006948,16.856417,100,outer
170,543,-26.103805,16.532016,100,outer
555,354,-5.283718,21.669038,100,outer
306,287,-12.666374,11.099203,100,outer
186,142,-12.601309,1.688663,100,outer
333,12,-2.792732,1.435032,100,outer
553,377,-6.099625,22.485613,100,outer
377,347,-11.875824,15.679327,100,outer
143,180,-15.469610,1.761812,100,outer
314,407,-16.217260,15.952162,100,outer
261,401,-18.054211,14.018743,100,outer
52,407,-26.251439,7.530449,100,outer
381,317,-10.758312,14.658951,100,outer
309,69,-5.544099,2.846585,100,outer
547,386,-6.618711,22.637435,100,outer
244,577,-24.362618,20.212813,100,outer
137,222,-17.049446,3.177481,100,outer
238,274,-14.852793,8.415536,100,outer
486,110,-0.083185,10.106298,100,outer
356,409,-14.673015,17.378804,100,outer
382,547,-18.113121,23.499725,100,outer
249,283,-14.720806,9.113805,100,outer
382,318,-10.752158,14.729393,100,outer
289,90,-6.985089,3.007973,100,outer
6,296,-24.445187,1.800706,100,outer
495,195,-2.470734,13.650956,100,outer
507,169,-1.175411,13.040926,100,outer
197,272,-16.358739,7.021037,100,outer
376,360,-12.331994,16.145062,100,outer
295,286,-13.055512,10.707321,100,outer
545,281,-3.320194,18.551815,100,outer
530,418,-8.298390,23.316536,100,outer
341,402,-15.022483,16.628557,100,outer
388,334,-11.036671,15.535031,100,outer
53,264,-21.616556,2.085922,100,outer
329,19,-3.170934,1.574544,100,outer
515,438,-9.515745,23.600345,100,outer
238,575,-24.528120,19.943352,100,outer
299,405,-16.727448,15.393406,100,outer
229,426,-20.083358,13.947596,100,outer
22,276,-23.189534,1.549041,100,outer
546,282,-3.314039,18.622258,100,outer
531,419,-8.292236,23.386979,100,outer
504,136,-0.229556,11.680647,100,outer
348,297,-11.379281,12.832233,100,outer
276,278,-13.526030,9.790199,100,outer
397,10,-0.277347,3.415647,100,outer
181,269,-16.875082,6.391839,100,outer
340,293,-11.557092,12.421888,100,outer
4,344,-26.064693,3.574741,100,outer
555,367,-5.701589,22.166917,100,outer
90,267,-20.295948,3.390143,100,outer
230,427,-20.077204,14.018039,100,outer
137,199,-16.310135,2.296618,100,outer
322,281,-11.860736,11.383716,100,outer
269,89,-7.718913,2.326795,100,outer
40,266,-22.178723,1.744648,100,outer
174,266,-17.046739,6.051936,100,outer
166,262,-17.224550,5.641591,100,outer
280,284,-13.565700,10.148566,100,outer
312,87,-6.007794,3.632388,100,outer
507,146,-0.436100,12.160062,100,outer
427,37,0.003718,5.414022,100,outer
506,181,-1.599437,13.468362,100,outer
383,376,-12.578208,16.982844,100,outer
552,297,-3.566408,19.389597,100,outer
329,405,-15.578496,16.357724,100,outer
302,451,-18.091174,17.251564,100,outer
376,337,-11.592683,15.264199,100,outer
398,10,-0.239049,3.447791,100,outer
343,569,-20.313925,23.088676,100,outer
440,501,-14.413193,23.602348,100,outer
360,392,-13.973374,16.856308,100,outer
167,263,-17.218396,5.712034,100,outer
193,135,-12.108213,1.645582,100,outer
219,273,-15.548319,7.766503,100,outer
326,107,-6.114496,4.848371,100,outer
170,268,-17.264220,5.999957,100,outer
508,147,-0.429946,12.230505,100,outer
317,287,-12.245091,11.452787,100,outer
363,403,-14.212063,17.374022,100,outer
128,271,-18.969185,4.764807,100,outer
431,43,-0.035952,5.772388,100,outer
388,347,-11.454542,16.032910,100,outer
118,486,-26.263116,12.677522,100,outer
509,228,-2.995307,15.364819,100,outer
191,556,-25.717410,17.704918,100,outer
321,406,-15.917027,16.138871,100,outer
305,578,-22.058560,22.211892,100,outer
133,206,-16.688336,2.436131,100,outer
151,254,-17.541874,4.853045,100,outer
366,557,-19.047335,23.368406,100,outer
70,266,-21.029772,2.708966,100,outer
374,3,-0.933203,2.408248,100,outer
145,180,-15.393013,1.826100,100,outer
318,288,-12.238937,11.523229,100,outer
129,501,-26.323993,13.605581,100,outer
223,279,-15.587989,8.124869,100,outer
256,276,-14.227710,9.070724,100,outer
362,294,-10.746671,13.167353,100,outer
192,557,-25.711255,17.775360,100,outer
184,553,-25.889067,17.365015,100,outer
309,59,-5.222659,2.463601,100,outer
165,274,-17.648576,6.069028,100,outer
380,348,-11.793073,15.814057,100,outer
371,379,-13.134221,16.712012,100,outer
367,0,-1.104860,2.068345,100,outer
63,263,-21.201429,2.369063,100,outer
184,144,-12.742194,1.700972,100,outer
222,399,-19.483560,12.688532,100,outer
258,93,-8.268771,2.126406,100,outer
467,87,-0.071543,8.614700,100,outer
297,579,-22.397091,21.993039,100,outer
34,385,-26.233643,6.109293,100,outer
363,295,-10.740517,13.237795,100,outer
362,559,-19.264816,23.316427,100,outer
523,247,-3.069864,16.542503,100,outer
165,539,-26.166721,16.218102,100,outer
374,304,-10.608530,13.936064,100,outer
260,282,-14.267380,9.429090,100,outer
37,390,-26.279468,6.397217,100,outer
199,272,-16.282143,7.085325,100,outer
489,111,-0.000433,10.241028,100,outer
534,262,-3.130741,17.470563,100,outer
264,401,-17.939316,14.115174,100,outer
363,560,-19.258662,23.386869,100,outer
108,270,-19.703008,4.083630,100,outer
475,472,-12.140575,23.616733,100,outer
524,248,-3.063710,16.612946,100,outer
537,267,-3.176566,17.758486,100,outer
0,328,-25.703584,2.833391,100,outer
337,13,-2.671683,1.601906,100,outer
550,386,-6.503816,22.733867,100,outer
294,280,-12.900947,10.445387,100,outer
141,187,-15.771214,1.965613,100,outer
332,572,-20.831639,22.849988,100,outer
555,321,-4.222968,20.405191,100,outer
252,283,-14.605911,9.210237,100,outer
203,278,-16.321813,7.443691,100,outer
69,427,-26.243245,8.842864,100,outer
350,297,-11.302684,12.896521,100,outer
55,263,-21.507816,2.111912,100,outer
498,195,-2.355839,13.747388,100,outer
538,268,-3.170411,17.828929,100,outer
293,580,-22.582428,21.902761,100,outer
340,283,-11.235652,12.038904,100,outer
447,495,-13.952240,23.597565,100,outer
133,219,-17.106207,2.934010,100,outer
308,71,-5.646685,2.891038,100,outer
387,364,-12.039287,16.651839,100,outer
555,357,-5.380150,21.783933,100,outer
513,440,-9.656630,23.612654,100,outer
533,418,-8.183495,23.412968,100,outer
137,189,-15.988696,1.913634,100,outer
237,276,-14.955379,8.459989,100,outer
545,392,-6.888172,22.802937,100,outer
343,294,-11.474341,12.556618,100,outer
73,433,-26.282915,9.201230,100,outer
381,549,-18.215707,23.544178,100,outer
302,405,-16.612553,15.489838,100,outer
557,366,-5.592848,22.192906,100,outer
253,400,-18.328454,13.723293,100,outer
5,298,-24.547773,1.845158,100,outer
271,454,-19.374856,16.369997,100,outer
425,512,-15.341252,23.541471,100,outer
313,42,-4.523019,1.941104,100,outer
304,451,-18.014577,17.315852,100,outer
400,10,-0.162452,3.512079,100,outer
491,457,-11.045641,23.556560,100,outer
376,327,-11.271244,14.881215,100,outer
311,81,-5.853229,3.370454,100,outer
320,575,-21.387652,22.579156,100,outer
188,276,-16.832001,6.884936,100,outer
327,434,-16.587267,17.404090,100,outer
225,423,-20.140120,13.704125,100,outer
373,321,-11.193275,14.554993,100,outer
325,281,-11.745840,11.480148,100,outer
545,284,-3.416626,18.666711,100,outer
412,20,-0.024311,4.280790,100,outer
283,284,-13.450805,10.244997,100,outer
99,463,-26.251475,11.185924,100,outer
328,435,-16.581113,17.474532,100,outer
300,453,-18.232059,17.263873,100,outer
343,6,-2.216885,1.526681,100,outer
226,424,-20.133965,13.774568,100,outer
172,267,-17.155479,6.025947,100,outer
554,369,-5.804175,22.211370,100,outer
541,399,-7.266373,22.942450,100,outer
332,405,-15.463601,16.454156,100,outer
486,463,-11.429997,23.625630,100,outer
379,337,-11.477788,15.360631,100,outer
225,279,-15.511392,8.189157,100,outer
191,137,-12.249097,1.657891,100,outer
16,285,-23.708620,1.700863,100,outer
558,339,-4.686664,21.190994,100,outer
385,2,-0.479777,2.723533,100,outer
274,580,-23.310098,21.292026,100,outer
551,300,-3.701138,19.472349,100,outer
282,404,-17.346377,14.808661,100,outer
318,98,-6.131587,4.246534,100,outer
367,399,-13.930293,17.349404,100,outer
173,268,-17.149325,6.096389,100,outer
309,49,-4.901220,2.080617,100,outer
165,264,-17.327136,5.686044,100,outer
226,280,-15.505237,8.259599,100,outer
110,477,-26.280208,12.075685,100,outer
192,138,-12.242943,1.728333,100,outer
131,271,-18.854289,4.861239,100,outer
501,219,-3.012399,14.762982,100,outer
525,427,-8.779178,23.500502,100,outer
143,245,-17.558966,4.251208,100,outer
14,360,-26.196012,4.508954,100,outer
308,578,-21.943665,22.308324,100,outer
504,224,-3.058223,15.050905,100,outer
136,206,-16.573441,2.532563,100,outer
344,6,-2.178586,1.558825,100,outer
40,269,-22.275155,1.859543,100,outer
73,266,-20.914876,2.805398,100,outer
321,288,-12.124042,11.619661,100,outer
158,261,-17.498793,5.346141,100,outer
448,63,-0.027758,7.084803,100,outer
305,280,-12.479664,10.798971,100,outer
135,506,-26.254923,13.989937,100,outer
351,396,-14.446636,16.720206,100,outer
526,248,-2.987113,16.677234,100,outer
552,300,-3.662840,19.504493,100,outer
505,225,-3.052069,15.121348,100,outer
276,402,-17.511879,14.539200,100,outer
362,405,-14.314649,17.418475,100,outer
263,283,-14.184629,9.563820,100,outer
168,274,-17.533681,6.165460,100,outer
0,318,-25.382144,2.450407,100,outer
179,549,-25.951983,17.051101,100,outer
550,376,-6.182377,22.350883,100,outer
66,263,-21.086533,2.465495,100,outer
314,99,-6.316925,4.156257,100,outer
370,0,-0.989965,2.164777,100,outer
334,572,-20.755043,22.914276,100,outer
454,488,-13.459144,23.554484,100,outer
307,60,-5.331400,2.437612,100,outer
365,559,-19.149921,23.412859,100,outer
211,272,-15.822562,7.471053,100,outer
136,507,-26.248768,14.060379,100,outer
473,92,-0.002473,8.999055,100,outer
358,291,-10.803433,12.923882,100,outer
164,160,-14.022465,1.670867,100,outer
350,287,-10.981244,12.513537,100,outer
169,275,-17.527526,6.235902,100,outer
369,300,-10.671446,13.622151,100,outer
160,535,-26.229637,15.904189,100,outer
530,254,-3.026783,17.035600,100,outer
180,550,-25.945828,17.121544,100,outer
67,264,-21.080379,2.535938,100,outer
133,209,-16.784768,2.551026,100,outer
308,61,-5.325245,2.508054,100,outer
111,270,-19.588113,4.180061,100,outer
380,315,-10.732323,14.550210,100,outer
474,93,0.003682,9.069497,100,outer
161,536,-26.223483,15.974631,100,outer
28,272,-22.831168,1.588711,100,outer
231,106,-9.720699,1.756398,100,outer
383,320,-10.778147,14.838134,100,outer
343,284,-11.152901,12.173634,100,outer
255,400,-18.251857,13.787581,100,outer
248,275,-14.501953,8.775274,100,outer
54,410,-26.271274,7.709632,100,outer
172,545,-26.091496,16.672900,100,outer
557,356,-5.271409,21.809922,100,outer
507,444,-10.014996,23.572984,100,outer
301,287,-12.857866,10.938484,100,outer
335,572,-20.716744,22.946420,100,outer
206,278,-16.206917,7.540123,100,outer
3,337,-25.877984,3.274508,100,outer
493,457,-10.969045,23.620848,100,outer
384,321,-10.771993,14.908576,100,outer
136,219,-16.991312,3.030442,100,outer
549,388,-6.606402,22.778319,100,outer
427,511,-15.232511,23.567461,100,outer
140,189,-15.873800,2.010066,100,outer
489,114,-0.096865,10.355923,100,outer
256,400,-18.213559,13.819724,100,outer
357,303,-11.227459,13.351319,100,outer
243,281,-14.886309,8.844344,100,outer
96,268,-20.098301,3.621306,100,outer
214,403,-19.918523,12.584574,100,outer
374,392,-13.437197,17.306323,100,outer
239,576,-24.521966,20.013795,100,outer
354,563,-19.699779,23.212469,100,outer
286,279,-13.175190,10.149937,100,outer
4,301,-24.682504,1.927910,100,outer
386,366,-12.141874,16.696292,100,outer
387,331,-10.978537,15.387992,100,outer
347,295,-11.353291,12.723492,100,outer
378,362,-12.319685,16.285947,100,outer
199,131,-11.749846,1.685252,100,outer
328,16,-3.112800,1.427505,100,outer
358,304,-11.221304,13.421761,100,outer
244,282,-14.880154,8.914787,100,outer
502,132,-0.177577,11.463165,100,outer
90,453,-26.274721,10.513645,100,outer
544,394,-6.990758,22.847390,100,outer
323,575,-21.272757,22.675588,100,outer
328,281,-11.630945,11.576580,100,outer
276,91,-7.515112,2.628400,100,outer
503,133,-0.171423,11.533608,100,outer
91,454,-26.268567,10.584087,100,outer
388,3,-0.397025,2.858263,100,outer
350,565,-19.917261,23.160490,100,outer
372,324,-11.328006,14.637744,100,outer
407,16,-0.087227,3.966877,100,outer
262,452,-19.655254,16.004105,100,outer
3,341,-26.006560,3.427701,100,outer
506,138,-0.217247,11.821531,100,outer
229,275,-15.229623,8.164539,100,outer
171,154,-13.561512,1.666084,100,outer
505,179,-1.573447,13.359622,100,outer
311,48,-4.792479,2.106607,100,outer
294,404,-16.886796,15.194388,100,outer
335,405,-15.348706,16.550588,100,outer
281,285,-13.559546,10.219008,100,outer
232,429,-20.064895,14.158923,100,outer
509,149,-0.455935,12.339246,100,outer
389,4,-0.390871,2.928705,100,outer
429,40,-0.016117,5.593205,100,outer
408,17,-0.081073,4.037319,100,outer
277,580,-23.195203,21.388458,100,outer
116,483,-26.243281,12.498339,100,outer
236,399,-18.947383,13.138547,100,outer
271,277,-13.685378,9.591181,100,outer
396,537,-17.255504,23.566757,100,outer
238,100,-9.259747,1.751615,100,outer
311,84,-5.949661,3.485349,100,outer
168,264,-17.212241,5.782476,100,outer
462,482,-12.959893,23.581845,100,outer
180,275,-17.106244,6.589486,100,outer
314,89,-5.995486,3.773273,100,outer
373,553,-18.650670,23.440220,100,outer
213,272,-15.745965,7.535341,100,outer
540,401,-7.368959,22.986903,100,outer
311,578,-21.828769,22.404755,100,outer
237,400,-18.941228,13.208990,100,outer
342,422,-15.627064,17.426668,100,outer
153,257,-17.561709,5.032228,100,outer
308,280,-12.364769,10.895402,100,outer
343,9,-2.313317,1.641576,100,outer
234,102,-9.477228,1.699636,100,outer
382,548,-18.145265,23.538024,100,outer
319,289,-12.232782,11.593671,100,outer
379,340,-11.574220,15.475526,100,outer
266,283,-14.069734,9.660252,100,outer
320,25,-3.708483,1.515039,100,outer
217,278,-15.785635,7.893707,100,outer
455,70,0.015323,7.577899,100,outer
501,186,-1.951649,13.499135,100,outer
553,376,-6.067481,22.447314,100,outer
373,0,-0.875069,2.261209,100,outer
274,403,-17.620620,14.513211,100,outer
309,281,-12.358615,10.965845,100,outer
214,272,-15.707667,7.567484,100,outer
131,503,-26.311684,13.746466,100,outer
501,451,-10.469794,23.648209,100,outer
328,114,-6.262907,5.180748,100,outer
30,271,-22.722427,1.614700,100,outer
35,386,-26.227489,6.179735,100,outer
175,546,-26.008745,16.807630,100,outer
194,559,-25.698946,17.916245,100,outer
370,376,-13.076087,16.564973,100,outer
376,307,-10.628365,14.115247,100,outer
136,209,-16.669873,2.647458,100,outer
229,108,-9.861584,1.768707,100,outer
114,270,-19.473218,4.276493,100,outer
509,162,-0.873807,12.837125,100,outer
469,89,-0.059235,8.755584,100,outer
354,288,-10.860195,12.680411,100,outer
554,313,-4.004115,20.066660,100,outer
346,284,-11.038006,12.270066,100,outer
217,399,-19.675052,12.527812,100,outer
351,399,-14.543068,16.835101,100,outer
526,251,-3.083545,16.792129,100,outer
304,287,-12.742970,11.034915,100,outer
255,282,-14.458872,9.268370,100,outer
134,221,-17.132197,3.042751,100,outer
370,3,-1.086396,2.279672,100,outer
491,113,0.011875,10.381912,100,outer
333,430,-16.228901,17.443760,100,outer
470,90,-0.053080,8.826027,100,outer
312,407,-16.293857,15.887874,100,outer
556,359,-5.406139,21.892674,100,outer
294,93,-6.890029,3.283588,100,outer
431,507,-14.950742,23.542843,100,outer
2,330,-25.691275,2.974275,100,outer
242,577,-24.439215,20.148525,100,outer
194,271,-16.441491,6.886307,100,outer
352,299,-11.290375,13.037405,100,outer
287,90,-7.061686,2.943685,100,outer
311,447,-17.617913,17.387666,100,outer
540,270,-3.158103,17.969813,100,outer
326,18,-3.253685,1.439814,100,outer
288,580,-22.773920,21.742042,100,outer
403,530,-16.762408,23.523675,100,outer
289,279,-13.060295,10.246369,100,outer
310,73,-5.634376,3.031923,100,outer
213,406,-20.053254,12.667325,100,outer
72,430,-26.224782,9.054191,100,outer
352,564,-19.808520,23.186480,100,outer
139,191,-15.976387,2.054519,100,outer
353,300,-11.284220,13.107848,100,outer
313,84,-5.873064,3.549637,100,outer
297,405,-16.804045,15.329118,100,outer
470,476,-12.460643,23.609206,100,outer
349,415,-15.133968,17.383587,100,outer
175,150,-13.279743,1.641467,100,outer
353,565,-19.802366,23.256922,100,outer
385,368,-12.244460,16.740745,100,outer
232,275,-15.114727,8.260971,100,outer
198,133,-11.852433,1.729705,100,outer
414,23,-0.044146,4.459973,100,outer
171,265,-17.129490,5.917206,100,outer
142,238,-17.372257,3.950975,100,outer
88,267,-20.372545,3.325856,100,outer
227,425,-20.127811,13.845010,100,outer
411,17,0.033823,4.133751,100,outer
389,344,-11.319812,15.950159,100,outer
543,402,-7.286208,23.121633,100,outer
403,13,-0.143989,3.723406,100,outer
239,399,-18.832488,13.234979,100,outer
111,479,-26.306198,12.184426,100,outer
395,9,-0.321800,3.313061,100,outer
219,570,-25.095070,19.141125,100,outer
371,555,-18.791555,23.452529,100,outer
285,286,-13.438496,10.385882,100,outer
101,465,-26.239166,11.326809,100,outer
553,366,-5.746042,22.064330,100,outer
183,275,-16.991349,6.685917,100,outer
345,8,-2.204576,1.667565,100,outer
15,282,-23.650486,1.553824,100,outer
228,426,-20.121657,13.915452,100,outer
236,101,-9.368488,1.725626,100,outer
310,50,-4.895065,2.151060,100,outer
504,181,-1.676034,13.404074,100,outer
550,297,-3.643005,19.325309,100,outer
240,400,-18.826333,13.305421,100,outer
13,358,-26.170023,4.400214,100,outer
112,480,-26.300043,12.254868,100,outer
346,418,-15.345295,17.402051,100,outer
212,567,-25.266727,18.801223,100,outer
388,6,-0.493457,2.973158,100,outer
204,563,-25.444538,18.390878,100,outer
145,248,-17.578801,4.430391,100,outer
358,392,-14.049971,16.792020,100,outer
164,261,-17.269003,5.539005,100,outer
16,363,-26.215847,4.688137,100,outer
196,559,-25.622350,17.980532,100,outer
539,404,-7.503689,23.069654,100,outer
311,280,-12.249874,10.991834,100,outer
504,446,-10.194179,23.553149,100,outer
237,102,-9.362333,1.796068,100,outer
438,501,-14.489790,23.538060,100,outer
148,173,-15.053110,1.654443,100,outer
323,25,-3.593588,1.611471,100,outer
450,66,-0.047593,7.263986,100,outer
39,266,-22.217022,1.712504,100,outer
214,118,-10.757499,1.669532,100,outer
509,152,-0.552367,12.454141,100,outer
367,297,-10.651611,13.442968,100,outer
17,364,-26.209693,4.758580,100,outer
321,101,-6.113124,4.457861,100,outer
503,221,-3.000090,14.903866,100,outer
506,226,-3.045914,15.191790,100,outer
277,403,-17.505725,14.609642,100,outer
137,509,-26.274758,14.169120,100,outer
372,3,-1.009800,2.343960,100,outer
260,579,-23.814131,20.803713,100,outer
318,32,-4.010087,1.718840,100,outer
451,67,-0.041439,7.334429,100,outer
388,356,-11.743837,16.377596,100,outer
255,92,-8.351523,1.991675,100,outer
159,533,-26.203648,15.795448,100,outer
368,298,-10.645457,13.513410,100,outer
254,276,-14.304307,9.006436,100,outer
138,510,-26.268603,14.239562,100,outer
170,542,-26.071661,16.493717,100,outer
373,376,-12.961192,16.661404,100,outer
507,227,-3.039760,15.262232,100,outer
189,555,-25.761863,17.602331,100,outer
186,141,-12.569165,1.650365,100,outer
2,320,-25.369835,2.591291,100,outer
500,188,-2.054235,13.543587,100,outer
163,274,-17.725173,6.004740,100,outer
552,378,-6.170068,22.491767,100,outer
68,265,-21.074224,2.606380,100,outer
377,346,-11.843680,15.641028,100,outer
143,179,-15.437466,1.723514,100,outer
148,523,-26.303491,15.058881,100,outer
261,580,-23.807977,20.874155,100,outer
314,406,-16.185116,15.913864,100,outer
389,357,-11.737683,16.448038,100,outer
220,399,-19.560157,12.624244,100,outer
535,411,-7.881891,23.209167,100,outer
476,96,-0.016153,9.248681,100,outer
31,383,-26.284250,5.936264,100,outer
171,543,-26.065506,16.564160,100,outer
547,385,-6.586567,22.599136,100,outer
205,127,-11.391480,1.724922,100,outer
258,282,-14.343977,9.364802,100,outer
182,552,-25.933520,17.262428,100,outer
411,524,-16.263157,23.551037,100,outer
373,3,-0.971501,2.376104,100,outer
477,469,-11.967546,23.566125,100,outer
369,378,-13.178674,16.609425,100,outer
315,407,-16.178961,15.984306,100,outer
256,92,-8.313224,2.023819,100,outer
53,407,-26.213140,7.562593,100,outer
382,317,-10.720014,14.691095,100,outer
30,274,-22.818859,1.729596,100,outer
56,412,-26.258965,7.850516,100,outer
245,577,-24.324319,20.244957,100,outer
292,280,-12.977544,10.381099,100,outer
197,271,-16.326595,6.982739,100,outer
201,278,-16.398409,7.379404,100,outer
290,90,-6.946791,3.040117,100,outer
106,269,-19.747461,3.981043,100,outer
490,115,-0.090711,10.426365,100,outer
154,166,-14.598312,1.579218,100,outer
291,580,-22.659025,21.838473,100,outer
364,384,-13.563029,16.678496,100,outer
177,149,-13.171002,1.667456,100,outer
296,286,-13.017214,10.739465,100,outer
134,224,-17.228629,3.157646,100,outer
342,402,-14.984185,16.660700,100,outer
491,116,-0.084556,10.496808,100,outer
348,296,-11.347137,12.793934,100,outer
468,478,-12.601527,23.621515,100,outer
340,292,-11.524948,12.383589,100,outer
379,549,-18.292304,23.479890,100,outer
221,112,-10.296547,1.664749,100,outer
555,366,-5.669445,22.128618,100,outer
251,400,-18.405051,13.659005,100,outer
82,442,-26.227525,9.835211,100,outer
353,2,-1.705325,1.694926,100,outer
402,532,-16.864994,23.568128,100,outer
370,320,-11.276027,14.420263,100,outer
505,136,-0.191258,11.712791,100,outer
235,275,-14.999832,8.357402,100,outer
349,297,-11.340982,12.864377,100,outer
557,326,-4.307091,20.660971,100,outer
341,293,-11.518794,12.454032,100,outer
417,23,0.070749,4.556405,100,outer
441,499,-14.310607,23.557895,100,outer
219,416,-20.144903,13.243173,100,outer
338,404,-15.201666,16.608721,100,outer
144,273,-18.420698,5.355707,100,outer
91,267,-20.257649,3.422287,100,outer
137,234,-17.435173,3.637062,100,outer
312,86,-5.975651,3.594090,100,outer
383,375,-12.546064,16.944546,100,outer
406,13,-0.029094,3.819838,100,outer
150,173,-14.976513,1.718731,100,outer
234,432,-20.084730,14.338106,100,outer
348,417,-15.236554,17.428040,100,outer
270,89,-7.680615,2.358939,100,outer
216,118,-10.680902,1.733820,100,outer
390,5,-0.384716,2.999148,100,outer
398,9,-0.206905,3.409493,100,outer
41,266,-22.140425,1.776792,100,outer
5,343,-25.994251,3.568586,100,outer
93,456,-26.256258,10.724972,100,outer
159,258,-17.364063,5.263390,100,outer
487,203,-3.034273,13.700192,100,outer
138,235,-17.429019,3.707504,100,outer
313,87,-5.969496,3.664532,100,outer
508,146,-0.397802,12.192206,100,outer
418,518,-15.802205,23.546254,100,outer
384,376,-12.539910,17.014988,100,outer
330,405,-15.540198,16.389868,100,outer
484,463,-11.506594,23.561342,100,outer
391,6,-0.378562,3.069590,100,outer
134,201,-16.489318,2.276783,100,outer
431,42,-0.003808,5.734090,100,outer
388,346,-11.422398,15.994612,100,outer
556,339,-4.763260,21.126706,100,outer
272,580,-23.386695,21.227738,100,outer
542,404,-7.388794,23.166086,100,outer
146,175,-15.193995,1.666752,100,outer
488,204,-3.028119,13.770634,100,outer
554,378,-6.093471,22.556055,100,outer
507,446,-10.079284,23.649581,100,outer
344,568,-20.243483,23.082522,100,outer
171,268,-17.225922,6.032101,100,outer
163,264,-17.403733,5.621756,100,outer
129,500,-26.291849,13.567283,100,outer
14,284,-23.753073,1.598276,100,outer
129,271,-18.930886,4.796951,100,outer
432,43,0.002346,5.804532,100,outer
498,217,-3.063006,14.589953,100,outer
389,347,-11.416244,16.065054,100,outer
321,441,-17.042065,17.479315,100,outer
326,407,-15.757679,16.337889,100,outer
184,552,-25.856923,17.326716,100,outer
213,121,-10.892230,1.752283,100,outer
309,58,-5.190515,2.425303,100,outer
71,266,-20.991473,2.741110,100,outer
319,102,-6.221865,4.431872,100,outer
513,233,-3.002833,15.684886,100,outer
257,276,-14.189412,9.102868,100,outer
340,570,-20.460964,23.030543,100,outer
34,384,-26.201499,6.070995,100,outer
363,294,-10.708373,13.199497,100,outer
503,188,-1.939340,13.640019,100,outer
166,274,-17.610277,6.101172,100,outer
37,389,-26.247324,6.358918,100,outer
380,383,-12.918111,17.154501,100,outer
320,103,-6.215710,4.502314,100,outer
264,580,-23.693082,20.970587,100,outer
317,443,-17.259547,17.427336,100,outer
368,0,-1.066561,2.100489,100,outer
551,381,-6.304798,22.574518,100,outer
223,399,-19.445262,12.720676,100,outer
518,433,-9.240130,23.505285,100,outer
538,411,-7.766995,23.305599,100,outer
155,530,-26.260409,15.551977,100,outer
363,559,-19.226518,23.348571,100,outer
409,526,-16.404042,23.563345,100,outer
142,182,-15.572196,1.806265,100,outer
314,288,-12.392130,11.394653,100,outer
317,34,-4.112673,1.763293,100,outer
162,160,-14.099061,1.606579,100,outer
286,455,-18.832524,16.890454,100,outer
471,92,-0.079070,8.934767,100,outer
38,390,-26.241169,6.429361,100,outer
166,539,-26.128423,16.250246,100,outer
72,266,-20.953175,2.773254,100,outer
177,548,-25.996436,16.948515,100,outer
200,272,-16.243844,7.117469,100,outer
550,385,-6.471672,22.695568,100,outer
508,159,-0.815673,12.690086,100,outer
185,143,-12.671751,1.694817,100,outer
269,402,-17.779968,14.314193,100,outer
553,310,-3.945981,19.919620,100,outer
203,277,-16.289669,7.405393,100,outer
109,270,-19.664710,4.115774,100,outer
48,403,-26.276057,7.248679,100,outer
472,93,-0.072915,9.005210,100,outer
356,290,-10.847886,12.821296,100,outer
538,267,-3.138267,17.790630,100,outer
388,359,-11.840269,16.492491,100,outer
348,286,-11.025697,12.410950,100,outer
359,561,-19.443999,23.296592,100,outer
387,543,-17.793053,23.507251,100,outer
528,253,-3.071236,16.933013,100,outer
246,275,-14.578550,8.710986,100,outer
133,218,-17.074064,2.895712,100,outer
63,419,-26.215884,8.343613,100,outer
555,356,-5.348006,21.745634,100,outer
278,456,-19.171055,16.671601,100,outer
298,285,-12.908473,10.765455,100,outer
204,278,-16.283514,7.475835,100,outer
410,526,-16.365743,23.595489,100,outer
377,349,-11.940112,15.755924,100,outer
351,297,-11.264385,12.928665,100,outer
294,580,-22.544130,21.934905,100,outer
362,306,-11.132399,13.626934,100,outer
341,283,-11.197354,12.071048,100,outer
542,273,-3.177938,18.148996,100,outer
146,273,-18.344101,5.419995,100,outer
309,71,-5.608387,2.923182,100,outer
494,196,-2.541177,13.657111,100,outer
299,286,-12.902318,10.835897,100,outer
247,96,-8.786486,1.887717,100,outer
236,575,-24.604717,19.879064,100,outer
137,224,-17.113734,3.254078,100,outer
138,189,-15.950397,1.945778,100,outer
313,41,-4.490875,1.902806,100,outer
238,276,-14.917081,8.492133,100,outer
74,433,-26.244617,9.233374,100,outer
363,307,-11.126244,13.697376,100,outer
254,400,-18.290156,13.755437,100,outer
340,403,-15.092926,16.634711,100,outer
241,281,-14.962906,8.780057,100,outer
289,92,-7.049377,3.084569,100,outer
448,494,-13.881798,23.591411,100,outer
356,2,-1.590430,1.791358,100,outer
507,171,-1.239699,13.117522,100,outer
284,279,-13.251787,10.085649,100,outer
401,10,-0.124154,3.544223,100,outer
189,270,-16.600839,6.687289,100,outer
545,283,-3.384482,18.628412,100,outer
530,420,-8.362678,23.393133,100,outer
556,329,-4.441821,20.743722,100,outer
147,273,-18.305803,5.452139,100,outer
388,336,-11.100959,15.611628,100,outer
154,169,-14.694744,1.694113,100,outer
321,575,-21.349354,22.611300,100,outer
140,234,-17.320278,3.733494,100,outer
378,551,-18.394890,23.524343,100,outer
226,423,-20.101821,13.736269,100,outer
230,573,-24.770219,19.609604,100,outer
89,268,-20.366390,3.396298,100,outer
558,338,-4.654520,21.152695,100,outer
337,290,-11.575555,12.210561,100,outer
243,97,-8.971823,1.797440,100,outer
543,395,-7.061200,22.853544,100,outer
549,289,-3.424152,18.986778,100,outer
141,235,-17.314123,3.803936,100,outer
416,25,-0.031837,4.600858,100,outer
309,48,-4.869076,2.042319,100,outer
279,285,-13.636142,10.154720,100,outer
317,577,-21.566835,22.559321,100,outer
226,279,-15.473094,8.221301,100,outer
110,476,-26.248064,12.037387,100,outer
137,201,-16.374423,2.373215,100,outer
386,2,-0.441478,2.755677,100,outer
275,580,-23.271799,21.324170,100,outer
416,519,-15.910945,23.520264,100,outer
491,204,-2.913223,13.867066,100,outer
234,399,-19.023980,13.074259,100,outer
269,91,-7.783201,2.403392,100,outer
155,255,-17.420825,5.019919,100,outer
174,268,-17.111027,6.128533,100,outer
322,103,-6.139114,4.566602,100,outer
325,437,-16.760296,17.454697,100,outer
526,427,-8.740879,23.532646,100,outer
218,274,-15.618761,7.772657,100,outer
387,3,-0.435324,2.826119,100,outer
417,520,-15.904791,23.590707,100,outer
383,378,-12.642496,17.059441,100,outer
552,299,-3.630696,19.466194,100,outer
114,482,-26.287734,12.395753,100,outer
309,578,-21.905366,22.340468,100,outer
376,339,-11.656971,15.340796,100,outer
505,224,-3.019925,15.083049,100,outer
127,272,-19.039627,4.770961,100,outer
206,565,-25.432229,18.531762,100,outer
483,465,-11.609180,23.605795,100,outer
147,250,-17.566492,4.571276,100,outer
74,266,-20.876578,2.837542,100,outer
442,55,-0.000397,6.585552,100,outer
18,365,-26.203539,4.829022,100,outer
198,561,-25.610041,18.121417,100,outer
193,137,-12.172500,1.722179,100,outer
508,149,-0.494234,12.307102,100,outer
29,380,-26.264415,5.757081,100,outer
222,280,-15.658431,8.131023,100,outer
452,68,-0.035284,7.404871,100,outer
399,533,-17.012033,23.509995,100,outer
169,274,-17.495382,6.197604,100,outer
369,299,-10.639302,13.583852,100,outer
148,251,-17.560338,4.641718,100,outer
323,103,-6.100815,4.598746,100,outer
19,366,-26.197384,4.899464,100,outer
509,230,-3.059595,15.441415,100,outer
139,511,-26.262449,14.310005,100,outer
180,549,-25.913685,17.083245,100,outer
191,558,-25.781698,17.781514,100,outer
272,403,-17.697216,14.448923,100,outer
151,256,-17.606162,4.929642,100,outer
133,208,-16.752624,2.512728,100,outer
307,95,-6.456438,3.778056,100,outer
212,272,-15.784263,7.503197,100,outer
521,433,-9.125235,23.601717,100,outer
255,579,-24.005623,20.642993,100,outer
453,69,-0.029130,7.475313,100,outer
289,455,-18.717629,16.986886,100,outer
351,287,-10.942946,12.545681,100,outer
264,282,-14.114186,9.557666,100,outer
370,300,-10.633148,13.654295,100,outer
140,512,-26.256294,14.380447,100,outer
335,571,-20.684600,22.908121,100,outer
172,544,-26.059352,16.634602,100,outer
160,161,-14.207802,1.580590,100,outer
502,190,-2.041926,13.684472,100,outer
359,407,-14.493832,17.398639,100,outer
309,61,-5.286947,2.540198,100,outer
379,385,-13.020697,17.198954,100,outer
380,350,-11.857361,15.890654,100,outer
112,270,-19.549815,4.212205,100,outer
63,265,-21.265716,2.445660,100,outer
478,98,-0.003845,9.389565,100,outer
249,275,-14.463655,8.807418,100,outer
173,545,-26.053197,16.705044,100,outer
456,488,-13.382547,23.618772,100,outer
549,387,-6.574258,22.740021,100,outer
161,162,-14.201648,1.651032,100,outer
260,284,-14.331668,9.505687,100,outer
227,107,-9.906037,1.666121,100,outer
207,278,-16.168619,7.572267,100,outer
158,273,-17.884521,5.805722,100,outer
331,573,-20.902082,22.856142,100,outer
489,113,-0.064721,10.317625,100,outer
191,270,-16.524242,6.751577,100,outer
518,436,-9.336562,23.620180,100,outer
284,89,-7.144437,2.808955,100,outer
59,416,-26.272646,8.100142,100,outer
302,286,-12.787423,10.932329,100,outer
554,358,-5.450592,21.790087,100,outer
4,300,-24.650360,1.889611,100,outer
386,365,-12.109730,16.657993,100,outer
192,271,-16.518087,6.822019,100,outer
24,278,-23.177225,1.689925,100,outer
555,323,-4.287256,20.481787,100,outer
269,454,-19.451453,16.305709,100,outer
257,400,-18.175261,13.851868,100,outer
244,281,-14.848010,8.876488,100,outer
388,543,-17.754755,23.539395,100,outer
55,265,-21.572104,2.188509,100,outer
222,113,-10.290392,1.735191,100,outer
375,392,-13.398899,17.338467,100,outer
240,576,-24.483667,20.045939,100,outer
287,279,-13.136892,10.182081,100,outer
308,73,-5.710973,2.967635,100,outer
387,366,-12.103575,16.728436,100,outer
332,430,-16.267199,17.411616,100,outer
140,272,-18.541748,5.188833,100,outer
200,131,-11.711548,1.717396,100,outer
355,5,-1.725160,1.874110,100,outer
270,455,-19.445298,16.376151,100,outer
372,323,-11.295862,14.599446,100,outer
245,282,-14.841856,8.946931,100,outer
285,89,-7.106139,2.841098,100,outer
312,43,-4.593461,1.947259,100,outer
3,340,-25.974416,3.389403,100,outer
229,274,-15.197479,8.126240,100,outer
490,458,-11.116084,23.562714,100,outer
424,513,-15.411695,23.547626,100,outer
319,576,-21.458094,22.585310,100,outer
389,3,-0.358727,2.890407,100,outer
351,565,-19.878962,23.192634,100,outer
263,452,-19.616955,16.036249,100,outer
324,282,-11.816283,11.486302,100,outer
95,459,-26.276093,10.904155,100,outer
230,275,-15.191324,8.196683,100,outer
546,395,-6.946305,22.949976,100,outer
370,398,-13.783254,17.407537,100,outer
136,231,-17.377040,3.490023,100,outer
376,329,-11.335532,14.957812,100,outer
196,133,-11.929030,1.665417,100,outer
282,285,-13.521247,10.251152,100,outer
311,83,-5.917517,3.447051,100,outer
327,436,-16.651555,17.480687,100,outer
314,88,-5.963342,3.734974,100,outer
278,580,-23.156904,21.420602,100,outer
236,434,-20.072421,14.478991,100,outer
237,399,-18.909084,13.170691,100,outer
43,268,-22.128116,1.917676,100,outer
433,45,-0.023643,5.913273,100,outer
120,488,-26.250808,12.818407,100,outer
169,264,-17.173943,5.814620,100,outer
463,482,-12.921595,23.613989,100,outer
267,278,-13.870715,9.500904,100,outer
153,256,-17.529566,4.993930,100,outer
308,50,-4.971662,2.086772,100,outer
238,400,-18.902930,13.241133,100,outer
379,339,-11.542076,15.437228,100,outer
434,46,-0.017489,5.983715,100,outer
10,356,-26.220630,4.227185,100,outer
558,341,-4.750951,21.267590,100,outer
553,375,-6.035338,22.409016,100,outer
121,489,-26.244653,12.888849,100,outer
551,302,-3.765426,19.548945,100,outer
168,155,-13.708551,1.607951,100,outer
309,280,-12.326471,10.927546,100,outer
320,289,-12.194484,11.625815,100,outer
459,484,-13.139076,23.562010,100,outer
370,555,-18.829853,23.420385,100,outer
202,562,-25.488991,18.288291,100,outer
378,1,-0.715721,2.460227,100,outer
459,75,0.007797,7.897967,100,outer
14,362,-26.260300,4.585551,100,outer
194,558,-25.666803,17.877946,100,outer
275,403,-17.582321,14.545355,100,outer
136,208,-16.637729,2.609160,100,outer
235,101,-9.406786,1.693482,100,outer
258,579,-23.890728,20.739425,100,outer
210,273,-15.893004,7.477207,100,outer
365,296,-10.696064,13.340381,100,outer
135,508,-26.319211,14.066534,100,outer
526,250,-3.051401,16.753830,100,outer
195,559,-25.660648,17.948388,100,outer
497,452,-10.655131,23.557931,100,outer
187,555,-25.838459,17.538043,100,outer
0,320,-25.446432,2.527003,100,outer
66,265,-21.150821,2.542092,100,outer
316,31,-4.054540,1.616254,100,outer
470,89,-0.020936,8.787728,100,outer
312,406,-16.261713,15.849576,100,outer
207,124,-11.218452,1.674315,100,outer
307,62,-5.395688,2.514209,100,outer
32,272,-22.677974,1.717287,100,outer
366,297,-10.689909,13.410824,100,outer
157,532,-26.248101,15.692862,100,outer
473,94,-0.066761,9.075652,100,outer
555,313,-3.965816,20.098804,100,outer
40,392,-26.228860,6.570245,100,outer
545,391,-6.856028,22.764639,100,outer
530,256,-3.091071,17.112196,100,outer
313,407,-16.255558,15.920018,100,outer
308,63,-5.389533,2.584651,100,outer
254,92,-8.389821,1.959531,100,outer
378,387,-13.123284,17.243407,100,outer
495,118,0.004349,10.701980,100,outer
432,507,-14.912444,23.574987,100,outer
474,95,-0.060606,9.146094,100,outer
527,250,-3.013103,16.785974,100,outer
195,271,-16.403192,6.918451,100,outer
496,119,0.010504,10.772422,100,outer
51,406,-26.257593,7.460006,100,outer
353,299,-11.252076,13.069549,100,outer
104,269,-19.824058,3.916755,100,outer
304,579,-22.129002,22.218046,100,outer
437,503,-14.592376,23.582513,100,outer
364,308,-11.120090,13.767818,100,outer
499,124,-0.035321,11.060346,100,outer
384,323,-10.836281,14.985173,100,outer
290,279,-13.021996,10.278513,100,outer
136,221,-17.055600,3.107039,100,outer
470,475,-12.428499,23.570908,100,outer
353,564,-19.770222,23.218624,100,outer
273,455,-19.330403,16.472583,100,outer
199,277,-16.442862,7.276817,100,outer
232,274,-15.082583,8.222672,100,outer
346,296,-11.423733,12.729647,100,outer
365,309,-11.113935,13.838261,100,outer
338,292,-11.601545,12.319301,100,outer
327,17,-3.183242,1.433660,100,outer
76,435,-26.232308,9.374258,100,outer
363,385,-13.633472,16.684651,100,outer
308,449,-17.797096,17.367831,100,outer
142,237,-17.340113,3.912677,100,outer
176,150,-13.241444,1.673611,100,outer
214,405,-19.982811,12.661171,100,outer
374,394,-13.501485,17.382920,100,outer
327,282,-11.701388,11.582734,100,outer
386,368,-12.206162,16.772889,100,outer
387,333,-11.042825,15.464589,100,outer
233,275,-15.076429,8.293115,100,outer
378,364,-12.383973,16.362543,100,outer
489,201,-2.893388,13.687883,100,outer
423,515,-15.514281,23.592078,100,outer
285,285,-13.406352,10.347584,100,outer
558,331,-4.429512,20.884606,100,outer
236,280,-15.122254,8.581038,100,outer
553,365,-5.713898,22.026032,100,outer
47,264,-21.846347,1.893059,100,outer
228,425,-20.089513,13.877154,100,outer
175,270,-17.137016,6.237274,100,outer
224,571,-24.935722,19.340144,100,outer
240,399,-18.794189,13.267123,100,outer
396,9,-0.283502,3.345205,100,outer
548,286,-3.366018,18.839739,100,outer
339,292,-11.563246,12.351445,100,outer
372,555,-18.753257,23.484673,100,outer
358,391,-14.017827,16.753721,100,outer
270,278,-13.755820,9.597336,100,outer
346,8,-2.166278,1.699709,100,outer
395,538,-17.325947,23.572911,100,outer
461,483,-13.030336,23.588000,100,outer
148,172,-15.020966,1.616145,100,outer
232,431,-20.129183,14.235520,100,outer
347,418,-15.306996,17.434194,100,outer
179,276,-17.176686,6.595640,100,outer
509,151,-0.520223,12.415842,100,outer
554,302,-3.650531,19.645377,100,outer
321,100,-6.080980,4.419563,100,outer
116,485,-26.307569,12.574936,100,outer
505,446,-10.155880,23.585293,100,outer
149,253,-17.586327,4.750459,100,outer
323,289,-12.079589,11.722247,100,outer
160,262,-17.454340,5.448728,100,outer
451,66,-0.009295,7.296130,100,outer
213,274,-15.810253,7.611937,100,outer
381,1,-0.600826,2.556658,100,outer
454,71,-0.055119,7.584054,100,outer
278,403,-17.467426,14.641786,100,outer
319,26,-3.778925,1.521194,100,outer
229,398,-19.183328,12.875241,100,outer
507,226,-3.007616,15.223934,100,outer
21,369,-26.217219,5.078647,100,outer
325,106,-6.120650,4.777929,100,outer
261,579,-23.775833,20.835857,100,outer
161,263,-17.448186,5.519170,100,outer
389,356,-11.705539,16.409740,100,outer
338,570,-20.537561,22.966255,100,outer
31,382,-26.252106,5.897966,100,outer
379,342,-11.638508,15.552123,100,outer
455,72,-0.048965,7.654496,100,outer
508,227,-3.001462,15.294376,100,outer
163,538,-26.211174,16.115516,100,outer
372,303,-10.652983,13.833478,100,outer
142,515,-26.276129,14.559630,100,outer
182,551,-25.901376,17.224130,100,outer
500,452,-10.540236,23.654363,100,outer
511,232,-3.047286,15.582300,100,outer
369,377,-13.146530,16.571127,100,outer
557,348,-5.014257,21.503535,100,outer
315,406,-16.146817,15.946008,100,outer
221,399,-19.521859,12.656388,100,outer
361,293,-10.752826,13.096911,100,outer
338,426,-15.908833,17.451286,100,outer
284,455,-18.909121,16.826167,100,outer
345,285,-11.108448,12.276220,100,outer
259,282,-14.305678,9.396946,100,outer
183,552,-25.895221,17.294572,100,outer
430,509,-15.053328,23.587296,100,outer
136,211,-16.734161,2.724055,100,outer
316,407,-16.140663,16.016450,100,outer
536,410,-7.811448,23.203013,100,outer
201,277,-16.366265,7.341105,100,outer
509,164,-0.938095,12.913721,100,outer
315,33,-4.157126,1.660707,100,outer
164,538,-26.172875,16.147660,100,outer
554,315,-4.068402,20.143256,100,outer
206,126,-11.321038,1.718767,100,outer
335,11,-2.683992,1.461021,100,outer
57,412,-26.220667,7.882660,100,outer
250,578,-24.164971,20.443975,100,outer
338,282,-11.280105,11.936317,100,outer
548,384,-6.516125,22.592982,100,outer
134,223,-17.196485,3.119348,100,outer
342,401,-14.952041,16.622402,100,outer
107,269,-19.709163,4.013187,100,outer
556,361,-5.470427,21.969270,100,outer
362,1,-1.328496,1.945924,100,outer
536,266,-3.182720,17.688044,100,outer
58,413,-26.214512,7.953103,100,outer
292,580,-22.620727,21.870617,100,outer
286,91,-7.132128,2.949839,100,outer
310,448,-17.688355,17.393820,100,outer
2,332,-25.755563,3.050872,100,outer
178,149,-13.132704,1.699600,100,outer
49,264,-21.769750,1.957347,100,outer
61,418,-26.260337,8.241026,100,outer
297,286,-12.978915,10.771609,100,outer
234,575,-24.681314,19.814777,100,outer
202,277,-16.327967,7.373249,100,outer
557,325,-4.274947,20.622672,100,outer
349,296,-11.308838,12.826078,100,outer
354,411,-14.813900,17.391113,100,outer
341,292,-11.486650,12.415733,100,outer
495,121,-0.092083,10.816875,100,outer
338,403,-15.169523,16.570423,100,outer
144,272,-18.388554,5.317408,100,outer
540,272,-3.222390,18.046410,100,outer
512,439,-9.662784,23.542211,100,outer
354,2,-1.667027,1.727070,100,outer
493,197,-2.611619,13.663265,100,outer
403,532,-16.826696,23.600272,100,outer
310,75,-5.698664,3.108520,100,outer
469,477,-12.531085,23.615361,100,outer
213,408,-20.117541,12.743922,100,outer
342,293,-11.480495,12.486176,100,outer
139,193,-16.040675,2.131116,100,outer
5,342,-25.962107,3.530288,100,outer
145,273,-18.382400,5.387851,100,outer
421,28,0.063223,4.876473,100,outer
364,311,-11.216521,13.882713,100,outer
313,86,-5.937352,3.626234,100,outer
235,575,-24.643015,19.846921,100,outer
376,551,-18.471487,23.460055,100,outer
362,387,-13.736058,16.729103,100,outer
399,9,-0.168607,3.441637,100,outer
271,89,-7.642316,2.391083,100,outer
87,268,-20.442987,3.332010,100,outer
556,338,-4.731116,21.088407,100,outer
375,326,-11.277398,14.810773,100,outer
410,18,-0.036620,4.139906,100,outer
265,454,-19.604646,16.177133,100,outer
361,391,-13.902932,16.850153,100,outer
97,461,-26.263784,11.045039,100,outer
422,29,0.069378,4.946915,100,outer
273,278,-13.640925,9.693768,100,outer
547,289,-3.500749,18.922491,100,outer
224,273,-15.356827,7.927222,100,outer
182,276,-17.061791,6.692072,100,outer
392,6,-0.340264,3.101734,100,outer
432,42,0.034490,5.766234,100,outer
411,19,-0.030465,4.210348,100,outer
389,346,-11.384100,16.026756,100,outer
384,2,-0.518075,2.691389,100,outer
12,359,-26.240465,4.406368,100,outer
326,406,-15.725535,16.299591,100,outer
319,281,-11.975631,11.287284,100,outer
345,419,-15.415737,17.408205,100,outer
267,91,-7.859798,2.339104,100,outer
435,47,-0.011334,6.054158,100,outer
3,310,-25.010098,2.240451,100,outer
357,393,-14.120414,16.798174,100,outer
277,284,-13.680595,10.052134,100,outer
216,274,-15.695358,7.708369,100,outer
236,103,-9.432775,1.802223,100,outer
310,52,-4.959353,2.227657,100,outer
340,569,-20.428820,22.992244,100,outer
550,299,-3.707293,19.401906,100,outer
13,360,-26.234311,4.476810,100,outer
147,174,-15.123553,1.660598,100,outer
436,48,-0.005180,6.124600,100,outer
502,222,-3.070532,14.910021,100,outer
125,272,-19.116224,4.706673,100,outer
539,406,-7.567977,23.146251,100,outer
358,394,-14.114259,16.868616,100,outer
312,98,-6.361378,4.053671,100,outer
504,448,-10.258467,23.629745,100,outer
524,426,-8.785332,23.430060,100,outer
262,277,-14.030063,9.301886,100,outer
341,570,-20.422666,23.062687,100,outer
327,406,-15.687237,16.331735,100,outer
314,287,-12.359986,11.356355,100,outer
220,280,-15.735028,8.066735,100,outer
509,154,-0.616655,12.530738,100,outer
503,223,-3.064378,14.980463,100,outer
167,274,-17.571979,6.133316,100,outer
38,389,-26.209025,6.391062,100,outer
177,547,-25.964292,16.910217,100,outer
554,305,-3.746963,19.760272,100,outer
318,443,-17.221248,17.459480,100,outer
313,99,-6.355223,4.124113,100,outer
305,95,-6.533035,3.713768,100,outer
499,189,-2.124677,13.549742,100,outer
553,309,-3.913837,19.881322,100,outer
476,471,-12.070132,23.610578,100,outer
315,288,-12.353832,11.426797,100,outer
356,289,-10.815742,12.782997,100,outer
388,358,-11.808125,16.454193,100,outer
287,455,-18.794226,16.922598,100,outer
348,285,-10.993553,12.372652,100,outer
138,512,-26.332891,14.316159,100,outer
178,548,-25.958137,16.980659,100,outer
475,97,-0.086596,9.254835,100,outer
197,561,-25.648339,18.089273,100,outer
42,395,-26.248695,6.749429,100,outer
270,402,-17.741669,14.346336,100,outer
2,322,-25.434123,2.667888,100,outer
519,432,-9.169688,23.499130,100,outer
410,525,-16.333599,23.557191,100,outer
377,348,-11.907968,15.717625,100,outer
384,547,-18.036524,23.564013,100,outer
364,0,-1.219755,1.971913,100,outer
253,578,-24.050076,20.540407,100,outer
349,286,-10.987399,12.443094,100,outer
52,408,-26.283583,7.568747,100,outer
476,98,-0.080441,9.325277,100,outer
247,275,-14.540252,8.743130,100,outer
529,253,-3.032938,16.965157,100,outer
547,387,-6.650855,22.675733,100,outer
159,162,-14.278244,1.586744,100,outer
532,258,-3.078762,17.253081,100,outer
137,223,-17.081590,3.215780,100,outer
110,269,-19.594268,4.109619,100,outer
329,573,-20.978679,22.791854,100,outer
477,471,-12.031834,23.642722,100,outer
356,410,-14.705159,17.417103,100,outer
182,145,-12.850934,1.674982,100,outer
53,409,-26.277428,7.639189,100,outer
382,319,-10.784302,14.767692,100,outer
342,283,-11.159056,12.103192,100,outer
314,35,-4.259713,1.705160,100,outer
6,297,-24.477331,1.839004,100,outer
385,324,-10.830126,15.055615,100,outer
237,575,-24.566419,19.911208,100,outer
284,278,-13.219643,10.047351,100,outer
376,361,-12.364138,16.183360,100,outer
267,454,-19.528050,16.241421,100,outer
341,403,-15.054627,16.666855,100,outer
242,281,-14.924607,8.812200,100,outer
290,92,-7.011079,3.116713,100,outer
147,272,-18.273659,5.413840,100,outer
367,312,-11.133770,14.017444,100,outer
78,438,-26.252143,9.553441,100,outer
556,328,-4.409677,20.705423,100,outer
220,113,-10.366989,1.670904,100,outer
238,576,-24.560264,19.981651,100,outer
378,550,-18.362747,23.486045,100,outer
250,401,-18.475493,13.665159,100,outer
364,386,-13.627317,16.755093,100,outer
508,171,-1.201401,13.149666,100,outer
190,270,-16.562540,6.719433,100,outer
352,3,-1.775767,1.701081,100,outer
413,19,0.046131,4.274636,100,outer
356,302,-11.233613,13.280876,100,outer
148,273,-18.267505,5.484283,100,outer
283,89,-7.182736,2.776811,100,outer
79,439,-26.245988,9.623884,100,outer
549,288,-3.392008,18.948480,100,outer
353,413,-14.916486,17.435566,100,outer
221,114,-10.360835,1.741346,100,outer
4,345,-26.096837,3.613039,100,outer
555,368,-5.733733,22.205215,100,outer
445,496,-14.060981,23.571576,100,outer
365,387,-13.621163,16.825535,100,outer
82,444,-26.291813,9.911808,100,outer
317,576,-21.534691,22.521022,100,outer
90,268,-20.328092,3.428442,100,outer
230,428,-20.109348,14.056337,100,outer
268,454,-19.489751,16.273565,100,outer
505,138,-0.255546,11.789387,100,outer
322,282,-11.892880,11.422014,100,outer
227,273,-15.241931,8.023654,100,outer
18,279,-23.439159,1.535360,100,outer
368,398,-13.859851,17.343249,100,outer
333,291,-11.760893,12.120283,100,outer
280,285,-13.597844,10.186864,100,outer
185,276,-16.946896,6.788504,100,outer
325,436,-16.728152,17.416399,100,outer
387,2,-0.403180,2.787821,100,outer
276,580,-23.233501,21.356314,100,outer
383,377,-12.610352,17.021142,100,outer
406,15,-0.093382,3.896435,100,outer
329,406,-15.610640,16.396023,100,outer
302,452,-18.123318,17.289862,100,outer
270,91,-7.744903,2.435536,100,outer
41,268,-22.204713,1.853389,100,outer
390,7,-0.449004,3.075744,100,outer
114,481,-26.255590,12.357454,100,outer
374,328,-11.379985,14.855226,100,outer
483,464,-11.577036,23.567497,100,outer
506,447,-10.149726,23.655735,100,outer
231,428,-20.071049,14.088481,100,outer
313,89,-6.033784,3.741129,100,outer
508,148,-0.462090,12.268803,100,outer
317,288,-12.277235,11.491085,100,outer
484,465,-11.570882,23.637939,100,outer
128,272,-19.001328,4.803105,100,outer
207,565,-25.393931,18.563906,100,outer
556,341,-4.827548,21.203302,100,outer
388,348,-11.486686,16.071209,100,outer
118,487,-26.295260,12.715820,100,outer
199,561,-25.571742,18.153561,100,outer
305,579,-22.090704,22.250190,100,outer
272,402,-17.665073,14.410624,100,outer
265,277,-13.915168,9.398318,100,outer
151,255,-17.574018,4.891343,100,outer
373,368,-12.704041,16.355017,100,outer
341,7,-2.325626,1.500691,100,outer
37,270,-22.422194,1.801410,100,outer
223,280,-15.620133,8.163167,100,outer
453,68,0.003014,7.437015,100,outer
369,556,-18.900296,23.426540,100,outer
389,349,-11.480531,16.141651,100,outer
33,385,-26.271942,6.077149,100,outer
200,562,-25.565588,18.224003,100,outer
510,230,-3.021297,15.473559,100,outer
192,558,-25.743399,17.813658,100,outer
480,467,-11.788363,23.585960,100,outer
414,522,-16.083974,23.570872,100,outer
309,60,-5.254803,2.501900,100,outer
327,108,-6.108341,4.918814,100,outer
23,371,-26.204910,5.219532,100,outer
379,384,-12.988553,17.160655,100,outer
513,235,-3.067121,15.761483,100,outer
290,455,-18.679331,17.019030,100,outer
162,535,-26.153040,15.968477,100,outer
29,271,-22.760725,1.582556,100,outer
508,445,-10.008841,23.643426,100,outer
208,273,-15.969601,7.412919,100,outer
34,386,-26.265787,6.147591,100,outer
173,544,-26.021054,16.666746,100,outer
306,579,-22.052405,22.282334,100,outer
456,487,-13.350403,23.580474,100,outer
161,161,-14.169504,1.612734,100,outer
374,305,-10.640674,13.974362,100,outer
273,402,-17.626774,14.442768,100,outer
309,96,-6.411985,3.880642,100,outer
144,517,-26.263820,14.700515,100,outer
380,385,-12.982399,17.231098,100,outer
518,435,-9.304418,23.581882,100,outer
174,545,-26.014899,16.737188,100,outer
142,184,-15.636484,1.882862,100,outer
162,162,-14.163349,1.683176,100,outer
261,284,-14.293369,9.537831,100,outer
360,406,-14.423390,17.392485,100,outer
59,415,-26.240502,8.061843,100,outer
228,107,-9.867738,1.698265,100,outer
185,554,-25.882912,17.435457,100,outer
159,273,-17.846222,5.837866,100,outer
556,318,-4.088238,20.322439,100,outer
64,264,-21.195274,2.439506,100,outer
332,573,-20.863783,22.888286,100,outer
192,270,-16.485943,6.783721,100,outer
10,293,-24.195562,1.814386,100,outer
386,544,-17.863496,23.513406,100,outer
553,312,-4.010269,19.996217,100,outer
493,118,-0.072248,10.637692,100,outer
538,269,-3.202555,17.867227,100,outer
388,361,-11.904557,16.569088,100,outer
375,391,-13.366755,17.300168,100,outer
340,284,-11.267796,12.077202,100,outer
133,220,-17.138351,2.972309,100,outer
308,72,-5.678829,2.929337,100,outer
387,365,-12.071431,16.690137,100,outer
63,421,-26.280172,8.420210,100,outer
333,16,-2.921308,1.588225,100,outer
311,406,-16.300011,15.817432,100,outer
298,287,-12.972761,10.842052,100,outer
245,281,-14.809712,8.908632,100,outer
377,351,-12.004400,15.832520,100,outer
351,299,-11.328673,13.005261,100,outer
362,308,-11.196686,13.703530,100,outer
223,113,-10.252094,1.767335,100,outer
497,124,-0.111918,10.996058,100,outer
253,401,-18.360598,13.761591,100,outer
333,281,-11.439453,11.737299,100,outer
5,299,-24.579917,1.883457,100,outer
193,270,-16.447645,6.815865,100,outer
271,455,-19.407000,16.408295,100,outer
425,513,-15.373396,23.579769,100,outer
546,394,-6.914161,22.911678,100,outer
230,274,-15.159180,8.158384,100,outer
21,280,-23.356408,1.670090,100,outer
363,309,-11.190532,13.773973,100,outer
320,576,-21.419796,22.617454,100,outer
153,170,-14.765186,1.700268,100,outer
495,199,-2.599310,13.804150,100,outer
373,322,-11.225419,14.593291,100,outer
507,173,-1.303987,13.194119,100,outer
325,282,-11.777984,11.518446,100,outer
401,12,-0.188442,3.620820,100,outer
215,410,-20.105233,12.884807,100,outer
344,295,-11.468186,12.627060,100,outer
96,459,-26.237795,10.936299,100,outer
336,291,-11.645998,12.216715,100,outer
530,422,-8.426966,23.469730,100,outer
421,515,-15.590878,23.527790,100,outer
283,285,-13.482949,10.283296,100,outer
99,464,-26.283619,11.224222,100,outer
388,338,-11.165246,15.688225,100,outer
234,280,-15.198850,8.516751,100,outer
199,562,-25.603886,18.191859,100,outer
554,370,-5.836319,22.249668,100,outer
238,399,-18.870786,13.202835,100,outer
231,274,-15.120882,8.190528,100,outer
273,91,-7.630008,2.531968,100,outer
352,6,-1.872199,1.815976,100,outer
413,22,-0.050300,4.389531,100,outer
434,45,0.014655,5.945417,100,outer
546,286,-3.442615,18.775451,100,outer
558,340,-4.718808,21.229292,100,outer
100,465,-26.277465,11.294665,100,outer
162,260,-17.313456,5.436419,100,outer
490,205,-2.983666,13.873221,100,outer
549,291,-3.488440,19.063375,100,outer
173,269,-17.181469,6.134688,100,outer
393,538,-17.402543,23.508623,100,outer
144,242,-17.424236,4.168457,100,outer
324,438,-16.830738,17.460852,100,outer
110,478,-26.312352,12.113983,100,outer
131,272,-18.886433,4.899537,100,outer
321,24,-3.638040,1.508885,100,outer
82,267,-20.602335,3.132992,100,outer
386,4,-0.505766,2.832273,100,outer
394,8,-0.327955,3.242619,100,outer
416,521,-15.975233,23.596861,100,outer
438,51,-0.025015,6.303783,100,outer
491,206,-2.977511,13.943663,100,outer
169,155,-13.670253,1.640095,100,outer
268,277,-13.800273,9.494749,100,outer
125,494,-26.252179,13.208917,100,outer
166,266,-17.353126,5.794785,100,outer
321,289,-12.156186,11.657959,100,outer
460,484,-13.100778,23.594154,100,outer
272,284,-13.872087,9.891414,100,outer
372,371,-12.838771,16.437769,100,outer
177,275,-17.221139,6.493054,100,outer
305,281,-12.511808,10.837269,100,outer
210,272,-15.860860,7.438909,100,outer
379,1,-0.677423,2.492371,100,outer
276,403,-17.544023,14.577499,100,outer
187,554,-25.806315,17.499745,100,outer
262,90,-8.019146,2.140086,100,outer
0,319,-25.414288,2.488705,100,outer
18,367,-26.267826,4.905619,100,outer
550,377,-6.214521,22.389181,100,outer
394,538,-17.364245,23.540767,100,outer
259,579,-23.852430,20.771569,100,outer
326,111,-6.243072,5.001565,100,outer
508,151,-0.558522,12.383698,100,outer
211,273,-15.854706,7.509351,100,outer
366,296,-10.657766,13.372525,100,outer
188,555,-25.800161,17.570187,100,outer
139,513,-26.326737,14.386601,100,outer
120,271,-19.275572,4.507655,100,outer
464,81,0.006425,8.288477,100,outer
67,265,-21.112523,2.574236,100,outer
133,210,-16.816912,2.589325,100,outer
313,406,-16.223414,15.881720,100,outer
306,281,-12.473510,10.869413,100,outer
555,348,-5.090854,21.439247,100,outer
378,386,-13.091140,17.205108,100,outer
432,506,-14.880300,23.536688,100,outer
169,541,-26.077815,16.423275,100,outer
498,451,-10.584689,23.551777,100,outer
264,284,-14.178474,9.634262,100,outer
531,256,-3.052773,17.144340,100,outer
248,276,-14.534097,8.813572,100,outer
160,163,-14.272090,1.657187,100,outer
44,397,-26.236387,6.890313,100,outer
309,63,-5.351235,2.616795,100,outer
380,352,-11.921649,15.967251,100,outer
51,405,-26.225449,7.421708,100,outer
9,296,-24.330292,1.897137,100,outer
29,274,-22.857157,1.697452,100,outer
204,126,-11.397635,1.654480,100,outer
384,322,-10.804137,14.946875,100,outer
478,100,-0.068132,9.466162,100,outer
136,220,-17.023456,3.068740,100,outer
335,429,-16.120160,17.469749,100,outer
385,546,-17.966082,23.557859,100,outer
227,109,-9.970325,1.742718,100,outer
354,299,-11.213778,13.101693,100,outer
105,269,-19.785760,3.948899,100,outer
191,272,-16.588530,6.828174,100,outer
55,411,-26.265119,7.780074,100,outer
256,401,-18.245703,13.858023,100,outer
284,91,-7.208725,2.885551,100,outer
176,149,-13.209300,1.635312,100,outer
214,404,-19.950667,12.622872,100,outer
374,393,-13.469341,17.344621,100,outer
354,564,-19.731923,23.250768,100,outer
200,277,-16.404564,7.308961,100,outer
554,360,-5.514880,21.866684,100,outer
4,302,-24.714648,1.966208,100,outer
386,367,-12.174018,16.734590,100,outer
331,431,-16.337642,17.417770,100,outer
233,274,-15.044285,8.254816,100,outer
184,269,-16.760187,6.488271,100,outer
378,363,-12.351829,16.324245,100,outer
347,296,-11.385435,12.761790,100,outer
199,132,-11.781990,1.723550,100,outer
555,325,-4.351544,20.558384,100,outer
423,514,-15.482137,23.553780,100,outer
80,440,-26.239834,9.694326,100,outer
309,449,-17.758797,17.399975,100,outer
369,314,-11.121461,14.158328,100,outer
142,272,-18.465151,5.253121,100,outer
401,532,-16.903293,23.535984,100,outer
232,574,-24.725767,19.712190,100,outer
328,282,-11.663089,11.614878,100,outer
503,134,-0.203567,11.571906,100,outer
467,477,-12.607682,23.551073,100,outer
548,285,-3.333875,18.801441,100,outer
415,21,0.058440,4.415520,100,outer
350,566,-19.949405,23.198789,100,outer
3,342,-26.038704,3.466000,100,outer
312,45,-4.657749,2.023856,100,outer
262,453,-19.687398,16.042403,100,outer
237,280,-15.083955,8.613182,100,outer
506,139,-0.249391,11.859830,100,outer
545,396,-7.016747,22.956131,100,outer
48,264,-21.808048,1.925203,100,outer
490,460,-11.180372,23.639311,100,outer
176,270,-17.098718,6.269418,100,outer
294,405,-16.918940,15.232686,100,outer
232,430,-20.097039,14.197222,100,outer
347,417,-15.274852,17.395896,100,outer
179,275,-17.144542,6.557342,100,outer
506,175,-1.406573,13.238572,100,outer
507,140,-0.243237,11.930272,100,outer
439,500,-14.419347,23.531906,100,outer
255,450,-19.859055,15.702500,100,outer
271,278,-13.717522,9.629480,100,outer
347,8,-2.127979,1.731853,100,outer
7,348,-26.078374,3.824366,100,outer
238,101,-9.291891,1.789914,100,outer
462,483,-12.992037,23.620144,100,outer
274,283,-13.763346,9.917403,100,outer
233,431,-20.090884,14.267664,100,outer
139,238,-17.487152,3.854543,100,outer
314,90,-6.027630,3.811571,100,outer
180,276,-17.138388,6.627784,100,outer
85,267,-20.487440,3.229424,100,outer
373,325,-11.321851,14.708186,100,outer
373,554,-18.682814,23.478519,100,outer
117,485,-26.269271,12.607080,100,outer
317,281,-12.052228,11.222996,100,outer
150,253,-17.548029,4.782603,100,outer
325,105,-6.088506,4.739631,100,outer
120,490,-26.315095,12.895004,100,outer
275,284,-13.757192,9.987846,100,outer
375,371,-12.723876,16.534200,100,outer
308,52,-5.035950,2.163369,100,outer
382,1,-0.562528,2.588802,100,outer
541,403,-7.394949,23.095644,100,outer
379,341,-11.606364,15.513824,100,outer
455,71,-0.016821,7.616198,100,outer
265,90,-7.904251,2.236518,100,outer
217,279,-15.817779,7.932005,100,outer
36,267,-22.364061,1.654370,100,outer
121,491,-26.308941,12.965446,100,outer
142,514,-26.243985,14.521332,100,outer
1,309,-25.054550,2.137865,100,outer
318,102,-6.260163,4.399728,100,outer
511,231,-3.015142,15.544002,100,outer
558,343,-4.815239,21.344187,100,outer
168,157,-13.772839,1.684548,100,outer
25,374,-26.224745,5.398715,100,outer
557,347,-4.982114,21.465237,100,outer
214,273,-15.739811,7.605783,100,outer
32,382,-26.213808,5.930110,100,outer
312,287,-12.436583,11.292067,100,outer
338,425,-15.876689,17.412988,100,outer
371,373,-12.941357,16.482221,100,outer
183,551,-25.863077,17.256274,100,outer
123,271,-19.160677,4.604087,100,outer
35,387,-26.259633,6.218034,100,outer
175,547,-26.040889,16.845929,100,outer
350,399,-14.581366,16.802957,100,outer
459,77,-0.056491,7.974564,100,outer
512,232,-3.008988,15.614444,100,outer
376,308,-10.660509,14.153546,100,outer
136,210,-16.702017,2.685756,100,outer
310,97,-6.405831,3.951084,100,outer
257,91,-8.242782,2.017665,100,outer
369,3,-1.124695,2.247528,100,outer
509,163,-0.905951,12.875423,100,outer
313,288,-12.430429,11.362509,100,outer
354,289,-10.892339,12.718709,100,outer
218,279,-15.779481,7.964149,100,outer
206,125,-11.288894,1.680469,100,outer
346,285,-11.070150,12.308364,100,outer
217,400,-19.707196,12.566111,100,outer
31,273,-22.748417,1.723441,100,outer
36,388,-26.253478,6.288476,100,outer
164,537,-26.140731,16.109362,100,outer
176,548,-26.034734,16.916371,100,outer
554,314,-4.036259,20.104958,100,outer
497,454,-10.719419,23.634528,100,outer
255,283,-14.491016,9.306669,100,outer
303,94,-6.577488,3.611181,100,outer
160,274,-17.840068,5.908308,100,outer
0,322,-25.510720,2.603600,100,outer
470,91,-0.085224,8.864325,100,outer
339,425,-15.838391,17.445132,100,outer
307,64,-5.459976,2.590805,100,outer
207,126,-11.282740,1.750911,100,outer
253,93,-8.460263,1.965686,100,outer
251,578,-24.126673,20.476119,100,outer
431,508,-14.982886,23.581141,100,outer
61,417,-26.228193,8.202728,100,outer
367,380,-13.319558,16.621734,100,outer
218,400,-19.668898,12.598255,100,outer
305,405,-16.497657,15.586270,100,outer
379,354,-12.024235,16.011703,100,outer
495,120,-0.059939,10.778577,100,outer
287,91,-7.093830,2.981983,100,outer
311,448,-17.650057,17.425964,100,outer
62,418,-26.222038,8.273170,100,outer
50,264,-21.731452,1.989491,100,outer
332,13,-2.863175,1.441186,100,outer
310,74,-5.666520,3.070221,100,outer
213,407,-20.085397,12.705624,100,outer
72,431,-26.256926,9.092489,100,outer
361,305,-11.138553,13.556491,100,outer
139,192,-16.008531,2.092817,100,outer
541,272,-3.184092,18.078554,100,outer
145,272,-18.350256,5.349552,100,outer
364,310,-11.184378,13.844415,100,outer
499,126,-0.099609,11.136943,100,outer
544,277,-3.229917,18.366478,100,outer
307,450,-17.867538,17.373985,100,outer
188,270,-16.639137,6.655145,100,outer
175,151,-13.311887,1.679765,100,outer
350,3,-1.852364,1.636793,100,outer
293,286,-13.132109,10.643034,100,outer
375,325,-11.245254,14.772474,100,outer
265,453,-19.572502,16.138835,100,outer
240,280,-14.969060,8.709614,100,outer
385,369,-12.276604,16.779043,100,outer
51,264,-21.693153,2.021634,100,outer
547,288,-3.468605,18.884192,100,outer
248,400,-18.519946,13.562573,100,outer
363,387,-13.697760,16.761247,100,outer
88,268,-20.404688,3.364154,100,outer
400,534,-17.005879,23.580437,100,outer
242,97,-9.010121,1.765296,100,outer
266,454,-19.566348,16.209277,100,outer
466,479,-12.710268,23.595526,100,outer
386,370,-12.270449,16.849485,100,outer
387,335,-11.107113,15.541186,100,outer
258,450,-19.744159,15.798932,100,outer
328,20,-3.241376,1.580699,100,outer
250,446,-19.921971,15.388587,100,outer
225,273,-15.318528,7.959366,100,outer
377,550,-18.401045,23.453901,100,outer
553,367,-5.778186,22.102629,100,outer
101,466,-26.271310,11.365107,100,outer
492,208,-3.003501,14.052404,100,outer
551,294,-3.508275,19.242558,100,outer
183,276,-17.023493,6.724216,100,outer
146,245,-17.444071,4.347640,100,outer
320,281,-11.937332,11.319428,100,outer
346,419,-15.377438,17.440349,100,outer
415,24,-0.037991,4.530416,100,outer
436,47,0.026964,6.086302,100,outer
331,290,-11.805346,12.017697,100,outer
506,142,-0.345823,11.974725,100,outer
438,502,-14.521934,23.576358,100,outer
278,284,-13.642297,10.084278,100,outer
493,209,-2.997346,14.122846,100,outer
262,276,-13.997920,9.263587,100,outer
505,183,-1.702023,13.512815,100,outer
341,569,-20.390522,23.024388,100,outer
268,90,-7.789356,2.332950,100,outer
220,279,-15.702884,8.028437,100,outer
509,153,-0.584511,12.492439,100,outer
554,304,-3.714819,19.721974,100,outer
17,365,-26.241837,4.796878,100,outer
321,102,-6.145268,4.496160,100,outer
440,53,-0.012706,6.444668,100,outer
269,580,-23.501590,21.131307,100,outer
296,454,-18.417396,17.173595,100,outer
127,496,-26.239870,13.349801,100,outer
528,424,-8.567851,23.482039,100,outer
263,277,-13.991765,9.334030,100,outer
382,377,-12.648651,16.988998,100,outer
328,406,-15.648938,16.363879,100,outer
374,373,-12.826462,16.578653,100,outer
315,287,-12.321688,11.388499,100,outer
221,280,-15.696729,8.098879,100,outer
126,271,-19.045781,4.700519,100,outer
12,286,-23.893957,1.610585,100,outer
368,299,-10.677601,13.551708,100,outer
138,511,-26.300747,14.277861,100,outer
205,272,-16.052352,7.278189,100,outer
197,560,-25.616195,18.050975,100,outer
507,228,-3.071904,15.300531,100,outer
189,556,-25.794007,17.640630,100,outer
540,405,-7.497535,23.140097,100,outer
42,394,-26.216551,6.711130,100,outer
2,321,-25.401979,2.629590,100,outer
210,121,-11.007125,1.655851,100,outer
552,379,-6.202212,22.530066,100,outer
316,288,-12.315534,11.458941,100,outer
300,280,-12.671156,10.638251,100,outer
529,252,-3.000794,16.926859,100,outer
171,544,-26.097650,16.602458,100,outer
190,557,-25.787852,17.711072,100,outer
271,402,-17.703371,14.378480,100,outer
258,283,-14.376121,9.403100,100,outer
466,83,0.018734,8.429362,100,outer
532,257,-3.046618,17.214783,100,outer
411,525,-16.295301,23.589335,100,outer
61,263,-21.278025,2.304776,100,outer
365,0,-1.181456,2.004057,100,outer
557,350,-5.078545,21.580132,100,outer
254,578,-24.011778,20.572551,100,outer
256,93,-8.345368,2.062118,100,outer
53,408,-26.245284,7.600891,100,outer
206,272,-16.014054,7.310333,100,outer
314,34,-4.227569,1.666861,100,outer
480,103,-0.087967,9.645345,100,outer
533,258,-3.040464,17.285225,100,outer
330,573,-20.940380,22.823998,100,outer
370,380,-13.204663,16.718166,100,outer
315,444,-17.368287,17.401346,100,outer
8,293,-24.272159,1.750098,100,outer
183,145,-12.812636,1.707126,100,outer
497,192,-2.297706,13.600349,100,outer
361,560,-19.335259,23.322582,100,outer
407,527,-16.512782,23.537356,100,outer
477,97,-0.009999,9.319123,100,outer
106,270,-19.779605,4.019342,100,outer
509,166,-1.002383,12.990318,100,outer
473,472,-12.217172,23.552445,100,outer
367,311,-11.101626,13.979145,100,outer
554,317,-4.132690,20.219853,100,outer
250,400,-18.443349,13.626861,100,outer
243,275,-14.693445,8.614554,100,outer
296,287,-13.049358,10.777764,100,outer
134,225,-17.260773,3.195944,100,outer
356,301,-11.201469,13.242578,100,outer
556,363,-5.534715,22.045867,100,outer
155,168,-14.624302,1.687959,100,outer
353,412,-14.884342,17.397268,100,outer
379,550,-18.324448,23.518189,100,outer
251,401,-18.437195,13.697303,100,outer
82,443,-26.259669,9.873509,100,outer
371,317,-11.141296,14.337511,100,outer
49,266,-21.834038,2.033943,100,outer
492,198,-2.682061,13.669420,100,outer
511,440,-9.733226,23.548366,100,outer
244,96,-8.901381,1.791286,100,outer
557,327,-4.339235,20.699269,100,outer
505,137,-0.223402,11.751089,100,outer
417,24,0.038605,4.594704,100,outer
333,290,-11.728749,12.081985,100,outer
446,496,-14.022683,23.603720,100,outer
83,444,-26.253515,9.943951,100,outer
318,576,-21.496393,22.553166,100,outer
512,441,-9.727072,23.618808,100,outer
326,22,-3.382261,1.593008,100,outer
91,268,-20.289793,3.460586,100,outer
245,97,-8.895226,1.861728,100,outer
310,77,-5.762952,3.185116,100,outer
288,404,-17.116586,15.001524,100,outer
281,279,-13.366682,9.989217,100,outer
234,433,-20.116874,14.376405,100,outer
311,42,-4.599615,1.876817,100,outer
418,25,0.044760,4.665146,100,outer
19,279,-23.400861,1.567504,100,outer
179,268,-16.919535,6.289253,100,outer
334,291,-11.722594,12.152427,100,outer
5,344,-26.026395,3.606885,100,outer
93,457,-26.288402,10.763270,100,outer
186,276,-16.908597,6.820648,100,outer
151,169,-14.809639,1.597681,100,outer
421,30,-0.001065,4.953070,100,outer
138,236,-17.461163,3.745803,100,outer
313,88,-6.001640,3.702831,100,outer
418,519,-15.834349,23.584552,100,outer
227,573,-24.885115,19.513172,100,outer
442,498,-14.240164,23.551741,100,outer
330,406,-15.572342,16.428167,100,outer
323,281,-11.822437,11.415860,100,outer
271,91,-7.706604,2.467680,100,outer
350,6,-1.948796,1.751688,100,outer
391,7,-0.410706,3.107888,100,outer
399,11,-0.232894,3.518233,100,outer
246,443,-19.978732,15.145116,100,outer
383,3,-0.588517,2.697543,100,outer
6,345,-26.020240,3.677327,100,outer
556,340,-4.795404,21.165004,100,outer
528,421,-8.471419,23.367144,100,outer
298,453,-18.308655,17.199585,100,outer
488,205,-3.060263,13.808933,100,outer
378,333,-11.387511,15.175293,100,outer
527,425,-8.638293,23.488193,100,outer
344,569,-20.275627,23.120820,100,outer
552,369,-5.880772,22.147082,100,outer
289,404,-17.078288,15.033668,100,outer
314,577,-21.681730,22.462889,100,outer
235,433,-20.078575,14.408549,100,outer
322,438,-16.907335,17.396564,100,outer
317,94,-6.041310,4.061197,100,outer
129,272,-18.963030,4.835249,100,outer
392,8,-0.404551,3.178331,100,outer
432,44,-0.029798,5.842831,100,outer
389,348,-11.448388,16.103353,100,outer
119,487,-26.256962,12.747964,100,outer
200,561,-25.533444,18.185705,100,outer
376,0,-0.760174,2.357640,100,outer
510,229,-2.989153,15.435261,100,outer
489,206,-3.054108,13.879375,100,outer
414,521,-16.051830,23.532573,100,outer
38,270,-22.383896,1.833554,100,outer
266,277,-13.876870,9.430462,100,outer
152,255,-17.535720,4.923487,100,outer
342,7,-2.287327,1.532835,100,outer
3,312,-25.074385,2.317048,100,outer
357,395,-14.184702,16.874771,100,outer
190,138,-12.319540,1.664045,100,outer
175,275,-17.297736,6.428766,100,outer
310,54,-5.023641,2.304253,100,outer
80,266,-20.646788,3.030406,100,outer
208,272,-15.937457,7.374621,100,outer
504,185,-1.804609,13.557268,100,outer
457,73,-0.004512,7.757083,100,outer
523,427,-8.855774,23.436214,100,outer
306,578,-22.020261,22.244036,100,outer
380,384,-12.950255,17.192799,100,outer
539,408,-7.632265,23.222848,100,outer
317,444,-17.291690,17.465634,100,outer
312,100,-6.425666,4.130267,100,outer
331,113,-6.115868,5.238881,100,outer
551,382,-6.336942,22.612817,100,outer
338,9,-2.504809,1.480856,100,outer
303,280,-12.556261,10.734683,100,outer
524,428,-8.849620,23.506656,100,outer
209,273,-15.931303,7.445063,100,outer
458,74,0.001642,7.827525,100,outer
166,540,-26.160567,16.288545,100,outer
556,317,-4.056094,20.284141,100,outer
261,283,-14.261226,9.499532,100,outer
185,553,-25.850768,17.397159,100,outer
38,391,-26.273313,6.467659,100,outer
461,79,-0.044182,8.115449,100,outer
64,263,-21.163130,2.401207,100,outer
378,310,-10.648200,14.294430,100,outer
313,101,-6.419511,4.200710,100,outer
305,97,-6.597323,3.790365,100,outer
553,311,-3.978125,19.957919,100,outer
167,541,-26.154412,16.358987,100,outer
388,360,-11.872413,16.530789,100,outer
361,406,-14.385091,17.424629,100,outer
307,286,-12.595931,11.093049,100,outer
186,554,-25.844614,17.467601,100,outer
359,562,-19.476143,23.334890,100,outer
246,276,-14.610694,8.749284,100,outer
453,489,-13.529586,23.560638,100,outer
63,420,-26.248028,8.381911,100,outer
158,163,-14.348687,1.592899,100,outer
2,324,-25.498411,2.744485,100,outer
500,192,-2.182811,13.696781,100,outer
519,434,-9.233976,23.575727,100,outer
377,350,-11.972256,15.794222,100,outer
143,183,-15.566042,1.876707,100,outer
497,123,-0.079774,10.957760,100,outer
341,284,-11.229498,12.109346,100,outer
535,415,-8.010466,23.362361,100,outer
542,274,-3.210081,18.187295,100,outer
346,399,-14.734560,16.674381,100,outer
309,72,-5.640530,2.961480,100,outer
159,164,-14.342532,1.663341,100,outer
487,109,-0.012742,10.100143,100,outer
299,287,-12.934462,10.874196,100,outer
383,546,-18.042679,23.493571,100,outer
225,109,-10.046921,1.678430,100,outer
137,225,-17.145878,3.292376,100,outer
365,3,-1.277888,2.118952,100,outer
74,434,-26.276761,9.271672,100,outer
254,401,-18.322300,13.793735,100,outer
543,275,-3.203927,18.257737,100,outer
281,89,-7.259333,2.712523,100,outer
52,266,-21.719143,2.130375,100,outer
385,326,-10.894414,15.132212,100,outer
138,226,-17.139723,3.362819,100,outer
507,172,-1.271843,13.155821,100,outer
229,573,-24.808518,19.577460,100,outer
189,271,-16.632983,6.725587,100,outer
344,294,-11.436042,12.588762,100,outer
530,421,-8.394822,23.431431,100,outer
498,123,-0.041475,10.989904,100,outer
556,330,-4.473965,20.782020,100,outer
321,576,-21.381498,22.649598,100,outer
388,337,-11.133103,15.649926,100,outer
352,414,-14.986928,17.441721,100,outer
220,115,-10.431277,1.747500,100,outer
508,173,-1.265689,13.226263,100,outer
291,404,-17.001691,15.097956,100,outer
364,388,-13.691605,16.831690,100,outer
230,574,-24.802363,19.647902,100,outer
546,285,-3.410471,18.737153,100,outer
243,98,-9.003967,1.835738,100,outer
413,21,-0.018156,4.351233,100,outer
422,515,-15.552579,23.559934,100,outer
100,464,-26.245321,11.256366,100,outer
543,396,-7.093344,22.891843,100,outer
488,460,-11.256968,23.575023,100,outer
549,290,-3.456296,19.025077,100,outer
141,236,-17.346267,3.842234,100,outer
144,241,-17.392092,4.130158,100,outer
324,437,-16.798594,17.422553,100,outer
353,6,-1.833901,1.848120,100,outer
394,7,-0.295811,3.204320,100,outer
82,266,-20.570191,3.094694,100,outer
241,439,-20.041649,14.831203,100,outer
310,44,-4.702202,1.921269,100,outer
260,452,-19.731850,15.939817,100,outer
438,50,0.007129,6.265485,100,outer
505,140,-0.319834,11.865984,100,outer
417,519,-15.872647,23.552408,100,outer
368,400,-13.924139,17.419846,100,outer
104,470,-26.284991,11.614733,100,outer
166,265,-17.320982,5.756486,100,outer
494,210,-2.991192,14.193288,100,outer
460,483,-13.068634,23.555856,100,outer
83,267,-20.564036,3.165136,100,outer
551,372,-6.015502,22.229833,100,outer
15,361,-26.189858,4.579397,100,outer
439,51,0.013283,6.335927,100,outer
374,330,-11.444272,14.931822,100,outer
5,347,-26.122827,3.721780,100,outer
442,56,-0.032541,6.623851,100,outer
495,211,-2.985038,14.263731,100,outer
159,262,-17.492639,5.416584,100,outer
178,275,-17.182841,6.525198,100,outer
340,8,-2.396068,1.506846,100,outer
508,150,-0.526378,12.345400,100,outer
553,301,-3.656686,19.574935,100,outer
380,1,-0.639125,2.524515,100,outer
235,400,-19.017825,13.144702,100,outer
263,90,-7.980848,2.172230,100,outer
388,350,-11.550974,16.147805,100,outer
120,270,-19.243428,4.469357,100,outer
315,100,-6.310771,4.226699,100,outer
373,370,-12.768329,16.431614,100,outer
166,157,-13.849436,1.620260,100,outer
306,280,-12.441366,10.831114,100,outer
212,273,-15.816407,7.541495,100,outer
377,340,-11.650817,15.411238,100,outer
14,288,-23.881648,1.751470,100,outer
189,140,-12.422126,1.708498,100,outer
215,278,-15.862232,7.829419,100,outer
370,301,-10.665292,13.692593,100,outer
121,271,-19.237273,4.539799,100,outer
453,70,-0.061274,7.513612,100,outer
531,255,-3.020629,17.106042,100,outer
359,408,-14.525976,17.436938,100,outer
309,62,-5.319091,2.578497,100,outer
300,93,-6.660239,3.476451,100,outer
379,386,-13.052841,17.237252,100,outer
380,351,-11.889505,15.928952,100,outer
468,86,-0.001101,8.608545,100,outer
367,3,-1.201292,2.183240,100,outer
9,295,-24.298148,1.858839,100,outer
162,537,-26.217328,16.045074,100,outer
181,550,-25.907530,17.153688,100,outer
249,276,-14.495799,8.845716,100,outer
348,398,-14.625819,16.700371,100,outer
144,519,-26.328108,14.777112,100,outer
535,261,-3.060299,17.464408,100,outer
385,545,-17.933938,23.519560,100,outer
158,274,-17.916665,5.844020,100,outer
518,437,-9.368706,23.658478,100,outer
55,410,-26.232975,7.741776,100,outer
344,284,-11.114603,12.205778,100,outer
251,93,-8.536860,1.901398,100,outer
295,279,-12.830504,10.439233,100,outer
556,320,-4.152525,20.399036,100,outer
302,287,-12.819567,10.970627,100,outer
228,109,-9.932026,1.774862,100,outer
253,282,-14.535469,9.204082,100,outer
452,491,-13.632173,23.605091,100,outer
554,359,-5.482736,21.828386,100,outer
508,163,-0.944249,12.843279,100,outer
499,194,-2.285397,13.741234,100,outer
310,407,-16.370453,15.823586,100,outer
216,400,-19.745495,12.533967,100,outer
257,401,-18.207405,13.890167,100,outer
309,448,-17.726653,17.361676,100,outer
375,393,-13.431043,17.376765,100,outer
308,74,-5.743117,3.005933,100,outer
387,367,-12.135719,16.766734,100,outer
332,431,-16.299343,17.449914,100,outer
424,514,-15.443838,23.585924,100,outer
312,44,-4.625605,1.985557,100,outer
101,269,-19.938953,3.820324,100,outer
1,331,-25.761717,2.980430,100,outer
286,580,-22.850517,21.677754,100,outer
233,574,-24.687468,19.744334,100,outer
542,277,-3.306513,18.302190,100,outer
309,75,-5.736962,3.076376,100,outer
305,450,-17.944135,17.309697,100,outer
494,200,-2.669753,13.810304,100,outer
351,566,-19.911106,23.230932,100,outer
291,286,-13.208706,10.578746,100,outer
506,174,-1.374429,13.200274,100,outer
263,453,-19.649099,16.074547,100,outer
238,280,-15.045657,8.645326,100,outer
255,449,-19.826911,15.664202,100,outer
419,26,0.050914,4.735588,100,outer
196,134,-11.961173,1.703715,100,outer
136,232,-17.409184,3.528321,100,outer
325,19,-3.324127,1.445969,100,outer
7,347,-26.046230,3.786068,100,outer
85,446,-26.241206,10.084836,100,outer
246,400,-18.596543,13.498285,100,outer
6,302,-24.638051,2.030496,100,outer
139,237,-17.455008,3.816245,100,outer
44,265,-21.993386,1.834925,100,outer
507,175,-1.368275,13.270716,100,outer
236,435,-20.104565,14.517289,100,outer
420,27,0.057069,4.806031,100,outer
421,517,-15.655165,23.604387,100,outer
388,340,-11.229534,15.764821,100,outer
333,404,-15.393158,16.448002,100,outer
542,398,-7.195931,22.936296,100,outer
487,462,-11.359555,23.619476,100,outer
315,90,-5.989331,3.843715,100,outer
86,267,-20.449141,3.261568,100,outer
554,372,-5.900607,22.326265,100,outer
308,51,-5.003806,2.125070,100,outer
237,436,-20.098410,14.587732,100,outer
318,281,-12.013929,11.255140,100,outer
558,342,-4.783095,21.305889,100,outer
248,445,-19.966424,15.286001,100,outer
377,330,-11.329377,15.028254,100,outer
385,5,-0.576208,2.838428,100,outer
276,284,-13.718894,10.019990,100,outer
490,207,-3.047954,13.949817,100,outer
181,275,-17.067945,6.621630,100,outer
154,258,-17.555555,5.102670,100,outer
329,110,-6.096032,5.059698,100,outer
549,293,-3.552728,19.139972,100,outer
393,540,-17.466831,23.585220,100,outer
459,485,-13.171220,23.600309,100,outer
319,96,-6.029001,4.202081,100,outer
266,90,-7.865952,2.268662,100,outer
370,556,-18.861997,23.458683,100,outer
202,563,-25.521135,18.326590,100,outer
459,76,-0.024347,7.936266,100,outer
267,580,-23.578187,21.067019,100,outer
491,208,-3.041799,14.020260,100,outer
146,519,-26.251512,14.841399,100,outer
155,259,-17.549401,5.173113,100,outer
330,111,-6.089878,5.130141,100,outer
344,9,-2.275018,1.673720,100,outer
503,182,-1.746476,13.410229,100,outer
125,496,-26.316467,13.285514,100,outer
313,287,-12.398285,11.324211,100,outer
218,278,-15.747337,7.925851,100,outer
124,271,-19.122378,4.636231,100,outer
36,387,-26.221334,6.250178,100,outer
176,547,-26.002590,16.878073,100,outer
460,77,-0.018193,8.006708,100,outer
552,303,-3.759272,19.619388,100,outer
195,560,-25.692792,17.986687,100,outer
538,405,-7.574132,23.075809,100,outer
311,97,-6.367532,3.983228,100,outer
503,447,-10.264621,23.559303,100,outer
262,92,-8.083434,2.216683,100,outer
0,321,-25.478576,2.565302,100,outer
516,237,-3.016514,15.934512,100,outer
550,379,-6.278808,22.465778,100,outer
314,102,-6.413357,4.271152,100,outer
339,424,-15.806247,17.406833,100,outer
165,159,-13.952022,1.664713,100,outer
219,279,-15.741182,7.996293,100,outer
347,285,-11.031852,12.340508,100,outer
340,11,-2.492500,1.621741,100,outer
252,276,-14.380903,8.942148,100,outer
203,271,-16.096805,7.175603,100,outer
168,542,-26.148258,16.429429,100,outer
485,106,0.007093,9.920960,100,outer
304,94,-6.539189,3.643325,100,outer
40,393,-26.261004,6.608544,100,outer
161,274,-17.801769,5.940452,100,outer
315,103,-6.407202,4.341594,100,outer
59,263,-21.354622,2.240488,100,outer
133,212,-16.881200,2.665921,100,outer
363,0,-1.258053,1.939769,100,outer
387,357,-11.814280,16.383750,100,outer
218,399,-19.636754,12.559956,100,outer
378,388,-13.155428,17.281705,100,outer
555,350,-5.155142,21.515844,100,outer
498,453,-10.648977,23.628374,100,outer
28,275,-22.927600,1.703606,100,outer
281,455,-19.024016,16.729735,100,outer
203,127,-11.468077,1.660634,100,outer
256,282,-14.420574,9.300514,100,outer
195,272,-16.435336,6.956750,100,outer
496,120,-0.021640,10.810721,100,outer
198,277,-16.481161,7.244673,100,outer
534,412,-7.952333,23.215322,100,outer
104,270,-19.856202,3.955054,100,outer
541,271,-3.151948,18.040256,100,outer
204,128,-11.461923,1.731076,100,outer
384,324,-10.868425,15.023471,100,outer
250,95,-8.639446,1.945851,100,outer
544,276,-3.197773,18.328180,100,outer
428,510,-15.162069,23.561306,100,outer
66,423,-26.229564,8.593238,100,outer
241,275,-14.770042,8.550266,100,outer
307,449,-17.835394,17.335687,100,outer
494,455,-10.866458,23.576395,100,outer
354,301,-11.278066,13.178290,100,outer
217,412,-20.092924,13.025691,100,outer
76,436,-26.264452,9.412557,100,outer
289,580,-22.735622,21.774185,100,outer
336,283,-11.388846,11.910328,100,outer
363,386,-13.665616,16.722949,100,outer
351,3,-1.814066,1.668937,100,outer
294,286,-13.093810,10.675178,100,outer
400,533,-16.973735,23.542139,100,outer
266,453,-19.534204,16.170979,100,outer
555,327,-4.415831,20.634981,100,outer
386,369,-12.238306,16.811187,100,outer
387,334,-11.074969,15.502887,100,outer
77,437,-26.258297,9.482999,100,outer
554,362,-5.579168,21.943281,100,outer
466,478,-12.678124,23.557227,100,outer
558,332,-4.461656,20.922905,100,outer
249,400,-18.481648,13.594717,100,outer
236,281,-15.154397,8.619337,100,outer
142,274,-18.529439,5.329717,100,outer
510,441,-9.803669,23.554520,100,outer
146,244,-17.411927,4.309341,100,outer
224,572,-24.967866,19.378442,100,outer
279,279,-13.443279,9.924930,100,outer
467,479,-12.671970,23.627670,100,outer
548,287,-3.398162,18.878038,100,outer
226,273,-15.280230,7.991510,100,outer
339,293,-11.595390,12.389744,100,outer
331,289,-11.773202,11.979399,100,outer
506,141,-0.313679,11.936427,100,outer
102,466,-26.233012,11.397251,100,outer
336,404,-15.278263,16.544434,100,outer
545,398,-7.081035,23.032728,100,outer
277,89,-7.412526,2.583947,100,outer
505,182,-1.669879,13.474517,100,outer
321,281,-11.899034,11.351572,100,outer
172,152,-13.458926,1.621632,100,outer
217,569,-25.139523,19.038539,100,outer
389,7,-0.487303,3.043600,100,outer
243,441,-20.029340,14.972087,100,outer
332,290,-11.767047,12.049841,100,outer
507,142,-0.307525,12.006869,100,outer
440,52,0.019438,6.406369,100,outer
439,502,-14.483635,23.608502,100,outer
505,447,-10.188024,23.623591,100,outer
296,453,-18.385252,17.135297,100,outer
7,350,-26.142662,3.900963,100,outer
263,276,-13.959621,9.295731,100,outer
106,472,-26.272682,11.755617,100,outer
168,267,-17.308673,5.897371,100,outer
497,214,-3.004873,14.442914,100,outer
342,569,-20.352224,23.056532,100,outer
274,285,-13.827634,9.994000,100,outer
328,405,-15.616794,16.325580,100,outer
312,577,-21.758327,22.398601,100,outer
221,279,-15.664586,8.060581,100,outer
270,580,-23.463291,21.163451,100,outer
540,404,-7.465391,23.101798,100,outer
297,454,-18.379098,17.205739,100,outer
343,421,-15.556622,17.420514,100,outer
229,399,-19.215472,12.913540,100,outer
319,27,-3.811069,1.559492,100,outer
35,268,-22.434503,1.660525,100,outer
21,370,-26.249363,5.116946,100,outer
317,103,-6.330606,4.405882,100,outer
133,202,-16.559760,2.282937,100,outer
308,54,-5.100238,2.239965,100,outer
541,405,-7.459237,23.172240,100,outer
338,571,-20.569705,23.004553,100,outer
379,343,-11.670652,15.590421,100,outer
324,407,-15.834276,16.273601,100,outer
145,176,-15.264437,1.672907,100,outer
190,556,-25.755708,17.672774,100,outer
142,516,-26.308273,14.597929,100,outer
211,121,-10.968826,1.687995,100,outer
304,578,-22.096858,22.179748,100,outer
69,266,-21.068070,2.676822,100,outer
318,104,-6.324451,4.476325,100,outer
511,233,-3.079430,15.620598,100,outer
557,349,-5.046401,21.541834,100,outer
301,280,-12.632858,10.670395,100,outer
32,384,-26.278096,6.006707,100,outer
284,456,-18.941265,16.864465,100,outer
259,283,-14.337822,9.435244,100,outer
164,274,-17.686874,6.036884,100,outer
512,234,-3.073276,15.691041,100,outer
537,407,-7.676718,23.120261,100,outer
62,263,-21.239727,2.336919,100,outer
136,212,-16.766305,2.762353,100,outer
310,99,-6.470119,4.027681,100,outer
183,144,-12.780492,1.668828,100,outer
257,93,-8.307070,2.094262,100,outer
366,0,-1.143158,2.036201,100,outer
8,292,-24.240015,1.711800,100,outer
549,381,-6.381395,22.510231,100,outer
207,272,-15.975755,7.342477,100,outer
456,73,-0.042811,7.724939,100,outer
509,165,-0.970239,12.952020,100,outer
554,316,-4.100546,20.181555,100,outer
373,304,-10.646828,13.903920,100,outer
305,286,-12.672528,11.028761,100,outer
57,413,-26.252811,7.920959,100,outer
338,283,-11.312249,11.974616,100,outer
517,434,-9.310572,23.511439,100,outer
0,324,-25.575008,2.680197,100,outer
408,527,-16.474484,23.569500,100,outer
556,362,-5.502571,22.007569,100,outer
107,270,-19.741307,4.051486,100,outer
141,183,-15.642638,1.812420,100,outer
316,35,-4.183116,1.769448,100,outer
326,574,-21.125718,22.733721,100,outer
307,66,-5.524264,2.667402,100,outer
58,414,-26.246656,7.991401,100,outer
474,472,-12.178873,23.584589,100,outer
481,102,-0.017525,9.639191,100,outer
244,275,-14.655147,8.646698,100,outer
2,333,-25.787707,3.089170,100,outer
331,14,-2.933617,1.447340,100,outer
297,287,-13.011059,10.809908,100,outer
202,278,-16.360111,7.411548,100,outer
153,273,-18.076013,5.645002,100,outer
354,412,-14.846044,17.429412,100,outer
488,461,-11.289112,23.613321,100,outer
360,306,-11.208995,13.562646,100,outer
533,414,-8.054919,23.259774,100,outer
339,283,-11.273951,12.006760,100,outer
446,495,-13.990539,23.565421,100,outer
366,386,-13.550720,16.819381,100,outer
3,334,-25.781552,3.159613,100,outer
279,89,-7.335929,2.648235,100,outer
50,266,-21.795740,2.066087,100,outer
540,273,-3.254534,18.084709,100,outer
404,529,-16.691966,23.517521,100,outer
245,96,-8.863082,1.823429,100,outer
310,76,-5.730808,3.146818,100,outer
311,41,-4.567471,1.838518,100,outer
281,278,-13.334538,9.950919,100,outer
187,271,-16.709579,6.661300,100,outer
342,294,-11.512639,12.524474,100,outer
361,307,-11.202841,13.633088,100,outer
334,290,-11.690450,12.114129,100,outer
252,400,-18.366753,13.691149,100,outer
239,281,-15.039502,8.715769,100,outer
541,274,-3.248380,18.155151,100,outer
376,552,-18.503631,23.498354,100,outer
87,449,-26.261041,10.264019,100,outer
227,572,-24.852971,19.474874,100,outer
362,388,-13.768202,16.767402,100,outer
282,279,-13.328384,10.021361,100,outer
180,268,-16.881236,6.321397,100,outer
241,98,-9.080564,1.771451,100,outer
97,462,-26.295928,11.083338,100,outer
422,30,0.037234,4.985214,100,outer
51,266,-21.757441,2.098231,100,outer
327,21,-3.311818,1.586853,100,outer
224,274,-15.388971,7.965521,100,outer
552,368,-5.848628,22.108783,100,outer
228,573,-24.846816,19.545316,100,outer
443,498,-14.201866,23.583885,100,outer
214,409,-20.111387,12.814364,100,outer
351,6,-1.910498,1.783832,100,outer
375,363,-12.466724,16.227813,100,outer
335,290,-11.652152,12.146273,100,outer
242,99,-9.074409,1.841893,100,outer
411,20,-0.062609,4.248646,100,outer
98,463,-26.289774,11.153780,100,outer
299,453,-18.270357,17.231729,100,outer
345,420,-15.447881,17.446503,100,outer
319,282,-12.007775,11.325583,100,outer
3,311,-25.042241,2.278750,100,outer
544,400,-7.183622,23.077180,100,outer
290,404,-17.039989,15.065812,100,outer
277,285,-13.712739,10.090432,100,outer
492,210,-3.067789,14.129001,100,outer
551,296,-3.572563,19.319155,100,outer
315,577,-21.643432,22.495033,100,outer
504,184,-1.772465,13.518970,100,outer
310,53,-4.991497,2.265955,100,outer
273,580,-23.348396,21.259882,100,outer
239,438,-20.086102,14.728616,100,outer
13,361,-26.266455,4.515109,100,outer
436,49,-0.037324,6.162898,100,outer
232,399,-19.100576,13.009971,100,outer
123,492,-26.264488,13.068032,100,outer
514,234,-2.996679,15.755329,100,outer
493,211,-3.061634,14.199443,100,outer
156,260,-17.543246,5.243555,100,outer
331,112,-6.083724,5.200583,100,outer
176,275,-17.259437,6.460910,100,outer
136,202,-16.444865,2.379369,100,outer
81,266,-20.608489,3.062550,100,outer
415,520,-15.981388,23.526419,100,outer
209,272,-15.899159,7.406765,100,outer
148,176,-15.149542,1.769338,100,outer
437,50,-0.031169,6.233341,100,outer
39,269,-22.313454,1.827399,100,outer
11,287,-23.964400,1.616740,100,outer
509,155,-0.648799,12.569036,100,outer
124,493,-26.258334,13.138474,100,outer
461,78,-0.012038,8.077150,100,outer
321,104,-6.209556,4.572756,100,outer
127,498,-26.304158,13.426398,100,outer
304,280,-12.517963,10.766827,100,outer
324,109,-6.255381,4.860680,100,outer
482,466,-11.679622,23.611950,100,outer
167,540,-26.122268,16.320689,100,outer
186,553,-25.812470,17.429303,100,outer
361,405,-14.352947,17.386331,100,outer
187,140,-12.498723,1.644210,100,outer
213,278,-15.938829,7.765131,100,outer
462,79,-0.005884,8.147593,100,outer
205,274,-16.116640,7.354786,100,outer
178,549,-25.990281,17.018957,100,outer
65,263,-21.124832,2.433351,100,outer
144,178,-15.367023,1.717359,100,outer
319,30,-3.907501,1.674387,100,outer
42,396,-26.280839,6.787727,100,outer
2,323,-25.466267,2.706186,100,outer
210,123,-11.071413,1.732448,100,outer
339,8,-2.434366,1.474702,100,outer
143,182,-15.533898,1.838409,100,outer
253,579,-24.082220,20.578705,100,outer
557,316,-3.985651,20.277987,100,outer
529,254,-3.065082,17.003456,100,outer
247,276,-14.572395,8.781428,100,outer
334,15,-2.850866,1.582071,100,outer
532,259,-3.110906,17.291380,100,outer
250,281,-14.618220,9.069352,100,outer
298,92,-6.704692,3.373865,100,outer
110,270,-19.626412,4.147918,100,outer
329,574,-21.010822,22.830153,100,outer
61,265,-21.342313,2.381372,100,outer
314,445,-17.438730,17.407501,100,outer
7,294,-24.342601,1.756253,100,outer
557,352,-5.142833,21.656729,100,outer
307,406,-16.453205,15.688856,100,outer
27,272,-22.869466,1.556567,100,outer
342,284,-11.191200,12.141490,100,outer
360,561,-19.405701,23.328736,100,outer
347,399,-14.696261,16.706525,100,outer
385,325,-10.862270,15.093914,100,outer
533,260,-3.104752,17.361822,100,outer
251,282,-14.612066,9.139794,100,outer
384,546,-18.004380,23.525715,100,outer
156,273,-17.961117,5.741434,100,outer
450,491,-13.708770,23.540803,100,outer
366,3,-1.239590,2.151096,100,outer
498,122,-0.009331,10.951606,100,outer
536,414,-7.940024,23.356206,100,outer
477,99,-0.074287,9.395720,100,outer
140,185,-15.745225,1.856872,100,outer
282,89,-7.221034,2.744667,100,outer
315,37,-4.285702,1.813900,100,outer
53,266,-21.680844,2.162519,100,outer
352,413,-14.954784,17.403422,100,outer
509,168,-1.066670,13.066915,100,outer
78,439,-26.284287,9.591740,100,outer
496,198,-2.528868,13.797996,100,outer
473,474,-12.281459,23.629041,100,outer
508,172,-1.233545,13.187965,100,outer
68,425,-26.217256,8.734123,100,outer
190,271,-16.594684,6.757731,100,outer
288,285,-13.291457,10.444015,100,outer
99,269,-20.015550,3.756036,100,outer
79,440,-26.278132,9.662182,100,outer
502,128,-0.049001,11.309972,100,outer
284,580,-22.927114,21.613466,100,outer
445,497,-14.093125,23.609874,100,outer
292,404,-16.963393,15.130100,100,outer
285,279,-13.213488,10.117793,100,outer
2,336,-25.884138,3.204066,100,outer
511,442,-9.797514,23.624963,100,outer
244,98,-8.965669,1.867882,100,outer
557,329,-4.403523,20.775866,100,outer
194,277,-16.634354,7.116098,100,outer
260,451,-19.699707,15.901518,100,outer
227,274,-15.274075,8.061953,100,outer
417,26,-0.025683,4.671300,100,outer
104,469,-26.252847,11.576434,100,outer
231,573,-24.731921,19.641748,100,outer
217,117,-10.610460,1.727665,100,outer
83,266,-20.531893,3.126837,100,outer
136,192,-16.123426,1.996385,100,outer
261,452,-19.693552,15.971961,100,outer
253,448,-19.871363,15.561616,100,outer
228,275,-15.267921,8.132395,100,outer
418,27,-0.019528,4.741743,100,outer
374,329,-11.412129,14.893524,100,outer
5,346,-26.090683,3.683481,100,outer
105,470,-26.246692,11.646876,100,outer
326,289,-11.964694,11.818679,100,outer
231,429,-20.103193,14.126779,100,outer
108,475,-26.292517,11.934800,100,outer
84,267,-20.525738,3.197280,100,outer
235,399,-18.985681,13.106403,100,outer
556,342,-4.859692,21.241601,100,outer
388,349,-11.518830,16.109507,100,outer
383,5,-0.652805,2.774140,100,outer
443,56,0.005757,6.655995,100,outer
146,178,-15.290427,1.781647,100,outer
373,369,-12.736185,16.393316,100,outer
378,335,-11.451799,15.251890,100,outer
499,216,-2.992564,14.583798,100,outer
552,371,-5.945060,22.223678,100,outer
322,440,-16.971623,17.473161,100,outer
189,139,-12.389982,1.670200,100,outer
368,556,-18.938594,23.394396,100,outer
389,350,-11.512675,16.179949,100,outer
121,270,-19.205129,4.501501,100,outer
20,367,-26.191230,4.969907,100,outer
376,2,-0.824462,2.434237,100,outer
316,100,-6.272472,4.258843,100,outer
510,231,-3.053440,15.511858,100,outer
119,489,-26.321250,12.824561,100,outer
308,96,-6.450284,3.848498,100,outer
152,257,-17.600008,5.000084,100,outer
365,401,-14.071178,17.361713,100,outer
480,468,-11.820507,23.624259,100,outer
319,105,-6.318297,4.546767,100,outer
269,284,-13.986982,9.794982,100,outer
216,278,-15.823934,7.861563,100,outer
141,513,-26.250140,14.450889,100,outer
457,75,-0.068800,7.833679,100,outer
374,306,-10.672818,14.012661,100,outer
273,403,-17.658918,14.481067,100,outer
144,518,-26.295964,14.738813,100,outer
301,93,-6.621940,3.508595,100,outer
320,106,-6.312142,4.617209,100,outer
368,3,-1.162993,2.215384,100,outer
256,579,-23.967325,20.675137,100,outer
122,270,-19.166831,4.533645,100,outer
479,99,0.002310,9.460008,100,outer
174,546,-26.047043,16.775487,100,outer
349,398,-14.587520,16.732514,100,outer
201,271,-16.173402,7.111315,100,outer
142,185,-15.668628,1.921160,100,outer
458,76,-0.062646,7.904122,100,outer
375,307,-10.666663,14.083103,100,outer
360,407,-14.455534,17.430783,100,outer
25,274,-23.010351,1.568876,100,outer
556,319,-4.120381,20.360738,100,outer
386,545,-17.895640,23.551704,100,outer
159,274,-17.878366,5.876164,100,outer
452,490,-13.600029,23.566793,100,outer
64,265,-21.227418,2.477804,100,outer
10,294,-24.227706,1.852685,100,outer
508,162,-0.912105,12.804981,100,outer
310,406,-16.338309,15.785288,100,outer
296,279,-12.792206,10.471377,100,outer
496,453,-10.725574,23.564086,100,outer
388,362,-11.936701,16.607386,100,outer
307,288,-12.660219,11.169646,100,outer
279,455,-19.100613,16.665447,100,outer
254,282,-14.497170,9.236226,100,outer
345,400,-14.805002,16.680535,100,outer
158,165,-14.412975,1.669496,100,outer
2,326,-25.562699,2.821082,100,outer
311,407,-16.332155,15.855730,100,outer
224,110,-10.117364,1.684584,100,outer
377,352,-12.036544,15.870819,100,outer
196,277,-16.557757,7.180385,100,outer
1,330,-25.729573,2.942131,100,outer
60,416,-26.234347,8.132286,100,outer
542,276,-3.274369,18.263892,100,outer
333,282,-11.471597,11.775598,100,outer
193,271,-16.479789,6.854163,100,outer
383,548,-18.106967,23.570168,100,outer
291,285,-13.176562,10.540447,100,outer
449,493,-13.811356,23.585256,100,outer
102,269,-19.900655,3.852468,100,outer
491,459,-11.109929,23.633157,100,outer
357,1,-1.519988,1.785204,100,outer
287,580,-22.812219,21.709898,100,outer
281,91,-7.323620,2.789120,100,outer
6,301,-24.605907,1.992198,100,outer
356,5,-1.686862,1.906253,100,outer
372,395,-13.610226,17.356930,100,outer
138,228,-17.204011,3.439415,100,outer
292,286,-13.170407,10.610890,100,outer
197,277,-16.519459,7.212529,100,outer
96,460,-26.269939,10.974597,100,outer
215,411,-20.137376,12.923105,100,outer
498,125,-0.105763,11.066501,100,outer
556,332,-4.538253,20.858617,100,outer
388,339,-11.197390,15.726523,100,outer
247,400,-18.558245,13.530429,100,outer
234,281,-15.230994,8.555049,100,outer
139,272,-18.580046,5.156689,100,outer
45,265,-21.955088,1.867069,100,outer
423,31,0.043388,5.055656,100,outer
89,451,-26.248732,10.404904,100,outer
554,371,-5.868463,22.287966,100,outer
542,397,-7.163787,22.897997,100,outer
487,461,-11.327411,23.581178,100,outer
264,452,-19.578657,16.068392,100,outer
237,435,-20.066266,14.549433,100,outer
216,412,-20.131222,12.993547,100,outer
231,275,-15.153026,8.228827,100,outer
546,287,-3.474759,18.813750,100,outer
329,289,-11.849798,11.915111,100,outer
389,340,-11.191236,15.796965,100,outer
334,404,-15.354860,16.480146,100,outer
424,32,0.049543,5.126098,100,outer
367,401,-13.994581,17.426001,100,outer
238,436,-20.060112,14.619876,100,outer
284,403,-17.237636,14.834650,100,outer
222,571,-25.012319,19.275856,100,outer
249,445,-19.928125,15.318145,100,outer
386,5,-0.537910,2.870572,100,outer
348,567,-20.058145,23.172799,100,outer
491,207,-3.009655,13.981961,100,outer
550,293,-3.514429,19.172116,100,outer
169,156,-13.702397,1.678393,100,outer
268,278,-13.832417,9.533048,100,outer
494,212,-3.055480,14.269885,100,outer
272,285,-13.904231,9.929712,100,outer
333,115,-6.103559,5.379766,100,outer
372,372,-12.870915,16.476067,100,outer
387,6,-0.531755,2.941014,100,outer
551,374,-6.079790,22.306430,100,outer
75,265,-20.806136,2.831388,100,outer
15,363,-26.254146,4.655993,100,outer
314,281,-12.167123,11.126564,100,outer
550,378,-6.246665,22.427479,100,outer
394,539,-17.396389,23.579065,100,outer
516,236,-2.984370,15.896213,100,outer
495,213,-3.049325,14.340328,100,outer
334,116,-6.097404,5.450208,100,outer
165,158,-13.919878,1.626414,100,outer
508,152,-0.590666,12.421997,100,outer
136,509,-26.313056,14.136976,100,outer
553,303,-3.720974,19.651532,100,outer
322,407,-15.910873,16.209314,100,outer
318,28,-3.881511,1.565647,100,outer
263,92,-8.045135,2.248827,100,outer
34,269,-22.504946,1.666679,100,outer
388,352,-11.615262,16.224402,100,outer
367,558,-19.041180,23.438848,100,outer
133,211,-16.849056,2.627623,100,outer
307,98,-6.552870,3.892951,100,outer
555,349,-5.122998,21.477546,100,outer
390,541,-17.613870,23.527086,100,outer
169,542,-26.109959,16.461573,100,outer
377,342,-11.715105,15.487835,100,outer
41,393,-26.222706,6.640688,100,outer
162,274,-17.763471,5.972596,100,outer
531,257,-3.084917,17.182639,100,outer
316,103,-6.368904,4.373738,100,outer
368,379,-13.249116,16.615580,100,outer
44,398,-26.268530,6.928612,100,outer
309,64,-5.383379,2.655093,100,outer
219,399,-19.598456,12.592100,100,outer
300,95,-6.724527,3.553048,100,outer
380,353,-11.953793,16.005549,100,outer
310,288,-12.545324,11.266077,100,outer
359,1,-1.443391,1.849492,100,outer
282,455,-18.985718,16.761879,100,outer
250,94,-8.607302,1.907552,100,outer
257,282,-14.382275,9.332658,100,outer
348,400,-14.690107,16.776967,100,outer
535,263,-3.124587,17.541005,100,outer
265,402,-17.933161,14.185617,100,outer
105,270,-19.817904,3.987198,100,outer
248,578,-24.241568,20.379687,100,outer
500,125,-0.029166,11.130789,100,outer
215,401,-19.815937,12.540121,100,outer
251,95,-8.601148,1.977995,100,outer
479,102,-0.094122,9.574903,100,outer
336,282,-11.356702,11.872030,100,outer
499,452,-10.578534,23.622219,100,outer
242,275,-14.731743,8.582410,100,outer
429,510,-15.123771,23.593450,100,outer
25,277,-23.106783,1.683771,100,outer
294,285,-13.061666,10.636879,100,outer
70,428,-26.237091,8.913306,100,outer
554,361,-5.547024,21.904982,100,outer
555,326,-4.383687,20.596683,100,outer
331,432,-16.369786,17.456069,100,outer
360,1,-1.405092,1.881636,100,outer
184,270,-16.792331,6.526569,100,outer
366,310,-11.107781,13.908703,100,outer
501,126,-0.023012,11.201231,100,outer
77,436,-26.226153,9.444701,100,outer
290,580,-22.697323,21.806329,100,outer
337,283,-11.350548,11.942472,100,outer
80,441,-26.271978,9.732624,100,outer
369,315,-11.153605,14.196627,100,outer
401,533,-16.935436,23.574283,100,outer
4,339,-25.903974,3.383249,100,outer
279,278,-13.411135,9.886631,100,outer
237,281,-15.116099,8.651481,100,outer
81,442,-26.265823,9.803067,100,outer
370,316,-11.147451,14.267069,100,outer
1,333,-25.826005,3.057026,100,outer
545,397,-7.048891,22.994429,100,outer
324,20,-3.394569,1.452123,100,outer
309,77,-5.801250,3.152972,100,outer
225,572,-24.929568,19.410586,100,outer
280,279,-13.404980,9.957074,100,outer
371,397,-13.712812,17.401383,100,outer
397,535,-17.152918,23.522304,100,outer
138,195,-16.143261,2.175568,100,outer
332,289,-11.734903,12.011543,100,outer
312,82,-5.847075,3.440896,100,outer
337,404,-15.239965,16.576578,100,outer
143,273,-18.458997,5.323563,100,outer
278,89,-7.374228,2.616091,100,outer
419,28,-0.013374,4.812185,100,outer
507,141,-0.275381,11.968571,100,outer
506,176,-1.438717,13.276870,100,outer
106,471,-26.240538,11.717319,100,outer
233,432,-20.123028,14.305962,100,outer
139,239,-17.519296,3.892842,100,outer
173,152,-13.420628,1.653776,100,outer
314,91,-6.059773,3.849870,100,outer
348,4,-1.961105,1.610804,100,outer
373,326,-11.353995,14.746485,100,outer
44,267,-22.057674,1.911522,100,outer
117,486,-26.301415,12.645378,100,outer
475,471,-12.108431,23.578434,100,outer
420,29,-0.007219,4.882627,100,outer
297,453,-18.346954,17.167441,100,outer
317,282,-12.084372,11.261295,100,outer
222,273,-15.433423,7.862934,100,outer
8,350,-26.104363,3.933107,100,outer
107,472,-26.234384,11.787761,100,outer
169,267,-17.270375,5.929515,100,outer
388,342,-11.293822,15.841418,100,outer
355,394,-14.229154,16.772185,100,outer
275,285,-13.789336,10.026144,100,outer
140,240,-17.513142,3.963284,100,outer
375,372,-12.756020,16.572499,100,outer
315,92,-6.053619,3.920312,100,outer
13,285,-23.823515,1.604431,100,outer
234,104,-9.541516,1.776233,100,outer
308,53,-5.068094,2.201667,100,outer
382,2,-0.594672,2.627101,100,outer
11,355,-26.150188,4.221031,100,outer
271,580,-23.424993,21.195594,100,outer
324,406,-15.802132,16.235303,100,outer
230,399,-19.177173,12.945684,100,outer
377,332,-11.393665,15.104851,100,outer
265,91,-7.936395,2.274816,100,outer
558,344,-4.847383,21.382486,100,outer
445,58,0.018066,6.796879,100,outer
1,310,-25.086694,2.176163,100,outer
369,557,-18.932440,23.464838,100,outer
162,264,-17.442032,5.589612,100,outer
433,506,-14.842001,23.568832,100,outer
25,375,-26.256889,5.437014,100,outer
325,407,-15.795977,16.305745,100,outer
371,374,-12.973501,16.520520,100,outer
344,420,-15.486179,17.414359,100,outer
312,288,-12.468727,11.330365,100,outer
321,28,-3.766616,1.662078,100,outer
378,4,-0.812153,2.575122,100,outer
436,503,-14.630674,23.550369,100,outer
146,521,-26.315799,14.917996,100,outer
293,454,-18.532291,17.077164,100,outer
549,380,-6.349251,22.471932,100,outer
267,402,-17.856565,14.249905,100,outer
260,277,-14.106660,9.237598,100,outer
300,579,-22.282196,22.089470,100,outer
502,448,-10.335063,23.565458,100,outer
339,570,-20.499263,22.998399,100,outer
456,72,-0.010667,7.686640,100,outer
373,303,-10.614684,13.865622,100,outer
552,305,-3.823560,19.695985,100,outer
316,443,-17.297845,17.395192,100,outer
317,30,-3.984098,1.610099,100,outer
0,323,-25.542864,2.641899,100,outer
516,239,-3.080802,16.011109,100,outer
408,526,-16.442340,23.531202,100,outer
295,91,-6.787443,3.239135,100,outer
285,455,-18.870822,16.858310,100,outer
253,94,-8.492407,2.003984,100,outer
481,101,0.014619,9.600892,100,outer
203,273,-16.161093,7.252199,100,outer
377,309,-10.654354,14.223988,100,outer
268,402,-17.818266,14.282049,100,outer
304,96,-6.603477,3.719922,100,outer
498,190,-2.195120,13.555896,100,outer
296,92,-6.781288,3.309577,100,outer
367,381,-13.351702,16.660033,100,outer
133,214,-16.945488,2.742518,100,outer
59,265,-21.418910,2.317084,100,outer
387,359,-11.878568,16.460347,100,outer
180,146,-12.959675,1.648993,100,outer
305,406,-16.529801,15.624568,100,outer
379,355,-12.056379,16.050002,100,outer
254,95,-8.486253,2.074427,100,outer
358,561,-19.482298,23.264448,100,outer
245,275,-14.616848,8.678842,100,outer
62,419,-26.254182,8.311469,100,outer
203,129,-11.532365,1.737231,100,outer
154,273,-18.037714,5.677146,100,outer
187,270,-16.677435,6.623001,100,outer
496,122,-0.085928,10.887318,100,outer
471,474,-12.358056,23.564754,100,outer
280,89,-7.297631,2.680379,100,outer
313,37,-4.362299,1.749612,100,outer
359,4,-1.539823,1.964387,100,outer
499,127,-0.131753,11.175241,100,outer
546,388,-6.721298,22.681888,100,outer
87,448,-26.228897,10.225721,100,outer
544,278,-3.262060,18.404776,100,outer
328,574,-21.049121,22.798009,100,outer
282,278,-13.296240,9.983063,100,outer
20,278,-23.330419,1.561350,100,outer
306,406,-16.491503,15.656712,100,outer
240,281,-15.001204,8.747913,100,outer
339,403,-15.131224,16.602567,100,outer
385,370,-12.308748,16.817341,100,outer
217,414,-20.157212,13.102288,100,outer
152,168,-14.739197,1.591527,100,outer
365,312,-11.210367,13.953156,100,outer
351,414,-15.025227,17.409577,100,outer
191,276,-16.717105,6.981367,100,outer
500,128,-0.125598,11.245684,100,outer
545,279,-3.255906,18.475219,100,outer
248,401,-18.552090,13.600871,100,outer
443,497,-14.169722,23.545586,100,outer
283,279,-13.290085,10.053505,100,outer
509,442,-9.874111,23.560675,100,outer
214,408,-20.079243,12.776066,100,outer
375,362,-12.434580,16.189515,100,outer
529,420,-8.400976,23.360989,100,outer
4,306,-24.843223,2.119402,100,outer
386,371,-12.302593,16.887784,100,outer
258,451,-19.776303,15.837230,100,outer
98,462,-26.257630,11.115482,100,outer
250,447,-19.954115,15.426885,100,outer
225,274,-15.350672,7.997665,100,outer
219,114,-10.437432,1.677058,100,outer
558,334,-4.525944,20.999502,100,outer
101,467,-26.303454,11.403406,100,outer
426,35,0.029707,5.305281,100,outer
544,399,-7.151478,23.038882,100,outer
551,295,-3.540419,19.280857,100,outer
315,576,-21.611288,22.456734,100,outer
47,267,-21.942779,2.007954,100,outer
134,272,-18.771538,4.995969,100,outer
510,443,-9.867957,23.631117,100,outer
239,437,-20.053958,14.690318,100,outer
359,390,-13.947385,16.747567,100,outer
259,452,-19.770149,15.907673,100,outer
320,282,-11.969476,11.357726,100,outer
218,414,-20.118913,13.134432,100,outer
251,448,-19.947960,15.497328,100,outer
506,143,-0.377967,12.013023,100,outer
102,468,-26.297300,11.473848,100,outer
278,285,-13.674441,10.122576,100,outer
316,577,-21.605133,22.527177,100,outer
143,240,-17.398246,4.059716,100,outer
295,454,-18.455695,17.141452,100,outer
149,171,-14.950524,1.609990,100,outer
229,280,-15.390342,8.356031,100,outer
430,41,-0.009963,5.663647,100,outer
240,438,-20.047803,14.760760,100,outer
148,175,-15.117398,1.731040,100,outer
437,49,0.000975,6.195042,100,outer
233,399,-19.062278,13.042115,100,outer
268,91,-7.821500,2.371248,100,outer
214,120,-10.821787,1.746129,100,outer
17,366,-26.273981,4.835176,100,outer
507,144,-0.371813,12.083466,100,outer
324,288,-12.009146,11.716093,100,outer
440,54,-0.044850,6.482966,100,outer
157,260,-17.504948,5.275699,100,outer
127,497,-26.272014,13.388100,100,outer
518,239,-3.004205,16.075396,100,outer
497,216,-3.069160,14.519511,100,outer
382,378,-12.680795,17.027297,100,outer
482,465,-11.647478,23.573651,100,outer
374,374,-12.858606,16.616952,100,outer
126,272,-19.077925,4.738817,100,outer
555,306,-3.740809,19.830715,100,outer
381,4,-0.697258,2.671554,100,outer
441,55,-0.038696,6.553408,100,outer
303,579,-22.167300,22.185902,100,outer
128,498,-26.265860,13.458542,100,outer
552,380,-6.234356,22.568364,100,outer
267,284,-14.063579,9.730694,100,outer
188,140,-12.460424,1.676354,100,outer
172,275,-17.412631,6.332334,100,outer
308,56,-5.164526,2.316562,100,outer
271,403,-17.735515,14.416779,100,outer
306,95,-6.494736,3.745912,100,outer
466,84,-0.013410,8.467660,100,outer
501,191,-2.112368,13.690627,100,outer
435,505,-14.733261,23.594822,100,outer
153,527,-26.240574,15.372794,100,outer
557,351,-5.110689,21.618430,100,outer
254,579,-24.043922,20.610849,100,outer
329,115,-6.256752,5.251190,100,outer
206,273,-16.046198,7.348631,100,outer
43,395,-26.210397,6.781572,100,outer
358,407,-14.532130,17.366496,100,outer
533,259,-3.072608,17.323523,100,outer
226,108,-9.976479,1.672275,100,outer
299,92,-6.666393,3.406009,100,outer
115,271,-19.467064,4.346936,100,outer
370,381,-13.236807,16.756465,100,outer
315,445,-17.400431,17.439645,100,outer
136,214,-16.830593,2.838950,100,outer
62,265,-21.304015,2.413516,100,outer
516,435,-9.381015,23.517594,100,outer
308,406,-16.414906,15.721000,100,outer
536,413,-7.907880,23.317908,100,outer
361,561,-19.367403,23.360880,100,outer
407,528,-16.544926,23.575654,100,outer
509,167,-1.034526,13.028617,100,outer
554,318,-4.164834,20.258152,100,outer
335,14,-2.780424,1.575916,100,outer
534,260,-3.066453,17.393966,100,outer
157,273,-17.922819,5.773578,100,outer
243,276,-14.725589,8.652852,100,outer
492,114,0.018030,10.452355,100,outer
451,491,-13.670471,23.572947,100,outer
517,436,-9.374860,23.588036,100,outer
556,364,-5.566859,22.084166,100,outer
99,268,-19.983406,3.717737,100,outer
368,313,-11.127616,14.087886,100,outer
179,148,-13.062261,1.693446,100,outer
362,4,-1.424927,2.060819,100,outer
24,274,-23.048649,1.536732,100,outer
252,281,-14.541623,9.133640,100,outer
481,104,-0.081813,9.715787,100,outer
555,319,-4.158680,20.328594,100,outer
532,415,-8.125362,23.265929,100,outer
285,278,-13.181344,10.079495,100,outer
357,563,-19.584884,23.308901,100,outer
557,328,-4.371379,20.737567,100,outer
194,276,-16.602210,7.077799,100,outer
100,269,-19.977252,3.788180,100,outer
489,459,-11.186526,23.568869,100,outer
83,445,-26.285659,9.982250,100,outer
331,281,-11.516050,11.673011,100,outer
372,319,-11.167286,14.446252,100,outer
279,91,-7.400217,2.724832,100,outer
354,5,-1.763459,1.841966,100,outer
3,336,-25.845840,3.236209,100,outer
217,116,-10.578316,1.689367,100,outer
135,226,-17.254618,3.266387,100,outer
136,191,-16.091282,1.958087,100,outer
195,277,-16.596056,7.148242,100,outer
311,43,-4.631759,1.915115,100,outer
228,274,-15.235777,8.094096,100,outer
224,420,-20.081986,13.557086,100,outer
326,288,-11.932550,11.780380,100,outer
137,272,-18.656643,5.092401,100,outer
350,416,-15.127813,17.454030,100,outer
9,352,-26.130353,4.041847,100,outer
108,474,-26.260373,11.896502,100,outer
442,499,-14.272308,23.590039,100,outer
362,390,-13.832490,16.843999,100,outer
323,282,-11.854581,11.454158,100,outer
254,448,-19.833065,15.593759,100,outer
20,281,-23.426850,1.676245,100,outer
246,444,-20.010876,15.183414,100,outer
6,346,-26.052384,3.715625,100,outer
385,373,-12.405180,16.932237,100,outer
232,280,-15.275447,8.452463,100,outer
152,171,-14.835629,1.706422,100,outer
138,273,-18.650489,5.162843,100,outer
378,334,-11.419655,15.213592,100,outer
422,32,-0.027054,5.061810,100,outer
109,475,-26.254219,11.966944,100,outer
552,370,-5.912916,22.185380,100,outer
235,434,-20.110719,14.446847,100,outer
142,243,-17.532977,4.142467,100,outer
317,95,-6.073454,4.099495,100,outer
220,571,-25.088916,19.211568,100,outer
247,445,-20.004722,15.253857,100,outer
384,5,-0.614507,2.806284,100,outer
119,488,-26.289106,12.786263,100,outer
327,288,-11.894251,11.812524,100,outer
167,156,-13.778994,1.614105,100,outer
266,278,-13.909014,9.468760,100,outer
217,273,-15.624915,7.702215,100,outer
447,61,-0.001769,6.976062,100,outer
3,313,-25.106529,2.355346,100,outer
269,283,-13.954838,9.756684,100,outer
15,287,-23.811206,1.745316,100,outer
190,139,-12.351684,1.702343,100,outer
504,186,-1.836753,13.595566,100,outer
80,267,-20.678932,3.068704,100,outer
205,564,-25.438384,18.461320,100,outer
523,428,-8.887918,23.474513,100,outer
147,177,-15.219984,1.775493,100,outer
312,281,-12.243720,11.062277,100,outer
328,109,-6.102187,4.989256,100,outer
24,372,-26.198756,5.289974,100,outer
514,236,-3.060967,15.831926,100,outer
539,409,-7.664409,23.261146,100,outer
392,539,-17.472986,23.514778,100,outer
323,439,-16.901180,17.467006,100,outer
270,284,-13.948684,9.827126,100,outer
551,383,-6.369086,22.651115,100,outer
136,204,-16.509153,2.455966,100,outer
524,429,-8.881764,23.544955,100,outer
381,380,-12.783381,17.071750,100,outer
73,264,-20.850589,2.728801,100,outer
377,1,-0.754020,2.428083,100,outer
193,558,-25.705101,17.845802,100,outer
481,467,-11.750065,23.618104,100,outer
375,306,-10.634519,14.044805,100,outer
509,157,-0.713087,12.645633,100,outer
145,518,-26.257666,14.770957,100,outer
554,308,-3.843395,19.875168,100,outer
461,80,-0.076326,8.153747,100,outer
378,311,-10.680344,14.332729,100,outer
257,579,-23.929027,20.707281,100,outer
520,431,-9.099245,23.492976,100,outer
483,104,-0.005216,9.780075,100,outer
387,545,-17.857341,23.583848,100,outer
118,271,-19.352168,4.443367,100,outer
462,81,-0.070172,8.224189,100,outer
453,490,-13.561730,23.598937,100,outer
65,265,-21.189120,2.509948,100,outer
379,312,-10.674189,14.403171,100,outer
149,524,-26.297336,15.129323,100,outer
2,325,-25.530555,2.782783,100,outer
500,193,-2.214955,13.735079,100,outer
262,401,-18.015913,14.050887,100,outer
297,279,-12.753908,10.503521,100,outer
364,3,-1.316187,2.086808,100,outer
308,288,-12.621921,11.201790,100,outer
26,273,-22.939909,1.562721,100,outer
280,455,-19.062314,16.697591,100,outer
484,105,0.000938,9.850518,100,outer
39,392,-26.267159,6.538101,100,outer
535,416,-8.042610,23.400659,100,outer
357,409,-14.634717,17.410948,100,outer
250,283,-14.682508,9.145949,100,outer
377,387,-13.161582,17.211263,100,outer
298,94,-6.768980,3.450462,100,outer
449,492,-13.779212,23.546958,100,outer
334,282,-11.433299,11.807742,100,outer
314,38,-4.356144,1.820055,100,outer
64,421,-26.241873,8.452354,100,outer
385,327,-10.926558,15.170511,100,outer
138,227,-17.171867,3.401117,100,outer
292,285,-13.138263,10.572591,100,outer
103,269,-19.862356,3.884612,100,outer
329,432,-16.446382,17.391781,100,outer
358,1,-1.481689,1.817348,100,outer
300,405,-16.689149,15.425550,100,outer
556,331,-4.506109,20.820319,100,outer
282,91,-7.285322,2.821263,100,outer
548,390,-6.708989,22.822772,100,outer
367,315,-11.230202,14.132339,100,outer
386,328,-10.920404,15.240953,100,outer
508,174,-1.297832,13.264561,100,outer
330,433,-16.440228,17.462223,100,outer
22,280,-23.318110,1.702234,100,outer
182,269,-16.836783,6.423983,100,outer
337,292,-11.639843,12.287157,100,outer
197,132,-11.858587,1.659262,100,outer
422,516,-15.584723,23.598233,100,outer
79,442,-26.342420,9.738779,100,outer
368,316,-11.224048,14.202781,100,outer
46,265,-21.916789,1.899213,100,outer
236,505,-22.354641,17.198177,100,inner
156,396,-21.914823,10.452137,100,inner
351,492,-17.532454,20.396851,100,inner
297,521,-20.532742,19.771732,100,inner
397,459,-14.709978,20.611626,100,inner
218,191,-12.950814,4.593890,100,inner
387,149,-5.128339,8.417684,100,inner
120,330,-21.172064,6.767261,100,inner
67,324,-23.009016,4.833841,100,inner
495,356,-7.645909,19.816998,100,inner
496,321,-6.482573,18.508698,100,inner
441,385,-10.646197,19.191878,100,inner
158,442,-23.316847,12.278151,100,inner
293,221,-11.042752,8.153638,100,inner
374,66,-2.958271,4.821046,100,inner
229,502,-22.526298,16.858274,100,inner
264,343,-16.074967,11.893868,100,inner
431,191,-4.793256,11.440550,100,inner
162,332,-19.627820,8.193903,100,inner
392,120,-4.004673,7.467751,100,inner
239,515,-22.561185,17.677593,100,inner
395,125,-4.050498,7.755675,100,inner
375,67,-2.952117,4.891489,100,inner
441,241,-6.017469,13.676910,100,inner
367,63,-3.129928,4.481144,100,inner
446,356,-9.522531,18.241945,100,inner
169,456,-23.345580,13.167911,100,inner
323,514,-19.311976,20.339386,100,inner
432,192,-4.787101,11.510993,100,inner
215,194,-13.162141,4.612354,100,inner
444,166,-3.491778,10.900962,100,inner
172,461,-23.391405,13.455835,100,inner
207,339,-18.129400,9.908469,100,inner
205,495,-23.220452,15.818731,100,inner
232,512,-22.732842,17.337690,100,inner
224,508,-22.910653,16.927345,100,inner
347,499,-17.910656,20.536364,100,inner
105,328,-21.682252,6.208505,100,inner
463,265,-5.946359,15.303238,100,inner
355,174,-7.157487,8.346538,100,inner
400,96,-2.926831,6.805741,100,inner
479,389,-9.319434,20.566542,100,inner
149,334,-20.189987,7.852629,100,inner
278,219,-11.552940,7.594882,100,inner
436,427,-12.187735,20.639691,100,inner
194,485,-23.320295,15.082163,100,inner
155,414,-22.531712,11.109364,100,inner
302,347,-14.748204,13.268531,100,inner
173,462,-23.385250,13.526278,100,inner
284,150,-9.105218,5.145157,100,inner
395,246,-7.939915,12.389780,100,inner
430,204,-5.249425,11.906286,100,inner
225,509,-22.904499,16.997787,100,inner
439,173,-3.908278,11.008331,100,inner
159,384,-21.414200,10.088988,100,inner
253,162,-10.678195,4.608275,100,inner
414,116,-3.033533,8.021724,100,inner
142,331,-20.361644,7.512726,100,inner
195,486,-23.314140,15.152606,100,inner
391,132,-4.428699,7.895187,100,inner
396,247,-7.933760,12.460222,100,inner
288,156,-9.144888,5.503523,100,inner
356,174,-7.119188,8.378682,100,inner
408,450,-13.999400,20.620524,100,inner
221,215,-13.607373,5.609484,100,inner
445,368,-9.946556,18.669381,100,inner
446,333,-8.783220,17.361081,100,inner
237,339,-16.980448,10.872788,100,inner
311,517,-19.867989,20.068553,100,inner
195,342,-18.685412,9.637637,100,inner
113,389,-23.336646,8.801858,100,inner
316,223,-10.226177,8.969545,100,inner
267,218,-11.942079,7.203000,100,inner
179,334,-19.041035,8.816947,100,inner
436,139,-2.930279,9.609754,100,inner
481,290,-6.060587,16.839289,100,inner
338,507,-18.512493,20.553456,100,inner
374,164,-6.108378,8.574289,100,inner
428,135,-3.108090,9.199409,100,inner
358,485,-17.039358,20.353770,100,inner
335,501,-18.434524,20.227234,100,inner
307,519,-20.085470,20.016574,100,inner
437,140,-2.924124,9.680196,100,inner
85,326,-22.383932,5.489029,100,inner
482,291,-6.054432,16.909731,100,inner
191,344,-18.902894,9.585658,100,inner
114,389,-23.298347,8.834002,100,inner
344,177,-7.675201,8.107850,100,inner
275,343,-15.653685,12.247451,100,inner
390,144,-4.852725,8.322624,100,inner
435,295,-7.983032,15.552159,100,inner
430,217,-5.667297,12.404165,100,inner
451,160,-3.030826,10.896179,100,inner
354,227,-8.899414,10.344209,100,inner
305,222,-10.615316,8.577664,100,inner
217,338,-17.714272,10.191610,100,inner
210,213,-13.964368,5.179303,100,inner
168,445,-23.030295,12.714485,100,inner
392,110,-3.683234,7.084767,100,inner
443,421,-11.726782,20.634908,100,inner
239,505,-22.239746,17.294609,100,inner
312,346,-14.333076,13.551672,100,inner
447,162,-3.248307,10.844200,100,inner
284,513,-20.773470,19.047473,100,inner
446,346,-9.201091,17.858961,100,inner
432,411,-11.826625,19.898341,100,inner
150,433,-23.333939,11.676313,100,inner
377,475,-15.990249,20.581521,100,inner
169,446,-23.024141,12.784927,100,inner
442,312,-8.261391,16.428239,100,inner
172,451,-23.069965,13.072851,100,inner
232,502,-22.411403,16.954706,100,inner
205,485,-22.899012,15.435747,100,inner
393,456,-14.766740,20.368155,100,inner
224,498,-22.589214,16.544361,100,inner
194,210,-14.480710,4.550105,100,inner
369,62,-3.021187,4.507133,100,inner
434,228,-5.867687,12.954023,100,inner
164,367,-20.676261,9.598635,100,inner
386,151,-5.230926,8.462137,100,inner
324,176,-8.409025,7.426673,100,inner
194,475,-22.998855,14.699179,100,inner
155,404,-22.210272,10.726380,100,inner
255,342,-16.387509,11.566274,100,inner
160,333,-19.736560,8.167914,100,inner
154,439,-23.373609,12.034680,100,inner
349,498,-17.801915,20.562354,100,inner
430,194,-4.927986,11.523302,100,inner
285,513,-20.735171,19.079617,100,inner
445,322,-8.467935,16.907655,100,inner
325,177,-8.402870,7.497115,100,inner
195,476,-22.992701,14.769622,100,inner
392,87,-2.943923,6.203904,100,inner
179,468,-23.348323,13.948932,100,inner
384,83,-3.121734,5.793559,100,inner
448,247,-5.942244,14.131708,100,inner
233,179,-11.990610,4.616469,100,inner
69,336,-23.318146,5.357710,100,inner
373,73,-3.221577,5.056991,100,inner
201,492,-23.277213,15.575260,100,inner
390,242,-8.002831,12.075867,100,inner
256,162,-10.563300,4.704707,100,inner
417,116,-2.918638,8.118156,100,inner
396,93,-2.983593,6.562270,100,inner
198,337,-18.409797,9.542577,100,inner
366,479,-16.540107,20.381131,100,inner
233,215,-13.147792,5.995211,100,inner
145,331,-20.246748,7.609158,100,inner
473,276,-5.916959,16.045960,100,inner
394,132,-4.313804,7.991619,100,inner
190,482,-23.377056,14.838692,100,inner
420,270,-7.753910,14.112540,100,inner
388,89,-3.161404,6.151925,100,inner
391,243,-7.996677,12.146309,100,inner
94,365,-23.292861,7.271962,100,inner
383,239,-8.174488,11.735964,100,inner
154,416,-22.634298,11.153816,100,inner
402,252,-7.864690,12.844578,100,inner
435,429,-12.290321,20.684144,100,inner
484,291,-5.977835,16.974019,100,inner
438,175,-4.010864,11.052784,100,inner
265,512,-21.468995,18.398440,100,inner
158,386,-21.516786,10.133440,100,inner
487,296,-6.023660,17.261943,100,inner
466,273,-6.088615,15.706057,100,inner
170,360,-20.221463,9.523410,100,inner
378,160,-5.826608,8.549671,100,inner
384,469,-15.529297,20.576738,100,inner
95,366,-23.286706,7.342404,100,inner
424,276,-7.793580,14.470906,100,inner
270,218,-11.827184,7.299432,100,inner
390,134,-4.531285,7.939640,100,inner
430,207,-5.345857,12.021181,100,inner
407,452,-14.101987,20.664976,100,inner
488,297,-6.017505,17.332385,100,inner
473,397,-9.806376,20.680065,100,inner
157,426,-22.840842,11.633232,100,inner
236,341,-17.083034,10.917240,100,inner
183,335,-18.919985,8.983821,100,inner
392,100,-3.361794,6.701783,100,inner
160,431,-22.886667,11.921156,100,inner
400,449,-14.273644,20.325074,100,inner
307,221,-10.506575,8.603653,100,inner
213,214,-13.881616,5.314034,100,inner
357,487,-17.141944,20.398223,100,inner
278,343,-15.538789,12.343883,100,inner
446,156,-3.093742,10.582266,100,inner
444,375,-10.209862,18.905326,100,inner
491,307,-6.224050,17.811801,100,inner
154,393,-21.894987,10.272953,100,inner
308,222,-10.500420,8.674096,100,inner
220,338,-17.599377,10.288042,100,inner
449,161,-3.139566,10.870190,100,inner
494,312,-6.269874,18.099725,100,inner
250,217,-12.561008,6.618255,100,inner
329,510,-18.953610,20.379056,100,inner
315,346,-14.218181,13.648104,100,inner
167,368,-20.593510,9.733365,100,inner
126,330,-20.942274,6.960124,100,inner
198,206,-14.198941,4.525487,100,inner
345,225,-9.179812,9.978317,100,inner
135,415,-23.329824,10.504783,100,inner
330,511,-18.947456,20.449498,100,inner
376,478,-16.124979,20.664272,100,inner
322,507,-19.125267,20.039153,100,inner
316,347,-14.212026,13.718546,100,inner
442,423,-11.829368,20.679361,100,inner
179,458,-23.026884,13.565948,100,inner
186,466,-23.015947,14.097342,100,inner
373,472,-16.047011,20.338050,100,inner
447,358,-9.548520,18.350685,100,inner
327,176,-8.294130,7.523104,100,inner
163,370,-20.810991,9.681386,100,inner
431,413,-11.929211,19.942794,100,inner
189,471,-23.061771,14.385266,100,inner
373,63,-2.900138,4.674007,100,inner
201,482,-22.955774,15.192276,100,inner
153,405,-22.319013,10.700390,100,inner
288,221,-11.234244,7.992918,100,inner
443,244,-6.037304,13.856093,100,inner
414,446,-13.641034,20.660194,100,inner
328,177,-8.287975,7.593547,100,inner
259,343,-16.266459,11.733148,100,inner
171,459,-23.365415,13.347094,100,inner
190,472,-23.055617,14.455709,100,inner
385,153,-5.333512,8.506590,100,inner
75,342,-23.281219,5.780364,100,inner
411,440,-13.563066,20.333972,100,inner
237,175,-11.708841,4.591851,100,inner
330,223,-9.690000,9.419561,100,inner
106,329,-21.676098,6.278947,100,inner
369,65,-3.117619,4.622028,100,inner
392,463,-15.030046,20.604100,100,inner
493,366,-8.043946,20.135694,100,inner
439,395,-11.044233,19.510574,100,inner
196,488,-23.340130,15.261346,100,inner
405,253,-7.781939,12.979308,100,inner
458,408,-10.734435,20.619188,100,inner
296,346,-14.945850,13.037369,100,inner
465,267,-5.934050,15.444122,100,inner
497,336,-6.926434,19.115318,100,inner
341,497,-18.076158,20.266904,100,inner
148,331,-20.131853,7.705589,100,inner
209,198,-13.520507,4.572684,100,inner
402,98,-2.914522,6.946625,100,inner
279,522,-21.254257,19.231439,100,inner
159,377,-21.189192,9.820899,100,inner
427,420,-12.307413,20.082307,100,inner
429,201,-5.191292,11.759246,100,inner
386,239,-8.059593,11.832396,100,inner
445,325,-8.564367,17.022550,100,inner
232,181,-12.093197,4.660922,100,inner
378,235,-8.237404,11.422051,100,inner
393,135,-4.448534,8.074371,100,inner
208,498,-23.201988,16.030058,100,inner
268,512,-21.354100,18.494872,100,inner
416,118,-3.021224,8.162609,100,inner
144,333,-20.349335,7.653610,100,inner
197,488,-23.301831,15.293490,100,inner
90,362,-23.349622,7.028491,100,inner
91,327,-22.186286,5.720191,100,inner
387,240,-8.053438,11.902838,100,inner
379,236,-8.231250,11.492493,100,inner
371,232,-8.409061,11.082148,100,inner
453,414,-11.118791,20.688259,100,inner
351,174,-7.310680,8.217962,100,inner
402,448,-14.164903,20.351063,100,inner
438,142,-2.950114,9.788937,100,inner
417,119,-3.015069,8.233051,100,inner
462,270,-6.145377,15.462586,100,inner
489,373,-8.422147,20.275207,100,inner
239,341,-16.968139,11.013672,100,inner
380,466,-15.586058,20.333268,100,inner
186,335,-18.805090,9.080253,100,inner
91,363,-23.343468,7.098933,100,inner
137,330,-20.520992,7.313708,100,inner
427,132,-3.049957,9.052369,100,inner
115,391,-23.324337,8.942743,100,inner
383,471,-15.631883,20.621191,100,inner
373,161,-6.050244,8.427250,100,inner
439,143,-2.943959,9.859379,100,inner
449,416,-11.336272,20.636280,100,inner
216,214,-13.766721,5.410466,100,inner
484,294,-6.074267,17.088914,100,inner
390,101,-3.470535,6.675793,100,inner
487,299,-6.120092,17.376838,100,inner
434,293,-7.957043,15.443418,100,inner
116,392,-23.318182,9.013185,100,inner
318,347,-14.135430,13.782834,100,inner
311,222,-10.385525,8.770527,100,inner
223,338,-17.484481,10.384474,100,inner
497,349,-7.344305,19.613197,100,inner
129,331,-20.859523,7.094854,100,inner
443,378,-10.344593,18.988077,100,inner
338,176,-7.872847,7.876688,100,inner
126,405,-23.353070,9.832504,100,inner
299,513,-20.198994,19.529633,100,inner
253,217,-12.446112,6.714687,100,inner
332,510,-18.838715,20.475488,100,inner
438,299,-7.996713,15.801785,100,inner
160,434,-22.983099,12.036051,100,inner
414,436,-13.319595,20.277210,100,inner
348,225,-9.064917,10.074748,100,inner
254,218,-12.439958,6.785129,100,inner
185,347,-19.229116,9.507690,100,inner
171,449,-23.043976,12.964111,100,inner
440,308,-8.209412,16.210758,100,inner
339,176,-7.834549,7.908832,100,inner
434,185,-4.485497,11.307192,100,inner
356,494,-17.405250,20.634168,100,inner
432,224,-5.815708,12.736541,100,inner
234,505,-22.431238,17.133889,100,inner
314,348,-14.320767,13.692557,100,inner
262,158,-10.204934,4.744377,100,inner
349,226,-9.058762,10.145191,100,inner
448,348,-9.188782,17.999845,100,inner
166,370,-20.696096,9.777818,100,inner
494,315,-6.366306,18.214620,100,inner
152,435,-23.321630,11.817198,100,inner
441,309,-8.203257,16.281200,100,inner
435,229,-5.861532,13.024465,100,inner
239,174,-11.600100,4.617841,100,inner
196,478,-23.018690,14.878363,100,inner
291,221,-11.119349,8.089350,100,inner
365,170,-6.645927,8.514784,100,inner
497,326,-6.604994,18.732334,100,inner
415,436,-13.281296,20.309354,100,inner
436,230,-5.855378,13.094908,100,inner
383,75,-2.902881,5.455028,100,inner
352,496,-17.622732,20.582189,100,inner
394,462,-14.921305,20.630089,100,inner
65,323,-23.053468,4.731255,100,inner
240,175,-11.593946,4.688283,100,inner
156,441,-23.361300,12.175564,100,inner
229,511,-22.815593,17.202960,100,inner
208,488,-22.880549,15.647074,100,inner
444,319,-8.409802,16.760616,100,inner
181,354,-19.607317,9.647203,100,inner
321,514,-19.388573,20.275098,100,inner
313,510,-19.566384,19.864753,100,inner
447,361,-9.644952,18.465580,100,inner
197,478,-22.980392,14.910506,100,inner
299,346,-14.830955,13.133801,100,inner
71,339,-23.337981,5.536893,100,inner
400,249,-7.844855,12.665395,100,inner
271,513,-21.271349,18.629602,100,inner
344,497,-17.961263,20.363336,100,inner
375,76,-3.241412,5.236174,100,inner
394,89,-2.931614,6.344788,100,inner
282,522,-21.139362,19.327871,100,inner
162,377,-21.074297,9.917331,100,inner
153,408,-22.415445,10.815285,100,inner
464,270,-6.068780,15.526874,100,inner
276,219,-11.629537,7.530594,100,inner
281,148,-9.155825,4.972128,100,inner
475,279,-5.936794,16.225143,100,inner
401,250,-7.838700,12.735837,100,inner
203,494,-23.264905,15.716144,100,inner
317,516,-19.606054,20.223119,100,inner
222,507,-22.955106,16.824758,100,inner
438,397,-11.146820,19.555027,100,inner
391,465,-15.132632,20.648552,100,inner
492,368,-8.146532,20.180147,100,inner
312,172,-8.740030,6.887752,100,inner
353,173,-7.201940,8.243952,100,inner
340,499,-18.178744,20.311357,100,inner
147,333,-20.234440,7.750042,100,inner
322,222,-9.964243,9.124111,100,inner
208,200,-13.623093,4.617136,100,inner
282,149,-9.149671,5.042570,100,inner
476,280,-5.930639,16.295585,100,inner
204,495,-23.258750,15.786587,100,inner
426,279,-7.813415,14.650089,100,inner
156,418,-22.621989,11.294701,100,inner
157,383,-21.458653,9.986401,100,inner
486,293,-5.965526,17.114904,100,inner
393,102,-3.387784,6.810524,100,inner
497,339,-7.022866,19.230213,100,inner
377,157,-5.768475,8.402632,100,inner
423,124,-2.945999,8.617407,100,inner
429,433,-12.648687,20.644474,100,inner
301,513,-20.122397,19.593920,100,inner
193,485,-23.358593,15.050019,100,inner
421,429,-12.826498,20.234129,100,inner
429,204,-5.287724,11.874142,100,inner
172,362,-20.209154,9.664294,100,inner
159,429,-22.860677,11.812415,100,inner
447,338,-8.905641,17.584717,100,inner
219,214,-13.651826,5.506897,100,inner
82,325,-22.466684,5.354299,100,inner
430,285,-7.853085,15.008455,100,inner
431,213,-5.500423,12.283115,100,inner
260,511,-21.628343,18.199422,100,inner
359,490,-17.161779,20.577406,100,inner
488,375,-8.524733,20.319660,100,inner
434,404,-11.525021,19.694540,100,inner
379,468,-15.688645,20.377720,100,inner
305,519,-20.162067,19.952287,100,inner
272,342,-15.736436,12.112721,100,inner
247,169,-11.132993,4.683500,100,inner
341,176,-7.757952,7.973120,100,inner
83,326,-22.460529,5.424741,100,inner
336,506,-18.556946,20.450870,100,inner
493,310,-6.243885,17.990984,100,inner
351,226,-8.982165,10.209479,100,inner
133,412,-23.309989,10.325600,100,inner
342,177,-7.751798,8.043562,100,inner
178,334,-19.079333,8.784803,100,inner
244,508,-22.144686,17.570224,100,inner
236,504,-22.322497,17.159879,100,inner
156,395,-21.882679,10.413838,100,inner
297,520,-20.500598,19.733433,100,inner
222,340,-17.587068,10.428927,100,inner
257,218,-12.325063,6.881561,100,inner
120,329,-21.139920,6.728962,100,inner
67,323,-22.976872,4.795543,100,inner
245,509,-22.138531,17.640666,100,inner
137,418,-23.349659,10.683966,100,inner
237,505,-22.316343,17.230321,100,inner
229,501,-22.494154,16.819976,100,inner
219,191,-12.912515,4.626034,100,inner
243,170,-11.318331,4.593223,100,inner
264,342,-16.042823,11.855569,100,inner
215,337,-17.758725,10.089024,100,inner
484,382,-8.902934,20.459173,100,inner
121,330,-21.133766,6.799405,100,inner
383,150,-5.313677,8.327407,100,inner
294,221,-11.004454,8.185782,100,inner
398,458,-14.639536,20.605471,100,inner
230,502,-22.487999,16.890418,100,inner
367,62,-3.097784,4.442845,100,inner
446,355,-9.490387,18.203646,100,inner
378,71,-2.965797,5.141114,100,inner
432,191,-4.754957,11.472694,100,inner
293,521,-20.685936,19.643156,100,inner
215,193,-13.129997,4.574055,100,inner
240,515,-22.522887,17.709737,100,inner
322,176,-8.485622,7.362385,100,inner
340,224,-9.339160,9.779299,100,inner
207,338,-18.097256,9.870171,100,inner
203,484,-22.943465,15.333161,100,inner
368,63,-3.091630,4.513288,100,inner
222,497,-22.633667,16.441775,100,inner
479,388,-9.287290,20.528243,100,inner
379,72,-2.959643,5.211557,100,inner
445,246,-6.024995,13.996977,100,inner
370,481,-16.451202,20.586304,100,inner
253,341,-16.431961,11.463687,100,inner
233,512,-22.694544,17.369834,100,inner
319,515,-19.497314,20.249108,100,inner
225,508,-22.872355,16.959489,100,inner
217,504,-23.050166,16.549144,100,inner
285,522,-21.024467,19.424303,100,inner
203,340,-18.314737,9.818192,100,inner
446,247,-6.018841,14.067420,100,inner
437,427,-12.149436,20.671835,100,inner
404,101,-2.934357,7.125809,100,inner
174,462,-23.346952,13.558421,100,inner
396,246,-7.901617,12.421924,100,inner
226,509,-22.866201,17.029931,100,inner
198,490,-23.327821,15.402231,100,inner
386,461,-15.195548,20.334639,100,inner
177,467,-23.392776,13.846345,100,inner
407,255,-7.769630,13.120193,100,inner
388,242,-8.079428,12.011579,100,inner
456,260,-6.053728,14.886738,100,inner
245,342,-16.770493,11.244834,100,inner
445,367,-9.914412,18.631083,100,inner
380,158,-5.685724,8.537362,100,inner
262,511,-21.551746,18.263710,100,inner
101,328,-21.835446,6.079929,100,inner
444,322,-8.506233,16.875511,100,inner
199,491,-23.321666,15.472673,100,inner
218,504,-23.011868,16.581288,100,inner
210,500,-23.189679,16.170942,100,inner
446,368,-9.908258,18.701525,100,inner
352,175,-7.304526,8.288405,100,inner
238,339,-16.942149,10.904931,100,inner
263,512,-21.545592,18.334152,100,inner
485,296,-6.100257,17.197655,100,inner
335,500,-18.402380,20.188935,100,inner
381,238,-8.218941,11.633378,100,inner
180,334,-19.002737,8.849091,100,inner
389,99,-3.444545,6.567053,100,inner
440,144,-2.937805,9.929821,100,inner
156,385,-21.561239,10.030854,100,inner
471,397,-9.882973,20.615777,100,inner
308,519,-20.047172,20.048718,100,inner
430,216,-5.635153,12.365866,100,inner
234,341,-17.159631,10.852953,100,inner
428,435,-12.751273,20.688927,100,inner
139,332,-20.508683,7.454592,100,inner
86,326,-22.345634,5.521173,100,inner
339,506,-18.442050,20.547302,100,inner
331,502,-18.619862,20.136956,100,inner
441,145,-2.931650,10.000264,100,inner
305,221,-10.583172,8.539365,100,inner
472,398,-9.876818,20.686220,100,inner
371,166,-6.287561,8.554454,100,inner
355,487,-17.218541,20.333935,100,inner
276,343,-15.615386,12.279595,100,inner
392,109,-3.651090,7.046468,100,inner
181,334,-18.964438,8.881235,100,inner
436,295,-7.944734,15.584303,100,inner
159,432,-22.957109,11.927311,100,inner
118,394,-23.305874,9.154070,100,inner
433,406,-11.627607,19.738993,100,inner
487,377,-8.627319,20.364112,100,inner
395,114,-3.696914,7.334392,100,inner
447,161,-3.216163,10.805902,100,inner
446,345,-9.168947,17.820662,100,inner
123,329,-21.025025,6.825394,100,inner
211,213,-13.926069,5.211447,100,inner
431,216,-5.596854,12.398010,100,inner
223,187,-12.630746,4.601417,100,inner
437,296,-7.938580,15.654745,100,inner
187,350,-19.248951,9.686873,100,inner
396,115,-3.690760,7.404835,100,inner
393,455,-14.734596,20.329856,100,inner
313,346,-14.294778,13.583816,100,inner
434,227,-5.835543,12.915724,100,inner
493,313,-6.340317,18.105879,100,inner
350,493,-17.602897,20.403006,100,inner
444,420,-11.656340,20.628754,100,inner
343,225,-9.256409,9.914029,100,inner
154,438,-23.341465,11.996381,100,inner
248,216,-12.605460,6.515669,100,inner
173,451,-23.031667,13.104995,100,inner
195,210,-14.442412,4.582249,100,inner
261,155,-10.146801,4.597338,100,inner
219,338,-17.637675,10.255898,100,inner
217,494,-22.728727,16.166160,100,inner
156,398,-21.979110,10.528733,100,inner
438,233,-5.875213,13.274091,100,inner
325,176,-8.370726,7.458816,100,inner
155,439,-23.335311,12.066823,100,inner
328,510,-18.991908,20.346912,100,inner
394,455,-14.696298,20.362000,100,inner
495,358,-7.710197,19.893595,100,inner
198,480,-23.006381,15.019247,100,inner
441,387,-10.710485,19.268475,100,inner
158,444,-23.381135,12.354747,100,inner
496,323,-6.546861,18.585295,100,inner
443,168,-3.594364,10.945415,100,inner
256,341,-16.317066,11.560119,100,inner
281,514,-20.920509,18.989340,100,inner
392,122,-4.068961,7.544347,100,inner
199,481,-23.000227,15.089690,100,inner
395,127,-4.114786,7.832271,100,inner
206,340,-18.199842,9.914624,100,inner
335,225,-9.562796,9.656877,100,inner
346,500,-17.981098,20.542519,100,inner
198,336,-18.377653,9.504279,100,inner
366,478,-16.507963,20.342833,100,inner
286,220,-11.278697,7.890332,100,inner
446,358,-9.586819,18.318541,100,inner
367,65,-3.194216,4.557740,100,inner
452,252,-5.949770,14.451775,100,inner
478,390,-9.389876,20.572696,100,inner
369,483,-16.553788,20.630757,100,inner
176,354,-19.798809,9.486483,100,inner
391,242,-7.964533,12.108011,100,inner
435,428,-12.258177,20.645845,100,inner
257,162,-10.525002,4.736851,100,inner
73,341,-23.325672,5.677778,100,inner
213,501,-23.106928,16.305673,100,inner
402,251,-7.832546,12.806280,100,inner
377,78,-3.229103,5.377059,100,inner
293,344,-14.996458,12.864340,100,inner
347,501,-17.974943,20.612961,100,inner
199,337,-18.371499,9.574721,100,inner
414,262,-7.726549,13.613289,100,inner
413,446,-13.679333,20.628050,100,inner
421,121,-2.926164,8.438223,100,inner
400,98,-2.991119,6.882338,100,inner
479,391,-9.383722,20.643138,100,inner
466,272,-6.056472,15.667758,100,inner
392,243,-7.958378,12.178453,100,inner
284,152,-9.169506,5.221753,100,inner
384,239,-8.136190,11.768108,100,inner
74,342,-23.319518,5.748220,100,inner
403,252,-7.826391,12.876722,100,inner
376,235,-8.314001,11.357763,100,inner
230,181,-12.169793,4.596634,100,inner
295,161,-9.037519,5.920022,100,inner
390,133,-4.499141,7.901342,100,inner
430,206,-5.313713,11.982882,100,inner
266,512,-21.430697,18.430584,100,inner
385,463,-15.298135,20.379092,100,inner
422,122,-2.920009,8.508666,100,inner
410,111,-3.026007,7.701656,100,inner
478,282,-5.918330,16.436470,100,inner
142,333,-20.425932,7.589323,100,inner
425,276,-7.755281,14.503050,100,inner
271,218,-11.788885,7.331576,100,inner
451,414,-11.195387,20.623971,100,inner
392,99,-3.329650,6.663484,100,inner
206,497,-23.246441,15.927471,100,inner
194,343,-18.755855,9.643792,100,inner
99,371,-23.294232,7.662472,100,inner
428,281,-7.801106,14.790974,100,inner
411,112,-3.019852,7.772098,100,inner
445,370,-10.010844,18.745978,100,inner
446,335,-8.847508,17.437678,100,inner
237,341,-17.044736,10.949384,100,inner
377,235,-8.275703,11.389907,100,inner
369,231,-8.453514,10.979562,100,inner
435,405,-11.518866,19.764982,100,inner
202,203,-13.949315,4.539168,100,inner
401,449,-14.235345,20.357218,100,inner
179,336,-19.105323,8.893544,100,inner
404,454,-14.281170,20.645141,100,inner
110,385,-23.322965,8.552233,100,inner
274,344,-15.724127,12.253605,100,inner
180,337,-19.099168,8.963986,100,inner
221,338,-17.561078,10.320186,100,inner
309,222,-10.462122,8.706239,100,inner
251,217,-12.522709,6.650399,100,inner
330,510,-18.915312,20.411200,100,inner
442,422,-11.797225,20.641063,100,inner
217,340,-17.778560,10.268207,100,inner
346,225,-9.141513,10.010461,100,inner
163,369,-20.778847,9.643087,100,inner
168,447,-23.094583,12.791082,100,inner
222,189,-12.733332,4.645869,100,inner
392,112,-3.747522,7.161364,100,inner
139,420,-23.337350,10.824851,100,inner
239,507,-22.304034,17.371206,100,inner
354,494,-17.481847,20.569880,100,inner
362,169,-6.728678,8.380054,100,inner
312,348,-14.397364,13.628269,100,inner
328,176,-8.255831,7.555248,100,inner
347,226,-9.135359,10.080903,100,inner
252,217,-12.484411,6.682543,100,inner
164,333,-19.583367,8.296489,100,inner
377,477,-16.054537,20.658118,100,inner
385,152,-5.301368,8.468292,100,inner
169,448,-23.088428,12.861524,100,inner
323,506,-19.054825,20.032998,100,inner
442,314,-8.325679,16.504836,100,inner
377,68,-2.907664,4.994075,100,inner
232,504,-22.475691,17.031303,100,inner
205,487,-22.963300,15.512344,100,inner
194,212,-14.544998,4.626702,100,inner
224,500,-22.653502,16.620958,100,inner
447,249,-6.044830,14.176160,100,inner
288,521,-20.877428,19.482436,100,inner
175,464,-23.372941,13.667162,100,inner
155,406,-22.274560,10.802977,100,inner
160,335,-19.800848,8.244510,100,inner
349,500,-17.866203,20.638951,100,inner
289,220,-11.163802,7.986764,100,inner
107,329,-21.637800,6.311091,100,inner
415,445,-13.570592,20.654039,100,inner
494,360,-7.812784,19.938047,100,inner
440,389,-10.813071,19.312928,100,inner
430,196,-4.992274,11.599898,100,inner
159,376,-21.157048,9.782600,100,inner
381,74,-2.947334,5.352441,100,inner
65,332,-23.342764,5.075940,100,inner
326,224,-9.875337,9.329283,100,inner
364,479,-16.616704,20.316844,100,inner
445,324,-8.532223,16.984252,100,inner
176,465,-23.366787,13.737605,100,inner
297,346,-14.907552,13.069513,100,inner
208,497,-23.169844,15.991759,100,inner
202,337,-18.256604,9.671153,100,inner
227,510,-22.860046,17.100373,100,inner
153,332,-19.972505,7.904608,100,inner
409,258,-7.789465,13.299376,100,inner
317,175,-8.644970,7.163367,100,inner
408,442,-13.742249,20.314136,100,inner
280,522,-21.215959,19.263583,100,inner
469,272,-5.941576,15.764190,100,inner
365,480,-16.610550,20.387286,100,inner
287,152,-9.054611,5.318185,100,inner
279,148,-9.232422,4.907840,100,inner
209,498,-23.163690,16.062202,100,inner
398,248,-7.889308,12.562809,100,inner
470,273,-5.935422,15.834633,100,inner
462,269,-6.113233,15.424287,100,inner
327,224,-9.837039,9.361427,100,inner
239,340,-16.935995,10.975374,100,inner
338,499,-18.255341,20.247069,100,inner
145,333,-20.311036,7.685754,100,inner
280,149,-9.226268,4.978282,100,inner
91,362,-23.311324,7.060635,100,inner
380,236,-8.192951,11.524637,100,inner
394,134,-4.378092,8.068216,100,inner
424,422,-12.486596,20.062472,100,inner
399,249,-7.883153,12.633251,100,inner
372,232,-8.370763,11.114292,100,inner
307,511,-19.828319,19.710187,100,inner
154,418,-22.698586,11.230413,100,inner
269,219,-11.897626,7.305587,100,inner
229,183,-12.272380,4.641087,100,inner
484,293,-6.042123,17.050616,100,inner
390,100,-3.438391,6.637495,100,inner
240,341,-16.929841,11.045816,100,inner
442,147,-2.957640,10.109005,100,inner
158,388,-21.581074,10.210037,100,inner
487,298,-6.087948,17.338539,100,inner
421,124,-3.022596,8.553119,100,inner
384,471,-15.593585,20.653335,100,inner
95,368,-23.350994,7.419001,100,inner
390,136,-4.595573,8.016237,100,inner
497,348,-7.312161,19.574899,100,inner
431,137,-3.057483,9.372437,100,inner
443,148,-2.951486,10.179447,100,inner
201,206,-14.084045,4.621919,100,inner
299,512,-20.166850,19.491334,100,inner
267,151,-9.788435,4.637008,100,inner
171,363,-20.279596,9.670449,100,inner
277,344,-15.609232,12.350037,100,inner
432,138,-3.051328,9.442880,100,inner
160,433,-22.950955,11.997753,100,inner
194,346,-18.852286,9.758687,100,inner
120,397,-23.325709,9.333253,100,inner
260,520,-21.917639,18.544107,100,inner
420,429,-12.864797,20.201985,100,inner
254,217,-12.407814,6.746831,100,inner
434,184,-4.453353,11.268894,100,inner
161,434,-22.944800,12.068195,100,inner
242,508,-22.221282,17.505936,100,inner
444,377,-10.274150,18.981923,100,inner
491,309,-6.288338,17.888398,100,inner
154,395,-21.959275,10.349550,100,inner
220,340,-17.663664,10.364639,100,inner
448,347,-9.156638,17.961547,100,inner
349,225,-9.026618,10.106892,100,inner
494,314,-6.334162,18.176321,100,inner
186,347,-19.190817,9.539834,100,inner
131,411,-23.354442,10.223014,100,inner
372,474,-16.149597,20.382503,100,inner
175,454,-23.051502,13.284178,100,inner
430,415,-12.031798,19.987247,100,inner
315,348,-14.282469,13.724701,100,inner
415,435,-13.249152,20.271055,100,inner
495,315,-6.328008,18.246764,100,inner
213,337,-17.835321,10.024736,100,inner
156,440,-23.329156,12.137266,100,inner
176,455,-23.045347,13.354621,100,inner
292,221,-11.081051,8.121494,100,inner
182,349,-19.408299,9.487855,100,inner
235,504,-22.360795,17.127735,100,inner
197,212,-14.430103,4.723134,100,inner
227,500,-22.538607,16.717389,100,inner
447,360,-9.612808,18.427282,100,inner
291,521,-20.762532,19.578868,100,inner
419,441,-13.288823,20.629421,100,inner
157,441,-23.323002,12.207708,100,inner
319,174,-8.536229,7.189356,100,inner
338,224,-9.415757,9.715011,100,inner
250,340,-16.514713,11.328957,100,inner
230,511,-22.777295,17.235104,100,inner
110,329,-21.522904,6.407523,100,inner
160,446,-23.368826,12.495632,100,inner
236,176,-11.779283,4.598005,100,inner
162,376,-21.042153,9.879032,100,inner
451,250,-5.923781,14.343035,100,inner
153,407,-22.383301,10.776987,100,inner
426,422,-12.409999,20.126760,100,inner
320,175,-8.530074,7.259798,100,inner
251,341,-16.508558,11.399400,100,inner
317,515,-19.573911,20.184820,100,inner
156,332,-19.857610,8.001039,100,inner
391,464,-15.100488,20.610254,100,inner
492,367,-8.114388,20.141848,100,inner
75,344,-23.345507,5.856961,100,inner
283,522,-21.101064,19.360015,100,inner
457,409,-10.804877,20.625343,100,inner
398,94,-2.939140,6.664856,100,inner
201,340,-18.391334,9.753904,100,inner
340,498,-18.146600,20.273058,100,inner
235,216,-13.103340,6.097797,100,inner
468,275,-6.076307,15.846941,100,inner
72,338,-23.267539,5.530738,100,inner
178,356,-19.786500,9.627368,100,inner
204,494,-23.226606,15.748288,100,inner
231,511,-22.738997,17.267248,100,inner
223,507,-22.916808,16.856902,100,inner
318,516,-19.567756,20.255263,100,inner
354,173,-7.163641,8.276096,100,inner
215,503,-23.094619,16.446557,100,inner
458,410,-10.798723,20.695785,100,inner
380,82,-3.242784,5.626684,100,inner
399,95,-2.932986,6.735298,100,inner
416,264,-7.714240,13.754174,100,inner
288,344,-15.187950,12.703621,100,inner
497,338,-6.990722,19.191915,100,inner
148,333,-20.196141,7.782186,100,inner
283,149,-9.111372,5.074714,100,inner
99,328,-21.912043,6.015641,100,inner
407,444,-13.844835,20.358589,100,inner
193,484,-23.326449,15.011721,100,inner
429,203,-5.255580,11.835843,100,inner
402,100,-2.978810,7.023222,100,inner
394,245,-7.946069,12.319338,100,inner
286,154,-9.157197,5.362638,100,inner
480,285,-5.938165,16.615653,100,inner
310,511,-19.713423,19.806619,100,inner
445,327,-8.628655,17.099147,100,inner
393,137,-4.512822,8.150967,100,inner
430,284,-7.820941,14.970157,100,inner
272,521,-21.490202,18.968133,100,inner
488,374,-8.492589,20.281361,100,inner
280,345,-15.526481,12.484768,100,inner
379,467,-15.656501,20.339422,100,inner
205,202,-13.802276,4.597301,100,inner
101,373,-23.281923,7.803357,100,inner
261,511,-21.590045,18.231566,100,inner
302,512,-20.051955,19.587766,100,inner
489,375,-8.486435,20.351804,100,inner
112,388,-23.342800,8.731416,100,inner
426,435,-12.827870,20.624639,100,inner
342,176,-7.719654,8.005264,100,inner
84,326,-22.422231,5.456885,100,inner
390,103,-3.534823,6.752390,100,inner
360,489,-17.091337,20.571252,100,inner
245,508,-22.106387,17.602368,100,inner
170,365,-20.382183,9.714902,100,inner
137,417,-23.317515,10.645668,100,inner
264,521,-21.796589,18.710982,100,inner
223,340,-17.548769,10.461071,100,inner
443,380,-10.408881,19.064674,100,inner
209,213,-14.002666,5.147160,100,inner
121,329,-21.101622,6.761106,100,inner
484,381,-8.870790,20.420874,100,inner
369,165,-6.332014,8.451868,100,inner
167,445,-23.068593,12.682341,100,inner
267,154,-9.884866,4.751903,100,inner
138,418,-23.311360,10.716110,100,inner
238,505,-22.278044,17.262465,100,inner
244,170,-11.280033,4.625367,100,inner
216,337,-17.720426,10.121168,100,inner
153,397,-22.061862,10.394003,100,inner
165,371,-20.766538,9.783972,100,inner
246,216,-12.682057,6.451381,100,inner
158,332,-19.781013,8.065327,100,inner
399,458,-14.601237,20.637615,100,inner
465,403,-10.305627,20.652704,100,inner
348,492,-17.647350,20.300420,100,inner
371,67,-3.105310,4.762913,100,inner
294,521,-20.647637,19.675300,100,inner
216,193,-13.091698,4.606199,100,inner
435,231,-5.925820,13.101062,100,inner
341,224,-9.300861,9.811442,100,inner
441,311,-8.267545,16.357797,100,inner
159,333,-19.774859,8.135770,100,inner
64,324,-23.123911,4.737409,100,inner
239,176,-11.664388,4.694437,100,inner
215,493,-22.773180,16.063573,100,inner
380,72,-2.921345,5.243700,100,inner
372,68,-3.099156,4.833355,100,inner
497,328,-6.669282,18.808931,100,inner
437,426,-12.117292,20.633537,100,inner
383,77,-2.967169,5.531624,100,inner
174,461,-23.314808,13.520123,100,inner
323,175,-8.415179,7.356230,100,inner
193,474,-23.005010,14.628737,100,inner
254,341,-16.393663,11.495831,100,inner
279,514,-20.997106,18.925052,100,inner
320,515,-19.459015,20.281252,100,inner
449,251,-6.032521,14.317045,100,inner
177,466,-23.360632,13.808047,100,inner
441,167,-3.638817,10.842828,100,inner
284,220,-11.355294,7.826044,100,inner
196,336,-18.454250,9.439991,100,inner
101,327,-21.803302,6.041630,100,inner
161,378,-21.144740,9.923485,100,inner
444,321,-8.474089,16.837213,100,inner
450,252,-6.026367,14.387487,100,inner
367,483,-16.630385,20.566469,100,inner
447,363,-9.709240,18.542177,100,inner
387,461,-15.157250,20.366783,100,inner
199,490,-23.289522,15.434375,100,inner
389,242,-8.041129,12.043723,100,inner
210,499,-23.157536,16.132644,100,inner
291,344,-15.073054,12.800052,100,inner
82,350,-23.270282,6.311759,100,inner
446,367,-9.876114,18.663227,100,inner
390,466,-15.203075,20.654707,100,inner
102,328,-21.797148,6.112073,100,inner
386,87,-3.173713,6.011040,100,inner
289,154,-9.042302,5.459070,100,inner
200,491,-23.283368,15.504817,100,inner
281,150,-9.220113,5.048725,100,inner
434,429,-12.328619,20.652000,100,inner
381,237,-8.186797,11.595079,100,inner
211,500,-23.151381,16.203086,100,inner
353,175,-7.266227,8.320549,100,inner
197,336,-18.415952,9.472135,100,inner
438,399,-11.211107,19.631624,100,inner
383,463,-15.374731,20.314804,100,inner
412,261,-7.771001,13.510703,100,inner
251,164,-10.819080,4.620584,100,inner
93,364,-23.299015,7.201519,100,inner
139,331,-20.476539,7.416294,100,inner
382,238,-8.180642,11.665522,100,inner
437,174,-4.017018,10.982341,100,inner
374,234,-8.358454,11.255177,100,inner
339,505,-18.409906,20.509003,100,inner
192,343,-18.832451,9.579504,100,inner
393,104,-3.452072,6.887120,100,inner
433,140,-3.077318,9.551620,100,inner
140,332,-20.470384,7.486736,100,inner
159,431,-22.924965,11.889012,100,inner
447,340,-8.969929,17.661314,100,inner
332,502,-18.581563,20.169100,100,inner
378,469,-15.759087,20.383875,100,inner
97,370,-23.338685,7.559886,100,inner
367,231,-8.530111,10.915274,100,inner
487,376,-8.595175,20.325814,100,inner
246,170,-11.203436,4.689655,100,inner
434,141,-3.071163,9.622063,100,inner
445,150,-2.939177,10.320332,100,inner
431,215,-5.564710,12.359712,100,inner
490,301,-6.069484,17.549866,100,inner
359,492,-17.226067,20.654003,100,inner
193,343,-18.794153,9.611648,100,inner
434,406,-11.589309,19.771137,100,inner
488,377,-8.589021,20.396256,100,inner
272,344,-15.800724,12.189318,100,inner
163,437,-22.964635,12.247378,100,inner
212,213,-13.887771,5.243591,100,inner
124,329,-20.986727,6.857538,100,inner
336,508,-18.621233,20.527466,100,inner
493,312,-6.308173,18.067581,100,inner
356,486,-17.148099,20.327781,100,inner
343,224,-9.224265,9.875730,100,inner
448,160,-3.145721,10.799747,100,inner
156,397,-21.946966,10.490435,100,inner
397,460,-14.742122,20.649924,100,inner
442,382,-10.511467,19.109127,100,inner
483,383,-8.973377,20.465327,100,inner
394,454,-14.664154,20.323702,100,inner
495,357,-7.678053,19.855296,100,inner
441,386,-10.678341,19.230177,100,inner
158,443,-23.348991,12.316449,100,inner
177,456,-23.039193,13.425063,100,inner
184,352,-19.428134,9.667038,100,inner
281,513,-20.888365,18.951042,100,inner
484,384,-8.967222,20.535769,100,inner
162,333,-19.659964,8.232201,100,inner
375,477,-16.131134,20.593830,100,inner
113,328,-21.375865,6.465656,100,inner
392,121,-4.036817,7.506049,100,inner
199,480,-22.968083,15.051391,100,inner
159,444,-23.342837,12.386891,100,inner
178,457,-23.033038,13.495505,100,inner
395,126,-4.082642,7.793973,100,inner
210,489,-22.836096,15.749660,100,inner
63,327,-23.258641,4.820161,100,inner
446,357,-9.554675,18.280243,100,inner
310,347,-14.441817,13.525683,100,inner
257,341,-16.278768,11.592263,100,inner
282,514,-20.882210,19.021484,100,inner
432,193,-4.819245,11.549291,100,inner
444,167,-3.523922,10.939260,100,inner
200,481,-22.961928,15.121833,100,inner
211,490,-22.829942,15.820102,100,inner
199,336,-18.339355,9.536422,100,inner
184,473,-23.317551,14.301143,100,inner
287,220,-11.240399,7.922476,100,inner
400,97,-2.958975,6.844039,100,inner
479,390,-9.351578,20.604840,100,inner
370,483,-16.515489,20.662901,100,inner
229,215,-13.300986,5.866635,100,inner
436,428,-12.219879,20.677989,100,inner
74,341,-23.287374,5.709921,100,inner
403,251,-7.794247,12.838424,100,inner
294,344,-14.958159,12.896484,100,inner
314,173,-8.695577,6.990338,100,inner
385,462,-15.265991,20.340794,100,inner
381,83,-3.236630,5.697127,100,inner
440,169,-3.741404,10.887281,100,inner
343,502,-18.160281,20.522684,100,inner
379,159,-5.756166,8.543517,100,inner
324,223,-9.919790,9.226697,100,inner
363,480,-16.687146,20.322998,100,inner
404,103,-2.998645,7.202405,100,inner
142,332,-20.393788,7.551024,100,inner
160,380,-21.247326,9.967938,100,inner
195,487,-23.346284,15.190904,100,inner
206,496,-23.214297,15.889173,100,inner
315,174,-8.689422,7.060780,100,inner
307,170,-8.867234,6.650435,100,inner
78,347,-23.327044,6.068288,100,inner
382,84,-3.230475,5.767569,100,inner
254,164,-10.704185,4.717016,100,inner
445,369,-9.978700,18.707680,100,inner
196,339,-18.550682,9.554886,100,inner
262,513,-21.616034,18.340307,100,inner
285,151,-9.099063,5.215599,100,inner
231,180,-12.099351,4.590479,100,inner
471,278,-6.057843,16.058268,100,inner
385,89,-3.276300,6.055493,100,inner
426,127,-2.927535,8.828734,100,inner
207,497,-23.208143,15.959615,100,inner
305,511,-19.904915,19.645899,100,inner
401,448,-14.203201,20.318919,100,inner
267,219,-11.974223,7.241299,100,inner
415,117,-3.027378,8.092166,100,inner
446,370,-9.972546,18.778122,100,inner
358,486,-17.071502,20.392069,100,inner
238,341,-17.006437,10.981528,100,inner
404,453,-14.249026,20.606843,100,inner
255,510,-21.787691,18.000404,100,inner
436,176,-4.119605,11.026794,100,inner
437,141,-2.956268,9.718494,100,inner
482,292,-6.086576,16.948029,100,inner
297,512,-20.243447,19.427046,100,inner
471,399,-9.947260,20.692374,100,inner
114,390,-23.330491,8.872301,100,inner
275,344,-15.685829,12.285749,100,inner
435,296,-8.015176,15.590458,100,inner
258,520,-21.994235,18.479820,100,inner
199,205,-14.128498,4.519333,100,inner
210,214,-13.996511,5.217602,100,inner
222,188,-12.701188,4.607571,100,inner
392,111,-3.715378,7.123065,100,inner
181,336,-19.028726,8.957832,100,inner
436,297,-8.009022,15.660900,100,inner
139,419,-23.305206,10.786553,100,inner
487,379,-8.691607,20.440709,100,inner
395,116,-3.761202,7.410989,100,inner
200,206,-14.122344,4.589775,100,inner
347,225,-9.103215,10.042605,100,inner
446,347,-9.233235,17.897259,100,inner
123,331,-21.089313,6.901991,100,inner
432,412,-11.858769,19.936639,100,inner
266,151,-9.826733,4.604864,100,inner
431,218,-5.661142,12.474607,100,inner
293,513,-20.428784,19.336769,100,inner
240,507,-22.265735,17.403349,100,inner
442,313,-8.293535,16.466538,100,inner
396,117,-3.755048,7.481431,100,inner
313,348,-14.359065,13.660413,100,inner
333,177,-8.096483,7.754266,100,inner
434,229,-5.899831,12.992321,100,inner
164,368,-20.708405,9.636933,100,inner
444,422,-11.720628,20.705351,100,inner
238,174,-11.638399,4.585697,100,inner
155,405,-22.242416,10.764678,100,inner
443,314,-8.287380,16.536980,100,inner
327,511,-19.062351,20.353066,100,inner
233,504,-22.437392,17.063447,100,inner
319,507,-19.240162,19.942721,100,inner
195,212,-14.506699,4.658846,100,inner
225,500,-22.615204,16.653102,100,inner
440,388,-10.780927,19.274629,100,inner
494,359,-7.780640,19.899749,100,inner
285,514,-20.767315,19.117916,100,inner
381,73,-2.915190,5.314143,100,inner
359,171,-6.907861,8.360219,100,inner
176,464,-23.334643,13.699306,100,inner
195,477,-23.024845,14.807920,100,inner
235,513,-22.650091,17.472420,100,inner
161,335,-19.762550,8.276654,100,inner
429,415,-12.070096,19.955103,100,inner
290,220,-11.125504,8.018908,100,inner
206,486,-22.892858,15.506189,100,inner
320,508,-19.234008,20.013163,100,inner
59,324,-23.315403,4.576690,100,inner
441,389,-10.774773,19.345072,100,inner
179,469,-23.380467,13.987230,100,inner
496,325,-6.611149,18.661892,100,inner
382,74,-2.909036,5.384585,100,inner
392,88,-2.976067,6.242202,100,inner
374,70,-3.086847,4.974240,100,inner
365,479,-16.578406,20.348987,100,inner
232,215,-13.186091,5.963067,100,inner
385,79,-2.954860,5.672509,100,inner
318,175,-8.606671,7.195510,100,inner
392,124,-4.133249,7.620944,100,inner
175,355,-19.869251,9.492637,100,inner
228,510,-22.821748,17.132517,100,inner
154,332,-19.934207,7.936751,100,inner
180,470,-23.374313,14.057672,100,inner
220,506,-22.999559,16.722172,100,inner
383,155,-5.474397,8.518899,100,inner
431,195,-4.921832,11.593744,100,inner
395,129,-4.179073,7.908868,100,inner
206,342,-18.264130,9.991220,100,inner
346,502,-18.045386,20.619116,100,inner
327,223,-9.804895,9.323129,100,inner
388,90,-3.193548,6.190223,100,inner
412,447,-13.749775,20.634204,100,inner
280,148,-9.194124,4.939984,100,inner
478,392,-9.454164,20.649293,100,inner
399,248,-7.851009,12.594953,100,inner
291,157,-9.062137,5.638253,100,inner
221,507,-22.993405,16.792615,100,inner
229,182,-12.240236,4.602788,100,inner
154,417,-22.666442,11.192115,100,inner
418,118,-2.944627,8.226896,100,inner
293,346,-15.060745,12.940937,100,inner
463,269,-6.074935,15.456431,100,inner
328,224,-9.798740,9.393571,100,inner
240,340,-16.897697,11.007518,100,inner
265,513,-21.501139,18.436738,100,inner
191,335,-18.613598,9.240973,100,inner
474,278,-5.942948,16.154700,100,inner
405,444,-13.921432,20.294301,100,inner
292,158,-9.055982,5.708695,100,inner
202,493,-23.271059,15.645702,100,inner
95,367,-23.318850,7.380703,100,inner
308,511,-19.790020,19.742331,100,inner
437,396,-11.152974,19.484585,100,inner
270,219,-11.859328,7.337730,100,inner
295,163,-9.101807,5.996619,100,inner
390,135,-4.563429,7.977939,100,inner
430,208,-5.378001,12.059479,100,inner
207,199,-13.629247,4.546694,100,inner
488,298,-6.049649,17.370683,100,inner
96,368,-23.312696,7.451145,100,inner
451,416,-11.259675,20.700568,100,inner
134,331,-20.668031,7.255574,100,inner
392,101,-3.393938,6.740081,100,inner
120,396,-23.293565,9.294955,100,inner
259,511,-21.666642,18.167278,100,inner
400,450,-14.305788,20.363372,100,inner
489,299,-6.043495,17.441126,100,inner
420,428,-12.832653,20.163686,100,inner
435,142,-3.065009,9.692505,100,inner
445,372,-10.075132,18.822575,100,inner
446,337,-8.911796,17.514275,100,inner
278,344,-15.570933,12.382181,100,inner
229,339,-17.286835,10.615636,100,inner
295,513,-20.352187,19.401057,100,inner
161,433,-22.912656,12.029897,100,inner
261,520,-21.879340,18.576251,100,inner
202,205,-14.013603,4.615765,100,inner
435,178,-4.222191,11.071247,100,inner
436,143,-3.058855,9.762947,100,inner
447,418,-11.477157,20.648589,100,inner
268,150,-9.717992,4.630853,100,inner
381,472,-15.740624,20.595202,100,inner
221,340,-17.625366,10.396783,100,inner
167,369,-20.625654,9.771663,100,inner
126,331,-20.974418,6.998423,100,inner
387,143,-4.935476,8.187894,100,inner
345,226,-9.211956,10.016615,100,inner
176,454,-23.013203,13.316322,100,inner
135,416,-23.361968,10.543082,100,inner
316,348,-14.244170,13.756845,100,inner
336,177,-7.981588,7.850698,100,inner
267,343,-15.960072,11.990299,100,inner
179,459,-23.059028,13.604246,100,inner
172,334,-19.309124,8.591939,100,inner
353,495,-17.552289,20.576034,100,inner
373,473,-16.079155,20.376349,100,inner
136,417,-23.355813,10.613524,100,inner
183,349,-19.370001,9.519999,100,inner
373,64,-2.932282,4.712306,100,inner
61,323,-23.206662,4.602679,100,inner
201,483,-22.987918,15.230574,100,inner
160,445,-23.336682,12.457334,100,inner
180,460,-23.052873,13.674688,100,inner
220,496,-22.678120,16.339188,100,inner
264,157,-10.096193,4.770366,100,inner
354,496,-17.546135,20.646477,100,inner
362,171,-6.792966,8.456650,100,inner
420,441,-13.250524,20.661565,100,inner
292,521,-20.724234,19.611012,100,inner
369,475,-16.296636,20.324370,100,inner
62,324,-23.200508,4.673121,100,inner
161,446,-23.330528,12.527776,100,inner
221,497,-22.671965,16.409631,100,inner
442,316,-8.389966,16.581433,100,inner
213,493,-22.849777,15.999285,100,inner
260,159,-10.313675,4.718387,100,inner
455,255,-5.931307,14.663102,100,inner
321,175,-8.491776,7.291942,100,inner
318,515,-19.535612,20.216964,100,inner
157,332,-19.819312,8.033183,100,inner
392,464,-15.062190,20.642398,100,inner
202,483,-22.949620,15.262718,100,inner
405,254,-7.814083,13.017607,100,inner
380,81,-3.210640,5.588386,100,inner
155,408,-22.338848,10.879573,100,inner
444,245,-6.031150,13.926535,100,inner
341,498,-18.108302,20.305202,100,inner
383,86,-3.256465,5.876310,100,inner
99,327,-21.879899,5.977343,100,inner
407,443,-13.812691,20.320291,100,inner
159,378,-21.221336,9.859197,100,inner
402,99,-2.946666,6.984924,100,inner
277,513,-21.041558,18.822466,100,inner
394,244,-7.913925,12.281039,100,inner
364,481,-16.680992,20.393440,100,inner
310,510,-19.681280,19.768321,100,inner
76,343,-23.275065,5.850806,100,inner
445,326,-8.596511,17.060849,100,inner
216,503,-23.056321,16.478701,100,inner
413,114,-3.007543,7.912983,100,inner
388,466,-15.279671,20.590419,100,inner
194,335,-18.498703,9.337404,100,inner
350,174,-7.348979,8.185818,100,inner
100,328,-21.873744,6.047785,100,inner
384,87,-3.250310,5.946752,100,inner
403,100,-2.940512,7.055366,100,inner
197,489,-23.333975,15.331789,100,inner
77,344,-23.268911,5.921248,100,inner
446,327,-8.590356,17.131291,100,inner
406,254,-7.775784,13.049751,100,inner
387,241,-8.085582,11.941137,100,inner
273,219,-11.744432,7.434162,100,inner
371,233,-8.441205,11.120446,100,inner
224,214,-13.460334,5.667617,100,inner
314,516,-19.720950,20.126687,100,inner
205,201,-13.770132,4.559003,100,inner
498,337,-6.920279,19.185760,100,inner
417,120,-3.047213,8.271349,100,inner
198,341,-18.538373,9.695771,100,inner
380,467,-15.618202,20.371566,100,inner
319,222,-10.079138,9.027679,100,inner
473,280,-6.045534,16.199153,100,inner
197,345,-18.705247,9.816820,100,inner
337,505,-18.486503,20.444715,100,inner
383,472,-15.664027,20.659490,100,inner
154,420,-22.762874,11.307010,100,inner
449,417,-11.368416,20.674578,100,inner
390,102,-3.502679,6.714092,100,inner
206,201,-13.731834,4.591147,100,inner
232,339,-17.171940,10.712068,100,inner
138,332,-20.546981,7.422448,100,inner
170,364,-20.350039,9.676603,100,inner
116,393,-23.350326,9.051484,100,inner
364,229,-8.580718,10.742245,100,inner
376,469,-15.835684,20.319587,100,inner
262,218,-12.133571,7.042281,100,inner
443,379,-10.376737,19.026376,100,inner
250,509,-21.947039,17.801386,100,inner
419,430,-12.935239,20.208139,100,inner
117,394,-23.344172,9.121926,100,inner
438,300,-8.028857,15.840083,100,inner
269,342,-15.851331,12.016289,100,inner
160,435,-23.015243,12.074350,100,inner
80,326,-22.575424,5.328309,100,inner
171,450,-23.076120,13.002409,100,inner
303,520,-20.270808,19.926297,100,inner
399,457,-14.569094,20.599317,100,inner
339,177,-7.866693,7.947130,100,inner
434,186,-4.517641,11.345490,100,inner
142,423,-23.318887,11.036178,100,inner
161,436,-23.009088,12.144792,100,inner
444,379,-10.338438,19.058520,100,inner
253,519,-22.153583,18.280801,100,inner
268,153,-9.814424,4.745749,100,inner
448,349,-9.220926,18.038144,100,inner
494,316,-6.398450,18.252918,100,inner
441,310,-8.235401,16.319499,100,inner
247,216,-12.643759,6.483525,100,inner
386,145,-5.038062,8.232347,100,inner
380,71,-2.889201,5.205402,100,inner
349,492,-17.609051,20.332563,100,inner
415,437,-13.313440,20.347652,100,inner
307,346,-14.524568,13.390952,100,inner
383,76,-2.935025,5.493326,100,inner
342,224,-9.262563,9.843586,100,inner
279,513,-20.964962,18.886754,100,inner
118,330,-21.248661,6.702973,100,inner
65,324,-23.085612,4.769553,100,inner
208,489,-22.912693,15.685372,100,inner
462,405,-10.484810,20.632869,100,inner
384,77,-2.928871,5.563768,100,inner
280,514,-20.958807,18.957196,100,inner
376,73,-3.106682,5.153423,100,inner
345,494,-17.826533,20.280584,100,inner
447,362,-9.677096,18.503879,100,inner
213,195,-13.270881,4.586364,100,inner
178,466,-23.322334,13.840191,100,inner
440,237,-5.927192,13.491572,100,inner
197,479,-23.012536,14.948805,100,inner
319,176,-8.600517,7.265953,100,inner
250,342,-16.579001,11.405554,100,inner
394,90,-2.963758,6.383087,100,inner
102,327,-21.765004,6.073774,100,inner
236,178,-11.843571,4.674602,100,inner
153,409,-22.447589,10.853584,100,inner
368,483,-16.592086,20.598613,100,inner
454,257,-6.033893,14.707555,100,inner
401,251,-7.870844,12.774136,100,inner
177,357,-19.856942,9.633522,100,inner
292,344,-15.034756,12.832196,100,inner
312,173,-8.772174,6.926050,100,inner
412,260,-7.738857,13.472405,100,inner
438,398,-11.178963,19.593326,100,inner
103,328,-21.758849,6.144217,100,inner
457,411,-10.869165,20.701940,100,inner
322,223,-9.996387,9.162409,100,inner
282,150,-9.181815,5.080869,100,inner
382,237,-8.148499,11.627223,100,inner
158,380,-21.323923,9.903650,100,inner
72,340,-23.331827,5.607335,100,inner
212,500,-23.113083,16.235230,100,inner
293,159,-9.049828,5.779138,100,inner
354,175,-7.227929,8.352692,100,inner
413,261,-7.732703,13.542847,100,inner
305,170,-8.943831,6.586147,100,inner
156,419,-22.654133,11.333000,100,inner
420,120,-2.932318,8.367781,100,inner
465,271,-6.062626,15.597316,100,inner
497,340,-7.055010,19.268511,100,inner
283,151,-9.175660,5.151311,100,inner
228,215,-13.339284,5.834491,100,inner
140,331,-20.438240,7.448438,100,inner
429,205,-5.319868,11.912440,100,inner
375,234,-8.320155,11.287321,100,inner
294,160,-9.043673,5.849580,100,inner
447,339,-8.937785,17.623016,100,inner
367,230,-8.497967,10.876975,100,inner
97,369,-23.306541,7.521587,100,inner
157,420,-22.647979,11.403442,100,inner
252,163,-10.748638,4.614429,100,inner
235,339,-17.057045,10.808500,100,inner
260,512,-21.660487,18.237720,100,inner
488,376,-8.556877,20.357958,100,inner
368,231,-8.491812,10.947418,100,inner
98,370,-23.300387,7.592030,100,inner
434,405,-11.557165,19.732838,100,inner
185,338,-18.939820,9.163004,100,inner
427,280,-7.807260,14.720532,100,inner
265,218,-12.018676,7.138712,100,inner
101,375,-23.346211,7.879953,100,inner
438,146,-3.078690,9.942130,100,inner
270,153,-9.737827,4.810037,100,inner
449,155,-2.946703,10.640399,100,inner
373,165,-6.178820,8.580443,100,inner
329,504,-18.760746,20.149265,100,inner
442,381,-10.479323,19.070829,100,inner
360,491,-17.155625,20.647848,100,inner
389,146,-4.955311,8.367077,100,inner
273,343,-15.730281,12.183163,100,inner
237,506,-22.348486,17.268619,100,inner
256,519,-22.038688,18.377233,100,inner
464,405,-10.408213,20.697157,100,inner
303,222,-10.691912,8.513376,100,inner
443,382,-10.473168,19.141271,100,inner
484,383,-8.935078,20.497471,100,inner
447,352,-9.355657,18.120895,100,inner
159,443,-23.310693,12.348593,100,inner
433,188,-4.620227,11.389943,100,inner
398,459,-14.671680,20.643770,100,inner
230,503,-22.520143,16.928716,100,inner
310,346,-14.409673,13.487384,100,inner
153,399,-22.126150,10.470600,100,inner
340,225,-9.371304,9.817597,100,inner
185,351,-19.357692,9.660883,100,inner
203,485,-22.975609,15.371459,100,inner
163,449,-23.350363,12.706959,100,inner
182,462,-23.040565,13.815573,100,inner
311,347,-14.403518,13.557827,100,inner
259,157,-10.287685,4.609647,100,inner
283,514,-20.843912,19.053628,100,inner
368,64,-3.123774,4.551586,100,inner
348,494,-17.711637,20.377016,100,inner
253,342,-16.464105,11.501986,100,inner
233,513,-22.726688,17.408132,100,inner
200,336,-18.301057,9.568566,100,inner
204,486,-22.969455,15.441901,100,inner
401,97,-2.920677,6.876183,100,inner
497,330,-6.733570,18.885527,100,inner
230,215,-13.262688,5.898779,100,inner
457,257,-5.918998,14.803987,100,inner
174,463,-23.379096,13.596720,100,inner
315,173,-8.657278,7.022482,100,inner
386,462,-15.227692,20.372938,100,inner
78,346,-23.294900,6.029989,100,inner
407,256,-7.801774,13.158491,100,inner
204,342,-18.340727,9.926933,100,inner
380,159,-5.717868,8.575661,100,inner
325,223,-9.881492,9.258841,100,inner
444,323,-8.538377,16.913810,100,inner
476,392,-9.530761,20.585005,100,inner
316,174,-8.651124,7.092924,100,inner
367,485,-16.694673,20.643066,100,inner
308,170,-8.828935,6.682579,100,inner
79,347,-23.288746,6.100432,100,inner
218,505,-23.044012,16.619586,100,inner
408,257,-7.795619,13.228934,100,inner
433,430,-12.399062,20.658154,100,inner
291,346,-15.137342,12.876649,100,inner
82,352,-23.334570,6.388355,100,inner
446,369,-9.940402,18.739824,100,inner
263,513,-21.577736,18.372451,100,inner
231,215,-13.224389,5.930923,100,inner
143,331,-20.323345,7.544870,100,inner
250,165,-10.889522,4.626738,100,inner
274,522,-21.445749,19.070719,100,inner
430,132,-2.935062,9.148801,100,inner
475,283,-6.065369,16.378336,100,inner
436,175,-4.087461,10.988496,100,inner
405,453,-14.210727,20.638987,100,inner
156,386,-21.593383,10.069153,100,inner
251,166,-10.883368,4.697181,100,inner
419,122,-3.034904,8.412234,100,inner
437,176,-4.081306,11.058938,100,inner
268,218,-11.903780,7.235144,100,inner
331,503,-18.652006,20.175255,100,inner
264,513,-21.539437,18.404594,100,inner
486,297,-6.094102,17.268097,100,inner
169,361,-20.291905,9.529564,100,inner
276,344,-15.647530,12.317893,100,inner
132,330,-20.712484,7.152988,100,inner
118,395,-23.338018,9.192368,100,inner
447,342,-9.034217,17.737911,100,inner
433,407,-11.659751,19.777291,100,inner
259,520,-21.955937,18.511964,100,inner
359,229,-8.772210,10.581525,100,inner
406,453,-14.172429,20.671131,100,inner
200,205,-14.090200,4.551477,100,inner
487,378,-8.659463,20.402411,100,inner
211,214,-13.958213,5.249746,100,inner
431,217,-5.628998,12.436309,100,inner
490,303,-6.133772,17.626463,100,inner
223,188,-12.662890,4.639715,100,inner
437,297,-7.970724,15.693044,100,inner
240,506,-22.233591,17.365051,100,inner
119,396,-23.331863,9.262811,100,inner
434,408,-11.653596,19.847734,100,inner
333,176,-8.064339,7.715968,100,inner
306,222,-10.577017,8.609808,100,inner
163,439,-23.028923,12.323975,100,inner
218,338,-17.675973,10.223754,100,inner
124,331,-21.051015,6.934135,100,inner
432,218,-5.622844,12.506751,100,inner
294,513,-20.390486,19.368913,100,inner
443,313,-8.255236,16.498682,100,inner
173,452,-23.063811,13.143294,100,inner
248,217,-12.637604,6.553967,100,inner
233,503,-22.405248,17.025148,100,inner
388,148,-5.057897,8.411530,100,inner
225,499,-22.583060,16.614803,100,inner
144,425,-23.306578,11.177063,100,inner
334,177,-8.058185,7.786410,100,inner
217,495,-22.760871,16.204458,100,inner
448,162,-3.210009,10.876344,100,inner
438,234,-5.907357,13.312389,100,inner
155,440,-23.367454,12.105122,100,inner
483,385,-9.037664,20.541924,100,inner
174,453,-23.057656,13.213736,100,inner
161,334,-19.730406,8.238356,100,inner
429,414,-12.037952,19.916804,100,inner
320,507,-19.201864,19.974865,100,inner
374,478,-16.201576,20.599985,100,inner
59,323,-23.283259,4.538391,100,inner
441,388,-10.742629,19.306773,100,inner
495,359,-7.742341,19.931893,100,inner
496,324,-6.579005,18.623593,100,inner
439,235,-5.901202,13.382831,100,inner
385,78,-2.922716,5.634211,100,inner
256,342,-16.349210,11.598418,100,inner
318,174,-8.574527,7.157212,100,inner
392,123,-4.101105,7.582646,100,inner
431,194,-4.889688,11.555446,100,inner
442,240,-5.947027,13.670755,100,inner
180,469,-23.342169,14.019374,100,inner
441,424,-11.899811,20.685516,100,inner
218,495,-22.722573,16.236602,100,inner
395,128,-4.146930,7.870570,100,inner
210,491,-22.900384,15.826257,100,inner
324,513,-19.241534,20.333231,100,inner
63,329,-23.322929,4.896757,100,inner
360,170,-6.837419,8.354064,100,inner
390,458,-14.945923,20.348320,100,inner
446,359,-9.618963,18.356840,100,inner
367,66,-3.226360,4.596039,100,inner
386,79,-2.916562,5.704653,100,inner
257,343,-16.343056,11.668860,100,inner
378,75,-3.094373,5.294308,100,inner
155,332,-19.895909,7.968895,100,inner
221,506,-22.961261,16.754316,100,inner
60,323,-23.244960,4.570535,100,inner
213,502,-23.139072,16.343971,100,inner
207,342,-18.225831,10.023364,100,inner
184,475,-23.381839,14.377740,100,inner
414,263,-7.758692,13.651588,100,inner
328,223,-9.766597,9.355273,100,inner
413,447,-13.711477,20.666348,100,inner
425,421,-12.416153,20.056317,100,inner
202,492,-23.238915,15.607404,100,inner
362,481,-16.757589,20.329152,100,inner
392,244,-7.990522,12.216751,100,inner
230,182,-12.201937,4.634932,100,inner
74,343,-23.351662,5.786518,100,inner
294,346,-15.022447,12.973081,100,inner
266,513,-21.462841,18.468882,100,inner
192,335,-18.575300,9.273116,100,inner
253,165,-10.774627,4.723170,100,inner
440,171,-3.805691,10.963878,100,inner
277,522,-21.330854,19.167151,100,inner
467,274,-6.082461,15.776499,100,inner
422,123,-2.952153,8.546964,100,inner
343,504,-18.224569,20.599281,100,inner
478,283,-5.950474,16.474768,100,inner
363,482,-16.751434,20.399595,100,inner
96,367,-23.280552,7.412846,100,inner
309,511,-19.751722,19.774475,100,inner
160,382,-21.311614,10.044535,100,inner
214,502,-23.100774,16.376115,100,inner
134,330,-20.635887,7.217276,100,inner
425,277,-7.787425,14.541349,100,inner
271,219,-11.821029,7.369874,100,inner
409,449,-13.928958,20.614369,100,inner
99,372,-23.326376,7.700770,100,inner
428,282,-7.833250,14.829272,100,inner
415,263,-7.720394,13.683732,100,inner
411,113,-3.051996,7.810397,100,inner
447,152,-2.926868,10.461216,100,inner
446,336,-8.879652,17.475977,100,inner
285,153,-9.163351,5.292196,100,inner
479,284,-5.944320,16.545210,100,inner
317,222,-10.155735,8.963391,100,inner
231,182,-12.163639,4.667076,100,inner
195,345,-18.781844,9.752532,100,inner
100,373,-23.320222,7.771213,100,inner
429,283,-7.827095,14.899715,100,inner
369,232,-8.485658,11.017860,100,inner
349,174,-7.387277,8.153674,100,inner
435,177,-4.190047,11.032949,100,inner
110,386,-23.355109,8.590531,100,inner
230,339,-17.248537,10.647780,100,inner
296,513,-20.313889,19.433201,100,inner
135,330,-20.597588,7.249420,100,inner
362,229,-8.657315,10.677957,100,inner
436,178,-4.183893,11.103391,100,inner
214,214,-13.843318,5.346178,100,inner
191,347,-18.999326,9.700553,100,inner
397,452,-14.484971,20.343537,100,inner
387,142,-4.903332,8.149596,100,inner
168,363,-20.394492,9.574017,100,inner
336,176,-7.949444,7.812400,100,inner
448,417,-11.406714,20.642434,100,inner
267,342,-15.927928,11.952001,100,inner
172,333,-19.276980,8.553641,100,inner
368,165,-6.370312,8.419724,100,inner
199,207,-14.192786,4.595930,100,inner
250,518,-22.236335,18.146071,100,inner
346,226,-9.173657,10.048759,100,inner
265,152,-9.897175,4.611018,100,inner
136,416,-23.323669,10.575226,100,inner
392,113,-3.779666,7.199662,100,inner
337,177,-7.943290,7.882842,100,inner
180,459,-23.020730,13.636390,100,inner
139,421,-23.369494,10.863149,100,inner
326,513,-19.164937,20.397519,100,inner
395,118,-3.825490,7.487586,100,inner
420,440,-13.218380,20.623267,100,inner
446,349,-9.297523,17.973856,100,inner
115,329,-21.331412,6.568242,100,inner
323,507,-19.086969,20.071297,100,inner
432,185,-4.562094,11.242904,100,inner
62,323,-23.168364,4.634823,100,inner
140,422,-23.363339,10.933592,100,inner
442,315,-8.357823,16.543135,100,inner
213,492,-22.817633,15.960987,100,inner
363,171,-6.754668,8.488794,100,inner
377,69,-2.939808,5.032373,100,inner
184,465,-23.060400,13.994756,100,inner
413,437,-13.390037,20.283364,100,inner
210,337,-17.950217,9.928304,100,inner
350,497,-17.731473,20.556199,100,inner
116,330,-21.325258,6.638685,100,inner
288,522,-20.909572,19.520735,100,inner
238,176,-11.702687,4.662293,100,inner
155,407,-22.306704,10.841275,100,inner
428,416,-12.140538,19.961257,100,inner
443,316,-8.351668,16.613577,100,inner
180,351,-19.549184,9.500163,100,inner
165,451,-23.338054,12.847844,100,inner
289,221,-11.195946,8.025062,100,inner
494,361,-7.844928,19.976346,100,inner
440,390,-10.845215,19.351226,100,inner
261,159,-10.275376,4.750531,100,inner
430,197,-5.024418,11.638197,100,inner
370,66,-3.111465,4.692471,100,inner
359,173,-6.972149,8.436815,100,inner
459,260,-5.938833,14.983170,100,inner
214,492,-22.779334,15.993131,100,inner
342,498,-18.070004,20.337346,100,inner
206,488,-22.957146,15.582786,100,inner
100,327,-21.841600,6.009487,100,inner
408,443,-13.774393,20.352435,100,inner
441,391,-10.839061,19.421669,100,inner
234,178,-11.920168,4.610314,100,inner
345,503,-18.115828,20.625270,100,inner
448,250,-6.038676,14.246603,100,inner
460,261,-5.932678,15.053612,100,inner
311,510,-19.642981,19.800465,100,inner
446,326,-8.558212,17.092993,100,inner
209,499,-23.195834,16.100500,100,inner
392,126,-4.197537,7.697541,100,inner
431,197,-4.986119,11.670341,100,inner
80,348,-23.282591,6.170874,100,inner
389,466,-15.241373,20.622563,100,inner
455,411,-10.945762,20.637652,100,inner
395,131,-4.243361,7.985465,100,inner
338,500,-18.287485,20.285367,100,inner
407,105,-2.948038,7.375434,100,inner
404,445,-13.991874,20.300456,100,inner
380,237,-8.225095,11.562935,100,inner
424,423,-12.518740,20.100770,100,inner
372,233,-8.402907,11.152590,100,inner
176,358,-19.927385,9.639676,100,inner
315,516,-19.682651,20.158831,100,inner
81,349,-23.276437,6.241316,100,inner
410,259,-7.783310,13.369818,100,inner
154,419,-22.730730,11.268712,100,inner
418,120,-3.008915,8.303493,100,inner
199,341,-18.500075,9.727914,100,inner
320,222,-10.040840,9.059823,100,inner
206,200,-13.699690,4.552849,100,inner
405,446,-13.985720,20.370898,100,inner
138,331,-20.514837,7.384150,100,inner
437,398,-11.217262,19.561182,100,inner
450,417,-11.330118,20.706722,100,inner
430,210,-5.442289,12.136076,100,inner
361,488,-17.020895,20.565097,100,inner
286,345,-15.296690,12.677631,100,inner
158,425,-22.770400,11.627078,100,inner
207,201,-13.693535,4.623291,100,inner
233,339,-17.133641,10.744212,100,inner
258,512,-21.737084,18.173432,100,inner
488,300,-6.113937,17.447280,100,inner
422,126,-3.048585,8.661859,100,inner
269,521,-21.605097,18.871701,100,inner
373,233,-8.364608,11.184734,100,inner
117,393,-23.312028,9.083628,100,inner
263,218,-12.095272,7.074424,100,inner
175,334,-19.194229,8.688371,100,inner
120,398,-23.357853,9.371551,100,inner
80,325,-22.543280,5.290011,100,inner
334,507,-18.665686,20.424880,100,inner
370,164,-6.261571,8.445713,100,inner
489,301,-6.107783,17.517722,100,inner
395,108,-3.504051,7.104602,100,inner
251,509,-21.908741,17.833530,100,inner
420,430,-12.896941,20.240283,100,inner
205,213,-14.155860,5.018584,100,inner
446,339,-8.976084,17.590872,100,inner
492,306,-6.153607,17.805646,100,inner
303,519,-20.238664,19.887999,100,inner
229,341,-17.351123,10.692233,100,inner
270,342,-15.813033,12.048433,100,inner
245,169,-11.209590,4.619212,100,inner
121,399,-23.351698,9.441994,100,inner
81,326,-22.537126,5.360453,100,inner
444,378,-10.306294,19.020221,100,inner
444,149,-2.945331,10.249889,100,inner
300,221,-10.774664,8.378646,100,inner
386,144,-5.005918,8.194048,100,inner
162,436,-22.970790,12.176936,100,inner
254,519,-22.115285,18.312945,100,inner
146,428,-23.326413,11.356246,100,inner
165,441,-23.016614,12.464860,100,inner
301,222,-10.768509,8.449088,100,inner
495,316,-6.360152,18.285062,100,inner
206,213,-14.117561,5.050728,100,inner
118,329,-21.216517,6.664674,100,inner
176,456,-23.077491,13.392919,100,inner
235,505,-22.392939,17.166033,100,inner
227,501,-22.570751,16.755688,100,inner
308,346,-14.486270,13.423096,100,inner
437,231,-5.849223,13.165350,100,inner
384,76,-2.896727,5.525470,100,inner
353,497,-17.616577,20.652631,100,inner
119,330,-21.210363,6.735117,100,inner
419,442,-13.320966,20.667720,100,inner
157,442,-23.355146,12.246007,100,inner
338,225,-9.447901,9.753309,100,inner
243,216,-12.796952,6.354949,100,inner
209,489,-22.874394,15.717516,100,inner
228,502,-22.564596,16.826130,100,inner
61,325,-23.270950,4.679276,100,inner
309,347,-14.480115,13.493539,100,inner
346,494,-17.788234,20.312728,100,inner
382,151,-5.384119,8.333561,100,inner
388,82,-2.936397,5.883836,100,inner
320,176,-8.562218,7.298097,100,inner
251,342,-16.540702,11.437698,100,inner
369,477,-16.360924,20.400966,100,inner
62,326,-23.264795,4.749718,100,inner
182,471,-23.329860,14.160259,100,inner
398,95,-2.971284,6.703155,100,inner
369,68,-3.214051,4.736924,100,inner
214,194,-13.200439,4.580210,100,inner
72,339,-23.299683,5.569037,100,inner
158,379,-21.291779,9.865352,100,inner
231,512,-22.771141,17.305546,100,inner
313,173,-8.733875,6.958194,100,inner
157,334,-19.883600,8.109780,100,inner
183,472,-23.323706,14.230701,100,inner
223,508,-22.948952,16.895201,100,inner
384,462,-15.304289,20.308650,100,inner
305,169,-8.911687,6.547849,100,inner
399,96,-2.965130,6.773597,100,inner
155,410,-22.403136,10.956170,100,inner
416,265,-7.746384,13.792472,100,inner
288,345,-15.220093,12.741919,100,inner
281,220,-11.470189,7.729612,100,inner
76,345,-23.339353,5.927403,100,inner
445,328,-8.660799,17.137446,100,inner
393,138,-4.544966,8.189266,100,inner
417,266,-7.740229,13.862915,100,inner
388,468,-15.343959,20.667016,100,inner
350,176,-7.413267,8.262415,100,inner
424,125,-2.939844,8.687849,100,inner
141,331,-20.399942,7.480582,100,inner
454,413,-11.048348,20.682105,100,inner
469,276,-6.070152,15.917384,100,inner
272,522,-21.522346,19.006432,100,inner
427,279,-7.775116,14.682233,100,inner
101,374,-23.314067,7.841655,100,inner
289,345,-15.181795,12.774063,100,inner
425,126,-2.933690,8.758291,100,inner
261,512,-21.622189,18.269864,100,inner
470,277,-6.063998,15.987826,100,inner
374,160,-5.979802,8.421095,100,inner
426,436,-12.860014,20.662937,100,inner
266,218,-11.980377,7.170856,100,inner
102,375,-23.307913,7.912097,100,inner
431,285,-7.814787,15.040599,100,inner
337,507,-18.550791,20.521312,100,inner
329,503,-18.728602,20.110967,100,inner
155,387,-21.663825,10.075307,100,inner
208,213,-14.040964,5.115016,100,inner
442,151,-3.086216,10.262198,100,inner
306,519,-20.123769,19.984431,100,inner
232,341,-17.236228,10.788665,100,inner
389,145,-4.923167,8.328779,100,inner
130,330,-20.789080,7.088700,100,inner
190,344,-18.941192,9.553514,100,inner
330,504,-18.722448,20.181409,100,inner
376,471,-15.899972,20.396184,100,inner
391,105,-3.560812,6.861131,100,inner
303,221,-10.659768,8.475077,100,inner
443,381,-10.441024,19.102973,100,inner
470,398,-9.953415,20.621932,100,inner
333,509,-18.768273,20.469333,100,inner
443,152,-3.080061,10.332640,100,inner
221,188,-12.739487,4.575427,100,inner
419,432,-12.999527,20.284736,100,inner
291,512,-20.473237,19.234183,100,inner
138,419,-23.343504,10.754409,100,inner
447,351,-9.323513,18.082597,100,inner
238,506,-22.310188,17.300763,100,inner
433,187,-4.588083,11.351645,100,inner
438,302,-8.093145,15.916680,100,inner
269,344,-15.915619,12.092886,100,inner
304,222,-10.653614,8.545520,100,inner
370,167,-6.358003,8.560608,100,inner
153,398,-22.094006,10.432301,100,inner
165,372,-20.798682,9.822271,100,inner
246,217,-12.714201,6.489679,100,inner
433,223,-5.745265,12.730387,100,inner
163,448,-23.318219,12.668661,100,inner
385,146,-5.108504,8.238501,100,inner
182,461,-23.008421,13.777275,100,inner
311,346,-14.371374,13.519528,100,inner
465,404,-10.337771,20.691002,100,inner
446,162,-3.286606,10.812056,100,inner
122,330,-21.095468,6.831548,100,inner
435,232,-5.957964,13.139360,100,inner
341,225,-9.333005,9.849741,100,inner
441,312,-8.299689,16.396095,100,inner
159,334,-19.807003,8.174068,100,inner
231,502,-22.449701,16.922562,100,inner
204,485,-22.937311,15.403603,100,inner
392,456,-14.805038,20.336011,100,inner
183,462,-23.002266,13.847717,100,inner
223,498,-22.627512,16.512217,100,inner
215,494,-22.805324,16.101872,100,inner
380,73,-2.953488,5.281999,100,inner
395,461,-14.850863,20.623935,100,inner
497,329,-6.701426,18.847229,100,inner
461,406,-10.555252,20.639023,100,inner
323,176,-8.447323,7.394529,100,inner
213,341,-17.963897,10.177930,100,inner
193,475,-23.037154,14.667036,100,inner
254,342,-16.425807,11.534130,100,inner
205,337,-18.141709,9.767585,100,inner
436,233,-5.951809,13.209803,100,inner
441,168,-3.670961,10.881127,100,inner
216,495,-22.799169,16.172314,100,inner
182,353,-19.536875,9.641048,100,inner
405,102,-2.928203,7.196251,100,inner
161,379,-21.176884,9.961784,100,inner
450,253,-6.058511,14.425786,100,inner
461,262,-5.926524,15.124055,100,inner
447,364,-9.741384,18.580476,100,inner
381,153,-5.486706,8.378014,100,inner
178,468,-23.386622,13.916788,100,inner
408,256,-7.763475,13.190635,100,inner
433,429,-12.366918,20.619856,100,inner
300,165,-8.974603,6.233936,100,inner
82,351,-23.302426,6.350057,100,inner
373,69,-3.093001,4.903798,100,inner
451,254,-6.052356,14.496228,100,inner
153,411,-22.511877,10.930181,100,inner
289,155,-9.074446,5.497368,100,inner
462,263,-5.920370,15.194497,100,inner
200,492,-23.315512,15.543116,100,inner
219,505,-23.005714,16.651730,100,inner
434,430,-12.360763,20.690298,100,inner
301,166,-8.968448,6.304378,100,inner
292,346,-15.099044,12.908793,100,inner
83,352,-23.296272,6.420499,100,inner
197,337,-18.448096,9.510433,100,inner
419,121,-3.002760,8.373936,100,inner
275,522,-21.407451,19.102863,100,inner
477,391,-9.460319,20.578851,100,inner
390,94,-3.245527,6.407705,100,inner
290,156,-9.068291,5.567811,100,inner
93,365,-23.331159,7.239818,100,inner
274,148,-9.423914,4.747120,100,inner
264,512,-21.507294,18.366296,100,inner
430,432,-12.578245,20.638319,100,inner
497,342,-7.119297,19.345108,100,inner
423,127,-3.042431,8.732302,100,inner
140,333,-20.502528,7.525035,100,inner
429,207,-5.384156,11.989037,100,inner
447,341,-9.002073,17.699613,100,inner
332,503,-18.613707,20.207399,100,inner
406,452,-14.140285,20.632833,100,inner
157,422,-22.712267,11.480039,100,inner
359,228,-8.740066,10.543227,100,inner
252,165,-10.812926,4.691026,100,inner
235,341,-17.121333,10.885096,100,inner
490,302,-6.101628,17.588165,100,inner
468,400,-10.094300,20.634241,100,inner
133,330,-20.674185,7.185132,100,inner
119,395,-23.299719,9.224512,100,inner
434,407,-11.621453,19.809435,100,inner
394,105,-3.445917,6.957563,100,inner
306,221,-10.544873,8.571509,100,inner
163,438,-22.996779,12.285677,100,inner
212,214,-13.919915,5.281890,100,inner
75,325,-22.734772,5.129291,100,inner
491,303,-6.095474,17.658607,100,inner
360,228,-8.701768,10.575371,100,inner
388,147,-5.025753,8.373232,100,inner
334,176,-8.026041,7.748112,100,inner
178,337,-19.175765,8.899698,100,inner
123,401,-23.339389,9.582878,100,inner
170,333,-19.353577,8.489353,100,inner
442,383,-10.543611,19.147425,100,inner
249,217,-12.599306,6.586111,100,inner
174,452,-23.025512,13.175438,100,inner
352,489,-17.397724,20.314100,100,inner
220,190,-12.842073,4.619880,100,inner
226,499,-22.544761,16.646947,100,inner
177,457,-23.071337,13.463361,100,inner
76,325,-22.696474,5.161435,100,inner
248,517,-22.280788,18.043485,100,inner
215,340,-17.855156,10.203919,100,inner
344,225,-9.218110,9.946173,100,inner
295,220,-10.934012,8.179627,100,inner
375,478,-16.163278,20.632129,100,inner
113,329,-21.408009,6.503955,100,inner
321,507,-19.163565,20.007009,100,inner
442,239,-5.914883,13.632457,100,inner
441,423,-11.867667,20.647217,100,inner
447,354,-9.419944,18.197492,100,inner
159,445,-23.374981,12.425190,100,inner
178,458,-23.065182,13.533804,100,inner
335,176,-7.987742,7.780256,100,inner
390,457,-14.913779,20.310021,100,inner
258,158,-10.358128,4.615801,100,inner
208,337,-18.026813,9.864016,100,inner
153,401,-22.190437,10.547197,100,inner
384,154,-5.403954,8.512745,100,inner
200,482,-22.994072,15.160132,100,inner
480,387,-9.216848,20.522089,100,inner
211,491,-22.862086,15.858401,100,inner
325,513,-19.203235,20.365375,100,inner
371,480,-16.380759,20.580150,100,inner
317,509,-19.381047,19.955030,100,inner
391,458,-14.907625,20.380464,100,inner
361,170,-6.799121,8.386208,100,inner
453,253,-5.943616,14.522218,100,inner
303,345,-14.645618,13.224078,100,inner
371,71,-3.233886,4.916107,100,inner
390,84,-2.924088,6.024721,100,inner
314,174,-8.727721,7.028636,100,inner
333,224,-9.607249,9.554291,100,inner
200,338,-18.365344,9.645163,100,inner
64,328,-23.252487,4.890603,100,inner
401,99,-2.984965,6.952780,100,inner
203,343,-18.411169,9.933087,100,inner
357,172,-7.016602,8.334229,100,inner
497,332,-6.797858,18.962124,100,inner
309,510,-19.719578,19.736177,100,inner
160,381,-21.279470,10.006236,100,inner
475,393,-9.601203,20.591159,100,inner
296,162,-9.031365,5.990465,100,inner
185,474,-23.311397,14.371586,100,inner
307,171,-8.899378,6.688734,100,inner
151,332,-20.049102,7.840320,100,inner
78,348,-23.359188,6.106586,100,inner
254,165,-10.736329,4.755314,100,inner
382,85,-3.262619,5.805867,100,inner
278,522,-21.292555,19.199295,100,inner
385,90,-3.308444,6.093791,100,inner
426,128,-2.959679,8.867032,100,inner
444,325,-8.602665,16.990406,100,inner
277,148,-9.309019,4.843552,100,inner
476,394,-9.595049,20.661602,100,inner
297,163,-9.025210,6.060907,100,inner
207,498,-23.240287,15.997914,100,inner
100,372,-23.288078,7.732914,100,inner
429,282,-7.794952,14.861416,100,inner
79,349,-23.353033,6.177028,100,inner
308,172,-8.893223,6.759176,100,inner
305,512,-19.937059,19.684198,100,inner
419,268,-7.727920,14.003799,100,inner
344,503,-18.154127,20.593126,100,inner
446,371,-10.004690,18.816420,100,inner
386,91,-3.302289,6.164234,100,inner
318,222,-10.117437,8.995535,100,inner
255,511,-21.819835,18.038702,100,inner
250,167,-10.953810,4.703335,100,inner
483,289,-5.951846,16.865278,100,inner
370,232,-8.447360,11.050004,100,inner
289,158,-9.170878,5.612263,100,inner
227,183,-12.348977,4.576799,100,inner
104,378,-23.327748,8.091280,100,inner
433,288,-7.834622,15.219783,100,inner
345,175,-7.572615,8.063397,100,inner
397,451,-14.452827,20.305239,100,inner
297,513,-20.275590,19.465345,100,inner
136,330,-20.559290,7.281564,100,inner
168,362,-20.362348,9.535718,100,inner
267,521,-21.681694,18.807413,100,inner
382,471,-15.670181,20.589047,100,inner
363,229,-8.619016,10.710101,100,inner
192,347,-18.961027,9.732697,100,inner
78,325,-22.619877,5.225723,100,inner
157,389,-21.651517,10.216192,100,inner
256,511,-21.781537,18.070846,100,inner
337,176,-7.911146,7.844544,100,inner
436,298,-8.041166,15.699198,100,inner
173,333,-19.238681,8.585785,100,inner
447,344,-9.098505,17.814508,100,inner
79,326,-22.613723,5.296165,100,inner
433,409,-11.724039,19.853888,100,inner
251,518,-22.198036,18.178215,100,inner
398,451,-14.414528,20.337383,100,inner
446,348,-9.265379,17.935557,100,inner
203,212,-14.200312,4.915997,100,inner
431,219,-5.693286,12.512905,100,inner
432,184,-4.529950,11.204606,100,inner
437,299,-8.035011,15.769641,100,inner
293,514,-20.460928,19.375067,100,inner
140,421,-23.331195,10.895293,100,inner
174,334,-19.232527,8.656227,100,inner
440,304,-8.080836,16.057564,100,inner
184,464,-23.028256,13.956458,100,inner
218,340,-17.740261,10.300351,100,inner
305,345,-14.569021,13.288366,100,inner
204,213,-14.194158,4.986440,100,inner
116,329,-21.293114,6.600386,100,inner
370,474,-16.226194,20.318215,100,inner
196,209,-14.371969,4.576095,100,inner
371,61,-2.912447,4.533123,100,inner
141,422,-23.325041,10.965736,100,inner
443,315,-8.319524,16.575279,100,inner
327,512,-19.094495,20.391365,100,inner
319,508,-19.272306,19.981019,100,inner
252,518,-22.159738,18.210359,100,inner
144,427,-23.370866,11.253659,100,inner
211,337,-17.911918,9.960448,100,inner
117,330,-21.286960,6.670829,100,inner
438,236,-5.971645,13.388986,100,inner
429,416,-12.102240,19.993401,100,inner
290,221,-11.157648,8.057206,100,inner
241,216,-12.873549,6.290661,100,inner
440,425,-11.970253,20.691670,100,inner
441,390,-10.806917,19.383370,100,inner
496,326,-6.643293,18.700190,100,inner
306,345,-14.530722,13.320510,100,inner
382,75,-2.941180,5.422884,100,inner
289,521,-20.839129,19.514580,100,inner
431,196,-4.953976,11.632042,100,inner
336,224,-9.492353,9.650723,100,inner
248,340,-16.591309,11.264669,100,inner
383,156,-5.506541,8.557197,100,inner
207,488,-22.918847,15.614930,100,inner
154,333,-19.966351,7.975050,100,inner
392,125,-4.165393,7.659243,100,inner
375,72,-3.112837,5.082981,100,inner
360,172,-6.901707,8.430661,100,inner
412,448,-13.781919,20.672503,100,inner
446,361,-9.683250,18.433436,100,inner
407,104,-2.915894,7.337136,100,inner
258,161,-10.454560,4.730696,100,inner
452,255,-6.046202,14.566670,100,inner
274,514,-21.188597,18.764332,100,inner
310,171,-8.784483,6.785165,100,inner
464,266,-5.940205,15.373680,100,inner
410,258,-7.751166,13.331520,100,inner
235,177,-11.849726,4.604160,100,inner
389,92,-3.219538,6.298964,100,inner
279,220,-11.546786,7.665324,100,inner
453,256,-6.040048,14.637113,100,inner
425,423,-12.480441,20.132914,100,inner
316,516,-19.644353,20.190975,100,inner
362,483,-16.821877,20.405749,100,inner
181,471,-23.368158,14.128115,100,inner
437,397,-11.185118,19.522883,100,inner
411,259,-7.745012,13.401962,100,inner
456,410,-10.875320,20.631497,100,inner
491,368,-8.184830,20.148003,100,inner
311,172,-8.778328,6.855608,100,inner
430,209,-5.410145,12.097778,100,inner
85,354,-23.283963,6.561384,100,inner
286,344,-15.264546,12.639333,100,inner
158,424,-22.738256,11.588779,100,inner
339,499,-18.217043,20.279213,100,inner
258,511,-21.704940,18.135134,100,inner
321,222,-10.002541,9.091967,100,inner
422,125,-3.016441,8.623561,100,inner
96,369,-23.344840,7.489443,100,inner
134,332,-20.700175,7.293873,100,inner
172,358,-20.080578,9.511101,100,inner
287,345,-15.258392,12.709775,100,inner
348,175,-7.457719,8.159829,100,inner
259,512,-21.698786,18.205576,100,inner
489,300,-6.075639,17.479424,100,inner
270,521,-21.566799,18.903845,100,inner
445,373,-10.107276,18.860873,100,inner
446,338,-8.943940,17.552573,100,inner
426,131,-3.056111,8.981927,100,inner
203,202,-13.878873,4.533014,100,inner
176,334,-19.155930,8.720515,100,inner
121,398,-23.319554,9.403695,100,inner
81,325,-22.504982,5.322155,100,inner
349,176,-7.451565,8.230271,100,inner
436,144,-3.090998,9.801246,100,inner
447,419,-11.509301,20.686887,100,inner
304,519,-20.200365,19.920143,100,inner
230,341,-17.312824,10.724377,100,inner
271,342,-15.774734,12.080577,100,inner
162,435,-22.938646,12.138638,100,inner
381,473,-15.772768,20.633500,100,inner
437,145,-3.084844,9.871688,100,inner
165,440,-22.984471,12.426561,100,inner
125,404,-23.359224,9.762061,100,inner
301,221,-10.736365,8.410790,100,inner
448,154,-2.952857,10.569957,100,inner
367,166,-6.440754,8.425878,100,inner
198,208,-14.263229,4.602084,100,inner
425,436,-12.898312,20.630793,100,inner
417,432,-13.076124,20.220448,100,inner
242,171,-11.388773,4.599377,100,inner
207,213,-14.079263,5.082872,100,inner
119,329,-21.178219,6.696818,100,inner
70,324,-22.894120,4.930273,100,inner
392,115,-3.843953,7.276259,100,inner
228,501,-22.532452,16.787832,100,inner
220,497,-22.710264,16.377487,100,inner
309,346,-14.447971,13.455240,100,inner
214,337,-17.797023,10.056880,100,inner
463,404,-10.414367,20.626714,100,inner
388,81,-2.904253,5.845538,100,inner
412,438,-13.460479,20.289519,100,inner
446,351,-9.361811,18.050453,100,inner
244,216,-12.758654,6.387093,100,inner
161,447,-23.362672,12.566074,100,inner
237,177,-11.773129,4.668448,100,inner
221,498,-22.704109,16.447929,100,inner
179,352,-19.619626,9.506318,100,inner
389,82,-2.898098,5.915980,100,inner
413,439,-13.454325,20.359961,100,inner
243,516,-22.440136,17.844467,100,inner
321,176,-8.523920,7.330241,100,inner
339,224,-9.377458,9.747155,100,inner
350,499,-17.795760,20.632796,100,inner
108,328,-21.567357,6.304936,100,inner
202,484,-22.981763,15.301017,100,inner
162,448,-23.356517,12.636517,100,inner
416,444,-13.500150,20.647885,100,inner
155,409,-22.370992,10.917872,100,inner
428,418,-12.204826,20.037854,100,inner
443,318,-8.415956,16.690174,100,inner
66,331,-23.272322,5.069786,100,inner
281,219,-11.438045,7.691314,100,inner
494,363,-7.909215,20.052943,100,inner
440,392,-10.909503,19.427823,100,inner
252,341,-16.470260,11.431543,100,inner
277,514,-21.073702,18.860764,100,inner
216,504,-23.088465,16.517000,100,inner
202,340,-18.353036,9.786048,100,inner
187,477,-23.331232,14.550769,100,inner
417,265,-7.708085,13.824616,100,inner
194,336,-18.530847,9.375703,100,inner
282,220,-11.431891,7.761756,100,inner
456,256,-5.925152,14.733545,100,inner
454,412,-11.016204,20.643806,100,inner
384,88,-3.282454,5.985051,100,inner
403,101,-2.972656,7.093665,100,inner
287,155,-9.151042,5.433080,100,inner
77,345,-23.301054,5.959547,100,inner
446,328,-8.622500,17.169590,100,inner
406,255,-7.807928,13.088049,100,inner
224,215,-13.492478,5.705915,100,inner
423,424,-12.589182,20.106925,100,inner
298,164,-9.019056,6.131349,100,inner
175,359,-19.997827,9.645831,100,inner
289,344,-15.149651,12.735765,100,inner
80,350,-23.346879,6.247471,100,inner
314,517,-19.753094,20.164985,100,inner
351,176,-7.374968,8.294559,100,inner
431,199,-5.050407,11.746938,100,inner
421,271,-7.747755,14.182982,100,inner
428,130,-2.947370,9.007917,100,inner
366,484,-16.700827,20.572623,100,inner
319,223,-10.111282,9.065977,100,inner
473,281,-6.077678,16.237452,100,inner
404,447,-14.056162,20.377053,100,inner
137,332,-20.585280,7.390304,100,inner
272,148,-9.500511,4.682832,100,inner
424,425,-12.583027,20.177367,100,inner
299,165,-9.012901,6.201792,100,inner
485,292,-5.971681,17.044461,100,inner
290,345,-15.143497,12.806207,100,inner
436,399,-11.287704,19.567336,100,inner
429,131,-2.941216,9.078359,100,inner
474,282,-6.071524,16.307894,100,inner
364,230,-8.612862,10.780544,100,inner
330,503,-18.690304,20.143111,100,inner
155,422,-22.788863,11.415751,100,inner
430,212,-5.506577,12.212673,100,inner
300,511,-20.096407,19.485180,100,inner
106,380,-23.315439,8.232165,100,inner
391,104,-3.528668,6.822832,100,inner
333,508,-18.736129,20.431035,100,inner
361,490,-17.085183,20.641694,100,inner
158,427,-22.834688,11.703675,100,inner
233,341,-17.197929,10.820809,100,inner
427,435,-12.789572,20.656783,100,inner
250,510,-21.979183,17.839684,100,inner
419,431,-12.967383,20.246438,100,inner
438,301,-8.061001,15.878381,100,inner
357,227,-8.784519,10.440641,100,inner
304,221,-10.621470,8.507221,100,inner
334,509,-18.729974,20.501477,100,inner
326,505,-18.907786,20.091132,100,inner
395,110,-3.568339,7.181199,100,inner
292,512,-20.434939,19.266327,100,inner
447,157,-3.087587,10.652708,100,inner
357,492,-17.302664,20.589715,100,inner
433,222,-5.713121,12.692089,100,inner
377,470,-15.829529,20.390029,100,inner
439,302,-8.054846,15.948824,100,inner
270,344,-15.877321,12.125030,100,inner
142,424,-23.351030,11.074476,100,inner
245,171,-11.273878,4.695809,100,inner
444,380,-10.370582,19.096818,100,inner
122,329,-21.063324,6.793250,100,inner
187,346,-19.120375,9.533679,100,inner
73,324,-22.779225,5.026705,100,inner
448,350,-9.253070,18.076442,100,inner
186,350,-19.287249,9.654729,100,inner
247,217,-12.675903,6.521823,100,inner
416,434,-13.178710,20.264901,100,inner
288,514,-20.652420,19.214348,100,inner
155,399,-22.049553,10.534888,100,inner
349,493,-17.641195,20.370862,100,inner
246,517,-22.357384,17.979197,100,inner
307,347,-14.556712,13.429251,100,inner
495,318,-6.424440,18.361659,100,inner
342,225,-9.294707,9.881885,100,inner
352,498,-17.687020,20.658786,100,inner
205,336,-18.109565,9.729286,100,inner
143,424,-23.312732,11.106620,100,inner
216,494,-22.767025,16.134016,100,inner
396,461,-14.812564,20.656079,100,inner
187,467,-23.009792,14.167785,100,inner
384,78,-2.961015,5.602067,100,inner
482,384,-9.043819,20.471482,100,inner
111,328,-21.452462,6.401368,100,inner
213,196,-13.303025,4.624663,100,inner
381,152,-5.454562,8.339716,100,inner
163,375,-20.971711,9.872878,100,inner
61,327,-23.335238,4.755873,100,inner
389,458,-14.984221,20.316176,100,inner
153,410,-22.479733,10.891882,100,inner
301,345,-14.722214,13.159790,100,inner
368,484,-16.624230,20.636911,100,inner
409,107,-2.935729,7.516319,100,inner
454,258,-6.066037,14.745854,100,inner
285,220,-11.316996,7.858188,100,inner
182,473,-23.394148,14.236855,100,inner
62,328,-23.329083,4.826315,100,inner
387,88,-3.167559,6.081482,100,inner
377,74,-3.100528,5.223865,100,inner
201,343,-18.487766,9.868799,100,inner
227,215,-13.377583,5.802347,100,inner
455,259,-6.059883,14.816296,100,inner
212,501,-23.145227,16.273529,100,inner
466,268,-5.927896,15.514565,100,inner
183,474,-23.387994,14.307298,100,inner
413,262,-7.764847,13.581145,100,inner
384,464,-15.368577,20.385246,100,inner
439,171,-3.843990,10.931734,100,inner
276,522,-21.369152,19.135007,100,inner
87,357,-23.303798,6.740567,100,inner
497,341,-7.087153,19.306810,100,inner
275,148,-9.385616,4.779264,100,inner
429,206,-5.352012,11.950738,100,inner
375,235,-8.352299,11.325619,100,inner
157,421,-22.680123,11.441740,100,inner
445,330,-8.725087,17.214042,100,inner
202,343,-18.449467,9.900943,100,inner
368,232,-8.523956,10.985716,100,inner
98,371,-23.332531,7.630328,100,inner
303,511,-19.981512,19.581612,100,inner
446,151,-2.933022,10.390774,100,inner
281,343,-15.423894,12.440315,100,inner
435,401,-11.390290,19.611789,100,inner
253,510,-21.864288,17.936116,100,inner
248,166,-10.998263,4.600749,100,inner
428,133,-3.043802,9.122812,100,inner
178,336,-19.143621,8.861400,100,inner
123,400,-23.307245,9.544580,100,inner
431,287,-7.879074,15.117196,100,inner
189,345,-19.011634,9.559669,100,inner
403,454,-14.319468,20.612997,100,inner
439,148,-3.104679,10.050871,100,inner
155,389,-21.728113,10.151904,100,inner
254,511,-21.858134,18.006558,100,inner
469,399,-10.023857,20.628086,100,inner
442,153,-3.150504,10.338795,100,inner
361,228,-8.663469,10.607515,100,inner
273,344,-15.762425,12.221461,100,inner
220,189,-12.809929,4.581581,100,inner
124,401,-23.301091,9.615022,100,inner
171,333,-19.315278,8.521497,100,inner
485,380,-8.800348,20.414720,100,inner
256,520,-22.070832,18.415532,100,inner
127,406,-23.346915,9.902946,100,inner
243,172,-11.382619,4.669820,100,inner
470,400,-10.017703,20.698528,100,inner
443,383,-10.505312,19.179569,100,inner
369,168,-6.428445,8.566763,100,inner
201,212,-14.276909,4.851710,100,inner
353,489,-17.359426,20.346244,100,inner
319,347,-14.097131,13.814978,100,inner
447,353,-9.387800,18.159193,100,inner
291,514,-20.537525,19.310779,100,inner
77,325,-22.658176,5.193579,100,inner
433,189,-4.652371,11.428242,100,inner
445,163,-3.357048,10.818211,100,inner
216,340,-17.816858,10.236063,100,inner
153,400,-22.158293,10.508898,100,inner
325,512,-19.171092,20.327077,100,inner
317,508,-19.348903,19.916732,100,inner
391,457,-14.875481,20.342165,100,inner
222,499,-22.697955,16.518371,100,inner
163,450,-23.382507,12.745257,100,inner
262,343,-16.151564,11.829580,100,inner
217,192,-13.021256,4.600045,100,inner
331,177,-8.173080,7.689979,100,inner
209,337,-17.988515,9.896160,100,inner
446,164,-3.350893,10.888653,100,inner
212,491,-22.823787,15.890545,100,inner
333,223,-9.575105,9.515993,100,inner
447,245,-5.916254,14.022967,100,inner
438,425,-12.046850,20.627382,100,inner
304,345,-14.607319,13.256222,100,inner
497,331,-6.765714,18.923826,100,inner
457,258,-5.951142,14.842285,100,inner
287,521,-20.915726,19.450292,100,inner
461,408,-10.619540,20.715620,100,inner
255,160,-10.537311,4.595966,100,inner
481,386,-9.146405,20.515934,100,inner
205,339,-18.205996,9.844181,100,inner
246,340,-16.667906,11.200381,100,inner
334,224,-9.568950,9.586435,100,inner
151,331,-20.016958,7.802021,100,inner
164,450,-23.344208,12.777401,100,inner
441,170,-3.735249,10.957724,100,inner
458,259,-5.944987,14.912728,100,inner
405,104,-2.992491,7.272848,100,inner
444,324,-8.570521,16.952108,100,inner
376,77,-3.235258,5.306617,100,inner
316,175,-8.683268,7.131223,100,inner
272,514,-21.265194,18.700044,100,inner
152,332,-20.010804,7.872464,100,inner
300,167,-9.038891,6.310532,100,inner
189,479,-23.318923,14.691653,100,inner
344,502,-18.121983,20.554828,100,inner
82,353,-23.366714,6.426654,100,inner
472,279,-6.051689,16.128711,100,inner
278,148,-9.270720,4.875696,100,inner
94,327,-22.071391,5.816623,100,inner
153,413,-22.576165,11.006777,100,inner
289,157,-9.138734,5.573965,100,inner
174,356,-19.939694,9.498792,100,inner
309,172,-8.854925,6.791320,100,inner
376,162,-5.967493,8.561980,100,inner
409,110,-3.032161,7.631214,100,inner
301,168,-9.032736,6.380975,100,inner
104,377,-23.295604,8.052982,100,inner
284,344,-15.341143,12.575045,100,inner
337,499,-18.293640,20.214925,100,inner
189,335,-18.690195,9.176685,100,inner
411,448,-13.820217,20.640359,100,inner
423,273,-7.735446,14.323867,100,inner
477,393,-9.524606,20.655447,100,inner
251,167,-10.915512,4.735479,100,inner
390,96,-3.309815,6.484301,100,inner
340,504,-18.339464,20.502849,100,inner
437,177,-4.113450,11.097237,100,inner
306,511,-19.866617,19.678043,100,inner
268,219,-11.935924,7.273443,100,inner
228,183,-12.310678,4.608943,100,inner
389,137,-4.666015,8.022392,100,inner
105,378,-23.289450,8.123424,100,inner
346,175,-7.534316,8.095541,100,inner
420,124,-3.060894,8.520975,100,inner
108,383,-23.335274,8.411348,100,inner
497,344,-7.183585,19.421705,100,inner
431,133,-2.928907,9.219244,100,inner
355,489,-17.282829,20.410532,100,inner
314,222,-10.270630,8.866959,100,inner
429,209,-5.448444,12.065634,100,inner
447,343,-9.066361,17.776209,100,inner
79,325,-22.581579,5.257867,100,inner
445,153,-3.035608,10.435227,100,inner
490,304,-6.165916,17.664762,100,inner
437,298,-8.002867,15.731342,100,inner
468,402,-10.158587,20.710837,100,inner
133,332,-20.738473,7.261729,100,inner
174,333,-19.200383,8.617929,100,inner
193,346,-18.890585,9.726543,100,inner
399,451,-14.376230,20.369527,100,inner
394,107,-3.510205,7.034159,100,inner
163,440,-23.061067,12.362273,100,inner
446,154,-3.029454,10.505669,100,inner
134,413,-23.303834,10.396042,100,inner
402,456,-14.422054,20.657450,100,inner
196,208,-14.339825,4.537796,100,inner
432,219,-5.654988,12.545049,100,inner
449,159,-3.075279,10.793593,100,inner
166,365,-20.535376,9.586326,100,inner
144,426,-23.338722,11.215361,100,inner
352,226,-8.943867,10.241623,100,inner
219,340,-17.701963,10.332495,100,inner
189,348,-19.108066,9.674564,100,inner
117,329,-21.254816,6.632530,100,inner
351,496,-17.661030,20.550045,100,inner
442,385,-10.607899,19.224022,100,inner
263,154,-10.038060,4.623327,100,inner
328,512,-19.056196,20.423509,100,inner
374,479,-16.233720,20.638283,100,inner
298,520,-20.462300,19.765577,100,inner
226,501,-22.609049,16.723544,100,inner
145,427,-23.332567,11.285803,100,inner
265,343,-16.036669,11.926012,100,inner
440,424,-11.938109,20.653372,100,inner
212,337,-17.873620,9.992592,100,inner
197,208,-14.301527,4.569940,100,inner
418,442,-13.359265,20.635576,100,inner
439,236,-5.933346,13.421130,100,inner
242,216,-12.835251,6.322805,100,inner
207,487,-22.886703,15.576631,100,inner
447,356,-9.484232,18.274088,100,inner
218,496,-22.754717,16.274900,100,inner
375,71,-3.080693,5.044682,100,inner
189,469,-22.997483,14.308669,100,inner
446,360,-9.651106,18.395138,100,inner
290,521,-20.800831,19.546724,100,inner
386,80,-2.948706,5.742951,100,inner
241,516,-22.516732,17.780179,100,inner
162,372,-20.913578,9.725839,100,inner
337,224,-9.454055,9.682867,100,inner
249,340,-16.553011,11.296813,100,inner
274,513,-21.156454,18.726034,100,inner
219,497,-22.748562,16.345343,100,inner
480,389,-9.281135,20.598686,100,inner
371,482,-16.445047,20.656746,100,inner
361,172,-6.863408,8.462805,100,inner
279,219,-11.514642,7.627026,100,inner
387,81,-2.942551,5.813394,100,inner
275,514,-21.150299,18.796476,100,inner
181,470,-23.336015,14.089816,100,inner
303,167,-8.923996,6.406964,100,inner
468,271,-5.947731,15.693748,100,inner
200,340,-18.429632,9.721760,100,inner
339,498,-18.184899,20.240914,100,inner
64,330,-23.316774,4.967200,100,inner
280,220,-11.508488,7.697468,100,inner
440,172,-3.837835,11.002176,100,inner
97,327,-21.956496,5.913055,100,inner
412,110,-2.917266,7.727646,100,inner
357,174,-7.080890,8.410826,100,inner
497,334,-6.862146,19.038721,100,inner
409,450,-13.961102,20.652668,100,inner
304,168,-8.917841,6.477407,100,inner
457,261,-6.047574,14.957181,100,inner
475,395,-9.665491,20.667756,100,inner
296,164,-9.095652,6.067061,100,inner
185,476,-23.375685,14.448182,100,inner
287,344,-15.226248,12.671477,100,inner
447,333,-8.744922,17.393225,100,inner
415,264,-7.752538,13.722030,100,inner
312,517,-19.829690,20.100697,100,inner
98,328,-21.950341,5.983497,100,inner
406,444,-13.883133,20.326445,100,inner
89,359,-23.291489,6.881452,100,inner
196,342,-18.647114,9.669781,100,inner
426,130,-3.023967,8.943629,100,inner
317,223,-10.187879,9.001689,100,inner
222,214,-13.536931,5.603329,100,inner
297,165,-9.089498,6.137504,100,inner
422,425,-12.659624,20.113079,100,inner
100,374,-23.352366,7.809511,100,inner
429,284,-7.859239,14.938013,100,inner
387,467,-15.350114,20.596574,100,inner
193,336,-18.569145,9.343559,100,inner
271,521,-21.528500,18.935989,100,inner
336,501,-18.396226,20.259378,100,inner
204,202,-13.840575,4.565157,100,inner
223,215,-13.530776,5.673772,100,inner
430,136,-3.063637,9.301995,100,inner
362,230,-8.689459,10.716256,100,inner
227,185,-12.413264,4.653396,100,inner
125,403,-23.327080,9.723763,100,inner
388,139,-4.768602,8.066844,100,inner
433,290,-7.898909,15.296379,100,inner
448,153,-2.920713,10.531659,100,inner
440,149,-3.098525,10.121313,100,inner
345,177,-7.636902,8.139994,100,inner
136,332,-20.623578,7.358160,100,inner
382,473,-15.734469,20.665644,100,inner
300,520,-20.385703,19.829865,100,inner
355,227,-8.861116,10.376353,100,inner
448,418,-11.438858,20.680733,100,inner
260,218,-12.210168,6.977993,100,inner
441,150,-3.092370,10.191756,100,inner
157,391,-21.715804,10.292788,100,inner
392,114,-3.811809,7.237960,100,inner
375,470,-15.906126,20.325741,100,inner
496,351,-7.446891,19.657650,100,inner
173,335,-19.302969,8.662382,100,inner
332,508,-18.774427,20.398891,100,inner
378,475,-15.951951,20.613665,100,inner
71,324,-22.855822,4.962417,100,inner
395,119,-3.857634,7.525884,100,inner
446,350,-9.329667,18.012154,100,inner
431,221,-5.757574,12.589502,100,inner
432,186,-4.594238,11.281202,100,inner
396,120,-3.851480,7.596326,100,inner
347,493,-17.717792,20.306574,100,inner
413,438,-13.422181,20.321663,100,inner
305,347,-14.633309,13.364963,100,inner
245,216,-12.720356,6.419237,100,inner
370,476,-16.290482,20.394812,100,inner
196,211,-14.436257,4.652691,100,inner
162,447,-23.324373,12.598218,100,inner
181,460,-23.014575,13.706832,100,inner
443,317,-8.383812,16.651875,100,inner
165,452,-23.370198,12.886142,100,inner
494,362,-7.877071,20.014644,100,inner
244,516,-22.401837,17.876611,100,inner
326,177,-8.364572,7.529259,100,inner
396,92,-2.951449,6.523971,100,inner
393,87,-2.905625,6.236048,100,inner
109,328,-21.529059,6.337080,100,inner
417,444,-13.461851,20.680029,100,inner
388,91,-3.225692,6.228522,100,inner
153,334,-20.036793,7.981204,100,inner
166,453,-23.364043,12.956584,100,inner
282,219,-11.399747,7.723458,100,inner
234,179,-11.952312,4.648613,100,inner
306,347,-14.595010,13.397107,100,inner
70,336,-23.279848,5.389854,100,inner
278,514,-21.035404,18.892908,100,inner
431,198,-5.018263,11.708639,100,inner
392,127,-4.229681,7.735839,100,inner
248,342,-16.655597,11.341266,100,inner
283,220,-11.393592,7.793900,100,inner
195,336,-18.492549,9.407847,100,inner
389,467,-15.273517,20.660861,100,inner
146,331,-20.208450,7.641302,100,inner
455,412,-10.977906,20.675950,100,inner
191,482,-23.338758,14.870836,100,inner
421,270,-7.715611,14.144684,100,inner
407,106,-2.980182,7.413732,100,inner
446,363,-9.747538,18.510033,100,inner
225,215,-13.454180,5.738059,100,inner
378,79,-3.222949,5.447501,100,inner
424,424,-12.550884,20.139069,100,inner
291,160,-9.158569,5.753148,100,inner
290,344,-15.111353,12.767909,100,inner
315,517,-19.714795,20.197129,100,inner
310,173,-8.848770,6.861762,100,inner
422,271,-7.709457,14.215126,100,inner
375,159,-5.909360,8.414941,100,inner
320,223,-10.072984,9.098121,100,inner
453,258,-6.104335,14.713710,100,inner
292,161,-9.152414,5.823590,100,inner
491,370,-8.249118,20.224600,100,inner
155,421,-22.756720,11.377452,100,inner
456,412,-10.939608,20.708094,100,inner
430,211,-5.474433,12.174374,100,inner
85,356,-23.348251,6.637981,100,inner
158,426,-22.802544,11.665376,100,inner
89,326,-22.230739,5.617605,100,inner
373,234,-8.396752,11.223033,100,inner
433,136,-2.948742,9.398427,100,inner
365,230,-8.574564,10.812687,100,inner
421,427,-12.762211,20.157532,100,inner
279,343,-15.500491,12.376027,100,inner
489,302,-6.139927,17.556021,100,inner
395,109,-3.536195,7.142900,100,inner
251,510,-21.940885,17.871828,100,inner
445,375,-10.171564,18.937470,100,inner
446,340,-9.008228,17.629170,100,inner
366,231,-8.568409,10.883130,100,inner
492,307,-6.185751,17.843945,100,inner
377,469,-15.797385,20.351731,100,inner
439,301,-8.022703,15.910525,100,inner
203,204,-13.943161,4.609610,100,inner
269,149,-9.647550,4.624699,100,inner
435,181,-4.318623,11.186142,100,inner
493,308,-6.179597,17.914387,100,inner
424,437,-12.968755,20.636948,100,inner
271,344,-15.839022,12.157174,100,inner
162,437,-23.002934,12.215234,100,inner
127,330,-20.903976,6.992268,100,inner
335,508,-18.659532,20.495323,100,inner
74,324,-22.740927,5.058849,100,inner
327,504,-18.837343,20.084977,100,inner
146,429,-23.358557,11.394544,100,inner
165,442,-23.048758,12.503158,100,inner
241,172,-11.459216,4.605532,100,inner
495,317,-6.392296,18.323360,100,inner
417,434,-13.140412,20.297045,100,inner
168,367,-20.523067,9.727210,100,inner
396,460,-14.780421,20.617780,100,inner
247,517,-22.319086,18.011341,100,inner
308,347,-14.518413,13.461395,100,inner
242,173,-11.453061,4.675974,100,inner
437,232,-5.881367,13.203648,100,inner
265,156,-10.025751,4.764212,100,inner
163,374,-20.939567,9.834579,100,inner
289,513,-20.581978,19.208193,100,inner
183,352,-19.466432,9.634894,100,inner
209,490,-22.906538,15.755815,100,inner
392,117,-3.908241,7.352856,100,inner
147,429,-23.320258,11.426688,100,inner
431,188,-4.696824,11.325655,100,inner
463,406,-10.478655,20.703311,100,inner
329,177,-8.249677,7.625691,100,inner
191,472,-23.017318,14.487852,100,inner
346,495,-17.820378,20.351027,100,inner
112,328,-21.414164,6.433512,100,inner
441,238,-5.921037,13.562014,100,inner
388,83,-2.968541,5.922134,100,inner
412,440,-13.524767,20.366115,100,inner
446,353,-9.426099,18.127049,100,inner
156,334,-19.921898,8.077636,100,inner
366,64,-3.200371,4.487298,100,inner
393,463,-14.991748,20.636244,100,inner
214,195,-13.232583,4.618508,100,inner
389,84,-2.962386,5.992577,100,inner
459,408,-10.696137,20.651332,100,inner
210,341,-18.078792,10.081498,100,inner
313,174,-8.766019,6.996492,100,inner
149,331,-20.093555,7.737733,100,inner
316,508,-19.387201,19.884588,100,inner
439,170,-3.811846,10.893436,100,inner
155,411,-22.435280,10.994468,100,inner
430,201,-5.152994,11.791390,100,inner
66,333,-23.336609,5.146383,100,inner
370,70,-3.240041,4.845664,100,inner
440,394,-10.973791,19.504420,100,inner
381,79,-3.108054,5.543933,100,inner
414,113,-2.937101,7.906829,100,inner
269,512,-21.315802,18.527016,100,inner
459,264,-6.067409,15.136364,100,inner
150,332,-20.087400,7.808176,100,inner
445,329,-8.692943,17.175744,100,inner
210,197,-13.450064,4.566529,100,inner
379,155,-5.627590,8.390323,100,inner
391,129,-4.332267,7.780292,100,inner
187,479,-23.395520,14.627365,100,inner
417,267,-7.772373,13.901213,100,inner
323,223,-9.958089,9.194553,100,inner
477,281,-5.924485,16.366027,100,inner
276,148,-9.347317,4.811408,100,inner
92,327,-22.147988,5.752335,100,inner
365,485,-16.771269,20.578778,100,inner
445,365,-9.850125,18.554486,100,inner
446,330,-8.686788,17.246186,100,inner
298,166,-9.083344,6.207946,100,inner
423,426,-12.653470,20.183521,100,inner
418,268,-7.766219,13.971655,100,inner
187,335,-18.766792,9.112397,100,inner
198,344,-18.634805,9.810666,100,inner
388,96,-3.386412,6.420013,100,inner
432,431,-12.469504,20.664309,100,inner
304,511,-19.943214,19.613755,100,inner
266,219,-12.012521,7.209155,100,inner
217,214,-13.728423,5.442609,100,inner
272,150,-9.564799,4.759429,100,inner
102,376,-23.340057,7.950396,100,inner
431,286,-7.846930,15.078898,100,inner
490,372,-8.351704,20.269052,100,inner
299,167,-9.077189,6.278388,100,inner
282,343,-15.385596,12.472459,100,inner
381,465,-15.515616,20.327113,100,inner
155,388,-21.695969,10.113605,100,inner
254,510,-21.825990,17.968260,100,inner
439,147,-3.072535,10.012573,100,inner
450,156,-2.940548,10.710842,100,inner
312,222,-10.347227,8.802671,100,inner
224,338,-17.446183,10.416618,100,inner
103,377,-23.333902,8.020838,100,inner
432,287,-7.840776,15.149340,100,inner
430,214,-5.570865,12.289270,100,inner
127,405,-23.314771,9.864648,100,inner
391,106,-3.592956,6.899429,100,inner
451,157,-2.934394,10.781284,100,inner
221,189,-12.771631,4.613725,100,inner
257,520,-22.032534,18.447676,100,inner
438,303,-8.125289,15.954978,100,inner
128,406,-23.308617,9.935090,100,inner
244,172,-11.344320,4.701963,100,inner
395,112,-3.632626,7.257795,100,inner
320,347,-14.058833,13.847122,100,inner
292,514,-20.499226,19.342923,100,inner
357,494,-17.366952,20.666312,100,inner
486,379,-8.729906,20.408565,100,inner
432,408,-11.730193,19.783446,100,inner
433,224,-5.777409,12.768685,100,inner
439,304,-8.119134,16.025420,100,inner
423,439,-13.071341,20.681400,100,inner
331,176,-8.140936,7.651680,100,inner
385,147,-5.140648,8.276800,100,inner
262,342,-16.119420,11.791281,100,inner
446,163,-3.318749,10.850355,100,inner
372,479,-16.310317,20.573995,100,inner
231,503,-22.481845,16.960860,100,inner
318,508,-19.310605,19.948876,100,inner
392,457,-14.837182,20.374309,100,inner
183,463,-23.034410,13.886015,100,inner
223,499,-22.659656,16.550515,100,inner
263,343,-16.113265,11.861724,100,inner
332,177,-8.134782,7.722122,100,inner
155,401,-22.113841,10.611485,100,inner
395,462,-14.883007,20.662233,100,inner
436,234,-5.983953,13.248101,100,inner
495,320,-6.488727,18.438256,100,inner
334,223,-9.536806,9.548136,100,inner
164,449,-23.312064,12.739103,100,inner
322,514,-19.350275,20.307242,100,inner
358,171,-6.946160,8.328075,100,inner
388,459,-15.054664,20.322330,100,inner
437,235,-5.977799,13.318543,100,inner
300,346,-14.792657,13.165945,100,inner
482,386,-9.108107,20.548078,100,inner
247,340,-16.629608,11.232525,100,inner
272,513,-21.233050,18.661746,100,inner
440,240,-6.023624,13.606467,100,inner
168,455,-23.351735,13.097469,100,inner
314,509,-19.495942,19.858598,100,inner
153,412,-22.544021,10.968479,100,inner
174,355,-19.907550,9.460493,100,inner
309,171,-8.822781,6.753021,100,inner
462,264,-5.952514,15.232795,100,inner
409,109,-3.000017,7.592915,100,inner
83,353,-23.328416,6.458798,100,inner
197,338,-18.480240,9.548731,100,inner
383,465,-15.439019,20.391401,100,inner
406,103,-2.922049,7.266693,100,inner
438,172,-3.914432,10.937889,100,inner
95,327,-22.033092,5.848767,100,inner
390,95,-3.277671,6.446003,100,inner
273,513,-21.194752,18.693890,100,inner
476,284,-6.059215,16.448779,100,inner
293,162,-9.146260,5.894033,100,inner
84,354,-23.322261,6.529240,100,inner
243,341,-16.814945,11.142248,100,inner
190,335,-18.651897,9.208829,100,inner
430,433,-12.610389,20.676618,100,inner
108,382,-23.303130,8.373050,100,inner
420,123,-3.028750,8.482676,100,inner
497,343,-7.151441,19.383407,100,inner
341,504,-18.301166,20.534993,100,inner
377,161,-5.897051,8.555826,100,inner
361,482,-16.828031,20.335307,100,inner
302,167,-8.962294,6.374820,100,inner
429,208,-5.416300,12.027335,100,inner
220,214,-13.613528,5.539041,100,inner
294,163,-9.140105,5.964475,100,inner
157,423,-22.744411,11.518337,100,inner
445,332,-8.789374,17.290639,100,inner
257,510,-21.711094,18.064692,100,inner
109,383,-23.296976,8.443492,100,inner
347,175,-7.496018,8.127685,100,inner
424,129,-3.068420,8.841042,100,inner
334,501,-18.472823,20.195090,100,inner
315,222,-10.232332,8.899103,100,inner
227,338,-17.331288,10.513050,100,inner
195,208,-14.378124,4.505652,100,inner
133,331,-20.706329,7.223430,100,inner
435,138,-2.936433,9.539311,100,inner
434,179,-4.292633,11.077402,100,inner
399,450,-14.344086,20.331228,100,inner
225,185,-12.489861,4.589108,100,inner
394,106,-3.478061,6.995861,100,inner
444,372,-10.113431,18.790431,100,inner
356,488,-17.212387,20.404378,100,inner
281,345,-15.488182,12.516911,100,inner
435,403,-11.454578,19.688386,100,inner
154,390,-21.798556,10.158058,100,inner
402,455,-14.389910,20.619152,100,inner
491,304,-6.127618,17.696906,100,inner
343,177,-7.713499,8.075706,100,inner
449,158,-3.043135,10.755294,100,inner
380,473,-15.811066,20.601356,100,inner
360,229,-8.733912,10.613669,100,inner
446,418,-11.515455,20.616445,100,inner
258,218,-12.286764,6.913705,100,inner
170,334,-19.385720,8.527651,100,inner
469,401,-10.088145,20.704683,100,inner
246,509,-22.100233,17.672810,100,inner
353,226,-8.905569,10.273767,100,inner
164,439,-22.990625,12.356119,100,inner
265,342,-16.004525,11.887713,100,inner
171,335,-19.379566,8.598094,100,inner
485,382,-8.864636,20.491317,100,inner
190,348,-19.069768,9.706708,100,inner
197,207,-14.269383,4.531642,100,inner
248,518,-22.312931,18.081783,100,inner
396,453,-14.555413,20.349691,100,inner
295,221,-10.966156,8.217926,100,inner
376,66,-2.881674,4.885334,100,inner
299,520,-20.424001,19.797721,100,inner
335,177,-8.019886,7.818554,100,inner
447,355,-9.452088,18.235790,100,inner
266,343,-15.998370,11.958155,100,inner
431,410,-11.832780,19.827899,100,inner
149,432,-23.340093,11.605871,100,inner
445,165,-3.421336,10.894807,100,inner
241,515,-22.484588,17.741881,100,inner
264,153,-9.967618,4.617173,100,inner
162,371,-20.881434,9.687540,100,inner
153,402,-22.222581,10.585495,100,inner
443,241,-5.940872,13.741197,100,inner
368,476,-16.367079,20.330524,100,inner
219,496,-22.716418,16.307044,100,inner
368,67,-3.220206,4.666481,100,inner
387,80,-2.910407,5.775095,100,inner
259,160,-10.384117,4.724542,100,inner
242,516,-22.478434,17.812323,100,inner
379,76,-3.088219,5.364750,100,inner
275,513,-21.118155,18.758178,100,inner
390,85,-2.956232,6.063019,100,inner
286,522,-20.986168,19.456447,100,inner
64,329,-23.284630,4.928901,100,inner
280,219,-11.476344,7.659170,100,inner
493,363,-7.947514,20.020799,100,inner
438,427,-12.111138,20.703979,100,inner
439,392,-10.947801,19.395679,100,inner
304,347,-14.671607,13.332819,100,inner
380,77,-3.082064,5.435192,100,inner
276,514,-21.112001,18.828620,100,inner
497,333,-6.830002,19.000423,100,inner
391,86,-2.950077,6.133461,100,inner
383,82,-3.127889,5.723116,100,inner
481,388,-9.210693,20.592531,100,inner
429,198,-5.094860,11.644351,100,inner
427,417,-12.210981,19.967412,100,inner
246,342,-16.732194,11.276978,100,inner
65,330,-23.278476,4.999344,100,inner
447,332,-8.712778,17.354927,100,inner
98,327,-21.918197,5.945199,100,inner
68,335,-23.324301,5.287267,100,inner
416,115,-2.924792,8.047713,100,inner
173,357,-20.010136,9.504946,100,inner
186,476,-23.337386,14.480326,100,inner
359,484,-16.968916,20.347616,100,inner
193,335,-18.537001,9.305260,100,inner
313,517,-19.791392,20.132841,100,inner
461,266,-6.055100,15.277248,100,inner
381,157,-5.615281,8.531208,100,inner
189,481,-23.383211,14.768250,100,inner
419,269,-7.760064,14.042098,100,inner
386,92,-3.334433,6.202532,100,inner
336,500,-18.364082,20.221079,100,inner
410,449,-13.890660,20.646513,100,inner
318,223,-10.149580,9.033833,100,inner
223,214,-13.498632,5.635473,100,inner
153,415,-22.640453,11.083374,100,inner
430,135,-3.031493,9.263696,100,inner
433,289,-7.866766,15.258081,100,inner
197,341,-18.576671,9.663627,100,inner
387,93,-3.328279,6.272974,100,inner
427,129,-2.953525,8.937474,100,inner
403,446,-14.062317,20.306610,100,inner
136,331,-20.591434,7.319862,100,inner
87,326,-22.307336,5.553317,100,inner
340,506,-18.403752,20.579445,100,inner
363,230,-8.651160,10.748400,100,inner
437,179,-4.177738,11.173833,100,inner
260,217,-12.178024,6.939694,100,inner
105,380,-23.353737,8.200021,100,inner
434,290,-7.860611,15.328523,100,inner
346,177,-7.598604,8.172138,100,inner
157,390,-21.683660,10.254490,100,inner
231,339,-17.210238,10.679924,100,inner
256,512,-21.813681,18.109145,100,inner
182,334,-18.926140,8.913379,100,inner
248,508,-21.991492,17.698799,100,inner
418,431,-13.005681,20.214294,100,inner
497,346,-7.247873,19.498302,100,inner
301,520,-20.347405,19.862009,100,inner
201,204,-14.019758,4.545322,100,inner
261,218,-12.171869,7.010137,100,inner
496,350,-7.414747,19.619351,100,inner
447,345,-9.130649,17.852806,100,inner
433,410,-11.756183,19.892187,100,inner
130,409,-23.328452,10.114273,100,inner
398,452,-14.446672,20.375681,100,inner
224,187,-12.592447,4.633560,100,inner
433,181,-4.395220,11.121854,100,inner
249,509,-21.985338,17.769242,100,inner
445,155,-3.099896,10.511824,100,inner
203,213,-14.232456,4.954296,100,inner
431,220,-5.725430,12.551204,100,inner
227,341,-17.427720,10.627945,100,inner
268,342,-15.889629,11.984145,100,inner
437,300,-8.067155,15.807939,100,inner
165,366,-20.605819,9.592480,100,inner
125,330,-20.980572,6.927980,100,inner
379,475,-15.913652,20.645809,100,inner
440,305,-8.112980,16.095863,100,inner
325,504,-18.913940,20.020690,100,inner
298,221,-10.851260,8.314358,100,inner
432,221,-5.719276,12.621646,100,inner
302,520,-20.309106,19.894153,100,inner
371,62,-2.944591,4.571421,100,inner
141,423,-23.357185,11.004034,100,inner
262,155,-10.108502,4.629482,100,inner
441,306,-8.106825,16.166305,100,inner
252,519,-22.191882,18.248658,100,inner
326,176,-8.332428,7.490960,100,inner
351,498,-17.725318,20.626642,100,inner
430,413,-11.967510,19.910650,100,inner
365,167,-6.549495,8.399889,100,inner
417,443,-13.429707,20.641730,100,inner
438,237,-6.003788,13.427284,100,inner
372,63,-2.938436,4.641863,100,inner
442,387,-10.672187,19.300619,100,inner
287,513,-20.658574,19.143905,100,inner
429,417,-12.134384,20.031699,100,inner
166,452,-23.331899,12.918286,100,inner
185,465,-23.022101,14.026900,100,inner
289,522,-20.871273,19.552879,100,inner
439,238,-5.997634,13.497726,100,inner
161,373,-20.984020,9.731993,100,inner
336,225,-9.524497,9.689021,100,inner
397,92,-2.913151,6.556115,100,inner
167,453,-23.325745,12.988728,100,inner
283,219,-11.361448,7.755602,100,inner
442,243,-6.043459,13.785650,100,inner
170,458,-23.371570,13.276652,100,inner
446,362,-9.715394,18.471735,100,inner
208,341,-18.155389,10.017210,100,inner
249,342,-16.617299,11.373410,100,inner
60,326,-23.341392,4.685430,100,inner
426,420,-12.345711,20.050163,100,inner
389,93,-3.251682,6.337262,100,inner
177,353,-19.728367,9.480328,100,inner
408,106,-2.941884,7.445876,100,inner
492,365,-8.050100,20.065251,100,inner
438,394,-11.050388,19.440132,100,inner
226,215,-13.415881,5.770203,100,inner
404,252,-7.788093,12.908866,100,inner
311,173,-8.810472,6.893906,100,inner
491,369,-8.216974,20.186301,100,inner
267,512,-21.392398,18.462728,100,inner
181,472,-23.400302,14.166413,100,inner
411,260,-7.777156,13.440261,100,inner
303,169,-8.988283,6.483561,100,inner
321,223,-10.034685,9.130265,100,inner
156,415,-22.525557,11.179806,100,inner
184,334,-18.849543,8.977667,100,inner
478,286,-6.046906,16.589663,100,inner
443,165,-3.497933,10.830520,100,inner
457,263,-6.111862,15.033777,100,inner
304,170,-8.982129,6.554003,100,inner
86,356,-23.309952,6.670125,100,inner
447,335,-8.809209,17.469822,100,inner
386,468,-15.420556,20.602728,100,inner
348,176,-7.489863,8.198127,100,inner
90,326,-22.192440,5.649749,100,inner
270,522,-21.598943,18.942144,100,inner
445,374,-10.139420,18.899172,100,inner
479,287,-6.040752,16.660106,100,inner
366,230,-8.536265,10.844831,100,inner
426,132,-3.088255,9.020226,100,inner
392,139,-4.615408,8.195420,100,inner
422,427,-12.723912,20.189676,100,inner
280,343,-15.462193,12.408171,100,inner
358,491,-17.232222,20.583561,100,inner
264,218,-12.056974,7.106568,100,inner
270,149,-9.609252,4.656843,100,inner
335,507,-18.627388,20.457024,100,inner
188,345,-19.049933,9.527525,100,inner
388,141,-4.832890,8.143441,100,inner
252,509,-21.870442,17.865674,100,inner
433,292,-7.963197,15.372976,100,inner
425,437,-12.930456,20.669092,100,inner
417,433,-13.108268,20.258746,100,inner
122,399,-23.313400,9.474138,100,inner
128,330,-20.865677,7.024412,100,inner
328,504,-18.799045,20.117121,100,inner
374,471,-15.976569,20.331896,100,inner
166,442,-23.010460,12.535302,100,inner
331,509,-18.844869,20.405045,100,inner
368,168,-6.466744,8.534619,100,inner
431,187,-4.664680,11.287357,100,inner
392,116,-3.876097,7.314557,100,inner
375,472,-15.970414,20.402338,100,inner
421,439,-13.147938,20.617113,100,inner
167,443,-23.004306,12.605744,100,inner
496,353,-7.511179,19.734247,100,inner
302,222,-10.730211,8.481232,100,inner
329,176,-8.217533,7.587392,100,inner
165,333,-19.545069,8.328633,100,inner
191,471,-22.985175,14.449554,100,inner
395,121,-3.921922,7.602481,100,inner
170,448,-23.050130,12.893668,100,inner
324,506,-19.016526,20.065142,100,inner
446,352,-9.393955,18.088751,100,inner
384,148,-5.211091,8.282954,100,inner
330,177,-8.211378,7.657835,100,inner
260,341,-16.163873,11.688695,100,inner
396,122,-3.915767,7.672923,100,inner
151,434,-23.327784,11.746756,100,inner
347,495,-17.782080,20.383171,100,inner
393,462,-14.959604,20.597945,100,inner
389,83,-2.930242,5.954278,100,inner
164,373,-20.869125,9.828425,100,inner
339,225,-9.409602,9.785453,100,inner
445,243,-5.928563,13.882082,100,inner
108,329,-21.599501,6.343235,100,inner
443,319,-8.448100,16.728472,100,inner
428,419,-12.236970,20.076152,100,inner
370,69,-3.207897,4.807366,100,inner
440,393,-10.941647,19.466121,100,inner
460,408,-10.657838,20.683476,100,inner
381,78,-3.075910,5.505635,100,inner
211,341,-18.040494,10.113642,100,inner
252,342,-16.502404,11.469842,100,inner
236,514,-22.643936,17.542862,100,inner
203,337,-18.218305,9.703297,100,inner
343,497,-17.999561,20.331192,100,inner
446,244,-5.922409,13.952524,100,inner
150,331,-20.055257,7.769877,100,inner
393,89,-2.969912,6.312644,100,inner
409,442,-13.703950,20.346280,100,inner
160,375,-21.086606,9.776446,100,inner
67,333,-23.298311,5.178527,100,inner
312,509,-19.572539,19.794310,100,inner
403,102,-3.004800,7.131963,100,inner
70,338,-23.344136,5.466451,100,inner
298,345,-14.837110,13.063358,100,inner
270,512,-21.277503,18.559160,100,inner
306,169,-8.873388,6.579993,100,inner
77,346,-23.333198,5.997845,100,inner
446,329,-8.654644,17.207888,100,inner
211,197,-13.411766,4.598673,100,inner
385,84,-3.115580,5.864001,100,inner
431,200,-5.082551,11.785236,100,inner
418,267,-7.734075,13.933357,100,inner
421,272,-7.779899,14.221281,100,inner
481,286,-5.932011,16.686095,100,inner
388,95,-3.354268,6.381715,100,inner
446,365,-9.811826,18.586630,100,inner
432,430,-12.437360,20.626010,100,inner
490,371,-8.319561,20.230754,100,inner
241,341,-16.891542,11.077960,100,inner
436,400,-11.319848,19.605634,100,inner
188,335,-18.728493,9.144541,100,inner
249,165,-10.927821,4.594594,100,inner
422,273,-7.773745,14.291723,100,inner
273,522,-21.484047,19.038576,100,inner
199,344,-18.596507,9.842810,100,inner
482,287,-5.925856,16.756537,100,inner
103,376,-23.301759,7.982540,100,inner
362,487,-16.950452,20.558943,100,inner
283,343,-15.347298,12.504603,100,inner
155,423,-22.821007,11.454049,100,inner
382,465,-15.477318,20.359257,100,inner
437,401,-11.313694,19.676077,100,inner
106,381,-23.347583,8.270463,100,inner
430,213,-5.538721,12.250971,100,inner
158,428,-22.866832,11.741973,100,inner
385,470,-15.523142,20.647181,100,inner
184,337,-18.945975,9.092562,100,inner
225,338,-17.407885,10.448762,100,inner
313,222,-10.308929,8.834815,100,inner
273,149,-9.494356,4.753275,100,inner
371,163,-6.191129,8.439559,100,inner
357,228,-8.816663,10.478939,100,inner
391,141,-4.717994,8.239873,100,inner
107,382,-23.341429,8.340906,100,inner
255,217,-12.369516,6.778975,100,inner
326,506,-18.939929,20.129430,100,inner
354,488,-17.288983,20.340090,100,inner
395,111,-3.600482,7.219497,100,inner
246,168,-11.139148,4.613058,100,inner
131,330,-20.750782,7.120844,100,inner
446,342,-9.072515,17.705767,100,inner
262,521,-21.873186,18.646694,100,inner
486,378,-8.697762,20.370267,100,inner
439,303,-8.086990,15.987122,100,inner
423,438,-13.039197,20.643102,100,inner
269,151,-9.711838,4.701296,100,inner
73,325,-22.811369,5.065003,100,inner
132,411,-23.316143,10.255158,100,inner
401,456,-14.460353,20.625306,100,inner
435,183,-4.382911,11.262739,100,inner
467,401,-10.164742,20.640395,100,inner
243,507,-22.150840,17.499781,100,inner
332,176,-8.102638,7.683824,100,inner
416,435,-13.210854,20.303199,100,inner
263,342,-16.081121,11.823425,100,inner
256,217,-12.331217,6.811118,100,inner
168,333,-19.430173,8.425065,100,inner
155,400,-22.081697,10.573186,100,inner
241,174,-11.523504,4.682128,100,inner
495,319,-6.456583,18.399957,100,inner
198,212,-14.391804,4.755278,100,inner
143,425,-23.344876,11.144919,100,inner
439,424,-11.976408,20.621228,100,inner
322,513,-19.318131,20.268943,100,inner
187,468,-23.041936,14.206083,100,inner
462,407,-10.549098,20.709466,100,inner
495,355,-7.613765,19.778699,100,inner
441,384,-10.614053,19.153580,100,inner
300,345,-14.760513,13.127646,100,inner
293,220,-11.010608,8.115340,100,inner
482,385,-9.075963,20.509780,100,inner
345,496,-17.890821,20.357181,100,inner
111,329,-21.484606,6.439667,100,inner
373,478,-16.239875,20.567841,100,inner
199,213,-14.385650,4.825720,100,inner
496,320,-6.450429,18.470400,100,inner
374,65,-2.926127,4.782748,100,inner
168,454,-23.319591,13.059171,100,inner
392,119,-3.972529,7.429452,100,inner
188,469,-23.035782,14.276525,100,inner
431,190,-4.761112,11.402252,100,inner
389,459,-15.016365,20.354474,100,inner
214,341,-17.925599,10.210074,100,inner
301,346,-14.754358,13.198089,100,inner
206,337,-18.103410,9.799728,100,inner
284,522,-21.062765,19.392159,100,inner
169,455,-23.313436,13.129613,100,inner
236,216,-13.065041,6.129941,100,inner
315,509,-19.457644,19.890742,100,inner
257,159,-10.428570,4.621956,100,inner
172,460,-23.359261,13.417537,100,inner
355,173,-7.125343,8.308240,100,inner
84,353,-23.290117,6.490942,100,inner
243,340,-16.782801,11.103950,100,inner
331,224,-9.683845,9.490003,100,inner
149,333,-20.157843,7.814330,100,inner
378,156,-5.698033,8.396478,100,inner
96,327,-21.994794,5.880911,100,inner
155,413,-22.499568,11.071065,100,inner
87,358,-23.335942,6.778865,100,inner
430,203,-5.217282,11.867987,100,inner
395,245,-7.907771,12.351482,100,inner
410,108,-2.929575,7.586761,100,inner
159,383,-21.382056,10.050689,100,inner
467,270,-5.953885,15.623306,100,inner
480,289,-6.066741,16.768846,100,inner
364,486,-16.841712,20.584932,100,inner
244,341,-16.776647,11.174392,100,inner
269,514,-21.380089,18.603613,100,inner
445,331,-8.757230,17.252341,100,inner
414,115,-3.001389,7.983426,100,inner
88,359,-23.329787,6.849308,100,inner
391,131,-4.396555,7.856889,100,inner
342,504,-18.262867,20.567137,100,inner
411,109,-2.923420,7.657203,100,inner
424,128,-3.036276,8.802744,100,inner
221,214,-13.575229,5.571185,100,inner
474,394,-9.671646,20.597314,100,inner
365,487,-16.835557,20.655375,100,inner
431,432,-12.539946,20.670463,100,inner
303,512,-20.013656,19.619910,100,inner
444,371,-10.081287,18.752133,100,inner
425,129,-3.030122,8.873186,100,inner
435,402,-11.422434,19.650087,100,inner
113,388,-23.304502,8.763560,100,inner
316,222,-10.194033,8.931247,100,inner
228,338,-17.292989,10.545194,100,inner
253,511,-21.896432,17.974414,100,inner
343,176,-7.681355,8.037407,100,inner
226,185,-12.451563,4.621252,100,inner
258,217,-12.254620,6.875406,100,inner
282,345,-15.449884,12.549055,100,inner
436,403,-11.416280,19.720530,100,inner
307,518,-20.053326,19.978276,100,inner
403,455,-14.351612,20.651296,100,inner
249,168,-11.024253,4.709490,100,inner
439,149,-3.136823,10.089169,100,inner
246,508,-22.068089,17.634512,100,inner
167,364,-20.464934,9.580171,100,inner
265,521,-21.758291,18.743126,100,inner
361,229,-8.695613,10.645813,100,inner
224,340,-17.510471,10.493215,100,inner
124,402,-23.333235,9.653321,100,inner
259,218,-12.248466,6.945849,100,inner
432,289,-7.905064,15.225937,100,inner
344,176,-7.643057,8.069551,100,inner
390,143,-4.820581,8.284326,100,inner
396,452,-14.523269,20.311393,100,inner
443,384,-10.537456,19.217868,100,inner
247,509,-22.061934,17.704954,100,inner
435,294,-7.950888,15.513861,100,inner
451,159,-2.998682,10.857881,100,inner
201,213,-14.309053,4.890008,100,inner
353,490,-17.391570,20.384542,100,inner
319,348,-14.129275,13.853276,100,inner
266,342,-15.966226,11.919857,100,inner
149,431,-23.307949,11.567573,100,inner
249,518,-22.274633,18.113927,100,inner
296,221,-10.927857,8.250070,100,inner
400,458,-14.562939,20.669759,100,inner
466,403,-10.267328,20.684848,100,inner
486,381,-8.794194,20.485162,100,inner
433,226,-5.841697,12.845282,100,inner
150,432,-23.301795,11.638015,100,inner
439,306,-8.183422,16.102017,100,inner
295,521,-20.609339,19.707444,100,inner
217,193,-13.053400,4.638343,100,inner
153,437,-23.347619,11.925939,100,inner
442,311,-8.229247,16.389941,100,inner
172,450,-23.037821,13.034553,100,inner
114,329,-21.369711,6.536099,100,inner
202,213,-14.270755,4.922152,100,inner
194,209,-14.448566,4.511807,100,inner
369,61,-2.989043,4.468835,100,inner
212,492,-22.855931,15.928843,100,inner
372,481,-16.374605,20.650592,100,inner
447,246,-5.948398,14.061265,100,inner
493,362,-7.915370,19.982500,100,inner
439,391,-10.915657,19.357381,100,inner
255,341,-16.355365,11.527975,100,inner
155,403,-22.178129,10.688081,100,inner
276,513,-21.079857,18.790322,100,inner
160,332,-19.704417,8.129615,100,inner
430,193,-4.895842,11.485003,100,inner
372,72,-3.227732,4.986549,100,inner
287,522,-20.947870,19.488591,100,inner
383,81,-3.095745,5.684818,100,inner
391,85,-2.917933,6.095163,100,inner
239,216,-12.950146,6.226373,100,inner
164,451,-23.376352,12.815700,100,inner
445,321,-8.435791,16.869357,100,inner
68,334,-23.292157,5.248969,100,inner
358,173,-7.010448,8.404671,100,inner
392,86,-2.911779,6.165605,100,inner
179,467,-23.316180,13.910633,100,inner
395,91,-2.957604,6.453529,100,inner
247,342,-16.693896,11.309122,100,inner
186,475,-23.305242,14.442028,100,inner
152,333,-20.042948,7.910762,100,inner
69,335,-23.286002,5.319411,100,inner
153,414,-22.608309,11.045076,100,inner
382,157,-5.576983,8.563352,100,inner
190,481,-23.344912,14.800394,100,inner
420,269,-7.721766,14.074242,100,inner
284,345,-15.373287,12.613343,100,inner
337,500,-18.325783,20.253223,100,inner
277,220,-11.623383,7.601036,100,inner
438,174,-3.978720,11.014485,100,inner
423,274,-7.767590,14.362166,100,inner
383,238,-8.142344,11.697666,100,inner
406,105,-2.986336,7.343290,100,inner
484,290,-5.945691,16.935720,100,inner
290,159,-9.164723,5.682706,100,inner
360,483,-16.898473,20.341461,100,inner
306,512,-19.898761,19.716342,100,inner
228,184,-12.342822,4.647241,100,inner
487,295,-5.991516,17.223644,100,inner
389,138,-4.698159,8.060690,100,inner
105,379,-23.321594,8.161723,100,inner
156,424,-22.814853,11.524492,100,inner
424,275,-7.761436,14.432608,100,inner
88,326,-22.269037,5.585461,100,inner
497,345,-7.215729,19.460003,100,inner
391,98,-3.335805,6.593042,100,inner
333,502,-18.543265,20.201244,100,inner
361,484,-16.892319,20.411904,100,inner
314,223,-10.302774,8.905258,100,inner
407,451,-14.069843,20.626678,100,inner
132,332,-20.776772,7.229585,100,inner
285,345,-15.334989,12.645487,100,inner
157,425,-22.808699,11.594934,100,inner
310,518,-19.938431,20.074708,100,inner
257,512,-21.775382,18.141288,100,inner
224,186,-12.560304,4.595262,100,inner
183,334,-18.887841,8.945523,100,inner
432,135,-2.954897,9.327984,100,inner
268,521,-21.643395,18.839557,100,inner
160,430,-22.854523,11.882858,100,inner
490,305,-6.198060,17.703060,100,inner
379,474,-15.881508,20.607511,100,inner
445,419,-11.585898,20.622599,100,inner
444,374,-10.177718,18.867028,100,inner
134,414,-23.335978,10.434341,100,inner
491,306,-6.191906,17.773502,100,inner
302,519,-20.276962,19.855855,100,inner
154,392,-21.862844,10.234655,100,inner
228,341,-17.389421,10.660089,100,inner
432,220,-5.687132,12.583348,100,inner
494,311,-6.237730,18.061426,100,inner
352,227,-8.976011,10.279921,100,inner
446,420,-11.579743,20.693042,100,inner
299,221,-10.812962,8.346502,100,inner
430,412,-11.935366,19.872351,100,inner
372,62,-2.906292,4.603565,100,inner
395,454,-14.625855,20.355846,100,inner
442,386,-10.640043,19.262321,100,inner
298,521,-20.494444,19.803876,100,inner
145,428,-23.364711,11.324102,100,inner
164,441,-23.054913,12.432716,100,inner
163,333,-19.621665,8.264345,100,inner
366,167,-6.511197,8.432033,100,inner
68,324,-22.970717,4.865985,100,inner
322,506,-19.093123,20.000854,100,inner
418,443,-13.391409,20.673874,100,inner
181,350,-19.478741,9.494009,100,inner
442,242,-6.011315,13.747352,100,inner
367,477,-16.437521,20.336679,100,inner
376,68,-2.945962,4.961931,100,inner
447,357,-9.516376,18.312387,100,inner
258,341,-16.240469,11.624407,100,inner
170,457,-23.339426,13.238354,100,inner
189,470,-23.029627,14.346968,100,inner
337,225,-9.486199,9.721165,100,inner
153,404,-22.286869,10.662092,100,inner
288,220,-11.202100,7.954620,100,inner
155,334,-19.960196,8.045492,100,inner
368,478,-16.431367,20.407121,100,inner
60,325,-23.309248,4.647132,100,inner
414,445,-13.608890,20.621895,100,inner
426,419,-12.313567,20.011864,100,inner
171,458,-23.333271,13.308796,100,inner
411,439,-13.530922,20.295673,100,inner
209,341,-18.117091,10.049354,100,inner
295,344,-14.919861,12.928628,100,inner
348,499,-17.872357,20.568508,100,inner
201,337,-18.294902,9.639009,100,inner
106,328,-21.643954,6.240649,100,inner
493,365,-8.011802,20.097395,100,inner
196,487,-23.307986,15.223048,100,inner
397,248,-7.927606,12.530665,100,inner
412,111,-2.949410,7.765944,100,inner
497,335,-6.894290,19.077019,100,inner
429,200,-5.159148,11.720948,100,inner
86,355,-23.277808,6.631826,100,inner
447,334,-8.777066,17.431524,100,inner
286,151,-9.060765,5.247743,100,inner
406,445,-13.915277,20.364744,100,inner
89,360,-23.323633,6.919750,100,inner
413,112,-2.943255,7.836386,100,inner
458,263,-6.073563,15.065921,100,inner
222,215,-13.569075,5.641628,100,inner
422,426,-12.691768,20.151377,100,inner
186,478,-23.401674,14.556923,100,inner
359,486,-17.033204,20.424213,100,inner
387,468,-15.382258,20.634872,100,inner
144,332,-20.317191,7.615312,100,inner
453,413,-11.086647,20.649961,100,inner
90,361,-23.317478,6.990192,100,inner
91,326,-22.154142,5.681893,100,inner
271,522,-21.560644,18.974288,100,inner
204,203,-13.872718,4.603456,100,inner
402,447,-14.132759,20.312765,100,inner
483,292,-6.048278,16.980173,100,inner
174,360,-20.068269,9.651985,100,inner
489,372,-8.390003,20.236908,100,inner
436,180,-4.248180,11.179988,100,inner
388,140,-4.800746,8.105143,100,inner
433,291,-7.931053,15.334678,100,inner
115,390,-23.292193,8.904444,100,inner
271,149,-9.570953,4.688987,100,inner
355,228,-8.893260,10.414651,100,inner
434,292,-7.924899,15.405120,100,inner
157,392,-21.747948,10.331087,100,inner
231,341,-17.274526,10.756521,100,inner
248,510,-22.055780,17.775396,100,inner
418,433,-13.069969,20.290890,100,inner
169,366,-20.452625,9.721056,100,inner
129,330,-20.827379,7.056556,100,inner
443,377,-10.312449,18.949779,100,inner
355,493,-17.411405,20.563726,100,inner
126,404,-23.320926,9.794205,100,inner
496,352,-7.479035,19.695948,100,inner
173,336,-19.335113,8.700680,100,inner
302,221,-10.698067,8.442933,100,inner
378,476,-15.984095,20.651964,100,inner
71,325,-22.887966,5.000715,100,inner
170,447,-23.017986,12.855370,100,inner
433,183,-4.459507,11.198451,100,inner
266,155,-9.955309,4.758058,100,inner
290,512,-20.511535,19.202039,100,inner
241,507,-22.227437,17.435493,100,inner
356,228,-8.854961,10.446795,100,inner
268,344,-15.953917,12.060742,100,inner
422,439,-13.109639,20.649257,100,inner
330,176,-8.179234,7.619536,100,inner
166,333,-19.506770,8.360777,100,inner
440,307,-8.177268,16.172460,100,inner
325,506,-18.978228,20.097286,100,inner
371,473,-16.155752,20.312061,100,inner
245,217,-12.752500,6.457535,100,inner
364,168,-6.619937,8.406043,100,inner
196,212,-14.468401,4.690990,100,inner
432,223,-5.783564,12.698243,100,inner
181,461,-23.046719,13.745131,100,inner
261,341,-16.125574,11.720839,100,inner
286,514,-20.729017,19.150060,100,inner
435,228,-5.829388,12.986167,100,inner
72,325,-22.849668,5.032859,100,inner
441,308,-8.171113,16.242902,100,inner
244,517,-22.433981,17.914909,100,inner
460,407,-10.625694,20.645178,100,inner
196,477,-22.986546,14.840064,100,inner
236,513,-22.611792,17.504564,100,inner
291,220,-11.087205,8.051052,100,inner
203,336,-18.186161,9.664998,100,inner
343,496,-17.967417,20.292893,100,inner
109,329,-21.561203,6.375379,100,inner
317,174,-8.612826,7.125068,100,inner
497,325,-6.572850,18.694035,100,inner
409,441,-13.671806,20.307982,100,inner
393,88,-2.937769,6.274346,100,inner
160,374,-21.054462,9.738148,100,inner
214,494,-22.843622,16.069728,100,inner
449,248,-5.936090,14.202150,100,inner
67,332,-23.266167,5.140228,100,inner
212,341,-18.002196,10.145786,100,inner
70,337,-23.311992,5.428152,100,inner
237,514,-22.605638,17.575006,100,inner
204,337,-18.180007,9.735441,100,inner
229,510,-22.783449,17.164661,100,inner
380,154,-5.557148,8.384169,100,inner
211,196,-13.379622,4.560375,100,inner
374,74,-3.215423,5.127434,100,inner
444,318,-8.377658,16.722318,100,inner
450,249,-5.929935,14.272592,100,inner
188,478,-23.325077,14.621211,100,inner
392,128,-4.261825,7.774138,100,inner
397,94,-2.977439,6.632712,100,inner
234,216,-13.141638,6.065653,100,inner
313,509,-19.534240,19.826454,100,inner
191,483,-23.370902,14.909135,100,inner
299,345,-14.798811,13.095502,100,inner
375,75,-3.209268,5.197876,100,inner
407,107,-3.012326,7.452031,100,inner
446,364,-9.779682,18.548332,100,inner
212,197,-13.373468,4.630817,100,inner
410,441,-13.633508,20.340126,100,inner
81,351,-23.340725,6.317913,100,inner
241,340,-16.859398,11.039662,100,inner
329,224,-9.760442,9.425715,100,inner
192,484,-23.364747,14.979577,100,inner
422,272,-7.741601,14.253425,100,inner
203,493,-23.232761,15.677846,100,inner
393,245,-7.984368,12.287194,100,inner
408,108,-3.006172,7.522473,100,inner
491,371,-8.281262,20.262898,100,inner
242,341,-16.853244,11.110104,100,inner
437,400,-11.281550,19.637778,100,inner
382,464,-15.445174,20.320959,100,inner
208,199,-13.590949,4.578838,100,inner
200,344,-18.558208,9.874954,100,inner
385,469,-15.490998,20.608882,100,inner
426,278,-7.781271,14.611791,100,inner
156,417,-22.589845,11.256403,100,inner
157,382,-21.426509,9.948103,100,inner
184,336,-18.913831,9.054263,100,inner
89,327,-22.262883,5.655903,100,inner
385,240,-8.130035,11.838550,100,inner
273,148,-9.462212,4.714976,100,inner
363,487,-16.912154,20.591087,100,inner
301,512,-20.090253,19.555622,100,inner
107,381,-23.309285,8.302607,100,inner
421,428,-12.794354,20.195830,100,inner
159,428,-22.828534,11.774117,100,inner
447,337,-8.873497,17.546419,100,inner
279,344,-15.532635,12.414325,100,inner
452,415,-11.189233,20.694413,100,inner
226,338,-17.369586,10.480906,100,inner
445,376,-10.203708,18.975768,100,inner
446,341,-9.040372,17.667469,100,inner
262,520,-21.841042,18.608395,100,inner
358,228,-8.778364,10.511083,100,inner
431,212,-5.468279,12.244817,100,inner
435,182,-4.350767,11.224441,100,inner
111,387,-23.348955,8.660973,100,inner
358,493,-17.296510,20.660157,100,inner
263,521,-21.834887,18.678838,100,inner
493,309,-6.211741,17.952685,100,inner
424,438,-13.000899,20.675246,100,inner
162,438,-23.035078,12.253533,100,inner
127,331,-20.936120,7.030567,100,inner
74,325,-22.773071,5.097147,100,inner
327,505,-18.869487,20.123276,100,inner
165,443,-23.080902,12.541457,100,inner
252,511,-21.934730,17.942270,100,inner
448,157,-3.049289,10.684852,100,inner
244,507,-22.112542,17.531925,100,inner
367,169,-6.537186,8.540773,100,inner
156,394,-21.850535,10.375540,100,inner
351,490,-17.468167,20.320255,100,inner
317,348,-14.205872,13.788989,100,inner
257,217,-12.292919,6.843262,100,inner
169,333,-19.391875,8.457209,100,inner
166,444,-23.074748,12.611899,100,inner
496,319,-6.418285,18.432101,100,inner
199,212,-14.353506,4.787422,100,inner
374,64,-2.893983,4.744450,100,inner
219,190,-12.880371,4.587736,100,inner
289,514,-20.614122,19.246491,100,inner
464,403,-10.343925,20.620560,100,inner
431,189,-4.728968,11.363954,100,inner
392,118,-3.940385,7.391154,100,inner
188,468,-23.003638,14.238227,100,inner
147,430,-23.352402,11.464986,100,inner
383,149,-5.281533,8.289109,100,inner
496,355,-7.575467,19.810843,100,inner
294,220,-10.972310,8.147484,100,inner
191,473,-23.049462,14.526151,100,inner
200,213,-14.347351,4.857864,100,inner
112,329,-21.446308,6.471811,100,inner
395,123,-3.986210,7.679078,100,inner
63,324,-23.162209,4.705265,100,inner
375,65,-2.887829,4.814892,100,inner
446,354,-9.458243,18.165348,100,inner
378,70,-2.933653,5.102816,100,inner
323,512,-19.247688,20.262789,100,inner
432,190,-4.722813,11.434396,100,inner
148,431,-23.346248,11.535429,100,inner
236,215,-13.032897,6.091643,100,inner
444,164,-3.427490,10.824365,100,inner
260,343,-16.228161,11.765292,100,inner
172,459,-23.327117,13.379238,100,inner
322,175,-8.453478,7.324086,100,inner
179,355,-19.716058,9.621213,100,inner
192,474,-23.043308,14.596593,100,inner
207,337,-18.065112,9.831872,100,inner
396,124,-3.980055,7.749520,100,inner
459,409,-10.728281,20.689631,100,inner
331,223,-9.651701,9.451705,100,inner
237,216,-13.026743,6.162085,100,inner
316,509,-19.419345,19.922886,100,inner
155,412,-22.467424,11.032767,100,inner
302,345,-14.683916,13.191934,100,inner
173,460,-23.320962,13.449681,100,inner
430,202,-5.185138,11.829689,100,inner
467,269,-5.921741,15.585007,100,inner
332,224,-9.645547,9.522147,100,inner
244,340,-16.744503,11.136094,100,inner
210,198,-13.482208,4.604828,100,inner
88,358,-23.297643,6.811009,100,inner
391,130,-4.364411,7.818591,100,inner
342,503,-18.230723,20.528838,100,inner
356,172,-7.054900,8.302085,100,inner
198,489,-23.295677,15.363933,100,inner
388,241,-8.047284,11.973281,100,inner
274,219,-11.706134,7.466306,100,inner
254,161,-10.607753,4.602121,100,inner
270,514,-21.341791,18.635757,100,inner
445,366,-9.882269,18.592785,100,inner
446,331,-8.718932,17.284485,100,inner
431,431,-12.507802,20.632165,100,inner
306,171,-8.937676,6.656590,100,inner
92,364,-23.337314,7.169376,100,inner
415,114,-2.930946,7.977271,100,inner
338,505,-18.448205,20.476859,100,inner
352,174,-7.272382,8.250106,100,inner
304,512,-19.975358,19.652054,100,inner
226,184,-12.419419,4.582953,100,inner
485,295,-6.068113,17.159356,100,inner
490,373,-8.383848,20.307351,100,inner
436,402,-11.384136,19.682231,100,inner
381,466,-15.547760,20.365411,100,inner
389,98,-3.412402,6.528754,100,inner
429,134,-3.037648,9.193254,100,inner
375,163,-6.037935,8.568135,100,inner
156,384,-21.529095,9.992556,100,inner
259,217,-12.216322,6.907550,100,inner
432,288,-7.872920,15.187639,100,inner
362,489,-17.014740,20.635540,100,inner
283,345,-15.411585,12.581199,100,inner
308,518,-20.015028,20.010420,100,inner
428,434,-12.719129,20.650628,100,inner
430,215,-5.603009,12.327568,100,inner
391,107,-3.625100,6.937728,100,inner
435,293,-7.918745,15.475562,100,inner
247,508,-22.029790,17.666655,100,inner
451,158,-2.966538,10.819582,100,inner
266,521,-21.719992,18.775270,100,inner
158,430,-22.931120,11.818570,100,inner
225,340,-17.472173,10.525359,100,inner
128,407,-23.340761,9.973388,100,inner
392,108,-3.618946,7.008170,100,inner
436,294,-7.912590,15.546005,100,inner
354,490,-17.353271,20.416686,100,inner
400,457,-14.530795,20.631461,100,inner
340,177,-7.828394,7.979274,100,inner
466,402,-10.235184,20.646550,100,inner
446,344,-9.136803,17.782364,100,inner
486,380,-8.762050,20.446864,100,inner
432,409,-11.762337,19.821744,100,inner
433,225,-5.809553,12.806984,100,inner
439,305,-8.151278,16.063719,100,inner
129,408,-23.334606,10.043831,100,inner
297,221,-10.889559,8.282214,100,inner
153,436,-23.315475,11.887640,100,inner
442,310,-8.197103,16.351643,100,inner
202,212,-14.238611,4.883854,100,inner
467,403,-10.229030,20.716992,100,inner
434,226,-5.803399,12.877426,100,inner
296,521,-20.571040,19.739588,100,inner
183,464,-23.066554,13.924314,100,inner
154,437,-23.309321,11.958083,100,inner
155,402,-22.145985,10.649783,100,inner
430,192,-4.863698,11.446705,100,inner
66,324,-23.047314,4.801697,100,inner
370,61,-2.950745,4.500979,100,inner
442,166,-3.568375,10.836674,100,inner
387,150,-5.160483,8.455983,100,inner
218,192,-12.982958,4.632189,100,inner
439,426,-12.040696,20.697824,100,inner
161,332,-19.666118,8.161759,100,inner
388,460,-15.086808,20.360629,100,inner
496,322,-6.514717,18.546996,100,inner
198,479,-22.974237,14.980949,100,inner
482,387,-9.140251,20.586377,100,inner
395,90,-2.925460,6.415231,100,inner
373,480,-16.304162,20.644437,100,inner
240,216,-12.911848,6.258517,100,inner
69,334,-23.253858,5.281113,100,inner
168,456,-23.383878,13.135767,100,inner
314,510,-19.528086,19.896897,100,inner
256,160,-10.499012,4.628110,100,inner
335,224,-9.530652,9.618579,100,inner
396,91,-2.919305,6.485673,100,inner
104,328,-21.720551,6.176361,100,inner
452,251,-5.917626,14.413477,100,inner
190,480,-23.312768,14.762096,100,inner
394,130,-4.249516,7.915023,100,inner
169,457,-23.377724,13.206210,100,inner
369,482,-16.521644,20.592458,100,inner
277,219,-11.591239,7.562738,100,inner
73,340,-23.293528,5.639479,100,inner
273,514,-21.226896,18.732188,100,inner
205,496,-23.252596,15.857029,100,inner
84,355,-23.354405,6.567538,100,inner
278,220,-11.585084,7.633180,100,inner
194,486,-23.352439,15.120462,100,inner
424,274,-7.729292,14.394309,100,inner
384,238,-8.104046,11.729810,100,inner
376,234,-8.281857,11.319464,100,inner
341,505,-18.333310,20.573291,100,inner
430,205,-5.281569,11.944584,100,inner
391,97,-3.303661,6.554744,100,inner
333,501,-18.511121,20.162946,100,inner
302,168,-8.994438,6.413119,100,inner
159,385,-21.446344,10.127286,100,inner
220,215,-13.645671,5.577340,100,inner
473,395,-9.742088,20.603468,100,inner
364,488,-16.906000,20.661529,100,inner
171,359,-20.151021,9.517255,100,inner
285,344,-15.302845,12.607189,100,inner
310,517,-19.906287,20.036409,100,inner
236,339,-17.018746,10.840644,100,inner
347,176,-7.528162,8.165983,100,inner
109,384,-23.329120,8.481790,100,inner
432,134,-2.922753,9.289686,100,inner
477,285,-6.053060,16.519221,100,inner
334,502,-18.504967,20.233388,100,inner
428,280,-7.768962,14.752676,100,inner
315,223,-10.264476,8.937402,100,inner
408,451,-14.031544,20.658822,100,inner
474,396,-9.735933,20.673911,100,inner
311,518,-19.900133,20.106852,100,inner
357,485,-17.077656,20.321626,100,inner
446,334,-8.815364,17.399380,100,inner
225,186,-12.522005,4.627406,100,inner
434,180,-4.324777,11.115700,100,inner
444,373,-10.145575,18.828729,100,inner
435,404,-11.486722,19.726684,100,inner
491,305,-6.159762,17.735204,100,inner
154,391,-21.830700,10.196357,100,inner
248,169,-11.094695,4.715644,100,inner
380,474,-15.843210,20.639655,100,inner
110,384,-23.290821,8.513934,100,inner
274,343,-15.691983,12.215307,100,inner
395,453,-14.593711,20.317548,100,inner
450,160,-3.069124,10.864035,100,inner
352,491,-17.462012,20.390697,100,inner
353,227,-8.937712,10.312065,100,inner
171,336,-19.411710,8.636392,100,inner
163,332,-19.589521,8.226047,100,inner
376,476,-16.060691,20.587676,100,inner
431,411,-11.864923,19.866197,100,inner
149,433,-23.372237,11.644169,100,inner
69,324,-22.932419,4.898129,100,inner
168,446,-23.062439,12.752784,100,inner
443,422,-11.758926,20.673207,100,inner
153,403,-22.254725,10.623793,100,inner
326,511,-19.100649,20.320922,100,inner
259,341,-16.202171,11.656551,100,inner
284,514,-20.805614,19.085772,100,inner
190,470,-22.991329,14.379112,100,inner
150,434,-23.366083,11.714612,100,inner
303,347,-14.709905,13.300675,100,inner
234,513,-22.688389,17.440276,100,inner
377,67,-2.875520,4.955777,100,inner
201,336,-18.262758,9.600710,100,inner
194,211,-14.512854,4.588404,100,inner
363,169,-6.690380,8.412198,100,inner
260,156,-10.217243,4.603492,100,inner
447,248,-6.012686,14.137862,100,inner
178,352,-19.657924,9.474174,100,inner
493,364,-7.979658,20.059097,100,inner
439,393,-10.979945,19.433977,100,inner
175,463,-23.340797,13.628864,100,inner
324,177,-8.441169,7.464971,100,inner
194,476,-23.030999,14.737478,100,inner
296,344,-14.881562,12.960772,100,inner
397,247,-7.895462,12.492366,100,inner
444,242,-5.934718,13.811640,100,inner
430,195,-4.960130,11.561600,100,inner
107,328,-21.605656,6.272793,100,inner
415,444,-13.538448,20.615741,100,inner
255,163,-10.633743,4.710861,100,inner
442,169,-3.664807,10.951569,100,inner
429,199,-5.127004,11.682650,100,inner
205,342,-18.302428,9.959077,100,inner
427,418,-12.243125,20.005710,100,inner
65,331,-23.310620,5.037642,100,inner
151,334,-20.113390,7.916916,100,inner
326,223,-9.843193,9.290985,100,inner
232,179,-12.028909,4.584325,100,inner
445,323,-8.500079,16.945954,100,inner
297,345,-14.875408,13.031215,100,inner
202,336,-18.224460,9.632854,100,inner
342,496,-18.005716,20.260749,100,inner
227,509,-22.827902,17.062075,100,inner
409,257,-7.757321,13.261078,100,inner
458,262,-6.041419,15.027623,100,inner
186,477,-23.369530,14.518625,100,inner
345,501,-18.051540,20.548673,100,inner
461,267,-6.087244,15.315547,100,inner
144,331,-20.285047,7.577014,100,inner
233,180,-12.022754,4.654767,100,inner
90,360,-23.285335,6.951894,100,inner
398,247,-7.857164,12.524510,100,inner
201,493,-23.309357,15.613558,100,inner
390,243,-8.034975,12.114165,100,inner
417,117,-2.950781,8.156454,100,inner
462,268,-6.081089,15.385989,100,inner
473,277,-5.949102,16.084258,100,inner
91,361,-23.279180,7.022336,100,inner
394,133,-4.345948,8.029918,100,inner
387,94,-3.360423,6.311273,100,inner
94,366,-23.325005,7.310260,100,inner
403,447,-14.094460,20.344909,100,inner
269,218,-11.865482,7.267288,100,inner
360,485,-16.962761,20.418058,100,inner
442,146,-2.925496,10.070706,100,inner
158,387,-21.548930,10.171739,100,inner
434,291,-7.892755,15.366822,100,inner
384,470,-15.561441,20.615037,100,inner
182,335,-18.958284,8.951677,100,inner
450,415,-11.265830,20.630126,100,inner
497,347,-7.280017,19.536600,100,inner
443,376,-10.280305,18.911481,100,inner
447,346,-9.162793,17.891105,100,inner
157,427,-22.872986,11.671531,100,inner
130,410,-23.360596,10.152571,100,inner
277,343,-15.577088,12.311739,100,inner
433,182,-4.427364,11.160153,100,inner
249,510,-22.017482,17.807540,100,inner
160,432,-22.918811,11.959454,100,inner
241,506,-22.195293,17.397195,100,inner
356,227,-8.822817,10.408497,100,inner
307,222,-10.538719,8.641952,100,inner
125,331,-21.012716,6.966279,100,inner
325,505,-18.946084,20.058988,100,inner
445,421,-11.650185,20.699196,100,inner
242,507,-22.189138,17.467637,100,inner
356,492,-17.340962,20.557571,100,inner
491,308,-6.256194,17.850099,100,inner
234,503,-22.366950,17.057292,100,inner
154,394,-21.927131,10.311252,100,inner
432,222,-5.751420,12.659945,100,inner
314,346,-14.256479,13.615960,100,inner
286,513,-20.696873,19.111761,100,inner
494,313,-6.302018,18.138023,100,inner
167,333,-19.468472,8.392921,100,inner
435,227,-5.797244,12.947868,100,inner
72,324,-22.817524,4.994561,100,inner
131,410,-23.322298,10.184715,100,inner
372,473,-16.117453,20.344205,100,inner
441,307,-8.138969,16.204604,100,inner
175,453,-23.019358,13.245880,100,inner
430,414,-11.999654,19.948948,100,inner
329,511,-18.985754,20.417354,100,inner
497,324,-6.540706,18.655737,100,inner
263,157,-10.134492,4.738222,100,inner
287,514,-20.690718,19.182204,100,inner
185,466,-23.054245,14.065198,100,inner
245,517,-22.395683,17.947053,100,inner
240,173,-11.529658,4.611686,100,inner
292,220,-11.048907,8.083196,100,inner
204,336,-18.147863,9.697142,100,inner
366,169,-6.575485,8.508629,100,inner
439,239,-6.029778,13.536025,100,inner
444,317,-8.345514,16.684019,100,inner
397,93,-2.945295,6.594414,100,inner
167,454,-23.357889,13.027027,100,inner
367,479,-16.501809,20.413275,100,inner
186,467,-23.048091,14.135641,100,inner
447,359,-9.580664,18.388984,100,inner
234,215,-13.109494,6.027355,100,inner
327,177,-8.326274,7.561403,100,inner
71,337,-23.273693,5.460296,100,inner
258,343,-16.304757,11.701004,100,inner
238,514,-22.567340,17.607150,100,inner
344,495,-17.896975,20.286739,100,inner
110,328,-21.490760,6.369224,100,inner
212,196,-13.341324,4.592519,100,inner
410,440,-13.601364,20.301828,100,inner
153,406,-22.351157,10.738689,100,inner
329,223,-9.728298,9.387417,100,inner
235,179,-11.914014,4.680757,100,inner
454,254,-5.937461,14.592660,100,inner
192,483,-23.332603,14.941279,100,inner
426,421,-12.377855,20.088461,100,inner
393,244,-7.952224,12.248895,100,inner
492,366,-8.082244,20.103550,100,inner
438,395,-11.082532,19.478430,100,inner
404,253,-7.820237,12.947164,100,inner
379,80,-3.216794,5.517944,100,inner
295,346,-14.984149,13.005225,100,inner
348,501,-17.936645,20.645105,100,inner
330,224,-9.722144,9.457859,100,inner
242,340,-16.821100,11.071806,100,inner
267,513,-21.424542,18.501026,100,inner
147,331,-20.170152,7.673445,100,inner
235,215,-13.071196,6.059499,100,inner
439,396,-11.076377,19.548873,100,inner
156,416,-22.557701,11.218104,100,inner
157,381,-21.394365,9.909805,100,inner
215,502,-23.062475,16.408259,100,inner
426,277,-7.749127,14.573493,100,inner
385,239,-8.097891,11.800252,100,inner
272,219,-11.782731,7.402018,100,inner
497,337,-6.958578,19.153616,100,inner
412,113,-3.013698,7.842541,100,inner
148,332,-20.163997,7.743888,100,inner
209,199,-13.552651,4.610982,100,inner
429,202,-5.223436,11.797545,100,inner
86,357,-23.342096,6.708423,100,inner
447,336,-8.841353,17.508121,100,inner
386,469,-15.452700,20.641026,100,inner
386,240,-8.091737,11.870694,100,inner
452,414,-11.157089,20.656115,100,inner
393,136,-4.480678,8.112669,100,inner
90,327,-22.224584,5.688047,100,inner
378,236,-8.269548,11.460349,100,inner
434,137,-2.942588,9.468869,100,inner
196,345,-18.743546,9.784676,100,inner
479,288,-6.072895,16.698404,100,inner
268,513,-21.386244,18.533170,100,inner
372,162,-6.120687,8.433404,100,inner
392,140,-4.647552,8.233719,100,inner
173,361,-20.138712,9.658140,100,inner
111,386,-23.316811,8.622675,100,inner
185,335,-18.843389,9.048109,100,inner
247,167,-11.068706,4.606903,100,inner
270,150,-9.641395,4.695141,100,inner
215,214,-13.805020,5.378322,100,inner
489,374,-8.454291,20.313505,100,inner
112,387,-23.310656,8.693117,100,inner
115,392,-23.356481,8.981041,100,inner
156,393,-21.818391,10.337241,100,inner
317,347,-14.173728,13.750690,100,inner
310,222,-10.423824,8.738383,100,inner
222,338,-17.522780,10.352330,100,inner
122,400,-23.345544,9.512436,100,inner
128,331,-20.897821,7.062711,100,inner
271,151,-9.635241,4.765584,100,inner
328,505,-18.831189,20.155420,100,inner
374,472,-16.008712,20.370194,100,inner
298,513,-20.237292,19.497489,100,inner
331,510,-18.877013,20.443344,100,inner
184,348,-19.299558,9.513844,100,inner
318,348,-14.167573,13.821133,100,inner
338,177,-7.904991,7.914986,100,inner
355,495,-17.475693,20.640322,100,inner
421,440,-13.180082,20.655411,100,inner
167,444,-23.036450,12.644043,100,inner
496,354,-7.543323,19.772545,100,inner
200,212,-14.315208,4.819566,100,inner
170,449,-23.082274,12.931967,100,inner
63,323,-23.130065,4.666967,100,inner
290,514,-20.575823,19.278635,100,inner
378,69,-2.901510,5.064517,100,inner
153,396,-22.029718,10.355705,100,inner
148,430,-23.314104,11.497130,100,inner
414,437,-13.351739,20.315508,100,inner
348,226,-9.097061,10.113047,100,inner
192,473,-23.011164,14.558295,100,inner
151,435,-23.359928,11.785054,100,inner
440,309,-8.241556,16.249056,100,inner
371,475,-16.220040,20.388658,100,inner
368,61,-3.027342,4.436691,100,inner
379,70,-2.895355,5.134960,100,inner
364,170,-6.684225,8.482640,100,inner
216,192,-13.059554,4.567901,100,inner
261,343,-16.189862,11.797436,100,inner
443,320,-8.480244,16.766771,100,inner
435,230,-5.893676,13.062764,100,inner
180,355,-19.677759,9.653357,100,inner
152,436,-23.353774,11.855496,100,inner
159,332,-19.742715,8.097471,100,inner
332,223,-9.613403,9.483849,100,inner
238,216,-12.988444,6.194229,100,inner
497,327,-6.637138,18.770632,100,inner
67,334,-23.330455,5.216825,100,inner
320,514,-19.426871,20.242954,100,inner
394,463,-14.953449,20.668388,100,inner
288,153,-9.048456,5.388628,100,inner
312,510,-19.604683,19.832609,100,inner
177,465,-23.328488,13.769748,100,inner
382,80,-3.101899,5.614376,100,inner
298,346,-14.869253,13.101657,100,inner
204,339,-18.244295,9.812037,100,inner
245,340,-16.706205,11.168237,100,inner
460,265,-6.061254,15.206806,100,inner
385,85,-3.147724,5.902299,100,inner
281,522,-21.177660,19.295727,100,inner
444,320,-8.441945,16.798914,100,inner
471,274,-5.929267,15.905075,100,inner
188,480,-23.389365,14.697808,100,inner
321,515,-19.420717,20.313396,100,inner
389,241,-8.008986,12.005424,100,inner
387,460,-15.125106,20.328485,100,inner
92,363,-23.305170,7.131077,100,inner
275,219,-11.667836,7.498450,100,inner
400,250,-7.876999,12.703693,100,inner
366,486,-16.765115,20.649220,100,inner
271,514,-21.303493,18.667900,100,inner
446,366,-9.843970,18.624928,100,inner
390,465,-15.170931,20.616409,100,inner
386,86,-3.141569,5.972742,100,inner
472,275,-5.923113,15.975517,100,inner
376,158,-5.838917,8.408787,100,inner
276,220,-11.661681,7.568893,100,inner
93,327,-22.109689,5.784479,100,inner
482,288,-5.958000,16.794836,100,inner
389,97,-3.380258,6.490456,100,inner
419,119,-2.938473,8.297339,100,inner
234,339,-17.095343,10.776356,100,inner
300,513,-20.160695,19.561776,100,inner
437,173,-3.984874,10.944043,100,inner
374,233,-8.326310,11.216878,100,inner
158,429,-22.898976,11.780271,100,inner
313,223,-10.341072,8.873114,100,inner
218,214,-13.690124,5.474753,100,inner
472,396,-9.812530,20.609623,100,inner
486,294,-5.997670,17.153202,100,inner
393,103,-3.419928,6.848822,100,inner
363,489,-16.976442,20.667684,100,inner
433,139,-3.045174,9.513322,100,inner
309,518,-19.976729,20.042564,100,inner
429,434,-12.680831,20.682772,100,inner
391,142,-4.750138,8.278171,100,inner
378,468,-15.726943,20.345576,100,inner
340,176,-7.796250,7.940976,100,inner
226,340,-17.433874,10.557503,100,inner
131,331,-20.782926,7.159142,100,inner
82,326,-22.498828,5.392597,100,inner
446,343,-9.104659,17.744065,100,inner
492,310,-6.282183,17.958840,100,inner
372,165,-6.217118,8.548300,100,inner
431,214,-5.532567,12.321413,100,inner
129,407,-23.302463,10.005532,100,inner
350,226,-9.020464,10.177335,100,inner
269,152,-9.743982,4.739594,100,inner
444,153,-3.073907,10.403083,100,inner
132,412,-23.348287,10.293456,100,inner
401,457,-14.492497,20.663605,100,inner
341,177,-7.790096,8.011418,100,inner
396,113,-3.626472,7.328238,100,inner
177,334,-19.117632,8.752659,100,inner
243,508,-22.182984,17.538080,100,inner
434,225,-5.771255,12.839128,100,inner
493,311,-6.276029,18.029282,100,inner
350,491,-17.538609,20.326409,100,inner
255,519,-22.076987,18.345089,100,inner
296,520,-20.538896,19.701289,100,inner
351,227,-9.014309,10.247777,100,inner
256,218,-12.363361,6.849417,100,inner
188,349,-19.178509,9.680718,100,inner
133,413,-23.342133,10.363898,100,inner
66,323,-23.015170,4.763399,100,inner
