cell_x,cell_y,world_x_m,world_y_m,hits
235,505,-22.392939,17.166033,100
236,504,-22.322497,17.159879,100
236,505,-22.354641,17.198177,100
236,506,-22.386785,17.236475,100
237,505,-22.316343,17.230321,100
155,396,-21.953121,10.419993,100
156,395,-21.882679,10.413838,100
156,396,-21.914823,10.452137,100
156,397,-21.946966,10.490435,100
157,396,-21.876524,10.484280,100
350,492,-17.570753,20.364707,100
351,491,-17.500310,20.358553,100
351,492,-17.532454,20.396851,100
351,493,-17.564598,20.435150,100
352,492,-17.494156,20.428995,100
296,521,-20.571040,19.739588,100
297,520,-20.500598,19.733433,100
297,521,-20.532742,19.771732,100
297,522,-20.564886,19.810030,100
298,521,-20.494444,19.803876,100
396,459,-14.748277,20.579482,100
397,458,-14.677834,20.573327,100
397,459,-14.709978,20.611626,100
397,460,-14.742122,20.649924,100
398,459,-14.671680,20.643770,100
217,191,-12.989112,4.561746,100
218,190,-12.918670,4.555592,100
218,191,-12.950814,4.593890,100
218,192,-12.982958,4.632189,100
219,191,-12.912515,4.626034,100
386,149,-5.166638,8.385540,100
387,148,-5.096196,8.379386,100
387,149,-5.128339,8.417684,100
387,150,-5.160483,8.455983,100
388,149,-5.090041,8.449828,100
119,330,-21.210363,6.735117,100
120,329,-21.139920,6.728962,100
120,330,-21.172064,6.767261,100
120,331,-21.204208,6.805559,100
121,330,-21.133766,6.799405,100
66,324,-23.047314,4.801697,100
67,323,-22.976872,4.795543,100
67,324,-23.009016,4.833841,100
67,325,-23.041160,4.872140,100
68,324,-22.970717,4.865985,100
494,356,-7.684208,19.784854,100
495,355,-7.613765,19.778699,100
495,356,-7.645909,19.816998,100
495,357,-7.678053,19.855296,100
496,356,-7.607611,19.849142,100
495,321,-6.520871,18.476554,100
496,320,-6.450429,18.470400,100
496,321,-6.482573,18.508698,100
496,322,-6.514717,18.546996,100
497,321,-6.444275,18.540842,100
440,385,-10.684495,19.159734,100
441,384,-10.614053,19.153580,100
441,385,-10.646197,19.191878,100
441,386,-10.678341,19.230177,100
442,385,-10.607899,19.224022,100
157,442,-23.355146,12.246007,100
158,441,-23.284703,12.239852,100
158,442,-23.316847,12.278151,100
158,443,-23.348991,12.316449,100
159,442,-23.278549,12.310294,100
292,221,-11.081051,8.121494,100
293,220,-11.010608,8.115340,100
293,221,-11.042752,8.153638,100
293,222,-11.074896,8.191936,100
294,221,-11.004454,8.185782,100
373,66,-2.996570,4.788903,100
374,65,-2.926127,4.782748,100
374,66,-2.958271,4.821046,100
374,67,-2.990415,4.859345,100
375,66,-2.919973,4.853190,100
228,502,-22.564596,16.826130,100
229,501,-22.494154,16.819976,100
229,502,-22.526298,16.858274,100
229,503,-22.558442,16.896573,100
230,502,-22.487999,16.890418,100
263,343,-16.113265,11.861724,100
264,342,-16.042823,11.855569,100
264,343,-16.074967,11.893868,100
264,344,-16.107111,11.932166,100
265,343,-16.036669,11.926012,100
430,191,-4.831554,11.408407,100
431,190,-4.761112,11.402252,100
431,191,-4.793256,11.440550,100
431,192,-4.825400,11.478849,100
432,191,-4.754957,11.472694,100
161,332,-19.666118,8.161759,100
162,331,-19.595676,8.155605,100
162,332,-19.627820,8.193903,100
162,333,-19.659964,8.232201,100
163,332,-19.589521,8.226047,100
391,120,-4.042972,7.435607,100
392,119,-3.972529,7.429452,100
392,120,-4.004673,7.467751,100
392,121,-4.036817,7.506049,100
393,120,-3.966375,7.499895,100
238,515,-22.599484,17.645449,100
239,514,-22.529041,17.639294,100
239,515,-22.561185,17.677593,100
239,516,-22.593329,17.715891,100
240,515,-22.522887,17.709737,100
394,125,-4.088796,7.723531,100
395,124,-4.018354,7.717376,100
395,125,-4.050498,7.755675,100
395,126,-4.082642,7.793973,100
396,125,-4.012199,7.787818,100
375,67,-2.952117,4.891489,100
375,68,-2.984261,4.929787,100
376,67,-2.913818,4.923633,100
440,241,-6.055767,13.644766,100
441,240,-5.985325,13.638611,100
441,241,-6.017469,13.676910,100
441,242,-6.049613,13.715208,100
442,241,-5.979171,13.709054,100
366,63,-3.168227,4.449000,100
367,62,-3.097784,4.442845,100
367,63,-3.129928,4.481144,100
367,64,-3.162072,4.519442,100
368,63,-3.091630,4.513288,100
445,356,-9.560829,18.209801,100
446,355,-9.490387,18.203646,100
446,356,-9.522531,18.241945,100
446,357,-9.554675,18.280243,100
447,356,-9.484232,18.274088,100
168,456,-23.383878,13.135767,100
169,455,-23.313436,13.129613,100
169,456,-23.345580,13.167911,100
169,457,-23.377724,13.206210,100
170,456,-23.307282,13.200055,100
322,514,-19.350275,20.307242,100
323,513,-19.279832,20.301087,100
323,514,-19.311976,20.339386,100
323,515,-19.344120,20.377684,100
324,514,-19.273678,20.371530,100
432,192,-4.787101,11.510993,100
432,193,-4.819245,11.549291,100
433,192,-4.748803,11.543137,100
214,194,-13.200439,4.580210,100
215,193,-13.129997,4.574055,100
215,194,-13.162141,4.612354,100
215,195,-13.194285,4.650652,100
216,194,-13.123842,4.644498,100
443,166,-3.530076,10.868818,100
444,165,-3.459634,10.862663,100
444,166,-3.491778,10.900962,100
444,167,-3.523922,10.939260,100
445,166,-3.453480,10.933106,100
171,461,-23.429703,13.423691,100
172,460,-23.359261,13.417537,100
172,461,-23.391405,13.455835,100
172,462,-23.423549,13.494134,100
173,461,-23.353106,13.487979,100
206,339,-18.167698,9.876325,100
207,338,-18.097256,9.870171,100
207,339,-18.129400,9.908469,100
207,340,-18.161544,9.946768,100
208,339,-18.091101,9.940613,100
204,495,-23.258750,15.786587,100
205,494,-23.188308,15.780432,100
205,495,-23.220452,15.818731,100
205,496,-23.252596,15.857029,100
206,495,-23.182153,15.850875,100
231,512,-22.771141,17.305546,100
232,511,-22.700698,17.299392,100
232,512,-22.732842,17.337690,100
232,513,-22.764986,17.375988,100
233,512,-22.694544,17.369834,100
223,508,-22.948952,16.895201,100
224,507,-22.878510,16.889046,100
224,508,-22.910653,16.927345,100
224,509,-22.942797,16.965643,100
225,508,-22.872355,16.959489,100
346,499,-17.948954,20.504220,100
347,498,-17.878512,20.498066,100
347,499,-17.910656,20.536364,100
347,500,-17.942800,20.574663,100
348,499,-17.872357,20.568508,100
104,328,-21.720551,6.176361,100
105,327,-21.650108,6.170206,100
105,328,-21.682252,6.208505,100
105,329,-21.714396,6.246803,100
106,328,-21.643954,6.240649,100
462,265,-5.984657,15.271094,100
463,264,-5.914215,15.264939,100
463,265,-5.946359,15.303238,100
463,266,-5.978503,15.341536,100
464,265,-5.908061,15.335382,100
354,174,-7.195785,8.314394,100
355,173,-7.125343,8.308240,100
355,174,-7.157487,8.346538,100
355,175,-7.189631,8.384836,100
356,174,-7.119188,8.378682,100
399,96,-2.965130,6.773597,100
400,95,-2.894687,6.767442,100
400,96,-2.926831,6.805741,100
400,97,-2.958975,6.844039,100
401,96,-2.888533,6.837885,100
478,389,-9.357732,20.534398,100
479,388,-9.287290,20.528243,100
479,389,-9.319434,20.566542,100
479,390,-9.351578,20.604840,100
480,389,-9.281135,20.598686,100
148,334,-20.228285,7.820485,100
149,333,-20.157843,7.814330,100
149,334,-20.189987,7.852629,100
149,335,-20.222131,7.890927,100
150,334,-20.151688,7.884772,100
277,219,-11.591239,7.562738,100
278,218,-11.520797,7.556584,100
278,219,-11.552940,7.594882,100
278,220,-11.585084,7.633180,100
279,219,-11.514642,7.627026,100
435,427,-12.226033,20.607547,100
436,426,-12.155591,20.601393,100
436,427,-12.187735,20.639691,100
436,428,-12.219879,20.677989,100
437,427,-12.149436,20.671835,100
193,485,-23.358593,15.050019,100
194,484,-23.288151,15.043865,100
194,485,-23.320295,15.082163,100
194,486,-23.352439,15.120462,100
195,485,-23.281996,15.114307,100
154,414,-22.570010,11.077220,100
155,413,-22.499568,11.071065,100
155,414,-22.531712,11.109364,100
155,415,-22.563856,11.147662,100
156,414,-22.493414,11.141508,100
301,347,-14.786502,13.236387,100
302,346,-14.716060,13.230233,100
302,347,-14.748204,13.268531,100
302,348,-14.780348,13.306829,100
303,347,-14.709905,13.300675,100
173,462,-23.385250,13.526278,100
173,463,-23.417394,13.564576,100
174,462,-23.346952,13.558421,100
283,150,-9.143516,5.113013,100
284,149,-9.073074,5.106858,100
284,150,-9.105218,5.145157,100
284,151,-9.137362,5.183455,100
285,150,-9.066920,5.177300,100
394,246,-7.978213,12.357636,100
395,245,-7.907771,12.351482,100
395,246,-7.939915,12.389780,100
395,247,-7.972059,12.428079,100
396,246,-7.901617,12.421924,100
429,204,-5.287724,11.874142,100
430,203,-5.217282,11.867987,100
430,204,-5.249425,11.906286,100
430,205,-5.281569,11.944584,100
431,204,-5.211127,11.938430,100
225,509,-22.904499,16.997787,100
225,510,-22.936643,17.036086,100
226,509,-22.866201,17.029931,100
438,173,-3.946576,10.976187,100
439,172,-3.876134,10.970033,100
439,173,-3.908278,11.008331,100
439,174,-3.940422,11.046629,100
440,173,-3.869979,11.040475,100
158,384,-21.452498,10.056844,100
159,383,-21.382056,10.050689,100
159,384,-21.414200,10.088988,100
159,385,-21.446344,10.127286,100
160,384,-21.375902,10.121132,100
252,162,-10.716494,4.576131,100
253,161,-10.646052,4.569977,100
253,162,-10.678195,4.608275,100
253,163,-10.710339,4.646573,100
254,162,-10.639897,4.640419,100
413,116,-3.071831,7.989580,100
414,115,-3.001389,7.983426,100
414,116,-3.033533,8.021724,100
414,117,-3.065677,8.060022,100
415,116,-2.995234,8.053868,100
141,331,-20.399942,7.480582,100
142,330,-20.329500,7.474427,100
142,331,-20.361644,7.512726,100
142,332,-20.393788,7.551024,100
143,331,-20.323345,7.544870,100
195,486,-23.314140,15.152606,100
195,487,-23.346284,15.190904,100
196,486,-23.275842,15.184750,100
390,132,-4.466997,7.863044,100
391,131,-4.396555,7.856889,100
391,132,-4.428699,7.895187,100
391,133,-4.460843,7.933486,100
392,132,-4.390400,7.927331,100
396,247,-7.933760,12.460222,100
396,248,-7.965904,12.498521,100
397,247,-7.895462,12.492366,100
287,156,-9.183186,5.471379,100
288,155,-9.112744,5.465224,100
288,156,-9.144888,5.503523,100
288,157,-9.177032,5.541821,100
289,156,-9.106590,5.535667,100
356,173,-7.087044,8.340384,100
356,175,-7.151332,8.416980,100
357,174,-7.080890,8.410826,100
407,450,-14.037699,20.588380,100
408,449,-13.967256,20.582225,100
408,450,-13.999400,20.620524,100
408,451,-14.031544,20.658822,100
409,450,-13.961102,20.652668,100
220,215,-13.645671,5.577340,100
221,214,-13.575229,5.571185,100
221,215,-13.607373,5.609484,100
221,216,-13.639517,5.647782,100
222,215,-13.569075,5.641628,100
444,368,-9.984855,18.637237,100
445,367,-9.914412,18.631083,100
445,368,-9.946556,18.669381,100
445,369,-9.978700,18.707680,100
446,368,-9.908258,18.701525,100
445,333,-8.821518,17.328938,100
446,332,-8.751076,17.322783,100
446,333,-8.783220,17.361081,100
446,334,-8.815364,17.399380,100
447,333,-8.744922,17.393225,100
236,339,-17.018746,10.840644,100
237,338,-16.948304,10.834489,100
237,339,-16.980448,10.872788,100
237,340,-17.012592,10.911086,100
238,339,-16.942149,10.904931,100
310,517,-19.906287,20.036409,100
311,516,-19.835845,20.030255,100
311,517,-19.867989,20.068553,100
311,518,-19.900133,20.106852,100
312,517,-19.829690,20.100697,100
194,342,-18.723711,9.605493,100
195,341,-18.653268,9.599339,100
195,342,-18.685412,9.637637,100
195,343,-18.717556,9.675935,100
196,342,-18.647114,9.669781,100
112,389,-23.374944,8.769714,100
113,388,-23.304502,8.763560,100
113,389,-23.336646,8.801858,100
113,390,-23.368790,8.840157,100
114,389,-23.298347,8.834002,100
315,223,-10.264476,8.937402,100
316,222,-10.194033,8.931247,100
316,223,-10.226177,8.969545,100
316,224,-10.258321,9.007844,100
317,223,-10.187879,9.001689,100
266,218,-11.980377,7.170856,100
267,217,-11.909935,7.164702,100
267,218,-11.942079,7.203000,100
267,219,-11.974223,7.241299,100
268,218,-11.903780,7.235144,100
178,334,-19.079333,8.784803,100
179,333,-19.008891,8.778648,100
179,334,-19.041035,8.816947,100
179,335,-19.073179,8.855245,100
180,334,-19.002737,8.849091,100
435,139,-2.968577,9.577610,100
436,138,-2.898135,9.571455,100
436,139,-2.930279,9.609754,100
436,140,-2.962423,9.648052,100
437,139,-2.891980,9.641898,100
480,290,-6.098885,16.807145,100
481,289,-6.028443,16.800990,100
481,290,-6.060587,16.839289,100
481,291,-6.092731,16.877587,100
482,290,-6.022288,16.871433,100
337,507,-18.550791,20.521312,100
338,506,-18.480349,20.515158,100
338,507,-18.512493,20.553456,100
338,508,-18.544637,20.591754,100
339,507,-18.474194,20.585600,100
373,164,-6.146676,8.542145,100
374,163,-6.076234,8.535991,100
374,164,-6.108378,8.574289,100
374,165,-6.140522,8.612587,100
375,164,-6.070079,8.606433,100
427,135,-3.146389,9.167265,100
428,134,-3.075946,9.161110,100
428,135,-3.108090,9.199409,100
428,136,-3.140234,9.237707,100
429,135,-3.069792,9.231553,100
357,485,-17.077656,20.321626,100
358,484,-17.007214,20.315472,100
358,485,-17.039358,20.353770,100
358,486,-17.071502,20.392069,100
359,485,-17.001060,20.385914,100
334,501,-18.472823,20.195090,100
335,500,-18.402380,20.188935,100
335,501,-18.434524,20.227234,100
335,502,-18.466668,20.265532,100
336,501,-18.396226,20.259378,100
306,519,-20.123769,19.984431,100
307,518,-20.053326,19.978276,100
307,519,-20.085470,20.016574,100
307,520,-20.117614,20.054873,100
308,519,-20.047172,20.048718,100
437,140,-2.924124,9.680196,100
437,141,-2.956268,9.718494,100
438,140,-2.885826,9.712340,100
84,326,-22.422231,5.456885,100
85,325,-22.351788,5.450731,100
85,326,-22.383932,5.489029,100
85,327,-22.416076,5.527327,100
86,326,-22.345634,5.521173,100
482,291,-6.054432,16.909731,100
482,292,-6.086576,16.948029,100
483,291,-6.016134,16.941875,100
190,344,-18.941192,9.553514,100
191,343,-18.870750,9.547360,100
191,344,-18.902894,9.585658,100
191,345,-18.935038,9.623956,100
192,344,-18.864595,9.617802,100
114,388,-23.266204,8.795704,100
114,390,-23.330491,8.872301,100
115,389,-23.260049,8.866146,100
343,177,-7.713499,8.075706,100
344,176,-7.643057,8.069551,100
344,177,-7.675201,8.107850,100
344,178,-7.707345,8.146148,100
345,177,-7.636902,8.139994,100
274,343,-15.691983,12.215307,100
275,342,-15.621541,12.209153,100
275,343,-15.653685,12.247451,100
275,344,-15.685829,12.285749,100
276,343,-15.615386,12.279595,100
389,144,-4.891023,8.290480,100
390,143,-4.820581,8.284326,100
390,144,-4.852725,8.322624,100
390,145,-4.884869,8.360923,100
391,144,-4.814426,8.354768,100
434,295,-8.021331,15.520015,100
435,294,-7.950888,15.513861,100
435,295,-7.983032,15.552159,100
435,296,-8.015176,15.590458,100
436,295,-7.944734,15.584303,100
429,217,-5.705595,12.372021,100
430,216,-5.635153,12.365866,100
430,217,-5.667297,12.404165,100
430,218,-5.699441,12.442463,100
431,217,-5.628998,12.436309,100
450,160,-3.069124,10.864035,100
451,159,-2.998682,10.857881,100
451,160,-3.030826,10.896179,100
451,161,-3.062970,10.934478,100
452,160,-2.992527,10.928323,100
353,227,-8.937712,10.312065,100
354,226,-8.867270,10.305911,100
354,227,-8.899414,10.344209,100
354,228,-8.931558,10.382507,100
355,227,-8.861116,10.376353,100
304,222,-10.653614,8.545520,100
305,221,-10.583172,8.539365,100
305,222,-10.615316,8.577664,100
305,223,-10.647460,8.615962,100
306,222,-10.577017,8.609808,100
216,338,-17.752570,10.159466,100
217,337,-17.682128,10.153312,100
217,338,-17.714272,10.191610,100
217,339,-17.746416,10.229909,100
218,338,-17.675973,10.223754,100
209,213,-14.002666,5.147160,100
210,212,-13.932224,5.141005,100
210,213,-13.964368,5.179303,100
210,214,-13.996511,5.217602,100
211,213,-13.926069,5.211447,100
167,445,-23.068593,12.682341,100
168,444,-22.998151,12.676187,100
168,445,-23.030295,12.714485,100
168,446,-23.062439,12.752784,100
169,445,-22.991997,12.746629,100
391,110,-3.721532,7.052623,100
392,109,-3.651090,7.046468,100
392,110,-3.683234,7.084767,100
392,111,-3.715378,7.123065,100
393,110,-3.644935,7.116911,100
442,421,-11.765081,20.602764,100
443,420,-11.694638,20.596610,100
443,421,-11.726782,20.634908,100
443,422,-11.758926,20.673207,100
444,421,-11.688484,20.667052,100
238,505,-22.278044,17.262465,100
239,504,-22.207602,17.256310,100
239,505,-22.239746,17.294609,100
239,506,-22.271890,17.332907,100
240,505,-22.201447,17.326753,100
311,346,-14.371374,13.519528,100
312,345,-14.300932,13.513374,100
312,346,-14.333076,13.551672,100
312,347,-14.365220,13.589970,100
313,346,-14.294778,13.583816,100
446,162,-3.286606,10.812056,100
447,161,-3.216163,10.805902,100
447,162,-3.248307,10.844200,100
447,163,-3.280451,10.882499,100
448,162,-3.210009,10.876344,100
283,513,-20.811768,19.015329,100
284,512,-20.741326,19.009175,100
284,513,-20.773470,19.047473,100
284,514,-20.805614,19.085772,100
285,513,-20.735171,19.079617,100
445,346,-9.239390,17.826817,100
446,345,-9.168947,17.820662,100
446,346,-9.201091,17.858961,100
446,347,-9.233235,17.897259,100
447,346,-9.162793,17.891105,100
431,411,-11.864923,19.866197,100
432,410,-11.794481,19.860043,100
432,411,-11.826625,19.898341,100
432,412,-11.858769,19.936639,100
433,411,-11.788327,19.930485,100
149,433,-23.372237,11.644169,100
150,432,-23.301795,11.638015,100
150,433,-23.333939,11.676313,100
150,434,-23.366083,11.714612,100
151,433,-23.295640,11.708457,100
376,475,-16.028548,20.549377,100
377,474,-15.958105,20.543223,100
377,475,-15.990249,20.581521,100
377,476,-16.022393,20.619820,100
378,475,-15.951951,20.613665,100
169,446,-23.024141,12.784927,100
169,447,-23.056285,12.823226,100
170,446,-22.985842,12.817071,100
441,312,-8.299689,16.396095,100
442,311,-8.229247,16.389941,100
442,312,-8.261391,16.428239,100
442,313,-8.293535,16.466538,100
443,312,-8.223092,16.460383,100
171,451,-23.108264,13.040707,100
172,450,-23.037821,13.034553,100
172,451,-23.069965,13.072851,100
172,452,-23.102109,13.111150,100
173,451,-23.031667,13.104995,100
231,502,-22.449701,16.922562,100
232,501,-22.379259,16.916408,100
232,502,-22.411403,16.954706,100
232,503,-22.443547,16.993004,100
233,502,-22.373104,16.986850,100
204,485,-22.937311,15.403603,100
205,484,-22.866868,15.397448,100
205,485,-22.899012,15.435747,100
205,486,-22.931156,15.474045,100
206,485,-22.860714,15.467891,100
392,456,-14.805038,20.336011,100
393,455,-14.734596,20.329856,100
393,456,-14.766740,20.368155,100
393,457,-14.798884,20.406453,100
394,456,-14.728442,20.400299,100
223,498,-22.627512,16.512217,100
224,497,-22.557070,16.506062,100
224,498,-22.589214,16.544361,100
224,499,-22.621358,16.582659,100
225,498,-22.550916,16.576505,100
193,210,-14.519008,4.517961,100
194,209,-14.448566,4.511807,100
194,210,-14.480710,4.550105,100
194,211,-14.512854,4.588404,100
195,210,-14.442412,4.582249,100
368,62,-3.059486,4.474989,100
369,61,-2.989043,4.468835,100
369,62,-3.021187,4.507133,100
369,63,-3.053331,4.545432,100
370,62,-2.982889,4.539277,100
433,228,-5.905985,12.921879,100
434,227,-5.835543,12.915724,100
434,228,-5.867687,12.954023,100
434,229,-5.899831,12.992321,100
435,228,-5.829388,12.986167,100
163,367,-20.714559,9.566491,100
164,366,-20.644117,9.560336,100
164,367,-20.676261,9.598635,100
164,368,-20.708405,9.636933,100
165,367,-20.637963,9.630779,100
385,151,-5.269224,8.429993,100
386,150,-5.198782,8.423839,100
386,151,-5.230926,8.462137,100
386,152,-5.263070,8.500436,100
387,151,-5.192627,8.494281,100
323,176,-8.447323,7.394529,100
324,175,-8.376881,7.388374,100
324,176,-8.409025,7.426673,100
324,177,-8.441169,7.464971,100
325,176,-8.370726,7.458816,100
193,475,-23.037154,14.667036,100
194,474,-22.966711,14.660881,100
194,475,-22.998855,14.699179,100
194,476,-23.030999,14.737478,100
195,475,-22.960557,14.731323,100
154,404,-22.248571,10.694236,100
155,403,-22.178129,10.688081,100
155,404,-22.210272,10.726380,100
155,405,-22.242416,10.764678,100
156,404,-22.171974,10.758524,100
254,342,-16.425807,11.534130,100
255,341,-16.355365,11.527975,100
255,342,-16.387509,11.566274,100
255,343,-16.419653,11.604572,100
256,342,-16.349210,11.598418,100
159,333,-19.774859,8.135770,100
160,332,-19.704417,8.129615,100
160,333,-19.736560,8.167914,100
160,334,-19.768704,8.206212,100
161,333,-19.698262,8.200057,100
153,439,-23.411907,12.002536,100
154,438,-23.341465,11.996381,100
154,439,-23.373609,12.034680,100
154,440,-23.405753,12.072978,100
155,439,-23.335311,12.066823,100
348,498,-17.840213,20.530210,100
349,497,-17.769771,20.524055,100
349,498,-17.801915,20.562354,100
349,499,-17.834059,20.600652,100
350,498,-17.763616,20.594498,100
429,194,-4.966284,11.491158,100
430,193,-4.895842,11.485003,100
430,194,-4.927986,11.523302,100
430,195,-4.960130,11.561600,100
431,194,-4.889688,11.555446,100
285,512,-20.703027,19.041319,100
285,514,-20.767315,19.117916,100
286,513,-20.696873,19.111761,100
444,322,-8.506233,16.875511,100
445,321,-8.435791,16.869357,100
445,322,-8.467935,16.907655,100
445,323,-8.500079,16.945954,100
446,322,-8.429637,16.939799,100
325,177,-8.402870,7.497115,100
325,178,-8.435014,7.535413,100
326,177,-8.364572,7.529259,100
195,476,-22.992701,14.769622,100
195,477,-23.024845,14.807920,100
196,476,-22.954402,14.801766,100
391,87,-2.982221,6.171760,100
392,86,-2.911779,6.165605,100
392,87,-2.943923,6.203904,100
392,88,-2.976067,6.242202,100
393,87,-2.905625,6.236048,100
178,468,-23.386622,13.916788,100
179,467,-23.316180,13.910633,100
179,468,-23.348323,13.948932,100
179,469,-23.380467,13.987230,100
180,468,-23.310025,13.981075,100
383,83,-3.160033,5.761415,100
384,82,-3.089590,5.755260,100
384,83,-3.121734,5.793559,100
384,84,-3.153878,5.831857,100
385,83,-3.083436,5.825703,100
447,247,-5.980542,14.099564,100
448,246,-5.910100,14.093409,100
448,247,-5.942244,14.131708,100
448,248,-5.974388,14.170006,100
449,247,-5.903946,14.163851,100
232,179,-12.028909,4.584325,100
233,178,-11.958466,4.578170,100
233,179,-11.990610,4.616469,100
233,180,-12.022754,4.654767,100
234,179,-11.952312,4.648613,100
68,336,-23.356445,5.325566,100
69,335,-23.286002,5.319411,100
69,336,-23.318146,5.357710,100
69,337,-23.350290,5.396008,100
70,336,-23.279848,5.389854,100
372,73,-3.259876,5.024847,100
373,72,-3.189433,5.018693,100
373,73,-3.221577,5.056991,100
373,74,-3.253721,5.095290,100
374,73,-3.183279,5.089135,100
200,492,-23.315512,15.543116,100
201,491,-23.245070,15.536961,100
201,492,-23.277213,15.575260,100
201,493,-23.309357,15.613558,100
202,492,-23.238915,15.607404,100
389,242,-8.041129,12.043723,100
390,241,-7.970687,12.037568,100
390,242,-8.002831,12.075867,100
390,243,-8.034975,12.114165,100
391,242,-7.964533,12.108011,100
255,162,-10.601599,4.672563,100
256,161,-10.531156,4.666408,100
256,162,-10.563300,4.704707,100
256,163,-10.595444,4.743005,100
257,162,-10.525002,4.736851,100
416,116,-2.956936,8.086012,100
417,115,-2.886494,8.079857,100
417,116,-2.918638,8.118156,100
417,117,-2.950781,8.156454,100
418,116,-2.880339,8.150300,100
395,93,-3.021891,6.530126,100
396,92,-2.951449,6.523971,100
396,93,-2.983593,6.562270,100
396,94,-3.015737,6.600568,100
397,93,-2.945295,6.594414,100
197,337,-18.448096,9.510433,100
198,336,-18.377653,9.504279,100
198,337,-18.409797,9.542577,100
198,338,-18.441941,9.580875,100
199,337,-18.371499,9.574721,100
365,479,-16.578406,20.348987,100
366,478,-16.507963,20.342833,100
366,479,-16.540107,20.381131,100
366,480,-16.572251,20.419430,100
367,479,-16.501809,20.413275,100
232,215,-13.186091,5.963067,100
233,214,-13.115648,5.956913,100
233,215,-13.147792,5.995211,100
233,216,-13.179936,6.033509,100
234,215,-13.109494,6.027355,100
144,331,-20.285047,7.577014,100
145,330,-20.214605,7.570859,100
145,331,-20.246748,7.609158,100
145,332,-20.278892,7.647456,100
146,331,-20.208450,7.641302,100
472,276,-5.955257,16.013816,100
473,275,-5.884815,16.007661,100
473,276,-5.916959,16.045960,100
473,277,-5.949102,16.084258,100
474,276,-5.878660,16.078103,100
393,132,-4.352102,7.959475,100
394,131,-4.281660,7.953321,100
394,132,-4.313804,7.991619,100
394,133,-4.345948,8.029918,100
395,132,-4.275505,8.023763,100
189,482,-23.415355,14.806549,100
190,481,-23.344912,14.800394,100
190,482,-23.377056,14.838692,100
190,483,-23.409200,14.876991,100
191,482,-23.338758,14.870836,100
419,270,-7.792208,14.080396,100
420,269,-7.721766,14.074242,100
420,270,-7.753910,14.112540,100
420,271,-7.786054,14.150839,100
421,270,-7.715611,14.144684,100
387,89,-3.199703,6.119781,100
388,88,-3.129261,6.113626,100
388,89,-3.161404,6.151925,100
388,90,-3.193548,6.190223,100
389,89,-3.123106,6.184069,100
391,243,-7.996677,12.146309,100
391,244,-8.028821,12.184608,100
392,243,-7.958378,12.178453,100
93,365,-23.331159,7.239818,100
94,364,-23.260717,7.233663,100
94,365,-23.292861,7.271962,100
94,366,-23.325005,7.310260,100
95,365,-23.254562,7.304106,100
382,239,-8.212786,11.703820,100
383,238,-8.142344,11.697666,100
383,239,-8.174488,11.735964,100
383,240,-8.206632,11.774262,100
384,239,-8.136190,11.768108,100
153,416,-22.672597,11.121673,100
154,415,-22.602154,11.115518,100
154,416,-22.634298,11.153816,100
154,417,-22.666442,11.192115,100
155,416,-22.596000,11.185960,100
401,252,-7.902988,12.812434,100
402,251,-7.832546,12.806280,100
402,252,-7.864690,12.844578,100
402,253,-7.896834,12.882876,100
403,252,-7.826391,12.876722,100
434,429,-12.328619,20.652000,100
435,428,-12.258177,20.645845,100
435,429,-12.290321,20.684144,100
435,430,-12.322465,20.722442,100
436,429,-12.252023,20.716288,100
484,290,-5.945691,16.935720,100
484,291,-5.977835,16.974019,100
484,292,-6.009979,17.012317,100
485,291,-5.939537,17.006163,100
437,175,-4.049162,11.020640,100
438,174,-3.978720,11.014485,100
438,175,-4.010864,11.052784,100
438,176,-4.043008,11.091082,100
439,175,-3.972566,11.084928,100
264,512,-21.507294,18.366296,100
265,511,-21.436851,18.360142,100
265,512,-21.468995,18.398440,100
265,513,-21.501139,18.436738,100
266,512,-21.430697,18.430584,100
157,386,-21.555085,10.101297,100
158,385,-21.484642,10.095142,100
158,386,-21.516786,10.133440,100
158,387,-21.548930,10.171739,100
159,386,-21.478488,10.165584,100
486,296,-6.061958,17.229799,100
487,295,-5.991516,17.223644,100
487,296,-6.023660,17.261943,100
487,297,-6.055804,17.300241,100
488,296,-5.985362,17.294087,100
465,273,-6.126914,15.673913,100
466,272,-6.056472,15.667758,100
466,273,-6.088615,15.706057,100
466,274,-6.120759,15.744355,100
467,273,-6.050317,15.738201,100
169,360,-20.259761,9.491266,100
170,359,-20.189319,9.485111,100
170,360,-20.221463,9.523410,100
170,361,-20.253607,9.561708,100
171,360,-20.183165,9.555554,100
377,160,-5.864907,8.517527,100
378,159,-5.794464,8.511373,100
378,160,-5.826608,8.549671,100
378,161,-5.858752,8.587970,100
379,160,-5.788310,8.581815,100
383,469,-15.567595,20.544595,100
384,468,-15.497153,20.538440,100
384,469,-15.529297,20.576738,100
384,470,-15.561441,20.615037,100
385,469,-15.490998,20.608882,100
95,366,-23.286706,7.342404,100
95,367,-23.318850,7.380703,100
96,366,-23.248408,7.374548,100
423,276,-7.831878,14.438762,100
424,275,-7.761436,14.432608,100
424,276,-7.793580,14.470906,100
424,277,-7.825724,14.509205,100
425,276,-7.755281,14.503050,100
269,218,-11.865482,7.267288,100
270,217,-11.795040,7.261134,100
270,218,-11.827184,7.299432,100
270,219,-11.859328,7.337730,100
271,218,-11.788885,7.331576,100
389,134,-4.569584,7.907496,100
390,133,-4.499141,7.901342,100
390,134,-4.531285,7.939640,100
390,135,-4.563429,7.977939,100
391,134,-4.492987,7.971784,100
429,207,-5.384156,11.989037,100
430,206,-5.313713,11.982882,100
430,207,-5.345857,12.021181,100
430,208,-5.378001,12.059479,100
431,207,-5.307559,12.053325,100
406,452,-14.140285,20.632833,100
407,451,-14.069843,20.626678,100
407,452,-14.101987,20.664976,100
407,453,-14.134131,20.703275,100
408,452,-14.063688,20.697120,100
488,297,-6.017505,17.332385,100
488,298,-6.049649,17.370683,100
489,297,-5.979207,17.364529,100
472,397,-9.844674,20.647921,100
473,396,-9.774232,20.641767,100
473,397,-9.806376,20.680065,100
473,398,-9.838520,20.718364,100
474,397,-9.768077,20.712209,100
156,426,-22.879141,11.601088,100
157,425,-22.808699,11.594934,100
157,426,-22.840842,11.633232,100
157,427,-22.872986,11.671531,100
158,426,-22.802544,11.665376,100
235,341,-17.121333,10.885096,100
236,340,-17.050890,10.878942,100
236,341,-17.083034,10.917240,100
236,342,-17.115178,10.955539,100
237,341,-17.044736,10.949384,100
182,335,-18.958284,8.951677,100
183,334,-18.887841,8.945523,100
183,335,-18.919985,8.983821,100
183,336,-18.952129,9.022119,100
184,335,-18.881687,9.015965,100
391,100,-3.400093,6.669639,100
392,99,-3.329650,6.663484,100
392,100,-3.361794,6.701783,100
392,101,-3.393938,6.740081,100
393,100,-3.323496,6.733927,100
159,431,-22.924965,11.889012,100
160,430,-22.854523,11.882858,100
160,431,-22.886667,11.921156,100
160,432,-22.918811,11.959454,100
161,431,-22.848369,11.953300,100
399,449,-14.311942,20.292930,100
400,448,-14.241500,20.286775,100
400,449,-14.273644,20.325074,100
400,450,-14.305788,20.363372,100
401,449,-14.235345,20.357218,100
306,221,-10.544873,8.571509,100
307,220,-10.474431,8.565355,100
307,221,-10.506575,8.603653,100
307,222,-10.538719,8.641952,100
308,221,-10.468277,8.635797,100
212,214,-13.919915,5.281890,100
213,213,-13.849472,5.275735,100
213,214,-13.881616,5.314034,100
213,215,-13.913760,5.352332,100
214,214,-13.843318,5.346178,100
356,487,-17.180243,20.366079,100
357,486,-17.109800,20.359925,100
357,487,-17.141944,20.398223,100
357,488,-17.174088,20.436521,100
358,487,-17.103646,20.430367,100
277,343,-15.577088,12.311739,100
278,342,-15.506646,12.305584,100
278,343,-15.538789,12.343883,100
278,344,-15.570933,12.382181,100
279,343,-15.500491,12.376027,100
445,156,-3.132040,10.550122,100
446,155,-3.061598,10.543967,100
446,156,-3.093742,10.582266,100
446,157,-3.125886,10.620564,100
447,156,-3.055443,10.614410,100
443,375,-10.248161,18.873182,100
444,374,-10.177718,18.867028,100
444,375,-10.209862,18.905326,100
444,376,-10.242006,18.943625,100
445,375,-10.171564,18.937470,100
490,307,-6.262348,17.779657,100
491,306,-6.191906,17.773502,100
491,307,-6.224050,17.811801,100
491,308,-6.256194,17.850099,100
492,307,-6.185751,17.843945,100
153,393,-21.933286,10.240810,100
154,392,-21.862844,10.234655,100
154,393,-21.894987,10.272953,100
154,394,-21.927131,10.311252,100
155,393,-21.856689,10.305097,100
308,222,-10.500420,8.674096,100
308,223,-10.532564,8.712394,100
309,222,-10.462122,8.706239,100
219,338,-17.637675,10.255898,100
220,337,-17.567233,10.249744,100
220,338,-17.599377,10.288042,100
220,339,-17.631521,10.326341,100
221,338,-17.561078,10.320186,100
448,161,-3.177865,10.838046,100
449,160,-3.107422,10.831891,100
449,161,-3.139566,10.870190,100
449,162,-3.171710,10.908488,100
450,161,-3.101268,10.902334,100
493,312,-6.308173,18.067581,100
494,311,-6.237730,18.061426,100
494,312,-6.269874,18.099725,100
494,313,-6.302018,18.138023,100
495,312,-6.231576,18.131868,100
249,217,-12.599306,6.586111,100
250,216,-12.528864,6.579956,100
250,217,-12.561008,6.618255,100
250,218,-12.593152,6.656553,100
251,217,-12.522709,6.650399,100
328,510,-18.991908,20.346912,100
329,509,-18.921466,20.340757,100
329,510,-18.953610,20.379056,100
329,511,-18.985754,20.417354,100
330,510,-18.915312,20.411200,100
314,346,-14.256479,13.615960,100
315,345,-14.186037,13.609806,100
315,346,-14.218181,13.648104,100
315,347,-14.250325,13.686402,100
316,346,-14.179882,13.680248,100
166,368,-20.631808,9.701221,100
167,367,-20.561366,9.695066,100
167,368,-20.593510,9.733365,100
167,369,-20.625654,9.771663,100
168,368,-20.555211,9.765509,100
125,330,-20.980572,6.927980,100
126,329,-20.910130,6.921826,100
126,330,-20.942274,6.960124,100
126,331,-20.974418,6.998423,100
127,330,-20.903976,6.992268,100
197,206,-14.237239,4.493343,100
198,205,-14.166797,4.487189,100
198,206,-14.198941,4.525487,100
198,207,-14.231085,4.563786,100
199,206,-14.160642,4.557631,100
344,225,-9.218110,9.946173,100
345,224,-9.147668,9.940018,100
345,225,-9.179812,9.978317,100
345,226,-9.211956,10.016615,100
346,225,-9.141513,10.010461,100
134,415,-23.368122,10.472639,100
135,414,-23.297680,10.466485,100
135,415,-23.329824,10.504783,100
135,416,-23.361968,10.543082,100
136,415,-23.291525,10.536927,100
330,511,-18.947456,20.449498,100
330,512,-18.979600,20.487796,100
331,511,-18.909157,20.481642,100
375,478,-16.163278,20.632129,100
376,477,-16.092835,20.625974,100
376,478,-16.124979,20.664272,100
376,479,-16.157123,20.702571,100
377,478,-16.086681,20.696416,100
321,507,-19.163565,20.007009,100
322,506,-19.093123,20.000854,100
322,507,-19.125267,20.039153,100
322,508,-19.157411,20.077451,100
323,507,-19.086969,20.071297,100
316,347,-14.212026,13.718546,100
316,348,-14.244170,13.756845,100
317,347,-14.173728,13.750690,100
441,423,-11.867667,20.647217,100
442,422,-11.797225,20.641063,100
442,423,-11.829368,20.679361,100
442,424,-11.861512,20.717660,100
443,423,-11.791070,20.711505,100
178,458,-23.065182,13.533804,100
179,457,-22.994740,13.527649,100
179,458,-23.026884,13.565948,100
179,459,-23.059028,13.604246,100
180,458,-22.988586,13.598092,100
185,466,-23.054245,14.065198,100
186,465,-22.983803,14.059044,100
186,466,-23.015947,14.097342,100
186,467,-23.048091,14.135641,100
187,466,-22.977648,14.129486,100
372,472,-16.085309,20.305906,100
373,471,-16.014867,20.299752,100
373,472,-16.047011,20.338050,100
373,473,-16.079155,20.376349,100
374,472,-16.008712,20.370194,100
446,358,-9.586819,18.318541,100
447,357,-9.516376,18.312387,100
447,358,-9.548520,18.350685,100
447,359,-9.580664,18.388984,100
448,358,-9.510222,18.382829,100
326,176,-8.332428,7.490960,100
327,175,-8.261986,7.484806,100
327,176,-8.294130,7.523104,100
327,177,-8.326274,7.561403,100
328,176,-8.255831,7.555248,100
162,370,-20.849290,9.649242,100
163,369,-20.778847,9.643087,100
163,370,-20.810991,9.681386,100
163,371,-20.843135,9.719684,100
164,370,-20.772693,9.713530,100
430,413,-11.967510,19.910650,100
431,412,-11.897067,19.904495,100
431,413,-11.929211,19.942794,100
431,414,-11.961355,19.981092,100
432,413,-11.890913,19.974938,100
188,471,-23.100070,14.353122,100
189,470,-23.029627,14.346968,100
189,471,-23.061771,14.385266,100
189,472,-23.093915,14.423565,100
190,471,-23.023473,14.417410,100
372,63,-2.938436,4.641863,100
373,62,-2.867994,4.635709,100
373,63,-2.900138,4.674007,100
373,64,-2.932282,4.712306,100
374,63,-2.861839,4.706151,100
200,482,-22.994072,15.160132,100
201,481,-22.923630,15.153977,100
201,482,-22.955774,15.192276,100
201,483,-22.987918,15.230574,100
202,482,-22.917476,15.224420,100
152,405,-22.357312,10.668246,100
153,404,-22.286869,10.662092,100
153,405,-22.319013,10.700390,100
153,406,-22.351157,10.738689,100
154,405,-22.280715,10.732534,100
287,221,-11.272543,7.960774,100
288,220,-11.202100,7.954620,100
288,221,-11.234244,7.992918,100
288,222,-11.266388,8.031217,100
289,221,-11.195946,8.025062,100
442,244,-6.075603,13.823949,100
443,243,-6.005160,13.817794,100
443,244,-6.037304,13.856093,100
443,245,-6.069448,13.894391,100
444,244,-5.999006,13.888237,100
413,446,-13.679333,20.628050,100
414,445,-13.608890,20.621895,100
414,446,-13.641034,20.660194,100
414,447,-13.673178,20.698492,100
415,446,-13.602736,20.692338,100
328,177,-8.287975,7.593547,100
328,178,-8.320119,7.631845,100
329,177,-8.249677,7.625691,100
258,343,-16.304757,11.701004,100
259,342,-16.234315,11.694849,100
259,343,-16.266459,11.733148,100
259,344,-16.298603,11.771446,100
260,343,-16.228161,11.765292,100
170,459,-23.403713,13.314951,100
171,458,-23.333271,13.308796,100
171,459,-23.365415,13.347094,100
171,460,-23.397559,13.385393,100
172,459,-23.327117,13.379238,100
190,472,-23.055617,14.455709,100
190,473,-23.087761,14.494007,100
191,472,-23.017318,14.487852,100
384,153,-5.371810,8.474446,100
385,152,-5.301368,8.468292,100
385,153,-5.333512,8.506590,100
385,154,-5.365656,8.544888,100
386,153,-5.295214,8.538734,100
74,342,-23.319518,5.748220,100
75,341,-23.249075,5.742065,100
75,342,-23.281219,5.780364,100
75,343,-23.313363,5.818662,100
76,342,-23.242921,5.812508,100
410,440,-13.601364,20.301828,100
411,439,-13.530922,20.295673,100
411,440,-13.563066,20.333972,100
411,441,-13.595210,20.372270,100
412,440,-13.524767,20.366115,100
236,175,-11.747139,4.559707,100
237,174,-11.676697,4.553553,100
237,175,-11.708841,4.591851,100
237,176,-11.740985,4.630149,100
238,175,-11.670543,4.623995,100
329,223,-9.728298,9.387417,100
330,222,-9.657856,9.381262,100
330,223,-9.690000,9.419561,100
330,224,-9.722144,9.457859,100
331,223,-9.651701,9.451705,100
106,329,-21.676098,6.278947,100
106,330,-21.708242,6.317245,100
107,329,-21.637800,6.311091,100
368,65,-3.155918,4.589884,100
369,64,-3.085475,4.583730,100
369,65,-3.117619,4.622028,100
369,66,-3.149763,4.660327,100
370,65,-3.079321,4.654172,100
391,463,-15.068344,20.571956,100
392,462,-14.997902,20.565801,100
392,463,-15.030046,20.604100,100
392,464,-15.062190,20.642398,100
393,463,-14.991748,20.636244,100
492,366,-8.082244,20.103550,100
493,365,-8.011802,20.097395,100
493,366,-8.043946,20.135694,100
493,367,-8.076090,20.173992,100
494,366,-8.005647,20.167838,100
438,395,-11.082532,19.478430,100
439,394,-11.012089,19.472276,100
439,395,-11.044233,19.510574,100
439,396,-11.076377,19.548873,100
440,395,-11.005935,19.542718,100
195,488,-23.378428,15.229203,100
196,487,-23.307986,15.223048,100
196,488,-23.340130,15.261346,100
196,489,-23.372274,15.299645,100
197,488,-23.301831,15.293490,100
404,253,-7.820237,12.947164,100
405,252,-7.749795,12.941010,100
405,253,-7.781939,12.979308,100
405,254,-7.814083,13.017607,100
406,253,-7.743640,13.011452,100
457,408,-10.772733,20.587044,100
458,407,-10.702291,20.580890,100
458,408,-10.734435,20.619188,100
458,409,-10.766579,20.657487,100
459,408,-10.696137,20.651332,100
295,346,-14.984149,13.005225,100
296,345,-14.913706,12.999071,100
296,346,-14.945850,13.037369,100
296,347,-14.977994,13.075667,100
297,346,-14.907552,13.069513,100
464,267,-5.972349,15.411979,100
465,266,-5.901906,15.405824,100
465,267,-5.934050,15.444122,100
465,268,-5.966194,15.482421,100
466,267,-5.895752,15.476266,100
496,336,-6.964732,19.083174,100
497,335,-6.894290,19.077019,100
497,336,-6.926434,19.115318,100
497,337,-6.958578,19.153616,100
498,336,-6.888135,19.147462,100
340,497,-18.114456,20.234760,100
341,496,-18.044014,20.228605,100
341,497,-18.076158,20.266904,100
341,498,-18.108302,20.305202,100
342,497,-18.037860,20.299048,100
147,331,-20.170152,7.673445,100
148,330,-20.099709,7.667291,100
148,331,-20.131853,7.705589,100
148,332,-20.163997,7.743888,100
149,331,-20.093555,7.737733,100
208,198,-13.558805,4.540540,100
209,197,-13.488363,4.534385,100
209,198,-13.520507,4.572684,100
209,199,-13.552651,4.610982,100
210,198,-13.482208,4.604828,100
401,98,-2.952821,6.914482,100
402,97,-2.882378,6.908327,100
402,98,-2.914522,6.946625,100
402,99,-2.946666,6.984924,100
403,98,-2.876224,6.978769,100
278,522,-21.292555,19.199295,100
279,521,-21.222113,19.193141,100
279,522,-21.254257,19.231439,100
279,523,-21.286401,19.269738,100
280,522,-21.215959,19.263583,100
158,377,-21.227491,9.788755,100
159,376,-21.157048,9.782600,100
159,377,-21.189192,9.820899,100
159,378,-21.221336,9.859197,100
160,377,-21.150894,9.853043,100
426,420,-12.345711,20.050163,100
427,419,-12.275269,20.044008,100
427,420,-12.307413,20.082307,100
427,421,-12.339557,20.120605,100
428,420,-12.269114,20.114451,100
428,201,-5.229590,11.727103,100
429,200,-5.159148,11.720948,100
429,201,-5.191292,11.759246,100
429,202,-5.223436,11.797545,100
430,201,-5.152994,11.791390,100
385,239,-8.097891,11.800252,100
386,238,-8.027449,11.794097,100
386,239,-8.059593,11.832396,100
386,240,-8.091737,11.870694,100
387,239,-8.021294,11.864540,100
444,325,-8.602665,16.990406,100
445,324,-8.532223,16.984252,100
445,325,-8.564367,17.022550,100
445,326,-8.596511,17.060849,100
446,325,-8.526068,17.054694,100
231,181,-12.131495,4.628778,100
232,180,-12.061053,4.622623,100
232,181,-12.093197,4.660922,100
232,182,-12.125341,4.699220,100
233,181,-12.054898,4.693066,100
377,235,-8.275703,11.389907,100
378,234,-8.205260,11.383752,100
378,235,-8.237404,11.422051,100
378,236,-8.269548,11.460349,100
379,235,-8.199106,11.454195,100
392,135,-4.486832,8.042227,100
393,134,-4.416390,8.036072,100
393,135,-4.448534,8.074371,100
393,136,-4.480678,8.112669,100
394,135,-4.410236,8.106514,100
207,498,-23.240287,15.997914,100
208,497,-23.169844,15.991759,100
208,498,-23.201988,16.030058,100
208,499,-23.234132,16.068356,100
209,498,-23.163690,16.062202,100
267,512,-21.392398,18.462728,100
268,511,-21.321956,18.456573,100
268,512,-21.354100,18.494872,100
268,513,-21.386244,18.533170,100
269,512,-21.315802,18.527016,100
415,118,-3.059522,8.130465,100
416,117,-2.989080,8.124310,100
416,118,-3.021224,8.162609,100
416,119,-3.053368,8.200907,100
417,118,-2.982925,8.194753,100
143,333,-20.387633,7.621466,100
144,332,-20.317191,7.615312,100
144,333,-20.349335,7.653610,100
144,334,-20.381479,7.691909,100
145,333,-20.311036,7.685754,100
197,487,-23.269687,15.255192,100
197,489,-23.333975,15.331789,100
198,488,-23.263533,15.325634,100
89,362,-23.387921,6.996347,100
90,361,-23.317478,6.990192,100
90,362,-23.349622,7.028491,100
90,363,-23.381766,7.066789,100
91,362,-23.311324,7.060635,100
90,327,-22.224584,5.688047,100
91,326,-22.154142,5.681893,100
91,327,-22.186286,5.720191,100
91,328,-22.218430,5.758489,100
92,327,-22.147988,5.752335,100
387,240,-8.053438,11.902838,100
387,241,-8.085582,11.941137,100
388,240,-8.015140,11.934982,100
379,236,-8.231250,11.492493,100
379,237,-8.263394,11.530791,100
380,236,-8.192951,11.524637,100
370,232,-8.447360,11.050004,100
371,231,-8.376917,11.043850,100
371,232,-8.409061,11.082148,100
371,233,-8.441205,11.120446,100
372,232,-8.370763,11.114292,100
452,414,-11.157089,20.656115,100
453,413,-11.086647,20.649961,100
453,414,-11.118791,20.688259,100
453,415,-11.150935,20.726557,100
454,414,-11.080492,20.720403,100
350,174,-7.348979,8.185818,100
351,173,-7.278536,8.179664,100
351,174,-7.310680,8.217962,100
351,175,-7.342824,8.256261,100
352,174,-7.272382,8.250106,100
401,448,-14.203201,20.318919,100
402,447,-14.132759,20.312765,100
402,448,-14.164903,20.351063,100
402,449,-14.197047,20.389362,100
403,448,-14.126604,20.383207,100
437,142,-2.988412,9.756793,100
438,141,-2.917970,9.750638,100
438,142,-2.950114,9.788937,100
438,143,-2.982258,9.827235,100
439,142,-2.911815,9.821081,100
417,119,-3.015069,8.233051,100
417,120,-3.047213,8.271349,100
418,119,-2.976771,8.265195,100
461,270,-6.183676,15.430442,100
462,269,-6.113233,15.424287,100
462,270,-6.145377,15.462586,100
462,271,-6.177521,15.500884,100
463,270,-6.107079,15.494730,100
488,373,-8.460445,20.243063,100
489,372,-8.390003,20.236908,100
489,373,-8.422147,20.275207,100
489,374,-8.454291,20.313505,100
490,373,-8.383848,20.307351,100
238,341,-17.006437,10.981528,100
239,340,-16.935995,10.975374,100
239,341,-16.968139,11.013672,100
239,342,-17.000283,11.051971,100
240,341,-16.929841,11.045816,100
379,466,-15.624357,20.301124,100
380,465,-15.553915,20.294969,100
380,466,-15.586058,20.333268,100
380,467,-15.618202,20.371566,100
381,466,-15.547760,20.365411,100
185,335,-18.843389,9.048109,100
186,334,-18.772946,9.041954,100
186,335,-18.805090,9.080253,100
186,336,-18.837234,9.118551,100
187,335,-18.766792,9.112397,100
91,363,-23.343468,7.098933,100
91,364,-23.375612,7.137232,100
92,363,-23.305170,7.131077,100
136,330,-20.559290,7.281564,100
137,329,-20.488848,7.275409,100
137,330,-20.520992,7.313708,100
137,331,-20.553136,7.352006,100
138,330,-20.482693,7.345852,100
426,132,-3.088255,9.020226,100
427,131,-3.017813,9.014071,100
427,132,-3.049957,9.052369,100
427,133,-3.082101,9.090668,100
428,132,-3.011658,9.084513,100
114,391,-23.362635,8.910599,100
115,390,-23.292193,8.904444,100
115,391,-23.324337,8.942743,100
115,392,-23.356481,8.981041,100
116,391,-23.286039,8.974887,100
382,471,-15.670181,20.589047,100
383,470,-15.599739,20.582893,100
383,471,-15.631883,20.621191,100
383,472,-15.664027,20.659490,100
384,471,-15.593585,20.653335,100
372,161,-6.088543,8.395106,100
373,160,-6.018100,8.388952,100
373,161,-6.050244,8.427250,100
373,162,-6.082388,8.465548,100
374,161,-6.011946,8.459394,100
439,143,-2.943959,9.859379,100
439,144,-2.976103,9.897678,100
440,143,-2.905661,9.891523,100
448,416,-11.374571,20.604136,100
449,415,-11.304128,20.597982,100
449,416,-11.336272,20.636280,100
449,417,-11.368416,20.674578,100
450,416,-11.297974,20.668424,100
215,214,-13.805020,5.378322,100
216,213,-13.734577,5.372167,100
216,214,-13.766721,5.410466,100
216,215,-13.798865,5.448764,100
217,214,-13.728423,5.442609,100
483,294,-6.112566,17.056770,100
484,293,-6.042123,17.050616,100
484,294,-6.074267,17.088914,100
484,295,-6.106411,17.127212,100
485,294,-6.035969,17.121058,100
389,101,-3.508833,6.643649,100
390,100,-3.438391,6.637495,100
390,101,-3.470535,6.675793,100
390,102,-3.502679,6.714092,100
391,101,-3.432237,6.707937,100
486,299,-6.158390,17.344694,100
487,298,-6.087948,17.338539,100
487,299,-6.120092,17.376838,100
487,300,-6.152236,17.415136,100
488,299,-6.081793,17.408982,100
433,293,-7.995341,15.411274,100
434,292,-7.924899,15.405120,100
434,293,-7.957043,15.443418,100
434,294,-7.989187,15.481717,100
435,293,-7.918745,15.475562,100
116,392,-23.318182,9.013185,100
116,393,-23.350326,9.051484,100
117,392,-23.279884,9.045329,100
318,346,-14.103286,13.744536,100
318,347,-14.135430,13.782834,100
318,348,-14.167573,13.821133,100
319,347,-14.097131,13.814978,100
310,222,-10.423824,8.738383,100
311,221,-10.353381,8.732229,100
311,222,-10.385525,8.770527,100
311,223,-10.417669,8.808826,100
312,222,-10.347227,8.802671,100
222,338,-17.522780,10.352330,100
223,337,-17.452337,10.346176,100
223,338,-17.484481,10.384474,100
223,339,-17.516625,10.422772,100
224,338,-17.446183,10.416618,100
496,349,-7.382603,19.581053,100
497,348,-7.312161,19.574899,100
497,349,-7.344305,19.613197,100
497,350,-7.376449,19.651495,100
498,349,-7.306007,19.645341,100
128,331,-20.897821,7.062711,100
129,330,-20.827379,7.056556,100
129,331,-20.859523,7.094854,100
129,332,-20.891667,7.133153,100
130,331,-20.821224,7.126998,100
442,378,-10.382891,18.955933,100
443,377,-10.312449,18.949779,100
443,378,-10.344593,18.988077,100
443,379,-10.376737,19.026376,100
444,378,-10.306294,19.020221,100
337,176,-7.911146,7.844544,100
338,175,-7.840703,7.838389,100
338,176,-7.872847,7.876688,100
338,177,-7.904991,7.914986,100
339,176,-7.834549,7.908832,100
125,405,-23.391368,9.800360,100
126,404,-23.320926,9.794205,100
126,405,-23.353070,9.832504,100
126,406,-23.385214,9.870802,100
127,405,-23.314771,9.864648,100
298,513,-20.237292,19.497489,100
299,512,-20.166850,19.491334,100
299,513,-20.198994,19.529633,100
299,514,-20.231138,19.567931,100
300,513,-20.160695,19.561776,100
252,217,-12.484411,6.682543,100
253,216,-12.413968,6.676388,100
253,217,-12.446112,6.714687,100
253,218,-12.478256,6.752985,100
254,217,-12.407814,6.746831,100
331,510,-18.877013,20.443344,100
332,509,-18.806571,20.437189,100
332,510,-18.838715,20.475488,100
332,511,-18.870859,20.513786,100
333,510,-18.800417,20.507631,100
437,299,-8.035011,15.769641,100
438,298,-7.964569,15.763486,100
438,299,-7.996713,15.801785,100
438,300,-8.028857,15.840083,100
439,299,-7.958415,15.833928,100
159,434,-23.021397,12.003907,100
160,433,-22.950955,11.997753,100
160,434,-22.983099,12.036051,100
160,435,-23.015243,12.074350,100
161,434,-22.944800,12.068195,100
413,436,-13.357893,20.245066,100
414,435,-13.287451,20.238911,100
414,436,-13.319595,20.277210,100
414,437,-13.351739,20.315508,100
415,436,-13.281296,20.309354,100
347,225,-9.103215,10.042605,100
348,224,-9.032773,10.036450,100
348,225,-9.064917,10.074748,100
348,226,-9.097061,10.113047,100
349,225,-9.026618,10.106892,100
254,218,-12.439958,6.785129,100
254,219,-12.472102,6.823427,100
255,218,-12.401660,6.817273,100
184,347,-19.267414,9.475546,100
185,346,-19.196972,9.469391,100
185,347,-19.229116,9.507690,100
185,348,-19.261260,9.545988,100
186,347,-19.190817,9.539834,100
170,449,-23.082274,12.931967,100
171,448,-23.011832,12.925812,100
171,449,-23.043976,12.964111,100
171,450,-23.076120,13.002409,100
172,449,-23.005677,12.996254,100
439,308,-8.247710,16.178614,100
440,307,-8.177268,16.172460,100
440,308,-8.209412,16.210758,100
440,309,-8.241556,16.249056,100
441,308,-8.171113,16.242902,100
339,175,-7.802405,7.870533,100
339,177,-7.866693,7.947130,100
340,176,-7.796250,7.940976,100
433,185,-4.523795,11.275048,100
434,184,-4.453353,11.268894,100
434,185,-4.485497,11.307192,100
434,186,-4.517641,11.345490,100
435,185,-4.447199,11.339336,100
355,494,-17.443549,20.602024,100
356,493,-17.373106,20.595869,100
356,494,-17.405250,20.634168,100
356,495,-17.437394,20.672466,100
357,494,-17.366952,20.666312,100
431,224,-5.854006,12.704397,100
432,223,-5.783564,12.698243,100
432,224,-5.815708,12.736541,100
432,225,-5.847852,12.774840,100
433,224,-5.777409,12.768685,100
233,505,-22.469536,17.101745,100
234,504,-22.399094,17.095591,100
234,505,-22.431238,17.133889,100
234,506,-22.463382,17.172187,100
313,348,-14.359065,13.660413,100
314,347,-14.288623,13.654258,100
314,348,-14.320767,13.692557,100
314,349,-14.352911,13.730855,100
315,348,-14.282469,13.724701,100
261,158,-10.243233,4.712233,100
262,157,-10.172790,4.706079,100
262,158,-10.204934,4.744377,100
262,159,-10.237078,4.782675,100
263,158,-10.166636,4.776521,100
349,226,-9.058762,10.145191,100
349,227,-9.090906,10.183489,100
350,226,-9.020464,10.177335,100
447,348,-9.227081,17.967701,100
448,347,-9.156638,17.961547,100
448,348,-9.188782,17.999845,100
448,349,-9.220926,18.038144,100
449,348,-9.150484,18.031989,100
165,370,-20.734394,9.745674,100
166,369,-20.663952,9.739519,100
166,370,-20.696096,9.777818,100
166,371,-20.728240,9.816116,100
167,370,-20.657798,9.809962,100
493,315,-6.404604,18.182476,100
494,314,-6.334162,18.176321,100
494,315,-6.366306,18.214620,100
494,316,-6.398450,18.252918,100
495,315,-6.328008,18.246764,100
151,435,-23.359928,11.785054,100
152,434,-23.289486,11.778900,100
152,435,-23.321630,11.817198,100
152,436,-23.353774,11.855496,100
153,435,-23.283332,11.849342,100
441,309,-8.203257,16.281200,100
441,310,-8.235401,16.319499,100
442,309,-8.164959,16.313344,100
435,229,-5.861532,13.024465,100
435,230,-5.893676,13.062764,100
436,229,-5.823234,13.056609,100
238,174,-11.638399,4.585697,100
239,173,-11.567956,4.579542,100
239,174,-11.600100,4.617841,100
239,175,-11.632244,4.656139,100
240,174,-11.561802,4.649984,100
195,478,-23.056989,14.846219,100
196,477,-22.986546,14.840064,100
196,478,-23.018690,14.878363,100
196,479,-23.050834,14.916661,100
197,478,-22.980392,14.910506,100
290,221,-11.157648,8.057206,100
291,220,-11.087205,8.051052,100
291,221,-11.119349,8.089350,100
291,222,-11.151493,8.127648,100
364,170,-6.684225,8.482640,100
365,169,-6.613783,8.476485,100
365,170,-6.645927,8.514784,100
365,171,-6.678071,8.553082,100
366,170,-6.607629,8.546928,100
496,326,-6.643293,18.700190,100
497,325,-6.572850,18.694035,100
497,326,-6.604994,18.732334,100
497,327,-6.637138,18.770632,100
498,326,-6.566696,18.764478,100
415,435,-13.249152,20.271055,100
415,437,-13.313440,20.347652,100
416,436,-13.242998,20.341498,100
436,230,-5.855378,13.094908,100
436,231,-5.887522,13.133206,100
437,230,-5.817079,13.127051,100
382,75,-2.941180,5.422884,100
383,74,-2.870737,5.416729,100
383,75,-2.902881,5.455028,100
383,76,-2.935025,5.493326,100
384,75,-2.864583,5.487171,100
351,496,-17.661030,20.550045,100
352,495,-17.590588,20.543890,100
352,496,-17.622732,20.582189,100
352,497,-17.654876,20.620487,100
353,496,-17.584433,20.614333,100
393,462,-14.959604,20.597945,100
394,461,-14.889161,20.591791,100
394,462,-14.921305,20.630089,100
394,463,-14.953449,20.668388,100
395,462,-14.883007,20.662233,100
64,323,-23.091767,4.699111,100
65,322,-23.021324,4.692956,100
65,323,-23.053468,4.731255,100
65,324,-23.085612,4.769553,100
66,323,-23.015170,4.763399,100
240,175,-11.593946,4.688283,100
240,176,-11.626090,4.726581,100
241,175,-11.555647,4.720427,100
155,441,-23.399598,12.143420,100
156,440,-23.329156,12.137266,100
156,441,-23.361300,12.175564,100
156,442,-23.393444,12.213863,100
157,441,-23.323002,12.207708,100
228,511,-22.853892,17.170816,100
229,510,-22.783449,17.164661,100
229,511,-22.815593,17.202960,100
229,512,-22.847737,17.241258,100
230,511,-22.777295,17.235104,100
207,488,-22.918847,15.614930,100
208,487,-22.848405,15.608775,100
208,488,-22.880549,15.647074,100
208,489,-22.912693,15.685372,100
209,488,-22.842251,15.679218,100
443,319,-8.448100,16.728472,100
444,318,-8.377658,16.722318,100
444,319,-8.409802,16.760616,100
444,320,-8.441945,16.798914,100
445,319,-8.371503,16.792760,100
180,354,-19.645615,9.615059,100
181,353,-19.575173,9.608904,100
181,354,-19.607317,9.647203,100
181,355,-19.639461,9.685501,100
182,354,-19.569019,9.679347,100
320,514,-19.426871,20.242954,100
321,513,-19.356429,20.236799,100
321,514,-19.388573,20.275098,100
321,515,-19.420717,20.313396,100
312,510,-19.604683,19.832609,100
313,509,-19.534240,19.826454,100
313,510,-19.566384,19.864753,100
313,511,-19.598528,19.903051,100
314,510,-19.528086,19.896897,100
446,361,-9.683250,18.433436,100
447,360,-9.612808,18.427282,100
447,361,-9.644952,18.465580,100
447,362,-9.677096,18.503879,100
448,361,-9.606654,18.497724,100
197,477,-22.948248,14.872208,100
197,479,-23.012536,14.948805,100
198,478,-22.942093,14.942650,100
298,346,-14.869253,13.101657,100
299,345,-14.798811,13.095502,100
299,346,-14.830955,13.133801,100
299,347,-14.863099,13.172099,100
300,346,-14.792657,13.165945,100
70,339,-23.376280,5.504749,100
71,338,-23.305837,5.498594,100
71,339,-23.337981,5.536893,100
71,340,-23.370125,5.575191,100
72,339,-23.299683,5.569037,100
399,249,-7.883153,12.633251,100
400,248,-7.812711,12.627097,100
400,249,-7.844855,12.665395,100
400,250,-7.876999,12.703693,100
401,249,-7.806556,12.697539,100
270,513,-21.309647,18.597458,100
271,512,-21.239205,18.591304,100
271,513,-21.271349,18.629602,100
271,514,-21.303493,18.667900,100
272,513,-21.233050,18.661746,100
343,497,-17.999561,20.331192,100
344,496,-17.929119,20.325037,100
344,497,-17.961263,20.363336,100
344,498,-17.993407,20.401634,100
345,497,-17.922965,20.395480,100
374,76,-3.279711,5.204030,100
375,75,-3.209268,5.197876,100
375,76,-3.241412,5.236174,100
375,77,-3.273556,5.274473,100
376,76,-3.203114,5.268318,100
393,89,-2.969912,6.312644,100
394,88,-2.899470,6.306490,100
394,89,-2.931614,6.344788,100
394,90,-2.963758,6.383087,100
395,89,-2.893316,6.376932,100
281,522,-21.177660,19.295727,100
282,521,-21.107218,19.289573,100
282,522,-21.139362,19.327871,100
282,523,-21.171506,19.366169,100
283,522,-21.101064,19.360015,100
161,377,-21.112596,9.885187,100
162,376,-21.042153,9.879032,100
162,377,-21.074297,9.917331,100
162,378,-21.106441,9.955629,100
163,377,-21.035999,9.949475,100
152,408,-22.453743,10.783141,100
153,407,-22.383301,10.776987,100
153,408,-22.415445,10.815285,100
153,409,-22.447589,10.853584,100
154,408,-22.377147,10.847429,100
464,269,-6.036636,15.488575,100
464,270,-6.068780,15.526874,100
464,271,-6.100924,15.565172,100
465,270,-6.030482,15.559018,100
275,219,-11.667836,7.498450,100
276,218,-11.597393,7.492296,100
276,219,-11.629537,7.530594,100
276,220,-11.661681,7.568893,100
280,148,-9.194124,4.939984,100
281,147,-9.123681,4.933830,100
281,148,-9.155825,4.972128,100
281,149,-9.187969,5.010426,100
282,148,-9.117527,5.004272,100
474,279,-5.975092,16.192999,100
475,278,-5.904650,16.186844,100
475,279,-5.936794,16.225143,100
475,280,-5.968938,16.263441,100
476,279,-5.898495,16.257287,100
401,250,-7.838700,12.735837,100
401,251,-7.870844,12.774136,100
402,250,-7.800402,12.767981,100
202,494,-23.303203,15.684000,100
203,493,-23.232761,15.677846,100
203,494,-23.264905,15.716144,100
203,495,-23.297048,15.754443,100
204,494,-23.226606,15.748288,100
316,516,-19.644353,20.190975,100
317,515,-19.573911,20.184820,100
317,516,-19.606054,20.223119,100
317,517,-19.638198,20.261417,100
318,516,-19.567756,20.255263,100
221,507,-22.993405,16.792615,100
222,506,-22.922962,16.786460,100
222,507,-22.955106,16.824758,100
222,508,-22.987250,16.863057,100
223,507,-22.916808,16.856902,100
437,397,-11.185118,19.522883,100
438,396,-11.114676,19.516729,100
438,397,-11.146820,19.555027,100
438,398,-11.178963,19.593326,100
439,397,-11.108521,19.587171,100
390,465,-15.170931,20.616409,100
391,464,-15.100488,20.610254,100
391,465,-15.132632,20.648552,100
391,466,-15.164776,20.686851,100
392,465,-15.094334,20.680696,100
491,368,-8.184830,20.148003,100
492,367,-8.114388,20.141848,100
492,368,-8.146532,20.180147,100
492,369,-8.178676,20.218445,100
493,368,-8.108234,20.212291,100
311,172,-8.778328,6.855608,100
312,171,-8.707886,6.849453,100
312,172,-8.740030,6.887752,100
312,173,-8.772174,6.926050,100
313,172,-8.701731,6.919896,100
352,173,-7.240238,8.211808,100
353,172,-7.169796,8.205653,100
353,173,-7.201940,8.243952,100
353,174,-7.234083,8.282250,100
354,173,-7.163641,8.276096,100
339,499,-18.217043,20.279213,100
340,498,-18.146600,20.273058,100
340,499,-18.178744,20.311357,100
340,500,-18.210888,20.349655,100
341,499,-18.140446,20.343501,100
146,333,-20.272738,7.717898,100
147,332,-20.202296,7.711744,100
147,333,-20.234440,7.750042,100
147,334,-20.266584,7.788341,100
148,333,-20.196141,7.782186,100
321,222,-10.002541,9.091967,100
322,221,-9.932099,9.085812,100
322,222,-9.964243,9.124111,100
322,223,-9.996387,9.162409,100
323,222,-9.925945,9.156255,100
207,200,-13.661391,4.584993,100
208,199,-13.590949,4.578838,100
208,200,-13.623093,4.617136,100
208,201,-13.655237,4.655435,100
209,200,-13.584795,4.649280,100
282,149,-9.149671,5.042570,100
282,150,-9.181815,5.080869,100
283,149,-9.111372,5.074714,100
476,280,-5.930639,16.295585,100
476,281,-5.962783,16.333883,100
477,280,-5.892341,16.327729,100
204,496,-23.290894,15.824885,100
425,279,-7.851713,14.617945,100
426,278,-7.781271,14.611791,100
426,279,-7.813415,14.650089,100
426,280,-7.845559,14.688388,100
427,279,-7.775116,14.682233,100
155,418,-22.660288,11.262557,100
156,417,-22.589845,11.256403,100
156,418,-22.621989,11.294701,100
156,419,-22.654133,11.333000,100
157,418,-22.583691,11.326845,100
156,383,-21.496951,9.954257,100
157,382,-21.426509,9.948103,100
157,383,-21.458653,9.986401,100
157,384,-21.490797,10.024700,100
158,383,-21.420354,10.018545,100
485,293,-6.003825,17.082760,100
486,292,-5.933383,17.076605,100
486,293,-5.965526,17.114904,100
486,294,-5.997670,17.153202,100
487,293,-5.927228,17.147047,100
392,102,-3.426082,6.778380,100
393,101,-3.355640,6.772225,100
393,102,-3.387784,6.810524,100
393,103,-3.419928,6.848822,100
394,102,-3.349485,6.842668,100
496,339,-7.061164,19.198069,100
497,338,-6.990722,19.191915,100
497,339,-7.022866,19.230213,100
497,340,-7.055010,19.268511,100
498,339,-6.984567,19.262357,100
376,157,-5.806773,8.370488,100
377,156,-5.736331,8.364334,100
377,157,-5.768475,8.402632,100
377,158,-5.800619,8.440930,100
378,157,-5.730177,8.434776,100
422,124,-2.984297,8.585263,100
423,123,-2.913855,8.579108,100
423,124,-2.945999,8.617407,100
423,125,-2.978143,8.655705,100
424,124,-2.907700,8.649550,100
428,433,-12.686985,20.612330,100
429,432,-12.616543,20.606175,100
429,433,-12.648687,20.644474,100
429,434,-12.680831,20.682772,100
430,433,-12.610389,20.676618,100
301,512,-20.090253,19.555622,100
301,513,-20.122397,19.593920,100
301,514,-20.154541,19.632219,100
302,513,-20.084099,19.626064,100
192,485,-23.396891,15.017876,100
193,484,-23.326449,15.011721,100
193,486,-23.390737,15.088318,100
420,429,-12.864797,20.201985,100
421,428,-12.794354,20.195830,100
421,429,-12.826498,20.234129,100
421,430,-12.858642,20.272427,100
422,429,-12.788200,20.266273,100
428,204,-5.326022,11.841998,100
429,203,-5.255580,11.835843,100
429,205,-5.319868,11.912440,100
171,362,-20.247453,9.632150,100
172,361,-20.177010,9.625996,100
172,362,-20.209154,9.664294,100
172,363,-20.241298,9.702593,100
173,362,-20.170856,9.696438,100
158,429,-22.898976,11.780271,100
159,428,-22.828534,11.774117,100
159,429,-22.860677,11.812415,100
159,430,-22.892821,11.850714,100
160,429,-22.822379,11.844559,100
446,338,-8.943940,17.552573,100
447,337,-8.873497,17.546419,100
447,338,-8.905641,17.584717,100
447,339,-8.937785,17.623016,100
448,338,-8.867343,17.616861,100
218,214,-13.690124,5.474753,100
219,213,-13.619682,5.468599,100
219,214,-13.651826,5.506897,100
219,215,-13.683970,5.545196,100
220,214,-13.613528,5.539041,100
81,325,-22.504982,5.322155,100
82,324,-22.434540,5.316000,100
82,325,-22.466684,5.354299,100
82,326,-22.498828,5.392597,100
83,325,-22.428385,5.386443,100
429,285,-7.891383,14.976312,100
430,284,-7.820941,14.970157,100
430,285,-7.853085,15.008455,100
430,286,-7.885229,15.046754,100
431,285,-7.814787,15.040599,100
430,213,-5.538721,12.250971,100
431,212,-5.468279,12.244817,100
431,213,-5.500423,12.283115,100
431,214,-5.532567,12.321413,100
432,213,-5.462124,12.315259,100
259,511,-21.666642,18.167278,100
260,510,-21.596199,18.161124,100
260,511,-21.628343,18.199422,100
260,512,-21.660487,18.237720,100
261,511,-21.590045,18.231566,100
358,490,-17.200078,20.545262,100
359,489,-17.129635,20.539108,100
359,490,-17.161779,20.577406,100
359,491,-17.193923,20.615705,100
360,490,-17.123481,20.609550,100
487,375,-8.563031,20.287516,100
488,374,-8.492589,20.281361,100
488,375,-8.524733,20.319660,100
488,376,-8.556877,20.357958,100
489,375,-8.486435,20.351804,100
433,404,-11.563319,19.662396,100
434,403,-11.492877,19.656242,100
434,404,-11.525021,19.694540,100
434,405,-11.557165,19.732838,100
435,404,-11.486722,19.726684,100
378,468,-15.726943,20.345576,100
379,467,-15.656501,20.339422,100
379,468,-15.688645,20.377720,100
379,469,-15.720789,20.416019,100
380,468,-15.650346,20.409864,100
304,519,-20.200365,19.920143,100
305,518,-20.129923,19.913988,100
305,519,-20.162067,19.952287,100
305,520,-20.194211,19.990585,100
271,342,-15.774734,12.080577,100
272,341,-15.704292,12.074422,100
272,342,-15.736436,12.112721,100
272,343,-15.768580,12.151019,100
273,342,-15.698138,12.144865,100
246,169,-11.171292,4.651356,100
247,168,-11.100849,4.645202,100
247,169,-11.132993,4.683500,100
247,170,-11.165137,4.721798,100
248,169,-11.094695,4.715644,100
341,175,-7.725808,7.934821,100
341,176,-7.757952,7.973120,100
341,177,-7.790096,8.011418,100
342,176,-7.719654,8.005264,100
83,326,-22.460529,5.424741,100
83,327,-22.492673,5.463039,100
335,506,-18.595244,20.418726,100
336,505,-18.524802,20.412571,100
336,506,-18.556946,20.450870,100
336,507,-18.589089,20.489168,100
337,506,-18.518647,20.483014,100
492,310,-6.282183,17.958840,100
493,309,-6.211741,17.952685,100
493,310,-6.243885,17.990984,100
493,311,-6.276029,18.029282,100
494,310,-6.205586,18.023128,100
351,225,-8.950021,10.171180,100
351,226,-8.982165,10.209479,100
351,227,-9.014309,10.247777,100
352,226,-8.943867,10.241623,100
132,412,-23.348287,10.293456,100
133,411,-23.277845,10.287302,100
133,412,-23.309989,10.325600,100
133,413,-23.342133,10.363898,100
134,412,-23.271690,10.357744,100
342,177,-7.751798,8.043562,100
342,178,-7.783942,8.081860,100
177,334,-19.117632,8.752659,100
178,333,-19.047189,8.746504,100
178,335,-19.111477,8.823101,100
243,508,-22.182984,17.538080,100
244,507,-22.112542,17.531925,100
244,508,-22.144686,17.570224,100
244,509,-22.176830,17.608522,100
245,508,-22.106387,17.602368,100
235,504,-22.360795,17.127735,100
236,503,-22.290353,17.121580,100
237,504,-22.284199,17.192022,100
155,395,-21.920977,10.381694,100
156,394,-21.850535,10.375540,100
157,395,-21.844380,10.445982,100
296,520,-20.538896,19.701289,100
297,519,-20.468454,19.695135,100
298,520,-20.462300,19.765577,100
221,340,-17.625366,10.396783,100
222,339,-17.554924,10.390628,100
222,340,-17.587068,10.428927,100
222,341,-17.619212,10.467225,100
223,340,-17.548769,10.461071,100
256,218,-12.363361,6.849417,100
257,217,-12.292919,6.843262,100
257,218,-12.325063,6.881561,100
257,219,-12.357207,6.919859,100
258,218,-12.286764,6.913705,100
119,329,-21.178219,6.696818,100
120,328,-21.107777,6.690664,100
121,329,-21.101622,6.761106,100
67,322,-22.944728,4.757244,100
68,323,-22.938573,4.827687,100
245,509,-22.138531,17.640666,100
245,510,-22.170675,17.678964,100
246,509,-22.100233,17.672810,100
136,418,-23.387957,10.651822,100
137,417,-23.317515,10.645668,100
137,418,-23.349659,10.683966,100
137,419,-23.381803,10.722265,100
138,418,-23.311360,10.716110,100
237,506,-22.348486,17.268619,100
228,501,-22.532452,16.787832,100
229,500,-22.462010,16.781677,100
230,501,-22.455856,16.852120,100
219,190,-12.880371,4.587736,100
219,192,-12.944659,4.664333,100
220,191,-12.874217,4.658178,100
242,170,-11.356629,4.561079,100
243,169,-11.286187,4.554924,100
243,170,-11.318331,4.593223,100
243,171,-11.350475,4.631521,100
244,170,-11.280033,4.625367,100
263,342,-16.081121,11.823425,100
264,341,-16.010679,11.817271,100
265,342,-16.004525,11.887713,100
214,337,-17.797023,10.056880,100
215,336,-17.726581,10.050726,100
215,337,-17.758725,10.089024,100
215,338,-17.790869,10.127322,100
216,337,-17.720426,10.121168,100
483,382,-8.941233,20.427029,100
484,381,-8.870790,20.420874,100
484,382,-8.902934,20.459173,100
484,383,-8.935078,20.497471,100
485,382,-8.864636,20.491317,100
121,331,-21.165910,6.837703,100
122,330,-21.095468,6.831548,100
382,150,-5.351975,8.295263,100
383,149,-5.281533,8.289109,100
383,150,-5.313677,8.327407,100
383,151,-5.345821,8.365705,100
384,150,-5.275379,8.359551,100
294,220,-10.972310,8.147484,100
294,222,-11.036598,8.224080,100
295,221,-10.966156,8.217926,100
398,457,-14.607392,20.567173,100
398,458,-14.639536,20.605471,100
399,458,-14.601237,20.637615,100
230,503,-22.520143,16.928716,100
366,62,-3.136083,4.410701,100
367,61,-3.065640,4.404547,100
445,355,-9.528685,18.171502,100
446,354,-9.458243,18.165348,100
447,355,-9.452088,18.235790,100
377,71,-3.004096,5.108970,100
378,70,-2.933653,5.102816,100
378,71,-2.965797,5.141114,100
378,72,-2.997941,5.179413,100
379,71,-2.927499,5.173258,100
432,190,-4.722813,11.434396,100
433,191,-4.716659,11.504838,100
292,521,-20.724234,19.611012,100
293,520,-20.653792,19.604858,100
293,521,-20.685936,19.643156,100
293,522,-20.718080,19.681454,100
294,521,-20.647637,19.675300,100
214,193,-13.168295,4.541911,100
215,192,-13.097853,4.535757,100
216,193,-13.091698,4.606199,100
240,514,-22.490743,17.671438,100
240,516,-22.555031,17.748035,100
241,515,-22.484588,17.741881,100
321,176,-8.523920,7.330241,100
322,175,-8.453478,7.324086,100
322,176,-8.485622,7.362385,100
322,177,-8.517765,7.400683,100
339,224,-9.377458,9.747155,100
340,223,-9.307016,9.741000,100
340,224,-9.339160,9.779299,100
340,225,-9.371304,9.817597,100
341,224,-9.300861,9.811442,100
206,338,-18.135554,9.838027,100
207,337,-18.065112,9.831872,100
208,338,-18.058957,9.902315,100
202,484,-22.981763,15.301017,100
203,483,-22.911321,15.294862,100
203,484,-22.943465,15.333161,100
203,485,-22.975609,15.371459,100
204,484,-22.905167,15.365304,100
368,64,-3.123774,4.551586,100
221,497,-22.671965,16.409631,100
222,496,-22.601523,16.403476,100
222,497,-22.633667,16.441775,100
222,498,-22.665811,16.480073,100
223,497,-22.595369,16.473918,100
478,388,-9.325588,20.496099,100
479,387,-9.255146,20.489945,100
480,388,-9.248992,20.560387,100
379,72,-2.959643,5.211557,100
379,73,-2.991787,5.249855,100
380,72,-2.921345,5.243700,100
444,246,-6.063294,13.964833,100
445,245,-5.992851,13.958679,100
445,246,-6.024995,13.996977,100
445,247,-6.057139,14.035276,100
446,246,-5.986697,14.029121,100
369,481,-16.489500,20.554160,100
370,480,-16.419058,20.548006,100
370,481,-16.451202,20.586304,100
370,482,-16.483346,20.624602,100
371,481,-16.412903,20.618448,100
252,341,-16.470260,11.431543,100
253,340,-16.399818,11.425389,100
253,341,-16.431961,11.463687,100
253,342,-16.464105,11.501986,100
254,341,-16.393663,11.495831,100
233,511,-22.662400,17.331535,100
233,513,-22.726688,17.408132,100
234,512,-22.656245,17.401978,100
318,515,-19.535612,20.216964,100
319,514,-19.465170,20.210810,100
319,515,-19.497314,20.249108,100
319,516,-19.529458,20.287407,100
320,515,-19.459015,20.281252,100
225,507,-22.840211,16.921190,100
226,508,-22.834057,16.991633,100
216,504,-23.088465,16.517000,100
217,503,-23.018023,16.510845,100
217,504,-23.050166,16.549144,100
217,505,-23.082310,16.587442,100
218,504,-23.011868,16.581288,100
284,522,-21.062765,19.392159,100
285,521,-20.992323,19.386004,100
285,522,-21.024467,19.424303,100
285,523,-21.056611,19.462601,100
286,522,-20.986168,19.456447,100
202,340,-18.353036,9.786048,100
203,339,-18.282593,9.779893,100
203,340,-18.314737,9.818192,100
203,341,-18.346881,9.856490,100
204,340,-18.276439,9.850336,100
446,247,-6.018841,14.067420,100
446,248,-6.050985,14.105718,100
437,426,-12.117292,20.633537,100
437,428,-12.181580,20.710133,100
438,427,-12.111138,20.703979,100
403,101,-2.972656,7.093665,100
404,100,-2.902214,7.087510,100
404,101,-2.934357,7.125809,100
404,102,-2.966501,7.164107,100
405,101,-2.896059,7.157952,100
174,461,-23.314808,13.520123,100
174,463,-23.379096,13.596720,100
175,462,-23.308653,13.590565,100
396,245,-7.869473,12.383626,100
397,246,-7.863318,12.454068,100
226,510,-22.898345,17.068229,100
227,509,-22.827902,17.062075,100
197,490,-23.366119,15.370087,100
198,489,-23.295677,15.363933,100
198,490,-23.327821,15.402231,100
198,491,-23.359965,15.440530,100
199,490,-23.289522,15.434375,100
385,461,-15.233847,20.302495,100
386,460,-15.163404,20.296341,100
386,461,-15.195548,20.334639,100
386,462,-15.227692,20.372938,100
387,461,-15.157250,20.366783,100
176,467,-23.431075,13.814201,100
177,466,-23.360632,13.808047,100
177,467,-23.392776,13.846345,100
177,468,-23.424920,13.884644,100
178,467,-23.354478,13.878489,100
406,255,-7.807928,13.088049,100
407,254,-7.737486,13.081895,100
407,255,-7.769630,13.120193,100
407,256,-7.801774,13.158491,100
408,255,-7.731331,13.152337,100
387,242,-8.117726,11.979435,100
388,241,-8.047284,11.973281,100
388,242,-8.079428,12.011579,100
388,243,-8.111572,12.049877,100
455,260,-6.092027,14.854594,100
456,259,-6.021584,14.848440,100
456,260,-6.053728,14.886738,100
456,261,-6.085872,14.925037,100
457,260,-6.015430,14.918882,100
244,342,-16.808791,11.212690,100
245,341,-16.738349,11.206536,100
245,342,-16.770493,11.244834,100
245,343,-16.802636,11.283133,100
246,342,-16.732194,11.276978,100
444,367,-9.952711,18.598939,100
445,366,-9.882269,18.592785,100
446,367,-9.876114,18.663227,100
379,158,-5.724022,8.505218,100
380,157,-5.653580,8.499064,100
380,158,-5.685724,8.537362,100
380,159,-5.717868,8.575661,100
381,158,-5.647425,8.569506,100
262,510,-21.519602,18.225411,100
262,511,-21.551746,18.263710,100
262,512,-21.583890,18.302008,100
263,511,-21.513448,18.295854,100
100,328,-21.873744,6.047785,100
101,327,-21.803302,6.041630,100
101,328,-21.835446,6.079929,100
101,329,-21.867590,6.118227,100
102,328,-21.797148,6.112073,100
443,322,-8.544532,16.843367,100
444,321,-8.474089,16.837213,100
444,323,-8.538377,16.913810,100
199,491,-23.321666,15.472673,100
199,492,-23.353810,15.510972,100
200,491,-23.283368,15.504817,100
218,503,-22.979724,16.542989,100
218,505,-23.044012,16.619586,100
219,504,-22.973570,16.613431,100
209,500,-23.227978,16.138798,100
210,499,-23.157536,16.132644,100
210,500,-23.189679,16.170942,100
210,501,-23.221823,16.209241,100
211,500,-23.151381,16.203086,100
446,369,-9.940402,18.739824,100
447,368,-9.869960,18.733669,100
352,175,-7.304526,8.288405,100
352,176,-7.336670,8.326703,100
353,175,-7.266227,8.320549,100
238,338,-16.910006,10.866633,100
238,340,-16.974293,10.943230,100
239,339,-16.903851,10.937075,100
263,512,-21.545592,18.334152,100
263,513,-21.577736,18.372451,100
484,296,-6.138555,17.165511,100
485,295,-6.068113,17.159356,100
485,296,-6.100257,17.197655,100
485,297,-6.132401,17.235953,100
334,500,-18.440679,20.156791,100
335,499,-18.370236,20.150637,100
336,500,-18.364082,20.221079,100
380,238,-8.257239,11.601234,100
381,237,-8.186797,11.595079,100
381,238,-8.218941,11.633378,100
381,239,-8.251085,11.671676,100
382,238,-8.180642,11.665522,100
180,333,-18.970593,8.810792,100
180,335,-19.034881,8.887389,100
181,334,-18.964438,8.881235,100
388,99,-3.482844,6.534909,100
389,98,-3.412402,6.528754,100
389,99,-3.444545,6.567053,100
389,100,-3.476689,6.605351,100
390,99,-3.406247,6.599197,100
440,144,-2.937805,9.929821,100
440,145,-2.969949,9.968120,100
441,144,-2.899507,9.961965,100
155,385,-21.599538,9.998710,100
156,384,-21.529095,9.992556,100
156,385,-21.561239,10.030854,100
156,386,-21.593383,10.069153,100
157,385,-21.522941,10.062998,100
470,397,-9.921271,20.583633,100
471,396,-9.850829,20.577479,100
471,397,-9.882973,20.615777,100
471,398,-9.915116,20.654076,100
308,518,-20.015028,20.010420,100
308,520,-20.079316,20.087017,100
309,519,-20.008873,20.080862,100
429,216,-5.673451,12.333722,100
430,215,-5.603009,12.327568,100
431,216,-5.596854,12.398010,100
233,341,-17.197929,10.820809,100
234,340,-17.127487,10.814654,100
234,341,-17.159631,10.852953,100
234,342,-17.191775,10.891251,100
427,435,-12.789572,20.656783,100
428,434,-12.719129,20.650628,100
428,435,-12.751273,20.688927,100
428,436,-12.783417,20.727225,100
429,435,-12.712975,20.721071,100
138,332,-20.546981,7.422448,100
139,331,-20.476539,7.416294,100
139,332,-20.508683,7.454592,100
139,333,-20.540827,7.492891,100
140,332,-20.470384,7.486736,100
86,325,-22.313490,5.482875,100
86,327,-22.377778,5.559471,100
87,326,-22.307336,5.553317,100
339,505,-18.409906,20.509003,100
339,506,-18.442050,20.547302,100
340,506,-18.403752,20.579445,100
330,502,-18.658160,20.104812,100
331,501,-18.587718,20.098658,100
331,502,-18.619862,20.136956,100
331,503,-18.652006,20.175255,100
332,502,-18.581563,20.169100,100
441,145,-2.931650,10.000264,100
441,146,-2.963794,10.038562,100
442,145,-2.893352,10.032408,100
304,221,-10.621470,8.507221,100
305,220,-10.551028,8.501067,100
472,398,-9.876818,20.686220,100
472,399,-9.908962,20.724518,100
370,166,-6.325859,8.522310,100
371,165,-6.255417,8.516156,100
371,166,-6.287561,8.554454,100
371,167,-6.319705,8.592752,100
372,166,-6.249262,8.586598,100
354,487,-17.256840,20.301791,100
355,486,-17.186397,20.295637,100
355,487,-17.218541,20.333935,100
355,488,-17.250685,20.372234,100
276,342,-15.583242,12.241297,100
276,344,-15.647530,12.317893,100
391,109,-3.689388,7.014324,100
392,108,-3.618946,7.008170,100
393,109,-3.612791,7.078612,100
181,333,-18.932294,8.842936,100
181,335,-18.996582,8.919533,100
182,334,-18.926140,8.913379,100
436,294,-7.912590,15.546005,100
436,296,-7.976878,15.622601,100
437,295,-7.906436,15.616447,100
158,432,-22.995408,11.895167,100
159,432,-22.957109,11.927311,100
159,433,-22.989253,11.965609,100
117,394,-23.344172,9.121926,100
118,393,-23.273730,9.115771,100
118,394,-23.305874,9.154070,100
118,395,-23.338018,9.192368,100
119,394,-23.267575,9.186214,100
432,406,-11.665905,19.706849,100
433,405,-11.595463,19.700695,100
433,406,-11.627607,19.738993,100
433,407,-11.659751,19.777291,100
434,406,-11.589309,19.771137,100
486,377,-8.665618,20.331969,100
487,376,-8.595175,20.325814,100
487,377,-8.627319,20.364112,100
487,378,-8.659463,20.402411,100
488,377,-8.589021,20.396256,100
394,114,-3.735213,7.302248,100
395,113,-3.664770,7.296094,100
395,114,-3.696914,7.334392,100
395,115,-3.729058,7.372691,100
396,114,-3.658616,7.366536,100
446,161,-3.254462,10.773758,100
447,160,-3.184019,10.767603,100
445,345,-9.207246,17.788518,100
446,344,-9.136803,17.782364,100
447,345,-9.130649,17.852806,100
122,329,-21.063324,6.793250,100
123,328,-20.992881,6.787096,100
123,329,-21.025025,6.825394,100
123,330,-21.057169,6.863692,100
124,329,-20.986727,6.857538,100
211,212,-13.893925,5.173149,100
211,214,-13.958213,5.249746,100
212,213,-13.887771,5.243591,100
431,215,-5.564710,12.359712,100
432,216,-5.558556,12.430154,100
222,187,-12.669044,4.569273,100
223,186,-12.598602,4.563118,100
223,187,-12.630746,4.601417,100
223,188,-12.662890,4.639715,100
224,187,-12.592447,4.633560,100
437,296,-7.938580,15.654745,100
437,297,-7.970724,15.693044,100
438,296,-7.900281,15.686889,100
186,350,-19.287249,9.654729,100
187,349,-19.216807,9.648574,100
187,350,-19.248951,9.686873,100
187,351,-19.281095,9.725171,100
188,350,-19.210653,9.719017,100
396,115,-3.690760,7.404835,100
396,116,-3.722904,7.443133,100
397,115,-3.652461,7.436978,100
392,455,-14.772894,20.297713,100
393,454,-14.702452,20.291558,100
394,455,-14.696298,20.362000,100
313,345,-14.262634,13.545518,100
313,347,-14.326922,13.622114,100
433,227,-5.873841,12.883581,100
434,226,-5.803399,12.877426,100
435,227,-5.797244,12.947868,100
492,313,-6.378615,18.073735,100
493,313,-6.340317,18.105879,100
493,314,-6.372461,18.144177,100
349,493,-17.641195,20.370862,100
350,493,-17.602897,20.403006,100
350,494,-17.635041,20.441304,100
444,419,-11.624196,20.590455,100
444,420,-11.656340,20.628754,100
445,420,-11.618041,20.660898,100
342,225,-9.294707,9.881885,100
343,224,-9.224265,9.875730,100
343,225,-9.256409,9.914029,100
343,226,-9.288552,9.952327,100
153,438,-23.379763,11.964237,100
154,437,-23.309321,11.958083,100
155,438,-23.303167,12.028525,100
247,216,-12.643759,6.483525,100
248,215,-12.573316,6.477370,100
248,216,-12.605460,6.515669,100
248,217,-12.637604,6.553967,100
249,216,-12.567162,6.547812,100
173,450,-22.999523,13.066697,100
173,452,-23.063811,13.143294,100
174,451,-22.993368,13.137139,100
195,209,-14.410268,4.543951,100
195,211,-14.474556,4.620548,100
196,210,-14.404113,4.614393,100
260,155,-10.185099,4.565194,100
261,154,-10.114657,4.559039,100
261,155,-10.146801,4.597338,100
261,156,-10.178945,4.635636,100
262,155,-10.108502,4.629482,100
219,337,-17.605531,10.217600,100
219,339,-17.669819,10.294197,100
216,494,-22.767025,16.134016,100
217,493,-22.696583,16.127861,100
217,494,-22.728727,16.166160,100
217,495,-22.760871,16.204458,100
218,494,-22.690429,16.198304,100
155,398,-22.017409,10.496589,100
156,398,-21.979110,10.528733,100
156,399,-22.011254,10.567032,100
157,398,-21.940812,10.560877,100
437,233,-5.913511,13.241947,100
438,232,-5.843069,13.235792,100
438,233,-5.875213,13.274091,100
438,234,-5.907357,13.312389,100
439,233,-5.836914,13.306235,100
325,175,-8.338582,7.420518,100
155,440,-23.367454,12.105122,100
156,439,-23.297012,12.098967,100
327,510,-19.030207,20.314768,100
328,509,-18.959765,20.308613,100
328,511,-19.024052,20.385210,100
394,454,-14.664154,20.323702,100
395,455,-14.657999,20.394144,100
494,358,-7.748496,19.861451,100
495,358,-7.710197,19.893595,100
495,359,-7.742341,19.931893,100
496,358,-7.671899,19.925739,100
197,480,-23.044680,14.987103,100
198,479,-22.974237,14.980949,100
198,480,-23.006381,15.019247,100
198,481,-23.038525,15.057546,100
199,480,-22.968083,15.051391,100
440,387,-10.748783,19.236331,100
441,387,-10.710485,19.268475,100
441,388,-10.742629,19.306773,100
442,387,-10.672187,19.300619,100
157,444,-23.419433,12.322603,100
158,444,-23.381135,12.354747,100
158,445,-23.413279,12.393046,100
159,444,-23.342837,12.386891,100
495,323,-6.585159,18.553151,100
496,323,-6.546861,18.585295,100
496,324,-6.579005,18.623593,100
497,323,-6.508562,18.617439,100
442,168,-3.632663,10.913271,100
443,167,-3.562220,10.907116,100
443,168,-3.594364,10.945415,100
443,169,-3.626508,10.983713,100
444,168,-3.556066,10.977559,100
256,340,-16.284922,11.521821,100
256,341,-16.317066,11.560119,100
257,341,-16.278768,11.592263,100
280,514,-20.958807,18.957196,100
281,513,-20.888365,18.951042,100
281,514,-20.920509,18.989340,100
281,515,-20.952653,19.027638,100
282,514,-20.882210,19.021484,100
391,122,-4.107259,7.512204,100
392,122,-4.068961,7.544347,100
392,123,-4.101105,7.582646,100
393,122,-4.030663,7.576491,100
199,481,-23.000227,15.089690,100
199,482,-23.032371,15.127988,100
200,481,-22.961928,15.121833,100
394,127,-4.153084,7.800127,100
395,127,-4.114786,7.832271,100
395,128,-4.146930,7.870570,100
396,127,-4.076487,7.864415,100
205,340,-18.238140,9.882480,100
206,340,-18.199842,9.914624,100
206,341,-18.231986,9.952922,100
334,225,-9.601094,9.624733,100
335,224,-9.530652,9.618579,100
335,225,-9.562796,9.656877,100
335,226,-9.594940,9.695176,100
336,225,-9.524497,9.689021,100
345,500,-18.019396,20.510375,100
346,500,-17.981098,20.542519,100
346,501,-18.013242,20.580817,100
197,336,-18.415952,9.472135,100
198,335,-18.345509,9.465980,100
199,336,-18.339355,9.536422,100
365,478,-16.546262,20.310689,100
366,477,-16.475819,20.304535,100
367,478,-16.469665,20.374977,100
285,220,-11.316996,7.858188,100
286,219,-11.246553,7.852034,100
286,220,-11.278697,7.890332,100
286,221,-11.310841,7.928630,100
287,220,-11.240399,7.922476,100
445,358,-9.625117,18.286397,100
446,359,-9.618963,18.356840,100
366,65,-3.232514,4.525597,100
367,65,-3.194216,4.557740,100
367,66,-3.226360,4.596039,100
451,252,-5.988069,14.419631,100
452,251,-5.917626,14.413477,100
452,252,-5.949770,14.451775,100
452,253,-5.981914,14.490074,100
453,252,-5.911472,14.483919,100
477,390,-9.428175,20.540552,100
478,390,-9.389876,20.572696,100
478,391,-9.422020,20.610995,100
368,483,-16.592086,20.598613,100
369,482,-16.521644,20.592458,100
369,483,-16.553788,20.630757,100
369,484,-16.585932,20.669055,100
370,483,-16.515489,20.662901,100
175,354,-19.837107,9.454339,100
176,353,-19.766665,9.448184,100
176,354,-19.798809,9.486483,100
176,355,-19.830953,9.524781,100
177,354,-19.760511,9.518627,100
391,241,-7.932389,12.069712,100
392,242,-7.926234,12.140155,100
434,428,-12.296475,20.613702,100
257,161,-10.492858,4.698552,100
257,163,-10.557146,4.775149,100
258,162,-10.486704,4.768995,100
72,341,-23.363971,5.645634,100
73,340,-23.293528,5.639479,100
73,341,-23.325672,5.677778,100
73,342,-23.357816,5.716076,100
74,341,-23.287374,5.709921,100
212,501,-23.145227,16.273529,100
213,500,-23.074784,16.267374,100
213,501,-23.106928,16.305673,100
213,502,-23.139072,16.343971,100
214,501,-23.068630,16.337817,100
403,251,-7.794247,12.838424,100
376,78,-3.267402,5.344915,100
377,77,-3.196959,5.338761,100
377,78,-3.229103,5.377059,100
377,79,-3.261247,5.415357,100
378,78,-3.190805,5.409203,100
292,344,-15.034756,12.832196,100
293,343,-14.964314,12.826042,100
293,344,-14.996458,12.864340,100
293,345,-15.028601,12.902639,100
294,344,-14.958159,12.896484,100
347,501,-17.974943,20.612961,100
347,502,-18.007087,20.651260,100
348,501,-17.936645,20.645105,100
199,338,-18.403643,9.613019,100
200,337,-18.333201,9.606865,100
413,262,-7.764847,13.581145,100
414,261,-7.694405,13.574991,100
414,262,-7.726549,13.613289,100
414,263,-7.758692,13.651588,100
415,262,-7.688250,13.645433,100
412,446,-13.717631,20.595906,100
413,445,-13.647189,20.589751,100
413,447,-13.711477,20.666348,100
420,121,-2.964462,8.406080,100
421,120,-2.894020,8.399925,100
421,121,-2.926164,8.438223,100
421,122,-2.958308,8.476522,100
422,121,-2.887865,8.470367,100
399,98,-3.029418,6.850194,100
400,98,-2.991119,6.882338,100
400,99,-3.023263,6.920636,100
479,391,-9.383722,20.643138,100
479,392,-9.415866,20.681437,100
480,391,-9.345423,20.675282,100
465,272,-6.094770,15.635614,100
466,271,-6.024328,15.629460,100
467,272,-6.018173,15.699902,100
392,244,-7.990522,12.216751,100
393,243,-7.920080,12.210597,100
283,152,-9.207804,5.189609,100
284,152,-9.169506,5.221753,100
284,153,-9.201650,5.260052,100
285,152,-9.131207,5.253897,100
384,238,-8.104046,11.729810,100
384,240,-8.168334,11.806406,100
74,343,-23.351662,5.786518,100
403,253,-7.858535,12.915020,100
404,252,-7.788093,12.908866,100
375,235,-8.352299,11.325619,100
376,234,-8.281857,11.319464,100
376,235,-8.314001,11.357763,100
376,236,-8.346145,11.396061,100
229,181,-12.208092,4.564490,100
230,180,-12.137650,4.558335,100
230,181,-12.169793,4.596634,100
230,182,-12.201937,4.634932,100
294,161,-9.075817,5.887878,100
295,160,-9.005375,5.881724,100
295,161,-9.037519,5.920022,100
295,162,-9.069663,5.958321,100
296,161,-8.999221,5.952166,100
389,133,-4.537440,7.869198,100
429,206,-5.352012,11.950738,100
431,206,-5.275415,12.015026,100
266,511,-21.398553,18.392286,100
266,513,-21.462841,18.468882,100
384,463,-15.336433,20.346948,100
385,462,-15.265991,20.340794,100
385,463,-15.298135,20.379092,100
385,464,-15.330279,20.417390,100
386,463,-15.259836,20.411236,100
422,122,-2.920009,8.508666,100
422,123,-2.952153,8.546964,100
423,122,-2.881711,8.540810,100
409,111,-3.064305,7.669512,100
410,110,-2.993863,7.663358,100
410,111,-3.026007,7.701656,100
410,112,-3.058151,7.739955,100
411,111,-2.987708,7.733800,100
477,282,-5.956629,16.404326,100
478,281,-5.886186,16.398171,100
478,282,-5.918330,16.436470,100
478,283,-5.950474,16.474768,100
479,282,-5.880032,16.468614,100
141,333,-20.464230,7.557179,100
142,333,-20.425932,7.589323,100
142,334,-20.458076,7.627621,100
425,275,-7.723137,14.464752,100
425,277,-7.787425,14.541349,100
426,276,-7.716983,14.535194,100
271,217,-11.756741,7.293278,100
271,219,-11.821029,7.369874,100
272,218,-11.750587,7.363720,100
450,414,-11.233686,20.591827,100
451,413,-11.163244,20.585673,100
451,414,-11.195387,20.623971,100
451,415,-11.227531,20.662269,100
391,99,-3.367949,6.631340,100
392,98,-3.297506,6.625186,100
393,99,-3.291352,6.695628,100
205,497,-23.284740,15.895328,100
206,496,-23.214297,15.889173,100
206,497,-23.246441,15.927471,100
206,498,-23.278585,15.965770,100
207,497,-23.208143,15.959615,100
193,343,-18.794153,9.611648,100
194,343,-18.755855,9.643792,100
194,344,-18.787998,9.682090,100
98,371,-23.332531,7.630328,100
99,370,-23.262088,7.624173,100
99,371,-23.294232,7.662472,100
99,372,-23.326376,7.700770,100
100,371,-23.255934,7.694616,100
427,281,-7.839404,14.758830,100
428,280,-7.768962,14.752676,100
428,281,-7.801106,14.790974,100
428,282,-7.833250,14.829272,100
429,281,-7.762808,14.823118,100
411,112,-3.019852,7.772098,100
411,113,-3.051996,7.810397,100
412,112,-2.981554,7.804242,100
444,370,-10.049143,18.713834,100
445,370,-10.010844,18.745978,100
445,371,-10.042988,18.784276,100
446,370,-9.972546,18.778122,100
445,335,-8.885806,17.405534,100
446,335,-8.847508,17.437678,100
446,336,-8.879652,17.475977,100
447,335,-8.809209,17.469822,100
237,342,-17.076880,10.987683,100
377,234,-8.243559,11.351608,100
377,236,-8.307847,11.428205,100
368,231,-8.491812,10.947418,100
369,230,-8.421370,10.941263,100
369,231,-8.453514,10.979562,100
369,232,-8.485658,11.017860,100
370,231,-8.415216,11.011706,100
435,405,-11.518866,19.764982,100
435,406,-11.551010,19.803281,100
436,405,-11.480568,19.797126,100
201,203,-13.987614,4.507024,100
202,202,-13.917171,4.500870,100
202,203,-13.949315,4.539168,100
202,204,-13.981459,4.577466,100
203,203,-13.911017,4.571312,100
401,450,-14.267489,20.395516,100
178,336,-19.143621,8.861400,100
179,336,-19.105323,8.893544,100
179,337,-19.137467,8.931842,100
180,336,-19.067024,8.925688,100
403,454,-14.319468,20.612997,100
404,453,-14.249026,20.606843,100
404,454,-14.281170,20.645141,100
404,455,-14.313314,20.683440,100
405,454,-14.242871,20.677285,100
109,385,-23.361264,8.520089,100
110,384,-23.290821,8.513934,100
110,385,-23.322965,8.552233,100
110,386,-23.355109,8.590531,100
111,385,-23.284667,8.584377,100
273,344,-15.762425,12.221461,100
274,344,-15.724127,12.253605,100
274,345,-15.756271,12.291904,100
180,337,-19.099168,8.963986,100
180,338,-19.131312,9.002284,100
181,337,-19.060870,8.996130,100
221,337,-17.528934,10.281888,100
221,339,-17.593222,10.358484,100
309,221,-10.429978,8.667941,100
309,223,-10.494266,8.744538,100
251,216,-12.490565,6.612100,100
251,218,-12.554853,6.688697,100
330,509,-18.883168,20.372901,100
441,422,-11.835523,20.608919,100
216,340,-17.816858,10.236063,100
217,340,-17.778560,10.268207,100
217,341,-17.810704,10.306505,100
218,340,-17.740261,10.300351,100
346,224,-9.109369,9.972162,100
346,226,-9.173657,10.048759,100
162,369,-20.817146,9.610944,100
163,368,-20.746703,9.604789,100
164,369,-20.740549,9.675231,100
167,447,-23.132881,12.758938,100
168,447,-23.094583,12.791082,100
168,448,-23.126727,12.829380,100
221,189,-12.771631,4.613725,100
222,188,-12.701188,4.607571,100
222,189,-12.733332,4.645869,100
222,190,-12.765476,4.684168,100
223,189,-12.695034,4.678013,100
391,112,-3.785820,7.129220,100
392,112,-3.747522,7.161364,100
392,113,-3.779666,7.199662,100
393,112,-3.709223,7.193507,100
138,420,-23.375648,10.792707,100
139,419,-23.305206,10.786553,100
139,420,-23.337350,10.824851,100
139,421,-23.369494,10.863149,100
140,420,-23.299051,10.856995,100
238,507,-22.342332,17.339062,100
239,507,-22.304034,17.371206,100
239,508,-22.336178,17.409504,100
240,507,-22.265735,17.403349,100
353,494,-17.520146,20.537736,100
354,493,-17.449703,20.531582,100
354,494,-17.481847,20.569880,100
354,495,-17.513991,20.608178,100
361,169,-6.766977,8.347910,100
362,168,-6.696534,8.341755,100
362,169,-6.728678,8.380054,100
362,170,-6.760822,8.418352,100
363,169,-6.690380,8.412198,100
311,348,-14.435662,13.596125,100
312,348,-14.397364,13.628269,100
312,349,-14.429508,13.666567,100
328,175,-8.223687,7.516950,100
329,176,-8.217533,7.587392,100
347,226,-9.135359,10.080903,100
347,227,-9.167503,10.119201,100
252,216,-12.452267,6.644244,100
252,218,-12.516555,6.720841,100
163,333,-19.621665,8.264345,100
164,332,-19.551223,8.258191,100
164,333,-19.583367,8.296489,100
164,334,-19.615511,8.334788,100
165,333,-19.545069,8.328633,100
377,477,-16.054537,20.658118,100
378,477,-16.016239,20.690262,100
384,152,-5.339666,8.436148,100
169,448,-23.088428,12.861524,100
169,449,-23.120572,12.899823,100
170,448,-23.050130,12.893668,100
323,505,-19.022681,19.994700,100
323,506,-19.054825,20.032998,100
324,506,-19.016526,20.065142,100
441,314,-8.363977,16.472692,100
442,314,-8.325679,16.504836,100
442,315,-8.357823,16.543135,100
443,314,-8.287380,16.536980,100
376,68,-2.945962,4.961931,100
377,67,-2.875520,4.955777,100
377,68,-2.907664,4.994075,100
377,69,-2.939808,5.032373,100
378,68,-2.869366,5.026219,100
231,504,-22.513989,16.999159,100
232,504,-22.475691,17.031303,100
232,505,-22.507835,17.069601,100
233,504,-22.437392,17.063447,100
204,487,-23.001599,15.480200,100
205,487,-22.963300,15.512344,100
205,488,-22.995444,15.550642,100
206,487,-22.925002,15.544488,100
193,212,-14.583296,4.594558,100
194,212,-14.544998,4.626702,100
194,213,-14.577142,4.665000,100
195,212,-14.506699,4.658846,100
223,500,-22.691800,16.588814,100
224,500,-22.653502,16.620958,100
224,501,-22.685646,16.659256,100
225,500,-22.615204,16.653102,100
446,249,-6.083129,14.144016,100
447,248,-6.012686,14.137862,100
447,249,-6.044830,14.176160,100
447,250,-6.076974,14.214459,100
448,249,-6.006532,14.208304,100
287,521,-20.915726,19.450292,100
288,520,-20.845284,19.444138,100
288,521,-20.877428,19.482436,100
288,522,-20.909572,19.520735,100
289,521,-20.839129,19.514580,100
174,464,-23.411240,13.635018,100
175,463,-23.340797,13.628864,100
175,464,-23.372941,13.667162,100
175,465,-23.405085,13.705461,100
176,464,-23.334643,13.699306,100
154,406,-22.312859,10.770833,100
155,406,-22.274560,10.802977,100
155,407,-22.306704,10.841275,100
156,406,-22.236262,10.835120,100
159,335,-19.839147,8.212366,100
160,335,-19.800848,8.244510,100
160,336,-19.832992,8.282809,100
161,335,-19.762550,8.276654,100
348,500,-17.904501,20.606807,100
349,500,-17.866203,20.638951,100
349,501,-17.898347,20.677249,100
350,500,-17.827904,20.671095,100
289,219,-11.131658,7.948465,100
289,220,-11.163802,7.986764,100
290,220,-11.125504,8.018908,100
107,328,-21.605656,6.272793,100
107,330,-21.669944,6.349389,100
108,329,-21.599501,6.343235,100
415,444,-13.538448,20.615741,100
415,445,-13.570592,20.654039,100
416,445,-13.532293,20.686183,100
493,360,-7.851082,19.905903,100
494,359,-7.780640,19.899749,100
494,360,-7.812784,19.938047,100
494,361,-7.844928,19.976346,100
495,360,-7.774485,19.970191,100
439,389,-10.851370,19.280784,100
440,388,-10.780927,19.274629,100
440,389,-10.813071,19.312928,100
440,390,-10.845215,19.351226,100
441,389,-10.774773,19.345072,100
429,196,-5.030572,11.567755,100
430,196,-4.992274,11.599898,100
430,197,-5.024418,11.638197,100
431,196,-4.953976,11.632042,100
158,376,-21.195347,9.750457,100
159,375,-21.124905,9.744302,100
160,376,-21.118750,9.814744,100
380,74,-2.985632,5.320297,100
381,73,-2.915190,5.314143,100
381,74,-2.947334,5.352441,100
381,75,-2.979478,5.390740,100
382,74,-2.909036,5.384585,100
64,332,-23.381062,5.043796,100
65,331,-23.310620,5.037642,100
65,332,-23.342764,5.075940,100
65,333,-23.374908,5.114239,100
66,332,-23.304466,5.108084,100
325,224,-9.913636,9.297139,100
326,223,-9.843193,9.290985,100
326,224,-9.875337,9.329283,100
326,225,-9.907481,9.367582,100
327,224,-9.837039,9.361427,100
363,479,-16.655002,20.284700,100
364,478,-16.584560,20.278545,100
364,479,-16.616704,20.316844,100
364,480,-16.648848,20.355142,100
444,324,-8.570521,16.952108,100
446,324,-8.493924,17.016396,100
176,465,-23.366787,13.737605,100
176,466,-23.398931,13.775903,100
177,465,-23.328488,13.769748,100
297,345,-14.875408,13.031215,100
297,347,-14.939696,13.107811,100
208,496,-23.137700,15.953461,100
209,497,-23.131546,16.023903,100
201,337,-18.294902,9.639009,100
202,336,-18.224460,9.632854,100
202,337,-18.256604,9.671153,100
202,338,-18.288748,9.709451,100
203,337,-18.218305,9.703297,100
227,510,-22.860046,17.100373,100
227,511,-22.892190,17.138672,100
228,510,-22.821748,17.132517,100
152,332,-20.010804,7.872464,100
153,331,-19.940361,7.866309,100
153,332,-19.972505,7.904608,100
153,333,-20.004649,7.942906,100
154,332,-19.934207,7.936751,100
408,258,-7.827763,13.267232,100
409,257,-7.757321,13.261078,100
409,258,-7.789465,13.299376,100
409,259,-7.821609,13.337674,100
410,258,-7.751166,13.331520,100
316,175,-8.683268,7.131223,100
317,174,-8.612826,7.125068,100
317,175,-8.644970,7.163367,100
317,176,-8.677114,7.201665,100
318,175,-8.606671,7.195510,100
407,442,-13.780547,20.281993,100
408,441,-13.710105,20.275838,100
408,442,-13.742249,20.314136,100
408,443,-13.774393,20.352435,100
409,442,-13.703950,20.346280,100
280,521,-21.183815,19.225285,100
280,523,-21.248103,19.301882,100
468,272,-5.979875,15.732046,100
469,271,-5.909432,15.725892,100
469,272,-5.941576,15.764190,100
469,273,-5.973720,15.802489,100
470,272,-5.903278,15.796334,100
365,480,-16.610550,20.387286,100
365,481,-16.642694,20.425584,100
286,152,-9.092909,5.286041,100
287,151,-9.022467,5.279887,100
287,152,-9.054611,5.318185,100
287,153,-9.086755,5.356484,100
288,152,-9.016312,5.350329,100
278,148,-9.270720,4.875696,100
279,147,-9.200278,4.869542,100
279,148,-9.232422,4.907840,100
279,149,-9.264566,4.946138,100
209,499,-23.195834,16.100500,100
210,498,-23.125392,16.094346,100
397,248,-7.927606,12.530665,100
398,247,-7.857164,12.524510,100
398,248,-7.889308,12.562809,100
398,249,-7.921452,12.601107,100
399,248,-7.851009,12.594953,100
470,273,-5.935422,15.834633,100
470,274,-5.967566,15.872931,100
471,273,-5.897123,15.866776,100
461,269,-6.151532,15.392143,100
462,268,-6.081089,15.385989,100
463,269,-6.074935,15.456431,100
327,223,-9.804895,9.323129,100
327,225,-9.869183,9.399726,100
328,224,-9.798740,9.393571,100
240,340,-16.897697,11.007518,100
337,499,-18.293640,20.214925,100
338,498,-18.223197,20.208770,100
338,499,-18.255341,20.247069,100
338,500,-18.287485,20.285367,100
145,334,-20.343180,7.724053,100
280,149,-9.226268,4.978282,100
280,150,-9.258412,5.016581,100
91,361,-23.279180,7.022336,100
92,362,-23.273026,7.092779,100
380,235,-8.160807,11.486339,100
380,237,-8.225095,11.562935,100
381,236,-8.154653,11.556781,100
394,134,-4.378092,8.068216,100
395,134,-4.339793,8.100360,100
423,422,-12.524894,20.030328,100
424,421,-12.454452,20.024173,100
424,422,-12.486596,20.062472,100
424,423,-12.518740,20.100770,100
425,422,-12.448297,20.094616,100
399,250,-7.915297,12.671549,100
372,231,-8.338619,11.075993,100
372,233,-8.402907,11.152590,100
373,232,-8.332464,11.146436,100
306,511,-19.866617,19.678043,100
307,510,-19.796175,19.671889,100
307,511,-19.828319,19.710187,100
307,512,-19.860463,19.748486,100
308,511,-19.790020,19.742331,100
153,418,-22.736884,11.198269,100
154,418,-22.698586,11.230413,100
154,419,-22.730730,11.268712,100
268,219,-11.935924,7.273443,100
269,219,-11.897626,7.305587,100
269,220,-11.929770,7.343885,100
228,183,-12.310678,4.608943,100
229,182,-12.240236,4.602788,100
229,183,-12.272380,4.641087,100
229,184,-12.304524,4.679385,100
230,183,-12.234081,4.673231,100
483,293,-6.080422,17.018472,100
240,342,-16.961985,11.084115,100
241,341,-16.891542,11.077960,100
441,147,-2.995938,10.076861,100
442,146,-2.925496,10.070706,100
442,147,-2.957640,10.109005,100
442,148,-2.989784,10.147303,100
443,147,-2.919342,10.141148,100
157,388,-21.619373,10.177893,100
158,388,-21.581074,10.210037,100
158,389,-21.613218,10.248336,100
159,388,-21.542776,10.242181,100
486,298,-6.126246,17.306395,100
420,124,-3.060894,8.520975,100
421,123,-2.990452,8.514820,100
421,124,-3.022596,8.553119,100
421,125,-3.054739,8.591417,100
384,472,-15.625729,20.691634,100
385,471,-15.555286,20.685479,100
94,368,-23.389292,7.386857,100
95,368,-23.350994,7.419001,100
95,369,-23.383138,7.457299,100
96,368,-23.312696,7.451145,100
389,136,-4.633871,7.984093,100
390,136,-4.595573,8.016237,100
390,137,-4.627717,8.054536,100
391,136,-4.557275,8.048381,100
496,348,-7.350459,19.542755,100
497,347,-7.280017,19.536600,100
498,348,-7.273863,19.607042,100
430,137,-3.095781,9.340293,100
431,136,-3.025339,9.334139,100
431,137,-3.057483,9.372437,100
431,138,-3.089627,9.410736,100
432,137,-3.019184,9.404581,100
443,148,-2.951486,10.179447,100
443,149,-2.983629,10.217745,100
444,148,-2.913187,10.211591,100
200,206,-14.122344,4.589775,100
201,205,-14.051902,4.583621,100
201,206,-14.084045,4.621919,100
201,207,-14.116189,4.660218,100
202,206,-14.045747,4.654063,100
298,512,-20.205148,19.459190,100
299,511,-20.134706,19.453036,100
300,512,-20.128551,19.523478,100
266,151,-9.826733,4.604864,100
267,150,-9.756291,4.598710,100
267,151,-9.788435,4.637008,100
267,152,-9.820579,4.675306,100
268,151,-9.750136,4.669152,100
170,363,-20.317895,9.638305,100
171,363,-20.279596,9.670449,100
171,364,-20.311740,9.708747,100
277,344,-15.609232,12.350037,100
277,345,-15.641376,12.388336,100
432,138,-3.051328,9.442880,100
432,139,-3.083472,9.481178,100
433,138,-3.013030,9.475023,100
161,433,-22.912656,12.029897,100
193,346,-18.890585,9.726543,100
194,345,-18.820142,9.720388,100
194,346,-18.852286,9.758687,100
194,347,-18.884430,9.796985,100
195,346,-18.813988,9.790831,100
119,397,-23.364007,9.301109,100
120,396,-23.293565,9.294955,100
120,397,-23.325709,9.333253,100
120,398,-23.357853,9.371551,100
121,397,-23.287410,9.365397,100
259,520,-21.955937,18.511964,100
260,519,-21.885495,18.505809,100
260,520,-21.917639,18.544107,100
260,521,-21.949783,18.582406,100
261,520,-21.879340,18.576251,100
419,429,-12.903095,20.169841,100
420,428,-12.832653,20.163686,100
420,430,-12.896941,20.240283,100
254,216,-12.375670,6.708532,100
255,217,-12.369516,6.778975,100
433,184,-4.491651,11.236750,100
434,183,-4.421209,11.230595,100
435,184,-4.415055,11.301037,100
161,435,-22.976944,12.106494,100
162,434,-22.906502,12.100339,100
241,508,-22.259581,17.473792,100
242,507,-22.189138,17.467637,100
242,508,-22.221282,17.505936,100
242,509,-22.253426,17.544234,100
444,377,-10.274150,18.981923,100
445,377,-10.235852,19.014067,100
490,309,-6.326636,17.856254,100
491,309,-6.288338,17.888398,100
491,310,-6.320482,17.926696,100
492,309,-6.250039,17.920541,100
153,395,-21.997574,10.317406,100
154,395,-21.959275,10.349550,100
154,396,-21.991419,10.387849,100
219,340,-17.701963,10.332495,100
220,340,-17.663664,10.364639,100
220,341,-17.695808,10.402937,100
447,347,-9.194937,17.929403,100
448,346,-9.124494,17.923248,100
449,347,-9.118340,17.993691,100
349,224,-8.994474,10.068594,100
350,225,-8.988320,10.139036,100
495,314,-6.295864,18.208465,100
186,346,-19.158674,9.501535,100
186,348,-19.222961,9.578132,100
187,347,-19.152519,9.571977,100
130,411,-23.392740,10.190870,100
131,410,-23.322298,10.184715,100
131,411,-23.354442,10.223014,100
131,412,-23.386585,10.261312,100
132,411,-23.316143,10.255158,100
371,474,-16.187896,20.350359,100
372,473,-16.117453,20.344205,100
372,474,-16.149597,20.382503,100
372,475,-16.181741,20.420801,100
373,474,-16.111299,20.414647,100
174,454,-23.089800,13.252034,100
175,453,-23.019358,13.245880,100
175,454,-23.051502,13.284178,100
175,455,-23.083646,13.322477,100
176,454,-23.013203,13.316322,100
429,415,-12.070096,19.955103,100
430,414,-11.999654,19.948948,100
430,415,-12.031798,19.987247,100
430,416,-12.063942,20.025545,100
431,415,-11.993499,20.019391,100
315,349,-14.314613,13.762999,100
415,434,-13.217008,20.232757,100
416,435,-13.210854,20.303199,100
495,316,-6.360152,18.285062,100
496,315,-6.289709,18.278908,100
212,337,-17.873620,9.992592,100
213,336,-17.803177,9.986438,100
213,337,-17.835321,10.024736,100
213,338,-17.867465,10.063035,100
157,440,-23.290858,12.169410,100
176,455,-23.045347,13.354621,100
176,456,-23.077491,13.392919,100
177,455,-23.007049,13.386765,100
292,220,-11.048907,8.083196,100
292,222,-11.113195,8.159792,100
181,349,-19.446597,9.455711,100
182,348,-19.376155,9.449556,100
182,349,-19.408299,9.487855,100
182,350,-19.440443,9.526153,100
183,349,-19.370001,9.519999,100
235,503,-22.328651,17.089436,100
196,212,-14.468401,4.690990,100
197,211,-14.397959,4.684835,100
197,212,-14.430103,4.723134,100
197,213,-14.462247,4.761432,100
198,212,-14.391804,4.755278,100
226,500,-22.576905,16.685246,100
227,499,-22.506463,16.679091,100
227,500,-22.538607,16.717389,100
227,501,-22.570751,16.755688,100
228,500,-22.500308,16.749533,100
446,360,-9.651106,18.395138,100
448,360,-9.574510,18.459426,100
290,521,-20.800831,19.546724,100
291,520,-20.730388,19.540570,100
291,521,-20.762532,19.578868,100
291,522,-20.794676,19.617167,100
418,441,-13.327121,20.597278,100
419,440,-13.256679,20.591123,100
419,441,-13.288823,20.629421,100
419,442,-13.320966,20.667720,100
420,441,-13.250524,20.661565,100
318,174,-8.574527,7.157212,100
319,173,-8.504085,7.151058,100
319,174,-8.536229,7.189356,100
319,175,-8.568373,7.227654,100
320,174,-8.497930,7.221500,100
337,224,-9.454055,9.682867,100
338,223,-9.383613,9.676712,100
338,224,-9.415757,9.715011,100
338,225,-9.447901,9.753309,100
249,340,-16.553011,11.296813,100
250,339,-16.482569,11.290659,100
250,340,-16.514713,11.328957,100
250,341,-16.546857,11.367256,100
251,340,-16.476414,11.361101,100
230,510,-22.745151,17.196805,100
230,512,-22.809439,17.273402,100
231,511,-22.738997,17.267248,100
109,329,-21.561203,6.375379,100
110,328,-21.490760,6.369224,100
110,329,-21.522904,6.407523,100
110,330,-21.555048,6.445821,100
111,329,-21.484606,6.439667,100
159,446,-23.407125,12.463488,100
160,445,-23.336682,12.457334,100
160,446,-23.368826,12.495632,100
160,447,-23.400970,12.533930,100
161,446,-23.330528,12.527776,100
235,176,-11.817582,4.565862,100
236,176,-11.779283,4.598005,100
236,177,-11.811427,4.636304,100
161,376,-21.080452,9.846888,100
162,375,-21.010009,9.840734,100
163,376,-21.003855,9.911176,100
450,250,-5.962079,14.310891,100
451,249,-5.891637,14.304736,100
451,250,-5.923781,14.343035,100
451,251,-5.955925,14.381333,100
452,250,-5.885482,14.375178,100
152,407,-22.421599,10.744843,100
154,407,-22.345003,10.809131,100
426,421,-12.377855,20.088461,100
426,422,-12.409999,20.126760,100
426,423,-12.442143,20.165058,100
427,422,-12.371700,20.158904,100
320,175,-8.530074,7.259798,100
320,176,-8.562218,7.298097,100
321,175,-8.491776,7.291942,100
251,341,-16.508558,11.399400,100
251,342,-16.540702,11.437698,100
316,515,-19.612209,20.152676,100
317,514,-19.541767,20.146522,100
155,332,-19.895909,7.968895,100
156,331,-19.825466,7.962741,100
156,332,-19.857610,8.001039,100
156,333,-19.889754,8.039338,100
157,332,-19.819312,8.033183,100
390,464,-15.138787,20.578110,100
491,367,-8.152686,20.109704,100
74,344,-23.383806,5.824817,100
75,344,-23.345507,5.856961,100
75,345,-23.377651,5.895259,100
76,344,-23.307209,5.889105,100
283,521,-21.068920,19.321717,100
283,523,-21.133207,19.398313,100
456,409,-10.843176,20.593199,100
457,409,-10.804877,20.625343,100
457,410,-10.837021,20.663641,100
397,94,-2.977439,6.632712,100
398,93,-2.906996,6.626558,100
398,94,-2.939140,6.664856,100
398,95,-2.971284,6.703155,100
399,94,-2.900842,6.697000,100
200,340,-18.429632,9.721760,100
201,339,-18.359190,9.715606,100
201,340,-18.391334,9.753904,100
201,341,-18.423478,9.792202,100
339,498,-18.184899,20.240914,100
234,216,-13.141638,6.065653,100
235,215,-13.071196,6.059499,100
235,216,-13.103340,6.097797,100
235,217,-13.135483,6.136096,100
236,216,-13.065041,6.129941,100
467,275,-6.114605,15.814797,100
468,274,-6.044163,15.808643,100
468,275,-6.076307,15.846941,100
468,276,-6.108450,15.885240,100
469,275,-6.038008,15.879085,100
72,337,-23.235395,5.492440,100
72,338,-23.267539,5.530738,100
73,338,-23.229240,5.562882,100
177,356,-19.824799,9.595224,100
178,355,-19.754356,9.589069,100
178,356,-19.786500,9.627368,100
178,357,-19.818644,9.665666,100
179,356,-19.748202,9.659511,100
204,493,-23.194462,15.709990,100
231,510,-22.706853,17.228949,100
223,506,-22.884664,16.818604,100
318,517,-19.599900,20.293561,100
354,172,-7.131497,8.237797,100
214,503,-23.132918,16.414413,100
215,502,-23.062475,16.408259,100
215,503,-23.094619,16.446557,100
215,504,-23.126763,16.484856,100
216,503,-23.056321,16.478701,100
458,410,-10.798723,20.695785,100
458,411,-10.830867,20.734083,100
459,410,-10.760425,20.727929,100
379,82,-3.281082,5.594540,100
380,81,-3.210640,5.588386,100
380,82,-3.242784,5.626684,100
380,83,-3.274928,5.664983,100
381,82,-3.204486,5.658828,100
399,95,-2.932986,6.735298,100
415,264,-7.752538,13.722030,100
416,263,-7.682096,13.715876,100
416,264,-7.714240,13.754174,100
416,265,-7.746384,13.792472,100
417,264,-7.675941,13.786318,100
287,344,-15.226248,12.671477,100
288,343,-15.155806,12.665322,100
288,344,-15.187950,12.703621,100
288,345,-15.220093,12.741919,100
289,344,-15.149651,12.735765,100
496,338,-7.029020,19.159771,100
498,338,-6.952423,19.224059,100
283,148,-9.079228,5.036416,100
98,328,-21.950341,5.983497,100
99,327,-21.879899,5.977343,100
99,328,-21.912043,6.015641,100
99,329,-21.944187,6.053939,100
406,444,-13.883133,20.326445,100
407,443,-13.812691,20.320291,100
407,444,-13.844835,20.358589,100
407,445,-13.876979,20.396888,100
408,444,-13.806537,20.390733,100
192,484,-23.364747,14.979577,100
193,483,-23.294305,14.973423,100
428,203,-5.293878,11.803699,100
401,100,-3.017109,6.991078,100
402,100,-2.978810,7.023222,100
402,101,-3.010954,7.061521,100
403,100,-2.940512,7.055366,100
393,245,-7.984368,12.287194,100
394,244,-7.913925,12.281039,100
394,245,-7.946069,12.319338,100
285,154,-9.195495,5.330494,100
286,153,-9.125053,5.324340,100
286,154,-9.157197,5.362638,100
286,155,-9.189341,5.400936,100
287,154,-9.118899,5.394782,100
479,285,-5.976464,16.583509,100
480,284,-5.906021,16.577354,100
480,285,-5.938165,16.615653,100
480,286,-5.970309,16.653951,100
481,285,-5.899867,16.647797,100
309,511,-19.751722,19.774475,100
310,510,-19.681280,19.768321,100
310,511,-19.713423,19.806619,100
310,512,-19.745567,19.844918,100
311,511,-19.675125,19.838763,100
444,327,-8.666953,17.067003,100
445,327,-8.628655,17.099147,100
445,328,-8.660799,17.137446,100
446,327,-8.590356,17.131291,100
392,137,-4.551120,8.118823,100
393,137,-4.512822,8.150967,100
393,138,-4.544966,8.189266,100
394,137,-4.474523,8.183111,100
429,284,-7.859239,14.938013,100
430,283,-7.788797,14.931859,100
431,284,-7.782643,15.002301,100
271,521,-21.528500,18.935989,100
272,520,-21.458058,18.929835,100
272,521,-21.490202,18.968133,100
272,522,-21.522346,19.006432,100
273,521,-21.451903,19.000277,100
487,374,-8.530888,20.249217,100
279,345,-15.564779,12.452624,100
280,344,-15.494337,12.446469,100
280,345,-15.526481,12.484768,100
280,346,-15.558625,12.523066,100
281,345,-15.488182,12.516911,100
378,467,-15.694799,20.307278,100
204,202,-13.840575,4.565157,100
205,201,-13.770132,4.559003,100
205,202,-13.802276,4.597301,100
205,203,-13.834420,4.635600,100
206,202,-13.763978,4.629445,100
100,373,-23.320222,7.771213,100
101,372,-23.249780,7.765058,100
101,373,-23.281923,7.803357,100
101,374,-23.314067,7.841655,100
102,373,-23.243625,7.835500,100
261,510,-21.557901,18.193267,100
261,512,-21.622189,18.269864,100
302,511,-20.019811,19.549468,100
302,512,-20.051955,19.587766,100
303,512,-20.013656,19.619910,100
489,376,-8.518579,20.390102,100
490,375,-8.448136,20.383948,100
111,388,-23.381099,8.699272,100
112,387,-23.310656,8.693117,100
112,388,-23.342800,8.731416,100
425,435,-12.866169,20.592495,100
426,434,-12.795726,20.586340,100
426,435,-12.827870,20.624639,100
426,436,-12.860014,20.662937,100
342,175,-7.687510,7.966965,100
343,176,-7.681355,8.037407,100
84,325,-22.390087,5.418587,100
84,327,-22.454375,5.495183,100
389,103,-3.573121,6.720246,100
390,103,-3.534823,6.752390,100
390,104,-3.566967,6.790689,100
391,103,-3.496524,6.784534,100
360,488,-17.059193,20.532953,100
360,489,-17.091337,20.571252,100
361,489,-17.053039,20.603396,100
245,507,-22.074243,17.564069,100
246,508,-22.068089,17.634512,100
169,365,-20.420481,9.682758,100
170,364,-20.350039,9.676603,100
170,365,-20.382183,9.714902,100
170,366,-20.414327,9.753200,100
171,365,-20.343884,9.747045,100
136,417,-23.355813,10.613524,100
137,416,-23.285371,10.607369,100
138,417,-23.279216,10.677812,100
263,521,-21.834887,18.678838,100
264,520,-21.764445,18.672683,100
264,521,-21.796589,18.710982,100
264,522,-21.828733,18.749280,100
265,521,-21.758291,18.743126,100
223,341,-17.580913,10.499369,100
224,340,-17.510471,10.493215,100
442,380,-10.447179,19.032530,100
443,380,-10.408881,19.064674,100
443,381,-10.441024,19.102973,100
444,380,-10.370582,19.096818,100
208,213,-14.040964,5.115016,100
209,212,-13.970522,5.108861,100
209,214,-14.034810,5.185458,100
121,328,-21.069478,6.722808,100
483,381,-8.909089,20.388730,100
484,380,-8.838646,20.382576,100
485,381,-8.832492,20.453018,100
368,165,-6.370312,8.419724,100
369,164,-6.299870,8.413569,100
369,165,-6.332014,8.451868,100
369,166,-6.364158,8.490166,100
370,165,-6.293715,8.484012,100
166,445,-23.106892,12.650197,100
167,444,-23.036450,12.644043,100
167,446,-23.100737,12.720640,100
266,154,-9.923165,4.719759,100
267,153,-9.852722,4.713605,100
267,154,-9.884866,4.751903,100
267,155,-9.917010,4.790201,100
268,154,-9.846568,4.784047,100
138,419,-23.343504,10.754409,100
139,418,-23.273062,10.748254,100
238,504,-22.245900,17.224166,100
238,506,-22.310188,17.300763,100
244,169,-11.247889,4.587068,100
244,171,-11.312177,4.663665,100
245,170,-11.241734,4.657511,100
216,336,-17.688282,10.082870,100
152,397,-22.100160,10.361859,100
153,396,-22.029718,10.355705,100
153,397,-22.061862,10.394003,100
153,398,-22.094006,10.432301,100
154,397,-22.023563,10.426147,100
164,371,-20.804837,9.751828,100
165,371,-20.766538,9.783972,100
165,372,-20.798682,9.822271,100
245,216,-12.720356,6.419237,100
246,215,-12.649913,6.413082,100
246,216,-12.682057,6.451381,100
246,217,-12.714201,6.489679,100
158,331,-19.748869,8.027029,100
158,332,-19.781013,8.065327,100
158,333,-19.813157,8.103626,100
159,332,-19.742715,8.097471,100
399,457,-14.569094,20.599317,100
399,459,-14.633381,20.675914,100
400,458,-14.562939,20.669759,100
464,403,-10.343925,20.620560,100
465,402,-10.273483,20.614406,100
465,403,-10.305627,20.652704,100
465,404,-10.337771,20.691002,100
466,403,-10.267328,20.684848,100
347,492,-17.685648,20.268276,100
348,491,-17.615206,20.262121,100
348,492,-17.647350,20.300420,100
348,493,-17.679494,20.338718,100
349,492,-17.609051,20.332563,100
370,67,-3.143609,4.730769,100
371,66,-3.073166,4.724615,100
371,67,-3.105310,4.762913,100
371,68,-3.137454,4.801211,100
372,67,-3.067012,4.795057,100
294,520,-20.615493,19.637002,100
294,522,-20.679781,19.713598,100
295,521,-20.609339,19.707444,100
216,192,-13.059554,4.567901,100
217,193,-13.053400,4.638343,100
434,231,-5.964118,13.068918,100
435,231,-5.925820,13.101062,100
435,232,-5.957964,13.139360,100
341,223,-9.268717,9.773144,100
341,225,-9.333005,9.849741,100
342,224,-9.262563,9.843586,100
440,311,-8.305844,16.325653,100
441,311,-8.267545,16.357797,100
159,334,-19.807003,8.174068,100
63,324,-23.162209,4.705265,100
64,324,-23.123911,4.737409,100
64,325,-23.156055,4.775708,100
238,176,-11.702687,4.662293,100
239,176,-11.664388,4.694437,100
239,177,-11.696532,4.732736,100
214,493,-22.811478,16.031429,100
215,492,-22.741036,16.025275,100
215,493,-22.773180,16.063573,100
215,494,-22.805324,16.101872,100
216,493,-22.734881,16.095717,100
380,71,-2.889201,5.205402,100
380,73,-2.953488,5.281999,100
381,72,-2.883046,5.275844,100
372,68,-3.099156,4.833355,100
372,69,-3.131300,4.871654,100
373,68,-3.060858,4.865499,100
496,328,-6.707581,18.776787,100
497,328,-6.669282,18.808931,100
497,329,-6.701426,18.847229,100
498,328,-6.630984,18.841075,100
437,425,-12.085148,20.595238,100
438,426,-12.078994,20.665681,100
382,77,-3.005467,5.499480,100
383,77,-2.967169,5.531624,100
383,78,-2.999313,5.569923,100
384,77,-2.928871,5.563768,100
174,460,-23.282664,13.481825,100
175,461,-23.276509,13.552267,100
323,174,-8.383035,7.317932,100
323,175,-8.415179,7.356230,100
192,474,-23.043308,14.596593,100
193,473,-22.972866,14.590439,100
193,474,-23.005010,14.628737,100
254,340,-16.361519,11.457533,100
278,514,-21.035404,18.892908,100
279,513,-20.964962,18.886754,100
279,514,-20.997106,18.925052,100
279,515,-21.029249,18.963350,100
320,516,-19.491159,20.319551,100
448,251,-6.070820,14.284901,100
449,250,-6.000377,14.278747,100
449,251,-6.032521,14.317045,100
449,252,-6.064665,14.355343,100
450,251,-5.994223,14.349189,100
178,466,-23.322334,13.840191,100
440,167,-3.677116,10.810685,100
441,166,-3.606673,10.804530,100
441,167,-3.638817,10.842828,100
441,168,-3.670961,10.881127,100
442,167,-3.600519,10.874972,100
283,220,-11.393592,7.793900,100
284,219,-11.323150,7.787746,100
284,220,-11.355294,7.826044,100
284,221,-11.387438,7.864342,100
195,336,-18.492549,9.407847,100
196,335,-18.422106,9.401692,100
196,336,-18.454250,9.439991,100
196,337,-18.486394,9.478289,100
100,327,-21.841600,6.009487,100
101,326,-21.771158,6.003332,100
102,327,-21.765004,6.073774,100
160,378,-21.183038,9.891341,100
161,378,-21.144740,9.923485,100
161,379,-21.176884,9.961784,100
443,321,-8.512388,16.805069,100
450,252,-6.026367,14.387487,100
450,253,-6.058511,14.425786,100
366,483,-16.668683,20.534325,100
367,482,-16.598241,20.528171,100
367,483,-16.630385,20.566469,100
367,484,-16.662529,20.604767,100
446,363,-9.747538,18.510033,100
447,363,-9.709240,18.542177,100
447,364,-9.741384,18.580476,100
448,363,-9.670941,18.574321,100
387,460,-15.125106,20.328485,100
387,462,-15.189394,20.405082,100
388,461,-15.118952,20.398927,100
199,489,-23.257378,15.396077,100
200,490,-23.251224,15.466519,100
389,241,-8.008986,12.005424,100
389,243,-8.073273,12.082021,100
211,499,-23.119237,16.164788,100
290,344,-15.111353,12.767909,100
291,343,-15.040910,12.761754,100
291,344,-15.073054,12.800052,100
291,345,-15.105198,12.838351,100
81,350,-23.308581,6.279615,100
82,349,-23.238138,6.273460,100
82,350,-23.270282,6.311759,100
82,351,-23.302426,6.350057,100
83,350,-23.231984,6.343903,100
446,366,-9.843970,18.624928,100
447,367,-9.837816,18.695371,100
389,466,-15.241373,20.622563,100
390,466,-15.203075,20.654707,100
390,467,-15.235218,20.693005,100
102,329,-21.829292,6.150371,100
103,328,-21.758849,6.144217,100
385,87,-3.212012,5.978896,100
386,86,-3.141569,5.972742,100
386,87,-3.173713,6.011040,100
386,88,-3.205857,6.049338,100
387,87,-3.135415,6.043184,100
288,154,-9.080600,5.426926,100
289,153,-9.010158,5.420771,100
289,154,-9.042302,5.459070,100
289,155,-9.074446,5.497368,100
290,154,-9.004003,5.491214,100
281,150,-9.220113,5.048725,100
281,151,-9.252257,5.087023,100
433,429,-12.366918,20.619856,100
434,430,-12.360763,20.690298,100
382,237,-8.148499,11.627223,100
211,501,-23.183525,16.241385,100
212,500,-23.113083,16.235230,100
353,176,-7.298371,8.358847,100
354,175,-7.227929,8.352692,100
197,335,-18.383808,9.433836,100
437,399,-11.249406,19.599480,100
438,399,-11.211107,19.631624,100
438,400,-11.243251,19.669922,100
439,399,-11.172809,19.663768,100
382,463,-15.413030,20.282660,100
383,462,-15.342588,20.276506,100
383,463,-15.374731,20.314804,100
383,464,-15.406875,20.353103,100
411,261,-7.809300,13.478559,100
412,260,-7.738857,13.472405,100
412,261,-7.771001,13.510703,100
412,262,-7.803145,13.549001,100
413,261,-7.732703,13.542847,100
250,164,-10.857379,4.588440,100
251,163,-10.786936,4.582286,100
251,164,-10.819080,4.620584,100
251,165,-10.851224,4.658882,100
252,164,-10.780782,4.652728,100
92,364,-23.337314,7.169376,100
93,363,-23.266871,7.163221,100
93,364,-23.299015,7.201519,100
138,331,-20.514837,7.384150,100
139,330,-20.444395,7.377995,100
140,331,-20.438240,7.448438,100
436,174,-4.055317,10.950197,100
437,173,-3.984874,10.944043,100
437,174,-4.017018,10.982341,100
373,234,-8.396752,11.223033,100
374,233,-8.326310,11.216878,100
374,234,-8.358454,11.255177,100
374,235,-8.390598,11.293475,100
375,234,-8.320155,11.287321,100
338,505,-18.448205,20.476859,100
339,504,-18.377762,20.470705,100
340,505,-18.371608,20.541147,100
192,342,-18.800307,9.541205,100
192,343,-18.832451,9.579504,100
392,104,-3.490370,6.854976,100
393,104,-3.452072,6.887120,100
393,105,-3.484216,6.925419,100
394,104,-3.413773,6.919264,100
432,140,-3.115616,9.519476,100
433,139,-3.045174,9.513322,100
433,140,-3.077318,9.551620,100
433,141,-3.109462,9.589919,100
434,140,-3.039019,9.583764,100
140,333,-20.502528,7.525035,100
141,332,-20.432086,7.518880,100
158,431,-22.963264,11.856868,100
446,340,-9.008228,17.629170,100
447,340,-8.969929,17.661314,100
447,341,-9.002073,17.699613,100
448,340,-8.931631,17.693458,100
332,501,-18.549419,20.130802,100
332,503,-18.613707,20.207399,100
333,502,-18.543265,20.201244,100
377,469,-15.797385,20.351731,100
378,469,-15.759087,20.383875,100
378,470,-15.791231,20.422173,100
96,370,-23.376984,7.527742,100
97,369,-23.306541,7.521587,100
97,370,-23.338685,7.559886,100
97,371,-23.370829,7.598184,100
98,370,-23.300387,7.592030,100
366,231,-8.568409,10.883130,100
367,230,-8.497967,10.876975,100
367,231,-8.530111,10.915274,100
367,232,-8.562255,10.953572,100
486,376,-8.633474,20.293670,100
246,170,-11.203436,4.689655,100
246,171,-11.235580,4.727953,100
434,141,-3.071163,9.622063,100
434,142,-3.103307,9.660361,100
435,141,-3.032865,9.654207,100
444,150,-2.977475,10.288188,100
445,149,-2.907033,10.282033,100
445,150,-2.939177,10.320332,100
445,151,-2.971321,10.358630,100
446,150,-2.900878,10.352475,100
432,215,-5.526412,12.391856,100
489,301,-6.107783,17.517722,100
490,300,-6.037340,17.511568,100
490,301,-6.069484,17.549866,100
490,302,-6.101628,17.588165,100
491,301,-6.031186,17.582010,100
358,492,-17.264366,20.621859,100
359,492,-17.226067,20.654003,100
359,493,-17.258211,20.692301,100
360,492,-17.187769,20.686147,100
193,342,-18.762009,9.573349,100
193,344,-18.826297,9.649946,100
434,407,-11.621453,19.809435,100
488,378,-8.621165,20.434555,100
489,377,-8.550723,20.428400,100
271,344,-15.839022,12.157174,100
272,344,-15.800724,12.189318,100
272,345,-15.832868,12.227616,100
162,437,-23.002934,12.215234,100
163,436,-22.932492,12.209080,100
163,437,-22.964635,12.247378,100
163,438,-22.996779,12.285677,100
164,437,-22.926337,12.279522,100
212,212,-13.855627,5.205293,100
124,328,-20.954583,6.819240,100
124,330,-21.018871,6.895836,100
125,329,-20.948428,6.889682,100
335,508,-18.659532,20.495323,100
336,508,-18.621233,20.527466,100
336,509,-18.653377,20.565765,100
337,508,-18.582935,20.559610,100
492,312,-6.346471,18.035437,100
356,485,-17.115955,20.289482,100
356,486,-17.148099,20.327781,100
343,223,-9.192121,9.837432,100
344,224,-9.185966,9.907874,100
448,159,-3.113577,10.761449,100
448,160,-3.145721,10.799747,100
155,397,-21.985265,10.458291,100
157,397,-21.908668,10.522579,100
396,460,-14.780421,20.617780,100
397,461,-14.774266,20.688223,100
398,460,-14.703824,20.682068,100
441,382,-10.549765,19.076983,100
442,381,-10.479323,19.070829,100
442,382,-10.511467,19.109127,100
442,383,-10.543611,19.147425,100
443,382,-10.473168,19.141271,100
482,383,-9.011675,20.433183,100
483,383,-8.973377,20.465327,100
483,384,-9.005521,20.503625,100
394,453,-14.632010,20.285404,100
395,454,-14.625855,20.355846,100
494,357,-7.716352,19.823152,100
496,357,-7.639755,19.887440,100
440,386,-10.716639,19.198033,100
442,386,-10.640043,19.262321,100
157,443,-23.387290,12.284305,100
159,443,-23.310693,12.348593,100
177,456,-23.039193,13.425063,100
177,457,-23.071337,13.463361,100
178,456,-23.000895,13.457207,100
183,352,-19.466432,9.634894,100
184,351,-19.395990,9.628739,100
184,352,-19.428134,9.667038,100
184,353,-19.460278,9.705336,100
185,352,-19.389836,9.699182,100
280,513,-20.926663,18.918898,100
281,512,-20.856221,18.912743,100
282,513,-20.850066,18.983185,100
484,384,-8.967222,20.535769,100
484,385,-8.999366,20.574068,100
485,384,-8.928924,20.567913,100
162,334,-19.692108,8.270500,100
374,477,-16.169432,20.561686,100
375,476,-16.098990,20.555532,100
375,477,-16.131134,20.593830,100
112,328,-21.414164,6.433512,100
113,327,-21.343721,6.427358,100
113,328,-21.375865,6.465656,100
113,329,-21.408009,6.503955,100
114,328,-21.337567,6.497800,100
391,121,-4.075115,7.473905,100
393,121,-3.998519,7.538193,100
199,479,-22.935939,15.013093,100
200,480,-22.929785,15.083535,100
159,445,-23.374981,12.425190,100
160,444,-23.304538,12.419035,100
178,457,-23.033038,13.495505,100
394,126,-4.120940,7.761829,100
396,126,-4.044343,7.826117,100
209,489,-22.874394,15.717516,100
210,488,-22.803952,15.711362,100
210,489,-22.836096,15.749660,100
210,490,-22.868240,15.787958,100
211,489,-22.797798,15.781804,100
62,327,-23.296939,4.788017,100
63,326,-23.226497,4.781862,100
63,327,-23.258641,4.820161,100
63,328,-23.290785,4.858459,100
64,327,-23.220343,4.852305,100
445,357,-9.592973,18.248099,100
309,347,-14.480115,13.493539,100
310,346,-14.409673,13.487384,100
310,347,-14.441817,13.525683,100
310,348,-14.473961,13.563981,100
311,347,-14.403518,13.557827,100
257,340,-16.246624,11.553965,100
257,342,-16.310912,11.630562,100
258,341,-16.240469,11.624407,100
282,515,-20.914354,19.059782,100
283,514,-20.843912,19.053628,100
431,193,-4.857544,11.517147,100
432,194,-4.851389,11.587590,100
433,193,-4.780947,11.581435,100
445,167,-3.485624,10.971404,100
211,490,-22.829942,15.820102,100
211,491,-22.862086,15.858401,100
212,490,-22.791643,15.852246,100
199,335,-18.307211,9.498124,100
200,336,-18.301057,9.568566,100
183,473,-23.355850,14.268999,100
184,472,-23.285407,14.262845,100
184,473,-23.317551,14.301143,100
184,474,-23.349695,14.339442,100
185,473,-23.279253,14.333287,100
287,219,-11.208255,7.884178,100
399,97,-2.997274,6.811895,100
401,97,-2.920677,6.876183,100
480,390,-9.313279,20.636984,100
370,484,-16.547633,20.701199,100
371,483,-16.477191,20.695045,100
228,215,-13.339284,5.834491,100
229,214,-13.268842,5.828337,100
229,215,-13.300986,5.866635,100
229,216,-13.333130,5.904934,100
230,215,-13.262688,5.898779,100
74,340,-23.255230,5.671623,100
403,250,-7.762104,12.800125,100
404,251,-7.755949,12.870568,100
294,343,-14.926015,12.858186,100
294,345,-14.990303,12.934783,100
295,344,-14.919861,12.928628,100
313,173,-8.733875,6.958194,100
314,172,-8.663433,6.952040,100
314,173,-8.695577,6.990338,100
314,174,-8.727721,7.028636,100
315,173,-8.657278,7.022482,100
384,462,-15.304289,20.308650,100
381,83,-3.236630,5.697127,100
381,84,-3.268773,5.735425,100
382,83,-3.198331,5.729271,100
439,169,-3.779702,10.855137,100
440,168,-3.709260,10.848983,100
440,169,-3.741404,10.887281,100
440,170,-3.773547,10.925580,100
441,169,-3.703105,10.919425,100
342,502,-18.198579,20.490540,100
343,501,-18.128137,20.484385,100
343,502,-18.160281,20.522684,100
343,503,-18.192425,20.560982,100
344,502,-18.121983,20.554828,100
379,159,-5.756166,8.543517,100
323,223,-9.958089,9.194553,100
324,222,-9.887646,9.188399,100
324,223,-9.919790,9.226697,100
324,224,-9.951934,9.264995,100
325,223,-9.881492,9.258841,100
362,480,-16.725445,20.290854,100
363,480,-16.687146,20.322998,100
363,481,-16.719290,20.361296,100
403,103,-3.036944,7.170261,100
404,103,-2.998645,7.202405,100
404,104,-3.030789,7.240704,100
405,103,-2.960347,7.234549,100
143,332,-20.355489,7.583168,100
159,380,-21.285624,9.935794,100
160,379,-21.215182,9.929640,100
160,380,-21.247326,9.967938,100
160,381,-21.279470,10.006236,100
161,380,-21.209027,10.000082,100
194,487,-23.384582,15.158760,100
207,496,-23.175999,15.921317,100
315,174,-8.689422,7.060780,100
315,175,-8.721566,7.099079,100
316,174,-8.651124,7.092924,100
306,170,-8.905532,6.618291,100
307,169,-8.835090,6.612137,100
307,170,-8.867234,6.650435,100
307,171,-8.899378,6.688734,100
308,170,-8.828935,6.682579,100
77,347,-23.365342,6.036144,100
78,346,-23.294900,6.029989,100
78,347,-23.327044,6.068288,100
78,348,-23.359188,6.106586,100
79,347,-23.288746,6.100432,100
382,84,-3.230475,5.767569,100
382,85,-3.262619,5.805867,100
383,84,-3.192177,5.799713,100
253,164,-10.742483,4.684872,100
254,163,-10.672041,4.678717,100
254,164,-10.704185,4.717016,100
254,165,-10.736329,4.755314,100
255,164,-10.665887,4.749160,100
444,369,-10.016999,18.675536,100
195,339,-18.588980,9.522742,100
196,338,-18.518538,9.516587,100
196,339,-18.550682,9.554886,100
196,340,-18.582826,9.593184,100
197,339,-18.512384,9.587030,100
261,513,-21.654333,18.308163,100
262,513,-21.616034,18.340307,100
262,514,-21.648178,18.378605,100
285,151,-9.099063,5.215599,100
286,151,-9.060765,5.247743,100
231,179,-12.067207,4.552181,100
231,180,-12.099351,4.590479,100
470,278,-6.096142,16.026124,100
471,277,-6.025699,16.019970,100
471,278,-6.057843,16.058268,100
471,279,-6.089987,16.096567,100
472,278,-6.019545,16.090412,100
384,89,-3.314598,6.023349,100
385,88,-3.244156,6.017195,100
385,89,-3.276300,6.055493,100
385,90,-3.308444,6.093791,100
386,89,-3.238001,6.087637,100
425,127,-2.965834,8.796590,100
426,126,-2.895391,8.790435,100
426,127,-2.927535,8.828734,100
426,128,-2.959679,8.867032,100
427,127,-2.889237,8.860877,100
304,511,-19.943214,19.613755,100
305,510,-19.872772,19.607601,100
305,511,-19.904915,19.645899,100
305,512,-19.937059,19.684198,100
401,447,-14.171057,20.280621,100
266,219,-12.012521,7.209155,100
267,220,-12.006367,7.279597,100
415,117,-3.027378,8.092166,100
446,371,-10.004690,18.816420,100
447,370,-9.934247,18.810266,100
359,486,-17.033204,20.424213,100
238,342,-17.038581,11.019827,100
403,453,-14.287324,20.574699,100
404,452,-14.216882,20.568545,100
405,453,-14.210727,20.638987,100
254,510,-21.825990,17.968260,100
255,509,-21.755547,17.962105,100
255,510,-21.787691,18.000404,100
255,511,-21.819835,18.038702,100
256,510,-21.749393,18.032548,100
435,176,-4.157903,10.994650,100
436,175,-4.087461,10.988496,100
436,176,-4.119605,11.026794,100
436,177,-4.151749,11.065093,100
437,176,-4.081306,11.058938,100
436,141,-2.994567,9.686350,100
481,292,-6.124874,16.915885,100
482,293,-6.118720,16.986328,100
483,292,-6.048278,16.980173,100
296,512,-20.281745,19.394902,100
297,511,-20.211303,19.388748,100
297,512,-20.243447,19.427046,100
297,513,-20.275590,19.465345,100
470,399,-9.985559,20.660230,100
471,399,-9.947260,20.692374,100
471,400,-9.979404,20.730672,100
275,345,-15.717973,12.324048,100
434,296,-8.053475,15.558314,100
435,297,-8.047320,15.628756,100
257,520,-22.032534,18.447676,100
258,519,-21.962092,18.441521,100
258,520,-21.994235,18.479820,100
258,521,-22.026379,18.518118,100
199,204,-14.096354,4.481035,100
199,205,-14.128498,4.519333,100
200,205,-14.090200,4.551477,100
210,215,-14.028655,5.255900,100
221,188,-12.739487,4.575427,100
391,111,-3.753676,7.090921,100
393,111,-3.677079,7.155209,100
181,336,-19.028726,8.957832,100
182,336,-18.990428,8.989975,100
436,297,-8.009022,15.660900,100
436,298,-8.041166,15.699198,100
140,419,-23.266908,10.818696,100
486,379,-8.729906,20.408565,100
487,379,-8.691607,20.440709,100
487,380,-8.723751,20.479008,100
488,379,-8.653309,20.472853,100
394,116,-3.799501,7.378845,100
395,116,-3.761202,7.410989,100
395,117,-3.793346,7.449287,100
200,207,-14.154488,4.628074,100
347,224,-9.071071,10.004306,100
445,347,-9.271534,17.865115,100
446,348,-9.265379,17.935557,100
122,331,-21.127612,6.869847,100
123,331,-21.089313,6.901991,100
123,332,-21.121457,6.940289,100
124,331,-21.051015,6.934135,100
433,412,-11.820471,19.968783,100
265,151,-9.865031,4.572720,100
266,150,-9.794589,4.566566,100
266,152,-9.858877,4.643162,100
431,218,-5.661142,12.474607,100
431,219,-5.693286,12.512905,100
432,218,-5.622844,12.506751,100
292,513,-20.467082,19.304625,100
293,512,-20.396640,19.298470,100
293,513,-20.428784,19.336769,100
293,514,-20.460928,19.375067,100
294,513,-20.390486,19.368913,100
240,506,-22.233591,17.365051,100
240,508,-22.297879,17.441648,100
241,507,-22.227437,17.435493,100
441,313,-8.331833,16.434394,100
443,313,-8.255236,16.498682,100
396,117,-3.755048,7.481431,100
396,118,-3.787192,7.519730,100
397,117,-3.716749,7.513575,100
313,349,-14.391209,13.698711,100
332,177,-8.134782,7.722122,100
333,176,-8.064339,7.715968,100
333,177,-8.096483,7.754266,100
333,178,-8.128627,7.792565,100
334,177,-8.058185,7.786410,100
433,229,-5.938129,12.960177,100
434,230,-5.931974,13.030620,100
165,368,-20.670107,9.669077,100
444,422,-11.720628,20.705351,100
444,423,-11.752772,20.743649,100
445,422,-11.682329,20.737495,100
238,173,-11.606255,4.547398,100
156,405,-22.204118,10.796822,100
443,315,-8.319524,16.575279,100
444,314,-8.249082,16.569124,100
326,511,-19.100649,20.320922,100
327,511,-19.062351,20.353066,100
327,512,-19.094495,20.391365,100
233,503,-22.405248,17.025148,100
318,507,-19.278461,19.910577,100
319,506,-19.208018,19.904423,100
319,507,-19.240162,19.942721,100
319,508,-19.272306,19.981019,100
320,507,-19.201864,19.974865,100
195,213,-14.538843,4.697144,100
225,499,-22.583060,16.614803,100
225,501,-22.647347,16.691400,100
439,388,-10.819226,19.242486,100
493,359,-7.818938,19.867605,100
285,515,-20.799459,19.156214,100
286,514,-20.729017,19.150060,100
382,73,-2.876892,5.346287,100
358,171,-6.946160,8.328075,100
359,170,-6.875717,8.321920,100
359,171,-6.907861,8.360219,100
359,172,-6.940005,8.398517,100
360,171,-6.869563,8.392363,100
176,463,-23.302499,13.661008,100
177,464,-23.296344,13.731450,100
194,477,-23.063143,14.775776,100
234,513,-22.688389,17.440276,100
235,512,-22.617947,17.434122,100
235,513,-22.650091,17.472420,100
235,514,-22.682235,17.510719,100
236,513,-22.611792,17.504564,100
161,334,-19.730406,8.238356,100
161,336,-19.794694,8.314953,100
162,335,-19.724252,8.308798,100
428,415,-12.108394,19.922959,100
429,414,-12.037952,19.916804,100
429,416,-12.102240,19.993401,100
290,219,-11.093360,7.980609,100
206,486,-22.892858,15.506189,100
207,486,-22.854559,15.538333,100
320,508,-19.234008,20.013163,100
320,509,-19.266152,20.051462,100
321,508,-19.195709,20.045307,100
58,324,-23.353701,4.544546,100
59,323,-23.283259,4.538391,100
59,324,-23.315403,4.576690,100
59,325,-23.347547,4.614988,100
60,324,-23.277104,4.608834,100
441,390,-10.806917,19.383370,100
442,389,-10.736474,19.377216,100
178,469,-23.418766,13.955086,100
179,470,-23.412611,14.025528,100
180,469,-23.342169,14.019374,100
495,325,-6.649447,18.629748,100
496,325,-6.611149,18.661892,100
391,88,-3.014365,6.210058,100
392,89,-3.008211,6.280501,100
393,88,-2.937769,6.274346,100
373,70,-3.125145,4.942096,100
374,69,-3.054703,4.935942,100
374,70,-3.086847,4.974240,100
374,71,-3.118991,5.012538,100
375,70,-3.048549,5.006384,100
231,215,-13.224389,5.930923,100
232,214,-13.153947,5.924769,100
232,216,-13.218235,6.001365,100
384,79,-2.993159,5.640365,100
385,78,-2.922716,5.634211,100
385,79,-2.954860,5.672509,100
385,80,-2.987004,5.710807,100
386,79,-2.916562,5.704653,100
318,176,-8.638815,7.233809,100
391,124,-4.171547,7.588800,100
392,124,-4.133249,7.620944,100
392,125,-4.165393,7.659243,100
393,124,-4.094951,7.653088,100
174,355,-19.907550,9.460493,100
175,355,-19.869251,9.492637,100
175,356,-19.901395,9.530936,100
228,509,-22.789604,17.094219,100
154,331,-19.902063,7.898453,100
154,333,-19.966351,7.975050,100
180,470,-23.374313,14.057672,100
180,471,-23.406457,14.095971,100
181,470,-23.336015,14.089816,100
219,506,-23.037858,16.690028,100
220,505,-22.967415,16.683874,100
220,506,-22.999559,16.722172,100
220,507,-23.031703,16.760471,100
221,506,-22.961261,16.754316,100
382,155,-5.512695,8.486755,100
383,154,-5.442253,8.480601,100
383,155,-5.474397,8.518899,100
383,156,-5.506541,8.557197,100
384,155,-5.436098,8.551043,100
431,195,-4.921832,11.593744,100
432,195,-4.883533,11.625888,100
394,129,-4.217372,7.876724,100
395,129,-4.179073,7.908868,100
395,130,-4.211217,7.947166,100
396,129,-4.140775,7.941012,100
205,342,-18.302428,9.959077,100
206,342,-18.264130,9.991220,100
206,343,-18.296274,10.029519,100
207,342,-18.225831,10.023364,100
345,502,-18.083684,20.586972,100
346,502,-18.045386,20.619116,100
346,503,-18.077530,20.657414,100
327,222,-9.772751,9.284830,100
328,223,-9.766597,9.355273,100
387,90,-3.231847,6.158079,100
388,91,-3.225692,6.228522,100
389,90,-3.155250,6.222367,100
411,447,-13.788073,20.602060,100
412,447,-13.749775,20.634204,100
412,448,-13.781919,20.672503,100
280,147,-9.161980,4.901686,100
477,392,-9.492462,20.617149,100
478,392,-9.454164,20.649293,100
478,393,-9.486308,20.687591,100
399,247,-7.818865,12.556654,100
290,157,-9.100435,5.606109,100
291,156,-9.029993,5.599955,100
291,157,-9.062137,5.638253,100
291,158,-9.094281,5.676551,100
292,157,-9.023838,5.670397,100
221,508,-23.025549,16.830913,100
228,182,-12.278534,4.570644,100
153,417,-22.704741,11.159971,100
155,417,-22.628144,11.224259,100
418,117,-2.912483,8.188598,100
418,118,-2.944627,8.226896,100
419,118,-2.906329,8.259040,100
292,346,-15.099044,12.908793,100
293,346,-15.060745,12.940937,100
293,347,-15.092889,12.979236,100
294,346,-15.022447,12.973081,100
463,268,-6.042791,15.418133,100
328,225,-9.830884,9.431870,100
329,224,-9.760442,9.425715,100
240,339,-16.865553,10.969219,100
241,340,-16.859398,11.039662,100
264,513,-21.539437,18.404594,100
265,514,-21.533283,18.475037,100
190,335,-18.651897,9.208829,100
191,334,-18.581454,9.202674,100
191,335,-18.613598,9.240973,100
191,336,-18.645742,9.279271,100
192,335,-18.575300,9.273116,100
473,278,-5.981246,16.122556,100
474,277,-5.910804,16.116402,100
474,278,-5.942948,16.154700,100
404,444,-13.959730,20.262158,100
405,443,-13.889288,20.256003,100
405,444,-13.921432,20.294301,100
405,445,-13.953576,20.332600,100
292,158,-9.055982,5.708695,100
292,159,-9.088126,5.746994,100
293,158,-9.017684,5.740839,100
202,493,-23.271059,15.645702,100
94,367,-23.357149,7.348559,100
96,367,-23.280552,7.412846,100
308,510,-19.757876,19.704033,100
308,512,-19.822164,19.780630,100
436,396,-11.191272,19.452441,100
437,395,-11.120830,19.446286,100
437,396,-11.152974,19.484585,100
270,220,-11.891472,7.376029,100
294,163,-9.140105,5.964475,100
295,163,-9.101807,5.996619,100
295,164,-9.133951,6.034917,100
296,163,-9.063508,6.028763,100
389,135,-4.601727,7.945795,100
391,135,-4.525131,8.010083,100
429,208,-5.416300,12.027335,100
430,209,-5.410145,12.097778,100
431,208,-5.339703,12.091623,100
206,199,-13.667546,4.514550,100
207,198,-13.597104,4.508396,100
207,199,-13.629247,4.546694,100
489,298,-6.011351,17.402827,100
96,369,-23.344840,7.489443,100
97,368,-23.274397,7.483289,100
451,416,-11.259675,20.700568,100
451,417,-11.291819,20.738866,100
452,416,-11.221377,20.732712,100
133,331,-20.706329,7.223430,100
134,330,-20.635887,7.217276,100
134,331,-20.668031,7.255574,100
134,332,-20.700175,7.293873,100
135,331,-20.629732,7.287718,100
119,396,-23.331863,9.262811,100
120,395,-23.261421,9.256656,100
121,396,-23.255266,9.327098,100
258,511,-21.704940,18.135134,100
259,510,-21.634498,18.128980,100
259,512,-21.698786,18.205576,100
399,450,-14.344086,20.331228,100
400,451,-14.337931,20.401670,100
489,299,-6.043495,17.441126,100
489,300,-6.075639,17.479424,100
490,299,-6.005197,17.473270,100
419,428,-12.870951,20.131542,100
420,427,-12.800509,20.125388,100
435,142,-3.065009,9.692505,100
435,143,-3.097153,9.730803,100
436,142,-3.026711,9.724649,100
444,372,-10.113431,18.790431,100
445,372,-10.075132,18.822575,100
445,373,-10.107276,18.860873,100
446,372,-10.036834,18.854719,100
445,337,-8.950094,17.482131,100
446,337,-8.911796,17.514275,100
278,345,-15.603077,12.420480,100
279,344,-15.532635,12.414325,100
228,339,-17.325133,10.583492,100
229,338,-17.254691,10.577338,100
229,339,-17.286835,10.615636,100
229,340,-17.318979,10.653934,100
230,339,-17.248537,10.647780,100
295,512,-20.320043,19.362758,100
295,513,-20.352187,19.401057,100
295,514,-20.384331,19.439355,100
296,513,-20.313889,19.433201,100
161,432,-22.880513,11.991598,100
162,433,-22.874358,12.062041,100
261,519,-21.847196,18.537953,100
261,521,-21.911484,18.614550,100
262,520,-21.841042,18.608395,100
202,205,-14.013603,4.615765,100
203,205,-13.975305,4.647909,100
434,178,-4.260489,11.039103,100
435,177,-4.190047,11.032949,100
435,178,-4.222191,11.071247,100
435,179,-4.254335,11.109546,100
436,178,-4.183893,11.103391,100
436,143,-3.058855,9.762947,100
436,144,-3.090998,9.801246,100
437,143,-3.020556,9.795091,100
446,418,-11.515455,20.616445,100
447,417,-11.445013,20.610290,100
447,418,-11.477157,20.648589,100
447,419,-11.509301,20.686887,100
448,418,-11.438858,20.680733,100
268,149,-9.685848,4.592555,100
268,150,-9.717992,4.630853,100
269,150,-9.679694,4.662997,100
380,472,-15.778922,20.563058,100
381,471,-15.708480,20.556903,100
381,472,-15.740624,20.595202,100
381,473,-15.772768,20.633500,100
382,472,-15.702325,20.627346,100
221,341,-17.657510,10.435081,100
168,369,-20.587355,9.803807,100
125,331,-21.012716,6.966279,100
126,332,-21.006562,7.036721,100
127,331,-20.936120,7.030567,100
386,143,-4.973774,8.155750,100
387,142,-4.903332,8.149596,100
387,143,-4.935476,8.187894,100
387,144,-4.967620,8.226192,100
388,143,-4.897177,8.220038,100
344,226,-9.250254,9.984471,100
345,227,-9.244100,10.054913,100
176,453,-22.981059,13.278024,100
177,454,-22.974905,13.348466,100
134,416,-23.400266,10.510938,100
135,417,-23.394112,10.581380,100
136,416,-23.323669,10.575226,100
316,349,-14.276314,13.795143,100
317,348,-14.205872,13.788989,100
335,177,-8.019886,7.818554,100
336,176,-7.949444,7.812400,100
336,177,-7.981588,7.850698,100
336,178,-8.013732,7.888997,100
337,177,-7.943290,7.882842,100
266,343,-15.998370,11.958155,100
267,342,-15.927928,11.952001,100
267,343,-15.960072,11.990299,100
267,344,-15.992216,12.028598,100
268,343,-15.921773,12.022443,100
178,459,-23.097326,13.572102,100
179,460,-23.091172,13.642544,100
180,459,-23.020730,13.636390,100
171,334,-19.347422,8.559795,100
172,333,-19.276980,8.553641,100
172,334,-19.309124,8.591939,100
172,335,-19.341268,8.630238,100
173,334,-19.270825,8.624083,100
353,495,-17.552289,20.576034,100
374,473,-16.040856,20.408493,100
183,348,-19.337857,9.481700,100
183,350,-19.402144,9.558297,100
184,349,-19.331702,9.552142,100
372,64,-2.970580,4.680162,100
373,65,-2.964426,4.750604,100
374,64,-2.893983,4.744450,100
60,323,-23.244960,4.570535,100
61,322,-23.174518,4.564381,100
61,323,-23.206662,4.602679,100
61,324,-23.238806,4.640978,100
62,323,-23.168364,4.634823,100
200,483,-23.026216,15.198430,100
201,484,-23.020062,15.268873,100
202,483,-22.949620,15.262718,100
161,445,-23.298384,12.489478,100
180,460,-23.052873,13.674688,100
180,461,-23.085017,13.712987,100
181,460,-23.014575,13.706832,100
219,496,-22.716418,16.307044,100
220,495,-22.645976,16.300890,100
220,496,-22.678120,16.339188,100
220,497,-22.710264,16.377487,100
221,496,-22.639821,16.371332,100
263,157,-10.134492,4.738222,100
264,156,-10.064049,4.732068,100
264,157,-10.096193,4.770366,100
264,158,-10.128337,4.808665,100
265,157,-10.057895,4.802510,100
354,496,-17.546135,20.646477,100
354,497,-17.578279,20.684775,100
355,496,-17.507837,20.678621,100
361,171,-6.831264,8.424507,100
362,171,-6.792966,8.456650,100
362,172,-6.825110,8.494949,100
363,171,-6.754668,8.488794,100
420,440,-13.218380,20.623267,100
420,442,-13.282668,20.699864,100
421,441,-13.212226,20.693709,100
292,520,-20.692090,19.572714,100
292,522,-20.756378,19.649310,100
368,475,-16.334935,20.292226,100
369,474,-16.264492,20.286071,100
369,475,-16.296636,20.324370,100
369,476,-16.328780,20.362668,100
370,475,-16.258338,20.356514,100
62,324,-23.200508,4.673121,100
62,325,-23.232651,4.711420,100
161,447,-23.362672,12.566074,100
162,446,-23.292229,12.559920,100
221,498,-22.704109,16.447929,100
441,316,-8.428265,16.549289,100
442,316,-8.389966,16.581433,100
442,317,-8.422110,16.619731,100
443,316,-8.351668,16.613577,100
212,493,-22.888075,15.967142,100
213,492,-22.817633,15.960987,100
213,493,-22.849777,15.999285,100
213,494,-22.881921,16.037584,100
259,159,-10.351973,4.686243,100
260,158,-10.281531,4.680089,100
260,159,-10.313675,4.718387,100
260,160,-10.345819,4.756686,100
261,159,-10.275376,4.750531,100
454,255,-5.969605,14.630958,100
455,254,-5.899163,14.624804,100
455,255,-5.931307,14.663102,100
455,256,-5.963451,14.701401,100
456,255,-5.893008,14.695246,100
321,174,-8.459632,7.253644,100
318,514,-19.503468,20.178666,100
157,331,-19.787168,7.994885,100
157,333,-19.851456,8.071482,100
393,464,-15.023891,20.674542,100
404,254,-7.852381,12.985463,100
405,255,-7.846226,13.055905,100
406,254,-7.775784,13.049751,100
379,81,-3.248938,5.556242,100
380,80,-3.178496,5.550088,100
381,81,-3.172342,5.620530,100
155,408,-22.338848,10.879573,100
155,409,-22.370992,10.917872,100
156,408,-22.300550,10.911717,100
444,245,-6.031150,13.926535,100
342,498,-18.070004,20.337346,100
382,86,-3.294763,5.844166,100
383,85,-3.224321,5.838011,100
383,86,-3.256465,5.876310,100
383,87,-3.288609,5.914608,100
384,86,-3.218166,5.908454,100
98,327,-21.918197,5.945199,100
99,326,-21.847755,5.939044,100
406,443,-13.850990,20.288147,100
158,378,-21.259635,9.827053,100
159,379,-21.253480,9.897496,100
401,99,-2.984965,6.952780,100
403,99,-2.908368,7.017068,100
276,513,-21.079857,18.790322,100
277,512,-21.009414,18.784167,100
277,513,-21.041558,18.822466,100
277,514,-21.073702,18.860764,100
278,513,-21.003260,18.854610,100
393,244,-7.952224,12.248895,100
394,243,-7.881781,12.242741,100
395,244,-7.875627,12.313183,100
364,481,-16.680992,20.393440,100
364,482,-16.713136,20.431739,100
309,510,-19.719578,19.736177,100
310,509,-19.649136,19.730022,100
311,510,-19.642981,19.800465,100
76,343,-23.275065,5.850806,100
77,343,-23.236767,5.882950,100
444,326,-8.634809,17.028705,100
446,326,-8.558212,17.092993,100
216,502,-23.024177,16.440403,100
412,114,-3.045842,7.880839,100
413,113,-2.975399,7.874685,100
413,114,-3.007543,7.912983,100
413,115,-3.039687,7.951282,100
414,114,-2.969245,7.945127,100
387,466,-15.317970,20.558275,100
388,465,-15.247527,20.552121,100
388,466,-15.279671,20.590419,100
388,467,-15.311815,20.628717,100
193,335,-18.537001,9.305260,100
194,334,-18.466559,9.299106,100
194,335,-18.498703,9.337404,100
194,336,-18.530847,9.375703,100
195,335,-18.460405,9.369548,100
349,174,-7.387277,8.153674,100
350,173,-7.316835,8.147520,100
350,175,-7.381123,8.224117,100
100,329,-21.905888,6.086083,100
384,87,-3.250310,5.946752,100
384,88,-3.282454,5.985051,100
77,344,-23.268911,5.921248,100
77,345,-23.301054,5.959547,100
78,344,-23.230612,5.953392,100
446,328,-8.622500,17.169590,100
447,327,-8.552058,17.163435,100
386,241,-8.123881,11.908993,100
272,219,-11.782731,7.402018,100
273,218,-11.712288,7.395864,100
273,219,-11.744432,7.434162,100
273,220,-11.776576,7.472461,100
274,219,-11.706134,7.466306,100
370,233,-8.479503,11.088302,100
371,234,-8.473349,11.158745,100
223,214,-13.498632,5.635473,100
224,213,-13.428190,5.629319,100
224,214,-13.460334,5.667617,100
224,215,-13.492478,5.705915,100
225,214,-13.422036,5.699761,100
313,516,-19.759248,20.094543,100
314,515,-19.688806,20.088388,100
314,516,-19.720950,20.126687,100
314,517,-19.753094,20.164985,100
315,516,-19.682651,20.158831,100
204,201,-13.808431,4.526859,100
205,200,-13.737988,4.520705,100
206,201,-13.731834,4.591147,100
498,337,-6.920279,19.185760,100
499,337,-6.881981,19.217904,100
416,120,-3.085512,8.239205,100
417,121,-3.079357,8.309648,100
418,120,-3.008915,8.303493,100
197,341,-18.576671,9.663627,100
198,340,-18.506229,9.657472,100
198,341,-18.538373,9.695771,100
198,342,-18.570517,9.734069,100
199,341,-18.500075,9.727914,100
381,467,-15.579904,20.403710,100
318,222,-10.117437,8.995535,100
319,221,-10.046994,8.989381,100
319,222,-10.079138,9.027679,100
319,223,-10.111282,9.065977,100
320,222,-10.040840,9.059823,100
472,280,-6.083833,16.167009,100
473,279,-6.013390,16.160855,100
473,280,-6.045534,16.199153,100
473,281,-6.077678,16.237452,100
474,280,-6.007236,16.231297,100
196,345,-18.743546,9.784676,100
197,344,-18.673103,9.778522,100
197,345,-18.705247,9.816820,100
197,346,-18.737391,9.855119,100
198,345,-18.666949,9.848964,100
337,504,-18.454359,20.406417,100
337,505,-18.486503,20.444715,100
383,473,-15.696171,20.697788,100
153,420,-22.801172,11.274866,100
154,420,-22.762874,11.307010,100
154,421,-22.795018,11.345308,100
155,420,-22.724576,11.339154,100
448,417,-11.406714,20.642434,100
449,418,-11.400560,20.712877,100
450,417,-11.330118,20.706722,100
389,102,-3.540977,6.681948,100
391,102,-3.464381,6.746236,100
206,200,-13.699690,4.552849,100
207,201,-13.693535,4.623291,100
231,339,-17.210238,10.679924,100
232,338,-17.139796,10.673769,100
232,339,-17.171940,10.712068,100
232,340,-17.204084,10.750366,100
233,339,-17.133641,10.744212,100
137,332,-20.585280,7.390304,100
138,333,-20.579125,7.460747,100
169,364,-20.388337,9.644459,100
115,393,-23.388625,9.019340,100
116,394,-23.382470,9.089782,100
117,393,-23.312028,9.083628,100
363,229,-8.619016,10.710101,100
364,228,-8.548574,10.703947,100
364,229,-8.580718,10.742245,100
364,230,-8.612862,10.780544,100
365,229,-8.542420,10.774389,100
375,469,-15.873982,20.287443,100
376,468,-15.803540,20.281289,100
376,469,-15.835684,20.319587,100
376,470,-15.867828,20.357885,100
261,218,-12.171869,7.010137,100
262,217,-12.101427,7.003982,100
262,218,-12.133571,7.042281,100
262,219,-12.165715,7.080579,100
263,218,-12.095272,7.074424,100
442,379,-10.415035,18.994232,100
444,379,-10.338438,19.058520,100
249,509,-21.985338,17.769242,100
250,508,-21.914895,17.763087,100
250,509,-21.947039,17.801386,100
250,510,-21.979183,17.839684,100
251,509,-21.908741,17.833530,100
418,430,-12.973538,20.175995,100
419,430,-12.935239,20.208139,100
419,431,-12.967383,20.246438,100
117,395,-23.376316,9.160224,100
437,300,-8.067155,15.807939,100
438,301,-8.061001,15.878381,100
439,300,-7.990559,15.872227,100
268,342,-15.889629,11.984145,100
269,341,-15.819187,11.977991,100
269,342,-15.851331,12.016289,100
269,343,-15.883475,12.054587,100
270,342,-15.813033,12.048433,100
159,435,-23.053541,12.042206,100
160,436,-23.047387,12.112648,100
79,326,-22.613723,5.296165,100
80,325,-22.543280,5.290011,100
80,326,-22.575424,5.328309,100
80,327,-22.607568,5.366608,100
81,326,-22.537126,5.360453,100
170,450,-23.114418,12.970265,100
302,520,-20.309106,19.894153,100
303,519,-20.238664,19.887999,100
303,520,-20.270808,19.926297,100
303,521,-20.302952,19.964595,100
304,520,-20.232509,19.958441,100
399,456,-14.536950,20.561019,100
400,457,-14.530795,20.631461,100
339,178,-7.898837,7.985428,100
340,177,-7.828394,7.979274,100
433,186,-4.555939,11.313346,100
434,187,-4.549785,11.383789,100
435,186,-4.479343,11.377634,100
141,423,-23.357185,11.004034,100
142,422,-23.286743,10.997880,100
142,423,-23.318887,11.036178,100
142,424,-23.351030,11.074476,100
143,423,-23.280588,11.068322,100
161,436,-23.009088,12.144792,100
161,437,-23.041232,12.183090,100
162,436,-22.970790,12.176936,100
445,379,-10.300140,19.090664,100
252,519,-22.191882,18.248658,100
253,518,-22.121440,18.242503,100
253,519,-22.153583,18.280801,100
253,520,-22.185727,18.319100,100
254,519,-22.115285,18.312945,100
268,152,-9.782280,4.707450,100
268,153,-9.814424,4.745749,100
269,153,-9.776126,4.777893,100
447,349,-9.259225,18.006000,100
448,350,-9.253070,18.076442,100
449,349,-9.182628,18.070288,100
493,316,-6.436748,18.220774,100
494,317,-6.430594,18.291216,100
440,310,-8.273700,16.287355,100
442,310,-8.197103,16.351643,100
247,215,-12.611615,6.445226,100
247,217,-12.675903,6.521823,100
385,145,-5.076360,8.200203,100
386,144,-5.005918,8.194048,100
386,145,-5.038062,8.232347,100
386,146,-5.070206,8.270645,100
387,145,-4.999764,8.264491,100
380,70,-2.857057,5.167104,100
381,71,-2.850902,5.237546,100
349,491,-17.576907,20.294265,100
415,438,-13.345584,20.385951,100
416,437,-13.275142,20.379796,100
306,346,-14.562866,13.358808,100
307,345,-14.492424,13.352654,100
307,346,-14.524568,13.390952,100
307,347,-14.556712,13.429251,100
308,346,-14.486270,13.423096,100
382,76,-2.973324,5.461182,100
384,76,-2.896727,5.525470,100
342,223,-9.230419,9.805288,100
279,512,-20.932818,18.848455,100
117,330,-21.286960,6.670829,100
118,329,-21.216517,6.664674,100
118,330,-21.248661,6.702973,100
118,331,-21.280805,6.741271,100
65,325,-23.117756,4.807852,100
207,489,-22.950991,15.653228,100
208,490,-22.944837,15.723671,100
461,405,-10.523108,20.600725,100
462,404,-10.452666,20.594571,100
462,405,-10.484810,20.632869,100
462,406,-10.516954,20.671167,100
463,405,-10.446511,20.665013,100
384,78,-2.961015,5.602067,100
385,77,-2.890572,5.595912,100
280,515,-20.990951,18.995494,100
375,73,-3.144980,5.121279,100
376,72,-3.074538,5.115125,100
376,73,-3.106682,5.153423,100
376,74,-3.138826,5.191721,100
377,73,-3.068384,5.185567,100
344,494,-17.864831,20.248441,100
345,493,-17.794389,20.242286,100
345,494,-17.826533,20.280584,100
345,495,-17.858677,20.318883,100
346,494,-17.788234,20.312728,100
446,362,-9.715394,18.471735,100
448,362,-9.638798,18.536023,100
212,195,-13.309180,4.554220,100
213,194,-13.238737,4.548066,100
213,195,-13.270881,4.586364,100
213,196,-13.303025,4.624663,100
214,195,-13.232583,4.618508,100
178,465,-23.290190,13.801892,100
179,466,-23.284036,13.872335,100
439,237,-5.965490,13.459428,100
440,236,-5.895048,13.453274,100
440,237,-5.927192,13.491572,100
440,238,-5.959336,13.529870,100
441,237,-5.888893,13.523716,100
319,176,-8.600517,7.265953,100
319,177,-8.632661,7.304251,100
249,342,-16.617299,11.373410,100
250,342,-16.579001,11.405554,100
250,343,-16.611145,11.443852,100
393,90,-3.002056,6.350943,100
394,91,-2.995902,6.421385,100
395,90,-2.925460,6.415231,100
102,326,-21.732860,6.035476,100
103,327,-21.726705,6.105918,100
235,178,-11.881870,4.642458,100
236,178,-11.843571,4.674602,100
236,179,-11.875715,4.712901,100
237,178,-11.805273,4.706746,100
152,409,-22.485887,10.821440,100
153,410,-22.479733,10.891882,100
154,409,-22.409291,10.885728,100
368,482,-16.559942,20.560314,100
368,484,-16.624230,20.636911,100
453,257,-6.072191,14.675411,100
454,256,-6.001749,14.669257,100
454,257,-6.033893,14.707555,100
454,258,-6.066037,14.745854,100
455,257,-5.995595,14.739699,100
400,251,-7.909143,12.741992,100
176,357,-19.895241,9.601378,100
177,357,-19.856942,9.633522,100
177,358,-19.889086,9.671820,100
292,343,-15.002612,12.793898,100
292,345,-15.066900,12.870495,100
311,173,-8.810472,6.893906,100
312,174,-8.804318,6.964348,100
411,260,-7.777156,13.440261,100
412,259,-7.706713,13.434106,100
413,260,-7.700559,13.504549,100
437,398,-11.217262,19.561182,100
439,398,-11.140665,19.625469,100
103,329,-21.790993,6.182515,100
456,411,-10.907464,20.669796,100
457,411,-10.869165,20.701940,100
457,412,-10.901309,20.740238,100
321,223,-10.034685,9.130265,100
322,224,-10.028531,9.200708,100
282,151,-9.213959,5.119167,100
382,236,-8.116355,11.588925,100
383,237,-8.110200,11.659367,100
157,380,-21.362221,9.871506,100
158,379,-21.291779,9.865352,100
158,380,-21.323923,9.903650,100
158,381,-21.356067,9.941949,100
72,340,-23.331827,5.607335,100
212,499,-23.080939,16.196932,100
293,159,-9.049828,5.779138,100
293,160,-9.081972,5.817436,100
294,159,-9.011530,5.811282,100
354,176,-7.260073,8.390991,100
304,170,-8.982129,6.554003,100
305,169,-8.911687,6.547849,100
305,170,-8.943831,6.586147,100
305,171,-8.975975,6.624446,100
155,419,-22.692432,11.300856,100
156,420,-22.686277,11.371298,100
157,419,-22.615835,11.365144,100
419,120,-2.970617,8.335637,100
420,119,-2.900174,8.329483,100
420,120,-2.932318,8.367781,100
465,271,-6.062626,15.597316,100
496,340,-7.093308,19.236367,100
497,341,-7.087153,19.306810,100
498,340,-7.016711,19.300655,100
283,151,-9.175660,5.151311,100
227,215,-13.377583,5.802347,100
228,214,-13.307140,5.796193,100
228,216,-13.371428,5.872790,100
140,330,-20.406097,7.410139,100
428,205,-5.358166,11.880296,100
375,233,-8.288011,11.249022,100
294,160,-9.043673,5.849580,100
446,339,-8.976084,17.590872,100
448,339,-8.899487,17.655160,100
366,230,-8.536265,10.844831,100
367,229,-8.465823,10.838677,100
368,230,-8.459668,10.909119,100
98,369,-23.268243,7.553731,100
157,420,-22.647979,11.403442,100
157,421,-22.680123,11.441740,100
158,420,-22.609680,11.435586,100
252,163,-10.748638,4.614429,100
234,339,-17.095343,10.776356,100
235,338,-17.024901,10.770201,100
235,339,-17.057045,10.808500,100
235,340,-17.089189,10.846798,100
260,513,-21.692631,18.276019,100
368,232,-8.523956,10.985716,100
184,338,-18.978119,9.130860,100
185,337,-18.907676,9.124706,100
185,338,-18.939820,9.163004,100
185,339,-18.971964,9.201302,100
186,338,-18.901522,9.195148,100
427,280,-7.807260,14.720532,100
264,218,-12.056974,7.106568,100
265,217,-11.986532,7.100414,100
265,218,-12.018676,7.138712,100
265,219,-12.050820,7.177011,100
100,375,-23.384510,7.847809,100
101,375,-23.346211,7.879953,100
101,376,-23.378355,7.918252,100
102,375,-23.307913,7.912097,100
437,146,-3.116988,9.909986,100
438,145,-3.046546,9.903832,100
438,146,-3.078690,9.942130,100
438,147,-3.110834,9.980429,100
439,146,-3.040391,9.974274,100
270,152,-9.705683,4.771738,100
270,153,-9.737827,4.810037,100
270,154,-9.769971,4.848335,100
271,153,-9.699529,4.842180,100
448,155,-2.985001,10.608255,100
449,154,-2.914559,10.602101,100
449,155,-2.946703,10.640399,100
449,156,-2.978847,10.678698,100
450,155,-2.908404,10.672543,100
372,165,-6.217118,8.548300,100
373,165,-6.178820,8.580443,100
373,166,-6.210964,8.618742,100
328,504,-18.799045,20.117121,100
329,503,-18.728602,20.110967,100
329,504,-18.760746,20.149265,100
329,505,-18.792890,20.187564,100
330,504,-18.722448,20.181409,100
441,381,-10.517621,19.038685,100
360,491,-17.155625,20.647848,100
361,491,-17.117327,20.679992,100
388,146,-4.993609,8.334933,100
389,145,-4.923167,8.328779,100
389,146,-4.955311,8.367077,100
389,147,-4.987455,8.405375,100
390,146,-4.917012,8.399221,100
273,343,-15.730281,12.183163,100
237,507,-22.380630,17.306918,100
255,519,-22.076987,18.345089,100
256,518,-22.006544,18.338935,100
256,519,-22.038688,18.377233,100
256,520,-22.070832,18.415532,100
257,519,-22.000390,18.409377,100
464,404,-10.376069,20.658858,100
464,405,-10.408213,20.697157,100
464,406,-10.440357,20.735455,100
465,405,-10.369914,20.729301,100
302,222,-10.730211,8.481232,100
303,221,-10.659768,8.475077,100
303,222,-10.691912,8.513376,100
303,223,-10.724056,8.551674,100
443,383,-10.505312,19.179569,100
444,382,-10.434870,19.173415,100
485,383,-8.896780,20.529615,100
446,352,-9.393955,18.088751,100
447,351,-9.323513,18.082597,100
447,352,-9.355657,18.120895,100
447,353,-9.387800,18.159193,100
448,352,-9.317358,18.153039,100
160,443,-23.272394,12.380737,100
432,188,-4.658526,11.357799,100
433,187,-4.588083,11.351645,100
433,188,-4.620227,11.389943,100
433,189,-4.652371,11.428242,100
434,188,-4.581929,11.422087,100
230,504,-22.552287,16.967015,100
231,503,-22.481845,16.960860,100
309,346,-14.447971,13.455240,100
310,345,-14.377529,13.449086,100
152,399,-22.164448,10.438456,100
153,399,-22.126150,10.470600,100
153,400,-22.158293,10.508898,100
154,399,-22.087851,10.502744,100
339,225,-9.409602,9.785453,100
340,226,-9.403448,9.855895,100
185,350,-19.325548,9.622585,100
185,351,-19.357692,9.660883,100
186,351,-19.319393,9.693027,100
202,485,-23.013907,15.339315,100
203,486,-23.007753,15.409757,100
162,449,-23.388661,12.674815,100
163,448,-23.318219,12.668661,100
163,449,-23.350363,12.706959,100
163,450,-23.382507,12.745257,100
164,449,-23.312064,12.739103,100
181,462,-23.078863,13.783429,100
182,461,-23.008421,13.777275,100
182,462,-23.040565,13.815573,100
182,463,-23.072709,13.853871,100
183,462,-23.002266,13.847717,100
258,157,-10.325984,4.577503,100
259,156,-10.255541,4.571348,100
259,157,-10.287685,4.609647,100
259,158,-10.319829,4.647945,100
260,157,-10.249387,4.641791,100
283,515,-20.876056,19.091926,100
347,494,-17.749936,20.344872,100
348,494,-17.711637,20.377016,100
348,495,-17.743781,20.415315,100
349,494,-17.673339,20.409160,100
252,342,-16.502404,11.469842,100
253,343,-16.496249,11.540284,100
233,514,-22.758832,17.446431,100
200,335,-18.268913,9.530268,100
201,336,-18.262758,9.600710,100
204,486,-22.969455,15.441901,100
496,330,-6.771868,18.853383,100
497,330,-6.733570,18.885527,100
497,331,-6.765714,18.923826,100
498,330,-6.695272,18.917671,100
230,214,-13.230544,5.860481,100
230,216,-13.294831,5.937078,100
456,257,-5.957296,14.771843,100
457,256,-5.886854,14.765689,100
457,257,-5.918998,14.803987,100
457,258,-5.951142,14.842285,100
458,257,-5.880699,14.836131,100
315,172,-8.625135,6.984183,100
316,173,-8.618980,7.054626,100
77,346,-23.333198,5.997845,100
78,345,-23.262756,5.991691,100
79,346,-23.256602,6.062133,100
406,256,-7.840072,13.126347,100
407,257,-7.833918,13.196790,100
408,256,-7.763475,13.190635,100
203,342,-18.379025,9.894789,100
204,341,-18.308583,9.888634,100
204,342,-18.340727,9.926933,100
204,343,-18.372871,9.965231,100
380,160,-5.750012,8.613959,100
381,159,-5.679569,8.607805,100
325,222,-9.849348,9.220543,100
443,323,-8.576676,16.881666,100
475,392,-9.569059,20.552861,100
476,391,-9.498617,20.546707,100
476,392,-9.530761,20.585005,100
476,393,-9.562905,20.623303,100
366,485,-16.732971,20.610922,100
367,485,-16.694673,20.643066,100
367,486,-16.726816,20.681364,100
368,485,-16.656374,20.675210,100
308,169,-8.796791,6.644281,100
308,171,-8.861079,6.720877,100
309,170,-8.790637,6.714723,100
79,348,-23.320890,6.138730,100
80,347,-23.250447,6.132575,100
218,506,-23.076156,16.657884,100
219,505,-23.005714,16.651730,100
408,257,-7.795619,13.228934,100
432,430,-12.437360,20.626010,100
433,430,-12.399062,20.658154,100
433,431,-12.431206,20.696453,100
290,346,-15.175641,12.844505,100
291,346,-15.137342,12.876649,100
291,347,-15.169486,12.914948,100
81,352,-23.372869,6.356211,100
82,352,-23.334570,6.388355,100
82,353,-23.366714,6.426654,100
83,352,-23.296272,6.420499,100
447,369,-9.902104,18.771968,100
263,514,-21.609880,18.410749,100
231,214,-13.192245,5.892625,100
231,216,-13.256533,5.969221,100
143,330,-20.291201,7.506571,100
249,165,-10.927821,4.594594,100
250,165,-10.889522,4.626738,100
250,166,-10.921666,4.665037,100
273,522,-21.484047,19.038576,100
274,521,-21.413605,19.032421,100
274,522,-21.445749,19.070719,100
274,523,-21.477893,19.109018,100
275,522,-21.407451,19.102863,100
429,132,-2.973360,9.116657,100
430,131,-2.902918,9.110503,100
430,132,-2.935062,9.148801,100
430,133,-2.967205,9.187100,100
431,132,-2.896763,9.180945,100
474,283,-6.103668,16.346192,100
475,282,-6.033225,16.340038,100
475,283,-6.065369,16.378336,100
475,284,-6.097513,16.416635,100
476,283,-6.027071,16.410480,100
435,175,-4.125759,10.956352,100
405,452,-14.178583,20.600689,100
406,453,-14.172429,20.671131,100
155,386,-21.631681,10.037009,100
156,387,-21.625527,10.107451,100
251,166,-10.883368,4.697181,100
251,167,-10.915512,4.735479,100
252,166,-10.845070,4.729325,100
418,122,-3.073203,8.380090,100
419,121,-3.002760,8.373936,100
419,122,-3.034904,8.412234,100
419,123,-3.067048,8.450532,100
420,122,-2.996606,8.444378,100
437,177,-4.113450,11.097237,100
268,217,-11.871636,7.196846,100
330,503,-18.690304,20.143111,100
331,504,-18.684150,20.213553,100
264,514,-21.571581,18.442893,100
486,297,-6.094102,17.268097,100
168,361,-20.330204,9.497420,100
169,361,-20.291905,9.529564,100
169,362,-20.324049,9.567862,100
276,345,-15.679674,12.356192,100
131,330,-20.750782,7.120844,100
132,329,-20.680340,7.114689,100
132,330,-20.712484,7.152988,100
132,331,-20.744628,7.191286,100
133,330,-20.674185,7.185132,100
118,396,-23.370161,9.230667,100
119,395,-23.299719,9.224512,100
446,342,-9.072515,17.705767,100
447,342,-9.034217,17.737911,100
447,343,-9.066361,17.776209,100
448,342,-8.995919,17.770055,100
432,407,-11.698049,19.745147,100
433,408,-11.691895,19.815590,100
259,519,-21.923793,18.473665,100
259,521,-21.988081,18.550262,100
358,229,-8.810508,10.549381,100
359,228,-8.740066,10.543227,100
359,229,-8.772210,10.581525,100
359,230,-8.804354,10.619824,100
360,229,-8.733912,10.613669,100
406,454,-14.204573,20.709429,100
200,204,-14.058056,4.513179,100
486,378,-8.697762,20.370267,100
211,215,-13.990357,5.288044,100
432,217,-5.590700,12.468453,100
489,303,-6.172071,17.594319,100
490,303,-6.133772,17.626463,100
490,304,-6.165916,17.664762,100
491,303,-6.095474,17.658607,100
224,188,-12.624591,4.671859,100
437,298,-8.002867,15.731342,100
438,297,-7.932425,15.725188,100
241,506,-22.195293,17.397195,100
434,408,-11.653596,19.847734,100
434,409,-11.685740,19.886032,100
435,408,-11.615298,19.879878,100
332,176,-8.102638,7.683824,100
333,175,-8.032195,7.677670,100
334,176,-8.026041,7.748112,100
306,223,-10.609161,8.648106,100
162,439,-23.067222,12.291831,100
163,439,-23.028923,12.323975,100
163,440,-23.061067,12.362273,100
164,439,-22.990625,12.356119,100
218,337,-17.643829,10.185456,100
218,339,-17.708117,10.262053,100
124,332,-21.083159,6.972433,100
432,219,-5.654988,12.545049,100
433,218,-5.584546,12.538895,100
294,512,-20.358342,19.330614,100
294,514,-20.422630,19.407211,100
444,313,-8.216938,16.530826,100
173,453,-23.095955,13.181592,100
174,452,-23.025512,13.175438,100
248,218,-12.669748,6.592265,100
234,503,-22.366950,17.057292,100
388,147,-5.025753,8.373232,100
388,148,-5.057897,8.411530,100
389,148,-5.019599,8.443674,100
226,499,-22.544761,16.646947,100
143,425,-23.344876,11.144919,100
144,424,-23.274434,11.138764,100
144,425,-23.306578,11.177063,100
144,426,-23.338722,11.215361,100
145,425,-23.268279,11.209207,100
334,178,-8.090329,7.824709,100
216,495,-22.799169,16.172314,100
217,496,-22.793015,16.242756,100
218,495,-22.722573,16.236602,100
448,163,-3.242153,10.914642,100
437,234,-5.945655,13.280245,100
438,235,-5.939501,13.350687,100
439,234,-5.869058,13.344533,100
482,385,-9.075963,20.509780,100
483,385,-9.037664,20.541924,100
483,386,-9.069808,20.580222,100
174,453,-23.057656,13.213736,100
428,414,-12.076251,19.884660,100
429,413,-12.005808,19.878506,100
320,506,-19.169720,19.936567,100
373,478,-16.239875,20.567841,100
374,478,-16.201576,20.599985,100
374,479,-16.233720,20.638283,100
58,323,-23.321557,4.506247,100
59,322,-23.251115,4.500093,100
442,388,-10.704330,19.338917,100
496,359,-7.704043,19.964037,100
495,324,-6.617303,18.591449,100
497,324,-6.540706,18.655737,100
439,235,-5.901202,13.382831,100
439,236,-5.933346,13.421130,100
440,235,-5.862904,13.414975,100
386,78,-2.884418,5.666355,100
256,343,-16.381354,11.636716,100
318,173,-8.542383,7.118914,100
391,123,-4.139403,7.550502,100
393,123,-4.062807,7.614790,100
442,239,-5.914883,13.632457,100
442,240,-5.947027,13.670755,100
443,240,-5.908728,13.702899,100
181,469,-23.303871,14.051518,100
440,424,-11.938109,20.653372,100
441,424,-11.899811,20.685516,100
441,425,-11.931955,20.723814,100
218,496,-22.754717,16.274900,100
219,495,-22.684274,16.268746,100
394,128,-4.185228,7.838426,100
396,128,-4.108631,7.902714,100
209,491,-22.938682,15.794113,100
210,491,-22.900384,15.826257,100
210,492,-22.932528,15.864555,100
324,512,-19.209390,20.294933,100
324,513,-19.241534,20.333231,100
325,513,-19.203235,20.365375,100
62,329,-23.361227,4.864613,100
63,329,-23.322929,4.896757,100
63,330,-23.355073,4.935056,100
64,329,-23.284630,4.928901,100
360,169,-6.805275,8.315766,100
360,170,-6.837419,8.354064,100
361,170,-6.799121,8.386208,100
389,458,-14.984221,20.316176,100
390,457,-14.913779,20.310021,100
390,458,-14.945923,20.348320,100
390,459,-14.978067,20.386618,100
391,458,-14.907625,20.380464,100
445,359,-9.657261,18.324696,100
366,66,-3.264658,4.563895,100
367,67,-3.258504,4.634337,100
368,66,-3.188062,4.628183,100
386,80,-2.948706,5.742951,100
387,79,-2.878263,5.736797,100
257,343,-16.343056,11.668860,100
257,344,-16.375200,11.707158,100
377,75,-3.132672,5.262164,100
378,74,-3.062229,5.256009,100
378,75,-3.094373,5.294308,100
378,76,-3.126517,5.332606,100
379,75,-3.056075,5.326452,100
155,331,-19.863765,7.930597,100
155,333,-19.928052,8.007194,100
221,505,-22.929117,16.716018,100
60,322,-23.212816,4.532237,100
212,502,-23.177371,16.311827,100
213,503,-23.171216,16.382269,100
214,502,-23.100774,16.376115,100
207,341,-18.193688,9.985066,100
207,343,-18.257975,10.061663,100
208,342,-18.187533,10.055508,100
183,475,-23.420137,14.345596,100
184,475,-23.381839,14.377740,100
184,476,-23.413983,14.416038,100
185,475,-23.343541,14.409884,100
413,263,-7.796991,13.619444,100
414,264,-7.790836,13.689886,100
415,263,-7.720394,13.683732,100
328,222,-9.734453,9.316974,100
413,448,-13.743620,20.704647,100
425,420,-12.384009,20.018019,100
425,421,-12.416153,20.056317,100
202,491,-23.206771,15.569105,100
203,492,-23.200617,15.639548,100
361,481,-16.795887,20.297008,100
362,481,-16.757589,20.329152,100
362,482,-16.789733,20.367451,100
392,245,-8.022666,12.255050,100
231,182,-12.163639,4.667076,100
73,343,-23.389960,5.754374,100
294,347,-15.054591,13.011380,100
266,514,-21.494985,18.507181,100
267,513,-21.424542,18.501026,100
192,334,-18.543156,9.234818,100
192,336,-18.607444,9.311415,100
252,165,-10.812926,4.691026,100
253,165,-10.774627,4.723170,100
253,166,-10.806771,4.761469,100
439,171,-3.843990,10.931734,100
440,171,-3.805691,10.963878,100
440,172,-3.837835,11.002176,100
441,171,-3.767393,10.996022,100
276,522,-21.369152,19.135007,100
277,521,-21.298710,19.128853,100
277,522,-21.330854,19.167151,100
277,523,-21.362998,19.205450,100
467,274,-6.082461,15.776499,100
342,504,-18.262867,20.567137,100
343,504,-18.224569,20.599281,100
343,505,-18.256713,20.637579,100
344,504,-18.186271,20.631424,100
477,283,-5.988773,16.442624,100
478,284,-5.982618,16.513066,100
479,283,-5.912176,16.506912,100
363,482,-16.751434,20.399595,100
363,483,-16.783578,20.437893,100
97,367,-23.242253,7.444990,100
309,512,-19.783866,19.812774,100
159,382,-21.349912,10.012391,100
160,382,-21.311614,10.044535,100
160,383,-21.343758,10.082833,100
161,382,-21.273315,10.076679,100
134,329,-20.603743,7.178977,100
135,330,-20.597588,7.249420,100
425,278,-7.819569,14.579647,100
426,277,-7.749127,14.573493,100
271,220,-11.853173,7.408173,100
409,448,-13.896814,20.576071,100
409,449,-13.928958,20.614369,100
410,449,-13.890660,20.646513,100
98,372,-23.364675,7.668626,100
99,373,-23.358520,7.739069,100
100,372,-23.288078,7.732914,100
427,282,-7.871548,14.797128,100
428,283,-7.865394,14.867571,100
429,282,-7.794952,14.861416,100
410,113,-3.090294,7.778253,100
411,114,-3.084140,7.848695,100
412,113,-3.013698,7.842541,100
446,152,-2.965166,10.429072,100
447,151,-2.894724,10.422918,100
447,152,-2.926868,10.461216,100
447,153,-2.959012,10.499515,100
448,152,-2.888569,10.493360,100
445,336,-8.917950,17.443833,100
447,336,-8.841353,17.508121,100
285,153,-9.163351,5.292196,100
479,284,-5.944320,16.545210,100
317,221,-10.123591,8.925093,100
317,222,-10.155735,8.963391,100
231,183,-12.195783,4.705375,100
195,344,-18.749700,9.714234,100
195,345,-18.781844,9.752532,100
100,374,-23.352366,7.809511,100
429,283,-7.827095,14.899715,100
369,233,-8.517802,11.056158,100
348,174,-7.425575,8.121530,100
349,173,-7.355133,8.115376,100
349,175,-7.419421,8.191973,100
434,177,-4.228345,11.000805,100
109,386,-23.393408,8.558387,100
110,387,-23.387253,8.628830,100
111,386,-23.316811,8.622675,100
230,338,-17.216393,10.609482,100
230,340,-17.280681,10.686078,100
296,514,-20.346033,19.471499,100
135,329,-20.565445,7.211121,100
361,229,-8.695613,10.645813,100
362,228,-8.625171,10.639659,100
362,229,-8.657315,10.677957,100
362,230,-8.689459,10.716256,100
436,179,-4.216037,11.141689,100
437,178,-4.145594,11.135535,100
214,213,-13.811174,5.307879,100
214,215,-13.875462,5.384476,100
190,347,-19.037624,9.668409,100
191,346,-18.967182,9.662255,100
191,347,-18.999326,9.700553,100
191,348,-19.031469,9.738852,100
192,347,-18.961027,9.732697,100
396,452,-14.523269,20.311393,100
397,451,-14.452827,20.305239,100
397,452,-14.484971,20.343537,100
397,453,-14.517115,20.381835,100
398,452,-14.446672,20.375681,100
386,142,-4.941630,8.117452,100
387,141,-4.871188,8.111297,100
388,142,-4.865033,8.181740,100
167,363,-20.432790,9.541873,100
168,362,-20.362348,9.535718,100
168,363,-20.394492,9.574017,100
168,364,-20.426636,9.612315,100
169,363,-20.356193,9.606161,100
335,176,-7.987742,7.780256,100
336,175,-7.917300,7.774101,100
266,342,-15.966226,11.919857,100
267,341,-15.895784,11.913703,100
171,333,-19.315278,8.521497,100
172,332,-19.244836,8.515342,100
173,333,-19.238681,8.585785,100
367,165,-6.408610,8.387580,100
368,164,-6.338168,8.381425,100
368,166,-6.402456,8.458022,100
199,207,-14.192786,4.595930,100
199,208,-14.224930,4.634228,100
249,518,-22.274633,18.113927,100
250,517,-22.204191,18.107773,100
250,518,-22.236335,18.146071,100
250,519,-22.268479,18.184370,100
251,518,-22.198036,18.178215,100
346,227,-9.205801,10.087057,100
264,152,-9.935474,4.578874,100
265,152,-9.897175,4.611018,100
265,153,-9.929319,4.649317,100
391,113,-3.817964,7.167518,100
392,114,-3.811809,7.237960,100
393,113,-3.741367,7.231806,100
337,178,-7.975434,7.921141,100
181,459,-22.982431,13.668534,100
138,421,-23.407792,10.831005,100
139,422,-23.401638,10.901448,100
140,421,-23.331195,10.895293,100
326,512,-19.132793,20.359221,100
326,513,-19.164937,20.397519,100
326,514,-19.197081,20.435817,100
327,513,-19.126639,20.429663,100
394,118,-3.863788,7.455442,100
395,118,-3.825490,7.487586,100
395,119,-3.857634,7.525884,100
420,439,-13.186236,20.584969,100
421,440,-13.180082,20.655411,100
445,349,-9.335821,17.941712,100
446,349,-9.297523,17.973856,100
446,350,-9.329667,18.012154,100
114,329,-21.369711,6.536099,100
115,328,-21.299268,6.529944,100
115,329,-21.331412,6.568242,100
115,330,-21.363556,6.606541,100
116,329,-21.293114,6.600386,100
323,508,-19.119113,20.109595,100
324,507,-19.048670,20.103441,100
431,185,-4.600392,11.210760,100
432,184,-4.529950,11.204606,100
432,185,-4.562094,11.242904,100
432,186,-4.594238,11.281202,100
62,322,-23.136220,4.596525,100
63,323,-23.130065,4.666967,100
140,422,-23.363339,10.933592,100
140,423,-23.395483,10.971890,100
141,422,-23.325041,10.965736,100
441,315,-8.396121,16.510991,100
212,492,-22.855931,15.928843,100
213,491,-22.785489,15.922689,100
214,492,-22.779334,15.993131,100
363,170,-6.722524,8.450496,100
363,172,-6.786812,8.527093,100
364,171,-6.716369,8.520938,100
376,69,-2.978106,5.000230,100
377,70,-2.971952,5.070672,100
378,69,-2.901510,5.064517,100
183,465,-23.098698,13.962612,100
184,464,-23.028256,13.956458,100
184,465,-23.060400,13.994756,100
184,466,-23.092544,14.033054,100
185,465,-23.022101,14.026900,100
412,437,-13.428336,20.251220,100
413,437,-13.390037,20.283364,100
413,438,-13.422181,20.321663,100
209,337,-17.988515,9.896160,100
210,336,-17.918073,9.890006,100
210,337,-17.950217,9.928304,100
210,338,-17.982361,9.966603,100
211,337,-17.911918,9.960448,100
350,496,-17.699329,20.517901,100
350,497,-17.731473,20.556199,100
351,497,-17.693174,20.588343,100
116,330,-21.325258,6.638685,100
116,331,-21.357402,6.676983,100
287,522,-20.947870,19.488591,100
288,523,-20.941715,19.559033,100
289,522,-20.871273,19.552879,100
238,177,-11.734831,4.700592,100
156,407,-22.268406,10.873419,100
427,416,-12.178837,19.929113,100
428,416,-12.140538,19.961257,100
428,417,-12.172682,19.999556,100
443,317,-8.383812,16.651875,100
444,316,-8.313370,16.645721,100
179,351,-19.587482,9.468020,100
180,350,-19.517040,9.461865,100
180,351,-19.549184,9.500163,100
180,352,-19.581328,9.538462,100
181,351,-19.510885,9.532307,100
164,451,-23.376352,12.815700,100
165,450,-23.305910,12.809545,100
165,451,-23.338054,12.847844,100
165,452,-23.370198,12.886142,100
166,451,-23.299756,12.879988,100
289,222,-11.228090,8.063361,100
493,361,-7.883226,19.944202,100
494,362,-7.877071,20.014644,100
495,361,-7.806629,20.008490,100
439,390,-10.883514,19.319082,100
440,391,-10.877359,19.389525,100
261,160,-10.307520,4.788830,100
429,197,-5.062716,11.606053,100
430,198,-5.056562,11.676495,100
431,197,-4.986119,11.670341,100
370,66,-3.111465,4.692471,100
358,173,-7.010448,8.404671,100
359,173,-6.972149,8.436815,100
359,174,-7.004293,8.475114,100
360,173,-6.933851,8.468959,100
458,260,-5.977131,14.951026,100
459,259,-5.906689,14.944872,100
459,260,-5.938833,14.983170,100
459,261,-5.970977,15.021468,100
460,260,-5.900535,15.015314,100
214,491,-22.747190,15.954833,100
342,499,-18.102148,20.375645,100
343,498,-18.031705,20.369490,100
206,488,-22.957146,15.582786,100
206,489,-22.989290,15.621084,100
100,326,-21.809456,5.971188,100
409,443,-13.736094,20.384579,100
441,391,-10.839061,19.421669,100
441,392,-10.871205,19.459967,100
442,391,-10.800762,19.453813,100
234,177,-11.888024,4.572016,100
234,178,-11.920168,4.610314,100
344,503,-18.154127,20.593126,100
345,503,-18.115828,20.625270,100
345,504,-18.147972,20.663568,100
448,250,-6.038676,14.246603,100
460,261,-5.932678,15.053612,100
460,262,-5.964822,15.091911,100
461,261,-5.894380,15.085756,100
311,509,-19.610837,19.762166,100
447,326,-8.519914,17.125137,100
391,126,-4.235835,7.665397,100
392,126,-4.197537,7.697541,100
392,127,-4.229681,7.735839,100
393,126,-4.159238,7.729685,100
431,198,-5.018263,11.708639,100
432,197,-4.947821,11.702485,100
80,348,-23.282591,6.170874,100
80,349,-23.314735,6.209172,100
81,348,-23.244293,6.203018,100
389,465,-15.209229,20.584265,100
389,467,-15.273517,20.660861,100
454,411,-10.984060,20.605508,100
455,410,-10.913618,20.599353,100
455,411,-10.945762,20.637652,100
455,412,-10.977906,20.675950,100
395,131,-4.243361,7.985465,100
396,131,-4.205063,8.017609,100
337,500,-18.325783,20.253223,100
338,501,-18.319629,20.323666,100
339,500,-18.249187,20.317511,100
406,105,-2.986336,7.343290,100
407,104,-2.915894,7.337136,100
407,105,-2.948038,7.375434,100
407,106,-2.980182,7.413732,100
408,105,-2.909740,7.407578,100
403,445,-14.030173,20.268312,100
404,445,-13.991874,20.300456,100
404,446,-14.024018,20.338754,100
423,423,-12.557038,20.068626,100
424,424,-12.550884,20.139069,100
425,423,-12.480441,20.132914,100
372,234,-8.435051,11.190889,100
373,233,-8.364608,11.184734,100
175,358,-19.965683,9.607532,100
176,358,-19.927385,9.639676,100
176,359,-19.959529,9.677975,100
315,515,-19.650507,20.120532,100
315,517,-19.714795,20.197129,100
81,349,-23.276437,6.241316,100
410,259,-7.783310,13.369818,100
410,260,-7.815454,13.408117,100
411,259,-7.745012,13.401962,100
153,419,-22.769028,11.236568,100
418,121,-3.041059,8.341792,100
199,340,-18.467931,9.689616,100
199,342,-18.532219,9.766213,100
200,341,-18.461776,9.760058,100
320,221,-10.008696,9.021524,100
320,223,-10.072984,9.098121,100
405,446,-13.985720,20.370898,100
405,447,-14.017864,20.409197,100
406,446,-13.947421,20.403042,100
436,398,-11.255560,19.529038,100
450,418,-11.362262,20.745021,100
429,210,-5.480588,12.103932,100
430,210,-5.442289,12.136076,100
430,211,-5.474433,12.174374,100
431,210,-5.403991,12.168220,100
361,487,-16.988751,20.526799,100
361,488,-17.020895,20.565097,100
362,488,-16.982596,20.597241,100
285,345,-15.334989,12.645487,100
286,344,-15.264546,12.639333,100
286,345,-15.296690,12.677631,100
286,346,-15.328834,12.715930,100
287,345,-15.258392,12.709775,100
158,424,-22.738256,11.588779,100
158,425,-22.770400,11.627078,100
159,425,-22.732102,11.659222,100
207,202,-13.725679,4.661589,100
233,338,-17.101497,10.705913,100
233,340,-17.165785,10.782510,100
257,512,-21.775382,18.141288,100
258,512,-21.737084,18.173432,100
258,513,-21.769228,18.211731,100
488,300,-6.113937,17.447280,100
488,301,-6.146081,17.485579,100
421,126,-3.086883,8.629715,100
422,125,-3.016441,8.623561,100
422,126,-3.048585,8.661859,100
422,127,-3.080729,8.700158,100
423,126,-3.010287,8.694003,100
268,521,-21.643395,18.839557,100
269,520,-21.572953,18.833403,100
269,521,-21.605097,18.871701,100
269,522,-21.637241,18.910000,100
270,521,-21.566799,18.903845,100
263,217,-12.063128,7.036126,100
263,219,-12.127416,7.112723,100
174,334,-19.232527,8.656227,100
175,333,-19.162085,8.650073,100
175,334,-19.194229,8.688371,100
175,335,-19.226372,8.726669,100
176,334,-19.155930,8.720515,100
119,398,-23.396151,9.339407,100
120,399,-23.389997,9.409850,100
121,398,-23.319554,9.403695,100
79,325,-22.581579,5.257867,100
80,324,-22.511136,5.251712,100
333,507,-18.703985,20.392736,100
334,506,-18.633542,20.386582,100
334,507,-18.665686,20.424880,100
334,508,-18.697830,20.463179,100
335,507,-18.627388,20.457024,100
370,163,-6.229427,8.407415,100
370,164,-6.261571,8.445713,100
371,164,-6.223273,8.477857,100
489,302,-6.139927,17.556021,100
394,108,-3.542349,7.072458,100
395,107,-3.471907,7.066303,100
395,108,-3.504051,7.104602,100
395,109,-3.536195,7.142900,100
396,108,-3.465752,7.136746,100
251,508,-21.876597,17.795231,100
251,510,-21.940885,17.871828,100
252,509,-21.870442,17.865674,100
420,431,-12.929085,20.278581,100
204,213,-14.194158,4.986440,100
205,212,-14.123716,4.980285,100
205,213,-14.155860,5.018584,100
205,214,-14.188003,5.056882,100
206,213,-14.117561,5.050728,100
445,339,-9.014382,17.558728,100
492,305,-6.121463,17.767348,100
492,306,-6.153607,17.805646,100
493,306,-6.115309,17.837790,100
302,519,-20.276962,19.855855,100
303,518,-20.206520,19.849700,100
228,341,-17.389421,10.660089,100
229,341,-17.351123,10.692233,100
229,342,-17.383267,10.730531,100
230,341,-17.312824,10.724377,100
270,341,-15.780889,12.010134,100
270,343,-15.845177,12.086731,100
245,168,-11.177446,4.580914,100
245,169,-11.209590,4.619212,100
121,399,-23.351698,9.441994,100
121,400,-23.383842,9.480292,100
122,399,-23.313400,9.474138,100
81,327,-22.569270,5.398752,100
445,378,-10.267996,19.052365,100
444,149,-2.945331,10.249889,100
299,221,-10.812962,8.346502,100
300,220,-10.742520,8.340347,100
300,221,-10.774664,8.378646,100
300,222,-10.806808,8.416944,100
301,221,-10.736365,8.410790,100
385,144,-5.044217,8.161905,100
162,435,-22.938646,12.138638,100
254,518,-22.083141,18.274647,100
254,520,-22.147429,18.351244,100
145,428,-23.364711,11.324102,100
146,427,-23.294269,11.317947,100
146,428,-23.326413,11.356246,100
146,429,-23.358557,11.394544,100
147,428,-23.288114,11.388390,100
164,441,-23.054913,12.432716,100
165,440,-22.984471,12.426561,100
165,441,-23.016614,12.464860,100
165,442,-23.048758,12.503158,100
166,441,-22.978316,12.497004,100
301,222,-10.768509,8.449088,100
301,223,-10.800653,8.487386,100
495,317,-6.392296,18.323360,100
496,316,-6.321853,18.317206,100
206,212,-14.085417,5.012429,100
206,214,-14.149705,5.089026,100
207,213,-14.079263,5.082872,100
117,329,-21.254816,6.632530,100
118,328,-21.184373,6.626376,100
175,456,-23.115790,13.360775,100
176,457,-23.109635,13.431217,100
235,506,-22.425083,17.204331,100
226,501,-22.609049,16.723544,100
227,502,-22.602895,16.793986,100
308,345,-14.454126,13.384798,100
308,347,-14.518413,13.461395,100
437,231,-5.849223,13.165350,100
437,232,-5.881367,13.203648,100
438,231,-5.810925,13.197494,100
385,76,-2.858428,5.557614,100
353,497,-17.616577,20.652631,100
353,498,-17.648721,20.690930,100
119,331,-21.242507,6.773415,100
418,442,-13.359265,20.635576,100
419,443,-13.353110,20.706018,100
337,225,-9.486199,9.721165,100
338,226,-9.480044,9.791607,100
242,216,-12.835251,6.322805,100
243,215,-12.764808,6.316650,100
243,216,-12.796952,6.354949,100
243,217,-12.829096,6.393247,100
244,216,-12.758654,6.387093,100
209,490,-22.906538,15.755815,100
228,503,-22.596740,16.864429,100
60,325,-23.309248,4.647132,100
61,325,-23.270950,4.679276,100
61,326,-23.303094,4.717574,100
309,348,-14.512259,13.531837,100
346,493,-17.756090,20.274430,100
346,495,-17.820378,20.351027,100
381,151,-5.422418,8.301418,100
382,151,-5.384119,8.333561,100
382,152,-5.416263,8.371860,100
387,82,-2.974695,5.851692,100
388,81,-2.904253,5.845538,100
388,82,-2.936397,5.883836,100
388,83,-2.968541,5.922134,100
389,82,-2.898098,5.915980,100
320,177,-8.594362,7.336395,100
251,343,-16.572846,11.475996,100
368,477,-16.399223,20.368823,100
369,477,-16.360924,20.400966,100
369,478,-16.393068,20.439265,100
370,477,-16.322626,20.433110,100
62,326,-23.264795,4.749718,100
181,471,-23.368158,14.128115,100
182,470,-23.297716,14.121960,100
182,471,-23.329860,14.160259,100
182,472,-23.362004,14.198557,100
183,471,-23.291562,14.192403,100
397,95,-3.009583,6.671011,100
398,96,-3.003428,6.741453,100
368,68,-3.252349,4.704780,100
369,67,-3.181907,4.698625,100
369,68,-3.214051,4.736924,100
369,69,-3.246195,4.775222,100
370,68,-3.175753,4.769067,100
73,339,-23.261384,5.601181,100
157,379,-21.330077,9.833208,100
231,513,-22.803284,17.343844,100
313,174,-8.766019,6.996492,100
156,334,-19.921898,8.077636,100
157,334,-19.883600,8.109780,100
157,335,-19.915744,8.148078,100
158,334,-19.845301,8.141924,100
183,472,-23.323706,14.230701,100
223,509,-22.981096,16.933499,100
384,461,-15.272145,20.270351,100
304,169,-8.949985,6.515705,100
305,168,-8.879543,6.509550,100
306,169,-8.873388,6.579993,100
154,410,-22.441435,10.924026,100
155,410,-22.403136,10.956170,100
155,411,-22.435280,10.994468,100
156,410,-22.364838,10.988314,100
415,265,-7.784682,13.760328,100
416,266,-7.778528,13.830771,100
417,265,-7.708085,13.824616,100
288,346,-15.252237,12.780217,100
289,345,-15.181795,12.774063,100
280,220,-11.508488,7.697468,100
281,219,-11.438045,7.691314,100
281,220,-11.470189,7.729612,100
281,221,-11.502333,7.767911,100
282,220,-11.431891,7.761756,100
76,345,-23.339353,5.927403,100
76,346,-23.371497,5.965701,100
444,328,-8.699097,17.105302,100
445,329,-8.692943,17.175744,100
392,138,-4.583264,8.157122,100
393,139,-4.577110,8.227564,100
394,138,-4.506667,8.221410,100
417,266,-7.740229,13.862915,100
417,267,-7.772373,13.901213,100
418,266,-7.701931,13.895059,100
387,468,-15.382258,20.634872,100
388,468,-15.343959,20.667016,100
388,469,-15.376103,20.705314,100
389,468,-15.305661,20.699160,100
349,176,-7.451565,8.230271,100
350,176,-7.413267,8.262415,100
350,177,-7.445410,8.300713,100
351,176,-7.374968,8.294559,100
424,125,-2.939844,8.687849,100
424,126,-2.971988,8.726147,100
425,125,-2.901546,8.719993,100
141,330,-20.367798,7.442283,100
454,412,-11.016204,20.643806,100
454,413,-11.048348,20.682105,100
455,413,-11.010050,20.714248,100
469,276,-6.070152,15.917384,100
469,277,-6.102296,15.955682,100
470,276,-6.031854,15.949528,100
271,522,-21.560644,18.974288,100
272,523,-21.554490,19.044730,100
427,278,-7.742973,14.643935,100
428,279,-7.736818,14.714377,100
102,374,-23.275769,7.873799,100
289,346,-15.213939,12.812361,100
290,345,-15.143497,12.806207,100
425,126,-2.933690,8.758291,100
470,277,-6.063998,15.987826,100
374,159,-5.947658,8.382797,100
374,160,-5.979802,8.421095,100
375,160,-5.941504,8.453239,100
425,436,-12.898312,20.630793,100
426,437,-12.892158,20.701236,100
427,436,-12.821716,20.695081,100
266,217,-11.948233,7.132558,100
102,376,-23.340057,7.950396,100
103,375,-23.269615,7.944241,100
431,286,-7.846930,15.078898,100
432,285,-7.776488,15.072743,100
328,503,-18.766901,20.078823,100
329,502,-18.696459,20.072669,100
154,387,-21.702124,10.043163,100
155,387,-21.663825,10.075307,100
155,388,-21.695969,10.113605,100
208,212,-14.008820,5.076717,100
208,214,-14.073108,5.153314,100
441,151,-3.124514,10.230054,100
442,150,-3.054072,10.223900,100
442,151,-3.086216,10.262198,100
442,152,-3.118360,10.300496,100
443,151,-3.047917,10.294342,100
306,518,-20.091625,19.946132,100
306,520,-20.155913,20.022729,100
231,341,-17.274526,10.756521,100
232,341,-17.236228,10.788665,100
232,342,-17.268372,10.826963,100
388,145,-4.961465,8.296635,100
130,329,-20.756937,7.050402,100
130,330,-20.789080,7.088700,100
189,344,-18.979490,9.521370,100
190,343,-18.909048,9.515216,100
190,345,-18.973336,9.591813,100
330,505,-18.754592,20.219708,100
375,471,-15.938270,20.364040,100
376,471,-15.899972,20.396184,100
376,472,-15.932116,20.434482,100
377,471,-15.861673,20.428328,100
390,105,-3.599111,6.828987,100
391,104,-3.528668,6.822832,100
391,105,-3.560812,6.861131,100
391,106,-3.592956,6.899429,100
392,105,-3.522514,6.893275,100
302,221,-10.698067,8.442933,100
303,220,-10.627625,8.436779,100
444,381,-10.402726,19.135116,100
469,398,-9.991713,20.589788,100
470,398,-9.953415,20.621932,100
333,508,-18.736129,20.431035,100
333,509,-18.768273,20.469333,100
334,509,-18.729974,20.501477,100
443,152,-3.080061,10.332640,100
443,153,-3.112205,10.370939,100
444,152,-3.041763,10.364784,100
220,188,-12.777785,4.543283,100
221,187,-12.707343,4.537129,100
418,432,-13.037825,20.252592,100
419,432,-12.999527,20.284736,100
419,433,-13.031671,20.323034,100
420,432,-12.961229,20.316880,100
290,512,-20.511535,19.202039,100
291,511,-20.441093,19.195884,100
291,512,-20.473237,19.234183,100
291,513,-20.505381,19.272481,100
292,512,-20.434939,19.266327,100
446,351,-9.361811,18.050453,100
447,350,-9.291369,18.044298,100
448,351,-9.285214,18.114740,100
432,187,-4.626382,11.319501,100
437,302,-8.131443,15.884536,100
438,302,-8.093145,15.916680,100
438,303,-8.125289,15.954978,100
439,302,-8.054846,15.948824,100
268,344,-15.953917,12.060742,100
269,344,-15.915619,12.092886,100
269,345,-15.947763,12.131184,100
270,344,-15.877321,12.125030,100
304,223,-10.685758,8.583818,100
369,167,-6.396302,8.528464,100
370,167,-6.358003,8.560608,100
370,168,-6.390147,8.598907,100
152,398,-22.132304,10.400158,100
154,398,-22.055707,10.464445,100
164,372,-20.836981,9.790127,100
165,373,-20.830826,9.860569,100
166,372,-20.760384,9.854415,100
245,217,-12.752500,6.457535,100
246,218,-12.746345,6.527977,100
433,222,-5.713121,12.692089,100
433,223,-5.745265,12.730387,100
434,223,-5.706967,12.762531,100
162,448,-23.356517,12.636517,100
163,447,-23.286075,12.630362,100
164,448,-23.279920,12.700805,100
384,146,-5.146803,8.206357,100
385,146,-5.108504,8.238501,100
385,147,-5.140648,8.276800,100
181,461,-23.046719,13.745131,100
182,460,-22.976277,13.738976,100
183,461,-22.970122,13.809419,100
311,345,-14.339230,13.481230,100
466,404,-10.299472,20.723146,100
445,162,-3.324904,10.779912,100
446,163,-3.318749,10.850355,100
434,232,-5.996262,13.107216,100
435,233,-5.990108,13.177659,100
436,232,-5.919666,13.171504,100
341,226,-9.365149,9.888039,100
440,312,-8.337987,16.363952,100
231,501,-22.417557,16.884264,100
391,456,-14.843337,20.303867,100
392,457,-14.837182,20.374309,100
183,463,-23.034410,13.886015,100
184,462,-22.963968,13.879861,100
223,499,-22.659656,16.550515,100
214,494,-22.843622,16.069728,100
215,495,-22.837468,16.140170,100
395,460,-14.818719,20.585636,100
395,461,-14.850863,20.623935,100
396,461,-14.812564,20.656079,100
496,329,-6.739725,18.815085,100
498,329,-6.663128,18.879373,100
460,406,-10.593550,20.606879,100
461,406,-10.555252,20.639023,100
461,407,-10.587396,20.677322,100
323,177,-8.479467,7.432827,100
212,341,-18.002196,10.145786,100
213,340,-17.931753,10.139631,100
213,341,-17.963897,10.177930,100
213,342,-17.996041,10.216228,100
214,341,-17.925599,10.210074,100
192,475,-23.075452,14.634892,100
193,476,-23.069297,14.705334,100
254,343,-16.457951,11.572428,100
204,337,-18.180007,9.735441,100
205,336,-18.109565,9.729286,100
205,337,-18.141709,9.767585,100
205,338,-18.173852,9.805883,100
206,337,-18.103410,9.799728,100
436,233,-5.951809,13.209803,100
436,234,-5.983953,13.248101,100
216,496,-22.831313,16.210612,100
182,352,-19.504731,9.602750,100
182,353,-19.536875,9.641048,100
183,353,-19.498576,9.673192,100
405,102,-2.928203,7.196251,100
406,102,-2.889905,7.228395,100
162,379,-21.138585,9.993927,100
449,253,-6.096809,14.393642,100
450,254,-6.090655,14.464084,100
451,253,-6.020212,14.457930,100
461,262,-5.926524,15.124055,100
461,263,-5.958668,15.162353,100
462,262,-5.888226,15.156199,100
446,364,-9.779682,18.548332,100
447,365,-9.773528,18.618774,100
448,364,-9.703085,18.612620,100
380,153,-5.525004,8.345870,100
381,152,-5.454562,8.339716,100
381,153,-5.486706,8.378014,100
381,154,-5.518850,8.416313,100
382,153,-5.448407,8.410158,100
409,256,-7.725177,13.222779,100
432,429,-12.405216,20.587712,100
433,428,-12.334774,20.581558,100
299,165,-9.012901,6.201792,100
300,164,-8.942459,6.195637,100
300,165,-8.974603,6.233936,100
300,166,-9.006747,6.272234,100
301,165,-8.936304,6.266080,100
81,351,-23.340725,6.317913,100
83,351,-23.264128,6.382201,100
373,69,-3.093001,4.903798,100
451,254,-6.052356,14.496228,100
451,255,-6.084500,14.534527,100
452,254,-6.014058,14.528372,100
152,411,-22.550175,10.898037,100
153,411,-22.511877,10.930181,100
153,412,-22.544021,10.968479,100
154,411,-22.473578,10.962325,100
290,155,-9.036147,5.529512,100
462,263,-5.920370,15.194497,100
462,264,-5.952514,15.232795,100
463,263,-5.882071,15.226641,100
200,493,-23.347656,15.581414,100
434,431,-12.392907,20.728597,100
301,166,-8.968448,6.304378,100
301,167,-9.000592,6.342676,100
302,166,-8.930150,6.336522,100
292,347,-15.131188,12.947092,100
83,353,-23.328416,6.458798,100
84,352,-23.257973,6.452643,100
197,338,-18.480240,9.548731,100
275,521,-21.375307,19.064565,100
275,523,-21.439595,19.141162,100
477,391,-9.460319,20.578851,100
389,94,-3.283826,6.375561,100
390,93,-3.213383,6.369406,100
390,94,-3.245527,6.407705,100
390,95,-3.277671,6.446003,100
391,94,-3.207229,6.439849,100
290,156,-9.068291,5.567811,100
92,365,-23.369457,7.207674,100
93,366,-23.363303,7.278116,100
273,148,-9.462212,4.714976,100
274,147,-9.391770,4.708822,100
274,148,-9.423914,4.747120,100
274,149,-9.456058,4.785419,100
275,148,-9.385616,4.779264,100
264,511,-21.475150,18.327998,100
430,431,-12.546101,20.600021,100
430,432,-12.578245,20.638319,100
431,432,-12.539946,20.670463,100
496,342,-7.157596,19.312964,100
497,342,-7.119297,19.345108,100
497,343,-7.151441,19.383407,100
498,342,-7.080999,19.377252,100
423,127,-3.042431,8.732302,100
423,128,-3.074574,8.770600,100
424,127,-3.004132,8.764446,100
140,334,-20.534672,7.563333,100
428,207,-5.422454,11.956893,100
446,341,-9.040372,17.667469,100
448,341,-8.963775,17.731757,100
332,504,-18.645851,20.245697,100
333,503,-18.575409,20.239543,100
406,451,-14.108141,20.594534,100
156,422,-22.750565,11.447895,100
157,422,-22.712267,11.480039,100
157,423,-22.744411,11.518337,100
158,422,-22.673968,11.512183,100
358,228,-8.778364,10.511083,100
359,227,-8.707922,10.504929,100
360,228,-8.701768,10.575371,100
235,342,-17.153476,10.923395,100
491,302,-6.063330,17.620309,100
467,400,-10.132598,20.602097,100
468,399,-10.062156,20.595942,100
468,400,-10.094300,20.634241,100
468,401,-10.126443,20.672539,100
469,400,-10.056001,20.666385,100
133,329,-20.642041,7.146833,100
435,407,-11.583154,19.841579,100
394,105,-3.445917,6.957563,100
394,106,-3.478061,6.995861,100
395,105,-3.407619,6.989707,100
306,220,-10.512729,8.533211,100
162,438,-23.035078,12.253533,100
164,438,-22.958481,12.317821,100
212,215,-13.952059,5.320188,100
74,325,-22.773071,5.097147,100
75,324,-22.702628,5.090993,100
75,325,-22.734772,5.129291,100
75,326,-22.766916,5.167590,100
76,325,-22.696474,5.161435,100
491,304,-6.127618,17.696906,100
492,303,-6.057176,17.690751,100
360,227,-8.669624,10.537073,100
361,228,-8.663469,10.607515,100
387,147,-5.064052,8.341088,100
334,175,-7.993897,7.709814,100
177,337,-19.214064,8.867554,100
178,337,-19.175765,8.899698,100
178,338,-19.207909,8.937996,100
122,401,-23.377688,9.550734,100
123,400,-23.307245,9.544580,100
123,401,-23.339389,9.582878,100
123,402,-23.371533,9.621177,100
124,401,-23.301091,9.615022,100
169,333,-19.391875,8.457209,100
170,332,-19.321433,8.451055,100
170,333,-19.353577,8.489353,100
170,334,-19.385720,8.527651,100
441,383,-10.581909,19.115281,100
442,384,-10.575755,19.185724,100
249,218,-12.631450,6.624409,100
175,452,-22.987214,13.207581,100
351,489,-17.436023,20.281956,100
352,488,-17.365580,20.275802,100
352,489,-17.397724,20.314100,100
352,490,-17.429868,20.352399,100
353,489,-17.359426,20.346244,100
220,189,-12.809929,4.581581,100
220,190,-12.842073,4.619880,100
221,190,-12.803774,4.652024,100
226,498,-22.512617,16.608649,100
177,458,-23.103481,13.501660,100
76,324,-22.664330,5.123137,100
76,326,-22.728618,5.199733,100
77,325,-22.658176,5.193579,100
247,517,-22.319086,18.011341,100
248,516,-22.248644,18.005187,100
248,517,-22.280788,18.043485,100
248,518,-22.312931,18.081783,100
249,517,-22.242489,18.075629,100
214,340,-17.893455,10.171775,100
215,339,-17.823013,10.165621,100
215,340,-17.855156,10.203919,100
215,341,-17.887300,10.242218,100
295,219,-10.901868,8.141329,100
295,220,-10.934012,8.179627,100
296,220,-10.895713,8.211771,100
375,479,-16.195422,20.670427,100
112,329,-21.446308,6.471811,100
113,330,-21.440153,6.542253,100
321,506,-19.131421,19.968711,100
441,239,-5.953181,13.600313,100
442,238,-5.882739,13.594158,100
443,239,-5.876584,13.664601,100
440,423,-11.905965,20.615073,100
447,354,-9.419944,18.197492,100
448,354,-9.381646,18.229636,100
335,175,-7.955598,7.741958,100
389,457,-14.952077,20.277877,100
390,456,-14.881635,20.271723,100
391,457,-14.875481,20.342165,100
257,158,-10.396426,4.583657,100
258,158,-10.358128,4.615801,100
258,159,-10.390272,4.654100,100
208,336,-17.994669,9.825718,100
208,337,-18.026813,9.864016,100
152,401,-22.228736,10.515053,100
153,401,-22.190437,10.547197,100
153,402,-22.222581,10.585495,100
154,401,-22.152139,10.579341,100
384,154,-5.403954,8.512745,100
480,386,-9.184704,20.483790,100
480,387,-9.216848,20.522089,100
481,387,-9.178549,20.554233,100
211,492,-22.894230,15.896699,100
212,491,-22.823787,15.890545,100
325,512,-19.171092,20.327077,100
325,514,-19.235379,20.403673,100
371,479,-16.348615,20.541851,100
371,480,-16.380759,20.580150,100
372,480,-16.342461,20.612293,100
316,509,-19.419345,19.922886,100
317,508,-19.348903,19.916732,100
317,509,-19.381047,19.955030,100
317,510,-19.413191,19.993328,100
318,509,-19.342748,19.987174,100
391,459,-14.939769,20.418762,100
392,458,-14.869326,20.412608,100
453,253,-5.943616,14.522218,100
453,254,-5.975760,14.560516,100
454,253,-5.905317,14.554362,100
302,345,-14.683916,13.191934,100
303,344,-14.613474,13.185780,100
303,345,-14.645618,13.224078,100
303,346,-14.677761,13.262377,100
304,345,-14.607319,13.256222,100
370,71,-3.272185,4.883963,100
371,70,-3.201742,4.877808,100
371,71,-3.233886,4.916107,100
371,72,-3.266030,4.954405,100
372,71,-3.195588,4.948251,100
389,84,-2.962386,5.992577,100
390,83,-2.891944,5.986422,100
390,84,-2.924088,6.024721,100
390,85,-2.956232,6.063019,100
391,84,-2.885790,6.056865,100
314,175,-8.759865,7.066935,100
332,224,-9.645547,9.522147,100
333,223,-9.575105,9.515993,100
333,224,-9.607249,9.554291,100
333,225,-9.639392,9.592589,100
334,224,-9.568950,9.586435,100
200,338,-18.365344,9.645163,100
200,339,-18.397488,9.683462,100
201,338,-18.327046,9.677307,100
64,328,-23.252487,4.890603,100
65,328,-23.214188,4.922747,100
202,343,-18.449467,9.900943,100
203,343,-18.411169,9.933087,100
203,344,-18.443313,9.971385,100
356,172,-7.054900,8.302085,100
357,171,-6.984458,8.295931,100
357,172,-7.016602,8.334229,100
357,173,-7.048746,8.372528,100
358,172,-6.978304,8.366373,100
496,332,-6.836156,18.929980,100
497,332,-6.797858,18.962124,100
497,333,-6.830002,19.000423,100
498,332,-6.759560,18.994268,100
309,509,-19.687434,19.697878,100
159,381,-21.317768,9.974092,100
161,381,-21.241171,10.038380,100
474,393,-9.639502,20.559016,100
475,393,-9.601203,20.591159,100
475,394,-9.633347,20.629458,100
296,162,-9.031365,5.990465,100
297,162,-8.993066,6.022609,100
185,474,-23.311397,14.371586,100
186,474,-23.273098,14.403730,100
306,171,-8.937676,6.656590,100
307,172,-8.931522,6.727032,100
150,332,-20.087400,7.808176,100
151,331,-20.016958,7.802021,100
151,332,-20.049102,7.840320,100
151,333,-20.081246,7.878618,100
77,348,-23.397486,6.074442,100
78,349,-23.391332,6.144884,100
254,166,-10.768473,4.793613,100
255,165,-10.698031,4.787458,100
381,85,-3.300917,5.773724,100
278,521,-21.260412,19.160997,100
278,523,-21.324699,19.237594,100
384,90,-3.346742,6.061647,100
385,91,-3.340588,6.132090,100
386,90,-3.270145,6.125935,100
425,128,-2.997978,8.834888,100
426,129,-2.991823,8.905330,100
427,128,-2.921381,8.899176,100
443,325,-8.640964,16.958262,100
276,148,-9.347317,4.811408,100
277,147,-9.276875,4.805254,100
277,148,-9.309019,4.843552,100
277,149,-9.341163,4.881851,100
476,394,-9.595049,20.661602,100
476,395,-9.627193,20.699900,100
477,394,-9.556750,20.693746,100
297,163,-9.025210,6.060907,100
297,164,-9.057354,6.099205,100
298,163,-8.986912,6.093051,100
207,499,-23.272431,16.036212,100
430,282,-7.756653,14.893560,100
79,349,-23.353033,6.177028,100
79,350,-23.385177,6.215327,100
308,172,-8.893223,6.759176,100
308,173,-8.925367,6.797474,100
309,172,-8.854925,6.791320,100
304,512,-19.975358,19.652054,100
305,513,-19.969203,19.722496,100
306,512,-19.898761,19.716342,100
418,268,-7.766219,13.971655,100
419,267,-7.695776,13.965501,100
419,268,-7.727920,14.003799,100
419,269,-7.760064,14.042098,100
420,268,-7.689622,14.035943,100
447,371,-9.966391,18.848564,100
386,91,-3.302289,6.164234,100
386,92,-3.334433,6.202532,100
387,91,-3.263991,6.196378,100
318,221,-10.085293,8.957237,100
318,223,-10.149580,9.033833,100
254,511,-21.858134,18.006558,100
255,512,-21.851979,18.077001,100
256,511,-21.781537,18.070846,100
249,167,-10.992109,4.671191,100
250,167,-10.953810,4.703335,100
250,168,-10.985954,4.741634,100
482,289,-5.990144,16.833134,100
483,288,-5.919702,16.826980,100
483,289,-5.951846,16.865278,100
483,290,-5.983990,16.903576,100
484,289,-5.913547,16.897422,100
288,158,-9.209176,5.580119,100
289,157,-9.138734,5.573965,100
289,158,-9.170878,5.612263,100
289,159,-9.203021,5.650562,100
290,158,-9.132579,5.644407,100
226,183,-12.387275,4.544655,100
227,182,-12.316833,4.538500,100
227,183,-12.348977,4.576799,100
227,184,-12.381120,4.615097,100
103,378,-23.366046,8.059136,100
104,377,-23.295604,8.052982,100
104,378,-23.327748,8.091280,100
104,379,-23.359892,8.129579,100
105,378,-23.289450,8.123424,100
432,288,-7.872920,15.187639,100
433,287,-7.802478,15.181484,100
433,288,-7.834622,15.219783,100
433,289,-7.866766,15.258081,100
434,288,-7.796323,15.251926,100
344,175,-7.610913,8.031253,100
345,174,-7.540471,8.025099,100
345,175,-7.572615,8.063397,100
345,176,-7.604758,8.101695,100
346,175,-7.534316,8.095541,100
396,451,-14.491125,20.273095,100
397,450,-14.420683,20.266940,100
398,451,-14.414528,20.337383,100
297,514,-20.307734,19.503643,100
136,329,-20.527146,7.243265,100
136,331,-20.591434,7.319862,100
167,362,-20.400646,9.503575,100
266,521,-21.719992,18.775270,100
267,520,-21.649550,18.769115,100
267,521,-21.681694,18.807413,100
267,522,-21.713838,18.845712,100
382,470,-15.638037,20.550749,100
363,228,-8.586872,10.671803,100
363,230,-8.651160,10.748400,100
192,346,-18.928883,9.694399,100
192,348,-18.993171,9.770996,100
193,347,-18.922729,9.764841,100
78,324,-22.587733,5.187425,100
78,325,-22.619877,5.225723,100
78,326,-22.652021,5.264021,100
156,389,-21.689815,10.184048,100
157,389,-21.651517,10.216192,100
157,390,-21.683660,10.254490,100
256,512,-21.813681,18.109145,100
257,511,-21.743238,18.102990,100
337,175,-7.879002,7.806245,100
435,298,-8.079464,15.667054,100
436,299,-8.073310,15.737497,100
173,332,-19.206537,8.547486,100
174,333,-19.200383,8.617929,100
447,344,-9.098505,17.814508,100
448,344,-9.060207,17.846652,100
79,327,-22.645867,5.334464,100
432,409,-11.762337,19.821744,100
433,409,-11.724039,19.853888,100
433,410,-11.756183,19.892187,100
251,517,-22.165892,18.139917,100
251,519,-22.230180,18.216514,100
252,518,-22.159738,18.210359,100
398,450,-14.382384,20.299084,100
399,451,-14.376230,20.369527,100
445,348,-9.303678,17.903413,100
202,212,-14.238611,4.883854,100
203,211,-14.168168,4.877699,100
203,212,-14.200312,4.915997,100
203,213,-14.232456,4.954296,100
204,212,-14.162014,4.948141,100
430,219,-5.731585,12.480762,100
431,220,-5.725430,12.551204,100
431,184,-4.568248,11.172462,100
432,183,-4.497806,11.166307,100
292,514,-20.499226,19.342923,100
293,515,-20.493072,19.413366,100
141,421,-23.292897,10.927437,100
174,335,-19.264671,8.694526,100
439,304,-8.119134,16.025420,100
440,303,-8.048692,16.019266,100
440,304,-8.080836,16.057564,100
440,305,-8.112980,16.095863,100
441,304,-8.042538,16.089708,100
183,464,-23.066554,13.924314,100
184,463,-22.996112,13.918159,100
185,464,-22.989957,13.988602,100
218,341,-17.772405,10.338649,100
305,344,-14.536877,13.250068,100
305,345,-14.569021,13.288366,100
305,346,-14.601165,13.326664,100
306,345,-14.530722,13.320510,100
204,214,-14.226302,5.024738,100
116,328,-21.260970,6.562088,100
370,473,-16.194050,20.279917,100
370,474,-16.226194,20.318215,100
196,208,-14.339825,4.537796,100
196,209,-14.371969,4.576095,100
197,209,-14.333671,4.608239,100
370,61,-2.950745,4.500979,100
371,60,-2.880303,4.494824,100
371,61,-2.912447,4.533123,100
371,62,-2.944591,4.571421,100
372,61,-2.874148,4.565267,100
444,315,-8.281226,16.607423,100
328,512,-19.056196,20.423509,100
318,508,-19.310605,19.948876,100
319,509,-19.304450,20.019318,100
252,517,-22.127594,18.172061,100
143,427,-23.409164,11.221515,100
144,427,-23.370866,11.253659,100
144,428,-23.403009,11.291958,100
145,427,-23.332567,11.285803,100
211,336,-17.879774,9.922150,100
211,338,-17.944062,9.998747,100
117,331,-21.319104,6.709127,100
437,236,-6.009943,13.356842,100
438,236,-5.971645,13.388986,100
438,237,-6.003788,13.427284,100
429,417,-12.134384,20.031699,100
290,222,-11.189792,8.095505,100
240,216,-12.911848,6.258517,100
241,215,-12.841405,6.252363,100
241,216,-12.873549,6.290661,100
241,217,-12.905693,6.328959,100
439,425,-12.008552,20.659526,100
440,425,-11.970253,20.691670,100
440,426,-12.002397,20.729968,100
442,390,-10.768618,19.415514,100
495,326,-6.681591,18.668046,100
496,327,-6.675437,18.738488,100
306,344,-14.498578,13.282212,100
289,520,-20.806985,19.476282,100
432,196,-4.915677,11.664186,100
336,223,-9.460209,9.612424,100
336,224,-9.492353,9.650723,100
247,340,-16.629608,11.232525,100
248,339,-16.559166,11.226371,100
248,340,-16.591309,11.264669,100
248,341,-16.623453,11.302968,100
382,156,-5.544839,8.525053,100
383,157,-5.538685,8.595496,100
384,156,-5.468242,8.589341,100
207,487,-22.886703,15.576631,100
154,334,-19.998495,8.013348,100
391,125,-4.203691,7.627099,100
393,125,-4.127094,7.691387,100
374,72,-3.151135,5.050837,100
375,71,-3.080693,5.044682,100
375,72,-3.112837,5.082981,100
360,172,-6.901707,8.430661,100
361,172,-6.863408,8.462805,100
411,448,-13.820217,20.640359,100
412,449,-13.814063,20.710801,100
445,361,-9.721549,18.401293,100
406,104,-2.954193,7.304992,100
407,103,-2.883750,7.298837,100
408,104,-2.877596,7.369280,100
258,160,-10.422416,4.692398,100
258,161,-10.454560,4.730696,100
259,161,-10.416261,4.762840,100
452,255,-6.046202,14.566670,100
452,256,-6.078346,14.604969,100
453,255,-6.007904,14.598814,100
273,514,-21.226896,18.732188,100
274,513,-21.156454,18.726034,100
274,514,-21.188597,18.764332,100
274,515,-21.220741,18.802631,100
275,514,-21.150299,18.796476,100
309,171,-8.822781,6.753021,100
310,170,-8.752339,6.746867,100
310,171,-8.784483,6.785165,100
310,172,-8.816626,6.823464,100
311,171,-8.746184,6.817309,100
464,266,-5.940205,15.373680,100
410,257,-7.719022,13.293222,100
411,258,-7.712868,13.363664,100
235,177,-11.849726,4.604160,100
388,92,-3.257836,6.266820,100
389,91,-3.187394,6.260665,100
389,92,-3.219538,6.298964,100
389,93,-3.251682,6.337262,100
390,92,-3.181239,6.331108,100
279,220,-11.546786,7.665324,100
279,221,-11.578930,7.703623,100
453,256,-6.040048,14.637113,100
425,424,-12.512585,20.171212,100
316,517,-19.676497,20.229273,100
361,483,-16.860175,20.373605,100
362,483,-16.821877,20.405749,100
362,484,-16.854021,20.444048,100
181,472,-23.400302,14.166413,100
436,397,-11.223416,19.490739,100
456,410,-10.875320,20.631497,100
490,368,-8.223129,20.115859,100
491,369,-8.216974,20.186301,100
429,209,-5.448444,12.065634,100
431,209,-5.371847,12.129922,100
84,354,-23.322261,6.529240,100
85,353,-23.251819,6.523086,100
85,354,-23.283963,6.561384,100
85,355,-23.316107,6.599682,100
86,354,-23.245664,6.593528,100
285,344,-15.302845,12.607189,100
286,343,-15.232402,12.601034,100
157,424,-22.776555,11.556635,100
158,423,-22.706112,11.550481,100
159,424,-22.699958,11.620923,100
258,510,-21.672796,18.096836,100
321,221,-9.970397,9.053668,100
133,332,-20.738473,7.261729,100
134,333,-20.732319,7.332171,100
135,332,-20.661876,7.326017,100
171,358,-20.118877,9.478957,100
172,357,-20.048434,9.472802,100
172,358,-20.080578,9.511101,100
172,359,-20.112722,9.549399,100
173,358,-20.042280,9.543245,100
287,346,-15.290536,12.748074,100
347,175,-7.496018,8.127685,100
348,175,-7.457719,8.159829,100
348,176,-7.489863,8.198127,100
259,513,-21.730929,18.243875,100
270,520,-21.534655,18.865547,100
270,522,-21.598943,18.942144,100
444,373,-10.145575,18.828729,100
445,374,-10.139420,18.899172,100
446,373,-10.068978,18.893017,100
445,338,-8.982238,17.520430,100
425,131,-3.094410,8.949783,100
426,130,-3.023967,8.943629,100
426,131,-3.056111,8.981927,100
203,201,-13.846729,4.494715,100
203,202,-13.878873,4.533014,100
176,333,-19.123786,8.682217,100
176,335,-19.188074,8.758813,100
122,398,-23.281256,9.435839,100
81,324,-22.472838,5.283856,100
349,177,-7.483709,8.268570,100
435,144,-3.129297,9.769102,100
436,145,-3.123142,9.839544,100
437,144,-3.052700,9.833390,100
446,419,-11.547599,20.654743,100
447,420,-11.541445,20.725186,100
448,419,-11.471002,20.719031,100
304,518,-20.168221,19.881844,100
230,342,-17.344968,10.762675,100
271,341,-15.742590,12.042278,100
271,343,-15.806878,12.118875,100
163,435,-22.900348,12.170781,100
380,473,-15.811066,20.601356,100
381,474,-15.804912,20.671799,100
382,473,-15.734469,20.665644,100
437,145,-3.084844,9.871688,100
164,440,-23.022769,12.394417,100
165,439,-22.952327,12.388263,100
166,440,-22.946172,12.458705,100
124,404,-23.397523,9.729917,100
125,403,-23.327080,9.723763,100
125,404,-23.359224,9.762061,100
301,220,-10.704221,8.372491,100
447,154,-2.991156,10.537813,100
448,153,-2.920713,10.531659,100
448,154,-2.952857,10.569957,100
366,166,-6.479053,8.393734,100
367,166,-6.440754,8.425878,100
367,167,-6.472898,8.464177,100
197,208,-14.301527,4.569940,100
198,208,-14.263229,4.602084,100
198,209,-14.295372,4.640383,100
424,436,-12.936611,20.598649,100
425,437,-12.930456,20.669092,100
416,432,-13.114422,20.188304,100
417,431,-13.043980,20.182150,100
417,432,-13.076124,20.220448,100
417,433,-13.108268,20.258746,100
241,171,-11.427072,4.567233,100
242,171,-11.388773,4.599377,100
242,172,-11.420917,4.637676,100
207,212,-14.047119,5.044573,100
207,214,-14.111407,5.121170,100
119,328,-21.146075,6.658520,100
69,324,-22.932419,4.898129,100
70,323,-22.861976,4.891975,100
70,324,-22.894120,4.930273,100
70,325,-22.926264,4.968571,100
71,324,-22.855822,4.962417,100
391,115,-3.882252,7.244115,100
392,115,-3.843953,7.276259,100
392,116,-3.876097,7.314557,100
393,115,-3.805655,7.308403,100
219,497,-22.748562,16.345343,100
220,498,-22.742408,16.415785,100
309,345,-14.415827,13.416942,100
214,336,-17.764879,10.018582,100
214,338,-17.829167,10.095178,100
463,403,-10.382223,20.588416,100
463,404,-10.414367,20.626714,100
387,81,-2.942551,5.813394,100
388,80,-2.872109,5.807239,100
389,81,-2.865955,5.877682,100
411,438,-13.498778,20.257375,100
412,438,-13.460479,20.289519,100
412,439,-13.492623,20.327817,100
445,351,-9.400109,18.018309,100
244,215,-12.726510,6.348794,100
244,217,-12.790798,6.425391,100
161,448,-23.394816,12.604373,100
162,447,-23.324373,12.598218,100
237,177,-11.773129,4.668448,100
221,499,-22.736253,16.486227,100
178,352,-19.657924,9.474174,100
179,352,-19.619626,9.506318,100
179,353,-19.651770,9.544616,100
389,83,-2.930242,5.954278,100
390,82,-2.859800,5.948124,100
413,439,-13.454325,20.359961,100
413,440,-13.486469,20.398259,100
414,439,-13.416027,20.392105,100
242,516,-22.478434,17.812323,100
243,515,-22.407992,17.806168,100
243,516,-22.440136,17.844467,100
243,517,-22.472280,17.882765,100
244,516,-22.401837,17.876611,100
321,177,-8.556064,7.368539,100
339,223,-9.345314,9.708856,100
350,499,-17.795760,20.632796,100
351,499,-17.757462,20.664940,100
108,327,-21.535213,6.266638,100
108,328,-21.567357,6.304936,100
109,328,-21.529059,6.337080,100
416,443,-13.468006,20.609586,100
416,444,-13.500150,20.647885,100
417,444,-13.461851,20.680029,100
156,409,-22.332694,10.950016,100
427,418,-12.243125,20.005710,100
428,418,-12.204826,20.037854,100
428,419,-12.236970,20.076152,100
429,418,-12.166528,20.069998,100
442,318,-8.454254,16.658030,100
443,318,-8.415956,16.690174,100
66,330,-23.240178,5.031488,100
66,331,-23.272322,5.069786,100
67,331,-23.234023,5.101930,100
280,219,-11.476344,7.659170,100
281,218,-11.405901,7.653015,100
282,219,-11.399747,7.723458,100
493,363,-7.947514,20.020799,100
494,363,-7.909215,20.052943,100
494,364,-7.941359,20.091241,100
495,363,-7.870917,20.085087,100
439,392,-10.947801,19.395679,100
440,392,-10.909503,19.427823,100
440,393,-10.941647,19.466121,100
252,340,-16.438116,11.393245,100
276,514,-21.112001,18.828620,100
277,515,-21.105846,18.899063,100
216,505,-23.120609,16.555298,100
202,339,-18.320892,9.747750,100
202,341,-18.385180,9.824346,100
186,477,-23.369530,14.518625,100
187,476,-23.299088,14.512470,100
187,477,-23.331232,14.550769,100
187,478,-23.363376,14.589067,100
188,477,-23.292933,14.582913,100
418,265,-7.669787,13.856760,100
193,336,-18.569145,9.343559,100
194,337,-18.562991,9.414001,100
282,221,-11.464035,7.800055,100
456,256,-5.925152,14.733545,100
453,412,-11.054503,20.611662,100
383,88,-3.320752,5.952907,100
403,102,-3.004800,7.131963,100
287,155,-9.151042,5.433080,100
446,329,-8.654644,17.207888,100
447,328,-8.584202,17.201733,100
223,215,-13.530776,5.673772,100
224,216,-13.524622,5.744214,100
225,215,-13.454180,5.738059,100
422,424,-12.627480,20.074781,100
423,424,-12.589182,20.106925,100
423,425,-12.621326,20.145223,100
298,164,-9.019056,6.131349,100
298,165,-9.051200,6.169648,100
299,164,-8.980757,6.163493,100
174,359,-20.036126,9.613687,100
175,359,-19.997827,9.645831,100
175,360,-20.029971,9.684129,100
289,343,-15.117507,12.697466,100
80,350,-23.346879,6.247471,100
80,351,-23.379023,6.285769,100
313,517,-19.791392,20.132841,100
314,518,-19.785238,20.203284,100
351,177,-7.407112,8.332857,100
430,199,-5.088706,11.714794,100
431,199,-5.050407,11.746938,100
431,200,-5.082551,11.785236,100
432,199,-5.012109,11.779082,100
421,271,-7.747755,14.182982,100
421,272,-7.779899,14.221281,100
422,271,-7.709457,14.215126,100
427,130,-2.985669,8.975773,100
428,129,-2.915226,8.969618,100
428,130,-2.947370,9.007917,100
428,131,-2.979514,9.046215,100
429,130,-2.909072,9.040061,100
365,484,-16.739125,20.540479,100
366,484,-16.700827,20.572623,100
319,224,-10.143426,9.104276,100
472,281,-6.115977,16.205308,100
473,282,-6.109822,16.275750,100
474,281,-6.039380,16.269595,100
403,447,-14.094460,20.344909,100
404,447,-14.056162,20.377053,100
404,448,-14.088306,20.415351,100
136,332,-20.623578,7.358160,100
137,333,-20.617424,7.428603,100
271,148,-9.538809,4.650688,100
272,147,-9.468367,4.644534,100
272,148,-9.500511,4.682832,100
272,149,-9.532655,4.721131,100
424,425,-12.583027,20.177367,100
424,426,-12.615171,20.215665,100
425,425,-12.544729,20.209511,100
299,166,-9.045045,6.240090,100
485,292,-5.971681,17.044461,100
435,399,-11.326003,19.535192,100
436,399,-11.287704,19.567336,100
436,400,-11.319848,19.605634,100
429,131,-2.941216,9.078359,100
474,282,-6.071524,16.307894,100
364,231,-8.645006,10.818842,100
365,230,-8.574564,10.812687,100
154,422,-22.827162,11.383607,100
155,421,-22.756720,11.377452,100
155,422,-22.788863,11.415751,100
155,423,-22.821007,11.454049,100
429,212,-5.544875,12.180529,100
430,212,-5.506577,12.212673,100
300,510,-20.064263,19.446881,100
300,511,-20.096407,19.485180,100
301,511,-20.058109,19.517324,100
105,380,-23.353737,8.200021,100
106,379,-23.283295,8.193867,100
106,380,-23.315439,8.232165,100
106,381,-23.347583,8.270463,100
107,380,-23.277141,8.264309,100
332,508,-18.774427,20.398891,100
361,490,-17.085183,20.641694,100
362,490,-17.046884,20.673838,100
158,427,-22.834688,11.703675,100
158,428,-22.866832,11.741973,100
159,427,-22.796390,11.735819,100
233,342,-17.230073,10.859107,100
427,434,-12.757428,20.618484,100
249,510,-22.017482,17.807540,100
250,511,-22.011327,17.877982,100
418,431,-13.005681,20.214294,100
437,301,-8.099299,15.846237,100
439,301,-8.022703,15.910525,100
356,227,-8.822817,10.408497,100
357,226,-8.752375,10.402342,100
357,227,-8.784519,10.440641,100
357,228,-8.816663,10.478939,100
358,227,-8.746221,10.472785,100
304,220,-10.589326,8.468923,100
334,510,-18.762118,20.539775,100
335,509,-18.691676,20.533621,100
325,505,-18.946084,20.058988,100
326,504,-18.875642,20.052833,100
326,505,-18.907786,20.091132,100
326,506,-18.939929,20.129430,100
327,505,-18.869487,20.123276,100
394,110,-3.606637,7.149055,100
395,110,-3.568339,7.181199,100
395,111,-3.600482,7.219497,100
396,110,-3.530040,7.213343,100
292,511,-20.402795,19.228028,100
447,157,-3.087587,10.652708,100
447,158,-3.119731,10.691007,100
448,157,-3.049289,10.684852,100
356,492,-17.340962,20.557571,100
357,491,-17.270520,20.551417,100
357,492,-17.302664,20.589715,100
357,493,-17.334808,20.628013,100
432,222,-5.751420,12.659945,100
433,221,-5.680977,12.653790,100
434,222,-5.674823,12.724232,100
377,470,-15.829529,20.390029,100
439,303,-8.086990,15.987122,100
440,302,-8.016548,15.980968,100
270,345,-15.909465,12.163328,100
141,424,-23.389329,11.042332,100
142,425,-23.383174,11.112775,100
143,424,-23.312732,11.106620,100
245,171,-11.273878,4.695809,100
245,172,-11.306022,4.734107,100
445,380,-10.332284,19.128962,100
122,328,-21.031180,6.754952,100
187,345,-19.088231,9.495381,100
187,346,-19.120375,9.533679,100
188,346,-19.082077,9.565823,100
72,324,-22.817524,4.994561,100
73,323,-22.747081,4.988406,100
73,324,-22.779225,5.026705,100
73,325,-22.811369,5.065003,100
74,324,-22.740927,5.058849,100
449,350,-9.214772,18.108586,100
186,349,-19.255105,9.616430,100
247,218,-12.708047,6.560121,100
416,433,-13.146566,20.226603,100
416,434,-13.178710,20.264901,100
417,434,-13.140412,20.297045,100
287,514,-20.690718,19.182204,100
288,513,-20.620276,19.176049,100
288,514,-20.652420,19.214348,100
288,515,-20.684564,19.252646,100
289,514,-20.614122,19.246491,100
155,399,-22.049553,10.534888,100
155,400,-22.081697,10.573186,100
245,517,-22.395683,17.947053,100
246,516,-22.325240,17.940899,100
246,517,-22.357384,17.979197,100
246,518,-22.389528,18.017495,100
306,347,-14.595010,13.397107,100
307,348,-14.588856,13.467549,100
494,318,-6.462738,18.329515,100
495,318,-6.424440,18.361659,100
495,319,-6.456583,18.399957,100
496,318,-6.386141,18.393803,100
342,226,-9.326851,9.920183,100
351,498,-17.725318,20.626642,100
352,498,-17.687020,20.658786,100
352,499,-17.719164,20.697084,100
204,336,-18.147863,9.697142,100
205,335,-18.077421,9.690988,100
206,336,-18.071266,9.761430,100
396,462,-14.844708,20.694377,100
187,467,-23.009792,14.167785,100
187,468,-23.041936,14.206083,100
188,467,-22.971494,14.199929,100
481,384,-9.082117,20.439338,100
482,384,-9.043819,20.471482,100
111,327,-21.420318,6.363070,100
111,328,-21.452462,6.401368,100
212,196,-13.341324,4.592519,100
213,197,-13.335169,4.662961,100
214,196,-13.264727,4.656807,100
380,152,-5.492860,8.307572,100
163,374,-20.939567,9.834579,100
163,375,-20.971711,9.872878,100
164,375,-20.933413,9.905022,100
60,327,-23.373536,4.723729,100
61,327,-23.335238,4.755873,100
61,328,-23.367382,4.794171,100
388,458,-15.022520,20.284032,100
389,459,-15.016365,20.354474,100
152,410,-22.518031,10.859738,100
300,345,-14.760513,13.127646,100
301,344,-14.690070,13.121492,100
301,345,-14.722214,13.159790,100
301,346,-14.754358,13.198089,100
408,107,-2.974028,7.484175,100
409,106,-2.903585,7.478020,100
409,107,-2.935729,7.516319,100
409,108,-2.967873,7.554617,100
410,107,-2.897431,7.548463,100
453,258,-6.104335,14.713710,100
454,259,-6.098181,14.784152,100
455,258,-6.027739,14.777997,100
285,219,-11.284852,7.819890,100
285,221,-11.349140,7.896486,100
181,473,-23.432446,14.204711,100
182,473,-23.394148,14.236855,100
182,474,-23.426292,14.275154,100
62,328,-23.329083,4.826315,100
387,88,-3.167559,6.081482,100
377,74,-3.100528,5.223865,100
200,343,-18.526064,9.836655,100
201,342,-18.455622,9.830501,100
201,343,-18.487766,9.868799,100
201,344,-18.519910,9.907098,100
226,215,-13.415881,5.770203,100
227,214,-13.345439,5.764049,100
227,216,-13.409727,5.840646,100
455,259,-6.059883,14.816296,100
466,268,-5.927896,15.514565,100
466,269,-5.960040,15.552863,100
467,268,-5.889597,15.546709,100
183,474,-23.387994,14.307298,100
384,464,-15.368577,20.385246,100
384,465,-15.400721,20.423545,100
438,171,-3.882288,10.899590,100
439,170,-3.811846,10.893436,100
276,521,-21.337008,19.096709,100
276,523,-21.401296,19.173306,100
86,357,-23.342096,6.708423,100
87,356,-23.271654,6.702269,100
87,357,-23.303798,6.740567,100
87,358,-23.335942,6.778865,100
88,357,-23.265499,6.772711,100
496,341,-7.125452,19.274666,100
498,341,-7.048855,19.338954,100
275,147,-9.353472,4.740966,100
275,149,-9.417760,4.817563,100
428,206,-5.390310,11.918595,100
375,236,-8.384443,11.363917,100
156,421,-22.718421,11.409596,100
158,421,-22.641824,11.473884,100
444,330,-8.763385,17.181898,100
445,330,-8.725087,17.214042,100
445,331,-8.757230,17.252341,100
446,330,-8.686788,17.246186,100
202,342,-18.417323,9.862645,100
202,344,-18.481611,9.939241,100
368,233,-8.556100,11.024015,100
303,510,-19.949368,19.543313,100
303,511,-19.981512,19.581612,100
446,151,-2.933022,10.390774,100
280,343,-15.462193,12.408171,100
281,342,-15.391750,12.402016,100
281,343,-15.423894,12.440315,100
281,344,-15.456038,12.478613,100
282,343,-15.385596,12.472459,100
434,401,-11.428589,19.579645,100
435,400,-11.358147,19.573490,100
435,401,-11.390290,19.611789,100
435,402,-11.422434,19.650087,100
436,401,-11.351992,19.643933,100
252,510,-21.902586,17.903972,100
253,509,-21.832144,17.897818,100
253,510,-21.864288,17.936116,100
253,511,-21.896432,17.974414,100
247,166,-11.036562,4.568605,100
248,165,-10.966119,4.562450,100
248,166,-10.998263,4.600749,100
248,167,-11.030407,4.639047,100
249,166,-10.959965,4.632893,100
428,133,-3.043802,9.122812,100
429,133,-3.005504,9.154956,100
177,336,-19.181920,8.829256,100
122,400,-23.345544,9.512436,100
123,399,-23.275101,9.506282,100
124,400,-23.268947,9.576724,100
430,287,-7.917373,15.085052,100
431,287,-7.879074,15.117196,100
431,288,-7.911218,15.155495,100
432,287,-7.840776,15.149340,100
188,345,-19.049933,9.527525,100
189,345,-19.011634,9.559669,100
189,346,-19.043778,9.597967,100
402,454,-14.357766,20.580854,100
403,455,-14.351612,20.651296,100
438,148,-3.142977,10.018727,100
439,147,-3.072535,10.012573,100
439,148,-3.104679,10.050871,100
439,149,-3.136823,10.089169,100
440,148,-3.066381,10.083015,100
154,389,-21.766412,10.119760,100
155,389,-21.728113,10.151904,100
155,390,-21.760257,10.190202,100
254,512,-21.890277,18.044857,100
469,399,-10.023857,20.628086,100
441,153,-3.188802,10.306651,100
442,153,-3.150504,10.338795,100
442,154,-3.182648,10.377093,100
361,227,-8.631325,10.569217,100
273,345,-15.794569,12.259760,100
219,189,-12.848227,4.549438,100
124,402,-23.333235,9.653321,100
125,401,-23.262792,9.647166,100
171,332,-19.283134,8.483198,100
485,379,-8.768204,20.376421,100
485,380,-8.800348,20.414720,100
486,380,-8.762050,20.446864,100
255,520,-22.109131,18.383388,100
256,521,-22.102976,18.453830,100
127,406,-23.346915,9.902946,100
127,407,-23.379059,9.941244,100
128,406,-23.308617,9.935090,100
243,172,-11.382619,4.669820,100
243,173,-11.414763,4.708118,100
244,172,-11.344320,4.701963,100
470,400,-10.017703,20.698528,100
470,401,-10.049847,20.736827,100
443,384,-10.537456,19.217868,100
444,383,-10.467014,19.211713,100
368,168,-6.466744,8.534619,100
369,168,-6.428445,8.566763,100
369,169,-6.460589,8.605061,100
200,212,-14.315208,4.819566,100
201,211,-14.244765,4.813411,100
201,212,-14.276909,4.851710,100
201,213,-14.309053,4.890008,100
353,488,-17.327282,20.307946,100
353,490,-17.391570,20.384542,100
354,489,-17.321127,20.378388,100
319,346,-14.064987,13.776680,100
319,348,-14.129275,13.853276,100
320,347,-14.058833,13.847122,100
446,353,-9.426099,18.127049,100
448,353,-9.349502,18.191337,100
290,514,-20.575823,19.278635,100
291,514,-20.537525,19.310779,100
291,515,-20.569669,19.349078,100
77,324,-22.626032,5.155281,100
77,326,-22.690320,5.231877,100
432,189,-4.690670,11.396098,100
433,190,-4.684515,11.466540,100
434,189,-4.614073,11.460385,100
444,163,-3.395346,10.786067,100
445,163,-3.357048,10.818211,100
445,164,-3.389192,10.856509,100
216,339,-17.784714,10.197765,100
216,341,-17.849002,10.274362,100
152,400,-22.196592,10.476754,100
154,400,-22.119995,10.541042,100
325,511,-19.138948,20.288778,100
316,508,-19.387201,19.884588,100
317,507,-19.316759,19.878433,100
222,499,-22.697955,16.518371,100
222,500,-22.730099,16.556670,100
162,450,-23.420805,12.713113,100
163,451,-23.414651,12.783556,100
164,450,-23.344208,12.777401,100
261,343,-16.189862,11.797436,100
262,342,-16.119420,11.791281,100
262,343,-16.151564,11.829580,100
262,344,-16.183708,11.867878,100
217,192,-13.021256,4.600045,100
330,177,-8.211378,7.657835,100
331,176,-8.140936,7.651680,100
331,177,-8.173080,7.689979,100
331,178,-8.205224,7.728277,100
209,336,-17.956371,9.857862,100
209,338,-18.020659,9.934459,100
446,164,-3.350893,10.888653,100
446,165,-3.383037,10.926951,100
447,164,-3.312595,10.920797,100
332,223,-9.613403,9.483849,100
333,222,-9.542961,9.477694,100
334,223,-9.536806,9.548136,100
446,245,-5.954553,13.990823,100
447,244,-5.884111,13.984668,100
447,245,-5.916254,14.022967,100
447,246,-5.948398,14.061265,100
448,245,-5.877956,14.055111,100
438,424,-12.014706,20.589084,100
438,425,-12.046850,20.627382,100
304,344,-14.575175,13.217924,100
304,346,-14.639463,13.294521,100
496,331,-6.804012,18.891682,100
498,331,-6.727416,18.955970,100
456,258,-5.989440,14.810141,100
457,259,-5.983286,14.880584,100
458,258,-5.912843,14.874429,100
286,521,-20.954024,19.418148,100
287,520,-20.883582,19.411994,100
460,408,-10.657838,20.683476,100
461,408,-10.619540,20.715620,100
461,409,-10.651684,20.753919,100
462,408,-10.581241,20.747764,100
254,160,-10.575609,4.563822,100
255,159,-10.505167,4.557668,100
255,160,-10.537311,4.595966,100
255,161,-10.569455,4.634265,100
256,160,-10.499012,4.628110,100
481,385,-9.114261,20.477636,100
481,386,-9.146405,20.515934,100
482,386,-9.108107,20.548078,100
204,339,-18.244295,9.812037,100
205,339,-18.205996,9.844181,100
245,340,-16.706205,11.168237,100
246,339,-16.635762,11.162083,100
246,340,-16.667906,11.200381,100
246,341,-16.700050,11.238680,100
150,331,-20.055257,7.769877,100
151,330,-19.984814,7.763723,100
152,331,-19.978660,7.834165,100
441,170,-3.735249,10.957724,100
442,170,-3.696951,10.989868,100
458,259,-5.944987,14.912728,100
405,104,-2.992491,7.272848,100
405,105,-3.024635,7.311146,100
443,324,-8.608820,16.919964,100
376,77,-3.235258,5.306617,100
316,176,-8.715412,7.169521,100
272,514,-21.265194,18.700044,100
272,515,-21.297338,18.738343,100
152,333,-20.042948,7.910762,100
299,167,-9.077189,6.278388,100
300,167,-9.038891,6.310532,100
300,168,-9.071035,6.348831,100
188,479,-23.357221,14.659509,100
189,478,-23.286779,14.653355,100
189,479,-23.318923,14.691653,100
189,480,-23.351067,14.729952,100
190,479,-23.280625,14.723797,100
344,501,-18.089839,20.516529,100
81,353,-23.405012,6.394510,100
82,354,-23.398858,6.464952,100
472,279,-6.051689,16.128711,100
278,147,-9.238576,4.837398,100
278,149,-9.302864,4.913994,100
93,327,-22.109689,5.784479,100
94,326,-22.039247,5.778324,100
94,327,-22.071391,5.816623,100
94,328,-22.103535,5.854921,100
95,327,-22.033092,5.848767,100
152,413,-22.614463,10.974633,100
153,413,-22.576165,11.006777,100
153,414,-22.608309,11.045076,100
154,413,-22.537866,11.038921,100
173,356,-19.977992,9.466648,100
174,356,-19.939694,9.498792,100
174,357,-19.971838,9.537090,100
309,173,-8.887069,6.829618,100
375,162,-6.005791,8.529836,100
376,161,-5.935349,8.523682,100
376,162,-5.967493,8.561980,100
376,163,-5.999637,8.600279,100
377,162,-5.929195,8.594124,100
408,110,-3.070459,7.599070,100
409,109,-3.000017,7.592915,100
409,110,-3.032161,7.631214,100
301,168,-9.032736,6.380975,100
301,169,-9.064880,6.419273,100
302,168,-8.994438,6.413119,100
103,377,-23.333902,8.020838,100
104,376,-23.263460,8.014684,100
105,377,-23.257306,8.085126,100
283,344,-15.379441,12.542901,100
284,343,-15.308999,12.536746,100
284,344,-15.341143,12.575045,100
284,345,-15.373287,12.613343,100
336,499,-18.331938,20.182781,100
337,498,-18.261496,20.176627,100
188,335,-18.728493,9.144541,100
189,334,-18.658051,9.138386,100
189,335,-18.690195,9.176685,100
189,336,-18.722339,9.214983,100
410,448,-13.858516,20.608215,100
411,449,-13.852361,20.678657,100
422,273,-7.773745,14.291723,100
423,272,-7.703302,14.285569,100
423,273,-7.735446,14.323867,100
423,274,-7.767590,14.362166,100
424,273,-7.697148,14.356011,100
477,393,-9.524606,20.655447,100
251,168,-10.947656,4.773777,100
252,167,-10.877214,4.767623,100
389,96,-3.348114,6.452157,100
390,96,-3.309815,6.484301,100
390,97,-3.341959,6.522600,100
391,96,-3.271517,6.516445,100
340,503,-18.307320,20.464550,100
340,504,-18.339464,20.502849,100
341,504,-18.301166,20.534993,100
438,177,-4.075152,11.129381,100
306,510,-19.834473,19.639745,100
268,220,-11.968068,7.311741,100
228,184,-12.342822,4.647241,100
388,137,-4.704314,7.990248,100
389,137,-4.666015,8.022392,100
389,138,-4.698159,8.060690,100
105,379,-23.321594,8.161723,100
106,378,-23.251151,8.155568,100
346,174,-7.502172,8.057243,100
346,176,-7.566460,8.133839,100
419,124,-3.099192,8.488831,100
420,123,-3.028750,8.482676,100
420,125,-3.093038,8.559273,100
107,383,-23.373573,8.379204,100
108,382,-23.303130,8.373050,100
108,383,-23.335274,8.411348,100
108,384,-23.367418,8.449646,100
109,383,-23.296976,8.443492,100
496,344,-7.221884,19.389561,100
497,344,-7.183585,19.421705,100
497,345,-7.215729,19.460003,100
498,344,-7.145287,19.453849,100
431,133,-2.928907,9.219244,100
431,134,-2.961051,9.257542,100
432,133,-2.890609,9.251388,100
355,489,-17.282829,20.410532,100
355,490,-17.314973,20.448830,100
356,489,-17.244531,20.442676,100
313,222,-10.308929,8.834815,100
314,221,-10.238486,8.828661,100
314,222,-10.270630,8.866959,100
314,223,-10.302774,8.905258,100
315,222,-10.232332,8.899103,100
428,209,-5.486742,12.033490,100
446,343,-9.104659,17.744065,100
448,343,-9.028063,17.808353,100
79,324,-22.549435,5.219569,100
444,153,-3.073907,10.403083,100
445,152,-3.003464,10.396928,100
445,153,-3.035608,10.435227,100
445,154,-3.067752,10.473525,100
446,153,-2.997310,10.467371,100
489,304,-6.204215,17.632618,100
490,305,-6.198060,17.703060,100
467,402,-10.196886,20.678693,100
468,402,-10.158587,20.710837,100
468,403,-10.190731,20.749136,100
469,402,-10.120289,20.742981,100
132,332,-20.776772,7.229585,100
133,333,-20.770617,7.300027,100
174,332,-19.168239,8.579630,100
193,345,-18.858441,9.688244,100
399,452,-14.408374,20.407825,100
393,107,-3.548503,7.002016,100
394,107,-3.510205,7.034159,100
162,440,-23.099366,12.330129,100
163,441,-23.093211,12.400572,100
446,154,-3.029454,10.505669,100
134,413,-23.303834,10.396042,100
134,414,-23.335978,10.434341,100
135,413,-23.265536,10.428186,100
401,456,-14.460353,20.625306,100
402,455,-14.389910,20.619152,100
402,456,-14.422054,20.657450,100
402,457,-14.454198,20.695749,100
403,456,-14.383756,20.689594,100
195,208,-14.378124,4.505652,100
196,207,-14.307681,4.499498,100
432,220,-5.687132,12.583348,100
433,219,-5.616689,12.577193,100
449,158,-3.043135,10.755294,100
449,159,-3.075279,10.793593,100
450,159,-3.036980,10.825737,100
165,365,-20.573675,9.554182,100
166,364,-20.503232,9.548027,100
166,365,-20.535376,9.586326,100
166,366,-20.567520,9.624624,100
167,365,-20.497078,9.618470,100
143,426,-23.377020,11.183217,100
145,426,-23.300423,11.247505,100
352,225,-8.911723,10.203324,100
352,227,-8.976011,10.279921,100
353,226,-8.905569,10.273767,100
219,341,-17.734107,10.370793,100
188,348,-19.146365,9.642420,100
189,347,-19.075922,9.636265,100
189,348,-19.108066,9.674564,100
189,349,-19.140210,9.712862,100
190,348,-19.069768,9.706708,100
117,328,-21.222672,6.594232,100
351,495,-17.628886,20.511747,100
443,385,-10.569600,19.256166,100
262,154,-10.076358,4.591183,100
263,153,-10.005916,4.585029,100
263,154,-10.038060,4.623327,100
263,155,-10.070204,4.661626,100
264,154,-9.999762,4.655471,100
328,513,-19.088340,20.461807,100
329,512,-19.017898,20.455652,100
373,479,-16.272019,20.606139,100
374,480,-16.265864,20.676581,100
298,519,-20.430156,19.727279,100
299,520,-20.424001,19.797721,100
226,502,-22.641193,16.761842,100
265,344,-16.068813,11.964310,100
439,424,-11.976408,20.621228,100
212,336,-17.841476,9.954294,100
212,338,-17.905764,10.030891,100
197,207,-14.269383,4.531642,100
417,442,-13.397563,20.603432,100
418,443,-13.391409,20.673874,100
242,215,-12.803107,6.284506,100
242,217,-12.867395,6.361103,100
448,356,-9.445934,18.306232,100
218,497,-22.786860,16.313199,100
376,71,-3.042394,5.076826,100
188,469,-23.035782,14.276525,100
189,468,-22.965340,14.270371,100
189,469,-22.997483,14.308669,100
190,469,-22.959185,14.340813,100
445,360,-9.689405,18.362994,100
290,520,-20.768687,19.508426,100
290,522,-20.832975,19.585023,100
386,81,-2.980850,5.781250,100
387,80,-2.910407,5.775095,100
241,516,-22.516732,17.780179,100
241,517,-22.548876,17.818477,100
161,372,-20.951876,9.693695,100
162,371,-20.881434,9.687540,100
162,372,-20.913578,9.725839,100
162,373,-20.945721,9.764137,100
163,372,-20.875279,9.757983,100
337,223,-9.421911,9.644568,100
249,339,-16.520867,11.258515,100
249,341,-16.585155,11.335112,100
273,513,-21.194752,18.693890,100
274,512,-21.124310,18.687736,100
275,513,-21.118155,18.758178,100
219,498,-22.780706,16.383641,100
481,389,-9.242837,20.630830,100
371,482,-16.445047,20.656746,100
372,482,-16.406749,20.688890,100
361,173,-6.895552,8.501103,100
279,218,-11.482498,7.588728,100
275,515,-21.182443,18.834775,100
302,167,-8.962294,6.374820,100
303,166,-8.891852,6.368666,100
303,167,-8.923996,6.406964,100
303,168,-8.956139,6.445263,100
304,167,-8.885697,6.439108,100
467,271,-5.986029,15.661604,100
468,270,-5.915587,15.655449,100
468,271,-5.947731,15.693748,100
339,497,-18.152755,20.202616,100
64,330,-23.316774,4.967200,100
64,331,-23.348918,5.005498,100
65,330,-23.278476,4.999344,100
280,221,-11.540632,7.735767,100
441,172,-3.799537,11.034320,100
96,327,-21.994794,5.880911,100
97,326,-21.924352,5.874756,100
97,327,-21.956496,5.913055,100
97,328,-21.988640,5.951353,100
411,110,-2.955564,7.695502,100
412,109,-2.885122,7.689347,100
412,110,-2.917266,7.727646,100
412,111,-2.949410,7.765944,100
413,110,-2.878967,7.759790,100
357,175,-7.113034,8.449124,100
358,174,-7.042591,8.442970,100
496,334,-6.900444,19.006577,100
497,334,-6.862146,19.038721,100
498,334,-6.823847,19.070865,100
409,451,-13.993246,20.690966,100
410,450,-13.922804,20.684812,100
304,168,-8.917841,6.477407,100
457,261,-6.047574,14.957181,100
457,262,-6.079718,14.995479,100
458,261,-6.009275,14.989324,100
474,395,-9.703789,20.635612,100
475,395,-9.665491,20.667756,100
475,396,-9.697635,20.706055,100
296,164,-9.095652,6.067061,100
296,165,-9.127796,6.105360,100
185,476,-23.375685,14.448182,100
185,477,-23.407829,14.486481,100
186,476,-23.337386,14.480326,100
287,343,-15.194104,12.633178,100
447,332,-8.712778,17.354927,100
447,334,-8.777066,17.431524,100
448,333,-8.706623,17.425369,100
312,516,-19.797546,20.062399,100
312,518,-19.861834,20.138996,100
98,329,-21.982485,6.021795,100
406,445,-13.915277,20.364744,100
88,359,-23.329787,6.849308,100
89,358,-23.259345,6.843153,100
89,359,-23.291489,6.881452,100
89,360,-23.323633,6.919750,100
90,359,-23.253191,6.913596,100
196,341,-18.614970,9.631483,100
196,343,-18.679258,9.708079,100
197,342,-18.608815,9.701925,100
425,130,-3.062266,8.911485,100
317,224,-10.220023,9.039988,100
222,213,-13.504787,5.565031,100
222,214,-13.536931,5.603329,100
297,165,-9.089498,6.137504,100
297,166,-9.121642,6.175802,100
421,425,-12.697923,20.080935,100
422,425,-12.659624,20.113079,100
422,426,-12.691768,20.151377,100
99,374,-23.390664,7.777367,100
428,284,-7.897538,14.905869,100
386,467,-15.388412,20.564430,100
387,467,-15.350114,20.596574,100
193,337,-18.601289,9.381857,100
271,520,-21.496356,18.897691,100
336,502,-18.428370,20.297676,100
337,501,-18.357927,20.291522,100
204,203,-13.872718,4.603456,100
223,216,-13.562920,5.712070,100
429,136,-3.101936,9.269851,100
430,135,-3.031493,9.263696,100
430,136,-3.063637,9.301995,100
361,230,-8.727757,10.684112,100
362,231,-8.721603,10.754554,100
226,185,-12.451563,4.621252,100
227,185,-12.413264,4.653396,100
227,186,-12.445408,4.691694,100
228,185,-12.374966,4.685539,100
124,403,-23.365379,9.691619,100
125,402,-23.294936,9.685465,100
126,403,-23.288782,9.755907,100
387,139,-4.806900,8.034700,100
388,138,-4.736458,8.028546,100
388,139,-4.768602,8.066844,100
388,140,-4.800746,8.105143,100
389,139,-4.730303,8.098988,100
432,290,-7.937208,15.264235,100
433,290,-7.898909,15.296379,100
433,291,-7.931053,15.334678,100
434,290,-7.860611,15.328523,100
449,153,-2.882415,10.563802,100
440,149,-3.098525,10.121313,100
440,150,-3.130669,10.159612,100
441,149,-3.060226,10.153457,100
345,178,-7.669046,8.178292,100
346,177,-7.598604,8.172138,100
136,333,-20.655722,7.396459,100
382,474,-15.766613,20.703943,100
300,519,-20.353559,19.791567,100
300,520,-20.385703,19.829865,100
300,521,-20.417847,19.868164,100
301,520,-20.347405,19.862009,100
355,226,-8.828972,10.338054,100
355,228,-8.893260,10.414651,100
259,218,-12.248466,6.945849,100
260,217,-12.178024,6.939694,100
260,218,-12.210168,6.977993,100
260,219,-12.242312,7.016291,100
441,150,-3.092370,10.191756,100
156,391,-21.754103,10.260645,100
157,391,-21.715804,10.292788,100
157,392,-21.747948,10.331087,100
158,391,-21.677506,10.324932,100
391,114,-3.850108,7.205816,100
393,114,-3.773511,7.270104,100
374,470,-15.944425,20.293597,100
375,470,-15.906126,20.325741,100
495,351,-7.485190,19.625506,100
496,350,-7.414747,19.619351,100
496,351,-7.446891,19.657650,100
496,352,-7.479035,19.695948,100
497,351,-7.408593,19.689794,100
173,335,-19.302969,8.662382,100
173,336,-19.335113,8.700680,100
331,508,-18.812725,20.366747,100
332,507,-18.742283,20.360592,100
378,474,-15.919807,20.575367,100
378,476,-15.984095,20.651964,100
379,475,-15.913652,20.645809,100
71,323,-22.823678,4.924119,100
71,325,-22.887966,5.000715,100
394,119,-3.895932,7.493740,100
395,120,-3.889778,7.564183,100
396,119,-3.819336,7.558028,100
445,350,-9.367965,17.980010,100
430,221,-5.795873,12.557358,100
431,221,-5.757574,12.589502,100
431,222,-5.789718,12.627801,100
432,221,-5.719276,12.621646,100
431,186,-4.632536,11.249058,100
396,120,-3.851480,7.596326,100
396,121,-3.883624,7.634625,100
397,120,-3.813181,7.628470,100
347,493,-17.717792,20.306574,100
414,438,-13.383883,20.353807,100
304,347,-14.671607,13.332819,100
305,347,-14.633309,13.364963,100
305,348,-14.665453,13.403261,100
245,215,-12.688212,6.380938,100
370,476,-16.290482,20.394812,100
371,476,-16.252183,20.426956,100
196,211,-14.436257,4.652691,100
444,317,-8.345514,16.684019,100
164,452,-23.408496,12.853998,100
165,453,-23.402342,12.924440,100
166,452,-23.331899,12.918286,100
493,362,-7.915370,19.982500,100
495,362,-7.838773,20.046788,100
244,515,-22.369693,17.838312,100
244,517,-22.433981,17.914909,100
245,516,-22.363539,17.908755,100
326,178,-8.396716,7.567557,100
395,92,-2.989748,6.491828,100
396,91,-2.919305,6.485673,100
397,92,-2.913151,6.556115,100
393,86,-2.873481,6.197749,100
394,87,-2.867326,6.268192,100
109,327,-21.496915,6.298782,100
417,443,-13.429707,20.641730,100
417,445,-13.493995,20.718327,100
418,444,-13.423553,20.712173,100
152,334,-20.075092,7.949060,100
153,334,-20.036793,7.981204,100
153,335,-20.068937,8.019503,100
166,453,-23.364043,12.956584,100
166,454,-23.396187,12.994883,100
167,453,-23.325745,12.988728,100
282,218,-11.367603,7.685159,100
283,219,-11.361448,7.755602,100
234,180,-11.984456,4.686911,100
235,179,-11.914014,4.680757,100
306,348,-14.627154,13.435405,100
70,335,-23.247704,5.351555,100
70,337,-23.311992,5.428152,100
71,336,-23.241549,5.421998,100
278,515,-21.067548,18.931206,100
432,198,-4.979965,11.740783,100
391,127,-4.267979,7.703696,100
392,128,-4.261825,7.774138,100
393,127,-4.191382,7.767983,100
247,342,-16.693896,11.309122,100
248,342,-16.655597,11.341266,100
248,343,-16.687741,11.379565,100
283,221,-11.425736,7.832199,100
195,337,-18.524692,9.446145,100
146,330,-20.176306,7.603003,100
146,332,-20.240594,7.679600,100
456,412,-10.939608,20.708094,100
191,481,-23.306614,14.832538,100
191,483,-23.370902,14.909135,100
192,482,-23.300460,14.902980,100
421,269,-7.683467,14.106386,100
422,270,-7.677313,14.176828,100
406,106,-3.018480,7.381588,100
407,107,-3.012326,7.452031,100
408,106,-2.941884,7.445876,100
445,363,-9.785837,18.477889,100
225,216,-13.486323,5.776358,100
378,79,-3.222949,5.447501,100
378,80,-3.255093,5.485800,100
379,79,-3.184651,5.479645,100
290,160,-9.196867,5.721004,100
291,159,-9.126425,5.714850,100
291,160,-9.158569,5.753148,100
291,161,-9.190713,5.791446,100
292,160,-9.120270,5.785292,100
290,343,-15.079209,12.729610,100
315,518,-19.746939,20.235428,100
310,173,-8.848770,6.861762,100
310,174,-8.880914,6.900061,100
422,272,-7.741601,14.253425,100
423,271,-7.671158,14.247270,100
375,158,-5.877216,8.376643,100
375,159,-5.909360,8.414941,100
376,159,-5.871061,8.447085,100
320,224,-10.105128,9.136420,100
452,258,-6.142634,14.681566,100
453,259,-6.136479,14.752008,100
292,161,-9.152414,5.823590,100
292,162,-9.184558,5.861889,100
293,161,-9.114116,5.855734,100
490,370,-8.287417,20.192456,100
491,370,-8.249118,20.224600,100
491,371,-8.281262,20.262898,100
492,370,-8.210820,20.256743,100
456,413,-10.971752,20.746392,100
429,211,-5.512731,12.142230,100
431,211,-5.436135,12.206518,100
84,356,-23.386549,6.605837,100
85,356,-23.348251,6.637981,100
85,357,-23.380395,6.676279,100
86,356,-23.309952,6.670125,100
159,426,-22.764246,11.697520,100
88,326,-22.269037,5.585461,100
89,325,-22.198595,5.579306,100
89,326,-22.230739,5.617605,100
89,327,-22.262883,5.655903,100
90,326,-22.192440,5.649749,100
373,235,-8.428896,11.261331,100
432,136,-2.987041,9.366283,100
433,135,-2.916598,9.360128,100
433,136,-2.948742,9.398427,100
433,137,-2.980886,9.436725,100
434,136,-2.910444,9.430571,100
365,231,-8.606708,10.850986,100
421,426,-12.730067,20.119233,100
421,427,-12.762211,20.157532,100
422,427,-12.723912,20.189676,100
279,342,-15.468347,12.337728,100
488,302,-6.178225,17.523877,100
394,109,-3.574493,7.110756,100
396,109,-3.497896,7.175044,100
251,511,-21.973029,17.910126,100
445,376,-10.203708,18.975768,100
446,375,-10.133266,18.969614,100
445,340,-9.046526,17.597026,100
366,232,-8.600553,10.921428,100
492,308,-6.217895,17.882243,100
493,307,-6.147453,17.876089,100
377,468,-15.765242,20.313432,100
440,301,-7.984404,15.942669,100
203,204,-13.943161,4.609610,100
204,204,-13.904862,4.641754,100
269,148,-9.615406,4.586401,100
269,149,-9.647550,4.624699,100
270,149,-9.609252,4.656843,100
434,181,-4.356921,11.153998,100
435,180,-4.286479,11.147844,100
435,181,-4.318623,11.186142,100
435,182,-4.350767,11.224441,100
436,181,-4.280324,11.218286,100
493,308,-6.179597,17.914387,100
494,308,-6.141298,17.946531,100
423,437,-13.007053,20.604804,100
424,437,-12.968755,20.636948,100
424,438,-13.000899,20.675246,100
271,345,-15.871166,12.195472,100
127,329,-20.871832,6.953970,100
128,330,-20.865677,7.024412,100
74,323,-22.708783,5.020550,100
327,503,-18.805199,20.046679,100
327,504,-18.837343,20.084977,100
145,429,-23.396855,11.362400,100
146,430,-23.390701,11.432842,100
147,429,-23.320258,11.426688,100
164,442,-23.087057,12.471014,100
165,443,-23.080902,12.541457,100
166,442,-23.010460,12.535302,100
240,172,-11.497514,4.573388,100
241,172,-11.459216,4.605532,100
241,173,-11.491360,4.643830,100
496,317,-6.353997,18.355504,100
417,435,-13.172556,20.335343,100
418,434,-13.102113,20.329189,100
168,366,-20.490923,9.688912,100
168,367,-20.523067,9.727210,100
169,367,-20.484769,9.759354,100
247,516,-22.286942,17.973043,100
247,518,-22.351230,18.049639,100
308,348,-14.550557,13.499693,100
242,173,-11.453061,4.675974,100
242,174,-11.485205,4.714272,100
265,155,-9.993607,4.725914,100
265,156,-10.025751,4.764212,100
266,156,-9.987453,4.796356,100
162,374,-20.977865,9.802436,100
163,373,-20.907423,9.796281,100
164,374,-20.901269,9.866723,100
289,512,-20.549834,19.169895,100
289,513,-20.581978,19.208193,100
290,513,-20.543679,19.240337,100
183,351,-19.434288,9.596595,100
391,117,-3.946540,7.320712,100
392,117,-3.908241,7.352856,100
392,118,-3.940385,7.391154,100
393,117,-3.869943,7.384999,100
147,430,-23.352402,11.464986,100
148,429,-23.281960,11.458832,100
430,188,-4.735122,11.293511,100
431,187,-4.664680,11.287357,100
431,188,-4.696824,11.325655,100
431,189,-4.728968,11.363954,100
463,406,-10.478655,20.703311,100
463,407,-10.510799,20.741610,100
329,178,-8.281821,7.663989,100
191,471,-22.985175,14.449554,100
191,473,-23.049462,14.526151,100
192,472,-22.979020,14.519996,100
346,496,-17.852522,20.389325,100
347,495,-17.782080,20.383171,100
112,327,-21.382020,6.395214,100
441,238,-5.921037,13.562014,100
387,83,-3.006839,5.889990,100
388,84,-3.000685,5.960433,100
412,441,-13.556911,20.404414,100
445,353,-9.464397,18.094905,100
155,334,-19.960196,8.045492,100
156,335,-19.954042,8.115935,100
365,64,-3.238669,4.455154,100
366,64,-3.200371,4.487298,100
389,85,-2.994530,6.030875,100
459,407,-10.663993,20.613034,100
459,409,-10.728281,20.689631,100
209,341,-18.117091,10.049354,100
210,340,-18.046648,10.043199,100
210,341,-18.078792,10.081498,100
210,342,-18.110936,10.119796,100
211,341,-18.040494,10.113642,100
313,175,-8.798163,7.034791,100
149,330,-20.061411,7.699435,100
149,332,-20.125699,7.776032,100
315,508,-19.425500,19.852444,100
316,507,-19.355057,19.846289,100
438,170,-3.850144,10.861292,100
155,412,-22.467424,11.032767,100
156,411,-22.396982,11.026612,100
430,200,-5.120850,11.753092,100
430,202,-5.185138,11.829689,100
431,201,-5.114695,11.823534,100
66,333,-23.336609,5.146383,100
66,334,-23.368753,5.184681,100
67,333,-23.298311,5.178527,100
369,70,-3.278339,4.813520,100
370,69,-3.207897,4.807366,100
370,70,-3.240041,4.845664,100
440,394,-10.973791,19.504420,100
441,394,-10.935493,19.536564,100
380,79,-3.146352,5.511789,100
381,78,-3.075910,5.505635,100
381,79,-3.108054,5.543933,100
381,80,-3.140198,5.582232,100
382,79,-3.069755,5.576077,100
414,112,-2.904957,7.868530,100
414,113,-2.937101,7.906829,100
415,113,-2.898802,7.938973,100
269,511,-21.283658,18.488717,100
269,513,-21.347946,18.565314,100
270,512,-21.277503,18.559160,100
458,264,-6.105707,15.104220,100
459,263,-6.035265,15.098065,100
459,264,-6.067409,15.136364,100
459,265,-6.099553,15.174662,100
460,264,-6.029110,15.168508,100
150,333,-20.119544,7.846474,100
444,329,-8.731241,17.143600,100
210,196,-13.417920,4.528231,100
210,197,-13.450064,4.566529,100
211,197,-13.411766,4.598673,100
378,155,-5.665889,8.358179,100
379,154,-5.595446,8.352025,100
379,155,-5.627590,8.390323,100
379,156,-5.659734,8.428622,100
380,155,-5.589292,8.422467,100
390,129,-4.370565,7.748148,100
391,128,-4.300123,7.741994,100
391,129,-4.332267,7.780292,100
391,130,-4.364411,7.818591,100
392,129,-4.293969,7.812436,100
186,479,-23.433818,14.595221,100
187,479,-23.395520,14.627365,100
187,480,-23.427664,14.665664,100
416,267,-7.810671,13.869069,100
417,268,-7.804517,13.939512,100
418,267,-7.734075,13.933357,100
323,224,-9.990232,9.232851,100
477,281,-5.924485,16.366027,100
276,147,-9.315173,4.773110,100
276,149,-9.379461,4.849707,100
92,326,-22.115844,5.714037,100
92,328,-22.180132,5.790633,100
364,485,-16.809568,20.546634,100
365,485,-16.771269,20.578778,100
365,486,-16.803413,20.617076,100
444,365,-9.888423,18.522342,100
445,364,-9.817981,18.516188,100
445,365,-9.850125,18.554486,100
446,365,-9.811826,18.586630,100
446,331,-8.718932,17.284485,100
447,330,-8.648490,17.278330,100
298,166,-9.083344,6.207946,100
298,167,-9.115487,6.246244,100
423,426,-12.653470,20.183521,100
423,427,-12.685614,20.221820,100
418,269,-7.798363,14.009954,100
187,334,-18.734648,9.074098,100
187,336,-18.798936,9.150695,100
198,343,-18.602661,9.772367,100
198,344,-18.634805,9.810666,100
199,344,-18.596507,9.842810,100
387,96,-3.424710,6.387870,100
388,95,-3.354268,6.381715,100
388,96,-3.386412,6.420013,100
388,97,-3.418556,6.458312,100
431,431,-12.507802,20.632165,100
432,431,-12.469504,20.664309,100
432,432,-12.501648,20.702607,100
304,510,-19.911070,19.575457,100
266,220,-12.044665,7.247453,100
217,213,-13.696279,5.404311,100
217,215,-13.760567,5.480908,100
271,150,-9.603097,4.727285,100
272,150,-9.564799,4.759429,100
272,151,-9.596943,4.797728,100
273,150,-9.526500,4.791573,100
102,377,-23.372201,7.988694,100
103,376,-23.301759,7.982540,100
432,286,-7.808632,15.111042,100
490,371,-8.319561,20.230754,100
490,372,-8.351704,20.269052,100
491,372,-8.313406,20.301196,100
299,168,-9.109333,6.316687,100
282,342,-15.353452,12.434160,100
282,344,-15.417740,12.510757,100
283,343,-15.347298,12.504603,100
381,464,-15.483472,20.288815,100
381,465,-15.515616,20.327113,100
382,465,-15.477318,20.359257,100
154,388,-21.734268,10.081461,100
156,388,-21.657671,10.145749,100
254,509,-21.793846,17.929961,100
440,147,-3.034237,10.044717,100
450,156,-2.940548,10.710842,100
450,157,-2.972692,10.749140,100
451,156,-2.902250,10.742986,100
312,221,-10.315083,8.764373,100
312,223,-10.379371,8.840970,100
224,337,-17.414039,10.378319,100
224,339,-17.478327,10.454916,100
225,338,-17.407885,10.448762,100
429,214,-5.609163,12.257126,100
430,214,-5.570865,12.289270,100
127,404,-23.282627,9.826349,100
128,405,-23.276473,9.896792,100
390,106,-3.631255,6.867285,100
391,107,-3.625100,6.937728,100
392,106,-3.554658,6.931573,100
451,157,-2.934394,10.781284,100
451,158,-2.966538,10.819582,100
452,157,-2.896095,10.813428,100
257,521,-22.064678,18.485974,100
437,303,-8.163587,15.922834,100
438,304,-8.157433,15.993277,100
128,407,-23.340761,9.973388,100
129,406,-23.270319,9.967234,100
244,173,-11.376464,4.740262,100
394,112,-3.670925,7.225651,100
395,112,-3.632626,7.257795,100
396,112,-3.594328,7.289939,100
320,346,-14.026689,13.808824,100
320,348,-14.090977,13.885420,100
321,347,-14.020534,13.879266,100
292,515,-20.531370,19.381222,100
357,495,-17.399096,20.704610,100
358,494,-17.328654,20.698456,100
431,408,-11.768492,19.751302,100
432,408,-11.730193,19.783446,100
433,225,-5.809553,12.806984,100
434,224,-5.739111,12.800829,100
439,305,-8.151278,16.063719,100
422,439,-13.109639,20.649257,100
423,438,-13.039197,20.643102,100
423,439,-13.071341,20.681400,100
423,440,-13.103485,20.719699,100
424,439,-13.033043,20.713544,100
330,176,-8.179234,7.619536,100
331,175,-8.108792,7.613382,100
384,147,-5.178947,8.244656,100
385,148,-5.172792,8.315098,100
386,147,-5.102350,8.308944,100
261,342,-16.157718,11.759137,100
262,341,-16.087276,11.752983,100
372,478,-16.278173,20.535697,100
372,479,-16.310317,20.573995,100
263,344,-16.145409,11.900022,100
332,178,-8.166925,7.760421,100
155,401,-22.113841,10.611485,100
155,402,-22.145985,10.649783,100
156,401,-22.075542,10.643628,100
395,463,-14.915151,20.700531,100
435,234,-6.022252,13.215957,100
436,235,-6.016097,13.286399,100
494,320,-6.527026,18.406112,100
495,320,-6.488727,18.438256,100
334,222,-9.504662,9.509838,100
335,223,-9.498508,9.580280,100
165,449,-23.273766,12.771247,100
322,513,-19.318131,20.268943,100
322,515,-19.382419,20.345540,100
358,170,-6.914016,8.289776,100
387,459,-15.092962,20.290186,100
388,459,-15.054664,20.322330,100
388,460,-15.086808,20.360629,100
437,235,-5.977799,13.318543,100
300,347,-14.824801,13.204243,100
482,387,-9.140251,20.586377,100
247,339,-16.597464,11.194227,100
247,341,-16.661752,11.270824,100
272,512,-21.200906,18.623448,100
439,240,-6.061922,13.574323,100
440,239,-5.991480,13.568169,100
440,240,-6.023624,13.606467,100
167,455,-23.390033,13.065325,100
168,454,-23.319591,13.059171,100
168,455,-23.351735,13.097469,100
314,508,-19.463798,19.820300,100
314,509,-19.495942,19.858598,100
315,509,-19.457644,19.890742,100
152,412,-22.582319,10.936335,100
154,412,-22.505722,11.000623,100
173,355,-19.945848,9.428349,100
174,354,-19.875406,9.422195,100
461,264,-5.990812,15.200651,100
408,109,-3.038315,7.560771,100
410,109,-2.961719,7.625059,100
83,354,-23.360560,6.497096,100
84,353,-23.290117,6.490942,100
383,465,-15.439019,20.391401,100
383,466,-15.471163,20.429699,100
406,103,-2.922049,7.266693,100
437,172,-3.952731,10.905745,100
438,172,-3.914432,10.937889,100
95,326,-22.000948,5.810468,100
95,328,-22.065236,5.887065,100
389,95,-3.315970,6.413859,100
391,95,-3.239373,6.478147,100
273,512,-21.162608,18.655592,100
476,284,-6.059215,16.448779,100
476,285,-6.091359,16.487077,100
477,284,-6.020917,16.480922,100
293,162,-9.146260,5.894033,100
293,163,-9.178404,5.932331,100
294,162,-9.107961,5.926177,100
84,355,-23.354405,6.567538,100
242,341,-16.853244,11.110104,100
243,340,-16.782801,11.103950,100
243,341,-16.814945,11.142248,100
243,342,-16.847089,11.180546,100
244,341,-16.776647,11.174392,100
190,334,-18.619753,9.170530,100
190,336,-18.684041,9.247127,100
430,434,-12.642533,20.714916,100
431,433,-12.572090,20.708762,100
107,382,-23.341429,8.340906,100
108,381,-23.270986,8.334751,100
109,382,-23.264832,8.405194,100
496,343,-7.189740,19.351263,100
498,343,-7.113143,19.415551,100
341,503,-18.269022,20.496694,100
341,505,-18.333310,20.573291,100
377,161,-5.897051,8.555826,100
360,482,-16.866329,20.303163,100
361,482,-16.828031,20.335307,100
428,208,-5.454598,11.995191,100
220,213,-13.581384,5.500743,100
294,164,-9.172249,6.002774,100
156,423,-22.782709,11.486193,100
444,332,-8.827673,17.258495,100
445,332,-8.789374,17.290639,100
257,509,-21.678950,18.026393,100
257,510,-21.711094,18.064692,100
109,384,-23.329120,8.481790,100
110,383,-23.258677,8.475636,100
347,174,-7.463874,8.089386,100
347,176,-7.528162,8.165983,100
423,129,-3.106718,8.808899,100
424,128,-3.036276,8.802744,100
424,129,-3.068420,8.841042,100
424,130,-3.100564,8.879341,100
425,129,-3.030122,8.873186,100
333,501,-18.511121,20.162946,100
334,502,-18.504967,20.233388,100
315,221,-10.200188,8.860805,100
226,338,-17.369586,10.480906,100
227,337,-17.299144,10.474751,100
227,338,-17.331288,10.513050,100
227,339,-17.363432,10.551348,100
228,338,-17.292989,10.545194,100
194,208,-14.416422,4.473508,100
195,207,-14.345980,4.467354,100
434,138,-2.974732,9.507167,100
435,137,-2.904289,9.501013,100
435,138,-2.936433,9.539311,100
433,179,-4.330932,11.045258,100
434,179,-4.292633,11.077402,100
434,180,-4.324777,11.115700,100
224,185,-12.528160,4.556964,100
225,184,-12.457717,4.550809,100
225,185,-12.489861,4.589108,100
225,186,-12.522005,4.627406,100
393,106,-3.516360,6.963717,100
395,106,-3.439763,7.028005,100
443,372,-10.151729,18.758287,100
444,371,-10.081287,18.752133,100
356,488,-17.212387,20.404378,100
281,346,-15.520326,12.555210,100
282,345,-15.449884,12.549055,100
435,403,-11.454578,19.688386,100
436,403,-11.416280,19.720530,100
153,390,-21.836854,10.125914,100
154,390,-21.798556,10.158058,100
154,391,-21.830700,10.196357,100
401,455,-14.428209,20.587008,100
491,305,-6.159762,17.735204,100
492,304,-6.089319,17.729049,100
343,178,-7.745643,8.114004,100
448,158,-3.081433,10.723151,100
449,157,-3.010991,10.716996,100
450,158,-3.004836,10.787438,100
379,473,-15.849364,20.569212,100
380,474,-15.843210,20.639655,100
360,230,-8.766056,10.651968,100
445,418,-11.553754,20.584301,100
446,417,-11.483311,20.578147,100
258,217,-12.254620,6.875406,100
258,219,-12.318908,6.952003,100
169,334,-19.424019,8.495507,100
170,335,-19.417864,8.565950,100
469,401,-10.088145,20.704683,100
246,510,-22.132377,17.711108,100
247,509,-22.061934,17.704954,100
353,225,-8.873425,10.235468,100
265,341,-15.972381,11.849415,100
171,335,-19.379566,8.598094,100
171,336,-19.411710,8.636392,100
486,382,-8.826337,20.523461,100
190,349,-19.101912,9.745006,100
248,519,-22.345075,18.120082,100
395,453,-14.593711,20.317548,100
396,453,-14.555413,20.349691,100
396,454,-14.587557,20.387990,100
295,222,-10.998300,8.256224,100
296,221,-10.927857,8.250070,100
376,65,-2.849531,4.847036,100
376,66,-2.881674,4.885334,100
377,66,-2.843376,4.917478,100
299,519,-20.391857,19.759423,100
299,521,-20.456145,19.836020,100
335,178,-8.052030,7.856853,100
448,355,-9.413790,18.267934,100
266,344,-16.030514,11.996454,100
430,410,-11.871078,19.795755,100
431,409,-11.800636,19.789600,100
431,410,-11.832780,19.827899,100
148,432,-23.378392,11.573727,100
149,431,-23.307949,11.567573,100
149,432,-23.340093,11.605871,100
445,165,-3.421336,10.894807,100
241,514,-22.452444,17.703582,100
242,515,-22.446290,17.774025,100
264,153,-9.967618,4.617173,100
161,371,-20.919732,9.655396,100
152,402,-22.260880,10.553351,100
153,403,-22.254725,10.623793,100
154,402,-22.184283,10.617639,100
443,241,-5.940872,13.741197,100
443,242,-5.973016,13.779496,100
444,241,-5.902574,13.773341,100
367,476,-16.405377,20.298380,100
368,476,-16.367079,20.330524,100
368,67,-3.220206,4.666481,100
259,160,-10.384117,4.724542,100
242,517,-22.510578,17.850621,100
379,76,-3.088219,5.364750,100
379,77,-3.120363,5.403049,100
380,76,-3.049920,5.396894,100
275,512,-21.086011,18.719879,100
390,86,-2.988376,6.101317,100
391,85,-2.917933,6.095163,100
286,523,-21.018312,19.494745,100
65,329,-23.246332,4.961045,100
280,218,-11.444200,7.620872,100
492,363,-7.985812,19.988655,100
493,364,-7.979658,20.059097,100
438,428,-12.143282,20.742277,100
439,427,-12.072839,20.736123,100
438,392,-10.986100,19.363535,100
439,391,-10.915657,19.357381,100
439,393,-10.979945,19.433977,100
304,348,-14.703751,13.371117,100
380,77,-3.082064,5.435192,100
380,78,-3.114208,5.473491,100
381,77,-3.043766,5.467336,100
276,515,-21.144145,18.866919,100
496,333,-6.868300,18.968279,100
498,333,-6.791703,19.032567,100
391,86,-2.950077,6.133461,100
382,82,-3.166187,5.690972,100
383,81,-3.095745,5.684818,100
383,82,-3.127889,5.723116,100
481,388,-9.210693,20.592531,100
482,388,-9.172395,20.624675,100
428,198,-5.133159,11.612207,100
429,198,-5.094860,11.644351,100
429,199,-5.127004,11.682650,100
426,417,-12.249279,19.935268,100
427,417,-12.210981,19.967412,100
246,343,-16.764338,11.315277,100
447,331,-8.680634,17.316629,100
448,332,-8.674479,17.387071,100
98,326,-21.886053,5.906900,100
67,335,-23.362599,5.255124,100
68,334,-23.292157,5.248969,100
68,335,-23.324301,5.287267,100
415,115,-2.963090,8.015569,100
416,114,-2.892648,8.009415,100
416,115,-2.924792,8.047713,100
173,357,-20.010136,9.504946,100
186,475,-23.305242,14.442028,100
359,483,-16.936772,20.309317,100
359,484,-16.968916,20.347616,100
360,484,-16.930617,20.379760,100
193,334,-18.504857,9.266962,100
313,518,-19.823536,20.171140,100
460,266,-6.093398,15.245104,100
461,265,-6.022956,15.238950,100
461,266,-6.055100,15.277248,100
461,267,-6.087244,15.315547,100
462,266,-6.016801,15.309392,100
381,156,-5.583137,8.492909,100
381,157,-5.615281,8.531208,100
382,157,-5.576983,8.563352,100
188,481,-23.421509,14.736106,100
189,481,-23.383211,14.768250,100
385,92,-3.372731,6.170388,100
386,93,-3.366577,6.240830,100
387,92,-3.296135,6.234676,100
318,224,-10.181724,9.072132,100
223,213,-13.466488,5.597175,100
152,415,-22.678751,11.051230,100
153,415,-22.640453,11.083374,100
430,134,-2.999349,9.225398,100
431,135,-2.993195,9.295840,100
432,289,-7.905064,15.225937,100
434,289,-7.828467,15.290225,100
197,340,-18.544528,9.625328,100
387,93,-3.328279,6.272974,100
387,94,-3.360423,6.311273,100
388,93,-3.289980,6.305118,100
427,129,-2.953525,8.937474,100
402,446,-14.100615,20.274466,100
403,446,-14.062317,20.306610,100
87,325,-22.275192,5.515018,100
87,327,-22.339480,5.591615,100
340,507,-18.435896,20.617744,100
341,506,-18.365454,20.611589,100
363,231,-8.683304,10.786698,100
437,179,-4.177738,11.173833,100
437,180,-4.209882,11.212132,100
438,179,-4.139440,11.205977,100
259,217,-12.216322,6.907550,100
260,216,-12.145880,6.901396,100
261,217,-12.139725,6.971838,100
104,380,-23.392036,8.167877,100
105,381,-23.385881,8.238319,100
434,291,-7.892755,15.366822,100
435,290,-7.822313,15.360667,100
346,178,-7.630748,8.210436,100
347,177,-7.560306,8.204282,100
156,390,-21.721959,10.222346,100
158,390,-21.645362,10.286634,100
231,338,-17.178094,10.641625,100
231,340,-17.242382,10.718222,100
256,513,-21.845825,18.147443,100
182,333,-18.893996,8.875080,100
247,508,-22.029790,17.666655,100
248,507,-21.959348,17.660501,100
248,508,-21.991492,17.698799,100
248,509,-22.023636,17.737098,100
249,508,-21.953194,17.730943,100
496,346,-7.286172,19.466158,100
497,346,-7.247873,19.498302,100
498,346,-7.209575,19.530446,100
301,519,-20.315261,19.823711,100
301,521,-20.379548,19.900308,100
201,204,-14.019758,4.545322,100
261,219,-12.204013,7.048435,100
495,350,-7.453046,19.587207,100
448,345,-9.092350,17.884950,100
434,410,-11.717884,19.924330,100
129,409,-23.366750,10.082129,100
130,408,-23.296308,10.075975,100
130,409,-23.328452,10.114273,100
130,410,-23.360596,10.152571,100
131,409,-23.290154,10.146417,100
398,453,-14.478816,20.413979,100
224,186,-12.560304,4.595262,100
225,187,-12.554149,4.665704,100
432,181,-4.433518,11.089710,100
433,180,-4.363076,11.083556,100
433,181,-4.395220,11.121854,100
433,182,-4.427364,11.160153,100
444,155,-3.138195,10.479680,100
445,155,-3.099896,10.511824,100
202,213,-14.270755,4.922152,100
203,214,-14.264600,4.992594,100
430,220,-5.763729,12.519060,100
226,341,-17.466018,10.595801,100
227,340,-17.395576,10.589647,100
227,341,-17.427720,10.627945,100
227,342,-17.459864,10.666243,100
268,341,-15.857486,11.945847,100
436,300,-8.105454,15.775795,100
165,366,-20.605819,9.592480,100
379,474,-15.881508,20.607511,100
379,476,-15.945796,20.684107,100
380,475,-15.875354,20.677953,100
440,306,-8.145124,16.134161,100
441,305,-8.074681,16.128007,100
324,504,-18.952238,19.988546,100
325,503,-18.881796,19.982391,100
325,504,-18.913940,20.020690,100
297,221,-10.889559,8.282214,100
298,220,-10.819117,8.276059,100
298,221,-10.851260,8.314358,100
298,222,-10.883404,8.352656,100
302,521,-20.341250,19.932452,100
371,63,-2.976735,4.609719,100
372,62,-2.906292,4.603565,100
262,156,-10.140646,4.667780,100
441,306,-8.106825,16.166305,100
441,307,-8.138969,16.204604,100
442,306,-8.068527,16.198449,100
252,520,-22.224026,18.286956,100
326,175,-8.300284,7.452662,100
430,412,-11.935366,19.872351,100
364,167,-6.587794,8.367745,100
365,166,-6.517351,8.361590,100
365,167,-6.549495,8.399889,100
365,168,-6.581639,8.438187,100
366,167,-6.511197,8.432033,100
437,237,-6.042087,13.395140,100
438,238,-6.035932,13.465583,100
443,387,-10.633888,19.332763,100
287,512,-20.626430,19.105607,100
287,513,-20.658574,19.143905,100
430,417,-12.096086,20.063843,100
167,452,-23.293601,12.950430,100
289,523,-20.903417,19.591177,100
439,238,-5.997634,13.497726,100
439,239,-6.029778,13.536025,100
160,373,-21.022318,9.699849,100
161,373,-20.984020,9.731993,100
161,374,-21.016164,9.770292,100
336,226,-9.556641,9.727320,100
397,91,-2.881007,6.517817,100
398,92,-2.874852,6.588259,100
167,454,-23.357889,13.027027,100
168,453,-23.287447,13.020872,100
283,218,-11.329305,7.717303,100
441,243,-6.081757,13.753506,100
442,242,-6.011315,13.747352,100
442,243,-6.043459,13.785650,100
169,458,-23.409868,13.244508,100
170,457,-23.339426,13.238354,100
170,458,-23.371570,13.276652,100
445,362,-9.753693,18.439591,100
208,340,-18.123245,9.978912,100
208,341,-18.155389,10.017210,100
249,343,-16.649443,11.411708,100
59,326,-23.379691,4.653286,100
60,326,-23.341392,4.685430,100
426,419,-12.313567,20.011864,100
177,352,-19.696223,9.442030,100
177,353,-19.728367,9.480328,100
178,353,-19.690068,9.512472,100
491,365,-8.088398,20.033108,100
492,364,-8.017956,20.026953,100
492,365,-8.050100,20.065251,100
437,394,-11.088686,19.407988,100
438,393,-11.018244,19.401834,100
438,394,-11.050388,19.440132,100
226,214,-13.383737,5.731905,100
226,216,-13.448025,5.808502,100
311,174,-8.842616,6.932204,100
490,369,-8.255273,20.154157,100
267,511,-21.360254,18.424430,100
180,472,-23.438601,14.134269,100
302,169,-9.026582,6.451417,100
303,169,-8.988283,6.483561,100
303,170,-9.020427,6.521859,100
321,224,-10.066829,9.168564,100
156,415,-22.525557,11.179806,100
156,416,-22.557701,11.218104,100
157,415,-22.487259,11.211950,100
184,333,-18.817399,8.939368,100
184,334,-18.849543,8.977667,100
185,334,-18.811245,9.009810,100
477,286,-6.085204,16.557519,100
478,285,-6.014762,16.551365,100
478,286,-6.046906,16.589663,100
478,287,-6.079050,16.627962,100
479,286,-6.008608,16.621807,100
442,165,-3.536231,10.798376,100
443,164,-3.465789,10.792221,100
443,165,-3.497933,10.830520,100
456,263,-6.150160,15.001633,100
457,263,-6.111862,15.033777,100
457,264,-6.144005,15.072076,100
458,263,-6.073563,15.065921,100
304,171,-9.014273,6.592302,100
86,355,-23.277808,6.631826,100
448,335,-8.770911,17.501966,100
385,468,-15.458854,20.570584,100
386,468,-15.420556,20.602728,100
386,469,-15.452700,20.641026,100
348,177,-7.522007,8.236426,100
90,325,-22.160296,5.611450,100
270,523,-21.631087,18.980442,100
446,374,-10.101122,18.931316,100
479,287,-6.040752,16.660106,100
479,288,-6.072895,16.698404,100
480,287,-6.002453,16.692249,100
366,229,-8.504121,10.806533,100
425,132,-3.126553,8.988082,100
426,133,-3.120399,9.058524,100
391,139,-4.653706,8.163276,100
392,139,-4.615408,8.195420,100
392,140,-4.647552,8.233719,100
422,428,-12.756056,20.227974,100
280,342,-15.430049,12.369872,100
358,491,-17.232222,20.583561,100
264,217,-12.024830,7.068270,100
264,219,-12.089118,7.144867,100
270,148,-9.577108,4.618545,100
270,150,-9.641395,4.695141,100
271,149,-9.570953,4.688987,100
188,344,-19.017789,9.489226,100
388,141,-4.832890,8.143441,100
389,141,-4.794591,8.175585,100
252,508,-21.838298,17.827375,100
432,292,-8.001496,15.340832,100
433,292,-7.963197,15.372976,100
425,438,-12.962600,20.707390,100
418,433,-13.069969,20.290890,100
128,329,-20.833533,6.986114,100
328,505,-18.831189,20.155420,100
374,471,-15.976569,20.331896,100
166,443,-23.042604,12.573600,100
167,442,-22.972162,12.567446,100
331,509,-18.844869,20.405045,100
367,168,-6.505042,8.502475,100
368,167,-6.434600,8.496321,100
368,169,-6.498888,8.572917,100
430,187,-4.702978,11.255213,100
391,116,-3.914396,7.282413,100
393,116,-3.837799,7.346701,100
375,472,-15.970414,20.402338,100
375,473,-16.002558,20.440637,100
421,438,-13.115794,20.578814,100
421,439,-13.147938,20.617113,100
167,443,-23.004306,12.605744,100
168,443,-22.966007,12.637888,100
495,353,-7.549478,19.702103,100
496,353,-7.511179,19.734247,100
496,354,-7.543323,19.772545,100
497,353,-7.472881,19.766390,100
302,223,-10.762355,8.519530,100
329,175,-8.185389,7.549094,100
165,332,-19.512925,8.290335,100
165,334,-19.577212,8.366932,100
166,333,-19.506770,8.360777,100
191,470,-22.953031,14.411256,100
192,471,-22.946876,14.481698,100
394,121,-3.960220,7.570337,100
395,121,-3.921922,7.602481,100
395,122,-3.954066,7.640779,100
170,447,-23.017986,12.855370,100
324,505,-18.984382,20.026844,100
325,506,-18.978228,20.097286,100
445,352,-9.432253,18.056607,100
383,148,-5.249389,8.250810,100
384,148,-5.211091,8.282954,100
384,149,-5.243235,8.321253,100
330,178,-8.243522,7.696133,100
259,341,-16.202171,11.656551,100
260,340,-16.131729,11.650397,100
260,341,-16.163873,11.688695,100
260,342,-16.196017,11.726993,100
261,341,-16.125574,11.720839,100
396,122,-3.915767,7.672923,100
396,123,-3.947911,7.711222,100
397,122,-3.877469,7.705067,100
151,434,-23.327784,11.746756,100
347,496,-17.814224,20.421469,100
393,461,-14.927460,20.559647,100
164,373,-20.869125,9.828425,100
339,226,-9.441746,9.823751,100
444,243,-5.966862,13.849938,100
445,242,-5.896419,13.843784,100
445,243,-5.928563,13.882082,100
445,244,-5.960707,13.920381,100
446,243,-5.890265,13.914226,100
108,330,-21.631645,6.381533,100
442,319,-8.486398,16.696328,100
443,320,-8.480244,16.766771,100
429,419,-12.198672,20.108296,100
371,69,-3.169598,4.839510,100
441,393,-10.903349,19.498265,100
460,407,-10.625694,20.645178,100
460,409,-10.689982,20.721775,100
382,78,-3.037611,5.537779,100
211,340,-18.008350,10.075343,100
211,342,-18.072638,10.151940,100
252,343,-16.534548,11.508140,100
236,514,-22.643936,17.542862,100
236,515,-22.676080,17.581161,100
237,514,-22.605638,17.575006,100
203,336,-18.186161,9.664998,100
203,338,-18.250449,9.741595,100
343,496,-17.967417,20.292893,100
446,244,-5.922409,13.952524,100
150,330,-20.023113,7.731579,100
409,441,-13.671806,20.307982,100
410,442,-13.665652,20.378424,100
160,374,-21.054462,9.738148,100
160,375,-21.086606,9.776446,100
161,375,-21.048308,9.808590,100
67,332,-23.266167,5.140228,100
67,334,-23.330455,5.216825,100
68,333,-23.260013,5.210671,100
312,508,-19.540395,19.756012,100
312,509,-19.572539,19.794310,100
402,102,-3.043098,7.099819,100
69,338,-23.382434,5.434307,100
70,338,-23.344136,5.466451,100
298,344,-14.804966,13.025060,100
298,345,-14.837110,13.063358,100
270,511,-21.245359,18.520861,100
306,168,-8.841244,6.541694,100
447,329,-8.616346,17.240032,100
211,196,-13.379622,4.560375,100
211,198,-13.443910,4.636972,100
212,197,-13.373468,4.630817,100
385,84,-3.115580,5.864001,100
385,85,-3.147724,5.902299,100
386,84,-3.077282,5.896145,100
432,200,-5.044253,11.817380,100
420,272,-7.818198,14.189137,100
421,273,-7.812043,14.259579,100
481,286,-5.932011,16.686095,100
481,287,-5.964155,16.724393,100
482,286,-5.893712,16.718239,100
387,95,-3.392567,6.349571,100
388,94,-3.322124,6.343417,100
431,430,-12.475658,20.593866,100
489,371,-8.357859,20.198610,100
241,342,-16.923686,11.116259,100
437,400,-11.281550,19.637778,100
188,334,-18.696349,9.106242,100
188,336,-18.760637,9.182839,100
249,164,-10.895677,4.556296,100
422,274,-7.805889,14.330022,100
273,523,-21.516191,19.076874,100
199,343,-18.564363,9.804511,100
199,345,-18.628650,9.881108,100
200,344,-18.558208,9.874954,100
482,287,-5.925856,16.756537,100
482,288,-5.958000,16.794836,100
483,287,-5.887558,16.788681,100
362,486,-16.918308,20.520644,100
362,487,-16.950452,20.558943,100
363,487,-16.912154,20.591087,100
283,342,-15.315154,12.466304,100
154,423,-22.859306,11.421905,100
155,424,-22.853151,11.492348,100
382,464,-15.445174,20.320959,100
382,466,-15.509462,20.397555,100
437,401,-11.313694,19.676077,100
437,402,-11.345838,19.714375,100
438,401,-11.275395,19.708221,100
106,382,-23.379727,8.308762,100
107,381,-23.309285,8.302607,100
429,213,-5.577019,12.218827,100
157,428,-22.905130,11.709829,100
385,470,-15.523142,20.647181,100
386,470,-15.484844,20.679325,100
183,337,-18.984273,9.060418,100
184,336,-18.913831,9.054263,100
184,337,-18.945975,9.092562,100
225,337,-17.375741,10.410463,100
225,339,-17.440029,10.487060,100
313,221,-10.276785,8.796517,100
313,223,-10.341072,8.873114,100
273,149,-9.494356,4.753275,100
371,162,-6.158985,8.401260,100
371,163,-6.191129,8.439559,100
372,163,-6.152831,8.471703,100
356,228,-8.854961,10.446795,100
357,229,-8.848807,10.517238,100
390,141,-4.756293,8.207729,100
391,140,-4.685850,8.201575,100
391,141,-4.717994,8.239873,100
391,142,-4.750138,8.278171,100
392,141,-4.679696,8.272017,100
255,216,-12.337372,6.740676,100
256,217,-12.331217,6.811118,100
326,507,-18.972073,20.167729,100
327,506,-18.901631,20.161574,100
354,488,-17.288983,20.340090,100
394,111,-3.638781,7.187353,100
396,111,-3.562184,7.251641,100
246,167,-11.107004,4.574759,100
246,168,-11.139148,4.613058,100
131,329,-20.718638,7.082546,100
131,331,-20.782926,7.159142,100
445,342,-9.110814,17.673623,100
262,521,-21.873186,18.646694,100
262,522,-21.905330,18.684992,100
485,378,-8.736060,20.338123,100
422,438,-13.077496,20.610958,100
269,151,-9.711838,4.701296,100
269,152,-9.743982,4.739594,100
270,151,-9.673539,4.733440,100
72,325,-22.849668,5.032859,100
73,326,-22.843513,5.103302,100
132,410,-23.283999,10.216859,100
400,456,-14.498651,20.593162,100
401,457,-14.492497,20.663605,100
435,183,-4.382911,11.262739,100
436,183,-4.344612,11.294883,100
466,401,-10.203040,20.608251,100
467,401,-10.164742,20.640395,100
243,506,-22.118696,17.461483,100
243,507,-22.150840,17.499781,100
332,175,-8.070494,7.645526,100
263,341,-16.048978,11.785127,100
256,216,-12.299073,6.772820,100
167,333,-19.468472,8.392921,100
168,332,-19.398029,8.386767,100
168,333,-19.430173,8.425065,100
168,334,-19.462317,8.463363,100
156,400,-22.043398,10.605330,100
241,174,-11.523504,4.682128,100
494,319,-6.494882,18.367813,100
496,319,-6.418285,18.432101,100
198,211,-14.359660,4.716979,100
198,213,-14.423948,4.793576,100
199,212,-14.353506,4.787422,100
439,423,-11.944264,20.582929,100
322,512,-19.285987,20.230645,100
186,468,-23.080235,14.173939,100
187,469,-23.074080,14.244381,100
188,468,-23.003638,14.238227,100
462,407,-10.549098,20.709466,100
494,355,-7.652064,19.746555,100
495,354,-7.581622,19.740401,100
496,355,-7.575467,19.810843,100
440,384,-10.652351,19.121436,100
300,344,-14.728369,13.089348,100
293,219,-10.978465,8.077041,100
345,496,-17.890821,20.357181,100
111,330,-21.516750,6.477965,100
373,477,-16.207731,20.529542,100
199,213,-14.385650,4.825720,100
199,214,-14.417794,4.864018,100
200,213,-14.347351,4.857864,100
497,320,-6.412131,18.502544,100
375,65,-2.887829,4.814892,100
169,454,-23.281292,13.091315,100
391,119,-4.010828,7.397308,100
393,119,-3.934231,7.461596,100
188,470,-23.067926,14.314824,100
430,190,-4.799410,11.370108,100
389,460,-15.048509,20.392773,100
214,342,-17.957743,10.248372,100
284,521,-21.030621,19.353861,100
284,523,-21.094909,19.430457,100
170,455,-23.275138,13.161757,100
236,215,-13.032897,6.091643,100
236,217,-13.097185,6.168240,100
237,216,-13.026743,6.162085,100
315,510,-19.489788,19.929040,100
256,159,-10.466868,4.589812,100
257,159,-10.428570,4.621956,100
257,160,-10.460714,4.660254,100
173,460,-23.320962,13.449681,100
355,172,-7.093199,8.269941,100
242,340,-16.821100,11.071806,100
243,339,-16.750657,11.065651,100
244,340,-16.744503,11.136094,100
331,224,-9.683845,9.490003,100
331,225,-9.715989,9.528301,100
378,156,-5.698033,8.396478,100
96,326,-21.962650,5.842612,100
96,328,-22.026938,5.919209,100
156,413,-22.461270,11.103209,100
86,358,-23.374240,6.746721,100
87,359,-23.368086,6.817164,100
88,358,-23.297643,6.811009,100
431,203,-5.178983,11.900131,100
410,108,-2.929575,7.586761,100
411,108,-2.891276,7.618905,100
466,270,-5.992184,15.591162,100
467,269,-5.921741,15.585007,100
467,270,-5.953885,15.623306,100
479,289,-6.105039,16.736702,100
480,288,-6.034597,16.730548,100
480,289,-6.066741,16.768846,100
363,486,-16.880010,20.552788,100
364,486,-16.841712,20.584932,100
364,487,-16.873856,20.623231,100
268,514,-21.418388,18.571469,100
269,514,-21.380089,18.603613,100
269,515,-21.412233,18.641911,100
270,514,-21.341791,18.635757,100
444,331,-8.795529,17.220197,100
88,360,-23.361931,6.887606,100
390,131,-4.434853,7.824745,100
392,131,-4.358257,7.889033,100
342,503,-18.230723,20.528838,100
342,505,-18.295011,20.605435,100
411,109,-2.923420,7.657203,100
221,213,-13.543085,5.532887,100
473,394,-9.709944,20.565170,100
474,394,-9.671646,20.597314,100
365,487,-16.835557,20.655375,100
365,488,-16.867701,20.693673,100
366,487,-16.797259,20.687519,100
303,513,-20.045800,19.658208,100
443,371,-10.119585,18.719989,100
434,402,-11.460733,19.617943,100
436,402,-11.384136,19.682231,100
113,387,-23.272358,8.725261,100
316,221,-10.161889,8.892949,100
228,337,-17.260846,10.506895,100
252,511,-21.934730,17.942270,100
253,512,-21.928576,18.012713,100
343,175,-7.649211,7.999109,100
226,184,-12.419419,4.582953,100
226,186,-12.483707,4.659550,100
258,216,-12.222476,6.837108,100
282,346,-15.482028,12.587354,100
283,345,-15.411585,12.581199,100
436,404,-11.448424,19.758828,100
437,403,-11.377982,19.752674,100
307,517,-20.021182,19.939978,100
248,168,-11.062551,4.677346,100
249,168,-11.024253,4.709490,100
249,169,-11.056397,4.747788,100
438,149,-3.175121,10.057026,100
439,150,-3.168967,10.127468,100
246,507,-22.035945,17.596213,100
167,364,-20.464934,9.580171,100
265,520,-21.726147,18.704827,100
265,522,-21.790435,18.781424,100
224,341,-17.542615,10.531513,100
225,340,-17.472173,10.525359,100
259,219,-12.280610,6.984147,100
431,289,-7.943362,15.193793,100
389,143,-4.858879,8.252182,100
390,142,-4.788437,8.246027,100
391,143,-4.782282,8.316470,100
395,452,-14.561567,20.279249,100
444,384,-10.499158,19.250012,100
247,510,-22.094078,17.743252,100
452,159,-2.960383,10.890025,100
201,214,-14.341197,4.928306,100
353,491,-17.423714,20.422841,100
354,490,-17.353271,20.416686,100
319,349,-14.161419,13.891575,100
266,341,-15.934082,11.881559,100
148,431,-23.346248,11.535429,100
149,430,-23.275805,11.529274,100
150,431,-23.269651,11.599717,100
249,519,-22.306777,18.152226,100
296,222,-10.960001,8.288368,100
400,459,-14.595083,20.708058,100
401,458,-14.524641,20.701903,100
466,402,-10.235184,20.646550,100
467,403,-10.229030,20.716992,100
486,381,-8.794194,20.485162,100
487,381,-8.755895,20.517306,100
432,226,-5.879995,12.813138,100
433,226,-5.841697,12.845282,100
151,432,-23.263496,11.670159,100
438,306,-8.221721,16.069873,100
439,306,-8.183422,16.102017,100
439,307,-8.215566,16.140316,100
295,520,-20.577195,19.669146,100
295,522,-20.641483,19.745742,100
217,194,-13.085544,4.676642,100
218,193,-13.015102,4.670487,100
152,437,-23.385918,11.893795,100
153,436,-23.315475,11.887640,100
153,437,-23.347619,11.925939,100
443,311,-8.190948,16.422085,100
114,330,-21.401855,6.574397,100
202,214,-14.302899,4.960450,100
193,209,-14.486864,4.479663,100
368,61,-3.027342,4.436691,100
369,60,-2.956900,4.430536,100
372,481,-16.374605,20.650592,100
373,481,-16.336306,20.682736,100
492,362,-7.953668,19.950356,100
438,391,-10.953956,19.325237,100
255,340,-16.323221,11.489677,100
154,403,-22.216427,10.655937,100
156,403,-22.139830,10.720225,100
276,512,-21.047713,18.752023,100
160,331,-19.672273,8.091317,100
429,193,-4.934140,11.452859,100
430,192,-4.863698,11.446705,100
372,72,-3.227732,4.986549,100
287,523,-20.980014,19.526889,100
382,81,-3.134043,5.652674,100
383,80,-3.063601,5.646519,100
384,81,-3.057446,5.716962,100
392,85,-2.879635,6.127307,100
238,216,-12.988444,6.194229,100
239,215,-12.918002,6.188075,100
239,216,-12.950146,6.226373,100
239,217,-12.982290,6.264671,100
445,320,-8.403647,16.831058,100
446,321,-8.397493,16.901501,100
69,334,-23.253858,5.281113,100
180,467,-23.277881,13.942777,100
395,91,-2.957604,6.453529,100
247,343,-16.726040,11.347421,100
187,475,-23.266944,14.474172,100
152,414,-22.646607,11.012932,100
382,158,-5.609127,8.601650,100
190,480,-23.312768,14.762096,100
284,346,-15.405431,12.651642,100
277,220,-11.623383,7.601036,100
277,221,-11.655527,7.639335,100
423,275,-7.799734,14.400464,100
424,274,-7.729292,14.394309,100
485,290,-5.907393,16.967864,100
290,159,-9.164723,5.682706,100
360,483,-16.898473,20.341461,100
306,513,-19.930905,19.754640,100
486,295,-6.029814,17.191500,100
487,294,-5.959372,17.185346,100
488,295,-5.953218,17.255788,100
390,138,-4.659861,8.092834,100
156,424,-22.814853,11.524492,100
156,425,-22.846997,11.562790,100
88,325,-22.236893,5.547162,100
88,327,-22.301181,5.623759,100
496,345,-7.254028,19.427859,100
498,345,-7.177431,19.492147,100
390,98,-3.374103,6.560898,100
391,97,-3.303661,6.554744,100
391,98,-3.335805,6.593042,100
361,484,-16.892319,20.411904,100
361,485,-16.924463,20.450202,100
314,224,-10.334918,8.943556,100
131,332,-20.815070,7.197441,100
132,333,-20.808915,7.267883,100
285,346,-15.367133,12.683786,100
309,518,-19.976729,20.042564,100
310,518,-19.938431,20.074708,100
310,519,-19.970575,20.113006,100
257,513,-21.807526,18.179587,100
183,333,-18.855697,8.907224,100
432,134,-2.922753,9.289686,100
432,135,-2.954897,9.327984,100
268,520,-21.611252,18.801259,100
268,522,-21.675539,18.877856,100
161,430,-22.816225,11.915002,100
489,305,-6.236359,17.670916,100
490,306,-6.230204,17.741358,100
445,419,-11.585898,20.622599,100
443,374,-10.216017,18.834884,100
133,414,-23.374277,10.402197,100
302,518,-20.244818,19.817556,100
153,392,-21.901142,10.202511,100
155,392,-21.824545,10.266799,100
228,340,-17.357277,10.621790,100
228,342,-17.421565,10.698387,100
433,220,-5.648833,12.615492,100
495,311,-6.199432,18.093570,100
352,228,-9.008155,10.318219,100
446,420,-11.579743,20.693042,100
446,421,-11.611887,20.731340,100
299,220,-10.780818,8.308203,100
299,222,-10.845106,8.384800,100
429,412,-11.973664,19.840208,100
430,411,-11.903222,19.834053,100
443,386,-10.601744,19.294464,100
298,522,-20.526588,19.842174,100
163,334,-19.653809,8.302644,100
366,168,-6.543341,8.470331,100
68,325,-23.002861,4.904284,100
322,505,-19.060979,19.962556,100
181,350,-19.478741,9.494009,100
367,477,-16.437521,20.336679,100
448,357,-9.478078,18.344531,100
258,340,-16.208326,11.586109,100
258,342,-16.272613,11.662706,100
171,457,-23.301127,13.270498,100
190,470,-22.991329,14.379112,100
337,226,-9.518343,9.759463,100
152,404,-22.325168,10.629948,100
288,219,-11.169957,7.916321,100
155,335,-19.992340,8.083791,100
368,478,-16.431367,20.407121,100
368,479,-16.463510,20.445419,100
414,444,-13.576746,20.583597,100
425,419,-12.351865,19.979720,100
426,418,-12.281423,19.973566,100
172,458,-23.294973,13.340940,100
410,439,-13.569220,20.263529,100
209,340,-18.084947,10.011056,100
209,342,-18.149235,10.087652,100
295,343,-14.887717,12.890330,100
295,345,-14.952005,12.966927,100
296,344,-14.881562,12.960772,100
106,327,-21.611810,6.202350,100
494,365,-7.973503,20.129539,100
397,249,-7.959750,12.568963,100
413,111,-2.911111,7.798088,100
496,335,-6.932588,19.044875,100
498,335,-6.855991,19.109163,100
428,200,-5.197446,11.688804,100
87,355,-23.239510,6.663970,100
448,334,-8.738767,17.463668,100
286,150,-9.028621,5.209444,100
89,361,-23.355777,6.958048,100
90,360,-23.285335,6.951894,100
413,112,-2.943255,7.836386,100
458,262,-6.041419,15.027623,100
222,216,-13.601219,5.679926,100
185,478,-23.439973,14.524779,100
186,478,-23.401674,14.556923,100
359,487,-17.065348,20.462511,100
360,486,-16.994905,20.456356,100
387,469,-15.414402,20.673170,100
452,413,-11.124945,20.617817,100
91,325,-22.121998,5.643594,100
271,523,-21.592788,19.012586,100
173,360,-20.106568,9.619841,100
174,360,-20.068269,9.651985,100
174,361,-20.100413,9.690284,100
488,372,-8.428301,20.204764,100
436,180,-4.248180,11.179988,100
387,140,-4.839044,8.072999,100
389,140,-4.762447,8.137287,100
432,291,-7.969352,15.302534,100
116,390,-23.253895,8.936588,100
355,229,-8.925404,10.452950,100
435,292,-7.886601,15.437264,100
156,392,-21.786247,10.298943,100
157,393,-21.780092,10.369385,100
158,392,-21.709650,10.363231,100
231,342,-17.306670,10.794819,100
248,510,-22.055780,17.775396,100
248,511,-22.087924,17.813695,100
169,366,-20.452625,9.721056,100
129,329,-20.795235,7.018258,100
442,377,-10.350747,18.917635,100
443,376,-10.280305,18.911481,100
355,492,-17.379261,20.525427,100
355,493,-17.411405,20.563726,100
495,352,-7.517334,19.663804,100
497,352,-7.440737,19.728092,100
172,336,-19.373412,8.668536,100
173,337,-19.367257,8.738978,100
174,336,-19.296815,8.732824,100
302,220,-10.665923,8.404635,100
71,326,-22.920110,5.039014,100
171,447,-22.979688,12.887514,100
433,183,-4.459507,11.198451,100
266,155,-9.955309,4.758058,100
290,511,-20.479391,19.163740,100
356,229,-8.887105,10.485094,100
268,345,-15.986061,12.099040,100
422,440,-13.141783,20.687555,100
330,175,-8.147090,7.581238,100
166,332,-19.474626,8.322479,100
166,334,-19.538914,8.399076,100
325,507,-19.010372,20.135585,100
371,472,-16.123608,20.273762,100
371,473,-16.155752,20.312061,100
245,218,-12.784643,6.495833,100
363,168,-6.658236,8.373899,100
364,168,-6.619937,8.406043,100
364,169,-6.652081,8.444342,100
196,213,-14.500545,4.729288,100
431,223,-5.821862,12.666099,100
261,340,-16.093430,11.682541,100
286,515,-20.761161,19.188358,100
436,228,-5.791090,13.018311,100
72,326,-22.881811,5.071158,100
442,308,-8.132815,16.275046,100
244,518,-22.466125,17.953208,100
236,512,-22.579649,17.466266,100
237,513,-22.573494,17.536708,100
291,219,-11.055061,8.012753,100
203,335,-18.154017,9.626700,100
342,496,-18.005716,20.260749,100
343,495,-17.935273,20.254595,100
109,330,-21.593347,6.413677,100
317,173,-8.580682,7.086770,100
498,325,-6.534552,18.726179,100
409,440,-13.639663,20.269684,100
410,441,-13.633508,20.340126,100
159,374,-21.092761,9.706004,100
214,495,-22.875766,16.108026,100
449,248,-5.936090,14.202150,100
449,249,-5.968233,14.240448,100
450,248,-5.897791,14.234294,100
68,332,-23.227869,5.172372,100
212,340,-17.970052,10.107487,100
212,342,-18.034340,10.184084,100
71,337,-23.273693,5.460296,100
237,515,-22.637782,17.613305,100
238,514,-22.567340,17.607150,100
204,338,-18.212151,9.773739,100
229,509,-22.751305,17.126363,100
380,154,-5.557148,8.384169,100
211,195,-13.347478,4.522076,100
374,74,-3.215423,5.127434,100
374,75,-3.247567,5.165732,100
375,74,-3.177124,5.159578,100
445,318,-8.339359,16.754462,100
450,249,-5.929935,14.272592,100
188,478,-23.325077,14.621211,100
393,128,-4.223526,7.806282,100
234,217,-13.173782,6.103952,100
313,508,-19.502096,19.788156,100
191,484,-23.403046,14.947433,100
192,483,-23.332603,14.941279,100
299,344,-14.766667,13.057204,100
376,75,-3.170970,5.230020,100
406,107,-3.050624,7.419887,100
407,108,-3.044470,7.490329,100
212,198,-13.405612,4.669115,100
241,339,-16.827254,11.001363,100
329,225,-9.792586,9.464014,100
393,246,-8.016512,12.325492,100
408,108,-3.006172,7.522473,100
492,371,-8.242964,20.295042,100
242,342,-16.885388,11.148402,100
200,345,-18.590352,9.913252,100
157,417,-22.551547,11.288547,100
156,382,-21.464807,9.915959,100
157,381,-21.394365,9.909805,100
158,382,-21.388211,9.980247,100
185,336,-18.875532,9.086407,100
89,328,-22.295027,5.694202,100
385,240,-8.130035,11.838550,100
385,241,-8.162179,11.876849,100
273,147,-9.430068,4.676678,100
363,488,-16.944298,20.629385,100
160,428,-22.790235,11.806261,100
448,337,-8.835199,17.578563,100
452,415,-11.189233,20.694413,100
226,337,-17.337442,10.442607,100
226,339,-17.401730,10.519204,100
446,376,-10.165410,19.007912,100
445,341,-9.078670,17.635325,100
262,519,-21.808898,18.570097,100
263,520,-21.802743,18.640539,100
432,212,-5.429980,12.276961,100
434,182,-4.389065,11.192297,100
436,182,-4.312468,11.256585,100
111,387,-23.348955,8.660973,100
358,493,-17.296510,20.660157,100
263,522,-21.867031,18.717136,100
494,309,-6.173442,17.984829,100
161,438,-23.073376,12.221389,100
127,332,-20.968264,7.068865,100
74,326,-22.805215,5.135446,100
164,443,-23.119201,12.509313,100
165,444,-23.113046,12.579755,100
252,512,-21.966874,17.980569,100
448,156,-3.017145,10.646554,100
244,506,-22.080398,17.493627,100
366,169,-6.575485,8.508629,100
367,169,-6.537186,8.540773,100
367,170,-6.569330,8.579072,100
155,394,-21.888833,10.343396,100
156,393,-21.818391,10.337241,100
157,394,-21.812236,10.407684,100
350,490,-17.506465,20.288111,100
351,490,-17.468167,20.320255,100
317,349,-14.238016,13.827287,100
257,216,-12.260775,6.804964,100
169,332,-19.359731,8.418911,100
166,444,-23.074748,12.611899,100
497,319,-6.379987,18.464245,100
199,211,-14.321362,4.749123,100
375,64,-2.855685,4.776594,100
289,515,-20.646266,19.284790,100
464,402,-10.311781,20.582262,100
430,189,-4.767266,11.331810,100
391,118,-3.978684,7.359010,100
393,118,-3.902087,7.423298,100
147,431,-23.384546,11.503285,100
148,430,-23.314104,11.497130,100
382,149,-5.319831,8.256965,100
497,355,-7.537169,19.842987,100
294,219,-10.940166,8.109185,100
191,474,-23.081606,14.564449,100
192,473,-23.011164,14.558295,100
200,214,-14.379495,4.896162,100
112,330,-21.478452,6.510109,100
394,123,-4.024508,7.646934,100
395,123,-3.986210,7.679078,100
63,325,-23.194353,4.743564,100
445,354,-9.496541,18.133204,100
379,70,-2.895355,5.134960,100
323,511,-19.215544,20.224490,100
323,512,-19.247688,20.262789,100
236,214,-13.000753,6.053344,100
237,215,-12.994599,6.123787,100
444,164,-3.427490,10.824365,100
260,344,-16.260305,11.803590,100
173,459,-23.288818,13.411382,100
322,174,-8.421334,7.285788,100
179,354,-19.683914,9.582915,100
179,355,-19.716058,9.621213,100
180,355,-19.677759,9.653357,100
207,336,-18.032968,9.793574,100
396,124,-3.980055,7.749520,100
397,124,-3.941757,7.781664,100
331,222,-9.619557,9.413406,100
237,217,-13.058887,6.200384,100
316,510,-19.451489,19.961184,100
156,412,-22.429126,11.064911,100
302,344,-14.651772,13.153636,100
431,202,-5.146839,11.861833,100
468,269,-5.883443,15.617151,100
332,225,-9.677691,9.560445,100
244,339,-16.712359,11.097795,100
210,199,-13.514352,4.643126,100
390,130,-4.402709,7.786447,100
392,130,-4.326113,7.850735,100
356,171,-7.022756,8.263787,100
274,218,-11.673990,7.428008,100
274,220,-11.738278,7.504605,100
254,161,-10.607753,4.602121,100
270,515,-21.373935,18.674055,100
444,366,-9.920567,18.560641,100
306,172,-8.969820,6.694888,100
415,114,-2.930946,7.977271,100
338,504,-18.416061,20.438561,100
304,513,-20.007502,19.690352,100
490,374,-8.415992,20.345649,100
491,373,-8.345550,20.339495,100
388,98,-3.450700,6.496610,100
389,97,-3.380258,6.490456,100
429,134,-3.037648,9.193254,100
375,163,-6.037935,8.568135,100
155,384,-21.567394,9.960412,100
259,216,-12.184178,6.869252,100
362,489,-17.014740,20.635540,100
363,489,-16.976442,20.667684,100
283,346,-15.443729,12.619498,100
308,517,-19.982884,19.972122,100
429,215,-5.641307,12.295424,100
390,107,-3.663399,6.905584,100
391,108,-3.657244,6.976026,100
392,107,-3.586802,6.969872,100
436,293,-7.880446,15.507706,100
247,507,-21.997647,17.628357,100
452,158,-2.928239,10.851726,100
266,520,-21.687848,18.736971,100
266,522,-21.752136,18.813568,100
157,430,-22.969418,11.786426,100
158,430,-22.931120,11.818570,100
225,341,-17.504316,10.563657,100
226,340,-17.433874,10.557503,100
128,408,-23.372905,10.011687,100
129,407,-23.302463,10.005532,100
393,108,-3.580647,7.040314,100
437,294,-7.874292,15.578149,100
354,491,-17.385415,20.454985,100
340,178,-7.860538,8.017572,100
445,344,-9.175102,17.750220,100
434,225,-5.771255,12.839128,100
438,305,-8.189577,16.031575,100
129,408,-23.334606,10.043831,100
297,220,-10.857415,8.243915,100
297,222,-10.921703,8.320512,100
154,436,-23.277177,11.919784,100
443,310,-8.158804,16.383787,100
202,211,-14.206467,4.845555,100
467,404,-10.261174,20.755290,100
435,226,-5.765100,12.909570,100
296,522,-20.603184,19.777886,100
182,464,-23.104852,13.892170,100
155,437,-23.271023,11.990227,100
156,402,-22.107686,10.681927,100
429,192,-4.901997,11.414561,100
66,325,-23.079458,4.839996,100
370,60,-2.918601,4.462680,100
442,166,-3.568375,10.836674,100
388,150,-5.122185,8.488127,100
439,426,-12.040696,20.697824,100
161,331,-19.633974,8.123461,100
495,322,-6.553015,18.514852,100
497,322,-6.476419,18.579140,100
483,387,-9.101952,20.618521,100
396,90,-2.887161,6.447375,100
373,480,-16.304162,20.644437,100
240,215,-12.879704,6.220219,100
240,217,-12.943992,6.296815,100
69,333,-23.221714,5.242815,100
70,334,-23.215560,5.313257,100
167,456,-23.422177,13.103624,100
168,457,-23.416022,13.174066,100
314,511,-19.560230,19.935195,100
104,327,-21.688407,6.138062,100
104,329,-21.752695,6.214659,100
453,251,-5.879328,14.445621,100
191,480,-23.274470,14.794240,100
393,130,-4.287814,7.882879,100
394,130,-4.249516,7.915023,100
277,218,-11.559095,7.524440,100
273,515,-21.259040,18.770487,100
83,355,-23.392704,6.535394,100
278,221,-11.617228,7.671479,100
425,274,-7.690994,14.426453,100
384,237,-8.071902,11.691511,100
385,238,-8.065747,11.761954,100
376,233,-8.249713,11.281166,100
431,205,-5.243271,11.976728,100
392,97,-3.265362,6.586888,100
333,500,-18.478977,20.124648,100
160,385,-21.408046,10.159430,100
220,216,-13.677815,5.615638,100
472,395,-9.780386,20.571324,100
473,395,-9.742088,20.603468,100
364,488,-16.906000,20.661529,100
364,489,-16.938143,20.699827,100
171,359,-20.151021,9.517255,100
285,343,-15.270701,12.568890,100
309,517,-19.944586,20.004266,100
310,516,-19.874143,19.998111,100
236,338,-16.986602,10.802345,100
433,134,-2.884454,9.321830,100
477,285,-6.053060,16.519221,100
334,503,-18.537110,20.271687,100
429,280,-7.730664,14.784820,100
315,224,-10.296620,8.975700,100
474,396,-9.735933,20.673911,100
311,519,-19.932277,20.145150,100
357,484,-17.045513,20.283328,100
445,334,-8.853662,17.367236,100
443,373,-10.183873,18.796585,100
153,391,-21.868998,10.164213,100
155,391,-21.792401,10.228501,100
248,170,-11.126839,4.753942,100
111,384,-23.252523,8.546078,100
274,342,-15.659839,12.177009,100
352,491,-17.462012,20.390697,100
353,228,-8.969856,10.350363,100
170,336,-19.450008,8.604248,100
171,337,-19.443854,8.674690,100
163,331,-19.557377,8.187749,100
376,476,-16.060691,20.587676,100
148,433,-23.410536,11.612026,100
149,434,-23.404381,11.682468,100
69,323,-22.900275,4.859831,100
69,325,-22.964563,4.936427,100
152,403,-22.293024,10.591649,100
326,510,-19.068505,20.282624,100
259,340,-16.170027,11.618253,100
284,515,-20.837757,19.124070,100
150,435,-23.398227,11.752910,100
303,348,-14.742049,13.338973,100
234,514,-22.720533,17.478575,100
378,67,-2.837222,4.987921,100
201,335,-18.230614,9.562412,100
193,211,-14.551152,4.556260,100
260,156,-10.217243,4.603492,100
178,351,-19.625780,9.435876,100
324,178,-8.473313,7.503269,100
296,343,-14.849418,12.922474,100
297,344,-14.843264,12.992916,100
444,242,-5.934718,13.811640,100
429,195,-4.998428,11.529456,100
107,327,-21.573512,6.234494,100
415,443,-13.506304,20.577442,100
255,163,-10.633743,4.710861,100
442,169,-3.664807,10.951569,100
428,199,-5.165303,11.650506,100
205,341,-18.270284,9.920778,100
205,343,-18.334572,9.997375,100
151,334,-20.113390,7.916916,100
151,335,-20.145534,7.955215,100
326,222,-9.811049,9.252687,100
232,178,-11.996765,4.546026,100
446,323,-8.461781,16.978098,100
202,335,-18.192316,9.594556,100
342,495,-17.973572,20.222451,100
227,508,-22.795758,17.023777,100
459,262,-6.003121,15.059767,100
345,501,-18.051540,20.548673,100
460,267,-6.125542,15.283403,100
461,268,-6.119388,15.353845,100
462,267,-6.048945,15.347691,100
144,330,-20.252903,7.538715,100
91,360,-23.247036,6.984038,100
398,246,-7.825020,12.486212,100
201,494,-23.341501,15.651857,100
390,244,-8.067119,12.152464,100
472,277,-5.987401,16.052114,100
92,361,-23.240882,7.054480,100
393,133,-4.384246,7.997774,100
395,133,-4.307649,8.062062,100
386,94,-3.398721,6.279129,100
269,217,-11.833338,7.228990,100
360,485,-16.962761,20.418058,100
443,146,-2.887198,10.102850,100
157,387,-21.587229,10.139595,100
159,387,-21.510632,10.203883,100
435,291,-7.854457,15.398966,100
450,415,-11.265830,20.630126,100
496,347,-7.318316,19.504456,100
498,347,-7.241719,19.568744,100
442,376,-10.318603,18.879337,100
156,427,-22.911285,11.639387,100
129,410,-23.398894,10.120428,100
277,342,-15.544944,12.273440,100
432,182,-4.465662,11.128009,100
249,511,-22.049625,17.845839,100
241,505,-22.163149,17.358897,100
242,506,-22.156995,17.429339,100
356,226,-8.790673,10.370198,100
307,223,-10.570863,8.680250,100
125,332,-21.044860,7.004577,100
445,421,-11.650185,20.699196,100
356,491,-17.308819,20.519273,100
490,308,-6.294492,17.817955,100
234,502,-22.334806,17.018994,100
153,394,-21.965430,10.279108,100
314,345,-14.224335,13.577662,100
286,512,-20.664729,19.073463,100
495,313,-6.263720,18.170167,100
167,332,-19.436328,8.354623,100
167,334,-19.500616,8.431220,100
436,227,-5.758946,12.980012,100
72,323,-22.785380,4.956262,100
442,307,-8.100671,16.236747,100
498,324,-6.502408,18.687881,100
263,156,-10.102348,4.699924,100
287,515,-20.722862,19.220502,100
185,467,-23.086389,14.103497,100
245,518,-22.427827,17.985352,100
240,173,-11.529658,4.611686,100
292,219,-11.016763,8.044897,100
204,335,-18.115719,9.658844,100
438,239,-6.068076,13.503881,100
445,317,-8.307215,16.716163,100
367,480,-16.533953,20.451574,100
448,359,-9.542366,18.421128,100
234,214,-13.077350,5.989057,100
327,178,-8.358417,7.599701,100
258,344,-16.336901,11.739302,100
238,513,-22.535196,17.568852,100
344,495,-17.896975,20.286739,100
110,327,-21.458616,6.330926,100
152,406,-22.389456,10.706545,100
329,222,-9.696154,9.349118,100
235,180,-11.946158,4.719055,100
454,254,-5.937461,14.592660,100
491,366,-8.120542,20.071406,100
379,80,-3.216794,5.517944,100
295,347,-15.016293,13.043523,100
348,502,-17.968789,20.683403,100
330,225,-9.754288,9.496157,100
242,339,-16.788956,11.033507,100
267,514,-21.456686,18.539325,100
147,330,-20.138008,7.635147,100
235,214,-13.039052,6.021200,100
440,396,-11.038079,19.581017,100
157,416,-22.519403,11.250248,100
156,381,-21.432663,9.877661,100
215,501,-23.030331,16.369961,100
427,277,-7.710829,14.605637,100
272,220,-11.814875,7.440317,100
496,337,-6.996876,19.121472,100
428,202,-5.261734,11.765401,100
448,336,-8.803055,17.540265,100
392,136,-4.518976,8.080525,100
394,136,-4.442379,8.144813,100
90,328,-22.256728,5.726345,100
378,237,-8.301692,11.498648,100
434,137,-2.942588,9.468869,100
196,344,-18.711402,9.746378,100
196,346,-18.775690,9.822975,100
478,288,-6.111194,16.666260,100
372,162,-6.120687,8.433404,100
393,140,-4.609254,8.265863,100
173,361,-20.138712,9.658140,100
112,386,-23.278512,8.654819,100
247,167,-11.068706,4.606903,100
215,213,-13.772876,5.340023,100
215,215,-13.837163,5.416620,100
114,392,-23.394779,8.948897,100
317,346,-14.141584,13.712392,100
310,221,-10.391680,8.700085,100
310,223,-10.455968,8.776682,100
222,337,-17.490636,10.314032,100
128,332,-20.929965,7.101009,100
271,151,-9.635241,4.765584,100
271,152,-9.667385,4.803882,100
328,506,-18.863333,20.193718,100
298,514,-20.269436,19.535787,100
184,348,-19.299558,9.513844,100
318,349,-14.199717,13.859431,100
338,178,-7.937135,7.953285,100
355,495,-17.475693,20.640322,100
497,354,-7.505025,19.804689,100
200,211,-14.283064,4.781267,100
63,322,-23.097921,4.628669,100
290,515,-20.607967,19.316934,100
379,69,-2.863211,5.096661,100
152,396,-22.068016,10.323561,100
348,227,-9.129204,10.151345,100
151,436,-23.392072,11.823353,100
439,309,-8.279854,16.216912,100
371,475,-16.220040,20.388658,100
368,60,-2.995198,4.398392,100
216,191,-13.027410,4.529602,100
261,344,-16.222006,11.835734,100
442,320,-8.518542,16.734627,100
180,356,-19.709903,9.691655,100
159,331,-19.710571,8.059173,100
332,222,-9.581259,9.445550,100
238,215,-12.956300,6.155931,100
238,217,-13.020588,6.232527,100
498,327,-6.598840,18.802776,100
320,513,-19.394727,20.204655,100
394,464,-14.985593,20.706686,100
288,153,-9.048456,5.388628,100
312,511,-19.636827,19.870907,100
382,80,-3.101899,5.614376,100
298,347,-14.901397,13.139955,100
245,339,-16.674061,11.129939,100
460,265,-6.061254,15.206806,100
384,85,-3.186022,5.870155,100
385,86,-3.179868,5.940598,100
386,85,-3.109425,5.934443,100
281,521,-21.145516,19.257429,100
281,523,-21.209804,19.334025,100
471,274,-5.929267,15.905075,100
471,275,-5.961411,15.943373,100
472,274,-5.890969,15.937219,100
188,480,-23.389365,14.697808,100
321,516,-19.452861,20.351694,100
389,240,-7.976842,11.967126,100
275,218,-11.635692,7.460152,100
275,220,-11.699980,7.536749,100
366,486,-16.765115,20.649220,100
271,515,-21.335637,18.706199,100
447,366,-9.805672,18.657072,100
387,86,-3.103271,6.004886,100
472,275,-5.923113,15.975517,100
376,158,-5.838917,8.408787,100
276,221,-11.693825,7.607191,100
93,326,-22.077545,5.746181,100
93,328,-22.141833,5.822777,100
481,288,-5.996299,16.762692,100
419,119,-2.938473,8.297339,100
234,338,-17.063199,10.738057,100
300,514,-20.192839,19.600075,100
436,173,-4.023173,10.911899,100
374,232,-8.294166,11.178580,100
157,429,-22.937274,11.748127,100
313,224,-10.373216,8.911412,100
218,213,-13.657980,5.436455,100
218,215,-13.722268,5.513052,100
472,396,-9.812530,20.609623,100
392,103,-3.458226,6.816678,100
394,103,-3.381629,6.880966,100
363,490,-17.008586,20.705982,100
434,139,-3.006876,9.545466,100
392,142,-4.711840,8.310315,100
340,175,-7.764107,7.902677,100
82,327,-22.530972,5.430896,100
445,343,-9.142958,17.711921,100
492,311,-6.314327,17.997138,100
372,164,-6.184975,8.510001,100
432,214,-5.494268,12.353557,100
130,407,-23.264164,10.037676,100
350,227,-9.052608,10.215633,100
444,154,-3.106051,10.441381,100
132,413,-23.380431,10.331755,100
341,178,-7.822240,8.049716,100
396,113,-3.626472,7.328238,100
397,113,-3.588174,7.360382,100
177,333,-19.085488,8.714361,100
177,335,-19.149776,8.790957,100
243,509,-22.215128,17.576378,100
435,225,-5.732956,12.871272,100
350,491,-17.538609,20.326409,100
255,518,-22.044843,18.306791,100
296,519,-20.506753,19.662991,100
351,228,-9.046453,10.286075,100
256,219,-12.395505,6.887715,100
188,349,-19.178509,9.680718,100
66,322,-22.983026,4.725100,100
