cell_x,cell_y,world_x_m,world_y_m,hits
373,394,-13.539783,17.350776,100
371,321,-11.269872,14.490705,100
3,303,-24.785090,1.972362,100
2,338,-25.948426,3.280662,100
183,270,-16.830629,6.494425,100
348,566,-20.026001,23.134501,100
241,440,-20.073793,14.869501,100
330,289,-11.811500,11.947255,100
220,417,-20.138748,13.313615,100
235,280,-15.160552,8.548894,100
310,45,-4.734346,1.959568,100
550,292,-3.482285,19.133818,100
428,37,0.042016,5.446166,100
243,400,-18.711438,13.401853,100
145,243,-17.418081,4.238899,100
223,571,-24.974020,19.308000,100
551,373,-6.047646,22.268131,100
349,567,-20.019847,23.204943,100
242,441,-20.067638,14.939943,100
311,46,-4.728191,2.030010,100
439,52,-0.018860,6.374225,100
194,135,-12.069914,1.677726,100
220,273,-15.510020,7.798647,100
167,267,-17.346971,5.865227,100
9,355,-26.226785,4.156743,100
322,406,-15.878729,16.171015,100
315,281,-12.128824,11.158708,100
556,344,-4.923980,21.318198,100
367,557,-19.009036,23.400550,100
388,351,-11.583118,16.186104,100
19,368,-26.261672,4.976061,100
496,213,-3.011027,14.372471,100
273,284,-13.833789,9.923558,100
166,158,-13.881580,1.658558,100
341,10,-2.422057,1.615586,100
364,402,-14.141620,17.367867,100
499,218,-3.056852,14.660395,100
232,103,-9.585969,1.673647,100
2,315,-25.209116,2.399799,100
520,241,-2.991896,16.216281,100
377,341,-11.682961,15.449536,100
215,279,-15.894376,7.867717,100
140,514,-26.320582,14.457044,100
389,352,-11.576963,16.256546,100
20,369,-26.255518,5.046504,100
376,4,-0.888750,2.510834,100
354,394,-14.267453,16.740041,100
308,98,-6.514571,3.925095,100
521,242,-2.985742,16.286723,100
258,277,-14.183257,9.173310,100
337,570,-20.575860,22.934111,100
457,486,-13.279961,23.574319,100
323,406,-15.840430,16.203159,100
310,287,-12.513180,11.227779,100
141,515,-26.314428,14.527486,100
181,551,-25.939674,17.191986,100
45,398,-26.230232,6.960756,100
309,99,-6.508417,3.995537,100
265,401,-17.901017,14.147318,100
301,95,-6.686228,3.585192,100
311,288,-12.507026,11.298221,100
337,426,-15.947132,17.419142,100
248,577,-24.209424,20.341389,100
283,455,-18.947419,16.794023,100
479,101,-0.061978,9.536604,100
295,280,-12.862648,10.477531,100
349,400,-14.651808,16.809111,100
201,273,-16.237690,7.187912,100
429,509,-15.091627,23.555152,100
46,399,-26.224078,7.031198,100
495,454,-10.796016,23.570240,100
266,402,-17.894863,14.217761,100
253,283,-14.567613,9.242381,100
49,404,-26.269902,7.319122,100
508,164,-0.976393,12.881578,100
56,263,-21.469517,2.144056,100
539,268,-3.132113,17.861073,100
249,578,-24.203270,20.411831,100
216,401,-19.777639,12.572265,100
376,390,-13.296312,17.294014,100
337,282,-11.318404,11.904174,100
496,455,-10.789861,23.640683,100
483,107,-0.101648,9.894970,100
201,129,-11.608962,1.672943,100
330,14,-2.971915,1.415196,100
536,262,-3.054145,17.534851,100
4,338,-25.871830,3.344950,100
361,1,-1.366794,1.913780,100
224,112,-10.181652,1.761181,100
303,405,-16.574254,15.521982,100
377,354,-12.100832,15.947416,100
252,94,-8.530706,1.971840,100
285,91,-7.170427,2.917695,100
81,441,-26.233680,9.764768,100
1,332,-25.793861,3.018728,100
26,276,-23.036340,1.677617,100
309,76,-5.769106,3.114674,100
547,393,-6.843719,22.905523,100
305,451,-17.976279,17.347996,100
280,278,-13.372836,9.918775,100
185,269,-16.721888,6.520415,100
494,201,-2.701896,13.848603,100
371,396,-13.680668,17.363084,100
138,194,-16.111117,2.137270,100
238,281,-15.077801,8.683625,100
337,403,-15.207821,16.538279,100
143,272,-18.426853,5.285264,100
85,447,-26.273350,10.123135,100
543,279,-3.332503,18.410931,100
6,303,-24.670195,2.068794,100
226,572,-24.891269,19.442730,100
186,270,-16.715734,6.590857,100
507,176,-1.400419,13.309014,100
464,480,-12.819009,23.569536,100
384,371,-12.379190,16.823496,100
8,349,-26.072219,3.894808,100
556,334,-4.602541,20.935214,100
388,341,-11.261678,15.803120,100
333,405,-15.425302,16.486300,100
423,33,-0.020900,5.132253,100
174,152,-13.382329,1.685920,100
315,91,-6.021475,3.882014,100
349,4,-1.922807,1.642947,100
45,267,-22.019375,1.943666,100
554,373,-5.932751,22.364563,100
398,534,-17.082476,23.516149,100
2,305,-24.887676,2.016815,100
256,450,-19.820756,15.734644,100
318,282,-12.046073,11.293439,100
248,446,-19.998568,15.324299,100
223,273,-15.395125,7.895078,100
377,331,-11.361521,15.066553,100
389,342,-11.255524,15.873562,100
276,285,-13.751038,10.058288,100
424,34,-0.014745,5.202695,100
181,276,-17.100089,6.659928,100
316,92,-6.015321,3.952456,100
132,271,-18.815991,4.893383,100
322,23,-3.567598,1.502730,100
111,477,-26.241910,12.107829,100
549,294,-3.584872,19.178270,100
555,374,-5.926597,22.435006,100
325,406,-15.763833,16.267447,100
321,27,-3.734472,1.623780,100
266,91,-7.898096,2.306960,100
212,120,-10.898384,1.681841,100
356,393,-14.158712,16.766030,100
491,209,-3.073943,14.058558,100
227,279,-15.434795,8.253445,100
155,260,-17.581545,5.211411,100
449,63,0.010540,7.116947,100
260,276,-14.074516,9.199299,100
235,103,-9.471074,1.770079,100
322,108,-6.299833,4.758094,100
503,183,-1.778620,13.448527,100
124,272,-19.154522,4.674530,100
122,491,-26.270643,12.997590,100
552,304,-3.791416,19.657686,100
379,4,-0.773855,2.607266,100
460,78,-0.050337,8.045006,100
538,406,-7.606276,23.114107,100
371,0,-0.951666,2.196921,100
301,579,-22.243897,22.121614,100
294,454,-18.493993,17.109308,100
317,29,-3.951954,1.571801,100
556,311,-3.863230,20.054351,100
261,277,-14.068362,9.269742,100
516,238,-3.048658,15.972810,100
359,291,-10.765135,12.956026,100
508,154,-0.654954,12.498594,100
170,275,-17.489228,6.268046,100
377,308,-10.622211,14.185690,100
147,520,-26.245357,14.911842,100
388,354,-11.679550,16.300999,100
433,505,-14.809857,23.530534,100
133,213,-16.913344,2.704220,100
308,65,-5.453821,2.661248,100
555,351,-5.187286,21.554142,100
254,94,-8.454109,2.036128,100
298,280,-12.747753,10.573963,100
527,252,-3.077391,16.862571,100
377,344,-11.779392,15.564432,100
148,521,-26.239203,14.982284,100
302,579,-22.205599,22.153758,100
281,456,-19.056160,16.768033,100
256,283,-14.452718,9.338812,100
297,92,-6.742990,3.341721,100
113,271,-19.543660,4.282648,100
151,526,-26.285027,15.270208,100
252,578,-24.088375,20.508263,100
309,66,-5.447667,2.731690,100
534,413,-7.984477,23.253620,100
405,528,-16.621523,23.511366,100
455,488,-13.420846,23.586628,100
313,36,-4.330155,1.711314,100
336,428,-16.049718,17.463595,100
486,107,0.013247,9.991402,100
428,511,-15.194213,23.599605,100
328,573,-21.016977,22.759711,100
155,273,-17.999416,5.709290,100
241,276,-14.802186,8.588565,100
66,424,-26.261708,8.631537,100
494,456,-10.898602,23.614693,100
181,145,-12.889233,1.642838,100
380,550,-18.286150,23.550333,100
472,474,-12.319758,23.596897,100
355,563,-19.661481,23.244613,100
376,357,-12.235562,16.030167,100
67,425,-26.255554,8.701979,100
283,278,-13.257941,10.015207,100
554,363,-5.611312,21.981579,100
324,575,-21.234458,22.707732,100
192,276,-16.678807,7.013511,100
77,438,-26.290441,9.521297,100
558,333,-4.493800,20.961203,100
249,401,-18.513792,13.633015,100
329,281,-11.592647,11.608724,100
369,317,-11.217893,14.273223,100
504,133,-0.133124,11.565752,100
92,454,-26.230268,10.616231,100
287,284,-13.297611,10.373573,100
4,341,-25.968261,3.459845,100
259,451,-19.738005,15.869374,100
218,413,-20.086769,13.096134,100
98,268,-20.021705,3.685593,100
251,447,-19.915816,15.459029,100
226,274,-15.312374,8.029809,100
17,280,-23.509602,1.541515,100
102,467,-26.265156,11.435549,100
444,496,-14.099280,23.539432,100
316,576,-21.572989,22.488878,100
1,335,-25.890293,3.133623,100
143,239,-17.366102,4.021417,100
229,279,-15.358198,8.317732,100
491,199,-2.752504,13.675574,100
430,40,0.022181,5.625349,100
5,305,-24.772781,2.113247,100
286,404,-17.193183,14.937236,100
321,282,-11.931178,11.389870,100
172,153,-13.491070,1.659930,100
272,277,-13.647080,9.623325,100
397,537,-17.217206,23.598900,100
243,442,-20.061484,15.010386,100
507,143,-0.339669,12.045167,100
222,419,-20.126439,13.454500,100
103,468,-26.259001,11.505992,100
230,280,-15.352044,8.388175,100
325,23,-3.452703,1.599162,100
376,334,-11.496251,15.149304,100
7,351,-26.174806,3.939261,100
106,473,-26.304826,11.793916,100
497,215,-3.037017,14.481212,100
312,578,-21.790471,22.436899,100
252,447,-19.877518,15.491173,100
244,443,-20.055329,15.080828,100
239,99,-9.189305,1.745461,100
508,144,-0.333514,12.115610,100
325,288,-11.970848,11.748237,100
441,54,-0.006552,6.515110,100
343,422,-15.588765,17.458812,100
8,352,-26.168651,4.009703,100
355,396,-14.293442,16.848781,100
555,324,-4.319400,20.520086,100
11,357,-26.214476,4.297627,100
267,283,-14.031435,9.692396,100
210,566,-25.311180,18.698636,100
133,203,-16.591904,2.321236,100
308,55,-5.132382,2.278264,100
541,406,-7.491380,23.210539,100
374,0,-0.836771,2.293352,100
145,177,-15.296581,1.711205,100
320,29,-3.837059,1.668233,100
508,229,-3.065749,15.370973,100
36,270,-22.460493,1.769266,100
264,277,-13.953467,9.366174,100
211,122,-11.000970,1.726294,100
445,60,-0.046222,6.873476,100
1,312,-25.150982,2.252760,100
498,215,-2.998718,14.513356,100
558,346,-4.911671,21.459082,100
132,503,-26.273386,13.778610,100
435,504,-14.701117,23.556523,100
173,275,-17.374333,6.364478,100
502,185,-1.881206,13.492980,100
309,56,-5.126227,2.348706,100
522,429,-8.958361,23.480667,100
413,522,-16.122272,23.538728,100
71,264,-20.927185,2.664513,100
380,345,-11.696641,15.699162,100
375,1,-0.830616,2.363795,100
479,467,-11.826661,23.553816,100
22,371,-26.243209,5.187388,100
115,270,-19.434920,4.308637,100
537,408,-7.708862,23.158560,100
136,213,-16.798449,2.800652,100
502,450,-10.399351,23.642054,100
549,382,-6.413539,22.548529,100
456,74,-0.074955,7.763237,100
305,287,-12.704672,11.067059,100
143,517,-26.302119,14.668371,100
210,278,-16.053724,7.668699,100
552,307,-3.887848,19.772581,100
116,271,-19.428765,4.379080,100
47,400,-26.217923,7.101640,100
316,445,-17.362133,17.471789,100
537,264,-3.080134,17.643591,100
0,325,-25.607152,2.718495,100
309,406,-16.376608,15.753144,100
295,93,-6.851731,3.315732,100
141,184,-15.674782,1.850718,100
316,36,-4.215260,1.807746,100
474,473,-12.211017,23.622887,100
307,67,-5.556408,2.705701,100
179,147,-13.030117,1.655147,100
58,415,-26.278800,8.029699,100
357,562,-19.552740,23.270603,100
244,276,-14.687291,8.684996,100
558,323,-4.172360,20.578219,100
538,265,-3.073980,17.714034,100
288,90,-7.023388,2.975829,100
312,447,-17.579614,17.419810,100
308,68,-5.550253,2.776143,100
387,361,-11.942856,16.536944,100
363,4,-1.386629,2.092963,100
243,576,-24.368772,20.142370,100
379,357,-12.120667,16.126599,100
372,318,-11.135142,14.407954,100
312,38,-4.432741,1.755767,100
3,335,-25.813696,3.197911,100
157,164,-14.419129,1.599053,100
332,16,-2.959607,1.556081,100
248,282,-14.726961,9.043363,100
195,276,-16.563912,7.109943,100
252,401,-18.398896,13.729447,100
84,445,-26.247360,10.014394,100
332,281,-11.477752,11.705155,100
280,91,-7.361919,2.756976,100
541,275,-3.280524,18.193449,100
546,390,-6.785585,22.758484,100
350,415,-15.095669,17.415731,100
87,450,-26.293185,10.302318,100
544,280,-3.326348,18.481373,100
311,78,-5.756797,3.255559,100
180,269,-16.913380,6.359695,100
139,231,-17.262144,3.586455,100
241,99,-9.112708,1.809749,100
385,372,-12.373036,16.893938,100
422,31,0.005090,5.023512,100
138,272,-18.618345,5.124545,100
218,115,-10.507874,1.683212,100
88,451,-26.287030,10.372760,100
281,580,-23.042009,21.517034,100
220,570,-25.056772,19.173269,100
509,444,-9.938399,23.637272,100
214,410,-20.143531,12.852663,100
375,364,-12.498868,16.266112,100
247,444,-19.972578,15.215558,100
335,291,-11.684296,12.184571,100
286,286,-13.400198,10.418026,100
4,308,-24.907511,2.195998,100
233,280,-15.237149,8.484607,100
219,116,-10.501719,1.753655,100
558,336,-4.590232,21.076098,100
241,400,-18.788035,13.337565,100
113,480,-26.261745,12.287012,100
221,571,-25.050617,19.243712,100
213,567,-25.228429,18.833367,100
347,567,-20.096444,23.140655,100
548,291,-3.526738,19.031231,100
366,400,-14.000736,17.355558,100
123,493,-26.296632,13.106331,100
164,265,-17.397579,5.692199,100
323,438,-16.869036,17.428708,100
270,283,-13.916540,9.788828,100
136,203,-16.477009,2.417668,100
81,267,-20.640633,3.100848,100
415,521,-16.013532,23.564717,100
377,0,-0.721876,2.389784,100
481,466,-11.717921,23.579806,100
11,288,-23.996544,1.655038,100
313,281,-12.205421,11.094420,100
509,156,-0.680943,12.607334,100
124,494,-26.290478,13.176773,100
554,307,-3.811251,19.836869,100
28,377,-26.206282,5.610042,100
332,114,-6.109713,5.309324,100
518,241,-3.068493,16.151993,100
255,276,-14.266008,9.038580,100
382,380,-12.745083,17.103894,100
0,315,-25.285712,2.335511,100
187,141,-12.530867,1.682508,100
213,279,-15.970973,7.803429,100
307,57,-5.234968,2.322717,100
118,270,-19.320025,4.405069,100
515,235,-2.990524,15.825771,100
262,580,-23.769679,20.906299,100
379,311,-10.642046,14.364873,100
29,378,-26.200128,5.680485,100
149,523,-26.265192,15.091025,100
308,287,-12.589777,11.163491,100
39,391,-26.235015,6.499803,100
119,271,-19.313870,4.475511,100
529,255,-3.097226,17.041754,100
412,524,-16.224859,23.583181,100
150,524,-26.259038,15.161467,100
306,97,-6.559024,3.822508,100
357,408,-14.602573,17.372650,100
466,86,-0.077698,8.544257,100
263,401,-17.977614,14.083030,100
369,382,-13.307250,16.762619,100
314,446,-17.470874,17.445799,100
7,295,-24.374745,1.794551,100
309,288,-12.583622,11.233933,100
557,353,-5.174977,21.695027,100
214,279,-15.932674,7.835573,100
246,577,-24.286021,20.277101,100
198,271,-16.288297,7.014883,100
488,110,-0.006588,10.170585,100
43,397,-26.274685,6.858169,100
358,409,-14.596418,17.443092,100
533,261,-3.136896,17.400120,100
226,110,-10.040767,1.748872,100
251,283,-14.644209,9.178093,100
299,94,-6.730681,3.482606,100
291,90,-6.908493,3.072261,100
156,274,-17.993261,5.779733,100
136,216,-16.894880,2.915547,100
450,492,-13.740913,23.579102,100
54,263,-21.546114,2.079768,100
247,578,-24.279867,20.347543,100
516,437,-9.445303,23.594190,100
293,279,-12.907101,10.374945,100
140,186,-15.777369,1.895171,100
509,169,-1.098814,13.105213,100
548,389,-6.676845,22.784474,100
386,327,-10.888260,15.202654,100
23,275,-23.119092,1.542886,100
68,426,-26.249399,8.772421,100
343,402,-14.945887,16.692844,100
330,432,-16.408084,17.423925,100
301,405,-16.650851,15.457694,100
288,286,-13.323601,10.482314,100
283,91,-7.247024,2.853407,100
502,129,-0.081145,11.348270,100
82,446,-26.356101,9.988404,100
2,337,-25.916282,3.242364,100
236,275,-14.961534,8.389546,100
183,269,-16.798485,6.456127,100
557,330,-4.435666,20.814164,100
220,416,-20.106604,13.275317,100
489,461,-11.250814,23.645465,100
141,272,-18.503449,5.220977,100
503,130,-0.074991,11.418712,100
231,574,-24.764065,19.680046,100
243,399,-18.679294,13.363555,100
493,202,-2.772339,13.854757,100
42,266,-22.102127,1.808936,100
389,543,-17.716457,23.571539,100
349,566,-19.987703,23.166645,100
135,228,-17.318906,3.342984,100
242,440,-20.035494,14.901645,100
136,193,-16.155570,2.034684,100
221,417,-20.100450,13.345759,100
289,286,-13.285302,10.514458,100
310,80,-5.859384,3.300012,100
253,449,-19.903507,15.599914,100
19,282,-23.497293,1.682399,100
179,271,-17.015966,6.404148,100
105,471,-26.278836,11.685175,100
224,422,-20.146274,13.633683,100
244,400,-18.673140,13.433997,100
151,172,-14.906071,1.712577,100
9,354,-26.194641,4.118444,100
347,4,-1.999403,1.578660,100
149,248,-17.425608,4.558967,100
374,366,-12.601454,16.310564,100
221,273,-15.471722,7.830790,100
375,331,-11.438118,15.002265,100
195,135,-12.031616,1.709870,100
443,57,-0.026387,6.694293,100
6,348,-26.116672,3.792222,100
496,212,-2.978883,14.334173,100
556,343,-4.891836,21.279899,100
130,500,-26.253551,13.599427,100
378,336,-11.483943,15.290188,100
345,568,-20.205185,23.114666,100
130,271,-18.892588,4.829095,100
419,517,-15.731762,23.540099,100
2,314,-25.176972,2.361501,100
150,249,-17.419453,4.629409,100
313,577,-21.720029,22.430745,100
281,403,-17.352531,14.738218,100
317,97,-6.137742,4.176092,100
316,281,-12.090526,11.190852,100
368,557,-18.970738,23.432694,100
389,351,-11.544819,16.218248,100
20,368,-26.223374,5.008205,100
167,158,-13.843282,1.690702,100
342,10,-2.383759,1.647730,100
10,354,-26.156342,4.150588,100
23,373,-26.269198,5.296129,100
258,276,-14.151113,9.135012,100
233,103,-9.547671,1.705791,100
391,540,-17.543428,23.520932,100
134,506,-26.293221,13.957793,100
523,430,-8.952206,23.551109,100
264,90,-7.942549,2.204374,100
216,279,-15.856077,7.899861,100
444,57,0.011912,6.726437,100
265,580,-23.654783,21.002731,100
292,454,-18.570590,17.045020,100
224,399,-19.406964,12.752820,100
24,374,-26.263044,5.366571,100
259,277,-14.144959,9.205454,100
392,541,-17.537274,23.591374,100
458,486,-13.241663,23.606463,100
525,247,-2.993268,16.606791,100
311,287,-12.474882,11.259923,100
262,282,-14.190783,9.493378,100
338,12,-2.601240,1.595751,100
122,271,-19.198975,4.571943,100
381,382,-12.847669,17.148346,100
319,407,-16.025768,16.112882,100
509,159,-0.777375,12.722229,100
260,92,-8.160031,2.152395,100
266,401,-17.862719,14.179462,100
145,520,-26.321954,14.847554,100
364,558,-19.156076,23.342417,100
49,403,-26.237758,7.280823,100
357,290,-10.809587,12.853440,100
376,389,-13.264168,17.255715,100
296,280,-12.824350,10.509675,100
388,363,-11.968845,16.645685,100
483,106,-0.069504,9.856672,100
279,456,-19.132757,16.703745,100
254,283,-14.529314,9.274525,100
205,278,-16.245216,7.507979,100
345,401,-14.837146,16.718834,100
50,404,-26.231604,7.351266,100
57,263,-21.431219,2.176200,100
2,327,-25.594843,2.859380,100
295,580,-22.505832,21.967049,100
252,93,-8.498562,1.933542,100
377,353,-12.068688,15.909117,100
202,272,-16.167247,7.181757,100
60,417,-26.266491,8.170584,100
334,428,-16.126315,17.399307,100
300,286,-12.864020,10.868041,100
426,511,-15.270810,23.535317,100
547,392,-6.811575,22.867225,100
377,389,-13.225870,17.287859,100
304,405,-16.535956,15.554126,100
27,276,-22.998042,1.709761,100
202,128,-11.538519,1.666788,100
543,278,-3.300359,18.372632,100
139,188,-15.879955,1.939624,100
314,40,-4.420432,1.896652,100
239,275,-14.846639,8.485978,100
353,297,-11.187789,12.992953,100
186,269,-16.683590,6.552559,100
345,293,-11.365600,12.582607,100
372,396,-13.642370,17.395228,100
138,229,-17.236155,3.477714,100
322,575,-21.311055,22.643444,100
329,434,-16.510670,17.468378,100
86,447,-26.235051,10.155279,100
556,333,-4.570397,20.896915,100
306,450,-17.905836,17.341841,100
274,89,-7.527421,2.487515,100
386,330,-10.984692,15.317550,100
174,151,-13.350185,1.647621,100
89,452,-26.280876,10.443202,100
414,20,0.052286,4.345078,100
547,284,-3.340029,18.730999,100
264,453,-19.610801,16.106691,100
256,449,-19.788612,15.696346,100
216,413,-20.163366,13.031846,100
197,134,-11.922875,1.735859,100
329,290,-11.881942,11.953409,100
389,341,-11.223380,15.835264,100
334,405,-15.387004,16.518444,100
275,90,-7.521267,2.557957,100
46,267,-21.981077,1.975810,100
322,22,-3.535454,1.464432,100
238,437,-20.092256,14.658174,100
284,404,-17.269780,14.872948,100
257,450,-19.782458,15.766788,100
540,407,-7.561823,23.216693,100
377,366,-12.486559,16.406996,100
249,446,-19.960269,15.356443,100
345,5,-2.108144,1.552670,100
465,479,-12.748566,23.563382,100
135,195,-16.258156,2.079137,100
425,34,0.023553,5.234839,100
133,271,-18.777693,4.925527,100
428,39,-0.022272,5.522763,100
115,482,-26.249436,12.427897,100
215,569,-25.216120,18.974251,100
551,375,-6.111934,22.344728,100
122,490,-26.238499,12.959291,100
75,266,-20.838280,2.869686,100
437,502,-14.560232,23.544214,100
228,279,-15.396497,8.285588,100
33,269,-22.543244,1.634535,100
261,276,-14.036218,9.231443,100
285,404,-17.231481,14.905092,100
310,577,-21.834924,22.334313,100
508,153,-0.622810,12.460295,100
170,274,-17.457084,6.229748,100
208,566,-25.387777,18.634348,100
380,4,-0.735556,2.639410,100
268,580,-23.539888,21.099163,100
372,0,-0.913368,2.229065,100
227,399,-19.292068,12.849252,100
556,346,-4.988268,21.394794,100
388,353,-11.647406,16.262701,100
209,122,-11.077567,1.662006,100
464,83,-0.057863,8.365074,100
517,238,-3.010359,16.004954,100
353,395,-14.337895,16.746195,100
454,69,0.009168,7.507457,100
520,243,-3.056184,16.292878,100
171,275,-17.450929,6.300190,100
232,105,-9.650257,1.750244,100
76,266,-20.799981,2.901830,100
2,317,-25.273404,2.476396,100
204,272,-16.090651,7.246045,100
336,571,-20.646302,22.940265,100
377,343,-11.747249,15.526133,100
390,542,-17.646014,23.565385,100
41,394,-26.254850,6.678986,100
389,354,-11.641251,16.333143,100
113,270,-19.511517,4.244349,100
151,525,-26.252883,15.231910,100
434,505,-14.771559,23.562678,100
335,117,-6.091250,5.520651,100
500,450,-10.475948,23.577766,100
309,65,-5.415523,2.693392,100
327,113,-6.269061,5.110306,100
521,244,-3.050029,16.363320,100
163,536,-26.146886,16.038919,100
299,280,-12.709455,10.606107,100
250,275,-14.425356,8.839562,100
336,427,-16.017574,17.425297,100
282,456,-19.017862,16.800177,100
257,283,-14.414419,9.370956,100
208,278,-16.130321,7.604411,100
152,526,-26.246729,15.302352,100
60,263,-21.316324,2.272632,100
298,580,-22.390936,22.063481,100
535,264,-3.156731,17.579303,100
472,473,-12.287614,23.558599,100
303,286,-12.749125,10.964473,100
215,402,-19.848081,12.578420,100
67,424,-26.223410,8.663681,100
242,276,-14.763887,8.620708,100
490,112,0.005721,10.311470,100
495,456,-10.860304,23.646837,100
329,15,-3.042358,1.421351,100
70,429,-26.269235,8.951604,100
258,400,-18.136962,13.884012,100
359,303,-11.150862,13.415607,100
324,574,-21.202314,22.669433,100
508,166,-1.040681,12.958174,100
56,265,-21.533805,2.220653,100
539,270,-3.196401,17.937669,100
501,127,-0.055156,11.239529,100
241,576,-24.445369,20.078083,100
288,279,-13.098593,10.214225,100
504,132,-0.100980,11.527453,100
71,430,-26.263080,9.022047,100
246,282,-14.803558,8.979075,100
4,340,-25.936117,3.421547,100
151,273,-18.152609,5.580714,100
325,575,-21.196160,22.739875,100
356,562,-19.591039,23.238459,100
377,356,-12.165120,16.024012,100
330,281,-11.554349,11.640868,100
1,334,-25.858149,3.095325,100
48,266,-21.872336,2.001799,100
409,16,-0.010630,4.031165,100
309,78,-5.833394,3.191271,100
5,304,-24.740637,2.074949,100
185,271,-16.786176,6.597012,100
177,267,-16.963987,6.186667,100
138,196,-16.175405,2.213867,100
312,83,-5.879219,3.479195,100
222,418,-20.094295,13.416201,100
230,279,-15.319900,8.349876,100
150,170,-14.880082,1.603836,100
374,552,-18.580228,23.434066,100
279,580,-23.118606,21.452746,100
374,323,-11.219265,14.663734,100
287,404,-17.154885,14.969380,100
186,272,-16.780022,6.667454,100
173,153,-13.452771,1.692074,100
178,268,-16.957833,6.257109,100
244,442,-20.023185,15.042530,100
373,327,-11.386139,14.784783,100
223,419,-20.088141,13.486644,100
284,286,-13.476794,10.353738,100
384,373,-12.443478,16.900093,100
507,178,-1.464707,13.385611,100
376,369,-12.621289,16.489748,100
222,274,-15.465567,7.901233,100
8,351,-26.136507,3.971405,100
107,473,-26.266527,11.826060,100
134,198,-16.392886,2.161888,100
556,336,-4.666829,21.011810,100
388,343,-11.325966,15.879717,100
375,553,-18.574074,23.504508,100
218,569,-25.101224,19.070683,100
315,93,-6.085763,3.958610,100
398,536,-17.146763,23.592746,100
151,250,-17.413299,4.699851,100
78,266,-20.723384,2.966118,100
2,307,-24.951964,2.093412,100
163,261,-17.307301,5.506861,100
558,345,-4.879527,21.420784,100
223,275,-15.459413,7.971675,100
445,59,-0.014078,6.835178,100
1,311,-25.118838,2.214462,100
132,502,-26.241242,13.740312,100
141,242,-17.539131,4.072025,100
316,94,-6.079608,4.029053,100
12,357,-26.176177,4.329771,100
211,566,-25.272881,18.730780,100
502,184,-1.849062,13.454682,100
309,55,-5.094083,2.310408,100
79,267,-20.717230,3.036560,100
380,344,-11.664497,15.660864,100
319,99,-6.125433,4.316977,100
375,0,-0.798473,2.325496,100
344,421,-15.518323,17.452658,100
212,122,-10.962672,1.758438,100
22,370,-26.211065,5.149090,100
446,60,-0.007923,6.905620,100
436,504,-14.662818,23.588667,100
356,395,-14.223000,16.842627,100
293,455,-18.564435,17.115462,100
174,275,-17.336034,6.396622,100
449,65,-0.053748,7.193544,100
502,220,-3.006244,14.833424,100
333,119,-6.232134,5.532960,100
143,516,-26.269975,14.630072,100
552,306,-3.855704,19.734283,100
116,270,-19.396621,4.340781,100
311,100,-6.463964,4.098123,100
471,89,0.017362,8.819872,100
340,423,-15.735805,17.400679,100
303,96,-6.641775,3.687778,100
337,9,-2.543107,1.448712,100
302,280,-12.594560,10.702539,100
33,272,-22.639676,1.749431,100
26,376,-26.250735,5.507456,100
158,532,-26.209802,15.725006,100
211,278,-16.015425,7.700843,100
117,271,-19.390467,4.411224,100
377,310,-10.686498,14.262286,100
147,522,-26.309645,14.988439,100
485,109,-0.089339,10.035855,100
498,191,-2.227263,13.594195,100
441,500,-14.342751,23.596193,100
296,93,-6.813432,3.347875,100
312,446,-17.547470,17.381511,100
133,215,-16.977632,2.780817,100
387,360,-11.910712,16.498645,100
180,147,-12.991819,1.687291,100
306,286,-12.634230,11.060905,100
379,356,-12.088523,16.088300,100
212,279,-16.009271,7.771285,100
482,103,-0.011371,9.709633,100
555,353,-5.251574,21.630739,100
358,562,-19.514442,23.302747,100
196,271,-16.364894,6.950595,100
248,281,-14.694817,9.005064,100
297,94,-6.807278,3.418318,100
381,316,-10.726168,14.620652,100
52,406,-26.219295,7.492150,100
368,383,-13.377692,16.768774,100
313,447,-17.541316,17.451954,100
309,68,-5.511955,2.808287,100
514,437,-9.521899,23.529903,100
327,574,-21.087419,22.765865,100
534,415,-8.048765,23.330217,100
405,530,-16.685811,23.587963,100
291,279,-12.983698,10.310657,100
471,475,-12.390200,23.603052,100
546,389,-6.753441,22.720186,100
274,455,-19.292105,16.504727,100
355,300,-11.207624,13.172136,100
188,272,-16.703425,6.731742,100
139,230,-17.230001,3.548156,100
191,277,-16.749249,7.019666,100
351,415,-15.057371,17.447875,100
376,359,-12.299850,16.106764,100
88,450,-26.254886,10.334462,100
545,280,-3.288050,18.513517,100
363,389,-13.762047,16.837844,100
404,12,-0.073546,3.717252,100
234,275,-15.038131,8.325259,100
286,285,-13.368054,10.379728,100
4,307,-24.875367,2.157700,100
97,269,-20.092147,3.691748,100
366,314,-11.236356,14.061896,100
501,130,-0.151588,11.354425,100
16,281,-23.580044,1.547669,100
282,580,-23.003711,21.549178,100
558,335,-4.558088,21.037800,100
377,552,-18.465333,23.530498,100
426,36,-0.002436,5.343580,100
405,13,-0.067392,3.787694,100
241,399,-18.755891,13.299267,100
504,135,-0.197412,11.642348,100
490,200,-2.822946,13.681729,100
92,456,-26.294556,10.692828,100
181,268,-16.842938,6.353541,100
416,22,0.064595,4.485963,100
221,570,-25.018473,19.205413,100
287,286,-13.361899,10.450170,100
4,343,-26.032549,3.536442,100
359,391,-13.979529,16.785865,100
218,415,-20.151057,13.172731,100
548,290,-3.494594,18.992933,100
137,198,-16.277991,2.258320,100
242,400,-18.749736,13.369709,100
324,24,-3.523145,1.605317,100
215,117,-10.687057,1.663377,100
240,439,-20.079947,14.799059,100
158,257,-17.370218,5.192948,100
177,270,-17.060419,6.301562,100
506,180,-1.567293,13.430064,100
507,145,-0.403956,12.121764,100
427,36,0.035862,5.375724,100
324,289,-12.041290,11.754391,100
526,424,-8.644447,23.417751,100
343,568,-20.281781,23.050378,100
271,283,-13.878242,9.820972,100
376,336,-11.560539,15.225901,100
382,379,-12.712939,17.065595,100
440,500,-14.381049,23.564050,100
279,403,-17.429128,14.673930,100
506,445,-10.085438,23.579138,100
262,579,-23.737535,20.868001,100
128,499,-26.298004,13.496841,100
35,271,-22.530935,1.775420,100
325,110,-6.249226,4.931123,100
320,440,-17.048220,17.408873,100
13,289,-23.952091,1.757624,100
188,141,-12.492568,1.714652,100
133,205,-16.656192,2.397833,100
521,430,-9.028803,23.486821,100
119,270,-19.281726,4.437213,100
463,80,0.000271,8.218035,100
412,523,-16.192715,23.544882,100
263,580,-23.731380,20.938443,100
145,179,-15.360869,1.787802,100
478,468,-11.897104,23.559971,100
519,240,-2.998050,16.145839,100
1,314,-25.215270,2.329357,100
153,528,-26.272718,15.411093,100
33,383,-26.207654,6.000552,100
362,293,-10.714527,13.129054,100
309,287,-12.551478,11.195635,100
522,431,-9.022649,23.557264,100
214,278,-15.900530,7.797275,100
380,347,-11.760929,15.775759,100
375,3,-0.894904,2.440392,100
371,378,-13.102077,16.673713,100
43,396,-26.242541,6.819871,100
317,407,-16.102365,16.048594,100
184,143,-12.710050,1.662673,100
222,398,-19.451416,12.650234,100
9,291,-24.169572,1.705645,100
479,469,-11.890949,23.630413,100
154,529,-26.266564,15.481535,100
136,215,-16.862737,2.877248,100
165,538,-26.134577,16.179804,100
247,577,-24.247723,20.309245,100
199,271,-16.249999,7.047027,100
157,274,-17.954963,5.811876,100
292,90,-6.870194,3.104405,100
343,401,-14.913743,16.654546,100
108,269,-19.670865,4.045331,100
492,115,-0.014114,10.490653,100
47,402,-26.282211,7.178237,100
0,327,-25.671440,2.795092,100
294,279,-12.868803,10.407089,100
141,186,-15.739070,1.927315,100
307,69,-5.620695,2.782297,100
555,320,-4.190824,20.366892,100
277,455,-19.177210,16.601159,100
532,416,-8.157505,23.304227,100
493,116,-0.007960,10.561095,100
236,274,-14.929390,8.351248,100
156,165,-14.489571,1.605208,100
331,17,-3.030049,1.562236,100
355,411,-14.775601,17.423257,100
260,402,-18.124653,14.024897,100
447,494,-13.920097,23.559267,100
367,385,-13.480278,16.813226,100
308,70,-5.614541,2.852740,100
387,363,-12.007143,16.613541,100
355,2,-1.628728,1.759214,100
379,359,-12.184955,16.203195,100
246,95,-8.792640,1.817275,100
344,401,-14.875444,16.686690,100
331,282,-11.548194,11.711310,100
137,188,-15.956552,1.875336,100
372,320,-11.199430,14.484551,100
157,166,-14.483417,1.675650,100
343,293,-11.442197,12.518320,100
312,40,-4.497029,1.832364,100
223,111,-10.187806,1.690739,100
135,227,-17.286762,3.304685,100
289,285,-13.253158,10.476159,100
73,432,-26.250771,9.162931,100
557,365,-5.560704,22.154608,100
381,548,-18.183563,23.505880,100
179,270,-16.983823,6.365850,100
285,580,-22.888815,21.645610,100
224,421,-20.114130,13.595385,100
244,399,-18.640996,13.395699,100
485,462,-11.436151,23.555188,100
272,89,-7.604018,2.423227,100
87,452,-26.357473,10.378914,100
290,286,-13.247004,10.546602,100
311,80,-5.821085,3.332156,100
544,282,-3.390636,18.557970,100
254,449,-19.865209,15.632058,100
274,278,-13.602627,9.725911,100
180,271,-16.977668,6.436292,100
195,134,-11.999472,1.671571,100
345,567,-20.173041,23.076367,100
225,422,-20.107976,13.665827,100
245,400,-18.634841,13.466141,100
232,281,-15.307591,8.490761,100
43,265,-22.031684,1.802781,100
218,117,-10.572162,1.759809,100
393,6,-0.301965,3.133878,100
109,476,-26.286363,12.005243,100
142,244,-17.565121,4.180765,100
317,96,-6.105598,4.137793,100
300,452,-18.199915,17.225574,100
153,253,-17.433134,4.879034,100
346,568,-20.166886,23.146810,100
420,517,-15.693464,23.572243,100
327,289,-11.926395,11.850823,100
486,462,-11.397853,23.587332,100
273,89,-7.565720,2.455371,100
10,353,-26.124198,4.112290,100
217,274,-15.657059,7.740513,100
447,62,-0.033913,7.014361,100
500,217,-2.986409,14.654241,100
134,505,-26.261077,13.919495,100
282,403,-17.314233,14.770362,100
318,97,-6.099444,4.208236,100
154,254,-17.426979,4.949477,100
328,290,-11.920241,11.921265,100
24,373,-26.230900,5.328273,100
366,402,-14.065024,17.432155,100
501,218,-2.980255,14.724683,100
259,276,-14.112815,9.167156,100
458,485,-13.209519,23.568165,100
283,404,-17.308078,14.840805,100
163,159,-14.028619,1.600425,100
136,205,-16.541297,2.494264,100
524,430,-8.913908,23.583253,100
381,381,-12.815525,17.110048,100
266,580,-23.616485,21.034875,100
319,406,-15.993624,16.074583,100
509,158,-0.745231,12.683931,100
225,399,-19.368665,12.784964,100
260,91,-8.127887,2.114097,100
448,62,0.004386,7.046505,100
321,107,-6.305988,4.687652,100
28,379,-26.270570,5.686639,100
288,455,-18.755927,16.954742,100
362,404,-14.282505,17.380176,100
230,105,-9.726854,1.685956,100
0,317,-25.350000,2.412108,100
334,571,-20.722899,22.875977,100
319,442,-17.150806,17.453325,100
320,407,-15.987469,16.145026,100
12,291,-24.054677,1.802077,100
261,92,-8.121732,2.184539,100
302,93,-6.583642,3.540739,100
32,269,-22.581542,1.602391,100
205,277,-16.213072,7.469681,100
515,237,-3.054812,15.902368,100
555,310,-3.869384,19.983908,100
379,313,-10.706333,14.441469,100
144,181,-15.463455,1.832255,100
358,290,-10.771289,12.885583,100
365,558,-19.117777,23.374561,100
339,11,-2.530798,1.589597,100
350,286,-10.949100,12.475238,100
262,402,-18.048056,14.089185,100
160,534,-26.197493,15.865891,100
297,280,-12.786052,10.541819,100
202,271,-16.135103,7.143459,100
280,456,-19.094458,16.735889,100
346,401,-14.798847,16.750978,100
380,314,-10.700179,14.511912,100
58,263,-21.392921,2.208344,100
487,111,-0.077030,10.176740,100
296,580,-22.467533,21.999193,100
225,111,-10.111209,1.755027,100
377,388,-13.193726,17.249561,100
383,319,-10.746004,14.799836,100
54,409,-26.239130,7.671333,100
557,355,-5.239265,21.771624,100
301,286,-12.825722,10.900185,100
248,94,-8.683899,1.843265,100
206,277,-16.174774,7.501825,100
139,187,-15.847811,1.901325,100
314,39,-4.388288,1.858353,100
239,274,-14.814495,8.447680,100
488,112,-0.070876,10.247182,100
64,422,-26.274017,8.490652,100
493,456,-10.936901,23.582549,100
291,92,-6.972780,3.148857,100
136,218,-16.959168,2.992144,100
103,270,-19.894500,3.922910,100
54,265,-21.610402,2.156365,100
335,427,-16.055872,17.393153,100
8,298,-24.432878,1.941590,100
497,197,-2.458426,13.791841,100
249,95,-8.677745,1.913707,100
140,188,-15.841656,1.971768,100
65,423,-26.267863,8.561094,100
240,275,-14.808340,8.518122,100
548,391,-6.741133,22.861071,100
386,329,-10.952548,15.279251,100
547,283,-3.307885,18.692700,100
357,302,-11.195315,13.313020,100
149,273,-18.229206,5.516427,100
207,566,-25.426075,18.602205,100
214,402,-19.886379,12.546276,100
335,283,-11.427144,11.878184,100
275,89,-7.489123,2.519659,100
387,330,-10.946393,15.349694,100
502,131,-0.145433,11.424867,100
373,395,-13.571927,17.389074,100
378,361,-12.287541,16.247648,100
90,452,-26.242577,10.475346,100
532,419,-8.253937,23.419122,100
371,322,-11.302016,14.529003,100
3,304,-24.817234,2.010661,100
2,339,-25.980570,3.318961,100
277,278,-13.487732,9.822343,100
492,203,-2.842781,13.860912,100
183,271,-16.862773,6.532724,100
377,365,-12.454415,16.368698,100
544,393,-6.958614,22.809092,100
175,267,-17.040584,6.122379,100
135,194,-16.226012,2.040838,100
330,290,-11.843644,11.985553,100
235,281,-15.192696,8.587193,100
310,46,-4.766490,1.997866,100
425,33,0.055697,5.196541,100
326,436,-16.689853,17.448543,100
18,283,-23.567735,1.688554,100
91,453,-26.236423,10.545789,100
428,38,0.009872,5.484464,100
506,137,-0.185103,11.783233,100
303,452,-18.085020,17.322006,100
94,458,-26.282247,10.833712,100
171,153,-13.529368,1.627786,100
346,5,-2.069846,1.584814,100
369,397,-13.789409,17.337095,100
42,268,-22.166415,1.885533,100
505,178,-1.541303,13.321323,100
311,47,-4.760335,2.068309,100
281,284,-13.527402,10.180709,100
335,404,-15.316562,16.512290,100
215,568,-25.183976,18.935953,100
194,136,-12.102058,1.716024,100
220,274,-15.542164,7.836945,100
323,21,-3.465012,1.458278,100
429,39,0.016027,5.554907,100
509,148,-0.423792,12.300947,100
285,403,-17.199337,14.866794,100
216,569,-25.177821,19.006395,100
208,565,-25.355633,18.596050,100
396,536,-17.223360,23.528458,100
160,259,-17.357909,5.333832,100
126,495,-26.246025,13.279359,100
375,333,-11.502406,15.078861,100
556,345,-4.956124,21.356496,100
496,214,-3.043171,14.410770,100
331,406,-15.534043,16.460311,100
273,285,-13.865933,9.961856,100
224,280,-15.581834,8.195311,100
130,502,-26.317839,13.676024,100
364,403,-14.173764,17.406166,100
171,274,-17.418785,6.261892,100
2,316,-25.241260,2.438098,100
209,566,-25.349478,18.666492,100
201,562,-25.527290,18.256147,100
311,577,-21.796625,22.366457,100
228,399,-19.253770,12.881396,100
389,353,-11.609107,16.294845,100
319,288,-12.200638,11.555373,100
291,455,-18.641032,17.051174,100
327,112,-6.236917,5.072007,100
468,88,-0.065389,8.685142,100
233,105,-9.611959,1.782388,100
77,266,-20.761683,2.933974,100
521,243,-3.017885,16.325022,100
337,571,-20.608004,22.972409,100
457,487,-13.312105,23.612617,100
391,542,-17.607716,23.597529,100
323,407,-15.872574,16.241457,100
274,402,-17.588476,14.474912,100
465,82,0.012579,8.358920,100
444,59,-0.052376,6.803034,100
45,399,-26.262376,6.999054,100
298,579,-22.358792,22.025183,100
522,244,-3.011731,16.395464,100
364,295,-10.702218,13.269939,100
251,275,-14.387058,8.871706,100
350,397,-14.517078,16.726360,100
525,249,-3.057556,16.683388,100
337,427,-15.979276,17.457441,100
370,375,-13.043944,16.526674,100
283,456,-18.979563,16.832321,100
262,284,-14.255071,9.569975,100
209,278,-16.092022,7.636555,100
46,400,-26.256222,7.069496,100
509,161,-0.841663,12.798826,100
469,88,-0.027091,8.717286,100
156,531,-26.254255,15.622420,100
293,91,-6.864040,3.174847,100
508,165,-1.008537,12.919876,100
539,269,-3.164257,17.899371,100
304,286,-12.710826,10.996617,100
376,391,-13.328456,17.332312,100
556,358,-5.373995,21.854375,100
333,429,-16.196757,17.405462,100
536,263,-3.086288,17.573149,100
201,130,-11.641106,1.711241,100
71,429,-26.230936,8.983748,100
259,400,-18.098664,13.916156,100
246,281,-14.771414,8.940776,100
494,117,-0.001805,10.631538,100
325,574,-21.164016,22.701577,100
57,265,-21.495507,2.252797,100
2,329,-25.659131,2.935977,100
242,576,-24.407071,20.110227,100
303,406,-16.606398,15.560280,100
377,355,-12.132976,15.985714,100
557,322,-4.178515,20.507777,100
194,270,-16.409347,6.848009,100
334,430,-16.190603,17.475904,100
272,455,-19.368702,16.440439,100
247,282,-14.765259,9.011219,100
152,273,-18.114311,5.612858,100
352,298,-11.258231,12.999107,100
366,382,-13.422145,16.666187,100
492,458,-11.039487,23.627002,100
75,435,-26.270606,9.342114,100
7,300,-24.535465,1.986043,100
94,268,-20.174898,3.557018,100
357,4,-1.616419,1.900099,100
202,130,-11.602807,1.743385,100
213,405,-20.021110,12.629027,100
326,282,-11.739686,11.550590,100
345,295,-11.429888,12.659204,100
507,177,-1.432563,13.347313,100
284,285,-13.444650,10.315440,100
464,481,-12.851153,23.607835,100
384,372,-12.411334,16.861794,100
189,276,-16.793702,6.917079,100
95,269,-20.168744,3.627460,100
376,368,-12.589146,16.451449,100
375,552,-18.541930,23.466210,100
280,580,-23.080307,21.484890,100
134,197,-16.360742,2.123589,100
86,449,-26.299339,10.231875,100
556,335,-4.634685,20.973512,100
361,388,-13.806500,16.735258,100
402,11,-0.117999,3.614665,100
274,91,-7.591709,2.564112,100
245,442,-19.984887,15.074674,100
240,98,-9.118862,1.739307,100
2,306,-24.919820,2.055114,100
227,424,-20.095667,13.806712,100
389,343,-11.287668,15.911861,100
543,401,-7.254064,23.083335,100
549,295,-3.617016,19.216569,100
141,241,-17.506987,4.033726,100
316,93,-6.047465,3.990754,100
132,272,-18.848135,4.931681,100
12,356,-26.144033,4.291473,100
508,443,-9.944553,23.566829,100
79,266,-20.685086,2.998262,100
371,554,-18.759411,23.414231,100
144,246,-17.552812,4.321650,100
319,98,-6.093289,4.278678,100
170,155,-13.631955,1.672239,100
269,277,-13.761975,9.526893,100
504,180,-1.643890,13.365776,100
322,289,-12.117887,11.690103,100
550,296,-3.610861,19.287011,100
227,280,-15.466939,8.291743,100
112,479,-26.267899,12.216570,100
133,273,-18.841980,5.002123,100
449,64,-0.021604,7.155245,100
145,247,-17.546657,4.392093,100
320,99,-6.087135,4.349120,100
16,362,-26.183704,4.649839,100
115,484,-26.313724,12.504493,100
231,399,-19.138875,12.977827,100
539,403,-7.471545,23.031356,100
122,492,-26.302787,13.035888,100
503,449,-10.328909,23.635900,100
26,375,-26.218591,5.469158,100
450,65,-0.015449,7.225688,100
208,123,-11.148009,1.668160,100
137,508,-26.242614,14.130822,100
352,396,-14.408337,16.752350,100
359,292,-10.797278,12.994324,100
334,119,-6.193836,5.565104,100
506,225,-3.013770,15.153492,100
117,270,-19.358323,4.372925,100
318,31,-3.977943,1.680542,100
341,423,-15.697506,17.432823,100
27,376,-26.212436,5.539600,100
388,355,-11.711694,16.339297,100
307,281,-12.435212,10.901557,100
209,124,-11.141855,1.738603,100
323,109,-6.293679,4.828536,100
353,397,-14.402183,16.822792,100
475,94,0.009836,9.139940,100
30,381,-26.258261,5.827524,100
373,375,-12.929048,16.623106,100
265,284,-14.140176,9.666406,100
517,240,-3.074647,16.081551,100
555,352,-5.219430,21.592441,100
371,302,-10.659137,13.763035,100
212,278,-15.977127,7.732987,100
2,319,-25.337691,2.552993,100
499,451,-10.546390,23.583921,100
68,264,-21.042081,2.568082,100
377,345,-11.811536,15.602730,100
148,522,-26.271347,15.020583,100
220,398,-19.528013,12.585946,100
381,315,-10.694025,14.582354,100
476,95,0.015991,9.210382,100
360,292,-10.758980,13.026468,100
313,446,-17.509172,17.413655,100
309,67,-5.479811,2.769988,100
352,288,-10.936791,12.616123,100
252,579,-24.120519,20.546561,100
205,126,-11.359336,1.686624,100
334,11,-2.722290,1.428877,100
250,277,-14.489644,8.916158,100
486,108,-0.018897,10.029701,100
465,85,-0.083852,8.473815,100
249,281,-14.656518,9.037208,100
60,265,-21.380612,2.349228,100
181,146,-12.921377,1.681137,100
56,411,-26.226821,7.812218,100
292,279,-12.945400,10.342801,100
355,564,-19.693625,23.282911,100
275,455,-19.253806,16.536871,100
376,358,-12.267706,16.068465,100
234,274,-15.005987,8.286960,100
515,436,-9.451457,23.523748,100
496,194,-2.400292,13.644802,100
406,529,-16.615369,23.581809,100
359,305,-11.215150,13.492203,100
192,277,-16.710951,7.051810,100
508,168,-1.104969,13.034771,100
97,268,-20.060003,3.653449,100
366,313,-11.204213,14.023598,100
177,148,-13.138858,1.629158,100
360,4,-1.501524,1.996531,100
501,129,-0.119444,11.316126,100
531,417,-8.227948,23.310382,100
329,282,-11.624791,11.647022,100
369,318,-11.250037,14.311522,100
468,477,-12.569383,23.583217,100
397,8,-0.213059,3.339050,100
330,18,-3.100491,1.568390,100
92,455,-26.262412,10.654529,100
555,365,-5.637301,22.090320,100
98,269,-20.053848,3.723892,100
283,580,-22.965412,21.581322,100
137,197,-16.245847,2.220021,100
402,531,-16.832850,23.529830,100
295,405,-16.880641,15.264830,100
444,497,-14.131424,23.577730,100
370,319,-11.243883,14.381964,100
242,399,-18.717593,13.331411,100
235,274,-14.967688,8.319104,100
277,91,-7.476814,2.660544,100
505,135,-0.159114,11.674492,100
409,18,-0.074918,4.107762,100
193,277,-16.672653,7.083954,100
219,415,-20.112759,13.204874,100
272,278,-13.679223,9.661624,100
137,233,-17.403029,3.598763,100
312,85,-5.943507,3.555791,100
506,179,-1.535149,13.391766,100
103,469,-26.291145,11.544290,100
135,272,-18.733240,5.028113,100
348,416,-15.204410,17.389742,100
376,335,-11.528395,15.187602,100
216,117,-10.648759,1.695521,100
374,554,-18.644516,23.510662,100
147,246,-17.437916,4.418082,100
360,390,-13.909087,16.779711,100
252,448,-19.909662,15.529472,100
348,7,-2.057537,1.725699,100
178,270,-17.022121,6.333706,100
239,100,-9.221448,1.783759,100
508,145,-0.365658,12.153908,100
325,289,-12.002992,11.786535,100
384,375,-12.507766,16.976689,100
136,273,-18.727085,5.098555,100
8,353,-26.200795,4.048002,100
431,41,0.028336,5.695791,100
134,200,-16.457174,2.238485,100
388,345,-11.390254,15.956313,100
148,247,-17.431762,4.488524,100
383,1,-0.524229,2.620946,100
11,358,-26.246620,4.335926,100
280,403,-17.390829,14.706074,100
542,403,-7.356650,23.127788,100
210,567,-25.343324,18.736935,100
133,204,-16.624048,2.359534,100
37,267,-22.325763,1.686514,100
382,5,-0.691104,2.741996,100
527,423,-8.574005,23.411596,100
70,264,-20.965484,2.632369,100
263,579,-23.699236,20.900145,100
129,499,-26.259705,13.528985,100
264,278,-13.985611,9.404472,100
215,273,-15.701512,7.637927,100
1,313,-25.183126,2.291059,100
132,504,-26.305530,13.816908,100
309,57,-5.158371,2.387005,100
203,564,-25.514981,18.397032,100
413,523,-16.154416,23.577026,100
380,346,-11.728785,15.737460,100
317,406,-16.070221,16.010295,100
310,281,-12.320316,10.997989,100
258,91,-8.204483,2.049809,100
9,290,-24.137428,1.667347,100
467,85,-0.007256,8.538103,100
22,372,-26.275353,5.225687,100
154,528,-26.234420,15.443237,100
133,505,-26.299375,13.887351,100
513,438,-9.592342,23.536057,100
268,284,-14.025281,9.762838,100
355,289,-10.854040,12.750853,100
330,116,-6.250598,5.321633,100
336,10,-2.613549,1.454867,100
503,187,-1.907196,13.601721,100
37,388,-26.215180,6.320620,100
207,274,-16.040043,7.419074,100
380,382,-12.885967,17.116202,100
523,245,-3.005577,16.465907,100
318,407,-16.064066,16.080738,100
259,92,-8.198329,2.120251,100
210,279,-16.085868,7.706997,100
538,410,-7.734851,23.267301,100
155,529,-26.228265,15.513679,100
409,525,-16.371898,23.525047,100
47,401,-26.250067,7.139939,100
142,181,-15.540052,1.767967,100
317,33,-4.080530,1.724995,100
524,246,-2.999422,16.536349,100
0,326,-25.639296,2.756794,100
556,315,-3.991806,20.207544,100
550,384,-6.439528,22.657270,100
200,271,-16.211700,7.079171,100
132,216,-17.048074,2.786971,100
185,142,-12.639607,1.656519,100
109,269,-19.632566,4.077475,100
48,402,-26.243913,7.210381,100
538,266,-3.106124,17.752332,100
355,410,-14.743457,17.384959,100
260,401,-18.092509,13.986599,100
288,91,-7.055532,3.014127,100
367,384,-13.448134,16.774928,100
133,217,-17.041920,2.857413,100
555,355,-5.315862,21.707336,100
387,362,-11.975000,16.575242,100
243,577,-24.400916,20.180669,100
482,105,-0.075659,9.786230,100
278,455,-19.138911,16.633303,100
379,358,-12.152811,16.164897,100
204,277,-16.251370,7.437537,100
533,416,-8.119207,23.336371,100
344,400,-14.843300,16.648392,100
312,39,-4.464885,1.794065,100
237,274,-14.891091,8.383392,100
404,531,-16.756253,23.594118,100
261,402,-18.086355,14.057041,100
497,121,-0.015486,10.881163,100
146,272,-18.311957,5.381696,100
309,70,-5.576243,2.884884,100
514,439,-9.586187,23.606499,100
534,417,-8.113053,23.406814,100
247,95,-8.754342,1.849419,100
84,446,-26.279504,10.052692,100
332,282,-11.509896,11.743454,100
21,277,-23.259976,1.555195,100
544,281,-3.358492,18.519672,100
290,285,-13.214860,10.508303,100
311,79,-5.788941,3.293857,100
355,302,-11.271911,13.248732,100
340,402,-15.060782,16.596413,100
241,280,-14.930762,8.741758,100
448,493,-13.849654,23.553112,100
153,167,-14.668755,1.585373,100
52,264,-21.654855,2.053778,100
139,232,-17.294288,3.624753,100
225,421,-20.075832,13.627528,100
298,405,-16.765746,15.361262,100
507,170,-1.207555,13.079224,100
245,399,-18.602697,13.427843,100
530,419,-8.330534,23.354835,100
412,18,0.039977,4.204193,100
404,14,-0.137834,3.793848,100
388,335,-11.068815,15.573330,100
328,433,-16.516825,17.397935,100
275,278,-13.564328,9.758055,100
140,233,-17.288134,3.695195,100
375,365,-12.531012,16.304410,100
529,423,-8.497408,23.475884,100
172,265,-17.091192,5.949350,100
4,309,-24.939655,2.234297,100
346,567,-20.134742,23.108511,100
233,281,-15.269293,8.522905,100
420,516,-15.661320,23.533945,100
184,276,-16.985194,6.756360,100
89,267,-20.334246,3.358000,100
229,427,-20.115502,13.985895,100
558,337,-4.622376,21.114397,100
405,15,-0.131680,3.864291,100
318,96,-6.067300,4.169937,100
301,452,-18.161616,17.257718,100
113,481,-26.293889,12.325310,100
213,568,-25.260572,18.871665,100
173,266,-17.085037,6.019792,100
146,249,-17.572647,4.500833,100
359,393,-14.043817,16.862462,100
165,262,-17.262848,5.609447,100
328,289,-11.888097,11.882967,100
279,284,-13.603998,10.116422,100
309,47,-4.836932,2.004021,100
17,284,-23.638177,1.694708,100
192,136,-12.178655,1.651736,100
137,200,-16.342279,2.334916,100
548,292,-3.558882,19.069530,100
525,425,-8.714890,23.423905,100
283,403,-17.275934,14.802506,100
149,174,-15.046956,1.724886,100
504,222,-2.993935,14.974309,100
215,119,-10.751345,1.739974,100
322,102,-6.106970,4.528304,100
124,495,-26.322622,13.215071,100
218,273,-15.586617,7.734359,100
526,426,-8.708735,23.494348,100
427,38,-0.028426,5.452320,100
552,298,-3.598552,19.427896,100
271,285,-13.942530,9.897568,100
376,338,-11.624827,15.302497,100
505,223,-2.987781,15.044751,100
127,271,-19.007483,4.732663,100
206,564,-25.400085,18.493464,100
0,316,-25.317856,2.373810,100
382,381,-12.777226,17.142192,100
74,265,-20.844434,2.799244,100
198,560,-25.577897,18.083119,100
214,568,-25.222274,18.903809,100
319,441,-17.118662,17.415027,100
320,406,-15.955325,16.106727,100
12,290,-24.022533,1.763779,100
226,399,-19.330367,12.817108,100
261,91,-8.089588,2.146241,100
307,58,-5.267112,2.361015,100
555,309,-3.837240,19.945610,100
29,379,-26.232271,5.718783,100
164,158,-13.958177,1.594270,100
222,279,-15.626287,8.092725,100
363,404,-14.244207,17.412320,100
452,67,-0.003141,7.366572,100
389,542,-17.684313,23.533241,100
455,487,-13.388702,23.548330,100
320,442,-17.112507,17.485469,100
321,407,-15.949171,16.177170,100
521,432,-9.093091,23.563418,100
133,207,-16.720480,2.474429,100
308,59,-5.260958,2.431457,100
463,82,-0.064017,8.294632,100
366,558,-19.079479,23.406704,100
380,313,-10.668035,14.473613,100
150,525,-26.291182,15.199766,100
478,470,-11.961392,23.636568,100
296,579,-22.435389,21.960895,100
519,242,-3.062338,16.222436,100
161,534,-26.159195,15.898035,100
263,402,-18.009758,14.121329,100
256,277,-14.259854,9.109022,100
231,104,-9.656411,1.679801,100
557,354,-5.207121,21.733326,100
502,189,-2.009782,13.646174,100
347,401,-14.760549,16.783122,100
380,349,-11.825217,15.852355,100
297,580,-22.429235,22.031337,100
362,560,-19.296960,23.354725,100
537,412,-7.837438,23.311753,100
136,217,-16.927024,2.953845,100
8,297,-24.400734,1.903292,100
336,13,-2.709981,1.569762,100
249,94,-8.645601,1.875408,100
207,277,-16.136475,7.533969,100
293,280,-12.939245,10.413243,100
509,170,-1.130958,13.143512,100
65,422,-26.235719,8.522796,100
331,572,-20.869938,22.817844,100
264,402,-17.971460,14.153473,100
68,427,-26.281543,8.810720,100
292,92,-6.934482,3.181001,100
492,117,-0.078402,10.567250,100
0,329,-25.735728,2.871689,100
335,282,-11.395000,11.839886,100
555,322,-4.255112,20.443489,100
386,364,-12.077586,16.619695,100
378,360,-12.255397,16.209350,100
69,428,-26.275389,8.881162,100
358,302,-11.157016,13.345164,100
150,273,-18.190908,5.548570,100
350,298,-11.334828,12.934819,100
156,167,-14.553859,1.681804,100
498,196,-2.387983,13.785687,100
222,112,-10.258248,1.696893,100
326,435,-16.657709,17.410244,100
276,89,-7.450825,2.551803,100
92,268,-20.251495,3.492730,100
200,130,-11.679404,1.679097,100
246,97,-8.856928,1.893872,100
503,131,-0.107135,11.457011,100
270,454,-19.413154,16.337853,100
137,190,-16.020840,1.951933,100
407,14,-0.022939,3.890280,100
303,451,-18.052876,17.283708,100
278,278,-13.449433,9.854487,100
94,457,-26.250104,10.795414,100
176,267,-17.002286,6.154523,100
135,229,-17.351050,3.381282,100
310,81,-5.891528,3.338310,100
221,418,-20.132594,13.384058,100
505,177,-1.509159,13.283025,100
187,276,-16.870299,6.852792,100
408,15,-0.016785,3.960722,100
485,464,-11.500439,23.631785,100
324,281,-11.784139,11.448004,100
272,91,-7.668306,2.499824,100
400,11,-0.194596,3.550377,100
95,458,-26.243949,10.865856,100
370,397,-13.751110,17.369239,100
136,230,-17.344896,3.451724,100
376,328,-11.303388,14.919513,100
311,82,-5.885373,3.408752,100
216,568,-25.145677,18.968097,100
93,268,-20.213196,3.524874,100
374,367,-12.633598,16.348863,100
221,274,-15.503866,7.869089,100
375,332,-11.470262,15.040563,100
6,349,-26.148816,3.830520,100
528,425,-8.599995,23.520337,100
419,518,-15.763906,23.578398,100
331,405,-15.501899,16.422012,100
224,279,-15.549690,8.157013,100
130,272,-18.924732,4.867393,100
393,8,-0.366253,3.210475,100
433,44,0.008501,5.874975,100
463,481,-12.889451,23.575691,100
161,259,-17.319610,5.365976,100
316,282,-12.122670,11.229151,100
267,277,-13.838572,9.462605,100
541,400,-7.298517,22.980749,100
379,338,-11.509932,15.398929,100
225,280,-15.543536,8.227455,100
365,403,-14.135466,17.438310,100
191,138,-12.281241,1.696189,100
16,286,-23.740764,1.739161,100
385,3,-0.511920,2.761831,100
500,219,-3.050697,14.730838,100
134,507,-26.325365,13.996091,100
551,301,-3.733282,19.510647,100
553,374,-6.003194,22.370718,100
307,578,-21.981963,22.276180,100
264,91,-7.974693,2.242672,100
444,58,-0.020232,6.764735,100
320,288,-12.162340,11.587517,100
131,501,-26.247396,13.669869,100
501,449,-10.405506,23.571612,100
292,455,-18.602734,17.083318,100
501,220,-3.044543,14.801280,100
364,294,-10.670074,13.231641,100
331,117,-6.244443,5.392075,100
163,161,-14.092907,1.677022,100
275,402,-17.550177,14.507056,100
136,207,-16.605585,2.570861,100
229,106,-9.797296,1.692110,100
381,383,-12.879813,17.186645,100
377,4,-0.850452,2.542978,100
333,572,-20.793341,22.882132,100
369,0,-1.028263,2.132633,100
11,292,-24.125119,1.808232,100
469,87,0.005053,8.678987,100
509,160,-0.809519,12.760528,100
31,270,-22.651985,1.608546,100
299,579,-22.320494,22.057327,100
156,530,-26.222111,15.584121,100
364,559,-19.188220,23.380715,100
365,295,-10.663920,13.302083,100
526,249,-3.019257,16.715532,100
332,118,-6.238289,5.462517,100
263,284,-14.216773,9.602118,100
168,275,-17.565825,6.203758,100
230,107,-9.791142,1.762553,100
179,550,-25.984127,17.089400,100
388,544,-17.786899,23.577694,100
454,489,-13.491288,23.592782,100
66,264,-21.118677,2.503794,100
520,434,-9.195677,23.607871,100
302,95,-6.647930,3.617336,100
555,312,-3.933672,20.060505,100
157,531,-26.215957,15.654564,100
294,91,-6.825741,3.206991,100
50,405,-26.263748,7.389564,100
168,540,-26.083970,16.352832,100
2,328,-25.626987,2.897678,100
557,321,-4.146371,20.469479,100
484,108,-0.095494,9.965413,100
300,287,-12.896164,10.906340,100
247,281,-14.733115,8.972920,100
426,512,-15.302954,23.573615,100
58,265,-21.457208,2.284940,100
492,457,-11.007343,23.588704,100
75,434,-26.238462,9.303816,100
377,390,-13.258014,17.326158,100
383,321,-10.810291,14.876432,100
255,401,-18.284001,13.825879,100
304,406,-16.568100,15.592424,100
557,357,-5.303553,21.848221,100
7,299,-24.503321,1.947745,100
248,96,-8.748187,1.919861,100
326,281,-11.707542,11.512292,100
345,294,-11.397744,12.620906,100
95,268,-20.136600,3.589162,100
358,4,-1.578121,1.932243,100
86,448,-26.267195,10.193577,100
140,190,-15.905944,2.048364,100
346,295,-11.391589,12.691348,100
23,279,-23.247667,1.696080,100
198,131,-11.788145,1.653108,100
338,291,-11.569401,12.281003,100
243,282,-14.918453,8.882643,100
190,276,-16.755404,6.949223,100
96,269,-20.130445,3.659604,100
327,281,-11.669244,11.544436,100
403,11,-0.079701,3.646809,100
387,332,-11.010681,15.426290,100
395,7,-0.257512,3.236464,100
399,535,-17.076321,23.586592,100
553,364,-5.681754,21.987734,100
465,480,-12.780710,23.601680,100
257,451,-19.814602,15.805086,100
377,367,-12.518703,16.445295,100
170,154,-13.599811,1.633941,100
175,269,-17.104872,6.198975,100
135,196,-16.290300,2.117435,100
293,404,-16.925094,15.162244,100
322,288,-12.085743,11.651805,100
425,35,-0.008591,5.273137,100
112,478,-26.235755,12.178271,100
396,8,-0.251358,3.306906,100
372,554,-18.721113,23.446375,100
115,483,-26.281580,12.466195,100
270,277,-13.723676,9.559037,100
369,399,-13.853697,17.413692,100
156,255,-17.382526,5.052063,100
237,100,-9.298045,1.719472,100
311,49,-4.824623,2.144905,100
395,537,-17.293803,23.534613,100
461,482,-12.998192,23.549701,100
228,280,-15.428641,8.323887,100
450,64,0.016695,7.187389,100
509,150,-0.488079,12.377544,100
116,484,-26.275425,12.536637,100
310,578,-21.867068,22.372611,100
236,400,-18.979527,13.176846,100
157,256,-17.376372,5.122505,100
149,252,-17.554183,4.712160,100
324,104,-6.094661,4.669188,100
323,288,-12.047445,11.683949,100
341,422,-15.665362,17.394524,100
34,271,-22.569234,1.743276,100
307,280,-12.403068,10.863258,100
126,497,-26.310313,13.355956,100
556,347,-5.020412,21.433093,100
540,402,-7.401103,23.025201,100
30,380,-26.226117,5.789225,100
265,283,-14.108032,9.628108,100
371,301,-10.626993,13.724737,100
2,318,-25.305547,2.514694,100
317,101,-6.266318,4.329285,100
389,355,-11.673395,16.371441,100
308,281,-12.396913,10.933701,100
434,506,-14.803703,23.600976,100
354,397,-14.363885,16.854936,100
31,381,-26.219963,5.859668,100
335,118,-6.123394,5.558949,100
266,284,-14.101878,9.698550,100
352,287,-10.904648,12.577825,100
521,245,-3.082173,16.401619,100
372,302,-10.620839,13.795179,100
501,187,-1.983792,13.537433,100
69,264,-21.003782,2.600225,100
465,84,-0.051708,8.435516,100
221,398,-19.489715,12.618090,100
152,527,-26.278873,15.340650,100
361,292,-10.720682,13.058612,100
522,246,-3.076019,16.472061,100
353,288,-10.898493,12.648267,100
345,284,-11.076304,12.237922,100
480,100,0.008464,9.530450,100
251,277,-14.451346,8.948302,100
430,508,-15.021184,23.548997,100
316,406,-16.108519,15.978151,100
303,287,-12.781269,11.002771,100
114,271,-19.505362,4.314792,100
536,409,-7.779304,23.164714,100
315,32,-4.124982,1.622408,100
548,383,-6.483981,22.554683,100
496,193,-2.368148,13.606504,100
406,528,-16.583225,23.543510,100
258,401,-18.169106,13.922311,100
293,93,-6.928328,3.251444,100
508,167,-1.072825,12.996473,100
539,271,-3.228545,17.975968,100
276,455,-19.215508,16.569015,100
134,222,-17.164341,3.081049,100
556,360,-5.438283,21.930972,100
155,165,-14.527870,1.573064,100
536,265,-3.150576,17.649746,100
259,402,-18.162952,13.992753,100
494,119,-0.066093,10.708135,100
286,90,-7.099985,2.911541,100
365,383,-13.492587,16.672342,100
310,447,-17.656211,17.355522,100
361,4,-1.463226,2.028675,100
178,148,-13.100560,1.661302,100
2,331,-25.723419,3.012574,100
356,563,-19.623182,23.276757,100
234,574,-24.649170,19.776478,100
295,404,-16.848497,15.226532,100
330,282,-11.586492,11.679166,100
505,134,-0.126970,11.636194,100
557,324,-4.242803,20.584374,100
380,548,-18.221862,23.473736,100
360,304,-11.144707,13.486049,100
309,79,-5.865538,3.229569,100
193,276,-16.640509,7.045655,100
296,405,-16.842343,15.296974,100
469,476,-12.498941,23.577062,100
278,91,-7.438516,2.692688,100
352,565,-19.840664,23.224778,100
374,324,-11.251409,14.702032,100
360,389,-13.876943,16.741412,100
313,85,-5.905208,3.587935,100
223,420,-20.120285,13.524942,100
170,265,-17.167788,5.885062,100
384,374,-12.475622,16.938391,100
376,370,-12.653433,16.528046,100
349,416,-15.166111,17.421886,100
136,272,-18.694941,5.060257,100
87,267,-20.410843,3.293712,100
134,199,-16.425030,2.200186,100
410,17,-0.004476,4.101607,100
388,344,-11.358110,15.918015,100
107,474,-26.298671,11.864358,100
402,13,-0.182287,3.691262,100
97,460,-26.231640,11.006741,100
556,337,-4.698972,21.050109,100
273,277,-13.608781,9.655469,100
349,7,-2.019238,1.757843,100
488,202,-2.963831,13.694038,100
245,444,-20.049175,15.151270,100
151,251,-17.445443,4.738150,100
240,100,-9.183150,1.815903,100
2,308,-24.984108,2.131711,100
218,570,-25.133368,19.108981,100
231,280,-15.313746,8.420319,100
527,422,-8.541861,23.373298,100
182,275,-17.029647,6.653773,100
215,272,-15.669368,7.599628,100
389,345,-11.351956,15.988457,100
239,400,-18.864632,13.273277,100
321,439,-16.977777,17.402718,100
316,95,-6.111752,4.067351,100
267,90,-7.827654,2.300806,100
322,26,-3.664030,1.617626,100
152,252,-17.439288,4.808592,100
213,119,-10.827942,1.675686,100
38,267,-22.287464,1.718658,100
435,46,0.020810,6.015859,100
357,392,-14.088270,16.759876,100
319,100,-6.157577,4.355275,100
203,563,-25.482837,18.358734,100
211,567,-25.305025,18.769079,100
310,280,-12.288172,10.959690,100
15,283,-23.682630,1.592122,100
216,273,-15.663214,7.670071,100
310,51,-4.927209,2.189358,100
446,61,-0.040067,6.943918,100
133,504,-26.267232,13.849052,100
13,359,-26.202167,4.438512,100
268,283,-13.993137,9.724540,100
550,298,-3.675149,19.363608,100
502,221,-3.038388,14.871722,100
125,271,-19.084080,4.668375,100
204,564,-25.476682,18.429176,100
145,249,-17.610945,4.468689,100
320,101,-6.151423,4.425717,100
16,364,-26.247991,4.726436,100
372,377,-13.031635,16.667559,100
196,560,-25.654494,18.018831,100
318,406,-16.031922,16.042439,100
311,281,-12.282018,11.030133,100
259,91,-8.166185,2.081953,100
371,3,-1.048098,2.311816,100
471,90,-0.014782,8.858170,100
340,424,-15.767949,17.438977,100
26,377,-26.282879,5.545754,100
208,125,-11.212297,1.744757,100
158,533,-26.241946,15.763304,100
556,314,-3.959662,20.169246,100
367,298,-10.683755,13.481266,100
253,276,-14.342605,8.974292,100
352,398,-14.472625,16.828946,100
72,264,-20.888887,2.696657,100
137,510,-26.306902,14.207418,100
318,442,-17.189104,17.421182,100
10,289,-24.066986,1.661193,100
211,279,-16.047569,7.739141,100
553,308,-3.881693,19.843024,100
48,401,-26.211769,7.172083,100
476,470,-12.037988,23.572280,100
472,91,-0.008627,8.928613,100
27,378,-26.276724,5.616197,100
255,93,-8.383667,2.029974,100
159,534,-26.235792,15.833747,100
254,277,-14.336451,9.044734,100
475,96,-0.054452,9.216537,100
528,251,-3.006948,16.856417,100
170,543,-26.103805,16.532016,100
555,354,-5.283718,21.669038,100
306,287,-12.666374,11.099203,100
186,142,-12.601309,1.688663,100
333,12,-2.792732,1.435032,100
553,377,-6.099625,22.485613,100
377,347,-11.875824,15.679327,100
143,180,-15.469610,1.761812,100
314,407,-16.217260,15.952162,100
261,401,-18.054211,14.018743,100
52,407,-26.251439,7.530449,100
381,317,-10.758312,14.658951,100
309,69,-5.544099,2.846585,100
547,386,-6.618711,22.637435,100
244,577,-24.362618,20.212813,100
137,222,-17.049446,3.177481,100
238,274,-14.852793,8.415536,100
486,110,-0.083185,10.106298,100
356,409,-14.673015,17.378804,100
382,547,-18.113121,23.499725,100
249,283,-14.720806,9.113805,100
382,318,-10.752158,14.729393,100
289,90,-6.985089,3.007973,100
6,296,-24.445187,1.800706,100
495,195,-2.470734,13.650956,100
507,169,-1.175411,13.040926,100
197,272,-16.358739,7.021037,100
376,360,-12.331994,16.145062,100
295,286,-13.055512,10.707321,100
545,281,-3.320194,18.551815,100
530,418,-8.298390,23.316536,100
341,402,-15.022483,16.628557,100
388,334,-11.036671,15.535031,100
53,264,-21.616556,2.085922,100
329,19,-3.170934,1.574544,100
515,438,-9.515745,23.600345,100
238,575,-24.528120,19.943352,100
299,405,-16.727448,15.393406,100
229,426,-20.083358,13.947596,100
22,276,-23.189534,1.549041,100
546,282,-3.314039,18.622258,100
531,419,-8.292236,23.386979,100
504,136,-0.229556,11.680647,100
348,297,-11.379281,12.832233,100
276,278,-13.526030,9.790199,100
397,10,-0.277347,3.415647,100
181,269,-16.875082,6.391839,100
340,293,-11.557092,12.421888,100
4,344,-26.064693,3.574741,100
555,367,-5.701589,22.166917,100
90,267,-20.295948,3.390143,100
230,427,-20.077204,14.018039,100
137,199,-16.310135,2.296618,100
322,281,-11.860736,11.383716,100
269,89,-7.718913,2.326795,100
40,266,-22.178723,1.744648,100
174,266,-17.046739,6.051936,100
166,262,-17.224550,5.641591,100
280,284,-13.565700,10.148566,100
312,87,-6.007794,3.632388,100
507,146,-0.436100,12.160062,100
427,37,0.003718,5.414022,100
506,181,-1.599437,13.468362,100
383,376,-12.578208,16.982844,100
552,297,-3.566408,19.389597,100
329,405,-15.578496,16.357724,100
302,451,-18.091174,17.251564,100
376,337,-11.592683,15.264199,100
398,10,-0.239049,3.447791,100
343,569,-20.313925,23.088676,100
440,501,-14.413193,23.602348,100
360,392,-13.973374,16.856308,100
167,263,-17.218396,5.712034,100
193,135,-12.108213,1.645582,100
219,273,-15.548319,7.766503,100
326,107,-6.114496,4.848371,100
170,268,-17.264220,5.999957,100
508,147,-0.429946,12.230505,100
317,287,-12.245091,11.452787,100
363,403,-14.212063,17.374022,100
128,271,-18.969185,4.764807,100
431,43,-0.035952,5.772388,100
388,347,-11.454542,16.032910,100
118,486,-26.263116,12.677522,100
509,228,-2.995307,15.364819,100
191,556,-25.717410,17.704918,100
321,406,-15.917027,16.138871,100
305,578,-22.058560,22.211892,100
133,206,-16.688336,2.436131,100
151,254,-17.541874,4.853045,100
366,557,-19.047335,23.368406,100
70,266,-21.029772,2.708966,100
374,3,-0.933203,2.408248,100
145,180,-15.393013,1.826100,100
318,288,-12.238937,11.523229,100
129,501,-26.323993,13.605581,100
223,279,-15.587989,8.124869,100
256,276,-14.227710,9.070724,100
362,294,-10.746671,13.167353,100
192,557,-25.711255,17.775360,100
184,553,-25.889067,17.365015,100
309,59,-5.222659,2.463601,100
165,274,-17.648576,6.069028,100
380,348,-11.793073,15.814057,100
371,379,-13.134221,16.712012,100
367,0,-1.104860,2.068345,100
63,263,-21.201429,2.369063,100
184,144,-12.742194,1.700972,100
222,399,-19.483560,12.688532,100
258,93,-8.268771,2.126406,100
467,87,-0.071543,8.614700,100
297,579,-22.397091,21.993039,100
34,385,-26.233643,6.109293,100
363,295,-10.740517,13.237795,100
362,559,-19.264816,23.316427,100
523,247,-3.069864,16.542503,100
165,539,-26.166721,16.218102,100
374,304,-10.608530,13.936064,100
260,282,-14.267380,9.429090,100
37,390,-26.279468,6.397217,100
199,272,-16.282143,7.085325,100
489,111,-0.000433,10.241028,100
534,262,-3.130741,17.470563,100
264,401,-17.939316,14.115174,100
363,560,-19.258662,23.386869,100
108,270,-19.703008,4.083630,100
475,472,-12.140575,23.616733,100
524,248,-3.063710,16.612946,100
537,267,-3.176566,17.758486,100
0,328,-25.703584,2.833391,100
337,13,-2.671683,1.601906,100
550,386,-6.503816,22.733867,100
294,280,-12.900947,10.445387,100
141,187,-15.771214,1.965613,100
332,572,-20.831639,22.849988,100
555,321,-4.222968,20.405191,100
252,283,-14.605911,9.210237,100
203,278,-16.321813,7.443691,100
69,427,-26.243245,8.842864,100
350,297,-11.302684,12.896521,100
55,263,-21.507816,2.111912,100
498,195,-2.355839,13.747388,100
538,268,-3.170411,17.828929,100
293,580,-22.582428,21.902761,100
340,283,-11.235652,12.038904,100
447,495,-13.952240,23.597565,100
133,219,-17.106207,2.934010,100
308,71,-5.646685,2.891038,100
387,364,-12.039287,16.651839,100
555,357,-5.380150,21.783933,100
513,440,-9.656630,23.612654,100
533,418,-8.183495,23.412968,100
137,189,-15.988696,1.913634,100
237,276,-14.955379,8.459989,100
545,392,-6.888172,22.802937,100
343,294,-11.474341,12.556618,100
73,433,-26.282915,9.201230,100
381,549,-18.215707,23.544178,100
302,405,-16.612553,15.489838,100
557,366,-5.592848,22.192906,100
253,400,-18.328454,13.723293,100
5,298,-24.547773,1.845158,100
271,454,-19.374856,16.369997,100
425,512,-15.341252,23.541471,100
313,42,-4.523019,1.941104,100
304,451,-18.014577,17.315852,100
400,10,-0.162452,3.512079,100
491,457,-11.045641,23.556560,100
376,327,-11.271244,14.881215,100
311,81,-5.853229,3.370454,100
320,575,-21.387652,22.579156,100
188,276,-16.832001,6.884936,100
327,434,-16.587267,17.404090,100
225,423,-20.140120,13.704125,100
373,321,-11.193275,14.554993,100
325,281,-11.745840,11.480148,100
545,284,-3.416626,18.666711,100
412,20,-0.024311,4.280790,100
283,284,-13.450805,10.244997,100
99,463,-26.251475,11.185924,100
328,435,-16.581113,17.474532,100
300,453,-18.232059,17.263873,100
343,6,-2.216885,1.526681,100
226,424,-20.133965,13.774568,100
172,267,-17.155479,6.025947,100
554,369,-5.804175,22.211370,100
541,399,-7.266373,22.942450,100
332,405,-15.463601,16.454156,100
486,463,-11.429997,23.625630,100
379,337,-11.477788,15.360631,100
225,279,-15.511392,8.189157,100
191,137,-12.249097,1.657891,100
16,285,-23.708620,1.700863,100
558,339,-4.686664,21.190994,100
385,2,-0.479777,2.723533,100
274,580,-23.310098,21.292026,100
551,300,-3.701138,19.472349,100
282,404,-17.346377,14.808661,100
318,98,-6.131587,4.246534,100
367,399,-13.930293,17.349404,100
173,268,-17.149325,6.096389,100
309,49,-4.901220,2.080617,100
165,264,-17.327136,5.686044,100
226,280,-15.505237,8.259599,100
110,477,-26.280208,12.075685,100
192,138,-12.242943,1.728333,100
131,271,-18.854289,4.861239,100
501,219,-3.012399,14.762982,100
525,427,-8.779178,23.500502,100
143,245,-17.558966,4.251208,100
14,360,-26.196012,4.508954,100
308,578,-21.943665,22.308324,100
504,224,-3.058223,15.050905,100
136,206,-16.573441,2.532563,100
344,6,-2.178586,1.558825,100
40,269,-22.275155,1.859543,100
73,266,-20.914876,2.805398,100
321,288,-12.124042,11.619661,100
158,261,-17.498793,5.346141,100
448,63,-0.027758,7.084803,100
305,280,-12.479664,10.798971,100
135,506,-26.254923,13.989937,100
351,396,-14.446636,16.720206,100
526,248,-2.987113,16.677234,100
552,300,-3.662840,19.504493,100
505,225,-3.052069,15.121348,100
276,402,-17.511879,14.539200,100
362,405,-14.314649,17.418475,100
263,283,-14.184629,9.563820,100
168,274,-17.533681,6.165460,100
0,318,-25.382144,2.450407,100
179,549,-25.951983,17.051101,100
550,376,-6.182377,22.350883,100
66,263,-21.086533,2.465495,100
314,99,-6.316925,4.156257,100
370,0,-0.989965,2.164777,100
334,572,-20.755043,22.914276,100
454,488,-13.459144,23.554484,100
307,60,-5.331400,2.437612,100
365,559,-19.149921,23.412859,100
211,272,-15.822562,7.471053,100
136,507,-26.248768,14.060379,100
473,92,-0.002473,8.999055,100
358,291,-10.803433,12.923882,100
164,160,-14.022465,1.670867,100
350,287,-10.981244,12.513537,100
169,275,-17.527526,6.235902,100
369,300,-10.671446,13.622151,100
160,535,-26.229637,15.904189,100
530,254,-3.026783,17.035600,100
180,550,-25.945828,17.121544,100
67,264,-21.080379,2.535938,100
133,209,-16.784768,2.551026,100
308,61,-5.325245,2.508054,100
111,270,-19.588113,4.180061,100
380,315,-10.732323,14.550210,100
474,93,0.003682,9.069497,100
161,536,-26.223483,15.974631,100
28,272,-22.831168,1.588711,100
231,106,-9.720699,1.756398,100
383,320,-10.778147,14.838134,100
343,284,-11.152901,12.173634,100
255,400,-18.251857,13.787581,100
248,275,-14.501953,8.775274,100
54,410,-26.271274,7.709632,100
172,545,-26.091496,16.672900,100
557,356,-5.271409,21.809922,100
507,444,-10.014996,23.572984,100
301,287,-12.857866,10.938484,100
335,572,-20.716744,22.946420,100
206,278,-16.206917,7.540123,100
3,337,-25.877984,3.274508,100
493,457,-10.969045,23.620848,100
384,321,-10.771993,14.908576,100
136,219,-16.991312,3.030442,100
549,388,-6.606402,22.778319,100
427,511,-15.232511,23.567461,100
140,189,-15.873800,2.010066,100
489,114,-0.096865,10.355923,100
256,400,-18.213559,13.819724,100
357,303,-11.227459,13.351319,100
243,281,-14.886309,8.844344,100
96,268,-20.098301,3.621306,100
214,403,-19.918523,12.584574,100
374,392,-13.437197,17.306323,100
239,576,-24.521966,20.013795,100
354,563,-19.699779,23.212469,100
286,279,-13.175190,10.149937,100
4,301,-24.682504,1.927910,100
386,366,-12.141874,16.696292,100
387,331,-10.978537,15.387992,100
347,295,-11.353291,12.723492,100
378,362,-12.319685,16.285947,100
199,131,-11.749846,1.685252,100
328,16,-3.112800,1.427505,100
358,304,-11.221304,13.421761,100
244,282,-14.880154,8.914787,100
502,132,-0.177577,11.463165,100
90,453,-26.274721,10.513645,100
544,394,-6.990758,22.847390,100
323,575,-21.272757,22.675588,100
328,281,-11.630945,11.576580,100
276,91,-7.515112,2.628400,100
503,133,-0.171423,11.533608,100
91,454,-26.268567,10.584087,100
388,3,-0.397025,2.858263,100
350,565,-19.917261,23.160490,100
372,324,-11.328006,14.637744,100
407,16,-0.087227,3.966877,100
262,452,-19.655254,16.004105,100
3,341,-26.006560,3.427701,100
506,138,-0.217247,11.821531,100
229,275,-15.229623,8.164539,100
171,154,-13.561512,1.666084,100
505,179,-1.573447,13.359622,100
311,48,-4.792479,2.106607,100
294,404,-16.886796,15.194388,100
335,405,-15.348706,16.550588,100
281,285,-13.559546,10.219008,100
232,429,-20.064895,14.158923,100
509,149,-0.455935,12.339246,100
389,4,-0.390871,2.928705,100
429,40,-0.016117,5.593205,100
408,17,-0.081073,4.037319,100
277,580,-23.195203,21.388458,100
116,483,-26.243281,12.498339,100
236,399,-18.947383,13.138547,100
271,277,-13.685378,9.591181,100
396,537,-17.255504,23.566757,100
238,100,-9.259747,1.751615,100
311,84,-5.949661,3.485349,100
168,264,-17.212241,5.782476,100
462,482,-12.959893,23.581845,100
180,275,-17.106244,6.589486,100
314,89,-5.995486,3.773273,100
373,553,-18.650670,23.440220,100
213,272,-15.745965,7.535341,100
540,401,-7.368959,22.986903,100
311,578,-21.828769,22.404755,100
237,400,-18.941228,13.208990,100
342,422,-15.627064,17.426668,100
153,257,-17.561709,5.032228,100
308,280,-12.364769,10.895402,100
343,9,-2.313317,1.641576,100
234,102,-9.477228,1.699636,100
382,548,-18.145265,23.538024,100
319,289,-12.232782,11.593671,100
379,340,-11.574220,15.475526,100
266,283,-14.069734,9.660252,100
320,25,-3.708483,1.515039,100
217,278,-15.785635,7.893707,100
455,70,0.015323,7.577899,100
501,186,-1.951649,13.499135,100
553,376,-6.067481,22.447314,100
373,0,-0.875069,2.261209,100
274,403,-17.620620,14.513211,100
309,281,-12.358615,10.965845,100
214,272,-15.707667,7.567484,100
131,503,-26.311684,13.746466,100
501,451,-10.469794,23.648209,100
328,114,-6.262907,5.180748,100
30,271,-22.722427,1.614700,100
35,386,-26.227489,6.179735,100
175,546,-26.008745,16.807630,100
194,559,-25.698946,17.916245,100
370,376,-13.076087,16.564973,100
376,307,-10.628365,14.115247,100
136,209,-16.669873,2.647458,100
229,108,-9.861584,1.768707,100
114,270,-19.473218,4.276493,100
509,162,-0.873807,12.837125,100
469,89,-0.059235,8.755584,100
354,288,-10.860195,12.680411,100
554,313,-4.004115,20.066660,100
346,284,-11.038006,12.270066,100
217,399,-19.675052,12.527812,100
351,399,-14.543068,16.835101,100
526,251,-3.083545,16.792129,100
304,287,-12.742970,11.034915,100
255,282,-14.458872,9.268370,100
134,221,-17.132197,3.042751,100
370,3,-1.086396,2.279672,100
491,113,0.011875,10.381912,100
333,430,-16.228901,17.443760,100
470,90,-0.053080,8.826027,100
312,407,-16.293857,15.887874,100
556,359,-5.406139,21.892674,100
294,93,-6.890029,3.283588,100
431,507,-14.950742,23.542843,100
2,330,-25.691275,2.974275,100
242,577,-24.439215,20.148525,100
194,271,-16.441491,6.886307,100
352,299,-11.290375,13.037405,100
287,90,-7.061686,2.943685,100
311,447,-17.617913,17.387666,100
540,270,-3.158103,17.969813,100
326,18,-3.253685,1.439814,100
288,580,-22.773920,21.742042,100
403,530,-16.762408,23.523675,100
289,279,-13.060295,10.246369,100
310,73,-5.634376,3.031923,100
213,406,-20.053254,12.667325,100
72,430,-26.224782,9.054191,100
352,564,-19.808520,23.186480,100
139,191,-15.976387,2.054519,100
353,300,-11.284220,13.107848,100
313,84,-5.873064,3.549637,100
297,405,-16.804045,15.329118,100
470,476,-12.460643,23.609206,100
349,415,-15.133968,17.383587,100
175,150,-13.279743,1.641467,100
353,565,-19.802366,23.256922,100
385,368,-12.244460,16.740745,100
232,275,-15.114727,8.260971,100
198,133,-11.852433,1.729705,100
414,23,-0.044146,4.459973,100
171,265,-17.129490,5.917206,100
142,238,-17.372257,3.950975,100
88,267,-20.372545,3.325856,100
227,425,-20.127811,13.845010,100
411,17,0.033823,4.133751,100
389,344,-11.319812,15.950159,100
543,402,-7.286208,23.121633,100
403,13,-0.143989,3.723406,100
239,399,-18.832488,13.234979,100
111,479,-26.306198,12.184426,100
395,9,-0.321800,3.313061,100
219,570,-25.095070,19.141125,100
371,555,-18.791555,23.452529,100
285,286,-13.438496,10.385882,100
101,465,-26.239166,11.326809,100
553,366,-5.746042,22.064330,100
183,275,-16.991349,6.685917,100
345,8,-2.204576,1.667565,100
15,282,-23.650486,1.553824,100
228,426,-20.121657,13.915452,100
236,101,-9.368488,1.725626,100
310,50,-4.895065,2.151060,100
504,181,-1.676034,13.404074,100
550,297,-3.643005,19.325309,100
240,400,-18.826333,13.305421,100
13,358,-26.170023,4.400214,100
112,480,-26.300043,12.254868,100
346,418,-15.345295,17.402051,100
212,567,-25.266727,18.801223,100
388,6,-0.493457,2.973158,100
204,563,-25.444538,18.390878,100
145,248,-17.578801,4.430391,100
358,392,-14.049971,16.792020,100
164,261,-17.269003,5.539005,100
16,363,-26.215847,4.688137,100
196,559,-25.622350,17.980532,100
539,404,-7.503689,23.069654,100
311,280,-12.249874,10.991834,100
504,446,-10.194179,23.553149,100
237,102,-9.362333,1.796068,100
438,501,-14.489790,23.538060,100
148,173,-15.053110,1.654443,100
323,25,-3.593588,1.611471,100
450,66,-0.047593,7.263986,100
39,266,-22.217022,1.712504,100
214,118,-10.757499,1.669532,100
509,152,-0.552367,12.454141,100
367,297,-10.651611,13.442968,100
17,364,-26.209693,4.758580,100
321,101,-6.113124,4.457861,100
503,221,-3.000090,14.903866,100
506,226,-3.045914,15.191790,100
277,403,-17.505725,14.609642,100
137,509,-26.274758,14.169120,100
372,3,-1.009800,2.343960,100
260,579,-23.814131,20.803713,100
318,32,-4.010087,1.718840,100
451,67,-0.041439,7.334429,100
388,356,-11.743837,16.377596,100
255,92,-8.351523,1.991675,100
159,533,-26.203648,15.795448,100
368,298,-10.645457,13.513410,100
254,276,-14.304307,9.006436,100
138,510,-26.268603,14.239562,100
170,542,-26.071661,16.493717,100
373,376,-12.961192,16.661404,100
507,227,-3.039760,15.262232,100
189,555,-25.761863,17.602331,100
186,141,-12.569165,1.650365,100
2,320,-25.369835,2.591291,100
500,188,-2.054235,13.543587,100
163,274,-17.725173,6.004740,100
552,378,-6.170068,22.491767,100
68,265,-21.074224,2.606380,100
377,346,-11.843680,15.641028,100
143,179,-15.437466,1.723514,100
148,523,-26.303491,15.058881,100
261,580,-23.807977,20.874155,100
314,406,-16.185116,15.913864,100
389,357,-11.737683,16.448038,100
220,399,-19.560157,12.624244,100
535,411,-7.881891,23.209167,100
476,96,-0.016153,9.248681,100
31,383,-26.284250,5.936264,100
171,543,-26.065506,16.564160,100
547,385,-6.586567,22.599136,100
205,127,-11.391480,1.724922,100
258,282,-14.343977,9.364802,100
182,552,-25.933520,17.262428,100
411,524,-16.263157,23.551037,100
373,3,-0.971501,2.376104,100
477,469,-11.967546,23.566125,100
369,378,-13.178674,16.609425,100
315,407,-16.178961,15.984306,100
256,92,-8.313224,2.023819,100
53,407,-26.213140,7.562593,100
382,317,-10.720014,14.691095,100
30,274,-22.818859,1.729596,100
56,412,-26.258965,7.850516,100
245,577,-24.324319,20.244957,100
292,280,-12.977544,10.381099,100
197,271,-16.326595,6.982739,100
201,278,-16.398409,7.379404,100
290,90,-6.946791,3.040117,100
106,269,-19.747461,3.981043,100
490,115,-0.090711,10.426365,100
154,166,-14.598312,1.579218,100
291,580,-22.659025,21.838473,100
364,384,-13.563029,16.678496,100
177,149,-13.171002,1.667456,100
296,286,-13.017214,10.739465,100
134,224,-17.228629,3.157646,100
342,402,-14.984185,16.660700,100
491,116,-0.084556,10.496808,100
348,296,-11.347137,12.793934,100
468,478,-12.601527,23.621515,100
340,292,-11.524948,12.383589,100
379,549,-18.292304,23.479890,100
221,112,-10.296547,1.664749,100
555,366,-5.669445,22.128618,100
251,400,-18.405051,13.659005,100
82,442,-26.227525,9.835211,100
353,2,-1.705325,1.694926,100
402,532,-16.864994,23.568128,100
370,320,-11.276027,14.420263,100
505,136,-0.191258,11.712791,100
235,275,-14.999832,8.357402,100
349,297,-11.340982,12.864377,100
557,326,-4.307091,20.660971,100
341,293,-11.518794,12.454032,100
417,23,0.070749,4.556405,100
441,499,-14.310607,23.557895,100
219,416,-20.144903,13.243173,100
338,404,-15.201666,16.608721,100
144,273,-18.420698,5.355707,100
91,267,-20.257649,3.422287,100
137,234,-17.435173,3.637062,100
312,86,-5.975651,3.594090,100
383,375,-12.546064,16.944546,100
406,13,-0.029094,3.819838,100
150,173,-14.976513,1.718731,100
234,432,-20.084730,14.338106,100
348,417,-15.236554,17.428040,100
270,89,-7.680615,2.358939,100
216,118,-10.680902,1.733820,100
390,5,-0.384716,2.999148,100
398,9,-0.206905,3.409493,100
41,266,-22.140425,1.776792,100
5,343,-25.994251,3.568586,100
93,456,-26.256258,10.724972,100
159,258,-17.364063,5.263390,100
487,203,-3.034273,13.700192,100
138,235,-17.429019,3.707504,100
313,87,-5.969496,3.664532,100
508,146,-0.397802,12.192206,100
418,518,-15.802205,23.546254,100
384,376,-12.539910,17.014988,100
330,405,-15.540198,16.389868,100
484,463,-11.506594,23.561342,100
391,6,-0.378562,3.069590,100
134,201,-16.489318,2.276783,100
431,42,-0.003808,5.734090,100
388,346,-11.422398,15.994612,100
556,339,-4.763260,21.126706,100
272,580,-23.386695,21.227738,100
542,404,-7.388794,23.166086,100
146,175,-15.193995,1.666752,100
488,204,-3.028119,13.770634,100
554,378,-6.093471,22.556055,100
507,446,-10.079284,23.649581,100
344,568,-20.243483,23.082522,100
171,268,-17.225922,6.032101,100
163,264,-17.403733,5.621756,100
129,500,-26.291849,13.567283,100
14,284,-23.753073,1.598276,100
129,271,-18.930886,4.796951,100
432,43,0.002346,5.804532,100
498,217,-3.063006,14.589953,100
389,347,-11.416244,16.065054,100
321,441,-17.042065,17.479315,100
326,407,-15.757679,16.337889,100
184,552,-25.856923,17.326716,100
213,121,-10.892230,1.752283,100
309,58,-5.190515,2.425303,100
71,266,-20.991473,2.741110,100
319,102,-6.221865,4.431872,100
513,233,-3.002833,15.684886,100
257,276,-14.189412,9.102868,100
340,570,-20.460964,23.030543,100
34,384,-26.201499,6.070995,100
363,294,-10.708373,13.199497,100
503,188,-1.939340,13.640019,100
166,274,-17.610277,6.101172,100
37,389,-26.247324,6.358918,100
380,383,-12.918111,17.154501,100
320,103,-6.215710,4.502314,100
264,580,-23.693082,20.970587,100
317,443,-17.259547,17.427336,100
368,0,-1.066561,2.100489,100
551,381,-6.304798,22.574518,100
223,399,-19.445262,12.720676,100
518,433,-9.240130,23.505285,100
538,411,-7.766995,23.305599,100
155,530,-26.260409,15.551977,100
363,559,-19.226518,23.348571,100
409,526,-16.404042,23.563345,100
142,182,-15.572196,1.806265,100
314,288,-12.392130,11.394653,100
317,34,-4.112673,1.763293,100
162,160,-14.099061,1.606579,100
286,455,-18.832524,16.890454,100
471,92,-0.079070,8.934767,100
38,390,-26.241169,6.429361,100
166,539,-26.128423,16.250246,100
72,266,-20.953175,2.773254,100
177,548,-25.996436,16.948515,100
200,272,-16.243844,7.117469,100
550,385,-6.471672,22.695568,100
508,159,-0.815673,12.690086,100
185,143,-12.671751,1.694817,100
269,402,-17.779968,14.314193,100
553,310,-3.945981,19.919620,100
203,277,-16.289669,7.405393,100
109,270,-19.664710,4.115774,100
48,403,-26.276057,7.248679,100
472,93,-0.072915,9.005210,100
356,290,-10.847886,12.821296,100
538,267,-3.138267,17.790630,100
388,359,-11.840269,16.492491,100
348,286,-11.025697,12.410950,100
359,561,-19.443999,23.296592,100
387,543,-17.793053,23.507251,100
528,253,-3.071236,16.933013,100
246,275,-14.578550,8.710986,100
133,218,-17.074064,2.895712,100
63,419,-26.215884,8.343613,100
555,356,-5.348006,21.745634,100
278,456,-19.171055,16.671601,100
298,285,-12.908473,10.765455,100
204,278,-16.283514,7.475835,100
410,526,-16.365743,23.595489,100
377,349,-11.940112,15.755924,100
351,297,-11.264385,12.928665,100
294,580,-22.544130,21.934905,100
362,306,-11.132399,13.626934,100
341,283,-11.197354,12.071048,100
542,273,-3.177938,18.148996,100
146,273,-18.344101,5.419995,100
309,71,-5.608387,2.923182,100
494,196,-2.541177,13.657111,100
299,286,-12.902318,10.835897,100
247,96,-8.786486,1.887717,100
236,575,-24.604717,19.879064,100
137,224,-17.113734,3.254078,100
138,189,-15.950397,1.945778,100
313,41,-4.490875,1.902806,100
238,276,-14.917081,8.492133,100
74,433,-26.244617,9.233374,100
363,307,-11.126244,13.697376,100
254,400,-18.290156,13.755437,100
340,403,-15.092926,16.634711,100
241,281,-14.962906,8.780057,100
289,92,-7.049377,3.084569,100
448,494,-13.881798,23.591411,100
356,2,-1.590430,1.791358,100
507,171,-1.239699,13.117522,100
284,279,-13.251787,10.085649,100
401,10,-0.124154,3.544223,100
189,270,-16.600839,6.687289,100
545,283,-3.384482,18.628412,100
530,420,-8.362678,23.393133,100
556,329,-4.441821,20.743722,100
147,273,-18.305803,5.452139,100
388,336,-11.100959,15.611628,100
154,169,-14.694744,1.694113,100
321,575,-21.349354,22.611300,100
140,234,-17.320278,3.733494,100
378,551,-18.394890,23.524343,100
226,423,-20.101821,13.736269,100
230,573,-24.770219,19.609604,100
89,268,-20.366390,3.396298,100
558,338,-4.654520,21.152695,100
337,290,-11.575555,12.210561,100
243,97,-8.971823,1.797440,100
543,395,-7.061200,22.853544,100
549,289,-3.424152,18.986778,100
141,235,-17.314123,3.803936,100
416,25,-0.031837,4.600858,100
309,48,-4.869076,2.042319,100
279,285,-13.636142,10.154720,100
317,577,-21.566835,22.559321,100
226,279,-15.473094,8.221301,100
110,476,-26.248064,12.037387,100
137,201,-16.374423,2.373215,100
386,2,-0.441478,2.755677,100
275,580,-23.271799,21.324170,100
416,519,-15.910945,23.520264,100
491,204,-2.913223,13.867066,100
234,399,-19.023980,13.074259,100
269,91,-7.783201,2.403392,100
155,255,-17.420825,5.019919,100
174,268,-17.111027,6.128533,100
322,103,-6.139114,4.566602,100
325,437,-16.760296,17.454697,100
526,427,-8.740879,23.532646,100
218,274,-15.618761,7.772657,100
387,3,-0.435324,2.826119,100
417,520,-15.904791,23.590707,100
383,378,-12.642496,17.059441,100
552,299,-3.630696,19.466194,100
114,482,-26.287734,12.395753,100
309,578,-21.905366,22.340468,100
376,339,-11.656971,15.340796,100
505,224,-3.019925,15.083049,100
127,272,-19.039627,4.770961,100
206,565,-25.432229,18.531762,100
483,465,-11.609180,23.605795,100
147,250,-17.566492,4.571276,100
74,266,-20.876578,2.837542,100
442,55,-0.000397,6.585552,100
18,365,-26.203539,4.829022,100
198,561,-25.610041,18.121417,100
193,137,-12.172500,1.722179,100
508,149,-0.494234,12.307102,100
29,380,-26.264415,5.757081,100
222,280,-15.658431,8.131023,100
452,68,-0.035284,7.404871,100
399,533,-17.012033,23.509995,100
169,274,-17.495382,6.197604,100
369,299,-10.639302,13.583852,100
148,251,-17.560338,4.641718,100
323,103,-6.100815,4.598746,100
19,366,-26.197384,4.899464,100
509,230,-3.059595,15.441415,100
139,511,-26.262449,14.310005,100
180,549,-25.913685,17.083245,100
191,558,-25.781698,17.781514,100
272,403,-17.697216,14.448923,100
151,256,-17.606162,4.929642,100
133,208,-16.752624,2.512728,100
307,95,-6.456438,3.778056,100
212,272,-15.784263,7.503197,100
521,433,-9.125235,23.601717,100
255,579,-24.005623,20.642993,100
453,69,-0.029130,7.475313,100
289,455,-18.717629,16.986886,100
351,287,-10.942946,12.545681,100
264,282,-14.114186,9.557666,100
370,300,-10.633148,13.654295,100
140,512,-26.256294,14.380447,100
335,571,-20.684600,22.908121,100
172,544,-26.059352,16.634602,100
160,161,-14.207802,1.580590,100
502,190,-2.041926,13.684472,100
359,407,-14.493832,17.398639,100
309,61,-5.286947,2.540198,100
379,385,-13.020697,17.198954,100
380,350,-11.857361,15.890654,100
112,270,-19.549815,4.212205,100
63,265,-21.265716,2.445660,100
478,98,-0.003845,9.389565,100
249,275,-14.463655,8.807418,100
173,545,-26.053197,16.705044,100
456,488,-13.382547,23.618772,100
549,387,-6.574258,22.740021,100
161,162,-14.201648,1.651032,100
260,284,-14.331668,9.505687,100
227,107,-9.906037,1.666121,100
207,278,-16.168619,7.572267,100
158,273,-17.884521,5.805722,100
331,573,-20.902082,22.856142,100
489,113,-0.064721,10.317625,100
191,270,-16.524242,6.751577,100
518,436,-9.336562,23.620180,100
284,89,-7.144437,2.808955,100
59,416,-26.272646,8.100142,100
302,286,-12.787423,10.932329,100
554,358,-5.450592,21.790087,100
4,300,-24.650360,1.889611,100
386,365,-12.109730,16.657993,100
192,271,-16.518087,6.822019,100
24,278,-23.177225,1.689925,100
555,323,-4.287256,20.481787,100
269,454,-19.451453,16.305709,100
257,400,-18.175261,13.851868,100
244,281,-14.848010,8.876488,100
388,543,-17.754755,23.539395,100
55,265,-21.572104,2.188509,100
222,113,-10.290392,1.735191,100
375,392,-13.398899,17.338467,100
240,576,-24.483667,20.045939,100
287,279,-13.136892,10.182081,100
308,73,-5.710973,2.967635,100
387,366,-12.103575,16.728436,100
332,430,-16.267199,17.411616,100
140,272,-18.541748,5.188833,100
200,131,-11.711548,1.717396,100
355,5,-1.725160,1.874110,100
270,455,-19.445298,16.376151,100
372,323,-11.295862,14.599446,100
245,282,-14.841856,8.946931,100
285,89,-7.106139,2.841098,100
312,43,-4.593461,1.947259,100
3,340,-25.974416,3.389403,100
229,274,-15.197479,8.126240,100
490,458,-11.116084,23.562714,100
424,513,-15.411695,23.547626,100
319,576,-21.458094,22.585310,100
389,3,-0.358727,2.890407,100
351,565,-19.878962,23.192634,100
263,452,-19.616955,16.036249,100
324,282,-11.816283,11.486302,100
95,459,-26.276093,10.904155,100
230,275,-15.191324,8.196683,100
546,395,-6.946305,22.949976,100
370,398,-13.783254,17.407537,100
136,231,-17.377040,3.490023,100
376,329,-11.335532,14.957812,100
196,133,-11.929030,1.665417,100
282,285,-13.521247,10.251152,100
311,83,-5.917517,3.447051,100
327,436,-16.651555,17.480687,100
314,88,-5.963342,3.734974,100
278,580,-23.156904,21.420602,100
236,434,-20.072421,14.478991,100
237,399,-18.909084,13.170691,100
43,268,-22.128116,1.917676,100
433,45,-0.023643,5.913273,100
120,488,-26.250808,12.818407,100
169,264,-17.173943,5.814620,100
463,482,-12.921595,23.613989,100
267,278,-13.870715,9.500904,100
153,256,-17.529566,4.993930,100
308,50,-4.971662,2.086772,100
238,400,-18.902930,13.241133,100
379,339,-11.542076,15.437228,100
434,46,-0.017489,5.983715,100
10,356,-26.220630,4.227185,100
558,341,-4.750951,21.267590,100
553,375,-6.035338,22.409016,100
121,489,-26.244653,12.888849,100
551,302,-3.765426,19.548945,100
168,155,-13.708551,1.607951,100
309,280,-12.326471,10.927546,100
320,289,-12.194484,11.625815,100
459,484,-13.139076,23.562010,100
370,555,-18.829853,23.420385,100
202,562,-25.488991,18.288291,100
378,1,-0.715721,2.460227,100
459,75,0.007797,7.897967,100
14,362,-26.260300,4.585551,100
194,558,-25.666803,17.877946,100
275,403,-17.582321,14.545355,100
136,208,-16.637729,2.609160,100
235,101,-9.406786,1.693482,100
258,579,-23.890728,20.739425,100
210,273,-15.893004,7.477207,100
365,296,-10.696064,13.340381,100
135,508,-26.319211,14.066534,100
526,250,-3.051401,16.753830,100
195,559,-25.660648,17.948388,100
497,452,-10.655131,23.557931,100
187,555,-25.838459,17.538043,100
0,320,-25.446432,2.527003,100
66,265,-21.150821,2.542092,100
316,31,-4.054540,1.616254,100
470,89,-0.020936,8.787728,100
312,406,-16.261713,15.849576,100
207,124,-11.218452,1.674315,100
307,62,-5.395688,2.514209,100
32,272,-22.677974,1.717287,100
366,297,-10.689909,13.410824,100
157,532,-26.248101,15.692862,100
473,94,-0.066761,9.075652,100
555,313,-3.965816,20.098804,100
40,392,-26.228860,6.570245,100
545,391,-6.856028,22.764639,100
530,256,-3.091071,17.112196,100
313,407,-16.255558,15.920018,100
308,63,-5.389533,2.584651,100
254,92,-8.389821,1.959531,100
378,387,-13.123284,17.243407,100
495,118,0.004349,10.701980,100
432,507,-14.912444,23.574987,100
474,95,-0.060606,9.146094,100
527,250,-3.013103,16.785974,100
195,271,-16.403192,6.918451,100
496,119,0.010504,10.772422,100
51,406,-26.257593,7.460006,100
353,299,-11.252076,13.069549,100
104,269,-19.824058,3.916755,100
304,579,-22.129002,22.218046,100
437,503,-14.592376,23.582513,100
364,308,-11.120090,13.767818,100
499,124,-0.035321,11.060346,100
384,323,-10.836281,14.985173,100
290,279,-13.021996,10.278513,100
136,221,-17.055600,3.107039,100
470,475,-12.428499,23.570908,100
353,564,-19.770222,23.218624,100
273,455,-19.330403,16.472583,100
199,277,-16.442862,7.276817,100
232,274,-15.082583,8.222672,100
346,296,-11.423733,12.729647,100
365,309,-11.113935,13.838261,100
338,292,-11.601545,12.319301,100
327,17,-3.183242,1.433660,100
76,435,-26.232308,9.374258,100
363,385,-13.633472,16.684651,100
308,449,-17.797096,17.367831,100
142,237,-17.340113,3.912677,100
176,150,-13.241444,1.673611,100
214,405,-19.982811,12.661171,100
374,394,-13.501485,17.382920,100
327,282,-11.701388,11.582734,100
386,368,-12.206162,16.772889,100
387,333,-11.042825,15.464589,100
233,275,-15.076429,8.293115,100
378,364,-12.383973,16.362543,100
489,201,-2.893388,13.687883,100
423,515,-15.514281,23.592078,100
285,285,-13.406352,10.347584,100
558,331,-4.429512,20.884606,100
236,280,-15.122254,8.581038,100
553,365,-5.713898,22.026032,100
47,264,-21.846347,1.893059,100
228,425,-20.089513,13.877154,100
175,270,-17.137016,6.237274,100
224,571,-24.935722,19.340144,100
240,399,-18.794189,13.267123,100
396,9,-0.283502,3.345205,100
548,286,-3.366018,18.839739,100
339,292,-11.563246,12.351445,100
372,555,-18.753257,23.484673,100
358,391,-14.017827,16.753721,100
270,278,-13.755820,9.597336,100
346,8,-2.166278,1.699709,100
395,538,-17.325947,23.572911,100
461,483,-13.030336,23.588000,100
148,172,-15.020966,1.616145,100
232,431,-20.129183,14.235520,100
347,418,-15.306996,17.434194,100
179,276,-17.176686,6.595640,100
509,151,-0.520223,12.415842,100
554,302,-3.650531,19.645377,100
321,100,-6.080980,4.419563,100
116,485,-26.307569,12.574936,100
505,446,-10.155880,23.585293,100
149,253,-17.586327,4.750459,100
323,289,-12.079589,11.722247,100
160,262,-17.454340,5.448728,100
451,66,-0.009295,7.296130,100
213,274,-15.810253,7.611937,100
381,1,-0.600826,2.556658,100
454,71,-0.055119,7.584054,100
278,403,-17.467426,14.641786,100
319,26,-3.778925,1.521194,100
229,398,-19.183328,12.875241,100
507,226,-3.007616,15.223934,100
21,369,-26.217219,5.078647,100
325,106,-6.120650,4.777929,100
261,579,-23.775833,20.835857,100
161,263,-17.448186,5.519170,100
389,356,-11.705539,16.409740,100
338,570,-20.537561,22.966255,100
31,382,-26.252106,5.897966,100
379,342,-11.638508,15.552123,100
455,72,-0.048965,7.654496,100
508,227,-3.001462,15.294376,100
163,538,-26.211174,16.115516,100
372,303,-10.652983,13.833478,100
142,515,-26.276129,14.559630,100
182,551,-25.901376,17.224130,100
500,452,-10.540236,23.654363,100
511,232,-3.047286,15.582300,100
369,377,-13.146530,16.571127,100
557,348,-5.014257,21.503535,100
315,406,-16.146817,15.946008,100
221,399,-19.521859,12.656388,100
361,293,-10.752826,13.096911,100
338,426,-15.908833,17.451286,100
284,455,-18.909121,16.826167,100
345,285,-11.108448,12.276220,100
259,282,-14.305678,9.396946,100
183,552,-25.895221,17.294572,100
430,509,-15.053328,23.587296,100
136,211,-16.734161,2.724055,100
316,407,-16.140663,16.016450,100
536,410,-7.811448,23.203013,100
201,277,-16.366265,7.341105,100
509,164,-0.938095,12.913721,100
315,33,-4.157126,1.660707,100
164,538,-26.172875,16.147660,100
554,315,-4.068402,20.143256,100
206,126,-11.321038,1.718767,100
335,11,-2.683992,1.461021,100
57,412,-26.220667,7.882660,100
250,578,-24.164971,20.443975,100
338,282,-11.280105,11.936317,100
548,384,-6.516125,22.592982,100
134,223,-17.196485,3.119348,100
342,401,-14.952041,16.622402,100
107,269,-19.709163,4.013187,100
556,361,-5.470427,21.969270,100
362,1,-1.328496,1.945924,100
536,266,-3.182720,17.688044,100
58,413,-26.214512,7.953103,100
292,580,-22.620727,21.870617,100
286,91,-7.132128,2.949839,100
310,448,-17.688355,17.393820,100
2,332,-25.755563,3.050872,100
178,149,-13.132704,1.699600,100
49,264,-21.769750,1.957347,100
61,418,-26.260337,8.241026,100
297,286,-12.978915,10.771609,100
234,575,-24.681314,19.814777,100
202,277,-16.327967,7.373249,100
557,325,-4.274947,20.622672,100
349,296,-11.308838,12.826078,100
354,411,-14.813900,17.391113,100
341,292,-11.486650,12.415733,100
495,121,-0.092083,10.816875,100
338,403,-15.169523,16.570423,100
144,272,-18.388554,5.317408,100
540,272,-3.222390,18.046410,100
512,439,-9.662784,23.542211,100
354,2,-1.667027,1.727070,100
493,197,-2.611619,13.663265,100
403,532,-16.826696,23.600272,100
310,75,-5.698664,3.108520,100
469,477,-12.531085,23.615361,100
213,408,-20.117541,12.743922,100
342,293,-11.480495,12.486176,100
139,193,-16.040675,2.131116,100
5,342,-25.962107,3.530288,100
145,273,-18.382400,5.387851,100
421,28,0.063223,4.876473,100
364,311,-11.216521,13.882713,100
313,86,-5.937352,3.626234,100
235,575,-24.643015,19.846921,100
376,551,-18.471487,23.460055,100
362,387,-13.736058,16.729103,100
399,9,-0.168607,3.441637,100
271,89,-7.642316,2.391083,100
87,268,-20.442987,3.332010,100
556,338,-4.731116,21.088407,100
375,326,-11.277398,14.810773,100
410,18,-0.036620,4.139906,100
265,454,-19.604646,16.177133,100
361,391,-13.902932,16.850153,100
97,461,-26.263784,11.045039,100
422,29,0.069378,4.946915,100
273,278,-13.640925,9.693768,100
547,289,-3.500749,18.922491,100
224,273,-15.356827,7.927222,100
182,276,-17.061791,6.692072,100
392,6,-0.340264,3.101734,100
432,42,0.034490,5.766234,100
411,19,-0.030465,4.210348,100
389,346,-11.384100,16.026756,100
384,2,-0.518075,2.691389,100
12,359,-26.240465,4.406368,100
326,406,-15.725535,16.299591,100
319,281,-11.975631,11.287284,100
345,419,-15.415737,17.408205,100
267,91,-7.859798,2.339104,100
435,47,-0.011334,6.054158,100
3,310,-25.010098,2.240451,100
357,393,-14.120414,16.798174,100
277,284,-13.680595,10.052134,100
216,274,-15.695358,7.708369,100
236,103,-9.432775,1.802223,100
310,52,-4.959353,2.227657,100
340,569,-20.428820,22.992244,100
550,299,-3.707293,19.401906,100
13,360,-26.234311,4.476810,100
147,174,-15.123553,1.660598,100
436,48,-0.005180,6.124600,100
502,222,-3.070532,14.910021,100
125,272,-19.116224,4.706673,100
539,406,-7.567977,23.146251,100
358,394,-14.114259,16.868616,100
312,98,-6.361378,4.053671,100
504,448,-10.258467,23.629745,100
524,426,-8.785332,23.430060,100
262,277,-14.030063,9.301886,100
341,570,-20.422666,23.062687,100
327,406,-15.687237,16.331735,100
314,287,-12.359986,11.356355,100
220,280,-15.735028,8.066735,100
509,154,-0.616655,12.530738,100
503,223,-3.064378,14.980463,100
167,274,-17.571979,6.133316,100
38,389,-26.209025,6.391062,100
177,547,-25.964292,16.910217,100
554,305,-3.746963,19.760272,100
318,443,-17.221248,17.459480,100
313,99,-6.355223,4.124113,100
305,95,-6.533035,3.713768,100
499,189,-2.124677,13.549742,100
553,309,-3.913837,19.881322,100
476,471,-12.070132,23.610578,100
315,288,-12.353832,11.426797,100
356,289,-10.815742,12.782997,100
388,358,-11.808125,16.454193,100
287,455,-18.794226,16.922598,100
348,285,-10.993553,12.372652,100
138,512,-26.332891,14.316159,100
178,548,-25.958137,16.980659,100
475,97,-0.086596,9.254835,100
197,561,-25.648339,18.089273,100
42,395,-26.248695,6.749429,100
270,402,-17.741669,14.346336,100
2,322,-25.434123,2.667888,100
519,432,-9.169688,23.499130,100
410,525,-16.333599,23.557191,100
377,348,-11.907968,15.717625,100
384,547,-18.036524,23.564013,100
364,0,-1.219755,1.971913,100
253,578,-24.050076,20.540407,100
349,286,-10.987399,12.443094,100
52,408,-26.283583,7.568747,100
476,98,-0.080441,9.325277,100
247,275,-14.540252,8.743130,100
529,253,-3.032938,16.965157,100
547,387,-6.650855,22.675733,100
159,162,-14.278244,1.586744,100
532,258,-3.078762,17.253081,100
137,223,-17.081590,3.215780,100
110,269,-19.594268,4.109619,100
329,573,-20.978679,22.791854,100
477,471,-12.031834,23.642722,100
356,410,-14.705159,17.417103,100
182,145,-12.850934,1.674982,100
53,409,-26.277428,7.639189,100
382,319,-10.784302,14.767692,100
342,283,-11.159056,12.103192,100
314,35,-4.259713,1.705160,100
6,297,-24.477331,1.839004,100
385,324,-10.830126,15.055615,100
237,575,-24.566419,19.911208,100
284,278,-13.219643,10.047351,100
376,361,-12.364138,16.183360,100
267,454,-19.528050,16.241421,100
341,403,-15.054627,16.666855,100
242,281,-14.924607,8.812200,100
290,92,-7.011079,3.116713,100
147,272,-18.273659,5.413840,100
367,312,-11.133770,14.017444,100
78,438,-26.252143,9.553441,100
556,328,-4.409677,20.705423,100
220,113,-10.366989,1.670904,100
238,576,-24.560264,19.981651,100
378,550,-18.362747,23.486045,100
250,401,-18.475493,13.665159,100
364,386,-13.627317,16.755093,100
508,171,-1.201401,13.149666,100
190,270,-16.562540,6.719433,100
352,3,-1.775767,1.701081,100
413,19,0.046131,4.274636,100
356,302,-11.233613,13.280876,100
148,273,-18.267505,5.484283,100
283,89,-7.182736,2.776811,100
79,439,-26.245988,9.623884,100
549,288,-3.392008,18.948480,100
353,413,-14.916486,17.435566,100
221,114,-10.360835,1.741346,100
4,345,-26.096837,3.613039,100
555,368,-5.733733,22.205215,100
445,496,-14.060981,23.571576,100
365,387,-13.621163,16.825535,100
82,444,-26.291813,9.911808,100
317,576,-21.534691,22.521022,100
90,268,-20.328092,3.428442,100
230,428,-20.109348,14.056337,100
268,454,-19.489751,16.273565,100
505,138,-0.255546,11.789387,100
322,282,-11.892880,11.422014,100
227,273,-15.241931,8.023654,100
18,279,-23.439159,1.535360,100
368,398,-13.859851,17.343249,100
333,291,-11.760893,12.120283,100
280,285,-13.597844,10.186864,100
185,276,-16.946896,6.788504,100
325,436,-16.728152,17.416399,100
387,2,-0.403180,2.787821,100
276,580,-23.233501,21.356314,100
383,377,-12.610352,17.021142,100
406,15,-0.093382,3.896435,100
329,406,-15.610640,16.396023,100
302,452,-18.123318,17.289862,100
270,91,-7.744903,2.435536,100
41,268,-22.204713,1.853389,100
390,7,-0.449004,3.075744,100
114,481,-26.255590,12.357454,100
374,328,-11.379985,14.855226,100
483,464,-11.577036,23.567497,100
506,447,-10.149726,23.655735,100
231,428,-20.071049,14.088481,100
313,89,-6.033784,3.741129,100
508,148,-0.462090,12.268803,100
317,288,-12.277235,11.491085,100
484,465,-11.570882,23.637939,100
128,272,-19.001328,4.803105,100
207,565,-25.393931,18.563906,100
556,341,-4.827548,21.203302,100
388,348,-11.486686,16.071209,100
118,487,-26.295260,12.715820,100
199,561,-25.571742,18.153561,100
305,579,-22.090704,22.250190,100
272,402,-17.665073,14.410624,100
265,277,-13.915168,9.398318,100
151,255,-17.574018,4.891343,100
373,368,-12.704041,16.355017,100
341,7,-2.325626,1.500691,100
37,270,-22.422194,1.801410,100
223,280,-15.620133,8.163167,100
453,68,0.003014,7.437015,100
369,556,-18.900296,23.426540,100
389,349,-11.480531,16.141651,100
33,385,-26.271942,6.077149,100
200,562,-25.565588,18.224003,100
510,230,-3.021297,15.473559,100
192,558,-25.743399,17.813658,100
480,467,-11.788363,23.585960,100
414,522,-16.083974,23.570872,100
309,60,-5.254803,2.501900,100
327,108,-6.108341,4.918814,100
23,371,-26.204910,5.219532,100
379,384,-12.988553,17.160655,100
513,235,-3.067121,15.761483,100
290,455,-18.679331,17.019030,100
162,535,-26.153040,15.968477,100
29,271,-22.760725,1.582556,100
508,445,-10.008841,23.643426,100
208,273,-15.969601,7.412919,100
34,386,-26.265787,6.147591,100
173,544,-26.021054,16.666746,100
306,579,-22.052405,22.282334,100
456,487,-13.350403,23.580474,100
161,161,-14.169504,1.612734,100
374,305,-10.640674,13.974362,100
273,402,-17.626774,14.442768,100
309,96,-6.411985,3.880642,100
144,517,-26.263820,14.700515,100
380,385,-12.982399,17.231098,100
518,435,-9.304418,23.581882,100
174,545,-26.014899,16.737188,100
142,184,-15.636484,1.882862,100
162,162,-14.163349,1.683176,100
261,284,-14.293369,9.537831,100
360,406,-14.423390,17.392485,100
59,415,-26.240502,8.061843,100
228,107,-9.867738,1.698265,100
185,554,-25.882912,17.435457,100
159,273,-17.846222,5.837866,100
556,318,-4.088238,20.322439,100
64,264,-21.195274,2.439506,100
332,573,-20.863783,22.888286,100
192,270,-16.485943,6.783721,100
10,293,-24.195562,1.814386,100
386,544,-17.863496,23.513406,100
553,312,-4.010269,19.996217,100
493,118,-0.072248,10.637692,100
538,269,-3.202555,17.867227,100
388,361,-11.904557,16.569088,100
375,391,-13.366755,17.300168,100
340,284,-11.267796,12.077202,100
133,220,-17.138351,2.972309,100
308,72,-5.678829,2.929337,100
387,365,-12.071431,16.690137,100
63,421,-26.280172,8.420210,100
333,16,-2.921308,1.588225,100
311,406,-16.300011,15.817432,100
298,287,-12.972761,10.842052,100
245,281,-14.809712,8.908632,100
377,351,-12.004400,15.832520,100
351,299,-11.328673,13.005261,100
362,308,-11.196686,13.703530,100
223,113,-10.252094,1.767335,100
497,124,-0.111918,10.996058,100
253,401,-18.360598,13.761591,100
333,281,-11.439453,11.737299,100
5,299,-24.579917,1.883457,100
193,270,-16.447645,6.815865,100
271,455,-19.407000,16.408295,100
425,513,-15.373396,23.579769,100
546,394,-6.914161,22.911678,100
230,274,-15.159180,8.158384,100
21,280,-23.356408,1.670090,100
363,309,-11.190532,13.773973,100
320,576,-21.419796,22.617454,100
153,170,-14.765186,1.700268,100
495,199,-2.599310,13.804150,100
373,322,-11.225419,14.593291,100
507,173,-1.303987,13.194119,100
325,282,-11.777984,11.518446,100
401,12,-0.188442,3.620820,100
215,410,-20.105233,12.884807,100
344,295,-11.468186,12.627060,100
96,459,-26.237795,10.936299,100
336,291,-11.645998,12.216715,100
530,422,-8.426966,23.469730,100
421,515,-15.590878,23.527790,100
283,285,-13.482949,10.283296,100
99,464,-26.283619,11.224222,100
388,338,-11.165246,15.688225,100
234,280,-15.198850,8.516751,100
199,562,-25.603886,18.191859,100
554,370,-5.836319,22.249668,100
238,399,-18.870786,13.202835,100
231,274,-15.120882,8.190528,100
273,91,-7.630008,2.531968,100
352,6,-1.872199,1.815976,100
413,22,-0.050300,4.389531,100
434,45,0.014655,5.945417,100
546,286,-3.442615,18.775451,100
558,340,-4.718808,21.229292,100
100,465,-26.277465,11.294665,100
162,260,-17.313456,5.436419,100
490,205,-2.983666,13.873221,100
549,291,-3.488440,19.063375,100
173,269,-17.181469,6.134688,100
393,538,-17.402543,23.508623,100
144,242,-17.424236,4.168457,100
324,438,-16.830738,17.460852,100
110,478,-26.312352,12.113983,100
131,272,-18.886433,4.899537,100
321,24,-3.638040,1.508885,100
82,267,-20.602335,3.132992,100
386,4,-0.505766,2.832273,100
394,8,-0.327955,3.242619,100
416,521,-15.975233,23.596861,100
438,51,-0.025015,6.303783,100
491,206,-2.977511,13.943663,100
169,155,-13.670253,1.640095,100
268,277,-13.800273,9.494749,100
125,494,-26.252179,13.208917,100
166,266,-17.353126,5.794785,100
321,289,-12.156186,11.657959,100
460,484,-13.100778,23.594154,100
272,284,-13.872087,9.891414,100
372,371,-12.838771,16.437769,100
177,275,-17.221139,6.493054,100
305,281,-12.511808,10.837269,100
210,272,-15.860860,7.438909,100
379,1,-0.677423,2.492371,100
276,403,-17.544023,14.577499,100
187,554,-25.806315,17.499745,100
262,90,-8.019146,2.140086,100
0,319,-25.414288,2.488705,100
18,367,-26.267826,4.905619,100
550,377,-6.214521,22.389181,100
394,538,-17.364245,23.540767,100
259,579,-23.852430,20.771569,100
326,111,-6.243072,5.001565,100
508,151,-0.558522,12.383698,100
211,273,-15.854706,7.509351,100
366,296,-10.657766,13.372525,100
188,555,-25.800161,17.570187,100
139,513,-26.326737,14.386601,100
120,271,-19.275572,4.507655,100
464,81,0.006425,8.288477,100
67,265,-21.112523,2.574236,100
133,210,-16.816912,2.589325,100
313,406,-16.223414,15.881720,100
306,281,-12.473510,10.869413,100
555,348,-5.090854,21.439247,100
378,386,-13.091140,17.205108,100
432,506,-14.880300,23.536688,100
169,541,-26.077815,16.423275,100
498,451,-10.584689,23.551777,100
264,284,-14.178474,9.634262,100
531,256,-3.052773,17.144340,100
248,276,-14.534097,8.813572,100
160,163,-14.272090,1.657187,100
44,397,-26.236387,6.890313,100
309,63,-5.351235,2.616795,100
380,352,-11.921649,15.967251,100
51,405,-26.225449,7.421708,100
9,296,-24.330292,1.897137,100
29,274,-22.857157,1.697452,100
204,126,-11.397635,1.654480,100
384,322,-10.804137,14.946875,100
478,100,-0.068132,9.466162,100
136,220,-17.023456,3.068740,100
335,429,-16.120160,17.469749,100
385,546,-17.966082,23.557859,100
227,109,-9.970325,1.742718,100
354,299,-11.213778,13.101693,100
105,269,-19.785760,3.948899,100
191,272,-16.588530,6.828174,100
55,411,-26.265119,7.780074,100
256,401,-18.245703,13.858023,100
284,91,-7.208725,2.885551,100
176,149,-13.209300,1.635312,100
214,404,-19.950667,12.622872,100
374,393,-13.469341,17.344621,100
354,564,-19.731923,23.250768,100
200,277,-16.404564,7.308961,100
554,360,-5.514880,21.866684,100
4,302,-24.714648,1.966208,100
386,367,-12.174018,16.734590,100
331,431,-16.337642,17.417770,100
233,274,-15.044285,8.254816,100
184,269,-16.760187,6.488271,100
378,363,-12.351829,16.324245,100
347,296,-11.385435,12.761790,100
199,132,-11.781990,1.723550,100
555,325,-4.351544,20.558384,100
423,514,-15.482137,23.553780,100
80,440,-26.239834,9.694326,100
309,449,-17.758797,17.399975,100
369,314,-11.121461,14.158328,100
142,272,-18.465151,5.253121,100
401,532,-16.903293,23.535984,100
232,574,-24.725767,19.712190,100
328,282,-11.663089,11.614878,100
503,134,-0.203567,11.571906,100
467,477,-12.607682,23.551073,100
548,285,-3.333875,18.801441,100
415,21,0.058440,4.415520,100
350,566,-19.949405,23.198789,100
3,342,-26.038704,3.466000,100
312,45,-4.657749,2.023856,100
262,453,-19.687398,16.042403,100
237,280,-15.083955,8.613182,100
506,139,-0.249391,11.859830,100
545,396,-7.016747,22.956131,100
48,264,-21.808048,1.925203,100
490,460,-11.180372,23.639311,100
176,270,-17.098718,6.269418,100
294,405,-16.918940,15.232686,100
232,430,-20.097039,14.197222,100
347,417,-15.274852,17.395896,100
179,275,-17.144542,6.557342,100
506,175,-1.406573,13.238572,100
507,140,-0.243237,11.930272,100
439,500,-14.419347,23.531906,100
255,450,-19.859055,15.702500,100
271,278,-13.717522,9.629480,100
347,8,-2.127979,1.731853,100
7,348,-26.078374,3.824366,100
238,101,-9.291891,1.789914,100
462,483,-12.992037,23.620144,100
274,283,-13.763346,9.917403,100
233,431,-20.090884,14.267664,100
139,238,-17.487152,3.854543,100
314,90,-6.027630,3.811571,100
180,276,-17.138388,6.627784,100
85,267,-20.487440,3.229424,100
373,325,-11.321851,14.708186,100
373,554,-18.682814,23.478519,100
117,485,-26.269271,12.607080,100
317,281,-12.052228,11.222996,100
150,253,-17.548029,4.782603,100
325,105,-6.088506,4.739631,100
120,490,-26.315095,12.895004,100
275,284,-13.757192,9.987846,100
375,371,-12.723876,16.534200,100
308,52,-5.035950,2.163369,100
382,1,-0.562528,2.588802,100
541,403,-7.394949,23.095644,100
379,341,-11.606364,15.513824,100
455,71,-0.016821,7.616198,100
265,90,-7.904251,2.236518,100
217,279,-15.817779,7.932005,100
36,267,-22.364061,1.654370,100
121,491,-26.308941,12.965446,100
142,514,-26.243985,14.521332,100
1,309,-25.054550,2.137865,100
318,102,-6.260163,4.399728,100
511,231,-3.015142,15.544002,100
558,343,-4.815239,21.344187,100
168,157,-13.772839,1.684548,100
25,374,-26.224745,5.398715,100
557,347,-4.982114,21.465237,100
214,273,-15.739811,7.605783,100
32,382,-26.213808,5.930110,100
312,287,-12.436583,11.292067,100
338,425,-15.876689,17.412988,100
371,373,-12.941357,16.482221,100
183,551,-25.863077,17.256274,100
123,271,-19.160677,4.604087,100
35,387,-26.259633,6.218034,100
175,547,-26.040889,16.845929,100
350,399,-14.581366,16.802957,100
459,77,-0.056491,7.974564,100
512,232,-3.008988,15.614444,100
376,308,-10.660509,14.153546,100
136,210,-16.702017,2.685756,100
310,97,-6.405831,3.951084,100
257,91,-8.242782,2.017665,100
369,3,-1.124695,2.247528,100
509,163,-0.905951,12.875423,100
313,288,-12.430429,11.362509,100
354,289,-10.892339,12.718709,100
218,279,-15.779481,7.964149,100
206,125,-11.288894,1.680469,100
346,285,-11.070150,12.308364,100
217,400,-19.707196,12.566111,100
31,273,-22.748417,1.723441,100
36,388,-26.253478,6.288476,100
164,537,-26.140731,16.109362,100
176,548,-26.034734,16.916371,100
554,314,-4.036259,20.104958,100
497,454,-10.719419,23.634528,100
255,283,-14.491016,9.306669,100
303,94,-6.577488,3.611181,100
160,274,-17.840068,5.908308,100
0,322,-25.510720,2.603600,100
470,91,-0.085224,8.864325,100
339,425,-15.838391,17.445132,100
307,64,-5.459976,2.590805,100
207,126,-11.282740,1.750911,100
253,93,-8.460263,1.965686,100
251,578,-24.126673,20.476119,100
431,508,-14.982886,23.581141,100
61,417,-26.228193,8.202728,100
367,380,-13.319558,16.621734,100
218,400,-19.668898,12.598255,100
305,405,-16.497657,15.586270,100
379,354,-12.024235,16.011703,100
495,120,-0.059939,10.778577,100
287,91,-7.093830,2.981983,100
311,448,-17.650057,17.425964,100
62,418,-26.222038,8.273170,100
50,264,-21.731452,1.989491,100
332,13,-2.863175,1.441186,100
310,74,-5.666520,3.070221,100
213,407,-20.085397,12.705624,100
72,431,-26.256926,9.092489,100
361,305,-11.138553,13.556491,100
139,192,-16.008531,2.092817,100
541,272,-3.184092,18.078554,100
145,272,-18.350256,5.349552,100
364,310,-11.184378,13.844415,100
499,126,-0.099609,11.136943,100
544,277,-3.229917,18.366478,100
307,450,-17.867538,17.373985,100
188,270,-16.639137,6.655145,100
175,151,-13.311887,1.679765,100
350,3,-1.852364,1.636793,100
293,286,-13.132109,10.643034,100
375,325,-11.245254,14.772474,100
265,453,-19.572502,16.138835,100
240,280,-14.969060,8.709614,100
385,369,-12.276604,16.779043,100
51,264,-21.693153,2.021634,100
547,288,-3.468605,18.884192,100
248,400,-18.519946,13.562573,100
363,387,-13.697760,16.761247,100
88,268,-20.404688,3.364154,100
400,534,-17.005879,23.580437,100
242,97,-9.010121,1.765296,100
266,454,-19.566348,16.209277,100
466,479,-12.710268,23.595526,100
386,370,-12.270449,16.849485,100
387,335,-11.107113,15.541186,100
258,450,-19.744159,15.798932,100
328,20,-3.241376,1.580699,100
250,446,-19.921971,15.388587,100
225,273,-15.318528,7.959366,100
377,550,-18.401045,23.453901,100
553,367,-5.778186,22.102629,100
101,466,-26.271310,11.365107,100
492,208,-3.003501,14.052404,100
551,294,-3.508275,19.242558,100
183,276,-17.023493,6.724216,100
146,245,-17.444071,4.347640,100
320,281,-11.937332,11.319428,100
346,419,-15.377438,17.440349,100
415,24,-0.037991,4.530416,100
436,47,0.026964,6.086302,100
331,290,-11.805346,12.017697,100
506,142,-0.345823,11.974725,100
438,502,-14.521934,23.576358,100
278,284,-13.642297,10.084278,100
493,209,-2.997346,14.122846,100
262,276,-13.997920,9.263587,100
505,183,-1.702023,13.512815,100
341,569,-20.390522,23.024388,100
268,90,-7.789356,2.332950,100
220,279,-15.702884,8.028437,100
509,153,-0.584511,12.492439,100
554,304,-3.714819,19.721974,100
17,365,-26.241837,4.796878,100
321,102,-6.145268,4.496160,100
440,53,-0.012706,6.444668,100
269,580,-23.501590,21.131307,100
296,454,-18.417396,17.173595,100
127,496,-26.239870,13.349801,100
528,424,-8.567851,23.482039,100
263,277,-13.991765,9.334030,100
382,377,-12.648651,16.988998,100
328,406,-15.648938,16.363879,100
374,373,-12.826462,16.578653,100
315,287,-12.321688,11.388499,100
221,280,-15.696729,8.098879,100
126,271,-19.045781,4.700519,100
12,286,-23.893957,1.610585,100
368,299,-10.677601,13.551708,100
138,511,-26.300747,14.277861,100
205,272,-16.052352,7.278189,100
197,560,-25.616195,18.050975,100
507,228,-3.071904,15.300531,100
189,556,-25.794007,17.640630,100
540,405,-7.497535,23.140097,100
42,394,-26.216551,6.711130,100
2,321,-25.401979,2.629590,100
210,121,-11.007125,1.655851,100
552,379,-6.202212,22.530066,100
316,288,-12.315534,11.458941,100
300,280,-12.671156,10.638251,100
529,252,-3.000794,16.926859,100
171,544,-26.097650,16.602458,100
190,557,-25.787852,17.711072,100
271,402,-17.703371,14.378480,100
258,283,-14.376121,9.403100,100
466,83,0.018734,8.429362,100
532,257,-3.046618,17.214783,100
411,525,-16.295301,23.589335,100
61,263,-21.278025,2.304776,100
365,0,-1.181456,2.004057,100
557,350,-5.078545,21.580132,100
254,578,-24.011778,20.572551,100
256,93,-8.345368,2.062118,100
53,408,-26.245284,7.600891,100
206,272,-16.014054,7.310333,100
314,34,-4.227569,1.666861,100
480,103,-0.087967,9.645345,100
533,258,-3.040464,17.285225,100
330,573,-20.940380,22.823998,100
370,380,-13.204663,16.718166,100
315,444,-17.368287,17.401346,100
8,293,-24.272159,1.750098,100
183,145,-12.812636,1.707126,100
497,192,-2.297706,13.600349,100
361,560,-19.335259,23.322582,100
407,527,-16.512782,23.537356,100
477,97,-0.009999,9.319123,100
106,270,-19.779605,4.019342,100
509,166,-1.002383,12.990318,100
473,472,-12.217172,23.552445,100
367,311,-11.101626,13.979145,100
554,317,-4.132690,20.219853,100
250,400,-18.443349,13.626861,100
243,275,-14.693445,8.614554,100
296,287,-13.049358,10.777764,100
134,225,-17.260773,3.195944,100
356,301,-11.201469,13.242578,100
556,363,-5.534715,22.045867,100
155,168,-14.624302,1.687959,100
353,412,-14.884342,17.397268,100
379,550,-18.324448,23.518189,100
251,401,-18.437195,13.697303,100
82,443,-26.259669,9.873509,100
371,317,-11.141296,14.337511,100
49,266,-21.834038,2.033943,100
492,198,-2.682061,13.669420,100
511,440,-9.733226,23.548366,100
244,96,-8.901381,1.791286,100
557,327,-4.339235,20.699269,100
505,137,-0.223402,11.751089,100
417,24,0.038605,4.594704,100
333,290,-11.728749,12.081985,100
446,496,-14.022683,23.603720,100
83,444,-26.253515,9.943951,100
318,576,-21.496393,22.553166,100
512,441,-9.727072,23.618808,100
326,22,-3.382261,1.593008,100
91,268,-20.289793,3.460586,100
245,97,-8.895226,1.861728,100
310,77,-5.762952,3.185116,100
288,404,-17.116586,15.001524,100
281,279,-13.366682,9.989217,100
234,433,-20.116874,14.376405,100
311,42,-4.599615,1.876817,100
418,25,0.044760,4.665146,100
19,279,-23.400861,1.567504,100
179,268,-16.919535,6.289253,100
334,291,-11.722594,12.152427,100
5,344,-26.026395,3.606885,100
93,457,-26.288402,10.763270,100
186,276,-16.908597,6.820648,100
151,169,-14.809639,1.597681,100
421,30,-0.001065,4.953070,100
138,236,-17.461163,3.745803,100
313,88,-6.001640,3.702831,100
418,519,-15.834349,23.584552,100
227,573,-24.885115,19.513172,100
442,498,-14.240164,23.551741,100
330,406,-15.572342,16.428167,100
323,281,-11.822437,11.415860,100
271,91,-7.706604,2.467680,100
350,6,-1.948796,1.751688,100
391,7,-0.410706,3.107888,100
399,11,-0.232894,3.518233,100
246,443,-19.978732,15.145116,100
383,3,-0.588517,2.697543,100
6,345,-26.020240,3.677327,100
556,340,-4.795404,21.165004,100
528,421,-8.471419,23.367144,100
298,453,-18.308655,17.199585,100
488,205,-3.060263,13.808933,100
378,333,-11.387511,15.175293,100
527,425,-8.638293,23.488193,100
344,569,-20.275627,23.120820,100
552,369,-5.880772,22.147082,100
289,404,-17.078288,15.033668,100
314,577,-21.681730,22.462889,100
235,433,-20.078575,14.408549,100
322,438,-16.907335,17.396564,100
317,94,-6.041310,4.061197,100
129,272,-18.963030,4.835249,100
392,8,-0.404551,3.178331,100
432,44,-0.029798,5.842831,100
389,348,-11.448388,16.103353,100
119,487,-26.256962,12.747964,100
200,561,-25.533444,18.185705,100
376,0,-0.760174,2.357640,100
510,229,-2.989153,15.435261,100
489,206,-3.054108,13.879375,100
414,521,-16.051830,23.532573,100
38,270,-22.383896,1.833554,100
266,277,-13.876870,9.430462,100
152,255,-17.535720,4.923487,100
342,7,-2.287327,1.532835,100
3,312,-25.074385,2.317048,100
357,395,-14.184702,16.874771,100
190,138,-12.319540,1.664045,100
175,275,-17.297736,6.428766,100
310,54,-5.023641,2.304253,100
80,266,-20.646788,3.030406,100
208,272,-15.937457,7.374621,100
504,185,-1.804609,13.557268,100
457,73,-0.004512,7.757083,100
523,427,-8.855774,23.436214,100
306,578,-22.020261,22.244036,100
380,384,-12.950255,17.192799,100
539,408,-7.632265,23.222848,100
317,444,-17.291690,17.465634,100
312,100,-6.425666,4.130267,100
331,113,-6.115868,5.238881,100
551,382,-6.336942,22.612817,100
338,9,-2.504809,1.480856,100
303,280,-12.556261,10.734683,100
524,428,-8.849620,23.506656,100
209,273,-15.931303,7.445063,100
458,74,0.001642,7.827525,100
166,540,-26.160567,16.288545,100
556,317,-4.056094,20.284141,100
261,283,-14.261226,9.499532,100
185,553,-25.850768,17.397159,100
38,391,-26.273313,6.467659,100
461,79,-0.044182,8.115449,100
64,263,-21.163130,2.401207,100
378,310,-10.648200,14.294430,100
313,101,-6.419511,4.200710,100
305,97,-6.597323,3.790365,100
553,311,-3.978125,19.957919,100
167,541,-26.154412,16.358987,100
388,360,-11.872413,16.530789,100
361,406,-14.385091,17.424629,100
307,286,-12.595931,11.093049,100
186,554,-25.844614,17.467601,100
359,562,-19.476143,23.334890,100
246,276,-14.610694,8.749284,100
453,489,-13.529586,23.560638,100
63,420,-26.248028,8.381911,100
158,163,-14.348687,1.592899,100
2,324,-25.498411,2.744485,100
500,192,-2.182811,13.696781,100
519,434,-9.233976,23.575727,100
377,350,-11.972256,15.794222,100
143,183,-15.566042,1.876707,100
497,123,-0.079774,10.957760,100
341,284,-11.229498,12.109346,100
535,415,-8.010466,23.362361,100
542,274,-3.210081,18.187295,100
346,399,-14.734560,16.674381,100
309,72,-5.640530,2.961480,100
159,164,-14.342532,1.663341,100
487,109,-0.012742,10.100143,100
299,287,-12.934462,10.874196,100
383,546,-18.042679,23.493571,100
225,109,-10.046921,1.678430,100
137,225,-17.145878,3.292376,100
365,3,-1.277888,2.118952,100
74,434,-26.276761,9.271672,100
254,401,-18.322300,13.793735,100
543,275,-3.203927,18.257737,100
281,89,-7.259333,2.712523,100
52,266,-21.719143,2.130375,100
385,326,-10.894414,15.132212,100
138,226,-17.139723,3.362819,100
507,172,-1.271843,13.155821,100
229,573,-24.808518,19.577460,100
189,271,-16.632983,6.725587,100
344,294,-11.436042,12.588762,100
530,421,-8.394822,23.431431,100
498,123,-0.041475,10.989904,100
556,330,-4.473965,20.782020,100
321,576,-21.381498,22.649598,100
388,337,-11.133103,15.649926,100
352,414,-14.986928,17.441721,100
220,115,-10.431277,1.747500,100
508,173,-1.265689,13.226263,100
291,404,-17.001691,15.097956,100
364,388,-13.691605,16.831690,100
230,574,-24.802363,19.647902,100
546,285,-3.410471,18.737153,100
243,98,-9.003967,1.835738,100
413,21,-0.018156,4.351233,100
422,515,-15.552579,23.559934,100
100,464,-26.245321,11.256366,100
543,396,-7.093344,22.891843,100
488,460,-11.256968,23.575023,100
549,290,-3.456296,19.025077,100
141,236,-17.346267,3.842234,100
144,241,-17.392092,4.130158,100
324,437,-16.798594,17.422553,100
353,6,-1.833901,1.848120,100
394,7,-0.295811,3.204320,100
82,266,-20.570191,3.094694,100
241,439,-20.041649,14.831203,100
310,44,-4.702202,1.921269,100
260,452,-19.731850,15.939817,100
438,50,0.007129,6.265485,100
505,140,-0.319834,11.865984,100
417,519,-15.872647,23.552408,100
368,400,-13.924139,17.419846,100
104,470,-26.284991,11.614733,100
166,265,-17.320982,5.756486,100
494,210,-2.991192,14.193288,100
460,483,-13.068634,23.555856,100
83,267,-20.564036,3.165136,100
551,372,-6.015502,22.229833,100
15,361,-26.189858,4.579397,100
439,51,0.013283,6.335927,100
374,330,-11.444272,14.931822,100
5,347,-26.122827,3.721780,100
442,56,-0.032541,6.623851,100
495,211,-2.985038,14.263731,100
159,262,-17.492639,5.416584,100
178,275,-17.182841,6.525198,100
340,8,-2.396068,1.506846,100
508,150,-0.526378,12.345400,100
553,301,-3.656686,19.574935,100
380,1,-0.639125,2.524515,100
235,400,-19.017825,13.144702,100
263,90,-7.980848,2.172230,100
388,350,-11.550974,16.147805,100
120,270,-19.243428,4.469357,100
315,100,-6.310771,4.226699,100
373,370,-12.768329,16.431614,100
166,157,-13.849436,1.620260,100
306,280,-12.441366,10.831114,100
212,273,-15.816407,7.541495,100
377,340,-11.650817,15.411238,100
14,288,-23.881648,1.751470,100
189,140,-12.422126,1.708498,100
215,278,-15.862232,7.829419,100
370,301,-10.665292,13.692593,100
121,271,-19.237273,4.539799,100
453,70,-0.061274,7.513612,100
531,255,-3.020629,17.106042,100
359,408,-14.525976,17.436938,100
309,62,-5.319091,2.578497,100
300,93,-6.660239,3.476451,100
379,386,-13.052841,17.237252,100
380,351,-11.889505,15.928952,100
468,86,-0.001101,8.608545,100
367,3,-1.201292,2.183240,100
9,295,-24.298148,1.858839,100
162,537,-26.217328,16.045074,100
181,550,-25.907530,17.153688,100
249,276,-14.495799,8.845716,100
348,398,-14.625819,16.700371,100
144,519,-26.328108,14.777112,100
535,261,-3.060299,17.464408,100
385,545,-17.933938,23.519560,100
158,274,-17.916665,5.844020,100
518,437,-9.368706,23.658478,100
55,410,-26.232975,7.741776,100
344,284,-11.114603,12.205778,100
251,93,-8.536860,1.901398,100
295,279,-12.830504,10.439233,100
556,320,-4.152525,20.399036,100
302,287,-12.819567,10.970627,100
228,109,-9.932026,1.774862,100
253,282,-14.535469,9.204082,100
452,491,-13.632173,23.605091,100
554,359,-5.482736,21.828386,100
508,163,-0.944249,12.843279,100
499,194,-2.285397,13.741234,100
310,407,-16.370453,15.823586,100
216,400,-19.745495,12.533967,100
257,401,-18.207405,13.890167,100
309,448,-17.726653,17.361676,100
375,393,-13.431043,17.376765,100
308,74,-5.743117,3.005933,100
387,367,-12.135719,16.766734,100
332,431,-16.299343,17.449914,100
424,514,-15.443838,23.585924,100
312,44,-4.625605,1.985557,100
101,269,-19.938953,3.820324,100
1,331,-25.761717,2.980430,100
286,580,-22.850517,21.677754,100
233,574,-24.687468,19.744334,100
542,277,-3.306513,18.302190,100
309,75,-5.736962,3.076376,100
305,450,-17.944135,17.309697,100
494,200,-2.669753,13.810304,100
351,566,-19.911106,23.230932,100
291,286,-13.208706,10.578746,100
506,174,-1.374429,13.200274,100
263,453,-19.649099,16.074547,100
238,280,-15.045657,8.645326,100
255,449,-19.826911,15.664202,100
419,26,0.050914,4.735588,100
196,134,-11.961173,1.703715,100
136,232,-17.409184,3.528321,100
325,19,-3.324127,1.445969,100
7,347,-26.046230,3.786068,100
85,446,-26.241206,10.084836,100
246,400,-18.596543,13.498285,100
6,302,-24.638051,2.030496,100
139,237,-17.455008,3.816245,100
44,265,-21.993386,1.834925,100
507,175,-1.368275,13.270716,100
236,435,-20.104565,14.517289,100
420,27,0.057069,4.806031,100
421,517,-15.655165,23.604387,100
388,340,-11.229534,15.764821,100
333,404,-15.393158,16.448002,100
542,398,-7.195931,22.936296,100
487,462,-11.359555,23.619476,100
315,90,-5.989331,3.843715,100
86,267,-20.449141,3.261568,100
554,372,-5.900607,22.326265,100
308,51,-5.003806,2.125070,100
237,436,-20.098410,14.587732,100
318,281,-12.013929,11.255140,100
558,342,-4.783095,21.305889,100
248,445,-19.966424,15.286001,100
377,330,-11.329377,15.028254,100
385,5,-0.576208,2.838428,100
276,284,-13.718894,10.019990,100
490,207,-3.047954,13.949817,100
181,275,-17.067945,6.621630,100
154,258,-17.555555,5.102670,100
329,110,-6.096032,5.059698,100
549,293,-3.552728,19.139972,100
393,540,-17.466831,23.585220,100
459,485,-13.171220,23.600309,100
319,96,-6.029001,4.202081,100
266,90,-7.865952,2.268662,100
370,556,-18.861997,23.458683,100
202,563,-25.521135,18.326590,100
459,76,-0.024347,7.936266,100
267,580,-23.578187,21.067019,100
491,208,-3.041799,14.020260,100
146,519,-26.251512,14.841399,100
155,259,-17.549401,5.173113,100
330,111,-6.089878,5.130141,100
344,9,-2.275018,1.673720,100
503,182,-1.746476,13.410229,100
125,496,-26.316467,13.285514,100
313,287,-12.398285,11.324211,100
218,278,-15.747337,7.925851,100
124,271,-19.122378,4.636231,100
36,387,-26.221334,6.250178,100
176,547,-26.002590,16.878073,100
460,77,-0.018193,8.006708,100
552,303,-3.759272,19.619388,100
195,560,-25.692792,17.986687,100
538,405,-7.574132,23.075809,100
311,97,-6.367532,3.983228,100
503,447,-10.264621,23.559303,100
262,92,-8.083434,2.216683,100
0,321,-25.478576,2.565302,100
516,237,-3.016514,15.934512,100
550,379,-6.278808,22.465778,100
314,102,-6.413357,4.271152,100
339,424,-15.806247,17.406833,100
165,159,-13.952022,1.664713,100
219,279,-15.741182,7.996293,100
347,285,-11.031852,12.340508,100
340,11,-2.492500,1.621741,100
252,276,-14.380903,8.942148,100
203,271,-16.096805,7.175603,100
168,542,-26.148258,16.429429,100
485,106,0.007093,9.920960,100
304,94,-6.539189,3.643325,100
40,393,-26.261004,6.608544,100
161,274,-17.801769,5.940452,100
315,103,-6.407202,4.341594,100
59,263,-21.354622,2.240488,100
133,212,-16.881200,2.665921,100
363,0,-1.258053,1.939769,100
387,357,-11.814280,16.383750,100
218,399,-19.636754,12.559956,100
378,388,-13.155428,17.281705,100
555,350,-5.155142,21.515844,100
498,453,-10.648977,23.628374,100
28,275,-22.927600,1.703606,100
281,455,-19.024016,16.729735,100
203,127,-11.468077,1.660634,100
256,282,-14.420574,9.300514,100
195,272,-16.435336,6.956750,100
496,120,-0.021640,10.810721,100
198,277,-16.481161,7.244673,100
534,412,-7.952333,23.215322,100
104,270,-19.856202,3.955054,100
541,271,-3.151948,18.040256,100
204,128,-11.461923,1.731076,100
384,324,-10.868425,15.023471,100
250,95,-8.639446,1.945851,100
544,276,-3.197773,18.328180,100
428,510,-15.162069,23.561306,100
66,423,-26.229564,8.593238,100
241,275,-14.770042,8.550266,100
307,449,-17.835394,17.335687,100
494,455,-10.866458,23.576395,100
354,301,-11.278066,13.178290,100
217,412,-20.092924,13.025691,100
76,436,-26.264452,9.412557,100
289,580,-22.735622,21.774185,100
336,283,-11.388846,11.910328,100
363,386,-13.665616,16.722949,100
351,3,-1.814066,1.668937,100
294,286,-13.093810,10.675178,100
400,533,-16.973735,23.542139,100
266,453,-19.534204,16.170979,100
555,327,-4.415831,20.634981,100
386,369,-12.238306,16.811187,100
387,334,-11.074969,15.502887,100
77,437,-26.258297,9.482999,100
554,362,-5.579168,21.943281,100
466,478,-12.678124,23.557227,100
558,332,-4.461656,20.922905,100
249,400,-18.481648,13.594717,100
236,281,-15.154397,8.619337,100
142,274,-18.529439,5.329717,100
510,441,-9.803669,23.554520,100
146,244,-17.411927,4.309341,100
224,572,-24.967866,19.378442,100
279,279,-13.443279,9.924930,100
467,479,-12.671970,23.627670,100
548,287,-3.398162,18.878038,100
226,273,-15.280230,7.991510,100
339,293,-11.595390,12.389744,100
331,289,-11.773202,11.979399,100
506,141,-0.313679,11.936427,100
102,466,-26.233012,11.397251,100
336,404,-15.278263,16.544434,100
545,398,-7.081035,23.032728,100
277,89,-7.412526,2.583947,100
505,182,-1.669879,13.474517,100
321,281,-11.899034,11.351572,100
172,152,-13.458926,1.621632,100
217,569,-25.139523,19.038539,100
389,7,-0.487303,3.043600,100
243,441,-20.029340,14.972087,100
332,290,-11.767047,12.049841,100
507,142,-0.307525,12.006869,100
440,52,0.019438,6.406369,100
439,502,-14.483635,23.608502,100
505,447,-10.188024,23.623591,100
296,453,-18.385252,17.135297,100
7,350,-26.142662,3.900963,100
263,276,-13.959621,9.295731,100
106,472,-26.272682,11.755617,100
168,267,-17.308673,5.897371,100
497,214,-3.004873,14.442914,100
342,569,-20.352224,23.056532,100
274,285,-13.827634,9.994000,100
328,405,-15.616794,16.325580,100
312,577,-21.758327,22.398601,100
221,279,-15.664586,8.060581,100
270,580,-23.463291,21.163451,100
540,404,-7.465391,23.101798,100
297,454,-18.379098,17.205739,100
343,421,-15.556622,17.420514,100
229,399,-19.215472,12.913540,100
319,27,-3.811069,1.559492,100
35,268,-22.434503,1.660525,100
21,370,-26.249363,5.116946,100
317,103,-6.330606,4.405882,100
133,202,-16.559760,2.282937,100
308,54,-5.100238,2.239965,100
541,405,-7.459237,23.172240,100
338,571,-20.569705,23.004553,100
379,343,-11.670652,15.590421,100
324,407,-15.834276,16.273601,100
145,176,-15.264437,1.672907,100
190,556,-25.755708,17.672774,100
142,516,-26.308273,14.597929,100
211,121,-10.968826,1.687995,100
304,578,-22.096858,22.179748,100
69,266,-21.068070,2.676822,100
318,104,-6.324451,4.476325,100
511,233,-3.079430,15.620598,100
557,349,-5.046401,21.541834,100
301,280,-12.632858,10.670395,100
32,384,-26.278096,6.006707,100
284,456,-18.941265,16.864465,100
259,283,-14.337822,9.435244,100
164,274,-17.686874,6.036884,100
512,234,-3.073276,15.691041,100
537,407,-7.676718,23.120261,100
62,263,-21.239727,2.336919,100
136,212,-16.766305,2.762353,100
310,99,-6.470119,4.027681,100
183,144,-12.780492,1.668828,100
257,93,-8.307070,2.094262,100
366,0,-1.143158,2.036201,100
8,292,-24.240015,1.711800,100
549,381,-6.381395,22.510231,100
207,272,-15.975755,7.342477,100
456,73,-0.042811,7.724939,100
509,165,-0.970239,12.952020,100
554,316,-4.100546,20.181555,100
373,304,-10.646828,13.903920,100
305,286,-12.672528,11.028761,100
57,413,-26.252811,7.920959,100
338,283,-11.312249,11.974616,100
517,434,-9.310572,23.511439,100
0,324,-25.575008,2.680197,100
408,527,-16.474484,23.569500,100
556,362,-5.502571,22.007569,100
107,270,-19.741307,4.051486,100
141,183,-15.642638,1.812420,100
316,35,-4.183116,1.769448,100
326,574,-21.125718,22.733721,100
307,66,-5.524264,2.667402,100
58,414,-26.246656,7.991401,100
474,472,-12.178873,23.584589,100
481,102,-0.017525,9.639191,100
244,275,-14.655147,8.646698,100
2,333,-25.787707,3.089170,100
331,14,-2.933617,1.447340,100
297,287,-13.011059,10.809908,100
202,278,-16.360111,7.411548,100
153,273,-18.076013,5.645002,100
354,412,-14.846044,17.429412,100
488,461,-11.289112,23.613321,100
360,306,-11.208995,13.562646,100
533,414,-8.054919,23.259774,100
339,283,-11.273951,12.006760,100
446,495,-13.990539,23.565421,100
366,386,-13.550720,16.819381,100
3,334,-25.781552,3.159613,100
279,89,-7.335929,2.648235,100
50,266,-21.795740,2.066087,100
540,273,-3.254534,18.084709,100
404,529,-16.691966,23.517521,100
245,96,-8.863082,1.823429,100
310,76,-5.730808,3.146818,100
311,41,-4.567471,1.838518,100
281,278,-13.334538,9.950919,100
187,271,-16.709579,6.661300,100
342,294,-11.512639,12.524474,100
361,307,-11.202841,13.633088,100
334,290,-11.690450,12.114129,100
252,400,-18.366753,13.691149,100
239,281,-15.039502,8.715769,100
541,274,-3.248380,18.155151,100
376,552,-18.503631,23.498354,100
87,449,-26.261041,10.264019,100
227,572,-24.852971,19.474874,100
362,388,-13.768202,16.767402,100
282,279,-13.328384,10.021361,100
180,268,-16.881236,6.321397,100
241,98,-9.080564,1.771451,100
97,462,-26.295928,11.083338,100
422,30,0.037234,4.985214,100
51,266,-21.757441,2.098231,100
327,21,-3.311818,1.586853,100
224,274,-15.388971,7.965521,100
552,368,-5.848628,22.108783,100
228,573,-24.846816,19.545316,100
443,498,-14.201866,23.583885,100
214,409,-20.111387,12.814364,100
351,6,-1.910498,1.783832,100
375,363,-12.466724,16.227813,100
335,290,-11.652152,12.146273,100
242,99,-9.074409,1.841893,100
411,20,-0.062609,4.248646,100
98,463,-26.289774,11.153780,100
299,453,-18.270357,17.231729,100
345,420,-15.447881,17.446503,100
319,282,-12.007775,11.325583,100
3,311,-25.042241,2.278750,100
544,400,-7.183622,23.077180,100
290,404,-17.039989,15.065812,100
277,285,-13.712739,10.090432,100
492,210,-3.067789,14.129001,100
551,296,-3.572563,19.319155,100
315,577,-21.643432,22.495033,100
504,184,-1.772465,13.518970,100
310,53,-4.991497,2.265955,100
273,580,-23.348396,21.259882,100
239,438,-20.086102,14.728616,100
13,361,-26.266455,4.515109,100
436,49,-0.037324,6.162898,100
232,399,-19.100576,13.009971,100
123,492,-26.264488,13.068032,100
514,234,-2.996679,15.755329,100
493,211,-3.061634,14.199443,100
156,260,-17.543246,5.243555,100
331,112,-6.083724,5.200583,100
176,275,-17.259437,6.460910,100
136,202,-16.444865,2.379369,100
81,266,-20.608489,3.062550,100
415,520,-15.981388,23.526419,100
209,272,-15.899159,7.406765,100
148,176,-15.149542,1.769338,100
437,50,-0.031169,6.233341,100
39,269,-22.313454,1.827399,100
11,287,-23.964400,1.616740,100
509,155,-0.648799,12.569036,100
124,493,-26.258334,13.138474,100
461,78,-0.012038,8.077150,100
321,104,-6.209556,4.572756,100
127,498,-26.304158,13.426398,100
304,280,-12.517963,10.766827,100
324,109,-6.255381,4.860680,100
482,466,-11.679622,23.611950,100
167,540,-26.122268,16.320689,100
186,553,-25.812470,17.429303,100
361,405,-14.352947,17.386331,100
187,140,-12.498723,1.644210,100
213,278,-15.938829,7.765131,100
462,79,-0.005884,8.147593,100
205,274,-16.116640,7.354786,100
178,549,-25.990281,17.018957,100
65,263,-21.124832,2.433351,100
144,178,-15.367023,1.717359,100
319,30,-3.907501,1.674387,100
42,396,-26.280839,6.787727,100
2,323,-25.466267,2.706186,100
210,123,-11.071413,1.732448,100
339,8,-2.434366,1.474702,100
143,182,-15.533898,1.838409,100
253,579,-24.082220,20.578705,100
557,316,-3.985651,20.277987,100
529,254,-3.065082,17.003456,100
247,276,-14.572395,8.781428,100
334,15,-2.850866,1.582071,100
532,259,-3.110906,17.291380,100
250,281,-14.618220,9.069352,100
298,92,-6.704692,3.373865,100
110,270,-19.626412,4.147918,100
329,574,-21.010822,22.830153,100
61,265,-21.342313,2.381372,100
314,445,-17.438730,17.407501,100
7,294,-24.342601,1.756253,100
557,352,-5.142833,21.656729,100
307,406,-16.453205,15.688856,100
27,272,-22.869466,1.556567,100
342,284,-11.191200,12.141490,100
360,561,-19.405701,23.328736,100
347,399,-14.696261,16.706525,100
385,325,-10.862270,15.093914,100
533,260,-3.104752,17.361822,100
251,282,-14.612066,9.139794,100
384,546,-18.004380,23.525715,100
156,273,-17.961117,5.741434,100
450,491,-13.708770,23.540803,100
366,3,-1.239590,2.151096,100
498,122,-0.009331,10.951606,100
536,414,-7.940024,23.356206,100
477,99,-0.074287,9.395720,100
140,185,-15.745225,1.856872,100
282,89,-7.221034,2.744667,100
315,37,-4.285702,1.813900,100
53,266,-21.680844,2.162519,100
352,413,-14.954784,17.403422,100
509,168,-1.066670,13.066915,100
78,439,-26.284287,9.591740,100
496,198,-2.528868,13.797996,100
473,474,-12.281459,23.629041,100
508,172,-1.233545,13.187965,100
68,425,-26.217256,8.734123,100
190,271,-16.594684,6.757731,100
288,285,-13.291457,10.444015,100
99,269,-20.015550,3.756036,100
79,440,-26.278132,9.662182,100
502,128,-0.049001,11.309972,100
284,580,-22.927114,21.613466,100
445,497,-14.093125,23.609874,100
292,404,-16.963393,15.130100,100
285,279,-13.213488,10.117793,100
2,336,-25.884138,3.204066,100
511,442,-9.797514,23.624963,100
244,98,-8.965669,1.867882,100
557,329,-4.403523,20.775866,100
194,277,-16.634354,7.116098,100
260,451,-19.699707,15.901518,100
227,274,-15.274075,8.061953,100
417,26,-0.025683,4.671300,100
104,469,-26.252847,11.576434,100
231,573,-24.731921,19.641748,100
217,117,-10.610460,1.727665,100
83,266,-20.531893,3.126837,100
136,192,-16.123426,1.996385,100
261,452,-19.693552,15.971961,100
253,448,-19.871363,15.561616,100
228,275,-15.267921,8.132395,100
418,27,-0.019528,4.741743,100
374,329,-11.412129,14.893524,100
5,346,-26.090683,3.683481,100
105,470,-26.246692,11.646876,100
326,289,-11.964694,11.818679,100
231,429,-20.103193,14.126779,100
108,475,-26.292517,11.934800,100
84,267,-20.525738,3.197280,100
235,399,-18.985681,13.106403,100
556,342,-4.859692,21.241601,100
388,349,-11.518830,16.109507,100
383,5,-0.652805,2.774140,100
443,56,0.005757,6.655995,100
146,178,-15.290427,1.781647,100
373,369,-12.736185,16.393316,100
378,335,-11.451799,15.251890,100
499,216,-2.992564,14.583798,100
552,371,-5.945060,22.223678,100
322,440,-16.971623,17.473161,100
189,139,-12.389982,1.670200,100
368,556,-18.938594,23.394396,100
389,350,-11.512675,16.179949,100
121,270,-19.205129,4.501501,100
20,367,-26.191230,4.969907,100
376,2,-0.824462,2.434237,100
316,100,-6.272472,4.258843,100
510,231,-3.053440,15.511858,100
119,489,-26.321250,12.824561,100
308,96,-6.450284,3.848498,100
152,257,-17.600008,5.000084,100
365,401,-14.071178,17.361713,100
480,468,-11.820507,23.624259,100
319,105,-6.318297,4.546767,100
269,284,-13.986982,9.794982,100
216,278,-15.823934,7.861563,100
141,513,-26.250140,14.450889,100
457,75,-0.068800,7.833679,100
374,306,-10.672818,14.012661,100
273,403,-17.658918,14.481067,100
144,518,-26.295964,14.738813,100
301,93,-6.621940,3.508595,100
320,106,-6.312142,4.617209,100
368,3,-1.162993,2.215384,100
256,579,-23.967325,20.675137,100
122,270,-19.166831,4.533645,100
479,99,0.002310,9.460008,100
174,546,-26.047043,16.775487,100
349,398,-14.587520,16.732514,100
201,271,-16.173402,7.111315,100
142,185,-15.668628,1.921160,100
458,76,-0.062646,7.904122,100
375,307,-10.666663,14.083103,100
360,407,-14.455534,17.430783,100
25,274,-23.010351,1.568876,100
556,319,-4.120381,20.360738,100
386,545,-17.895640,23.551704,100
159,274,-17.878366,5.876164,100
452,490,-13.600029,23.566793,100
64,265,-21.227418,2.477804,100
10,294,-24.227706,1.852685,100
508,162,-0.912105,12.804981,100
310,406,-16.338309,15.785288,100
296,279,-12.792206,10.471377,100
496,453,-10.725574,23.564086,100
388,362,-11.936701,16.607386,100
307,288,-12.660219,11.169646,100
279,455,-19.100613,16.665447,100
254,282,-14.497170,9.236226,100
345,400,-14.805002,16.680535,100
158,165,-14.412975,1.669496,100
2,326,-25.562699,2.821082,100
311,407,-16.332155,15.855730,100
224,110,-10.117364,1.684584,100
377,352,-12.036544,15.870819,100
196,277,-16.557757,7.180385,100
1,330,-25.729573,2.942131,100
60,416,-26.234347,8.132286,100
542,276,-3.274369,18.263892,100
333,282,-11.471597,11.775598,100
193,271,-16.479789,6.854163,100
383,548,-18.106967,23.570168,100
291,285,-13.176562,10.540447,100
449,493,-13.811356,23.585256,100
102,269,-19.900655,3.852468,100
491,459,-11.109929,23.633157,100
357,1,-1.519988,1.785204,100
287,580,-22.812219,21.709898,100
281,91,-7.323620,2.789120,100
6,301,-24.605907,1.992198,100
356,5,-1.686862,1.906253,100
372,395,-13.610226,17.356930,100
138,228,-17.204011,3.439415,100
292,286,-13.170407,10.610890,100
197,277,-16.519459,7.212529,100
96,460,-26.269939,10.974597,100
215,411,-20.137376,12.923105,100
498,125,-0.105763,11.066501,100
556,332,-4.538253,20.858617,100
388,339,-11.197390,15.726523,100
247,400,-18.558245,13.530429,100
234,281,-15.230994,8.555049,100
139,272,-18.580046,5.156689,100
45,265,-21.955088,1.867069,100
423,31,0.043388,5.055656,100
89,451,-26.248732,10.404904,100
554,371,-5.868463,22.287966,100
542,397,-7.163787,22.897997,100
487,461,-11.327411,23.581178,100
264,452,-19.578657,16.068392,100
237,435,-20.066266,14.549433,100
216,412,-20.131222,12.993547,100
231,275,-15.153026,8.228827,100
546,287,-3.474759,18.813750,100
329,289,-11.849798,11.915111,100
389,340,-11.191236,15.796965,100
334,404,-15.354860,16.480146,100
424,32,0.049543,5.126098,100
367,401,-13.994581,17.426001,100
238,436,-20.060112,14.619876,100
284,403,-17.237636,14.834650,100
222,571,-25.012319,19.275856,100
249,445,-19.928125,15.318145,100
386,5,-0.537910,2.870572,100
348,567,-20.058145,23.172799,100
491,207,-3.009655,13.981961,100
550,293,-3.514429,19.172116,100
169,156,-13.702397,1.678393,100
268,278,-13.832417,9.533048,100
494,212,-3.055480,14.269885,100
272,285,-13.904231,9.929712,100
333,115,-6.103559,5.379766,100
372,372,-12.870915,16.476067,100
387,6,-0.531755,2.941014,100
551,374,-6.079790,22.306430,100
75,265,-20.806136,2.831388,100
15,363,-26.254146,4.655993,100
314,281,-12.167123,11.126564,100
550,378,-6.246665,22.427479,100
394,539,-17.396389,23.579065,100
516,236,-2.984370,15.896213,100
495,213,-3.049325,14.340328,100
334,116,-6.097404,5.450208,100
165,158,-13.919878,1.626414,100
508,152,-0.590666,12.421997,100
136,509,-26.313056,14.136976,100
553,303,-3.720974,19.651532,100
322,407,-15.910873,16.209314,100
318,28,-3.881511,1.565647,100
263,92,-8.045135,2.248827,100
34,269,-22.504946,1.666679,100
388,352,-11.615262,16.224402,100
367,558,-19.041180,23.438848,100
133,211,-16.849056,2.627623,100
307,98,-6.552870,3.892951,100
555,349,-5.122998,21.477546,100
390,541,-17.613870,23.527086,100
169,542,-26.109959,16.461573,100
377,342,-11.715105,15.487835,100
41,393,-26.222706,6.640688,100
162,274,-17.763471,5.972596,100
531,257,-3.084917,17.182639,100
316,103,-6.368904,4.373738,100
368,379,-13.249116,16.615580,100
44,398,-26.268530,6.928612,100
309,64,-5.383379,2.655093,100
219,399,-19.598456,12.592100,100
300,95,-6.724527,3.553048,100
380,353,-11.953793,16.005549,100
310,288,-12.545324,11.266077,100
359,1,-1.443391,1.849492,100
282,455,-18.985718,16.761879,100
250,94,-8.607302,1.907552,100
257,282,-14.382275,9.332658,100
348,400,-14.690107,16.776967,100
535,263,-3.124587,17.541005,100
265,402,-17.933161,14.185617,100
105,270,-19.817904,3.987198,100
248,578,-24.241568,20.379687,100
500,125,-0.029166,11.130789,100
215,401,-19.815937,12.540121,100
251,95,-8.601148,1.977995,100
479,102,-0.094122,9.574903,100
336,282,-11.356702,11.872030,100
499,452,-10.578534,23.622219,100
242,275,-14.731743,8.582410,100
429,510,-15.123771,23.593450,100
25,277,-23.106783,1.683771,100
294,285,-13.061666,10.636879,100
70,428,-26.237091,8.913306,100
554,361,-5.547024,21.904982,100
555,326,-4.383687,20.596683,100
331,432,-16.369786,17.456069,100
360,1,-1.405092,1.881636,100
184,270,-16.792331,6.526569,100
366,310,-11.107781,13.908703,100
501,126,-0.023012,11.201231,100
77,436,-26.226153,9.444701,100
290,580,-22.697323,21.806329,100
337,283,-11.350548,11.942472,100
80,441,-26.271978,9.732624,100
369,315,-11.153605,14.196627,100
401,533,-16.935436,23.574283,100
4,339,-25.903974,3.383249,100
279,278,-13.411135,9.886631,100
237,281,-15.116099,8.651481,100
81,442,-26.265823,9.803067,100
370,316,-11.147451,14.267069,100
1,333,-25.826005,3.057026,100
545,397,-7.048891,22.994429,100
324,20,-3.394569,1.452123,100
309,77,-5.801250,3.152972,100
225,572,-24.929568,19.410586,100
280,279,-13.404980,9.957074,100
371,397,-13.712812,17.401383,100
397,535,-17.152918,23.522304,100
138,195,-16.143261,2.175568,100
332,289,-11.734903,12.011543,100
312,82,-5.847075,3.440896,100
337,404,-15.239965,16.576578,100
143,273,-18.458997,5.323563,100
278,89,-7.374228,2.616091,100
419,28,-0.013374,4.812185,100
507,141,-0.275381,11.968571,100
506,176,-1.438717,13.276870,100
106,471,-26.240538,11.717319,100
233,432,-20.123028,14.305962,100
139,239,-17.519296,3.892842,100
173,152,-13.420628,1.653776,100
314,91,-6.059773,3.849870,100
348,4,-1.961105,1.610804,100
373,326,-11.353995,14.746485,100
44,267,-22.057674,1.911522,100
117,486,-26.301415,12.645378,100
475,471,-12.108431,23.578434,100
420,29,-0.007219,4.882627,100
297,453,-18.346954,17.167441,100
317,282,-12.084372,11.261295,100
222,273,-15.433423,7.862934,100
8,350,-26.104363,3.933107,100
107,472,-26.234384,11.787761,100
169,267,-17.270375,5.929515,100
388,342,-11.293822,15.841418,100
355,394,-14.229154,16.772185,100
275,285,-13.789336,10.026144,100
140,240,-17.513142,3.963284,100
375,372,-12.756020,16.572499,100
315,92,-6.053619,3.920312,100
13,285,-23.823515,1.604431,100
234,104,-9.541516,1.776233,100
308,53,-5.068094,2.201667,100
382,2,-0.594672,2.627101,100
11,355,-26.150188,4.221031,100
271,580,-23.424993,21.195594,100
324,406,-15.802132,16.235303,100
230,399,-19.177173,12.945684,100
377,332,-11.393665,15.104851,100
265,91,-7.936395,2.274816,100
558,344,-4.847383,21.382486,100
445,58,0.018066,6.796879,100
1,310,-25.086694,2.176163,100
369,557,-18.932440,23.464838,100
162,264,-17.442032,5.589612,100
433,506,-14.842001,23.568832,100
25,375,-26.256889,5.437014,100
325,407,-15.795977,16.305745,100
371,374,-12.973501,16.520520,100
344,420,-15.486179,17.414359,100
312,288,-12.468727,11.330365,100
321,28,-3.766616,1.662078,100
378,4,-0.812153,2.575122,100
436,503,-14.630674,23.550369,100
146,521,-26.315799,14.917996,100
293,454,-18.532291,17.077164,100
549,380,-6.349251,22.471932,100
267,402,-17.856565,14.249905,100
260,277,-14.106660,9.237598,100
300,579,-22.282196,22.089470,100
502,448,-10.335063,23.565458,100
339,570,-20.499263,22.998399,100
456,72,-0.010667,7.686640,100
373,303,-10.614684,13.865622,100
552,305,-3.823560,19.695985,100
316,443,-17.297845,17.395192,100
317,30,-3.984098,1.610099,100
0,323,-25.542864,2.641899,100
516,239,-3.080802,16.011109,100
408,526,-16.442340,23.531202,100
295,91,-6.787443,3.239135,100
285,455,-18.870822,16.858310,100
253,94,-8.492407,2.003984,100
481,101,0.014619,9.600892,100
203,273,-16.161093,7.252199,100
377,309,-10.654354,14.223988,100
268,402,-17.818266,14.282049,100
304,96,-6.603477,3.719922,100
498,190,-2.195120,13.555896,100
296,92,-6.781288,3.309577,100
367,381,-13.351702,16.660033,100
133,214,-16.945488,2.742518,100
59,265,-21.418910,2.317084,100
387,359,-11.878568,16.460347,100
180,146,-12.959675,1.648993,100
305,406,-16.529801,15.624568,100
379,355,-12.056379,16.050002,100
254,95,-8.486253,2.074427,100
358,561,-19.482298,23.264448,100
245,275,-14.616848,8.678842,100
62,419,-26.254182,8.311469,100
203,129,-11.532365,1.737231,100
154,273,-18.037714,5.677146,100
187,270,-16.677435,6.623001,100
496,122,-0.085928,10.887318,100
471,474,-12.358056,23.564754,100
280,89,-7.297631,2.680379,100
313,37,-4.362299,1.749612,100
359,4,-1.539823,1.964387,100
499,127,-0.131753,11.175241,100
546,388,-6.721298,22.681888,100
87,448,-26.228897,10.225721,100
544,278,-3.262060,18.404776,100
328,574,-21.049121,22.798009,100
282,278,-13.296240,9.983063,100
20,278,-23.330419,1.561350,100
306,406,-16.491503,15.656712,100
240,281,-15.001204,8.747913,100
339,403,-15.131224,16.602567,100
385,370,-12.308748,16.817341,100
217,414,-20.157212,13.102288,100
152,168,-14.739197,1.591527,100
365,312,-11.210367,13.953156,100
351,414,-15.025227,17.409577,100
191,276,-16.717105,6.981367,100
500,128,-0.125598,11.245684,100
545,279,-3.255906,18.475219,100
248,401,-18.552090,13.600871,100
443,497,-14.169722,23.545586,100
283,279,-13.290085,10.053505,100
509,442,-9.874111,23.560675,100
214,408,-20.079243,12.776066,100
375,362,-12.434580,16.189515,100
529,420,-8.400976,23.360989,100
4,306,-24.843223,2.119402,100
386,371,-12.302593,16.887784,100
258,451,-19.776303,15.837230,100
98,462,-26.257630,11.115482,100
250,447,-19.954115,15.426885,100
225,274,-15.350672,7.997665,100
219,114,-10.437432,1.677058,100
558,334,-4.525944,20.999502,100
101,467,-26.303454,11.403406,100
426,35,0.029707,5.305281,100
544,399,-7.151478,23.038882,100
551,295,-3.540419,19.280857,100
315,576,-21.611288,22.456734,100
47,267,-21.942779,2.007954,100
134,272,-18.771538,4.995969,100
510,443,-9.867957,23.631117,100
239,437,-20.053958,14.690318,100
359,390,-13.947385,16.747567,100
259,452,-19.770149,15.907673,100
320,282,-11.969476,11.357726,100
218,414,-20.118913,13.134432,100
251,448,-19.947960,15.497328,100
506,143,-0.377967,12.013023,100
102,468,-26.297300,11.473848,100
278,285,-13.674441,10.122576,100
316,577,-21.605133,22.527177,100
143,240,-17.398246,4.059716,100
295,454,-18.455695,17.141452,100
149,171,-14.950524,1.609990,100
229,280,-15.390342,8.356031,100
430,41,-0.009963,5.663647,100
240,438,-20.047803,14.760760,100
148,175,-15.117398,1.731040,100
437,49,0.000975,6.195042,100
233,399,-19.062278,13.042115,100
268,91,-7.821500,2.371248,100
214,120,-10.821787,1.746129,100
17,366,-26.273981,4.835176,100
507,144,-0.371813,12.083466,100
324,288,-12.009146,11.716093,100
440,54,-0.044850,6.482966,100
157,260,-17.504948,5.275699,100
127,497,-26.272014,13.388100,100
518,239,-3.004205,16.075396,100
497,216,-3.069160,14.519511,100
382,378,-12.680795,17.027297,100
482,465,-11.647478,23.573651,100
374,374,-12.858606,16.616952,100
126,272,-19.077925,4.738817,100
555,306,-3.740809,19.830715,100
381,4,-0.697258,2.671554,100
441,55,-0.038696,6.553408,100
303,579,-22.167300,22.185902,100
128,498,-26.265860,13.458542,100
552,380,-6.234356,22.568364,100
267,284,-14.063579,9.730694,100
188,140,-12.460424,1.676354,100
172,275,-17.412631,6.332334,100
308,56,-5.164526,2.316562,100
271,403,-17.735515,14.416779,100
306,95,-6.494736,3.745912,100
466,84,-0.013410,8.467660,100
501,191,-2.112368,13.690627,100
435,505,-14.733261,23.594822,100
153,527,-26.240574,15.372794,100
557,351,-5.110689,21.618430,100
254,579,-24.043922,20.610849,100
329,115,-6.256752,5.251190,100
206,273,-16.046198,7.348631,100
43,395,-26.210397,6.781572,100
358,407,-14.532130,17.366496,100
533,259,-3.072608,17.323523,100
226,108,-9.976479,1.672275,100
299,92,-6.666393,3.406009,100
115,271,-19.467064,4.346936,100
370,381,-13.236807,16.756465,100
315,445,-17.400431,17.439645,100
136,214,-16.830593,2.838950,100
62,265,-21.304015,2.413516,100
516,435,-9.381015,23.517594,100
308,406,-16.414906,15.721000,100
536,413,-7.907880,23.317908,100
361,561,-19.367403,23.360880,100
407,528,-16.544926,23.575654,100
509,167,-1.034526,13.028617,100
554,318,-4.164834,20.258152,100
335,14,-2.780424,1.575916,100
534,260,-3.066453,17.393966,100
157,273,-17.922819,5.773578,100
243,276,-14.725589,8.652852,100
492,114,0.018030,10.452355,100
451,491,-13.670471,23.572947,100
517,436,-9.374860,23.588036,100
556,364,-5.566859,22.084166,100
99,268,-19.983406,3.717737,100
368,313,-11.127616,14.087886,100
179,148,-13.062261,1.693446,100
362,4,-1.424927,2.060819,100
24,274,-23.048649,1.536732,100
252,281,-14.541623,9.133640,100
481,104,-0.081813,9.715787,100
555,319,-4.158680,20.328594,100
532,415,-8.125362,23.265929,100
285,278,-13.181344,10.079495,100
357,563,-19.584884,23.308901,100
557,328,-4.371379,20.737567,100
194,276,-16.602210,7.077799,100
100,269,-19.977252,3.788180,100
489,459,-11.186526,23.568869,100
83,445,-26.285659,9.982250,100
331,281,-11.516050,11.673011,100
372,319,-11.167286,14.446252,100
279,91,-7.400217,2.724832,100
354,5,-1.763459,1.841966,100
3,336,-25.845840,3.236209,100
217,116,-10.578316,1.689367,100
135,226,-17.254618,3.266387,100
136,191,-16.091282,1.958087,100
195,277,-16.596056,7.148242,100
311,43,-4.631759,1.915115,100
228,274,-15.235777,8.094096,100
224,420,-20.081986,13.557086,100
326,288,-11.932550,11.780380,100
137,272,-18.656643,5.092401,100
350,416,-15.127813,17.454030,100
9,352,-26.130353,4.041847,100
108,474,-26.260373,11.896502,100
442,499,-14.272308,23.590039,100
362,390,-13.832490,16.843999,100
323,282,-11.854581,11.454158,100
254,448,-19.833065,15.593759,100
20,281,-23.426850,1.676245,100
246,444,-20.010876,15.183414,100
6,346,-26.052384,3.715625,100
385,373,-12.405180,16.932237,100
232,280,-15.275447,8.452463,100
152,171,-14.835629,1.706422,100
138,273,-18.650489,5.162843,100
378,334,-11.419655,15.213592,100
422,32,-0.027054,5.061810,100
109,475,-26.254219,11.966944,100
552,370,-5.912916,22.185380,100
235,434,-20.110719,14.446847,100
142,243,-17.532977,4.142467,100
317,95,-6.073454,4.099495,100
220,571,-25.088916,19.211568,100
247,445,-20.004722,15.253857,100
384,5,-0.614507,2.806284,100
119,488,-26.289106,12.786263,100
327,288,-11.894251,11.812524,100
167,156,-13.778994,1.614105,100
266,278,-13.909014,9.468760,100
217,273,-15.624915,7.702215,100
447,61,-0.001769,6.976062,100
3,313,-25.106529,2.355346,100
269,283,-13.954838,9.756684,100
15,287,-23.811206,1.745316,100
190,139,-12.351684,1.702343,100
504,186,-1.836753,13.595566,100
80,267,-20.678932,3.068704,100
205,564,-25.438384,18.461320,100
523,428,-8.887918,23.474513,100
147,177,-15.219984,1.775493,100
312,281,-12.243720,11.062277,100
328,109,-6.102187,4.989256,100
24,372,-26.198756,5.289974,100
514,236,-3.060967,15.831926,100
539,409,-7.664409,23.261146,100
392,539,-17.472986,23.514778,100
323,439,-16.901180,17.467006,100
270,284,-13.948684,9.827126,100
551,383,-6.369086,22.651115,100
136,204,-16.509153,2.455966,100
524,429,-8.881764,23.544955,100
381,380,-12.783381,17.071750,100
73,264,-20.850589,2.728801,100
377,1,-0.754020,2.428083,100
193,558,-25.705101,17.845802,100
481,467,-11.750065,23.618104,100
375,306,-10.634519,14.044805,100
509,157,-0.713087,12.645633,100
145,518,-26.257666,14.770957,100
554,308,-3.843395,19.875168,100
461,80,-0.076326,8.153747,100
378,311,-10.680344,14.332729,100
257,579,-23.929027,20.707281,100
520,431,-9.099245,23.492976,100
483,104,-0.005216,9.780075,100
387,545,-17.857341,23.583848,100
118,271,-19.352168,4.443367,100
462,81,-0.070172,8.224189,100
453,490,-13.561730,23.598937,100
65,265,-21.189120,2.509948,100
379,312,-10.674189,14.403171,100
149,524,-26.297336,15.129323,100
2,325,-25.530555,2.782783,100
500,193,-2.214955,13.735079,100
262,401,-18.015913,14.050887,100
297,279,-12.753908,10.503521,100
364,3,-1.316187,2.086808,100
308,288,-12.621921,11.201790,100
26,273,-22.939909,1.562721,100
280,455,-19.062314,16.697591,100
484,105,0.000938,9.850518,100
39,392,-26.267159,6.538101,100
535,416,-8.042610,23.400659,100
357,409,-14.634717,17.410948,100
250,283,-14.682508,9.145949,100
377,387,-13.161582,17.211263,100
298,94,-6.768980,3.450462,100
449,492,-13.779212,23.546958,100
334,282,-11.433299,11.807742,100
314,38,-4.356144,1.820055,100
64,421,-26.241873,8.452354,100
385,327,-10.926558,15.170511,100
138,227,-17.171867,3.401117,100
292,285,-13.138263,10.572591,100
103,269,-19.862356,3.884612,100
329,432,-16.446382,17.391781,100
358,1,-1.481689,1.817348,100
300,405,-16.689149,15.425550,100
556,331,-4.506109,20.820319,100
282,91,-7.285322,2.821263,100
548,390,-6.708989,22.822772,100
367,315,-11.230202,14.132339,100
386,328,-10.920404,15.240953,100
508,174,-1.297832,13.264561,100
330,433,-16.440228,17.462223,100
22,280,-23.318110,1.702234,100
182,269,-16.836783,6.423983,100
337,292,-11.639843,12.287157,100
197,132,-11.858587,1.659262,100
422,516,-15.584723,23.598233,100
79,442,-26.342420,9.738779,100
368,316,-11.224048,14.202781,100
46,265,-21.916789,1.899213,100
