cell_x,cell_y,world_x_m,world_y_m,hits
363,0,13.189250,-14.561632,100
364,0,13.239250,-14.561632,100
365,0,13.289250,-14.561632,100
366,0,13.339250,-14.561632,100
367,0,13.389250,-14.561632,100
368,0,13.439250,-14.561632,100
369,0,13.489250,-14.561632,100
370,0,13.539250,-14.561632,100
371,0,13.589250,-14.561632,100
372,0,13.639250,-14.561632,100
373,0,13.689250,-14.561632,100
374,0,13.739250,-14.561632,100
375,0,13.789250,-14.561632,100
376,0,13.839250,-14.561632,100
377,0,13.889250,-14.561632,100
357,1,12.889250,-14.511632,100
358,1,12.939250,-14.511632,100
359,1,12.989250,-14.511632,100
360,1,13.039250,-14.511632,100
361,1,13.089250,-14.511632,100
362,1,13.139250,-14.511632,100
375,1,13.789250,-14.511632,100
377,1,13.889250,-14.511632,100
378,1,13.939250,-14.511632,100
379,1,13.989250,-14.511632,100
380,1,14.039250,-14.511632,100
381,1,14.089250,-14.511632,100
382,1,14.139250,-14.511632,100
383,1,14.189250,-14.511632,100
353,2,12.689250,-14.461632,100
354,2,12.739250,-14.461632,100
355,2,12.789250,-14.461632,100
356,2,12.839250,-14.461632,100
376,2,13.839250,-14.461632,100
382,2,14.139250,-14.461632,100
384,2,14.239250,-14.461632,100
385,2,14.289250,-14.461632,100
386,2,14.339250,-14.461632,100
387,2,14.389250,-14.461632,100
350,3,12.539250,-14.411632,100
351,3,12.589250,-14.411632,100
352,3,12.639250,-14.411632,100
364,3,13.239250,-14.411632,100
365,3,13.289250,-14.411632,100
366,3,13.339250,-14.411632,100
367,3,13.389250,-14.411632,100
368,3,13.439250,-14.411632,100
369,3,13.489250,-14.411632,100
370,3,13.539250,-14.411632,100
371,3,13.589250,-14.411632,100
372,3,13.639250,-14.411632,100
373,3,13.689250,-14.411632,100
374,3,13.739250,-14.411632,100
375,3,13.789250,-14.411632,100
383,3,14.189250,-14.411632,100
385,3,14.289250,-14.411632,100
387,3,14.389250,-14.411632,100
388,3,14.439250,-14.411632,100
389,3,14.489250,-14.411632,100
347,4,12.389250,-14.361632,100
348,4,12.439250,-14.361632,100
349,4,12.489250,-14.361632,100
357,4,12.889250,-14.361632,100
358,4,12.939250,-14.361632,100
359,4,12.989250,-14.361632,100
360,4,13.039250,-14.361632,100
361,4,13.089250,-14.361632,100
362,4,13.139250,-14.361632,100
363,4,13.189250,-14.361632,100
376,4,13.839250,-14.361632,100
377,4,13.889250,-14.361632,100
378,4,13.939250,-14.361632,100
379,4,13.989250,-14.361632,100
380,4,14.039250,-14.361632,100
381,4,14.089250,-14.361632,100
386,4,14.339250,-14.361632,100
389,4,14.489250,-14.361632,100
345,5,12.289250,-14.311632,100
346,5,12.339250,-14.311632,100
354,5,12.739250,-14.311632,100
355,5,12.789250,-14.311632,100
356,5,12.839250,-14.311632,100
382,5,14.139250,-14.311632,100
383,5,14.189250,-14.311632,100
384,5,14.239250,-14.311632,100
385,5,14.289250,-14.311632,100
386,5,14.339250,-14.311632,100
390,5,14.539250,-14.311632,100
343,6,12.189250,-14.261632,100
344,6,12.239250,-14.261632,100
350,6,12.539250,-14.261632,100
351,6,12.589250,-14.261632,100
352,6,12.639250,-14.261632,100
353,6,12.689250,-14.261632,100
387,6,14.389250,-14.261632,100
388,6,14.439250,-14.261632,100
391,6,14.589250,-14.261632,100
392,6,14.639250,-14.261632,100
393,6,14.689250,-14.261632,100
341,7,12.089250,-14.211632,100
342,7,12.139250,-14.211632,100
348,7,12.439250,-14.211632,100
349,7,12.489250,-14.211632,100
389,7,14.489250,-14.211632,100
390,7,14.539250,-14.211632,100
391,7,14.589250,-14.211632,100
394,7,14.739250,-14.211632,100
395,7,14.789250,-14.211632,100
339,8,11.989250,-14.161632,100
340,8,12.039250,-14.161632,100
345,8,12.289250,-14.161632,100
346,8,12.339250,-14.161632,100
347,8,12.389250,-14.161632,100
392,8,14.639250,-14.161632,100
393,8,14.689250,-14.161632,100
394,8,14.739250,-14.161632,100
396,8,14.839250,-14.161632,100
397,8,14.889250,-14.161632,100
337,9,11.889250,-14.111632,100
338,9,11.939250,-14.111632,100
343,9,12.189250,-14.111632,100
344,9,12.239250,-14.111632,100
395,9,14.789250,-14.111632,100
396,9,14.839250,-14.111632,100
398,9,14.939250,-14.111632,100
399,9,14.989250,-14.111632,100
336,10,11.839250,-14.061632,100
341,10,12.089250,-14.061632,100
342,10,12.139250,-14.061632,100
397,10,14.889250,-14.061632,100
398,10,14.939250,-14.061632,100
400,10,15.039250,-14.061632,100
401,10,15.089250,-14.061632,100
334,11,11.739250,-14.011632,100
335,11,11.789250,-14.011632,100
339,11,11.989250,-14.011632,100
340,11,12.039250,-14.011632,100
399,11,14.989250,-14.011632,100
400,11,15.039250,-14.011632,100
402,11,15.139250,-14.011632,100
403,11,15.189250,-14.011632,100
333,12,11.689250,-13.961632,100
338,12,11.939250,-13.961632,100
401,12,15.089250,-13.961632,100
404,12,15.239250,-13.961632,100
332,13,11.639250,-13.911632,100
336,13,11.839250,-13.911632,100
337,13,11.889250,-13.911632,100
402,13,15.139250,-13.911632,100
403,13,15.189250,-13.911632,100
405,13,15.289250,-13.911632,100
406,13,15.339250,-13.911632,100
330,14,11.539250,-13.861632,100
331,14,11.589250,-13.861632,100
335,14,11.789250,-13.861632,100
404,14,15.239250,-13.861632,100
407,14,15.389250,-13.861632,100
329,15,11.489250,-13.811632,100
334,15,11.739250,-13.811632,100
405,15,15.289250,-13.811632,100
406,15,15.339250,-13.811632,100
408,15,15.439250,-13.811632,100
328,16,11.439250,-13.761632,100
332,16,11.639250,-13.761632,100
333,16,11.689250,-13.761632,100
407,16,15.389250,-13.761632,100
409,16,15.489250,-13.761632,100
327,17,11.389250,-13.711632,100
331,17,11.589250,-13.711632,100
408,17,15.439250,-13.711632,100
410,17,15.539250,-13.711632,100
411,17,15.589250,-13.711632,100
326,18,11.339250,-13.661632,100
330,18,11.539250,-13.661632,100
409,18,15.489250,-13.661632,100
410,18,15.539250,-13.661632,100
412,18,15.639250,-13.661632,100
325,19,11.289250,-13.611632,100
329,19,11.489250,-13.611632,100
411,19,15.589250,-13.611632,100
413,19,15.689250,-13.611632,100
324,20,11.239250,-13.561632,100
328,20,11.439250,-13.561632,100
411,20,15.589250,-13.561632,100
412,20,15.639250,-13.561632,100
414,20,15.739250,-13.561632,100
323,21,11.189250,-13.511632,100
327,21,11.389250,-13.511632,100
413,21,15.689250,-13.511632,100
415,21,15.789250,-13.511632,100
322,22,11.139250,-13.461632,100
326,22,11.339250,-13.461632,100
413,22,15.689250,-13.461632,100
416,22,15.839250,-13.461632,100
322,23,11.139250,-13.411632,100
325,23,11.289250,-13.411632,100
414,23,15.739250,-13.411632,100
417,23,15.889250,-13.411632,100
321,24,11.089250,-13.361632,100
324,24,11.239250,-13.361632,100
415,24,15.789250,-13.361632,100
417,24,15.889250,-13.361632,100
320,25,11.039250,-13.311632,100
323,25,11.189250,-13.311632,100
416,25,15.839250,-13.311632,100
418,25,15.939250,-13.311632,100
319,26,10.989250,-13.261632,100
322,26,11.139250,-13.261632,100
417,26,15.889250,-13.261632,100
419,26,15.989250,-13.261632,100
319,27,10.989250,-13.211632,100
321,27,11.089250,-13.211632,100
418,27,15.939250,-13.211632,100
420,27,16.039250,-13.211632,100
318,28,10.939250,-13.161632,100
321,28,11.089250,-13.161632,100
419,28,15.989250,-13.161632,100
421,28,16.089250,-13.161632,100
317,29,10.889250,-13.111632,100
320,29,11.039250,-13.111632,100
420,29,16.039250,-13.111632,100
422,29,16.139250,-13.111632,100
317,30,10.889250,-13.061632,100
319,30,10.989250,-13.061632,100
421,30,16.089250,-13.061632,100
422,30,16.139250,-13.061632,100
316,31,10.839250,-13.011632,100
318,31,10.939250,-13.011632,100
422,31,16.139250,-13.011632,100
423,31,16.189250,-13.011632,100
315,32,10.789250,-12.961632,100
318,32,10.939250,-12.961632,100
422,32,16.139250,-12.961632,100
424,32,16.239250,-12.961632,100
315,33,10.789250,-12.911632,100
317,33,10.889250,-12.911632,100
423,33,16.189250,-12.911632,100
425,33,16.289250,-12.911632,100
314,34,10.739250,-12.861632,100
317,34,10.889250,-12.861632,100
424,34,16.239250,-12.861632,100
425,34,16.289250,-12.861632,100
314,35,10.739250,-12.811632,100
316,35,10.839250,-12.811632,100
425,35,16.289250,-12.811632,100
426,35,16.339250,-12.811632,100
313,36,10.689250,-12.761632,100
316,36,10.839250,-12.761632,100
426,36,16.339250,-12.761632,100
427,36,16.389250,-12.761632,100
313,37,10.689250,-12.711632,100
315,37,10.789250,-12.711632,100
427,37,16.389250,-12.711632,100
428,37,16.439250,-12.711632,100
312,38,10.639250,-12.661632,100
314,38,10.739250,-12.661632,100
427,38,16.389250,-12.661632,100
428,38,16.439250,-12.661632,100
312,39,10.639250,-12.611632,100
314,39,10.739250,-12.611632,100
428,39,16.439250,-12.611632,100
429,39,16.489250,-12.611632,100
312,40,10.639250,-12.561632,100
314,40,10.739250,-12.561632,100
429,40,16.489250,-12.561632,100
430,40,16.539250,-12.561632,100
311,41,10.589250,-12.511632,100
313,41,10.689250,-12.511632,100
430,41,16.539250,-12.511632,100
431,41,16.589250,-12.511632,100
311,42,10.589250,-12.461632,100
313,42,10.689250,-12.461632,100
431,42,16.589250,-12.461632,100
432,42,16.639250,-12.461632,100
311,43,10.589250,-12.411632,100
312,43,10.639250,-12.411632,100
431,43,16.589250,-12.411632,100
432,43,16.639250,-12.411632,100
310,44,10.539250,-12.361632,100
312,44,10.639250,-12.361632,100
432,44,16.639250,-12.361632,100
433,44,16.689250,-12.361632,100
310,45,10.539250,-12.311632,100
312,45,10.639250,-12.311632,100
433,45,16.689250,-12.311632,100
434,45,16.739250,-12.311632,100
310,46,10.539250,-12.261632,100
311,46,10.589250,-12.261632,100
434,46,16.739250,-12.261632,100
435,46,16.789250,-12.261632,100
309,47,10.489250,-12.211632,100
311,47,10.589250,-12.211632,100
435,47,16.789250,-12.211632,100
436,47,16.839250,-12.211632,100
309,48,10.489250,-12.161632,100
311,48,10.589250,-12.161632,100
436,48,16.839250,-12.161632,100
309,49,10.489250,-12.111632,100
311,49,10.589250,-12.111632,100
436,49,16.839250,-12.111632,100
437,49,16.889250,-12.111632,100
308,50,10.439250,-12.061632,100
310,50,10.539250,-12.061632,100
437,50,16.889250,-12.061632,100
438,50,16.939250,-12.061632,100
308,51,10.439250,-12.011632,100
310,51,10.539250,-12.011632,100
438,51,16.939250,-12.011632,100
439,51,16.989250,-12.011632,100
308,52,10.439250,-11.961632,100
310,52,10.539250,-11.961632,100
439,52,16.989250,-11.961632,100
440,52,17.039250,-11.961632,100
308,53,10.439250,-11.911632,100
310,53,10.539250,-11.911632,100
440,53,17.039250,-11.911632,100
308,54,10.439250,-11.861632,100
310,54,10.539250,-11.861632,100
440,54,17.039250,-11.861632,100
441,54,17.089250,-11.861632,100
308,55,10.439250,-11.811632,100
309,55,10.489250,-11.811632,100
441,55,17.089250,-11.811632,100
442,55,17.139250,-11.811632,100
308,56,10.439250,-11.761632,100
309,56,10.489250,-11.761632,100
442,56,17.139250,-11.761632,100
443,56,17.189250,-11.761632,100
307,57,10.389250,-11.711632,100
309,57,10.489250,-11.711632,100
443,57,17.189250,-11.711632,100
444,57,17.239250,-11.711632,100
307,58,10.389250,-11.661632,100
309,58,10.489250,-11.661632,100
444,58,17.239250,-11.661632,100
445,58,17.289250,-11.661632,100
308,59,10.439250,-11.611632,100
309,59,10.489250,-11.611632,100
444,59,17.239250,-11.611632,100
445,59,17.289250,-11.611632,100
307,60,10.389250,-11.561632,100
309,60,10.489250,-11.561632,100
445,60,17.289250,-11.561632,100
446,60,17.339250,-11.561632,100
308,61,10.439250,-11.511632,100
309,61,10.489250,-11.511632,100
368,61,13.439250,-11.511632,100
369,61,13.489250,-11.511632,100
370,61,13.539250,-11.511632,100
371,61,13.589250,-11.511632,100
446,61,17.339250,-11.511632,100
447,61,17.389250,-11.511632,100
307,62,10.389250,-11.461632,100
309,62,10.489250,-11.461632,100
367,62,13.389250,-11.461632,100
369,62,13.489250,-11.461632,100
371,62,13.589250,-11.461632,100
372,62,13.639250,-11.461632,100
447,62,17.389250,-11.461632,100
448,62,17.439250,-11.461632,100
308,63,10.439250,-11.411632,100
309,63,10.489250,-11.411632,100
367,63,13.389250,-11.411632,100
368,63,13.439250,-11.411632,100
372,63,13.639250,-11.411632,100
373,63,13.689250,-11.411632,100
448,63,17.439250,-11.411632,100
449,63,17.489250,-11.411632,100
307,64,10.389250,-11.361632,100
309,64,10.489250,-11.361632,100
366,64,13.339250,-11.361632,100
368,64,13.439250,-11.361632,100
373,64,13.689250,-11.361632,100
374,64,13.739250,-11.361632,100
449,64,17.489250,-11.361632,100
450,64,17.539250,-11.361632,100
308,65,10.439250,-11.311632,100
309,65,10.489250,-11.311632,100
367,65,13.389250,-11.311632,100
369,65,13.489250,-11.311632,100
374,65,13.739250,-11.311632,100
375,65,13.789250,-11.311632,100
449,65,17.489250,-11.311632,100
450,65,17.539250,-11.311632,100
307,66,10.389250,-11.261632,100
309,66,10.489250,-11.261632,100
367,66,13.389250,-11.261632,100
370,66,13.539250,-11.261632,100
374,66,13.739250,-11.261632,100
376,66,13.839250,-11.261632,100
450,66,17.539250,-11.261632,100
451,66,17.589250,-11.261632,100
307,67,10.389250,-11.211632,100
309,67,10.489250,-11.211632,100
368,67,13.439250,-11.211632,100
371,67,13.589250,-11.211632,100
375,67,13.789250,-11.211632,100
377,67,13.889250,-11.211632,100
451,67,17.589250,-11.211632,100
452,67,17.639250,-11.211632,100
308,68,10.439250,-11.161632,100
309,68,10.489250,-11.161632,100
369,68,13.489250,-11.161632,100
372,68,13.639250,-11.161632,100
376,68,13.839250,-11.161632,100
377,68,13.889250,-11.161632,100
452,68,17.639250,-11.161632,100
453,68,17.689250,-11.161632,100
307,69,10.389250,-11.111632,100
309,69,10.489250,-11.111632,100
370,69,13.539250,-11.111632,100
373,69,13.689250,-11.111632,100
377,69,13.889250,-11.111632,100
378,69,13.939250,-11.111632,100
453,69,17.689250,-11.111632,100
454,69,17.739250,-11.111632,100
308,70,10.439250,-11.061632,100
309,70,10.489250,-11.061632,100
370,70,13.539250,-11.061632,100
374,70,13.739250,-11.061632,100
378,70,13.939250,-11.061632,100
379,70,13.989250,-11.061632,100
453,70,17.689250,-11.061632,100
455,70,17.789250,-11.061632,100
308,71,10.439250,-11.011632,100
309,71,10.489250,-11.011632,100
371,71,13.589250,-11.011632,100
375,71,13.789250,-11.011632,100
378,71,13.939250,-11.011632,100
380,71,14.039250,-11.011632,100
454,71,17.739250,-11.011632,100
455,71,17.789250,-11.011632,100
308,72,10.439250,-10.961632,100
309,72,10.489250,-10.961632,100
372,72,13.639250,-10.961632,100
375,72,13.789250,-10.961632,100
379,72,13.989250,-10.961632,100
380,72,14.039250,-10.961632,100
455,72,17.789250,-10.961632,100
456,72,17.839250,-10.961632,100
308,73,10.439250,-10.911632,100
310,73,10.539250,-10.911632,100
373,73,13.689250,-10.911632,100
376,73,13.839250,-10.911632,100
380,73,14.039250,-10.911632,100
381,73,14.089250,-10.911632,100
456,73,17.839250,-10.911632,100
457,73,17.889250,-10.911632,100
308,74,10.439250,-10.861632,100
310,74,10.539250,-10.861632,100
374,74,13.739250,-10.861632,100
377,74,13.889250,-10.861632,100
381,74,14.089250,-10.861632,100
382,74,14.139250,-10.861632,100
456,74,17.839250,-10.861632,100
458,74,17.939250,-10.861632,100
309,75,10.489250,-10.811632,100
310,75,10.539250,-10.811632,100
375,75,13.789250,-10.811632,100
378,75,13.939250,-10.811632,100
382,75,14.139250,-10.811632,100
383,75,14.189250,-10.811632,100
457,75,17.889250,-10.811632,100
459,75,17.989250,-10.811632,100
309,76,10.489250,-10.761632,100
310,76,10.539250,-10.761632,100
375,76,13.789250,-10.761632,100
379,76,13.989250,-10.761632,100
383,76,14.189250,-10.761632,100
384,76,14.239250,-10.761632,100
458,76,17.939250,-10.761632,100
459,76,17.989250,-10.761632,100
309,77,10.489250,-10.711632,100
310,77,10.539250,-10.711632,100
376,77,13.839250,-10.711632,100
380,77,14.039250,-10.711632,100
383,77,14.189250,-10.711632,100
384,77,14.239250,-10.711632,100
459,77,17.989250,-10.711632,100
460,77,18.039250,-10.711632,100
309,78,10.489250,-10.661632,100
311,78,10.589250,-10.661632,100
377,78,13.889250,-10.661632,100
381,78,14.089250,-10.661632,100
384,78,14.239250,-10.661632,100
385,78,14.289250,-10.661632,100
460,78,18.039250,-10.661632,100
461,78,18.089250,-10.661632,100
309,79,10.489250,-10.611632,100
311,79,10.589250,-10.611632,100
378,79,13.939250,-10.611632,100
381,79,14.089250,-10.611632,100
385,79,14.289250,-10.611632,100
386,79,14.339250,-10.611632,100
461,79,18.089250,-10.611632,100
462,79,18.139250,-10.611632,100
310,80,10.539250,-10.561632,100
311,80,10.589250,-10.561632,100
379,80,13.989250,-10.561632,100
382,80,14.139250,-10.561632,100
386,80,14.339250,-10.561632,100
387,80,14.389250,-10.561632,100
461,80,18.089250,-10.561632,100
463,80,18.189250,-10.561632,100
310,81,10.539250,-10.511632,100
311,81,10.589250,-10.511632,100
380,81,14.039250,-10.511632,100
383,81,14.189250,-10.511632,100
387,81,14.389250,-10.511632,100
388,81,14.439250,-10.511632,100
462,81,18.139250,-10.511632,100
464,81,18.239250,-10.511632,100
311,82,10.589250,-10.461632,100
312,82,10.639250,-10.461632,100
380,82,14.039250,-10.461632,100
383,82,14.189250,-10.461632,100
388,82,14.439250,-10.461632,100
389,82,14.489250,-10.461632,100
463,82,18.189250,-10.461632,100
465,82,18.289250,-10.461632,100
311,83,10.589250,-10.411632,100
312,83,10.639250,-10.411632,100
381,83,14.089250,-10.411632,100
384,83,14.239250,-10.411632,100
388,83,14.439250,-10.411632,100
389,83,14.489250,-10.411632,100
464,83,18.239250,-10.411632,100
466,83,18.339250,-10.411632,100
311,84,10.589250,-10.361632,100
313,84,10.689250,-10.361632,100
382,84,14.139250,-10.361632,100
385,84,14.289250,-10.361632,100
389,84,14.489250,-10.361632,100
390,84,14.539250,-10.361632,100
465,84,18.289250,-10.361632,100
466,84,18.339250,-10.361632,100
312,85,10.639250,-10.311632,100
313,85,10.689250,-10.311632,100
382,85,14.139250,-10.311632,100
385,85,14.289250,-10.311632,100
390,85,14.539250,-10.311632,100
391,85,14.589250,-10.311632,100
465,85,18.289250,-10.311632,100
467,85,18.389250,-10.311632,100
312,86,10.639250,-10.261632,100
313,86,10.689250,-10.261632,100
383,86,14.189250,-10.261632,100
386,86,14.339250,-10.261632,100
391,86,14.589250,-10.261632,100
392,86,14.639250,-10.261632,100
466,86,18.339250,-10.261632,100
468,86,18.439250,-10.261632,100
312,87,10.639250,-10.211632,100
313,87,10.689250,-10.211632,100
384,87,14.239250,-10.211632,100
386,87,14.339250,-10.211632,100
392,87,14.639250,-10.211632,100
393,87,14.689250,-10.211632,100
467,87,18.389250,-10.211632,100
469,87,18.489250,-10.211632,100
313,88,10.689250,-10.161632,100
314,88,10.739250,-10.161632,100
384,88,14.239250,-10.161632,100
387,88,14.389250,-10.161632,100
392,88,14.639250,-10.161632,100
393,88,14.689250,-10.161632,100
468,88,18.439250,-10.161632,100
469,88,18.489250,-10.161632,100
269,89,8.489250,-10.111632,100
270,89,8.539250,-10.111632,100
271,89,8.589250,-10.111632,100
272,89,8.639250,-10.111632,100
273,89,8.689250,-10.111632,100
274,89,8.739250,-10.111632,100
275,89,8.789250,-10.111632,100
276,89,8.839250,-10.111632,100
277,89,8.889250,-10.111632,100
278,89,8.939250,-10.111632,100
279,89,8.989250,-10.111632,100
280,89,9.039250,-10.111632,100
281,89,9.089250,-10.111632,100
282,89,9.139250,-10.111632,100
283,89,9.189250,-10.111632,100
284,89,9.239250,-10.111632,100
285,89,9.289250,-10.111632,100
313,89,10.689250,-10.111632,100
314,89,10.739250,-10.111632,100
385,89,14.289250,-10.111632,100
388,89,14.439250,-10.111632,100
393,89,14.689250,-10.111632,100
394,89,14.739250,-10.111632,100
469,89,18.489250,-10.111632,100
470,89,18.539250,-10.111632,100
471,89,18.589250,-10.111632,100
262,90,8.139250,-10.061632,100
263,90,8.189250,-10.061632,100
264,90,8.239250,-10.061632,100
265,90,8.289250,-10.061632,100
266,90,8.339250,-10.061632,100
267,90,8.389250,-10.061632,100
268,90,8.439250,-10.061632,100
275,90,8.789250,-10.061632,100
286,90,9.339250,-10.061632,100
287,90,9.389250,-10.061632,100
288,90,9.439250,-10.061632,100
289,90,9.489250,-10.061632,100
290,90,9.539250,-10.061632,100
291,90,9.589250,-10.061632,100
292,90,9.639250,-10.061632,100
314,90,10.739250,-10.061632,100
315,90,10.789250,-10.061632,100
385,90,14.289250,-10.061632,100
388,90,14.439250,-10.061632,100
394,90,14.739250,-10.061632,100
395,90,14.789250,-10.061632,100
470,90,18.539250,-10.061632,100
471,90,18.589250,-10.061632,100
257,91,7.889250,-10.011632,100
258,91,7.939250,-10.011632,100
259,91,7.989250,-10.011632,100
260,91,8.039250,-10.011632,100
261,91,8.089250,-10.011632,100
264,91,8.239250,-10.011632,100
265,91,8.289250,-10.011632,100
266,91,8.339250,-10.011632,100
267,91,8.389250,-10.011632,100
268,91,8.439250,-10.011632,100
269,91,8.489250,-10.011632,100
270,91,8.539250,-10.011632,100
271,91,8.589250,-10.011632,100
272,91,8.639250,-10.011632,100
273,91,8.689250,-10.011632,100
274,91,8.739250,-10.011632,100
276,91,8.839250,-10.011632,100
277,91,8.889250,-10.011632,100
278,91,8.939250,-10.011632,100
279,91,8.989250,-10.011632,100
280,91,9.039250,-10.011632,100
281,91,9.089250,-10.011632,100
282,91,9.139250,-10.011632,100
283,91,9.189250,-10.011632,100
284,91,9.239250,-10.011632,100
285,91,9.289250,-10.011632,100
286,91,9.339250,-10.011632,100
287,91,9.389250,-10.011632,100
288,91,9.439250,-10.011632,100
293,91,9.689250,-10.011632,100
294,91,9.739250,-10.011632,100
295,91,9.789250,-10.011632,100
314,91,10.739250,-10.011632,100
315,91,10.789250,-10.011632,100
386,91,14.339250,-10.011632,100
388,91,14.439250,-10.011632,100
395,91,14.789250,-10.011632,100
396,91,14.839250,-10.011632,100
470,91,18.539250,-10.011632,100
472,91,18.639250,-10.011632,100
254,92,7.739250,-9.961632,100
255,92,7.789250,-9.961632,100
256,92,7.839250,-9.961632,100
259,92,7.989250,-9.961632,100
260,92,8.039250,-9.961632,100
261,92,8.089250,-9.961632,100
262,92,8.139250,-9.961632,100
263,92,8.189250,-9.961632,100
289,92,9.489250,-9.961632,100
290,92,9.539250,-9.961632,100
291,92,9.589250,-9.961632,100
292,92,9.639250,-9.961632,100
296,92,9.839250,-9.961632,100
297,92,9.889250,-9.961632,100
298,92,9.939250,-9.961632,100
299,92,9.989250,-9.961632,100
315,92,10.789250,-9.961632,100
316,92,10.839250,-9.961632,100
386,92,14.339250,-9.961632,100
389,92,14.489250,-9.961632,100
396,92,14.839250,-9.961632,100
397,92,14.889250,-9.961632,100
471,92,18.589250,-9.961632,100
473,92,18.689250,-9.961632,100
251,93,7.589250,-9.911632,100
252,93,7.639250,-9.911632,100
253,93,7.689250,-9.911632,100
255,93,7.789250,-9.911632,100
256,93,7.839250,-9.911632,100
257,93,7.889250,-9.911632,100
258,93,7.939250,-9.911632,100
293,93,9.689250,-9.911632,100
294,93,9.739250,-9.911632,100
295,93,9.789250,-9.911632,100
296,93,9.839250,-9.911632,100
300,93,10.039250,-9.911632,100
301,93,10.089250,-9.911632,100
302,93,10.139250,-9.911632,100
315,93,10.789250,-9.911632,100
316,93,10.839250,-9.911632,100
387,93,14.389250,-9.911632,100
389,93,14.489250,-9.911632,100
396,93,14.839250,-9.911632,100
397,93,14.889250,-9.911632,100
472,93,18.639250,-9.911632,100
474,93,18.739250,-9.911632,100
248,94,7.439250,-9.861632,100
249,94,7.489250,-9.861632,100
250,94,7.539250,-9.861632,100
252,94,7.639250,-9.861632,100
253,94,7.689250,-9.861632,100
254,94,7.739250,-9.861632,100
297,94,9.889250,-9.861632,100
298,94,9.939250,-9.861632,100
299,94,9.989250,-9.861632,100
303,94,10.189250,-9.861632,100
304,94,10.239250,-9.861632,100
316,94,10.839250,-9.861632,100
317,94,10.889250,-9.861632,100
387,94,14.389250,-9.861632,100
390,94,14.539250,-9.861632,100
397,94,14.889250,-9.861632,100
398,94,14.939250,-9.861632,100
473,94,18.689250,-9.861632,100
475,94,18.789250,-9.861632,100
246,95,7.339250,-9.811632,100
247,95,7.389250,-9.811632,100
249,95,7.489250,-9.811632,100
250,95,7.539250,-9.811632,100
251,95,7.589250,-9.811632,100
254,95,7.739250,-9.811632,100
300,95,10.039250,-9.811632,100
301,95,10.089250,-9.811632,100
302,95,10.139250,-9.811632,100
305,95,10.289250,-9.811632,100
306,95,10.339250,-9.811632,100
307,95,10.389250,-9.811632,100
316,95,10.839250,-9.811632,100
317,95,10.889250,-9.811632,100
388,95,14.439250,-9.811632,100
390,95,14.539250,-9.811632,100
398,95,14.939250,-9.811632,100
399,95,14.989250,-9.811632,100
474,95,18.739250,-9.811632,100
476,95,18.839250,-9.811632,100
244,96,7.239250,-9.761632,100
245,96,7.289250,-9.761632,100
247,96,7.389250,-9.761632,100
248,96,7.439250,-9.761632,100
303,96,10.189250,-9.761632,100
304,96,10.239250,-9.761632,100
308,96,10.439250,-9.761632,100
309,96,10.489250,-9.761632,100
317,96,10.889250,-9.761632,100
318,96,10.939250,-9.761632,100
319,96,10.989250,-9.761632,100
388,96,14.439250,-9.761632,100
390,96,14.539250,-9.761632,100
399,96,14.989250,-9.761632,100
400,96,15.039250,-9.761632,100
475,96,18.789250,-9.761632,100
476,96,18.839250,-9.761632,100
242,97,7.139250,-9.711632,100
243,97,7.189250,-9.711632,100
245,97,7.289250,-9.711632,100
246,97,7.339250,-9.711632,100
305,97,10.289250,-9.711632,100
306,97,10.339250,-9.711632,100
310,97,10.539250,-9.711632,100
311,97,10.589250,-9.711632,100
317,97,10.889250,-9.711632,100
318,97,10.939250,-9.711632,100
389,97,14.489250,-9.711632,100
391,97,14.589250,-9.711632,100
400,97,15.039250,-9.711632,100
401,97,15.089250,-9.711632,100
475,97,18.789250,-9.711632,100
477,97,18.889250,-9.711632,100
240,98,7.039250,-9.661632,100
241,98,7.089250,-9.661632,100
243,98,7.189250,-9.661632,100
244,98,7.239250,-9.661632,100
307,98,10.389250,-9.661632,100
308,98,10.439250,-9.661632,100
312,98,10.639250,-9.661632,100
318,98,10.939250,-9.661632,100
319,98,10.989250,-9.661632,100
389,98,14.489250,-9.661632,100
391,98,14.589250,-9.661632,100
400,98,15.039250,-9.661632,100
402,98,15.139250,-9.661632,100
476,98,18.839250,-9.661632,100
478,98,18.939250,-9.661632,100
239,99,6.989250,-9.611632,100
241,99,7.089250,-9.611632,100
242,99,7.139250,-9.611632,100
309,99,10.489250,-9.611632,100
310,99,10.539250,-9.611632,100
313,99,10.689250,-9.611632,100
314,99,10.739250,-9.611632,100
319,99,10.989250,-9.611632,100
320,99,11.039250,-9.611632,100
389,99,14.489250,-9.611632,100
392,99,14.639250,-9.611632,100
401,99,15.089250,-9.611632,100
402,99,15.139250,-9.611632,100
477,99,18.889250,-9.611632,100
479,99,18.989250,-9.611632,100
237,100,6.889250,-9.561632,100
238,100,6.939250,-9.561632,100
239,100,6.989250,-9.561632,100
240,100,7.039250,-9.561632,100
311,100,10.589250,-9.561632,100
312,100,10.639250,-9.561632,100
315,100,10.789250,-9.561632,100
316,100,10.839250,-9.561632,100
319,100,10.989250,-9.561632,100
321,100,11.089250,-9.561632,100
390,100,14.539250,-9.561632,100
392,100,14.639250,-9.561632,100
402,100,15.139250,-9.561632,100
403,100,15.189250,-9.561632,100
478,100,18.939250,-9.561632,100
480,100,19.039250,-9.561632,100
235,101,6.789250,-9.511632,100
236,101,6.839250,-9.511632,100
238,101,6.939250,-9.511632,100
313,101,10.689250,-9.511632,100
317,101,10.889250,-9.511632,100
320,101,11.039250,-9.511632,100
321,101,11.089250,-9.511632,100
390,101,14.539250,-9.511632,100
392,101,14.639250,-9.511632,100
403,101,15.189250,-9.511632,100
404,101,15.239250,-9.511632,100
479,101,18.989250,-9.511632,100
481,101,19.089250,-9.511632,100
234,102,6.739250,-9.461632,100
237,102,6.889250,-9.461632,100
314,102,10.739250,-9.461632,100
318,102,10.939250,-9.461632,100
319,102,10.989250,-9.461632,100
321,102,11.089250,-9.461632,100
322,102,11.139250,-9.461632,100
390,102,14.539250,-9.461632,100
393,102,14.689250,-9.461632,100
403,102,15.189250,-9.461632,100
405,102,15.289250,-9.461632,100
479,102,18.989250,-9.461632,100
481,102,19.089250,-9.461632,100
232,103,6.639250,-9.411632,100
233,103,6.689250,-9.411632,100
235,103,6.789250,-9.411632,100
236,103,6.839250,-9.411632,100
315,103,10.789250,-9.411632,100
316,103,10.839250,-9.411632,100
317,103,10.889250,-9.411632,100
320,103,11.039250,-9.411632,100
322,103,11.139250,-9.411632,100
323,103,11.189250,-9.411632,100
390,103,14.539250,-9.411632,100
393,103,14.689250,-9.411632,100
404,103,15.239250,-9.411632,100
406,103,15.339250,-9.411632,100
480,103,19.039250,-9.411632,100
482,103,19.139250,-9.411632,100
231,104,6.589250,-9.361632,100
234,104,6.739250,-9.361632,100
318,104,10.939250,-9.361632,100
321,104,11.089250,-9.361632,100
324,104,11.239250,-9.361632,100
391,104,14.589250,-9.361632,100
393,104,14.689250,-9.361632,100
405,104,15.289250,-9.361632,100
407,104,15.389250,-9.361632,100
481,104,19.089250,-9.361632,100
483,104,19.189250,-9.361632,100
230,105,6.539250,-9.311632,100
232,105,6.639250,-9.311632,100
233,105,6.689250,-9.311632,100
319,105,10.989250,-9.311632,100
325,105,11.289250,-9.311632,100
391,105,14.589250,-9.311632,100
394,105,14.739250,-9.311632,100
406,105,15.339250,-9.311632,100
407,105,15.389250,-9.311632,100
482,105,19.139250,-9.311632,100
484,105,19.239250,-9.311632,100
229,106,6.489250,-9.261632,100
231,106,6.589250,-9.261632,100
320,106,11.039250,-9.261632,100
325,106,11.289250,-9.261632,100
391,106,14.589250,-9.261632,100
394,106,14.739250,-9.261632,100
407,106,15.389250,-9.261632,100
408,106,15.439250,-9.261632,100
483,106,19.189250,-9.261632,100
485,106,19.289250,-9.261632,100
227,107,6.389250,-9.211632,100
228,107,6.439250,-9.211632,100
230,107,6.539250,-9.211632,100
321,107,11.089250,-9.211632,100
326,107,11.339250,-9.211632,100
391,107,14.589250,-9.211632,100
394,107,14.739250,-9.211632,100
407,107,15.389250,-9.211632,100
409,107,15.489250,-9.211632,100
483,107,19.189250,-9.211632,100
486,107,19.339250,-9.211632,100
226,108,6.339250,-9.161632,100
229,108,6.489250,-9.161632,100
322,108,11.139250,-9.161632,100
327,108,11.389250,-9.161632,100
392,108,14.639250,-9.161632,100
395,108,14.789250,-9.161632,100
408,108,15.439250,-9.161632,100
410,108,15.539250,-9.161632,100
484,108,19.239250,-9.161632,100
486,108,19.339250,-9.161632,100
225,109,6.289250,-9.111632,100
227,109,6.389250,-9.111632,100
228,109,6.439250,-9.111632,100
323,109,11.189250,-9.111632,100
324,109,11.239250,-9.111632,100
328,109,11.439250,-9.111632,100
392,109,14.639250,-9.111632,100
395,109,14.789250,-9.111632,100
409,109,15.489250,-9.111632,100
411,109,15.589250,-9.111632,100
485,109,19.289250,-9.111632,100
487,109,19.389250,-9.111632,100
224,110,6.239250,-9.061632,100
226,110,6.339250,-9.061632,100
325,110,11.289250,-9.061632,100
329,110,11.489250,-9.061632,100
392,110,14.639250,-9.061632,100
395,110,14.789250,-9.061632,100
409,110,15.489250,-9.061632,100
412,110,15.639250,-9.061632,100
486,110,19.339250,-9.061632,100
488,110,19.439250,-9.061632,100
223,111,6.189250,-9.011632,100
225,111,6.289250,-9.011632,100
326,111,11.339250,-9.011632,100
330,111,11.539250,-9.011632,100
392,111,14.639250,-9.011632,100
395,111,14.789250,-9.011632,100
410,111,15.539250,-9.011632,100
412,111,15.639250,-9.011632,100
487,111,19.389250,-9.011632,100
489,111,19.489250,-9.011632,100
221,112,6.089250,-8.961632,100
222,112,6.139250,-8.961632,100
224,112,6.239250,-8.961632,100
327,112,11.389250,-8.961632,100
331,112,11.589250,-8.961632,100
392,112,14.639250,-8.961632,100
395,112,14.789250,-8.961632,100
411,112,15.589250,-8.961632,100
413,112,15.689250,-8.961632,100
488,112,19.439250,-8.961632,100
490,112,19.539250,-8.961632,100
220,113,6.039250,-8.911632,100
222,113,6.139250,-8.911632,100
223,113,6.189250,-8.911632,100
327,113,11.389250,-8.911632,100
331,113,11.589250,-8.911632,100
392,113,14.639250,-8.911632,100
396,113,14.839250,-8.911632,100
411,113,15.589250,-8.911632,100
412,113,15.639250,-8.911632,100
414,113,15.739250,-8.911632,100
489,113,19.489250,-8.911632,100
491,113,19.589250,-8.911632,100
219,114,5.989250,-8.861632,100
221,114,6.089250,-8.861632,100
328,114,11.439250,-8.861632,100
332,114,11.639250,-8.861632,100
392,114,14.639250,-8.861632,100
395,114,14.789250,-8.861632,100
413,114,15.689250,-8.861632,100
415,114,15.789250,-8.861632,100
489,114,19.489250,-8.861632,100
492,114,19.639250,-8.861632,100
218,115,5.939250,-8.811632,100
220,115,6.039250,-8.811632,100
329,115,11.489250,-8.811632,100
333,115,11.689250,-8.811632,100
392,115,14.639250,-8.811632,100
396,115,14.839250,-8.811632,100
414,115,15.739250,-8.811632,100
416,115,15.839250,-8.811632,100
490,115,19.539250,-8.811632,100
492,115,19.639250,-8.811632,100
217,116,5.889250,-8.761632,100
219,116,5.989250,-8.761632,100
330,116,11.539250,-8.761632,100
334,116,11.739250,-8.761632,100
392,116,14.639250,-8.761632,100
395,116,14.789250,-8.761632,100
414,116,15.739250,-8.761632,100
417,116,15.889250,-8.761632,100
491,116,19.589250,-8.761632,100
493,116,19.689250,-8.761632,100
215,117,5.789250,-8.711632,100
216,117,5.839250,-8.711632,100
217,117,5.889250,-8.711632,100
218,117,5.939250,-8.711632,100
331,117,11.589250,-8.711632,100
335,117,11.789250,-8.711632,100
392,117,14.639250,-8.711632,100
396,117,14.839250,-8.711632,100
415,117,15.789250,-8.711632,100
417,117,15.889250,-8.711632,100
492,117,19.639250,-8.711632,100
494,117,19.739250,-8.711632,100
214,118,5.739250,-8.661632,100
216,118,5.839250,-8.661632,100
332,118,11.639250,-8.661632,100
335,118,11.789250,-8.661632,100
392,118,14.639250,-8.661632,100
395,118,14.789250,-8.661632,100
416,118,15.839250,-8.661632,100
418,118,15.939250,-8.661632,100
493,118,19.689250,-8.661632,100
495,118,19.789250,-8.661632,100
213,119,5.689250,-8.611632,100
215,119,5.789250,-8.611632,100
333,119,11.689250,-8.611632,100
334,119,11.739250,-8.611632,100
392,119,14.639250,-8.611632,100
395,119,14.789250,-8.611632,100
417,119,15.889250,-8.611632,100
419,119,15.989250,-8.611632,100
494,119,19.739250,-8.611632,100
496,119,19.839250,-8.611632,100
212,120,5.639250,-8.561632,100
214,120,5.739250,-8.561632,100
392,120,14.639250,-8.561632,100
396,120,14.839250,-8.561632,100
417,120,15.889250,-8.561632,100
418,120,15.939250,-8.561632,100
420,120,16.039250,-8.561632,100
495,120,19.789250,-8.561632,100
496,120,19.839250,-8.561632,100
210,121,5.539250,-8.511632,100
211,121,5.589250,-8.511632,100
213,121,5.689250,-8.511632,100
392,121,14.639250,-8.511632,100
395,121,14.789250,-8.511632,100
419,121,15.989250,-8.511632,100
421,121,16.089250,-8.511632,100
495,121,19.789250,-8.511632,100
497,121,19.889250,-8.511632,100
209,122,5.489250,-8.461632,100
211,122,5.589250,-8.461632,100
212,122,5.639250,-8.461632,100
392,122,14.639250,-8.461632,100
396,122,14.839250,-8.461632,100
419,122,15.989250,-8.461632,100
422,122,16.139250,-8.461632,100
496,122,19.839250,-8.461632,100
498,122,19.939250,-8.461632,100
208,123,5.439250,-8.411632,100
210,123,5.539250,-8.411632,100
392,123,14.639250,-8.411632,100
395,123,14.789250,-8.411632,100
420,123,16.039250,-8.411632,100
422,123,16.139250,-8.411632,100
497,123,19.889250,-8.411632,100
498,123,19.939250,-8.411632,100
207,124,5.389250,-8.361632,100
209,124,5.489250,-8.361632,100
392,124,14.639250,-8.361632,100
396,124,14.839250,-8.361632,100
420,124,16.039250,-8.361632,100
421,124,16.089250,-8.361632,100
423,124,16.189250,-8.361632,100
497,124,19.889250,-8.361632,100
499,124,19.989250,-8.361632,100
206,125,5.339250,-8.311632,100
208,125,5.439250,-8.311632,100
392,125,14.639250,-8.311632,100
395,125,14.789250,-8.311632,100
422,125,16.139250,-8.311632,100
424,125,16.239250,-8.311632,100
498,125,19.939250,-8.311632,100
500,125,20.039250,-8.311632,100
204,126,5.239250,-8.261632,100
205,126,5.289250,-8.261632,100
206,126,5.339250,-8.261632,100
207,126,5.389250,-8.261632,100
392,126,14.639250,-8.261632,100
395,126,14.789250,-8.261632,100
422,126,16.139250,-8.261632,100
425,126,16.289250,-8.261632,100
499,126,19.989250,-8.261632,100
501,126,20.089250,-8.261632,100
203,127,5.189250,-8.211632,100
205,127,5.289250,-8.211632,100
392,127,14.639250,-8.211632,100
395,127,14.789250,-8.211632,100
423,127,16.189250,-8.211632,100
426,127,16.339250,-8.211632,100
499,127,19.989250,-8.211632,100
501,127,20.089250,-8.211632,100
202,128,5.139250,-8.161632,100
204,128,5.239250,-8.161632,100
392,128,14.639250,-8.161632,100
395,128,14.789250,-8.161632,100
424,128,16.239250,-8.161632,100
426,128,16.339250,-8.161632,100
500,128,20.039250,-8.161632,100
502,128,20.139250,-8.161632,100
201,129,5.089250,-8.111632,100
203,129,5.189250,-8.111632,100
391,129,14.589250,-8.111632,100
395,129,14.789250,-8.111632,100
424,129,16.239250,-8.111632,100
425,129,16.289250,-8.111632,100
427,129,16.389250,-8.111632,100
501,129,20.089250,-8.111632,100
502,129,20.139250,-8.111632,100
200,130,5.039250,-8.061632,100
201,130,5.089250,-8.061632,100
202,130,5.139250,-8.061632,100
391,130,14.589250,-8.061632,100
394,130,14.739250,-8.061632,100
426,130,16.339250,-8.061632,100
428,130,16.439250,-8.061632,100
501,130,20.089250,-8.061632,100
503,130,20.189250,-8.061632,100
198,131,4.939250,-8.011632,100
199,131,4.989250,-8.011632,100
200,131,5.039250,-8.011632,100
391,131,14.589250,-8.011632,100
395,131,14.789250,-8.011632,100
426,131,16.339250,-8.011632,100
429,131,16.489250,-8.011632,100
502,131,20.139250,-8.011632,100
503,131,20.189250,-8.011632,100
197,132,4.889250,-7.961632,100
199,132,4.989250,-7.961632,100
391,132,14.589250,-7.961632,100
394,132,14.739250,-7.961632,100
426,132,16.339250,-7.961632,100
427,132,16.389250,-7.961632,100
430,132,16.539250,-7.961632,100
502,132,20.139250,-7.961632,100
504,132,20.239250,-7.961632,100
196,133,4.839250,-7.911632,100
198,133,4.939250,-7.911632,100
390,133,14.539250,-7.911632,100
394,133,14.739250,-7.911632,100
428,133,16.439250,-7.911632,100
431,133,16.589250,-7.911632,100
503,133,20.189250,-7.911632,100
504,133,20.239250,-7.911632,100
195,134,4.789250,-7.861632,100
196,134,4.839250,-7.861632,100
197,134,4.889250,-7.861632,100
390,134,14.539250,-7.861632,100
394,134,14.739250,-7.861632,100
429,134,16.489250,-7.861632,100
432,134,16.639250,-7.861632,100
503,134,20.189250,-7.861632,100
505,134,20.289250,-7.861632,100
193,135,4.689250,-7.811632,100
194,135,4.739250,-7.811632,100
195,135,4.789250,-7.811632,100
390,135,14.539250,-7.811632,100
393,135,14.689250,-7.811632,100
428,135,16.439250,-7.811632,100
430,135,16.539250,-7.811632,100
432,135,16.639250,-7.811632,100
504,135,20.239250,-7.811632,100
505,135,20.289250,-7.811632,100
192,136,4.639250,-7.761632,100
194,136,4.739250,-7.761632,100
390,136,14.539250,-7.761632,100
393,136,14.689250,-7.761632,100
430,136,16.539250,-7.761632,100
433,136,16.689250,-7.761632,100
504,136,20.239250,-7.761632,100
505,136,20.289250,-7.761632,100
191,137,4.589250,-7.711632,100
193,137,4.689250,-7.711632,100
389,137,14.489250,-7.711632,100
393,137,14.689250,-7.711632,100
431,137,16.589250,-7.711632,100
434,137,16.739250,-7.711632,100
505,137,20.289250,-7.711632,100
506,137,20.339250,-7.711632,100
190,138,4.539250,-7.661632,100
191,138,4.589250,-7.661632,100
192,138,4.639250,-7.661632,100
389,138,14.489250,-7.661632,100
393,138,14.689250,-7.661632,100
432,138,16.639250,-7.661632,100
435,138,16.789250,-7.661632,100
505,138,20.289250,-7.661632,100
506,138,20.339250,-7.661632,100
189,139,4.489250,-7.611632,100
190,139,4.539250,-7.611632,100
388,139,14.439250,-7.611632,100
392,139,14.639250,-7.611632,100
433,139,16.689250,-7.611632,100
436,139,16.839250,-7.611632,100
506,139,20.339250,-7.611632,100
187,140,4.389250,-7.561632,100
188,140,4.439250,-7.561632,100
189,140,4.489250,-7.561632,100
388,140,14.439250,-7.561632,100
392,140,14.639250,-7.561632,100
433,140,16.689250,-7.561632,100
437,140,16.889250,-7.561632,100
505,140,20.289250,-7.561632,100
507,140,20.389250,-7.561632,100
186,141,4.339250,-7.511632,100
187,141,4.389250,-7.511632,100
188,141,4.439250,-7.511632,100
388,141,14.439250,-7.511632,100
391,141,14.589250,-7.511632,100
434,141,16.739250,-7.511632,100
437,141,16.889250,-7.511632,100
506,141,20.339250,-7.511632,100
507,141,20.389250,-7.511632,100
185,142,4.289250,-7.461632,100
186,142,4.339250,-7.461632,100
387,142,14.389250,-7.461632,100
391,142,14.589250,-7.461632,100
435,142,16.789250,-7.461632,100
438,142,16.939250,-7.461632,100
506,142,20.339250,-7.461632,100
507,142,20.389250,-7.461632,100
184,143,4.239250,-7.411632,100
185,143,4.289250,-7.411632,100
387,143,14.389250,-7.411632,100
390,143,14.539250,-7.411632,100
436,143,16.839250,-7.411632,100
439,143,16.989250,-7.411632,100
506,143,20.339250,-7.411632,100
507,143,20.389250,-7.411632,100
183,144,4.189250,-7.361632,100
184,144,4.239250,-7.361632,100
386,144,14.339250,-7.361632,100
390,144,14.539250,-7.361632,100
436,144,16.839250,-7.361632,100
440,144,17.039250,-7.361632,100
507,144,20.389250,-7.361632,100
508,144,20.439250,-7.361632,100
181,145,4.089250,-7.311632,100
182,145,4.139250,-7.311632,100
183,145,4.189250,-7.311632,100
386,145,14.339250,-7.311632,100
389,145,14.489250,-7.311632,100
437,145,16.889250,-7.311632,100
441,145,17.089250,-7.311632,100
507,145,20.389250,-7.311632,100
508,145,20.439250,-7.311632,100
180,146,4.039250,-7.261632,100
181,146,4.089250,-7.261632,100
385,146,14.289250,-7.261632,100
389,146,14.489250,-7.261632,100
438,146,16.939250,-7.261632,100
442,146,17.139250,-7.261632,100
507,146,20.389250,-7.261632,100
508,146,20.439250,-7.261632,100
179,147,3.989250,-7.211632,100
180,147,4.039250,-7.211632,100
385,147,14.289250,-7.211632,100
388,147,14.439250,-7.211632,100
439,147,16.989250,-7.211632,100
442,147,17.139250,-7.211632,100
508,147,20.439250,-7.211632,100
177,148,3.889250,-7.161632,100
178,148,3.939250,-7.161632,100
179,148,3.989250,-7.161632,100
272,148,8.639250,-7.161632,100
273,148,8.689250,-7.161632,100
274,148,8.739250,-7.161632,100
275,148,8.789250,-7.161632,100
276,148,8.839250,-7.161632,100
277,148,8.889250,-7.161632,100
278,148,8.939250,-7.161632,100
279,148,8.989250,-7.161632,100
280,148,9.039250,-7.161632,100
281,148,9.089250,-7.161632,100
384,148,14.239250,-7.161632,100
388,148,14.439250,-7.161632,100
439,148,16.989250,-7.161632,100
443,148,17.189250,-7.161632,100
508,148,20.439250,-7.161632,100
509,148,20.489250,-7.161632,100
176,149,3.839250,-7.111632,100
177,149,3.889250,-7.111632,100
178,149,3.939250,-7.111632,100
269,149,8.489250,-7.111632,100
270,149,8.539250,-7.111632,100
271,149,8.589250,-7.111632,100
273,149,8.689250,-7.111632,100
280,149,9.039250,-7.111632,100
282,149,9.139250,-7.111632,100
283,149,9.189250,-7.111632,100
383,149,14.189250,-7.111632,100
387,149,14.389250,-7.111632,100
439,149,16.989250,-7.111632,100
440,149,17.039250,-7.111632,100
444,149,17.239250,-7.111632,100
508,149,20.439250,-7.111632,100
509,149,20.489250,-7.111632,100
175,150,3.789250,-7.061632,100
176,150,3.839250,-7.061632,100
268,150,8.439250,-7.061632,100
270,150,8.539250,-7.061632,100
272,150,8.639250,-7.061632,100
281,150,9.089250,-7.061632,100
282,150,9.139250,-7.061632,100
284,150,9.239250,-7.061632,100
383,150,14.189250,-7.061632,100
387,150,14.389250,-7.061632,100
441,150,17.089250,-7.061632,100
445,150,17.289250,-7.061632,100
508,150,20.439250,-7.061632,100
509,150,20.489250,-7.061632,100
174,151,3.739250,-7.011632,100
175,151,3.789250,-7.011632,100
266,151,8.339250,-7.011632,100
267,151,8.389250,-7.011632,100
269,151,8.489250,-7.011632,100
271,151,8.589250,-7.011632,100
283,151,9.189250,-7.011632,100
285,151,9.289250,-7.011632,100
286,151,9.339250,-7.011632,100
382,151,14.139250,-7.011632,100
386,151,14.339250,-7.011632,100
442,151,17.139250,-7.011632,100
446,151,17.339250,-7.011632,100
508,151,20.439250,-7.011632,100
509,151,20.489250,-7.011632,100
172,152,3.639250,-6.961632,100
173,152,3.689250,-6.961632,100
174,152,3.739250,-6.961632,100
265,152,8.289250,-6.961632,100
269,152,8.489250,-6.961632,100
284,152,9.239250,-6.961632,100
287,152,9.389250,-6.961632,100
381,152,14.089250,-6.961632,100
385,152,14.289250,-6.961632,100
443,152,17.189250,-6.961632,100
447,152,17.389250,-6.961632,100
508,152,20.439250,-6.961632,100
509,152,20.489250,-6.961632,100
171,153,3.589250,-6.911632,100
172,153,3.639250,-6.911632,100
173,153,3.689250,-6.911632,100
264,153,8.239250,-6.911632,100
268,153,8.439250,-6.911632,100
270,153,8.539250,-6.911632,100
285,153,9.289250,-6.911632,100
288,153,9.439250,-6.911632,100
381,153,14.089250,-6.911632,100
385,153,14.289250,-6.911632,100
442,153,17.139250,-6.911632,100
444,153,17.239250,-6.911632,100
445,153,17.289250,-6.911632,100
448,153,17.439250,-6.911632,100
508,153,20.439250,-6.911632,100
509,153,20.489250,-6.911632,100
170,154,3.539250,-6.861632,100
171,154,3.589250,-6.861632,100
263,154,8.189250,-6.861632,100
267,154,8.389250,-6.861632,100
286,154,9.339250,-6.861632,100
289,154,9.489250,-6.861632,100
380,154,14.039250,-6.861632,100
384,154,14.239250,-6.861632,100
446,154,17.339250,-6.861632,100
448,154,17.439250,-6.861632,100
508,154,20.439250,-6.861632,100
509,154,20.489250,-6.861632,100
168,155,3.439250,-6.811632,100
169,155,3.489250,-6.811632,100
170,155,3.539250,-6.811632,100
261,155,8.089250,-6.811632,100
262,155,8.139250,-6.811632,100
266,155,8.339250,-6.811632,100
287,155,9.389250,-6.811632,100
289,155,9.489250,-6.811632,100
379,155,13.989250,-6.811632,100
383,155,14.189250,-6.811632,100
445,155,17.289250,-6.811632,100
449,155,17.489250,-6.811632,100
509,155,20.489250,-6.811632,100
167,156,3.389250,-6.761632,100
169,156,3.489250,-6.761632,100
260,156,8.039250,-6.761632,100
265,156,8.289250,-6.761632,100
288,156,9.439250,-6.761632,100
290,156,9.539250,-6.761632,100
378,156,13.939250,-6.761632,100
383,156,14.189250,-6.761632,100
446,156,17.339250,-6.761632,100
450,156,17.539250,-6.761632,100
509,156,20.489250,-6.761632,100
166,157,3.339250,-6.711632,100
168,157,3.439250,-6.711632,100
259,157,7.989250,-6.711632,100
263,157,8.189250,-6.711632,100
264,157,8.239250,-6.711632,100
289,157,9.489250,-6.711632,100
291,157,9.589250,-6.711632,100
377,157,13.889250,-6.711632,100
381,157,14.089250,-6.711632,100
382,157,14.139250,-6.711632,100
447,157,17.389250,-6.711632,100
448,157,17.439250,-6.711632,100
451,157,17.589250,-6.711632,100
509,157,20.489250,-6.711632,100
164,158,3.239250,-6.661632,100
165,158,3.289250,-6.661632,100
166,158,3.339250,-6.661632,100
167,158,3.389250,-6.661632,100
258,158,7.939250,-6.661632,100
262,158,8.139250,-6.661632,100
289,158,9.489250,-6.661632,100
292,158,9.639250,-6.661632,100
376,158,13.839250,-6.661632,100
380,158,14.039250,-6.661632,100
449,158,17.489250,-6.661632,100
451,158,17.589250,-6.661632,100
509,158,20.489250,-6.661632,100
163,159,3.189250,-6.611632,100
165,159,3.289250,-6.611632,100
257,159,7.889250,-6.611632,100
260,159,8.039250,-6.611632,100
261,159,8.089250,-6.611632,100
290,159,9.539250,-6.611632,100
293,159,9.689250,-6.611632,100
375,159,13.789250,-6.611632,100
379,159,13.989250,-6.611632,100
380,159,14.039250,-6.611632,100
449,159,17.489250,-6.611632,100
451,159,17.589250,-6.611632,100
508,159,20.439250,-6.611632,100
509,159,20.489250,-6.611632,100
162,160,3.139250,-6.561632,100
164,160,3.239250,-6.561632,100
255,160,7.789250,-6.561632,100
256,160,7.839250,-6.561632,100
259,160,7.989250,-6.561632,100
291,160,9.589250,-6.561632,100
294,160,9.739250,-6.561632,100
374,160,13.739250,-6.561632,100
378,160,13.939250,-6.561632,100
448,160,17.439250,-6.561632,100
450,160,17.539250,-6.561632,100
451,160,17.589250,-6.561632,100
509,160,20.489250,-6.561632,100
160,161,3.039250,-6.511632,100
161,161,3.089250,-6.511632,100
163,161,3.189250,-6.511632,100
254,161,7.739250,-6.511632,100
258,161,7.939250,-6.511632,100
292,161,9.639250,-6.511632,100
295,161,9.789250,-6.511632,100
373,161,13.689250,-6.511632,100
377,161,13.889250,-6.511632,100
447,161,17.389250,-6.511632,100
449,161,17.489250,-6.511632,100
509,161,20.489250,-6.511632,100
159,162,2.989250,-6.461632,100
161,162,3.089250,-6.461632,100
162,162,3.139250,-6.461632,100
253,162,7.689250,-6.461632,100
256,162,7.839250,-6.461632,100
257,162,7.889250,-6.461632,100
293,162,9.689250,-6.461632,100
296,162,9.839250,-6.461632,100
372,162,13.639250,-6.461632,100
376,162,13.839250,-6.461632,100
446,162,17.339250,-6.461632,100
447,162,17.389250,-6.461632,100
448,162,17.439250,-6.461632,100
508,162,20.439250,-6.461632,100
509,162,20.489250,-6.461632,100
158,163,2.939250,-6.411632,100
160,163,3.039250,-6.411632,100
252,163,7.639250,-6.411632,100
255,163,7.789250,-6.411632,100
294,163,9.739250,-6.411632,100
295,163,9.789250,-6.411632,100
297,163,9.889250,-6.411632,100
371,163,13.589250,-6.411632,100
375,163,13.789250,-6.411632,100
445,163,17.289250,-6.411632,100
446,163,17.339250,-6.411632,100
508,163,20.439250,-6.411632,100
509,163,20.489250,-6.411632,100
157,164,2.889250,-6.361632,100
159,164,2.989250,-6.361632,100
251,164,7.589250,-6.361632,100
254,164,7.739250,-6.361632,100
296,164,9.839250,-6.361632,100
298,164,9.939250,-6.361632,100
370,164,13.539250,-6.361632,100
374,164,13.739250,-6.361632,100
444,164,17.239250,-6.361632,100
446,164,17.339250,-6.361632,100
508,164,20.439250,-6.361632,100
509,164,20.489250,-6.361632,100
155,165,2.789250,-6.311632,100
156,165,2.839250,-6.311632,100
158,165,2.939250,-6.311632,100
249,165,7.489250,-6.311632,100
250,165,7.539250,-6.311632,100
252,165,7.639250,-6.311632,100
253,165,7.689250,-6.311632,100
254,165,7.739250,-6.311632,100
297,165,9.889250,-6.311632,100
299,165,9.989250,-6.311632,100
300,165,10.039250,-6.311632,100
368,165,13.439250,-6.311632,100
369,165,13.489250,-6.311632,100
372,165,13.639250,-6.311632,100
373,165,13.689250,-6.311632,100
443,165,17.189250,-6.311632,100
445,165,17.289250,-6.311632,100
508,165,20.439250,-6.311632,100
509,165,20.489250,-6.311632,100
154,166,2.739250,-6.261632,100
157,166,2.889250,-6.261632,100
248,166,7.439250,-6.261632,100
251,166,7.589250,-6.261632,100
298,166,9.939250,-6.261632,100
301,166,10.089250,-6.261632,100
367,166,13.389250,-6.261632,100
371,166,13.589250,-6.261632,100
442,166,17.139250,-6.261632,100
444,166,17.239250,-6.261632,100
508,166,20.439250,-6.261632,100
509,166,20.489250,-6.261632,100
153,167,2.689250,-6.211632,100
156,167,2.839250,-6.211632,100
247,167,7.389250,-6.211632,100
250,167,7.539250,-6.211632,100
251,167,7.589250,-6.211632,100
299,167,9.989250,-6.211632,100
300,167,10.039250,-6.211632,100
302,167,10.139250,-6.211632,100
303,167,10.189250,-6.211632,100
365,167,13.289250,-6.211632,100
366,167,13.339250,-6.211632,100
370,167,13.539250,-6.211632,100
441,167,17.089250,-6.211632,100
444,167,17.239250,-6.211632,100
508,167,20.439250,-6.211632,100
509,167,20.489250,-6.211632,100
152,168,2.639250,-6.161632,100
155,168,2.789250,-6.161632,100
246,168,7.339250,-6.161632,100
249,168,7.489250,-6.161632,100
301,168,10.089250,-6.161632,100
302,168,10.139250,-6.161632,100
304,168,10.239250,-6.161632,100
364,168,13.239250,-6.161632,100
368,168,13.439250,-6.161632,100
369,168,13.489250,-6.161632,100
441,168,17.089250,-6.161632,100
443,168,17.189250,-6.161632,100
508,168,20.439250,-6.161632,100
509,168,20.489250,-6.161632,100
151,169,2.589250,-6.111632,100
154,169,2.739250,-6.111632,100
245,169,7.289250,-6.111632,100
247,169,7.389250,-6.111632,100
248,169,7.439250,-6.111632,100
303,169,10.189250,-6.111632,100
305,169,10.289250,-6.111632,100
306,169,10.339250,-6.111632,100
362,169,13.139250,-6.111632,100
363,169,13.189250,-6.111632,100
366,169,13.339250,-6.111632,100
367,169,13.389250,-6.111632,100
440,169,17.039250,-6.111632,100
442,169,17.139250,-6.111632,100
507,169,20.389250,-6.111632,100
509,169,20.489250,-6.111632,100
150,170,2.539250,-6.061632,100
153,170,2.689250,-6.061632,100
243,170,7.189250,-6.061632,100
244,170,7.239250,-6.061632,100
246,170,7.339250,-6.061632,100
304,170,10.239250,-6.061632,100
305,170,10.289250,-6.061632,100
307,170,10.389250,-6.061632,100
308,170,10.439250,-6.061632,100
360,170,13.039250,-6.061632,100
361,170,13.089250,-6.061632,100
364,170,13.239250,-6.061632,100
365,170,13.289250,-6.061632,100
439,170,16.989250,-6.061632,100
441,170,17.089250,-6.061632,100
507,170,20.389250,-6.061632,100
509,170,20.489250,-6.061632,100
149,171,2.489250,-6.011632,100
152,171,2.639250,-6.011632,100
242,171,7.139250,-6.011632,100
245,171,7.289250,-6.011632,100
306,171,10.339250,-6.011632,100
307,171,10.389250,-6.011632,100
309,171,10.489250,-6.011632,100
310,171,10.539250,-6.011632,100
358,171,12.939250,-6.011632,100
359,171,12.989250,-6.011632,100
362,171,13.139250,-6.011632,100
363,171,13.189250,-6.011632,100
439,171,16.989250,-6.011632,100
440,171,17.039250,-6.011632,100
507,171,20.389250,-6.011632,100
508,171,20.439250,-6.011632,100
148,172,2.439250,-5.961632,100
151,172,2.589250,-5.961632,100
241,172,7.089250,-5.961632,100
243,172,7.189250,-5.961632,100
244,172,7.239250,-5.961632,100
308,172,10.439250,-5.961632,100
309,172,10.489250,-5.961632,100
311,172,10.589250,-5.961632,100
312,172,10.639250,-5.961632,100
356,172,12.839250,-5.961632,100
357,172,12.889250,-5.961632,100
360,172,13.039250,-5.961632,100
361,172,13.089250,-5.961632,100
438,172,16.939250,-5.961632,100
440,172,17.039250,-5.961632,100
507,172,20.389250,-5.961632,100
508,172,20.439250,-5.961632,100
148,173,2.439250,-5.911632,100
150,173,2.539250,-5.911632,100
240,173,7.039250,-5.911632,100
242,173,7.139250,-5.911632,100
310,173,10.539250,-5.911632,100
311,173,10.589250,-5.911632,100
312,173,10.639250,-5.911632,100
313,173,10.689250,-5.911632,100
314,173,10.739250,-5.911632,100
315,173,10.789250,-5.911632,100
353,173,12.689250,-5.911632,100
354,173,12.739250,-5.911632,100
355,173,12.789250,-5.911632,100
358,173,12.939250,-5.911632,100
359,173,12.989250,-5.911632,100
437,173,16.889250,-5.911632,100
439,173,16.989250,-5.911632,100
507,173,20.389250,-5.911632,100
508,173,20.439250,-5.911632,100
147,174,2.389250,-5.861632,100
149,174,2.489250,-5.861632,100
238,174,6.939250,-5.861632,100
239,174,6.989250,-5.861632,100
241,174,7.089250,-5.861632,100
313,174,10.689250,-5.861632,100
314,174,10.739250,-5.861632,100
315,174,10.789250,-5.861632,100
316,174,10.839250,-5.861632,100
317,174,10.889250,-5.861632,100
318,174,10.939250,-5.861632,100
319,174,10.989250,-5.861632,100
349,174,12.489250,-5.861632,100
350,174,12.539250,-5.861632,100
351,174,12.589250,-5.861632,100
352,174,12.639250,-5.861632,100
355,174,12.789250,-5.861632,100
356,174,12.839250,-5.861632,100
357,174,12.889250,-5.861632,100
437,174,16.889250,-5.861632,100
438,174,16.939250,-5.861632,100
506,174,20.339250,-5.861632,100
508,174,20.439250,-5.861632,100
146,175,2.339250,-5.811632,100
148,175,2.439250,-5.811632,100
237,175,6.889250,-5.811632,100
240,175,7.039250,-5.811632,100
316,175,10.839250,-5.811632,100
317,175,10.889250,-5.811632,100
318,175,10.939250,-5.811632,100
320,175,11.039250,-5.811632,100
321,175,11.089250,-5.811632,100
322,175,11.139250,-5.811632,100
323,175,11.189250,-5.811632,100
345,175,12.289250,-5.811632,100
346,175,12.339250,-5.811632,100
347,175,12.389250,-5.811632,100
348,175,12.439250,-5.811632,100
352,175,12.639250,-5.811632,100
353,175,12.689250,-5.811632,100
354,175,12.739250,-5.811632,100
436,175,16.839250,-5.811632,100
438,175,16.939250,-5.811632,100
506,175,20.339250,-5.811632,100
507,175,20.389250,-5.811632,100
145,176,2.289250,-5.761632,100
148,176,2.439250,-5.761632,100
236,176,6.839250,-5.761632,100
238,176,6.939250,-5.761632,100
239,176,6.989250,-5.761632,100
319,176,10.989250,-5.761632,100
320,176,11.039250,-5.761632,100
321,176,11.089250,-5.761632,100
322,176,11.139250,-5.761632,100
323,176,11.189250,-5.761632,100
324,176,11.239250,-5.761632,100
325,176,11.289250,-5.761632,100
326,176,11.339250,-5.761632,100
327,176,11.389250,-5.761632,100
328,176,11.439250,-5.761632,100
329,176,11.489250,-5.761632,100
330,176,11.539250,-5.761632,100
331,176,11.589250,-5.761632,100
332,176,11.639250,-5.761632,100
333,176,11.689250,-5.761632,100
334,176,11.739250,-5.761632,100
335,176,11.789250,-5.761632,100
336,176,11.839250,-5.761632,100
337,176,11.889250,-5.761632,100
338,176,11.939250,-5.761632,100
339,176,11.989250,-5.761632,100
340,176,12.039250,-5.761632,100
341,176,12.089250,-5.761632,100
342,176,12.139250,-5.761632,100
343,176,12.189250,-5.761632,100
344,176,12.239250,-5.761632,100
347,176,12.389250,-5.761632,100
348,176,12.439250,-5.761632,100
349,176,12.489250,-5.761632,100
350,176,12.539250,-5.761632,100
351,176,12.589250,-5.761632,100
436,176,16.839250,-5.761632,100
437,176,16.889250,-5.761632,100
506,176,20.339250,-5.761632,100
507,176,20.389250,-5.761632,100
145,177,2.289250,-5.711632,100
147,177,2.389250,-5.711632,100
235,177,6.789250,-5.711632,100
237,177,6.889250,-5.711632,100
324,177,11.239250,-5.711632,100
325,177,11.289250,-5.711632,100
326,177,11.339250,-5.711632,100
327,177,11.389250,-5.711632,100
328,177,11.439250,-5.711632,100
329,177,11.489250,-5.711632,100
330,177,11.539250,-5.711632,100
331,177,11.589250,-5.711632,100
332,177,11.639250,-5.711632,100
333,177,11.689250,-5.711632,100
334,177,11.739250,-5.711632,100
335,177,11.789250,-5.711632,100
336,177,11.839250,-5.711632,100
337,177,11.889250,-5.711632,100
338,177,11.939250,-5.711632,100
339,177,11.989250,-5.711632,100
340,177,12.039250,-5.711632,100
341,177,12.089250,-5.711632,100
342,177,12.139250,-5.711632,100
343,177,12.189250,-5.711632,100
344,177,12.239250,-5.711632,100
345,177,12.289250,-5.711632,100
346,177,12.339250,-5.711632,100
435,177,16.789250,-5.711632,100
437,177,16.889250,-5.711632,100
505,177,20.289250,-5.711632,100
507,177,20.389250,-5.711632,100
144,178,2.239250,-5.661632,100
146,178,2.339250,-5.661632,100
234,178,6.739250,-5.661632,100
236,178,6.839250,-5.661632,100
435,178,16.789250,-5.661632,100
436,178,16.839250,-5.661632,100
505,178,20.289250,-5.661632,100
507,178,20.389250,-5.661632,100
143,179,2.189250,-5.611632,100
145,179,2.289250,-5.611632,100
232,179,6.639250,-5.611632,100
233,179,6.689250,-5.611632,100
234,179,6.739250,-5.611632,100
235,179,6.789250,-5.611632,100
434,179,16.739250,-5.611632,100
437,179,16.889250,-5.611632,100
505,179,20.289250,-5.611632,100
506,179,20.339250,-5.611632,100
143,180,2.189250,-5.561632,100
145,180,2.289250,-5.561632,100
231,180,6.589250,-5.561632,100
233,180,6.689250,-5.561632,100
434,180,16.739250,-5.561632,100
436,180,16.839250,-5.561632,100
504,180,20.239250,-5.561632,100
506,180,20.339250,-5.561632,100
142,181,2.139250,-5.511632,100
144,181,2.239250,-5.511632,100
230,181,6.539250,-5.511632,100
232,181,6.639250,-5.511632,100
433,181,16.689250,-5.511632,100
435,181,16.789250,-5.511632,100
504,181,20.239250,-5.511632,100
506,181,20.339250,-5.511632,100
142,182,2.139250,-5.461632,100
143,182,2.189250,-5.461632,100
229,182,6.489250,-5.461632,100
230,182,6.539250,-5.461632,100
231,182,6.589250,-5.461632,100
433,182,16.689250,-5.461632,100
435,182,16.789250,-5.461632,100
503,182,20.189250,-5.461632,100
505,182,20.289250,-5.461632,100
141,183,2.089250,-5.411632,100
143,183,2.189250,-5.411632,100
227,183,6.389250,-5.411632,100
228,183,6.439250,-5.411632,100
229,183,6.489250,-5.411632,100
433,183,16.689250,-5.411632,100
435,183,16.789250,-5.411632,100
503,183,20.189250,-5.411632,100
505,183,20.289250,-5.411632,100
141,184,2.089250,-5.361632,100
142,184,2.139250,-5.361632,100
226,184,6.339250,-5.361632,100
228,184,6.439250,-5.361632,100
432,184,16.639250,-5.361632,100
434,184,16.739250,-5.361632,100
502,184,20.139250,-5.361632,100
504,184,20.239250,-5.361632,100
140,185,2.039250,-5.311632,100
142,185,2.139250,-5.311632,100
225,185,6.289250,-5.311632,100
226,185,6.339250,-5.311632,100
227,185,6.389250,-5.311632,100
432,185,16.639250,-5.311632,100
434,185,16.739250,-5.311632,100
502,185,20.139250,-5.311632,100
504,185,20.239250,-5.311632,100
140,186,2.039250,-5.261632,100
141,186,2.089250,-5.261632,100
224,186,6.239250,-5.261632,100
225,186,6.289250,-5.261632,100
432,186,16.639250,-5.261632,100
434,186,16.739250,-5.261632,100
501,186,20.089250,-5.261632,100
504,186,20.239250,-5.261632,100
139,187,1.989250,-5.211632,100
141,187,2.089250,-5.211632,100
223,187,6.189250,-5.211632,100
224,187,6.239250,-5.211632,100
431,187,16.589250,-5.211632,100
433,187,16.689250,-5.211632,100
501,187,20.089250,-5.211632,100
503,187,20.189250,-5.211632,100
137,188,1.889250,-5.161632,100
139,188,1.989250,-5.161632,100
140,188,2.039250,-5.161632,100
221,188,6.089250,-5.161632,100
222,188,6.139250,-5.161632,100
223,188,6.189250,-5.161632,100
431,188,16.589250,-5.161632,100
433,188,16.689250,-5.161632,100
500,188,20.039250,-5.161632,100
503,188,20.189250,-5.161632,100
137,189,1.889250,-5.111632,100
138,189,1.939250,-5.111632,100
140,189,2.039250,-5.111632,100
220,189,6.039250,-5.111632,100
221,189,6.089250,-5.111632,100
222,189,6.139250,-5.111632,100
431,189,16.589250,-5.111632,100
433,189,16.689250,-5.111632,100
499,189,19.989250,-5.111632,100
502,189,20.139250,-5.111632,100
137,190,1.889250,-5.061632,100
140,190,2.039250,-5.061632,100
219,190,5.989250,-5.061632,100
220,190,6.039250,-5.061632,100
431,190,16.589250,-5.061632,100
432,190,16.639250,-5.061632,100
498,190,19.939250,-5.061632,100
502,190,20.139250,-5.061632,100
136,191,1.839250,-5.011632,100
139,191,1.989250,-5.011632,100
218,191,5.939250,-5.011632,100
219,191,5.989250,-5.011632,100
431,191,16.589250,-5.011632,100
432,191,16.639250,-5.011632,100
498,191,19.939250,-5.011632,100
501,191,20.089250,-5.011632,100
136,192,1.839250,-4.961632,100
139,192,1.989250,-4.961632,100
216,192,5.839250,-4.961632,100
217,192,5.889250,-4.961632,100
218,192,5.939250,-4.961632,100
430,192,16.539250,-4.961632,100
432,192,16.639250,-4.961632,100
497,192,19.889250,-4.961632,100
500,192,20.039250,-4.961632,100
136,193,1.839250,-4.911632,100
139,193,1.989250,-4.911632,100
215,193,5.789250,-4.911632,100
216,193,5.839250,-4.911632,100
217,193,5.889250,-4.911632,100
430,193,16.539250,-4.911632,100
432,193,16.639250,-4.911632,100
496,193,19.839250,-4.911632,100
500,193,20.039250,-4.911632,100
135,194,1.789250,-4.861632,100
138,194,1.939250,-4.861632,100
214,194,5.739250,-4.861632,100
215,194,5.789250,-4.861632,100
430,194,16.539250,-4.861632,100
431,194,16.589250,-4.861632,100
496,194,19.839250,-4.861632,100
499,194,19.989250,-4.861632,100
135,195,1.789250,-4.811632,100
138,195,1.939250,-4.811632,100
213,195,5.689250,-4.811632,100
214,195,5.739250,-4.811632,100
430,195,16.539250,-4.811632,100
431,195,16.589250,-4.811632,100
495,195,19.789250,-4.811632,100
498,195,19.939250,-4.811632,100
135,196,1.789250,-4.761632,100
138,196,1.939250,-4.761632,100
211,196,5.589250,-4.761632,100
212,196,5.639250,-4.761632,100
213,196,5.689250,-4.761632,100
430,196,16.539250,-4.761632,100
431,196,16.589250,-4.761632,100
494,196,19.739250,-4.761632,100
498,196,19.939250,-4.761632,100
134,197,1.739250,-4.711632,100
137,197,1.889250,-4.711632,100
210,197,5.539250,-4.711632,100
211,197,5.589250,-4.711632,100
212,197,5.639250,-4.711632,100
430,197,16.539250,-4.711632,100
431,197,16.589250,-4.711632,100
493,197,19.689250,-4.711632,100
497,197,19.889250,-4.711632,100
134,198,1.739250,-4.661632,100
137,198,1.889250,-4.661632,100
209,198,5.489250,-4.661632,100
210,198,5.539250,-4.661632,100
429,198,16.489250,-4.661632,100
431,198,16.589250,-4.661632,100
492,198,19.639250,-4.661632,100
496,198,19.839250,-4.661632,100
134,199,1.739250,-4.611632,100
137,199,1.889250,-4.611632,100
207,199,5.389250,-4.611632,100
208,199,5.439250,-4.611632,100
209,199,5.489250,-4.611632,100
429,199,16.489250,-4.611632,100
431,199,16.589250,-4.611632,100
491,199,19.589250,-4.611632,100
495,199,19.789250,-4.611632,100
134,200,1.739250,-4.561632,100
137,200,1.889250,-4.561632,100
206,200,5.339250,-4.561632,100
208,200,5.439250,-4.561632,100
429,200,16.489250,-4.561632,100
431,200,16.589250,-4.561632,100
490,200,19.539250,-4.561632,100
494,200,19.739250,-4.561632,100
134,201,1.739250,-4.511632,100
137,201,1.889250,-4.511632,100
205,201,5.289250,-4.511632,100
206,201,5.339250,-4.511632,100
207,201,5.389250,-4.511632,100
429,201,16.489250,-4.511632,100
430,201,16.539250,-4.511632,100
489,201,19.489250,-4.511632,100
494,201,19.739250,-4.511632,100
133,202,1.689250,-4.461632,100
136,202,1.839250,-4.461632,100
203,202,5.189250,-4.461632,100
204,202,5.239250,-4.461632,100
205,202,5.289250,-4.461632,100
429,202,16.489250,-4.461632,100
430,202,16.539250,-4.461632,100
488,202,19.439250,-4.461632,100
493,202,19.689250,-4.461632,100
133,203,1.689250,-4.411632,100
136,203,1.839250,-4.411632,100
202,203,5.139250,-4.411632,100
204,203,5.239250,-4.411632,100
429,203,16.489250,-4.411632,100
430,203,16.539250,-4.411632,100
487,203,19.389250,-4.411632,100
492,203,19.639250,-4.411632,100
133,204,1.689250,-4.361632,100
136,204,1.839250,-4.361632,100
201,204,5.089250,-4.361632,100
203,204,5.189250,-4.361632,100
429,204,16.489250,-4.361632,100
430,204,16.539250,-4.361632,100
488,204,19.439250,-4.361632,100
491,204,19.589250,-4.361632,100
133,205,1.689250,-4.311632,100
136,205,1.839250,-4.311632,100
199,205,4.989250,-4.311632,100
200,205,5.039250,-4.311632,100
202,205,5.139250,-4.311632,100
429,205,16.489250,-4.311632,100
430,205,16.539250,-4.311632,100
488,205,19.439250,-4.311632,100
490,205,19.539250,-4.311632,100
133,206,1.689250,-4.261632,100
136,206,1.839250,-4.261632,100
198,206,4.939250,-4.261632,100
200,206,5.039250,-4.261632,100
201,206,5.089250,-4.261632,100
429,206,16.489250,-4.261632,100
430,206,16.539250,-4.261632,100
489,206,19.489250,-4.261632,100
491,206,19.589250,-4.261632,100
133,207,1.689250,-4.211632,100
136,207,1.839250,-4.211632,100
197,207,4.889250,-4.211632,100
199,207,4.989250,-4.211632,100
429,207,16.489250,-4.211632,100
430,207,16.539250,-4.211632,100
490,207,19.539250,-4.211632,100
491,207,19.589250,-4.211632,100
133,208,1.689250,-4.161632,100
136,208,1.839250,-4.161632,100
195,208,4.789250,-4.161632,100
196,208,4.839250,-4.161632,100
197,208,4.889250,-4.161632,100
198,208,4.939250,-4.161632,100
429,208,16.489250,-4.161632,100
430,208,16.539250,-4.161632,100
491,208,19.589250,-4.161632,100
492,208,19.639250,-4.161632,100
133,209,1.689250,-4.111632,100
136,209,1.839250,-4.111632,100
194,209,4.739250,-4.111632,100
196,209,4.839250,-4.111632,100
429,209,16.489250,-4.111632,100
430,209,16.539250,-4.111632,100
491,209,19.589250,-4.111632,100
493,209,19.689250,-4.111632,100
133,210,1.689250,-4.061632,100
136,210,1.839250,-4.061632,100
194,210,4.739250,-4.061632,100
195,210,4.789250,-4.061632,100
430,210,16.539250,-4.061632,100
492,210,19.639250,-4.061632,100
494,210,19.739250,-4.061632,100
133,211,1.689250,-4.011632,100
136,211,1.839250,-4.011632,100
194,211,4.739250,-4.011632,100
196,211,4.839250,-4.011632,100
430,211,16.539250,-4.011632,100
493,211,19.689250,-4.011632,100
495,211,19.789250,-4.011632,100
133,212,1.689250,-3.961632,100
136,212,1.839250,-3.961632,100
194,212,4.739250,-3.961632,100
195,212,4.789250,-3.961632,100
196,212,4.839250,-3.961632,100
197,212,4.889250,-3.961632,100
198,212,4.939250,-3.961632,100
199,212,4.989250,-3.961632,100
200,212,5.039250,-3.961632,100
201,212,5.089250,-3.961632,100
202,212,5.139250,-3.961632,100
203,212,5.189250,-3.961632,100
430,212,16.539250,-3.961632,100
431,212,16.589250,-3.961632,100
494,212,19.739250,-3.961632,100
496,212,19.839250,-3.961632,100
133,213,1.689250,-3.911632,100
136,213,1.839250,-3.911632,100
199,213,4.989250,-3.911632,100
200,213,5.039250,-3.911632,100
201,213,5.089250,-3.911632,100
202,213,5.139250,-3.911632,100
203,213,5.189250,-3.911632,100
204,213,5.239250,-3.911632,100
205,213,5.289250,-3.911632,100
206,213,5.339250,-3.911632,100
207,213,5.389250,-3.911632,100
208,213,5.439250,-3.911632,100
209,213,5.489250,-3.911632,100
210,213,5.539250,-3.911632,100
211,213,5.589250,-3.911632,100
212,213,5.639250,-3.911632,100
430,213,16.539250,-3.911632,100
431,213,16.589250,-3.911632,100
495,213,19.789250,-3.911632,100
496,213,19.839250,-3.911632,100
133,214,1.689250,-3.861632,100
136,214,1.839250,-3.861632,100
210,214,5.539250,-3.861632,100
211,214,5.589250,-3.861632,100
212,214,5.639250,-3.861632,100
213,214,5.689250,-3.861632,100
214,214,5.739250,-3.861632,100
215,214,5.789250,-3.861632,100
216,214,5.839250,-3.861632,100
217,214,5.889250,-3.861632,100
218,214,5.939250,-3.861632,100
219,214,5.989250,-3.861632,100
220,214,6.039250,-3.861632,100
221,214,6.089250,-3.861632,100
222,214,6.139250,-3.861632,100
223,214,6.189250,-3.861632,100
224,214,6.239250,-3.861632,100
430,214,16.539250,-3.861632,100
431,214,16.589250,-3.861632,100
496,214,19.839250,-3.861632,100
497,214,19.889250,-3.861632,100
133,215,1.689250,-3.811632,100
136,215,1.839250,-3.811632,100
220,215,6.039250,-3.811632,100
221,215,6.089250,-3.811632,100
222,215,6.139250,-3.811632,100
223,215,6.189250,-3.811632,100
224,215,6.239250,-3.811632,100
225,215,6.289250,-3.811632,100
226,215,6.339250,-3.811632,100
227,215,6.389250,-3.811632,100
228,215,6.439250,-3.811632,100
229,215,6.489250,-3.811632,100
230,215,6.539250,-3.811632,100
231,215,6.589250,-3.811632,100
232,215,6.639250,-3.811632,100
233,215,6.689250,-3.811632,100
234,215,6.739250,-3.811632,100
235,215,6.789250,-3.811632,100
236,215,6.839250,-3.811632,100
430,215,16.539250,-3.811632,100
431,215,16.589250,-3.811632,100
497,215,19.889250,-3.811632,100
498,215,19.939250,-3.811632,100
132,216,1.639250,-3.761632,100
136,216,1.839250,-3.761632,100
234,216,6.739250,-3.761632,100
235,216,6.789250,-3.761632,100
236,216,6.839250,-3.761632,100
237,216,6.889250,-3.761632,100
238,216,6.939250,-3.761632,100
239,216,6.989250,-3.761632,100
240,216,7.039250,-3.761632,100
241,216,7.089250,-3.761632,100
242,216,7.139250,-3.761632,100
243,216,7.189250,-3.761632,100
244,216,7.239250,-3.761632,100
245,216,7.289250,-3.761632,100
246,216,7.339250,-3.761632,100
247,216,7.389250,-3.761632,100
248,216,7.439250,-3.761632,100
430,216,16.539250,-3.761632,100
431,216,16.589250,-3.761632,100
497,216,19.889250,-3.761632,100
499,216,19.989250,-3.761632,100
133,217,1.689250,-3.711632,100
136,217,1.839250,-3.711632,100
245,217,7.289250,-3.711632,100
246,217,7.339250,-3.711632,100
247,217,7.389250,-3.711632,100
248,217,7.439250,-3.711632,100
249,217,7.489250,-3.711632,100
250,217,7.539250,-3.711632,100
251,217,7.589250,-3.711632,100
252,217,7.639250,-3.711632,100
253,217,7.689250,-3.711632,100
254,217,7.739250,-3.711632,100
255,217,7.789250,-3.711632,100
256,217,7.839250,-3.711632,100
257,217,7.889250,-3.711632,100
258,217,7.939250,-3.711632,100
259,217,7.989250,-3.711632,100
260,217,8.039250,-3.711632,100
430,217,16.539250,-3.711632,100
431,217,16.589250,-3.711632,100
498,217,19.939250,-3.711632,100
500,217,20.039250,-3.711632,100
133,218,1.689250,-3.661632,100
136,218,1.839250,-3.661632,100
254,218,7.739250,-3.661632,100
256,218,7.839250,-3.661632,100
257,218,7.889250,-3.661632,100
258,218,7.939250,-3.661632,100
259,218,7.989250,-3.661632,100
260,218,8.039250,-3.661632,100
261,218,8.089250,-3.661632,100
262,218,8.139250,-3.661632,100
263,218,8.189250,-3.661632,100
264,218,8.239250,-3.661632,100
265,218,8.289250,-3.661632,100
266,218,8.339250,-3.661632,100
267,218,8.389250,-3.661632,100
268,218,8.439250,-3.661632,100
269,218,8.489250,-3.661632,100
270,218,8.539250,-3.661632,100
271,218,8.589250,-3.661632,100
431,218,16.589250,-3.661632,100
432,218,16.639250,-3.661632,100
499,218,19.989250,-3.661632,100
501,218,20.089250,-3.661632,100
133,219,1.689250,-3.611632,100
136,219,1.839250,-3.611632,100
266,219,8.339250,-3.611632,100
267,219,8.389250,-3.611632,100
268,219,8.439250,-3.611632,100
269,219,8.489250,-3.611632,100
270,219,8.539250,-3.611632,100
271,219,8.589250,-3.611632,100
272,219,8.639250,-3.611632,100
273,219,8.689250,-3.611632,100
274,219,8.739250,-3.611632,100
275,219,8.789250,-3.611632,100
276,219,8.839250,-3.611632,100
277,219,8.889250,-3.611632,100
278,219,8.939250,-3.611632,100
279,219,8.989250,-3.611632,100
280,219,9.039250,-3.611632,100
281,219,9.089250,-3.611632,100
282,219,9.139250,-3.611632,100
283,219,9.189250,-3.611632,100
431,219,16.589250,-3.611632,100
432,219,16.639250,-3.611632,100
500,219,20.039250,-3.611632,100
501,219,20.089250,-3.611632,100
133,220,1.689250,-3.561632,100
136,220,1.839250,-3.561632,100
276,220,8.839250,-3.561632,100
277,220,8.889250,-3.561632,100
278,220,8.939250,-3.561632,100
279,220,8.989250,-3.561632,100
280,220,9.039250,-3.561632,100
281,220,9.089250,-3.561632,100
282,220,9.139250,-3.561632,100
283,220,9.189250,-3.561632,100
284,220,9.239250,-3.561632,100
285,220,9.289250,-3.561632,100
286,220,9.339250,-3.561632,100
287,220,9.389250,-3.561632,100
288,220,9.439250,-3.561632,100
289,220,9.489250,-3.561632,100
290,220,9.539250,-3.561632,100
291,220,9.589250,-3.561632,100
292,220,9.639250,-3.561632,100
293,220,9.689250,-3.561632,100
294,220,9.739250,-3.561632,100
295,220,9.789250,-3.561632,100
431,220,16.589250,-3.561632,100
432,220,16.639250,-3.561632,100
501,220,20.089250,-3.561632,100
502,220,20.139250,-3.561632,100
134,221,1.739250,-3.511632,100
136,221,1.839250,-3.511632,100
288,221,9.439250,-3.511632,100
289,221,9.489250,-3.511632,100
290,221,9.539250,-3.511632,100
291,221,9.589250,-3.511632,100
292,221,9.639250,-3.511632,100
293,221,9.689250,-3.511632,100
294,221,9.739250,-3.511632,100
295,221,9.789250,-3.511632,100
296,221,9.839250,-3.511632,100
297,221,9.889250,-3.511632,100
298,221,9.939250,-3.511632,100
299,221,9.989250,-3.511632,100
300,221,10.039250,-3.511632,100
301,221,10.089250,-3.511632,100
302,221,10.139250,-3.511632,100
303,221,10.189250,-3.511632,100
304,221,10.239250,-3.511632,100
305,221,10.289250,-3.511632,100
306,221,10.339250,-3.511632,100
307,221,10.389250,-3.511632,100
431,221,16.589250,-3.511632,100
432,221,16.639250,-3.511632,100
502,221,20.139250,-3.511632,100
503,221,20.189250,-3.511632,100
134,222,1.739250,-3.461632,100
137,222,1.889250,-3.461632,100
301,222,10.089250,-3.461632,100
302,222,10.139250,-3.461632,100
303,222,10.189250,-3.461632,100
304,222,10.239250,-3.461632,100
305,222,10.289250,-3.461632,100
306,222,10.339250,-3.461632,100
307,222,10.389250,-3.461632,100
308,222,10.439250,-3.461632,100
309,222,10.489250,-3.461632,100
310,222,10.539250,-3.461632,100
311,222,10.589250,-3.461632,100
312,222,10.639250,-3.461632,100
313,222,10.689250,-3.461632,100
314,222,10.739250,-3.461632,100
315,222,10.789250,-3.461632,100
316,222,10.839250,-3.461632,100
317,222,10.889250,-3.461632,100
318,222,10.939250,-3.461632,100
319,222,10.989250,-3.461632,100
320,222,11.039250,-3.461632,100
321,222,11.089250,-3.461632,100
322,222,11.139250,-3.461632,100
432,222,16.639250,-3.461632,100
433,222,16.689250,-3.461632,100
502,222,20.139250,-3.461632,100
504,222,20.239250,-3.461632,100
134,223,1.739250,-3.411632,100
137,223,1.889250,-3.411632,100
313,223,10.689250,-3.411632,100
314,223,10.739250,-3.411632,100
315,223,10.789250,-3.411632,100
316,223,10.839250,-3.411632,100
317,223,10.889250,-3.411632,100
318,223,10.939250,-3.411632,100
319,223,10.989250,-3.411632,100
320,223,11.039250,-3.411632,100
321,223,11.089250,-3.411632,100
322,223,11.139250,-3.411632,100
323,223,11.189250,-3.411632,100
324,223,11.239250,-3.411632,100
325,223,11.289250,-3.411632,100
326,223,11.339250,-3.411632,100
327,223,11.389250,-3.411632,100
328,223,11.439250,-3.411632,100
329,223,11.489250,-3.411632,100
330,223,11.539250,-3.411632,100
331,223,11.589250,-3.411632,100
332,223,11.639250,-3.411632,100
333,223,11.689250,-3.411632,100
334,223,11.739250,-3.411632,100
432,223,16.639250,-3.411632,100
433,223,16.689250,-3.411632,100
503,223,20.189250,-3.411632,100
505,223,20.289250,-3.411632,100
134,224,1.739250,-3.361632,100
137,224,1.889250,-3.361632,100
326,224,11.339250,-3.361632,100
327,224,11.389250,-3.361632,100
328,224,11.439250,-3.361632,100
329,224,11.489250,-3.361632,100
330,224,11.539250,-3.361632,100
331,224,11.589250,-3.361632,100
332,224,11.639250,-3.361632,100
333,224,11.689250,-3.361632,100
334,224,11.739250,-3.361632,100
335,224,11.789250,-3.361632,100
336,224,11.839250,-3.361632,100
337,224,11.889250,-3.361632,100
338,224,11.939250,-3.361632,100
339,224,11.989250,-3.361632,100
340,224,12.039250,-3.361632,100
341,224,12.089250,-3.361632,100
342,224,12.139250,-3.361632,100
343,224,12.189250,-3.361632,100
432,224,16.639250,-3.361632,100
433,224,16.689250,-3.361632,100
504,224,20.239250,-3.361632,100
505,224,20.289250,-3.361632,100
134,225,1.739250,-3.311632,100
137,225,1.889250,-3.311632,100
335,225,11.789250,-3.311632,100
336,225,11.839250,-3.311632,100
337,225,11.889250,-3.311632,100
338,225,11.939250,-3.311632,100
339,225,11.989250,-3.311632,100
340,225,12.039250,-3.311632,100
341,225,12.089250,-3.311632,100
342,225,12.139250,-3.311632,100
343,225,12.189250,-3.311632,100
344,225,12.239250,-3.311632,100
345,225,12.289250,-3.311632,100
346,225,12.339250,-3.311632,100
347,225,12.389250,-3.311632,100
348,225,12.439250,-3.311632,100
349,225,12.489250,-3.311632,100
433,225,16.689250,-3.311632,100
434,225,16.739250,-3.311632,100
505,225,20.289250,-3.311632,100
506,225,20.339250,-3.311632,100
135,226,1.789250,-3.261632,100
138,226,1.939250,-3.261632,100
345,226,12.289250,-3.261632,100
346,226,12.339250,-3.261632,100
347,226,12.389250,-3.261632,100
348,226,12.439250,-3.261632,100
349,226,12.489250,-3.261632,100
350,226,12.539250,-3.261632,100
351,226,12.589250,-3.261632,100
352,226,12.639250,-3.261632,100
353,226,12.689250,-3.261632,100
433,226,16.689250,-3.261632,100
434,226,16.739250,-3.261632,100
506,226,20.339250,-3.261632,100
507,226,20.389250,-3.261632,100
135,227,1.789250,-3.211632,100
138,227,1.939250,-3.211632,100
351,227,12.589250,-3.211632,100
352,227,12.639250,-3.211632,100
353,227,12.689250,-3.211632,100
354,227,12.739250,-3.211632,100
355,227,12.789250,-3.211632,100
356,227,12.839250,-3.211632,100
357,227,12.889250,-3.211632,100
434,227,16.739250,-3.211632,100
435,227,16.789250,-3.211632,100
507,227,20.389250,-3.211632,100
508,227,20.439250,-3.211632,100
135,228,1.789250,-3.161632,100
138,228,1.939250,-3.161632,100
355,228,12.789250,-3.161632,100
356,228,12.839250,-3.161632,100
357,228,12.889250,-3.161632,100
358,228,12.939250,-3.161632,100
359,228,12.989250,-3.161632,100
360,228,13.039250,-3.161632,100
361,228,13.089250,-3.161632,100
434,228,16.739250,-3.161632,100
435,228,16.789250,-3.161632,100
507,228,20.389250,-3.161632,100
509,228,20.489250,-3.161632,100
135,229,1.789250,-3.111632,100
138,229,1.939250,-3.111632,100
359,229,12.989250,-3.111632,100
360,229,13.039250,-3.111632,100
361,229,13.089250,-3.111632,100
362,229,13.139250,-3.111632,100
363,229,13.189250,-3.111632,100
364,229,13.239250,-3.111632,100
434,229,16.739250,-3.111632,100
435,229,16.789250,-3.111632,100
508,229,20.439250,-3.111632,100
510,229,20.539250,-3.111632,100
136,230,1.839250,-3.061632,100
139,230,1.989250,-3.061632,100
362,230,13.139250,-3.061632,100
363,230,13.189250,-3.061632,100
364,230,13.239250,-3.061632,100
365,230,13.289250,-3.061632,100
366,230,13.339250,-3.061632,100
367,230,13.389250,-3.061632,100
435,230,16.789250,-3.061632,100
436,230,16.839250,-3.061632,100
509,230,20.489250,-3.061632,100
510,230,20.539250,-3.061632,100
136,231,1.839250,-3.011632,100
139,231,1.989250,-3.011632,100
366,231,13.339250,-3.011632,100
367,231,13.389250,-3.011632,100
368,231,13.439250,-3.011632,100
369,231,13.489250,-3.011632,100
435,231,16.789250,-3.011632,100
437,231,16.889250,-3.011632,100
510,231,20.539250,-3.011632,100
511,231,20.589250,-3.011632,100
136,232,1.839250,-2.961632,100
139,232,1.989250,-2.961632,100
368,232,13.439250,-2.961632,100
369,232,13.489250,-2.961632,100
370,232,13.539250,-2.961632,100
371,232,13.589250,-2.961632,100
372,232,13.639250,-2.961632,100
435,232,16.789250,-2.961632,100
437,232,16.889250,-2.961632,100
511,232,20.589250,-2.961632,100
512,232,20.639250,-2.961632,100
137,233,1.889250,-2.911632,100
140,233,2.039250,-2.911632,100
371,233,13.589250,-2.911632,100
372,233,13.639250,-2.911632,100
373,233,13.689250,-2.911632,100
374,233,13.739250,-2.911632,100
436,233,16.839250,-2.911632,100
438,233,16.939250,-2.911632,100
511,233,20.589250,-2.911632,100
513,233,20.689250,-2.911632,100
137,234,1.889250,-2.861632,100
140,234,2.039250,-2.861632,100
373,234,13.689250,-2.861632,100
374,234,13.739250,-2.861632,100
375,234,13.789250,-2.861632,100
376,234,13.839250,-2.861632,100
436,234,16.839250,-2.861632,100
438,234,16.939250,-2.861632,100
512,234,20.639250,-2.861632,100
514,234,20.739250,-2.861632,100
138,235,1.939250,-2.811632,100
141,235,2.089250,-2.811632,100
375,235,13.789250,-2.811632,100
376,235,13.839250,-2.811632,100
377,235,13.889250,-2.811632,100
378,235,13.939250,-2.811632,100
437,235,16.889250,-2.811632,100
439,235,16.989250,-2.811632,100
513,235,20.689250,-2.811632,100
515,235,20.789250,-2.811632,100
138,236,1.939250,-2.761632,100
141,236,2.089250,-2.761632,100
378,236,13.939250,-2.761632,100
379,236,13.989250,-2.761632,100
380,236,14.039250,-2.761632,100
438,236,16.939250,-2.761632,100
439,236,16.989250,-2.761632,100
514,236,20.739250,-2.761632,100
516,236,20.839250,-2.761632,100
139,237,1.989250,-2.711632,100
142,237,2.139250,-2.711632,100
380,237,14.039250,-2.711632,100
381,237,14.089250,-2.711632,100
382,237,14.139250,-2.711632,100
438,237,16.939250,-2.711632,100
440,237,17.039250,-2.711632,100
515,237,20.789250,-2.711632,100
516,237,20.839250,-2.711632,100
139,238,1.989250,-2.661632,100
142,238,2.139250,-2.661632,100
381,238,14.089250,-2.661632,100
382,238,14.139250,-2.661632,100
383,238,14.189250,-2.661632,100
384,238,14.239250,-2.661632,100
439,238,16.989250,-2.661632,100
441,238,17.089250,-2.661632,100
516,238,20.839250,-2.661632,100
517,238,20.889250,-2.661632,100
139,239,1.989250,-2.611632,100
143,239,2.189250,-2.611632,100
383,239,14.189250,-2.611632,100
384,239,14.239250,-2.611632,100
385,239,14.289250,-2.611632,100
386,239,14.339250,-2.611632,100
439,239,16.989250,-2.611632,100
442,239,17.139250,-2.611632,100
516,239,20.839250,-2.611632,100
518,239,20.939250,-2.611632,100
140,240,2.039250,-2.561632,100
143,240,2.189250,-2.561632,100
385,240,14.289250,-2.561632,100
386,240,14.339250,-2.561632,100
387,240,14.389250,-2.561632,100
440,240,17.039250,-2.561632,100
442,240,17.139250,-2.561632,100
517,240,20.889250,-2.561632,100
519,240,20.989250,-2.561632,100
141,241,2.089250,-2.511632,100
144,241,2.239250,-2.511632,100
387,241,14.389250,-2.511632,100
388,241,14.439250,-2.511632,100
389,241,14.489250,-2.511632,100
441,241,17.089250,-2.511632,100
443,241,17.189250,-2.511632,100
518,241,20.939250,-2.511632,100
520,241,21.039250,-2.511632,100
141,242,2.089250,-2.461632,100
144,242,2.239250,-2.461632,100
388,242,14.439250,-2.461632,100
389,242,14.489250,-2.461632,100
390,242,14.539250,-2.461632,100
391,242,14.589250,-2.461632,100
442,242,17.139250,-2.461632,100
444,242,17.239250,-2.461632,100
519,242,20.989250,-2.461632,100
521,242,21.089250,-2.461632,100
142,243,2.139250,-2.411632,100
145,243,2.289250,-2.411632,100
390,243,14.539250,-2.411632,100
391,243,14.589250,-2.411632,100
392,243,14.639250,-2.411632,100
442,243,17.139250,-2.411632,100
445,243,17.289250,-2.411632,100
520,243,21.039250,-2.411632,100
521,243,21.089250,-2.411632,100
142,244,2.139250,-2.361632,100
146,244,2.339250,-2.361632,100
392,244,14.639250,-2.361632,100
393,244,14.689250,-2.361632,100
394,244,14.739250,-2.361632,100
443,244,17.189250,-2.361632,100
446,244,17.339250,-2.361632,100
521,244,21.089250,-2.361632,100
522,244,21.139250,-2.361632,100
143,245,2.189250,-2.311632,100
146,245,2.339250,-2.311632,100
393,245,14.689250,-2.311632,100
394,245,14.739250,-2.311632,100
395,245,14.789250,-2.311632,100
444,245,17.239250,-2.311632,100
447,245,17.389250,-2.311632,100
521,245,21.089250,-2.311632,100
523,245,21.189250,-2.311632,100
144,246,2.239250,-2.261632,100
147,246,2.389250,-2.261632,100
395,246,14.789250,-2.261632,100
396,246,14.839250,-2.261632,100
445,246,17.289250,-2.261632,100
447,246,17.389250,-2.261632,100
522,246,21.139250,-2.261632,100
524,246,21.239250,-2.261632,100
145,247,2.289250,-2.211632,100
148,247,2.439250,-2.211632,100
396,247,14.839250,-2.211632,100
397,247,14.889250,-2.211632,100
398,247,14.939250,-2.211632,100
446,247,17.339250,-2.211632,100
448,247,17.439250,-2.211632,100
523,247,21.189250,-2.211632,100
525,247,21.289250,-2.211632,100
145,248,2.289250,-2.161632,100
149,248,2.489250,-2.161632,100
397,248,14.889250,-2.161632,100
398,248,14.939250,-2.161632,100
399,248,14.989250,-2.161632,100
447,248,17.389250,-2.161632,100
449,248,17.489250,-2.161632,100
524,248,21.239250,-2.161632,100
526,248,21.339250,-2.161632,100
145,249,2.289250,-2.111632,100
146,249,2.339250,-2.111632,100
150,249,2.539250,-2.111632,100
399,249,14.989250,-2.111632,100
400,249,15.039250,-2.111632,100
447,249,17.389250,-2.111632,100
450,249,17.539250,-2.111632,100
525,249,21.289250,-2.111632,100
526,249,21.339250,-2.111632,100
147,250,2.389250,-2.061632,100
151,250,2.589250,-2.061632,100
400,250,15.039250,-2.061632,100
401,250,15.089250,-2.061632,100
448,250,17.439250,-2.061632,100
451,250,17.589250,-2.061632,100
526,250,21.339250,-2.061632,100
527,250,21.389250,-2.061632,100
148,251,2.439250,-2.011632,100
151,251,2.589250,-2.011632,100
401,251,15.089250,-2.011632,100
402,251,15.139250,-2.011632,100
403,251,15.189250,-2.011632,100
449,251,17.489250,-2.011632,100
452,251,17.639250,-2.011632,100
526,251,21.339250,-2.011632,100
528,251,21.439250,-2.011632,100
149,252,2.489250,-1.961632,100
152,252,2.639250,-1.961632,100
402,252,15.139250,-1.961632,100
403,252,15.189250,-1.961632,100
404,252,15.239250,-1.961632,100
450,252,17.539250,-1.961632,100
452,252,17.639250,-1.961632,100
527,252,21.389250,-1.961632,100
529,252,21.489250,-1.961632,100
149,253,2.489250,-1.911632,100
150,253,2.539250,-1.911632,100
153,253,2.689250,-1.911632,100
404,253,15.239250,-1.911632,100
405,253,15.289250,-1.911632,100
450,253,17.539250,-1.911632,100
453,253,17.689250,-1.911632,100
528,253,21.439250,-1.911632,100
529,253,21.489250,-1.911632,100
151,254,2.589250,-1.861632,100
154,254,2.739250,-1.861632,100
405,254,15.289250,-1.861632,100
406,254,15.339250,-1.861632,100
451,254,17.589250,-1.861632,100
454,254,17.739250,-1.861632,100
529,254,21.489250,-1.861632,100
530,254,21.539250,-1.861632,100
151,255,2.589250,-1.811632,100
152,255,2.639250,-1.811632,100
155,255,2.789250,-1.811632,100
156,255,2.839250,-1.811632,100
406,255,15.339250,-1.811632,100
407,255,15.389250,-1.811632,100
452,255,17.639250,-1.811632,100
455,255,17.789250,-1.811632,100
529,255,21.489250,-1.811632,100
531,255,21.589250,-1.811632,100
151,256,2.589250,-1.761632,100
153,256,2.689250,-1.761632,100
157,256,2.889250,-1.761632,100
407,256,15.389250,-1.761632,100
408,256,15.439250,-1.761632,100
453,256,17.689250,-1.761632,100
456,256,17.839250,-1.761632,100
530,256,21.539250,-1.761632,100
531,256,21.589250,-1.761632,100
152,257,2.639250,-1.711632,100
153,257,2.689250,-1.711632,100
158,257,2.939250,-1.711632,100
408,257,15.439250,-1.711632,100
409,257,15.489250,-1.711632,100
454,257,17.739250,-1.711632,100
457,257,17.889250,-1.711632,100
531,257,21.589250,-1.711632,100
532,257,21.639250,-1.711632,100
154,258,2.739250,-1.661632,100
159,258,2.989250,-1.661632,100
409,258,15.489250,-1.661632,100
410,258,15.539250,-1.661632,100
453,258,17.689250,-1.661632,100
454,258,17.739250,-1.661632,100
457,258,17.889250,-1.661632,100
532,258,21.639250,-1.661632,100
533,258,21.689250,-1.661632,100
155,259,2.789250,-1.611632,100
160,259,3.039250,-1.611632,100
161,259,3.089250,-1.611632,100
410,259,15.539250,-1.611632,100
411,259,15.589250,-1.611632,100
455,259,17.789250,-1.611632,100
458,259,17.939250,-1.611632,100
532,259,21.639250,-1.611632,100
533,259,21.689250,-1.611632,100
155,260,2.789250,-1.561632,100
156,260,2.839250,-1.561632,100
157,260,2.889250,-1.561632,100
162,260,3.139250,-1.561632,100
411,260,15.589250,-1.561632,100
412,260,15.639250,-1.561632,100
456,260,17.839250,-1.561632,100
459,260,17.989250,-1.561632,100
533,260,21.689250,-1.561632,100
534,260,21.739250,-1.561632,100
158,261,2.939250,-1.511632,100
163,261,3.189250,-1.511632,100
164,261,3.239250,-1.511632,100
412,261,15.639250,-1.511632,100
413,261,15.689250,-1.511632,100
457,261,17.889250,-1.511632,100
460,261,18.039250,-1.511632,100
533,261,21.689250,-1.511632,100
535,261,21.789250,-1.511632,100
159,262,2.989250,-1.461632,100
160,262,3.039250,-1.461632,100
165,262,3.289250,-1.461632,100
166,262,3.339250,-1.461632,100
413,262,15.689250,-1.461632,100
414,262,15.739250,-1.461632,100
458,262,17.939250,-1.461632,100
461,262,18.089250,-1.461632,100
534,262,21.739250,-1.461632,100
536,262,21.839250,-1.461632,100
54,263,-2.260750,-1.411632,100
55,263,-2.210750,-1.411632,100
56,263,-2.160750,-1.411632,100
57,263,-2.110750,-1.411632,100
58,263,-2.060750,-1.411632,100
59,263,-2.010750,-1.411632,100
60,263,-1.960750,-1.411632,100
61,263,-1.910750,-1.411632,100
62,263,-1.860750,-1.411632,100
63,263,-1.810750,-1.411632,100
64,263,-1.760750,-1.411632,100
65,263,-1.710750,-1.411632,100
66,263,-1.660750,-1.411632,100
161,263,3.089250,-1.411632,100
167,263,3.389250,-1.411632,100
414,263,15.739250,-1.411632,100
415,263,15.789250,-1.411632,100
457,263,17.889250,-1.411632,100
458,263,17.939250,-1.411632,100
462,263,18.139250,-1.411632,100
535,263,21.789250,-1.411632,100
536,263,21.839250,-1.411632,100
47,264,-2.610750,-1.361632,100
48,264,-2.560750,-1.361632,100
49,264,-2.510750,-1.361632,100
50,264,-2.460750,-1.361632,100
51,264,-2.410750,-1.361632,100
52,264,-2.360750,-1.361632,100
53,264,-2.310750,-1.361632,100
64,264,-1.760750,-1.361632,100
66,264,-1.660750,-1.361632,100
67,264,-1.610750,-1.361632,100
68,264,-1.560750,-1.361632,100
69,264,-1.510750,-1.361632,100
70,264,-1.460750,-1.361632,100
71,264,-1.410750,-1.361632,100
72,264,-1.360750,-1.361632,100
73,264,-1.310750,-1.361632,100
162,264,3.139250,-1.361632,100
163,264,3.189250,-1.361632,100
165,264,3.289250,-1.361632,100
168,264,3.439250,-1.361632,100
169,264,3.489250,-1.361632,100
415,264,15.789250,-1.361632,100
416,264,15.839250,-1.361632,100
459,264,17.989250,-1.361632,100
462,264,18.139250,-1.361632,100
535,264,21.789250,-1.361632,100
537,264,21.889250,-1.361632,100
43,265,-2.810750,-1.311632,100
44,265,-2.760750,-1.311632,100
45,265,-2.710750,-1.311632,100
46,265,-2.660750,-1.311632,100
54,265,-2.260750,-1.311632,100
55,265,-2.210750,-1.311632,100
56,265,-2.160750,-1.311632,100
57,265,-2.110750,-1.311632,100
58,265,-2.060750,-1.311632,100
59,265,-2.010750,-1.311632,100
60,265,-1.960750,-1.311632,100
61,265,-1.910750,-1.311632,100
62,265,-1.860750,-1.311632,100
63,265,-1.810750,-1.311632,100
64,265,-1.760750,-1.311632,100
65,265,-1.710750,-1.311632,100
66,265,-1.660750,-1.311632,100
67,265,-1.610750,-1.311632,100
68,265,-1.560750,-1.311632,100
74,265,-1.260750,-1.311632,100
75,265,-1.210750,-1.311632,100
164,265,3.239250,-1.311632,100
166,265,3.339250,-1.311632,100
170,265,3.539250,-1.311632,100
171,265,3.589250,-1.311632,100
172,265,3.639250,-1.311632,100
416,265,15.839250,-1.311632,100
417,265,15.889250,-1.311632,100
460,265,18.039250,-1.311632,100
463,265,18.189250,-1.311632,100
536,265,21.839250,-1.311632,100
538,265,21.939250,-1.311632,100
39,266,-3.010750,-1.261632,100
40,266,-2.960750,-1.261632,100
41,266,-2.910750,-1.261632,100
42,266,-2.860750,-1.261632,100
48,266,-2.560750,-1.261632,100
49,266,-2.510750,-1.261632,100
50,266,-2.460750,-1.261632,100
51,266,-2.410750,-1.261632,100
52,266,-2.360750,-1.261632,100
53,266,-2.310750,-1.261632,100
69,266,-1.510750,-1.261632,100
70,266,-1.460750,-1.261632,100
71,266,-1.410750,-1.261632,100
72,266,-1.360750,-1.261632,100
73,266,-1.310750,-1.261632,100
74,266,-1.260750,-1.261632,100
75,266,-1.210750,-1.261632,100
76,266,-1.160750,-1.261632,100
77,266,-1.110750,-1.261632,100
78,266,-1.060750,-1.261632,100
79,266,-1.010750,-1.261632,100
80,266,-0.960750,-1.261632,100
81,266,-0.910750,-1.261632,100
82,266,-0.860750,-1.261632,100
83,266,-0.810750,-1.261632,100
166,266,3.339250,-1.261632,100
173,266,3.689250,-1.261632,100
174,266,3.739250,-1.261632,100
417,266,15.889250,-1.261632,100
461,266,18.089250,-1.261632,100
464,266,18.239250,-1.261632,100
536,266,21.839250,-1.261632,100
538,266,21.939250,-1.261632,100
36,267,-3.160750,-1.211632,100
37,267,-3.110750,-1.211632,100
38,267,-3.060750,-1.211632,100
44,267,-2.760750,-1.211632,100
45,267,-2.710750,-1.211632,100
46,267,-2.660750,-1.211632,100
47,267,-2.610750,-1.211632,100
79,267,-1.010750,-1.211632,100
80,267,-0.960750,-1.211632,100
81,267,-0.910750,-1.211632,100
82,267,-0.860750,-1.211632,100
83,267,-0.810750,-1.211632,100
84,267,-0.760750,-1.211632,100
85,267,-0.710750,-1.211632,100
86,267,-0.660750,-1.211632,100
87,267,-0.610750,-1.211632,100
88,267,-0.560750,-1.211632,100
89,267,-0.510750,-1.211632,100
90,267,-0.460750,-1.211632,100
91,267,-0.410750,-1.211632,100
167,267,3.389250,-1.211632,100
168,267,3.439250,-1.211632,100
169,267,3.489250,-1.211632,100
172,267,3.639250,-1.211632,100
175,267,3.789250,-1.211632,100
176,267,3.839250,-1.211632,100
177,267,3.889250,-1.211632,100
417,267,15.889250,-1.211632,100
418,267,15.939250,-1.211632,100
461,267,18.089250,-1.211632,100
465,267,18.289250,-1.211632,100
537,267,21.889250,-1.211632,100
538,267,21.939250,-1.211632,100
35,268,-3.210750,-1.161632,100
41,268,-2.910750,-1.161632,100
42,268,-2.860750,-1.161632,100
43,268,-2.810750,-1.161632,100
87,268,-0.610750,-1.161632,100
88,268,-0.560750,-1.161632,100
89,268,-0.510750,-1.161632,100
90,268,-0.460750,-1.161632,100
91,268,-0.410750,-1.161632,100
92,268,-0.360750,-1.161632,100
93,268,-0.310750,-1.161632,100
94,268,-0.260750,-1.161632,100
95,268,-0.210750,-1.161632,100
96,268,-0.160750,-1.161632,100
97,268,-0.110750,-1.161632,100
98,268,-0.060750,-1.161632,100
99,268,-0.010750,-1.161632,100
170,268,3.539250,-1.161632,100
171,268,3.589250,-1.161632,100
173,268,3.689250,-1.161632,100
174,268,3.739250,-1.161632,100
178,268,3.939250,-1.161632,100
179,268,3.989250,-1.161632,100
180,268,4.039250,-1.161632,100
181,268,4.089250,-1.161632,100
418,268,15.939250,-1.161632,100
419,268,15.989250,-1.161632,100
462,268,18.139250,-1.161632,100
466,268,18.339250,-1.161632,100
538,268,21.939250,-1.161632,100
539,268,21.989250,-1.161632,100
32,269,-3.360750,-1.111632,100
33,269,-3.310750,-1.111632,100
34,269,-3.260750,-1.111632,100
39,269,-3.010750,-1.111632,100
40,269,-2.960750,-1.111632,100
95,269,-0.210750,-1.111632,100
96,269,-0.160750,-1.111632,100
97,269,-0.110750,-1.111632,100
98,269,-0.060750,-1.111632,100
99,269,-0.010750,-1.111632,100
100,269,0.039250,-1.111632,100
101,269,0.089250,-1.111632,100
102,269,0.139250,-1.111632,100
103,269,0.189250,-1.111632,100
104,269,0.239250,-1.111632,100
105,269,0.289250,-1.111632,100
106,269,0.339250,-1.111632,100
107,269,0.389250,-1.111632,100
108,269,0.439250,-1.111632,100
109,269,0.489250,-1.111632,100
110,269,0.539250,-1.111632,100
173,269,3.689250,-1.111632,100
175,269,3.789250,-1.111632,100
180,269,4.039250,-1.111632,100
181,269,4.089250,-1.111632,100
182,269,4.139250,-1.111632,100
183,269,4.189250,-1.111632,100
184,269,4.239250,-1.111632,100
185,269,4.289250,-1.111632,100
186,269,4.339250,-1.111632,100
419,269,15.989250,-1.111632,100
420,269,16.039250,-1.111632,100
462,269,18.139250,-1.111632,100
463,269,18.189250,-1.111632,100
467,269,18.389250,-1.111632,100
538,269,21.939250,-1.111632,100
539,269,21.989250,-1.111632,100
31,270,-3.410750,-1.061632,100
36,270,-3.160750,-1.061632,100
37,270,-3.110750,-1.061632,100
38,270,-3.060750,-1.061632,100
103,270,0.189250,-1.061632,100
104,270,0.239250,-1.061632,100
105,270,0.289250,-1.061632,100
106,270,0.339250,-1.061632,100
107,270,0.389250,-1.061632,100
108,270,0.439250,-1.061632,100
109,270,0.489250,-1.061632,100
110,270,0.539250,-1.061632,100
111,270,0.589250,-1.061632,100
112,270,0.639250,-1.061632,100
113,270,0.689250,-1.061632,100
114,270,0.739250,-1.061632,100
115,270,0.789250,-1.061632,100
116,270,0.839250,-1.061632,100
117,270,0.889250,-1.061632,100
118,270,0.939250,-1.061632,100
119,270,0.989250,-1.061632,100
120,270,1.039250,-1.061632,100
121,270,1.089250,-1.061632,100
122,270,1.139250,-1.061632,100
175,270,3.789250,-1.061632,100
176,270,3.839250,-1.061632,100
177,270,3.889250,-1.061632,100
178,270,3.939250,-1.061632,100
179,270,3.989250,-1.061632,100
183,270,4.189250,-1.061632,100
184,270,4.239250,-1.061632,100
186,270,4.339250,-1.061632,100
187,270,4.389250,-1.061632,100
188,270,4.439250,-1.061632,100
189,270,4.489250,-1.061632,100
190,270,4.539250,-1.061632,100
191,270,4.589250,-1.061632,100
192,270,4.639250,-1.061632,100
193,270,4.689250,-1.061632,100
194,270,4.739250,-1.061632,100
420,270,16.039250,-1.061632,100
421,270,16.089250,-1.061632,100
462,270,18.139250,-1.061632,100
464,270,18.239250,-1.061632,100
467,270,18.389250,-1.061632,100
539,270,21.989250,-1.061632,100
540,270,22.039250,-1.061632,100
29,271,-3.510750,-1.011632,100
30,271,-3.460750,-1.011632,100
34,271,-3.260750,-1.011632,100
35,271,-3.210750,-1.011632,100
113,271,0.689250,-1.011632,100
114,271,0.739250,-1.011632,100
115,271,0.789250,-1.011632,100
116,271,0.839250,-1.011632,100
117,271,0.889250,-1.011632,100
118,271,0.939250,-1.011632,100
119,271,0.989250,-1.011632,100
120,271,1.039250,-1.011632,100
121,271,1.089250,-1.011632,100
122,271,1.139250,-1.011632,100
123,271,1.189250,-1.011632,100
124,271,1.239250,-1.011632,100
125,271,1.289250,-1.011632,100
126,271,1.339250,-1.011632,100
127,271,1.389250,-1.011632,100
128,271,1.439250,-1.011632,100
129,271,1.489250,-1.011632,100
130,271,1.539250,-1.011632,100
131,271,1.589250,-1.011632,100
132,271,1.639250,-1.011632,100
133,271,1.689250,-1.011632,100
179,271,3.989250,-1.011632,100
180,271,4.039250,-1.011632,100
183,271,4.189250,-1.011632,100
185,271,4.289250,-1.011632,100
187,271,4.389250,-1.011632,100
189,271,4.489250,-1.011632,100
190,271,4.539250,-1.011632,100
192,271,4.639250,-1.011632,100
193,271,4.689250,-1.011632,100
194,271,4.739250,-1.011632,100
195,271,4.789250,-1.011632,100
196,271,4.839250,-1.011632,100
197,271,4.889250,-1.011632,100
198,271,4.939250,-1.011632,100
199,271,4.989250,-1.011632,100
200,271,5.039250,-1.011632,100
201,271,5.089250,-1.011632,100
202,271,5.139250,-1.011632,100
203,271,5.189250,-1.011632,100
421,271,16.089250,-1.011632,100
422,271,16.139250,-1.011632,100
465,271,18.289250,-1.011632,100
468,271,18.439250,-1.011632,100
539,271,21.989250,-1.011632,100
541,271,22.089250,-1.011632,100
27,272,-3.610750,-0.961632,100
28,272,-3.560750,-0.961632,100
32,272,-3.360750,-0.961632,100
33,272,-3.310750,-0.961632,100
124,272,1.239250,-0.961632,100
125,272,1.289250,-0.961632,100
126,272,1.339250,-0.961632,100
127,272,1.389250,-0.961632,100
128,272,1.439250,-0.961632,100
129,272,1.489250,-0.961632,100
130,272,1.539250,-0.961632,100
131,272,1.589250,-0.961632,100
132,272,1.639250,-0.961632,100
134,272,1.739250,-0.961632,100
135,272,1.789250,-0.961632,100
136,272,1.839250,-0.961632,100
137,272,1.889250,-0.961632,100
138,272,1.939250,-0.961632,100
139,272,1.989250,-0.961632,100
140,272,2.039250,-0.961632,100
141,272,2.089250,-0.961632,100
142,272,2.139250,-0.961632,100
143,272,2.189250,-0.961632,100
144,272,2.239250,-0.961632,100
145,272,2.289250,-0.961632,100
146,272,2.339250,-0.961632,100
147,272,2.389250,-0.961632,100
186,272,4.339250,-0.961632,100
188,272,4.439250,-0.961632,100
191,272,4.589250,-0.961632,100
195,272,4.789250,-0.961632,100
197,272,4.889250,-0.961632,100
199,272,4.989250,-0.961632,100
200,272,5.039250,-0.961632,100
202,272,5.139250,-0.961632,100
204,272,5.239250,-0.961632,100
205,272,5.289250,-0.961632,100
206,272,5.339250,-0.961632,100
207,272,5.389250,-0.961632,100
208,272,5.439250,-0.961632,100
209,272,5.489250,-0.961632,100
210,272,5.539250,-0.961632,100
211,272,5.589250,-0.961632,100
212,272,5.639250,-0.961632,100
213,272,5.689250,-0.961632,100
214,272,5.739250,-0.961632,100
215,272,5.789250,-0.961632,100
421,272,16.089250,-0.961632,100
422,272,16.139250,-0.961632,100
466,272,18.339250,-0.961632,100
469,272,18.489250,-0.961632,100
540,272,22.039250,-0.961632,100
541,272,22.089250,-0.961632,100
26,273,-3.660750,-0.911632,100
31,273,-3.410750,-0.911632,100
133,273,1.689250,-0.911632,100
136,273,1.839250,-0.911632,100
138,273,1.939250,-0.911632,100
143,273,2.189250,-0.911632,100
144,273,2.239250,-0.911632,100
145,273,2.289250,-0.911632,100
146,273,2.339250,-0.911632,100
147,273,2.389250,-0.911632,100
148,273,2.439250,-0.911632,100
149,273,2.489250,-0.911632,100
150,273,2.539250,-0.911632,100
151,273,2.589250,-0.911632,100
152,273,2.639250,-0.911632,100
153,273,2.689250,-0.911632,100
154,273,2.739250,-0.911632,100
155,273,2.789250,-0.911632,100
156,273,2.839250,-0.911632,100
157,273,2.889250,-0.911632,100
158,273,2.939250,-0.911632,100
159,273,2.989250,-0.911632,100
193,273,4.689250,-0.911632,100
201,273,5.089250,-0.911632,100
203,273,5.189250,-0.911632,100
206,273,5.339250,-0.911632,100
208,273,5.439250,-0.911632,100
209,273,5.489250,-0.911632,100
210,273,5.539250,-0.911632,100
211,273,5.589250,-0.911632,100
212,273,5.639250,-0.911632,100
214,273,5.739250,-0.911632,100
215,273,5.789250,-0.911632,100
216,273,5.839250,-0.911632,100
217,273,5.889250,-0.911632,100
218,273,5.939250,-0.911632,100
219,273,5.989250,-0.911632,100
220,273,6.039250,-0.911632,100
221,273,6.089250,-0.911632,100
222,273,6.139250,-0.911632,100
223,273,6.189250,-0.911632,100
224,273,6.239250,-0.911632,100
225,273,6.289250,-0.911632,100
226,273,6.339250,-0.911632,100
227,273,6.389250,-0.911632,100
422,273,16.139250,-0.911632,100
423,273,16.189250,-0.911632,100
466,273,18.339250,-0.911632,100
470,273,18.539250,-0.911632,100
540,273,22.039250,-0.911632,100
542,273,22.139250,-0.911632,100
24,274,-3.760751,-0.861632,100
25,274,-3.710750,-0.861632,100
29,274,-3.510750,-0.861632,100
30,274,-3.460750,-0.861632,100
142,274,2.139250,-0.861632,100
156,274,2.839250,-0.861632,100
157,274,2.889250,-0.861632,100
158,274,2.939250,-0.861632,100
159,274,2.989250,-0.861632,100
160,274,3.039250,-0.861632,100
161,274,3.089250,-0.861632,100
162,274,3.139250,-0.861632,100
163,274,3.189250,-0.861632,100
164,274,3.239250,-0.861632,100
165,274,3.289250,-0.861632,100
166,274,3.339250,-0.861632,100
167,274,3.389250,-0.861632,100
168,274,3.439250,-0.861632,100
169,274,3.489250,-0.861632,100
170,274,3.539250,-0.861632,100
171,274,3.589250,-0.861632,100
205,274,5.289250,-0.861632,100
207,274,5.389250,-0.861632,100
213,274,5.689250,-0.861632,100
216,274,5.839250,-0.861632,100
217,274,5.889250,-0.861632,100
218,274,5.939250,-0.861632,100
220,274,6.039250,-0.861632,100
221,274,6.089250,-0.861632,100
222,274,6.139250,-0.861632,100
224,274,6.239250,-0.861632,100
225,274,6.289250,-0.861632,100
226,274,6.339250,-0.861632,100
227,274,6.389250,-0.861632,100
228,274,6.439250,-0.861632,100
229,274,6.489250,-0.861632,100
230,274,6.539250,-0.861632,100
231,274,6.589250,-0.861632,100
232,274,6.639250,-0.861632,100
233,274,6.689250,-0.861632,100
234,274,6.739250,-0.861632,100
235,274,6.789250,-0.861632,100
236,274,6.839250,-0.861632,100
237,274,6.889250,-0.861632,100
238,274,6.939250,-0.861632,100
239,274,6.989250,-0.861632,100
423,274,16.189250,-0.861632,100
424,274,16.239250,-0.861632,100
467,274,18.389250,-0.861632,100
471,274,18.589250,-0.861632,100
541,274,22.089250,-0.861632,100
542,274,22.139250,-0.861632,100
23,275,-3.810751,-0.811632,100
28,275,-3.560750,-0.811632,100
168,275,3.439250,-0.811632,100
169,275,3.489250,-0.811632,100
170,275,3.539250,-0.811632,100
171,275,3.589250,-0.811632,100
172,275,3.639250,-0.811632,100
173,275,3.689250,-0.811632,100
174,275,3.739250,-0.811632,100
175,275,3.789250,-0.811632,100
176,275,3.839250,-0.811632,100
177,275,3.889250,-0.811632,100
178,275,3.939250,-0.811632,100
179,275,3.989250,-0.811632,100
180,275,4.039250,-0.811632,100
181,275,4.089250,-0.811632,100
182,275,4.139250,-0.811632,100
183,275,4.189250,-0.811632,100
223,275,6.189250,-0.811632,100
228,275,6.439250,-0.811632,100
229,275,6.489250,-0.811632,100
230,275,6.539250,-0.811632,100
231,275,6.589250,-0.811632,100
232,275,6.639250,-0.811632,100
233,275,6.689250,-0.811632,100
234,275,6.739250,-0.811632,100
235,275,6.789250,-0.811632,100
236,275,6.839250,-0.811632,100
239,275,6.989250,-0.811632,100
240,275,7.039250,-0.811632,100
241,275,7.089250,-0.811632,100
242,275,7.139250,-0.811632,100
243,275,7.189250,-0.811632,100
244,275,7.239250,-0.811632,100
245,275,7.289250,-0.811632,100
246,275,7.339250,-0.811632,100
247,275,7.389250,-0.811632,100
248,275,7.439250,-0.811632,100
249,275,7.489250,-0.811632,100
250,275,7.539250,-0.811632,100
251,275,7.589250,-0.811632,100
424,275,16.239250,-0.811632,100
468,275,18.439250,-0.811632,100
472,275,18.639250,-0.811632,100
541,275,22.089250,-0.811632,100
543,275,22.189250,-0.811632,100
22,276,-3.860751,-0.761632,100
26,276,-3.660750,-0.761632,100
27,276,-3.610750,-0.761632,100
179,276,3.989250,-0.761632,100
180,276,4.039250,-0.761632,100
181,276,4.089250,-0.761632,100
182,276,4.139250,-0.761632,100
183,276,4.189250,-0.761632,100
184,276,4.239250,-0.761632,100
185,276,4.289250,-0.761632,100
186,276,4.339250,-0.761632,100
187,276,4.389250,-0.761632,100
188,276,4.439250,-0.761632,100
189,276,4.489250,-0.761632,100
190,276,4.539250,-0.761632,100
191,276,4.589250,-0.761632,100
192,276,4.639250,-0.761632,100
193,276,4.689250,-0.761632,100
194,276,4.739250,-0.761632,100
195,276,4.789250,-0.761632,100
237,276,6.889250,-0.761632,100
238,276,6.939250,-0.761632,100
241,276,7.089250,-0.761632,100
242,276,7.139250,-0.761632,100
243,276,7.189250,-0.761632,100
244,276,7.239250,-0.761632,100
246,276,7.339250,-0.761632,100
247,276,7.389250,-0.761632,100
248,276,7.439250,-0.761632,100
249,276,7.489250,-0.761632,100
252,276,7.639250,-0.761632,100
253,276,7.689250,-0.761632,100
254,276,7.739250,-0.761632,100
255,276,7.789250,-0.761632,100
256,276,7.839250,-0.761632,100
257,276,7.889250,-0.761632,100
258,276,7.939250,-0.761632,100
259,276,7.989250,-0.761632,100
260,276,8.039250,-0.761632,100
261,276,8.089250,-0.761632,100
262,276,8.139250,-0.761632,100
263,276,8.189250,-0.761632,100
424,276,16.239250,-0.761632,100
425,276,16.289250,-0.761632,100
469,276,18.489250,-0.761632,100
473,276,18.689250,-0.761632,100
542,276,22.139250,-0.761632,100
544,276,22.239250,-0.761632,100
21,277,-3.910751,-0.711632,100
25,277,-3.710750,-0.711632,100
191,277,4.589250,-0.711632,100
192,277,4.639250,-0.711632,100
193,277,4.689250,-0.711632,100
194,277,4.739250,-0.711632,100
195,277,4.789250,-0.711632,100
196,277,4.839250,-0.711632,100
197,277,4.889250,-0.711632,100
198,277,4.939250,-0.711632,100
199,277,4.989250,-0.711632,100
200,277,5.039250,-0.711632,100
201,277,5.089250,-0.711632,100
202,277,5.139250,-0.711632,100
203,277,5.189250,-0.711632,100
204,277,5.239250,-0.711632,100
205,277,5.289250,-0.711632,100
206,277,5.339250,-0.711632,100
207,277,5.389250,-0.711632,100
250,277,7.539250,-0.711632,100
251,277,7.589250,-0.711632,100
254,277,7.739250,-0.711632,100
256,277,7.839250,-0.711632,100
258,277,7.939250,-0.711632,100
259,277,7.989250,-0.711632,100
260,277,8.039250,-0.711632,100
261,277,8.089250,-0.711632,100
262,277,8.139250,-0.711632,100
263,277,8.189250,-0.711632,100
264,277,8.239250,-0.711632,100
265,277,8.289250,-0.711632,100
266,277,8.339250,-0.711632,100
267,277,8.389250,-0.711632,100
268,277,8.439250,-0.711632,100
269,277,8.489250,-0.711632,100
270,277,8.539250,-0.711632,100
271,277,8.589250,-0.711632,100
272,277,8.639250,-0.711632,100
273,277,8.689250,-0.711632,100
425,277,16.289250,-0.711632,100
426,277,16.339250,-0.711632,100
470,277,18.539250,-0.711632,100
473,277,18.689250,-0.711632,100
542,277,22.139250,-0.711632,100
544,277,22.239250,-0.711632,100
20,278,-3.960751,-0.661632,100
24,278,-3.760751,-0.661632,100
201,278,5.089250,-0.661632,100
202,278,5.139250,-0.661632,100
203,278,5.189250,-0.661632,100
204,278,5.239250,-0.661632,100
205,278,5.289250,-0.661632,100
206,278,5.339250,-0.661632,100
207,278,5.389250,-0.661632,100
208,278,5.439250,-0.661632,100
209,278,5.489250,-0.661632,100
210,278,5.539250,-0.661632,100
211,278,5.589250,-0.661632,100
212,278,5.639250,-0.661632,100
213,278,5.689250,-0.661632,100
214,278,5.739250,-0.661632,100
215,278,5.789250,-0.661632,100
216,278,5.839250,-0.661632,100
217,278,5.889250,-0.661632,100
218,278,5.939250,-0.661632,100
264,278,8.239250,-0.661632,100
266,278,8.339250,-0.661632,100
267,278,8.389250,-0.661632,100
268,278,8.439250,-0.661632,100
270,278,8.539250,-0.661632,100
271,278,8.589250,-0.661632,100
272,278,8.639250,-0.661632,100
273,278,8.689250,-0.661632,100
274,278,8.739250,-0.661632,100
275,278,8.789250,-0.661632,100
276,278,8.839250,-0.661632,100
277,278,8.889250,-0.661632,100
278,278,8.939250,-0.661632,100
279,278,8.989250,-0.661632,100
280,278,9.039250,-0.661632,100
281,278,9.089250,-0.661632,100
282,278,9.139250,-0.661632,100
283,278,9.189250,-0.661632,100
284,278,9.239250,-0.661632,100
285,278,9.289250,-0.661632,100
426,278,16.339250,-0.661632,100
471,278,18.589250,-0.661632,100
474,278,18.739250,-0.661632,100
543,278,22.189250,-0.661632,100
544,278,22.239250,-0.661632,100
18,279,-4.060751,-0.611632,100
19,279,-4.010751,-0.611632,100
23,279,-3.810751,-0.611632,100
210,279,5.539250,-0.611632,100
211,279,5.589250,-0.611632,100
212,279,5.639250,-0.611632,100
213,279,5.689250,-0.611632,100
214,279,5.739250,-0.611632,100
215,279,5.789250,-0.611632,100
216,279,5.839250,-0.611632,100
217,279,5.889250,-0.611632,100
218,279,5.939250,-0.611632,100
219,279,5.989250,-0.611632,100
220,279,6.039250,-0.611632,100
221,279,6.089250,-0.611632,100
222,279,6.139250,-0.611632,100
223,279,6.189250,-0.611632,100
224,279,6.239250,-0.611632,100
225,279,6.289250,-0.611632,100
226,279,6.339250,-0.611632,100
227,279,6.389250,-0.611632,100
228,279,6.439250,-0.611632,100
229,279,6.489250,-0.611632,100
230,279,6.539250,-0.611632,100
279,279,8.989250,-0.611632,100
280,279,9.039250,-0.611632,100
281,279,9.089250,-0.611632,100
282,279,9.139250,-0.611632,100
283,279,9.189250,-0.611632,100
284,279,9.239250,-0.611632,100
285,279,9.289250,-0.611632,100
286,279,9.339250,-0.611632,100
287,279,9.389250,-0.611632,100
288,279,9.439250,-0.611632,100
289,279,9.489250,-0.611632,100
290,279,9.539250,-0.611632,100
291,279,9.589250,-0.611632,100
292,279,9.639250,-0.611632,100
293,279,9.689250,-0.611632,100
294,279,9.739250,-0.611632,100
295,279,9.789250,-0.611632,100
296,279,9.839250,-0.611632,100
297,279,9.889250,-0.611632,100
426,279,16.339250,-0.611632,100
427,279,16.389250,-0.611632,100
472,279,18.639250,-0.611632,100
475,279,18.789250,-0.611632,100
543,279,22.189250,-0.611632,100
545,279,22.289250,-0.611632,100
17,280,-4.110751,-0.561632,100
21,280,-3.910751,-0.561632,100
22,280,-3.860751,-0.561632,100
220,280,6.039250,-0.561632,100
221,280,6.089250,-0.561632,100
222,280,6.139250,-0.561632,100
223,280,6.189250,-0.561632,100
224,280,6.239250,-0.561632,100
225,280,6.289250,-0.561632,100
226,280,6.339250,-0.561632,100
227,280,6.389250,-0.561632,100
228,280,6.439250,-0.561632,100
229,280,6.489250,-0.561632,100
230,280,6.539250,-0.561632,100
231,280,6.589250,-0.561632,100
232,280,6.639250,-0.561632,100
233,280,6.689250,-0.561632,100
234,280,6.739250,-0.561632,100
235,280,6.789250,-0.561632,100
236,280,6.839250,-0.561632,100
237,280,6.889250,-0.561632,100
238,280,6.939250,-0.561632,100
240,280,7.039250,-0.561632,100
241,280,7.089250,-0.561632,100
292,280,9.639250,-0.561632,100
293,280,9.689250,-0.561632,100
294,280,9.739250,-0.561632,100
295,280,9.789250,-0.561632,100
296,280,9.839250,-0.561632,100
297,280,9.889250,-0.561632,100
298,280,9.939250,-0.561632,100
299,280,9.989250,-0.561632,100
300,280,10.039250,-0.561632,100
301,280,10.089250,-0.561632,100
302,280,10.139250,-0.561632,100
303,280,10.189250,-0.561632,100
304,280,10.239250,-0.561632,100
305,280,10.289250,-0.561632,100
306,280,10.339250,-0.561632,100
307,280,10.389250,-0.561632,100
308,280,10.439250,-0.561632,100
309,280,10.489250,-0.561632,100
310,280,10.539250,-0.561632,100
311,280,10.589250,-0.561632,100
427,280,16.389250,-0.561632,100
428,280,16.439250,-0.561632,100
473,280,18.689250,-0.561632,100
476,280,18.839250,-0.561632,100
544,280,22.239250,-0.561632,100
545,280,22.289250,-0.561632,100
16,281,-4.160751,-0.511632,100
20,281,-3.960751,-0.511632,100
232,281,6.639250,-0.511632,100
233,281,6.689250,-0.511632,100
234,281,6.739250,-0.511632,100
235,281,6.789250,-0.511632,100
236,281,6.839250,-0.511632,100
237,281,6.889250,-0.511632,100
238,281,6.939250,-0.511632,100
239,281,6.989250,-0.511632,100
240,281,7.039250,-0.511632,100
241,281,7.089250,-0.511632,100
242,281,7.139250,-0.511632,100
243,281,7.189250,-0.511632,100
244,281,7.239250,-0.511632,100
245,281,7.289250,-0.511632,100
246,281,7.339250,-0.511632,100
247,281,7.389250,-0.511632,100
248,281,7.439250,-0.511632,100
249,281,7.489250,-0.511632,100
250,281,7.539250,-0.511632,100
252,281,7.639250,-0.511632,100
305,281,10.289250,-0.511632,100
306,281,10.339250,-0.511632,100
307,281,10.389250,-0.511632,100
308,281,10.439250,-0.511632,100
309,281,10.489250,-0.511632,100
310,281,10.539250,-0.511632,100
311,281,10.589250,-0.511632,100
312,281,10.639250,-0.511632,100
313,281,10.689250,-0.511632,100
314,281,10.739250,-0.511632,100
315,281,10.789250,-0.511632,100
316,281,10.839250,-0.511632,100
317,281,10.889250,-0.511632,100
318,281,10.939250,-0.511632,100
319,281,10.989250,-0.511632,100
320,281,11.039250,-0.511632,100
321,281,11.089250,-0.511632,100
322,281,11.139250,-0.511632,100
323,281,11.189250,-0.511632,100
324,281,11.239250,-0.511632,100
325,281,11.289250,-0.511632,100
326,281,11.339250,-0.511632,100
327,281,11.389250,-0.511632,100
328,281,11.439250,-0.511632,100
329,281,11.489250,-0.511632,100
330,281,11.539250,-0.511632,100
331,281,11.589250,-0.511632,100
332,281,11.639250,-0.511632,100
333,281,11.689250,-0.511632,100
428,281,16.439250,-0.511632,100
473,281,18.689250,-0.511632,100
477,281,18.889250,-0.511632,100
544,281,22.239250,-0.511632,100
545,281,22.289250,-0.511632,100
15,282,-4.210751,-0.461632,100
19,282,-4.010751,-0.461632,100
243,282,7.189250,-0.461632,100
244,282,7.239250,-0.461632,100
245,282,7.289250,-0.461632,100
246,282,7.339250,-0.461632,100
247,282,7.389250,-0.461632,100
248,282,7.439250,-0.461632,100
251,282,7.589250,-0.461632,100
253,282,7.689250,-0.461632,100
254,282,7.739250,-0.461632,100
255,282,7.789250,-0.461632,100
256,282,7.839250,-0.461632,100
257,282,7.889250,-0.461632,100
258,282,7.939250,-0.461632,100
259,282,7.989250,-0.461632,100
260,282,8.039250,-0.461632,100
262,282,8.139250,-0.461632,100
264,282,8.239250,-0.461632,100
316,282,10.839250,-0.461632,100
317,282,10.889250,-0.461632,100
318,282,10.939250,-0.461632,100
319,282,10.989250,-0.461632,100
320,282,11.039250,-0.461632,100
321,282,11.089250,-0.461632,100
322,282,11.139250,-0.461632,100
323,282,11.189250,-0.461632,100
324,282,11.239250,-0.461632,100
325,282,11.289250,-0.461632,100
326,282,11.339250,-0.461632,100
327,282,11.389250,-0.461632,100
328,282,11.439250,-0.461632,100
329,282,11.489250,-0.461632,100
330,282,11.539250,-0.461632,100
331,282,11.589250,-0.461632,100
332,282,11.639250,-0.461632,100
333,282,11.689250,-0.461632,100
334,282,11.739250,-0.461632,100
335,282,11.789250,-0.461632,100
336,282,11.839250,-0.461632,100
337,282,11.889250,-0.461632,100
338,282,11.939250,-0.461632,100
428,282,16.439250,-0.461632,100
429,282,16.489250,-0.461632,100
474,282,18.739250,-0.461632,100
478,282,18.939250,-0.461632,100
544,282,22.239250,-0.461632,100
546,282,22.339250,-0.461632,100
15,283,-4.210751,-0.411632,100
18,283,-4.060751,-0.411632,100
249,283,7.489250,-0.411632,100
250,283,7.539250,-0.411632,100
251,283,7.589250,-0.411632,100
252,283,7.639250,-0.411632,100
253,283,7.689250,-0.411632,100
254,283,7.739250,-0.411632,100
255,283,7.789250,-0.411632,100
256,283,7.839250,-0.411632,100
257,283,7.889250,-0.411632,100
258,283,7.939250,-0.411632,100
259,283,7.989250,-0.411632,100
261,283,8.089250,-0.411632,100
263,283,8.189250,-0.411632,100
265,283,8.289250,-0.411632,100
266,283,8.339250,-0.411632,100
267,283,8.389250,-0.411632,100
268,283,8.439250,-0.411632,100
269,283,8.489250,-0.411632,100
270,283,8.539250,-0.411632,100
271,283,8.589250,-0.411632,100
274,283,8.739250,-0.411632,100
335,283,11.789250,-0.411632,100
336,283,11.839250,-0.411632,100
337,283,11.889250,-0.411632,100
338,283,11.939250,-0.411632,100
339,283,11.989250,-0.411632,100
340,283,12.039250,-0.411632,100
341,283,12.089250,-0.411632,100
342,283,12.139250,-0.411632,100
429,283,16.489250,-0.411632,100
475,283,18.789250,-0.411632,100
478,283,18.939250,-0.411632,100
545,283,22.289250,-0.411632,100
547,283,22.389250,-0.411632,100
14,284,-4.260751,-0.361632,100
17,284,-4.110751,-0.361632,100
260,284,8.039250,-0.361632,100
261,284,8.089250,-0.361632,100
262,284,8.139250,-0.361632,100
263,284,8.189250,-0.361632,100
264,284,8.239250,-0.361632,100
265,284,8.289250,-0.361632,100
266,284,8.339250,-0.361632,100
267,284,8.389250,-0.361632,100
268,284,8.439250,-0.361632,100
269,284,8.489250,-0.361632,100
270,284,8.539250,-0.361632,100
272,284,8.639250,-0.361632,100
273,284,8.689250,-0.361632,100
275,284,8.789250,-0.361632,100
276,284,8.839250,-0.361632,100
277,284,8.889250,-0.361632,100
278,284,8.939250,-0.361632,100
279,284,8.989250,-0.361632,100
280,284,9.039250,-0.361632,100
281,284,9.089250,-0.361632,100
283,284,9.189250,-0.361632,100
287,284,9.389250,-0.361632,100
340,284,12.039250,-0.361632,100
341,284,12.089250,-0.361632,100
342,284,12.139250,-0.361632,100
343,284,12.189250,-0.361632,100
344,284,12.239250,-0.361632,100
345,284,12.289250,-0.361632,100
346,284,12.339250,-0.361632,100
429,284,16.489250,-0.361632,100
430,284,16.539250,-0.361632,100
476,284,18.839250,-0.361632,100
479,284,18.989250,-0.361632,100
545,284,22.289250,-0.361632,100
547,284,22.389250,-0.361632,100
13,285,-4.310751,-0.311632,100
16,285,-4.160751,-0.311632,100
271,285,8.589250,-0.311632,100
272,285,8.639250,-0.311632,100
273,285,8.689250,-0.311632,100
274,285,8.739250,-0.311632,100
275,285,8.789250,-0.311632,100
276,285,8.839250,-0.311632,100
277,285,8.889250,-0.311632,100
278,285,8.939250,-0.311632,100
279,285,8.989250,-0.311632,100
280,285,9.039250,-0.311632,100
281,285,9.089250,-0.311632,100
282,285,9.139250,-0.311632,100
283,285,9.189250,-0.311632,100
284,285,9.239250,-0.311632,100
285,285,9.289250,-0.311632,100
286,285,9.339250,-0.311632,100
288,285,9.439250,-0.311632,100
289,285,9.489250,-0.311632,100
290,285,9.539250,-0.311632,100
291,285,9.589250,-0.311632,100
292,285,9.639250,-0.311632,100
294,285,9.739250,-0.311632,100
298,285,9.939250,-0.311632,100
345,285,12.289250,-0.311632,100
346,285,12.339250,-0.311632,100
347,285,12.389250,-0.311632,100
348,285,12.439250,-0.311632,100
430,285,16.539250,-0.311632,100
431,285,16.589250,-0.311632,100
477,285,18.889250,-0.311632,100
480,285,19.039250,-0.311632,100
546,285,22.339250,-0.311632,100
548,285,22.439250,-0.311632,100
12,286,-4.360751,-0.261632,100
16,286,-4.160751,-0.261632,100
284,286,9.239250,-0.261632,100
285,286,9.289250,-0.261632,100
286,286,9.339250,-0.261632,100
287,286,9.389250,-0.261632,100
288,286,9.439250,-0.261632,100
289,286,9.489250,-0.261632,100
290,286,9.539250,-0.261632,100
291,286,9.589250,-0.261632,100
292,286,9.639250,-0.261632,100
293,286,9.689250,-0.261632,100
294,286,9.739250,-0.261632,100
295,286,9.789250,-0.261632,100
296,286,9.839250,-0.261632,100
297,286,9.889250,-0.261632,100
299,286,9.989250,-0.261632,100
300,286,10.039250,-0.261632,100
301,286,10.089250,-0.261632,100
302,286,10.139250,-0.261632,100
303,286,10.189250,-0.261632,100
304,286,10.239250,-0.261632,100
305,286,10.289250,-0.261632,100
306,286,10.339250,-0.261632,100
307,286,10.389250,-0.261632,100
348,286,12.439250,-0.261632,100
349,286,12.489250,-0.261632,100
350,286,12.539250,-0.261632,100
431,286,16.589250,-0.261632,100
478,286,18.939250,-0.261632,100
481,286,19.089250,-0.261632,100
546,286,22.339250,-0.261632,100
548,286,22.439250,-0.261632,100
11,287,-4.410751,-0.211632,100
15,287,-4.210751,-0.211632,100
296,287,9.839250,-0.211632,100
297,287,9.889250,-0.211632,100
298,287,9.939250,-0.211632,100
299,287,9.989250,-0.211632,100
300,287,10.039250,-0.211632,100
301,287,10.089250,-0.211632,100
302,287,10.139250,-0.211632,100
303,287,10.189250,-0.211632,100
304,287,10.239250,-0.211632,100
305,287,10.289250,-0.211632,100
306,287,10.339250,-0.211632,100
308,287,10.439250,-0.211632,100
309,287,10.489250,-0.211632,100
310,287,10.539250,-0.211632,100
311,287,10.589250,-0.211632,100
312,287,10.639250,-0.211632,100
313,287,10.689250,-0.211632,100
314,287,10.739250,-0.211632,100
315,287,10.789250,-0.211632,100
317,287,10.889250,-0.211632,100
350,287,12.539250,-0.211632,100
351,287,12.589250,-0.211632,100
352,287,12.639250,-0.211632,100
431,287,16.589250,-0.211632,100
432,287,16.639250,-0.211632,100
479,287,18.989250,-0.211632,100
482,287,19.139250,-0.211632,100
546,287,22.339250,-0.211632,100
548,287,22.439250,-0.211632,100
11,288,-4.410751,-0.161632,100
14,288,-4.260751,-0.161632,100
307,288,10.389250,-0.161632,100
308,288,10.439250,-0.161632,100
309,288,10.489250,-0.161632,100
310,288,10.539250,-0.161632,100
311,288,10.589250,-0.161632,100
312,288,10.639250,-0.161632,100
313,288,10.689250,-0.161632,100
314,288,10.739250,-0.161632,100
315,288,10.789250,-0.161632,100
316,288,10.839250,-0.161632,100
317,288,10.889250,-0.161632,100
318,288,10.939250,-0.161632,100
319,288,10.989250,-0.161632,100
320,288,11.039250,-0.161632,100
321,288,11.089250,-0.161632,100
322,288,11.139250,-0.161632,100
323,288,11.189250,-0.161632,100
324,288,11.239250,-0.161632,100
325,288,11.289250,-0.161632,100
326,288,11.339250,-0.161632,100
327,288,11.389250,-0.161632,100
352,288,12.639250,-0.161632,100
353,288,12.689250,-0.161632,100
354,288,12.739250,-0.161632,100
432,288,16.639250,-0.161632,100
433,288,16.689250,-0.161632,100
479,288,18.989250,-0.161632,100
482,288,19.139250,-0.161632,100
547,288,22.389250,-0.161632,100
549,288,22.489250,-0.161632,100
10,289,-4.460751,-0.111632,100
13,289,-4.310751,-0.111632,100
319,289,10.989250,-0.111632,100
320,289,11.039250,-0.111632,100
321,289,11.089250,-0.111632,100
322,289,11.139250,-0.111632,100
323,289,11.189250,-0.111632,100
324,289,11.239250,-0.111632,100
325,289,11.289250,-0.111632,100
326,289,11.339250,-0.111632,100
327,289,11.389250,-0.111632,100
328,289,11.439250,-0.111632,100
329,289,11.489250,-0.111632,100
330,289,11.539250,-0.111632,100
331,289,11.589250,-0.111632,100
332,289,11.639250,-0.111632,100
354,289,12.739250,-0.111632,100
355,289,12.789250,-0.111632,100
356,289,12.839250,-0.111632,100
432,289,16.639250,-0.111632,100
433,289,16.689250,-0.111632,100
480,289,19.039250,-0.111632,100
483,289,19.189250,-0.111632,100
547,289,22.389250,-0.111632,100
549,289,22.489250,-0.111632,100
9,290,-4.510751,-0.061632,100
12,290,-4.360751,-0.061632,100
328,290,11.439250,-0.061632,100
329,290,11.489250,-0.061632,100
330,290,11.539250,-0.061632,100
331,290,11.589250,-0.061632,100
332,290,11.639250,-0.061632,100
333,290,11.689250,-0.061632,100
334,290,11.739250,-0.061632,100
335,290,11.789250,-0.061632,100
337,290,11.889250,-0.061632,100
356,290,12.839250,-0.061632,100
357,290,12.889250,-0.061632,100
358,290,12.939250,-0.061632,100
433,290,16.689250,-0.061632,100
434,290,16.739250,-0.061632,100
481,290,19.089250,-0.061632,100
484,290,19.239250,-0.061632,100
548,290,22.439250,-0.061632,100
549,290,22.489250,-0.061632,100
9,291,-4.510751,-0.011632,100
12,291,-4.360751,-0.011632,100
333,291,11.689250,-0.011632,100
334,291,11.739250,-0.011632,100
335,291,11.789250,-0.011632,100
336,291,11.839250,-0.011632,100
338,291,11.939250,-0.011632,100
358,291,12.939250,-0.011632,100
359,291,12.989250,-0.011632,100
433,291,16.689250,-0.011632,100
434,291,16.739250,-0.011632,100
482,291,19.139250,-0.011632,100
484,291,19.239250,-0.011632,100
548,291,22.439250,-0.011632,100
549,291,22.489250,-0.011632,100
8,292,-4.560751,0.038368,100
11,292,-4.410751,0.038368,100
337,292,11.889250,0.038368,100
338,292,11.939250,0.038368,100
339,292,11.989250,0.038368,100
340,292,12.039250,0.038368,100
341,292,12.089250,0.038368,100
359,292,12.989250,0.038368,100
360,292,13.039250,0.038368,100
361,292,13.089250,0.038368,100
433,292,16.689250,0.038368,100
434,292,16.739250,0.038368,100
482,292,19.139250,0.038368,100
483,292,19.189250,0.038368,100
485,292,19.289250,0.038368,100
548,292,22.439250,0.038368,100
550,292,22.539250,0.038368,100
8,293,-4.560751,0.088368,100
10,293,-4.460751,0.088368,100
339,293,11.989250,0.088368,100
340,293,12.039250,0.088368,100
341,293,12.089250,0.088368,100
342,293,12.139250,0.088368,100
343,293,12.189250,0.088368,100
345,293,12.289250,0.088368,100
361,293,13.089250,0.088368,100
362,293,13.139250,0.088368,100
434,293,16.739250,0.088368,100
435,293,16.789250,0.088368,100
484,293,19.239250,0.088368,100
486,293,19.339250,0.088368,100
549,293,22.489250,0.088368,100
550,293,22.539250,0.088368,100
7,294,-4.610751,0.138368,100
10,294,-4.460751,0.138368,100
342,294,12.139250,0.138368,100
343,294,12.189250,0.138368,100
344,294,12.239250,0.138368,100
345,294,12.289250,0.138368,100
362,294,13.139250,0.138368,100
363,294,13.189250,0.138368,100
364,294,13.239250,0.138368,100
435,294,16.789250,0.138368,100
436,294,16.839250,0.138368,100
484,294,19.239250,0.138368,100
486,294,19.339250,0.138368,100
549,294,22.489250,0.138368,100
551,294,22.589250,0.138368,100
7,295,-4.610751,0.188368,100
9,295,-4.510751,0.188368,100
344,295,12.239250,0.188368,100
345,295,12.289250,0.188368,100
346,295,12.339250,0.188368,100
347,295,12.389250,0.188368,100
363,295,13.189250,0.188368,100
364,295,13.239250,0.188368,100
365,295,13.289250,0.188368,100
435,295,16.789250,0.188368,100
436,295,16.839250,0.188368,100
485,295,19.289250,0.188368,100
487,295,19.389250,0.188368,100
549,295,22.489250,0.188368,100
551,295,22.589250,0.188368,100
6,296,-4.660751,0.238368,100
9,296,-4.510751,0.238368,100
346,296,12.339250,0.238368,100
347,296,12.389250,0.238368,100
348,296,12.439250,0.238368,100
349,296,12.489250,0.238368,100
365,296,13.289250,0.238368,100
366,296,13.339250,0.238368,100
435,296,16.789250,0.238368,100
437,296,16.889250,0.238368,100
485,296,19.289250,0.238368,100
487,296,19.389250,0.238368,100
550,296,22.539250,0.238368,100
551,296,22.589250,0.238368,100
6,297,-4.660751,0.288368,100
8,297,-4.560751,0.288368,100
348,297,12.439250,0.288368,100
349,297,12.489250,0.288368,100
350,297,12.539250,0.288368,100
351,297,12.589250,0.288368,100
353,297,12.689250,0.288368,100
366,297,13.339250,0.288368,100
367,297,13.389250,0.288368,100
436,297,16.839250,0.288368,100
437,297,16.889250,0.288368,100
486,297,19.339250,0.288368,100
488,297,19.439250,0.288368,100
550,297,22.539250,0.288368,100
552,297,22.639250,0.288368,100
5,298,-4.710751,0.338368,100
8,298,-4.560751,0.338368,100
350,298,12.539250,0.338368,100
352,298,12.639250,0.338368,100
367,298,13.389250,0.338368,100
368,298,13.439250,0.338368,100
436,298,16.839250,0.338368,100
437,298,16.889250,0.338368,100
487,298,19.389250,0.338368,100
488,298,19.439250,0.338368,100
550,298,22.539250,0.338368,100
552,298,22.639250,0.338368,100
5,299,-4.710751,0.388368,100
7,299,-4.610751,0.388368,100
351,299,12.589250,0.388368,100
352,299,12.639250,0.388368,100
353,299,12.689250,0.388368,100
354,299,12.739250,0.388368,100
368,299,13.439250,0.388368,100
369,299,13.489250,0.388368,100
437,299,16.889250,0.388368,100
438,299,16.939250,0.388368,100
487,299,19.389250,0.388368,100
489,299,19.489250,0.388368,100
550,299,22.539250,0.388368,100
552,299,22.639250,0.388368,100
4,300,-4.760751,0.438368,100
7,300,-4.610751,0.438368,100
353,300,12.689250,0.438368,100
355,300,12.789250,0.438368,100
369,300,13.489250,0.438368,100
370,300,13.539250,0.438368,100
437,300,16.889250,0.438368,100
438,300,16.939250,0.438368,100
488,300,19.439250,0.438368,100
489,300,19.489250,0.438368,100
551,300,22.589250,0.438368,100
552,300,22.639250,0.438368,100
4,301,-4.760751,0.488368,100
6,301,-4.660751,0.488368,100
354,301,12.739250,0.488368,100
356,301,12.839250,0.488368,100
370,301,13.539250,0.488368,100
371,301,13.589250,0.488368,100
438,301,16.939250,0.488368,100
439,301,16.989250,0.488368,100
489,301,19.489250,0.488368,100
490,301,19.539250,0.488368,100
551,301,22.589250,0.488368,100
553,301,22.689250,0.488368,100
4,302,-4.760751,0.538368,100
6,302,-4.660751,0.538368,100
355,302,12.789250,0.538368,100
356,302,12.839250,0.538368,100
357,302,12.889250,0.538368,100
358,302,12.939250,0.538368,100
371,302,13.589250,0.538368,100
372,302,13.639250,0.538368,100
438,302,16.939250,0.538368,100
439,302,16.989250,0.538368,100
489,302,19.489250,0.538368,100
490,302,19.539250,0.538368,100
551,302,22.589250,0.538368,100
554,302,22.739250,0.538368,100
3,303,-4.810751,0.588368,100
6,303,-4.660751,0.588368,100
357,303,12.889250,0.588368,100
359,303,12.989250,0.588368,100
372,303,13.639250,0.588368,100
373,303,13.689250,0.588368,100
438,303,16.939250,0.588368,100
439,303,16.989250,0.588368,100
490,303,19.539250,0.588368,100
491,303,19.589250,0.588368,100
552,303,22.639250,0.588368,100
553,303,22.689250,0.588368,100
3,304,-4.810751,0.638368,100
5,304,-4.710751,0.638368,100
358,304,12.939250,0.638368,100
360,304,13.039250,0.638368,100
373,304,13.689250,0.638368,100
374,304,13.739250,0.638368,100
439,304,16.989250,0.638368,100
440,304,17.039250,0.638368,100
490,304,19.539250,0.638368,100
491,304,19.589250,0.638368,100
552,304,22.639250,0.638368,100
554,304,22.739250,0.638368,100
2,305,-4.860751,0.688368,100
5,305,-4.710751,0.688368,100
359,305,12.989250,0.688368,100
361,305,13.089250,0.688368,100
374,305,13.739250,0.688368,100
439,305,16.989250,0.688368,100
440,305,17.039250,0.688368,100
490,305,19.539250,0.688368,100
491,305,19.589250,0.688368,100
552,305,22.639250,0.688368,100
554,305,22.739250,0.688368,100
2,306,-4.860751,0.738368,100
4,306,-4.760751,0.738368,100
360,306,13.039250,0.738368,100
362,306,13.139250,0.738368,100
374,306,13.739250,0.738368,100
375,306,13.789250,0.738368,100
439,306,16.989250,0.738368,100
441,306,17.089250,0.738368,100
491,306,19.589250,0.738368,100
492,306,19.639250,0.738368,100
552,306,22.639250,0.738368,100
555,306,22.789250,0.738368,100
2,307,-4.860751,0.788368,100
4,307,-4.760751,0.788368,100
361,307,13.089250,0.788368,100
363,307,13.189250,0.788368,100
375,307,13.789250,0.788368,100
376,307,13.839250,0.788368,100
440,307,17.039250,0.788368,100
441,307,17.089250,0.788368,100
491,307,19.589250,0.788368,100
492,307,19.639250,0.788368,100
552,307,22.639250,0.788368,100
554,307,22.739250,0.788368,100
2,308,-4.860751,0.838368,100
4,308,-4.760751,0.838368,100
362,308,13.139250,0.838368,100
364,308,13.239250,0.838368,100
376,308,13.839250,0.838368,100
377,308,13.889250,0.838368,100
440,308,17.039250,0.838368,100
441,308,17.089250,0.838368,100
491,308,19.589250,0.838368,100
493,308,19.689250,0.838368,100
553,308,22.689250,0.838368,100
554,308,22.739250,0.838368,100
1,309,-4.910751,0.888368,100
4,309,-4.760751,0.888368,100
363,309,13.189250,0.888368,100
365,309,13.289250,0.888368,100
377,309,13.889250,0.888368,100
440,309,17.039250,0.888368,100
441,309,17.089250,0.888368,100
491,309,19.589250,0.888368,100
493,309,19.689250,0.888368,100
553,309,22.689250,0.888368,100
555,309,22.789250,0.888368,100
1,310,-4.910751,0.938368,100
3,310,-4.810751,0.938368,100
364,310,13.239250,0.938368,100
366,310,13.339250,0.938368,100
377,310,13.889250,0.938368,100
378,310,13.939250,0.938368,100
441,310,17.089250,0.938368,100
442,310,17.139250,0.938368,100
492,310,19.639250,0.938368,100
493,310,19.689250,0.938368,100
553,310,22.689250,0.938368,100
555,310,22.789250,0.938368,100
1,311,-4.910751,0.988368,100
3,311,-4.810751,0.988368,100
364,311,13.239250,0.988368,100
367,311,13.389250,0.988368,100
378,311,13.939250,0.988368,100
379,311,13.989250,0.988368,100
441,311,17.089250,0.988368,100
442,311,17.139250,0.988368,100
493,311,19.689250,0.988368,100
494,311,19.739250,0.988368,100
553,311,22.689250,0.988368,100
556,311,22.839250,0.988368,100
1,312,-4.910751,1.038368,100
3,312,-4.810751,1.038368,100
365,312,13.289250,1.038368,100
367,312,13.389250,1.038368,100
379,312,13.989250,1.038368,100
441,312,17.089250,1.038368,100
442,312,17.139250,1.038368,100
493,312,19.689250,1.038368,100
494,312,19.739250,1.038368,100
553,312,22.689250,1.038368,100
555,312,22.789250,1.038368,100
1,313,-4.910751,1.088368,100
3,313,-4.810751,1.088368,100
366,313,13.339250,1.088368,100
368,313,13.439250,1.088368,100
379,313,13.989250,1.088368,100
380,313,14.039250,1.088368,100
442,313,17.139250,1.088368,100
443,313,17.189250,1.088368,100
493,313,19.689250,1.088368,100
494,313,19.739250,1.088368,100
554,313,22.739250,1.088368,100
555,313,22.789250,1.088368,100
1,314,-4.910751,1.138368,100
2,314,-4.860751,1.138368,100
366,314,13.339250,1.138368,100
369,314,13.489250,1.138368,100
380,314,14.039250,1.138368,100
442,314,17.139250,1.138368,100
443,314,17.189250,1.138368,100
494,314,19.739250,1.138368,100
554,314,22.739250,1.138368,100
556,314,22.839250,1.138368,100
0,315,-4.960751,1.188368,100
2,315,-4.860751,1.188368,100
367,315,13.389250,1.188368,100
369,315,13.489250,1.188368,100
380,315,14.039250,1.188368,100
381,315,14.089250,1.188368,100
442,315,17.139250,1.188368,100
443,315,17.189250,1.188368,100
494,315,19.739250,1.188368,100
495,315,19.789250,1.188368,100
554,315,22.739250,1.188368,100
556,315,22.839250,1.188368,100
0,316,-4.960751,1.238368,100
2,316,-4.860751,1.238368,100
368,316,13.439250,1.238368,100
370,316,13.539250,1.238368,100
381,316,14.089250,1.238368,100
442,316,17.139250,1.238368,100
443,316,17.189250,1.238368,100
494,316,19.739250,1.238368,100
495,316,19.789250,1.238368,100
554,316,22.739250,1.238368,100
557,316,22.889250,1.238368,100
0,317,-4.960751,1.288368,100
2,317,-4.860751,1.288368,100
369,317,13.489250,1.288368,100
371,317,13.589250,1.288368,100
381,317,14.089250,1.288368,100
382,317,14.139250,1.288368,100
443,317,17.189250,1.288368,100
444,317,17.239250,1.288368,100
495,317,19.789250,1.288368,100
554,317,22.739250,1.288368,100
556,317,22.839250,1.288368,100
0,318,-4.960751,1.338369,100
2,318,-4.860751,1.338369,100
369,318,13.489250,1.338369,100
372,318,13.639250,1.338369,100
382,318,14.139250,1.338369,100
443,318,17.189250,1.338369,100
444,318,17.239250,1.338369,100
495,318,19.789250,1.338369,100
554,318,22.739250,1.338369,100
556,318,22.839250,1.338369,100
0,319,-4.960751,1.388369,100
2,319,-4.860751,1.388369,100
370,319,13.539250,1.388369,100
372,319,13.639250,1.388369,100
382,319,14.139250,1.388369,100
383,319,14.189250,1.388369,100
443,319,17.189250,1.388369,100
444,319,17.239250,1.388369,100
495,319,19.789250,1.388369,100
496,319,19.839250,1.388369,100
555,319,22.789250,1.388369,100
556,319,22.839250,1.388369,100
0,320,-4.960751,1.438369,100
2,320,-4.860751,1.438369,100
370,320,13.539250,1.438369,100
372,320,13.639250,1.438369,100
383,320,14.189250,1.438369,100
443,320,17.189250,1.438369,100
444,320,17.239250,1.438369,100
495,320,19.789250,1.438369,100
496,320,19.839250,1.438369,100
555,320,22.789250,1.438369,100
556,320,22.839250,1.438369,100
0,321,-4.960751,1.488369,100
2,321,-4.860751,1.488369,100
371,321,13.589250,1.488369,100
373,321,13.689250,1.488369,100
383,321,14.189250,1.488369,100
384,321,14.239250,1.488369,100
444,321,17.239250,1.488369,100
445,321,17.289250,1.488369,100
496,321,19.839250,1.488369,100
555,321,22.789250,1.488369,100
557,321,22.889250,1.488369,100
0,322,-4.960751,1.538369,100
2,322,-4.860751,1.538369,100
371,322,13.589250,1.538369,100
373,322,13.689250,1.538369,100
384,322,14.239250,1.538369,100
444,322,17.239250,1.538369,100
445,322,17.289250,1.538369,100
496,322,19.839250,1.538369,100
555,322,22.789250,1.538369,100
557,322,22.889250,1.538369,100
0,323,-4.960751,1.588369,100
2,323,-4.860751,1.588369,100
59,323,-2.010750,1.588369,100
60,323,-1.960750,1.588369,100
61,323,-1.910750,1.588369,100
62,323,-1.860750,1.588369,100
63,323,-1.810750,1.588369,100
65,323,-1.710750,1.588369,100
66,323,-1.660750,1.588369,100
67,323,-1.610750,1.588369,100
372,323,13.639250,1.588369,100
374,323,13.739250,1.588369,100
384,323,14.239250,1.588369,100
444,323,17.239250,1.588369,100
445,323,17.289250,1.588369,100
496,323,19.839250,1.588369,100
555,323,22.789250,1.588369,100
558,323,22.939250,1.588369,100
0,324,-4.960751,1.638369,100
2,324,-4.860751,1.638369,100
59,324,-2.010750,1.638369,100
62,324,-1.860750,1.638369,100
63,324,-1.810750,1.638369,100
64,324,-1.760750,1.638369,100
65,324,-1.710750,1.638369,100
66,324,-1.660750,1.638369,100
67,324,-1.610750,1.638369,100
68,324,-1.560750,1.638369,100
69,324,-1.510750,1.638369,100
70,324,-1.460750,1.638369,100
71,324,-1.410750,1.638369,100
72,324,-1.360750,1.638369,100
73,324,-1.310750,1.638369,100
74,324,-1.260750,1.638369,100
372,324,13.639250,1.638369,100
374,324,13.739250,1.638369,100
384,324,14.239250,1.638369,100
385,324,14.289250,1.638369,100
444,324,17.239250,1.638369,100
445,324,17.289250,1.638369,100
496,324,19.839250,1.638369,100
497,324,19.889250,1.638369,100
555,324,22.789250,1.638369,100
557,324,22.889250,1.638369,100
0,325,-4.960751,1.688369,100
2,325,-4.860751,1.688369,100
60,325,-1.960750,1.688369,100
61,325,-1.910750,1.688369,100
71,325,-1.410750,1.688369,100
72,325,-1.360750,1.688369,100
73,325,-1.310750,1.688369,100
74,325,-1.260750,1.688369,100
75,325,-1.210750,1.688369,100
76,325,-1.160750,1.688369,100
77,325,-1.110750,1.688369,100
78,325,-1.060750,1.688369,100
79,325,-1.010750,1.688369,100
80,325,-0.960750,1.688369,100
81,325,-0.910750,1.688369,100
82,325,-0.860750,1.688369,100
373,325,13.689250,1.688369,100
375,325,13.789250,1.688369,100
385,325,14.289250,1.688369,100
444,325,17.239250,1.688369,100
445,325,17.289250,1.688369,100
496,325,19.839250,1.688369,100
497,325,19.889250,1.688369,100
555,325,22.789250,1.688369,100
557,325,22.889250,1.688369,100
0,326,-4.960751,1.738369,100
2,326,-4.860751,1.738369,100
60,326,-1.960750,1.738369,100
62,326,-1.860750,1.738369,100
79,326,-1.010750,1.738369,100
80,326,-0.960750,1.738369,100
81,326,-0.910750,1.738369,100
82,326,-0.860750,1.738369,100
83,326,-0.810750,1.738369,100
84,326,-0.760750,1.738369,100
85,326,-0.710750,1.738369,100
86,326,-0.660750,1.738369,100
87,326,-0.610750,1.738369,100
88,326,-0.560750,1.738369,100
89,326,-0.510750,1.738369,100
90,326,-0.460750,1.738369,100
91,326,-0.410750,1.738369,100
373,326,13.689250,1.738369,100
375,326,13.789250,1.738369,100
385,326,14.289250,1.738369,100
445,326,17.289250,1.738369,100
446,326,17.339250,1.738369,100
496,326,19.839250,1.738369,100
497,326,19.889250,1.738369,100
555,326,22.789250,1.738369,100
557,326,22.889250,1.738369,100
0,327,-4.960751,1.788369,100
2,327,-4.860751,1.788369,100
61,327,-1.910750,1.788369,100
63,327,-1.810750,1.788369,100
89,327,-0.510750,1.788369,100
90,327,-0.460750,1.788369,100
91,327,-0.410750,1.788369,100
92,327,-0.360750,1.788369,100
93,327,-0.310750,1.788369,100
94,327,-0.260750,1.788369,100
95,327,-0.210750,1.788369,100
96,327,-0.160750,1.788369,100
97,327,-0.110750,1.788369,100
98,327,-0.060750,1.788369,100
99,327,-0.010750,1.788369,100
100,327,0.039250,1.788369,100
101,327,0.089250,1.788369,100
102,327,0.139250,1.788369,100
373,327,13.689250,1.788369,100
376,327,13.839250,1.788369,100
385,327,14.289250,1.788369,100
386,327,14.339250,1.788369,100
445,327,17.289250,1.788369,100
446,327,17.339250,1.788369,100
497,327,19.889250,1.788369,100
555,327,22.789250,1.788369,100
557,327,22.889250,1.788369,100
0,328,-4.960751,1.838369,100
2,328,-4.860751,1.838369,100
62,328,-1.860750,1.838369,100
64,328,-1.760750,1.838369,100
98,328,-0.060750,1.838369,100
99,328,-0.010750,1.838369,100
100,328,0.039250,1.838369,100
101,328,0.089250,1.838369,100
102,328,0.139250,1.838369,100
103,328,0.189250,1.838369,100
104,328,0.239250,1.838369,100
105,328,0.289250,1.838369,100
106,328,0.339250,1.838369,100
107,328,0.389250,1.838369,100
108,328,0.439250,1.838369,100
109,328,0.489250,1.838369,100
110,328,0.539250,1.838369,100
111,328,0.589250,1.838369,100
112,328,0.639250,1.838369,100
113,328,0.689250,1.838369,100
374,328,13.739250,1.838369,100
376,328,13.839250,1.838369,100
386,328,14.339250,1.838369,100
445,328,17.289250,1.838369,100
446,328,17.339250,1.838369,100
497,328,19.889250,1.838369,100
556,328,22.839250,1.838369,100
557,328,22.889250,1.838369,100
0,329,-4.960751,1.888369,100
2,329,-4.860751,1.888369,100
63,329,-1.810750,1.888369,100
64,329,-1.760750,1.888369,100
106,329,0.339250,1.888369,100
107,329,0.389250,1.888369,100
108,329,0.439250,1.888369,100
109,329,0.489250,1.888369,100
110,329,0.539250,1.888369,100
111,329,0.589250,1.888369,100
112,329,0.639250,1.888369,100
113,329,0.689250,1.888369,100
114,329,0.739250,1.888369,100
115,329,0.789250,1.888369,100
116,329,0.839250,1.888369,100
117,329,0.889250,1.888369,100
118,329,0.939250,1.888369,100
119,329,0.989250,1.888369,100
120,329,1.039250,1.888369,100
121,329,1.089250,1.888369,100
122,329,1.139250,1.888369,100
123,329,1.189250,1.888369,100
124,329,1.239250,1.888369,100
374,329,13.739250,1.888369,100
376,329,13.839250,1.888369,100
386,329,14.339250,1.888369,100
445,329,17.289250,1.888369,100
446,329,17.339250,1.888369,100
497,329,19.889250,1.888369,100
556,329,22.839250,1.888369,100
557,329,22.889250,1.888369,100
1,330,-4.910751,1.938369,100
2,330,-4.860751,1.938369,100
64,330,-1.760750,1.938369,100
65,330,-1.710750,1.938369,100
116,330,0.839250,1.938369,100
117,330,0.889250,1.938369,100
118,330,0.939250,1.938369,100
119,330,0.989250,1.938369,100
120,330,1.039250,1.938369,100
121,330,1.089250,1.938369,100
122,330,1.139250,1.938369,100
125,330,1.289250,1.938369,100
126,330,1.339250,1.938369,100
127,330,1.389250,1.938369,100
128,330,1.439250,1.938369,100
129,330,1.489250,1.938369,100
130,330,1.539250,1.938369,100
131,330,1.589250,1.938369,100
132,330,1.639250,1.938369,100
133,330,1.689250,1.938369,100
134,330,1.739250,1.938369,100
135,330,1.789250,1.938369,100
136,330,1.839250,1.938369,100
137,330,1.889250,1.938369,100
374,330,13.739250,1.938369,100
377,330,13.889250,1.938369,100
386,330,14.339250,1.938369,100
387,330,14.389250,1.938369,100
445,330,17.289250,1.938369,100
446,330,17.339250,1.938369,100
497,330,19.889250,1.938369,100
556,330,22.839250,1.938369,100
557,330,22.889250,1.938369,100
1,331,-4.910751,1.988369,100
2,331,-4.860751,1.988369,100
65,331,-1.710750,1.988369,100
66,331,-1.660750,1.988369,100
123,331,1.189250,1.988369,100
124,331,1.239250,1.988369,100
125,331,1.289250,1.988369,100
126,331,1.339250,1.988369,100
127,331,1.389250,1.988369,100
128,331,1.439250,1.988369,100
129,331,1.489250,1.988369,100
131,331,1.589250,1.988369,100
133,331,1.689250,1.988369,100
134,331,1.739250,1.988369,100
136,331,1.839250,1.988369,100
138,331,1.939250,1.988369,100
139,331,1.989250,1.988369,100
140,331,2.039250,1.988369,100
141,331,2.089250,1.988369,100
142,331,2.139250,1.988369,100
143,331,2.189250,1.988369,100
144,331,2.239250,1.988369,100
145,331,2.289250,1.988369,100
146,331,2.339250,1.988369,100
147,331,2.389250,1.988369,100
148,331,2.439250,1.988369,100
149,331,2.489250,1.988369,100
150,331,2.539250,1.988369,100
151,331,2.589250,1.988369,100
375,331,13.789250,1.988369,100
377,331,13.889250,1.988369,100
387,331,14.389250,1.988369,100
445,331,17.289250,1.988369,100
446,331,17.339250,1.988369,100
497,331,19.889250,1.988369,100
556,331,22.839250,1.988369,100
558,331,22.939250,1.988369,100
1,332,-4.910751,2.038369,100
2,332,-4.860751,2.038369,100
65,332,-1.710750,2.038369,100
67,332,-1.610750,2.038369,100
132,332,1.639250,2.038369,100
133,332,1.689250,2.038369,100
134,332,1.739250,2.038369,100
136,332,1.839250,2.038369,100
137,332,1.889250,2.038369,100
138,332,1.939250,2.038369,100
139,332,1.989250,2.038369,100
140,332,2.039250,2.038369,100
142,332,2.139250,2.038369,100
144,332,2.239250,2.038369,100
148,332,2.439250,2.038369,100
150,332,2.539250,2.038369,100
151,332,2.589250,2.038369,100
152,332,2.639250,2.038369,100
153,332,2.689250,2.038369,100
154,332,2.739250,2.038369,100
155,332,2.789250,2.038369,100
156,332,2.839250,2.038369,100
157,332,2.889250,2.038369,100
158,332,2.939250,2.038369,100
159,332,2.989250,2.038369,100
160,332,3.039250,2.038369,100
161,332,3.089250,2.038369,100
162,332,3.139250,2.038369,100
163,332,3.189250,2.038369,100
375,332,13.789250,2.038369,100
377,332,13.889250,2.038369,100
387,332,14.389250,2.038369,100
445,332,17.289250,2.038369,100
447,332,17.389250,2.038369,100
497,332,19.889250,2.038369,100
556,332,22.839250,2.038369,100
558,332,22.939250,2.038369,100
1,333,-4.910751,2.088369,100
2,333,-4.860751,2.088369,100
66,333,-1.660750,2.088369,100
67,333,-1.610750,2.088369,100
140,333,2.039250,2.088369,100
142,333,2.139250,2.088369,100
144,333,2.239250,2.088369,100
145,333,2.289250,2.088369,100
147,333,2.389250,2.088369,100
148,333,2.439250,2.088369,100
149,333,2.489250,2.088369,100
152,333,2.639250,2.088369,100
154,333,2.739250,2.088369,100
159,333,2.989250,2.088369,100
160,333,3.039250,2.088369,100
162,333,3.139250,2.088369,100
163,333,3.189250,2.088369,100
164,333,3.239250,2.088369,100
165,333,3.289250,2.088369,100
166,333,3.339250,2.088369,100
167,333,3.389250,2.088369,100
168,333,3.439250,2.088369,100
169,333,3.489250,2.088369,100
170,333,3.539250,2.088369,100
171,333,3.589250,2.088369,100
172,333,3.639250,2.088369,100
173,333,3.689250,2.088369,100
174,333,3.739250,2.088369,100
375,333,13.789250,2.088369,100
378,333,13.939250,2.088369,100
387,333,14.389250,2.088369,100
446,333,17.339250,2.088369,100
447,333,17.389250,2.088369,100
497,333,19.889250,2.088369,100
556,333,22.839250,2.088369,100
558,333,22.939250,2.088369,100
1,334,-4.910751,2.138369,100
3,334,-4.810751,2.138369,100
67,334,-1.610750,2.138369,100
68,334,-1.560750,2.138369,100
69,334,-1.510750,2.138369,100
149,334,2.489250,2.138369,100
151,334,2.589250,2.138369,100
153,334,2.689250,2.138369,100
155,334,2.789250,2.138369,100
156,334,2.839250,2.138369,100
157,334,2.889250,2.138369,100
159,334,2.989250,2.138369,100
161,334,3.089250,2.138369,100
170,334,3.539250,2.138369,100
172,334,3.639250,2.138369,100
174,334,3.739250,2.138369,100
175,334,3.789250,2.138369,100
176,334,3.839250,2.138369,100
177,334,3.889250,2.138369,100
178,334,3.939250,2.138369,100
179,334,3.989250,2.138369,100
180,334,4.039250,2.138369,100
181,334,4.089250,2.138369,100
182,334,4.139250,2.138369,100
183,334,4.189250,2.138369,100
184,334,4.239250,2.138369,100
376,334,13.839250,2.138369,100
378,334,13.939250,2.138369,100
387,334,14.389250,2.138369,100
388,334,14.439250,2.138369,100
446,334,17.339250,2.138369,100
447,334,17.389250,2.138369,100
497,334,19.889250,2.138369,100
556,334,22.839250,2.138369,100
558,334,22.939250,2.138369,100
1,335,-4.910751,2.188369,100
3,335,-4.810751,2.188369,100
68,335,-1.560750,2.188369,100
69,335,-1.510750,2.188369,100
160,335,3.039250,2.188369,100
161,335,3.089250,2.188369,100
163,335,3.189250,2.188369,100
167,335,3.389250,2.188369,100
171,335,3.589250,2.188369,100
173,335,3.689250,2.188369,100
182,335,4.139250,2.188369,100
183,335,4.189250,2.188369,100
185,335,4.289250,2.188369,100
186,335,4.339250,2.188369,100
187,335,4.389250,2.188369,100
188,335,4.439250,2.188369,100
189,335,4.489250,2.188369,100
190,335,4.539250,2.188369,100
191,335,4.589250,2.188369,100
192,335,4.639250,2.188369,100
193,335,4.689250,2.188369,100
194,335,4.739250,2.188369,100
376,335,13.839250,2.188369,100
378,335,13.939250,2.188369,100
387,335,14.389250,2.188369,100
388,335,14.439250,2.188369,100
446,335,17.339250,2.188369,100
447,335,17.389250,2.188369,100
497,335,19.889250,2.188369,100
556,335,22.839250,2.188369,100
558,335,22.939250,2.188369,100
2,336,-4.860751,2.238369,100
3,336,-4.810751,2.238369,100
69,336,-1.510750,2.238369,100
70,336,-1.460750,2.238369,100
165,336,3.289250,2.238369,100
168,336,3.439250,2.238369,100
171,336,3.589250,2.238369,100
173,336,3.689250,2.238369,100
175,336,3.789250,2.238369,100
176,336,3.839250,2.238369,100
178,336,3.939250,2.238369,100
179,336,3.989250,2.238369,100
181,336,4.089250,2.238369,100
184,336,4.239250,2.238369,100
193,336,4.689250,2.238369,100
194,336,4.739250,2.238369,100
195,336,4.789250,2.238369,100
196,336,4.839250,2.238369,100
197,336,4.889250,2.238369,100
198,336,4.939250,2.238369,100
199,336,4.989250,2.238369,100
200,336,5.039250,2.238369,100
201,336,5.089250,2.238369,100
202,336,5.139250,2.238369,100
203,336,5.189250,2.238369,100
204,336,5.239250,2.238369,100
205,336,5.289250,2.238369,100
376,336,13.839250,2.238369,100
378,336,13.939250,2.238369,100
388,336,14.439250,2.238369,100
446,336,17.339250,2.238369,100
447,336,17.389250,2.238369,100
497,336,19.889250,2.238369,100
556,336,22.839250,2.238369,100
558,336,22.939250,2.238369,100
2,337,-4.860751,2.288369,100
3,337,-4.810751,2.288369,100
70,337,-1.460750,2.288369,100
71,337,-1.410750,2.288369,100
178,337,3.939250,2.288369,100
180,337,4.039250,2.288369,100
184,337,4.239250,2.288369,100
187,337,4.389250,2.288369,100
189,337,4.489250,2.288369,100
190,337,4.539250,2.288369,100
197,337,4.889250,2.288369,100
198,337,4.939250,2.288369,100
199,337,4.989250,2.288369,100
201,337,5.089250,2.288369,100
202,337,5.139250,2.288369,100
203,337,5.189250,2.288369,100
204,337,5.239250,2.288369,100
205,337,5.289250,2.288369,100
206,337,5.339250,2.288369,100
207,337,5.389250,2.288369,100
208,337,5.439250,2.288369,100
209,337,5.489250,2.288369,100
210,337,5.539250,2.288369,100
211,337,5.589250,2.288369,100
212,337,5.639250,2.288369,100
213,337,5.689250,2.288369,100
214,337,5.739250,2.288369,100
215,337,5.789250,2.288369,100
216,337,5.839250,2.288369,100
376,337,13.839250,2.288369,100
379,337,13.989250,2.288369,100
388,337,14.439250,2.288369,100
446,337,17.339250,2.288369,100
447,337,17.389250,2.288369,100
497,337,19.889250,2.288369,100
498,337,19.939250,2.288369,100
556,337,22.839250,2.288369,100
558,337,22.939250,2.288369,100
2,338,-4.860751,2.338369,100
4,338,-4.760751,2.338369,100
70,338,-1.460750,2.338369,100
72,338,-1.360750,2.338369,100
185,338,4.289250,2.338369,100
187,338,4.389250,2.338369,100
193,338,4.689250,2.338369,100
194,338,4.739250,2.338369,100
197,338,4.889250,2.338369,100
200,338,5.039250,2.338369,100
207,338,5.389250,2.338369,100
217,338,5.889250,2.338369,100
218,338,5.939250,2.338369,100
219,338,5.989250,2.338369,100
220,338,6.039250,2.338369,100
221,338,6.089250,2.338369,100
222,338,6.139250,2.338369,100
223,338,6.189250,2.338369,100
224,338,6.239250,2.338369,100
225,338,6.289250,2.338369,100
226,338,6.339250,2.338369,100
227,338,6.389250,2.338369,100
228,338,6.439250,2.338369,100
376,338,13.839250,2.338369,100
379,338,13.989250,2.338369,100
388,338,14.439250,2.338369,100
446,338,17.339250,2.338369,100
447,338,17.389250,2.338369,100
497,338,19.889250,2.338369,100
556,338,22.839250,2.338369,100
558,338,22.939250,2.338369,100
2,339,-4.860751,2.388369,100
4,339,-4.760751,2.388369,100
71,339,-1.410750,2.388369,100
72,339,-1.360750,2.388369,100
193,339,4.689250,2.388369,100
196,339,4.839250,2.388369,100
204,339,5.239250,2.388369,100
205,339,5.289250,2.388369,100
207,339,5.389250,2.388369,100
229,339,6.489250,2.388369,100
230,339,6.539250,2.388369,100
231,339,6.589250,2.388369,100
232,339,6.639250,2.388369,100
233,339,6.689250,2.388369,100
234,339,6.739250,2.388369,100
235,339,6.789250,2.388369,100
236,339,6.839250,2.388369,100
237,339,6.889250,2.388369,100
238,339,6.939250,2.388369,100
376,339,13.839250,2.388369,100
379,339,13.989250,2.388369,100
388,339,14.439250,2.388369,100
446,339,17.339250,2.388369,100
447,339,17.389250,2.388369,100
497,339,19.889250,2.388369,100
556,339,22.839250,2.388369,100
558,339,22.939250,2.388369,100
3,340,-4.810751,2.438369,100
4,340,-4.760751,2.438369,100
72,340,-1.360750,2.438369,100
73,340,-1.310750,2.438369,100
200,340,5.039250,2.438369,100
201,340,5.089250,2.438369,100
202,340,5.139250,2.438369,100
203,340,5.189250,2.438369,100
206,340,5.339250,2.438369,100
215,340,5.789250,2.438369,100
216,340,5.839250,2.438369,100
217,340,5.889250,2.438369,100
218,340,5.939250,2.438369,100
219,340,5.989250,2.438369,100
220,340,6.039250,2.438369,100
221,340,6.089250,2.438369,100
222,340,6.139250,2.438369,100
223,340,6.189250,2.438369,100
224,340,6.239250,2.438369,100
225,340,6.289250,2.438369,100
226,340,6.339250,2.438369,100
239,340,6.989250,2.438369,100
240,340,7.039250,2.438369,100
241,340,7.089250,2.438369,100
242,340,7.139250,2.438369,100
243,340,7.189250,2.438369,100
244,340,7.239250,2.438369,100
245,340,7.289250,2.438369,100
246,340,7.339250,2.438369,100
247,340,7.389250,2.438369,100
248,340,7.439250,2.438369,100
249,340,7.489250,2.438369,100
250,340,7.539250,2.438369,100
377,340,13.889250,2.438369,100
379,340,13.989250,2.438369,100
388,340,14.439250,2.438369,100
389,340,14.489250,2.438369,100
446,340,17.339250,2.438369,100
447,340,17.389250,2.438369,100
497,340,19.889250,2.438369,100
556,340,22.839250,2.438369,100
558,340,22.939250,2.438369,100
3,341,-4.810751,2.488369,100
4,341,-4.760751,2.488369,100
73,341,-1.310750,2.488369,100
74,341,-1.260750,2.488369,100
197,341,4.889250,2.488369,100
198,341,4.939250,2.488369,100
199,341,4.989250,2.488369,100
208,341,5.439250,2.488369,100
209,341,5.489250,2.488369,100
210,341,5.539250,2.488369,100
211,341,5.589250,2.488369,100
212,341,5.639250,2.488369,100
213,341,5.689250,2.488369,100
214,341,5.739250,2.488369,100
227,341,6.389250,2.488369,100
228,341,6.439250,2.488369,100
229,341,6.489250,2.488369,100
230,341,6.539250,2.488369,100
231,341,6.589250,2.488369,100
232,341,6.639250,2.488369,100
233,341,6.689250,2.488369,100
234,341,6.739250,2.488369,100
235,341,6.789250,2.488369,100
236,341,6.839250,2.488369,100
237,341,6.889250,2.488369,100
238,341,6.939250,2.488369,100
239,341,6.989250,2.488369,100
240,341,7.039250,2.488369,100
241,341,7.089250,2.488369,100
242,341,7.139250,2.488369,100
243,341,7.189250,2.488369,100
244,341,7.239250,2.488369,100
251,341,7.589250,2.488369,100
252,341,7.639250,2.488369,100
253,341,7.689250,2.488369,100
254,341,7.739250,2.488369,100
255,341,7.789250,2.488369,100
256,341,7.839250,2.488369,100
257,341,7.889250,2.488369,100
258,341,7.939250,2.488369,100
259,341,7.989250,2.488369,100
260,341,8.039250,2.488369,100
261,341,8.089250,2.488369,100
377,341,13.889250,2.488369,100
379,341,13.989250,2.488369,100
388,341,14.439250,2.488369,100
389,341,14.489250,2.488369,100
446,341,17.339250,2.488369,100
447,341,17.389250,2.488369,100
497,341,19.889250,2.488369,100
556,341,22.839250,2.488369,100
558,341,22.939250,2.488369,100
3,342,-4.810751,2.538369,100
5,342,-4.710751,2.538369,100
74,342,-1.260750,2.538369,100
75,342,-1.210750,2.538369,100
195,342,4.789250,2.538369,100
196,342,4.839250,2.538369,100
204,342,5.239250,2.538369,100
205,342,5.289250,2.538369,100
206,342,5.339250,2.538369,100
207,342,5.389250,2.538369,100
245,342,7.289250,2.538369,100
246,342,7.339250,2.538369,100
247,342,7.389250,2.538369,100
248,342,7.439250,2.538369,100
249,342,7.489250,2.538369,100
250,342,7.539250,2.538369,100
251,342,7.589250,2.538369,100
252,342,7.639250,2.538369,100
253,342,7.689250,2.538369,100
254,342,7.739250,2.538369,100
255,342,7.789250,2.538369,100
256,342,7.839250,2.538369,100
262,342,8.139250,2.538369,100
263,342,8.189250,2.538369,100
264,342,8.239250,2.538369,100
265,342,8.289250,2.538369,100
266,342,8.339250,2.538369,100
267,342,8.389250,2.538369,100
268,342,8.439250,2.538369,100
269,342,8.489250,2.538369,100
270,342,8.539250,2.538369,100
271,342,8.589250,2.538369,100
272,342,8.639250,2.538369,100
377,342,13.889250,2.538369,100
379,342,13.989250,2.538369,100
388,342,14.439250,2.538369,100
389,342,14.489250,2.538369,100
446,342,17.339250,2.538369,100
447,342,17.389250,2.538369,100
497,342,19.889250,2.538369,100
556,342,22.839250,2.538369,100
558,342,22.939250,2.538369,100
4,343,-4.760751,2.588369,100
5,343,-4.710751,2.588369,100
74,343,-1.260750,2.588369,100
76,343,-1.160750,2.588369,100
192,343,4.639250,2.588369,100
193,343,4.689250,2.588369,100
194,343,4.739250,2.588369,100
201,343,5.089250,2.588369,100
202,343,5.139250,2.588369,100
203,343,5.189250,2.588369,100
257,343,7.889250,2.588369,100
258,343,7.939250,2.588369,100
259,343,7.989250,2.588369,100
260,343,8.039250,2.588369,100
261,343,8.089250,2.588369,100
262,343,8.139250,2.588369,100
263,343,8.189250,2.588369,100
264,343,8.239250,2.588369,100
265,343,8.289250,2.588369,100
266,343,8.339250,2.588369,100
267,343,8.389250,2.588369,100
273,343,8.689250,2.588369,100
274,343,8.739250,2.588369,100
275,343,8.789250,2.588369,100
276,343,8.839250,2.588369,100
277,343,8.889250,2.588369,100
278,343,8.939250,2.588369,100
279,343,8.989250,2.588369,100
280,343,9.039250,2.588369,100
281,343,9.089250,2.588369,100
282,343,9.139250,2.588369,100
283,343,9.189250,2.588369,100
377,343,13.889250,2.588369,100
379,343,13.989250,2.588369,100
388,343,14.439250,2.588369,100
389,343,14.489250,2.588369,100
446,343,17.339250,2.588369,100
447,343,17.389250,2.588369,100
497,343,19.889250,2.588369,100
556,343,22.839250,2.588369,100
558,343,22.939250,2.588369,100
4,344,-4.760751,2.638369,100
5,344,-4.710751,2.638369,100
75,344,-1.210750,2.638369,100
77,344,-1.110750,2.638369,100
190,344,4.539250,2.638369,100
191,344,4.589250,2.638369,100
198,344,4.939250,2.638369,100
199,344,4.989250,2.638369,100
200,344,5.039250,2.638369,100
268,344,8.439250,2.638369,100
269,344,8.489250,2.638369,100
270,344,8.539250,2.638369,100
271,344,8.589250,2.638369,100
272,344,8.639250,2.638369,100
273,344,8.689250,2.638369,100
274,344,8.739250,2.638369,100
275,344,8.789250,2.638369,100
276,344,8.839250,2.638369,100
277,344,8.889250,2.638369,100
278,344,8.939250,2.638369,100
279,344,8.989250,2.638369,100
284,344,9.239250,2.638369,100
285,344,9.289250,2.638369,100
286,344,9.339250,2.638369,100
287,344,9.389250,2.638369,100
288,344,9.439250,2.638369,100
289,344,9.489250,2.638369,100
290,344,9.539250,2.638369,100
291,344,9.589250,2.638369,100
292,344,9.639250,2.638369,100
293,344,9.689250,2.638369,100
294,344,9.739250,2.638369,100
295,344,9.789250,2.638369,100
296,344,9.839250,2.638369,100
377,344,13.889250,2.638369,100
380,344,14.039250,2.638369,100
388,344,14.439250,2.638369,100
389,344,14.489250,2.638369,100
446,344,17.339250,2.638369,100
447,344,17.389250,2.638369,100
497,344,19.889250,2.638369,100
556,344,22.839250,2.638369,100
558,344,22.939250,2.638369,100
4,345,-4.760751,2.688369,100
6,345,-4.660751,2.688369,100
76,345,-1.160750,2.688369,100
77,345,-1.110750,2.688369,100
188,345,4.439250,2.688369,100
189,345,4.489250,2.688369,100
195,345,4.789250,2.688369,100
196,345,4.839250,2.688369,100
197,345,4.889250,2.688369,100
280,345,9.039250,2.688369,100
281,345,9.089250,2.688369,100
282,345,9.139250,2.688369,100
283,345,9.189250,2.688369,100
284,345,9.239250,2.688369,100
285,345,9.289250,2.688369,100
286,345,9.339250,2.688369,100
287,345,9.389250,2.688369,100
288,345,9.439250,2.688369,100
289,345,9.489250,2.688369,100
290,345,9.539250,2.688369,100
297,345,9.889250,2.688369,100
298,345,9.939250,2.688369,100
299,345,9.989250,2.688369,100
300,345,10.039250,2.688369,100
301,345,10.089250,2.688369,100
302,345,10.139250,2.688369,100
303,345,10.189250,2.688369,100
304,345,10.239250,2.688369,100
305,345,10.289250,2.688369,100
306,345,10.339250,2.688369,100
377,345,13.889250,2.688369,100
380,345,14.039250,2.688369,100
388,345,14.439250,2.688369,100
389,345,14.489250,2.688369,100
446,345,17.339250,2.688369,100
447,345,17.389250,2.688369,100
497,345,19.889250,2.688369,100
556,345,22.839250,2.688369,100
558,345,22.939250,2.688369,100
5,346,-4.710751,2.738369,100
6,346,-4.660751,2.738369,100
77,346,-1.110750,2.738369,100
78,346,-1.060750,2.738369,100
187,346,4.389250,2.738369,100
193,346,4.689250,2.738369,100
194,346,4.739250,2.738369,100
291,346,9.589250,2.738369,100
292,346,9.639250,2.738369,100
293,346,9.689250,2.738369,100
294,346,9.739250,2.738369,100
295,346,9.789250,2.738369,100
296,346,9.839250,2.738369,100
297,346,9.889250,2.738369,100
298,346,9.939250,2.738369,100
299,346,9.989250,2.738369,100
300,346,10.039250,2.738369,100
301,346,10.089250,2.738369,100
307,346,10.389250,2.738369,100
308,346,10.439250,2.738369,100
309,346,10.489250,2.738369,100
310,346,10.539250,2.738369,100
311,346,10.589250,2.738369,100
312,346,10.639250,2.738369,100
313,346,10.689250,2.738369,100
314,346,10.739250,2.738369,100
315,346,10.789250,2.738369,100
377,346,13.889250,2.738369,100
380,346,14.039250,2.738369,100
388,346,14.439250,2.738369,100
389,346,14.489250,2.738369,100
446,346,17.339250,2.738369,100
447,346,17.389250,2.738369,100
497,346,19.889250,2.738369,100
556,346,22.839250,2.738369,100
558,346,22.939250,2.738369,100
5,347,-4.710751,2.788369,100
7,347,-4.610751,2.788369,100
78,347,-1.060750,2.788369,100
79,347,-1.010750,2.788369,100
185,347,4.289250,2.788369,100
186,347,4.339250,2.788369,100
191,347,4.589250,2.788369,100
192,347,4.639250,2.788369,100
302,347,10.139250,2.788369,100
303,347,10.189250,2.788369,100
304,347,10.239250,2.788369,100
305,347,10.289250,2.788369,100
306,347,10.339250,2.788369,100
307,347,10.389250,2.788369,100
308,347,10.439250,2.788369,100
309,347,10.489250,2.788369,100
310,347,10.539250,2.788369,100
311,347,10.589250,2.788369,100
316,347,10.839250,2.788369,100
317,347,10.889250,2.788369,100
318,347,10.939250,2.788369,100
319,347,10.989250,2.788369,100
320,347,11.039250,2.788369,100
377,347,13.889250,2.788369,100
380,347,14.039250,2.788369,100
388,347,14.439250,2.788369,100
389,347,14.489250,2.788369,100
446,347,17.339250,2.788369,100
448,347,17.439250,2.788369,100
497,347,19.889250,2.788369,100
556,347,22.839250,2.788369,100
557,347,22.889250,2.788369,100
6,348,-4.660751,2.838369,100
7,348,-4.610751,2.838369,100
78,348,-1.060750,2.838369,100
80,348,-0.960750,2.838369,100
184,348,4.239250,2.838369,100
189,348,4.489250,2.838369,100
190,348,4.539250,2.838369,100
312,348,10.639250,2.838369,100
313,348,10.689250,2.838369,100
314,348,10.739250,2.838369,100
315,348,10.789250,2.838369,100
316,348,10.839250,2.838369,100
317,348,10.889250,2.838369,100
318,348,10.939250,2.838369,100
319,348,10.989250,2.838369,100
377,348,13.889250,2.838369,100
380,348,14.039250,2.838369,100
388,348,14.439250,2.838369,100
389,348,14.489250,2.838369,100
446,348,17.339250,2.838369,100
448,348,17.439250,2.838369,100
497,348,19.889250,2.838369,100
555,348,22.789250,2.838369,100
557,348,22.889250,2.838369,100
6,349,-4.660751,2.888369,100
8,349,-4.560751,2.888369,100
79,349,-1.010750,2.888369,100
81,349,-0.910750,2.888369,100
182,349,4.139250,2.888369,100
183,349,4.189250,2.888369,100
188,349,4.439250,2.888369,100
377,349,13.889250,2.888369,100
380,349,14.039250,2.888369,100
388,349,14.439250,2.888369,100
389,349,14.489250,2.888369,100
446,349,17.339250,2.888369,100
448,349,17.439250,2.888369,100
497,349,19.889250,2.888369,100
555,349,22.789250,2.888369,100
557,349,22.889250,2.888369,100
7,350,-4.610751,2.938369,100
8,350,-4.560751,2.938369,100
80,350,-0.960750,2.938369,100
82,350,-0.860750,2.938369,100
181,350,4.089250,2.938369,100
186,350,4.339250,2.938369,100
187,350,4.389250,2.938369,100
377,350,13.889250,2.938369,100
380,350,14.039250,2.938369,100
388,350,14.439250,2.938369,100
389,350,14.489250,2.938369,100
446,350,17.339250,2.938369,100
448,350,17.439250,2.938369,100
496,350,19.839250,2.938369,100
555,350,22.789250,2.938369,100
557,350,22.889250,2.938369,100
7,351,-4.610751,2.988369,100
8,351,-4.560751,2.988369,100
81,351,-0.910750,2.988369,100
82,351,-0.860750,2.988369,100
180,351,4.039250,2.988369,100
185,351,4.289250,2.988369,100
377,351,13.889250,2.988369,100
380,351,14.039250,2.988369,100
388,351,14.439250,2.988369,100
389,351,14.489250,2.988369,100
446,351,17.339250,2.988369,100
447,351,17.389250,2.988369,100
496,351,19.839250,2.988369,100
555,351,22.789250,2.988369,100
557,351,22.889250,2.988369,100
8,352,-4.560751,3.038369,100
9,352,-4.510751,3.038369,100
82,352,-0.860750,3.038369,100
83,352,-0.810750,3.038369,100
178,352,3.939250,3.038369,100
179,352,3.989250,3.038369,100
183,352,4.189250,3.038369,100
184,352,4.239250,3.038369,100
377,352,13.889250,3.038369,100
380,352,14.039250,3.038369,100
388,352,14.439250,3.038369,100
389,352,14.489250,3.038369,100
446,352,17.339250,3.038369,100
447,352,17.389250,3.038369,100
496,352,19.839250,3.038369,100
555,352,22.789250,3.038369,100
557,352,22.889250,3.038369,100
8,353,-4.560751,3.088369,100
10,353,-4.460751,3.088369,100
82,353,-0.860750,3.088369,100
83,353,-0.810750,3.088369,100
84,353,-0.760750,3.088369,100
177,353,3.889250,3.088369,100
182,353,4.139250,3.088369,100
377,353,13.889250,3.088369,100
380,353,14.039250,3.088369,100
388,353,14.439250,3.088369,100
389,353,14.489250,3.088369,100
446,353,17.339250,3.088369,100
447,353,17.389250,3.088369,100
496,353,19.839250,3.088369,100
555,353,22.789250,3.088369,100
557,353,22.889250,3.088369,100
9,354,-4.510751,3.138369,100
10,354,-4.460751,3.138369,100
84,354,-0.760750,3.138369,100
85,354,-0.710750,3.138369,100
176,354,3.839250,3.138369,100
181,354,4.089250,3.138369,100
377,354,13.889250,3.138369,100
379,354,13.989250,3.138369,100
388,354,14.439250,3.138369,100
389,354,14.489250,3.138369,100
446,354,17.339250,3.138369,100
447,354,17.389250,3.138369,100
496,354,19.839250,3.138369,100
555,354,22.789250,3.138369,100
557,354,22.889250,3.138369,100
9,355,-4.510751,3.188369,100
11,355,-4.410751,3.188369,100
84,355,-0.760750,3.188369,100
86,355,-0.660750,3.188369,100
174,355,3.739250,3.188369,100
175,355,3.789250,3.188369,100
179,355,3.989250,3.188369,100
180,355,4.039250,3.188369,100
377,355,13.889250,3.188369,100
379,355,13.989250,3.188369,100
388,355,14.439250,3.188369,100
389,355,14.489250,3.188369,100
446,355,17.339250,3.188369,100
447,355,17.389250,3.188369,100
495,355,19.789250,3.188369,100
496,355,19.839250,3.188369,100
555,355,22.789250,3.188369,100
557,355,22.889250,3.188369,100
10,356,-4.460751,3.238369,100
12,356,-4.360751,3.238369,100
85,356,-0.710750,3.238369,100
86,356,-0.660750,3.238369,100
174,356,3.739250,3.238369,100
178,356,3.939250,3.238369,100
377,356,13.889250,3.238369,100
379,356,13.989250,3.238369,100
388,356,14.439250,3.238369,100
389,356,14.489250,3.238369,100
446,356,17.339250,3.238369,100
447,356,17.389250,3.238369,100
495,356,19.789250,3.238369,100
555,356,22.789250,3.238369,100
557,356,22.889250,3.238369,100
11,357,-4.410751,3.288369,100
12,357,-4.360751,3.288369,100
86,357,-0.660750,3.288369,100
87,357,-0.610750,3.288369,100
173,357,3.689250,3.288369,100
177,357,3.889250,3.288369,100
376,357,13.839250,3.288369,100
379,357,13.989250,3.288369,100
387,357,14.389250,3.288369,100
389,357,14.489250,3.288369,100
446,357,17.339250,3.288369,100
447,357,17.389250,3.288369,100
495,357,19.789250,3.288369,100
555,357,22.789250,3.288369,100
557,357,22.889250,3.288369,100
11,358,-4.410751,3.338369,100
13,358,-4.310751,3.338369,100
87,358,-0.610750,3.338369,100
88,358,-0.560750,3.338369,100
172,358,3.639250,3.338369,100
176,358,3.839250,3.338369,100
376,358,13.839250,3.338369,100
379,358,13.989250,3.338369,100
388,358,14.439250,3.338369,100
446,358,17.339250,3.338369,100
447,358,17.389250,3.338369,100
495,358,19.789250,3.338369,100
554,358,22.739250,3.338369,100
556,358,22.839250,3.338369,100
12,359,-4.360751,3.388369,100
13,359,-4.310751,3.388369,100
88,359,-0.560750,3.388369,100
89,359,-0.510750,3.388369,100
171,359,3.589250,3.388369,100
175,359,3.789250,3.388369,100
376,359,13.839250,3.388369,100
379,359,13.989250,3.388369,100
387,359,14.389250,3.388369,100
388,359,14.439250,3.388369,100
446,359,17.339250,3.388369,100
447,359,17.389250,3.388369,100
494,359,19.739250,3.388369,100
495,359,19.789250,3.388369,100
554,359,22.739250,3.388369,100
556,359,22.839250,3.388369,100
13,360,-4.310751,3.438369,100
14,360,-4.260751,3.438369,100
89,360,-0.510750,3.438369,100
90,360,-0.460750,3.438369,100
170,360,3.539250,3.438369,100
174,360,3.739250,3.438369,100
376,360,13.839250,3.438369,100
378,360,13.939250,3.438369,100
387,360,14.389250,3.438369,100
388,360,14.439250,3.438369,100
446,360,17.339250,3.438369,100
447,360,17.389250,3.438369,100
494,360,19.739250,3.438369,100
554,360,22.739250,3.438369,100
556,360,22.839250,3.438369,100
13,361,-4.310751,3.488369,100
15,361,-4.210751,3.488369,100
90,361,-0.460750,3.488369,100
91,361,-0.410750,3.488369,100
169,361,3.489250,3.488369,100
173,361,3.689250,3.488369,100
376,361,13.839250,3.488369,100
378,361,13.939250,3.488369,100
387,361,14.389250,3.488369,100
388,361,14.439250,3.488369,100
446,361,17.339250,3.488369,100
447,361,17.389250,3.488369,100
494,361,19.739250,3.488369,100
554,361,22.739250,3.488369,100
556,361,22.839250,3.488369,100
14,362,-4.260751,3.538369,100
16,362,-4.160751,3.538369,100
90,362,-0.460750,3.538369,100
91,362,-0.410750,3.538369,100
168,362,3.439250,3.538369,100
172,362,3.639250,3.538369,100
375,362,13.789250,3.538369,100
378,362,13.939250,3.538369,100
387,362,14.389250,3.538369,100
388,362,14.439250,3.538369,100
446,362,17.339250,3.538369,100
447,362,17.389250,3.538369,100
493,362,19.689250,3.538369,100
494,362,19.739250,3.538369,100
554,362,22.739250,3.538369,100
556,362,22.839250,3.538369,100
15,363,-4.210751,3.588369,100
16,363,-4.160751,3.588369,100
91,363,-0.410750,3.588369,100
92,363,-0.360750,3.588369,100
168,363,3.439250,3.588369,100
171,363,3.589250,3.588369,100
375,363,13.789250,3.588369,100
378,363,13.939250,3.588369,100
387,363,14.389250,3.588369,100
388,363,14.439250,3.588369,100
446,363,17.339250,3.588369,100
447,363,17.389250,3.588369,100
493,363,19.689250,3.588369,100
494,363,19.739250,3.588369,100
554,363,22.739250,3.588369,100
556,363,22.839250,3.588369,100
16,364,-4.160751,3.638369,100
17,364,-4.110751,3.638369,100
92,364,-0.360750,3.638369,100
93,364,-0.310750,3.638369,100
167,364,3.389250,3.638369,100
170,364,3.539250,3.638369,100
375,364,13.789250,3.638369,100
378,364,13.939250,3.638369,100
386,364,14.339250,3.638369,100
387,364,14.389250,3.638369,100
446,364,17.339250,3.638369,100
447,364,17.389250,3.638369,100
493,364,19.689250,3.638369,100
553,364,22.689250,3.638369,100
556,364,22.839250,3.638369,100
17,365,-4.110751,3.688369,100
18,365,-4.060751,3.688369,100
93,365,-0.310750,3.688369,100
94,365,-0.260750,3.688369,100
166,365,3.339250,3.688369,100
170,365,3.539250,3.688369,100
375,365,13.789250,3.688369,100
377,365,13.889250,3.688369,100
386,365,14.339250,3.688369,100
387,365,14.389250,3.688369,100
445,365,17.289250,3.688369,100
446,365,17.339250,3.688369,100
492,365,19.639250,3.688369,100
493,365,19.689250,3.688369,100
553,365,22.689250,3.688369,100
555,365,22.789250,3.688369,100
557,365,22.889250,3.688369,100
17,366,-4.110751,3.738369,100
19,366,-4.010751,3.738369,100
94,366,-0.260750,3.738369,100
95,366,-0.210750,3.738369,100
165,366,3.289250,3.738369,100
169,366,3.489250,3.738369,100
374,366,13.739250,3.738369,100
377,366,13.889250,3.738369,100
386,366,14.339250,3.738369,100
387,366,14.389250,3.738369,100
445,366,17.289250,3.738369,100
446,366,17.339250,3.738369,100
492,366,19.639250,3.738369,100
493,366,19.689250,3.738369,100
553,366,22.689250,3.738369,100
555,366,22.789250,3.738369,100
557,366,22.889250,3.738369,100
18,367,-4.060751,3.788369,100
20,367,-3.960751,3.788369,100
95,367,-0.210750,3.788369,100
96,367,-0.160750,3.788369,100
164,367,3.239250,3.788369,100
168,367,3.439250,3.788369,100
374,367,13.739250,3.788369,100
377,367,13.889250,3.788369,100
386,367,14.339250,3.788369,100
387,367,14.389250,3.788369,100
445,367,17.289250,3.788369,100
446,367,17.339250,3.788369,100
492,367,19.639250,3.788369,100
553,367,22.689250,3.788369,100
555,367,22.789250,3.788369,100
19,368,-4.010751,3.838369,100
20,368,-3.960751,3.838369,100
95,368,-0.210750,3.838369,100
96,368,-0.160750,3.838369,100
164,368,3.239250,3.838369,100
167,368,3.389250,3.838369,100
373,368,13.689250,3.838369,100
376,368,13.839250,3.838369,100
385,368,14.289250,3.838369,100
386,368,14.339250,3.838369,100
445,368,17.289250,3.838369,100
446,368,17.339250,3.838369,100
491,368,19.589250,3.838369,100
492,368,19.639250,3.838369,100
552,368,22.639250,3.838369,100
555,368,22.789250,3.838369,100
20,369,-3.960751,3.888369,100
21,369,-3.910751,3.888369,100
96,369,-0.160750,3.888369,100
97,369,-0.110750,3.888369,100
163,369,3.189250,3.888369,100
167,369,3.389250,3.888369,100
373,369,13.689250,3.888369,100
376,369,13.839250,3.888369,100
385,369,14.289250,3.888369,100
386,369,14.339250,3.888369,100
445,369,17.289250,3.888369,100
446,369,17.339250,3.888369,100
491,369,19.589250,3.888369,100
552,369,22.639250,3.888369,100
554,369,22.739250,3.888369,100
21,370,-3.910751,3.938369,100
22,370,-3.860751,3.938369,100
97,370,-0.110750,3.938369,100
98,370,-0.060750,3.938369,100
163,370,3.189250,3.938369,100
166,370,3.339250,3.938369,100
373,370,13.689250,3.938369,100
376,370,13.839250,3.938369,100
385,370,14.289250,3.938369,100
386,370,14.339250,3.938369,100
445,370,17.289250,3.938369,100
446,370,17.339250,3.938369,100
491,370,19.589250,3.938369,100
552,370,22.639250,3.938369,100
554,370,22.739250,3.938369,100
556,370,22.839250,3.938369,100
22,371,-3.860751,3.988369,100
23,371,-3.810751,3.988369,100
98,371,-0.060750,3.988369,100
99,371,-0.010750,3.988369,100
162,371,3.139250,3.988369,100
165,371,3.289250,3.988369,100
372,371,13.639250,3.988369,100
375,371,13.789250,3.988369,100
384,371,14.239250,3.988369,100
386,371,14.339250,3.988369,100
444,371,17.239250,3.988369,100
446,371,17.339250,3.988369,100
490,371,19.539250,3.988369,100
491,371,19.589250,3.988369,100
552,371,22.639250,3.988369,100
554,371,22.739250,3.988369,100
22,372,-3.860751,4.038369,100
24,372,-3.760751,4.038369,100
99,372,-0.010750,4.038369,100
100,372,0.039250,4.038369,100
162,372,3.139250,4.038369,100
165,372,3.289250,4.038369,100
372,372,13.639250,4.038369,100
375,372,13.789250,4.038369,100
384,372,14.239250,4.038369,100
385,372,14.289250,4.038369,100
444,372,17.239250,4.038369,100
445,372,17.289250,4.038369,100
489,372,19.489250,4.038369,100
490,372,19.539250,4.038369,100
551,372,22.589250,4.038369,100
554,372,22.739250,4.038369,100
23,373,-3.810751,4.088369,100
24,373,-3.760751,4.088369,100
100,373,0.039250,4.088369,100
101,373,0.089250,4.088369,100
161,373,3.089250,4.088369,100
164,373,3.239250,4.088369,100
371,373,13.589250,4.088369,100
374,373,13.739250,4.088369,100
384,373,14.239250,4.088369,100
385,373,14.289250,4.088369,100
444,373,17.239250,4.088369,100
445,373,17.289250,4.088369,100
489,373,19.489250,4.088369,100
490,373,19.539250,4.088369,100
551,373,22.589250,4.088369,100
554,373,22.739250,4.088369,100
24,374,-3.760751,4.138369,100
25,374,-3.710750,4.138369,100
100,374,0.039250,4.138369,100
101,374,0.089250,4.138369,100
160,374,3.039250,4.138369,100
163,374,3.189250,4.138369,100
371,374,13.589250,4.138369,100
374,374,13.739250,4.138369,100
384,374,14.239250,4.138369,100
444,374,17.239250,4.138369,100
445,374,17.289250,4.138369,100
488,374,19.439250,4.138369,100
489,374,19.489250,4.138369,100
551,374,22.589250,4.138369,100
553,374,22.689250,4.138369,100
555,374,22.789250,4.138369,100
25,375,-3.710750,4.188369,100
26,375,-3.660750,4.188369,100
101,375,0.089250,4.188369,100
102,375,0.139250,4.188369,100
160,375,3.039250,4.188369,100
163,375,3.189250,4.188369,100
370,375,13.539250,4.188369,100
373,375,13.689250,4.188369,100
383,375,14.189250,4.188369,100
384,375,14.239250,4.188369,100
444,375,17.239250,4.188369,100
445,375,17.289250,4.188369,100
488,375,19.439250,4.188369,100
489,375,19.489250,4.188369,100
551,375,22.589250,4.188369,100
553,375,22.689250,4.188369,100
26,376,-3.660750,4.238369,100
27,376,-3.610750,4.238369,100
102,376,0.139250,4.238369,100
103,376,0.189250,4.238369,100
159,376,2.989250,4.238369,100
162,376,3.139250,4.238369,100
370,376,13.539250,4.238369,100
373,376,13.689250,4.238369,100
383,376,14.189250,4.238369,100
384,376,14.239250,4.238369,100
443,376,17.189250,4.238369,100
445,376,17.289250,4.238369,100
487,376,19.389250,4.238369,100
488,376,19.439250,4.238369,100
550,376,22.539250,4.238369,100
553,376,22.689250,4.238369,100
26,377,-3.660750,4.288369,100
28,377,-3.560750,4.288369,100
103,377,0.189250,4.288369,100
104,377,0.239250,4.288369,100
159,377,2.989250,4.288369,100
162,377,3.139250,4.288369,100
369,377,13.489250,4.288369,100
372,377,13.639250,4.288369,100
382,377,14.139250,4.288369,100
383,377,14.189250,4.288369,100
443,377,17.189250,4.288369,100
444,377,17.239250,4.288369,100
487,377,19.389250,4.288369,100
488,377,19.439250,4.288369,100
550,377,22.539250,4.288369,100
553,377,22.689250,4.288369,100
27,378,-3.610750,4.338369,100
29,378,-3.510750,4.338369,100
104,378,0.239250,4.338369,100
105,378,0.289250,4.338369,100
159,378,2.989250,4.338369,100
161,378,3.089250,4.338369,100
369,378,13.489250,4.338369,100
371,378,13.589250,4.338369,100
382,378,14.139250,4.338369,100
383,378,14.189250,4.338369,100
443,378,17.189250,4.338369,100
444,378,17.239250,4.338369,100
486,378,19.339250,4.338369,100
487,378,19.389250,4.338369,100
550,378,22.539250,4.338369,100
552,378,22.639250,4.338369,100
554,378,22.739250,4.338369,100
28,379,-3.560750,4.388369,100
29,379,-3.510750,4.388369,100
105,379,0.289250,4.388369,100
158,379,2.939250,4.388369,100
161,379,3.089250,4.388369,100
368,379,13.439250,4.388369,100
371,379,13.589250,4.388369,100
382,379,14.139250,4.388369,100
443,379,17.189250,4.388369,100
444,379,17.239250,4.388369,100
486,379,19.339250,4.388369,100
487,379,19.389250,4.388369,100
550,379,22.539250,4.388369,100
552,379,22.639250,4.388369,100
29,380,-3.510750,4.438369,100
30,380,-3.460750,4.438369,100
105,380,0.289250,4.438369,100
106,380,0.339250,4.438369,100
158,380,2.939250,4.438369,100
160,380,3.039250,4.438369,100
367,380,13.389250,4.438369,100
370,380,13.539250,4.438369,100
381,380,14.089250,4.438369,100
382,380,14.139250,4.438369,100
443,380,17.189250,4.438369,100
444,380,17.239250,4.438369,100
485,380,19.289250,4.438369,100
486,380,19.339250,4.438369,100
549,380,22.489250,4.438369,100
552,380,22.639250,4.438369,100
30,381,-3.460750,4.488369,100
31,381,-3.410750,4.488369,100
106,381,0.339250,4.488369,100
107,381,0.389250,4.488369,100
157,381,2.889250,4.488369,100
160,381,3.039250,4.488369,100
367,381,13.389250,4.488369,100
370,381,13.539250,4.488369,100
381,381,14.089250,4.488369,100
382,381,14.139250,4.488369,100
442,381,17.139250,4.488369,100
443,381,17.189250,4.488369,100
484,381,19.239250,4.488369,100
486,381,19.339250,4.488369,100
549,381,22.489250,4.488369,100
551,381,22.589250,4.488369,100
31,382,-3.410750,4.538369,100
32,382,-3.360750,4.538369,100
107,382,0.389250,4.538369,100
108,382,0.439250,4.538369,100
157,382,2.889250,4.538369,100
160,382,3.039250,4.538369,100
366,382,13.339250,4.538369,100
369,382,13.489250,4.538369,100
380,382,14.039250,4.538369,100
381,382,14.089250,4.538369,100
442,382,17.139250,4.538369,100
443,382,17.189250,4.538369,100
484,382,19.239250,4.538369,100
485,382,19.289250,4.538369,100
549,382,22.489250,4.538369,100
551,382,22.589250,4.538369,100
553,382,22.689250,4.538369,100
31,383,-3.410750,4.588369,100
33,383,-3.310750,4.588369,100
108,383,0.439250,4.588369,100
109,383,0.489250,4.588369,100
157,383,2.889250,4.588369,100
159,383,2.989250,4.588369,100
365,383,13.289250,4.588369,100
368,383,13.439250,4.588369,100
380,383,14.039250,4.588369,100
381,383,14.089250,4.588369,100
442,383,17.139250,4.588369,100
443,383,17.189250,4.588369,100
483,383,19.189250,4.588369,100
484,383,19.239250,4.588369,100
548,383,22.439250,4.588369,100
551,383,22.589250,4.588369,100
32,384,-3.360750,4.638369,100
34,384,-3.260750,4.638369,100
109,384,0.489250,4.638369,100
110,384,0.539250,4.638369,100
156,384,2.839250,4.638369,100
159,384,2.989250,4.638369,100
364,384,13.239250,4.638369,100
367,384,13.389250,4.638369,100
379,384,13.989250,4.638369,100
380,384,14.039250,4.638369,100
441,384,17.089250,4.638369,100
443,384,17.189250,4.638369,100
482,384,19.139250,4.638369,100
484,384,19.239250,4.638369,100
548,384,22.439250,4.638369,100
550,384,22.539250,4.638369,100
33,385,-3.310750,4.688369,100
34,385,-3.260750,4.688369,100
110,385,0.539250,4.688369,100
156,385,2.839250,4.688369,100
159,385,2.989250,4.688369,100
363,385,13.189250,4.688369,100
367,385,13.389250,4.688369,100
379,385,13.989250,4.688369,100
380,385,14.039250,4.688369,100
441,385,17.089250,4.688369,100
442,385,17.139250,4.688369,100
482,385,19.139250,4.688369,100
483,385,19.189250,4.688369,100
547,385,22.389250,4.688369,100
550,385,22.539250,4.688369,100
34,386,-3.260750,4.738369,100
35,386,-3.210750,4.738369,100
110,386,0.539250,4.738369,100
111,386,0.589250,4.738369,100
156,386,2.839250,4.738369,100
158,386,2.939250,4.738369,100
363,386,13.189250,4.738369,100
364,386,13.239250,4.738369,100
366,386,13.339250,4.738369,100
378,386,13.939250,4.738369,100
379,386,13.989250,4.738369,100
441,386,17.089250,4.738369,100
442,386,17.139250,4.738369,100
481,386,19.089250,4.738369,100
482,386,19.139250,4.738369,100
547,386,22.389250,4.738369,100
550,386,22.539250,4.738369,100
35,387,-3.210750,4.788369,100
36,387,-3.160750,4.788369,100
111,387,0.589250,4.788369,100
112,387,0.639250,4.788369,100
155,387,2.789250,4.788369,100
158,387,2.939250,4.788369,100
362,387,13.139250,4.788369,100
363,387,13.189250,4.788369,100
365,387,13.289250,4.788369,100
377,387,13.889250,4.788369,100
378,387,13.939250,4.788369,100
441,387,17.089250,4.788369,100
442,387,17.139250,4.788369,100
480,387,19.039250,4.788369,100
482,387,19.139250,4.788369,100
547,387,22.389250,4.788369,100
549,387,22.489250,4.788369,100
36,388,-3.160750,4.838369,100
37,388,-3.110750,4.838369,100
112,388,0.639250,4.838369,100
113,388,0.689250,4.838369,100
155,388,2.789250,4.838369,100
158,388,2.939250,4.838369,100
361,388,13.089250,4.838369,100
362,388,13.139250,4.838369,100
364,388,13.239250,4.838369,100
377,388,13.889250,4.838369,100
378,388,13.939250,4.838369,100
440,388,17.039250,4.838369,100
441,388,17.089250,4.838369,100
479,388,18.989250,4.838369,100
481,388,19.089250,4.838369,100
546,388,22.339250,4.838369,100
549,388,22.489250,4.838369,100
37,389,-3.110750,4.888369,100
38,389,-3.060750,4.888369,100
113,389,0.689250,4.888369,100
114,389,0.739250,4.888369,100
155,389,2.789250,4.888369,100
157,389,2.889250,4.888369,100
360,389,13.039250,4.888369,100
363,389,13.189250,4.888369,100
376,389,13.839250,4.888369,100
377,389,13.889250,4.888369,100
440,389,17.039250,4.888369,100
441,389,17.089250,4.888369,100
479,389,18.989250,4.888369,100
480,389,19.039250,4.888369,100
546,389,22.339250,4.888369,100
548,389,22.439250,4.888369,100
37,390,-3.110750,4.938369,100
38,390,-3.060750,4.938369,100
114,390,0.739250,4.938369,100
115,390,0.789250,4.938369,100
154,390,2.739250,4.938369,100
157,390,2.889250,4.938369,100
359,390,12.989250,4.938369,100
360,390,13.039250,4.938369,100
362,390,13.139250,4.938369,100
376,390,13.839250,4.938369,100
377,390,13.889250,4.938369,100
440,390,17.039250,4.938369,100
441,390,17.089250,4.938369,100
478,390,18.939250,4.938369,100
479,390,18.989250,4.938369,100
546,390,22.339250,4.938369,100
548,390,22.439250,4.938369,100
38,391,-3.060750,4.988369,100
39,391,-3.010750,4.988369,100
115,391,0.789250,4.988369,100
154,391,2.739250,4.988369,100
157,391,2.889250,4.988369,100
358,391,12.939250,4.988369,100
359,391,12.989250,4.988369,100
361,391,13.089250,4.988369,100
375,391,13.789250,4.988369,100
376,391,13.839250,4.988369,100
439,391,16.989250,4.988369,100
441,391,17.089250,4.988369,100
477,391,18.889250,4.988369,100
479,391,18.989250,4.988369,100
545,391,22.289250,4.988369,100
548,391,22.439250,4.988369,100
39,392,-3.010750,5.038369,100
40,392,-2.960750,5.038369,100
115,392,0.789250,5.038369,100
116,392,0.839250,5.038369,100
154,392,2.739250,5.038369,100
157,392,2.889250,5.038369,100
357,392,12.889250,5.038369,100
358,392,12.939250,5.038369,100
360,392,13.039250,5.038369,100
374,392,13.739250,5.038369,100
375,392,13.789250,5.038369,100
439,392,16.989250,5.038369,100
440,392,17.039250,5.038369,100
476,392,18.839250,5.038369,100
478,392,18.939250,5.038369,100
545,392,22.289250,5.038369,100
547,392,22.389250,5.038369,100
40,393,-2.960750,5.088369,100
41,393,-2.910750,5.088369,100
116,393,0.839250,5.088369,100
117,393,0.889250,5.088369,100
154,393,2.739250,5.088369,100
156,393,2.839250,5.088369,100
356,393,12.839250,5.088369,100
357,393,12.889250,5.088369,100
359,393,12.989250,5.088369,100
374,393,13.739250,5.088369,100
375,393,13.789250,5.088369,100
439,393,16.989250,5.088369,100
440,393,17.039250,5.088369,100
475,393,18.789250,5.088369,100
477,393,18.889250,5.088369,100
544,393,22.239250,5.088369,100
547,393,22.389250,5.088369,100
41,394,-2.910750,5.138369,100
42,394,-2.860750,5.138369,100
117,394,0.889250,5.138369,100
118,394,0.939250,5.138369,100
154,394,2.739250,5.138369,100
156,394,2.839250,5.138369,100
354,394,12.739250,5.138369,100
355,394,12.789250,5.138369,100
358,394,12.939250,5.138369,100
373,394,13.689250,5.138369,100
374,394,13.739250,5.138369,100
438,394,16.939250,5.138369,100
440,394,17.039250,5.138369,100
474,394,18.739250,5.138369,100
476,394,18.839250,5.138369,100
544,394,22.239250,5.138369,100
546,394,22.339250,5.138369,100
42,395,-2.860750,5.188369,100
43,395,-2.810750,5.188369,100
118,395,0.939250,5.188369,100
119,395,0.989250,5.188369,100
154,395,2.739250,5.188369,100
156,395,2.839250,5.188369,100
353,395,12.689250,5.188369,100
356,395,12.839250,5.188369,100
357,395,12.889250,5.188369,100
372,395,13.639250,5.188369,100
373,395,13.689250,5.188369,100
438,395,16.939250,5.188369,100
439,395,16.989250,5.188369,100
473,395,18.689250,5.188369,100
475,395,18.789250,5.188369,100
543,395,22.189250,5.188369,100
546,395,22.339250,5.188369,100
42,396,-2.860750,5.238369,100
43,396,-2.810750,5.238369,100
119,396,0.989250,5.238369,100
120,396,1.039250,5.238369,100
153,396,2.689250,5.238369,100
156,396,2.839250,5.238369,100
351,396,12.589250,5.238369,100
352,396,12.639250,5.238369,100
355,396,12.789250,5.238369,100
371,396,13.589250,5.238369,100
372,396,13.639250,5.238369,100
437,396,16.889250,5.238369,100
439,396,16.989250,5.238369,100
472,396,18.639250,5.238369,100
474,396,18.739250,5.238369,100
543,396,22.189250,5.238369,100
545,396,22.289250,5.238369,100
43,397,-2.810750,5.288369,100
44,397,-2.760750,5.288369,100
120,397,1.039250,5.288369,100
153,397,2.689250,5.288369,100
156,397,2.839250,5.288369,100
350,397,12.539250,5.288369,100
353,397,12.689250,5.288369,100
354,397,12.739250,5.288369,100
369,397,13.489250,5.288369,100
370,397,13.539250,5.288369,100
371,397,13.589250,5.288369,100
437,397,16.889250,5.288369,100
438,397,16.939250,5.288369,100
471,397,18.589250,5.288369,100
473,397,18.689250,5.288369,100
542,397,22.139250,5.288369,100
545,397,22.289250,5.288369,100
44,398,-2.760750,5.338369,100
45,398,-2.710750,5.338369,100
120,398,1.039250,5.338369,100
121,398,1.089250,5.338369,100
153,398,2.689250,5.338369,100
156,398,2.839250,5.338369,100
220,398,6.039250,5.338369,100
221,398,6.089250,5.338369,100
222,398,6.139250,5.338369,100
229,398,6.489250,5.338369,100
348,398,12.439250,5.338369,100
349,398,12.489250,5.338369,100
352,398,12.639250,5.338369,100
368,398,13.439250,5.338369,100
370,398,13.539250,5.338369,100
437,398,16.889250,5.338369,100
438,398,16.939250,5.338369,100
470,398,18.539250,5.338369,100
472,398,18.639250,5.338369,100
542,398,22.139250,5.338369,100
545,398,22.289250,5.338369,100
45,399,-2.710750,5.388369,100
46,399,-2.660750,5.388369,100
121,399,1.089250,5.388369,100
122,399,1.139250,5.388369,100
153,399,2.689250,5.388369,100
155,399,2.789250,5.388369,100
217,399,5.889250,5.388369,100
218,399,5.939250,5.388369,100
219,399,5.989250,5.388369,100
220,399,6.039250,5.388369,100
221,399,6.089250,5.388369,100
222,399,6.139250,5.388369,100
223,399,6.189250,5.388369,100
224,399,6.239250,5.388369,100
225,399,6.289250,5.388369,100
226,399,6.339250,5.388369,100
227,399,6.389250,5.388369,100
228,399,6.439250,5.388369,100
229,399,6.489250,5.388369,100
230,399,6.539250,5.388369,100
231,399,6.589250,5.388369,100
232,399,6.639250,5.388369,100
233,399,6.689250,5.388369,100
234,399,6.739250,5.388369,100
235,399,6.789250,5.388369,100
236,399,6.839250,5.388369,100
237,399,6.889250,5.388369,100
238,399,6.939250,5.388369,100
239,399,6.989250,5.388369,100
240,399,7.039250,5.388369,100
241,399,7.089250,5.388369,100
242,399,7.139250,5.388369,100
243,399,7.189250,5.388369,100
244,399,7.239250,5.388369,100
245,399,7.289250,5.388369,100
346,399,12.339250,5.388369,100
347,399,12.389250,5.388369,100
350,399,12.539250,5.388369,100
351,399,12.589250,5.388369,100
367,399,13.389250,5.388369,100
369,399,13.489250,5.388369,100
436,399,16.839250,5.388369,100
438,399,16.939250,5.388369,100
469,399,18.489250,5.388369,100
471,399,18.589250,5.388369,100
541,399,22.089250,5.388369,100
544,399,22.239250,5.388369,100
46,400,-2.660750,5.438369,100
47,400,-2.610750,5.438369,100
122,400,1.139250,5.438369,100
123,400,1.189250,5.438369,100
153,400,2.689250,5.438369,100
155,400,2.789250,5.438369,100
216,400,5.839250,5.438369,100
217,400,5.889250,5.438369,100
218,400,5.939250,5.438369,100
235,400,6.789250,5.438369,100
236,400,6.839250,5.438369,100
237,400,6.889250,5.438369,100
238,400,6.939250,5.438369,100
239,400,6.989250,5.438369,100
240,400,7.039250,5.438369,100
241,400,7.089250,5.438369,100
242,400,7.139250,5.438369,100
243,400,7.189250,5.438369,100
244,400,7.239250,5.438369,100
245,400,7.289250,5.438369,100
246,400,7.339250,5.438369,100
247,400,7.389250,5.438369,100
248,400,7.439250,5.438369,100
249,400,7.489250,5.438369,100
250,400,7.539250,5.438369,100
251,400,7.589250,5.438369,100
252,400,7.639250,5.438369,100
253,400,7.689250,5.438369,100
254,400,7.739250,5.438369,100
255,400,7.789250,5.438369,100
256,400,7.839250,5.438369,100
257,400,7.889250,5.438369,100
258,400,7.939250,5.438369,100
259,400,7.989250,5.438369,100
344,400,12.239250,5.438369,100
345,400,12.289250,5.438369,100
348,400,12.439250,5.438369,100
349,400,12.489250,5.438369,100
366,400,13.339250,5.438369,100
368,400,13.439250,5.438369,100
436,400,16.839250,5.438369,100
437,400,16.889250,5.438369,100
468,400,18.439250,5.438369,100
470,400,18.539250,5.438369,100
541,400,22.089250,5.438369,100
544,400,22.239250,5.438369,100
47,401,-2.610750,5.488369,100
48,401,-2.560750,5.488369,100
123,401,1.189250,5.488369,100
124,401,1.239250,5.488369,100
153,401,2.689250,5.488369,100
155,401,2.789250,5.488369,100
215,401,5.789250,5.488369,100
216,401,5.839250,5.488369,100
248,401,7.439250,5.488369,100
249,401,7.489250,5.488369,100
250,401,7.539250,5.488369,100
251,401,7.589250,5.488369,100
252,401,7.639250,5.488369,100
253,401,7.689250,5.488369,100
254,401,7.739250,5.488369,100
255,401,7.789250,5.488369,100
256,401,7.839250,5.488369,100
257,401,7.889250,5.488369,100
258,401,7.939250,5.488369,100
260,401,8.039250,5.488369,100
261,401,8.089250,5.488369,100
262,401,8.139250,5.488369,100
263,401,8.189250,5.488369,100
264,401,8.239250,5.488369,100
265,401,8.289250,5.488369,100
266,401,8.339250,5.488369,100
342,401,12.139250,5.488369,100
343,401,12.189250,5.488369,100
344,401,12.239250,5.488369,100
345,401,12.289250,5.488369,100
346,401,12.339250,5.488369,100
347,401,12.389250,5.488369,100
365,401,13.289250,5.488369,100
367,401,13.389250,5.488369,100
435,401,16.789250,5.488369,100
437,401,16.889250,5.488369,100
467,401,18.389250,5.488369,100
469,401,18.489250,5.488369,100
540,401,22.039250,5.488369,100
543,401,22.189250,5.488369,100
47,402,-2.610750,5.538369,100
48,402,-2.560750,5.538369,100
124,402,1.239250,5.538369,100
153,402,2.689250,5.538369,100
155,402,2.789250,5.538369,100
214,402,5.739250,5.538369,100
215,402,5.789250,5.538369,100
259,402,7.989250,5.538369,100
260,402,8.039250,5.538369,100
261,402,8.089250,5.538369,100
262,402,8.139250,5.538369,100
263,402,8.189250,5.538369,100
264,402,8.239250,5.538369,100
265,402,8.289250,5.538369,100
266,402,8.339250,5.538369,100
267,402,8.389250,5.538369,100
268,402,8.439250,5.538369,100
269,402,8.489250,5.538369,100
270,402,8.539250,5.538369,100
271,402,8.589250,5.538369,100
272,402,8.639250,5.538369,100
273,402,8.689250,5.538369,100
274,402,8.739250,5.538369,100
275,402,8.789250,5.538369,100
276,402,8.839250,5.538369,100
340,402,12.039250,5.538369,100
341,402,12.089250,5.538369,100
342,402,12.139250,5.538369,100
343,402,12.189250,5.538369,100
364,402,13.239250,5.538369,100
366,402,13.339250,5.538369,100
435,402,16.789250,5.538369,100
436,402,16.839250,5.538369,100
466,402,18.339250,5.538369,100
468,402,18.439250,5.538369,100
540,402,22.039250,5.538369,100
543,402,22.189250,5.538369,100
48,403,-2.560750,5.588369,100
49,403,-2.510750,5.588369,100
125,403,1.289250,5.588369,100
153,403,2.689250,5.588369,100
155,403,2.789250,5.588369,100
214,403,5.739250,5.588369,100
271,403,8.589250,5.588369,100
272,403,8.639250,5.588369,100
273,403,8.689250,5.588369,100
274,403,8.739250,5.588369,100
275,403,8.789250,5.588369,100
276,403,8.839250,5.588369,100
277,403,8.889250,5.588369,100
278,403,8.939250,5.588369,100
279,403,8.989250,5.588369,100
280,403,9.039250,5.588369,100
281,403,9.089250,5.588369,100
282,403,9.139250,5.588369,100
283,403,9.189250,5.588369,100
284,403,9.239250,5.588369,100
285,403,9.289250,5.588369,100
337,403,11.889250,5.588369,100
338,403,11.939250,5.588369,100
339,403,11.989250,5.588369,100
340,403,12.039250,5.588369,100
341,403,12.089250,5.588369,100
363,403,13.189250,5.588369,100
364,403,13.239250,5.588369,100
365,403,13.289250,5.588369,100
435,403,16.789250,5.588369,100
436,403,16.839250,5.588369,100
464,403,18.239250,5.588369,100
465,403,18.289250,5.588369,100
466,403,18.339250,5.588369,100
467,403,18.389250,5.588369,100
539,403,21.989250,5.588369,100
541,403,22.089250,5.588369,100
542,403,22.139250,5.588369,100
49,404,-2.510750,5.638369,100
50,404,-2.460750,5.638369,100
125,404,1.289250,5.638369,100
126,404,1.339250,5.638369,100
153,404,2.689250,5.638369,100
155,404,2.789250,5.638369,100
214,404,5.739250,5.638369,100
282,404,9.139250,5.638369,100
283,404,9.189250,5.638369,100
284,404,9.239250,5.638369,100
285,404,9.289250,5.638369,100
286,404,9.339250,5.638369,100
287,404,9.389250,5.638369,100
288,404,9.439250,5.638369,100
289,404,9.489250,5.638369,100
290,404,9.539250,5.638369,100
291,404,9.589250,5.638369,100
292,404,9.639250,5.638369,100
293,404,9.689250,5.638369,100
294,404,9.739250,5.638369,100
295,404,9.789250,5.638369,100
333,404,11.689250,5.638369,100
334,404,11.739250,5.638369,100
335,404,11.789250,5.638369,100
336,404,11.839250,5.638369,100
337,404,11.889250,5.638369,100
338,404,11.939250,5.638369,100
362,404,13.139250,5.638369,100
363,404,13.189250,5.638369,100
434,404,16.739250,5.638369,100
435,404,16.789250,5.638369,100
463,404,18.189250,5.638369,100
465,404,18.289250,5.638369,100
539,404,21.989250,5.638369,100
540,404,22.039250,5.638369,100
542,404,22.139250,5.638369,100
50,405,-2.460750,5.688369,100
51,405,-2.410750,5.688369,100
126,405,1.339250,5.688369,100
127,405,1.389250,5.688369,100
153,405,2.689250,5.688369,100
155,405,2.789250,5.688369,100
213,405,5.689250,5.688369,100
214,405,5.739250,5.688369,100
294,405,9.739250,5.688369,100
295,405,9.789250,5.688369,100
296,405,9.839250,5.688369,100
297,405,9.889250,5.688369,100
298,405,9.939250,5.688369,100
299,405,9.989250,5.688369,100
300,405,10.039250,5.688369,100
301,405,10.089250,5.688369,100
302,405,10.139250,5.688369,100
303,405,10.189250,5.688369,100
304,405,10.239250,5.688369,100
305,405,10.289250,5.688369,100
328,405,11.439250,5.688369,100
329,405,11.489250,5.688369,100
330,405,11.539250,5.688369,100
331,405,11.589250,5.688369,100
332,405,11.639250,5.688369,100
333,405,11.689250,5.688369,100
334,405,11.739250,5.688369,100
335,405,11.789250,5.688369,100
361,405,13.089250,5.688369,100
362,405,13.139250,5.688369,100
434,405,16.739250,5.688369,100
435,405,16.789250,5.688369,100
462,405,18.139250,5.688369,100
464,405,18.239250,5.688369,100
538,405,21.939250,5.688369,100
540,405,22.039250,5.688369,100
541,405,22.089250,5.688369,100
51,406,-2.410750,5.738369,100
52,406,-2.360750,5.738369,100
127,406,1.389250,5.738369,100
128,406,1.439250,5.738369,100
153,406,2.689250,5.738369,100
155,406,2.789250,5.738369,100
213,406,5.689250,5.738369,100
303,406,10.189250,5.738369,100
304,406,10.239250,5.738369,100
305,406,10.289250,5.738369,100
306,406,10.339250,5.738369,100
307,406,10.389250,5.738369,100
308,406,10.439250,5.738369,100
309,406,10.489250,5.738369,100
310,406,10.539250,5.738369,100
311,406,10.589250,5.738369,100
312,406,10.639250,5.738369,100
313,406,10.689250,5.738369,100
314,406,10.739250,5.738369,100
315,406,10.789250,5.738369,100
316,406,10.839250,5.738369,100
317,406,10.889250,5.738369,100
318,406,10.939250,5.738369,100
319,406,10.989250,5.738369,100
320,406,11.039250,5.738369,100
321,406,11.089250,5.738369,100
322,406,11.139250,5.738369,100
323,406,11.189250,5.738369,100
324,406,11.239250,5.738369,100
325,406,11.289250,5.738369,100
326,406,11.339250,5.738369,100
327,406,11.389250,5.738369,100
328,406,11.439250,5.738369,100
329,406,11.489250,5.738369,100
330,406,11.539250,5.738369,100
331,406,11.589250,5.738369,100
360,406,13.039250,5.738369,100
361,406,13.089250,5.738369,100
433,406,16.689250,5.738369,100
434,406,16.739250,5.738369,100
461,406,18.089250,5.738369,100
463,406,18.189250,5.738369,100
538,406,21.939250,5.738369,100
539,406,21.989250,5.738369,100
541,406,22.089250,5.738369,100
52,407,-2.360750,5.788369,100
53,407,-2.310750,5.788369,100
128,407,1.439250,5.788369,100
129,407,1.489250,5.788369,100
153,407,2.689250,5.788369,100
155,407,2.789250,5.788369,100
213,407,5.689250,5.788369,100
310,407,10.539250,5.788369,100
311,407,10.589250,5.788369,100
312,407,10.639250,5.788369,100
313,407,10.689250,5.788369,100
314,407,10.739250,5.788369,100
315,407,10.789250,5.788369,100
316,407,10.839250,5.788369,100
317,407,10.889250,5.788369,100
318,407,10.939250,5.788369,100
319,407,10.989250,5.788369,100
320,407,11.039250,5.788369,100
321,407,11.089250,5.788369,100
322,407,11.139250,5.788369,100
323,407,11.189250,5.788369,100
324,407,11.239250,5.788369,100
325,407,11.289250,5.788369,100
326,407,11.339250,5.788369,100
358,407,12.939250,5.788369,100
359,407,12.989250,5.788369,100
360,407,13.039250,5.788369,100
433,407,16.689250,5.788369,100
434,407,16.739250,5.788369,100
460,407,18.039250,5.788369,100
462,407,18.139250,5.788369,100
537,407,21.889250,5.788369,100
540,407,22.039250,5.788369,100
52,408,-2.360750,5.838369,100
53,408,-2.310750,5.838369,100
129,408,1.489250,5.838369,100
153,408,2.689250,5.838369,100
155,408,2.789250,5.838369,100
213,408,5.689250,5.838369,100
214,408,5.739250,5.838369,100
357,408,12.889250,5.838369,100
359,408,12.989250,5.838369,100
432,408,16.639250,5.838369,100
434,408,16.739250,5.838369,100
458,408,17.939250,5.838369,100
459,408,17.989250,5.838369,100
460,408,18.039250,5.838369,100
461,408,18.089250,5.838369,100
537,408,21.889250,5.838369,100
539,408,21.989250,5.838369,100
53,409,-2.310750,5.888369,100
54,409,-2.260750,5.888369,100
130,409,1.539250,5.888369,100
153,409,2.689250,5.888369,100
155,409,2.789250,5.888369,100
214,409,5.739250,5.888369,100
356,409,12.839250,5.888369,100
357,409,12.889250,5.888369,100
358,409,12.939250,5.888369,100
432,409,16.639250,5.888369,100
433,409,16.689250,5.888369,100
457,409,17.889250,5.888369,100
459,409,17.989250,5.888369,100
536,409,21.839250,5.888369,100
539,409,21.989250,5.888369,100
54,410,-2.260750,5.938369,100
55,410,-2.210750,5.938369,100
130,410,1.539250,5.938369,100
131,410,1.589250,5.938369,100
153,410,2.689250,5.938369,100
155,410,2.789250,5.938369,100
214,410,5.739250,5.938369,100
215,410,5.789250,5.938369,100
355,410,12.789250,5.938369,100
356,410,12.839250,5.938369,100
431,410,16.589250,5.938369,100
433,410,16.689250,5.938369,100
456,410,17.839250,5.938369,100
458,410,17.939250,5.938369,100
536,410,21.839250,5.938369,100
538,410,21.939250,5.938369,100
55,411,-2.210750,5.988369,100
56,411,-2.160750,5.988369,100
131,411,1.589250,5.988369,100
132,411,1.639250,5.988369,100
153,411,2.689250,5.988369,100
155,411,2.789250,5.988369,100
215,411,5.789250,5.988369,100
354,411,12.739250,5.988369,100
355,411,12.789250,5.988369,100
431,411,16.589250,5.988369,100
432,411,16.639250,5.988369,100
455,411,17.789250,5.988369,100
457,411,17.889250,5.988369,100
535,411,21.789250,5.988369,100
538,411,21.939250,5.988369,100
56,412,-2.160750,6.038369,100
57,412,-2.110750,6.038369,100
132,412,1.639250,6.038369,100
133,412,1.689250,6.038369,100
153,412,2.689250,6.038369,100
155,412,2.789250,6.038369,100
216,412,5.839250,6.038369,100
217,412,5.889250,6.038369,100
353,412,12.689250,6.038369,100
354,412,12.739250,6.038369,100
430,412,16.539250,6.038369,100
432,412,16.639250,6.038369,100
454,412,17.739250,6.038369,100
455,412,17.789250,6.038369,100
456,412,17.839250,6.038369,100
534,412,21.739250,6.038369,100
537,412,21.889250,6.038369,100
57,413,-2.110750,6.088369,100
58,413,-2.060750,6.088369,100
133,413,1.689250,6.088369,100
134,413,1.739250,6.088369,100
153,413,2.689250,6.088369,100
155,413,2.789250,6.088369,100
216,413,5.839250,6.088369,100
218,413,5.939250,6.088369,100
352,413,12.639250,6.088369,100
353,413,12.689250,6.088369,100
430,413,16.539250,6.088369,100
431,413,16.589250,6.088369,100
453,413,17.689250,6.088369,100
454,413,17.739250,6.088369,100
534,413,21.739250,6.088369,100
536,413,21.839250,6.088369,100
58,414,-2.060750,6.138369,100
134,414,1.739250,6.138369,100
153,414,2.689250,6.138369,100
155,414,2.789250,6.138369,100
217,414,5.889250,6.138369,100
218,414,5.939250,6.138369,100
351,414,12.589250,6.138369,100
352,414,12.639250,6.138369,100
429,414,16.489250,6.138369,100
430,414,16.539250,6.138369,100
451,414,17.589250,6.138369,100
452,414,17.639250,6.138369,100
453,414,17.689250,6.138369,100
533,414,21.689250,6.138369,100
536,414,21.839250,6.138369,100
58,415,-2.060750,6.188369,100
59,415,-2.010750,6.188369,100
135,415,1.789250,6.188369,100
153,415,2.689250,6.188369,100
156,415,2.839250,6.188369,100
218,415,5.939250,6.188369,100
219,415,5.989250,6.188369,100
349,415,12.489250,6.188369,100
350,415,12.539250,6.188369,100
351,415,12.589250,6.188369,100
429,415,16.489250,6.188369,100
430,415,16.539250,6.188369,100
450,415,17.539250,6.188369,100
452,415,17.639250,6.188369,100
532,415,21.639250,6.188369,100
534,415,21.739250,6.188369,100
535,415,21.789250,6.188369,100
59,416,-2.010750,6.238369,100
60,416,-1.960750,6.238369,100
135,416,1.789250,6.238369,100
136,416,1.839250,6.238369,100
154,416,2.739250,6.238369,100
156,416,2.839250,6.238369,100
219,416,5.989250,6.238369,100
220,416,6.039250,6.238369,100
348,416,12.439250,6.238369,100
349,416,12.489250,6.238369,100
350,416,12.539250,6.238369,100
428,416,16.439250,6.238369,100
429,416,16.489250,6.238369,100
449,416,17.489250,6.238369,100
451,416,17.589250,6.238369,100
532,416,21.639250,6.238369,100
533,416,21.689250,6.238369,100
535,416,21.789250,6.238369,100
60,417,-1.960750,6.288369,100
61,417,-1.910750,6.288369,100
136,417,1.839250,6.288369,100
137,417,1.889250,6.288369,100
154,417,2.739250,6.288369,100
156,417,2.839250,6.288369,100
220,417,6.039250,6.288369,100
221,417,6.089250,6.288369,100
347,417,12.389250,6.288369,100
348,417,12.439250,6.288369,100
427,417,16.389250,6.288369,100
429,417,16.489250,6.288369,100
448,417,17.439250,6.288369,100
449,417,17.489250,6.288369,100
450,417,17.539250,6.288369,100
531,417,21.589250,6.288369,100
534,417,21.739250,6.288369,100
61,418,-1.910750,6.338369,100
62,418,-1.860750,6.338369,100
137,418,1.889250,6.338369,100
138,418,1.939250,6.338369,100
154,418,2.739250,6.338369,100
156,418,2.839250,6.338369,100
221,418,6.089250,6.338369,100
222,418,6.139250,6.338369,100
346,418,12.339250,6.338369,100
347,418,12.389250,6.338369,100
427,418,16.389250,6.338369,100
428,418,16.439250,6.338369,100
446,418,17.339250,6.338369,100
447,418,17.389250,6.338369,100
448,418,17.439250,6.338369,100
530,418,21.539250,6.338369,100
533,418,21.689250,6.338369,100
62,419,-1.860750,6.388369,100
63,419,-1.810750,6.388369,100
138,419,1.939250,6.388369,100
139,419,1.989250,6.388369,100
154,419,2.739250,6.388369,100
156,419,2.839250,6.388369,100
222,419,6.139250,6.388369,100
223,419,6.189250,6.388369,100
345,419,12.289250,6.388369,100
346,419,12.339250,6.388369,100
426,419,16.339250,6.388369,100
428,419,16.439250,6.388369,100
445,419,17.289250,6.388369,100
447,419,17.389250,6.388369,100
530,419,21.539250,6.388369,100
531,419,21.589250,6.388369,100
532,419,21.639250,6.388369,100
63,420,-1.810750,6.438369,100
139,420,1.989250,6.438369,100
154,420,2.739250,6.438369,100
157,420,2.889250,6.438369,100
223,420,6.189250,6.438369,100
224,420,6.239250,6.438369,100
344,420,12.239250,6.438369,100
345,420,12.289250,6.438369,100
426,420,16.339250,6.438369,100
427,420,16.389250,6.438369,100
444,420,17.239250,6.438369,100
446,420,17.339250,6.438369,100
529,420,21.489250,6.438369,100
530,420,21.539250,6.438369,100
63,421,-1.810750,6.488369,100
64,421,-1.760750,6.488369,100
139,421,1.989250,6.488369,100
140,421,2.039250,6.488369,100
155,421,2.789250,6.488369,100
157,421,2.889250,6.488369,100
224,421,6.239250,6.488369,100
225,421,6.289250,6.488369,100
343,421,12.189250,6.488369,100
344,421,12.239250,6.488369,100
425,421,16.289250,6.488369,100
426,421,16.339250,6.488369,100
443,421,17.189250,6.488369,100
445,421,17.289250,6.488369,100
528,421,21.439250,6.488369,100
530,421,21.539250,6.488369,100
64,422,-1.760750,6.538369,100
65,422,-1.710750,6.538369,100
140,422,2.039250,6.538369,100
141,422,2.089250,6.538369,100
155,422,2.789250,6.538369,100
157,422,2.889250,6.538369,100
224,422,6.239250,6.538369,100
225,422,6.289250,6.538369,100
341,422,12.089250,6.538369,100
342,422,12.139250,6.538369,100
343,422,12.189250,6.538369,100
424,422,16.239250,6.538369,100
426,422,16.339250,6.538369,100
442,422,17.139250,6.538369,100
443,422,17.189250,6.538369,100
444,422,17.239250,6.538369,100
527,422,21.389250,6.538369,100
530,422,21.539250,6.538369,100
65,423,-1.710750,6.588369,100
66,423,-1.660750,6.588369,100
141,423,2.089250,6.588369,100
142,423,2.139250,6.588369,100
155,423,2.789250,6.588369,100
157,423,2.889250,6.588369,100
225,423,6.289250,6.588369,100
226,423,6.339250,6.588369,100
340,423,12.039250,6.588369,100
341,423,12.089250,6.588369,100
424,423,16.239250,6.588369,100
425,423,16.289250,6.588369,100
441,423,17.089250,6.588369,100
442,423,17.139250,6.588369,100
527,423,21.389250,6.588369,100
529,423,21.489250,6.588369,100
66,424,-1.660750,6.638369,100
67,424,-1.610750,6.638369,100
142,424,2.139250,6.638369,100
143,424,2.189250,6.638369,100
156,424,2.839250,6.638369,100
158,424,2.939250,6.638369,100
226,424,6.339250,6.638369,100
227,424,6.389250,6.638369,100
339,424,11.989250,6.638369,100
340,424,12.039250,6.638369,100
423,424,16.189250,6.638369,100
424,424,16.239250,6.638369,100
439,424,16.989250,6.638369,100
440,424,17.039250,6.638369,100
441,424,17.089250,6.638369,100
526,424,21.339250,6.638369,100
528,424,21.439250,6.638369,100
67,425,-1.610750,6.688369,100
68,425,-1.560750,6.688369,100
143,425,2.189250,6.688369,100
144,425,2.239250,6.688369,100
157,425,2.889250,6.688369,100
158,425,2.939250,6.688369,100
227,425,6.389250,6.688369,100
228,425,6.439250,6.688369,100
338,425,11.939250,6.688369,100
339,425,11.989250,6.688369,100
422,425,16.139250,6.688369,100
424,425,16.239250,6.688369,100
438,425,16.939250,6.688369,100
440,425,17.039250,6.688369,100
525,425,21.289250,6.688369,100
527,425,21.389250,6.688369,100
528,425,21.439250,6.688369,100
68,426,-1.560750,6.738369,100
144,426,2.239250,6.738369,100
157,426,2.889250,6.738369,100
158,426,2.939250,6.738369,100
228,426,6.439250,6.738369,100
229,426,6.489250,6.738369,100
337,426,11.889250,6.738369,100
338,426,11.939250,6.738369,100
422,426,16.139250,6.738369,100
423,426,16.189250,6.738369,100
437,426,16.889250,6.738369,100
439,426,16.989250,6.738369,100
524,426,21.239250,6.738369,100
526,426,21.339250,6.738369,100
68,427,-1.560750,6.788369,100
69,427,-1.510750,6.788369,100
144,427,2.239250,6.788369,100
145,427,2.289250,6.788369,100
157,427,2.889250,6.788369,100
158,427,2.939250,6.788369,100
229,427,6.489250,6.788369,100
230,427,6.539250,6.788369,100
335,427,11.789250,6.788369,100
336,427,11.839250,6.788369,100
337,427,11.889250,6.788369,100
421,427,16.089250,6.788369,100
422,427,16.139250,6.788369,100
436,427,16.839250,6.788369,100
437,427,16.889250,6.788369,100
438,427,16.939250,6.788369,100
523,427,21.189250,6.788369,100
525,427,21.289250,6.788369,100
526,427,21.339250,6.788369,100
69,428,-1.510750,6.838369,100
70,428,-1.460750,6.838369,100
145,428,2.289250,6.838369,100
146,428,2.339250,6.838369,100
158,428,2.939250,6.838369,100
159,428,2.989250,6.838369,100
230,428,6.539250,6.838369,100
231,428,6.589250,6.838369,100
334,428,11.739250,6.838369,100
336,428,11.839250,6.838369,100
420,428,16.039250,6.838369,100
421,428,16.089250,6.838369,100
435,428,16.789250,6.838369,100
436,428,16.839250,6.838369,100
523,428,21.189250,6.838369,100
524,428,21.239250,6.838369,100
70,429,-1.460750,6.888369,100
71,429,-1.410750,6.888369,100
146,429,2.339250,6.888369,100
147,429,2.389250,6.888369,100
158,429,2.939250,6.888369,100
159,429,2.989250,6.888369,100
231,429,6.589250,6.888369,100
232,429,6.639250,6.888369,100
333,429,11.689250,6.888369,100
335,429,11.789250,6.888369,100
420,429,16.039250,6.888369,100
421,429,16.089250,6.888369,100
433,429,16.689250,6.888369,100
434,429,16.739250,6.888369,100
435,429,16.789250,6.888369,100
522,429,21.139250,6.888369,100
524,429,21.239250,6.888369,100
71,430,-1.410750,6.938369,100
72,430,-1.360750,6.938369,100
147,430,2.389250,6.938369,100
148,430,2.439250,6.938369,100
158,430,2.939250,6.938369,100
160,430,3.039250,6.938369,100
232,430,6.639250,6.938369,100
332,430,11.639250,6.938369,100
333,430,11.689250,6.938369,100
334,430,11.739250,6.938369,100
419,430,15.989250,6.938369,100
420,430,16.039250,6.938369,100
432,430,16.639250,6.938369,100
433,430,16.689250,6.938369,100
434,430,16.739250,6.938369,100
521,430,21.089250,6.938369,100
523,430,21.189250,6.938369,100
524,430,21.239250,6.938369,100
72,431,-1.360750,6.988369,100
148,431,2.439250,6.988369,100
149,431,2.489250,6.988369,100
159,431,2.989250,6.988369,100
160,431,3.039250,6.988369,100
232,431,6.639250,6.988369,100
233,431,6.689250,6.988369,100
331,431,11.589250,6.988369,100
332,431,11.639250,6.988369,100
418,431,15.939250,6.988369,100
419,431,15.989250,6.988369,100
431,431,16.589250,6.988369,100
432,431,16.639250,6.988369,100
520,431,21.039250,6.988369,100
522,431,21.139250,6.988369,100
73,432,-1.310750,7.038369,100
149,432,2.489250,7.038369,100
150,432,2.539250,7.038369,100
159,432,2.989250,7.038369,100
160,432,3.039250,7.038369,100
233,432,6.689250,7.038369,100
234,432,6.739250,7.038369,100
329,432,11.489250,7.038369,100
330,432,11.539250,7.038369,100
331,432,11.589250,7.038369,100
417,432,15.889250,7.038369,100
419,432,15.989250,7.038369,100
430,432,16.539250,7.038369,100
431,432,16.589250,7.038369,100
519,432,20.989250,7.038369,100
521,432,21.089250,7.038369,100
73,433,-1.310750,7.088369,100
74,433,-1.260750,7.088369,100
149,433,2.489250,7.088369,100
150,433,2.539250,7.088369,100
160,433,3.039250,7.088369,100
161,433,3.089250,7.088369,100
234,433,6.739250,7.088369,100
235,433,6.789250,7.088369,100
328,433,11.439250,7.088369,100
330,433,11.539250,7.088369,100
417,433,15.889250,7.088369,100
418,433,15.939250,7.088369,100
429,433,16.489250,7.088369,100
430,433,16.539250,7.088369,100
518,433,20.939250,7.088369,100
521,433,21.089250,7.088369,100
74,434,-1.260750,7.138369,100
75,434,-1.210750,7.138369,100
150,434,2.539250,7.138369,100
151,434,2.589250,7.138369,100
160,434,3.039250,7.138369,100
161,434,3.089250,7.138369,100
235,434,6.789250,7.138369,100
236,434,6.839250,7.138369,100
327,434,11.389250,7.138369,100
329,434,11.489250,7.138369,100
416,434,15.839250,7.138369,100
417,434,15.889250,7.138369,100
428,434,16.439250,7.138369,100
429,434,16.489250,7.138369,100
517,434,20.889250,7.138369,100
519,434,20.989250,7.138369,100
520,434,21.039250,7.138369,100
75,435,-1.210750,7.188369,100
76,435,-1.160750,7.188369,100
151,435,2.589250,7.188369,100
152,435,2.639250,7.188369,100
160,435,3.039250,7.188369,100
162,435,3.139250,7.188369,100
236,435,6.839250,7.188369,100
237,435,6.889250,7.188369,100
326,435,11.339250,7.188369,100
328,435,11.439250,7.188369,100
415,435,15.789250,7.188369,100
416,435,15.839250,7.188369,100
426,435,16.339250,7.188369,100
427,435,16.389250,7.188369,100
428,435,16.439250,7.188369,100
516,435,20.839250,7.188369,100
518,435,20.939250,7.188369,100
76,436,-1.160750,7.238369,100
77,436,-1.110750,7.238369,100
152,436,2.639250,7.238369,100
153,436,2.689250,7.238369,100
161,436,3.089250,7.238369,100
162,436,3.139250,7.238369,100
237,436,6.889250,7.238369,100
238,436,6.939250,7.238369,100
325,436,11.289250,7.238369,100
326,436,11.339250,7.238369,100
327,436,11.389250,7.238369,100
414,436,15.739250,7.238369,100
415,436,15.789250,7.238369,100
425,436,16.289250,7.238369,100
426,436,16.339250,7.238369,100
515,436,20.789250,7.238369,100
517,436,20.889250,7.238369,100
518,436,20.939250,7.238369,100
77,437,-1.110750,7.288369,100
153,437,2.689250,7.288369,100
154,437,2.739250,7.288369,100
162,437,3.139250,7.288369,100
163,437,3.189250,7.288369,100
238,437,6.939250,7.288369,100
239,437,6.989250,7.288369,100
324,437,11.239250,7.288369,100
325,437,11.289250,7.288369,100
413,437,15.689250,7.288369,100
414,437,15.739250,7.288369,100
415,437,15.789250,7.288369,100
424,437,16.239250,7.288369,100
425,437,16.289250,7.288369,100
514,437,20.739250,7.288369,100
516,437,20.839250,7.288369,100
518,437,20.939250,7.288369,100
77,438,-1.110750,7.338369,100
78,438,-1.060750,7.338369,100
154,438,2.739250,7.338369,100
162,438,3.139250,7.338369,100
163,438,3.189250,7.338369,100
239,438,6.989250,7.338369,100
240,438,7.039250,7.338369,100
322,438,11.139250,7.338369,100
323,438,11.189250,7.338369,100
324,438,11.239250,7.338369,100
412,438,15.639250,7.338369,100
413,438,15.689250,7.338369,100
423,438,16.189250,7.338369,100
424,438,16.239250,7.338369,100
513,438,20.689250,7.338369,100
515,438,20.789250,7.338369,100
78,439,-1.060750,7.388369,100
79,439,-1.010750,7.388369,100
154,439,2.739250,7.388369,100
155,439,2.789250,7.388369,100
163,439,3.189250,7.388369,100
164,439,3.239250,7.388369,100
240,439,7.039250,7.388369,100
241,439,7.089250,7.388369,100
321,439,11.089250,7.388369,100
323,439,11.189250,7.388369,100
411,439,15.589250,7.388369,100
413,439,15.689250,7.388369,100
421,439,16.089250,7.388369,100
422,439,16.139250,7.388369,100
423,439,16.189250,7.388369,100
512,439,20.639250,7.388369,100
514,439,20.739250,7.388369,100
79,440,-1.010750,7.438369,100
80,440,-0.960750,7.438369,100
155,440,2.789250,7.438369,100
156,440,2.839250,7.438369,100
163,440,3.189250,7.438369,100
165,440,3.289250,7.438369,100
241,440,7.089250,7.438369,100
242,440,7.139250,7.438369,100
320,440,11.039250,7.438369,100
322,440,11.139250,7.438369,100
410,440,15.539250,7.438369,100
411,440,15.589250,7.438369,100
412,440,15.639250,7.438369,100
420,440,16.039250,7.438369,100
421,440,16.089250,7.438369,100
511,440,20.589250,7.438369,100
513,440,20.689250,7.438369,100
80,441,-0.960750,7.488369,100
81,441,-0.910750,7.488369,100
156,441,2.839250,7.488369,100
157,441,2.889250,7.488369,100
164,441,3.239250,7.488369,100
165,441,3.289250,7.488369,100
242,441,7.139250,7.488369,100
243,441,7.189250,7.488369,100
319,441,10.989250,7.488369,100
321,441,11.089250,7.488369,100
409,441,15.489250,7.488369,100
410,441,15.539250,7.488369,100
419,441,15.989250,7.488369,100
420,441,16.039250,7.488369,100
510,441,20.539250,7.488369,100
512,441,20.639250,7.488369,100
79,442,-1.010750,7.538369,100
81,442,-0.910750,7.538369,100
82,442,-0.860750,7.538369,100
157,442,2.889250,7.538369,100
158,442,2.939250,7.538369,100
165,442,3.289250,7.538369,100
166,442,3.339250,7.538369,100
243,442,7.189250,7.538369,100
244,442,7.239250,7.538369,100
245,442,7.289250,7.538369,100
318,442,10.939250,7.538369,100
319,442,10.989250,7.538369,100
320,442,11.039250,7.538369,100
408,442,15.439250,7.538369,100
409,442,15.489250,7.538369,100
418,442,15.939250,7.538369,100
419,442,15.989250,7.538369,100
509,442,20.489250,7.538369,100
511,442,20.589250,7.538369,100
82,443,-0.860750,7.588369,100
158,443,2.939250,7.588369,100
159,443,2.989250,7.588369,100
165,443,3.289250,7.588369,100
167,443,3.389250,7.588369,100
244,443,7.239250,7.588369,100
246,443,7.339250,7.588369,100
316,443,10.839250,7.588369,100
317,443,10.889250,7.588369,100
318,443,10.939250,7.588369,100
407,443,15.389250,7.588369,100
408,443,15.439250,7.588369,100
417,443,15.889250,7.588369,100
418,443,15.939250,7.588369,100
508,443,20.439250,7.588369,100
510,443,20.539250,7.588369,100
82,444,-0.860750,7.638369,100
83,444,-0.810750,7.638369,100
158,444,2.939250,7.638369,100
159,444,2.989250,7.638369,100
166,444,3.339250,7.638369,100
167,444,3.389250,7.638369,100
245,444,7.289250,7.638369,100
246,444,7.339250,7.638369,100
247,444,7.389250,7.638369,100
315,444,10.789250,7.638369,100
317,444,10.889250,7.638369,100
405,444,15.289250,7.638369,100
406,444,15.339250,7.638369,100
407,444,15.389250,7.638369,100
415,444,15.789250,7.638369,100
416,444,15.839250,7.638369,100
417,444,15.889250,7.638369,100
507,444,20.389250,7.638369,100
509,444,20.489250,7.638369,100
83,445,-0.810750,7.688369,100
84,445,-0.760750,7.688369,100
159,445,2.989250,7.688369,100
160,445,3.039250,7.688369,100
167,445,3.389250,7.688369,100
168,445,3.439250,7.688369,100
247,445,7.389250,7.688369,100
248,445,7.439250,7.688369,100
249,445,7.489250,7.688369,100
314,445,10.739250,7.688369,100
315,445,10.789250,7.688369,100
316,445,10.839250,7.688369,100
404,445,15.239250,7.688369,100
406,445,15.339250,7.688369,100
414,445,15.739250,7.688369,100
415,445,15.789250,7.688369,100
506,445,20.339250,7.688369,100
508,445,20.439250,7.688369,100
82,446,-0.860750,7.738369,100
84,446,-0.760750,7.738369,100
85,446,-0.710750,7.738369,100
160,446,3.039250,7.738369,100
161,446,3.089250,7.738369,100
168,446,3.439250,7.738369,100
169,446,3.489250,7.738369,100
248,446,7.439250,7.738369,100
249,446,7.489250,7.738369,100
250,446,7.539250,7.738369,100
312,446,10.639250,7.738369,100
313,446,10.689250,7.738369,100
314,446,10.739250,7.738369,100
403,446,15.189250,7.738369,100
405,446,15.289250,7.738369,100
413,446,15.689250,7.738369,100
414,446,15.739250,7.738369,100
504,446,20.239250,7.738369,100
505,446,20.289250,7.738369,100
507,446,20.389250,7.738369,100
85,447,-0.710750,7.788369,100
86,447,-0.660750,7.788369,100
161,447,3.089250,7.788369,100
162,447,3.139250,7.788369,100
168,447,3.439250,7.788369,100
170,447,3.539250,7.788369,100
250,447,7.539250,7.788369,100
251,447,7.589250,7.788369,100
252,447,7.639250,7.788369,100
310,447,10.539250,7.788369,100
311,447,10.589250,7.788369,100
312,447,10.639250,7.788369,100
313,447,10.689250,7.788369,100
402,447,15.139250,7.788369,100
403,447,15.189250,7.788369,100
404,447,15.239250,7.788369,100
412,447,15.639250,7.788369,100
413,447,15.689250,7.788369,100
503,447,20.189250,7.788369,100
505,447,20.289250,7.788369,100
506,447,20.339250,7.788369,100
86,448,-0.660750,7.838369,100
87,448,-0.610750,7.838369,100
162,448,3.139250,7.838369,100
163,448,3.189250,7.838369,100
169,448,3.489250,7.838369,100
170,448,3.539250,7.838369,100
251,448,7.589250,7.838369,100
252,448,7.639250,7.838369,100
253,448,7.689250,7.838369,100
254,448,7.739250,7.838369,100
309,448,10.489250,7.838369,100
310,448,10.539250,7.838369,100
311,448,10.589250,7.838369,100
401,448,15.089250,7.838369,100
402,448,15.139250,7.838369,100
411,448,15.589250,7.838369,100
412,448,15.639250,7.838369,100
502,448,20.139250,7.838369,100
504,448,20.239250,7.838369,100
86,449,-0.660750,7.888369,100
87,449,-0.610750,7.888369,100
163,449,3.189250,7.888369,100
164,449,3.239250,7.888369,100
170,449,3.539250,7.888369,100
171,449,3.589250,7.888369,100
253,449,7.689250,7.888369,100
254,449,7.739250,7.888369,100
255,449,7.789250,7.888369,100
256,449,7.839250,7.888369,100
307,449,10.389250,7.888369,100
308,449,10.439250,7.888369,100
309,449,10.489250,7.888369,100
400,449,15.039250,7.888369,100
401,449,15.089250,7.888369,100
409,449,15.489250,7.888369,100
410,449,15.539250,7.888369,100
501,449,20.089250,7.888369,100
503,449,20.189250,7.888369,100
87,450,-0.610750,7.938369,100
88,450,-0.560750,7.938369,100
163,450,3.189250,7.938369,100
164,450,3.239250,7.938369,100
171,450,3.589250,7.938369,100
172,450,3.639250,7.938369,100
255,450,7.789250,7.938369,100
256,450,7.839250,7.938369,100
257,450,7.889250,7.938369,100
258,450,7.939250,7.938369,100
305,450,10.289250,7.938369,100
306,450,10.339250,7.938369,100
307,450,10.389250,7.938369,100
399,450,14.989250,7.938369,100
400,450,15.039250,7.938369,100
408,450,15.439250,7.938369,100
409,450,15.489250,7.938369,100
500,450,20.039250,7.938369,100
502,450,20.139250,7.938369,100
88,451,-0.560750,7.988369,100
89,451,-0.510750,7.988369,100
164,451,3.239250,7.988369,100
165,451,3.289250,7.988369,100
172,451,3.639250,7.988369,100
173,451,3.689250,7.988369,100
257,451,7.889250,7.988369,100
258,451,7.939250,7.988369,100
259,451,7.989250,7.988369,100
260,451,8.039250,7.988369,100
302,451,10.139250,7.988369,100
303,451,10.189250,7.988369,100
304,451,10.239250,7.988369,100
305,451,10.289250,7.988369,100
397,451,14.889250,7.988369,100
398,451,14.939250,7.988369,100
399,451,14.989250,7.988369,100
407,451,15.389250,7.988369,100
408,451,15.439250,7.988369,100
498,451,19.939250,7.988369,100
499,451,19.989250,7.988369,100
501,451,20.089250,7.988369,100
87,452,-0.610750,8.038369,100
89,452,-0.510750,8.038369,100
90,452,-0.460750,8.038369,100
165,452,3.289250,8.038369,100
166,452,3.339250,8.038369,100
173,452,3.689250,8.038369,100
174,452,3.739250,8.038369,100
259,452,7.989250,8.038369,100
260,452,8.039250,8.038369,100
261,452,8.089250,8.038369,100
262,452,8.139250,8.038369,100
263,452,8.189250,8.038369,100
264,452,8.239250,8.038369,100
300,452,10.039250,8.038369,100
301,452,10.089250,8.038369,100
302,452,10.139250,8.038369,100
303,452,10.189250,8.038369,100
396,452,14.839250,8.038369,100
397,452,14.889250,8.038369,100
398,452,14.939250,8.038369,100
406,452,15.339250,8.038369,100
407,452,15.389250,8.038369,100
497,452,19.889250,8.038369,100
499,452,19.989250,8.038369,100
500,452,20.039250,8.038369,100
90,453,-0.460750,8.088369,100
91,453,-0.410750,8.088369,100
166,453,3.339250,8.088369,100
167,453,3.389250,8.088369,100
174,453,3.739250,8.088369,100
175,453,3.789250,8.088369,100
262,453,8.139250,8.088369,100
263,453,8.189250,8.088369,100
264,453,8.239250,8.088369,100
265,453,8.289250,8.088369,100
266,453,8.339250,8.088369,100
296,453,9.839250,8.088369,100
297,453,9.889250,8.088369,100
298,453,9.939250,8.088369,100
299,453,9.989250,8.088369,100
300,453,10.039250,8.088369,100
395,453,14.789250,8.088369,100
396,453,14.839250,8.088369,100
404,453,15.239250,8.088369,100
405,453,15.289250,8.088369,100
406,453,15.339250,8.088369,100
496,453,19.839250,8.088369,100
498,453,19.939250,8.088369,100
91,454,-0.410750,8.138369,100
92,454,-0.360750,8.138369,100
167,454,3.389250,8.138369,100
168,454,3.439250,8.138369,100
175,454,3.789250,8.138369,100
176,454,3.839250,8.138369,100
265,454,8.289250,8.138369,100
266,454,8.339250,8.138369,100
267,454,8.389250,8.138369,100
268,454,8.439250,8.138369,100
269,454,8.489250,8.138369,100
270,454,8.539250,8.138369,100
271,454,8.589250,8.138369,100
292,454,9.639250,8.138369,100
293,454,9.689250,8.138369,100
294,454,9.739250,8.138369,100
295,454,9.789250,8.138369,100
296,454,9.839250,8.138369,100
297,454,9.889250,8.138369,100
394,454,14.739250,8.138369,100
395,454,14.789250,8.138369,100
403,454,15.189250,8.138369,100
404,454,15.239250,8.138369,100
495,454,19.789250,8.138369,100
497,454,19.889250,8.138369,100
92,455,-0.360750,8.188369,100
168,455,3.439250,8.188369,100
169,455,3.489250,8.188369,100
176,455,3.839250,8.188369,100
270,455,8.539250,8.188369,100
271,455,8.589250,8.188369,100
272,455,8.639250,8.188369,100
273,455,8.689250,8.188369,100
274,455,8.739250,8.188369,100
275,455,8.789250,8.188369,100
276,455,8.839250,8.188369,100
277,455,8.889250,8.188369,100
278,455,8.939250,8.188369,100
279,455,8.989250,8.188369,100
280,455,9.039250,8.188369,100
281,455,9.089250,8.188369,100
282,455,9.139250,8.188369,100
283,455,9.189250,8.188369,100
284,455,9.239250,8.188369,100
285,455,9.289250,8.188369,100
286,455,9.339250,8.188369,100
287,455,9.389250,8.188369,100
288,455,9.439250,8.188369,100
289,455,9.489250,8.188369,100
290,455,9.539250,8.188369,100
291,455,9.589250,8.188369,100
292,455,9.639250,8.188369,100
293,455,9.689250,8.188369,100
393,455,14.689250,8.188369,100
394,455,14.739250,8.188369,100
402,455,15.139250,8.188369,100
403,455,15.189250,8.188369,100
494,455,19.739250,8.188369,100
496,455,19.839250,8.188369,100
92,456,-0.360750,8.238369,100
93,456,-0.310750,8.238369,100
168,456,3.439250,8.238369,100
169,456,3.489250,8.238369,100
176,456,3.839250,8.238369,100
177,456,3.889250,8.238369,100
278,456,8.939250,8.238369,100
279,456,8.989250,8.238369,100
280,456,9.039250,8.238369,100
281,456,9.089250,8.238369,100
282,456,9.139250,8.238369,100
283,456,9.189250,8.238369,100
284,456,9.239250,8.238369,100
392,456,14.639250,8.238369,100
393,456,14.689250,8.238369,100
401,456,15.089250,8.238369,100
402,456,15.139250,8.238369,100
493,456,19.689250,8.238369,100
494,456,19.739250,8.238369,100
495,456,19.789250,8.238369,100
93,457,-0.310750,8.288369,100
94,457,-0.260750,8.288369,100
169,457,3.489250,8.288369,100
170,457,3.539250,8.288369,100
177,457,3.889250,8.288369,100
178,457,3.939250,8.288369,100
390,457,14.539250,8.288369,100
391,457,14.589250,8.288369,100
392,457,14.639250,8.288369,100
399,457,14.989250,8.288369,100
400,457,15.039250,8.288369,100
401,457,15.089250,8.288369,100
491,457,19.589250,8.288369,100
492,457,19.639250,8.288369,100
493,457,19.689250,8.288369,100
94,458,-0.260750,8.338369,100
95,458,-0.210750,8.338369,100
170,458,3.539250,8.338369,100
171,458,3.589250,8.338369,100
178,458,3.939250,8.338369,100
179,458,3.989250,8.338369,100
389,458,14.489250,8.338369,100
390,458,14.539250,8.338369,100
391,458,14.589250,8.338369,100
398,458,14.939250,8.338369,100
399,458,14.989250,8.338369,100
400,458,15.039250,8.338369,100
490,458,19.539250,8.338369,100
492,458,19.639250,8.338369,100
95,459,-0.210750,8.388369,100
96,459,-0.160750,8.388369,100
171,459,3.589250,8.388369,100
172,459,3.639250,8.388369,100
179,459,3.989250,8.388369,100
180,459,4.039250,8.388369,100
388,459,14.439250,8.388369,100
389,459,14.489250,8.388369,100
397,459,14.889250,8.388369,100
398,459,14.939250,8.388369,100
489,459,19.489250,8.388369,100
491,459,19.589250,8.388369,100
96,460,-0.160750,8.438369,100
97,460,-0.110750,8.438369,100
172,460,3.639250,8.438369,100
173,460,3.689250,8.438369,100
180,460,4.039250,8.438369,100
181,460,4.089250,8.438369,100
387,460,14.389250,8.438369,100
388,460,14.439250,8.438369,100
396,460,14.839250,8.438369,100
397,460,14.889250,8.438369,100
488,460,19.439250,8.438369,100
490,460,19.539250,8.438369,100
97,461,-0.110750,8.488369,100
172,461,3.639250,8.488369,100
174,461,3.739250,8.488369,100
181,461,4.089250,8.488369,100
182,461,4.139250,8.488369,100
386,461,14.339250,8.488369,100
387,461,14.389250,8.488369,100
395,461,14.789250,8.488369,100
396,461,14.839250,8.488369,100
487,461,19.389250,8.488369,100
488,461,19.439250,8.488369,100
489,461,19.489250,8.488369,100
97,462,-0.110750,8.538369,100
98,462,-0.060750,8.538369,100
173,462,3.689250,8.538369,100
174,462,3.739250,8.538369,100
182,462,4.139250,8.538369,100
183,462,4.189250,8.538369,100
384,462,14.239250,8.538369,100
385,462,14.289250,8.538369,100
386,462,14.339250,8.538369,100
393,462,14.689250,8.538369,100
394,462,14.739250,8.538369,100
395,462,14.789250,8.538369,100
485,462,19.289250,8.538369,100
486,462,19.339250,8.538369,100
487,462,19.389250,8.538369,100
98,463,-0.060750,8.588369,100
99,463,-0.010750,8.588369,100
174,463,3.739250,8.588369,100
175,463,3.789250,8.588369,100
183,463,4.189250,8.588369,100
383,463,14.189250,8.588369,100
385,463,14.289250,8.588369,100
392,463,14.639250,8.588369,100
393,463,14.689250,8.588369,100
394,463,14.739250,8.588369,100
484,463,19.239250,8.588369,100
486,463,19.339250,8.588369,100
99,464,-0.010750,8.638369,100
100,464,0.039250,8.638369,100
175,464,3.789250,8.638369,100
176,464,3.839250,8.638369,100
183,464,4.189250,8.638369,100
184,464,4.239250,8.638369,100
382,464,14.139250,8.638369,100
384,464,14.239250,8.638369,100
391,464,14.589250,8.638369,100
392,464,14.639250,8.638369,100
483,464,19.189250,8.638369,100
485,464,19.289250,8.638369,100
100,465,0.039250,8.688369,100
101,465,0.089250,8.688369,100
176,465,3.839250,8.688369,100
177,465,3.889250,8.688369,100
184,465,4.239250,8.688369,100
185,465,4.289250,8.688369,100
381,465,14.089250,8.688369,100
382,465,14.139250,8.688369,100
383,465,14.189250,8.688369,100
390,465,14.539250,8.688369,100
391,465,14.589250,8.688369,100
482,465,19.139250,8.688369,100
483,465,19.189250,8.688369,100
484,465,19.239250,8.688369,100
101,466,0.089250,8.738369,100
102,466,0.139250,8.738369,100
177,466,3.889250,8.738369,100
178,466,3.939250,8.738369,100
185,466,4.289250,8.738369,100
186,466,4.339250,8.738369,100
380,466,14.039250,8.738369,100
381,466,14.089250,8.738369,100
388,466,14.439250,8.738369,100
389,466,14.489250,8.738369,100
390,466,14.539250,8.738369,100
481,466,19.089250,8.738369,100
482,466,19.139250,8.738369,100
101,467,0.089250,8.788369,100
102,467,0.139250,8.788369,100
177,467,3.889250,8.788369,100
179,467,3.989250,8.788369,100
186,467,4.339250,8.788369,100
187,467,4.389250,8.788369,100
379,467,13.989250,8.788369,100
380,467,14.039250,8.788369,100
387,467,14.389250,8.788369,100
389,467,14.489250,8.788369,100
479,467,18.989250,8.788369,100
480,467,19.039250,8.788369,100
481,467,19.089250,8.788369,100
102,468,0.139250,8.838369,100
103,468,0.189250,8.838369,100
178,468,3.939250,8.838369,100
179,468,3.989250,8.838369,100
187,468,4.389250,8.838369,100
188,468,4.439250,8.838369,100
378,468,13.939250,8.838369,100
379,468,13.989250,8.838369,100
386,468,14.339250,8.838369,100
387,468,14.389250,8.838369,100
388,468,14.439250,8.838369,100
478,468,18.939250,8.838369,100
480,468,19.039250,8.838369,100
103,469,0.189250,8.888369,100
104,469,0.239250,8.888369,100
179,469,3.989250,8.888369,100
180,469,4.039250,8.888369,100
188,469,4.439250,8.888369,100
189,469,4.489250,8.888369,100
376,469,13.839250,8.888369,100
377,469,13.889250,8.888369,100
378,469,13.939250,8.888369,100
384,469,14.239250,8.888369,100
385,469,14.289250,8.888369,100
386,469,14.339250,8.888369,100
477,469,18.889250,8.888369,100
479,469,18.989250,8.888369,100
104,470,0.239250,8.938369,100
105,470,0.289250,8.938369,100
180,470,4.039250,8.938369,100
181,470,4.089250,8.938369,100
189,470,4.489250,8.938369,100
190,470,4.539250,8.938369,100
375,470,13.789250,8.938369,100
377,470,13.889250,8.938369,100
384,470,14.239250,8.938369,100
385,470,14.289250,8.938369,100
476,470,18.839250,8.938369,100
478,470,18.939250,8.938369,100
105,471,0.289250,8.988369,100
106,471,0.339250,8.988369,100
181,471,4.089250,8.988369,100
182,471,4.139250,8.988369,100
189,471,4.489250,8.988369,100
191,471,4.589250,8.988369,100
374,471,13.739250,8.988369,100
376,471,13.839250,8.988369,100
382,471,14.139250,8.988369,100
383,471,14.189250,8.988369,100
384,471,14.239250,8.988369,100
475,471,18.789250,8.988369,100
476,471,18.839250,8.988369,100
477,471,18.889250,8.988369,100
106,472,0.339250,9.038369,100
107,472,0.389250,9.038369,100
181,472,4.089250,9.038369,100
183,472,4.189250,9.038369,100
190,472,4.539250,9.038369,100
191,472,4.589250,9.038369,100
373,472,13.689250,9.038369,100
374,472,13.739250,9.038369,100
375,472,13.789250,9.038369,100
381,472,14.089250,9.038369,100
383,472,14.189250,9.038369,100
473,472,18.689250,9.038369,100
474,472,18.739250,9.038369,100
475,472,18.789250,9.038369,100
106,473,0.339250,9.088369,100
107,473,0.389250,9.088369,100
182,473,4.139250,9.088369,100
184,473,4.239250,9.088369,100
191,473,4.589250,9.088369,100
192,473,4.639250,9.088369,100
371,473,13.589250,9.088369,100
372,473,13.639250,9.088369,100
373,473,13.689250,9.088369,100
380,473,14.039250,9.088369,100
381,473,14.089250,9.088369,100
382,473,14.139250,9.088369,100
472,473,18.639250,9.088369,100
474,473,18.739250,9.088369,100
107,474,0.389250,9.138369,100
108,474,0.439250,9.138369,100
183,474,4.189250,9.138369,100
185,474,4.289250,9.138369,100
192,474,4.639250,9.138369,100
193,474,4.689250,9.138369,100
370,474,13.539250,9.138369,100
372,474,13.639250,9.138369,100
379,474,13.989250,9.138369,100
380,474,14.039250,9.138369,100
471,474,18.589250,9.138369,100
472,474,18.639250,9.138369,100
473,474,18.689250,9.138369,100
108,475,0.439250,9.188369,100
109,475,0.489250,9.188369,100
184,475,4.239250,9.188369,100
186,475,4.339250,9.188369,100
193,475,4.689250,9.188369,100
194,475,4.739250,9.188369,100
369,475,13.489250,9.188369,100
371,475,13.589250,9.188369,100
377,475,13.889250,9.188369,100
378,475,13.939250,9.188369,100
379,475,13.989250,9.188369,100
470,475,18.539250,9.188369,100
471,475,18.589250,9.188369,100
109,476,0.489250,9.238369,100
110,476,0.539250,9.238369,100
185,476,4.289250,9.238369,100
186,476,4.339250,9.238369,100
194,476,4.739250,9.238369,100
195,476,4.789250,9.238369,100
368,476,13.439250,9.238369,100
370,476,13.539250,9.238369,100
376,476,13.839250,9.238369,100
378,476,13.939250,9.238369,100
469,476,18.489250,9.238369,100
470,476,18.539250,9.238369,100
105,477,0.289250,9.288369,100
110,477,0.539250,9.288369,100
111,477,0.589250,9.288369,100
186,477,4.339250,9.288369,100
187,477,4.389250,9.288369,100
195,477,4.789250,9.288369,100
196,477,4.839250,9.288369,100
367,477,13.389250,9.288369,100
369,477,13.489250,9.288369,100
375,477,13.789250,9.288369,100
377,477,13.889250,9.288369,100
467,477,18.389250,9.288369,100
468,477,18.439250,9.288369,100
469,477,18.489250,9.288369,100
110,478,0.539250,9.338369,100
112,478,0.639250,9.338369,100
186,478,4.339250,9.338369,100
188,478,4.439250,9.338369,100
196,478,4.839250,9.338369,100
197,478,4.889250,9.338369,100
366,478,13.339250,9.338369,100
368,478,13.439250,9.338369,100
373,478,13.689250,9.338369,100
374,478,13.739250,9.338369,100
375,478,13.789250,9.338369,100
376,478,13.839250,9.338369,100
466,478,18.339250,9.338369,100
468,478,18.439250,9.338369,100
111,479,0.589250,9.388369,100
112,479,0.639250,9.388369,100
187,479,4.389250,9.388369,100
189,479,4.489250,9.388369,100
197,479,4.889250,9.388369,100
198,479,4.939250,9.388369,100
364,479,13.239250,9.388369,100
365,479,13.289250,9.388369,100
366,479,13.339250,9.388369,100
367,479,13.389250,9.388369,100
372,479,13.639250,9.388369,100
374,479,13.739250,9.388369,100
465,479,18.289250,9.388369,100
466,479,18.339250,9.388369,100
467,479,18.389250,9.388369,100
112,480,0.639250,9.438369,100
113,480,0.689250,9.438369,100
188,480,4.439250,9.438369,100
190,480,4.539250,9.438369,100
198,480,4.939250,9.438369,100
199,480,4.989250,9.438369,100
363,480,13.189250,9.438369,100
365,480,13.289250,9.438369,100
371,480,13.589250,9.438369,100
373,480,13.689250,9.438369,100
464,480,18.239250,9.438369,100
465,480,18.289250,9.438369,100
113,481,0.689250,9.488369,100
114,481,0.739250,9.488369,100
189,481,4.489250,9.488369,100
190,481,4.539250,9.488369,100
199,481,4.989250,9.488369,100
200,481,5.039250,9.488369,100
362,481,13.139250,9.488369,100
364,481,13.239250,9.488369,100
370,481,13.539250,9.488369,100
372,481,13.639250,9.488369,100
463,481,18.189250,9.488369,100
464,481,18.239250,9.488369,100
114,482,0.739250,9.538369,100
115,482,0.789250,9.538369,100
190,482,4.539250,9.538369,100
191,482,4.589250,9.538369,100
200,482,5.039250,9.538369,100
201,482,5.089250,9.538369,100
361,482,13.089250,9.538369,100
363,482,13.189250,9.538369,100
369,482,13.489250,9.538369,100
371,482,13.589250,9.538369,100
461,482,18.089250,9.538369,100
462,482,18.139250,9.538369,100
463,482,18.189250,9.538369,100
115,483,0.789250,9.588369,100
116,483,0.839250,9.588369,100
191,483,4.589250,9.588369,100
192,483,4.639250,9.588369,100
201,483,5.089250,9.588369,100
202,483,5.139250,9.588369,100
360,483,13.039250,9.588369,100
362,483,13.139250,9.588369,100
367,483,13.389250,9.588369,100
368,483,13.439250,9.588369,100
369,483,13.489250,9.588369,100
370,483,13.539250,9.588369,100
460,483,18.039250,9.588369,100
461,483,18.089250,9.588369,100
462,483,18.139250,9.588369,100
111,484,0.589250,9.638369,100
115,484,0.789250,9.638369,100
116,484,0.839250,9.638369,100
192,484,4.639250,9.638369,100
193,484,4.689250,9.638369,100
202,484,5.139250,9.638369,100
203,484,5.189250,9.638369,100
359,484,12.989250,9.638369,100
361,484,13.089250,9.638369,100
366,484,13.339250,9.638369,100
368,484,13.439250,9.638369,100
459,484,17.989250,9.638369,100
460,484,18.039250,9.638369,100
116,485,0.839250,9.688369,100
117,485,0.889250,9.688369,100
193,485,4.689250,9.688369,100
194,485,4.739250,9.688369,100
203,485,5.189250,9.688369,100
204,485,5.239250,9.688369,100
205,485,5.289250,9.688369,100
357,485,12.889250,9.688369,100
358,485,12.939250,9.688369,100
360,485,13.039250,9.688369,100
365,485,13.289250,9.688369,100
367,485,13.389250,9.688369,100
458,485,17.939250,9.688369,100
459,485,17.989250,9.688369,100
117,486,0.889250,9.738369,100
118,486,0.939250,9.738369,100
194,486,4.739250,9.738369,100
195,486,4.789250,9.738369,100
204,486,5.239250,9.738369,100
206,486,5.339250,9.738369,100
356,486,12.839250,9.738369,100
358,486,12.939250,9.738369,100
359,486,12.989250,9.738369,100
364,486,13.239250,9.738369,100
366,486,13.339250,9.738369,100
457,486,17.889250,9.738369,100
458,486,17.939250,9.738369,100
118,487,0.939250,9.788369,100
119,487,0.989250,9.788369,100
195,487,4.789250,9.788369,100
196,487,4.839250,9.788369,100
205,487,5.289250,9.788369,100
207,487,5.389250,9.788369,100
355,487,12.789250,9.788369,100
357,487,12.889250,9.788369,100
362,487,13.139250,9.788369,100
363,487,13.189250,9.788369,100
365,487,13.289250,9.788369,100
455,487,17.789250,9.788369,100
456,487,17.839250,9.788369,100
457,487,17.889250,9.788369,100
114,488,0.739250,9.838369,100
119,488,0.989250,9.838369,100
120,488,1.039250,9.838369,100
196,488,4.839250,9.838369,100
197,488,4.889250,9.838369,100
206,488,5.339250,9.838369,100
207,488,5.389250,9.838369,100
208,488,5.439250,9.838369,100
354,488,12.739250,9.838369,100
356,488,12.839250,9.838369,100
361,488,13.089250,9.838369,100
364,488,13.239250,9.838369,100
454,488,17.739250,9.838369,100
455,488,17.789250,9.838369,100
456,488,17.839250,9.838369,100
119,489,0.989250,9.888369,100
121,489,1.089250,9.888369,100
197,489,4.889250,9.888369,100
198,489,4.939250,9.888369,100
208,489,5.439250,9.888369,100
209,489,5.489250,9.888369,100
210,489,5.539250,9.888369,100
352,489,12.639250,9.888369,100
353,489,12.689250,9.888369,100
355,489,12.789250,9.888369,100
360,489,13.039250,9.888369,100
362,489,13.139250,9.888369,100
363,489,13.189250,9.888369,100
453,489,17.689250,9.888369,100
454,489,17.739250,9.888369,100
120,490,1.039250,9.938369,100
122,490,1.139250,9.938369,100
198,490,4.939250,9.938369,100
199,490,4.989250,9.938369,100
209,490,5.489250,9.938369,100
211,490,5.589250,9.938369,100
351,490,12.589250,9.938369,100
353,490,12.689250,9.938369,100
354,490,12.739250,9.938369,100
359,490,12.989250,9.938369,100
361,490,13.089250,9.938369,100
452,490,17.639250,9.938369,100
453,490,17.689250,9.938369,100
121,491,1.089250,9.988369,100
122,491,1.139250,9.988369,100
199,491,4.989250,9.988369,100
200,491,5.039250,9.988369,100
210,491,5.539250,9.988369,100
211,491,5.589250,9.988369,100
212,491,5.639250,9.988369,100
350,491,12.539250,9.988369,100
352,491,12.639250,9.988369,100
358,491,12.939250,9.988369,100
360,491,13.039250,9.988369,100
450,491,17.539250,9.988369,100
451,491,17.589250,9.988369,100
452,491,17.639250,9.988369,100
117,492,0.889250,10.038369,100
122,492,1.139250,10.038369,100
123,492,1.189250,10.038369,100
200,492,5.039250,10.038369,100
201,492,5.089250,10.038369,100
202,492,5.139250,10.038369,100
212,492,5.639250,10.038369,100
213,492,5.689250,10.038369,100
214,492,5.739250,10.038369,100
348,492,12.439250,10.038369,100
349,492,12.489250,10.038369,100
351,492,12.589250,10.038369,100
356,492,12.839250,10.038369,100
357,492,12.889250,10.038369,100
359,492,12.989250,10.038369,100
449,492,17.489250,10.038369,100
450,492,17.539250,10.038369,100
123,493,1.189250,10.088369,100
124,493,1.239250,10.088369,100
201,493,5.089250,10.088369,100
202,493,5.139250,10.088369,100
203,493,5.189250,10.088369,100
213,493,5.689250,10.088369,100
215,493,5.789250,10.088369,100
347,493,12.389250,10.088369,100
349,493,12.489250,10.088369,100
350,493,12.539250,10.088369,100
355,493,12.789250,10.088369,100
358,493,12.939250,10.088369,100
448,493,17.439250,10.088369,100
449,493,17.489250,10.088369,100
124,494,1.239250,10.138369,100
125,494,1.289250,10.138369,100
203,494,5.189250,10.138369,100
204,494,5.239250,10.138369,100
214,494,5.739250,10.138369,100
215,494,5.789250,10.138369,100
216,494,5.839250,10.138369,100
217,494,5.889250,10.138369,100
345,494,12.289250,10.138369,100
346,494,12.339250,10.138369,100
348,494,12.439250,10.138369,100
354,494,12.739250,10.138369,100
356,494,12.839250,10.138369,100
357,494,12.889250,10.138369,100
447,494,17.389250,10.138369,100
448,494,17.439250,10.138369,100
124,495,1.239250,10.188369,100
126,495,1.339250,10.188369,100
204,495,5.239250,10.188369,100
205,495,5.289250,10.188369,100
216,495,5.839250,10.188369,100
217,495,5.889250,10.188369,100
218,495,5.939250,10.188369,100
344,495,12.239250,10.188369,100
346,495,12.339250,10.188369,100
347,495,12.389250,10.188369,100
353,495,12.689250,10.188369,100
355,495,12.789250,10.188369,100
446,495,17.339250,10.188369,100
447,495,17.389250,10.188369,100
125,496,1.289250,10.238369,100
127,496,1.389250,10.238369,100
205,496,5.289250,10.238369,100
206,496,5.339250,10.238369,100
218,496,5.939250,10.238369,100
219,496,5.989250,10.238369,100
220,496,6.039250,10.238369,100
342,496,12.139250,10.238369,100
343,496,12.189250,10.238369,100
345,496,12.289250,10.238369,100
351,496,12.589250,10.238369,100
352,496,12.639250,10.238369,100
354,496,12.739250,10.238369,100
444,496,17.239250,10.238369,100
445,496,17.289250,10.238369,100
446,496,17.339250,10.238369,100
126,497,1.339250,10.288369,100
127,497,1.389250,10.288369,100
206,497,5.339250,10.288369,100
207,497,5.389250,10.288369,100
208,497,5.439250,10.288369,100
219,497,5.989250,10.288369,100
220,497,6.039250,10.288369,100
221,497,6.089250,10.288369,100
222,497,6.139250,10.288369,100
341,497,12.089250,10.288369,100
343,497,12.189250,10.288369,100
344,497,12.239250,10.288369,100
350,497,12.539250,10.288369,100
353,497,12.689250,10.288369,100
443,497,17.189250,10.288369,100
444,497,17.239250,10.288369,100
445,497,17.289250,10.288369,100
122,498,1.139250,10.338369,100
127,498,1.389250,10.338369,100
128,498,1.439250,10.338369,100
207,498,5.389250,10.338369,100
208,498,5.439250,10.338369,100
209,498,5.489250,10.338369,100
221,498,6.089250,10.338369,100
223,498,6.189250,10.338369,100
224,498,6.239250,10.338369,100
339,498,11.989250,10.338369,100
340,498,12.039250,10.338369,100
341,498,12.089250,10.338369,100
342,498,12.139250,10.338369,100
349,498,12.489250,10.338369,100
351,498,12.589250,10.338369,100
352,498,12.639250,10.338369,100
442,498,17.139250,10.338369,100
443,498,17.189250,10.338369,100
128,499,1.439250,10.388369,100
129,499,1.489250,10.388369,100
209,499,5.489250,10.388369,100
210,499,5.539250,10.388369,100
222,499,6.139250,10.388369,100
223,499,6.189250,10.388369,100
225,499,6.289250,10.388369,100
226,499,6.339250,10.388369,100
337,499,11.889250,10.388369,100
338,499,11.939250,10.388369,100
339,499,11.989250,10.388369,100
340,499,12.039250,10.388369,100
347,499,12.389250,10.388369,100
348,499,12.439250,10.388369,100
350,499,12.539250,10.388369,100
441,499,17.089250,10.388369,100
442,499,17.139250,10.388369,100
129,500,1.489250,10.438369,100
130,500,1.539250,10.438369,100
210,500,5.539250,10.438369,100
211,500,5.589250,10.438369,100
212,500,5.639250,10.438369,100
224,500,6.239250,10.438369,100
225,500,6.289250,10.438369,100
227,500,6.389250,10.438369,100
335,500,11.789250,10.438369,100
336,500,11.839250,10.438369,100
337,500,11.889250,10.438369,100
338,500,11.939250,10.438369,100
346,500,12.339250,10.438369,100
349,500,12.489250,10.438369,100
439,500,16.989250,10.438369,100
440,500,17.039250,10.438369,100
441,500,17.089250,10.438369,100
129,501,1.489250,10.488369,100
131,501,1.589250,10.488369,100
212,501,5.639250,10.488369,100
213,501,5.689250,10.488369,100
226,501,6.339250,10.488369,100
227,501,6.389250,10.488369,100
228,501,6.439250,10.488369,100
229,501,6.489250,10.488369,100
333,501,11.689250,10.488369,100
334,501,11.739250,10.488369,100
335,501,11.789250,10.488369,100
336,501,11.839250,10.488369,100
345,501,12.289250,10.488369,100
347,501,12.389250,10.488369,100
348,501,12.439250,10.488369,100
438,501,16.939250,10.488369,100
440,501,17.039250,10.488369,100
130,502,1.539250,10.538369,100
132,502,1.639250,10.538369,100
213,502,5.689250,10.538369,100
214,502,5.739250,10.538369,100
215,502,5.789250,10.538369,100
228,502,6.439250,10.538369,100
229,502,6.489250,10.538369,100
230,502,6.539250,10.538369,100
231,502,6.589250,10.538369,100
232,502,6.639250,10.538369,100
331,502,11.589250,10.538369,100
332,502,11.639250,10.538369,100
333,502,11.689250,10.538369,100
334,502,11.739250,10.538369,100
343,502,12.189250,10.538369,100
344,502,12.239250,10.538369,100
346,502,12.339250,10.538369,100
437,502,16.889250,10.538369,100
438,502,16.939250,10.538369,100
439,502,16.989250,10.538369,100
131,503,1.589250,10.588369,100
132,503,1.639250,10.588369,100
215,503,5.789250,10.588369,100
216,503,5.839250,10.588369,100
230,503,6.539250,10.588369,100
231,503,6.589250,10.588369,100
233,503,6.689250,10.588369,100
234,503,6.739250,10.588369,100
329,503,11.489250,10.588369,100
330,503,11.539250,10.588369,100
331,503,11.589250,10.588369,100
332,503,11.639250,10.588369,100
342,503,12.139250,10.588369,100
344,503,12.239250,10.588369,100
345,503,12.289250,10.588369,100
436,503,16.839250,10.588369,100
437,503,16.889250,10.588369,100
132,504,1.639250,10.638369,100
133,504,1.689250,10.638369,100
216,504,5.839250,10.638369,100
217,504,5.889250,10.638369,100
218,504,5.939250,10.638369,100
232,504,6.639250,10.638369,100
233,504,6.689250,10.638369,100
235,504,6.789250,10.638369,100
236,504,6.839250,10.638369,100
325,504,11.289250,10.638369,100
327,504,11.389250,10.638369,100
328,504,11.439250,10.638369,100
329,504,11.489250,10.638369,100
330,504,11.539250,10.638369,100
340,504,12.039250,10.638369,100
341,504,12.089250,10.638369,100
342,504,12.139250,10.638369,100
343,504,12.189250,10.638369,100
435,504,16.789250,10.638369,100
436,504,16.839250,10.638369,100
133,505,1.689250,10.688369,100
134,505,1.739250,10.688369,100
218,505,5.939250,10.688369,100
219,505,5.989250,10.688369,100
234,505,6.739250,10.688369,100
235,505,6.789250,10.688369,100
236,505,6.839250,10.688369,100
237,505,6.889250,10.688369,100
238,505,6.939250,10.688369,100
239,505,6.989250,10.688369,100
325,505,11.289250,10.688369,100
326,505,11.339250,10.688369,100
327,505,11.389250,10.688369,100
328,505,11.439250,10.688369,100
337,505,11.889250,10.688369,100
338,505,11.939250,10.688369,100
339,505,11.989250,10.688369,100
341,505,12.089250,10.688369,100
433,505,16.689250,10.688369,100
434,505,16.739250,10.688369,100
435,505,16.789250,10.688369,100
134,506,1.739250,10.738369,100
135,506,1.789250,10.738369,100
220,506,6.039250,10.738369,100
221,506,6.089250,10.738369,100
237,506,6.889250,10.738369,100
238,506,6.939250,10.738369,100
240,506,7.039250,10.738369,100
241,506,7.089250,10.738369,100
322,506,11.139250,10.738369,100
323,506,11.189250,10.738369,100
324,506,11.239250,10.738369,100
325,506,11.289250,10.738369,100
326,506,11.339250,10.738369,100
336,506,11.839250,10.738369,100
339,506,11.989250,10.738369,100
340,506,12.039250,10.738369,100
432,506,16.639250,10.738369,100
433,506,16.689250,10.738369,100
434,506,16.739250,10.738369,100
134,507,1.739250,10.788369,100
136,507,1.839250,10.788369,100
221,507,6.089250,10.788369,100
222,507,6.139250,10.788369,100
223,507,6.189250,10.788369,100
239,507,6.989250,10.788369,100
240,507,7.039250,10.788369,100
241,507,7.089250,10.788369,100
242,507,7.139250,10.788369,100
243,507,7.189250,10.788369,100
244,507,7.239250,10.788369,100
319,507,10.989250,10.788369,100
320,507,11.039250,10.788369,100
321,507,11.089250,10.788369,100
322,507,11.139250,10.788369,100
323,507,11.189250,10.788369,100
334,507,11.739250,10.788369,100
335,507,11.789250,10.788369,100
337,507,11.889250,10.788369,100
338,507,11.939250,10.788369,100
431,507,16.589250,10.788369,100
432,507,16.639250,10.788369,100
135,508,1.789250,10.838369,100
137,508,1.889250,10.838369,100
223,508,6.189250,10.838369,100
224,508,6.239250,10.838369,100
225,508,6.289250,10.838369,100
242,508,7.139250,10.838369,100
243,508,7.189250,10.838369,100
244,508,7.239250,10.838369,100
245,508,7.289250,10.838369,100
246,508,7.339250,10.838369,100
247,508,7.389250,10.838369,100
248,508,7.439250,10.838369,100
316,508,10.839250,10.838369,100
317,508,10.889250,10.838369,100
318,508,10.939250,10.838369,100
319,508,10.989250,10.838369,100
320,508,11.039250,10.838369,100
332,508,11.639250,10.838369,100
333,508,11.689250,10.838369,100
335,508,11.789250,10.838369,100
336,508,11.839250,10.838369,100
430,508,16.539250,10.838369,100
431,508,16.589250,10.838369,100
136,509,1.839250,10.888369,100
137,509,1.889250,10.888369,100
225,509,6.289250,10.888369,100
226,509,6.339250,10.888369,100
227,509,6.389250,10.888369,100
245,509,7.289250,10.888369,100
246,509,7.339250,10.888369,100
247,509,7.389250,10.888369,100
249,509,7.489250,10.888369,100
250,509,7.539250,10.888369,100
251,509,7.589250,10.888369,100
252,509,7.639250,10.888369,100
312,509,10.639250,10.888369,100
313,509,10.689250,10.888369,100
314,509,10.739250,10.888369,100
315,509,10.789250,10.888369,100
316,509,10.839250,10.888369,100
317,509,10.889250,10.888369,100
331,509,11.589250,10.888369,100
333,509,11.689250,10.888369,100
334,509,11.739250,10.888369,100
429,509,16.489250,10.888369,100
430,509,16.539250,10.888369,100
137,510,1.889250,10.938369,100
138,510,1.939250,10.938369,100
227,510,6.389250,10.938369,100
228,510,6.439250,10.938369,100
229,510,6.489250,10.938369,100
248,510,7.439250,10.938369,100
249,510,7.489250,10.938369,100
250,510,7.539250,10.938369,100
251,510,7.589250,10.938369,100
253,510,7.689250,10.938369,100
254,510,7.739250,10.938369,100
255,510,7.789250,10.938369,100
257,510,7.889250,10.938369,100
309,510,10.489250,10.938369,100
310,510,10.539250,10.938369,100
311,510,10.589250,10.938369,100
312,510,10.639250,10.938369,100
313,510,10.689250,10.938369,100
314,510,10.739250,10.938369,100
328,510,11.439250,10.938369,100
329,510,11.489250,10.938369,100
330,510,11.539250,10.938369,100
331,510,11.589250,10.938369,100
332,510,11.639250,10.938369,100
428,510,16.439250,10.938369,100
429,510,16.489250,10.938369,100
138,511,1.939250,10.988369,100
139,511,1.989250,10.988369,100
229,511,6.489250,10.988369,100
230,511,6.539250,10.988369,100
231,511,6.589250,10.988369,100
252,511,7.639250,10.988369,100
253,511,7.689250,10.988369,100
254,511,7.739250,10.988369,100
255,511,7.789250,10.988369,100
256,511,7.839250,10.988369,100
258,511,7.939250,10.988369,100
259,511,7.989250,10.988369,100
260,511,8.039250,10.988369,100
261,511,8.089250,10.988369,100
262,511,8.139250,10.988369,100
300,511,10.039250,10.988369,100
303,511,10.189250,10.988369,100
304,511,10.239250,10.988369,100
305,511,10.289250,10.988369,100
306,511,10.339250,10.988369,100
307,511,10.389250,10.988369,100
308,511,10.439250,10.988369,100
309,511,10.489250,10.988369,100
310,511,10.539250,10.988369,100
326,511,11.339250,10.988369,100
327,511,11.389250,10.988369,100
329,511,11.489250,10.988369,100
330,511,11.539250,10.988369,100
426,511,16.339250,10.988369,100
427,511,16.389250,10.988369,100
428,511,16.439250,10.988369,100
138,512,1.939250,11.038369,100
140,512,2.039250,11.038369,100
231,512,6.589250,11.038369,100
232,512,6.639250,11.038369,100
233,512,6.689250,11.038369,100
256,512,7.839250,11.038369,100
257,512,7.889250,11.038369,100
258,512,7.939250,11.038369,100
259,512,7.989250,11.038369,100
260,512,8.039250,11.038369,100
261,512,8.089250,11.038369,100
263,512,8.189250,11.038369,100
264,512,8.239250,11.038369,100
265,512,8.289250,11.038369,100
266,512,8.339250,11.038369,100
267,512,8.389250,11.038369,100
268,512,8.439250,11.038369,100
269,512,8.489250,11.038369,100
270,512,8.539250,11.038369,100
290,512,9.539250,11.038369,100
291,512,9.589250,11.038369,100
292,512,9.639250,11.038369,100
297,512,9.889250,11.038369,100
299,512,9.989250,11.038369,100
301,512,10.089250,11.038369,100
302,512,10.139250,11.038369,100
303,512,10.189250,11.038369,100
304,512,10.239250,11.038369,100
305,512,10.289250,11.038369,100
306,512,10.339250,11.038369,100
323,512,11.189250,11.038369,100
325,512,11.289250,11.038369,100
327,512,11.389250,11.038369,100
328,512,11.439250,11.038369,100
425,512,16.289250,11.038369,100
426,512,16.339250,11.038369,100
139,513,1.989250,11.088369,100
141,513,2.089250,11.088369,100
233,513,6.689250,11.088369,100
234,513,6.739250,11.088369,100
235,513,6.789250,11.088369,100
236,513,6.839250,11.088369,100
262,513,8.139250,11.088369,100
263,513,8.189250,11.088369,100
264,513,8.239250,11.088369,100
265,513,8.289250,11.088369,100
266,513,8.339250,11.088369,100
267,513,8.389250,11.088369,100
268,513,8.439250,11.088369,100
271,513,8.589250,11.088369,100
272,513,8.639250,11.088369,100
273,513,8.689250,11.088369,100
274,513,8.739250,11.088369,100
275,513,8.789250,11.088369,100
276,513,8.839250,11.088369,100
277,513,8.889250,11.088369,100
279,513,8.989250,11.088369,100
281,513,9.089250,11.088369,100
284,513,9.239250,11.088369,100
285,513,9.289250,11.088369,100
286,513,9.339250,11.088369,100
287,513,9.389250,11.088369,100
289,513,9.489250,11.088369,100
293,513,9.689250,11.088369,100
294,513,9.739250,11.088369,100
295,513,9.789250,11.088369,100
296,513,9.839250,11.088369,100
297,513,9.889250,11.088369,100
298,513,9.939250,11.088369,100
299,513,9.989250,11.088369,100
300,513,10.039250,11.088369,100
301,513,10.089250,11.088369,100
322,513,11.139250,11.088369,100
324,513,11.239250,11.088369,100
325,513,11.289250,11.088369,100
326,513,11.339250,11.088369,100
424,513,16.239250,11.088369,100
425,513,16.289250,11.088369,100
140,514,2.039250,11.138369,100
142,514,2.139250,11.138369,100
236,514,6.839250,11.138369,100
237,514,6.889250,11.138369,100
238,514,6.939250,11.138369,100
269,514,8.489250,11.138369,100
270,514,8.539250,11.138369,100
271,514,8.589250,11.138369,100
272,514,8.639250,11.138369,100
273,514,8.689250,11.138369,100
274,514,8.739250,11.138369,100
275,514,8.789250,11.138369,100
276,514,8.839250,11.138369,100
277,514,8.889250,11.138369,100
278,514,8.939250,11.138369,100
279,514,8.989250,11.138369,100
280,514,9.039250,11.138369,100
281,514,9.089250,11.138369,100
282,514,9.139250,11.138369,100
283,514,9.189250,11.138369,100
284,514,9.239250,11.138369,100
285,514,9.289250,11.138369,100
286,514,9.339250,11.138369,100
287,514,9.389250,11.138369,100
288,514,9.439250,11.138369,100
289,514,9.489250,11.138369,100
290,514,9.539250,11.138369,100
291,514,9.589250,11.138369,100
292,514,9.639250,11.138369,100
293,514,9.689250,11.138369,100
320,514,11.039250,11.138369,100
321,514,11.089250,11.138369,100
322,514,11.139250,11.138369,100
323,514,11.189250,11.138369,100
423,514,16.189250,11.138369,100
424,514,16.239250,11.138369,100
141,515,2.089250,11.188369,100
142,515,2.139250,11.188369,100
239,515,6.989250,11.188369,100
240,515,7.039250,11.188369,100
241,515,7.089250,11.188369,100
317,515,10.889250,11.188369,100
318,515,10.939250,11.188369,100
319,515,10.989250,11.188369,100
320,515,11.039250,11.188369,100
321,515,11.089250,11.188369,100
421,515,16.089250,11.188369,100
422,515,16.139250,11.188369,100
423,515,16.189250,11.188369,100
142,516,2.139250,11.238369,100
143,516,2.189250,11.238369,100
241,516,7.089250,11.238369,100
242,516,7.139250,11.238369,100
243,516,7.189250,11.238369,100
244,516,7.239250,11.238369,100
314,516,10.739250,11.238369,100
315,516,10.789250,11.238369,100
316,516,10.839250,11.238369,100
317,516,10.889250,11.238369,100
318,516,10.939250,11.238369,100
420,516,16.039250,11.238369,100
422,516,16.139250,11.238369,100
143,517,2.189250,11.288369,100
144,517,2.239250,11.288369,100
244,517,7.239250,11.288369,100
245,517,7.289250,11.288369,100
246,517,7.339250,11.288369,100
247,517,7.389250,11.288369,100
248,517,7.439250,11.288369,100
310,517,10.539250,11.288369,100
311,517,10.589250,11.288369,100
312,517,10.639250,11.288369,100
313,517,10.689250,11.288369,100
314,517,10.739250,11.288369,100
315,517,10.789250,11.288369,100
419,517,15.989250,11.288369,100
420,517,16.039250,11.288369,100
421,517,16.089250,11.288369,100
144,518,2.239250,11.338369,100
145,518,2.289250,11.338369,100
248,518,7.439250,11.338369,100
249,518,7.489250,11.338369,100
250,518,7.539250,11.338369,100
251,518,7.589250,11.338369,100
252,518,7.639250,11.338369,100
307,518,10.389250,11.338369,100
308,518,10.439250,11.338369,100
309,518,10.489250,11.338369,100
310,518,10.539250,11.338369,100
311,518,10.589250,11.338369,100
418,518,15.939250,11.338369,100
419,518,15.989250,11.338369,100
144,519,2.239250,11.388369,100
146,519,2.339250,11.388369,100
252,519,7.639250,11.388369,100
253,519,7.689250,11.388369,100
254,519,7.739250,11.388369,100
255,519,7.789250,11.388369,100
256,519,7.839250,11.388369,100
302,519,10.139250,11.388369,100
303,519,10.189250,11.388369,100
304,519,10.239250,11.388369,100
305,519,10.289250,11.388369,100
306,519,10.339250,11.388369,100
307,519,10.389250,11.388369,100
308,519,10.439250,11.388369,100
416,519,15.839250,11.388369,100
417,519,15.889250,11.388369,100
418,519,15.939250,11.388369,100
145,520,2.289250,11.438369,100
147,520,2.389250,11.438369,100
256,520,7.839250,11.438369,100
257,520,7.889250,11.438369,100
258,520,7.939250,11.438369,100
259,520,7.989250,11.438369,100
260,520,8.039250,11.438369,100
261,520,8.089250,11.438369,100
262,520,8.139250,11.438369,100
296,520,9.839250,11.438369,100
297,520,9.889250,11.438369,100
298,520,9.939250,11.438369,100
299,520,9.989250,11.438369,100
300,520,10.039250,11.438369,100
301,520,10.089250,11.438369,100
302,520,10.139250,11.438369,100
303,520,10.189250,11.438369,100
415,520,15.789250,11.438369,100
417,520,15.889250,11.438369,100
146,521,2.339250,11.488369,100
148,521,2.439250,11.488369,100
262,521,8.139250,11.488369,100
263,521,8.189250,11.488369,100
264,521,8.239250,11.488369,100
265,521,8.289250,11.488369,100
266,521,8.339250,11.488369,100
267,521,8.389250,11.488369,100
268,521,8.439250,11.488369,100
269,521,8.489250,11.488369,100
270,521,8.539250,11.488369,100
271,521,8.589250,11.488369,100
272,521,8.639250,11.488369,100
287,521,9.389250,11.488369,100
288,521,9.439250,11.488369,100
289,521,9.489250,11.488369,100
290,521,9.539250,11.488369,100
291,521,9.589250,11.488369,100
292,521,9.639250,11.488369,100
293,521,9.689250,11.488369,100
294,521,9.739250,11.488369,100
295,521,9.789250,11.488369,100
296,521,9.839250,11.488369,100
297,521,9.889250,11.488369,100
298,521,9.939250,11.488369,100
414,521,15.739250,11.488369,100
415,521,15.789250,11.488369,100
416,521,15.839250,11.488369,100
147,522,2.389250,11.538369,100
148,522,2.439250,11.538369,100
270,522,8.539250,11.538369,100
271,522,8.589250,11.538369,100
272,522,8.639250,11.538369,100
273,522,8.689250,11.538369,100
274,522,8.739250,11.538369,100
275,522,8.789250,11.538369,100
276,522,8.839250,11.538369,100
277,522,8.889250,11.538369,100
278,522,8.939250,11.538369,100
279,522,8.989250,11.538369,100
280,522,9.039250,11.538369,100
281,522,9.089250,11.538369,100
282,522,9.139250,11.538369,100
283,522,9.189250,11.538369,100
284,522,9.239250,11.538369,100
285,522,9.289250,11.538369,100
286,522,9.339250,11.538369,100
287,522,9.389250,11.538369,100
288,522,9.439250,11.538369,100
289,522,9.489250,11.538369,100
413,522,15.689250,11.538369,100
414,522,15.739250,11.538369,100
148,523,2.439250,11.588369,100
149,523,2.489250,11.588369,100
412,523,15.639250,11.588369,100
413,523,15.689250,11.588369,100
149,524,2.489250,11.638369,100
150,524,2.539250,11.638369,100
411,524,15.589250,11.638369,100
412,524,15.639250,11.638369,100
150,525,2.539250,11.688369,100
151,525,2.589250,11.688369,100
409,525,15.489250,11.688369,100
410,525,15.539250,11.688369,100
411,525,15.589250,11.688369,100
151,526,2.589250,11.738369,100
152,526,2.639250,11.738369,100
408,526,15.439250,11.738369,100
409,526,15.489250,11.738369,100
410,526,15.539250,11.738369,100
152,527,2.639250,11.788369,100
153,527,2.689250,11.788369,100
407,527,15.389250,11.788369,100
408,527,15.439250,11.788369,100
153,528,2.689250,11.838369,100
154,528,2.739250,11.838369,100
405,528,15.289250,11.838369,100
406,528,15.339250,11.838369,100
407,528,15.389250,11.838369,100
154,529,2.739250,11.888369,100
155,529,2.789250,11.888369,100
404,529,15.239250,11.888369,100
406,529,15.339250,11.888369,100
155,530,2.789250,11.938369,100
156,530,2.839250,11.938369,100
403,530,15.189250,11.938369,100
405,530,15.289250,11.938369,100
156,531,2.839250,11.988369,100
157,531,2.889250,11.988369,100
402,531,15.139250,11.988369,100
404,531,15.239250,11.988369,100
157,532,2.889250,12.038369,100
158,532,2.939250,12.038369,100
401,532,15.089250,12.038369,100
402,532,15.139250,12.038369,100
403,532,15.189250,12.038369,100
158,533,2.939250,12.088369,100
159,533,2.989250,12.088369,100
399,533,14.989250,12.088369,100
400,533,15.039250,12.088369,100
401,533,15.089250,12.088369,100
159,534,2.989250,12.138369,100
160,534,3.039250,12.138369,100
161,534,3.089250,12.138369,100
398,534,14.939250,12.138369,100
400,534,15.039250,12.138369,100
160,535,3.039250,12.188369,100
162,535,3.139250,12.188369,100
397,535,14.889250,12.188369,100
399,535,14.989250,12.188369,100
161,536,3.089250,12.238369,100
163,536,3.189250,12.238369,100
396,536,14.839250,12.238369,100
398,536,14.939250,12.238369,100
162,537,3.139250,12.288369,100
164,537,3.239250,12.288369,100
395,537,14.789250,12.288369,100
396,537,14.839250,12.288369,100
397,537,14.889250,12.288369,100
163,538,3.189250,12.338369,100
164,538,3.239250,12.338369,100
165,538,3.289250,12.338369,100
393,538,14.689250,12.338369,100
394,538,14.739250,12.338369,100
395,538,14.789250,12.338369,100
165,539,3.289250,12.388369,100
166,539,3.339250,12.388369,100
392,539,14.639250,12.388369,100
394,539,14.739250,12.388369,100
166,540,3.339250,12.438369,100
167,540,3.389250,12.438369,100
168,540,3.439250,12.438369,100
391,540,14.589250,12.438369,100
393,540,14.689250,12.438369,100
167,541,3.389250,12.488369,100
169,541,3.489250,12.488369,100
390,541,14.539250,12.488369,100
392,541,14.639250,12.488369,100
168,542,3.439250,12.538369,100
169,542,3.489250,12.538369,100
170,542,3.539250,12.538369,100
389,542,14.489250,12.538369,100
390,542,14.539250,12.538369,100
391,542,14.589250,12.538369,100
170,543,3.539250,12.588369,100
171,543,3.589250,12.588369,100
387,543,14.389250,12.588369,100
388,543,14.439250,12.588369,100
389,543,14.489250,12.588369,100
171,544,3.589250,12.638369,100
172,544,3.639250,12.638369,100
173,544,3.689250,12.638369,100
386,544,14.339250,12.638369,100
388,544,14.439250,12.638369,100
172,545,3.639250,12.688369,100
173,545,3.689250,12.688369,100
174,545,3.739250,12.688369,100
385,545,14.289250,12.688369,100
386,545,14.339250,12.688369,100
387,545,14.389250,12.688369,100
174,546,3.739250,12.738369,100
175,546,3.789250,12.738369,100
383,546,14.189250,12.738369,100
384,546,14.239250,12.738369,100
385,546,14.289250,12.738369,100
175,547,3.789250,12.788369,100
176,547,3.839250,12.788369,100
177,547,3.889250,12.788369,100
382,547,14.139250,12.788369,100
384,547,14.239250,12.788369,100
176,548,3.839250,12.838369,100
177,548,3.889250,12.838369,100
178,548,3.939250,12.838369,100
380,548,14.039250,12.838369,100
381,548,14.089250,12.838369,100
382,548,14.139250,12.838369,100
383,548,14.189250,12.838369,100
178,549,3.939250,12.888369,100
179,549,3.989250,12.888369,100
180,549,4.039250,12.888369,100
379,549,13.989250,12.888369,100
381,549,14.089250,12.888369,100
179,550,3.989250,12.938369,100
180,550,4.039250,12.938369,100
181,550,4.089250,12.938369,100
377,550,13.889250,12.938369,100
378,550,13.939250,12.938369,100
379,550,13.989250,12.938369,100
380,550,14.039250,12.938369,100
181,551,4.089250,12.988369,100
182,551,4.139250,12.988369,100
183,551,4.189250,12.988369,100
376,551,13.839250,12.988369,100
378,551,13.939250,12.988369,100
182,552,4.139250,13.038369,100
183,552,4.189250,13.038369,100
184,552,4.239250,13.038369,100
374,552,13.739250,13.038369,100
375,552,13.789250,13.038369,100
376,552,13.839250,13.038369,100
377,552,13.889250,13.038369,100
184,553,4.239250,13.088369,100
185,553,4.289250,13.088369,100
186,553,4.339250,13.088369,100
373,553,13.689250,13.088369,100
375,553,13.789250,13.088369,100
185,554,4.289250,13.138369,100
186,554,4.339250,13.138369,100
187,554,4.389250,13.138369,100
371,554,13.589250,13.138369,100
372,554,13.639250,13.138369,100
373,554,13.689250,13.138369,100
374,554,13.739250,13.138369,100
187,555,4.389250,13.188369,100
188,555,4.439250,13.188369,100
189,555,4.489250,13.188369,100
370,555,13.539250,13.188369,100
371,555,13.589250,13.188369,100
372,555,13.639250,13.188369,100
189,556,4.489250,13.238369,100
190,556,4.539250,13.238369,100
191,556,4.589250,13.238369,100
368,556,13.439250,13.238369,100
369,556,13.489250,13.238369,100
370,556,13.539250,13.238369,100
190,557,4.539250,13.288369,100
192,557,4.639250,13.288369,100
366,557,13.339250,13.288369,100
367,557,13.389250,13.288369,100
368,557,13.439250,13.288369,100
369,557,13.489250,13.288369,100
191,558,4.589250,13.338369,100
192,558,4.639250,13.338369,100
193,558,4.689250,13.338369,100
194,558,4.739250,13.338369,100
364,558,13.239250,13.338369,100
365,558,13.289250,13.338369,100
366,558,13.339250,13.338369,100
367,558,13.389250,13.338369,100
194,559,4.739250,13.388369,100
195,559,4.789250,13.388369,100
196,559,4.839250,13.388369,100
362,559,13.139250,13.388369,100
363,559,13.189250,13.388369,100
364,559,13.239250,13.388369,100
365,559,13.289250,13.388369,100
195,560,4.789250,13.438369,100
196,560,4.839250,13.438369,100
197,560,4.889250,13.438369,100
198,560,4.939250,13.438369,100
361,560,13.089250,13.438369,100
362,560,13.139250,13.438369,100
363,560,13.189250,13.438369,100
197,561,4.889250,13.488369,100
198,561,4.939250,13.488369,100
199,561,4.989250,13.488369,100
200,561,5.039250,13.488369,100
358,561,12.939250,13.488369,100
359,561,12.989250,13.488369,100
360,561,13.039250,13.488369,100
361,561,13.089250,13.488369,100
199,562,4.989250,13.538369,100
200,562,5.039250,13.538369,100
201,562,5.089250,13.538369,100
202,562,5.139250,13.538369,100
356,562,12.839250,13.538369,100
357,562,12.889250,13.538369,100
358,562,12.939250,13.538369,100
359,562,12.989250,13.538369,100
202,563,5.139250,13.588369,100
203,563,5.189250,13.588369,100
204,563,5.239250,13.588369,100
354,563,12.739250,13.588369,100
355,563,12.789250,13.588369,100
356,563,12.839250,13.588369,100
357,563,12.889250,13.588369,100
203,564,5.189250,13.638369,100
204,564,5.239250,13.638369,100
205,564,5.289250,13.638369,100
206,564,5.339250,13.638369,100
352,564,12.639250,13.638369,100
353,564,12.689250,13.638369,100
354,564,12.739250,13.638369,100
355,564,12.789250,13.638369,100
206,565,5.339250,13.688369,100
207,565,5.389250,13.688369,100
208,565,5.439250,13.688369,100
350,565,12.539250,13.688369,100
351,565,12.589250,13.688369,100
352,565,12.639250,13.688369,100
353,565,12.689250,13.688369,100
207,566,5.389250,13.738369,100
208,566,5.439250,13.738369,100
209,566,5.489250,13.738369,100
210,566,5.539250,13.738369,100
211,566,5.589250,13.738369,100
348,566,12.439250,13.738369,100
349,566,12.489250,13.738369,100
350,566,12.539250,13.738369,100
351,566,12.589250,13.738369,100
210,567,5.539250,13.788369,100
211,567,5.589250,13.788369,100
212,567,5.639250,13.788369,100
213,567,5.689250,13.788369,100
345,567,12.289250,13.788369,100
346,567,12.339250,13.788369,100
347,567,12.389250,13.788369,100
348,567,12.439250,13.788369,100
349,567,12.489250,13.788369,100
213,568,5.689250,13.838369,100
214,568,5.739250,13.838369,100
215,568,5.789250,13.838369,100
216,568,5.839250,13.838369,100
343,568,12.189250,13.838369,100
344,568,12.239250,13.838369,100
345,568,12.289250,13.838369,100
346,568,12.339250,13.838369,100
215,569,5.789250,13.888369,100
216,569,5.839250,13.888369,100
217,569,5.889250,13.888369,100
218,569,5.939250,13.888369,100
340,569,12.039250,13.888369,100
341,569,12.089250,13.888369,100
342,569,12.139250,13.888369,100
343,569,12.189250,13.888369,100
344,569,12.239250,13.888369,100
218,570,5.939250,13.938369,100
219,570,5.989250,13.938369,100
220,570,6.039250,13.938369,100
221,570,6.089250,13.938369,100
337,570,11.889250,13.938369,100
338,570,11.939250,13.938369,100
339,570,11.989250,13.938369,100
340,570,12.039250,13.938369,100
341,570,12.089250,13.938369,100
220,571,6.039250,13.988369,100
221,571,6.089250,13.988369,100
222,571,6.139250,13.988369,100
223,571,6.189250,13.988369,100
224,571,6.239250,13.988369,100
334,571,11.739250,13.988369,100
335,571,11.789250,13.988369,100
336,571,11.839250,13.988369,100
337,571,11.889250,13.988369,100
338,571,11.939250,13.988369,100
224,572,6.239250,14.038369,100
225,572,6.289250,14.038369,100
226,572,6.339250,14.038369,100
227,572,6.389250,14.038369,100
331,572,11.589250,14.038369,100
332,572,11.639250,14.038369,100
333,572,11.689250,14.038369,100
334,572,11.739250,14.038369,100
335,572,11.789250,14.038369,100
227,573,6.389250,14.088369,100
228,573,6.439250,14.088369,100
229,573,6.489250,14.088369,100
230,573,6.539250,14.088369,100
231,573,6.589250,14.088369,100
328,573,11.439250,14.088369,100
329,573,11.489250,14.088369,100
330,573,11.539250,14.088369,100
331,573,11.589250,14.088369,100
332,573,11.639250,14.088369,100
230,574,6.539250,14.138369,100
231,574,6.589250,14.138369,100
232,574,6.639250,14.138369,100
233,574,6.689250,14.138369,100
234,574,6.739250,14.138369,100
324,574,11.239250,14.138369,100
325,574,11.289250,14.138369,100
326,574,11.339250,14.138369,100
327,574,11.389250,14.138369,100
328,574,11.439250,14.138369,100
329,574,11.489250,14.138369,100
234,575,6.739250,14.188369,100
235,575,6.789250,14.188369,100
236,575,6.839250,14.188369,100
237,575,6.889250,14.188369,100
238,575,6.939250,14.188369,100
320,575,11.039250,14.188369,100
321,575,11.089250,14.188369,100
322,575,11.139250,14.188369,100
323,575,11.189250,14.188369,100
324,575,11.239250,14.188369,100
325,575,11.289250,14.188369,100
238,576,6.939250,14.238369,100
239,576,6.989250,14.238369,100
240,576,7.039250,14.238369,100
241,576,7.089250,14.238369,100
242,576,7.139250,14.238369,100
243,576,7.189250,14.238369,100
315,576,10.789250,14.238369,100
316,576,10.839250,14.238369,100
317,576,10.889250,14.238369,100
318,576,10.939250,14.238369,100
319,576,10.989250,14.238369,100
320,576,11.039250,14.238369,100
321,576,11.089250,14.238369,100
242,577,7.139250,14.288369,100
243,577,7.189250,14.288369,100
244,577,7.239250,14.288369,100
245,577,7.289250,14.288369,100
246,577,7.339250,14.288369,100
247,577,7.389250,14.288369,100
248,577,7.439250,14.288369,100
310,577,10.539250,14.288369,100
311,577,10.589250,14.288369,100
312,577,10.639250,14.288369,100
313,577,10.689250,14.288369,100
314,577,10.739250,14.288369,100
315,577,10.789250,14.288369,100
316,577,10.839250,14.288369,100
317,577,10.889250,14.288369,100
247,578,7.389250,14.338369,100
248,578,7.439250,14.338369,100
249,578,7.489250,14.338369,100
250,578,7.539250,14.338369,100
251,578,7.589250,14.338369,100
252,578,7.639250,14.338369,100
253,578,7.689250,14.338369,100
254,578,7.739250,14.338369,100
304,578,10.239250,14.338369,100
305,578,10.289250,14.338369,100
306,578,10.339250,14.338369,100
307,578,10.389250,14.338369,100
308,578,10.439250,14.338369,100
309,578,10.489250,14.338369,100
310,578,10.539250,14.338369,100
311,578,10.589250,14.338369,100
312,578,10.639250,14.338369,100
252,579,7.639250,14.388369,100
253,579,7.689250,14.388369,100
254,579,7.739250,14.388369,100
255,579,7.789250,14.388369,100
256,579,7.839250,14.388369,100
257,579,7.889250,14.388369,100
258,579,7.939250,14.388369,100
259,579,7.989250,14.388369,100
260,579,8.039250,14.388369,100
261,579,8.089250,14.388369,100
262,579,8.139250,14.388369,100
263,579,8.189250,14.388369,100
296,579,9.839250,14.388369,100
297,579,9.889250,14.388369,100
298,579,9.939250,14.388369,100
299,579,9.989250,14.388369,100
300,579,10.039250,14.388369,100
301,579,10.089250,14.388369,100
302,579,10.139250,14.388369,100
303,579,10.189250,14.388369,100
304,579,10.239250,14.388369,100
305,579,10.289250,14.388369,100
306,579,10.339250,14.388369,100
261,580,8.089250,14.438369,100
262,580,8.139250,14.438369,100
263,580,8.189250,14.438369,100
264,580,8.239250,14.438369,100
265,580,8.289250,14.438369,100
266,580,8.339250,14.438369,100
267,580,8.389250,14.438369,100
268,580,8.439250,14.438369,100
269,580,8.489250,14.438369,100
270,580,8.539250,14.438369,100
271,580,8.589250,14.438369,100
272,580,8.639250,14.438369,100
273,580,8.689250,14.438369,100
274,580,8.739250,14.438369,100
275,580,8.789250,14.438369,100
276,580,8.839250,14.438369,100
277,580,8.889250,14.438369,100
278,580,8.939250,14.438369,100
279,580,8.989250,14.438369,100
280,580,9.039250,14.438369,100
281,580,9.089250,14.438369,100
282,580,9.139250,14.438369,100
283,580,9.189250,14.438369,100
284,580,9.239250,14.438369,100
285,580,9.289250,14.438369,100
286,580,9.339250,14.438369,100
287,580,9.389250,14.438369,100
288,580,9.439250,14.438369,100
289,580,9.489250,14.438369,100
290,580,9.539250,14.438369,100
291,580,9.589250,14.438369,100
292,580,9.639250,14.438369,100
293,580,9.689250,14.438369,100
294,580,9.739250,14.438369,100
295,580,9.789250,14.438369,100
296,580,9.839250,14.438369,100
297,580,9.889250,14.438369,100
298,580,9.939250,14.438369,100
