stamp_sec,ego_x,ego_y,ego_yaw_deg,target_truth_x,target_truth_y,baseline_scan_id,wall_beam_count,dynamic_beam_count,cluster_count,target_detected,detected_local_x,detected_local_y,detected_world_x,detected_world_y,confidence,lock_frames
1784573300.950574,-15.613900,10.026200,58.355043,-14.156700,12.586100,25,1081,111,1,1,2.582758,0.090057,-14.335513,12.272191,0.726523,1
1784573300.976650,-15.498500,10.214500,58.710069,-14.156700,12.586100,26,1081,49,1,1,2.579994,0.095669,-14.240286,12.468922,0.860128,2
1784573301.075904,-15.394200,10.386800,58.985870,-14.060800,12.785000,26,1081,111,1,1,2.580788,0.101357,-14.151318,12.650863,0.990000,3
1784573301.103601,-15.287500,10.565200,59.250312,-13.982900,12.956000,27,1081,99,1,1,2.524102,0.109989,-14.091481,12.790673,0.990000,4
1784573301.205749,-15.186500,10.735700,59.485604,-13.927900,13.102400,28,1081,19,1,1,2.464905,0.128943,-14.046017,12.924691,0.990000,5
1784573301.269194,-15.071400,10.931700,59.751035,-13.895200,13.227800,28,1081,19,1,1,2.401572,0.146554,-13.988188,13.080113,0.990000,6
1784573301.341163,-14.962100,11.119900,59.990075,-13.870200,13.371000,29,1081,21,1,1,2.269074,0.208020,-14.007355,13.188820,0.990000,7
1784573301.407401,-14.852000,11.311400,60.241584,-13.857500,13.509300,30,1081,20,1,1,2.196915,0.244946,-13.974219,13.340177,0.990000,7
1784573301.430357,-14.749200,11.492000,60.505686,-13.855900,13.650100,30,1081,22,1,1,2.131777,0.294695,-13.956151,13.492598,0.960369,7
1784573301.546010,-14.644000,11.678800,60.797360,-13.865000,13.782300,31,1081,22,1,1,2.048213,0.337514,-13.939293,13.631358,0.945032,7
1784573301.569624,-14.530500,11.883300,61.143936,-13.885200,13.917400,32,1081,14,1,1,1.910843,0.414570,-13.971401,13.756959,0.889473,7
1784573301.677980,-14.427600,12.071300,61.585270,-13.919800,14.062300,33,1081,10,0,0,nan,nan,nan,nan,0.818315,7
1784573301.703766,-14.323200,12.265900,62.064866,-13.962700,14.191800,33,1081,27,1,1,1.722925,0.585003,-14.032896,14.062125,0.918946,7
1784573301.806871,-14.232600,12.438400,62.665667,-14.018100,14.321100,34,1081,28,1,1,1.526304,0.715604,-14.167450,14.122873,0.938469,7
1784573301.830960,-14.132700,12.635400,63.742820,-14.075900,14.430900,35,1081,30,1,1,1.433816,0.782678,-14.200298,14.267529,0.957395,7
1784573301.931548,-14.052700,12.804000,66.876816,-14.151400,14.549500,35,1081,30,1,1,1.338994,0.840991,-14.300293,14.365687,0.957200,7
1784573301.956278,-14.000400,12.940000,72.378887,-14.230200,14.653100,36,1081,31,1,1,1.303512,0.822227,-14.389446,14.431255,0.955107,7
1784573302.064388,-13.964200,13.074700,77.123076,-14.314200,14.747200,36,1081,31,1,1,1.295776,0.778342,-14.434194,14.511348,0.955514,7
1784573302.091727,-13.939400,13.211400,81.787879,-14.413000,14.841200,36,1081,32,1,1,1.294741,0.774213,-14.520736,14.603452,0.952371,7
1784573302.189560,-13.926400,13.339100,86.088826,-14.521100,14.927800,37,1081,31,1,1,1.285119,0.764394,-14.601356,14.673365,0.955603,7
1784573302.256382,-13.923100,13.473600,90.660210,-14.627300,14.999500,38,1073,65,1,1,1.277942,0.752785,-14.690560,14.742783,0.949957,7
1784573302.322023,-13.930700,13.607900,95.270580,-14.744400,15.065400,39,1061,63,1,1,1.270170,0.744472,-14.788701,14.804313,0.953183,7
1784573302.347232,-13.949700,13.745200,100.024060,-14.866600,15.121500,42,1049,113,1,1,1.264125,0.737206,-14.895688,14.861709,0.950304,7
1784573302.480220,-13.979000,13.876400,104.686554,-14.996900,15.168600,42,1073,138,1,1,1.258556,0.734320,-15.008411,14.907663,0.950013,7
1784573302.546340,-14.042500,14.066700,111.682490,-15.126700,15.203700,43,1081,163,1,1,1.240471,0.716243,-15.166373,14.954777,0.950361,7
1784573302.617429,-14.096800,14.187300,116.331959,-15.324700,15.236300,44,1081,215,1,1,1.227355,0.705409,-15.273434,14.974404,0.947295,7
1784573302.641778,-14.165100,14.310200,121.285576,-15.456900,15.244700,45,1081,217,1,1,1.218126,0.692640,-15.389600,14.991507,0.948012,7
1784573302.773648,-14.240100,14.421700,126.043840,-15.597800,15.242300,45,1081,232,1,1,1.209094,0.687629,-15.507530,14.994730,0.947705,7
1784573302.802939,-14.324000,14.526600,130.788526,-15.731800,15.229300,46,1081,228,1,1,1.205189,0.682148,-15.627785,14.993454,0.929597,7
1784573302.931857,-14.451000,14.656800,137.232649,-15.864400,15.205900,47,1081,258,1,1,1.187078,0.664713,-15.773810,14.974876,0.916670,7
1784573302.997536,-14.610200,14.785200,144.473330,-16.040700,15.158200,48,1081,269,1,1,1.172483,0.653217,-15.943992,14.934891,0.902782,7
1784573303.023661,-14.721200,14.857100,149.144481,-16.232300,15.083900,48,1081,296,2,1,1.161902,0.643690,-16.048783,14.900426,0.908064,7
1784573303.121188,-14.835900,14.918900,153.716937,-16.351600,15.024900,49,1081,244,2,1,1.150464,0.630765,-16.146732,14.862777,0.902231,7
1784573303.146197,-14.951300,14.969800,158.149423,-16.465000,14.959100,50,1081,223,3,1,1.143498,0.627053,-16.246028,14.813391,0.904749,7
1784573303.250062,-15.070300,15.011700,162.532652,-16.570500,14.888400,51,1081,119,1,1,1.136742,0.616474,-16.339667,14.764860,0.920821,7
1784573303.274268,-15.206400,15.047600,167.375594,-16.671700,14.811400,51,1081,162,1,1,1.131101,0.613512,-16.444244,14.696133,0.921297,7
1784573303.379761,-15.334800,15.070700,171.784210,-16.779700,14.719100,52,1081,62,1,1,1.124760,0.596945,-16.533321,14.640611,0.955545,7
1784573303.407481,-15.470800,15.084100,176.398480,-16.875200,14.628300,52,1081,125,3,1,1.123027,0.592949,-16.628856,14.562867,0.953196,7
1784573303.538423,-15.605400,15.086700,-179.142706,-16.970700,14.528400,53,1081,36,1,1,1.123040,0.586772,-16.719535,14.483190,0.953785,7
1784573303.566402,-15.735800,15.079400,-174.877451,-17.060700,14.425900,53,1081,201,2,1,1.124809,0.581569,-16.804190,14.399724,0.954564,7
1784573303.698193,-15.922500,15.051800,-168.834542,-17.154000,14.313200,54,1081,88,2,1,1.173847,0.597399,-16.958447,14.238401,0.957592,7
1784573303.727014,-16.055600,15.019700,-164.473946,-17.313000,14.103000,55,1081,40,2,1,1.220886,0.618134,-17.066475,14.097320,0.960583,7
1784573303.860923,-16.244300,14.955300,-158.365941,-17.433200,13.929200,56,1081,40,1,1,1.336675,0.644266,-17.249291,13.863616,0.968665,7
1784573303.892449,-16.367700,14.900600,-154.253233,-17.601900,13.667700,57,1081,33,1,1,1.467946,0.645623,-17.409457,13.681405,0.974551,7
1784573303.985499,-16.544400,14.803000,-148.467158,-17.713500,13.488500,58,1081,42,1,1,1.538656,0.633172,-17.524718,13.458625,0.977351,7
1784573304.010635,-16.653900,14.730600,-145.031172,-17.877800,13.219700,59,1081,27,1,1,1.685477,0.588466,-17.697820,13.282375,0.979346,7
1784573304.109951,-16.756300,14.654500,-142.198117,-17.987700,13.047300,59,1081,26,1,1,1.754074,0.557210,-17.800723,13.139099,0.982294,7
1784573304.134425,-16.858300,14.570900,-139.453211,-18.091800,12.894700,59,1081,27,1,1,1.800294,0.520572,-17.887891,13.005015,0.982170,7
1784573304.244505,-16.958000,14.481300,-137.030575,-18.185900,12.770400,60,1081,26,1,1,1.825591,0.463765,-17.977712,12.897618,0.985463,7
1784573304.273521,-17.057000,14.384700,-134.608628,-18.274800,12.665800,60,1081,51,2,1,1.853474,0.347943,-18.110914,12.820828,0.981090,7
1784573304.382710,-17.175600,14.259800,-131.849599,-18.478500,12.458500,61,1081,45,1,1,1.856165,0.277675,-18.207152,12.691887,0.984355,7
1784573304.410931,-17.303900,14.110800,-128.853078,-18.587000,12.367600,61,1081,77,1,1,1.839294,0.197786,-18.303709,12.554360,0.979965,7
1784573304.512218,-17.431600,13.948000,-127.354757,-18.587000,12.367600,62,1081,79,2,1,1.739232,0.030894,-18.462319,12.546750,0.977165,7
1784573304.537269,-17.559700,13.777000,-126.157340,-18.696200,12.288500,63,1081,64,1,1,1.674813,-0.032246,-18.573883,12.443782,0.973712,7
1784573304.685414,-17.687300,13.600900,-125.679571,-18.812900,12.217000,63,1081,45,1,1,1.605613,-0.097496,-18.702971,12.353539,0.971082,7
1784573304.714409,-17.813800,13.423900,-125.406133,-18.936500,12.153900,64,1081,168,3,1,1.463179,-0.211693,-18.834064,12.353961,0.955671,7
1784573304.813336,-18.004100,13.160900,-127.116747,-19.064800,12.100700,68,1081,113,2,1,0.724432,-0.877680,-19.141121,13.112861,0.891844,7
1784573304.838212,-18.133400,12.994300,-128.820088,-19.263000,12.040700,68,1081,60,1,0,nan,nan,nan,nan,0.820497,7
1784573304.945475,-18.259500,12.841800,-130.767138,-19.395100,12.014500,68,1081,38,1,0,nan,nan,nan,nan,0.754857,7
1784573304.974536,-18.406300,12.677300,-133.094738,-19.520600,11.999300,71,1081,39,1,0,nan,nan,nan,nan,0.694468,7
1784573305.073886,-18.545800,12.534100,-136.839260,-19.661300,11.993100,72,1081,43,0,0,nan,nan,nan,nan,0.638911,7
1784573305.102321,-18.654900,12.435900,-140.065757,-19.802200,11.998200,72,1081,44,0,0,nan,nan,nan,nan,0.587798,7
1784573305.203922,-18.761300,12.352400,-143.669531,-19.929900,12.012700,74,1081,45,0,0,nan,nan,nan,nan,0.550000,7
1784573305.229271,-18.876700,12.275200,-148.314517,-20.060300,12.037200,75,1081,45,0,0,nan,nan,nan,nan,0.550000,7
1784573305.358754,-18.988700,12.212400,-152.629418,-20.194500,12.073300,75,1081,46,0,0,nan,nan,nan,nan,0.550000,7
1784573305.388036,-19.106900,12.157400,-157.007652,-20.315900,12.115800,76,1081,62,1,0,nan,nan,nan,nan,0.550000,7
1784573305.513491,-19.282300,12.094900,-163.326652,-20.435900,12.167600,77,1081,99,3,0,nan,nan,nan,nan,0.550000,7
1784573305.537691,-19.477900,12.049500,-170.054488,-20.600300,12.256300,77,1081,139,2,0,nan,nan,nan,nan,0.550000,7
1784573305.645719,-19.605200,12.032600,-174.350251,-20.766600,12.369800,78,1081,204,2,0,nan,nan,nan,nan,0.000000,0
1784573305.671174,-19.743700,12.025100,-178.983362,-20.866300,12.451500,78,1081,205,0,0,nan,nan,nan,nan,0.000000,0
1784573305.774023,-19.874200,12.028300,176.649226,-20.967400,12.547100,79,1081,243,0,0,nan,nan,nan,nan,0.000000,0
1784573305.799501,-20.012100,12.042600,172.001326,-21.056000,12.643600,80,1081,290,0,0,nan,nan,nan,nan,0.000000,0
1784573305.904142,-20.138500,12.065800,167.757724,-21.142900,12.752500,80,1081,289,0,0,nan,nan,nan,nan,0.000000,0
1784573305.929817,-20.268800,12.099900,163.379714,-21.216500,12.858500,81,1081,270,1,1,3.131666,-1.273821,-22.905281,14.216245,0.513953,1
1784573306.029866,-20.394300,12.143100,159.093521,-21.286400,12.974400,81,1081,246,0,0,nan,nan,nan,nan,0.550000,1
1784573306.054794,-20.518000,12.196500,154.724804,-21.347900,13.092800,82,1081,229,1,1,3.227126,-1.223259,-22.913895,14.680528,0.636408,2
1784573306.159031,-20.632100,12.256000,150.662040,-21.402800,13.216600,82,1081,109,3,0,nan,nan,nan,nan,0.585496,2
1784573306.226170,-20.750300,12.329100,146.288103,-21.448000,13.337800,83,1081,233,1,1,3.271386,-1.102047,-22.859911,15.061500,0.728143,3
1784573306.250022,-20.867600,12.415000,141.802590,-21.489000,13.471400,83,1081,54,0,0,nan,nan,nan,nan,0.669891,3
1784573306.356739,-20.962600,12.495600,138.013483,-21.523100,13.613500,84,1081,102,0,0,nan,nan,nan,nan,0.616300,3
1784573306.423950,-21.065100,12.595900,133.657574,-21.545500,13.736900,85,1081,205,2,1,3.368712,-0.832297,-22.788531,15.607665,0.775033,4
1784573306.494004,-21.157100,12.700400,129.541478,-21.563500,13.879900,85,1081,45,0,0,nan,nan,nan,nan,0.713031,4
1784573306.519210,-21.240400,12.809500,125.576968,-21.573200,14.019700,85,1081,45,0,0,nan,nan,nan,nan,0.655988,4
1784573306.629970,-21.318200,12.927700,121.555094,-21.575600,14.157700,87,1081,184,1,1,3.917630,-1.239832,-22.311860,16.914886,0.781988,5
1784573306.703410,-21.389500,13.054800,117.434337,-21.570900,14.300000,88,1081,150,0,0,nan,nan,nan,nan,0.719429,5
1784573306.800086,-21.454900,13.194400,113.233074,-21.558600,14.446000,88,1081,45,0,0,nan,nan,nan,nan,0.661874,5
1784573306.828620,-21.505300,13.324600,109.534938,-21.537700,14.599500,89,1081,185,0,0,nan,nan,nan,nan,0.608925,5
1784573306.923760,-21.559400,13.502100,104.745996,-21.512100,14.737600,89,1081,44,0,0,nan,nan,nan,nan,0.560211,5
1784573306.992062,-21.589000,13.632200,101.322444,-21.468900,14.919100,90,1081,169,0,0,nan,nan,nan,nan,0.550000,5
1784573307.017310,-21.611700,13.768200,97.981957,-21.431500,15.047900,90,1081,52,0,0,nan,nan,nan,nan,0.550000,5
1784573307.122311,-21.626900,13.909400,94.666241,-21.387700,15.179200,92,1081,43,0,0,nan,nan,nan,nan,0.550000,5
1784573307.148446,-21.633700,14.042900,91.565719,-21.337200,15.312700,93,1081,108,1,1,5.608905,-2.892305,-18.895730,19.728739,0.847960,6
1784573307.246109,-21.633600,14.172600,88.741833,-21.285100,15.436400,95,1081,148,1,0,nan,nan,nan,nan,0.780124,6
1784573307.314199,-21.627300,14.302100,85.984459,-21.230400,15.554500,95,1081,54,0,0,nan,nan,nan,nan,0.717714,6
1784573307.398773,-21.613600,14.441700,83.195869,-21.172000,15.670800,96,1081,43,0,0,nan,nan,nan,nan,0.660297,6
1784573307.472676,-21.587600,14.613600,79.880881,-21.097600,15.808600,98,1081,40,1,0,nan,nan,nan,nan,0.607473,6
1784573307.541291,-21.553800,14.775700,76.863881,-20.972900,16.014400,99,1081,38,1,0,nan,nan,nan,nan,0.558875,6
1784573307.608539,-21.516900,14.917600,74.210907,-20.829500,16.222500,101,1081,37,1,0,nan,nan,nan,nan,0.550000,6
1784573307.634118,-21.476800,15.047900,71.886741,-20.556600,16.563900,101,1081,34,1,0,nan,nan,nan,nan,0.550000,6
1784573307.738712,-21.432400,15.174600,69.722667,-20.556600,16.563900,103,1081,33,1,0,nan,nan,nan,nan,0.550000,6
1784573307.762976,-21.381700,15.303400,67.515436,-20.416900,16.717400,104,1081,31,1,0,nan,nan,nan,nan,0.550000,6
1784573307.876526,-21.327900,15.426400,65.527797,-20.266800,16.870000,104,1081,29,1,0,nan,nan,nan,nan,0.550000,6
1784573307.903786,-21.264300,15.558900,63.400680,-20.115800,17.012600,104,1081,28,1,0,nan,nan,nan,nan,0.550000,6
1784573308.010780,-21.189500,15.702400,60.911668,-19.945300,17.162700,106,1081,27,1,0,nan,nan,nan,nan,0.000000,0
1784573308.034726,-21.091700,15.870900,58.062650,-19.772200,17.304800,106,1081,27,1,1,1.762262,-0.414723,-19.807533,17.147018,0.712064,1
1784573308.141813,-20.979200,16.043800,55.495072,-19.597500,17.439600,108,1081,28,1,1,1.771350,-0.400570,-19.645670,17.276616,0.844999,2
1784573308.168709,-20.857000,16.214400,52.882262,-19.426800,17.563700,108,1081,28,2,1,1.776304,-0.381366,-19.480980,17.400683,0.981737,3
1784573308.272093,-20.722800,16.385000,50.362377,-19.252900,17.683100,109,1081,29,2,1,1.780164,-0.366042,-19.305293,17.522386,0.982514,4
1784573308.299599,-20.583400,16.547300,47.918666,-19.070300,17.801300,110,1076,29,2,1,1.788804,-0.327273,-19.141670,17.655607,0.981925,5
1784573308.399857,-20.455300,16.685000,45.907794,-18.887500,17.913100,112,1069,29,2,1,1.791574,-0.311708,-18.984821,17.754855,0.982618,6
1784573308.424329,-20.297000,16.843300,43.799586,-18.724500,18.007500,112,1066,27,1,1,1.794462,-0.296059,-18.796906,17.871630,0.982117,7
1784573308.570099,-20.154700,16.976300,42.061882,-18.528100,18.115200,113,1058,28,1,1,1.797846,-0.284520,-18.629331,17.969502,0.978152,7
1784573308.637748,-19.909100,17.188300,39.250301,-18.355200,18.204900,114,1055,28,1,1,1.799406,-0.264711,-18.348174,18.121812,0.982163,7
1784573308.707464,-19.746700,17.317800,37.637951,-18.062900,18.346100,115,1052,35,2,1,1.801271,-0.248977,-18.168257,18.220621,0.982545,7
1784573308.773449,-19.567700,17.452500,36.007528,-17.873200,18.431000,116,1054,42,1,1,1.802345,-0.241066,-17.967991,18.317075,0.981901,7
1784573308.841057,-19.390300,17.578300,34.456523,-17.666600,18.517600,117,1057,49,1,1,1.801953,-0.241079,-17.768091,18.399027,0.982666,7
1784573308.909131,-19.206800,17.701100,32.876219,-17.463900,18.596600,118,1062,61,1,1,1.804329,-0.229319,-17.566963,18.487944,0.978317,7
1784573308.933232,-19.020100,17.818900,31.443440,-17.046400,18.739900,119,1064,60,1,1,1.803797,-0.229284,-17.361573,18.564248,0.978859,7
1784573309.042976,-18.841800,17.925600,30.147736,-17.046400,18.739900,120,1066,58,1,1,1.803517,-0.229205,-17.167124,18.633181,0.978233,7
1784573309.121029,-18.647000,18.036200,28.774540,-16.847300,18.799200,121,1073,53,2,1,1.800897,-0.232846,-16.956393,18.698993,0.981625,7
1784573309.193805,-18.420700,18.157100,27.262855,-16.630900,18.856900,122,1076,49,2,1,1.799143,-0.240641,-16.711185,18.767331,0.982153,7
1784573309.221449,-18.217700,18.259200,25.930521,-16.381100,18.914500,122,1078,40,2,1,1.797504,-0.248414,-16.492533,18.821809,0.982269,7
1784573309.321579,-18.027000,18.349800,24.686082,-16.158100,18.957400,124,1081,30,2,1,1.794312,-0.263894,-16.286457,18.859411,0.981633,7
1784573309.347667,-17.840500,18.433600,23.479270,-15.949700,18.989600,125,1081,30,2,1,1.793329,-0.275716,-16.085801,18.895205,0.977497,7
1784573309.457171,-17.637100,18.519400,22.054011,-15.746800,19.013400,125,1081,27,1,1,1.789437,-0.287133,-15.870783,18.925175,0.981467,7
1784573309.482275,-17.416400,18.605800,20.479253,-15.290500,19.037700,127,1081,27,1,1,1.784144,-0.310243,-15.636472,18.939380,0.980941,7
1784573309.632340,-17.221000,18.676500,19.025705,-15.083100,19.034600,128,1081,26,1,1,1.780335,-0.325619,-15.431771,18.949044,0.981133,7
1784573309.660138,-17.008300,18.746700,17.227354,-15.083100,19.034600,128,1081,26,1,1,1.776222,-0.340931,-15.210793,18.947117,0.981522,7
1784573309.790445,-16.696400,18.836300,14.542250,-14.860000,19.020600,130,1081,28,2,1,1.769363,-0.363659,-14.892410,18.928568,0.981262,7
1784573309.888821,-16.387000,18.909900,11.912543,-14.538700,18.980000,132,1081,27,1,1,1.760825,-0.394008,-14.582766,18.887844,0.980717,7
1784573309.917875,-16.170500,18.952100,9.782226,-14.227600,18.916900,133,1081,27,1,1,1.734914,-0.420164,-14.389423,18.832814,0.981402,7
1784573310.021815,-15.881800,18.995100,6.737153,-14.033800,18.865600,134,1081,27,1,1,1.695403,-0.414476,-14.149480,18.782381,0.978499,7
1784573310.046453,-15.646300,19.018300,4.167408,-13.836600,18.800200,135,1081,29,1,1,1.586848,-0.387864,-14.035461,18.746779,0.972886,7
1784573310.187698,-15.448800,19.029500,1.920255,-13.693100,18.744300,136,1081,30,1,1,1.532282,-0.378108,-13.904708,18.702949,0.971076,7
1784573310.217288,-15.218700,19.032600,-0.761460,-13.566100,18.690300,137,1081,30,1,1,1.495156,-0.368889,-13.728579,18.643874,0.971091,7
1784573310.328743,-14.895000,19.018100,-4.831563,-13.389000,18.606300,138,1081,31,1,1,1.468766,-0.379452,-13.463414,18.516287,0.968720,7
1784573310.355860,-14.653500,18.992000,-7.930935,-13.112200,18.452100,139,1081,33,2,1,1.464138,-0.391951,-13.257448,18.401777,0.968979,7
1784573310.458879,-14.457900,18.961400,-10.933382,-12.907400,18.322000,140,1081,31,1,1,1.469455,-0.393378,-13.089729,18.296455,0.968884,7
1784573310.484042,-14.308800,18.930300,-13.261487,-12.729900,18.196900,141,1081,31,1,1,1.498047,-0.393997,-12.941082,18.203164,0.967673,7
1784573310.588675,-14.178600,18.897100,-15.132448,-12.565600,18.070200,142,1081,31,2,1,1.594567,-0.430648,-12.751745,18.065121,0.976628,7
1784573310.658585,-14.027600,18.853700,-17.516692,-12.409100,17.938900,143,1081,30,2,1,1.643628,-0.443898,-12.593795,17.935681,0.975887,7
1784573310.725629,-13.840300,18.790900,-20.327639,-12.248100,17.792900,144,1081,28,1,1,1.676488,-0.444913,-12.422779,17.791303,0.974629,7
1784573310.749525,-13.642400,18.713100,-22.928427,-12.088000,17.636500,145,1081,27,1,1,1.691664,-0.445094,-12.257791,17.644132,0.979270,7
1784573310.856518,-13.459400,18.631700,-25.436265,-11.938200,17.479000,146,1081,27,1,1,1.695564,-0.438184,-12.116401,17.507736,0.978729,7
1784573310.921738,-13.259700,18.531500,-28.252214,-11.804600,17.328600,147,1081,27,1,1,1.698732,-0.431105,-11.967399,17.347650,0.978669,7
1784573310.992481,-13.073300,18.426600,-30.920469,-11.661700,17.156200,148,1081,27,1,1,1.701560,-0.423956,-11.831412,17.188553,0.978961,7
1784573311.057515,-12.889300,18.311400,-33.556500,-11.530700,16.986800,149,1081,28,1,1,1.709579,-0.406202,-11.689169,17.027910,0.975105,7
1784573311.082329,-12.705400,18.184100,-36.209673,-11.278000,16.625000,150,1081,27,1,1,1.711827,-0.394930,-11.557496,16.854198,0.978965,7
1784573311.187162,-12.545300,18.062600,-38.582031,-11.278000,16.625000,151,1081,30,1,1,1.714171,-0.387665,-11.447066,16.690540,0.979703,7
1784573311.215445,-12.385200,17.930500,-40.811677,-11.170800,16.454800,152,1078,28,1,1,1.720973,-0.365528,-11.321561,16.529061,0.978829,7
1784573311.350737,-12.225500,17.788000,-42.996497,-11.065700,16.275700,153,1076,30,1,1,1.721387,-0.365712,-11.215884,16.346614,0.973432,7
1784573311.381412,-12.071200,17.639600,-45.148865,-10.963800,16.087400,154,1075,30,1,1,1.723570,-0.358266,-11.109612,16.165016,0.959181,7
1784573311.513845,-11.861300,17.418400,-48.156319,-10.868600,15.895600,155,1078,27,1,1,1.726011,-0.350941,-10.971317,15.898465,0.937419,7
1784573311.543818,-11.718800,17.254400,-50.184127,-10.744700,15.616900,156,1081,27,1,1,1.728650,-0.343533,-10.875776,15.706641,0.931640,7
1784573311.644048,-11.518900,17.002900,-53.175585,-10.664900,15.414700,157,1081,27,1,1,1.728932,-0.343628,-10.757705,15.412972,0.920486,7
1784573311.710989,-11.391200,16.827000,-55.197376,-10.560700,15.111000,158,1081,27,1,1,1.729372,-0.343729,-10.686402,15.210789,0.923189,7
1784573311.735444,-11.269800,16.646700,-57.198575,-10.499700,14.902400,159,1081,25,1,1,1.730889,-0.336138,-10.614669,15.009700,0.919605,7
1784573311.849952,-11.156400,16.465100,-59.164038,-10.446400,14.691700,161,1081,26,1,1,1.730252,-0.339928,-10.561379,14.805199,0.920451,7
1784573311.876398,-11.043000,16.268300,-61.258487,-10.402000,14.482300,162,1081,26,1,1,1.728073,-0.347376,-10.516619,14.586090,0.918340,7
1784573311.981453,-10.944200,16.081900,-63.158055,-10.364600,14.258500,162,1081,25,1,1,1.730757,-0.340017,-10.466092,14.384095,0.921766,7
1784573312.007969,-10.847500,15.883600,-65.146432,-10.338800,14.049300,163,1081,27,1,1,1.726305,-0.358814,-10.447515,14.166367,0.916585,7
1784573312.132425,-10.765300,15.700000,-66.978132,-10.312100,13.628700,164,1081,27,1,1,1.724756,-0.366377,-10.427975,13.969327,0.916594,7
1784573312.158598,-10.681000,15.492600,-69.065358,-10.312100,13.628700,165,1081,27,1,1,1.723188,-0.373829,-10.414452,13.749592,0.928535,7
1784573312.298965,-10.586700,15.230100,-71.759118,-10.311800,13.405000,166,1081,27,1,1,1.721389,-0.381352,-10.410072,13.475845,0.940594,7
1784573312.327060,-10.522700,15.025800,-73.821195,-10.325200,13.126500,168,1081,30,2,1,1.720210,-0.388896,-10.416883,13.265355,0.944246,7
1784573312.431668,-10.443300,14.724700,-76.965275,-10.345900,12.913600,169,1081,26,1,1,1.716843,-0.400006,-10.445780,12.961876,0.961869,7
1784573312.499189,-10.394700,14.496300,-79.370881,-10.391800,12.605700,170,1081,27,1,1,1.717108,-0.404010,-10.475055,12.734134,0.973763,7
1784573312.524498,-10.357800,14.278900,-81.729264,-10.437900,12.376800,171,1069,48,1,1,1.718336,-0.404226,-10.510637,12.520288,0.977190,7
1784573312.632595,-10.331100,14.069900,-84.068769,-10.547800,11.959700,172,1058,27,1,1,1.719170,-0.404449,-10.555734,12.318140,0.977602,7
1784573312.658983,-10.312500,13.853400,-86.499518,-10.547800,11.959700,173,1041,52,1,1,1.719149,-0.404516,-10.611296,12.112760,0.978850,7
1784573312.784894,-10.303100,13.636400,-88.947118,-10.614100,11.752600,173,1040,26,1,1,1.719842,-0.400742,-10.672172,11.909485,0.982212,7
1784573312.857532,-10.305000,13.347900,-92.188468,-10.687200,11.547800,175,1018,27,1,1,1.724842,-0.390057,-10.760639,11.639211,0.979332,7
1784573312.881743,-10.317800,13.121300,-94.644855,-10.793500,11.279200,176,1007,55,2,1,1.727380,-0.382731,-10.839156,11.430587,0.979439,7
1784573313.027405,-10.338700,12.908300,-96.934823,-10.884100,11.070800,177,1014,27,1,1,1.732653,-0.368129,-10.913336,11.232771,0.979541,7
1784573313.101428,-10.386300,12.587400,-100.257668,-10.974200,10.876300,178,1009,29,1,1,1.739395,-0.345823,-11.036339,10.937388,0.979777,7
1784573313.126200,-10.429200,12.371100,-102.518039,-11.118200,10.585300,179,1016,27,1,1,1.743487,-0.330831,-11.130062,10.740766,0.979483,7
1784573313.230642,-10.478900,12.162900,-104.648400,-11.220700,10.389700,180,1017,27,1,1,1.747205,-0.315785,-11.226265,10.552344,0.979672,7
1784573313.298263,-10.534400,11.962800,-106.716756,-11.323500,10.201600,181,1015,33,2,1,1.755441,-0.277852,-11.305446,10.361469,0.979086,7
1784573313.323793,-10.600900,11.752400,-108.656366,-11.426100,10.020900,182,1026,27,1,1,1.758381,-0.262629,-11.412220,10.170428,0.979317,7
1784573313.429497,-10.669800,11.556500,-110.346058,-11.538100,9.830600,183,1029,24,1,1,1.762794,-0.235796,-11.503789,9.985671,0.986782,7
1784573313.456091,-10.749200,11.350600,-112.148268,-11.645900,9.652900,184,1033,21,1,1,1.767497,-0.209035,-11.609166,9.792331,0.990000,7
1784573313.595273,-10.833600,11.150100,-113.687900,-11.762800,9.465500,185,1046,17,1,1,1.773792,-0.162875,-11.695381,9.591190,0.990000,7
1784573313.619328,-10.967700,10.858100,-115.896980,-11.880200,9.282300,187,1081,29,1,1,1.771805,-0.170535,-11.894953,9.338700,0.980287,7
1784573313.729160,-11.060200,10.672000,-117.137559,-12.057300,9.013900,187,1081,43,4,1,1.773373,-0.155071,-12.007085,9.164583,0.980208,7
1784573313.756127,-11.161200,10.479300,-118.384614,-12.173900,8.841900,188,1081,27,1,1,1.774837,-0.139572,-12.127728,8.984192,0.979686,7
1784573313.867557,-11.261400,10.297300,-119.455496,-12.297600,8.662900,190,1081,28,1,1,1.776564,-0.116417,-12.236390,8.807626,0.979759,7
1784573313.937061,-11.386300,10.080600,-120.632630,-12.417200,8.492900,190,1081,35,3,1,1.777424,-0.100839,-12.378721,8.602592,0.979935,7
1784573314.003927,-11.508500,9.877500,-121.535533,-12.562800,8.289500,191,1081,27,1,1,1.777943,-0.093168,-12.517821,8.410860,0.979535,7
1784573314.028025,-11.619800,9.698100,-122.198926,-12.702300,8.097800,192,1081,27,1,1,1.778411,-0.077600,-12.633110,8.234553,0.980267,7
1784573314.132477,-11.727800,9.528200,-122.771589,-12.948000,7.766400,193,1081,27,1,1,1.778776,-0.069793,-12.749320,8.070322,0.979780,7
1784573314.199213,-11.839300,9.356600,-123.327459,-12.948000,7.766400,194,1081,27,1,1,1.778902,-0.069899,-12.875074,7.908653,0.979388,7
1784573314.225529,-11.965000,9.167100,-123.829680,-13.071100,7.603000,195,1081,27,1,1,1.778936,-0.062110,-13.006974,7.723923,0.979856,7
1784573314.362389,-12.079400,8.997500,-124.225227,-13.208900,7.422200,196,1081,28,1,1,1.780766,-0.058236,-13.129139,7.557858,0.976195,7
1784573314.393334,-12.196800,8.825900,-124.616015,-13.333700,7.260100,197,1081,27,1,1,1.779192,-0.054257,-13.252165,7.392487,0.979608,7
1784573314.531887,-12.380600,8.562100,-125.153832,-13.461300,7.095900,198,1081,27,1,1,1.778999,-0.054293,-13.449291,7.138835,0.980209,7
1784573314.560747,-12.498800,8.395100,-125.457595,-13.660000,6.843200,199,1081,27,1,1,1.778974,-0.054299,-13.575012,6.977544,0.980295,7
1784573314.683110,-12.688200,8.131300,-125.959536,-13.787400,6.683100,201,1081,27,1,1,1.778951,-0.054307,-13.776782,6.723251,0.980409,7
1784573314.710787,-12.858800,7.897900,-126.392690,-13.991100,6.430000,202,1081,28,1,1,1.778935,-0.054325,-13.958001,6.498144,0.980251,7
1784573314.818121,-12.980500,7.733400,-126.693154,-14.173900,6.206100,203,1081,27,1,1,1.778942,-0.054334,-14.087038,6.339427,0.980138,7
1784573314.842230,-13.118800,7.548900,-127.026010,-14.304100,6.048300,204,1081,27,1,1,1.778962,-0.054344,-14.233438,6.161369,0.980018,7
1784573314.951821,-13.244300,7.383200,-127.308363,-14.451800,5.871200,205,1081,27,1,1,1.778960,-0.054348,-14.365763,6.001183,0.980007,7
1784573315.048776,-13.380500,7.205200,-127.616834,-14.585600,5.712100,206,1081,27,1,1,1.778995,-0.054357,-14.509416,5.829218,0.979946,7
1784573315.076473,-13.513700,7.033200,-127.906633,-14.730100,5.540800,207,1081,27,1,1,1.777968,-0.054346,-14.648922,5.663749,0.979664,7
1784573315.180986,-13.702100,6.792900,-128.326263,-14.856300,5.388600,208,1081,28,1,1,1.714399,-0.041318,-14.797679,5.473591,0.976993,7
1784573315.207033,-13.843500,6.614900,-128.636893,-14.977100,5.211900,210,1081,30,1,1,1.594993,-0.000393,-14.839693,5.369267,0.973653,7
1784573315.319707,-13.975700,6.450200,-128.928759,-15.044000,5.082900,210,1081,30,1,1,1.531979,0.029575,-14.915317,5.239847,0.970443,7
1784573315.344614,-14.125100,6.266200,-129.253744,-15.095400,4.958700,211,1081,31,1,1,1.466101,0.069864,-14.998685,5.086716,0.967920,7
1784573315.451665,-14.257000,6.105500,-129.546853,-15.140500,4.814800,212,1081,34,1,1,1.329283,0.159428,-14.980431,4.978976,0.958136,7
1784573315.477000,-14.395900,5.938000,-129.840481,-15.169000,4.685700,213,1081,36,1,1,1.254458,0.217498,-15.032569,4.835448,0.953638,7
1784573315.588198,-14.535600,5.771100,-130.062769,-15.187400,4.548400,214,1081,37,1,1,1.177146,0.276211,-15.081847,4.692407,0.951095,7
1784573315.655092,-14.682200,5.597400,-130.272106,-15.193900,4.410100,215,1081,41,0,0,nan,nan,nan,nan,0.875008,7
1784573315.750456,-14.810200,5.443300,-128.060264,-15.188200,4.265600,217,1081,44,0,0,nan,nan,nan,nan,0.805007,7
1784573315.777120,-14.901500,5.316100,-122.405125,-15.170500,4.126100,219,1081,80,1,0,nan,nan,nan,nan,0.740606,7
1784573315.882753,-14.990300,5.155200,-115.907259,-15.086000,3.817300,220,1081,123,0,0,nan,nan,nan,nan,0.681358,7
1784573315.908027,-15.046400,5.024100,-110.857384,-15.086000,3.817300,221,1081,178,0,0,nan,nan,nan,nan,0.626849,7
1784573316.015865,-15.090600,4.888500,-105.806855,-15.029500,3.686200,222,1081,285,0,0,nan,nan,nan,nan,0.576701,7
1784573316.040855,-15.122700,4.749600,-100.762665,-14.962000,3.560300,222,1081,266,0,0,nan,nan,nan,nan,0.550000,7
1784573316.145756,-15.141100,4.622800,-96.234518,-14.884300,3.440400,222,1081,240,0,0,nan,nan,nan,nan,0.550000,7
1784573316.171149,-15.149600,4.486700,-91.434796,-14.806100,3.338500,223,1081,193,0,0,nan,nan,nan,nan,0.550000,7
1784573316.272405,-15.147000,4.354400,-86.802267,-14.714800,3.236600,223,1081,126,0,0,nan,nan,nan,nan,0.550000,7
1784573316.298834,-15.133400,4.220700,-82.097172,-14.619000,3.144800,224,1081,95,1,0,nan,nan,nan,nan,0.550000,7
1784573316.401381,-15.110800,4.096600,-77.715764,-14.514900,3.059100,225,1081,62,1,0,nan,nan,nan,nan,0.000000,0
1784573316.427186,-15.076300,3.966600,-73.081638,-14.411600,2.985800,227,1081,160,0,0,nan,nan,nan,nan,0.000000,0
1784573316.529539,-15.033000,3.843600,-68.621959,-14.296300,2.915500,227,1081,68,1,1,1.648495,-1.065417,-15.424203,1.920163,0.522769,1
1784573316.596272,-14.978500,3.720700,-64.035433,-14.180000,2.855100,228,1081,49,0,0,nan,nan,nan,nan,0.550000,1
1784573316.622067,-14.912200,3.598800,-59.389521,-14.056000,2.801100,229,1081,128,0,0,nan,nan,nan,nan,0.550000,1
1784573316.722329,-14.838600,3.486000,-54.913581,-13.924600,2.754100,230,1081,52,0,0,nan,nan,nan,nan,0.550000,1
1784573316.747902,-14.760500,3.384000,-50.663288,-13.794400,2.716800,231,1080,73,0,0,nan,nan,nan,nan,0.550000,1
1784573316.851090,-14.673600,3.286400,-46.440193,-13.668200,2.688800,232,1076,132,1,0,nan,nan,nan,nan,0.550000,1
1784573316.921472,-14.573600,3.190000,-41.975672,-13.538400,2.667800,233,1072,143,0,0,nan,nan,nan,nan,0.550000,1
1784573316.990116,-14.461500,3.097600,-37.454753,-13.399200,2.653300,234,1069,48,0,0,nan,nan,nan,nan,0.550000,1
1784573317.059963,-14.349300,3.018700,-33.268711,-13.253000,2.646600,235,1068,88,3,0,nan,nan,nan,nan,0.550000,1
1784573317.126740,-14.224500,2.943900,-29.044921,-13.114800,2.647300,236,1066,108,2,0,nan,nan,nan,nan,0.550000,1
1784573317.197855,-14.096300,2.879300,-24.907541,-12.968400,2.655000,237,1061,49,0,0,nan,nan,nan,nan,0.550000,1
1784573317.222253,-13.965700,2.824600,-20.977820,-12.824500,2.669200,238,1062,54,0,0,nan,nan,nan,nan,0.550000,1
1784573317.325429,-13.833600,2.779400,-17.225060,-12.683200,2.689300,238,1057,63,0,0,nan,nan,nan,nan,0.550000,1
1784573317.349442,-13.706900,2.744900,-13.696840,-12.544800,2.714000,240,1052,50,0,0,nan,nan,nan,nan,0.000000,0
1784573317.452517,-13.576200,2.717500,-10.366000,-12.415400,2.741600,241,1057,50,0,0,nan,nan,nan,nan,0.000000,0
1784573317.476558,-13.444100,2.697700,-7.090483,-12.270600,2.776400,242,1055,48,0,0,nan,nan,nan,nan,0.000000,0
1784573317.584811,-13.315100,2.685400,-4.176430,-12.097100,2.824700,242,1046,46,0,0,nan,nan,nan,nan,0.000000,0
1784573317.608778,-13.166800,2.679300,-0.897889,-11.911000,2.884700,244,1062,42,0,0,nan,nan,nan,nan,0.000000,0
1784573317.711667,-13.032700,2.680500,1.577249,-11.695300,2.962500,245,1081,40,1,1,1.147126,0.283043,-11.893800,2.995010,0.680000,1
1784573317.735139,-12.900800,2.687100,3.927295,-11.502200,3.038900,246,1081,40,1,1,1.204923,0.291805,-11.718692,3.060745,0.818739,2
1784573317.840357,-12.769200,2.699000,6.094766,-11.313600,3.118100,247,1081,38,1,1,1.323675,0.299314,-11.484786,3.137161,0.959616,3
1784573317.864114,-12.631900,2.716700,8.333964,-11.126500,3.201000,248,1081,34,1,1,1.384910,0.297287,-11.304704,3.211580,0.960859,4
1784573317.972799,-12.501400,2.738300,10.196400,-10.932100,3.291100,249,1081,32,1,1,1.444124,0.296907,-11.132643,3.286161,0.967161,5
1784573317.998275,-12.359400,2.766700,12.188225,-10.747800,3.380000,249,1081,31,1,1,1.503738,0.298999,-10.952683,3.376434,0.970128,6
1784573318.100992,-12.216700,2.799400,14.171054,-10.547300,3.480000,250,1081,37,2,1,1.617646,0.281488,-10.717194,3.468351,0.971464,7
1784573318.127551,-12.046000,2.844800,16.332042,-10.365300,3.573500,250,1081,39,2,1,1.649826,0.261241,-10.536210,3.559436,0.974722,7
1784573318.223557,-11.862500,2.901400,18.150969,-10.184200,3.668900,251,1081,35,2,1,1.663193,0.237357,-10.356011,3.645067,0.977945,7
1784573318.246796,-11.670200,2.967300,19.987994,-10.009900,3.763000,252,1081,32,1,1,1.669907,0.219824,-10.176022,3.744696,0.974082,7
1784573318.353618,-11.479100,3.039400,21.572291,-9.830800,3.862000,253,1081,36,2,1,1.676436,0.176133,-9.984851,3.819579,0.974592,7
1784573318.377893,-11.274800,3.123100,23.207130,-9.652800,3.962800,254,1081,31,1,1,1.677387,0.157771,-9.795307,3.929090,0.978145,7
1784573318.481667,-11.090500,3.204000,24.366046,-9.462000,4.074100,255,1081,29,1,1,1.680296,0.139541,-9.617440,4.024343,0.974411,7
1784573318.508122,-10.901900,3.291300,25.470895,-9.289400,4.177800,255,1081,43,2,1,1.680109,0.128455,-9.440333,4.129805,0.977904,7
1784573318.607167,-10.717700,3.380500,26.293953,-9.112700,4.287200,257,1081,28,1,1,1.681231,0.113783,-9.260823,4.227256,0.977822,7
1784573318.630208,-10.531900,3.473500,27.010933,-8.940400,4.397500,258,1081,28,1,1,1.681235,0.113787,-9.085732,4.338426,0.977894,7
1784573318.733899,-10.350000,3.567300,27.660258,-8.767100,4.512200,258,1081,28,1,1,1.681253,0.113774,-8.913705,4.448556,0.977760,7
1784573318.757942,-10.169200,3.663100,28.296494,-8.598400,4.627900,259,1081,29,1,1,1.682168,0.117546,-8.743761,4.564005,0.974516,7
1784573318.865255,-9.992400,3.759400,28.899386,-8.431500,4.746300,261,1081,29,1,1,1.681627,0.124883,-8.580539,4.681416,0.974532,7
1784573318.894151,-9.808000,3.862300,29.528930,-8.269100,4.865400,261,1081,28,1,1,1.680192,0.128440,-8.409356,4.802161,0.977777,7
1784573318.994312,-9.610900,3.975400,30.298145,-8.100600,4.992500,262,1081,34,1,1,1.681167,0.132194,-8.226052,4.937686,0.974064,7
1784573319.019728,-9.434800,4.079600,31.047446,-7.920700,5.131500,263,1081,35,2,1,1.679766,0.135836,-8.065734,5.062311,0.978043,7
1784573319.116698,-9.265600,4.182700,31.844630,-7.758600,5.256300,264,1081,31,1,1,1.670520,0.124093,-7.911997,5.169511,0.973893,7
1784573319.142400,-9.095200,4.290000,32.667454,-7.611800,5.365500,265,1081,31,1,1,1.635134,0.114489,-7.780512,5.268962,0.974450,7
1784573319.245623,-8.934500,4.394400,33.493559,-7.486600,5.451000,266,1081,33,1,1,1.584265,0.090122,-7.663039,5.343823,0.968599,7
1784573319.272986,-8.759300,4.512000,34.401897,-7.378800,5.516900,266,1081,32,1,1,1.526424,0.063573,-7.535774,5.426875,0.965426,7
1784573319.377906,-8.575300,4.640000,35.388990,-7.259100,5.581200,268,1081,36,1,1,1.404644,-0.005702,-7.426877,5.448816,0.963685,7
1784573319.404309,-8.396200,4.769100,36.352201,-7.128500,5.641100,269,1081,37,1,1,1.341715,-0.049288,-7.286383,5.524702,0.961074,7
1784573319.504114,-8.237300,4.887400,37.112522,-6.996000,5.691000,269,1081,36,1,1,1.277204,-0.097135,-7.160182,5.580582,0.955563,7
1784573319.527555,-8.066900,5.017500,37.680729,-6.874600,5.728000,270,1081,42,1,1,1.210897,-0.145296,-7.019747,5.642683,0.949419,7
1784573319.636334,-7.902500,5.144700,37.729877,-6.740900,5.759500,272,1081,48,0,0,nan,nan,nan,nan,0.873465,7
1784573319.663042,-7.732900,5.275800,37.667031,-6.609400,5.781700,272,1081,44,0,0,nan,nan,nan,nan,0.803588,7
1784573319.762910,-7.580700,5.391400,35.905216,-6.472700,5.795800,273,1081,51,0,0,nan,nan,nan,nan,0.739301,7
1784573319.789326,-7.452300,5.480800,33.037310,-6.339400,5.801100,275,1081,52,0,0,nan,nan,nan,nan,0.680157,7
1784573319.892569,-7.338100,5.550700,29.987751,-6.204000,5.798200,275,1081,49,0,0,nan,nan,nan,nan,0.625744,7
1784573319.919291,-7.222100,5.612400,26.349741,-6.073000,5.787500,276,1081,44,1,1,0.881049,-0.355488,-6.274808,5.684899,0.883137,7
1784573320.020513,-7.096900,5.668700,22.466730,-5.942700,5.769500,277,1081,37,1,1,0.892906,-0.340258,-6.141736,5.695489,0.907082,7
1784573320.047439,-6.970100,5.715700,18.657024,-5.807400,5.743000,278,1081,33,1,1,0.888376,-0.349494,-6.016604,5.668765,0.886038,7
1784573320.146243,-6.848500,5.752100,15.088840,-5.675800,5.709600,279,1081,72,0,0,nan,nan,nan,nan,0.815155,7
1784573320.172368,-6.716700,5.782600,11.292890,-5.554000,5.671900,280,1081,76,1,0,nan,nan,nan,nan,0.749942,7
1784573320.272441,-6.589300,5.803500,7.762490,-5.426200,5.625300,281,1081,77,0,0,nan,nan,nan,nan,0.689947,7
1784573320.298971,-6.456700,5.816800,4.112556,-5.306500,5.575200,282,1081,55,0,0,nan,nan,nan,nan,0.634751,7
1784573320.407252,-6.323400,5.821800,0.582000,-5.185200,5.518100,282,1081,67,0,0,nan,nan,nan,nan,0.583971,7
1784573320.477724,-6.175400,5.817900,-3.234972,-5.066300,5.455900,283,1081,57,0,0,nan,nan,nan,nan,0.550000,7
1784573320.503475,-6.032100,5.804800,-6.837110,-4.936900,5.381900,285,1081,48,0,0,nan,nan,nan,nan,0.550000,7
1784573320.611634,-5.906300,5.785700,-10.019835,-4.799200,5.297000,285,1081,46,0,0,nan,nan,nan,nan,0.550000,7
1784573320.674459,-5.759200,5.754500,-13.581187,-4.655600,5.200000,286,1081,44,0,0,nan,nan,nan,nan,0.550000,7
1784573320.749353,-5.622100,5.716900,-16.760182,-4.472700,5.063900,287,1081,42,0,0,nan,nan,nan,nan,0.550000,7
1784573320.773911,-5.483400,5.670300,-20.021590,-4.300400,4.927200,288,1081,38,1,1,1.198809,-0.346394,-4.475639,4.934399,0.952336,7
1784573320.878704,-5.356900,5.620300,-22.787369,-4.126100,4.781500,289,1081,36,1,1,1.261790,-0.340842,-4.325607,4.817354,0.957206,7
1784573320.945692,-5.236700,5.566100,-25.434047,-3.966900,4.642800,291,1081,41,1,1,1.324635,-0.336287,-4.184874,4.693513,0.959868,7
1784573320.968895,-5.105800,5.499800,-28.003658,-3.814400,4.506500,292,1081,37,1,1,1.436722,-0.308631,-3.982204,4.552723,0.967956,7
1784573321.072534,-4.995900,5.438500,-30.015875,-3.660800,4.369500,292,1081,32,1,1,1.462662,-0.281081,-3.870008,4.463433,0.967663,7
1784573321.100763,-4.879300,5.367900,-32.144499,-3.550400,4.282100,293,1081,32,1,1,1.472652,-0.243367,-3.761877,4.378305,0.966719,7
1784573321.200763,-4.759100,5.289900,-34.210776,-3.435700,4.207400,294,1081,31,1,1,1.477204,-0.194810,-3.647019,4.298255,0.969249,7
1784573321.224952,-4.612300,5.187300,-36.375216,-3.321100,4.144900,295,1081,33,1,1,1.435864,-0.069521,-3.497445,4.279756,0.962220,7
1784573321.332021,-4.449500,5.064300,-37.945479,-3.198300,4.090300,296,1081,33,1,1,1.380737,-0.006699,-3.364775,4.209986,0.952535,7
1784573321.359072,-4.285500,4.933400,-39.466469,-3.071500,4.045800,297,1081,35,1,1,1.315861,0.062468,-3.229953,4.145229,0.949606,7
1784573321.456844,-4.123900,4.797900,-40.600227,-2.941500,4.011800,299,1081,50,1,1,1.170538,0.202789,-3.103177,4.190111,0.915364,7
1784573321.480520,-3.967100,4.661600,-41.542058,-2.809100,3.988400,300,1081,57,1,1,1.089610,0.278269,-2.967021,4.147280,0.925294,7
1784573321.583230,-3.814400,4.525400,-41.972222,-2.546900,3.973800,300,1081,78,0,0,nan,nan,nan,nan,0.851270,7
1784573321.645012,-3.674300,4.401300,-40.257102,-2.546900,3.973800,301,1081,61,0,0,nan,nan,nan,nan,0.783169,7
1784573321.668527,-3.556000,4.308300,-35.002498,-2.416600,3.981700,302,1081,86,0,0,nan,nan,nan,nan,0.720515,7
1784573321.779377,-3.445700,4.237900,-30.521886,-2.287300,3.999300,304,1081,201,0,0,nan,nan,nan,nan,0.662874,7
1784573321.807728,-3.321100,4.171900,-25.725159,-2.161600,4.026100,304,1081,92,0,0,nan,nan,nan,nan,0.609844,7
1784573321.903408,-3.203300,4.121200,-21.298413,-2.026500,4.066000,305,1081,93,0,0,nan,nan,nan,nan,0.561056,7
1784573321.926702,-3.076000,4.078000,-16.662363,-1.906400,4.111700,306,1079,59,0,0,nan,nan,nan,nan,0.550000,7
1784573322.028334,-2.953700,4.047000,-12.330060,-1.784200,4.168800,307,1075,96,0,0,nan,nan,nan,nan,0.550000,7
1784573322.054336,-2.827300,4.024900,-7.934670,-1.673700,4.230600,308,1074,95,0,0,nan,nan,nan,nan,0.550000,7
1784573322.158378,-2.691300,4.012200,-3.298505,-1.566000,4.301000,309,1073,95,0,0,nan,nan,nan,nan,0.550000,7
1784573322.223274,-2.558900,4.010300,1.194648,-1.456800,4.384000,309,1072,63,0,0,nan,nan,nan,nan,0.550000,7
1784573322.326878,-2.418400,4.019600,5.907390,-1.356900,4.471800,311,1068,95,0,0,nan,nan,nan,nan,0.000000,0
1784573322.355955,-2.285200,4.039200,10.377704,-1.257600,4.572400,312,1066,95,0,0,nan,nan,nan,nan,0.000000,0
1784573322.453355,-2.088100,4.088200,17.038150,-1.169400,4.675000,313,1064,93,0,0,nan,nan,nan,nan,0.000000,0
1784573322.520386,-1.957300,4.134600,21.572784,-1.049500,4.840200,314,1063,93,0,0,nan,nan,nan,nan,0.000000,0
1784573322.544078,-1.832200,4.190300,25.964623,-0.977000,4.959400,315,1061,89,0,0,nan,nan,nan,nan,0.000000,0
1784573322.651585,-1.713500,4.254300,30.217882,-0.913200,5.081400,316,1060,88,0,0,nan,nan,nan,nan,0.000000,0
1784573322.752252,-1.601600,4.325800,34.405353,-0.857600,5.205200,316,1059,67,0,0,nan,nan,nan,nan,0.000000,0
1784573322.781691,-1.483600,4.414300,38.873705,-0.810000,5.330000,318,1057,86,0,0,nan,nan,nan,nan,0.000000,0
1784573322.883158,-1.342800,4.540600,44.478007,-0.765000,5.471400,318,1055,66,0,0,nan,nan,nan,nan,0.000000,0
1784573322.949950,-1.243000,4.646700,48.569682,-0.718800,5.656100,320,1054,88,0,0,nan,nan,nan,nan,0.000000,0
1784573323.016823,-1.153300,4.756300,52.419754,-0.691600,5.800300,321,1052,81,0,0,nan,nan,nan,nan,0.000000,0
1784573323.119978,-1.068800,4.875200,56.389572,-0.671300,5.941400,321,1052,52,1,1,3.032258,4.852333,-3.431437,10.086502,0.566655,1
1784573323.149009,-0.994600,4.996000,60.077104,-0.656600,6.087400,323,1048,57,1,0,nan,nan,nan,nan,0.550000,1
1784573323.303122,-0.907500,5.164700,64.875929,-0.648200,6.229800,324,1048,50,0,0,nan,nan,nan,nan,0.550000,1
1784573323.331509,-0.833900,5.342000,69.635952,-0.645200,6.420800,325,1046,56,1,0,nan,nan,nan,nan,0.550000,1
1784573323.429201,-0.774200,5.526800,74.154383,-0.651600,6.613800,327,1045,58,1,0,nan,nan,nan,nan,0.550000,1
1784573323.452557,-0.740600,5.660600,77.287744,-0.668700,6.833800,328,1037,95,0,0,nan,nan,nan,nan,0.550000,1
1784573323.598130,-0.715700,5.785800,79.909928,-0.693800,7.027600,329,1042,44,0,0,nan,nan,nan,nan,0.550000,1
1784573323.626822,-0.694400,5.928700,82.779679,-0.727300,7.219500,330,1041,42,0,0,nan,nan,nan,nan,0.550000,1
1784573323.722154,-0.676100,6.129000,86.373340,-0.773900,7.437800,331,1036,38,1,0,nan,nan,nan,nan,0.550000,1
1784573323.746616,-0.670400,6.267300,88.657788,-0.852700,7.739000,332,1034,36,1,0,nan,nan,nan,nan,0.550000,1
1784573323.882201,-0.669800,6.399600,90.579739,-0.914700,7.944100,333,1032,35,1,0,nan,nan,nan,nan,0.550000,1
1784573323.907099,-0.677500,6.605100,93.483406,-0.979200,8.138200,334,1031,32,1,0,nan,nan,nan,nan,0.550000,1
1784573324.011892,-0.688200,6.751100,95.337121,-1.087900,8.437200,335,1026,30,1,0,nan,nan,nan,nan,0.000000,0
1784573324.036017,-0.707600,6.932700,97.571456,-1.162700,8.627700,336,1029,30,1,1,1.579136,0.267683,-1.181021,8.462798,0.705024,1
1784573324.145809,-0.738200,7.138800,99.592136,-1.242600,8.823100,337,1032,49,2,1,1.593498,0.234407,-1.234860,8.670959,0.853994,2
1784573324.171388,-0.777600,7.351600,101.674406,-1.326400,9.020400,338,1034,48,1,1,1.601827,0.207170,-1.304614,8.878369,0.990000,3
1784573324.274147,-0.824600,7.563800,103.525441,-1.414300,9.219400,339,1040,18,1,1,1.607892,0.172408,-1.368276,9.086777,0.990000,4
1784573324.338401,-0.876500,7.768300,105.246523,-1.504900,9.417300,340,1038,10,0,0,nan,nan,nan,nan,0.910800,4
1784573324.362617,-0.933300,7.968100,106.688395,-1.595200,9.608100,340,1044,11,0,0,nan,nan,nan,nan,0.837936,4
1784573324.495999,-0.992800,8.160400,107.888917,-1.686400,9.794900,341,1046,9,0,0,nan,nan,nan,nan,0.770901,4
1784573324.520379,-1.091600,8.452600,109.698079,-1.777200,9.974600,343,1043,0,0,0,nan,nan,nan,nan,0.709229,4
1784573324.622158,-1.159700,8.638600,110.700330,-1.921500,10.247200,344,1048,1,0,0,nan,nan,nan,nan,0.652491,4
1784573324.646063,-1.234600,8.832500,111.695514,-2.017500,10.420500,344,1046,1,0,0,nan,nan,nan,nan,0.600291,4
1784573324.754415,-1.311500,9.022100,112.638544,-2.121300,10.600500,345,1049,8,0,0,nan,nan,nan,nan,0.552268,4
1784573324.780624,-1.395400,9.219300,113.600065,-2.226400,10.776100,346,1048,11,0,0,nan,nan,nan,nan,0.550000,4
1784573324.881429,-1.479900,9.409200,114.500328,-2.338800,10.958600,347,1045,13,0,0,nan,nan,nan,nan,0.550000,4
1784573324.908900,-1.567400,9.597800,115.438095,-2.449800,11.134400,348,1047,19,1,1,1.605586,0.190104,-2.428730,10.966068,0.990000,5
1784573325.009526,-1.663700,9.796500,116.457246,-2.560900,11.310000,349,1045,20,1,1,1.607304,0.179649,-2.540636,11.155427,0.990000,6
1784573325.034199,-1.754700,9.976100,117.399010,-2.781900,11.669700,350,1044,22,1,1,1.610048,0.165790,-2.642811,11.329244,0.990000,7
1784573325.140547,-1.854800,10.165600,118.462394,-2.781900,11.669700,351,1040,23,1,1,1.613424,0.127095,-2.735461,11.523439,0.990000,7
1784573325.165774,-1.960000,10.356000,119.548517,-2.890700,11.854400,352,1039,24,1,1,1.615577,0.102507,-2.845914,11.710900,0.987203,7
1784573325.265075,-2.055600,10.522100,120.483147,-2.998200,12.043500,352,1034,20,1,1,1.617321,0.088436,-2.952255,11.871010,0.990000,7
1784573325.331919,-2.162300,10.700400,121.488675,-3.090200,12.211600,353,1034,23,1,1,1.618978,0.049674,-3.050300,12.055027,0.988499,7
1784573325.401815,-2.278600,10.888100,122.146683,-3.186900,12.395500,355,1026,18,1,1,1.619151,-0.003415,-3.137240,12.260834,0.990000,7
1784573325.470875,-2.396700,11.074800,122.476708,-3.285900,12.592900,355,1022,14,0,0,nan,nan,nan,nan,0.910800,7
1784573325.539881,-2.522300,11.272000,122.495728,-3.381000,12.792200,356,1018,15,1,1,1.620739,-0.042314,-3.357331,12.661715,0.984744,7
1784573325.608612,-2.639100,11.455600,122.437232,-3.477300,13.005200,358,1018,12,0,0,nan,nan,nan,nan,0.905964,7
1784573325.705679,-2.757000,11.642400,121.933686,-3.563200,13.205100,358,1018,18,0,0,nan,nan,nan,nan,0.833487,7
1784573325.733759,-2.871100,11.827600,121.158727,-3.646600,13.409600,359,1020,6,0,0,nan,nan,nan,nan,0.766808,7
1784573325.837170,-3.019900,12.079200,119.821025,-3.725700,13.612200,361,1022,5,0,0,nan,nan,nan,nan,0.705464,7
1784573325.863346,-3.131300,12.277300,118.708096,-3.827900,13.886100,362,1021,43,1,0,nan,nan,nan,nan,0.649027,7
1784573325.963848,-3.226700,12.454600,117.614048,-3.904500,14.100100,363,1029,0,0,0,nan,nan,nan,nan,0.597104,7
1784573325.990691,-3.325800,12.648200,116.363627,-3.970400,14.290400,364,1031,1,0,0,nan,nan,nan,nan,0.550000,7
1784573326.094392,-3.410900,12.823500,115.241542,-4.040200,14.496500,365,1034,7,0,0,nan,nan,nan,nan,0.550000,7
1784573326.122097,-3.501900,13.021000,114.030948,-4.101700,14.681500,366,1038,18,1,1,1.610270,-0.187115,-3.986753,14.567900,0.990000,7
1784573326.247571,-3.582400,13.205500,112.945200,-4.170300,14.888000,367,1042,24,1,1,1.613752,-0.151933,-4.071611,14.750800,0.987229,7
1784573326.276742,-3.663200,13.400500,111.853791,-4.234100,15.079000,368,1044,28,1,1,1.615850,-0.116569,-4.156491,14.943621,0.978532,7
1784573326.369698,-3.769200,13.672900,110.556855,-4.301900,15.278900,369,1048,29,1,1,1.618975,-0.077795,-4.264840,15.216102,0.975831,7
1784573326.396287,-3.839900,13.864900,109.731932,-4.397600,15.555100,370,1051,30,1,1,1.620878,-0.060217,-4.330460,15.410935,0.971920,7
1784573326.496717,-3.904800,14.048600,109.137906,-4.466600,15.747700,371,1054,30,1,1,1.621451,-0.038999,-4.399538,15.593222,0.971927,7
1784573326.520596,-3.971400,14.242100,108.743524,-4.534100,15.930500,372,1059,30,1,1,1.621692,-0.003564,-4.489128,15.778933,0.971622,7
1784573326.657143,-4.042000,14.451400,108.528345,-4.607200,16.121600,373,1062,29,1,1,1.620321,0.006964,-4.563498,15.985522,0.975305,7
1784573326.686799,-4.107800,14.648600,108.368885,-4.689100,16.326600,374,1065,30,1,1,1.621058,0.024719,-4.642109,16.179271,0.971475,7
1784573326.790364,-4.207100,14.947500,108.430193,-4.769300,16.518400,375,1070,30,1,1,1.619733,0.052953,-4.769414,16.467415,0.971699,7
1784573326.892910,-4.275300,15.150800,108.743678,-4.896900,16.806300,376,1076,30,1,1,1.617956,0.063433,-4.855275,16.662565,0.975141,7
1784573326.920805,-4.348100,15.362700,109.255465,-4.988300,17.000200,377,1081,36,1,1,1.617429,0.081081,-4.958042,16.862907,0.971687,7
1784573327.024363,-4.451500,15.653400,110.011591,-5.088000,17.200800,379,1081,35,2,1,1.614558,0.098586,-5.096652,17.136740,0.974961,7
1784573327.050609,-4.529000,15.863700,110.553799,-5.232200,17.473500,379,1081,35,2,1,1.614668,0.109159,-5.198099,17.337259,0.970885,7
1784573327.149899,-4.601600,16.054900,111.161339,-5.342300,17.668600,380,1081,33,2,1,1.613037,0.123243,-5.298832,17.514675,0.971660,7
1784573327.174086,-4.680100,16.254400,111.910336,-5.446800,17.844400,381,1081,32,2,1,1.610735,0.133700,-5.405197,17.698899,0.975300,7
1784573327.281036,-4.756300,16.440800,112.738499,-5.560200,18.026300,382,1081,32,1,1,1.609609,0.151322,-5.518016,17.866818,0.971708,7
1784573327.308516,-4.839200,16.634900,113.655649,-5.670200,18.194800,383,1081,31,1,1,1.608669,0.158323,-5.629680,18.044873,0.971637,7
1784573327.411048,-4.923900,16.824600,114.663506,-5.789200,18.369100,384,1081,31,1,1,1.607751,0.165320,-5.745035,18.216696,0.971625,7
1784573327.436486,-5.016300,17.021600,115.776071,-5.910000,18.538200,385,1081,31,1,1,1.607859,0.165218,-5.864265,18.397631,0.970587,7
1784573327.552417,-5.114000,17.219600,116.968825,-6.040200,18.712500,386,1081,29,1,1,1.605027,0.175637,-5.998426,18.570433,0.975313,7
1784573327.576545,-5.223500,17.429800,118.257721,-6.176400,18.886200,387,1081,31,1,1,1.605575,0.179265,-6.141542,18.759163,0.971735,7
1784573327.690879,-5.329800,17.623300,119.564273,-6.327000,19.069300,388,1081,30,1,1,1.605597,0.179178,-6.277851,18.931446,0.970973,7
1784573327.716128,-5.443900,17.819800,120.923268,-6.471200,19.236500,389,1081,30,1,1,1.605560,0.179172,-6.422684,19.105065,0.970917,7
1784573327.826393,-5.557500,18.005400,122.207498,-6.623400,19.405300,390,1081,31,1,1,1.605670,0.179172,-6.564903,19.268499,0.970557,7
1784573327.855023,-5.676900,18.191100,123.486523,-6.772500,19.563700,391,1081,29,1,1,1.603866,0.182591,-6.714102,19.428006,0.962851,7
1784573327.961617,-5.791200,18.360700,124.702047,-6.927200,19.721200,392,1081,29,1,1,1.603898,0.182596,-6.854430,19.575349,0.975207,7
1784573328.068553,-5.930100,18.556700,126.149205,-7.073500,19.864300,393,1081,29,1,1,1.603926,0.182615,-7.023699,19.744121,0.967350,7
1784573328.099281,-6.075900,18.751800,127.622337,-7.248600,20.028700,395,1081,31,1,1,1.605444,0.179241,-7.197918,19.913976,0.968075,7
1784573328.236095,-6.263600,18.988300,129.462335,-7.429800,20.191500,396,1080,30,1,1,1.606440,0.172227,-7.417573,20.119077,0.971484,7
1784573328.265104,-6.401300,19.152500,130.693200,-7.659000,20.388100,397,1076,30,1,1,1.606417,0.172287,-7.579328,20.258171,0.971980,7
1784573328.369320,-6.616500,19.395700,132.525622,-7.824600,20.524200,398,1068,30,1,1,1.607505,0.165249,-7.824829,20.468696,0.971381,7
1784573328.396319,-6.785100,19.575800,133.911193,-8.079900,20.724900,399,1062,30,1,1,1.607467,0.165317,-8.019044,20.619190,0.971983,7
1784573328.497319,-6.921300,19.715100,134.951776,-8.277300,20.872900,400,1058,29,1,1,1.606888,0.161699,-8.171019,20.738055,0.975486,7
1784573328.522766,-7.069300,19.861000,136.076031,-8.435300,20.987000,401,1040,33,1,1,1.608493,0.158358,-8.337688,20.862758,0.971695,7
1784573328.624109,-7.227300,20.010600,137.231123,-8.605700,21.106100,401,1040,30,1,1,1.609426,0.151258,-8.511489,20.992430,0.971152,7
1784573328.648591,-7.378500,20.148400,138.304459,-8.786000,21.227800,402,1034,30,1,1,1.609258,0.151317,-8.680769,21.105847,0.972228,7
1784573328.753833,-7.524900,20.277000,139.247663,-8.957300,21.339600,403,1020,35,2,1,1.608623,0.147709,-8.839917,21.215199,0.975474,7
1784573328.780250,-7.690700,20.417700,140.283546,-9.122000,21.443700,404,1013,30,1,1,1.610160,0.144292,-9.021462,21.335582,0.971854,7
1784573328.878020,-7.851500,20.549400,141.242913,-9.307700,21.557200,405,1013,51,1,1,1.610236,0.144334,-9.197530,21.444887,0.972179,7
1784573328.903600,-8.004200,20.670400,142.135195,-9.486600,21.662900,405,1013,30,1,1,1.610353,0.144372,-9.364127,21.544859,0.971738,7
1784573329.038425,-8.174400,20.800800,143.102291,-9.655900,21.759400,406,1013,29,1,1,1.609695,0.140710,-9.546168,21.654715,0.975268,7
1784573329.066840,-8.341400,20.924500,144.027753,-9.843700,21.862600,407,1012,29,1,1,1.609827,0.140740,-9.726905,21.756200,0.975471,7
1784573329.165784,-8.579600,21.093800,145.322816,-10.027500,21.959600,409,1013,29,1,1,1.609930,0.140747,-9.983637,21.894027,0.975465,7
1784573329.192262,-8.770200,21.223500,146.350194,-10.288800,22.090500,410,1013,29,1,1,1.609945,0.140740,-10.188369,21.998438,0.975390,7
1784573329.298375,-8.930300,21.328700,147.197462,-10.497200,22.189000,411,1013,29,1,1,1.609973,0.140729,-10.359790,22.082606,0.975265,7
1784573329.324185,-9.127800,21.453900,148.233608,-10.672000,22.267500,411,1013,30,1,1,1.610744,0.144396,-10.573276,22.179122,0.971580,7
1784573329.426568,-9.296900,21.557100,149.098278,-10.887100,22.358900,413,1013,30,1,1,1.610829,0.144279,-10.753168,22.260571,0.970952,7
1784573329.452880,-9.481500,21.665900,150.040973,-11.071100,22.432100,413,1013,30,1,1,1.609845,0.151364,-10.951830,22.338686,0.971826,7
1784573329.585715,-9.665100,21.770100,150.978678,-11.272000,22.506900,414,1014,29,1,1,1.608382,0.154737,-11.146601,22.415074,0.975312,7
1784573329.614813,-9.838900,21.865100,151.854927,-11.471400,22.575800,415,1014,30,1,1,1.609030,0.158300,-11.332343,22.484507,0.971420,7
1784573329.714536,-10.115500,22.008900,153.392909,-11.660100,22.636000,417,1014,29,1,1,1.606639,0.168692,-11.627546,22.577638,0.974955,7
1784573329.739707,-10.307900,22.103400,154.480423,-11.959700,22.721400,418,1014,30,1,1,1.606159,0.179241,-11.834580,22.633611,0.971189,7
1784573329.841894,-10.505000,22.195500,155.615540,-12.167700,22.772700,419,1015,30,1,1,1.605102,0.186221,-12.043803,22.688569,0.971308,7
1784573329.868290,-10.686000,22.275900,156.649074,-12.380300,22.818700,419,1014,30,1,1,1.604122,0.193183,-12.235306,22.734352,0.971014,7
1784573329.968784,-10.871400,22.354200,157.796265,-12.574900,22.855000,420,1015,29,1,1,1.601457,0.203555,-12.431026,22.770932,0.975089,7
1784573329.995367,-11.058400,22.428700,158.983211,-12.773600,22.886400,422,1015,30,1,1,1.601108,0.214086,-12.629775,22.803080,0.970555,7
1784573330.098694,-11.268300,22.506900,160.383168,-12.973200,22.912400,422,1014,30,1,1,1.599927,0.221051,-12.849579,22.835820,0.970831,7
1784573330.124961,-11.470900,22.576800,161.771831,-13.196000,22.934800,423,1016,30,1,1,1.598757,0.228030,-13.060757,22.860307,0.971299,7
1784573330.222999,-11.656500,22.636000,163.085046,-13.409700,22.949700,424,1016,30,1,1,1.597665,0.235027,-13.253427,22.875985,0.971793,7
1784573330.246130,-11.855900,22.694400,164.484545,-13.604300,22.957900,425,1016,32,2,1,1.595224,0.245334,-13.458617,22.884726,0.974921,7
1784573330.357599,-12.044000,22.744600,165.943490,-13.812000,22.960900,426,1017,30,1,1,1.595821,0.249004,-13.652514,22.890643,0.971801,7
1784573330.385534,-12.271500,22.798300,167.754102,-14.006700,22.958400,427,1018,30,1,1,1.596029,0.249005,-13.884029,22.893491,0.971341,7
1784573330.488686,-12.481400,22.841100,169.467171,-14.240200,22.948800,428,1017,30,1,1,1.596345,0.249074,-14.096378,22.888033,0.971577,7
1784573330.516847,-12.692400,22.877500,171.252540,-14.453900,22.933800,429,1020,29,1,1,1.596081,0.245464,-14.307246,22.877622,0.974812,7
1784573330.614055,-12.888400,22.905300,172.893184,-14.667200,22.913300,430,1018,65,3,1,1.597814,0.242164,-14.503899,22.862678,0.971427,7
1784573330.639920,-13.094800,22.928400,174.616295,-14.863800,22.889600,430,1021,29,1,1,1.597450,0.238572,-14.707587,22.840762,0.975081,7
1784573330.747326,-13.311600,22.946000,176.393685,-15.069500,22.859900,431,1019,30,1,1,1.600329,0.228316,-14.923121,22.818798,0.971871,7
1784573330.814812,-13.522200,22.956600,178.124228,-15.284000,22.823900,432,1023,30,1,1,1.601469,0.221347,-15.130056,22.787792,0.971722,7
1784573330.837753,-13.746100,22.961000,179.900729,-15.491400,22.784500,433,1024,30,1,1,1.602542,0.214380,-15.349012,22.749397,0.971762,7
1784573330.950649,-13.953900,22.958900,-178.494991,-15.710500,22.738000,434,1024,30,1,1,1.603566,0.207411,-15.551465,22.709444,0.971873,7
1784573330.976812,-14.177700,22.950200,-176.764370,-15.913000,22.691100,435,1026,29,1,1,1.604884,0.189807,-15.769312,22.670112,0.975164,7
1784573331.086069,-14.401100,22.934800,-175.136204,-16.130300,22.636600,436,1027,30,1,1,1.607325,0.179398,-15.987427,22.619767,0.971155,7
1784573331.112651,-14.617600,22.913900,-173.575380,-16.346700,22.578200,437,1028,30,1,1,1.607938,0.172421,-16.196146,22.562640,0.971916,7
1784573331.213211,-14.823800,22.888700,-172.289268,-16.555800,22.518300,438,1030,29,1,1,1.608678,0.154764,-16.397168,22.519496,0.975175,7
1784573331.238082,-15.032700,22.858500,-171.059310,-16.754700,22.458000,439,1032,30,1,1,1.610036,0.151395,-16.599645,22.458726,0.972042,7
1784573331.349266,-15.244100,22.823300,-169.876589,-16.955900,22.394100,440,1032,30,1,1,1.610670,0.144337,-16.804324,22.398104,0.971884,7
1784573331.375742,-15.458000,22.783200,-168.690079,-17.159300,22.326300,441,1035,29,1,1,1.610514,0.133731,-17.011012,22.336218,0.975553,7
1784573331.478731,-15.686800,22.735400,-167.513519,-17.364800,22.254900,442,1037,30,1,1,1.611941,0.130362,-17.232429,22.259605,0.971516,7
1784573331.507442,-15.883100,22.690500,-166.535745,-17.584600,22.175200,443,1038,30,1,1,1.612347,0.123254,-17.422434,22.195217,0.972032,7
1784573331.609460,-16.088000,22.639900,-165.600280,-17.773000,22.104000,444,1041,30,1,1,1.612805,0.116241,-17.621230,22.126230,0.972177,7
1784573331.635545,-16.285800,22.587800,-164.754520,-17.969500,22.026900,445,1043,29,1,1,1.611998,0.112617,-17.811456,22.055263,0.975390,7
1784573331.743027,-16.489200,22.531100,-163.925885,-18.159000,21.949700,446,1044,30,1,1,1.613794,0.109129,-18.009686,21.979409,0.970400,7
1784573331.769870,-16.701000,22.468600,-163.067822,-18.353400,21.867600,446,1046,30,1,1,1.613308,0.109145,-18.212584,21.894328,0.971582,7
1784573331.877002,-16.902600,22.405900,-162.303116,-18.555600,21.778800,447,1048,30,1,1,1.613126,0.109152,-18.406210,21.811553,0.971869,7
1784573331.943548,-17.115600,22.336600,-161.513245,-18.747600,21.691100,448,1051,30,1,1,1.613192,0.109131,-18.610943,21.721581,0.971515,7
1784573332.004085,-17.330800,22.263200,-160.708810,-18.950100,21.595000,448,1053,29,1,1,1.611750,0.112620,-18.814847,21.624431,0.975621,7
1784573332.075216,-17.526600,22.193500,-159.964936,-19.153900,21.494400,450,1056,30,1,1,1.612485,0.116227,-19.001684,21.531877,0.971881,7
1784573332.145020,-17.721500,22.121300,-159.254465,-19.338700,21.399300,450,1056,30,1,1,1.612474,0.116163,-19.188279,21.441501,0.971729,7
1784573332.171021,-17.936600,22.038300,-158.466069,-19.522000,21.301300,451,1060,29,1,1,1.611103,0.119613,-19.391344,21.335677,0.975366,7
1784573332.274968,-18.138600,21.957300,-157.673561,-19.723400,21.189100,452,1061,29,1,1,1.610500,0.126640,-19.580259,21.228352,0.975429,7
1784573332.303014,-18.330400,21.877300,-156.907599,-19.911400,21.079700,453,1065,30,1,1,1.611197,0.130225,-19.761421,21.125574,0.972010,7
1784573332.407634,-18.524100,21.793400,-156.129713,-20.089000,20.971700,454,1067,29,1,1,1.609853,0.133641,-19.942172,21.019735,0.975266,7
1784573332.434948,-18.728400,21.701300,-155.224298,-20.267200,20.858600,455,1068,30,1,1,1.610626,0.137214,-20.133274,20.901756,0.971459,7
1784573332.565863,-18.919500,21.611600,-154.331825,-20.453800,20.734700,456,1072,30,1,1,1.609914,0.144221,-20.308074,20.784263,0.971364,7
1784573332.630880,-19.196200,21.475200,-153.015242,-20.627100,20.614200,458,1075,30,1,1,1.609442,0.151225,-20.561798,20.610150,0.970672,7
1784573332.707405,-19.386500,21.376600,-152.067957,-20.875800,20.431800,458,1075,30,1,1,1.608357,0.158282,-20.733346,20.483364,0.972031,7
1784573332.767170,-19.595000,21.263900,-150.973346,-21.045400,20.300700,459,1077,29,1,1,1.606980,0.161673,-20.921688,20.342801,0.975200,7
1784573332.872682,-19.778800,21.160100,-149.914159,-21.229500,20.151400,461,1078,29,1,1,1.606207,0.168684,-21.084051,20.208955,0.975288,7
1784573332.902177,-19.971700,21.046100,-148.785618,-21.390300,20.014800,461,1078,30,1,1,1.606831,0.172315,-21.256616,20.066003,0.971908,7
1784573333.003703,-20.230800,20.884900,-147.238203,-21.557700,19.865900,463,1079,30,1,1,1.606083,0.179323,-21.484360,19.864974,0.971874,7
1784573333.027105,-20.415500,20.763800,-146.069236,-21.779800,19.656600,464,1079,30,1,1,1.606621,0.179271,-21.648467,19.718256,0.970236,7
1784573333.136348,-20.578900,20.651900,-144.970067,-21.936000,19.500600,464,1079,30,1,1,1.605378,0.186349,-21.786502,19.577813,0.971694,7
1784573333.161528,-20.766400,20.517800,-143.677382,-22.072900,19.357500,466,1077,29,1,1,1.603983,0.189698,-21.946356,19.414872,0.975223,7
1784573333.302217,-20.930100,20.395200,-142.435543,-22.228300,19.187200,466,1076,29,1,1,1.604060,0.189687,-22.085944,19.266920,0.974985,7
1784573333.332472,-21.101200,20.260900,-141.085708,-22.501800,18.865800,467,1075,29,1,1,1.604076,0.189698,-22.230149,19.105687,0.975098,7
1784573333.424883,-21.335800,20.065700,-139.179542,-22.501800,18.865800,469,1072,30,1,1,1.605811,0.186298,-22.429235,18.875013,0.970878,7
1784573333.450101,-21.494200,19.926200,-137.862847,-22.690700,18.626000,470,1069,30,1,1,1.605670,0.186305,-22.559876,18.710791,0.971275,7
1784573333.585238,-21.644600,19.787600,-136.598889,-22.816700,18.456800,471,1066,30,1,1,1.605547,0.186342,-22.683092,18.549038,0.972027,7
1784573333.614999,-21.789700,19.648000,-135.367732,-22.935200,18.290100,472,1065,30,1,1,1.605580,0.186371,-22.801344,18.387366,0.971737,7
1784573333.711200,-22.017200,19.416400,-133.423425,-23.048500,18.123600,473,1061,29,1,1,1.605031,0.182705,-22.987777,18.125087,0.974957,7
1784573333.781088,-22.152100,19.271400,-132.248378,-23.224300,17.850700,474,1058,29,1,1,1.605067,0.182718,-23.096005,17.960420,0.975048,7
1784573333.808946,-22.301100,19.104100,-130.878996,-23.327600,17.681600,475,1056,29,1,1,1.605111,0.182745,-23.213414,17.770886,0.975276,7
1784573333.914138,-22.437700,18.943200,-129.574941,-23.440900,17.488300,476,1050,29,1,1,1.606088,0.175745,-23.325455,17.593275,0.975064,7
1784573333.942264,-22.576800,18.771800,-128.301707,-23.544300,17.304300,477,1047,30,1,1,1.608215,0.172360,-23.438314,17.402911,0.970034,7
1784573334.040506,-22.704100,18.607600,-127.097264,-23.649000,17.109900,478,1044,30,1,1,1.607735,0.172386,-23.536340,17.221272,0.971703,7
1784573334.066501,-22.828000,18.440700,-125.857192,-23.744400,16.925300,479,1037,29,1,1,1.607168,0.168791,-23.632625,17.039251,0.975240,7
1784573334.171118,-22.948300,18.271300,-124.697803,-23.836700,16.739000,480,1033,29,1,1,1.608071,0.161801,-23.730663,16.857094,0.975290,7
1784573334.242219,-23.068700,18.094000,-123.507420,-23.925800,16.551300,481,1028,30,1,1,1.609586,0.158393,-23.825193,16.664464,0.971662,7
1784573334.307640,-23.190800,17.906100,-122.332572,-24.014600,16.356200,482,1020,29,1,1,1.608956,0.154793,-23.920529,16.463812,0.975167,7
1784573334.380832,-23.309000,17.715800,-121.173271,-24.104100,16.150800,483,1014,30,1,1,1.610480,0.151425,-24.013069,16.259482,0.972094,7
1784573334.407204,-23.425000,17.520300,-119.995940,-24.190400,15.944000,484,1010,29,1,1,1.609861,0.147831,-24.101801,16.052156,0.975521,7
1784573334.511537,-23.533700,17.328200,-118.838718,-24.274800,15.732900,485,1011,30,1,1,1.611338,0.144450,-24.184387,15.847024,0.971956,7
1784573334.537209,-23.635600,17.139600,-117.786806,-24.353800,15.526700,486,1012,29,1,1,1.611299,0.133787,-24.268400,15.651734,0.975419,7
1784573334.641545,-23.726800,16.963800,-116.865679,-24.427600,15.325500,486,1013,30,1,1,1.612702,0.130354,-24.339296,15.466252,0.971868,7
1784573334.668740,-23.823700,16.769000,-115.885338,-24.493500,15.138600,487,1012,29,1,1,1.611995,0.126757,-24.413412,15.263399,0.975314,7
1784573334.766775,-23.913200,16.581400,-114.977925,-24.563200,14.932500,488,1013,30,1,1,1.613437,0.123313,-24.482725,15.066795,0.971622,7
1784573334.793436,-23.995800,16.401300,-114.112149,-24.627200,14.734800,489,1013,30,1,1,1.614149,0.116269,-24.549094,14.880490,0.971283,7
1784573334.897064,-24.083300,16.202100,-113.195614,-24.685900,14.545500,490,1013,30,1,1,1.613967,0.116340,-24.612060,14.672774,0.972058,7
1784573334.921127,-24.165300,16.007600,-112.386865,-24.747700,14.336900,491,1013,29,1,1,1.613155,0.112715,-24.675464,14.473095,0.975522,7
1784573335.025090,-24.238600,15.827000,-111.646711,-24.805200,14.133800,492,1013,30,1,1,1.615019,0.109221,-24.732834,14.285588,0.970440,7
1784573335.052308,-24.316500,15.627400,-110.833123,-24.855900,13.945700,493,1014,30,1,1,1.614502,0.109296,-24.788543,14.079583,0.972197,7
1784573335.195920,-24.388200,15.435700,-110.087410,-24.909400,13.738100,494,1014,29,1,1,1.613695,0.105669,-24.843188,13.883874,0.975398,7
1784573335.221494,-24.496900,15.129700,-108.917545,-24.958100,13.539400,495,1013,30,1,1,1.615404,0.102178,-24.923966,13.568423,0.970696,7
1784573335.324470,-24.562200,14.935800,-108.211141,-25.030100,13.222700,496,1013,30,1,1,1.615063,0.102189,-24.969868,13.369697,0.971543,7
1784573335.350355,-24.624200,14.744300,-107.511684,-25.072200,13.022500,497,1013,30,1,1,1.615034,0.102191,-25.012709,13.173364,0.971597,7
1784573335.494008,-24.689400,14.533300,-106.719471,-25.111200,12.824900,499,1013,30,1,1,1.614875,0.102213,-25.056085,12.957289,0.972040,7
1784573335.522760,-24.753500,14.315200,-105.880563,-25.151100,12.607700,499,1013,30,1,1,1.614887,0.102253,-25.097036,12.733967,0.971963,7
1784573335.623222,-24.832900,14.027100,-104.823166,-25.189100,12.383600,501,1013,28,1,1,1.613685,0.095037,-25.153866,12.442805,0.978004,7
1784573335.647375,-24.890600,13.803900,-104.035747,-25.234400,12.088300,502,1014,28,1,1,1.613589,0.095035,-25.189741,12.215436,0.978065,7
1784573335.758071,-24.940700,13.598800,-103.331704,-25.265800,11.859900,503,1015,28,1,1,1.613447,0.095030,-25.220273,12.006921,0.978118,7
1784573335.783683,-24.991200,13.380500,-102.576351,-25.316200,11.427600,504,1015,28,1,1,1.613396,0.095023,-25.249758,11.785124,0.978079,7
1784573335.891750,-25.035400,13.177400,-101.865147,-25.316200,11.427600,504,1015,28,1,1,1.613347,0.095017,-25.274131,11.578987,0.978043,7
1784573335.918875,-25.079600,12.961000,-101.105236,-25.336000,11.220700,505,1018,29,1,1,1.613531,0.098598,-25.293633,11.358691,0.975536,7
1784573336.013426,-25.116200,12.769600,-100.439741,-25.354100,11.000600,507,1023,29,1,1,1.613352,0.098574,-25.311600,11.165094,0.975421,7
1784573336.038864,-25.152200,12.568300,-99.727070,-25.367200,10.806200,507,1024,36,2,1,1.613250,0.098555,-25.327629,10.961591,0.975298,7
1784573336.145331,-25.186800,12.360000,-99.017311,-25.378200,10.601900,508,1029,30,1,1,1.613998,0.102191,-25.338839,10.749933,0.971810,7
1784573336.170936,-25.219800,12.144900,-98.296040,-25.386500,10.391000,509,1033,30,1,1,1.613828,0.102134,-25.351590,10.533223,0.972029,7
1784573336.270884,-25.248300,11.942300,-97.616108,-25.391800,10.173500,510,1040,39,1,1,1.612359,0.105566,-25.357360,10.330173,0.975336,7
1784573336.299082,-25.274800,11.736200,-96.938966,-25.394000,9.968900,511,1054,30,1,1,1.613045,0.109159,-25.361316,10.121783,0.972103,7
1784573336.399618,-25.298200,11.536200,-96.266933,-25.393400,9.761100,512,1073,30,1,1,1.613544,0.109107,-25.365881,9.920388,0.970395,7
1784573336.424980,-25.320400,11.323000,-95.514831,-25.390200,9.559800,513,1081,30,1,1,1.612528,0.116246,-25.359662,9.706764,0.971653,7
1784573336.530328,-25.338400,11.125700,-94.784413,-25.383900,9.345500,514,1081,30,1,1,1.612501,0.116166,-25.357132,9.509129,0.971687,7
1784573336.557464,-25.355500,10.905600,-93.958048,-25.375400,9.147600,515,1081,30,1,1,1.612554,0.116154,-25.350932,9.288874,0.971456,7
1784573336.658148,-25.368300,10.704600,-93.204325,-25.363100,8.927100,516,1081,30,1,1,1.612832,0.116148,-25.342486,9.087798,0.970782,7
1784573336.685852,-25.378800,10.493800,-92.390318,-25.349100,8.726300,517,1081,30,1,1,1.612968,0.116149,-25.330024,8.877391,0.970469,7
1784573336.781647,-25.386300,10.286100,-91.598720,-25.331800,8.515900,518,1081,29,1,1,1.611175,0.119654,-25.311643,8.672214,0.975669,7
1784573336.806540,-25.390900,10.081600,-90.796113,-25.312100,8.309000,518,1081,30,1,1,1.612833,0.116158,-25.297162,8.467309,0.970967,7
1784573336.914192,-25.392600,9.877000,-90.031611,-25.290100,8.105600,519,1081,44,1,1,1.612638,0.116176,-25.277313,8.264298,0.971633,7
1784573336.942134,-25.391500,9.665900,-89.240046,-25.265500,7.902500,519,1081,30,1,1,1.612681,0.116194,-25.253927,8.054902,0.971806,7
1784573337.045860,-25.387300,9.451600,-88.421650,-25.237500,7.693200,520,1081,30,1,1,1.612675,0.116213,-25.226711,7.842738,0.972070,7
1784573337.074606,-25.380300,9.240600,-87.608951,-25.206500,7.481100,521,1081,30,1,1,1.612735,0.116248,-25.196871,7.634119,0.972202,7
1784573337.209065,-25.369700,9.020000,-86.802393,-25.173400,7.272600,522,1081,30,1,1,1.612858,0.116293,-25.163623,7.416140,0.971586,7
1784573337.238748,-25.356500,8.806100,-86.016428,-25.135900,7.055000,524,1081,29,1,1,1.612057,0.112648,-25.132134,7.205764,0.975621,7
1784573337.331812,-25.333500,8.511500,-84.908467,-25.097000,6.844200,525,1081,32,1,1,1.613747,0.109158,-25.081558,6.913808,0.970969,7
1784573337.357850,-25.313200,8.298100,-84.119346,-25.039100,6.554400,526,1081,30,1,1,1.613497,0.109243,-25.039219,6.704287,0.972057,7
1784573337.461308,-25.291200,8.094700,-83.379804,-24.994000,6.344900,526,1081,29,1,1,1.612702,0.105613,-25.000368,6.504927,0.975484,7
1784573337.530243,-25.265300,7.881900,-82.630620,-24.948800,6.145300,527,1081,29,1,1,1.612733,0.105634,-24.953680,6.296038,0.975682,7
1784573337.556087,-25.235300,7.659900,-81.854303,-24.899000,5.936800,529,1081,30,1,1,1.614102,0.102165,-24.905462,6.076559,0.971969,7
1784573337.663097,-25.205300,7.457500,-81.157670,-24.844400,5.719500,529,1081,30,1,1,1.614077,0.102192,-24.856213,5.878315,0.972351,7
1784573337.686696,-25.169600,7.236300,-80.405887,-24.792500,5.521600,530,1081,30,1,1,1.614200,0.102236,-24.799759,5.661717,0.971860,7
1784573337.800307,-25.132800,7.025100,-79.703162,-24.733300,5.305500,531,1081,30,1,1,1.596423,0.093965,-24.754991,5.471183,0.971453,7
1784573337.827380,-25.091600,6.804800,-79.003426,-24.678100,5.118700,531,1081,31,1,1,1.554354,0.094781,-24.702066,5.297066,0.968295,7
1784573337.931419,-25.051000,6.601000,-78.351389,-24.619900,4.967900,532,1081,32,1,1,1.496426,0.100942,-24.649995,5.155775,0.964771,7
1784573337.955864,-25.003900,6.378600,-77.643847,-24.558400,4.848700,534,1081,33,1,1,1.367744,0.131101,-24.583155,5.070592,0.962793,7
1784573338.063343,-24.959900,6.182100,-77.012120,-24.481200,4.726300,534,1081,34,1,1,1.300660,0.156151,-24.515427,4.949808,0.960251,7
1784573338.091219,-24.909200,5.967200,-76.311004,-24.403900,4.624000,535,1081,36,1,1,1.232235,0.186142,-24.436735,4.814017,0.954762,7
1784573338.197248,-24.857500,5.759100,-75.686377,-24.310200,4.519200,536,1081,38,1,1,1.161309,0.222263,-24.355027,4.688792,0.949539,7
1784573338.224306,-24.802700,5.548500,-75.063349,-24.211000,4.425500,537,1081,42,0,0,nan,nan,nan,nan,0.873576,7
1784573338.328391,-24.746600,5.341700,-74.471474,-24.102600,4.338800,538,1081,45,0,0,nan,nan,nan,nan,0.803690,7
1784573338.354218,-24.685700,5.126000,-73.868597,-23.989400,4.262300,539,1081,48,0,0,nan,nan,nan,nan,0.739395,7
1784573338.455179,-24.630700,4.944700,-71.167503,-23.864800,4.192000,539,1081,221,0,0,nan,nan,nan,nan,0.680243,7
1784573338.481006,-24.576900,4.805000,-65.543618,-23.744500,4.135900,541,1081,105,2,0,nan,nan,nan,nan,0.625824,7
1784573338.579440,-24.518600,4.690500,-60.966041,-23.622300,4.089400,542,1081,146,1,0,nan,nan,nan,nan,0.575758,7
1784573338.605833,-24.449100,4.577700,-56.272304,-23.500900,4.052400,543,1081,156,1,0,nan,nan,nan,nan,0.550000,7
1784573338.703632,-24.377100,4.479100,-51.960400,-23.371200,4.021700,544,1070,175,0,0,nan,nan,nan,nan,0.550000,7
1784573338.727595,-24.292400,4.380200,-47.403699,-23.250000,4.000500,547,953,403,1,0,nan,nan,nan,nan,0.550000,7
1784573338.830892,-24.201600,4.289700,-42.946198,-23.119500,3.985300,547,947,183,1,0,nan,nan,nan,nan,0.550000,7
1784573338.856395,-24.100800,4.203800,-38.363009,-22.990200,3.977500,547,930,189,1,0,nan,nan,nan,nan,0.550000,7
1784573338.957619,-23.991700,4.125100,-33.819083,-22.856600,3.976900,547,931,194,1,0,nan,nan,nan,nan,0.550000,7
1784573338.980532,-23.878500,4.056100,-29.377395,-22.720800,3.983500,549,910,171,0,0,nan,nan,nan,nan,0.550000,7
1784573339.091120,-23.760300,3.995900,-25.094385,-22.587600,3.996700,549,929,181,0,0,nan,nan,nan,nan,0.000000,0
1784573339.118904,-23.632000,3.942400,-20.639269,-22.455000,4.016300,550,942,162,0,0,nan,nan,nan,nan,0.000000,0
1784573339.220749,-23.503800,3.900000,-16.528428,-22.317200,4.043100,550,944,328,0,0,nan,nan,nan,nan,0.000000,0
1784573339.246185,-23.368900,3.865800,-12.358392,-22.184700,4.074900,551,1011,197,0,0,nan,nan,nan,nan,0.000000,0
1784573339.349508,-23.233600,3.841400,-8.515157,-22.049500,4.113000,552,1011,172,0,0,nan,nan,nan,nan,0.000000,0
1784573339.415898,-23.107400,3.826900,-5.001889,-21.917600,4.155600,554,998,151,0,0,nan,nan,nan,nan,0.000000,0
1784573339.439220,-22.963700,3.819500,-1.367600,-21.797100,4.198900,554,1011,154,0,0,nan,nan,nan,nan,0.000000,0
1784573339.545374,-22.830000,3.820400,1.795446,-21.646500,4.258000,555,1011,144,0,0,nan,nan,nan,nan,0.000000,0
1784573339.611847,-22.694500,3.828900,4.982837,-21.479200,4.331200,556,1009,137,0,0,nan,nan,nan,nan,0.000000,0
1784573339.679417,-22.553200,3.845400,7.978473,-21.294400,4.421600,557,1010,139,1,1,1.175832,0.436596,-21.449349,4.440976,0.685144,1
1784573339.704559,-22.421000,3.867400,10.611871,-21.100800,4.525700,558,1010,136,2,1,1.239066,0.441789,-21.284483,4.529814,0.824472,2
1784573339.811382,-22.285900,3.896400,13.284302,-20.921400,4.630100,559,1011,116,1,1,1.304333,0.442771,-21.118210,4.627037,0.959048,3
1784573339.878718,-22.150000,3.931900,15.687307,-20.739800,4.743600,559,1010,105,1,1,1.369267,0.438251,-20.950233,4.724059,0.965359,4
1784573339.946737,-22.013500,3.973400,17.933924,-20.558700,4.864100,559,1001,361,5,1,1.497596,0.436435,-20.723056,4.849769,0.969598,5
1784573340.011645,-21.878700,4.020200,20.141201,-20.377700,4.990500,559,997,396,1,1,1.560486,0.432714,-20.562641,4.963782,0.975745,6
1784573340.034178,-21.735000,4.075500,22.507333,-20.199200,5.120600,559,993,427,1,1,1.623613,0.423629,-20.397222,5.088383,0.978236,7
1784573340.143388,-21.574300,4.144900,25.012272,-20.028300,5.250000,559,984,422,4,1,1.703720,0.373798,-20.188406,5.203996,0.977428,7
1784573340.169761,-21.384600,4.237900,27.554949,-19.869300,5.373500,559,979,415,4,1,1.717196,0.341558,-20.020194,5.335087,0.980838,7
1784573340.272249,-21.197300,4.339700,29.838792,-19.698900,5.508800,0,970,109,4,1,2.210341,-0.565857,-18.998438,4.948640,0.866834,7
1784573340.297232,-21.013500,4.449200,32.061915,-19.532200,5.643600,0,976,74,3,1,2.406526,-0.538241,-18.688312,5.270523,0.866098,7
1784573340.401150,-20.844400,4.558100,33.758455,-19.366000,5.779100,0,987,50,1,1,2.762447,-0.527876,-18.254399,5.654303,0.860298,7
1784573340.427933,-20.672900,4.675500,35.221848,-19.210300,5.906700,2,990,56,1,1,2.559685,-0.594294,-18.239074,5.666289,0.864440,7
1784573340.528749,-20.506900,4.795000,36.450209,-19.049900,6.039000,2,994,65,1,1,2.366263,-0.648398,-18.218312,5.679299,0.867191,7
1784573340.595310,-20.343400,4.917900,37.610557,-18.892600,6.169900,2,997,74,1,1,2.160008,-0.694641,-18.208358,5.685855,0.851222,7
1784573340.618422,-20.161800,5.060000,38.592238,-18.736100,6.301600,2,1003,36,6,1,1.999406,-0.737040,-18.139308,5.731103,0.817752,7
1784573340.725874,-20.010100,5.182300,39.261789,-18.560800,6.451500,9,1017,25,3,0,nan,nan,nan,nan,0.752331,7
1784573340.753963,-19.834900,5.327200,39.991259,-18.414100,6.579700,9,1017,17,2,0,nan,nan,nan,nan,0.692145,7
1784573340.855474,-19.676000,5.461200,40.356808,-18.244700,6.731400,9,1017,17,1,0,nan,nan,nan,nan,0.636773,7
1784573340.920494,-19.515400,5.598300,40.649180,-18.091900,6.872200,9,1017,17,1,0,nan,nan,nan,nan,0.585832,7
1784573340.944087,-19.350500,5.740300,40.796842,-17.938900,7.017700,9,1017,17,1,0,nan,nan,nan,nan,0.550000,7
1784573341.046683,-19.203000,5.867700,40.880927,-17.783800,7.170200,9,1017,16,1,0,nan,nan,nan,nan,0.550000,7
1784573341.112692,-19.043500,6.006000,40.978554,-17.647400,7.309300,9,1017,13,0,0,nan,nan,nan,nan,0.550000,7
1784573341.137109,-18.881900,6.146800,41.200845,-17.502400,7.462700,9,1017,11,0,0,nan,nan,nan,nan,0.550000,7
1784573341.247712,-18.725800,6.284100,41.505218,-17.358100,7.621100,10,1019,20,1,0,nan,nan,nan,nan,0.550000,7
1784573341.273106,-18.560800,6.430900,41.860686,-17.221000,7.777300,11,1021,22,1,0,nan,nan,nan,nan,0.550000,7
1784573341.388649,-18.404100,6.572300,42.400733,-17.078400,7.945900,11,1021,20,1,0,nan,nan,nan,nan,0.550000,7
1784573341.416612,-18.225100,6.737600,43.116600,-16.945000,8.109600,12,1024,28,1,0,nan,nan,nan,nan,0.550000,7
1784573341.516804,-18.069400,6.884900,43.915284,-16.794700,8.301200,16,1045,28,1,0,nan,nan,nan,nan,0.000000,0
1784573341.541417,-17.916000,7.034600,44.821011,-16.665400,8.472100,17,1047,28,1,1,1.751492,0.156929,-16.784263,8.380529,0.709085,1
1784573341.647546,-17.776400,7.175100,45.687579,-16.538700,8.645000,17,1054,27,1,1,1.749648,0.160690,-16.669128,8.539299,0.846913,2
1784573341.675152,-17.627800,7.329500,46.660009,-16.423800,8.806400,17,1071,28,1,1,1.751697,0.156941,-16.539707,8.711212,0.975396,3
1784573341.781233,-17.479700,7.488900,47.698577,-16.301600,8.982500,18,1081,27,1,1,1.750457,0.153045,-16.414782,8.886567,0.980228,4
1784573341.809281,-17.332300,7.653300,48.765878,-16.179700,9.162700,18,1081,28,1,1,1.752197,0.149370,-16.289691,9.069447,0.976838,5
1784573341.910430,-17.194300,7.813100,49.723457,-16.057800,9.346900,18,1081,27,1,1,1.751260,0.145469,-16.173133,9.243236,0.980272,6
1784573341.978192,-17.056900,7.977500,50.672936,-15.942800,9.523900,19,1081,28,1,1,1.753699,0.134129,-16.049254,9.419062,0.976734,7
1784573342.055464,-16.918200,8.149400,51.625363,-15.827300,9.704500,19,1081,28,1,1,1.754272,0.126446,-15.928277,9.603191,0.976793,7
1784573342.081264,-16.768500,8.341500,52.671846,-15.709500,9.891300,19,1081,28,1,1,1.754896,0.118796,-15.798831,9.808986,0.976765,7
1784573342.188308,-16.639600,8.512700,53.505867,-15.580800,10.098200,20,1081,28,1,1,1.756022,0.103514,-15.678440,9.985961,0.977013,7
1784573342.213581,-16.507300,8.693600,54.249703,-15.468700,10.280900,20,1081,28,1,1,1.756838,0.095820,-15.558625,10.175382,0.975918,7
1784573342.322616,-16.386600,8.862800,54.856206,-15.352300,10.472400,21,1081,31,1,1,1.755472,0.091964,-15.451297,10.351204,0.980656,7
1784573342.349962,-16.260300,9.044000,55.503027,-15.245300,10.650600,21,1081,28,1,1,1.757722,0.080511,-15.331146,10.538236,0.976214,7
1784573342.449432,-16.143300,9.215800,56.059764,-15.132400,10.840400,22,1081,56,1,1,1.756392,0.076664,-15.226259,10.715743,0.980742,7
1784573342.474392,-16.027900,9.388700,56.592367,-15.026900,11.019600,22,1081,112,1,1,1.756891,0.068966,-15.118141,10.893280,0.980075,7
1784573342.573912,-15.914100,9.562600,57.062783,-14.922200,11.199100,23,1081,75,1,1,1.758325,0.065195,-15.012780,11.073752,0.976727,7
1784573342.597550,-15.803400,9.734700,57.490535,-14.818400,11.379200,24,1081,124,1,1,1.758598,0.057532,-14.906778,11.248650,0.976898,7
1784573342.710113,-15.695600,9.904800,57.858019,-14.716900,11.556900,24,1081,142,2,1,1.757463,0.053649,-14.806022,11.421443,0.980355,7
1784573342.737833,-15.573500,10.100400,58.238171,-14.617800,11.732200,25,1081,133,1,1,1.757435,0.053680,-14.694046,11.622904,0.980629,7
1784573342.836416,-15.461100,10.283000,58.554395,-14.505800,11.933700,26,1081,142,1,1,1.759225,0.049817,-14.585833,11.809847,0.975910,7
1784573342.860149,-15.353000,10.460500,58.856384,-14.403100,12.121900,27,1081,51,2,1,1.757523,0.053696,-14.489993,11.992488,0.980283,7
1784573342.962403,-15.249200,10.633100,59.117659,-14.305000,12.305200,27,1081,138,1,1,1.757460,0.053670,-14.393198,12.168940,0.980515,7
1784573342.990021,-15.146200,10.806100,59.382237,-14.211800,12.483600,28,1081,27,1,1,1.757476,0.053619,-14.297247,12.345865,0.980217,7
1784573343.090998,-15.042300,10.982400,59.647453,-14.121000,12.663300,28,1081,104,5,1,1.757968,0.057445,-14.203536,12.528436,0.976159,7
1784573343.118535,-14.937600,11.161900,59.910195,-14.040200,12.832300,29,1081,28,1,1,1.694115,0.070026,-14.148834,12.662825,0.976839,7
1784573343.213173,-14.840200,11.330700,60.161556,-13.984700,12.974700,30,1081,29,1,1,1.635488,0.085394,-14.100527,12.791863,0.973802,7
1784573343.237418,-14.738700,11.508400,60.428349,-13.950800,13.096800,30,1081,29,1,1,1.572111,0.102583,-14.052066,12.926352,0.973335,7
1784573343.343293,-14.641200,11.680900,60.704778,-13.925500,13.225000,31,1081,31,1,1,1.507315,0.131361,-14.018218,13.059721,0.967787,7
1784573343.367694,-14.530500,11.879500,61.051110,-13.910500,13.350500,32,1081,33,1,1,1.370797,0.198081,-14.040325,13.174896,0.962257,7
1784573343.476053,-14.435100,12.053100,61.464943,-13.904500,13.495400,33,1081,34,1,1,1.299401,0.237142,-14.022717,13.307938,0.959586,7
1784573343.505414,-14.327200,12.253200,61.998652,-13.909400,13.621600,33,1081,36,1,1,1.226441,0.279475,-13.998154,13.467281,0.929776,7
1784573343.602159,-14.233400,12.431400,62.614113,-13.926600,13.765400,34,1081,38,1,1,1.151217,0.326422,-13.993701,13.603746,0.897505,7
1784573343.626123,-14.139100,12.616600,63.623050,-13.952100,13.891100,35,1081,24,1,1,1.020127,0.393697,-14.038593,13.705432,0.895380,7
1784573343.728938,-14.056600,12.789900,66.931741,-13.988700,14.018300,35,1081,0,0,0,nan,nan,nan,nan,0.823749,7
1784573343.754212,-14.003500,12.929200,72.563462,-14.036200,14.144000,36,1081,20,0,0,nan,nan,nan,nan,0.757850,7
1784573343.900009,-13.969300,13.057500,77.080760,-14.091900,14.261800,36,1081,45,0,0,nan,nan,nan,nan,0.697222,7
1784573343.969558,-13.936200,13.262100,84.036428,-14.156900,14.374600,36,1081,45,0,0,nan,nan,nan,nan,0.641444,7
1784573343.993940,-13.927900,13.404700,88.833516,-14.277900,14.542100,37,1081,56,0,0,nan,nan,nan,nan,0.590128,7
1784573344.101796,-13.930900,13.537200,93.267177,-14.373400,14.648000,38,1070,56,0,0,nan,nan,nan,nan,0.550000,7
1784573344.129902,-13.944000,13.667000,97.733233,-14.470000,14.738400,39,1058,49,0,0,nan,nan,nan,nan,0.550000,7
1784573344.236349,-13.970300,13.809300,102.755983,-14.572000,14.819300,43,1079,109,0,0,nan,nan,nan,nan,0.550000,7
1784573344.261019,-14.007800,13.944900,107.643980,-14.692600,14.899300,43,1081,176,0,0,nan,nan,nan,nan,0.550000,7
1784573344.366504,-14.054300,14.070900,112.359855,-14.816100,14.966500,44,1081,98,0,0,nan,nan,nan,nan,0.550000,7
1784573344.393497,-14.112000,14.194600,117.145229,-14.939200,15.020600,45,1081,141,0,0,nan,nan,nan,nan,0.550000,7
1784573344.532081,-14.175400,14.306000,121.682794,-15.068200,15.065100,45,1081,252,0,0,nan,nan,nan,nan,0.000000,0
1784573344.556283,-14.295700,14.474000,128.997500,-15.192500,15.097000,46,1081,263,0,0,nan,nan,nan,nan,0.000000,0
1784573344.660831,-14.384900,14.574400,133.761074,-15.397100,15.128400,46,1081,273,0,0,nan,nan,nan,nan,0.000000,0
1784573344.729226,-14.476000,14.661500,138.232639,-15.531500,15.135300,47,1081,295,0,0,nan,nan,nan,nan,0.000000,0
1784573344.754598,-14.586900,14.751300,143.274187,-15.657800,15.132200,48,1081,257,4,1,0.680841,7.195404,-19.435351,9.391272,0.523807,1
1784573344.892581,-14.699900,14.827700,148.067130,-15.800100,15.117600,48,1081,301,0,0,nan,nan,nan,nan,0.550000,1
1784573344.921229,-14.811600,14.890700,152.575547,-15.934800,15.092900,49,1081,314,0,0,nan,nan,nan,nan,0.550000,1
1784573345.043788,-14.993300,14.970400,159.497956,-16.059300,15.060400,50,1081,292,1,0,nan,nan,nan,nan,0.550000,1
1784573345.073384,-15.117300,15.010700,164.027435,-16.247000,14.993200,51,1081,118,0,0,nan,nan,nan,nan,0.550000,1
1784573345.169116,-15.295000,15.050300,170.279134,-16.365900,14.938600,52,1081,89,0,0,nan,nan,nan,nan,0.550000,1
1784573345.194358,-15.434700,15.067600,175.091679,-16.525600,14.848900,52,1081,155,0,0,nan,nan,nan,nan,0.550000,1
1784573345.298914,-15.560900,15.073200,179.310351,-16.643300,14.770100,53,1081,68,0,0,nan,nan,nan,nan,0.550000,1
1784573345.323783,-15.697600,15.068900,-176.174085,-16.744500,14.692900,54,1081,59,1,0,nan,nan,nan,nan,0.550000,1
1784573345.455600,-15.823400,15.055400,-172.087367,-16.849900,14.603600,54,1081,51,0,0,nan,nan,nan,nan,0.550000,1
1784573345.483907,-15.954000,15.031700,-167.842890,-16.943400,14.516500,54,1081,105,1,0,nan,nan,nan,nan,0.550000,1
1784573345.583561,-16.138200,14.981100,-161.912011,-17.037600,14.421100,55,1081,51,0,0,nan,nan,nan,nan,0.000000,0
1784573345.609930,-16.268900,14.932600,-157.907704,-17.180400,14.262300,56,1081,49,0,0,nan,nan,nan,nan,0.000000,0
1784573345.717995,-16.390500,14.878100,-154.263306,-17.304000,14.111200,57,1081,52,1,1,6.887149,1.369939,-21.999561,10.653412,0.510355,1
1784573345.745090,-16.519400,14.809800,-150.305426,-17.428500,13.949500,58,1081,44,0,0,nan,nan,nan,nan,0.550000,1
1784573345.851789,-16.640000,14.735200,-146.682510,-17.563600,13.767500,58,1081,45,1,0,nan,nan,nan,nan,0.550000,1
1784573345.877720,-16.750800,14.657000,-143.257104,-17.692800,13.588500,59,1081,47,2,0,nan,nan,nan,nan,0.550000,1
1784573345.985914,-16.862100,14.568500,-140.150325,-17.815900,13.417000,59,1081,36,1,0,nan,nan,nan,nan,0.550000,1
1784573346.092254,-16.969300,14.474500,-137.736904,-17.945300,13.238100,60,1081,35,1,0,nan,nan,nan,nan,0.550000,1
1784573346.120904,-17.077500,14.372000,-135.592613,-18.078800,13.062600,60,1081,97,7,0,nan,nan,nan,nan,0.550000,1
1784573346.220050,-17.217700,14.227200,-132.767341,-18.225800,12.885600,61,1081,48,1,0,nan,nan,nan,nan,0.550000,1
1784573346.245786,-17.311200,14.122100,-130.799254,-18.438500,12.658900,61,1081,65,3,0,nan,nan,nan,nan,0.550000,1
1784573346.353020,-17.401900,14.014400,-129.255184,-18.596300,12.509800,62,1081,50,1,0,nan,nan,nan,nan,0.550000,1
1784573346.380419,-17.520900,13.865500,-127.418260,-18.738400,12.388100,62,1081,76,1,0,nan,nan,nan,nan,0.550000,1
1784573346.478836,-17.646200,13.699500,-126.713112,-18.874000,12.290200,63,1081,148,3,0,nan,nan,nan,nan,0.550000,1
1784573346.506395,-17.766100,13.539000,-127.014293,-18.994500,12.220300,63,1081,92,3,0,nan,nan,nan,nan,0.550000,1
1784573346.611490,-17.895800,13.368500,-127.643607,-19.110400,12.164600,64,1081,37,1,0,nan,nan,nan,nan,0.000000,0
1784573346.636102,-18.029900,13.197300,-128.742279,-19.237700,12.115300,64,1081,34,1,1,1.427171,-0.276641,-19.138821,12.257278,0.699911,1
1784573346.767826,-18.159500,13.039200,-130.274651,-19.370700,12.076000,68,1081,47,1,1,1.281081,-0.333350,-19.241988,12.277288,0.825067,2
1784573346.798020,-18.295700,12.882400,-131.943343,-19.498300,12.049200,68,1081,36,1,1,1.209964,-0.366470,-19.377017,12.227368,0.942423,3
1784573346.935707,-18.493100,12.672000,-135.076908,-19.629600,12.032000,71,1081,39,1,1,1.055809,-0.420178,-19.537383,12.223943,0.941069,4
1784573346.966566,-18.637700,12.533900,-138.957377,-19.813700,12.025300,72,1081,41,0,0,nan,nan,nan,nan,0.865784,4
1784573347.060716,-18.811900,12.395100,-144.744276,-19.954300,12.033500,74,1081,43,0,0,nan,nan,nan,nan,0.796521,4
1784573347.087227,-18.930900,12.317900,-148.881747,-20.154700,12.065500,75,1081,43,0,0,nan,nan,nan,nan,0.732799,4
1784573347.187794,-19.039800,12.257700,-152.914119,-20.291000,12.101400,75,1081,47,0,0,nan,nan,nan,nan,0.674175,4
1784573347.211294,-19.167800,12.199400,-157.688309,-20.408500,12.142000,76,1081,60,1,0,nan,nan,nan,nan,0.620241,4
1784573347.345647,-19.286500,12.156400,-161.980344,-20.537900,12.198000,77,1081,93,2,0,nan,nan,nan,nan,0.570622,4
1784573347.374710,-19.410100,12.121900,-166.356658,-20.649900,12.256800,77,1081,119,0,0,nan,nan,nan,nan,0.550000,4
1784573347.470720,-19.601600,12.087800,-172.951427,-20.759300,12.324400,78,1081,205,1,0,nan,nan,nan,nan,0.550000,4
1784573347.494690,-19.737800,12.077100,-177.573525,-20.915500,12.441300,78,1081,218,0,0,nan,nan,nan,nan,0.550000,4
1784573347.604203,-19.866100,12.077100,178.105084,-21.017400,12.532900,80,1081,202,5,0,nan,nan,nan,nan,0.550000,4
1784573347.630833,-20.002400,12.087600,173.507078,-21.107000,12.625600,80,1081,258,0,0,nan,nan,nan,nan,0.550000,4
1784573347.727598,-20.135300,12.108600,169.035199,-21.195200,12.730600,80,1081,283,0,0,nan,nan,nan,nan,0.550000,4
1784573347.752593,-20.262300,12.138800,164.709703,-21.274800,12.839900,81,1081,266,1,0,nan,nan,nan,nan,0.000000,0
1784573347.854116,-20.384800,12.177700,160.509294,-21.344700,12.950800,81,1081,222,2,1,3.438739,-2.931697,-22.648312,16.088747,0.490405,1
1784573347.878426,-20.506000,12.226300,156.265052,-21.406400,13.064200,82,1081,227,1,0,nan,nan,nan,nan,0.550000,1
1784573347.984549,-20.619700,12.281800,152.198449,-21.461800,13.183100,82,1081,231,1,0,nan,nan,nan,nan,0.550000,1
1784573348.011150,-20.741500,12.353000,147.689517,-21.508300,13.301400,83,1081,239,1,0,nan,nan,nan,nan,0.550000,1
1784573348.109725,-20.849100,12.427200,143.629672,-21.551900,13.436300,83,1081,45,0,0,nan,nan,nan,nan,0.550000,1
1784573348.134756,-20.952900,12.510200,139.543806,-21.584600,13.563700,84,1081,198,0,0,nan,nan,nan,nan,0.550000,1
1784573348.242612,-21.052100,12.601800,135.428061,-21.610700,13.694700,84,1081,71,1,1,4.017000,-2.675882,-22.035744,17.327165,0.654471,2
1784573348.268902,-21.144400,12.700400,131.319874,-21.629600,13.829200,85,1081,214,2,0,nan,nan,nan,nan,0.602114,2
1784573348.369827,-21.232100,12.808600,127.211702,-21.641100,13.964500,85,1081,46,0,0,nan,nan,nan,nan,0.553945,2
1784573348.393894,-21.307400,12.915800,123.387548,-21.645300,14.104500,87,1081,171,1,0,nan,nan,nan,nan,0.550000,2
1784573348.503212,-21.378600,13.033200,119.478391,-21.642400,14.236200,88,1081,177,1,0,nan,nan,nan,nan,0.550000,2
1784573348.529843,-21.440900,13.153400,115.734692,-21.632500,14.374000,88,1081,192,1,0,nan,nan,nan,nan,0.550000,2
1784573348.664661,-21.498300,13.285200,111.832830,-21.616300,14.509100,89,1081,162,1,0,nan,nan,nan,nan,0.550000,2
1784573348.695093,-21.541600,13.404700,108.410014,-21.592400,14.651700,89,1081,164,1,0,nan,nan,nan,nan,0.550000,2
1784573348.796278,-21.595900,13.599500,103.164097,-21.565600,14.776600,89,1081,70,0,0,nan,nan,nan,nan,0.550000,2
1784573348.820701,-21.623100,13.736600,99.656932,-21.512800,14.972900,90,1081,147,3,0,nan,nan,nan,nan,0.550000,2
1784573348.931538,-21.642000,13.875200,96.284783,-21.469300,15.106500,92,1081,89,2,0,nan,nan,nan,nan,0.550000,2
1784573348.957695,-21.652900,14.016800,92.855009,-21.420500,15.238300,93,1081,156,0,0,nan,nan,nan,nan,0.550000,2
1784573349.093706,-21.655600,14.150500,89.837104,-21.365800,15.370100,95,1081,162,0,0,nan,nan,nan,nan,0.000000,0
1784573349.121866,-21.650700,14.294700,86.644455,-21.309700,15.492100,95,1081,69,0,0,nan,nan,nan,nan,0.000000,0
1784573349.221734,-21.632500,14.482100,82.659754,-21.244600,15.621500,96,1081,86,0,0,nan,nan,nan,nan,0.000000,0
1784573349.245486,-21.609600,14.626700,79.657484,-21.145700,15.800400,98,1081,43,0,0,nan,nan,nan,nan,0.000000,0
1784573349.391059,-21.582200,14.758000,77.099339,-21.040500,15.969900,99,1081,41,0,0,nan,nan,nan,nan,0.000000,0
1784573349.420065,-21.546800,14.895900,74.413380,-20.924700,16.136400,99,1081,39,1,1,1.165783,-0.311999,-20.933034,15.934979,0.682273,1
1784573349.522576,-21.483800,15.095900,70.942958,-20.791500,16.311000,101,1081,36,1,1,1.278574,-0.339295,-20.745634,16.193617,0.823238,2
1784573349.547790,-21.435000,15.227700,68.676755,-20.580600,16.557000,103,1081,33,1,1,1.391662,-0.366043,-20.587966,16.390990,0.963703,3
1784573349.685014,-21.381100,15.357600,66.498404,-20.430800,16.714300,104,1081,31,1,1,1.447251,-0.380714,-20.454840,16.532981,0.969400,4
1784573349.715256,-21.326000,15.477700,64.468707,-20.274700,16.865500,104,1081,31,1,1,1.504470,-0.395823,-20.320396,16.664657,0.968948,5
1784573349.837943,-21.225900,15.674300,61.059365,-20.122900,17.002400,106,1081,29,1,1,1.610483,-0.408687,-20.088932,16.885903,0.973054,6
1784573349.864744,-21.133000,15.835600,58.287015,-19.885800,17.199500,106,1081,29,1,1,1.641697,-0.401474,-19.928488,17.021138,0.973519,7
1784573349.969878,-20.980600,16.067500,54.733064,-19.721700,17.326900,108,1081,29,1,1,1.661733,-0.371942,-19.717458,17.209502,0.976486,7
1784573349.997772,-20.845800,16.249500,51.848425,-19.493500,17.493400,108,1081,31,2,1,1.666152,-0.357758,-19.535211,17.338725,0.977199,7
1784573350.097808,-20.718900,16.405200,49.425770,-19.306100,17.621900,109,1080,33,2,1,1.671657,-0.336095,-19.376314,17.456323,0.976958,7
1784573350.125058,-20.576900,16.565400,47.102937,-19.137300,17.731600,110,1076,33,2,1,1.680365,-0.299812,-19.213468,17.592321,0.975874,7
1784573350.223735,-20.433300,16.715300,45.036933,-18.955100,17.844400,112,1068,34,2,1,1.683806,-0.289137,-19.038854,17.702379,0.973206,7
1784573350.248871,-20.286800,16.857800,43.059797,-18.776100,17.950000,112,1066,31,2,1,1.684659,-0.277997,-18.866113,17.804904,0.977446,7
1784573350.352690,-20.133200,16.997600,41.276068,-18.597800,18.050400,113,1056,30,1,1,1.689006,-0.256083,-18.694910,17.919360,0.977072,7
1784573350.376223,-19.965400,17.140900,39.457412,-18.414700,18.148700,114,1053,31,1,1,1.691727,-0.241310,-18.505868,18.029685,0.976436,7
1784573350.482439,-19.811200,17.265100,37.989014,-18.039900,18.335500,115,1050,38,2,1,1.692936,-0.233973,-18.332936,18.122719,0.976797,7
1784573350.510079,-19.646100,17.391200,36.500221,-18.039900,18.335500,116,1052,44,2,1,1.694460,-0.226616,-18.149203,18.216943,0.976096,7
1784573350.606796,-19.477800,17.513100,35.140651,-17.851100,18.422400,117,1056,51,1,1,1.695703,-0.219278,-17.964940,18.309809,0.976543,7
1784573350.673373,-19.306800,17.631100,33.868903,-17.660500,18.505100,117,1058,42,1,1,1.695796,-0.219303,-17.776539,18.394068,0.976808,7
1784573350.739671,-19.122200,17.752300,32.541232,-17.467900,18.583100,118,1063,57,1,1,1.695933,-0.219316,-17.574549,18.479669,0.976778,7
1784573350.765592,-18.946000,17.862500,31.289610,-17.261200,18.660600,119,1065,54,1,1,1.696204,-0.219324,-17.382595,18.556024,0.976345,7
1784573350.863871,-18.770300,17.967200,30.090149,-17.064800,18.728300,120,1070,40,1,1,1.695052,-0.226751,-17.189993,18.620842,0.977223,7
1784573350.888512,-18.598100,18.065100,28.926704,-16.869800,18.789700,121,1073,38,1,1,1.695601,-0.226733,-17.004375,18.686801,0.975791,7
1784573350.994422,-18.412500,18.165500,27.687067,-16.679400,18.843900,122,1077,32,2,1,1.694144,-0.234123,-16.803555,18.745355,0.976889,7
1784573351.021086,-18.230500,18.258900,26.448775,-16.474900,18.895700,123,1079,31,2,1,1.692985,-0.241520,-16.607142,18.796710,0.977188,7
1784573351.116715,-18.049500,18.347000,25.226368,-16.275200,18.939200,124,1081,29,1,1,1.690493,-0.256227,-16.411024,18.835690,0.977129,7
1784573351.141480,-17.860700,18.433800,23.960675,-16.077400,18.975300,125,1081,28,1,1,1.689212,-0.263522,-16.210038,18.878992,0.976604,7
1784573351.248872,-17.673000,18.515000,22.579374,-15.871900,19.005300,125,1081,28,1,1,1.688178,-0.270857,-16.010224,18.913102,0.975774,7
1784573351.273510,-17.471200,18.596300,21.074101,-15.668800,19.027200,126,1081,28,1,1,1.686908,-0.278165,-15.797097,18.943309,0.975050,7
1784573351.376778,-17.273500,18.669900,19.514083,-15.452100,19.041600,128,1081,28,1,1,1.681595,-0.299975,-15.588293,18.948873,0.975970,7
1784573351.405366,-17.076900,18.737100,17.969409,-15.241500,19.046200,128,1081,28,1,1,1.678057,-0.314527,-15.383662,18.955611,0.976664,7
1784573351.503077,-16.881700,18.797900,16.346591,-15.034200,19.041200,129,1081,27,1,1,1.674495,-0.325174,-15.183374,18.957153,0.979337,7
1784573351.526503,-16.681700,18.853800,14.518788,-14.830700,19.026800,130,1081,28,1,1,1.672696,-0.336143,-14.978151,18.947733,0.975457,7
1784573351.627038,-16.489500,18.900900,12.695515,-14.624800,19.002400,131,1081,28,1,1,1.653344,-0.354879,-14.798585,18.918052,0.976470,7
1784573351.719720,-16.292700,18.942400,10.829480,-14.444400,18.973000,132,1081,30,1,1,1.617142,-0.350729,-14.638461,18.901757,0.973014,7
1784573351.748567,-16.081800,18.979400,8.724872,-14.295900,18.941500,133,1081,31,1,1,1.564061,-0.342753,-14.483846,18.877866,0.970135,7
1784573351.843876,-15.805300,19.015600,5.773383,-14.159000,18.905500,134,1081,32,1,1,1.449247,-0.320885,-14.331125,18.842128,0.968905,7
1784573351.867846,-15.595200,19.033300,3.467837,-13.986000,18.852700,135,1081,33,1,1,1.393258,-0.308440,-14.185836,18.809700,0.963175,7
1784573351.977726,-15.384700,19.042400,1.060654,-13.857100,18.807900,136,1081,35,1,1,1.337344,-0.299150,-14.042047,18.768057,0.961465,7
1784573352.005108,-15.164300,19.042300,-1.483662,-13.715500,18.754100,137,1081,36,1,1,1.278958,-0.291825,-13.893326,18.717458,0.954477,7
1784573352.110193,-14.947400,19.032400,-4.177754,-13.538300,18.677900,138,1081,36,1,1,1.270157,-0.301627,-13.702592,18.639042,0.956474,7
1784573352.136981,-14.744200,19.013500,-6.874357,-13.348000,18.584300,139,1081,36,1,1,1.267696,-0.306914,-13.522353,18.557059,0.956647,7
1784573352.241893,-14.519800,18.981300,-9.942505,-13.169500,18.486800,140,1081,37,1,1,1.268694,-0.310070,-13.323696,18.456834,0.952827,7
1784573352.268035,-14.319600,18.942000,-12.706352,-12.975600,18.369200,141,1081,37,1,1,1.269499,-0.310257,-13.149433,18.360109,0.952495,7
1784573352.406728,-14.109000,18.889700,-15.640690,-12.805900,18.255500,142,1081,37,1,1,1.270313,-0.310479,-12.969431,18.248236,0.952707,7
1784573352.436014,-13.904400,18.827700,-18.537319,-12.630800,18.127100,143,1081,36,1,1,1.271150,-0.307736,-12.797038,18.131803,0.956037,7
1784573352.531947,-13.645400,18.732900,-22.827036,-12.463600,17.993400,144,1081,36,1,1,1.285967,-0.299487,-12.576335,17.957977,0.955681,7
1784573352.559230,-13.516200,18.676000,-24.877421,-12.230300,17.787300,146,1081,34,1,1,1.372931,-0.307180,-12.399887,17.819761,0.960712,7
1784573352.660169,-13.385500,18.613000,-27.050776,-12.083600,17.645100,146,1081,40,2,1,1.422768,-0.315159,-12.261706,17.685272,0.964038,7
1784573352.685733,-13.228200,18.529600,-29.793825,-11.942100,17.497600,147,1081,32,1,1,1.456496,-0.305949,-12.116246,17.540387,0.966080,7
1784573352.790501,-13.044800,18.419700,-32.350002,-11.803800,17.342800,148,1081,33,1,1,1.471150,-0.295653,-11.960181,17.382736,0.965902,7
1784573352.815756,-12.869600,18.304400,-34.731684,-11.662900,17.173000,149,1081,37,2,1,1.478034,-0.283624,-11.816499,17.229223,0.965282,7
1784573352.914529,-12.719400,18.196900,-36.827622,-11.533800,17.006300,150,1081,32,1,1,1.479488,-0.277238,-11.701334,17.088168,0.965652,7
1784573352.939796,-12.550500,18.065700,-39.251912,-11.425000,16.856700,151,1081,32,1,1,1.480627,-0.270832,-11.575309,16.919136,0.966591,7
1784573353.044191,-12.384500,17.925400,-41.510766,-11.304400,16.679700,152,1078,31,1,1,1.481628,-0.260980,-11.447978,16.748005,0.969460,7
1784573353.071645,-12.236000,17.789900,-43.574829,-11.187800,16.496100,153,1076,32,1,1,1.484194,-0.251440,-11.334057,16.584682,0.966351,7
1784573353.206755,-12.085400,17.642300,-45.620490,-11.085400,16.323000,154,1074,31,1,1,1.483716,-0.248056,-11.224968,16.408362,0.969879,7
1784573353.235859,-11.942400,17.491800,-47.616910,-10.983700,16.138200,155,1073,32,1,1,1.485135,-0.244974,-11.122245,16.229666,0.959294,7
1784573353.330083,-11.741800,17.262000,-50.410209,-10.889600,15.953100,156,1081,32,1,1,1.485886,-0.238412,-10.978591,15.964999,0.935115,7
1784573353.353197,-11.607700,17.095100,-52.332251,-10.762400,15.675900,157,1081,32,1,1,1.485681,-0.238401,-10.888538,15.773400,0.933550,7
1784573353.457671,-11.486800,16.934300,-54.086733,-10.681200,15.477700,158,1081,32,1,1,1.485449,-0.238376,-10.808558,15.591404,0.923598,7
1784573353.484298,-11.369000,16.767200,-55.857283,-10.611500,15.289100,159,1081,32,1,1,1.485029,-0.238215,-10.732676,15.404428,0.916762,7
1784573353.585990,-11.256500,16.596500,-57.653139,-10.547300,15.095100,160,1081,31,1,1,1.483049,-0.241263,-10.666829,15.214497,0.920757,7
1784573353.614868,-11.151100,16.425100,-59.467334,-10.490200,14.898900,161,1081,32,1,1,1.482801,-0.241185,-10.605536,15.025376,0.911289,7
1784573353.713120,-11.043400,16.236300,-61.458000,-10.441200,14.703900,161,1081,32,1,1,1.482489,-0.244472,-10.549823,14.817173,0.909866,7
1784573353.736803,-10.943900,16.046700,-63.425395,-10.396800,14.491300,163,1081,33,2,1,1.479855,-0.247316,-10.503055,14.612548,0.910470,7
1784573353.840629,-10.859100,15.871500,-65.252737,-10.362000,14.280200,163,1081,30,1,1,1.480337,-0.243990,-10.460989,14.424974,0.908732,7
1784573353.868147,-10.776200,15.684600,-67.197137,-10.338000,14.087100,164,1081,31,1,1,1.477282,-0.253507,-10.437356,14.224527,0.907852,7
1784573353.967376,-10.698500,15.492100,-69.217462,-10.320500,13.883500,165,1081,36,2,1,1.477118,-0.256748,-10.414428,14.019993,0.911169,7
1784573353.994616,-10.626700,15.293900,-71.305025,-10.310800,13.676200,166,1081,34,2,1,1.474112,-0.262900,-10.403232,13.813297,0.918055,7
1784573354.096869,-10.566000,15.105500,-73.235241,-10.309500,13.465500,167,1081,33,2,1,1.471953,-0.265831,-10.395958,13.619432,0.931201,7
1784573354.125803,-10.509900,14.909000,-75.277205,-10.315900,13.267800,168,1081,38,2,1,1.471925,-0.269086,-10.396072,13.417016,0.934547,7
1784573354.221335,-10.458800,14.701100,-77.449655,-10.330200,13.064000,169,1081,38,2,1,1.469692,-0.275397,-10.408256,13.206682,0.938296,7
1784573354.244709,-10.416800,14.497900,-79.565667,-10.353500,12.851200,170,1081,33,1,1,1.467441,-0.281627,-10.428004,13.003721,0.950971,7
1784573354.349435,-10.383000,14.296400,-81.760358,-10.384000,12.645900,171,1069,34,1,1,1.467050,-0.281525,-10.451371,12.804147,0.962677,7
1784573354.373937,-10.356300,14.087300,-84.038062,-10.421500,12.445100,172,1059,33,1,1,1.466675,-0.281468,-10.483905,12.599323,0.966369,7
1784573354.479726,-10.338300,13.883800,-86.232404,-10.467700,12.239300,172,1057,32,1,1,1.466356,-0.281429,-10.522767,12.402121,0.966562,7
1784573354.509859,-10.328000,13.676500,-88.434344,-10.519300,12.041500,173,1038,32,1,1,1.466087,-0.281424,-10.569262,12.203272,0.966761,7
1784573354.607411,-10.325800,13.459300,-90.808919,-10.578200,11.842400,174,1027,32,1,1,1.467488,-0.274969,-10.621460,11.995840,0.965829,7
1784573354.632002,-10.332200,13.248600,-93.017353,-10.646500,11.636000,175,1016,32,1,1,1.467326,-0.275051,-10.684107,11.797786,0.966755,7
1784573354.770589,-10.345300,13.054400,-95.051232,-10.718900,11.437800,176,1009,52,2,1,1.468803,-0.268618,-10.742198,11.614952,0.966112,7
1784573354.801568,-10.367600,12.841500,-97.282266,-10.790600,11.256700,177,1013,31,1,1,1.470063,-0.258973,-10.810826,11.416122,0.969895,7
1784573354.931566,-10.414200,12.536900,-100.399629,-10.874500,11.059600,178,1008,31,1,1,1.472811,-0.246253,-10.922269,11.132735,0.970088,7
1784573354.961009,-10.456100,12.327000,-102.482160,-11.004300,10.779800,179,1017,32,1,1,1.475881,-0.236793,-11.006286,10.937183,0.965930,7
1784573355.057050,-10.528800,12.030900,-105.439720,-11.100000,10.588000,181,1020,32,1,1,1.479455,-0.217563,-11.132379,10.662758,0.966069,7
1784573355.083563,-10.590900,11.819200,-107.585097,-11.351500,10.126100,182,1019,32,1,1,1.481603,-0.204683,-11.233643,10.468672,0.965938,7
1784573355.182428,-10.651100,11.637500,-109.328003,-11.448500,9.960800,183,1023,29,1,1,1.484233,-0.181987,-11.314075,10.297153,0.974099,7
1784573355.208130,-10.724400,11.436200,-110.930233,-11.448500,9.960800,184,1033,26,1,1,1.486964,-0.159399,-11.404471,10.104294,0.982909,7
1784573355.311458,-10.800600,11.242900,-112.338661,-11.559700,9.777600,185,1037,19,1,1,1.492219,-0.130434,-11.488409,9.912242,0.990000,7
1784573355.336093,-10.882800,11.048500,-113.751957,-11.669600,9.601200,185,1046,20,1,1,1.492118,-0.127147,-11.600169,9.733980,0.990000,7
1784573355.441076,-10.967000,10.862100,-115.020436,-11.783000,9.423100,186,1056,18,1,1,1.496236,-0.107750,-11.697459,9.551847,0.990000,7
1784573355.507453,-11.053700,10.680500,-116.244307,-11.894600,9.251700,187,1081,32,1,1,1.489714,-0.146584,-11.843925,9.409170,0.966856,7
1784573355.532655,-11.160700,10.468900,-117.573965,-12.138700,8.887400,188,1081,32,1,1,1.491338,-0.133734,-11.969574,9.208861,0.967023,7
1784573355.634095,-11.253600,10.294000,-118.561293,-12.251000,8.724200,189,1081,32,1,1,1.492873,-0.120623,-12.073284,9.040470,0.966395,7
1784573355.660422,-11.349600,10.120700,-119.532286,-12.251000,8.724200,190,1081,32,1,1,1.493349,-0.114146,-12.185008,8.877634,0.967053,7
1784573355.764053,-11.461400,9.926500,-120.490992,-12.364400,8.561700,191,1081,32,1,1,1.494476,-0.101193,-12.306900,8.690042,0.967641,7
1784573355.791729,-11.568000,9.748100,-121.354317,-12.494000,8.378900,192,1081,32,1,1,1.495025,-0.094702,-12.426777,8.520676,0.967419,7
1784573355.930559,-11.673700,9.576700,-122.099783,-12.615300,8.210100,193,1081,35,2,1,1.495694,-0.088226,-12.543244,8.356545,0.966817,7
1784573355.960199,-11.785000,9.401200,-122.766019,-12.733800,8.047300,194,1081,35,2,1,1.496035,-0.081686,-12.663358,8.187411,0.967138,7
1784573356.053006,-11.961100,9.132100,-123.710278,-12.857000,7.879900,195,1081,32,1,1,1.496792,-0.068567,-12.848848,7.925041,0.967456,7
1784573356.079830,-12.077200,8.959800,-124.314482,-13.049600,7.622400,196,1081,32,1,1,1.497561,-0.055466,-12.967240,7.754149,0.966794,7
1784573356.223705,-12.187700,8.799200,-124.812191,-13.175200,7.456700,197,1081,32,1,1,1.497698,-0.055617,-13.088382,7.601300,0.966444,7
1784573356.255476,-12.316200,8.615700,-125.261236,-13.293700,7.302000,198,1081,32,1,1,1.497657,-0.048986,-13.220804,7.421101,0.967607,7
1784573356.380943,-12.503100,8.354000,-125.877712,-13.430900,7.124900,199,1081,32,1,1,1.497943,-0.042413,-13.415346,7.165118,0.967122,7
1784573356.411650,-12.627400,8.183300,-126.279066,-13.629400,6.871900,200,1081,32,1,1,1.497881,-0.042480,-13.547969,7.000927,0.967536,7
1784573356.505935,-12.809000,7.938000,-126.770437,-13.760800,6.706700,202,1081,33,1,1,1.498055,-0.035905,-13.734513,6.759490,0.967504,7
1784573356.532902,-12.933800,7.771700,-127.083983,-14.083700,6.307800,203,1081,32,1,1,1.498021,-0.035938,-13.865754,6.598320,0.967562,7
1784573356.631947,-13.057500,7.608800,-127.360103,-14.083700,6.307800,204,1081,32,1,1,1.498262,-0.035996,-13.995290,6.439769,0.966566,7
1784573356.659498,-13.182000,7.446400,-127.623473,-14.213800,6.150000,205,1081,34,1,1,1.499658,-0.032667,-14.123369,6.278554,0.963432,7
1784573356.758188,-13.313200,7.276800,-127.881187,-14.344800,5.992700,205,1081,33,1,1,1.499630,-0.032670,-14.259798,6.113223,0.963500,7
1784573356.784256,-13.435100,7.120700,-128.119717,-14.482700,5.828600,206,1081,32,1,1,1.498253,-0.036001,-14.388304,5.964214,0.966469,7
1784573356.890335,-13.563800,6.957400,-128.378246,-14.610800,5.677500,208,1081,36,1,1,1.487596,-0.032450,-14.512813,5.811376,0.964090,7
1784573356.918247,-13.701200,6.784500,-128.643554,-14.734700,5.530000,208,1081,32,1,1,1.449259,-0.028598,-14.628560,5.670420,0.967895,7
1784573357.014310,-13.827300,6.627500,-128.902995,-14.832100,5.399000,209,1081,34,1,1,1.395309,-0.015499,-14.715621,5.551390,0.961602,7
1784573357.039376,-13.958100,6.465900,-129.169332,-14.898600,5.286500,210,1081,35,1,1,1.334451,0.005428,-14.796750,5.427895,0.958835,7
1784573357.174203,-14.089700,6.305000,-129.436067,-14.956500,5.167400,211,1081,38,1,1,1.207263,0.065256,-14.806174,5.331138,0.950197,7
1784573357.265358,-14.290500,6.062300,-129.840600,-15.004400,5.044100,213,1081,50,0,0,nan,nan,nan,nan,0.874181,7
1784573357.293847,-14.428200,5.898000,-130.089168,-15.057500,4.850900,213,1081,45,0,0,nan,nan,nan,nan,0.804247,7
1784573357.399162,-14.602300,5.692200,-130.383718,-15.079800,4.716300,215,1081,50,0,0,nan,nan,nan,nan,0.739907,7
1784573357.426259,-14.738700,5.528200,-127.802176,-15.091800,4.545200,216,1081,53,0,0,nan,nan,nan,nan,0.680714,7
1784573357.528286,-14.826800,5.404200,-122.311602,-15.087400,4.394400,217,1081,55,0,0,nan,nan,nan,nan,0.626257,7
1784573357.596059,-14.891500,5.291600,-117.861288,-15.071600,4.258800,218,1081,55,0,0,nan,nan,nan,nan,0.576157,7
1784573357.698098,-14.952800,5.160400,-112.761056,-15.046600,4.133000,220,1081,114,0,0,nan,nan,nan,nan,0.550000,7
1784573357.727986,-15.000300,5.030400,-107.864153,-15.006800,3.993800,220,1081,105,0,0,nan,nan,nan,nan,0.550000,7
1784573357.823454,-15.047500,4.844100,-101.087006,-14.957500,3.864100,222,1081,276,0,0,nan,nan,nan,nan,0.550000,7
1784573357.848472,-15.067900,4.705100,-96.130363,-14.872100,3.691600,222,1081,218,0,0,nan,nan,nan,nan,0.550000,7
1784573357.956497,-15.076000,4.579200,-91.714298,-14.797500,3.572100,223,1081,133,0,0,nan,nan,nan,nan,0.550000,7
1784573358.022657,-15.073400,4.436600,-86.723549,-14.722500,3.470300,223,1081,65,0,0,nan,nan,nan,nan,0.000000,0
1784573358.046842,-15.058800,4.296800,-81.839331,-14.629100,3.362000,224,1081,57,0,0,nan,nan,nan,nan,0.000000,0
1784573358.156121,-15.034200,4.166600,-77.290752,-14.528800,3.262800,225,1081,56,0,0,nan,nan,nan,nan,0.000000,0
1784573358.221080,-14.995600,4.027000,-72.311798,-14.427600,3.176700,227,1081,123,0,0,nan,nan,nan,nan,0.000000,0
1784573358.287860,-14.949100,3.900800,-67.763957,-14.310100,3.091000,228,1081,121,0,0,nan,nan,nan,nan,0.000000,0
1784573358.312870,-14.890900,3.774800,-63.118223,-14.195400,3.019600,228,1081,58,1,1,1.088189,4.760351,-10.152920,4.956597,0.623066,1
1784573358.416381,-14.824900,3.657400,-58.703344,-14.072200,2.954300,229,1081,56,0,0,nan,nan,nan,nan,0.573221,1
1784573358.442451,-14.751300,3.547000,-54.384135,-13.948600,2.899100,231,1081,97,0,0,nan,nan,nan,nan,0.550000,1
1784573358.549870,-14.669600,3.442400,-50.121066,-13.823700,2.852700,231,1081,59,1,1,1.789851,4.374346,-10.165129,4.873556,0.721843,2
1784573358.578486,-14.577500,3.341200,-45.718914,-13.695900,2.814100,232,1077,74,0,0,nan,nan,nan,nan,0.664095,2
1784573358.677623,-14.474700,3.244400,-41.311955,-13.562000,2.782300,233,1072,56,0,0,nan,nan,nan,nan,0.610968,2
1784573358.746540,-14.371500,3.160800,-37.187428,-13.422100,2.757700,234,1070,57,0,0,nan,nan,nan,nan,0.562090,2
1784573358.772913,-14.253700,3.078900,-32.910340,-13.289300,2.741900,235,1068,74,1,0,nan,nan,nan,nan,0.550000,2
1784573358.884218,-14.139300,3.010800,-29.044972,-13.011200,2.730300,236,1064,56,0,0,nan,nan,nan,nan,0.550000,2
1784573358.979121,-14.013100,2.947100,-24.941994,-13.011200,2.730300,237,1062,57,0,0,nan,nan,nan,nan,0.550000,2
1784573359.007956,-13.874600,2.889100,-20.989896,-12.868800,2.734500,238,1062,63,0,0,nan,nan,nan,nan,0.550000,2
1784573359.110895,-13.702500,2.831500,-16.425435,-12.718200,2.745600,240,1058,57,0,0,nan,nan,nan,nan,0.550000,2
1784573359.177743,-13.557000,2.794300,-12.658241,-12.536800,2.766900,241,1055,56,0,0,nan,nan,nan,nan,0.550000,2
1784573359.245199,-13.417500,2.767700,-9.274184,-12.387600,2.790800,242,1053,57,0,0,nan,nan,nan,nan,0.550000,2
1784573359.311981,-13.278700,2.749600,-5.977603,-12.231300,2.821100,242,1050,55,0,0,nan,nan,nan,nan,0.550000,2
1784573359.336971,-13.139000,2.739100,-2.984165,-12.045200,2.865400,244,1075,50,0,0,nan,nan,nan,nan,0.550000,2
1784573359.441357,-13.007100,2.735600,-0.393897,-11.841000,2.924400,245,1081,46,0,0,nan,nan,nan,nan,0.000000,0
1784573359.466116,-12.868900,2.738300,2.287658,-11.647500,2.988000,245,1081,44,0,0,nan,nan,nan,nan,0.000000,0
