logger_timestamp_nanoseconds,x_m,y_m,velocity_mps,acceleration_mps2,steering_command,throttle_command,steering_feedback,throttle_feedback
1787009907810979059,-20.872650,4.577530,0.000014,0.011692,0.000000,0.000000,0.000000,0.000000
1787009907857603070,-20.872650,4.577530,0.000014,0.011692,0.000000,0.000000,0.000000,0.000000
1787009907907851456,-20.872650,4.577529,0.000010,0.006010,0.352756,0.065000,0.000000,0.000000
1787009907957553393,-20.872650,4.577529,0.000010,0.006010,0.352756,0.065000,0.000000,0.000000
1787009908007788741,-20.872650,4.577529,0.000010,0.026073,-0.000000,0.100000,0.000000,0.000000
1787009908057655888,-20.872650,4.577529,0.000010,0.027106,-0.000000,0.100000,0.000000,0.000000
1787009908107577745,-20.860370,4.587796,0.507593,7.942472,-0.000000,0.100000,0.184800,0.065000
1787009908157592504,-20.860370,4.587796,0.507593,7.942472,-0.000000,0.100000,0.184800,0.065000
1787009908207583031,-20.822680,4.620005,1.022773,7.847394,-0.005110,0.100000,0.000000,0.100000
1787009908257764955,-20.664300,4.755161,2.062248,7.575766,-0.005110,0.100000,0.000000,0.100000
1787009908307708853,-20.664300,4.755161,2.062248,7.575766,-0.005109,0.100000,0.000000,0.100000
1787009908358241210,-20.551000,4.851789,2.441488,2.114457,-0.005109,0.100000,-0.002600,0.100000
1787009908407747865,-20.551000,4.851789,2.441488,2.114457,-0.005231,0.100000,-0.002600,0.100000
1787009908457891088,-20.424600,4.959357,2.495495,0.243411,-0.005231,0.100000,-0.002600,0.100000
1787009908507483698,-20.283590,5.079088,2.502028,0.030280,-0.005016,0.100000,-0.002600,0.100000
1787009908557563728,-20.283590,5.079088,2.502028,0.030280,-0.005016,0.100000,-0.002600,0.100000
1787009908607644547,-20.029510,5.294073,2.502682,0.014981,-0.021186,0.100000,-0.002600,0.100000
1787009908657823531,-19.908970,5.395719,2.502670,0.010551,-0.021186,0.100000,-0.002600,0.100000
1787009908707720359,-19.908970,5.395719,2.502670,0.010551,-0.019305,0.100000,-0.002600,0.100000
1787009908757568417,-19.908970,5.395719,2.502670,0.010551,-0.019305,0.100000,-0.002600,0.100000
1787009908807654666,-19.786420,5.498847,2.502641,0.013392,-0.015298,0.100000,-0.002600,0.100000
1787009908857609982,-19.652110,5.611319,2.502565,0.020138,-0.015298,0.100000,-0.011000,0.100000
1787009908907493255,-19.523070,5.718392,2.502563,0.024890,-0.008283,0.100000,-0.009900,0.100000
1787009908957722714,-19.389750,5.828130,2.502553,0.013915,-0.008283,0.100000,-0.007900,0.100000
1787009909007575105,-19.256100,5.937475,2.502545,0.020709,0.009512,0.100000,-0.004200,0.100000
1787009909057768350,-19.256100,5.937475,2.502545,0.020709,0.009512,0.100000,-0.004200,0.100000
1787009909107577549,-19.133890,6.037092,2.502520,0.026520,0.017245,0.100000,-0.004200,0.100000
1787009909157572122,-19.133890,6.037092,2.502520,0.026520,0.017245,0.100000,-0.004200,0.100000
1787009909207624819,-19.009700,6.138237,2.502485,0.012997,0.033115,0.100000,0.005200,0.100000
1787009909257673346,-18.887700,6.238097,2.502452,0.001484,0.033115,0.100000,0.008900,0.100000
1787009909307661604,-18.767980,6.336789,2.502446,0.002084,0.040190,0.100000,0.008900,0.100000
1787009909357567100,-18.767980,6.336789,2.502446,0.002084,0.040190,0.100000,0.008900,0.100000
1787009909407822242,-18.635290,6.447281,2.502332,0.023953,0.053801,0.100000,0.017300,0.100000
1787009909457604854,-18.507300,6.555582,2.502281,0.015058,0.053801,0.100000,0.020900,0.100000
1787009909507591297,-18.372730,6.671589,2.502285,0.038528,0.053347,0.100000,0.020900,0.100000
1787009909557627102,-18.372730,6.671589,2.502285,0.038528,0.053347,0.100000,0.020900,0.100000
1787009909607545401,-18.250630,6.779027,2.502116,0.021355,0.062367,0.100000,0.028300,0.100000
1787009909657693283,-18.122380,6.894617,2.502157,0.013476,0.062367,0.100000,0.027800,0.100000
1787009909707525326,-17.993720,7.013479,2.502150,0.001508,0.065342,0.100000,0.027800,0.100000
1787009909757957484,-17.993720,7.013479,2.502150,0.001508,0.065342,0.100000,0.027800,0.100000
1787009909807575644,-17.868450,7.132283,2.502017,0.033919,0.065522,0.100000,0.032500,0.100000
1787009909857628121,-17.750260,7.247612,2.501982,0.011409,0.065522,0.100000,0.034000,0.100000
1787009909907880228,-17.750260,7.247612,2.501982,0.011409,0.066155,0.100000,0.034000,0.100000
1787009909957574098,-17.624970,7.373561,2.501989,0.025157,0.066155,0.100000,0.034000,0.100000
1787009910007629317,-17.499940,7.503259,2.501960,0.009975,0.062666,0.100000,0.034600,0.100000
1787009910057549529,-17.382070,7.629407,2.501958,0.001376,0.062666,0.100000,0.034600,0.100000
1787009910107638412,-17.382070,7.629407,2.501958,0.001376,0.061388,0.100000,0.034600,0.100000
1787009910157549453,-17.264480,7.759209,2.501950,0.031263,0.061388,0.100000,0.034600,0.100000
1787009910207604189,-17.150520,7.888900,2.501992,0.035535,0.055790,0.100000,0.033000,0.100000
1787009910257668253,-17.043270,8.014481,2.502009,0.035535,0.055790,0.100000,0.031900,0.100000
1787009910307617600,-17.043270,8.014481,2.502009,0.013970,0.052289,0.100000,0.031900,0.100000
1787009910357678786,-16.937730,8.141497,2.501996,0.007734,0.052289,0.100000,0.031900,0.100000
1787009910407575009,-16.826060,8.279670,2.502058,0.005626,0.050191,0.100000,0.029300,0.100000
1787009910457607687,-16.826060,8.279670,2.502058,0.005626,0.050191,0.100000,0.029300,0.100000
1787009910507548426,-16.711590,8.425215,2.502083,0.027124,0.044473,0.100000,0.027200,0.100000
1787009910557615210,-16.609570,8.558240,2.502095,0.031493,0.044473,0.100000,0.026200,0.100000
1787009910607544982,-16.507540,8.694415,2.502080,0.001753,0.041920,0.100000,0.026200,0.100000
1787009910657662981,-16.507540,8.694415,2.502080,0.001753,0.041920,0.100000,0.026200,0.100000
1787009910707593801,-16.409940,8.827644,2.502137,0.012468,0.036612,0.100000,0.023000,0.100000
1787009910757654321,-16.313630,8.961803,2.502134,0.012345,0.036612,0.100000,0.022000,0.100000
1787009910807493638,-16.218560,9.096851,2.502124,0.044593,0.034540,0.100000,0.022000,0.100000
1787009910857614917,-16.218560,9.096851,2.502124,0.044593,0.034540,0.100000,0.022000,0.100000
1787009910907611483,-16.114810,9.247197,2.502156,0.019985,0.029986,0.100000,0.019400,0.100000
1787009910957563151,-16.022160,9.383913,2.502166,0.019914,0.029986,0.100000,0.018300,0.100000
1787009911007561762,-16.022160,9.383913,2.502166,0.019914,0.028105,0.100000,0.018300,0.100000
1787009911057592869,-15.919540,9.538049,2.502155,0.000923,0.028105,0.100000,0.018300,0.100000
1787009911107600865,-15.827720,9.678331,2.502188,0.002348,0.024200,0.100000,0.015700,0.100000
1787009911157543272,-15.731430,9.827643,2.502182,0.013330,0.024200,0.100000,0.014700,0.100000
1787009911207705897,-15.731430,9.827643,2.502182,0.013330,0.023148,0.100000,0.014700,0.100000
1787009911257612356,-15.638800,9.973359,2.502177,0.021085,0.023148,0.100000,0.014700,0.100000
1787009911307580702,-15.549720,10.115390,2.502194,0.023993,0.021364,0.100000,0.012600,0.100000
1787009911357483176,-15.452200,10.272810,2.502198,0.019594,0.021364,0.100000,0.012000,0.100000
1787009911407657087,-15.452200,10.272810,2.502198,0.019594,0.020445,0.100000,0.012000,0.100000
1787009911457637234,-15.368580,10.409400,2.502188,0.013314,0.020445,0.100000,0.012000,0.100000
1787009911507567219,-15.280450,10.554960,2.502199,0.032575,0.019035,0.100000,0.011000,0.100000
1787009911557606163,-15.280450,10.554960,2.502199,0.032575,0.019035,0.100000,0.011000,0.100000
1787009911607576150,-15.190430,10.705220,2.502196,0.021840,0.020025,0.100000,0.010500,0.100000
1787009911657704400,-15.103660,10.851600,2.502193,0.014835,0.020025,0.100000,0.010500,0.100000
1787009911707559503,-15.022590,10.989720,2.502195,0.026088,0.021100,0.100000,0.009900,0.100000
1787009911757585388,-15.022590,10.989720,2.502195,0.026088,0.021100,0.100000,0.009900,0.100000
1787009911807574050,-14.938330,11.134670,2.502187,0.006673,0.022043,0.100000,0.010500,0.100000
1787009911857691011,-14.848520,11.290860,2.502176,0.012657,0.022043,0.100000,0.011000,0.100000
1787009911907577753,-14.760730,11.445320,2.502182,0.002101,0.024266,0.100000,0.011000,0.100000
1787009911957562391,-14.760730,11.445320,2.502182,0.002101,0.024266,0.100000,0.011000,0.100000
1787009912007538147,-14.684690,11.580560,2.502178,0.012740,0.030465,0.100000,0.011500,0.100000
1787009912057613360,-14.600820,11.731490,2.502167,0.034274,0.030465,0.100000,0.012600,0.100000
1787009912107551516,-14.522580,11.874090,2.502172,0.010819,0.039839,0.100000,0.012600,0.100000
1787009912157629616,-14.522580,11.874090,2.502172,0.010819,0.039839,0.100000,0.012600,0.100000
1787009912207555824,-14.443950,12.019330,2.502131,0.019204,0.058819,0.100000,0.015700,0.100000
1787009912257672618,-14.365230,12.167350,2.502059,0.001461,0.058819,0.100000,0.020900,0.100000
1787009912307736182,-14.291270,12.309390,2.502077,0.011061,0.083185,0.100000,0.020900,0.100000
1787009912357564646,-14.291270,12.309390,2.502077,0.011061,0.083185,0.100000,0.020900,0.100000
1787009912407594343,-14.210890,12.467800,2.501871,0.004714,0.435578,0.065000,0.030900,0.100000
1787009912457639177,-14.140590,12.611640,2.501412,0.014120,0.435578,0.065000,0.043500,0.100000
1787009912507554186,-14.140590,12.611640,2.501412,0.014120,0.430750,0.065000,0.043500,0.100000
1787009912557737324,-14.064550,12.774920,2.501497,0.008689,0.430750,0.065000,0.043500,0.100000
1787009912607688444,-13.998810,12.927780,1.817613,6.444318,0.420787,0.065000,0.228300,0.065000
1787009912657565316,-13.964640,13.029930,1.620263,0.678989,0.420787,0.065000,0.225700,0.065000
1787009912707547769,-13.964640,13.029930,1.620263,0.678989,0.426926,0.065000,0.225700,0.065000
1787009912757825849,-13.936290,13.139030,1.606259,0.051316,0.426926,0.065000,0.225700,0.065000
1787009912807680222,-13.915280,13.249510,1.606758,0.015022,0.433371,0.065000,0.220400,0.065000
1787009912857571141,-13.902630,13.349900,1.605929,0.048624,0.433371,0.065000,0.223600,0.065000
1787009912907628012,-13.896120,13.447650,1.605984,0.048624,0.436077,0.065000,0.223600,0.065000
1787009912957584814,-13.896120,13.447650,1.605984,0.013937,0.436077,0.065000,0.223600,0.065000
1787009913007800614,-13.895680,13.560020,1.605276,0.020957,0.440160,0.065000,0.226700,0.065000
1787009913057743473,-13.901630,13.659360,1.604933,0.030957,0.440160,0.065000,0.228300,0.065000
1787009913107585290,-13.901630,13.659360,1.604933,0.030957,0.442198,0.065000,0.228300,0.065000
1787009913157610513,-13.913770,13.759740,1.605075,0.043921,0.442198,0.065000,0.228300,0.065000
1787009913207574528,-13.934100,13.868560,1.604602,0.037176,0.444986,0.065000,0.230400,0.065000
1787009913257576024,-13.962630,13.978830,1.604408,0.023982,0.444986,0.065000,0.231400,0.065000
1787009913307646539,-13.962630,13.978830,1.604408,0.023982,0.446108,0.065000,0.231400,0.065000
1787009913357658919,-14.003910,14.100340,1.604419,0.012351,0.446108,0.065000,0.231400,0.065000
1787009913407626018,-14.053240,14.215310,1.604043,0.006630,0.446923,0.065000,0.233000,0.065000
1787009913457572493,-14.053240,14.215310,1.604043,0.006630,0.446923,0.065000,0.233000,0.065000
1787009913507628229,-14.102580,14.310760,1.603829,0.006461,0.447484,0.065000,0.233500,0.065000
1787009913557665404,-14.156410,14.400030,1.603878,0.033439,0.447484,0.065000,0.234000,0.065000
1787009913607541552,-14.218760,14.489500,1.603829,0.023136,0.447162,0.065000,0.234000,0.065000
1787009913657578353,-14.218760,14.489500,1.603829,0.023136,0.447162,0.065000,0.234000,0.065000
1787009913707577699,-14.285960,14.573330,1.603839,0.008003,0.445545,0.065000,0.234000,0.065000
1787009913757582816,-14.356350,14.650220,1.603891,0.037951,0.445545,0.065000,0.234000,0.065000
1787009913807562541,-14.432750,14.723470,1.603903,0.021031,0.444229,0.065000,0.234000,0.065000
1787009913857576987,-14.432750,14.723470,1.603903,0.021031,0.444229,0.065000,0.234000,0.065000
1787009913907586558,-14.513790,14.791570,1.604084,0.009696,0.440723,0.065000,0.233500,0.065000
1787009913957616765,-14.596460,14.852430,1.604199,0.007744,0.440723,0.065000,0.232500,0.065000
1787009914007523651,-14.693860,14.914510,1.604244,0.018815,0.438503,0.065000,0.232500,0.065000
1787009914057614686,-14.693860,14.914510,1.604244,0.018815,0.438503,0.065000,0.232500,0.065000
1787009914107666197,-14.786810,14.965240,1.604619,0.036087,0.433060,0.065000,0.230900,0.065000
1787009914157716955,-14.888770,15.012380,1.604954,0.016793,0.433060,0.065000,0.229900,0.065000
1787009914207559186,-14.888770,15.012380,1.604954,0.016793,0.430061,0.065000,0.229900,0.065000
1787009914257594104,-14.995230,15.052970,1.604884,0.003132,0.430061,0.065000,0.229900,0.065000
1787009914307616500,-15.101170,15.085330,1.605687,0.010201,0.422793,0.065000,0.226700,0.065000
1787009914357566942,-15.198040,15.108380,1.606127,0.009202,0.422793,0.065000,0.225100,0.065000
1787009914407556014,-15.198040,15.108380,1.606127,0.009202,0.418861,0.065000,0.225100,0.065000
1787009914457593576,-15.305630,15.127020,1.606116,0.004166,0.418861,0.065000,0.225100,0.065000
1787009914507601377,-15.423870,15.139390,1.606982,0.013254,0.408092,0.065000,0.221500,0.065000
1787009914557530761,-15.533080,15.143530,1.607437,0.039697,0.408092,0.065000,0.219400,0.065000
1787009914607555360,-15.533080,15.143530,1.607437,0.039697,0.399054,0.065000,0.219400,0.065000
1787009914657591587,-15.650360,15.140270,1.607436,0.038481,0.399054,0.065000,0.219400,0.065000
1787009914707722693,-15.752870,15.130950,1.608660,0.008235,0.382609,0.065000,0.213600,0.065000
1787009914757601972,-15.853160,15.116030,1.609636,0.019375,0.382609,0.065000,0.208900,0.065000
1787009914807561876,-15.853160,15.116030,1.609636,0.019375,0.377015,0.065000,0.208900,0.065000
1787009914857596610,-15.963430,15.092920,1.609673,0.020430,0.377015,0.065000,0.208900,0.065000
1787009914907727227,-16.061400,15.066400,1.611380,0.005150,0.350841,0.065000,0.200500,0.065000
1787009914957573107,-16.165450,15.031970,1.612008,0.028550,0.350841,0.065000,0.197400,0.065000
1787009915007575508,-16.165450,15.031970,1.612008,0.028550,0.336257,0.065000,0.197400,0.065000
1787009915057649270,-16.262940,14.993580,1.611974,0.020064,0.336257,0.065000,0.197400,0.065000
1787009915107579439,-16.358410,14.950060,1.614593,0.018115,0.319389,0.065000,0.183800,0.065000
1787009915157578550,-16.358410,14.950060,1.614593,0.018115,0.319389,0.065000,0.183800,0.065000
1787009915207534801,-16.468670,14.892430,1.615972,0.027524,0.283178,0.065000,0.175900,0.065000
1787009915257619809,-16.571530,14.831260,1.617443,0.001715,0.283178,0.065000,0.167000,0.065000
1787009915307483873,-16.661800,14.771310,1.617414,0.024358,0.261962,0.065000,0.167000,0.065000
1787009915357618373,-16.661800,14.771310,1.617414,0.024358,0.261962,0.065000,0.167000,0.065000
1787009915407580328,-16.761010,14.698410,1.620236,0.006542,0.217664,0.065000,0.148200,0.065000
1787009915457782917,-16.838210,14.636580,1.621738,0.001116,0.217664,0.065000,0.137200,0.065000
1787009915507518323,-16.916830,14.568820,1.621724,0.027470,0.181772,0.065000,0.137200,0.065000
1787009915557560279,-16.916830,14.568820,1.621724,0.027470,0.181772,0.065000,0.137200,0.065000
1787009915607567951,-17.000260,14.491580,1.624368,0.018777,0.136698,0.100000,0.114100,0.065000
1787009915657736043,-17.077930,14.415180,1.626141,0.008001,0.136698,0.100000,0.095300,0.065000
1787009915707513029,-17.150190,14.340280,1.626130,0.028559,0.114853,0.100000,0.095300,0.065000
1787009915757558713,-17.150190,14.340280,1.626130,0.028559,0.114853,0.100000,0.095300,0.065000
1787009915807716426,-17.236680,14.246830,2.140177,8.310094,0.062709,0.100000,0.071700,0.100000
1787009915857643089,-17.335140,14.134120,2.453186,1.603386,0.062709,0.100000,0.060200,0.100000
1787009915907553203,-17.442750,14.004170,2.495291,0.181068,0.028164,0.100000,0.060200,0.100000
1787009915957567670,-17.442750,14.004170,2.495291,0.181068,0.028164,0.100000,0.060200,0.100000
1787009916007543443,-17.546750,13.872890,2.501528,0.047249,-0.036595,0.100000,0.033000,0.100000
1787009916057610485,-17.653870,13.734300,2.502310,0.004025,-0.036595,0.100000,0.014700,0.100000
1787009916107476659,-17.754010,13.602970,2.502298,0.023084,-0.062827,0.100000,0.014700,0.100000
1787009916157715781,-17.754010,13.602970,2.502298,0.023084,-0.062827,0.100000,0.014700,0.100000
1787009916207707602,-17.861500,13.461520,2.502077,0.013854,-0.111801,0.100000,-0.019400,0.100000
1787009916257588907,-17.973510,13.317270,2.501821,0.010852,-0.111801,0.100000,-0.033000,0.100000
1787009916307623177,-17.973510,13.317270,2.501821,0.010852,-0.137135,0.100000,-0.033000,0.100000
1787009916357552159,-18.078250,13.186380,2.501885,0.010603,-0.137135,0.100000,-0.033000,0.100000
1787009916407589921,-18.185230,13.057450,2.500326,0.009912,-0.258055,0.065000,-0.058600,0.100000
1787009916457530868,-18.307320,12.918530,2.499167,0.019988,-0.258055,0.065000,-0.071700,0.100000
1787009916507842184,-18.307320,12.918530,2.499167,0.019988,-0.377807,0.065000,-0.071700,0.100000
1787009916557562159,-18.418420,12.800000,2.499234,0.020987,-0.377807,0.065000,-0.071700,0.100000
1787009916607561120,-18.521760,12.696500,1.914369,8.582720,-0.415542,0.065000,-0.135100,0.065000
1787009916657559096,-18.609500,12.619140,1.629576,0.836170,-0.415542,0.065000,-0.197900,0.065000
1787009916707769746,-18.609500,12.619140,1.629576,0.836170,-0.419792,0.065000,-0.197900,0.065000
1787009916757547030,-18.691170,12.555530,1.612414,0.056841,-0.419792,0.065000,-0.197900,0.065000
1787009916807578629,-18.779840,12.494330,1.607076,0.033689,-0.420615,0.065000,-0.217800,0.065000
1787009916857558988,-18.873470,12.438040,1.606670,0.024937,-0.420615,0.065000,-0.219900,0.065000
1787009916907867835,-18.873470,12.438040,1.606670,0.024937,-0.423719,0.065000,-0.219900,0.065000
1787009916957572501,-18.967580,12.389190,1.606792,0.007517,-0.423719,0.065000,-0.219900,0.065000
1787009917007649471,-19.073450,12.342620,1.606594,0.015991,-0.420274,0.065000,-0.220400,0.065000
1787009917057595120,-19.073450,12.342620,1.606594,0.015991,-0.420274,0.065000,-0.220400,0.065000
1787009917107772523,-19.179150,12.304310,1.606393,0.003803,-0.419193,0.065000,-0.222000,0.065000
1787009917157662622,-19.290290,12.272220,1.606881,0.028301,-0.419193,0.065000,-0.219900,0.065000
1787009917207586094,-19.389110,12.250310,1.606846,0.026486,-0.415315,0.065000,-0.219900,0.065000
1787009917257775114,-19.389110,12.250310,1.606846,0.026486,-0.415315,0.065000,-0.219900,0.065000
1787009917307568070,-19.498630,12.233020,1.607037,0.023859,-0.416988,0.065000,-0.217300,0.065000
1787009917357592635,-19.602660,12.223160,1.607533,0.030251,-0.416988,0.065000,-0.217300,0.065000
1787009917407532874,-19.748860,12.219860,1.607314,0.045140,-0.411172,0.065000,-0.218300,0.065000
1787009917457588262,-19.748860,12.219860,1.607314,0.045140,-0.411172,0.065000,-0.218300,0.065000
1787009917507553576,-19.867610,12.226270,1.607349,0.026962,-0.411172,0.065000,-0.218300,0.065000
1787009917557568359,-19.867610,12.226270,1.607349,0.026962,-0.411172,0.065000,-0.218300,0.065000
1787009917607583912,-19.982480,12.240290,1.607391,0.005750,-0.405002,0.065000,-0.218300,0.065000
1787009917657755869,-20.088350,12.260150,1.608180,0.008589,-0.405002,0.065000,-0.215200,0.065000
1787009917707588369,-20.194370,12.286890,1.608101,0.019042,-0.399834,0.065000,-0.215200,0.065000
1787009917757551565,-20.194370,12.286890,1.608101,0.019042,-0.399834,0.065000,-0.215200,0.065000
1787009917807802831,-20.295550,12.319050,1.608901,0.025268,-0.394482,0.065000,-0.212100,0.065000
1787009917857678964,-20.390230,12.355280,1.609365,0.009621,-0.394482,0.065000,-0.209400,0.065000
1787009917907618445,-20.485650,12.398140,1.609410,0.008321,-0.389437,0.065000,-0.209400,0.065000
1787009917957554924,-20.485650,12.398140,1.609410,0.008321,-0.389437,0.065000,-0.209400,0.065000
1787009918007569634,-20.579890,12.447210,1.610182,0.027107,-0.383422,0.065000,-0.206300,0.065000
1787009918057604582,-20.675270,12.504210,1.610625,0.026832,-0.383422,0.065000,-0.203700,0.065000
1787009918107586114,-20.764490,12.564890,1.610664,0.007476,-0.378212,0.065000,-0.203700,0.065000
1787009918157712204,-20.764490,12.564890,1.610664,0.007476,-0.378212,0.065000,-0.203700,0.065000
1787009918207647784,-20.851360,12.631640,1.611301,0.024532,-0.370072,0.065000,-0.200500,0.065000
1787009918257610477,-20.931890,12.701120,1.611904,0.012579,-0.370072,0.065000,-0.197900,0.065000
1787009918307597195,-21.009600,12.776100,1.611816,0.042902,-0.366944,0.065000,-0.197900,0.065000
1787009918357548750,-21.009600,12.776100,1.611816,0.042902,-0.366944,0.065000,-0.197900,0.065000
1787009918407555976,-21.083050,12.855310,1.612675,0.031807,-0.357175,0.065000,-0.193700,0.065000
1787009918457834550,-21.149070,12.934650,1.612967,0.010111,-0.357175,0.065000,-0.192200,0.065000
1787009918507558213,-21.213680,13.021270,1.612977,0.004025,-0.350668,0.065000,-0.192200,0.065000
1787009918557571771,-21.213680,13.021270,1.612977,0.004025,-0.350668,0.065000,-0.192200,0.065000
1787009918607608094,-21.273570,13.111290,1.613961,0.004928,-0.339602,0.065000,-0.186900,0.065000
1787009918657603487,-21.329440,13.205770,1.614536,0.017703,-0.339602,0.065000,-0.183800,0.065000
1787009918707513043,-21.380250,13.303080,1.614536,0.017703,-0.332916,0.065000,-0.183800,0.065000
1787009918757708990,-21.380250,13.303080,1.614615,0.022177,-0.332916,0.065000,-0.183800,0.065000
1787009918807599349,-21.429100,13.410410,1.615581,0.008453,-0.320188,0.065000,-0.178000,0.065000
1787009918857566233,-21.470960,13.517230,1.616245,0.013630,-0.320188,0.065000,-0.174400,0.065000
1787009918907754125,-21.470960,13.517230,1.616245,0.013630,-0.313634,0.065000,-0.174400,0.065000
1787009918957570902,-21.506710,13.624560,1.616219,0.007137,-0.313634,0.065000,-0.174400,0.065000
1787009919007889882,-21.538170,13.738330,1.617298,0.019717,-0.299210,0.065000,-0.167600,0.065000
1787009919057686328,-21.538170,13.738330,1.617298,0.019717,-0.299210,0.065000,-0.167600,0.065000
1787009919107569100,-21.559970,13.834570,1.617818,0.009321,-0.291192,0.065000,-0.164400,0.065000
1787009919157605111,-21.579190,13.941240,1.617841,0.011128,-0.291192,0.065000,-0.164400,0.065000
1787009919207568137,-21.579190,13.941240,1.617841,0.011128,-0.285292,0.065000,-0.164400,0.065000
1787009919257558269,-21.598280,14.095460,1.619038,0.007242,-0.285292,0.065000,-0.156600,0.065000
1787009919307687324,-21.606010,14.206930,1.619692,0.006382,-0.268173,0.065000,-0.152400,0.065000
1787009919357547613,-21.608820,14.315430,1.620085,0.001153,-0.268173,0.065000,-0.149200,0.065000
1787009919407581593,-21.608820,14.315430,1.620085,0.001153,-0.260726,0.065000,-0.149200,0.065000
1787009919457880764,-21.606990,14.425570,1.620099,0.015499,-0.260726,0.065000,-0.149200,0.065000
1787009919507594871,-21.600540,14.535620,1.621339,0.013415,-0.246534,0.065000,-0.140300,0.065000
1787009919557579014,-21.589750,14.645370,1.621784,0.004755,-0.246534,0.065000,-0.136700,0.065000
1787009919607595363,-21.589750,14.645370,1.621784,0.004755,-0.240434,0.065000,-0.136700,0.065000
1787009919657801170,-21.575420,14.749810,1.621812,0.013182,-0.240434,0.065000,-0.136700,0.065000
1787009919707582351,-21.556960,14.855300,1.622701,0.011055,-0.227397,0.065000,-0.129300,0.065000
1787009919757554548,-21.535500,14.956930,1.623158,0.011071,-0.227397,0.065000,-0.125700,0.065000
1787009919807491653,-21.510600,15.057780,1.623127,0.034282,-0.220899,0.065000,-0.125700,0.065000
1787009919857558982,-21.483760,15.153130,1.623920,0.032781,-0.220899,0.065000,-0.118900,0.065000
1787009919907737556,-21.453540,15.249190,1.624222,0.004254,-0.204587,0.065000,-0.115700,0.065000
1787009919957615134,-21.453540,15.249190,1.624222,0.004254,-0.204587,0.065000,-0.115700,0.065000
1787009920007551802,-21.419320,15.347350,1.624204,0.017612,-0.204587,0.065000,-0.115700,0.065000
1787009920057552980,-21.419320,15.347350,1.624204,0.017612,-0.204587,0.065000,-0.115700,0.065000
1787009920107846360,-21.379630,15.450410,1.624222,0.002408,-0.193671,0.065000,-0.115700,0.065000
1787009920157639015,-21.379630,15.450410,1.624222,0.002408,-0.193671,0.065000,-0.115700,0.065000
1787009920207547145,-21.335320,15.555180,1.625065,0.010994,-0.187140,0.065000,-0.107300,0.065000
1787009920257691473,-21.291930,15.649700,1.625047,0.015315,-0.187140,0.065000,-0.107300,0.065000
1787009920307508890,-21.219610,15.793470,1.625609,0.002432,-0.181987,0.065000,-0.101600,0.065000
1787009920357587590,-21.219610,15.793470,1.625609,0.002432,-0.181987,0.065000,-0.101600,0.065000
1787009920407643450,-21.166480,15.890430,1.625919,0.014921,-0.168876,0.100000,-0.097900,0.065000
1787009920457559957,-21.111520,15.984500,1.626159,0.015345,-0.168876,0.100000,-0.095300,0.065000
1787009920507494839,-21.048790,16.085290,1.626149,0.015345,-0.164623,0.100000,-0.095300,0.065000
1787009920557587154,-21.048790,16.085290,1.626149,0.012864,-0.164623,0.100000,-0.095300,0.065000
1787009920607607205,-20.978940,16.191710,2.141872,8.301698,-0.156715,0.100000,-0.088500,0.100000
1787009920657670816,-20.883580,16.325350,2.458421,1.356181,-0.156715,0.100000,-0.086400,0.100000
1787009920707678326,-20.883580,16.325350,2.458421,1.356181,-0.149618,0.100000,-0.086400,0.100000
1787009920757688965,-20.770880,16.470430,2.494392,0.120983,-0.149618,0.100000,-0.086400,0.100000
1787009920807729463,-20.674740,16.585310,2.497958,0.031466,-0.132710,0.100000,-0.082200,0.100000
1787009920857576245,-20.564810,16.708220,2.498829,0.027945,-0.132710,0.100000,-0.078500,0.100000
1787009920907932503,-20.564810,16.708220,2.498829,0.027945,-0.127071,0.100000,-0.078500,0.100000
1787009920957659186,-20.564810,16.708220,2.498829,0.027945,-0.127071,0.100000,-0.078500,0.100000
1787009921007565165,-20.329390,16.946340,2.499852,0.027795,-0.112600,0.100000,-0.069600,0.100000
1787009921057893706,-20.329390,16.946340,2.499852,0.027795,-0.112600,0.100000,-0.069600,0.100000
1787009921107637867,-20.329390,16.946340,2.499852,0.027795,-0.112600,0.100000,-0.069600,0.100000
1787009921157910813,-20.025920,17.214400,2.500133,0.025214,-0.112600,0.100000,-0.066500,0.100000
1787009921207580271,-19.829690,17.369410,2.500735,0.024762,-0.098423,0.100000,-0.059200,0.100000
1787009921257567795,-19.829690,17.369410,2.500735,0.024762,-0.098423,0.100000,-0.059200,0.100000
1787009921307531088,-19.703090,17.463170,2.500729,0.001299,-0.094226,0.100000,-0.059200,0.100000
1787009921357707048,-19.703090,17.463170,2.500729,0.001299,-0.094226,0.100000,-0.059200,0.100000
1787009921407799679,-19.572280,17.555460,2.501311,0.005189,-0.084871,0.100000,-0.051300,0.100000
1787009921457570077,-19.433310,17.649130,2.501400,0.013362,-0.084871,0.100000,-0.049200,0.100000
1787009921507555271,-19.433310,17.649130,2.501400,0.013362,-0.083303,0.100000,-0.049200,0.100000
1787009921557809123,-19.283910,17.745160,2.501373,0.002516,-0.083303,0.100000,-0.049200,0.100000
1787009921607585756,-19.126000,17.841780,2.501634,0.025945,-0.080800,0.100000,-0.044500,0.100000
1787009921657565791,-18.983480,17.925150,2.501672,0.008502,-0.080800,0.100000,-0.043500,0.100000
1787009921707614958,-18.837250,18.007080,2.501664,0.008502,-0.076068,0.100000,-0.043500,0.100000
1787009921757602390,-18.837250,18.007080,2.501664,0.023521,-0.076068,0.100000,-0.043500,0.100000
1787009921807594928,-18.698390,18.081630,2.501702,0.023249,-0.076899,0.100000,-0.042400,0.100000
1787009921857582784,-18.542640,18.161730,2.501810,0.012435,-0.076899,0.100000,-0.039800,0.100000
1787009921907787164,-18.542640,18.161730,2.501810,0.012435,-0.078463,0.100000,-0.039800,0.100000
1787009921958012881,-18.396760,18.233600,2.501790,0.028611,-0.078463,0.100000,-0.039800,0.100000
1787009922007579261,-18.396760,18.233600,2.501790,0.028611,-0.080311,0.100000,-0.039800,0.100000
1787009922057732877,-18.085480,18.377040,2.501733,0.003618,-0.080311,0.100000,-0.040800,0.100000
1787009922107562164,-17.866690,18.469850,2.501682,0.001278,-0.085806,0.100000,-0.041900,0.100000
1787009922157629699,-17.866690,18.469850,2.501682,0.001278,-0.085806,0.100000,-0.041900,0.100000
1787009922207572327,-17.866690,18.469850,2.501682,0.001278,-0.089331,0.100000,-0.041900,0.100000
1787009922257650801,-17.706340,18.533760,2.501681,0.010059,-0.089331,0.100000,-0.041900,0.100000
1787009922307585772,-17.500110,18.610780,2.501519,0.001297,-0.091410,0.100000,-0.045000,0.100000
1787009922357557336,-17.500110,18.610780,2.501519,0.001297,-0.091410,0.100000,-0.045000,0.100000
1787009922407538371,-17.346560,18.664260,2.501440,0.007728,-0.098521,0.100000,-0.046600,0.100000
1787009922457560306,-17.189610,18.715470,2.501389,0.001425,-0.098521,0.100000,-0.047600,0.100000
1787009922507543117,-17.026850,18.764900,2.501394,0.005303,-0.103132,0.100000,-0.047600,0.100000
1787009922557659568,-17.026850,18.764900,2.501394,0.005303,-0.103132,0.100000,-0.047600,0.100000
1787009922607577927,-16.867920,18.809530,2.501117,0.007698,-0.113291,0.100000,-0.051800,0.100000
1787009922657834192,-16.693460,18.854160,2.500983,0.007851,-0.113291,0.100000,-0.053900,0.100000
1787009922707542569,-16.537500,18.890170,2.500989,0.013674,-0.118585,0.100000,-0.053900,0.100000
1787009922757564604,-16.537500,18.890170,2.500989,0.013674,-0.118585,0.100000,-0.053900,0.100000
1787009922807596658,-16.378320,18.923070,2.500589,0.022399,-0.129149,0.100000,-0.059200,0.100000
1787009922857593138,-16.215920,18.952360,2.500328,0.026557,-0.129149,0.100000,-0.062300,0.100000
1787009922907698882,-16.215920,18.952360,2.500328,0.026557,-0.134341,0.100000,-0.062300,0.100000
1787009922957618719,-16.040410,18.979060,2.500349,0.022916,-0.134341,0.100000,-0.062300,0.100000
1787009923007724464,-15.859260,19.001130,2.499846,0.024411,-0.153428,0.100000,-0.067500,0.100000
1787009923057589054,-15.692460,19.016240,2.499576,0.005860,-0.153428,0.100000,-0.070200,0.100000
1787009923107566456,-15.692460,19.016240,2.499576,0.005860,-0.157324,0.100000,-0.070200,0.100000
1787009923157535115,-15.515300,19.026750,2.499602,0.048073,-0.157324,0.100000,-0.070200,0.100000
1787009923207814917,-15.352960,19.031140,2.498467,0.013871,-0.165246,0.100000,-0.080100,0.100000
1787009923257546923,-15.183090,19.029860,2.498206,0.012460,-0.165246,0.100000,-0.082200,0.100000
1787009923307553033,-15.183090,19.029860,2.498206,0.012460,-0.167989,0.100000,-0.082200,0.100000
1787009923357652017,-15.008390,19.022150,2.498206,0.030977,-0.167989,0.100000,-0.082200,0.100000
1787009923407790696,-14.836620,19.008090,2.497657,0.033269,-0.171468,0.100000,-0.086400,0.100000
1787009923457656198,-14.682860,18.989810,2.497462,0.039549,-0.171468,0.100000,-0.088000,0.100000
1787009923507562168,-14.682860,18.989810,2.497462,0.039549,-0.172037,0.100000,-0.088000,0.100000
1787009923557681794,-14.512620,18.963120,2.497469,0.001747,-0.172037,0.100000,-0.088000,0.100000
1787009923607670860,-14.355790,18.932390,2.497242,0.008428,-0.172739,0.100000,-0.089500,0.100000
1787009923657560956,-14.190520,18.893400,2.497168,0.020104,-0.172739,0.100000,-0.090100,0.100000
1787009923707564478,-14.190520,18.893400,2.497168,0.020104,-0.165754,0.100000,-0.090100,0.100000
1787009923757627764,-14.031710,18.849330,2.497186,0.006345,-0.165754,0.100000,-0.090100,0.100000
1787009923807557698,-13.869990,18.797590,2.497100,0.001093,-0.163474,0.100000,-0.090600,0.100000
1787009923857510701,-13.722040,18.744020,2.497648,0.004327,-0.163474,0.100000,-0.086900,0.100000
1787009923907707927,-13.722040,18.744020,2.497648,0.004327,-0.161527,0.100000,-0.086900,0.100000
1787009923957784763,-13.564590,18.680360,2.497654,0.006786,-0.161527,0.100000,-0.086900,0.100000
1787009924007565973,-13.373580,18.593570,2.497863,0.033072,-0.160162,0.100000,-0.085300,0.100000
1787009924057580136,-13.373580,18.593570,2.497863,0.033072,-0.160162,0.100000,-0.085300,0.100000
1787009924107579858,-13.228630,18.520410,2.497928,0.019113,-0.153497,0.100000,-0.084800,0.100000
1787009924157606117,-13.075540,18.435930,2.498075,0.030748,-0.153497,0.100000,-0.083800,0.100000
1787009924207515430,-12.932090,18.349700,2.498080,0.035070,-0.151037,0.100000,-0.083800,0.100000
1787009924257596816,-12.932090,18.349700,2.498080,0.035070,-0.151037,0.100000,-0.083800,0.100000
1787009924307547811,-12.787650,18.255620,2.498526,0.013229,-0.144939,0.100000,-0.080100,0.100000
1787009924357819764,-12.650660,18.159390,2.498652,0.010440,-0.144939,0.100000,-0.079100,0.100000
1787009924407519791,-12.520980,18.061620,2.498640,0.029885,-0.137237,0.100000,-0.079100,0.100000
1787009924457650299,-12.520980,18.061620,2.498640,0.029885,-0.137237,0.100000,-0.079100,0.100000
1787009924507551826,-12.383030,17.950040,2.499044,0.012674,-0.132261,0.100000,-0.075900,0.100000
1787009924557559753,-12.263860,17.847120,2.499508,0.028230,-0.132261,0.100000,-0.071700,0.100000
1787009924607523727,-12.136840,17.730460,2.499459,0.013024,-0.129886,0.100000,-0.071700,0.100000
1787009924657597468,-12.136840,17.730460,2.499459,0.013024,-0.129886,0.100000,-0.071700,0.100000
1787009924707734429,-12.020580,17.616950,2.499763,0.013166,-0.122258,0.100000,-0.069100,0.100000
1787009924757603953,-11.909350,17.501950,2.499846,0.015017,-0.122258,0.100000,-0.068100,0.100000
1787009924807531724,-11.796410,17.378260,2.499843,0.004290,-0.121745,0.100000,-0.068100,0.100000
1787009924857603044,-11.796410,17.378260,2.499843,0.004290,-0.121745,0.100000,-0.068100,0.100000
1787009924907580331,-11.691870,17.257120,2.500250,0.002307,-0.122061,0.100000,-0.063900,0.100000
1787009924957602021,-11.582780,17.123470,2.500227,0.002293,-0.122061,0.100000,-0.063900,0.100000
1787009925007575522,-11.482030,16.992780,2.500231,0.026024,-0.123543,0.100000,-0.063900,0.100000
1787009925057644168,-11.482030,16.992780,2.500231,0.026024,-0.123543,0.100000,-0.063900,0.100000
1787009925107909102,-11.384860,16.859410,2.500236,0.030249,-0.119493,0.100000,-0.063900,0.100000
1787009925157599715,-11.384860,16.859410,2.500236,0.030249,-0.119493,0.100000,-0.063900,0.100000
1787009925207604278,-11.292760,16.725520,2.500133,0.030299,-0.121501,0.100000,-0.064900,0.100000
1787009925257680636,-11.200330,16.582840,2.500130,0.019499,-0.121501,0.100000,-0.064900,0.100000
1787009925307754402,-11.076690,16.377110,2.500381,0.002310,-0.123986,0.100000,-0.062300,0.100000
1787009925357551888,-11.076690,16.377110,2.500381,0.002310,-0.123986,0.100000,-0.062300,0.100000
1787009925407940809,-10.997550,16.235160,2.500218,0.025897,-0.128088,0.100000,-0.063900,0.100000
1787009925457606669,-10.997550,16.235160,2.500218,0.025897,-0.128088,0.100000,-0.063900,0.100000
1787009925507594807,-10.840270,15.922500,2.500132,0.058187,-0.123048,0.100000,-0.064900,0.100000
1787009925557592329,-10.840270,15.922500,2.500132,0.058187,-0.123048,0.100000,-0.064900,0.100000
1787009925607566077,-10.741310,15.698390,2.499922,0.019447,-0.130558,0.100000,-0.067000,0.100000
1787009925657757528,-10.741310,15.698390,2.499922,0.019447,-0.130558,0.100000,-0.067000,0.100000
1787009925707554134,-10.676470,15.535850,2.499932,0.002392,-0.131606,0.100000,-0.067000,0.100000
1787009925757583624,-10.621440,15.385600,2.500190,0.030079,-0.131606,0.100000,-0.064400,0.100000
1787009925807564612,-10.569000,15.229170,2.499748,0.005444,-0.135807,0.100000,-0.068600,0.100000
1787009925857642814,-10.569000,15.229170,2.499748,0.005444,-0.135807,0.100000,-0.068600,0.100000
1787009925907928469,-10.521850,15.073680,2.499730,0.015112,-0.135191,0.100000,-0.069100,0.100000
1787009925957653471,-10.521850,15.073680,2.499730,0.015112,-0.135191,0.100000,-0.069100,0.100000
1787009926007599714,-10.475570,14.902360,2.499507,0.002646,-0.139639,0.100000,-0.071200,0.100000
1787009926057575178,-10.434890,14.729620,2.499517,0.002160,-0.139639,0.100000,-0.071200,0.100000
1787009926107484255,-10.387560,14.486740,2.499558,0.004439,-0.133147,0.100000,-0.070700,0.100000
1787009926157564784,-10.387560,14.486740,2.499558,0.004439,-0.133147,0.100000,-0.070700,0.100000
1787009926207619456,-10.361160,14.316320,2.499278,0.008898,-0.137525,0.100000,-0.073300,0.100000
1787009926257547030,-10.338900,14.132700,2.499673,0.013164,-0.137525,0.100000,-0.069600,0.100000
1787009926307583810,-10.338900,14.132700,2.499673,0.013164,-0.131145,0.100000,-0.069600,0.100000
1787009926357593302,-10.323640,13.960890,2.499667,0.011020,-0.131145,0.100000,-0.069600,0.100000
1787009926407684580,-10.313890,13.791210,2.499392,0.002652,-0.134115,0.100000,-0.072300,0.100000
1787009926457537345,-10.309310,13.611310,2.499791,0.049583,-0.134115,0.100000,-0.068600,0.100000
1787009926507565397,-10.309310,13.611310,2.499791,0.049583,-0.130420,0.100000,-0.068600,0.100000
1787009926557548513,-10.310230,13.443830,2.499621,0.021362,-0.130420,0.100000,-0.070200,0.100000
1787009926607589379,-10.315600,13.288950,2.499626,0.017452,-0.125686,0.100000,-0.070200,0.100000
1787009926657613170,-10.326620,13.116820,2.499843,0.004553,-0.125686,0.100000,-0.068100,0.100000
1787009926707557104,-10.326620,13.116820,2.499843,0.004553,-0.127160,0.100000,-0.068100,0.100000
1787009926757527921,-10.340960,12.962490,2.499832,0.030161,-0.127160,0.100000,-0.068100,0.100000
1787009926807609700,-10.361450,12.793730,2.500044,0.003012,-0.121259,0.100000,-0.066000,0.100000
1787009926857593632,-10.385610,12.633030,2.499958,0.032402,-0.121259,0.100000,-0.066500,0.100000
1787009926907751266,-10.385610,12.633030,2.499958,0.032402,-0.114901,0.100000,-0.066500,0.100000
1787009926957602676,-10.415170,12.468160,2.499970,0.038880,-0.114901,0.100000,-0.066500,0.100000
1787009927007568020,-10.447740,12.311500,2.500286,0.023635,-0.107417,0.100000,-0.063400,0.100000
1787009927057485364,-10.486140,12.148420,2.500534,0.010741,-0.107417,0.100000,-0.060200,0.100000
1787009927107607937,-10.486140,12.148420,2.500534,0.010741,-0.105933,0.100000,-0.060200,0.100000
1787009927157667886,-10.531440,11.976760,2.500515,0.002566,-0.105933,0.100000,-0.060200,0.100000
1787009927207583708,-10.584270,11.796790,2.500866,0.004557,-0.099938,0.100000,-0.056000,0.100000
1787009927257627738,-10.584270,11.796790,2.500866,0.004557,-0.099938,0.100000,-0.056000,0.100000
1787009927307543641,-10.638730,11.627780,2.500882,0.010873,-0.093711,0.100000,-0.055500,0.100000
1787009927357645666,-10.692280,11.474280,2.501101,0.019282,-0.093711,0.100000,-0.052400,0.100000
1787009927407582763,-10.751870,11.314990,2.501096,0.008419,-0.087488,0.100000,-0.052400,0.100000
1787009927457608360,-10.751870,11.314990,2.501096,0.008419,-0.087488,0.100000,-0.052400,0.100000
1787009927507877024,-10.815020,11.157050,2.501305,0.028313,-0.078589,0.100000,-0.049200,0.100000
1787009927557611666,-10.815020,11.157050,2.501305,0.028313,-0.078589,0.100000,-0.049200,0.100000
1787009927607566326,-10.952080,10.842950,2.501481,0.019444,-0.075003,0.100000,-0.045600,0.100000
1787009927657462962,-11.055370,10.626130,2.501679,0.019444,-0.075003,0.100000,-0.041400,0.100000
1787009927707671301,-11.055370,10.626130,2.501679,0.010444,-0.065743,0.100000,-0.041400,0.100000
1787009927757563794,-11.055370,10.626130,2.501679,0.010444,-0.065743,0.100000,-0.041400,0.100000
1787009927807611061,-11.131850,10.474170,2.501677,0.002228,-0.059140,0.100000,-0.039300,0.100000
1787009927857689759,-11.202750,10.339020,2.501763,0.019327,-0.059140,0.100000,-0.039300,0.100000
1787009927907562486,-11.281700,10.193980,2.501914,0.049282,-0.055139,0.100000,-0.034600,0.100000
1787009927957567233,-11.281700,10.193980,2.501914,0.049282,-0.055139,0.100000,-0.034600,0.100000
1787009928007925165,-11.373880,10.030520,2.501985,0.019396,-0.047784,0.100000,-0.030900,0.100000
1787009928057597327,-11.373880,10.030520,2.501985,0.019396,-0.047784,0.100000,-0.030900,0.100000
1787009928107663165,-11.458230,9.885644,2.502012,0.004169,-0.043959,0.100000,-0.028800,0.100000
1787009928157959311,-11.543060,9.743959,2.501999,0.040551,-0.043959,0.100000,-0.028800,0.100000
1787009928207590780,-11.543060,9.743959,2.501999,0.040551,-0.041222,0.100000,-0.028800,0.100000
1787009928257594085,-11.756570,9.402350,2.502082,0.006626,-0.041222,0.100000,-0.023000,0.100000
1787009928307600760,-11.756570,9.402350,2.502082,0.006626,-0.034410,0.100000,-0.023000,0.100000
1787009928357558961,-11.879540,9.213682,2.502105,0.054753,-0.034410,0.100000,-0.021500,0.100000
1787009928407946916,-11.879540,9.213682,2.502105,0.054753,-0.032160,0.100000,-0.021500,0.100000
1787009928457519260,-11.969840,9.078408,2.502094,0.036693,-0.032160,0.100000,-0.021500,0.100000
1787009928507914388,-12.058450,8.948021,2.502140,0.021928,-0.026818,0.100000,-0.017800,0.100000
1787009928557637802,-12.058450,8.948021,2.502140,0.021928,-0.026818,0.100000,-0.017800,0.100000
1787009928607845133,-12.200970,8.742341,2.502128,0.008441,-0.025410,0.100000,-0.016800,0.100000
1787009928657714261,-12.200970,8.742341,2.502128,0.008441,-0.025410,0.100000,-0.016800,0.100000
1787009928707602310,-12.200970,8.742341,2.502128,0.008441,-0.025410,0.100000,-0.016800,0.100000
1787009928757560318,-12.345670,8.538190,2.502172,0.048419,-0.025410,0.100000,-0.014100,0.100000
1787009928807480887,-12.345670,8.538190,2.502172,0.048419,-0.023075,0.100000,-0.014100,0.100000
1787009928857571489,-12.492340,8.335447,2.502144,0.004285,-0.023075,0.100000,-0.014100,0.100000
1787009928907595163,-12.593090,8.198325,2.502156,0.043284,-0.018687,0.100000,-0.013100,0.100000
1787009928957554195,-12.694590,8.061757,2.502163,0.014943,-0.018687,0.100000,-0.012000,0.100000
1787009929007950836,-12.694590,8.061757,2.502163,0.014943,-0.017982,0.100000,-0.012000,0.100000
1787009929057563630,-12.798320,7.923725,2.502159,0.025539,-0.017982,0.100000,-0.012000,0.100000
1787009929107560131,-12.904240,7.784219,2.502173,0.042818,-0.016036,0.100000,-0.009900,0.100000
1787009929157628245,-13.050500,7.593647,2.502175,0.008811,-0.016036,0.100000,-0.009400,0.100000
1787009929207557926,-13.050500,7.593647,2.502175,0.008811,-0.015817,0.100000,-0.009400,0.100000
1787009929257697498,-13.153210,7.461141,2.502173,0.008398,-0.015817,0.100000,-0.009400,0.100000
1787009929307573324,-13.153210,7.461141,2.502173,0.008398,-0.015377,0.100000,-0.009400,0.100000
1787009929357560968,-13.264170,7.319188,2.502174,0.004648,-0.015377,0.100000,-0.008400,0.100000
1787009929407627334,-13.264170,7.319188,2.502174,0.004648,-0.015359,0.100000,-0.008400,0.100000
1787009929457581986,-13.473650,7.054168,2.502178,0.019129,-0.015359,0.100000,-0.007900,0.100000
1787009929507633528,-13.473650,7.054168,2.502178,0.019129,-0.015640,0.100000,-0.007900,0.100000
1787009929557604476,-13.622140,6.868530,2.502178,0.008769,-0.015640,0.100000,-0.007900,0.100000
1787009929607558147,-13.622140,6.868530,2.502178,0.008769,-0.015810,0.100000,-0.007900,0.100000
1787009929657578874,-13.728970,6.736084,2.502177,0.004461,-0.015810,0.100000,-0.007900,0.100000
1787009929707639143,-13.834680,6.605949,2.502175,0.006211,-0.015549,0.100000,-0.008400,0.100000
1787009929757554249,-13.942440,6.474257,2.502173,0.002366,-0.015549,0.100000,-0.008400,0.100000
1787009929807563859,-13.942440,6.474257,2.502173,0.002366,-0.014773,0.100000,-0.008400,0.100000
1787009929857585833,-14.047480,6.346811,2.502175,0.025817,-0.014773,0.100000,-0.008400,0.100000
1787009929907710454,-14.151370,6.221656,2.502173,0.000723,-0.006606,0.100000,-0.008400,0.100000
1787009929957576868,-14.254070,6.098773,2.502175,0.006420,-0.006606,0.100000,-0.007900,0.100000
1787009930007578218,-14.254070,6.098773,2.502175,0.006420,0.409360,0.065000,-0.007900,0.100000
1787009930057653257,-14.368460,5.962831,2.502179,0.012956,0.409360,0.065000,-0.007900,0.100000
1787009930107639077,-14.473530,5.838669,2.502193,0.004585,0.428748,0.065000,-0.003700,0.100000
1787009930157779228,-14.473530,5.838669,2.502193,0.004585,0.428748,0.065000,-0.003700,0.100000
1787009930207658581,-14.575520,5.715874,1.846719,7.803270,0.443712,0.065000,0.214200,0.065000
1787009930257741143,-14.651700,5.609275,1.614668,0.426866,0.443712,0.065000,0.224600,0.065000
1787009930307568272,-14.705430,5.521448,1.606071,0.030330,0.442310,0.065000,0.224600,0.065000
1787009930358065645,-14.705430,5.521448,1.606071,0.030330,0.442310,0.065000,0.224600,0.065000
1787009930407609325,-14.755580,5.426397,1.603620,0.013333,0.440000,0.065000,0.232500,0.065000
1787009930457561952,-14.800540,5.325277,1.603851,0.019513,0.440000,0.065000,0.231400,0.065000
1787009930507922294,-14.851540,5.179996,1.604148,0.042911,0.437197,0.065000,0.230400,0.065000
1787009930557812112,-14.851540,5.179996,1.604148,0.042911,0.437197,0.065000,0.230400,0.065000
1787009930607695820,-14.851540,5.179996,1.604148,0.042911,0.437197,0.065000,0.230400,0.065000
1787009930657584094,-14.878950,5.076064,1.604358,0.008286,0.437197,0.065000,0.230400,0.065000
1787009930707559384,-14.878950,5.076064,1.604358,0.008286,0.433180,0.065000,0.230400,0.065000
1787009930757580717,-14.907060,4.918155,1.604401,0.031480,0.433180,0.065000,0.230400,0.065000
1787009930807766709,-14.917020,4.814331,1.604717,0.024773,0.425302,0.065000,0.228800,0.065000
1787009930857572294,-14.920450,4.705235,1.605284,0.016889,0.425302,0.065000,0.226700,0.065000
1787009930907622800,-14.920450,4.705235,1.605284,0.016889,0.421981,0.065000,0.226700,0.065000
1787009930957713167,-14.916520,4.592940,1.605362,0.026410,0.421981,0.065000,0.226700,0.065000
1787009931007608405,-14.906160,4.489057,1.606295,0.011142,0.417125,0.065000,0.222500,0.065000
1787009931057539444,-14.888850,4.382815,1.606742,0.019754,0.417125,0.065000,0.221000,0.065000
1787009931107919689,-14.888850,4.382815,1.606742,0.019754,0.413189,0.065000,0.221000,0.065000
1787009931157498931,-14.864490,4.276315,1.606688,0.015403,0.413189,0.065000,0.221000,0.065000
1787009931207560610,-14.831910,4.166957,1.607404,0.017594,0.406154,0.065000,0.218300,0.065000
1787009931257535632,-14.775970,4.021417,1.607878,0.001864,0.406154,0.065000,0.216200,0.065000
1787009931307623243,-14.775970,4.021417,1.607878,0.001864,0.401321,0.065000,0.216200,0.065000
1787009931357500374,-14.726210,3.916904,1.607810,0.007257,0.401321,0.065000,0.216200,0.065000
1787009931407590161,-14.726210,3.916904,1.607810,0.007257,0.393596,0.065000,0.216200,0.065000
1787009931457592435,-14.676290,3.826875,1.608618,0.023147,0.393596,0.065000,0.212600,0.065000
1787009931507722891,-14.616760,3.733155,1.609303,0.014350,0.382214,0.065000,0.210000,0.065000
1787009931557555604,-14.557480,3.650857,1.609982,0.007718,0.382214,0.065000,0.206300,0.065000
1787009931607559318,-14.557480,3.650857,1.609982,0.007718,0.376033,0.065000,0.206300,0.065000
1787009931657566585,-14.488520,3.565830,1.610060,0.029798,0.376033,0.065000,0.206300,0.065000
1787009931707850824,-14.423580,3.494225,1.611355,0.055118,0.362165,0.065000,0.200000,0.065000
1787009931757608065,-14.348040,3.419318,1.611945,0.051019,0.362165,0.065000,0.196900,0.065000
1787009931807586223,-14.348040,3.419318,1.611945,0.051019,0.356400,0.065000,0.196900,0.065000
1787009931857803836,-14.270960,3.350753,1.611974,0.005547,0.356400,0.065000,0.196900,0.065000
1787009931907576699,-14.189040,3.285298,1.613402,0.004056,0.349911,0.065000,0.189500,0.065000
1787009931957560942,-14.189040,3.285298,1.613402,0.004056,0.349911,0.065000,0.189500,0.065000
1787009932007585107,-14.079660,3.207983,1.613955,0.003874,0.333404,0.065000,0.186400,0.065000
1787009932057812014,-13.980850,3.146768,1.614537,0.014227,0.333404,0.065000,0.183300,0.065000
1787009932107551261,-13.884520,3.094101,1.614502,0.026842,0.319895,0.065000,0.183300,0.065000
1787009932158056162,-13.884520,3.094101,1.614502,0.026842,0.319895,0.065000,0.183300,0.065000
1787009932207572551,-13.781100,3.044434,1.616151,0.015841,0.311340,0.065000,0.174400,0.065000
1787009932257834765,-13.681210,3.002464,1.617287,0.008124,0.311340,0.065000,0.167600,0.065000
1787009932307667341,-13.681210,3.002464,1.617287,0.008124,0.289539,0.065000,0.167600,0.065000
1787009932357557779,-13.536380,2.951016,1.617971,0.012285,0.289539,0.065000,0.162800,0.065000
1787009932407854023,-13.536380,2.951016,1.617971,0.012285,0.282151,0.065000,0.162800,0.065000
1787009932457602458,-13.536380,2.951016,1.617971,0.012285,0.282151,0.065000,0.162800,0.065000
1787009932507541162,-13.279460,2.884428,1.619628,0.030925,0.245293,0.065000,0.151800,0.065000
1787009932557694469,-13.279460,2.884428,1.619628,0.030925,0.245293,0.065000,0.151800,0.065000
1787009932607592091,-13.129420,2.858625,1.620130,0.129918,0.245293,0.065000,0.147700,0.065000
1787009932657687827,-13.129420,2.858625,1.620130,0.129918,0.245293,0.065000,0.147700,0.065000
1787009932707588416,-13.018410,2.845375,1.620267,0.019302,0.217524,0.065000,0.147700,0.065000
1787009932757559208,-12.906800,2.836597,1.622804,0.013559,0.217524,0.065000,0.128300,0.065000
1787009932807644277,-12.791690,2.831908,1.622739,0.020107,0.208676,0.065000,0.128300,0.065000
1787009932857558086,-12.791690,2.831908,1.622739,0.020107,0.208676,0.065000,0.128300,0.065000
1787009932907854781,-12.676360,2.831410,1.624332,0.001478,0.186179,0.065000,0.114100,0.065000
1787009932957610719,-12.578900,2.833999,1.624817,0.016621,0.186179,0.065000,0.109400,0.065000
1787009933007555766,-12.473440,2.839842,1.624821,0.019962,0.173233,0.100000,0.109400,0.065000
1787009933057589015,-12.473440,2.839842,1.624821,0.019962,0.173233,0.100000,0.109400,0.065000
1787009933107568363,-12.361660,2.849318,1.625950,0.040236,0.155552,0.100000,0.097400,0.065000
1787009933157581634,-12.224390,2.864411,2.182388,7.998504,0.155552,0.100000,0.090600,0.100000
1787009933207571339,-12.224390,2.864411,2.182388,7.998504,0.148431,0.100000,0.090600,0.100000
1787009933257744693,-12.065530,2.888602,2.461326,1.236555,0.148431,0.100000,0.090600,0.100000
1787009933307663724,-11.889900,2.922492,2.495089,0.117831,0.125189,0.100000,0.081700,0.100000
1787009933357574281,-11.721990,2.961252,2.498601,0.045200,0.125189,0.100000,0.077500,0.100000
1787009933407654304,-11.721990,2.961252,2.498601,0.045200,0.114243,0.100000,0.077500,0.100000
1787009933457841770,-11.565040,3.003063,2.498895,0.004987,0.114243,0.100000,0.077500,0.100000
1787009933507598158,-11.565040,3.003063,2.498895,0.004987,0.104419,0.100000,0.077500,0.100000
1787009933557662684,-11.262060,3.098049,2.500728,0.006137,0.104419,0.100000,0.059700,0.100000
1787009933607632288,-11.026870,3.183112,2.501085,0.020722,0.089853,0.100000,0.054500,0.100000
1787009933657615672,-11.026870,3.183112,2.501085,0.020722,0.089853,0.100000,0.054500,0.100000
1787009933707579274,-11.026870,3.183112,2.501085,0.020722,0.085293,0.100000,0.054500,0.100000
1787009933757738178,-10.866390,3.246589,2.501060,0.009651,0.085293,0.100000,0.054500,0.100000
1787009933807750739,-10.707380,3.313748,2.501531,0.035860,0.074730,0.100000,0.047100,0.100000
1787009933857563595,-10.556600,3.381041,2.501644,0.045731,0.074730,0.100000,0.044500,0.100000
1787009933907682426,-10.556600,3.381041,2.501644,0.045731,0.072310,0.100000,0.044500,0.100000
1787009933957841228,-10.386830,3.460949,2.501615,0.032787,0.072310,0.100000,0.044500,0.100000
1787009934007604350,-10.386830,3.460949,2.501615,0.032787,0.070505,0.100000,0.044500,0.100000
1787009934058043156,-10.243280,3.531897,2.501851,0.011049,0.070505,0.100000,0.039300,0.100000
1787009934107576124,-10.094230,3.608618,2.501888,0.023660,0.068463,0.100000,0.037700,0.100000
1787009934157706578,-10.094230,3.608618,2.501888,0.023660,0.068463,0.100000,0.037700,0.100000
1787009934207551609,-9.874118,3.727565,2.501883,0.004422,0.070099,0.100000,0.037200,0.100000
1787009934257731781,-9.715250,3.817688,2.501873,0.002571,0.070099,0.100000,0.037200,0.100000
1787009934307590458,-9.572966,3.901503,2.501927,0.016845,0.067261,0.100000,0.035600,0.100000
1787009934357968703,-9.572966,3.901503,2.501927,0.016845,0.067261,0.100000,0.035600,0.100000
1787009934407559536,-9.431972,3.987476,2.501874,0.012381,0.065651,0.100000,0.036700,0.100000
1787009934457584615,-9.290201,4.076940,2.501930,0.016577,0.065651,0.100000,0.035100,0.100000
1787009934507574456,-9.083213,4.212995,2.501927,0.014320,0.059969,0.100000,0.034600,0.100000
1787009934557591851,-9.083213,4.212995,2.501927,0.014320,0.059969,0.100000,0.034600,0.100000
1787009934607607476,-8.955113,4.300497,2.501920,0.055095,0.053601,0.100000,0.034600,0.100000
1787009934657800865,-8.955113,4.300497,2.501920,0.055095,0.053601,0.100000,0.034600,0.100000
1787009934707620854,-8.822125,4.394113,2.501919,0.022494,0.048324,0.100000,0.031400,0.100000
1787009934757600190,-8.694481,4.486611,2.502006,0.002268,0.048324,0.100000,0.031400,0.100000
1787009934807585962,-8.498118,4.633501,2.502107,0.003222,0.018858,0.100000,0.025100,0.100000
1787009934857646857,-8.498118,4.633501,2.502107,0.003222,0.018858,0.100000,0.025100,0.100000
1787009934907688810,-8.369194,4.732659,2.502075,0.005501,-0.010542,0.100000,0.025100,0.100000
1787009934957568403,-8.249151,4.826932,2.502069,0.013900,-0.010542,0.100000,0.025100,0.100000
1787009935007559434,-8.249151,4.826932,2.502069,0.013900,-0.059284,0.100000,0.025100,0.100000
1787009935057664464,-8.112264,4.936242,2.502239,0.014108,-0.059284,0.100000,0.009900,0.100000
1787009935107879474,-7.985388,5.038022,2.502192,0.006542,-0.246586,0.065000,-0.005800,0.100000
1787009935157591597,-7.850112,5.145267,2.501736,0.022848,-0.246586,0.065000,-0.030900,0.100000
1787009935207932338,-7.850112,5.145267,2.501736,0.022848,-0.293423,0.065000,-0.030900,0.100000
1787009935257560191,-7.711432,5.252234,2.501861,0.004602,-0.293423,0.065000,-0.030900,0.100000
1787009935307579985,-7.711432,5.252234,2.501861,0.004602,-0.322429,0.065000,-0.030900,0.100000
1787009935357591293,-7.596935,5.337233,1.932153,8.938795,-0.322429,0.065000,-0.129300,0.065000
1787009935407697639,-7.457050,5.428199,1.624712,0.261659,-0.344861,0.065000,-0.153400,0.065000
1787009935457559056,-7.362743,5.481776,1.616808,0.015812,-0.344861,0.065000,-0.168600,0.065000
1787009935507585619,-7.362743,5.481776,1.616808,0.015812,-0.341719,0.065000,-0.168600,0.065000
1787009935557587711,-7.264648,5.531406,1.616550,0.010652,-0.341719,0.065000,-0.168600,0.065000
1787009935607596681,-7.159829,5.577851,1.614470,0.012935,-0.341272,0.065000,-0.180600,0.065000
1787009935657579816,-7.159829,5.577851,1.614470,0.012935,-0.341272,0.065000,-0.180600,0.065000
1787009935707850820,-7.051126,5.619088,1.614865,0.007425,-0.336219,0.065000,-0.179100,0.065000
1787009935757621988,-7.051126,5.619088,1.614865,0.007425,-0.336219,0.065000,-0.179100,0.065000
1787009935807787889,-6.827763,5.683496,1.615000,0.026804,-0.332030,0.065000,-0.178500,0.065000
1787009935857501419,-6.675503,5.712862,1.615550,0.016810,-0.332030,0.065000,-0.175900,0.065000
1787009935907912708,-6.675503,5.712862,1.615550,0.016810,-0.321442,0.065000,-0.175900,0.065000
1787009935957590311,-6.675503,5.712862,1.615550,0.016810,-0.321442,0.065000,-0.175900,0.065000
1787009936007475638,-6.564961,5.727211,1.615534,0.030212,-0.321442,0.065000,-0.175900,0.065000
1787009936057707018,-6.564961,5.727211,1.615534,0.030212,-0.321442,0.065000,-0.175900,0.065000
1787009936107625892,-6.403755,5.737964,1.615940,0.032504,-0.304444,0.065000,-0.173800,0.065000
1787009936157566935,-6.297045,5.738637,1.616897,0.009292,-0.304444,0.065000,-0.168100,0.065000
1787009936207601090,-6.297045,5.738637,1.616897,0.009292,-0.292052,0.065000,-0.168100,0.065000
1787009936258013373,-6.187189,5.734098,1.616950,0.036646,-0.292052,0.065000,-0.168100,0.065000
1787009936307601305,-6.079190,5.724560,1.618361,0.004708,-0.273726,0.065000,-0.159200,0.065000
1787009936357583501,-5.963651,5.708998,1.619320,0.007377,-0.273726,0.065000,-0.152900,0.065000
1787009936407662241,-5.963651,5.708998,1.619320,0.007377,-0.264345,0.065000,-0.152900,0.065000
1787009936457535202,-5.863233,5.690987,1.619385,0.016715,-0.264345,0.065000,-0.152900,0.065000
1787009936507642159,-5.757229,5.667484,1.620746,0.000905,-0.241173,0.065000,-0.143500,0.065000
1787009936557555776,-5.647516,5.638427,1.621423,0.007431,-0.241173,0.065000,-0.138200,0.065000
1787009936607564527,-5.647516,5.638427,1.621423,0.007431,-0.230750,0.065000,-0.138200,0.065000
1787009936657569373,-5.543694,5.606440,1.621434,0.001427,-0.230750,0.065000,-0.138200,0.065000
1787009936707687282,-5.444104,5.571681,1.622928,0.048381,-0.201859,0.065000,-0.126200,0.065000
1787009936757568728,-5.341191,5.531716,1.623526,0.001266,-0.201859,0.065000,-0.121000,0.065000
1787009936807560922,-5.341191,5.531716,1.623526,0.001266,-0.188094,0.065000,-0.121000,0.065000
1787009936857824563,-5.247132,5.491527,1.623559,0.029212,-0.188094,0.065000,-0.121000,0.065000
1787009936907756561,-5.151320,5.447066,1.625132,0.001521,-0.157618,0.100000,-0.105800,0.065000
1787009936957575360,-5.055295,5.399179,1.625804,0.001208,-0.157618,0.100000,-0.098400,0.065000
1787009937007551235,-5.055295,5.399179,1.625804,0.001208,-0.137449,0.100000,-0.098400,0.065000
1787009937057807513,-4.954917,5.345541,1.625804,0.001590,-0.137449,0.100000,-0.098400,0.065000
1787009937107670988,-4.851417,5.287191,2.107295,8.429443,-0.094568,0.100000,-0.082700,0.100000
1787009937157566237,-4.722594,5.208986,2.446899,1.791575,-0.094568,0.100000,-0.071700,0.100000
1787009937207546596,-4.722594,5.208986,2.446899,1.791575,-0.080043,0.100000,-0.071700,0.100000
1787009937257635722,-4.577288,5.114211,2.494122,0.187935,-0.080043,0.100000,-0.071700,0.100000
1787009937307580858,-4.433538,5.014525,2.500857,0.021751,-0.053156,0.100000,-0.049700,0.100000
1787009937357539195,-4.299846,4.917636,2.501755,0.013394,-0.053156,0.100000,-0.041900,0.100000
1787009937407919794,-4.299846,4.917636,2.501755,0.013394,-0.037667,0.100000,-0.041900,0.100000
1787009937457598824,-4.299846,4.917636,2.501755,0.013394,-0.037667,0.100000,-0.041900,0.100000
1787009937507606066,-4.157971,4.810755,2.501771,0.001642,0.370570,0.065000,-0.041900,0.100000
1787009937557761131,-4.011992,4.696827,2.502211,0.012125,0.370570,0.065000,-0.027800,0.100000
1787009937607656336,-3.818782,4.541763,2.502251,0.014172,0.398117,0.065000,-0.019900,0.100000
1787009937657569174,-3.818782,4.541763,2.502251,0.014172,0.398117,0.065000,-0.019900,0.100000
1787009937707823008,-3.698490,4.445268,1.874045,8.691723,0.434114,0.065000,0.194300,0.065000
1787009937757697369,-3.612339,4.383496,1.629534,0.939264,0.434114,0.065000,0.208400,0.065000
1787009937807594251,-3.516470,4.323495,1.609978,0.051374,0.432543,0.065000,0.208400,0.065000
1787009937857577248,-3.516470,4.323495,1.609978,0.051374,0.432543,0.065000,0.208400,0.065000
1787009937907672440,-3.426165,4.274433,1.604782,0.029582,0.427394,0.065000,0.227200,0.065000
1787009937957670283,-3.324189,4.227288,1.605011,0.040442,0.427394,0.065000,0.226700,0.065000
1787009938007591640,-3.217750,4.186594,1.605011,0.040442,0.428253,0.065000,0.226700,0.065000
1787009938057560752,-3.217750,4.186594,1.604984,0.025050,0.428253,0.065000,0.226700,0.065000
1787009938107841266,-3.105648,4.152366,1.605809,0.020043,0.421242,0.065000,0.223600,0.065000
1787009938157625772,-3.105648,4.152366,1.605809,0.020043,0.421242,0.065000,0.223600,0.065000
1787009938207567829,-3.000896,4.127857,1.605758,0.042887,0.420528,0.065000,0.224100,0.065000
1787009938257730454,-2.904336,4.111386,1.605709,0.002750,0.420528,0.065000,0.224100,0.065000
1787009938307570185,-2.757248,4.097089,1.606712,0.049863,0.416558,0.065000,0.220400,0.065000
1787009938357622502,-2.757248,4.097089,1.606712,0.049863,0.416558,0.065000,0.220400,0.065000
1787009938407781600,-2.648024,4.094678,1.606686,0.011655,0.409898,0.065000,0.220400,0.065000
1787009938457666294,-2.532425,4.099664,1.607251,0.023387,0.409898,0.065000,0.218300,0.065000
1787009938508145074,-2.532425,4.099664,1.607251,0.023387,0.405373,0.065000,0.218300,0.065000
1787009938557585318,-2.532425,4.099664,1.607251,0.023387,0.405373,0.065000,0.218300,0.065000
1787009938607596266,-2.308152,4.131619,1.608080,0.022464,0.396752,0.065000,0.214700,0.065000
1787009938657579713,-2.308152,4.131619,1.608080,0.022464,0.396752,0.065000,0.214700,0.065000
1787009938707651372,-2.152435,4.171636,1.608584,0.081364,0.391909,0.065000,0.212100,0.065000
1787009938757596860,-2.053387,4.205142,1.608732,0.018919,0.391909,0.065000,0.212100,0.065000
1787009938807562970,-2.053387,4.205142,1.608732,0.018919,0.384011,0.065000,0.212100,0.065000
1787009938857650720,-1.953447,4.245640,1.609596,0.008260,0.384011,0.065000,0.207900,0.065000
1787009938907784382,-1.853150,4.293415,1.610203,0.016485,0.372638,0.065000,0.205300,0.065000
1787009938957619000,-1.758595,4.345455,1.611093,0.008097,0.372638,0.065000,0.201100,0.065000
1787009939007451696,-1.667154,4.402809,1.611109,0.020945,0.366217,0.065000,0.201100,0.065000
1787009939057732125,-1.667154,4.402809,1.611109,0.020945,0.366217,0.065000,0.201100,0.065000
1787009939107683470,-1.585487,4.460430,1.612178,0.027174,0.352411,0.065000,0.195300,0.065000
1787009939157566722,-1.496892,4.530408,1.612963,0.018504,0.352411,0.065000,0.191600,0.065000
1787009939207612578,-1.496892,4.530408,1.612963,0.018504,0.346476,0.065000,0.191600,0.065000
1787009939257704050,-1.413586,4.604199,1.612979,0.005332,0.346476,0.065000,0.191600,0.065000
1787009939307523605,-1.329938,4.687189,1.614303,0.003528,0.337574,0.065000,0.184300,0.065000
1787009939357590169,-1.329938,4.687189,1.614303,0.003528,0.337574,0.065000,0.184300,0.065000
1787009939407915864,-1.246896,4.779729,1.614871,0.023312,0.320224,0.065000,0.181200,0.065000
1787009939457635501,-1.246896,4.779729,1.614871,0.023312,0.320224,0.065000,0.181200,0.065000
1787009939507770601,-1.115640,4.951802,1.615624,0.010422,0.300780,0.065000,0.177000,0.065000
1787009939557639998,-1.033862,5.079921,1.617217,0.042828,0.300780,0.065000,0.167600,0.065000
1787009939607561409,-1.033862,5.079921,1.617217,0.042828,0.290172,0.065000,0.167600,0.065000
1787009939657601499,-1.033862,5.079921,1.617217,0.042828,0.290172,0.065000,0.167600,0.065000
1787009939707554553,-0.979351,5.177287,1.617217,0.022388,0.278815,0.065000,0.167600,0.065000
1787009939757600711,-0.927416,5.281616,1.618781,0.027477,0.278815,0.065000,0.157600,0.065000
1787009939807760073,-0.927416,5.281616,1.618781,0.027477,0.266785,0.065000,0.157600,0.065000
1787009939857487222,-0.880420,5.388335,1.618781,0.027477,0.266785,0.065000,0.151800,0.065000
1787009939907696365,-0.845536,5.477349,1.620469,0.030762,0.246174,0.065000,0.146100,0.065000
1787009939957576621,-0.845536,5.477349,1.620469,0.030762,0.246174,0.065000,0.146100,0.065000
1787009940007574127,-0.793875,5.630926,1.620461,0.015553,0.235430,0.065000,0.146100,0.065000
1787009940057491364,-0.753835,5.777965,1.621292,0.009111,0.235430,0.065000,0.139800,0.065000
1787009940108037585,-0.753835,5.777965,1.621292,0.009111,0.219379,0.065000,0.139800,0.065000
1787009940157586902,-0.753835,5.777965,1.621292,0.009111,0.219379,0.065000,0.139800,0.065000
1787009940207812962,-0.710463,5.989385,1.623361,0.011178,0.197226,0.065000,0.123000,0.065000
1787009940257605417,-0.710463,5.989385,1.623361,0.011178,0.197226,0.065000,0.123000,0.065000
1787009940307550566,-0.710463,5.989385,1.623361,0.011178,0.197226,0.065000,0.123000,0.065000
1787009940357745946,-0.688512,6.142037,1.624115,0.257838,0.197226,0.065000,0.114700,0.065000
1787009940407580212,-0.673557,6.298880,1.624280,0.004017,0.173150,0.100000,0.114700,0.065000
1787009940457653080,-0.667562,6.402732,1.625434,0.025503,0.173150,0.100000,0.103100,0.065000
1787009940507487791,-0.664560,6.500218,1.625403,0.002684,0.160884,0.100000,0.103100,0.065000
1787009940557563363,-0.664560,6.500218,1.625403,0.002684,0.160884,0.100000,0.103100,0.065000
1787009940607548359,-0.663495,6.619006,2.107778,8.378857,0.149441,0.100000,0.090600,0.100000
1787009940657715851,-0.667348,6.764670,2.441573,1.932209,0.149441,0.100000,0.084300,0.100000
1787009940707567400,-0.677598,6.927666,2.491574,0.224369,0.139792,0.100000,0.084300,0.100000
1787009940757575253,-0.677598,6.927666,2.491574,0.224369,0.139792,0.100000,0.084300,0.100000
1787009940807629126,-0.693880,7.094110,2.498175,0.025790,0.121462,0.100000,0.078000,0.100000
1787009940857658423,-0.693880,7.094110,2.498175,0.025790,0.121462,0.100000,0.078000,0.100000
1787009940907768620,-0.745835,7.442597,2.499418,0.021661,0.113223,0.100000,0.073300,0.100000
1787009940957678412,-0.745835,7.442597,2.499418,0.021661,0.113223,0.100000,0.073300,0.100000
1787009941007916346,-0.792789,7.672884,2.500388,0.070849,0.097512,0.100000,0.063400,0.100000
1787009941057647216,-0.792789,7.672884,2.500388,0.070849,0.097512,0.100000,0.063400,0.100000
1787009941107480249,-0.831029,7.833419,2.500370,0.013780,0.097512,0.100000,0.063400,0.100000
1787009941157828122,-0.831029,7.833419,2.500370,0.013780,0.097512,0.100000,0.063400,0.100000
1787009941207581913,-0.831029,7.833419,2.500370,0.013780,0.088662,0.100000,0.063400,0.100000
1787009941257664727,-0.944476,8.230122,2.501286,0.003922,0.088662,0.100000,0.051300,0.100000
1787009941307740441,-0.944476,8.230122,2.501286,0.003922,0.075325,0.100000,0.051300,0.100000
1787009941357572674,-1.024153,8.467220,2.501376,0.370011,0.075325,0.100000,0.046600,0.100000
1787009941407564816,-1.084416,8.631638,2.501528,0.019263,0.072461,0.100000,0.046600,0.100000
1787009941457661767,-1.084416,8.631638,2.501528,0.019263,0.072461,0.100000,0.046600,0.100000
1787009941507626904,-1.139600,8.773932,2.501881,0.028116,0.064506,0.100000,0.039300,0.100000
1787009941557555084,-1.208478,8.943095,2.501896,0.004485,0.064506,0.100000,0.037700,0.100000
1787009941607900094,-1.208478,8.943095,2.501896,0.004485,0.062818,0.100000,0.037700,0.100000
1787009941657505698,-1.278323,9.106429,2.501868,0.002622,0.062818,0.100000,0.037700,0.100000
1787009941708012272,-1.278323,9.106429,2.501868,0.002622,0.062645,0.100000,0.037700,0.100000
1787009941757575156,-1.346711,9.259487,2.501987,0.059923,0.062645,0.100000,0.034000,0.100000
1787009941807562682,-1.452874,9.486055,2.501988,0.009087,0.065416,0.100000,0.033000,0.100000
1787009941857743668,-1.452874,9.486055,2.501988,0.009087,0.065416,0.100000,0.033000,0.100000
1787009941907733391,-1.553620,9.690246,2.501979,0.024390,0.068494,0.100000,0.033000,0.100000
1787009941957555454,-1.633776,9.845976,2.501971,0.000857,0.068494,0.100000,0.033000,0.100000
1787009942007619024,-1.633776,9.845976,2.501971,0.000857,0.067565,0.100000,0.033000,0.100000
1787009942057582910,-1.716249,10.000490,2.501935,0.014486,0.067565,0.100000,0.034000,0.100000
1787009942107600331,-1.806027,10.162410,2.501883,0.007849,0.051298,0.100000,0.035600,0.100000
1787009942158635905,-1.882076,10.294740,2.501891,0.024837,0.051298,0.100000,0.035600,0.100000
1787009942208008880,-1.882076,10.294740,2.501891,0.024837,0.039636,0.100000,0.035600,0.100000
1787009942257610283,-1.971602,10.445270,2.501886,0.046466,0.039636,0.100000,0.035600,0.100000
1787009942307577539,-2.065968,10.598740,2.502100,0.007987,0.020447,0.100000,0.026700,0.100000
1787009942357571280,-2.065968,10.598740,2.502100,0.007987,0.020447,0.100000,0.026700,0.100000
1787009942407569674,-2.164783,10.755340,2.502154,0.018107,-0.009566,0.100000,0.020900,0.100000
1787009942457670494,-2.249949,10.888010,2.502242,0.031739,-0.009566,0.100000,0.010500,0.100000
1787009942507562851,-2.339788,11.026600,2.502208,0.005070,-0.020900,0.100000,0.010500,0.100000
1787009942557560212,-2.432645,11.169190,2.502193,0.003775,-0.020900,0.100000,-0.005200,0.100000
1787009942607757214,-2.432645,11.169190,2.502193,0.003775,-0.041476,0.100000,-0.005200,0.100000
1787009942657744018,-2.512888,11.293120,2.502150,0.040449,-0.041476,0.100000,-0.011000,0.100000
1787009942707618975,-2.596673,11.423690,2.502159,0.009051,-0.055963,0.100000,-0.011000,0.100000
1787009942757502385,-2.689012,11.569570,2.502006,0.039486,-0.055963,0.100000,-0.021500,0.100000
1787009942807639819,-2.689012,11.569570,2.502006,0.039486,-0.062003,0.100000,-0.021500,0.100000
1787009942857702522,-2.777375,11.712040,2.502041,0.021229,-0.062003,0.100000,-0.021500,0.100000
1787009942907559918,-2.870662,11.866150,2.501882,0.009095,-0.066067,0.100000,-0.029300,0.100000
1787009942957566215,-2.870662,11.866150,2.501882,0.009095,-0.066067,0.100000,-0.029300,0.100000
1787009943007550412,-2.955538,12.010700,2.501833,0.021757,-0.069673,0.100000,-0.032500,0.100000
1787009943057698653,-3.049313,12.176120,2.501796,0.023900,-0.069673,0.100000,-0.034600,0.100000
1787009943107576755,-3.132033,12.327640,2.501802,0.077323,-0.069084,0.100000,-0.034600,0.100000
1787009943157548825,-3.132033,12.327640,2.501802,0.077323,-0.069084,0.100000,-0.034600,0.100000
1787009943207558887,-3.207785,12.471550,2.501733,0.012903,-0.063222,0.100000,-0.036700,0.100000
1787009943257598675,-3.286911,12.627780,2.501770,0.025609,-0.063222,0.100000,-0.036100,0.100000
1787009943307574005,-3.352709,12.762710,2.501767,0.012930,-0.059685,0.100000,-0.036100,0.100000
1787009943357600331,-3.352709,12.762710,2.501767,0.012930,-0.059685,0.100000,-0.036100,0.100000
1787009943407595070,-3.425083,12.916690,2.501880,0.021307,-0.051206,0.100000,-0.033000,0.100000
1787009943457584502,-3.492217,13.064820,2.501915,0.006464,-0.051206,0.100000,-0.031400,0.100000
1787009943507877095,-3.492217,13.064820,2.501915,0.006464,-0.045744,0.100000,-0.031400,0.100000
1787009943557604849,-3.563322,13.227610,2.501902,0.019306,-0.045744,0.100000,-0.031400,0.100000
1787009943607583715,-3.635091,13.398290,2.502016,0.030234,-0.032291,0.100000,-0.026700,0.100000
1787009943657582832,-3.728780,13.630310,2.502043,0.004453,-0.032291,0.100000,-0.024100,0.100000
1787009943707596802,-3.728780,13.630310,2.502043,0.004453,-0.024289,0.100000,-0.024100,0.100000
1787009943757548670,-3.789543,13.786560,2.502038,0.002055,-0.024289,0.100000,-0.024100,0.100000
1787009943807574863,-3.789543,13.786560,2.502038,0.002055,-0.019289,0.100000,-0.024100,0.100000
1787009943857627353,-3.852374,13.952740,2.502145,0.017423,-0.019289,0.100000,-0.016800,0.100000
1787009943907600738,-3.915755,14.124060,2.502168,0.004388,-0.011393,0.100000,-0.012600,0.100000
1787009943957866245,-3.915755,14.124060,2.502168,0.004388,-0.011393,0.100000,-0.012600,0.100000
1787009944007575789,-3.975650,14.288670,2.502180,0.038783,-0.003772,0.100000,-0.009900,0.100000
1787009944057561306,-4.035761,14.455860,2.502194,0.036678,-0.003772,0.100000,-0.005800,0.100000
1787009944107627630,-4.118202,14.686810,2.502200,0.004585,0.013471,0.100000,-0.002100,0.100000
1787009944157577930,-4.118202,14.686810,2.502200,0.004585,0.013471,0.100000,-0.002100,0.100000
1787009944207566029,-4.172711,14.840060,2.502199,0.012960,0.013471,0.100000,-0.002100,0.100000
1787009944257810791,-4.229594,15.000440,2.502199,0.027892,0.013471,0.100000,-0.002100,0.100000
1787009944307622070,-4.229594,15.000440,2.502199,0.027892,0.022556,0.100000,-0.002100,0.100000
1787009944357559183,-4.279819,15.141930,2.502167,0.013446,0.022556,0.100000,0.006800,0.100000
1787009944407836860,-4.279819,15.141930,2.502167,0.013446,0.029918,0.100000,0.006800,0.100000
1787009944457608401,-4.279819,15.141930,2.502167,0.013446,0.029918,0.100000,0.006800,0.100000
1787009944507866170,-4.425093,15.544410,2.502136,0.000869,0.037715,0.100000,0.012000,0.100000
1787009944557503273,-4.512456,15.778890,2.502106,0.012868,0.037715,0.100000,0.015700,0.100000
1787009944607569761,-4.512456,15.778890,2.502106,0.012868,0.044505,0.100000,0.015700,0.100000
1787009944657575536,-4.512456,15.778890,2.502106,0.012868,0.044505,0.100000,0.015700,0.100000
1787009944707871419,-4.574097,15.940170,2.502113,0.027981,0.050070,0.100000,0.015700,0.100000
1787009944757642202,-4.574097,15.940170,2.502113,0.027981,0.050070,0.100000,0.015700,0.100000
1787009944807579453,-4.701287,16.261190,2.502001,0.008793,0.056431,0.100000,0.023600,0.100000
1787009944857444830,-4.795651,16.487510,2.501972,0.012914,0.056431,0.100000,0.026200,0.100000
1787009944907566790,-4.795651,16.487510,2.501972,0.012914,0.061370,0.100000,0.026200,0.100000
1787009944957612325,-4.795651,16.487510,2.501972,0.012914,0.061370,0.100000,0.026200,0.100000
1787009945007620089,-4.858266,16.632180,2.501980,0.025811,0.065306,0.100000,0.026200,0.100000
1787009945057576297,-4.923497,16.778430,2.501911,0.038931,0.065306,0.100000,0.029300,0.100000
1787009945107723649,-4.923497,16.778430,2.501911,0.038931,0.070471,0.100000,0.029300,0.100000
1787009945157468611,-5.083617,17.117850,2.501816,0.006544,0.070471,0.100000,0.034000,0.100000
1787009945207564131,-5.083617,17.117850,2.501816,0.006544,0.072213,0.100000,0.034000,0.100000
1787009945257606380,-5.183861,17.316680,2.501742,0.002294,0.072213,0.100000,0.036700,0.100000
1787009945307850482,-5.183861,17.316680,2.501742,0.002294,0.075967,0.100000,0.036700,0.100000
1787009945357672497,-5.183861,17.316680,2.501742,0.002294,0.075967,0.100000,0.036700,0.100000
1787009945407574854,-5.342595,17.611960,2.501711,0.008579,0.075967,0.100000,0.037700,0.100000
1787009945457661856,-5.342595,17.611960,2.501711,0.008579,0.075967,0.100000,0.037700,0.100000
1787009945507561496,-5.465930,17.826750,2.501657,0.119430,0.074488,0.100000,0.039800,0.100000
1787009945558116906,-5.465930,17.826750,2.501657,0.119430,0.074488,0.100000,0.039800,0.100000
1787009945607537123,-5.551044,17.968240,2.501637,0.002393,0.077802,0.100000,0.039800,0.100000
1787009945657570590,-5.639855,18.110400,2.501694,0.023785,0.077802,0.100000,0.038700,0.100000
1787009945707526994,-5.776890,18.319700,2.501603,0.002234,0.076977,0.100000,0.040800,0.100000
1787009945757559620,-5.776890,18.319700,2.501603,0.002234,0.076977,0.100000,0.040800,0.100000
1787009945807562771,-5.866019,18.449700,2.501610,0.015117,0.076977,0.100000,0.040800,0.100000
1787009945857619753,-5.866019,18.449700,2.501610,0.015117,0.076977,0.100000,0.040800,0.100000
1787009945907685339,-5.971961,18.598460,2.501619,0.053680,0.077496,0.100000,0.040800,0.100000
1787009945957567891,-6.062650,18.721200,2.501642,0.006421,0.077496,0.100000,0.040300,0.100000
1787009946007480853,-6.169089,18.860260,2.501636,0.015064,0.073335,0.100000,0.040300,0.100000
1787009946057727907,-6.169089,18.860260,2.501636,0.015064,0.073335,0.100000,0.040300,0.100000
1787009946107613432,-6.282755,19.003210,2.501641,0.002529,0.074920,0.100000,0.040300,0.100000
1787009946157612478,-6.394223,19.138280,2.501729,0.008589,0.074920,0.100000,0.038200,0.100000
1787009946207906617,-6.394223,19.138280,2.501729,0.008589,0.070884,0.100000,0.038200,0.100000
1787009946257563105,-6.499792,19.261980,2.501726,0.015014,0.070884,0.100000,0.038200,0.100000
1787009946307581227,-6.499792,19.261980,2.501726,0.015014,0.071382,0.100000,0.038200,0.100000
1787009946357769931,-6.620708,19.398850,2.501674,0.010677,0.071382,0.100000,0.039300,0.100000
1787009946407641854,-6.785145,19.577330,2.501769,0.019343,0.071916,0.100000,0.037200,0.100000
1787009946457562435,-6.899370,19.696570,2.501771,0.006627,0.071916,0.100000,0.037200,0.100000
1787009946507579462,-6.899370,19.696570,2.501771,0.006627,0.066795,0.100000,0.037200,0.100000
1787009946557651426,-7.019005,19.817540,2.501766,0.019263,0.066795,0.100000,0.037200,0.100000
1787009946607792258,-7.135189,19.931320,2.501751,0.015104,0.066957,0.100000,0.037700,0.100000
1787009946657645205,-7.260417,20.050160,2.501840,0.012938,0.066957,0.100000,0.035100,0.100000
1787009946707572289,-7.260417,20.050160,2.501840,0.012938,0.067088,0.100000,0.035100,0.100000
1787009946757987699,-7.391184,20.170400,2.501829,0.002233,0.067088,0.100000,0.035100,0.100000
1787009946807570100,-7.391184,20.170400,2.501829,0.002233,0.063747,0.100000,0.035100,0.100000
1787009946857613073,-7.641236,20.389940,2.501826,0.006533,0.063747,0.100000,0.035100,0.100000
1787009946907699120,-7.641236,20.389940,2.501826,0.006533,0.063824,0.100000,0.035100,0.100000
1787009946957573418,-7.819929,20.538970,2.501832,0.008504,0.063824,0.100000,0.033500,0.100000
1787009947007553227,-7.819929,20.538970,2.501832,0.008504,0.063723,0.100000,0.033500,0.100000
1787009947057656520,-7.940749,20.636270,2.501883,0.023644,0.063723,0.100000,0.033500,0.100000
1787009947107806123,-8.080687,20.745700,2.501875,0.010641,0.059360,0.100000,0.033500,0.100000
1787009947157612015,-8.220277,20.851480,2.501872,0.021573,0.059360,0.100000,0.033500,0.100000
1787009947207556011,-8.220277,20.851480,2.501872,0.021573,0.059229,0.100000,0.033500,0.100000
1787009947258030537,-8.359407,20.953700,2.501875,0.010769,0.059229,0.100000,0.033500,0.100000
1787009947307617057,-8.359407,20.953700,2.501875,0.010769,0.059208,0.100000,0.033500,0.100000
1787009947357568481,-8.631617,21.145110,2.501934,0.015171,0.059208,0.100000,0.030900,0.100000
1787009947407580277,-8.631617,21.145110,2.501934,0.015171,0.056594,0.100000,0.030900,0.100000
1787009947457590012,-8.839548,21.284280,2.501929,0.034540,0.056594,0.100000,0.030900,0.100000
1787009947507557217,-8.839548,21.284280,2.501929,0.034540,0.061106,0.100000,0.030900,0.100000
1787009947557553253,-8.978271,21.373870,2.501924,0.042956,0.061106,0.100000,0.030900,0.100000
1787009947607843458,-9.120269,21.462980,2.501956,0.021726,0.057941,0.100000,0.029800,0.100000
1787009947657773873,-9.120269,21.462980,2.501956,0.021726,0.057941,0.100000,0.029800,0.100000
1787009947707615830,-9.259130,21.547640,2.501902,0.002516,0.059231,0.100000,0.031900,0.100000
1787009947757560391,-9.414237,21.639270,2.501905,0.002198,0.059231,0.100000,0.031900,0.100000
1787009947807561489,-9.623079,21.757930,2.501924,0.019356,0.062397,0.100000,0.030900,0.100000
1787009947857613183,-9.623079,21.757930,2.501924,0.019356,0.062397,0.100000,0.030900,0.100000
1787009947907619233,-9.772350,21.839580,2.501929,0.019335,0.063249,0.100000,0.030900,0.100000
1787009947957566319,-9.911613,21.913430,2.501931,0.013007,0.063249,0.100000,0.030900,0.100000
1787009948007559565,-9.911613,21.913430,2.501931,0.013007,0.065695,0.100000,0.030900,0.100000
1787009948057673246,-10.058490,21.988900,2.501880,0.040859,0.065695,0.100000,0.032500,0.100000
1787009948107631286,-10.219890,22.068910,2.501875,0.042922,0.071779,0.100000,0.033000,0.100000
1787009948157687475,-10.364380,22.137930,2.501839,0.040953,0.071779,0.100000,0.034600,0.100000
1787009948207572119,-10.364380,22.137930,2.501839,0.040953,0.074648,0.100000,0.034600,0.100000
1787009948257874817,-10.514390,22.206950,2.501843,0.027866,0.074648,0.100000,0.034600,0.100000
1787009948307768081,-10.665420,22.273710,2.501729,0.036480,0.081647,0.100000,0.037700,0.100000
1787009948357615019,-10.829070,22.342780,2.501674,0.011039,0.081647,0.100000,0.039300,0.100000
1787009948407558752,-10.829070,22.342780,2.501674,0.011039,0.085036,0.100000,0.039300,0.100000
1787009948457573527,-10.975290,22.401620,2.501691,0.002023,0.085036,0.100000,0.039300,0.100000
1787009948507737573,-11.131830,22.461550,2.501516,0.025813,0.091735,0.100000,0.042900,0.100000
1787009948557615641,-11.131830,22.461550,2.501516,0.025813,0.091735,0.100000,0.042900,0.100000
1787009948607585613,-11.448120,22.572520,2.501458,0.015051,0.094772,0.100000,0.044500,0.100000
1787009948657680566,-11.448120,22.572520,2.501458,0.015051,0.094772,0.100000,0.048200,0.100000
1787009948707900352,-11.662870,22.640030,2.501252,0.019324,0.100783,0.100000,0.048200,0.100000
1787009948757599193,-11.662870,22.640030,2.501252,0.019324,0.100783,0.100000,0.048200,0.100000
1787009948807580226,-11.662870,22.640030,2.501252,0.019324,0.100783,0.100000,0.048200,0.100000
1787009948857605065,-11.811870,22.683050,2.501269,0.028131,0.100783,0.100000,0.048200,0.100000
1787009948907719189,-12.053870,22.746300,2.501177,0.008607,0.104457,0.100000,0.049700,0.100000
1787009948957592892,-12.053870,22.746300,2.501177,0.008607,0.104457,0.100000,0.049700,0.100000
1787009949007541321,-12.221970,22.785330,2.500978,0.017160,0.103696,0.100000,0.052900,0.100000
1787009949057574783,-12.373770,22.817030,2.500988,0.030068,0.103696,0.100000,0.052900,0.100000
1787009949107580844,-12.373770,22.817030,2.500988,0.030068,0.098952,0.100000,0.052900,0.100000
1787009949157572191,-12.590290,22.856440,2.500881,0.012897,0.098952,0.100000,0.054500,0.100000
1787009949207662378,-12.765810,22.883370,2.500872,0.000981,0.099127,0.100000,0.054500,0.100000
1787009949257562462,-12.959340,22.908010,2.501065,0.001341,0.099127,0.100000,0.051800,0.100000
1787009949307563901,-12.959340,22.908010,2.501065,0.001341,0.099057,0.100000,0.051800,0.100000
1787009949357574166,-13.121060,22.924690,2.501061,0.043207,0.099057,0.100000,0.051800,0.100000
1787009949407589265,-13.300570,22.939070,2.501058,0.012966,0.097961,0.100000,0.051800,0.100000
1787009949457545159,-13.460380,22.948240,2.501055,0.019525,0.097961,0.100000,0.051800,0.100000
1787009949507580500,-13.460380,22.948240,2.501055,0.019525,0.092839,0.100000,0.051800,0.100000
1787009949557736238,-13.620350,22.953990,2.501065,0.019460,0.092839,0.100000,0.051800,0.100000
1787009949607607483,-13.792900,22.956390,2.501106,0.034426,0.090552,0.100000,0.051300,0.100000
1787009949657578374,-13.955490,22.955120,2.501261,0.014986,0.090552,0.100000,0.048700,0.100000
1787009949707588395,-13.955490,22.955120,2.501261,0.014986,0.088610,0.100000,0.048700,0.100000
1787009949757584757,-14.115520,22.950630,2.501262,0.011055,0.088610,0.100000,0.048700,0.100000
1787009949807662719,-14.300390,22.941480,2.501321,0.015080,0.082139,0.100000,0.047600,0.100000
1787009949857688773,-14.300390,22.941480,2.501321,0.015080,0.082139,0.100000,0.047600,0.100000
1787009949907686873,-14.462590,22.930020,2.501382,0.014893,0.082139,0.100000,0.046600,0.100000
1787009949957602280,-14.624530,22.915400,2.501373,0.036597,0.082139,0.100000,0.046600,0.100000
1787009950007870071,-14.624530,22.915400,2.501373,0.036597,0.074691,0.100000,0.046600,0.100000
1787009950057497745,-14.860630,22.888380,2.501371,0.036555,0.074691,0.100000,0.046600,0.100000
1787009950107562121,-15.024180,22.865740,2.501574,0.002624,0.067448,0.100000,0.042900,0.100000
1787009950157605553,-15.271190,22.826010,2.501710,0.030093,0.067448,0.100000,0.039300,0.100000
1787009950207594410,-15.271190,22.826010,2.501710,0.030093,0.065368,0.100000,0.039300,0.100000
1787009950257565183,-15.271190,22.826010,2.501710,0.030093,0.065368,0.100000,0.039300,0.100000
1787009950307555610,-15.585790,22.766190,2.501868,0.013100,0.057672,0.100000,0.035100,0.100000
1787009950357807032,-15.585790,22.766190,2.501868,0.013100,0.057672,0.100000,0.035100,0.100000
1787009950407593533,-15.742390,22.732790,2.501844,0.028117,0.053977,0.100000,0.035100,0.100000
1787009950457524698,-15.917990,22.692550,2.501874,0.023852,0.053977,0.100000,0.034000,0.100000
1787009950507554780,-15.917990,22.692550,2.501874,0.023852,0.053125,0.100000,0.034000,0.100000
1787009950557766154,-16.252840,22.608260,2.502004,0.015123,0.053125,0.100000,0.028300,0.100000
1787009950607764813,-16.402560,22.567640,2.501999,0.032234,0.049233,0.100000,0.027800,0.100000
1787009950657590489,-16.402560,22.567640,2.501999,0.032234,0.049233,0.100000,0.027800,0.100000
1787009950707577608,-16.402560,22.567640,2.501999,0.032234,0.049881,0.100000,0.027800,0.100000
1787009950757570443,-16.559030,22.523280,2.501990,0.034255,0.049881,0.100000,0.027800,0.100000
1787009950807576211,-16.719800,22.475730,2.502034,0.004122,0.048592,0.100000,0.025700,0.100000
1787009950857663196,-16.865690,22.430880,2.502012,0.006479,0.048592,0.100000,0.026200,0.100000
1787009950907543534,-17.013510,22.383780,2.502014,0.038952,0.050220,0.100000,0.026200,0.100000
1787009950957614979,-17.170310,22.331970,2.502028,0.001230,0.050220,0.100000,0.025700,0.100000
1787009951007680822,-17.314730,22.282570,2.502006,0.013056,0.050218,0.100000,0.026200,0.100000
1787009951057628526,-17.314730,22.282570,2.502006,0.013056,0.050218,0.100000,0.026200,0.100000
1787009951107994854,-17.314730,22.282570,2.502006,0.013056,0.047887,0.100000,0.026200,0.100000
1787009951157598973,-17.484530,22.222370,2.502000,0.023585,0.047887,0.100000,0.026200,0.100000
1787009951207602023,-17.702760,22.141600,2.502011,0.002022,0.050492,0.100000,0.026200,0.100000
1787009951257920776,-17.702760,22.141600,2.502011,0.002022,0.050492,0.100000,0.026200,0.100000
1787009951307629781,-17.849880,22.084970,2.502028,0.025728,0.053151,0.100000,0.025100,0.100000
1787009951357555448,-17.849880,22.084970,2.502028,0.025728,0.053151,0.100000,0.025100,0.100000
1787009951407874153,-18.014960,22.019350,2.501997,0.010885,0.053308,0.100000,0.026200,0.100000
1787009951457644791,-18.014960,22.019350,2.501997,0.010885,0.053308,0.100000,0.026200,0.100000
1787009951507828574,-18.397700,21.858050,2.501982,0.019319,0.052965,0.100000,0.027800,0.100000
1787009951557724135,-18.397700,21.858050,2.501982,0.019319,0.052965,0.100000,0.027800,0.100000
1787009951607724994,-18.625920,21.755460,2.501980,0.006477,0.052965,0.100000,0.027800,0.100000
1787009951657622734,-18.625920,21.755460,2.501980,0.006477,0.052965,0.100000,0.027800,0.100000
1787009951707553171,-18.625920,21.755460,2.501980,0.006477,0.056905,0.100000,0.027800,0.100000
1787009951757527189,-18.852280,21.648850,2.501982,0.002255,0.056905,0.100000,0.027800,0.100000
1787009951807567624,-19.009580,21.571840,2.501987,0.008603,0.056398,0.100000,0.027800,0.100000
1787009951857543828,-19.170340,21.490530,2.501936,0.025698,0.056398,0.100000,0.029800,0.100000
1787009951908005123,-19.170340,21.490530,2.501936,0.025698,0.060842,0.100000,0.029800,0.100000
1787009951957477735,-19.323350,21.410560,2.501946,0.025698,0.060842,0.100000,0.029800,0.100000
1787009952007587974,-19.477490,21.327390,2.501961,0.014986,0.062975,0.100000,0.029300,0.100000
1787009952057537665,-19.693500,21.206180,2.501901,0.008891,0.062975,0.100000,0.031900,0.100000
1787009952107744384,-19.693500,21.206180,2.501901,0.008891,0.068170,0.100000,0.031900,0.100000
1787009952157586637,-19.833990,21.124240,2.501904,0.002153,0.068170,0.100000,0.031900,0.100000
1787009952207561173,-19.833990,21.124240,2.501904,0.002153,0.064099,0.100000,0.031900,0.100000
1787009952257607957,-19.966940,21.044320,2.501871,0.006533,0.064099,0.100000,0.033000,0.100000
1787009952307600113,-20.113620,20.953290,2.501800,0.025810,0.066680,0.100000,0.035600,0.100000
1787009952357575558,-20.254710,20.862750,2.501878,0.010837,0.066680,0.100000,0.033500,0.100000
1787009952407929169,-20.254710,20.862750,2.501878,0.010837,0.071562,0.100000,0.033500,0.100000
1787009952457589797,-20.254710,20.862750,2.501878,0.010837,0.071562,0.100000,0.033500,0.100000
1787009952507647364,-20.532860,20.675590,2.501824,0.012897,0.074571,0.100000,0.035100,0.100000
1787009952557584528,-20.532860,20.675590,2.501824,0.012897,0.074571,0.100000,0.035100,0.100000
1787009952607661540,-20.847410,20.448790,2.501732,0.030104,0.080243,0.100000,0.037700,0.100000
1787009952657885934,-20.847410,20.448790,2.501732,0.030104,0.080243,0.100000,0.037700,0.100000
1787009952707577011,-20.847410,20.448790,2.501732,0.030104,0.076123,0.100000,0.037700,0.100000
1787009952757563168,-20.978740,20.348720,2.501534,0.017256,0.076123,0.100000,0.041900,0.100000
1787009952807650891,-20.978740,20.348720,2.501534,0.017256,0.081177,0.100000,0.041900,0.100000
1787009952857715112,-21.174350,20.192750,2.501689,0.025754,0.081177,0.100000,0.039800,0.100000
1787009952907576174,-21.306910,20.082190,2.501677,0.023702,0.077693,0.100000,0.039800,0.100000
1787009952957592730,-21.306910,20.082190,2.501677,0.023702,0.077693,0.100000,0.039800,0.100000
1787009953007672267,-21.439330,19.967600,2.501557,0.015069,0.076177,0.100000,0.042400,0.100000
1787009953057621339,-21.439330,19.967600,2.501557,0.015069,0.076177,0.100000,0.042400,0.100000
1787009953107604752,-21.699480,19.729380,2.501645,0.006482,0.079709,0.100000,0.040800,0.100000
1787009953157557266,-21.699480,19.729380,2.501645,0.006482,0.079709,0.100000,0.040800,0.100000
1787009953207558421,-21.875080,19.558270,2.501680,0.040924,0.079576,0.100000,0.039800,0.100000
1787009953257670139,-21.875080,19.558270,2.501680,0.040924,0.079576,0.100000,0.039800,0.100000
1787009953307670398,-21.994380,19.436980,2.501679,0.010635,0.081123,0.100000,0.039800,0.100000
1787009953357736863,-22.111510,19.313610,2.501574,0.023856,0.081123,0.100000,0.041900,0.100000
1787009953407584254,-22.111510,19.313610,2.501574,0.023856,0.077452,0.100000,0.041900,0.100000
1787009953457914765,-22.233060,19.180680,2.501585,0.021589,0.077452,0.100000,0.041900,0.100000
1787009953507877234,-22.233060,19.180680,2.501585,0.021589,0.079971,0.100000,0.041900,0.100000
1787009953557833020,-22.465100,18.911710,2.501664,0.060198,0.079971,0.100000,0.040300,0.100000
1787009953607774000,-22.465100,18.911710,2.501664,0.060198,0.077133,0.100000,0.040300,0.100000
1787009953657626380,-22.616250,18.725070,2.501659,0.008524,0.077133,0.100000,0.040300,0.100000
1787009953707553099,-22.616250,18.725070,2.501659,0.008524,0.073405,0.100000,0.040300,0.100000
1787009953757594778,-22.717430,18.594590,2.501582,0.023698,0.073405,0.100000,0.041900,0.100000
1787009953807669212,-22.814830,18.464370,2.501661,0.015440,0.069125,0.100000,0.040300,0.100000
1787009953857663934,-22.912970,18.328470,2.501754,0.000119,0.069125,0.100000,0.038200,0.100000
1787009953907548251,-22.912970,18.328470,2.501754,0.000119,0.070646,0.100000,0.038200,0.100000
1787009953957663423,-23.017330,18.178590,2.501741,0.038738,0.070646,0.100000,0.038200,0.100000
1787009954007646077,-23.106650,18.045690,2.501820,0.027994,0.067883,0.100000,0.036100,0.100000
1787009954057565577,-23.187220,17.922000,2.501768,0.030173,0.067883,0.100000,0.037200,0.100000
1787009954107559992,-23.187220,17.922000,2.501768,0.030173,0.064440,0.100000,0.037200,0.100000
1787009954157575843,-23.284480,17.767420,2.501773,0.010724,0.064440,0.100000,0.037200,0.100000
1787009954207580351,-23.372700,17.621940,2.501823,0.032235,0.061810,0.100000,0.035600,0.100000
1787009954257562147,-23.453700,17.483800,2.501892,0.010787,0.061810,0.100000,0.033500,0.100000
1787009954307573359,-23.453700,17.483800,2.501892,0.010787,0.062889,0.100000,0.033500,0.100000
1787009954357585553,-23.536450,17.338010,2.501883,0.002437,0.062889,0.100000,0.033500,0.100000
1787009954407589074,-23.619490,17.186650,2.501907,0.002325,0.056409,0.100000,0.032500,0.100000
1787009954457482386,-23.698020,17.038550,2.501885,0.027996,0.056409,0.100000,0.033000,0.100000
1787009954507623234,-23.698020,17.038550,2.501885,0.027996,0.057440,0.100000,0.033000,0.100000
1787009954557661420,-23.785690,16.866990,2.501890,0.023545,0.057440,0.100000,0.033000,0.100000
1787009954607601787,-23.858680,16.718850,2.501986,0.021603,0.054062,0.100000,0.029300,0.100000
1787009954657775424,-23.858680,16.718850,2.501986,0.021603,0.054062,0.100000,0.029300,0.100000
1787009954707618619,-23.931930,16.565290,2.501953,0.019374,0.051741,0.100000,0.029800,0.100000
1787009954757573172,-24.006330,16.403960,2.501985,0.032241,0.051741,0.100000,0.028300,0.100000
1787009954807572160,-24.006330,16.403960,2.501985,0.032241,0.053080,0.100000,0.028300,0.100000
1787009954857710441,-24.083670,16.230240,2.501979,0.006468,0.053080,0.100000,0.028300,0.100000
1787009954907700515,-24.149880,16.076230,2.502004,0.006585,0.051325,0.100000,0.027200,0.100000
1787009954957579061,-24.217120,15.914500,2.501984,0.036578,0.051325,0.100000,0.027800,0.100000
1787009955007553993,-24.217120,15.914500,2.501984,0.036578,0.048706,0.100000,0.027800,0.100000
1787009955057620536,-24.284190,15.747290,2.501983,0.023648,0.048706,0.100000,0.027800,0.100000
1787009955107625698,-24.338460,15.607310,2.502005,0.021531,0.047049,0.100000,0.026700,0.100000
1787009955157625144,-24.397400,15.450360,2.502020,0.027825,0.047049,0.100000,0.025700,0.100000
1787009955207526925,-24.454600,15.292770,2.502020,0.027825,0.049001,0.100000,0.025700,0.100000
1787009955257577726,-24.506820,15.144040,2.502039,0.053785,0.049001,0.100000,0.024600,0.100000
1787009955307543005,-24.558340,14.992410,2.502007,0.006278,0.048326,0.100000,0.025700,0.100000
1787009955357561987,-24.558340,14.992410,2.502007,0.006278,0.048326,0.100000,0.025700,0.100000
1787009955407514457,-24.609030,14.837870,2.502008,0.010706,0.046104,0.100000,0.025700,0.100000
1787009955457961636,-24.609030,14.837870,2.502008,0.010706,0.046104,0.100000,0.025700,0.100000
1787009955507761539,-24.656610,14.687580,2.502020,0.040760,0.045540,0.100000,0.025100,0.100000
1787009955557578610,-24.710580,14.510460,2.502040,0.004535,0.045540,0.100000,0.024100,0.100000
1787009955607560944,-24.710580,14.510460,2.502040,0.004535,0.043330,0.100000,0.024100,0.100000
1787009955657593716,-24.759080,14.344760,2.502035,0.017018,0.043330,0.100000,0.024100,0.100000
1787009955707595999,-24.807140,14.173730,2.502035,0.030079,0.042759,0.100000,0.024100,0.100000
1787009955757484316,-24.850830,14.011870,2.502066,0.008746,0.042759,0.100000,0.022500,0.100000
1787009955807597231,-24.850830,14.011870,2.502066,0.008746,0.044885,0.100000,0.022500,0.100000
1787009955857759717,-24.900320,13.820490,2.502056,0.038672,0.044885,0.100000,0.022500,0.100000
1787009955907695240,-24.942950,13.648020,2.502054,0.051817,0.042957,0.100000,0.022500,0.100000
1787009955957667475,-24.942950,13.648020,2.502054,0.051817,0.042957,0.100000,0.022500,0.100000
1787009956007619049,-24.981540,13.484870,2.502037,0.036430,0.043041,0.100000,0.023600,0.100000
1787009956057597149,-25.016890,13.328680,2.502060,0.017270,0.043041,0.100000,0.022500,0.100000
1787009956107645563,-25.050800,13.172170,2.502056,0.025741,0.045606,0.100000,0.022500,0.100000
1787009956157481255,-25.084750,13.007990,2.502052,0.038652,0.045606,0.100000,0.022500,0.100000
1787009956207754391,-25.117090,12.843490,2.502021,0.017245,0.044853,0.100000,0.024100,0.100000
1787009956257655881,-25.117090,12.843490,2.502021,0.017245,0.044853,0.100000,0.024100,0.100000
1787009956307586354,-25.144610,12.695900,2.502030,0.045067,0.047529,0.100000,0.024100,0.100000
1787009956357577181,-25.144610,12.695900,2.502030,0.045067,0.047529,0.100000,0.024100,0.100000
1787009956407652130,-25.187450,12.449380,2.502045,0.019812,0.050732,0.100000,0.023600,0.100000
1787009956457637323,-25.212890,12.291270,2.502038,0.017250,0.050732,0.100000,0.023600,0.100000
1787009956507597237,-25.212890,12.291270,2.502038,0.017250,0.047437,0.100000,0.023600,0.100000
1787009956557597081,-25.236410,12.135400,2.502007,0.021639,0.047437,0.100000,0.025100,0.100000
1787009956607637777,-25.259660,11.969370,2.501984,0.006825,0.048078,0.100000,0.026700,0.100000
1787009956657565851,-25.259660,11.969370,2.501984,0.006825,0.048078,0.100000,0.026700,0.100000
1787009956707971831,-25.281360,11.800610,2.502034,0.006546,0.045604,0.100000,0.024600,0.100000
1787009956757759967,-25.302660,11.619200,2.502022,0.002332,0.045604,0.100000,0.024600,0.100000
1787009956807562786,-25.322850,11.427590,2.502018,0.010816,0.048244,0.100000,0.025100,0.100000
1787009956857564126,-25.322850,11.427590,2.502018,0.010816,0.048244,0.100000,0.025100,0.100000
1787009956907606597,-25.338290,11.263170,2.502036,0.012860,0.047972,0.100000,0.024100,0.100000
1787009956957722844,-25.352620,11.091110,2.502014,0.002319,0.047972,0.100000,0.025100,0.100000
1787009957007541088,-25.364210,10.931390,2.502016,0.008646,0.050455,0.100000,0.025100,0.100000
1787009957057610263,-25.364210,10.931390,2.502016,0.008646,0.050455,0.100000,0.025100,0.100000
1787009957107610782,-25.375150,10.754070,2.502017,0.008644,0.050433,0.100000,0.025100,0.100000
1787009957157587273,-25.383370,10.591640,2.501996,0.027882,0.050433,0.100000,0.026200,0.100000
1787009957207495882,-25.390160,10.419120,2.502002,0.027882,0.048006,0.100000,0.026200,0.100000
1787009957257759539,-25.390160,10.419120,2.502002,0.008666,0.048006,0.100000,0.026200,0.100000
1787009957307577161,-25.395120,10.239030,2.501998,0.017228,0.047301,0.100000,0.026200,0.100000
1787009957357576241,-25.397970,10.056380,2.502023,0.008680,0.047301,0.100000,0.025100,0.100000
1787009957407907907,-25.397970,10.056380,2.502023,0.008680,0.048688,0.100000,0.025100,0.100000
1787009957457598692,-25.398700,9.896231,2.502014,0.004287,0.048688,0.100000,0.025100,0.100000
1787009957507865540,-25.397670,9.723577,2.502027,0.010893,0.047873,0.100000,0.024600,0.100000
1787009957557634588,-25.392770,9.473413,2.502004,0.019267,0.047873,0.100000,0.025700,0.100000
1787009957607608580,-25.392770,9.473413,2.502004,0.019267,0.049189,0.100000,0.025700,0.100000
1787009957657537067,-25.392770,9.473413,2.502004,0.019267,0.049189,0.100000,0.025700,0.100000
1787009957707791933,-25.387100,9.303357,2.502014,0.015153,0.048859,0.100000,0.025700,0.100000
1787009957757616338,-25.378420,9.110885,2.502019,0.010897,0.048859,0.100000,0.025100,0.100000
1787009957807484432,-25.368760,8.941010,2.502006,0.001439,0.046507,0.100000,0.025700,0.100000
1787009957857730343,-25.368760,8.941010,2.502006,0.001439,0.046507,0.100000,0.025700,0.100000
1787009957907676353,-25.355920,8.753783,2.502008,0.045046,0.047343,0.100000,0.025700,0.100000
1787009957957576330,-25.342520,8.586675,2.502029,0.032140,0.047343,0.100000,0.024600,0.100000
1787009958007551253,-25.342520,8.586675,2.502029,0.032140,0.044560,0.100000,0.024600,0.100000
1787009958057577278,-25.308840,8.237992,2.502026,0.010823,0.044560,0.100000,0.024600,0.100000
1787009958107589205,-25.308840,8.237992,2.502026,0.010823,0.045293,0.100000,0.024600,0.100000
1787009958157690404,-25.291500,8.083824,2.502045,0.032458,0.045293,0.100000,0.023600,0.100000
1787009958207619379,-25.272410,7.927344,2.502040,0.010820,0.042682,0.100000,0.023600,0.100000
1787009958257663091,-25.272410,7.927344,2.502040,0.010820,0.042682,0.100000,0.023600,0.100000
1787009958307598556,-25.250120,7.758658,2.502042,0.034534,0.043196,0.100000,0.023600,0.100000
1787009958357707574,-25.227610,7.600104,2.502062,0.032358,0.043196,0.100000,0.022500,0.100000
1787009958407578098,-25.202870,7.436821,2.502054,0.008581,0.041026,0.100000,0.022500,0.100000
1787009958457558702,-25.202870,7.436821,2.502054,0.008581,0.041026,0.100000,0.022500,0.100000
1787009958507665166,-25.177800,7.281185,2.502053,0.017104,0.041019,0.100000,0.022500,0.100000
1787009958557600508,-25.148760,7.110990,2.502069,0.006537,0.041019,0.100000,0.021500,0.100000
1787009958607548063,-25.119470,6.948456,2.502069,0.019358,0.040946,0.100000,0.021500,0.100000
1787009958657604453,-25.119470,6.948456,2.502069,0.019358,0.040946,0.100000,0.021500,0.100000
1787009958707574753,-25.087770,6.781284,2.502063,0.028021,0.040213,0.100000,0.021500,0.100000
1787009958757565743,-25.054010,6.611961,2.502065,0.010721,0.040213,0.100000,0.021500,0.100000
1787009958807479182,-25.018650,6.442966,2.502063,0.006567,0.039541,0.100000,0.021500,0.100000
1787009958857670015,-25.018650,6.442966,2.502063,0.006567,0.039541,0.100000,0.021500,0.100000
1787009958907791606,-24.982240,6.276751,2.502072,0.017256,0.037504,0.100000,0.020900,0.100000
1787009958957579256,-24.942060,6.101126,2.502071,0.006676,0.037504,0.100000,0.020900,0.100000
1787009959007690749,-24.942060,6.101126,2.502071,0.006676,0.036908,0.100000,0.020900,0.100000
1787009959057574057,-24.903750,5.940483,2.502068,0.002401,0.036908,0.100000,0.020900,0.100000
1787009959107722982,-24.863430,5.777750,2.502084,0.030081,0.445179,0.065000,0.019900,0.100000
1787009959157601027,-24.821740,5.615363,2.502090,0.042969,0.445179,0.065000,0.019400,0.100000
1787009959207944753,-24.821740,5.615363,2.502090,0.042969,0.445850,0.065000,0.019400,0.100000
1787009959257767218,-24.775450,5.441249,2.502085,0.006461,0.445850,0.065000,0.019400,0.100000
1787009959307621002,-24.735030,5.298727,1.889249,9.105472,0.446632,0.065000,0.230600,0.065000
1787009959357494045,-24.692410,5.181848,1.618695,9.105472,0.446632,0.065000,0.233500,0.065000
1787009959407966717,-24.692410,5.181848,1.618695,0.695987,0.444624,0.065000,0.233500,0.065000
1787009959457643422,-24.645770,5.079373,1.604434,0.038833,0.444624,0.065000,0.233500,0.065000
1787009959507566030,-24.594710,4.984834,1.603497,0.021274,0.441038,0.065000,0.234000,0.065000
1787009959557548598,-24.594710,4.984834,1.603497,0.021274,0.441038,0.065000,0.234000,0.065000
1787009959607621099,-24.534780,4.889909,1.603796,0.007878,0.431613,0.065000,0.233000,0.065000
1787009959657586974,-24.469430,4.800574,1.604266,0.007121,0.431613,0.065000,0.230900,0.065000
1787009959707453995,-24.402470,4.720633,1.604414,0.007121,0.425265,0.065000,0.230900,0.065000
1787009959757861703,-24.402470,4.720633,1.604414,0.017139,0.425265,0.065000,0.230900,0.065000
1787009959807662980,-24.316760,4.631567,1.605545,0.024805,0.409792,0.065000,0.226200,0.065000
1787009959857577413,-24.232100,4.555166,1.606351,0.008440,0.409792,0.065000,0.222500,0.065000
1787009959907562237,-24.232100,4.555166,1.606351,0.008440,0.399854,0.065000,0.222500,0.065000
1787009959957660402,-24.148970,4.489371,1.606462,0.003690,0.399854,0.065000,0.222500,0.065000
1787009960007719014,-24.055130,4.424349,1.608160,0.004132,0.378985,0.065000,0.214700,0.065000
1787009960057565610,-23.962880,4.368558,1.609254,0.019937,0.378985,0.065000,0.209400,0.065000
1787009960107568766,-23.962880,4.368558,1.609254,0.019937,0.367469,0.065000,0.209400,0.065000
1787009960157746346,-23.867460,4.318344,1.609275,0.043295,0.367469,0.065000,0.209400,0.065000
1787009960207590450,-23.775110,4.276200,1.611533,0.013181,0.343635,0.065000,0.198400,0.065000
1787009960257640465,-23.671510,4.235593,1.612877,0.011317,0.343635,0.065000,0.192200,0.065000
1787009960307562448,-23.671510,4.235593,1.612877,0.011317,0.331674,0.065000,0.192200,0.065000
1787009960357616838,-23.565790,4.200859,1.612784,0.012603,0.331674,0.065000,0.192200,0.065000
1787009960407589046,-23.459770,4.172276,1.615031,0.039749,0.305083,0.065000,0.180100,0.065000
1787009960457576946,-23.357110,4.150016,1.616140,0.023138,0.305083,0.065000,0.173800,0.065000
1787009960507589652,-23.357110,4.150016,1.616140,0.023138,0.292237,0.065000,0.173800,0.065000
1787009960557797106,-23.253500,4.132681,1.616170,0.012030,0.292237,0.065000,0.173800,0.065000
1787009960607636619,-23.142630,4.119485,1.618414,0.018326,0.266557,0.065000,0.159700,0.065000
1787009960657668444,-23.036040,4.111597,1.619460,0.044336,0.266557,0.065000,0.152900,0.065000
1787009960707594847,-23.036040,4.111597,1.619460,0.044336,0.253910,0.065000,0.152900,0.065000
1787009960757561045,-22.835190,4.108922,1.621298,0.003054,0.253910,0.065000,0.139800,0.065000
1787009960807884568,-22.729840,4.113391,1.622142,0.020485,0.230243,0.065000,0.133000,0.065000
1787009960857570055,-22.729840,4.113391,1.622142,0.020485,0.230243,0.065000,0.133000,0.065000
1787009960907569940,-22.634420,4.120770,1.622162,0.018539,0.219566,0.065000,0.133000,0.065000
1787009960957577876,-22.532850,4.132133,1.622141,0.001025,0.219566,0.065000,0.133000,0.065000
1787009961007577987,-22.423590,4.148171,1.624203,0.007654,0.187396,0.065000,0.115200,0.065000
1787009961057566281,-22.423590,4.148171,1.624203,0.007654,0.187396,0.065000,0.115200,0.065000
1787009961107714588,-22.322860,4.166234,1.624213,0.012113,0.177245,0.065000,0.115200,0.065000
1787009961146421240,-22.227490,4.186293,1.624213,0.012113,0.177245,0.065000,0.115200,0.065000
