[0.000000] (-) TimerEvent: {}
[0.000597] (slam_toolbox) JobQueued: {'identifier': 'slam_toolbox', 'dependencies': OrderedDict()}
[0.000747] (autodrive_f1tenth) JobQueued: {'identifier': 'autodrive_f1tenth', 'dependencies': OrderedDict([('slam_toolbox', '/home/malik/controller-benchmarks/ros2/install/slam_toolbox')])}
[0.000788] (slam_toolbox) JobStarted: {'identifier': 'slam_toolbox'}
[0.008559] (slam_toolbox) JobProgress: {'identifier': 'slam_toolbox', 'progress': 'cmake'}
[0.009406] (slam_toolbox) JobProgress: {'identifier': 'slam_toolbox', 'progress': 'build'}
[0.010615] (slam_toolbox) Command: {'cmd': ['/usr/bin/cmake', '--build', '/home/malik/controller-benchmarks/ros2/build/slam_toolbox', '--', '-j8', '-l8'], 'cwd': '/home/malik/controller-benchmarks/ros2/build/slam_toolbox', 'env': OrderedDict([('GJS_DEBUG_TOPICS', 'JS ERROR;JS LOG'), ('LESSOPEN', '| /usr/bin/lesspipe %s'), ('USER', 'malik'), ('XDG_SESSION_TYPE', 'wayland'), ('SHLVL', '1'), ('LD_LIBRARY_PATH', '/home/malik/controller-benchmarks/ros2/install/slam_toolbox/lib:/opt/ros/humble/opt/rviz_ogre_vendor/lib:/opt/ros/humble/lib/x86_64-linux-gnu:/opt/ros/humble/lib'), ('HOME', '/home/malik'), ('CONDA_SHLVL', '0'), ('OLDPWD', '/home/malik/controller-benchmarks'), ('DESKTOP_SESSION', 'ubuntu'), ('GIO_LAUNCHED_DESKTOP_FILE', '/usr/share/applications/terminator.desktop'), ('ROS_PYTHON_VERSION', '3'), ('GNOME_SHELL_SESSION_MODE', 'ubuntu'), ('GTK_MODULES', 'gail:atk-bridge'), ('PS1', '\\[\\e[38;5;81m\\]\\u@\\h \\[\\e[38;5;226m\\]\\w \\[\\e[0m\\]$'), ('MANAGERPID', '1409'), ('SYSTEMD_EXEC_PID', '5562'), ('IM_CONFIG_CHECK_ENV', '1'), ('DBUS_SESSION_BUS_ADDRESS', 'unix:path=/run/user/1000/bus'), ('COLORTERM', 'truecolor'), ('_CE_M', ''), ('TERMINATOR_DBUS_NAME', 'net.tenshu.Terminator25ef4b219e3b005583550f2b0f9f990c3'), ('_CONDA_ROOT', '/home/malik/miniconda3'), ('GIO_LAUNCHED_DESKTOP_FILE_PID', '6826'), ('IM_CONFIG_PHASE', '1'), ('WAYLAND_DISPLAY', 'wayland-0'), ('COLCON_PREFIX_PATH', '/home/malik/controller-benchmarks/ros2/install:/home/malik/ros2_ws/install'), ('ROS_DISTRO', 'humble'), ('LOGNAME', 'malik'), ('JOURNAL_STREAM', '8:72390'), ('_', '/usr/bin/colcon'), ('ROS_VERSION', '2'), ('XDG_SESSION_CLASS', 'user'), ('USERNAME', 'malik'), ('TERM', 'xterm-256color'), ('GNOME_DESKTOP_SESSION_ID', 'this-is-deprecated'), ('_CE_CONDA', ''), ('ROS_LOCALHOST_ONLY', '0'), ('PATH', '/home/malik/miniconda3/condabin:/opt/ros/humble/bin:/home/malik/.local/bin:/home/malik/.local/bin:/usr/local/sbin:/usr/local/bin:/usr/sbin:/usr/bin:/sbin:/bin:/usr/games:/usr/local/games:/snap/bin:/snap/bin'), ('SESSION_MANAGER', 'local/malik-System-Product-Name:@/tmp/.ICE-unix/5537,unix/malik-System-Product-Name:/tmp/.ICE-unix/5537'), ('INVOCATION_ID', 'b075604a8391438ea917198707f8ed3d'), ('XDG_MENU_PREFIX', 'gnome-'), ('GNOME_SETUP_DISPLAY', ':1'), ('XDG_RUNTIME_DIR', '/run/user/1000'), ('DISPLAY', ':0'), ('TERMINATOR_DBUS_PATH', '/net/tenshu/Terminator2'), ('LANG', 'en_US.UTF-8'), ('XDG_CURRENT_DESKTOP', 'ubuntu:GNOME'), ('IBUS_DISABLE_SNOOPER', '1'), ('XMODIFIERS', '@im=ibus'), ('XDG_SESSION_DESKTOP', 'ubuntu'), ('XAUTHORITY', '/run/user/1000/.mutter-Xwaylandauth.S7J1R3'), ('LS_COLORS', 'rs=0:di=01;34:ln=01;36:mh=00:pi=40;33:so=01;35:do=01;35:bd=40;33;01:cd=40;33;01:or=40;31;01:mi=00:su=37;41:sg=30;43:ca=30;41:tw=30;42:ow=34;42:st=37;44:ex=01;32:*.tar=01;31:*.tgz=01;31:*.arc=01;31:*.arj=01;31:*.taz=01;31:*.lha=01;31:*.lz4=01;31:*.lzh=01;31:*.lzma=01;31:*.tlz=01;31:*.txz=01;31:*.tzo=01;31:*.t7z=01;31:*.zip=01;31:*.z=01;31:*.dz=01;31:*.gz=01;31:*.lrz=01;31:*.lz=01;31:*.lzo=01;31:*.xz=01;31:*.zst=01;31:*.tzst=01;31:*.bz2=01;31:*.bz=01;31:*.tbz=01;31:*.tbz2=01;31:*.tz=01;31:*.deb=01;31:*.rpm=01;31:*.jar=01;31:*.war=01;31:*.ear=01;31:*.sar=01;31:*.rar=01;31:*.alz=01;31:*.ace=01;31:*.zoo=01;31:*.cpio=01;31:*.7z=01;31:*.rz=01;31:*.cab=01;31:*.wim=01;31:*.swm=01;31:*.dwm=01;31:*.esd=01;31:*.jpg=01;35:*.jpeg=01;35:*.mjpg=01;35:*.mjpeg=01;35:*.gif=01;35:*.bmp=01;35:*.pbm=01;35:*.pgm=01;35:*.ppm=01;35:*.tga=01;35:*.xbm=01;35:*.xpm=01;35:*.tif=01;35:*.tiff=01;35:*.png=01;35:*.svg=01;35:*.svgz=01;35:*.mng=01;35:*.pcx=01;35:*.mov=01;35:*.mpg=01;35:*.mpeg=01;35:*.m2v=01;35:*.mkv=01;35:*.webm=01;35:*.webp=01;35:*.ogm=01;35:*.mp4=01;35:*.m4v=01;35:*.mp4v=01;35:*.vob=01;35:*.qt=01;35:*.nuv=01;35:*.wmv=01;35:*.asf=01;35:*.rm=01;35:*.rmvb=01;35:*.flc=01;35:*.avi=01;35:*.fli=01;35:*.flv=01;35:*.gl=01;35:*.dl=01;35:*.xcf=01;35:*.xwd=01;35:*.yuv=01;35:*.cgm=01;35:*.emf=01;35:*.ogv=01;35:*.ogx=01;35:*.aac=00;36:*.au=00;36:*.flac=00;36:*.m4a=00;36:*.mid=00;36:*.midi=00;36:*.mka=00;36:*.mp3=00;36:*.mpc=00;36:*.ogg=00;36:*.ra=00;36:*.wav=00;36:*.oga=00;36:*.opus=00;36:*.spx=00;36:*.xspf=00;36:'), ('SSH_AGENT_LAUNCHER', 'gnome-keyring'), ('SSH_AUTH_SOCK', '/run/user/1000/keyring/ssh'), ('AMENT_PREFIX_PATH', '/home/malik/controller-benchmarks/ros2/install/autodrive_f1tenth:/home/malik/controller-benchmarks/ros2/install/slam_toolbox:/home/malik/ros2_ws/install/autodrive_nigel:/home/malik/ros2_ws/install/autodrive_f1tenth:/opt/ros/humble'), ('CONDA_PYTHON_EXE', '/home/malik/miniconda3/bin/python'), ('SHELL', '/bin/bash'), ('TERMINATOR_UUID', 'urn:uuid:d879508f-ff42-4195-b39c-22765fb60071'), ('QT_ACCESSIBILITY', '1'), ('GDMSESSION', 'ubuntu'), ('LESSCLOSE', '/usr/bin/lesspipe %s %s'), ('GJS_DEBUG_OUTPUT', 'stderr'), ('_CONDA_EXE', '/home/malik/miniconda3/bin/conda'), ('QT_IM_MODULE', 'ibus'), ('PWD', '/home/malik/controller-benchmarks/ros2/build/slam_toolbox'), ('LC_ALL', 'en_US.UTF-8'), ('XDG_CONFIG_DIRS', '/etc/xdg/xdg-ubuntu:/etc/xdg'), ('CONDA_EXE', '/home/malik/miniconda3/bin/conda'), ('XDG_DATA_DIRS', '/usr/share/ubuntu:/home/malik/.local/share/flatpak/exports/share:/var/lib/flatpak/exports/share:/usr/local/share/:/usr/share/:/var/lib/snapd/desktop'), ('PYTHONPATH', '/home/malik/controller-benchmarks/ros2/install/autodrive_f1tenth/lib/python3.10/site-packages:/home/malik/controller-benchmarks/ros2/install/slam_toolbox/local/lib/python3.10/dist-packages:/home/malik/ros2_ws/install/autodrive_nigel/lib/python3.10/site-packages:/home/malik/ros2_ws/install/autodrive_f1tenth/lib/python3.10/site-packages:/opt/ros/humble/lib/python3.10/site-packages:/opt/ros/humble/local/lib/python3.10/dist-packages'), ('COLCON', '1'), ('VTE_VERSION', '6800'), ('CMAKE_PREFIX_PATH', '/home/malik/controller-benchmarks/ros2/install/slam_toolbox:/home/malik/controller-benchmarks/ros2/install/autodrive_f1tenth:/home/malik/ros2_ws/install/autodrive_nigel:/home/malik/ros2_ws/install/autodrive_f1tenth:/opt/ros/humble')]), 'shell': False}
[0.070102] (slam_toolbox) StdoutLine: {'line': b'[  1%] Built target slam_toolbox__cpp\n'}
[0.076367] (slam_toolbox) StdoutLine: {'line': b'[ 10%] Built target slam_toolbox__rosidl_generator_c\n'}
[0.084922] (slam_toolbox) StdoutLine: {'line': b'[ 10%] Built target ament_cmake_python_symlink_slam_toolbox\n'}
[0.092023] (slam_toolbox) StdoutLine: {'line': b'[ 12%] Built target kartoSlamToolbox\n'}
[0.101097] (-) TimerEvent: {}
[0.101591] (slam_toolbox) StdoutLine: {'line': b'[ 20%] Built target slam_toolbox__rosidl_typesupport_introspection_cpp\n'}
[0.102446] (slam_toolbox) StdoutLine: {'line': b'[ 29%] Built target slam_toolbox__rosidl_typesupport_fastrtps_cpp\n'}
[0.108136] (slam_toolbox) StdoutLine: {'line': b'[ 37%] Built target slam_toolbox__rosidl_typesupport_cpp\n'}
[0.116747] (slam_toolbox) StdoutLine: {'line': b'[ 46%] Built target slam_toolbox__rosidl_typesupport_fastrtps_c\n'}
[0.117041] (slam_toolbox) StdoutLine: {'line': b'[ 54%] Built target slam_toolbox__rosidl_typesupport_c\n'}
[0.122689] (slam_toolbox) StdoutLine: {'line': b'[ 62%] Built target slam_toolbox__rosidl_typesupport_introspection_c\n'}
[0.152879] (slam_toolbox) StdoutLine: {'line': b'[ 62%] Built target slam_toolbox\n'}
[0.154468] (slam_toolbox) StdoutLine: {'line': b'[ 64%] Built target SlamToolboxPlugin\n'}
[0.160245] (slam_toolbox) StdoutLine: {'line': b'[ 66%] Built target ceres_solver_plugin\n'}
[0.175323] (slam_toolbox) StdoutLine: {'line': b'[ 66%] Built target slam_toolbox__py\n'}
[0.181743] (slam_toolbox) StdoutLine: {'line': b'[ 71%] Built target toolbox_common\n'}
[0.201822] (-) TimerEvent: {}
[0.212327] (slam_toolbox) StdoutLine: {'line': b'[ 79%] Built target slam_toolbox__rosidl_generator_py\n'}
[0.238532] (slam_toolbox) StdoutLine: {'line': b'[ 80%] Built target lifelong_slam_toolbox\n'}
[0.241318] (slam_toolbox) StdoutLine: {'line': b'[ 82%] Built target sync_slam_toolbox\n'}
[0.242454] (slam_toolbox) StdoutLine: {'line': b'[ 85%] Built target async_slam_toolbox\n'}
[0.243101] (slam_toolbox) StdoutLine: {'line': b'[ 85%] Built target localization_slam_toolbox\n'}
[0.243837] (slam_toolbox) StdoutLine: {'line': b'[ 87%] Built target merge_maps_kinematic\n'}
[0.245782] (slam_toolbox) StdoutLine: {'line': b'[ 88%] Built target slam_toolbox__rosidl_typesupport_fastrtps_c__pyext\n'}
[0.273175] (slam_toolbox) StdoutLine: {'line': b'[ 90%] Built target slam_toolbox__rosidl_typesupport_c__pyext\n'}
[0.275064] (slam_toolbox) StdoutLine: {'line': b'[ 92%] Built target slam_toolbox__rosidl_typesupport_introspection_c__pyext\n'}
[0.295696] (slam_toolbox) StdoutLine: {'line': b'[ 95%] Built target lifelong_slam_toolbox_node\n'}
[0.296075] (slam_toolbox) StdoutLine: {'line': b'[ 95%] Built target async_slam_toolbox_node\n'}
[0.301948] (-) TimerEvent: {}
[0.303673] (slam_toolbox) StdoutLine: {'line': b'[ 96%] Built target map_and_localization_slam_toolbox\n'}
[0.308195] (slam_toolbox) StdoutLine: {'line': b'[ 97%] Built target sync_slam_toolbox_node\n'}
[0.314518] (slam_toolbox) StdoutLine: {'line': b'[ 99%] Built target localization_slam_toolbox_node\n'}
[0.350896] (slam_toolbox) StdoutLine: {'line': b'[100%] Built target map_and_localization_slam_toolbox_node\n'}
[0.401713] (slam_toolbox) StdoutLine: {'line': b'running egg_info\n'}
[0.401957] (-) TimerEvent: {}
[0.403084] (slam_toolbox) StdoutLine: {'line': b'writing slam_toolbox.egg-info/PKG-INFO\n'}
[0.403371] (slam_toolbox) StdoutLine: {'line': b'writing dependency_links to slam_toolbox.egg-info/dependency_links.txt\n'}
[0.403529] (slam_toolbox) StdoutLine: {'line': b'writing top-level names to slam_toolbox.egg-info/top_level.txt\n'}
[0.406216] (slam_toolbox) StdoutLine: {'line': b"reading manifest file 'slam_toolbox.egg-info/SOURCES.txt'\n"}
[0.407705] (slam_toolbox) StdoutLine: {'line': b"writing manifest file 'slam_toolbox.egg-info/SOURCES.txt'\n"}
[0.453210] (slam_toolbox) StdoutLine: {'line': b'[100%] Built target ament_cmake_python_build_slam_toolbox_egg\n'}
[0.466939] (slam_toolbox) CommandEnded: {'returncode': 0}
[0.467647] (slam_toolbox) JobProgress: {'identifier': 'slam_toolbox', 'progress': 'install'}
[0.477621] (slam_toolbox) Command: {'cmd': ['/usr/bin/cmake', '--install', '/home/malik/controller-benchmarks/ros2/build/slam_toolbox'], 'cwd': '/home/malik/controller-benchmarks/ros2/build/slam_toolbox', 'env': OrderedDict([('GJS_DEBUG_TOPICS', 'JS ERROR;JS LOG'), ('LESSOPEN', '| /usr/bin/lesspipe %s'), ('USER', 'malik'), ('XDG_SESSION_TYPE', 'wayland'), ('SHLVL', '1'), ('LD_LIBRARY_PATH', '/home/malik/controller-benchmarks/ros2/install/slam_toolbox/lib:/opt/ros/humble/opt/rviz_ogre_vendor/lib:/opt/ros/humble/lib/x86_64-linux-gnu:/opt/ros/humble/lib'), ('HOME', '/home/malik'), ('CONDA_SHLVL', '0'), ('OLDPWD', '/home/malik/controller-benchmarks'), ('DESKTOP_SESSION', 'ubuntu'), ('GIO_LAUNCHED_DESKTOP_FILE', '/usr/share/applications/terminator.desktop'), ('ROS_PYTHON_VERSION', '3'), ('GNOME_SHELL_SESSION_MODE', 'ubuntu'), ('GTK_MODULES', 'gail:atk-bridge'), ('PS1', '\\[\\e[38;5;81m\\]\\u@\\h \\[\\e[38;5;226m\\]\\w \\[\\e[0m\\]$'), ('MANAGERPID', '1409'), ('SYSTEMD_EXEC_PID', '5562'), ('IM_CONFIG_CHECK_ENV', '1'), ('DBUS_SESSION_BUS_ADDRESS', 'unix:path=/run/user/1000/bus'), ('COLORTERM', 'truecolor'), ('_CE_M', ''), ('TERMINATOR_DBUS_NAME', 'net.tenshu.Terminator25ef4b219e3b005583550f2b0f9f990c3'), ('_CONDA_ROOT', '/home/malik/miniconda3'), ('GIO_LAUNCHED_DESKTOP_FILE_PID', '6826'), ('IM_CONFIG_PHASE', '1'), ('WAYLAND_DISPLAY', 'wayland-0'), ('COLCON_PREFIX_PATH', '/home/malik/controller-benchmarks/ros2/install:/home/malik/ros2_ws/install'), ('ROS_DISTRO', 'humble'), ('LOGNAME', 'malik'), ('JOURNAL_STREAM', '8:72390'), ('_', '/usr/bin/colcon'), ('ROS_VERSION', '2'), ('XDG_SESSION_CLASS', 'user'), ('USERNAME', 'malik'), ('TERM', 'xterm-256color'), ('GNOME_DESKTOP_SESSION_ID', 'this-is-deprecated'), ('_CE_CONDA', ''), ('ROS_LOCALHOST_ONLY', '0'), ('PATH', '/home/malik/miniconda3/condabin:/opt/ros/humble/bin:/home/malik/.local/bin:/home/malik/.local/bin:/usr/local/sbin:/usr/local/bin:/usr/sbin:/usr/bin:/sbin:/bin:/usr/games:/usr/local/games:/snap/bin:/snap/bin'), ('SESSION_MANAGER', 'local/malik-System-Product-Name:@/tmp/.ICE-unix/5537,unix/malik-System-Product-Name:/tmp/.ICE-unix/5537'), ('INVOCATION_ID', 'b075604a8391438ea917198707f8ed3d'), ('XDG_MENU_PREFIX', 'gnome-'), ('GNOME_SETUP_DISPLAY', ':1'), ('XDG_RUNTIME_DIR', '/run/user/1000'), ('DISPLAY', ':0'), ('TERMINATOR_DBUS_PATH', '/net/tenshu/Terminator2'), ('LANG', 'en_US.UTF-8'), ('XDG_CURRENT_DESKTOP', 'ubuntu:GNOME'), ('IBUS_DISABLE_SNOOPER', '1'), ('XMODIFIERS', '@im=ibus'), ('XDG_SESSION_DESKTOP', 'ubuntu'), ('XAUTHORITY', '/run/user/1000/.mutter-Xwaylandauth.S7J1R3'), ('LS_COLORS', 'rs=0:di=01;34:ln=01;36:mh=00:pi=40;33:so=01;35:do=01;35:bd=40;33;01:cd=40;33;01:or=40;31;01:mi=00:su=37;41:sg=30;43:ca=30;41:tw=30;42:ow=34;42:st=37;44:ex=01;32:*.tar=01;31:*.tgz=01;31:*.arc=01;31:*.arj=01;31:*.taz=01;31:*.lha=01;31:*.lz4=01;31:*.lzh=01;31:*.lzma=01;31:*.tlz=01;31:*.txz=01;31:*.tzo=01;31:*.t7z=01;31:*.zip=01;31:*.z=01;31:*.dz=01;31:*.gz=01;31:*.lrz=01;31:*.lz=01;31:*.lzo=01;31:*.xz=01;31:*.zst=01;31:*.tzst=01;31:*.bz2=01;31:*.bz=01;31:*.tbz=01;31:*.tbz2=01;31:*.tz=01;31:*.deb=01;31:*.rpm=01;31:*.jar=01;31:*.war=01;31:*.ear=01;31:*.sar=01;31:*.rar=01;31:*.alz=01;31:*.ace=01;31:*.zoo=01;31:*.cpio=01;31:*.7z=01;31:*.rz=01;31:*.cab=01;31:*.wim=01;31:*.swm=01;31:*.dwm=01;31:*.esd=01;31:*.jpg=01;35:*.jpeg=01;35:*.mjpg=01;35:*.mjpeg=01;35:*.gif=01;35:*.bmp=01;35:*.pbm=01;35:*.pgm=01;35:*.ppm=01;35:*.tga=01;35:*.xbm=01;35:*.xpm=01;35:*.tif=01;35:*.tiff=01;35:*.png=01;35:*.svg=01;35:*.svgz=01;35:*.mng=01;35:*.pcx=01;35:*.mov=01;35:*.mpg=01;35:*.mpeg=01;35:*.m2v=01;35:*.mkv=01;35:*.webm=01;35:*.webp=01;35:*.ogm=01;35:*.mp4=01;35:*.m4v=01;35:*.mp4v=01;35:*.vob=01;35:*.qt=01;35:*.nuv=01;35:*.wmv=01;35:*.asf=01;35:*.rm=01;35:*.rmvb=01;35:*.flc=01;35:*.avi=01;35:*.fli=01;35:*.flv=01;35:*.gl=01;35:*.dl=01;35:*.xcf=01;35:*.xwd=01;35:*.yuv=01;35:*.cgm=01;35:*.emf=01;35:*.ogv=01;35:*.ogx=01;35:*.aac=00;36:*.au=00;36:*.flac=00;36:*.m4a=00;36:*.mid=00;36:*.midi=00;36:*.mka=00;36:*.mp3=00;36:*.mpc=00;36:*.ogg=00;36:*.ra=00;36:*.wav=00;36:*.oga=00;36:*.opus=00;36:*.spx=00;36:*.xspf=00;36:'), ('SSH_AGENT_LAUNCHER', 'gnome-keyring'), ('SSH_AUTH_SOCK', '/run/user/1000/keyring/ssh'), ('AMENT_PREFIX_PATH', '/home/malik/controller-benchmarks/ros2/install/autodrive_f1tenth:/home/malik/controller-benchmarks/ros2/install/slam_toolbox:/home/malik/ros2_ws/install/autodrive_nigel:/home/malik/ros2_ws/install/autodrive_f1tenth:/opt/ros/humble'), ('CONDA_PYTHON_EXE', '/home/malik/miniconda3/bin/python'), ('SHELL', '/bin/bash'), ('TERMINATOR_UUID', 'urn:uuid:d879508f-ff42-4195-b39c-22765fb60071'), ('QT_ACCESSIBILITY', '1'), ('GDMSESSION', 'ubuntu'), ('LESSCLOSE', '/usr/bin/lesspipe %s %s'), ('GJS_DEBUG_OUTPUT', 'stderr'), ('_CONDA_EXE', '/home/malik/miniconda3/bin/conda'), ('QT_IM_MODULE', 'ibus'), ('PWD', '/home/malik/controller-benchmarks/ros2/build/slam_toolbox'), ('LC_ALL', 'en_US.UTF-8'), ('XDG_CONFIG_DIRS', '/etc/xdg/xdg-ubuntu:/etc/xdg'), ('CONDA_EXE', '/home/malik/miniconda3/bin/conda'), ('XDG_DATA_DIRS', '/usr/share/ubuntu:/home/malik/.local/share/flatpak/exports/share:/var/lib/flatpak/exports/share:/usr/local/share/:/usr/share/:/var/lib/snapd/desktop'), ('PYTHONPATH', '/home/malik/controller-benchmarks/ros2/install/autodrive_f1tenth/lib/python3.10/site-packages:/home/malik/controller-benchmarks/ros2/install/slam_toolbox/local/lib/python3.10/dist-packages:/home/malik/ros2_ws/install/autodrive_nigel/lib/python3.10/site-packages:/home/malik/ros2_ws/install/autodrive_f1tenth/lib/python3.10/site-packages:/opt/ros/humble/lib/python3.10/site-packages:/opt/ros/humble/local/lib/python3.10/dist-packages'), ('COLCON', '1'), ('VTE_VERSION', '6800'), ('CMAKE_PREFIX_PATH', '/home/malik/controller-benchmarks/ros2/install/slam_toolbox:/home/malik/controller-benchmarks/ros2/install/autodrive_f1tenth:/home/malik/ros2_ws/install/autodrive_nigel:/home/malik/ros2_ws/install/autodrive_f1tenth:/opt/ros/humble')]), 'shell': False}
[0.486455] (slam_toolbox) StdoutLine: {'line': b'-- Install configuration: "Release"\n'}
[0.487169] (slam_toolbox) StdoutLine: {'line': b'-- Execute custom install script\n'}
[0.487519] (slam_toolbox) StdoutLine: {'line': b'-- Up-to-date symlink: /home/malik/controller-benchmarks/ros2/install/slam_toolbox/include//karto_sdk/Karto.h\n'}
[0.487606] (slam_toolbox) StdoutLine: {'line': b'-- Up-to-date symlink: /home/malik/controller-benchmarks/ros2/install/slam_toolbox/include//karto_sdk/Macros.h\n'}
[0.487677] (slam_toolbox) StdoutLine: {'line': b'-- Up-to-date symlink: /home/malik/controller-benchmarks/ros2/install/slam_toolbox/include//karto_sdk/Mapper.h\n'}
[0.487728] (slam_toolbox) StdoutLine: {'line': b'-- Up-to-date symlink: /home/malik/controller-benchmarks/ros2/install/slam_toolbox/include//karto_sdk/Math.h\n'}
[0.487794] (slam_toolbox) StdoutLine: {'line': b'-- Up-to-date symlink: /home/malik/controller-benchmarks/ros2/install/slam_toolbox/include//karto_sdk/Types.h\n'}
[0.487851] (slam_toolbox) StdoutLine: {'line': b'-- Up-to-date symlink: /home/malik/controller-benchmarks/ros2/install/slam_toolbox/include//karto_sdk/nanoflann.hpp\n'}
[0.487907] (slam_toolbox) StdoutLine: {'line': b'-- Up-to-date symlink: /home/malik/controller-benchmarks/ros2/install/slam_toolbox/include//karto_sdk/nanoflann_adaptors.h\n'}
[0.488009] (slam_toolbox) StdoutLine: {'line': b'-- Up-to-date symlink: /home/malik/controller-benchmarks/ros2/install/slam_toolbox/share/ament_index/resource_index/rosidl_interfaces/slam_toolbox\n'}
[0.488859] (slam_toolbox) StdoutLine: {'line': b'-- Up-to-date symlink: /home/malik/controller-benchmarks/ros2/install/slam_toolbox/include/slam_toolbox/slam_toolbox/msg/detail/graph_edge__functions.h\n'}
[0.489026] (slam_toolbox) StdoutLine: {'line': b'-- Up-to-date symlink: /home/malik/controller-benchmarks/ros2/install/slam_toolbox/include/slam_toolbox/slam_toolbox/msg/detail/graph_edge__struct.h\n'}
[0.489086] (slam_toolbox) StdoutLine: {'line': b'-- Up-to-date symlink: /home/malik/controller-benchmarks/ros2/install/slam_toolbox/include/slam_toolbox/slam_toolbox/msg/detail/graph_edge__type_support.h\n'}
[0.489190] (slam_toolbox) StdoutLine: {'line': b'-- Up-to-date symlink: /home/malik/controller-benchmarks/ros2/install/slam_toolbox/include/slam_toolbox/slam_toolbox/msg/detail/graph_node__functions.h\n'}
[0.489245] (slam_toolbox) StdoutLine: {'line': b'-- Up-to-date symlink: /home/malik/controller-benchmarks/ros2/install/slam_toolbox/include/slam_toolbox/slam_toolbox/msg/detail/graph_node__struct.h\n'}
[0.489304] (slam_toolbox) StdoutLine: {'line': b'-- Up-to-date symlink: /home/malik/controller-benchmarks/ros2/install/slam_toolbox/include/slam_toolbox/slam_toolbox/msg/detail/graph_node__type_support.h\n'}
[0.489365] (slam_toolbox) StdoutLine: {'line': b'-- Up-to-date symlink: /home/malik/controller-benchmarks/ros2/install/slam_toolbox/include/slam_toolbox/slam_toolbox/msg/detail/localized_laser_scan__functions.h\n'}
[0.489425] (slam_toolbox) StdoutLine: {'line': b'-- Up-to-date symlink: /home/malik/controller-benchmarks/ros2/install/slam_toolbox/include/slam_toolbox/slam_toolbox/msg/detail/localized_laser_scan__struct.h\n'}
[0.489505] (slam_toolbox) StdoutLine: {'line': b'-- Up-to-date symlink: /home/malik/controller-benchmarks/ros2/install/slam_toolbox/include/slam_toolbox/slam_toolbox/msg/detail/localized_laser_scan__type_support.h\n'}
[0.489609] (slam_toolbox) StdoutLine: {'line': b'-- Up-to-date symlink: /home/malik/controller-benchmarks/ros2/install/slam_toolbox/include/slam_toolbox/slam_toolbox/msg/detail/loop_closure_event__functions.h\n'}
[0.489678] (slam_toolbox) StdoutLine: {'line': b'-- Up-to-date symlink: /home/malik/controller-benchmarks/ros2/install/slam_toolbox/include/slam_toolbox/slam_toolbox/msg/detail/loop_closure_event__struct.h\n'}
[0.489748] (slam_toolbox) StdoutLine: {'line': b'-- Up-to-date symlink: /home/malik/controller-benchmarks/ros2/install/slam_toolbox/include/slam_toolbox/slam_toolbox/msg/detail/loop_closure_event__type_support.h\n'}
[0.489835] (slam_toolbox) StdoutLine: {'line': b'-- Up-to-date symlink: /home/malik/controller-benchmarks/ros2/install/slam_toolbox/include/slam_toolbox/slam_toolbox/msg/detail/new_node_event__functions.h\n'}
[0.489973] (slam_toolbox) StdoutLine: {'line': b'-- Up-to-date symlink: /home/malik/controller-benchmarks/ros2/install/slam_toolbox/include/slam_toolbox/slam_toolbox/msg/detail/new_node_event__struct.h\n'}
[0.490162] (slam_toolbox) StdoutLine: {'line': b'-- Up-to-date symlink: /home/malik/controller-benchmarks/ros2/install/slam_toolbox/include/slam_toolbox/slam_toolbox/msg/detail/new_node_event__type_support.h\n'}
[0.490238] (slam_toolbox) StdoutLine: {'line': b'-- Up-to-date symlink: /home/malik/controller-benchmarks/ros2/install/slam_toolbox/include/slam_toolbox/slam_toolbox/msg/detail/pose_graph__functions.h\n'}
[0.490313] (slam_toolbox) StdoutLine: {'line': b'-- Up-to-date symlink: /home/malik/controller-benchmarks/ros2/install/slam_toolbox/include/slam_toolbox/slam_toolbox/msg/detail/pose_graph__struct.h\n'}
[0.490395] (slam_toolbox) StdoutLine: {'line': b'-- Up-to-date symlink: /home/malik/controller-benchmarks/ros2/install/slam_toolbox/include/slam_toolbox/slam_toolbox/msg/detail/pose_graph__type_support.h\n'}
[0.490471] (slam_toolbox) StdoutLine: {'line': b'-- Up-to-date symlink: /home/malik/controller-benchmarks/ros2/install/slam_toolbox/include/slam_toolbox/slam_toolbox/msg/graph_edge.h\n'}
[0.490534] (slam_toolbox) StdoutLine: {'line': b'-- Up-to-date symlink: /home/malik/controller-benchmarks/ros2/install/slam_toolbox/include/slam_toolbox/slam_toolbox/msg/graph_node.h\n'}
[0.490595] (slam_toolbox) StdoutLine: {'line': b'-- Up-to-date symlink: /home/malik/controller-benchmarks/ros2/install/slam_toolbox/include/slam_toolbox/slam_toolbox/msg/localized_laser_scan.h\n'}
[0.490679] (slam_toolbox) StdoutLine: {'line': b'-- Up-to-date symlink: /home/malik/controller-benchmarks/ros2/install/slam_toolbox/include/slam_toolbox/slam_toolbox/msg/loop_closure_event.h\n'}
[0.490751] (slam_toolbox) StdoutLine: {'line': b'-- Up-to-date symlink: /home/malik/controller-benchmarks/ros2/install/slam_toolbox/include/slam_toolbox/slam_toolbox/msg/new_node_event.h\n'}
[0.490811] (slam_toolbox) StdoutLine: {'line': b'-- Up-to-date symlink: /home/malik/controller-benchmarks/ros2/install/slam_toolbox/include/slam_toolbox/slam_toolbox/msg/pose_graph.h\n'}
[0.490906] (slam_toolbox) StdoutLine: {'line': b'-- Up-to-date symlink: /home/malik/controller-benchmarks/ros2/install/slam_toolbox/include/slam_toolbox/slam_toolbox/msg/rosidl_generator_c__visibility_control.h\n'}
[0.490969] (slam_toolbox) StdoutLine: {'line': b'-- Up-to-date symlink: /home/malik/controller-benchmarks/ros2/install/slam_toolbox/include/slam_toolbox/slam_toolbox/srv/add_submap.h\n'}
[0.491133] (slam_toolbox) StdoutLine: {'line': b'-- Up-to-date symlink: /home/malik/controller-benchmarks/ros2/install/slam_toolbox/include/slam_toolbox/slam_toolbox/srv/clear.h\n'}
[0.491211] (slam_toolbox) StdoutLine: {'line': b'-- Up-to-date symlink: /home/malik/controller-benchmarks/ros2/install/slam_toolbox/include/slam_toolbox/slam_toolbox/srv/clear_queue.h\n'}
[0.491300] (slam_toolbox) StdoutLine: {'line': b'-- Up-to-date symlink: /home/malik/controller-benchmarks/ros2/install/slam_toolbox/include/slam_toolbox/slam_toolbox/srv/deserialize_pose_graph.h\n'}
[0.491395] (slam_toolbox) StdoutLine: {'line': b'-- Up-to-date symlink: /home/malik/controller-benchmarks/ros2/install/slam_toolbox/include/slam_toolbox/slam_toolbox/srv/detail/add_submap__functions.h\n'}
[0.491461] (slam_toolbox) StdoutLine: {'line': b'-- Up-to-date symlink: /home/malik/controller-benchmarks/ros2/install/slam_toolbox/include/slam_toolbox/slam_toolbox/srv/detail/add_submap__struct.h\n'}
[0.491526] (slam_toolbox) StdoutLine: {'line': b'-- Up-to-date symlink: /home/malik/controller-benchmarks/ros2/install/slam_toolbox/include/slam_toolbox/slam_toolbox/srv/detail/add_submap__type_support.h\n'}
[0.491598] (slam_toolbox) StdoutLine: {'line': b'-- Up-to-date symlink: /home/malik/controller-benchmarks/ros2/install/slam_toolbox/include/slam_toolbox/slam_toolbox/srv/detail/clear__functions.h\n'}
[0.491663] (slam_toolbox) StdoutLine: {'line': b'-- Up-to-date symlink: /home/malik/controller-benchmarks/ros2/install/slam_toolbox/include/slam_toolbox/slam_toolbox/srv/detail/clear__struct.h\n'}
[0.491737] (slam_toolbox) StdoutLine: {'line': b'-- Up-to-date symlink: /home/malik/controller-benchmarks/ros2/install/slam_toolbox/include/slam_toolbox/slam_toolbox/srv/detail/clear__type_support.h\n'}
[0.491811] (slam_toolbox) StdoutLine: {'line': b'-- Up-to-date symlink: /home/malik/controller-benchmarks/ros2/install/slam_toolbox/include/slam_toolbox/slam_toolbox/srv/detail/clear_queue__functions.h\n'}
[0.491885] (slam_toolbox) StdoutLine: {'line': b'-- Up-to-date symlink: /home/malik/controller-benchmarks/ros2/install/slam_toolbox/include/slam_toolbox/slam_toolbox/srv/detail/clear_queue__struct.h\n'}
[0.491959] (slam_toolbox) StdoutLine: {'line': b'-- Up-to-date symlink: /home/malik/controller-benchmarks/ros2/install/slam_toolbox/include/slam_toolbox/slam_toolbox/srv/detail/clear_queue__type_support.h\n'}
[0.492039] (slam_toolbox) StdoutLine: {'line': b'-- Up-to-date symlink: /home/malik/controller-benchmarks/ros2/install/slam_toolbox/include/slam_toolbox/slam_toolbox/srv/detail/deserialize_pose_graph__functions.h\n'}
[0.492117] (slam_toolbox) StdoutLine: {'line': b'-- Up-to-date symlink: /home/malik/controller-benchmarks/ros2/install/slam_toolbox/include/slam_toolbox/slam_toolbox/srv/detail/deserialize_pose_graph__struct.h\n'}
[0.492193] (slam_toolbox) StdoutLine: {'line': b'-- Up-to-date symlink: /home/malik/controller-benchmarks/ros2/install/slam_toolbox/include/slam_toolbox/slam_toolbox/srv/detail/deserialize_pose_graph__type_support.h\n'}
[0.492271] (slam_toolbox) StdoutLine: {'line': b'-- Up-to-date symlink: /home/malik/controller-benchmarks/ros2/install/slam_toolbox/include/slam_toolbox/slam_toolbox/srv/detail/loop_closure__functions.h\n'}
[0.492346] (slam_toolbox) StdoutLine: {'line': b'-- Up-to-date symlink: /home/malik/controller-benchmarks/ros2/install/slam_toolbox/include/slam_toolbox/slam_toolbox/srv/detail/loop_closure__struct.h\n'}
[0.492423] (slam_toolbox) StdoutLine: {'line': b'-- Up-to-date symlink: /home/malik/controller-benchmarks/ros2/install/slam_toolbox/include/slam_toolbox/slam_toolbox/srv/detail/loop_closure__type_support.h\n'}
[0.492499] (slam_toolbox) StdoutLine: {'line': b'-- Up-to-date symlink: /home/malik/controller-benchmarks/ros2/install/slam_toolbox/include/slam_toolbox/slam_toolbox/srv/detail/merge_maps__functions.h\n'}
[0.492575] (slam_toolbox) StdoutLine: {'line': b'-- Up-to-date symlink: /home/malik/controller-benchmarks/ros2/install/slam_toolbox/include/slam_toolbox/slam_toolbox/srv/detail/merge_maps__struct.h\n'}
[0.492652] (slam_toolbox) StdoutLine: {'line': b'-- Up-to-date symlink: /home/malik/controller-benchmarks/ros2/install/slam_toolbox/include/slam_toolbox/slam_toolbox/srv/detail/merge_maps__type_support.h\n'}
[0.492727] (slam_toolbox) StdoutLine: {'line': b'-- Up-to-date symlink: /home/malik/controller-benchmarks/ros2/install/slam_toolbox/include/slam_toolbox/slam_toolbox/srv/detail/pause__functions.h\n'}
[0.492803] (slam_toolbox) StdoutLine: {'line': b'-- Up-to-date symlink: /home/malik/controller-benchmarks/ros2/install/slam_toolbox/include/slam_toolbox/slam_toolbox/srv/detail/pause__struct.h\n'}
[0.492877] (slam_toolbox) StdoutLine: {'line': b'-- Up-to-date symlink: /home/malik/controller-benchmarks/ros2/install/slam_toolbox/include/slam_toolbox/slam_toolbox/srv/detail/pause__type_support.h\n'}
[0.492951] (slam_toolbox) StdoutLine: {'line': b'-- Up-to-date symlink: /home/malik/controller-benchmarks/ros2/install/slam_toolbox/include/slam_toolbox/slam_toolbox/srv/detail/reset__functions.h\n'}
[0.493029] (slam_toolbox) StdoutLine: {'line': b'-- Up-to-date symlink: /home/malik/controller-benchmarks/ros2/install/slam_toolbox/include/slam_toolbox/slam_toolbox/srv/detail/reset__struct.h\n'}
[0.493106] (slam_toolbox) StdoutLine: {'line': b'-- Up-to-date symlink: /home/malik/controller-benchmarks/ros2/install/slam_toolbox/include/slam_toolbox/slam_toolbox/srv/detail/reset__type_support.h\n'}
[0.493179] (slam_toolbox) StdoutLine: {'line': b'-- Up-to-date symlink: /home/malik/controller-benchmarks/ros2/install/slam_toolbox/include/slam_toolbox/slam_toolbox/srv/detail/save_map__functions.h\n'}
[0.493254] (slam_toolbox) StdoutLine: {'line': b'-- Up-to-date symlink: /home/malik/controller-benchmarks/ros2/install/slam_toolbox/include/slam_toolbox/slam_toolbox/srv/detail/save_map__struct.h\n'}
[0.493330] (slam_toolbox) StdoutLine: {'line': b'-- Up-to-date symlink: /home/malik/controller-benchmarks/ros2/install/slam_toolbox/include/slam_toolbox/slam_toolbox/srv/detail/save_map__type_support.h\n'}
[0.493405] (slam_toolbox) StdoutLine: {'line': b'-- Up-to-date symlink: /home/malik/controller-benchmarks/ros2/install/slam_toolbox/include/slam_toolbox/slam_toolbox/srv/detail/serialize_pose_graph__functions.h\n'}
[0.493480] (slam_toolbox) StdoutLine: {'line': b'-- Up-to-date symlink: /home/malik/controller-benchmarks/ros2/install/slam_toolbox/include/slam_toolbox/slam_toolbox/srv/detail/serialize_pose_graph__struct.h\n'}
[0.493563] (slam_toolbox) StdoutLine: {'line': b'-- Up-to-date symlink: /home/malik/controller-benchmarks/ros2/install/slam_toolbox/include/slam_toolbox/slam_toolbox/srv/detail/serialize_pose_graph__type_support.h\n'}
[0.493638] (slam_toolbox) StdoutLine: {'line': b'-- Up-to-date symlink: /home/malik/controller-benchmarks/ros2/install/slam_toolbox/include/slam_toolbox/slam_toolbox/srv/detail/toggle_interactive__functions.h\n'}
[0.493717] (slam_toolbox) StdoutLine: {'line': b'-- Up-to-date symlink: /home/malik/controller-benchmarks/ros2/install/slam_toolbox/include/slam_toolbox/slam_toolbox/srv/detail/toggle_interactive__struct.h\n'}
[0.493792] (slam_toolbox) StdoutLine: {'line': b'-- Up-to-date symlink: /home/malik/controller-benchmarks/ros2/install/slam_toolbox/include/slam_toolbox/slam_toolbox/srv/detail/toggle_interactive__type_support.h\n'}
[0.493866] (slam_toolbox) StdoutLine: {'line': b'-- Up-to-date symlink: /home/malik/controller-benchmarks/ros2/install/slam_toolbox/include/slam_toolbox/slam_toolbox/srv/loop_closure.h\n'}
[0.493938] (slam_toolbox) StdoutLine: {'line': b'-- Up-to-date symlink: /home/malik/controller-benchmarks/ros2/install/slam_toolbox/include/slam_toolbox/slam_toolbox/srv/merge_maps.h\n'}
[0.494015] (slam_toolbox) StdoutLine: {'line': b'-- Up-to-date symlink: /home/malik/controller-benchmarks/ros2/install/slam_toolbox/include/slam_toolbox/slam_toolbox/srv/pause.h\n'}
[0.494090] (slam_toolbox) StdoutLine: {'line': b'-- Up-to-date symlink: /home/malik/controller-benchmarks/ros2/install/slam_toolbox/include/slam_toolbox/slam_toolbox/srv/reset.h\n'}
[0.494162] (slam_toolbox) StdoutLine: {'line': b'-- Up-to-date symlink: /home/malik/controller-benchmarks/ros2/install/slam_toolbox/include/slam_toolbox/slam_toolbox/srv/save_map.h\n'}
[0.494234] (slam_toolbox) StdoutLine: {'line': b'-- Up-to-date symlink: /home/malik/controller-benchmarks/ros2/install/slam_toolbox/include/slam_toolbox/slam_toolbox/srv/serialize_pose_graph.h\n'}
[0.494305] (slam_toolbox) StdoutLine: {'line': b'-- Up-to-date symlink: /home/malik/controller-benchmarks/ros2/install/slam_toolbox/include/slam_toolbox/slam_toolbox/srv/toggle_interactive.h\n'}
[0.494435] (slam_toolbox) StdoutLine: {'line': b'-- Up-to-date symlink: /home/malik/controller-benchmarks/ros2/install/slam_toolbox/share/slam_toolbox/environment/library_path.sh\n'}
[0.494542] (slam_toolbox) StdoutLine: {'line': b'-- Up-to-date symlink: /home/malik/controller-benchmarks/ros2/install/slam_toolbox/share/slam_toolbox/environment/library_path.dsv\n'}
[0.495215] (slam_toolbox) StdoutLine: {'line': b'-- Up-to-date symlink: /home/malik/controller-benchmarks/ros2/install/slam_toolbox/include/slam_toolbox/slam_toolbox/msg/detail/graph_edge__rosidl_typesupport_fastrtps_c.h\n'}
[0.495333] (slam_toolbox) StdoutLine: {'line': b'-- Up-to-date symlink: /home/malik/controller-benchmarks/ros2/install/slam_toolbox/include/slam_toolbox/slam_toolbox/msg/detail/graph_node__rosidl_typesupport_fastrtps_c.h\n'}
[0.495440] (slam_toolbox) StdoutLine: {'line': b'-- Up-to-date symlink: /home/malik/controller-benchmarks/ros2/install/slam_toolbox/include/slam_toolbox/slam_toolbox/msg/detail/localized_laser_scan__rosidl_typesupport_fastrtps_c.h\n'}
[0.495503] (slam_toolbox) StdoutLine: {'line': b'-- Up-to-date symlink: /home/malik/controller-benchmarks/ros2/install/slam_toolbox/include/slam_toolbox/slam_toolbox/msg/detail/loop_closure_event__rosidl_typesupport_fastrtps_c.h\n'}
[0.495553] (slam_toolbox) StdoutLine: {'line': b'-- Up-to-date symlink: /home/malik/controller-benchmarks/ros2/install/slam_toolbox/include/slam_toolbox/slam_toolbox/msg/detail/new_node_event__rosidl_typesupport_fastrtps_c.h\n'}
[0.495691] (slam_toolbox) StdoutLine: {'line': b'-- Up-to-date symlink: /home/malik/controller-benchmarks/ros2/install/slam_toolbox/include/slam_toolbox/slam_toolbox/msg/detail/pose_graph__rosidl_typesupport_fastrtps_c.h\n'}
[0.495754] (slam_toolbox) StdoutLine: {'line': b'-- Up-to-date symlink: /home/malik/controller-benchmarks/ros2/install/slam_toolbox/include/slam_toolbox/slam_toolbox/msg/rosidl_typesupport_fastrtps_c__visibility_control.h\n'}
[0.495822] (slam_toolbox) StdoutLine: {'line': b'-- Up-to-date symlink: /home/malik/controller-benchmarks/ros2/install/slam_toolbox/include/slam_toolbox/slam_toolbox/srv/detail/add_submap__rosidl_typesupport_fastrtps_c.h\n'}
[0.495890] (slam_toolbox) StdoutLine: {'line': b'-- Up-to-date symlink: /home/malik/controller-benchmarks/ros2/install/slam_toolbox/include/slam_toolbox/slam_toolbox/srv/detail/clear__rosidl_typesupport_fastrtps_c.h\n'}
[0.495950] (slam_toolbox) StdoutLine: {'line': b'-- Up-to-date symlink: /home/malik/controller-benchmarks/ros2/install/slam_toolbox/include/slam_toolbox/slam_toolbox/srv/detail/clear_queue__rosidl_typesupport_fastrtps_c.h\n'}
[0.496028] (slam_toolbox) StdoutLine: {'line': b'-- Up-to-date symlink: /home/malik/controller-benchmarks/ros2/install/slam_toolbox/include/slam_toolbox/slam_toolbox/srv/detail/deserialize_pose_graph__rosidl_typesupport_fastrtps_c.h\n'}
[0.496117] (slam_toolbox) StdoutLine: {'line': b'-- Up-to-date symlink: /home/malik/controller-benchmarks/ros2/install/slam_toolbox/include/slam_toolbox/slam_toolbox/srv/detail/loop_closure__rosidl_typesupport_fastrtps_c.h\n'}
[0.496195] (slam_toolbox) StdoutLine: {'line': b'-- Up-to-date symlink: /home/malik/controller-benchmarks/ros2/install/slam_toolbox/include/slam_toolbox/slam_toolbox/srv/detail/merge_maps__rosidl_typesupport_fastrtps_c.h\n'}
[0.496271] (slam_toolbox) StdoutLine: {'line': b'-- Up-to-date symlink: /home/malik/controller-benchmarks/ros2/install/slam_toolbox/include/slam_toolbox/slam_toolbox/srv/detail/pause__rosidl_typesupport_fastrtps_c.h\n'}
[0.496333] (slam_toolbox) StdoutLine: {'line': b'-- Up-to-date symlink: /home/malik/controller-benchmarks/ros2/install/slam_toolbox/include/slam_toolbox/slam_toolbox/srv/detail/reset__rosidl_typesupport_fastrtps_c.h\n'}
[0.496403] (slam_toolbox) StdoutLine: {'line': b'-- Up-to-date symlink: /home/malik/controller-benchmarks/ros2/install/slam_toolbox/include/slam_toolbox/slam_toolbox/srv/detail/save_map__rosidl_typesupport_fastrtps_c.h\n'}
[0.496491] (slam_toolbox) StdoutLine: {'line': b'-- Up-to-date symlink: /home/malik/controller-benchmarks/ros2/install/slam_toolbox/include/slam_toolbox/slam_toolbox/srv/detail/serialize_pose_graph__rosidl_typesupport_fastrtps_c.h\n'}
[0.496570] (slam_toolbox) StdoutLine: {'line': b'-- Up-to-date symlink: /home/malik/controller-benchmarks/ros2/install/slam_toolbox/include/slam_toolbox/slam_toolbox/srv/detail/toggle_interactive__rosidl_typesupport_fastrtps_c.h\n'}
[0.497604] (slam_toolbox) StdoutLine: {'line': b'-- Up-to-date symlink: /home/malik/controller-benchmarks/ros2/install/slam_toolbox/include/slam_toolbox/slam_toolbox/msg/detail/graph_edge__builder.hpp\n'}
[0.497721] (slam_toolbox) StdoutLine: {'line': b'-- Up-to-date symlink: /home/malik/controller-benchmarks/ros2/install/slam_toolbox/include/slam_toolbox/slam_toolbox/msg/detail/graph_edge__struct.hpp\n'}
[0.497803] (slam_toolbox) StdoutLine: {'line': b'-- Up-to-date symlink: /home/malik/controller-benchmarks/ros2/install/slam_toolbox/include/slam_toolbox/slam_toolbox/msg/detail/graph_edge__traits.hpp\n'}
[0.497868] (slam_toolbox) StdoutLine: {'line': b'-- Up-to-date symlink: /home/malik/controller-benchmarks/ros2/install/slam_toolbox/include/slam_toolbox/slam_toolbox/msg/detail/graph_edge__type_support.hpp\n'}
[0.497928] (slam_toolbox) StdoutLine: {'line': b'-- Up-to-date symlink: /home/malik/controller-benchmarks/ros2/install/slam_toolbox/include/slam_toolbox/slam_toolbox/msg/detail/graph_node__builder.hpp\n'}
[0.497982] (slam_toolbox) StdoutLine: {'line': b'-- Up-to-date symlink: /home/malik/controller-benchmarks/ros2/install/slam_toolbox/include/slam_toolbox/slam_toolbox/msg/detail/graph_node__struct.hpp\n'}
[0.498049] (slam_toolbox) StdoutLine: {'line': b'-- Up-to-date symlink: /home/malik/controller-benchmarks/ros2/install/slam_toolbox/include/slam_toolbox/slam_toolbox/msg/detail/graph_node__traits.hpp\n'}
[0.498126] (slam_toolbox) StdoutLine: {'line': b'-- Up-to-date symlink: /home/malik/controller-benchmarks/ros2/install/slam_toolbox/include/slam_toolbox/slam_toolbox/msg/detail/graph_node__type_support.hpp\n'}
[0.498213] (slam_toolbox) StdoutLine: {'line': b'-- Up-to-date symlink: /home/malik/controller-benchmarks/ros2/install/slam_toolbox/include/slam_toolbox/slam_toolbox/msg/detail/localized_laser_scan__builder.hpp\n'}
[0.498312] (slam_toolbox) StdoutLine: {'line': b'-- Up-to-date symlink: /home/malik/controller-benchmarks/ros2/install/slam_toolbox/include/slam_toolbox/slam_toolbox/msg/detail/localized_laser_scan__struct.hpp\n'}
[0.498392] (slam_toolbox) StdoutLine: {'line': b'-- Up-to-date symlink: /home/malik/controller-benchmarks/ros2/install/slam_toolbox/include/slam_toolbox/slam_toolbox/msg/detail/localized_laser_scan__traits.hpp\n'}
[0.498477] (slam_toolbox) StdoutLine: {'line': b'-- Up-to-date symlink: /home/malik/controller-benchmarks/ros2/install/slam_toolbox/include/slam_toolbox/slam_toolbox/msg/detail/localized_laser_scan__type_support.hpp\n'}
[0.498552] (slam_toolbox) StdoutLine: {'line': b'-- Up-to-date symlink: /home/malik/controller-benchmarks/ros2/install/slam_toolbox/include/slam_toolbox/slam_toolbox/msg/detail/loop_closure_event__builder.hpp\n'}
[0.498638] (slam_toolbox) StdoutLine: {'line': b'-- Up-to-date symlink: /home/malik/controller-benchmarks/ros2/install/slam_toolbox/include/slam_toolbox/slam_toolbox/msg/detail/loop_closure_event__struct.hpp\n'}
[0.498715] (slam_toolbox) StdoutLine: {'line': b'-- Up-to-date symlink: /home/malik/controller-benchmarks/ros2/install/slam_toolbox/include/slam_toolbox/slam_toolbox/msg/detail/loop_closure_event__traits.hpp\n'}
[0.498807] (slam_toolbox) StdoutLine: {'line': b'-- Up-to-date symlink: /home/malik/controller-benchmarks/ros2/install/slam_toolbox/include/slam_toolbox/slam_toolbox/msg/detail/loop_closure_event__type_support.hpp\n'}
[0.498914] (slam_toolbox) StdoutLine: {'line': b'-- Up-to-date symlink: /home/malik/controller-benchmarks/ros2/install/slam_toolbox/include/slam_toolbox/slam_toolbox/msg/detail/new_node_event__builder.hpp\n'}
[0.498992] (slam_toolbox) StdoutLine: {'line': b'-- Up-to-date symlink: /home/malik/controller-benchmarks/ros2/install/slam_toolbox/include/slam_toolbox/slam_toolbox/msg/detail/new_node_event__struct.hpp\n'}
[0.499055] (slam_toolbox) StdoutLine: {'line': b'-- Up-to-date symlink: /home/malik/controller-benchmarks/ros2/install/slam_toolbox/include/slam_toolbox/slam_toolbox/msg/detail/new_node_event__traits.hpp\n'}
[0.499117] (slam_toolbox) StdoutLine: {'line': b'-- Up-to-date symlink: /home/malik/controller-benchmarks/ros2/install/slam_toolbox/include/slam_toolbox/slam_toolbox/msg/detail/new_node_event__type_support.hpp\n'}
[0.499187] (slam_toolbox) StdoutLine: {'line': b'-- Up-to-date symlink: /home/malik/controller-benchmarks/ros2/install/slam_toolbox/include/slam_toolbox/slam_toolbox/msg/detail/pose_graph__builder.hpp\n'}
[0.499266] (slam_toolbox) StdoutLine: {'line': b'-- Up-to-date symlink: /home/malik/controller-benchmarks/ros2/install/slam_toolbox/include/slam_toolbox/slam_toolbox/msg/detail/pose_graph__struct.hpp\n'}
[0.499332] (slam_toolbox) StdoutLine: {'line': b'-- Up-to-date symlink: /home/malik/controller-benchmarks/ros2/install/slam_toolbox/include/slam_toolbox/slam_toolbox/msg/detail/pose_graph__traits.hpp\n'}
[0.499410] (slam_toolbox) StdoutLine: {'line': b'-- Up-to-date symlink: /home/malik/controller-benchmarks/ros2/install/slam_toolbox/include/slam_toolbox/slam_toolbox/msg/detail/pose_graph__type_support.hpp\n'}
[0.499487] (slam_toolbox) StdoutLine: {'line': b'-- Up-to-date symlink: /home/malik/controller-benchmarks/ros2/install/slam_toolbox/include/slam_toolbox/slam_toolbox/msg/graph_edge.hpp\n'}
[0.499602] (slam_toolbox) StdoutLine: {'line': b'-- Up-to-date symlink: /home/malik/controller-benchmarks/ros2/install/slam_toolbox/include/slam_toolbox/slam_toolbox/msg/graph_node.hpp\n'}
[0.499679] (slam_toolbox) StdoutLine: {'line': b'-- Up-to-date symlink: /home/malik/controller-benchmarks/ros2/install/slam_toolbox/include/slam_toolbox/slam_toolbox/msg/localized_laser_scan.hpp\n'}
[0.499752] (slam_toolbox) StdoutLine: {'line': b'-- Up-to-date symlink: /home/malik/controller-benchmarks/ros2/install/slam_toolbox/include/slam_toolbox/slam_toolbox/msg/loop_closure_event.hpp\n'}
[0.499816] (slam_toolbox) StdoutLine: {'line': b'-- Up-to-date symlink: /home/malik/controller-benchmarks/ros2/install/slam_toolbox/include/slam_toolbox/slam_toolbox/msg/new_node_event.hpp\n'}
[0.499876] (slam_toolbox) StdoutLine: {'line': b'-- Up-to-date symlink: /home/malik/controller-benchmarks/ros2/install/slam_toolbox/include/slam_toolbox/slam_toolbox/msg/pose_graph.hpp\n'}
[0.499968] (slam_toolbox) StdoutLine: {'line': b'-- Up-to-date symlink: /home/malik/controller-benchmarks/ros2/install/slam_toolbox/include/slam_toolbox/slam_toolbox/msg/rosidl_generator_cpp__visibility_control.hpp\n'}
[0.500138] (slam_toolbox) StdoutLine: {'line': b'-- Up-to-date symlink: /home/malik/controller-benchmarks/ros2/install/slam_toolbox/include/slam_toolbox/slam_toolbox/srv/add_submap.hpp\n'}
[0.500275] (slam_toolbox) StdoutLine: {'line': b'-- Up-to-date symlink: /home/malik/controller-benchmarks/ros2/install/slam_toolbox/include/slam_toolbox/slam_toolbox/srv/clear.hpp\n'}
[0.500356] (slam_toolbox) StdoutLine: {'line': b'-- Up-to-date symlink: /home/malik/controller-benchmarks/ros2/install/slam_toolbox/include/slam_toolbox/slam_toolbox/srv/clear_queue.hpp\n'}
[0.500431] (slam_toolbox) StdoutLine: {'line': b'-- Up-to-date symlink: /home/malik/controller-benchmarks/ros2/install/slam_toolbox/include/slam_toolbox/slam_toolbox/srv/deserialize_pose_graph.hpp\n'}
[0.500824] (slam_toolbox) StdoutLine: {'line': b'-- Up-to-date symlink: /home/malik/controller-benchmarks/ros2/install/slam_toolbox/include/slam_toolbox/slam_toolbox/srv/detail/add_submap__builder.hpp\n'}
[0.501111] (slam_toolbox) StdoutLine: {'line': b'-- Up-to-date symlink: /home/malik/controller-benchmarks/ros2/install/slam_toolbox/include/slam_toolbox/slam_toolbox/srv/detail/add_submap__struct.hpp\n'}
[0.501233] (slam_toolbox) StdoutLine: {'line': b'-- Up-to-date symlink: /home/malik/controller-benchmarks/ros2/install/slam_toolbox/include/slam_toolbox/slam_toolbox/srv/detail/add_submap__traits.hpp\n'}
[0.501323] (slam_toolbox) StdoutLine: {'line': b'-- Up-to-date symlink: /home/malik/controller-benchmarks/ros2/install/slam_toolbox/include/slam_toolbox/slam_toolbox/srv/detail/add_submap__type_support.hpp\n'}
[0.501397] (slam_toolbox) StdoutLine: {'line': b'-- Up-to-date symlink: /home/malik/controller-benchmarks/ros2/install/slam_toolbox/include/slam_toolbox/slam_toolbox/srv/detail/clear__builder.hpp\n'}
[0.501464] (slam_toolbox) StdoutLine: {'line': b'-- Up-to-date symlink: /home/malik/controller-benchmarks/ros2/install/slam_toolbox/include/slam_toolbox/slam_toolbox/srv/detail/clear__struct.hpp\n'}
[0.501525] (slam_toolbox) StdoutLine: {'line': b'-- Up-to-date symlink: /home/malik/controller-benchmarks/ros2/install/slam_toolbox/include/slam_toolbox/slam_toolbox/srv/detail/clear__traits.hpp\n'}
[0.501600] (slam_toolbox) StdoutLine: {'line': b'-- Up-to-date symlink: /home/malik/controller-benchmarks/ros2/install/slam_toolbox/include/slam_toolbox/slam_toolbox/srv/detail/clear__type_support.hpp\n'}
[0.501649] (slam_toolbox) StdoutLine: {'line': b'-- Up-to-date symlink: /home/malik/controller-benchmarks/ros2/install/slam_toolbox/include/slam_toolbox/slam_toolbox/srv/detail/clear_queue__builder.hpp\n'}
[0.501702] (slam_toolbox) StdoutLine: {'line': b'-- Up-to-date symlink: /home/malik/controller-benchmarks/ros2/install/slam_toolbox/include/slam_toolbox/slam_toolbox/srv/detail/clear_queue__struct.hpp\n'}
[0.501750] (slam_toolbox) StdoutLine: {'line': b'-- Up-to-date symlink: /home/malik/controller-benchmarks/ros2/install/slam_toolbox/include/slam_toolbox/slam_toolbox/srv/detail/clear_queue__traits.hpp\n'}
[0.501799] (slam_toolbox) StdoutLine: {'line': b'-- Up-to-date symlink: /home/malik/controller-benchmarks/ros2/install/slam_toolbox/include/slam_toolbox/slam_toolbox/srv/detail/clear_queue__type_support.hpp\n'}
[0.501848] (slam_toolbox) StdoutLine: {'line': b'-- Up-to-date symlink: /home/malik/controller-benchmarks/ros2/install/slam_toolbox/include/slam_toolbox/slam_toolbox/srv/detail/deserialize_pose_graph__builder.hpp\n'}
[0.501897] (slam_toolbox) StdoutLine: {'line': b'-- Up-to-date symlink: /home/malik/controller-benchmarks/ros2/install/slam_toolbox/include/slam_toolbox/slam_toolbox/srv/detail/deserialize_pose_graph__struct.hpp\n'}
[0.501986] (slam_toolbox) StdoutLine: {'line': b'-- Up-to-date symlink: /home/malik/controller-benchmarks/ros2/install/slam_toolbox/include/slam_toolbox/slam_toolbox/srv/detail/deserialize_pose_graph__traits.hpp\n'}
[0.502130] (-) TimerEvent: {}
[0.502390] (slam_toolbox) StdoutLine: {'line': b'-- Up-to-date symlink: /home/malik/controller-benchmarks/ros2/install/slam_toolbox/include/slam_toolbox/slam_toolbox/srv/detail/deserialize_pose_graph__type_support.hpp\n'}
[0.502481] (slam_toolbox) StdoutLine: {'line': b'-- Up-to-date symlink: /home/malik/controller-benchmarks/ros2/install/slam_toolbox/include/slam_toolbox/slam_toolbox/srv/detail/loop_closure__builder.hpp\n'}
[0.502547] (slam_toolbox) StdoutLine: {'line': b'-- Up-to-date symlink: /home/malik/controller-benchmarks/ros2/install/slam_toolbox/include/slam_toolbox/slam_toolbox/srv/detail/loop_closure__struct.hpp\n'}
[0.502620] (slam_toolbox) StdoutLine: {'line': b'-- Up-to-date symlink: /home/malik/controller-benchmarks/ros2/install/slam_toolbox/include/slam_toolbox/slam_toolbox/srv/detail/loop_closure__traits.hpp\n'}
[0.502668] (slam_toolbox) StdoutLine: {'line': b'-- Up-to-date symlink: /home/malik/controller-benchmarks/ros2/install/slam_toolbox/include/slam_toolbox/slam_toolbox/srv/detail/loop_closure__type_support.hpp\n'}
[0.502716] (slam_toolbox) StdoutLine: {'line': b'-- Up-to-date symlink: /home/malik/controller-benchmarks/ros2/install/slam_toolbox/include/slam_toolbox/slam_toolbox/srv/detail/merge_maps__builder.hpp\n'}
[0.502761] (slam_toolbox) StdoutLine: {'line': b'-- Up-to-date symlink: /home/malik/controller-benchmarks/ros2/install/slam_toolbox/include/slam_toolbox/slam_toolbox/srv/detail/merge_maps__struct.hpp\n'}
[0.502805] (slam_toolbox) StdoutLine: {'line': b'-- Up-to-date symlink: /home/malik/controller-benchmarks/ros2/install/slam_toolbox/include/slam_toolbox/slam_toolbox/srv/detail/merge_maps__traits.hpp\n'}
[0.502873] (slam_toolbox) StdoutLine: {'line': b'-- Up-to-date symlink: /home/malik/controller-benchmarks/ros2/install/slam_toolbox/include/slam_toolbox/slam_toolbox/srv/detail/merge_maps__type_support.hpp\n'}
[0.502928] (slam_toolbox) StdoutLine: {'line': b'-- Up-to-date symlink: /home/malik/controller-benchmarks/ros2/install/slam_toolbox/include/slam_toolbox/slam_toolbox/srv/detail/pause__builder.hpp\n'}
[0.502974] (slam_toolbox) StdoutLine: {'line': b'-- Up-to-date symlink: /home/malik/controller-benchmarks/ros2/install/slam_toolbox/include/slam_toolbox/slam_toolbox/srv/detail/pause__struct.hpp\n'}
[0.503040] (slam_toolbox) StdoutLine: {'line': b'-- Up-to-date symlink: /home/malik/controller-benchmarks/ros2/install/slam_toolbox/include/slam_toolbox/slam_toolbox/srv/detail/pause__traits.hpp\n'}
[0.503088] (slam_toolbox) StdoutLine: {'line': b'-- Up-to-date symlink: /home/malik/controller-benchmarks/ros2/install/slam_toolbox/include/slam_toolbox/slam_toolbox/srv/detail/pause__type_support.hpp\n'}
[0.503138] (slam_toolbox) StdoutLine: {'line': b'-- Up-to-date symlink: /home/malik/controller-benchmarks/ros2/install/slam_toolbox/include/slam_toolbox/slam_toolbox/srv/detail/reset__builder.hpp\n'}
[0.503184] (slam_toolbox) StdoutLine: {'line': b'-- Up-to-date symlink: /home/malik/controller-benchmarks/ros2/install/slam_toolbox/include/slam_toolbox/slam_toolbox/srv/detail/reset__struct.hpp\n'}
[0.503231] (slam_toolbox) StdoutLine: {'line': b'-- Up-to-date symlink: /home/malik/controller-benchmarks/ros2/install/slam_toolbox/include/slam_toolbox/slam_toolbox/srv/detail/reset__traits.hpp\n'}
[0.503328] (slam_toolbox) StdoutLine: {'line': b'-- Up-to-date symlink: /home/malik/controller-benchmarks/ros2/install/slam_toolbox/include/slam_toolbox/slam_toolbox/srv/detail/reset__type_support.hpp\n'}
[0.503432] (slam_toolbox) StdoutLine: {'line': b'-- Up-to-date symlink: /home/malik/controller-benchmarks/ros2/install/slam_toolbox/include/slam_toolbox/slam_toolbox/srv/detail/save_map__builder.hpp\n'}
[0.503496] (slam_toolbox) StdoutLine: {'line': b'-- Up-to-date symlink: /home/malik/controller-benchmarks/ros2/install/slam_toolbox/include/slam_toolbox/slam_toolbox/srv/detail/save_map__struct.hpp\n'}
[0.503547] (slam_toolbox) StdoutLine: {'line': b'-- Up-to-date symlink: /home/malik/controller-benchmarks/ros2/install/slam_toolbox/include/slam_toolbox/slam_toolbox/srv/detail/save_map__traits.hpp\n'}
[0.503607] (slam_toolbox) StdoutLine: {'line': b'-- Up-to-date symlink: /home/malik/controller-benchmarks/ros2/install/slam_toolbox/include/slam_toolbox/slam_toolbox/srv/detail/save_map__type_support.hpp\n'}
[0.503656] (slam_toolbox) StdoutLine: {'line': b'-- Up-to-date symlink: /home/malik/controller-benchmarks/ros2/install/slam_toolbox/include/slam_toolbox/slam_toolbox/srv/detail/serialize_pose_graph__builder.hpp\n'}
[0.503720] (slam_toolbox) StdoutLine: {'line': b'-- Up-to-date symlink: /home/malik/controller-benchmarks/ros2/install/slam_toolbox/include/slam_toolbox/slam_toolbox/srv/detail/serialize_pose_graph__struct.hpp\n'}
[0.503797] (slam_toolbox) StdoutLine: {'line': b'-- Up-to-date symlink: /home/malik/controller-benchmarks/ros2/install/slam_toolbox/include/slam_toolbox/slam_toolbox/srv/detail/serialize_pose_graph__traits.hpp\n'}
[0.503865] (slam_toolbox) StdoutLine: {'line': b'-- Up-to-date symlink: /home/malik/controller-benchmarks/ros2/install/slam_toolbox/include/slam_toolbox/slam_toolbox/srv/detail/serialize_pose_graph__type_support.hpp\n'}
[0.503926] (slam_toolbox) StdoutLine: {'line': b'-- Up-to-date symlink: /home/malik/controller-benchmarks/ros2/install/slam_toolbox/include/slam_toolbox/slam_toolbox/srv/detail/toggle_interactive__builder.hpp\n'}
[0.503984] (slam_toolbox) StdoutLine: {'line': b'-- Up-to-date symlink: /home/malik/controller-benchmarks/ros2/install/slam_toolbox/include/slam_toolbox/slam_toolbox/srv/detail/toggle_interactive__struct.hpp\n'}
[0.504046] (slam_toolbox) StdoutLine: {'line': b'-- Up-to-date symlink: /home/malik/controller-benchmarks/ros2/install/slam_toolbox/include/slam_toolbox/slam_toolbox/srv/detail/toggle_interactive__traits.hpp\n'}
[0.504106] (slam_toolbox) StdoutLine: {'line': b'-- Up-to-date symlink: /home/malik/controller-benchmarks/ros2/install/slam_toolbox/include/slam_toolbox/slam_toolbox/srv/detail/toggle_interactive__type_support.hpp\n'}
[0.504206] (slam_toolbox) StdoutLine: {'line': b'-- Up-to-date symlink: /home/malik/controller-benchmarks/ros2/install/slam_toolbox/include/slam_toolbox/slam_toolbox/srv/loop_closure.hpp\n'}
[0.504325] (slam_toolbox) StdoutLine: {'line': b'-- Up-to-date symlink: /home/malik/controller-benchmarks/ros2/install/slam_toolbox/include/slam_toolbox/slam_toolbox/srv/merge_maps.hpp\n'}
[0.504402] (slam_toolbox) StdoutLine: {'line': b'-- Up-to-date symlink: /home/malik/controller-benchmarks/ros2/install/slam_toolbox/include/slam_toolbox/slam_toolbox/srv/pause.hpp\n'}
[0.504475] (slam_toolbox) StdoutLine: {'line': b'-- Up-to-date symlink: /home/malik/controller-benchmarks/ros2/install/slam_toolbox/include/slam_toolbox/slam_toolbox/srv/reset.hpp\n'}
[0.504567] (slam_toolbox) StdoutLine: {'line': b'-- Up-to-date symlink: /home/malik/controller-benchmarks/ros2/install/slam_toolbox/include/slam_toolbox/slam_toolbox/srv/save_map.hpp\n'}
[0.504615] (slam_toolbox) StdoutLine: {'line': b'-- Up-to-date symlink: /home/malik/controller-benchmarks/ros2/install/slam_toolbox/include/slam_toolbox/slam_toolbox/srv/serialize_pose_graph.hpp\n'}
[0.504692] (slam_toolbox) StdoutLine: {'line': b'-- Up-to-date symlink: /home/malik/controller-benchmarks/ros2/install/slam_toolbox/include/slam_toolbox/slam_toolbox/srv/toggle_interactive.hpp\n'}
[0.505463] (slam_toolbox) StdoutLine: {'line': b'-- Up-to-date symlink: /home/malik/controller-benchmarks/ros2/install/slam_toolbox/include/slam_toolbox/slam_toolbox/msg/detail/graph_edge__rosidl_typesupport_fastrtps_cpp.hpp\n'}
[0.505613] (slam_toolbox) StdoutLine: {'line': b'-- Up-to-date symlink: /home/malik/controller-benchmarks/ros2/install/slam_toolbox/include/slam_toolbox/slam_toolbox/msg/detail/graph_node__rosidl_typesupport_fastrtps_cpp.hpp\n'}
[0.505680] (slam_toolbox) StdoutLine: {'line': b'-- Up-to-date symlink: /home/malik/controller-benchmarks/ros2/install/slam_toolbox/include/slam_toolbox/slam_toolbox/msg/detail/localized_laser_scan__rosidl_typesupport_fastrtps_cpp.hpp\n'}
[0.505732] (slam_toolbox) StdoutLine: {'line': b'-- Up-to-date symlink: /home/malik/controller-benchmarks/ros2/install/slam_toolbox/include/slam_toolbox/slam_toolbox/msg/detail/loop_closure_event__rosidl_typesupport_fastrtps_cpp.hpp\n'}
[0.505796] (slam_toolbox) StdoutLine: {'line': b'-- Up-to-date symlink: /home/malik/controller-benchmarks/ros2/install/slam_toolbox/include/slam_toolbox/slam_toolbox/msg/detail/new_node_event__rosidl_typesupport_fastrtps_cpp.hpp\n'}
[0.505905] (slam_toolbox) StdoutLine: {'line': b'-- Up-to-date symlink: /home/malik/controller-benchmarks/ros2/install/slam_toolbox/include/slam_toolbox/slam_toolbox/msg/detail/pose_graph__rosidl_typesupport_fastrtps_cpp.hpp\n'}
[0.505972] (slam_toolbox) StdoutLine: {'line': b'-- Up-to-date symlink: /home/malik/controller-benchmarks/ros2/install/slam_toolbox/include/slam_toolbox/slam_toolbox/msg/rosidl_typesupport_fastrtps_cpp__visibility_control.h\n'}
[0.506039] (slam_toolbox) StdoutLine: {'line': b'-- Up-to-date symlink: /home/malik/controller-benchmarks/ros2/install/slam_toolbox/include/slam_toolbox/slam_toolbox/srv/detail/add_submap__rosidl_typesupport_fastrtps_cpp.hpp\n'}
[0.506235] (slam_toolbox) StdoutLine: {'line': b'-- Up-to-date symlink: /home/malik/controller-benchmarks/ros2/install/slam_toolbox/include/slam_toolbox/slam_toolbox/srv/detail/clear__rosidl_typesupport_fastrtps_cpp.hpp\n'}
[0.506345] (slam_toolbox) StdoutLine: {'line': b'-- Up-to-date symlink: /home/malik/controller-benchmarks/ros2/install/slam_toolbox/include/slam_toolbox/slam_toolbox/srv/detail/clear_queue__rosidl_typesupport_fastrtps_cpp.hpp\n'}
[0.506441] (slam_toolbox) StdoutLine: {'line': b'-- Up-to-date symlink: /home/malik/controller-benchmarks/ros2/install/slam_toolbox/include/slam_toolbox/slam_toolbox/srv/detail/deserialize_pose_graph__rosidl_typesupport_fastrtps_cpp.hpp\n'}
[0.506520] (slam_toolbox) StdoutLine: {'line': b'-- Up-to-date symlink: /home/malik/controller-benchmarks/ros2/install/slam_toolbox/include/slam_toolbox/slam_toolbox/srv/detail/loop_closure__rosidl_typesupport_fastrtps_cpp.hpp\n'}
[0.506595] (slam_toolbox) StdoutLine: {'line': b'-- Up-to-date symlink: /home/malik/controller-benchmarks/ros2/install/slam_toolbox/include/slam_toolbox/slam_toolbox/srv/detail/merge_maps__rosidl_typesupport_fastrtps_cpp.hpp\n'}
[0.506660] (slam_toolbox) StdoutLine: {'line': b'-- Up-to-date symlink: /home/malik/controller-benchmarks/ros2/install/slam_toolbox/include/slam_toolbox/slam_toolbox/srv/detail/pause__rosidl_typesupport_fastrtps_cpp.hpp\n'}
[0.506771] (slam_toolbox) StdoutLine: {'line': b'-- Up-to-date symlink: /home/malik/controller-benchmarks/ros2/install/slam_toolbox/include/slam_toolbox/slam_toolbox/srv/detail/reset__rosidl_typesupport_fastrtps_cpp.hpp\n'}
[0.506860] (slam_toolbox) StdoutLine: {'line': b'-- Up-to-date symlink: /home/malik/controller-benchmarks/ros2/install/slam_toolbox/include/slam_toolbox/slam_toolbox/srv/detail/save_map__rosidl_typesupport_fastrtps_cpp.hpp\n'}
[0.506913] (slam_toolbox) StdoutLine: {'line': b'-- Up-to-date symlink: /home/malik/controller-benchmarks/ros2/install/slam_toolbox/include/slam_toolbox/slam_toolbox/srv/detail/serialize_pose_graph__rosidl_typesupport_fastrtps_cpp.hpp\n'}
[0.506965] (slam_toolbox) StdoutLine: {'line': b'-- Up-to-date symlink: /home/malik/controller-benchmarks/ros2/install/slam_toolbox/include/slam_toolbox/slam_toolbox/srv/detail/toggle_interactive__rosidl_typesupport_fastrtps_cpp.hpp\n'}
[0.507472] (slam_toolbox) StdoutLine: {'line': b'-- Up-to-date symlink: /home/malik/controller-benchmarks/ros2/install/slam_toolbox/include/slam_toolbox/slam_toolbox/msg/detail/graph_edge__rosidl_typesupport_introspection_c.h\n'}
[0.507631] (slam_toolbox) StdoutLine: {'line': b'-- Up-to-date symlink: /home/malik/controller-benchmarks/ros2/install/slam_toolbox/include/slam_toolbox/slam_toolbox/msg/detail/graph_node__rosidl_typesupport_introspection_c.h\n'}
[0.507696] (slam_toolbox) StdoutLine: {'line': b'-- Up-to-date symlink: /home/malik/controller-benchmarks/ros2/install/slam_toolbox/include/slam_toolbox/slam_toolbox/msg/detail/localized_laser_scan__rosidl_typesupport_introspection_c.h\n'}
[0.507789] (slam_toolbox) StdoutLine: {'line': b'-- Up-to-date symlink: /home/malik/controller-benchmarks/ros2/install/slam_toolbox/include/slam_toolbox/slam_toolbox/msg/detail/loop_closure_event__rosidl_typesupport_introspection_c.h\n'}
[0.507838] (slam_toolbox) StdoutLine: {'line': b'-- Up-to-date symlink: /home/malik/controller-benchmarks/ros2/install/slam_toolbox/include/slam_toolbox/slam_toolbox/msg/detail/new_node_event__rosidl_typesupport_introspection_c.h\n'}
[0.507904] (slam_toolbox) StdoutLine: {'line': b'-- Up-to-date symlink: /home/malik/controller-benchmarks/ros2/install/slam_toolbox/include/slam_toolbox/slam_toolbox/msg/detail/pose_graph__rosidl_typesupport_introspection_c.h\n'}
[0.508000] (slam_toolbox) StdoutLine: {'line': b'-- Up-to-date symlink: /home/malik/controller-benchmarks/ros2/install/slam_toolbox/include/slam_toolbox/slam_toolbox/msg/rosidl_typesupport_introspection_c__visibility_control.h\n'}
[0.508110] (slam_toolbox) StdoutLine: {'line': b'-- Up-to-date symlink: /home/malik/controller-benchmarks/ros2/install/slam_toolbox/include/slam_toolbox/slam_toolbox/srv/detail/add_submap__rosidl_typesupport_introspection_c.h\n'}
[0.508177] (slam_toolbox) StdoutLine: {'line': b'-- Up-to-date symlink: /home/malik/controller-benchmarks/ros2/install/slam_toolbox/include/slam_toolbox/slam_toolbox/srv/detail/clear__rosidl_typesupport_introspection_c.h\n'}
[0.508247] (slam_toolbox) StdoutLine: {'line': b'-- Up-to-date symlink: /home/malik/controller-benchmarks/ros2/install/slam_toolbox/include/slam_toolbox/slam_toolbox/srv/detail/clear_queue__rosidl_typesupport_introspection_c.h\n'}
[0.508310] (slam_toolbox) StdoutLine: {'line': b'-- Up-to-date symlink: /home/malik/controller-benchmarks/ros2/install/slam_toolbox/include/slam_toolbox/slam_toolbox/srv/detail/deserialize_pose_graph__rosidl_typesupport_introspection_c.h\n'}
[0.508375] (slam_toolbox) StdoutLine: {'line': b'-- Up-to-date symlink: /home/malik/controller-benchmarks/ros2/install/slam_toolbox/include/slam_toolbox/slam_toolbox/srv/detail/loop_closure__rosidl_typesupport_introspection_c.h\n'}
[0.508458] (slam_toolbox) StdoutLine: {'line': b'-- Up-to-date symlink: /home/malik/controller-benchmarks/ros2/install/slam_toolbox/include/slam_toolbox/slam_toolbox/srv/detail/merge_maps__rosidl_typesupport_introspection_c.h\n'}
[0.508538] (slam_toolbox) StdoutLine: {'line': b'-- Up-to-date symlink: /home/malik/controller-benchmarks/ros2/install/slam_toolbox/include/slam_toolbox/slam_toolbox/srv/detail/pause__rosidl_typesupport_introspection_c.h\n'}
[0.508628] (slam_toolbox) StdoutLine: {'line': b'-- Up-to-date symlink: /home/malik/controller-benchmarks/ros2/install/slam_toolbox/include/slam_toolbox/slam_toolbox/srv/detail/reset__rosidl_typesupport_introspection_c.h\n'}
[0.508697] (slam_toolbox) StdoutLine: {'line': b'-- Up-to-date symlink: /home/malik/controller-benchmarks/ros2/install/slam_toolbox/include/slam_toolbox/slam_toolbox/srv/detail/save_map__rosidl_typesupport_introspection_c.h\n'}
[0.508782] (slam_toolbox) StdoutLine: {'line': b'-- Up-to-date symlink: /home/malik/controller-benchmarks/ros2/install/slam_toolbox/include/slam_toolbox/slam_toolbox/srv/detail/serialize_pose_graph__rosidl_typesupport_introspection_c.h\n'}
[0.508882] (slam_toolbox) StdoutLine: {'line': b'-- Up-to-date symlink: /home/malik/controller-benchmarks/ros2/install/slam_toolbox/include/slam_toolbox/slam_toolbox/srv/detail/toggle_interactive__rosidl_typesupport_introspection_c.h\n'}
[0.509801] (slam_toolbox) StdoutLine: {'line': b'-- Up-to-date symlink: /home/malik/controller-benchmarks/ros2/install/slam_toolbox/include/slam_toolbox/slam_toolbox/msg/detail/graph_edge__rosidl_typesupport_introspection_cpp.hpp\n'}
[0.510018] (slam_toolbox) StdoutLine: {'line': b'-- Up-to-date symlink: /home/malik/controller-benchmarks/ros2/install/slam_toolbox/include/slam_toolbox/slam_toolbox/msg/detail/graph_node__rosidl_typesupport_introspection_cpp.hpp\n'}
[0.510106] (slam_toolbox) StdoutLine: {'line': b'-- Up-to-date symlink: /home/malik/controller-benchmarks/ros2/install/slam_toolbox/include/slam_toolbox/slam_toolbox/msg/detail/localized_laser_scan__rosidl_typesupport_introspection_cpp.hpp\n'}
[0.510170] (slam_toolbox) StdoutLine: {'line': b'-- Up-to-date symlink: /home/malik/controller-benchmarks/ros2/install/slam_toolbox/include/slam_toolbox/slam_toolbox/msg/detail/loop_closure_event__rosidl_typesupport_introspection_cpp.hpp\n'}
[0.510220] (slam_toolbox) StdoutLine: {'line': b'-- Up-to-date symlink: /home/malik/controller-benchmarks/ros2/install/slam_toolbox/include/slam_toolbox/slam_toolbox/msg/detail/new_node_event__rosidl_typesupport_introspection_cpp.hpp\n'}
[0.510302] (slam_toolbox) StdoutLine: {'line': b'-- Up-to-date symlink: /home/malik/controller-benchmarks/ros2/install/slam_toolbox/include/slam_toolbox/slam_toolbox/msg/detail/pose_graph__rosidl_typesupport_introspection_cpp.hpp\n'}
[0.510350] (slam_toolbox) StdoutLine: {'line': b'-- Up-to-date symlink: /home/malik/controller-benchmarks/ros2/install/slam_toolbox/include/slam_toolbox/slam_toolbox/srv/detail/add_submap__rosidl_typesupport_introspection_cpp.hpp\n'}
[0.510411] (slam_toolbox) StdoutLine: {'line': b'-- Up-to-date symlink: /home/malik/controller-benchmarks/ros2/install/slam_toolbox/include/slam_toolbox/slam_toolbox/srv/detail/clear__rosidl_typesupport_introspection_cpp.hpp\n'}
[0.510469] (slam_toolbox) StdoutLine: {'line': b'-- Up-to-date symlink: /home/malik/controller-benchmarks/ros2/install/slam_toolbox/include/slam_toolbox/slam_toolbox/srv/detail/clear_queue__rosidl_typesupport_introspection_cpp.hpp\n'}
[0.510529] (slam_toolbox) StdoutLine: {'line': b'-- Up-to-date symlink: /home/malik/controller-benchmarks/ros2/install/slam_toolbox/include/slam_toolbox/slam_toolbox/srv/detail/deserialize_pose_graph__rosidl_typesupport_introspection_cpp.hpp\n'}
[0.510577] (slam_toolbox) StdoutLine: {'line': b'-- Up-to-date symlink: /home/malik/controller-benchmarks/ros2/install/slam_toolbox/include/slam_toolbox/slam_toolbox/srv/detail/loop_closure__rosidl_typesupport_introspection_cpp.hpp\n'}
[0.510642] (slam_toolbox) StdoutLine: {'line': b'-- Up-to-date symlink: /home/malik/controller-benchmarks/ros2/install/slam_toolbox/include/slam_toolbox/slam_toolbox/srv/detail/merge_maps__rosidl_typesupport_introspection_cpp.hpp\n'}
[0.510701] (slam_toolbox) StdoutLine: {'line': b'-- Up-to-date symlink: /home/malik/controller-benchmarks/ros2/install/slam_toolbox/include/slam_toolbox/slam_toolbox/srv/detail/pause__rosidl_typesupport_introspection_cpp.hpp\n'}
[0.510800] (slam_toolbox) StdoutLine: {'line': b'-- Up-to-date symlink: /home/malik/controller-benchmarks/ros2/install/slam_toolbox/include/slam_toolbox/slam_toolbox/srv/detail/reset__rosidl_typesupport_introspection_cpp.hpp\n'}
[0.510875] (slam_toolbox) StdoutLine: {'line': b'-- Up-to-date symlink: /home/malik/controller-benchmarks/ros2/install/slam_toolbox/include/slam_toolbox/slam_toolbox/srv/detail/save_map__rosidl_typesupport_introspection_cpp.hpp\n'}
[0.510954] (slam_toolbox) StdoutLine: {'line': b'-- Up-to-date symlink: /home/malik/controller-benchmarks/ros2/install/slam_toolbox/include/slam_toolbox/slam_toolbox/srv/detail/serialize_pose_graph__rosidl_typesupport_introspection_cpp.hpp\n'}
[0.511037] (slam_toolbox) StdoutLine: {'line': b'-- Up-to-date symlink: /home/malik/controller-benchmarks/ros2/install/slam_toolbox/include/slam_toolbox/slam_toolbox/srv/detail/toggle_interactive__rosidl_typesupport_introspection_cpp.hpp\n'}
[0.511164] (slam_toolbox) StdoutLine: {'line': b'-- Up-to-date symlink: /home/malik/controller-benchmarks/ros2/install/slam_toolbox/share/slam_toolbox/environment/pythonpath.sh\n'}
[0.511284] (slam_toolbox) StdoutLine: {'line': b'-- Up-to-date symlink: /home/malik/controller-benchmarks/ros2/install/slam_toolbox/share/slam_toolbox/environment/pythonpath.dsv\n'}
[0.511536] (slam_toolbox) StdoutLine: {'line': b'-- Up-to-date symlink: /home/malik/controller-benchmarks/ros2/install/slam_toolbox/local/lib/python3.10/dist-packages/slam_toolbox-2.6.10-py3.10.egg-info/PKG-INFO\n'}
[0.511616] (slam_toolbox) StdoutLine: {'line': b'-- Up-to-date symlink: /home/malik/controller-benchmarks/ros2/install/slam_toolbox/local/lib/python3.10/dist-packages/slam_toolbox-2.6.10-py3.10.egg-info/SOURCES.txt\n'}
[0.511732] (slam_toolbox) StdoutLine: {'line': b'-- Up-to-date symlink: /home/malik/controller-benchmarks/ros2/install/slam_toolbox/local/lib/python3.10/dist-packages/slam_toolbox-2.6.10-py3.10.egg-info/dependency_links.txt\n'}
[0.511860] (slam_toolbox) StdoutLine: {'line': b'-- Up-to-date symlink: /home/malik/controller-benchmarks/ros2/install/slam_toolbox/local/lib/python3.10/dist-packages/slam_toolbox-2.6.10-py3.10.egg-info/top_level.txt\n'}
[0.512695] (slam_toolbox) StdoutLine: {'line': b'-- Up-to-date symlink: /home/malik/controller-benchmarks/ros2/install/slam_toolbox/local/lib/python3.10/dist-packages/slam_toolbox/__init__.py\n'}
[0.512930] (slam_toolbox) StdoutLine: {'line': b'-- Up-to-date symlink: /home/malik/controller-benchmarks/ros2/install/slam_toolbox/local/lib/python3.10/dist-packages/slam_toolbox/_slam_toolbox_s.ep.rosidl_typesupport_c.c\n'}
[0.513020] (slam_toolbox) StdoutLine: {'line': b'-- Up-to-date symlink: /home/malik/controller-benchmarks/ros2/install/slam_toolbox/local/lib/python3.10/dist-packages/slam_toolbox/_slam_toolbox_s.ep.rosidl_typesupport_fastrtps_c.c\n'}
[0.513112] (slam_toolbox) StdoutLine: {'line': b'-- Up-to-date symlink: /home/malik/controller-benchmarks/ros2/install/slam_toolbox/local/lib/python3.10/dist-packages/slam_toolbox/_slam_toolbox_s.ep.rosidl_typesupport_introspection_c.c\n'}
[0.513165] (slam_toolbox) StdoutLine: {'line': b'-- Up-to-date symlink: /home/malik/controller-benchmarks/ros2/install/slam_toolbox/local/lib/python3.10/dist-packages/slam_toolbox/libslam_toolbox__rosidl_generator_py.so\n'}
[0.513253] (slam_toolbox) StdoutLine: {'line': b'-- Up-to-date symlink: /home/malik/controller-benchmarks/ros2/install/slam_toolbox/local/lib/python3.10/dist-packages/slam_toolbox/msg/__init__.py\n'}
[0.513321] (slam_toolbox) StdoutLine: {'line': b'-- Up-to-date symlink: /home/malik/controller-benchmarks/ros2/install/slam_toolbox/local/lib/python3.10/dist-packages/slam_toolbox/msg/_graph_edge.py\n'}
[0.513374] (slam_toolbox) StdoutLine: {'line': b'-- Up-to-date symlink: /home/malik/controller-benchmarks/ros2/install/slam_toolbox/local/lib/python3.10/dist-packages/slam_toolbox/msg/_graph_edge_s.c\n'}
[0.513449] (slam_toolbox) StdoutLine: {'line': b'-- Up-to-date symlink: /home/malik/controller-benchmarks/ros2/install/slam_toolbox/local/lib/python3.10/dist-packages/slam_toolbox/msg/_graph_node.py\n'}
[0.513516] (slam_toolbox) StdoutLine: {'line': b'-- Up-to-date symlink: /home/malik/controller-benchmarks/ros2/install/slam_toolbox/local/lib/python3.10/dist-packages/slam_toolbox/msg/_graph_node_s.c\n'}
[0.513576] (slam_toolbox) StdoutLine: {'line': b'-- Up-to-date symlink: /home/malik/controller-benchmarks/ros2/install/slam_toolbox/local/lib/python3.10/dist-packages/slam_toolbox/msg/_localized_laser_scan.py\n'}
[0.513623] (slam_toolbox) StdoutLine: {'line': b'-- Up-to-date symlink: /home/malik/controller-benchmarks/ros2/install/slam_toolbox/local/lib/python3.10/dist-packages/slam_toolbox/msg/_localized_laser_scan_s.c\n'}
[0.513685] (slam_toolbox) StdoutLine: {'line': b'-- Up-to-date symlink: /home/malik/controller-benchmarks/ros2/install/slam_toolbox/local/lib/python3.10/dist-packages/slam_toolbox/msg/_loop_closure_event.py\n'}
[0.513743] (slam_toolbox) StdoutLine: {'line': b'-- Up-to-date symlink: /home/malik/controller-benchmarks/ros2/install/slam_toolbox/local/lib/python3.10/dist-packages/slam_toolbox/msg/_loop_closure_event_s.c\n'}
[0.513806] (slam_toolbox) StdoutLine: {'line': b'-- Up-to-date symlink: /home/malik/controller-benchmarks/ros2/install/slam_toolbox/local/lib/python3.10/dist-packages/slam_toolbox/msg/_new_node_event.py\n'}
[0.513890] (slam_toolbox) StdoutLine: {'line': b'-- Up-to-date symlink: /home/malik/controller-benchmarks/ros2/install/slam_toolbox/local/lib/python3.10/dist-packages/slam_toolbox/msg/_new_node_event_s.c\n'}
[0.513979] (slam_toolbox) StdoutLine: {'line': b'-- Up-to-date symlink: /home/malik/controller-benchmarks/ros2/install/slam_toolbox/local/lib/python3.10/dist-packages/slam_toolbox/msg/_pose_graph.py\n'}
[0.514094] (slam_toolbox) StdoutLine: {'line': b'-- Up-to-date symlink: /home/malik/controller-benchmarks/ros2/install/slam_toolbox/local/lib/python3.10/dist-packages/slam_toolbox/msg/_pose_graph_s.c\n'}
[0.514182] (slam_toolbox) StdoutLine: {'line': b'-- Up-to-date symlink: /home/malik/controller-benchmarks/ros2/install/slam_toolbox/local/lib/python3.10/dist-packages/slam_toolbox/slam_toolbox_s__rosidl_typesupport_c.cpython-310-x86_64-linux-gnu.so\n'}
[0.514270] (slam_toolbox) StdoutLine: {'line': b'-- Up-to-date symlink: /home/malik/controller-benchmarks/ros2/install/slam_toolbox/local/lib/python3.10/dist-packages/slam_toolbox/slam_toolbox_s__rosidl_typesupport_fastrtps_c.cpython-310-x86_64-linux-gnu.so\n'}
[0.514339] (slam_toolbox) StdoutLine: {'line': b'-- Up-to-date symlink: /home/malik/controller-benchmarks/ros2/install/slam_toolbox/local/lib/python3.10/dist-packages/slam_toolbox/slam_toolbox_s__rosidl_typesupport_introspection_c.cpython-310-x86_64-linux-gnu.so\n'}
[0.514401] (slam_toolbox) StdoutLine: {'line': b'-- Up-to-date symlink: /home/malik/controller-benchmarks/ros2/install/slam_toolbox/local/lib/python3.10/dist-packages/slam_toolbox/srv/__init__.py\n'}
[0.514474] (slam_toolbox) StdoutLine: {'line': b'-- Up-to-date symlink: /home/malik/controller-benchmarks/ros2/install/slam_toolbox/local/lib/python3.10/dist-packages/slam_toolbox/srv/_add_submap.py\n'}
[0.514551] (slam_toolbox) StdoutLine: {'line': b'-- Up-to-date symlink: /home/malik/controller-benchmarks/ros2/install/slam_toolbox/local/lib/python3.10/dist-packages/slam_toolbox/srv/_add_submap_s.c\n'}
[0.514677] (slam_toolbox) StdoutLine: {'line': b'-- Up-to-date symlink: /home/malik/controller-benchmarks/ros2/install/slam_toolbox/local/lib/python3.10/dist-packages/slam_toolbox/srv/_clear.py\n'}
[0.514728] (slam_toolbox) StdoutLine: {'line': b'-- Up-to-date symlink: /home/malik/controller-benchmarks/ros2/install/slam_toolbox/local/lib/python3.10/dist-packages/slam_toolbox/srv/_clear_queue.py\n'}
[0.514803] (slam_toolbox) StdoutLine: {'line': b'-- Up-to-date symlink: /home/malik/controller-benchmarks/ros2/install/slam_toolbox/local/lib/python3.10/dist-packages/slam_toolbox/srv/_clear_queue_s.c\n'}
[0.514922] (slam_toolbox) StdoutLine: {'line': b'-- Up-to-date symlink: /home/malik/controller-benchmarks/ros2/install/slam_toolbox/local/lib/python3.10/dist-packages/slam_toolbox/srv/_clear_s.c\n'}
[0.515046] (slam_toolbox) StdoutLine: {'line': b'-- Up-to-date symlink: /home/malik/controller-benchmarks/ros2/install/slam_toolbox/local/lib/python3.10/dist-packages/slam_toolbox/srv/_deserialize_pose_graph.py\n'}
[0.515126] (slam_toolbox) StdoutLine: {'line': b'-- Up-to-date symlink: /home/malik/controller-benchmarks/ros2/install/slam_toolbox/local/lib/python3.10/dist-packages/slam_toolbox/srv/_deserialize_pose_graph_s.c\n'}
[0.515188] (slam_toolbox) StdoutLine: {'line': b'-- Up-to-date symlink: /home/malik/controller-benchmarks/ros2/install/slam_toolbox/local/lib/python3.10/dist-packages/slam_toolbox/srv/_loop_closure.py\n'}
[0.515265] (slam_toolbox) StdoutLine: {'line': b'-- Up-to-date symlink: /home/malik/controller-benchmarks/ros2/install/slam_toolbox/local/lib/python3.10/dist-packages/slam_toolbox/srv/_loop_closure_s.c\n'}
[0.515452] (slam_toolbox) StdoutLine: {'line': b'-- Up-to-date symlink: /home/malik/controller-benchmarks/ros2/install/slam_toolbox/local/lib/python3.10/dist-packages/slam_toolbox/srv/_merge_maps.py\n'}
[0.515509] (slam_toolbox) StdoutLine: {'line': b'-- Up-to-date symlink: /home/malik/controller-benchmarks/ros2/install/slam_toolbox/local/lib/python3.10/dist-packages/slam_toolbox/srv/_merge_maps_s.c\n'}
[0.515593] (slam_toolbox) StdoutLine: {'line': b'-- Up-to-date symlink: /home/malik/controller-benchmarks/ros2/install/slam_toolbox/local/lib/python3.10/dist-packages/slam_toolbox/srv/_pause.py\n'}
[0.515640] (slam_toolbox) StdoutLine: {'line': b'-- Up-to-date symlink: /home/malik/controller-benchmarks/ros2/install/slam_toolbox/local/lib/python3.10/dist-packages/slam_toolbox/srv/_pause_s.c\n'}
[0.515699] (slam_toolbox) StdoutLine: {'line': b'-- Up-to-date symlink: /home/malik/controller-benchmarks/ros2/install/slam_toolbox/local/lib/python3.10/dist-packages/slam_toolbox/srv/_reset.py\n'}
[0.515758] (slam_toolbox) StdoutLine: {'line': b'-- Up-to-date symlink: /home/malik/controller-benchmarks/ros2/install/slam_toolbox/local/lib/python3.10/dist-packages/slam_toolbox/srv/_reset_s.c\n'}
[0.515850] (slam_toolbox) StdoutLine: {'line': b'-- Up-to-date symlink: /home/malik/controller-benchmarks/ros2/install/slam_toolbox/local/lib/python3.10/dist-packages/slam_toolbox/srv/_save_map.py\n'}
[0.515937] (slam_toolbox) StdoutLine: {'line': b'-- Up-to-date symlink: /home/malik/controller-benchmarks/ros2/install/slam_toolbox/local/lib/python3.10/dist-packages/slam_toolbox/srv/_save_map_s.c\n'}
[0.516020] (slam_toolbox) StdoutLine: {'line': b'-- Up-to-date symlink: /home/malik/controller-benchmarks/ros2/install/slam_toolbox/local/lib/python3.10/dist-packages/slam_toolbox/srv/_serialize_pose_graph.py\n'}
[0.516124] (slam_toolbox) StdoutLine: {'line': b'-- Up-to-date symlink: /home/malik/controller-benchmarks/ros2/install/slam_toolbox/local/lib/python3.10/dist-packages/slam_toolbox/srv/_serialize_pose_graph_s.c\n'}
[0.516244] (slam_toolbox) StdoutLine: {'line': b'-- Up-to-date symlink: /home/malik/controller-benchmarks/ros2/install/slam_toolbox/local/lib/python3.10/dist-packages/slam_toolbox/srv/_toggle_interactive.py\n'}
[0.516323] (slam_toolbox) StdoutLine: {'line': b'-- Up-to-date symlink: /home/malik/controller-benchmarks/ros2/install/slam_toolbox/local/lib/python3.10/dist-packages/slam_toolbox/srv/_toggle_interactive_s.c\n'}
[0.516746] (slam_toolbox) StdoutLine: {'line': b'-- Up-to-date symlink: /home/malik/controller-benchmarks/ros2/install/slam_toolbox/local/lib/python3.10/dist-packages/slam_toolbox/slam_toolbox_s__rosidl_typesupport_fastrtps_c.cpython-310-x86_64-linux-gnu.so\n'}
[0.516966] (slam_toolbox) StdoutLine: {'line': b'-- Up-to-date symlink: /home/malik/controller-benchmarks/ros2/install/slam_toolbox/local/lib/python3.10/dist-packages/slam_toolbox/slam_toolbox_s__rosidl_typesupport_introspection_c.cpython-310-x86_64-linux-gnu.so\n'}
[0.517143] (slam_toolbox) StdoutLine: {'line': b'-- Up-to-date symlink: /home/malik/controller-benchmarks/ros2/install/slam_toolbox/local/lib/python3.10/dist-packages/slam_toolbox/slam_toolbox_s__rosidl_typesupport_c.cpython-310-x86_64-linux-gnu.so\n'}
[0.517268] (slam_toolbox) StdoutLine: {'line': b'-- Up-to-date symlink: /home/malik/controller-benchmarks/ros2/install/slam_toolbox/share/slam_toolbox/srv/Pause.idl\n'}
[0.517373] (slam_toolbox) StdoutLine: {'line': b'-- Up-to-date symlink: /home/malik/controller-benchmarks/ros2/install/slam_toolbox/share/slam_toolbox/srv/ClearQueue.idl\n'}
[0.517480] (slam_toolbox) StdoutLine: {'line': b'-- Up-to-date symlink: /home/malik/controller-benchmarks/ros2/install/slam_toolbox/share/slam_toolbox/srv/ToggleInteractive.idl\n'}
[0.517587] (slam_toolbox) StdoutLine: {'line': b'-- Up-to-date symlink: /home/malik/controller-benchmarks/ros2/install/slam_toolbox/share/slam_toolbox/srv/Clear.idl\n'}
[0.517693] (slam_toolbox) StdoutLine: {'line': b'-- Up-to-date symlink: /home/malik/controller-benchmarks/ros2/install/slam_toolbox/share/slam_toolbox/srv/SaveMap.idl\n'}
[0.517801] (slam_toolbox) StdoutLine: {'line': b'-- Up-to-date symlink: /home/malik/controller-benchmarks/ros2/install/slam_toolbox/share/slam_toolbox/srv/LoopClosure.idl\n'}
[0.517914] (slam_toolbox) StdoutLine: {'line': b'-- Up-to-date symlink: /home/malik/controller-benchmarks/ros2/install/slam_toolbox/share/slam_toolbox/srv/MergeMaps.idl\n'}
[0.518041] (slam_toolbox) StdoutLine: {'line': b'-- Up-to-date symlink: /home/malik/controller-benchmarks/ros2/install/slam_toolbox/share/slam_toolbox/srv/AddSubmap.idl\n'}
[0.518157] (slam_toolbox) StdoutLine: {'line': b'-- Up-to-date symlink: /home/malik/controller-benchmarks/ros2/install/slam_toolbox/share/slam_toolbox/srv/DeserializePoseGraph.idl\n'}
[0.518268] (slam_toolbox) StdoutLine: {'line': b'-- Up-to-date symlink: /home/malik/controller-benchmarks/ros2/install/slam_toolbox/share/slam_toolbox/srv/SerializePoseGraph.idl\n'}
[0.518374] (slam_toolbox) StdoutLine: {'line': b'-- Up-to-date symlink: /home/malik/controller-benchmarks/ros2/install/slam_toolbox/share/slam_toolbox/srv/Pause.srv\n'}
[0.518485] (slam_toolbox) StdoutLine: {'line': b'-- Up-to-date symlink: /home/malik/controller-benchmarks/ros2/install/slam_toolbox/share/slam_toolbox/srv/Pause_Request.msg\n'}
[0.518591] (slam_toolbox) StdoutLine: {'line': b'-- Up-to-date symlink: /home/malik/controller-benchmarks/ros2/install/slam_toolbox/share/slam_toolbox/srv/Pause_Response.msg\n'}
[0.518695] (slam_toolbox) StdoutLine: {'line': b'-- Up-to-date symlink: /home/malik/controller-benchmarks/ros2/install/slam_toolbox/share/slam_toolbox/srv/ClearQueue.srv\n'}
[0.518803] (slam_toolbox) StdoutLine: {'line': b'-- Up-to-date symlink: /home/malik/controller-benchmarks/ros2/install/slam_toolbox/share/slam_toolbox/srv/ClearQueue_Request.msg\n'}
[0.518907] (slam_toolbox) StdoutLine: {'line': b'-- Up-to-date symlink: /home/malik/controller-benchmarks/ros2/install/slam_toolbox/share/slam_toolbox/srv/ClearQueue_Response.msg\n'}
[0.519017] (slam_toolbox) StdoutLine: {'line': b'-- Up-to-date symlink: /home/malik/controller-benchmarks/ros2/install/slam_toolbox/share/slam_toolbox/srv/ToggleInteractive.srv\n'}
[0.519137] (slam_toolbox) StdoutLine: {'line': b'-- Up-to-date symlink: /home/malik/controller-benchmarks/ros2/install/slam_toolbox/share/slam_toolbox/srv/ToggleInteractive_Request.msg\n'}
[0.519247] (slam_toolbox) StdoutLine: {'line': b'-- Up-to-date symlink: /home/malik/controller-benchmarks/ros2/install/slam_toolbox/share/slam_toolbox/srv/ToggleInteractive_Response.msg\n'}
[0.519366] (slam_toolbox) StdoutLine: {'line': b'-- Up-to-date symlink: /home/malik/controller-benchmarks/ros2/install/slam_toolbox/share/slam_toolbox/srv/Clear.srv\n'}
[0.519486] (slam_toolbox) StdoutLine: {'line': b'-- Up-to-date symlink: /home/malik/controller-benchmarks/ros2/install/slam_toolbox/share/slam_toolbox/srv/Clear_Request.msg\n'}
[0.519607] (slam_toolbox) StdoutLine: {'line': b'-- Up-to-date symlink: /home/malik/controller-benchmarks/ros2/install/slam_toolbox/share/slam_toolbox/srv/Clear_Response.msg\n'}
[0.519733] (slam_toolbox) StdoutLine: {'line': b'-- Up-to-date symlink: /home/malik/controller-benchmarks/ros2/install/slam_toolbox/share/slam_toolbox/srv/SaveMap.srv\n'}
[0.519910] (slam_toolbox) StdoutLine: {'line': b'-- Up-to-date symlink: /home/malik/controller-benchmarks/ros2/install/slam_toolbox/share/slam_toolbox/srv/SaveMap_Request.msg\n'}
[0.520081] (slam_toolbox) StdoutLine: {'line': b'-- Up-to-date symlink: /home/malik/controller-benchmarks/ros2/install/slam_toolbox/share/slam_toolbox/srv/SaveMap_Response.msg\n'}
[0.520180] (slam_toolbox) StdoutLine: {'line': b'-- Up-to-date symlink: /home/malik/controller-benchmarks/ros2/install/slam_toolbox/share/slam_toolbox/srv/LoopClosure.srv\n'}
[0.520314] (slam_toolbox) StdoutLine: {'line': b'-- Up-to-date symlink: /home/malik/controller-benchmarks/ros2/install/slam_toolbox/share/slam_toolbox/srv/LoopClosure_Request.msg\n'}
[0.520404] (slam_toolbox) StdoutLine: {'line': b'-- Up-to-date symlink: /home/malik/controller-benchmarks/ros2/install/slam_toolbox/share/slam_toolbox/srv/LoopClosure_Response.msg\n'}
[0.520486] (slam_toolbox) StdoutLine: {'line': b'-- Up-to-date symlink: /home/malik/controller-benchmarks/ros2/install/slam_toolbox/share/slam_toolbox/srv/MergeMaps.srv\n'}
[0.520586] (slam_toolbox) StdoutLine: {'line': b'-- Up-to-date symlink: /home/malik/controller-benchmarks/ros2/install/slam_toolbox/share/slam_toolbox/srv/MergeMaps_Request.msg\n'}
[0.520691] (slam_toolbox) StdoutLine: {'line': b'-- Up-to-date symlink: /home/malik/controller-benchmarks/ros2/install/slam_toolbox/share/slam_toolbox/srv/MergeMaps_Response.msg\n'}
[0.520797] (slam_toolbox) StdoutLine: {'line': b'-- Up-to-date symlink: /home/malik/controller-benchmarks/ros2/install/slam_toolbox/share/slam_toolbox/srv/AddSubmap.srv\n'}
[0.520857] (slam_toolbox) StdoutLine: {'line': b'-- Up-to-date symlink: /home/malik/controller-benchmarks/ros2/install/slam_toolbox/share/slam_toolbox/srv/AddSubmap_Request.msg\n'}
[0.520955] (slam_toolbox) StdoutLine: {'line': b'-- Up-to-date symlink: /home/malik/controller-benchmarks/ros2/install/slam_toolbox/share/slam_toolbox/srv/AddSubmap_Response.msg\n'}
[0.521065] (slam_toolbox) StdoutLine: {'line': b'-- Up-to-date symlink: /home/malik/controller-benchmarks/ros2/install/slam_toolbox/share/slam_toolbox/srv/DeserializePoseGraph.srv\n'}
[0.521169] (slam_toolbox) StdoutLine: {'line': b'-- Up-to-date symlink: /home/malik/controller-benchmarks/ros2/install/slam_toolbox/share/slam_toolbox/srv/DeserializePoseGraph_Request.msg\n'}
[0.521274] (slam_toolbox) StdoutLine: {'line': b'-- Up-to-date symlink: /home/malik/controller-benchmarks/ros2/install/slam_toolbox/share/slam_toolbox/srv/DeserializePoseGraph_Response.msg\n'}
[0.521376] (slam_toolbox) StdoutLine: {'line': b'-- Up-to-date symlink: /home/malik/controller-benchmarks/ros2/install/slam_toolbox/share/slam_toolbox/srv/SerializePoseGraph.srv\n'}
[0.521481] (slam_toolbox) StdoutLine: {'line': b'-- Up-to-date symlink: /home/malik/controller-benchmarks/ros2/install/slam_toolbox/share/slam_toolbox/srv/SerializePoseGraph_Request.msg\n'}
[0.521584] (slam_toolbox) StdoutLine: {'line': b'-- Up-to-date symlink: /home/malik/controller-benchmarks/ros2/install/slam_toolbox/share/slam_toolbox/srv/SerializePoseGraph_Response.msg\n'}
[0.521687] (slam_toolbox) StdoutLine: {'line': b'-- Up-to-date symlink: /home/malik/controller-benchmarks/ros2/install/slam_toolbox/share/slam_toolbox//rviz_plugins.xml\n'}
[0.521789] (slam_toolbox) StdoutLine: {'line': b'-- Up-to-date symlink: /home/malik/controller-benchmarks/ros2/install/slam_toolbox/share/slam_toolbox//solver_plugins.xml\n'}
[0.522045] (slam_toolbox) StdoutLine: {'line': b'-- Up-to-date symlink: /home/malik/controller-benchmarks/ros2/install/slam_toolbox/lib/slam_toolbox/async_slam_toolbox_node\n'}
[0.522201] (slam_toolbox) StdoutLine: {'line': b'-- Up-to-date symlink: /home/malik/controller-benchmarks/ros2/install/slam_toolbox/lib/slam_toolbox/sync_slam_toolbox_node\n'}
[0.522339] (slam_toolbox) StdoutLine: {'line': b'-- Up-to-date symlink: /home/malik/controller-benchmarks/ros2/install/slam_toolbox/lib/slam_toolbox/localization_slam_toolbox_node\n'}
[0.522497] (slam_toolbox) StdoutLine: {'line': b'-- Up-to-date symlink: /home/malik/controller-benchmarks/ros2/install/slam_toolbox/lib/slam_toolbox/map_and_localization_slam_toolbox_node\n'}
[0.522593] (slam_toolbox) StdoutLine: {'line': b'-- Up-to-date symlink: /home/malik/controller-benchmarks/ros2/install/slam_toolbox/lib/slam_toolbox/merge_maps_kinematic\n'}
[0.522649] (slam_toolbox) StdoutLine: {'line': b'-- Up-to-date symlink: /home/malik/controller-benchmarks/ros2/install/slam_toolbox/lib/libtoolbox_common.so\n'}
[0.522757] (slam_toolbox) StdoutLine: {'line': b'-- Up-to-date symlink: /home/malik/controller-benchmarks/ros2/install/slam_toolbox/lib/libSlamToolboxPlugin.so\n'}
[0.522829] (slam_toolbox) StdoutLine: {'line': b'-- Up-to-date symlink: /home/malik/controller-benchmarks/ros2/install/slam_toolbox/lib/libceres_solver_plugin.so\n'}
[0.522896] (slam_toolbox) StdoutLine: {'line': b'-- Up-to-date symlink: /home/malik/controller-benchmarks/ros2/install/slam_toolbox/lib/libasync_slam_toolbox.so\n'}
[0.522957] (slam_toolbox) StdoutLine: {'line': b'-- Up-to-date symlink: /home/malik/controller-benchmarks/ros2/install/slam_toolbox/lib/libsync_slam_toolbox.so\n'}
[0.523034] (slam_toolbox) StdoutLine: {'line': b'-- Up-to-date symlink: /home/malik/controller-benchmarks/ros2/install/slam_toolbox/lib/liblocalization_slam_toolbox.so\n'}
[0.523126] (slam_toolbox) StdoutLine: {'line': b'-- Up-to-date symlink: /home/malik/controller-benchmarks/ros2/install/slam_toolbox/lib/liblifelong_slam_toolbox.so\n'}
[0.523217] (slam_toolbox) StdoutLine: {'line': b'-- Up-to-date symlink: /home/malik/controller-benchmarks/ros2/install/slam_toolbox/lib/libmap_and_localization_slam_toolbox.so\n'}
[0.523344] (slam_toolbox) StdoutLine: {'line': b'-- Up-to-date symlink: /home/malik/controller-benchmarks/ros2/install/slam_toolbox/lib/libkartoSlamToolbox.so\n'}
[0.523664] (slam_toolbox) StdoutLine: {'line': b'-- Up-to-date symlink: /home/malik/controller-benchmarks/ros2/install/slam_toolbox/include/slam_toolbox/experimental/slam_toolbox_lifelong.hpp\n'}
[0.523750] (slam_toolbox) StdoutLine: {'line': b'-- Up-to-date symlink: /home/malik/controller-benchmarks/ros2/install/slam_toolbox/include/slam_toolbox/experimental/slam_toolbox_map_and_localization.hpp\n'}
[0.523820] (slam_toolbox) StdoutLine: {'line': b'-- Up-to-date symlink: /home/malik/controller-benchmarks/ros2/install/slam_toolbox/include/slam_toolbox/get_pose_helper.hpp\n'}
[0.523880] (slam_toolbox) StdoutLine: {'line': b'-- Up-to-date symlink: /home/malik/controller-benchmarks/ros2/install/slam_toolbox/include/slam_toolbox/laser_utils.hpp\n'}
[0.523938] (slam_toolbox) StdoutLine: {'line': b'-- Up-to-date symlink: /home/malik/controller-benchmarks/ros2/install/slam_toolbox/include/slam_toolbox/loop_closure_assistant.hpp\n'}
[0.524002] (slam_toolbox) StdoutLine: {'line': b'-- Up-to-date symlink: /home/malik/controller-benchmarks/ros2/install/slam_toolbox/include/slam_toolbox/map_saver.hpp\n'}
[0.524075] (slam_toolbox) StdoutLine: {'line': b'-- Up-to-date symlink: /home/malik/controller-benchmarks/ros2/install/slam_toolbox/include/slam_toolbox/merge_maps_kinematic.hpp\n'}
[0.524145] (slam_toolbox) StdoutLine: {'line': b'-- Up-to-date symlink: /home/malik/controller-benchmarks/ros2/install/slam_toolbox/include/slam_toolbox/serialization.hpp\n'}
[0.524212] (slam_toolbox) StdoutLine: {'line': b'-- Up-to-date symlink: /home/malik/controller-benchmarks/ros2/install/slam_toolbox/include/slam_toolbox/slam_mapper.hpp\n'}
[0.524326] (slam_toolbox) StdoutLine: {'line': b'-- Up-to-date symlink: /home/malik/controller-benchmarks/ros2/install/slam_toolbox/include/slam_toolbox/slam_toolbox_async.hpp\n'}
[0.524399] (slam_toolbox) StdoutLine: {'line': b'-- Up-to-date symlink: /home/malik/controller-benchmarks/ros2/install/slam_toolbox/include/slam_toolbox/slam_toolbox_common.hpp\n'}
[0.524471] (slam_toolbox) StdoutLine: {'line': b'-- Up-to-date symlink: /home/malik/controller-benchmarks/ros2/install/slam_toolbox/include/slam_toolbox/slam_toolbox_localization.hpp\n'}
[0.524528] (slam_toolbox) StdoutLine: {'line': b'-- Up-to-date symlink: /home/malik/controller-benchmarks/ros2/install/slam_toolbox/include/slam_toolbox/slam_toolbox_sync.hpp\n'}
[0.524610] (slam_toolbox) StdoutLine: {'line': b'-- Up-to-date symlink: /home/malik/controller-benchmarks/ros2/install/slam_toolbox/include/slam_toolbox/snap_utils.hpp\n'}
[0.524667] (slam_toolbox) StdoutLine: {'line': b'-- Up-to-date symlink: /home/malik/controller-benchmarks/ros2/install/slam_toolbox/include/slam_toolbox/toolbox_msgs.hpp\n'}
[0.524728] (slam_toolbox) StdoutLine: {'line': b'-- Up-to-date symlink: /home/malik/controller-benchmarks/ros2/install/slam_toolbox/include/slam_toolbox/toolbox_types.hpp\n'}
[0.524785] (slam_toolbox) StdoutLine: {'line': b'-- Up-to-date symlink: /home/malik/controller-benchmarks/ros2/install/slam_toolbox/include/slam_toolbox/visualization_utils.hpp\n'}
[0.525035] (slam_toolbox) StdoutLine: {'line': b'-- Up-to-date symlink: /home/malik/controller-benchmarks/ros2/install/slam_toolbox/share/slam_toolbox/launch/localization_launch.py\n'}
[0.525109] (slam_toolbox) StdoutLine: {'line': b'-- Up-to-date symlink: /home/malik/controller-benchmarks/ros2/install/slam_toolbox/share/slam_toolbox/launch/merge_maps_kinematic_launch.py\n'}
[0.525179] (slam_toolbox) StdoutLine: {'line': b'-- Up-to-date symlink: /home/malik/controller-benchmarks/ros2/install/slam_toolbox/share/slam_toolbox/launch/offline_launch.py\n'}
[0.525318] (slam_toolbox) StdoutLine: {'line': b'-- Up-to-date symlink: /home/malik/controller-benchmarks/ros2/install/slam_toolbox/share/slam_toolbox/launch/online_async_launch.py\n'}
[0.525391] (slam_toolbox) StdoutLine: {'line': b'-- Up-to-date symlink: /home/malik/controller-benchmarks/ros2/install/slam_toolbox/share/slam_toolbox/launch/online_sync_launch.py\n'}
[0.525599] (slam_toolbox) StdoutLine: {'line': b'-- Up-to-date symlink: /home/malik/controller-benchmarks/ros2/install/slam_toolbox/share/slam_toolbox/config/mapper_params_lifelong.yaml\n'}
[0.525727] (slam_toolbox) StdoutLine: {'line': b'-- Up-to-date symlink: /home/malik/controller-benchmarks/ros2/install/slam_toolbox/share/slam_toolbox/config/mapper_params_localization.yaml\n'}
[0.525859] (slam_toolbox) StdoutLine: {'line': b'-- Up-to-date symlink: /home/malik/controller-benchmarks/ros2/install/slam_toolbox/share/slam_toolbox/config/mapper_params_offline.yaml\n'}
[0.525936] (slam_toolbox) StdoutLine: {'line': b'-- Up-to-date symlink: /home/malik/controller-benchmarks/ros2/install/slam_toolbox/share/slam_toolbox/config/mapper_params_online_async.yaml\n'}
[0.526051] (slam_toolbox) StdoutLine: {'line': b'-- Up-to-date symlink: /home/malik/controller-benchmarks/ros2/install/slam_toolbox/share/slam_toolbox/config/mapper_params_online_sync.yaml\n'}
[0.526104] (slam_toolbox) StdoutLine: {'line': b'-- Up-to-date symlink: /home/malik/controller-benchmarks/ros2/install/slam_toolbox/share/slam_toolbox/config/slam_toolbox_default.rviz\n'}
[0.526165] (slam_toolbox) StdoutLine: {'line': b'-- Up-to-date symlink: /home/malik/controller-benchmarks/ros2/install/slam_toolbox/share/solver_plugins.xml\n'}
[0.526220] (slam_toolbox) StdoutLine: {'line': b'-- Up-to-date symlink: /home/malik/controller-benchmarks/ros2/install/slam_toolbox/share/rviz_plugins.xml\n'}
[0.526327] (slam_toolbox) StdoutLine: {'line': b'-- Up-to-date symlink: /home/malik/controller-benchmarks/ros2/install/slam_toolbox/share/ament_index/resource_index/package_run_dependencies/slam_toolbox\n'}
[0.526485] (slam_toolbox) StdoutLine: {'line': b'-- Up-to-date symlink: /home/malik/controller-benchmarks/ros2/install/slam_toolbox/share/ament_index/resource_index/parent_prefix_path/slam_toolbox\n'}
[0.526597] (slam_toolbox) StdoutLine: {'line': b'-- Up-to-date symlink: /home/malik/controller-benchmarks/ros2/install/slam_toolbox/share/slam_toolbox/environment/ament_prefix_path.sh\n'}
[0.526705] (slam_toolbox) StdoutLine: {'line': b'-- Up-to-date symlink: /home/malik/controller-benchmarks/ros2/install/slam_toolbox/share/slam_toolbox/environment/ament_prefix_path.dsv\n'}
[0.526819] (slam_toolbox) StdoutLine: {'line': b'-- Up-to-date symlink: /home/malik/controller-benchmarks/ros2/install/slam_toolbox/share/slam_toolbox/environment/path.sh\n'}
[0.526962] (slam_toolbox) StdoutLine: {'line': b'-- Up-to-date symlink: /home/malik/controller-benchmarks/ros2/install/slam_toolbox/share/slam_toolbox/environment/path.dsv\n'}
[0.527052] (slam_toolbox) StdoutLine: {'line': b'-- Up-to-date symlink: /home/malik/controller-benchmarks/ros2/install/slam_toolbox/share/slam_toolbox/local_setup.bash\n'}
[0.527224] (slam_toolbox) StdoutLine: {'line': b'-- Up-to-date symlink: /home/malik/controller-benchmarks/ros2/install/slam_toolbox/share/slam_toolbox/local_setup.sh\n'}
[0.527411] (slam_toolbox) StdoutLine: {'line': b'-- Up-to-date symlink: /home/malik/controller-benchmarks/ros2/install/slam_toolbox/share/slam_toolbox/local_setup.zsh\n'}
[0.527493] (slam_toolbox) StdoutLine: {'line': b'-- Up-to-date symlink: /home/malik/controller-benchmarks/ros2/install/slam_toolbox/share/slam_toolbox/local_setup.dsv\n'}
[0.527565] (slam_toolbox) StdoutLine: {'line': b'-- Symlinking: /home/malik/controller-benchmarks/ros2/install/slam_toolbox/share/slam_toolbox/package.dsv\n'}
[0.538773] (slam_toolbox) StdoutLine: {'line': b'-- Up-to-date symlink: /home/malik/controller-benchmarks/ros2/install/slam_toolbox/share/ament_index/resource_index/packages/slam_toolbox\n'}
[0.538949] (slam_toolbox) StdoutLine: {'line': b'-- Up-to-date symlink: /home/malik/controller-benchmarks/ros2/install/slam_toolbox/share/ament_index/resource_index/rviz_common__pluginlib__plugin/slam_toolbox\n'}
[0.539120] (slam_toolbox) StdoutLine: {'line': b'-- Up-to-date symlink: /home/malik/controller-benchmarks/ros2/install/slam_toolbox/share/ament_index/resource_index/slam_toolbox__pluginlib__plugin/slam_toolbox\n'}
[0.539218] (slam_toolbox) StdoutLine: {'line': b'-- Up-to-date symlink: /home/malik/controller-benchmarks/ros2/install/slam_toolbox/share/ament_index/resource_index/rclcpp_components/slam_toolbox\n'}
[0.539274] (slam_toolbox) StdoutLine: {'line': b'-- Up-to-date symlink: /home/malik/controller-benchmarks/ros2/install/slam_toolbox/share/slam_toolbox/cmake/rosidl_cmake-extras.cmake\n'}
[0.539380] (slam_toolbox) StdoutLine: {'line': b'-- Up-to-date symlink: /home/malik/controller-benchmarks/ros2/install/slam_toolbox/share/slam_toolbox/cmake/ament_cmake_export_dependencies-extras.cmake\n'}
[0.539451] (slam_toolbox) StdoutLine: {'line': b'-- Up-to-date symlink: /home/malik/controller-benchmarks/ros2/install/slam_toolbox/share/slam_toolbox/cmake/ament_cmake_export_include_directories-extras.cmake\n'}
[0.539535] (slam_toolbox) StdoutLine: {'line': b'-- Up-to-date symlink: /home/malik/controller-benchmarks/ros2/install/slam_toolbox/share/slam_toolbox/cmake/ament_cmake_export_libraries-extras.cmake\n'}
[0.539643] (slam_toolbox) StdoutLine: {'line': b'-- Up-to-date symlink: /home/malik/controller-benchmarks/ros2/install/slam_toolbox/share/slam_toolbox/cmake/ament_cmake_export_targets-extras.cmake\n'}
[0.539749] (slam_toolbox) StdoutLine: {'line': b'-- Up-to-date symlink: /home/malik/controller-benchmarks/ros2/install/slam_toolbox/share/slam_toolbox/cmake/rosidl_cmake_export_typesupport_targets-extras.cmake\n'}
[0.539856] (slam_toolbox) StdoutLine: {'line': b'-- Up-to-date symlink: /home/malik/controller-benchmarks/ros2/install/slam_toolbox/share/slam_toolbox/cmake/rosidl_cmake_export_typesupport_libraries-extras.cmake\n'}
[0.539972] (slam_toolbox) StdoutLine: {'line': b'-- Up-to-date symlink: /home/malik/controller-benchmarks/ros2/install/slam_toolbox/share/slam_toolbox/cmake/slam_toolboxConfig.cmake\n'}
[0.540094] (slam_toolbox) StdoutLine: {'line': b'-- Up-to-date symlink: /home/malik/controller-benchmarks/ros2/install/slam_toolbox/share/slam_toolbox/cmake/slam_toolboxConfig-version.cmake\n'}
[0.540221] (slam_toolbox) StdoutLine: {'line': b'-- Up-to-date symlink: /home/malik/controller-benchmarks/ros2/install/slam_toolbox/share/slam_toolbox/package.xml\n'}
[0.540427] (slam_toolbox) StdoutLine: {'line': b'-- Up-to-date: /home/malik/controller-benchmarks/ros2/install/slam_toolbox/lib/libslam_toolbox__rosidl_generator_c.so\n'}
[0.540626] (slam_toolbox) StdoutLine: {'line': b'-- Up-to-date: /home/malik/controller-benchmarks/ros2/install/slam_toolbox/lib/libslam_toolbox__rosidl_typesupport_fastrtps_c.so\n'}
[0.540807] (slam_toolbox) StdoutLine: {'line': b'-- Up-to-date: /home/malik/controller-benchmarks/ros2/install/slam_toolbox/lib/libslam_toolbox__rosidl_typesupport_fastrtps_cpp.so\n'}
[0.540981] (slam_toolbox) StdoutLine: {'line': b'-- Up-to-date: /home/malik/controller-benchmarks/ros2/install/slam_toolbox/lib/libslam_toolbox__rosidl_typesupport_introspection_c.so\n'}
[0.541171] (slam_toolbox) StdoutLine: {'line': b'-- Up-to-date: /home/malik/controller-benchmarks/ros2/install/slam_toolbox/lib/libslam_toolbox__rosidl_typesupport_c.so\n'}
[0.541376] (slam_toolbox) StdoutLine: {'line': b'-- Up-to-date: /home/malik/controller-benchmarks/ros2/install/slam_toolbox/lib/libslam_toolbox__rosidl_typesupport_introspection_cpp.so\n'}
[0.541565] (slam_toolbox) StdoutLine: {'line': b'-- Up-to-date: /home/malik/controller-benchmarks/ros2/install/slam_toolbox/lib/libslam_toolbox__rosidl_typesupport_cpp.so\n'}
[0.577580] (slam_toolbox) StdoutLine: {'line': b"Listing '/home/malik/controller-benchmarks/ros2/install/slam_toolbox/local/lib/python3.10/dist-packages/slam_toolbox'...\n"}
[0.577753] (slam_toolbox) StdoutLine: {'line': b"Listing '/home/malik/controller-benchmarks/ros2/install/slam_toolbox/local/lib/python3.10/dist-packages/slam_toolbox/msg'...\n"}
[0.577819] (slam_toolbox) StdoutLine: {'line': b"Listing '/home/malik/controller-benchmarks/ros2/install/slam_toolbox/local/lib/python3.10/dist-packages/slam_toolbox/srv'...\n"}
[0.586776] (slam_toolbox) StdoutLine: {'line': b'-- Up-to-date: /home/malik/controller-benchmarks/ros2/install/slam_toolbox/lib/libslam_toolbox__rosidl_generator_py.so\n'}
[0.586953] (slam_toolbox) StdoutLine: {'line': b'-- Up-to-date: /home/malik/controller-benchmarks/ros2/install/slam_toolbox/share/slam_toolbox/cmake/export_slam_toolbox__rosidl_generator_cExport.cmake\n'}
[0.587039] (slam_toolbox) StdoutLine: {'line': b'-- Up-to-date: /home/malik/controller-benchmarks/ros2/install/slam_toolbox/share/slam_toolbox/cmake/export_slam_toolbox__rosidl_generator_cExport-release.cmake\n'}
[0.587089] (slam_toolbox) StdoutLine: {'line': b'-- Up-to-date: /home/malik/controller-benchmarks/ros2/install/slam_toolbox/share/slam_toolbox/cmake/export_slam_toolbox__rosidl_typesupport_fastrtps_cExport.cmake\n'}
[0.587175] (slam_toolbox) StdoutLine: {'line': b'-- Up-to-date: /home/malik/controller-benchmarks/ros2/install/slam_toolbox/share/slam_toolbox/cmake/export_slam_toolbox__rosidl_typesupport_fastrtps_cExport-release.cmake\n'}
[0.587233] (slam_toolbox) StdoutLine: {'line': b'-- Up-to-date: /home/malik/controller-benchmarks/ros2/install/slam_toolbox/share/slam_toolbox/cmake/export_slam_toolbox__rosidl_generator_cppExport.cmake\n'}
[0.587292] (slam_toolbox) StdoutLine: {'line': b'-- Up-to-date: /home/malik/controller-benchmarks/ros2/install/slam_toolbox/share/slam_toolbox/cmake/export_slam_toolbox__rosidl_typesupport_fastrtps_cppExport.cmake\n'}
[0.587373] (slam_toolbox) StdoutLine: {'line': b'-- Up-to-date: /home/malik/controller-benchmarks/ros2/install/slam_toolbox/share/slam_toolbox/cmake/export_slam_toolbox__rosidl_typesupport_fastrtps_cppExport-release.cmake\n'}
[0.587431] (slam_toolbox) StdoutLine: {'line': b'-- Up-to-date: /home/malik/controller-benchmarks/ros2/install/slam_toolbox/share/slam_toolbox/cmake/slam_toolbox__rosidl_typesupport_introspection_cExport.cmake\n'}
[0.587487] (slam_toolbox) StdoutLine: {'line': b'-- Up-to-date: /home/malik/controller-benchmarks/ros2/install/slam_toolbox/share/slam_toolbox/cmake/slam_toolbox__rosidl_typesupport_introspection_cExport-release.cmake\n'}
[0.587551] (slam_toolbox) StdoutLine: {'line': b'-- Up-to-date: /home/malik/controller-benchmarks/ros2/install/slam_toolbox/share/slam_toolbox/cmake/slam_toolbox__rosidl_typesupport_cExport.cmake\n'}
[0.587607] (slam_toolbox) StdoutLine: {'line': b'-- Up-to-date: /home/malik/controller-benchmarks/ros2/install/slam_toolbox/share/slam_toolbox/cmake/slam_toolbox__rosidl_typesupport_cExport-release.cmake\n'}
[0.587659] (slam_toolbox) StdoutLine: {'line': b'-- Up-to-date: /home/malik/controller-benchmarks/ros2/install/slam_toolbox/share/slam_toolbox/cmake/slam_toolbox__rosidl_typesupport_introspection_cppExport.cmake\n'}
[0.587722] (slam_toolbox) StdoutLine: {'line': b'-- Up-to-date: /home/malik/controller-benchmarks/ros2/install/slam_toolbox/share/slam_toolbox/cmake/slam_toolbox__rosidl_typesupport_introspection_cppExport-release.cmake\n'}
[0.587766] (slam_toolbox) StdoutLine: {'line': b'-- Up-to-date: /home/malik/controller-benchmarks/ros2/install/slam_toolbox/share/slam_toolbox/cmake/slam_toolbox__rosidl_typesupport_cppExport.cmake\n'}
[0.587818] (slam_toolbox) StdoutLine: {'line': b'-- Up-to-date: /home/malik/controller-benchmarks/ros2/install/slam_toolbox/share/slam_toolbox/cmake/slam_toolbox__rosidl_typesupport_cppExport-release.cmake\n'}
[0.587862] (slam_toolbox) StdoutLine: {'line': b'-- Up-to-date: /home/malik/controller-benchmarks/ros2/install/slam_toolbox/share/slam_toolbox/cmake/export_slam_toolbox__rosidl_generator_pyExport.cmake\n'}
[0.587907] (slam_toolbox) StdoutLine: {'line': b'-- Up-to-date: /home/malik/controller-benchmarks/ros2/install/slam_toolbox/share/slam_toolbox/cmake/export_slam_toolbox__rosidl_generator_pyExport-release.cmake\n'}
[0.587951] (slam_toolbox) StdoutLine: {'line': b'-- Up-to-date: /home/malik/controller-benchmarks/ros2/install/slam_toolbox/share/slam_toolbox/cmake/SlamToolboxPluginExport.cmake\n'}
[0.588001] (slam_toolbox) StdoutLine: {'line': b'-- Up-to-date: /home/malik/controller-benchmarks/ros2/install/slam_toolbox/share/slam_toolbox/cmake/SlamToolboxPluginExport-release.cmake\n'}
[0.589638] (slam_toolbox) CommandEnded: {'returncode': 0}
[0.602755] (-) TimerEvent: {}
[0.618832] (slam_toolbox) JobEnded: {'identifier': 'slam_toolbox', 'rc': 0}
[0.619365] (autodrive_f1tenth) JobStarted: {'identifier': 'autodrive_f1tenth'}
[0.702859] (-) TimerEvent: {}
[0.803220] (-) TimerEvent: {}
[0.904285] (-) TimerEvent: {}
[1.004770] (-) TimerEvent: {}
[1.105082] (-) TimerEvent: {}
[1.205317] (-) TimerEvent: {}
[1.271871] (autodrive_f1tenth) Command: {'cmd': ['/usr/bin/python3', '-W', 'ignore:setup.py install is deprecated', '-W', 'ignore:easy_install command is deprecated', 'setup.py', 'develop', '--editable', '--build-directory', '/home/malik/controller-benchmarks/ros2/build/autodrive_f1tenth/build', '--no-deps', 'symlink_data'], 'cwd': '/home/malik/controller-benchmarks/ros2/build/autodrive_f1tenth', 'env': {'GJS_DEBUG_TOPICS': 'JS ERROR;JS LOG', 'LESSOPEN': '| /usr/bin/lesspipe %s', 'USER': 'malik', 'XDG_SESSION_TYPE': 'wayland', 'SHLVL': '1', 'LD_LIBRARY_PATH': '/home/malik/controller-benchmarks/ros2/install/slam_toolbox/lib:/opt/ros/humble/opt/rviz_ogre_vendor/lib:/opt/ros/humble/lib/x86_64-linux-gnu:/opt/ros/humble/lib', 'HOME': '/home/malik', 'CONDA_SHLVL': '0', 'OLDPWD': '/home/malik/controller-benchmarks', 'DESKTOP_SESSION': 'ubuntu', 'GIO_LAUNCHED_DESKTOP_FILE': '/usr/share/applications/terminator.desktop', 'ROS_PYTHON_VERSION': '3', 'GNOME_SHELL_SESSION_MODE': 'ubuntu', 'GTK_MODULES': 'gail:atk-bridge', 'PS1': '\\[\\e[38;5;81m\\]\\u@\\h \\[\\e[38;5;226m\\]\\w \\[\\e[0m\\]$', 'MANAGERPID': '1409', 'SYSTEMD_EXEC_PID': '5562', 'IM_CONFIG_CHECK_ENV': '1', 'DBUS_SESSION_BUS_ADDRESS': 'unix:path=/run/user/1000/bus', 'COLORTERM': 'truecolor', '_CE_M': '', 'TERMINATOR_DBUS_NAME': 'net.tenshu.Terminator25ef4b219e3b005583550f2b0f9f990c3', '_CONDA_ROOT': '/home/malik/miniconda3', 'GIO_LAUNCHED_DESKTOP_FILE_PID': '6826', 'IM_CONFIG_PHASE': '1', 'WAYLAND_DISPLAY': 'wayland-0', 'COLCON_PREFIX_PATH': '/home/malik/controller-benchmarks/ros2/install:/home/malik/ros2_ws/install', 'ROS_DISTRO': 'humble', 'LOGNAME': 'malik', 'JOURNAL_STREAM': '8:72390', '_': '/usr/bin/colcon', 'ROS_VERSION': '2', 'XDG_SESSION_CLASS': 'user', 'USERNAME': 'malik', 'TERM': 'xterm-256color', 'GNOME_DESKTOP_SESSION_ID': 'this-is-deprecated', '_CE_CONDA': '', 'ROS_LOCALHOST_ONLY': '0', 'PATH': '/home/malik/miniconda3/condabin:/opt/ros/humble/bin:/home/malik/.local/bin:/home/malik/.local/bin:/usr/local/sbin:/usr/local/bin:/usr/sbin:/usr/bin:/sbin:/bin:/usr/games:/usr/local/games:/snap/bin:/snap/bin', 'SESSION_MANAGER': 'local/malik-System-Product-Name:@/tmp/.ICE-unix/5537,unix/malik-System-Product-Name:/tmp/.ICE-unix/5537', 'INVOCATION_ID': 'b075604a8391438ea917198707f8ed3d', 'XDG_MENU_PREFIX': 'gnome-', 'GNOME_SETUP_DISPLAY': ':1', 'XDG_RUNTIME_DIR': '/run/user/1000', 'DISPLAY': ':0', 'TERMINATOR_DBUS_PATH': '/net/tenshu/Terminator2', 'LANG': 'en_US.UTF-8', 'XDG_CURRENT_DESKTOP': 'ubuntu:GNOME', 'IBUS_DISABLE_SNOOPER': '1', 'XMODIFIERS': '@im=ibus', 'XDG_SESSION_DESKTOP': 'ubuntu', 'XAUTHORITY': '/run/user/1000/.mutter-Xwaylandauth.S7J1R3', 'LS_COLORS': 'rs=0:di=01;34:ln=01;36:mh=00:pi=40;33:so=01;35:do=01;35:bd=40;33;01:cd=40;33;01:or=40;31;01:mi=00:su=37;41:sg=30;43:ca=30;41:tw=30;42:ow=34;42:st=37;44:ex=01;32:*.tar=01;31:*.tgz=01;31:*.arc=01;31:*.arj=01;31:*.taz=01;31:*.lha=01;31:*.lz4=01;31:*.lzh=01;31:*.lzma=01;31:*.tlz=01;31:*.txz=01;31:*.tzo=01;31:*.t7z=01;31:*.zip=01;31:*.z=01;31:*.dz=01;31:*.gz=01;31:*.lrz=01;31:*.lz=01;31:*.lzo=01;31:*.xz=01;31:*.zst=01;31:*.tzst=01;31:*.bz2=01;31:*.bz=01;31:*.tbz=01;31:*.tbz2=01;31:*.tz=01;31:*.deb=01;31:*.rpm=01;31:*.jar=01;31:*.war=01;31:*.ear=01;31:*.sar=01;31:*.rar=01;31:*.alz=01;31:*.ace=01;31:*.zoo=01;31:*.cpio=01;31:*.7z=01;31:*.rz=01;31:*.cab=01;31:*.wim=01;31:*.swm=01;31:*.dwm=01;31:*.esd=01;31:*.jpg=01;35:*.jpeg=01;35:*.mjpg=01;35:*.mjpeg=01;35:*.gif=01;35:*.bmp=01;35:*.pbm=01;35:*.pgm=01;35:*.ppm=01;35:*.tga=01;35:*.xbm=01;35:*.xpm=01;35:*.tif=01;35:*.tiff=01;35:*.png=01;35:*.svg=01;35:*.svgz=01;35:*.mng=01;35:*.pcx=01;35:*.mov=01;35:*.mpg=01;35:*.mpeg=01;35:*.m2v=01;35:*.mkv=01;35:*.webm=01;35:*.webp=01;35:*.ogm=01;35:*.mp4=01;35:*.m4v=01;35:*.mp4v=01;35:*.vob=01;35:*.qt=01;35:*.nuv=01;35:*.wmv=01;35:*.asf=01;35:*.rm=01;35:*.rmvb=01;35:*.flc=01;35:*.avi=01;35:*.fli=01;35:*.flv=01;35:*.gl=01;35:*.dl=01;35:*.xcf=01;35:*.xwd=01;35:*.yuv=01;35:*.cgm=01;35:*.emf=01;35:*.ogv=01;35:*.ogx=01;35:*.aac=00;36:*.au=00;36:*.flac=00;36:*.m4a=00;36:*.mid=00;36:*.midi=00;36:*.mka=00;36:*.mp3=00;36:*.mpc=00;36:*.ogg=00;36:*.ra=00;36:*.wav=00;36:*.oga=00;36:*.opus=00;36:*.spx=00;36:*.xspf=00;36:', 'SSH_AGENT_LAUNCHER': 'gnome-keyring', 'SSH_AUTH_SOCK': '/run/user/1000/keyring/ssh', 'AMENT_PREFIX_PATH': '/home/malik/controller-benchmarks/ros2/install/autodrive_f1tenth:/home/malik/controller-benchmarks/ros2/install/slam_toolbox:/home/malik/ros2_ws/install/autodrive_nigel:/home/malik/ros2_ws/install/autodrive_f1tenth:/opt/ros/humble', 'CONDA_PYTHON_EXE': '/home/malik/miniconda3/bin/python', 'SHELL': '/bin/bash', 'TERMINATOR_UUID': 'urn:uuid:d879508f-ff42-4195-b39c-22765fb60071', 'QT_ACCESSIBILITY': '1', 'GDMSESSION': 'ubuntu', 'LESSCLOSE': '/usr/bin/lesspipe %s %s', 'GJS_DEBUG_OUTPUT': 'stderr', '_CONDA_EXE': '/home/malik/miniconda3/bin/conda', 'QT_IM_MODULE': 'ibus', 'PWD': '/home/malik/controller-benchmarks/ros2/build/autodrive_f1tenth', 'LC_ALL': 'en_US.UTF-8', 'XDG_CONFIG_DIRS': '/etc/xdg/xdg-ubuntu:/etc/xdg', 'CONDA_EXE': '/home/malik/miniconda3/bin/conda', 'XDG_DATA_DIRS': '/usr/share/ubuntu:/home/malik/.local/share/flatpak/exports/share:/var/lib/flatpak/exports/share:/usr/local/share/:/usr/share/:/var/lib/snapd/desktop', 'PYTHONPATH': '/home/malik/controller-benchmarks/ros2/build/autodrive_f1tenth/prefix_override:/usr/lib/python3/dist-packages/colcon_core/task/python/colcon_distutils_commands:/home/malik/controller-benchmarks/ros2/install/autodrive_f1tenth/lib/python3.10/site-packages:/home/malik/controller-benchmarks/ros2/install/autodrive_f1tenth/lib/python3.10/site-packages:/home/malik/controller-benchmarks/ros2/install/slam_toolbox/local/lib/python3.10/dist-packages:/home/malik/ros2_ws/install/autodrive_nigel/lib/python3.10/site-packages:/home/malik/ros2_ws/install/autodrive_f1tenth/lib/python3.10/site-packages:/opt/ros/humble/lib/python3.10/site-packages:/opt/ros/humble/local/lib/python3.10/dist-packages', 'COLCON': '1', 'VTE_VERSION': '6800', 'CMAKE_PREFIX_PATH': '/home/malik/controller-benchmarks/ros2/install/slam_toolbox'}, 'shell': False}
[1.305473] (-) TimerEvent: {}
[1.405929] (-) TimerEvent: {}
[1.506329] (-) TimerEvent: {}
[1.546751] (autodrive_f1tenth) StdoutLine: {'line': b'running develop\n'}
[1.606513] (-) TimerEvent: {}
[1.706856] (-) TimerEvent: {}
[1.721580] (autodrive_f1tenth) StdoutLine: {'line': b'running egg_info\n'}
[1.721796] (autodrive_f1tenth) StdoutLine: {'line': b'writing autodrive_f1tenth_bench.egg-info/PKG-INFO\n'}
[1.721944] (autodrive_f1tenth) StdoutLine: {'line': b'writing dependency_links to autodrive_f1tenth_bench.egg-info/dependency_links.txt\n'}
[1.722046] (autodrive_f1tenth) StdoutLine: {'line': b'writing entry points to autodrive_f1tenth_bench.egg-info/entry_points.txt\n'}
[1.722223] (autodrive_f1tenth) StdoutLine: {'line': b'writing requirements to autodrive_f1tenth_bench.egg-info/requires.txt\n'}
[1.722375] (autodrive_f1tenth) StdoutLine: {'line': b'writing top-level names to autodrive_f1tenth_bench.egg-info/top_level.txt\n'}
[1.724394] (autodrive_f1tenth) StdoutLine: {'line': b"reading manifest file 'autodrive_f1tenth_bench.egg-info/SOURCES.txt'\n"}
[1.725308] (autodrive_f1tenth) StdoutLine: {'line': b"writing manifest file 'autodrive_f1tenth_bench.egg-info/SOURCES.txt'\n"}
[1.727577] (autodrive_f1tenth) StdoutLine: {'line': b'running build_ext\n'}
[1.727920] (autodrive_f1tenth) StdoutLine: {'line': b'Creating /home/malik/controller-benchmarks/ros2/install/autodrive_f1tenth/lib/python3.10/site-packages/autodrive-f1tenth-bench.egg-link (link to .)\n'}
[1.729149] (autodrive_f1tenth) StdoutLine: {'line': b'Installing confidence_log script to /home/malik/controller-benchmarks/ros2/install/autodrive_f1tenth/lib/autodrive_f1tenth\n'}
[1.729353] (autodrive_f1tenth) StdoutLine: {'line': b'Installing dl_slot script to /home/malik/controller-benchmarks/ros2/install/autodrive_f1tenth/lib/autodrive_f1tenth\n'}
[1.729449] (autodrive_f1tenth) StdoutLine: {'line': b'Installing dl_slot_scan script to /home/malik/controller-benchmarks/ros2/install/autodrive_f1tenth/lib/autodrive_f1tenth\n'}
[1.729512] (autodrive_f1tenth) StdoutLine: {'line': b'Installing follow_stack script to /home/malik/controller-benchmarks/ros2/install/autodrive_f1tenth/lib/autodrive_f1tenth\n'}
[1.729616] (autodrive_f1tenth) StdoutLine: {'line': b'Installing plot_pure_pursuit_runs script to /home/malik/controller-benchmarks/ros2/install/autodrive_f1tenth/lib/autodrive_f1tenth\n'}
[1.729729] (autodrive_f1tenth) StdoutLine: {'line': b'Installing pure_pursuit script to /home/malik/controller-benchmarks/ros2/install/autodrive_f1tenth/lib/autodrive_f1tenth\n'}
[1.729838] (autodrive_f1tenth) StdoutLine: {'line': b'Installing pure_pursuit_target script to /home/malik/controller-benchmarks/ros2/install/autodrive_f1tenth/lib/autodrive_f1tenth\n'}
[1.729924] (autodrive_f1tenth) StdoutLine: {'line': b'Installing safety script to /home/malik/controller-benchmarks/ros2/install/autodrive_f1tenth/lib/autodrive_f1tenth\n'}
[1.729999] (autodrive_f1tenth) StdoutLine: {'line': b'Installing slam script to /home/malik/controller-benchmarks/ros2/install/autodrive_f1tenth/lib/autodrive_f1tenth\n'}
[1.730089] (autodrive_f1tenth) StdoutLine: {'line': b'Installing slam_toolbox_bridge script to /home/malik/controller-benchmarks/ros2/install/autodrive_f1tenth/lib/autodrive_f1tenth\n'}
[1.730176] (autodrive_f1tenth) StdoutLine: {'line': b'Installing target_vehicle_tracker script to /home/malik/controller-benchmarks/ros2/install/autodrive_f1tenth/lib/autodrive_f1tenth\n'}
[1.730410] (autodrive_f1tenth) StdoutLine: {'line': b'\n'}
[1.730476] (autodrive_f1tenth) StdoutLine: {'line': b'Installed /home/malik/controller-benchmarks/ros2/build/autodrive_f1tenth\n'}
[1.730543] (autodrive_f1tenth) StdoutLine: {'line': b'running symlink_data\n'}
[1.779551] (autodrive_f1tenth) CommandEnded: {'returncode': 0}
[1.785470] (autodrive_f1tenth) JobEnded: {'identifier': 'autodrive_f1tenth', 'rc': 0}
[1.786056] (-) EventReactorShutdown: {}
