[0.000000] (-) TimerEvent: {}
[0.000142] (slam_toolbox) JobQueued: {'identifier': 'slam_toolbox', 'dependencies': OrderedDict()}
[0.000173] (autodrive_f1tenth) JobQueued: {'identifier': 'autodrive_f1tenth', 'dependencies': OrderedDict([('slam_toolbox', '/home/malik/controller-benchmarks/ros2/install/slam_toolbox')])}
[0.000193] (slam_toolbox) JobStarted: {'identifier': 'slam_toolbox'}
[0.014183] (slam_toolbox) JobProgress: {'identifier': 'slam_toolbox', 'progress': 'cmake'}
[0.015427] (slam_toolbox) JobProgress: {'identifier': 'slam_toolbox', 'progress': 'build'}
[0.016283] (slam_toolbox) Command: {'cmd': ['/usr/bin/cmake', '--build', '/home/malik/controller-benchmarks/ros2/build/slam_toolbox', '--', '-j8', '-l8'], 'cwd': '/home/malik/controller-benchmarks/ros2/build/slam_toolbox', 'env': OrderedDict([('GJS_DEBUG_TOPICS', 'JS ERROR;JS LOG'), ('LESSOPEN', '| /usr/bin/lesspipe %s'), ('USER', 'malik'), ('XDG_SESSION_TYPE', 'wayland'), ('SHLVL', '1'), ('LD_LIBRARY_PATH', '/home/malik/controller-benchmarks/ros2/install/slam_toolbox/lib:/opt/ros/humble/opt/rviz_ogre_vendor/lib:/opt/ros/humble/lib/x86_64-linux-gnu:/opt/ros/humble/lib'), ('HOME', '/home/malik'), ('CONDA_SHLVL', '0'), ('OLDPWD', '/home/malik/controller-benchmarks/ros2/autodrive_f1tenth/autodrive_f1tenth'), ('DESKTOP_SESSION', 'ubuntu'), ('GIO_LAUNCHED_DESKTOP_FILE', '/usr/share/applications/terminator.desktop'), ('ROS_PYTHON_VERSION', '3'), ('GNOME_SHELL_SESSION_MODE', 'ubuntu'), ('GTK_MODULES', 'gail:atk-bridge'), ('PS1', '\\[\\e[38;5;81m\\]\\u@\\h \\[\\e[38;5;226m\\]\\w \\[\\e[0m\\]$'), ('MANAGERPID', '6250'), ('SYSTEMD_EXEC_PID', '6448'), ('DBUS_SESSION_BUS_ADDRESS', 'unix:path=/run/user/1000/bus'), ('COLORTERM', 'truecolor'), ('_CE_M', ''), ('TERMINATOR_DBUS_NAME', 'net.tenshu.Terminator25ef4b219e3b005583550f2b0f9f990c3'), ('_CONDA_ROOT', '/home/malik/miniconda3'), ('GIO_LAUNCHED_DESKTOP_FILE_PID', '7712'), ('IM_CONFIG_PHASE', '1'), ('WAYLAND_DISPLAY', 'wayland-0'), ('COLCON_PREFIX_PATH', '/home/malik/controller-benchmarks/ros2/install:/home/malik/ros2_ws/install'), ('ROS_DISTRO', 'humble'), ('LOGNAME', 'malik'), ('JOURNAL_STREAM', '8:110241'), ('_', '/usr/bin/colcon'), ('ROS_VERSION', '2'), ('XDG_SESSION_CLASS', 'user'), ('USERNAME', 'malik'), ('TERM', 'xterm-256color'), ('GNOME_DESKTOP_SESSION_ID', 'this-is-deprecated'), ('_CE_CONDA', ''), ('ROS_LOCALHOST_ONLY', '0'), ('PATH', '/home/malik/miniconda3/condabin:/opt/ros/humble/bin:/home/malik/.local/bin:/usr/local/sbin:/usr/local/bin:/usr/sbin:/usr/bin:/sbin:/bin:/usr/games:/usr/local/games:/snap/bin:/snap/bin'), ('SESSION_MANAGER', 'local/malik-System-Product-Name:@/tmp/.ICE-unix/6423,unix/malik-System-Product-Name:/tmp/.ICE-unix/6423'), ('INVOCATION_ID', 'fbca02157e4a477ba8c96793306f899c'), ('XDG_MENU_PREFIX', 'gnome-'), ('GNOME_SETUP_DISPLAY', ':1'), ('XDG_RUNTIME_DIR', '/run/user/1000'), ('DISPLAY', ':0'), ('TERMINATOR_DBUS_PATH', '/net/tenshu/Terminator2'), ('LANG', 'en_US.UTF-8'), ('XDG_CURRENT_DESKTOP', 'ubuntu:GNOME'), ('IBUS_DISABLE_SNOOPER', '1'), ('XMODIFIERS', '@im=ibus'), ('XDG_SESSION_DESKTOP', 'ubuntu'), ('XAUTHORITY', '/run/user/1000/.mutter-Xwaylandauth.0NUUR3'), ('LS_COLORS', 'rs=0:di=01;34:ln=01;36:mh=00:pi=40;33:so=01;35:do=01;35:bd=40;33;01:cd=40;33;01:or=40;31;01:mi=00:su=37;41:sg=30;43:ca=30;41:tw=30;42:ow=34;42:st=37;44:ex=01;32:*.tar=01;31:*.tgz=01;31:*.arc=01;31:*.arj=01;31:*.taz=01;31:*.lha=01;31:*.lz4=01;31:*.lzh=01;31:*.lzma=01;31:*.tlz=01;31:*.txz=01;31:*.tzo=01;31:*.t7z=01;31:*.zip=01;31:*.z=01;31:*.dz=01;31:*.gz=01;31:*.lrz=01;31:*.lz=01;31:*.lzo=01;31:*.xz=01;31:*.zst=01;31:*.tzst=01;31:*.bz2=01;31:*.bz=01;31:*.tbz=01;31:*.tbz2=01;31:*.tz=01;31:*.deb=01;31:*.rpm=01;31:*.jar=01;31:*.war=01;31:*.ear=01;31:*.sar=01;31:*.rar=01;31:*.alz=01;31:*.ace=01;31:*.zoo=01;31:*.cpio=01;31:*.7z=01;31:*.rz=01;31:*.cab=01;31:*.wim=01;31:*.swm=01;31:*.dwm=01;31:*.esd=01;31:*.jpg=01;35:*.jpeg=01;35:*.mjpg=01;35:*.mjpeg=01;35:*.gif=01;35:*.bmp=01;35:*.pbm=01;35:*.pgm=01;35:*.ppm=01;35:*.tga=01;35:*.xbm=01;35:*.xpm=01;35:*.tif=01;35:*.tiff=01;35:*.png=01;35:*.svg=01;35:*.svgz=01;35:*.mng=01;35:*.pcx=01;35:*.mov=01;35:*.mpg=01;35:*.mpeg=01;35:*.m2v=01;35:*.mkv=01;35:*.webm=01;35:*.webp=01;35:*.ogm=01;35:*.mp4=01;35:*.m4v=01;35:*.mp4v=01;35:*.vob=01;35:*.qt=01;35:*.nuv=01;35:*.wmv=01;35:*.asf=01;35:*.rm=01;35:*.rmvb=01;35:*.flc=01;35:*.avi=01;35:*.fli=01;35:*.flv=01;35:*.gl=01;35:*.dl=01;35:*.xcf=01;35:*.xwd=01;35:*.yuv=01;35:*.cgm=01;35:*.emf=01;35:*.ogv=01;35:*.ogx=01;35:*.aac=00;36:*.au=00;36:*.flac=00;36:*.m4a=00;36:*.mid=00;36:*.midi=00;36:*.mka=00;36:*.mp3=00;36:*.mpc=00;36:*.ogg=00;36:*.ra=00;36:*.wav=00;36:*.oga=00;36:*.opus=00;36:*.spx=00;36:*.xspf=00;36:'), ('SSH_AGENT_LAUNCHER', 'gnome-keyring'), ('SSH_AUTH_SOCK', '/run/user/1000/keyring/ssh'), ('AMENT_PREFIX_PATH', '/home/malik/controller-benchmarks/ros2/install/autodrive_f1tenth:/home/malik/controller-benchmarks/ros2/install/slam_toolbox:/home/malik/ros2_ws/install/autodrive_nigel:/home/malik/ros2_ws/install/autodrive_f1tenth:/opt/ros/humble'), ('CONDA_PYTHON_EXE', '/home/malik/miniconda3/bin/python'), ('SHELL', '/bin/bash'), ('TERMINATOR_UUID', 'urn:uuid:2c2a9a9c-d34b-49d8-95d1-f19f848e78ff'), ('QT_ACCESSIBILITY', '1'), ('GDMSESSION', 'ubuntu'), ('LESSCLOSE', '/usr/bin/lesspipe %s %s'), ('GJS_DEBUG_OUTPUT', 'stderr'), ('_CONDA_EXE', '/home/malik/miniconda3/bin/conda'), ('QT_IM_MODULE', 'ibus'), ('PWD', '/home/malik/controller-benchmarks/ros2/build/slam_toolbox'), ('LC_ALL', 'en_US.UTF-8'), ('XDG_CONFIG_DIRS', '/etc/xdg/xdg-ubuntu:/etc/xdg'), ('CONDA_EXE', '/home/malik/miniconda3/bin/conda'), ('XDG_DATA_DIRS', '/usr/share/ubuntu:/home/malik/.local/share/flatpak/exports/share:/var/lib/flatpak/exports/share:/usr/local/share/:/usr/share/:/var/lib/snapd/desktop'), ('PYTHONPATH', '/home/malik/controller-benchmarks/ros2/build/autodrive_f1tenth:/home/malik/controller-benchmarks/ros2/install/autodrive_f1tenth/lib/python3.10/site-packages:/home/malik/controller-benchmarks/ros2/install/slam_toolbox/local/lib/python3.10/dist-packages:/home/malik/ros2_ws/install/autodrive_nigel/lib/python3.10/site-packages:/home/malik/ros2_ws/build/autodrive_f1tenth:/home/malik/ros2_ws/install/autodrive_f1tenth/lib/python3.10/site-packages:/opt/ros/humble/lib/python3.10/site-packages:/opt/ros/humble/local/lib/python3.10/dist-packages'), ('COLCON', '1'), ('VTE_VERSION', '6800'), ('CMAKE_PREFIX_PATH', '/home/malik/controller-benchmarks/ros2/install/slam_toolbox:/home/malik/controller-benchmarks/ros2/install/autodrive_f1tenth:/home/malik/ros2_ws/install/autodrive_nigel:/home/malik/ros2_ws/install/autodrive_f1tenth:/opt/ros/humble')]), 'shell': False}
[0.065238] (slam_toolbox) StdoutLine: {'line': b'[  3%] Built target slam_toolbox__cpp\n'}
[0.065575] (slam_toolbox) StdoutLine: {'line': b'[ 10%] Built target slam_toolbox__rosidl_generator_c\n'}
[0.070823] (slam_toolbox) StdoutLine: {'line': b'[ 10%] Built target ament_cmake_python_symlink_slam_toolbox\n'}
[0.094359] (slam_toolbox) StdoutLine: {'line': b'[ 12%] Built target kartoSlamToolbox\n'}
[0.097906] (slam_toolbox) StdoutLine: {'line': b'[ 22%] Built target slam_toolbox__rosidl_typesupport_introspection_cpp\n'}
[0.098674] (slam_toolbox) StdoutLine: {'line': b'[ 29%] Built target slam_toolbox__rosidl_typesupport_fastrtps_cpp\n'}
[0.099537] (-) TimerEvent: {}
[0.101478] (slam_toolbox) StdoutLine: {'line': b'[ 37%] Built target slam_toolbox__rosidl_typesupport_cpp\n'}
[0.102001] (slam_toolbox) StdoutLine: {'line': b'[ 45%] Built target slam_toolbox__rosidl_typesupport_introspection_c\n'}
[0.106831] (slam_toolbox) StdoutLine: {'line': b'[ 53%] Built target slam_toolbox__rosidl_typesupport_c\n'}
[0.108852] (slam_toolbox) StdoutLine: {'line': b'[ 62%] Built target slam_toolbox__rosidl_typesupport_fastrtps_c\n'}
[0.125914] (slam_toolbox) StdoutLine: {'line': b'[ 62%] Built target slam_toolbox\n'}
[0.131156] (slam_toolbox) StdoutLine: {'line': b'[ 64%] Built target SlamToolboxPlugin\n'}
[0.138075] (slam_toolbox) StdoutLine: {'line': b'[ 66%] Built target ceres_solver_plugin\n'}
[0.146312] (slam_toolbox) StdoutLine: {'line': b'[ 66%] Built target slam_toolbox__py\n'}
[0.146453] (slam_toolbox) StdoutLine: {'line': b'[ 71%] Built target toolbox_common\n'}
[0.171309] (slam_toolbox) StdoutLine: {'line': b'[ 79%] Built target slam_toolbox__rosidl_generator_py\n'}
[0.192225] (slam_toolbox) StdoutLine: {'line': b'[ 80%] Built target localization_slam_toolbox\n'}
[0.196834] (slam_toolbox) StdoutLine: {'line': b'[ 81%] Built target slam_toolbox__rosidl_typesupport_fastrtps_c__pyext\n'}
[0.199874] (-) TimerEvent: {}
[0.206402] (slam_toolbox) StdoutLine: {'line': b'[ 83%] Built target async_slam_toolbox\n'}
[0.206699] (slam_toolbox) StdoutLine: {'line': b'[ 85%] Built target sync_slam_toolbox\n'}
[0.208001] (slam_toolbox) StdoutLine: {'line': b'[ 86%] Built target lifelong_slam_toolbox\n'}
[0.208985] (slam_toolbox) StdoutLine: {'line': b'[ 88%] Built target merge_maps_kinematic\n'}
[0.209818] (slam_toolbox) StdoutLine: {'line': b'[ 90%] Built target slam_toolbox__rosidl_typesupport_introspection_c__pyext\n'}
[0.224176] (slam_toolbox) StdoutLine: {'line': b'[ 92%] Built target slam_toolbox__rosidl_typesupport_c__pyext\n'}
[0.232671] (slam_toolbox) StdoutLine: {'line': b'[ 94%] Built target localization_slam_toolbox_node\n'}
[0.241221] (slam_toolbox) StdoutLine: {'line': b'[ 97%] Built target lifelong_slam_toolbox_node\n'}
[0.241386] (slam_toolbox) StdoutLine: {'line': b'[ 96%] Built target async_slam_toolbox_node\n'}
[0.246508] (slam_toolbox) StdoutLine: {'line': b'[ 98%] Built target map_and_localization_slam_toolbox\n'}
[0.246833] (slam_toolbox) StdoutLine: {'line': b'[ 99%] Built target sync_slam_toolbox_node\n'}
[0.275188] (slam_toolbox) StdoutLine: {'line': b'[100%] Built target map_and_localization_slam_toolbox_node\n'}
[0.299962] (-) TimerEvent: {}
[0.337969] (slam_toolbox) StdoutLine: {'line': b'running egg_info\n'}
[0.338784] (slam_toolbox) StdoutLine: {'line': b'writing slam_toolbox.egg-info/PKG-INFO\n'}
[0.338989] (slam_toolbox) StdoutLine: {'line': b'writing dependency_links to slam_toolbox.egg-info/dependency_links.txt\n'}
[0.339130] (slam_toolbox) StdoutLine: {'line': b'writing top-level names to slam_toolbox.egg-info/top_level.txt\n'}
[0.341675] (slam_toolbox) StdoutLine: {'line': b"reading manifest file 'slam_toolbox.egg-info/SOURCES.txt'\n"}
[0.342400] (slam_toolbox) StdoutLine: {'line': b"writing manifest file 'slam_toolbox.egg-info/SOURCES.txt'\n"}
[0.388493] (slam_toolbox) StdoutLine: {'line': b'[100%] Built target ament_cmake_python_build_slam_toolbox_egg\n'}
[0.399997] (slam_toolbox) CommandEnded: {'returncode': 0}
[0.400297] (-) TimerEvent: {}
[0.400781] (slam_toolbox) JobProgress: {'identifier': 'slam_toolbox', 'progress': 'install'}
[0.407042] (slam_toolbox) Command: {'cmd': ['/usr/bin/cmake', '--install', '/home/malik/controller-benchmarks/ros2/build/slam_toolbox'], 'cwd': '/home/malik/controller-benchmarks/ros2/build/slam_toolbox', 'env': OrderedDict([('GJS_DEBUG_TOPICS', 'JS ERROR;JS LOG'), ('LESSOPEN', '| /usr/bin/lesspipe %s'), ('USER', 'malik'), ('XDG_SESSION_TYPE', 'wayland'), ('SHLVL', '1'), ('LD_LIBRARY_PATH', '/home/malik/controller-benchmarks/ros2/install/slam_toolbox/lib:/opt/ros/humble/opt/rviz_ogre_vendor/lib:/opt/ros/humble/lib/x86_64-linux-gnu:/opt/ros/humble/lib'), ('HOME', '/home/malik'), ('CONDA_SHLVL', '0'), ('OLDPWD', '/home/malik/controller-benchmarks/ros2/autodrive_f1tenth/autodrive_f1tenth'), ('DESKTOP_SESSION', 'ubuntu'), ('GIO_LAUNCHED_DESKTOP_FILE', '/usr/share/applications/terminator.desktop'), ('ROS_PYTHON_VERSION', '3'), ('GNOME_SHELL_SESSION_MODE', 'ubuntu'), ('GTK_MODULES', 'gail:atk-bridge'), ('PS1', '\\[\\e[38;5;81m\\]\\u@\\h \\[\\e[38;5;226m\\]\\w \\[\\e[0m\\]$'), ('MANAGERPID', '6250'), ('SYSTEMD_EXEC_PID', '6448'), ('DBUS_SESSION_BUS_ADDRESS', 'unix:path=/run/user/1000/bus'), ('COLORTERM', 'truecolor'), ('_CE_M', ''), ('TERMINATOR_DBUS_NAME', 'net.tenshu.Terminator25ef4b219e3b005583550f2b0f9f990c3'), ('_CONDA_ROOT', '/home/malik/miniconda3'), ('GIO_LAUNCHED_DESKTOP_FILE_PID', '7712'), ('IM_CONFIG_PHASE', '1'), ('WAYLAND_DISPLAY', 'wayland-0'), ('COLCON_PREFIX_PATH', '/home/malik/controller-benchmarks/ros2/install:/home/malik/ros2_ws/install'), ('ROS_DISTRO', 'humble'), ('LOGNAME', 'malik'), ('JOURNAL_STREAM', '8:110241'), ('_', '/usr/bin/colcon'), ('ROS_VERSION', '2'), ('XDG_SESSION_CLASS', 'user'), ('USERNAME', 'malik'), ('TERM', 'xterm-256color'), ('GNOME_DESKTOP_SESSION_ID', 'this-is-deprecated'), ('_CE_CONDA', ''), ('ROS_LOCALHOST_ONLY', '0'), ('PATH', '/home/malik/miniconda3/condabin:/opt/ros/humble/bin:/home/malik/.local/bin:/usr/local/sbin:/usr/local/bin:/usr/sbin:/usr/bin:/sbin:/bin:/usr/games:/usr/local/games:/snap/bin:/snap/bin'), ('SESSION_MANAGER', 'local/malik-System-Product-Name:@/tmp/.ICE-unix/6423,unix/malik-System-Product-Name:/tmp/.ICE-unix/6423'), ('INVOCATION_ID', 'fbca02157e4a477ba8c96793306f899c'), ('XDG_MENU_PREFIX', 'gnome-'), ('GNOME_SETUP_DISPLAY', ':1'), ('XDG_RUNTIME_DIR', '/run/user/1000'), ('DISPLAY', ':0'), ('TERMINATOR_DBUS_PATH', '/net/tenshu/Terminator2'), ('LANG', 'en_US.UTF-8'), ('XDG_CURRENT_DESKTOP', 'ubuntu:GNOME'), ('IBUS_DISABLE_SNOOPER', '1'), ('XMODIFIERS', '@im=ibus'), ('XDG_SESSION_DESKTOP', 'ubuntu'), ('XAUTHORITY', '/run/user/1000/.mutter-Xwaylandauth.0NUUR3'), ('LS_COLORS', 'rs=0:di=01;34:ln=01;36:mh=00:pi=40;33:so=01;35:do=01;35:bd=40;33;01:cd=40;33;01:or=40;31;01:mi=00:su=37;41:sg=30;43:ca=30;41:tw=30;42:ow=34;42:st=37;44:ex=01;32:*.tar=01;31:*.tgz=01;31:*.arc=01;31:*.arj=01;31:*.taz=01;31:*.lha=01;31:*.lz4=01;31:*.lzh=01;31:*.lzma=01;31:*.tlz=01;31:*.txz=01;31:*.tzo=01;31:*.t7z=01;31:*.zip=01;31:*.z=01;31:*.dz=01;31:*.gz=01;31:*.lrz=01;31:*.lz=01;31:*.lzo=01;31:*.xz=01;31:*.zst=01;31:*.tzst=01;31:*.bz2=01;31:*.bz=01;31:*.tbz=01;31:*.tbz2=01;31:*.tz=01;31:*.deb=01;31:*.rpm=01;31:*.jar=01;31:*.war=01;31:*.ear=01;31:*.sar=01;31:*.rar=01;31:*.alz=01;31:*.ace=01;31:*.zoo=01;31:*.cpio=01;31:*.7z=01;31:*.rz=01;31:*.cab=01;31:*.wim=01;31:*.swm=01;31:*.dwm=01;31:*.esd=01;31:*.jpg=01;35:*.jpeg=01;35:*.mjpg=01;35:*.mjpeg=01;35:*.gif=01;35:*.bmp=01;35:*.pbm=01;35:*.pgm=01;35:*.ppm=01;35:*.tga=01;35:*.xbm=01;35:*.xpm=01;35:*.tif=01;35:*.tiff=01;35:*.png=01;35:*.svg=01;35:*.svgz=01;35:*.mng=01;35:*.pcx=01;35:*.mov=01;35:*.mpg=01;35:*.mpeg=01;35:*.m2v=01;35:*.mkv=01;35:*.webm=01;35:*.webp=01;35:*.ogm=01;35:*.mp4=01;35:*.m4v=01;35:*.mp4v=01;35:*.vob=01;35:*.qt=01;35:*.nuv=01;35:*.wmv=01;35:*.asf=01;35:*.rm=01;35:*.rmvb=01;35:*.flc=01;35:*.avi=01;35:*.fli=01;35:*.flv=01;35:*.gl=01;35:*.dl=01;35:*.xcf=01;35:*.xwd=01;35:*.yuv=01;35:*.cgm=01;35:*.emf=01;35:*.ogv=01;35:*.ogx=01;35:*.aac=00;36:*.au=00;36:*.flac=00;36:*.m4a=00;36:*.mid=00;36:*.midi=00;36:*.mka=00;36:*.mp3=00;36:*.mpc=00;36:*.ogg=00;36:*.ra=00;36:*.wav=00;36:*.oga=00;36:*.opus=00;36:*.spx=00;36:*.xspf=00;36:'), ('SSH_AGENT_LAUNCHER', 'gnome-keyring'), ('SSH_AUTH_SOCK', '/run/user/1000/keyring/ssh'), ('AMENT_PREFIX_PATH', '/home/malik/controller-benchmarks/ros2/install/autodrive_f1tenth:/home/malik/controller-benchmarks/ros2/install/slam_toolbox:/home/malik/ros2_ws/install/autodrive_nigel:/home/malik/ros2_ws/install/autodrive_f1tenth:/opt/ros/humble'), ('CONDA_PYTHON_EXE', '/home/malik/miniconda3/bin/python'), ('SHELL', '/bin/bash'), ('TERMINATOR_UUID', 'urn:uuid:2c2a9a9c-d34b-49d8-95d1-f19f848e78ff'), ('QT_ACCESSIBILITY', '1'), ('GDMSESSION', 'ubuntu'), ('LESSCLOSE', '/usr/bin/lesspipe %s %s'), ('GJS_DEBUG_OUTPUT', 'stderr'), ('_CONDA_EXE', '/home/malik/miniconda3/bin/conda'), ('QT_IM_MODULE', 'ibus'), ('PWD', '/home/malik/controller-benchmarks/ros2/build/slam_toolbox'), ('LC_ALL', 'en_US.UTF-8'), ('XDG_CONFIG_DIRS', '/etc/xdg/xdg-ubuntu:/etc/xdg'), ('CONDA_EXE', '/home/malik/miniconda3/bin/conda'), ('XDG_DATA_DIRS', '/usr/share/ubuntu:/home/malik/.local/share/flatpak/exports/share:/var/lib/flatpak/exports/share:/usr/local/share/:/usr/share/:/var/lib/snapd/desktop'), ('PYTHONPATH', '/home/malik/controller-benchmarks/ros2/build/autodrive_f1tenth:/home/malik/controller-benchmarks/ros2/install/autodrive_f1tenth/lib/python3.10/site-packages:/home/malik/controller-benchmarks/ros2/install/slam_toolbox/local/lib/python3.10/dist-packages:/home/malik/ros2_ws/install/autodrive_nigel/lib/python3.10/site-packages:/home/malik/ros2_ws/build/autodrive_f1tenth:/home/malik/ros2_ws/install/autodrive_f1tenth/lib/python3.10/site-packages:/opt/ros/humble/lib/python3.10/site-packages:/opt/ros/humble/local/lib/python3.10/dist-packages'), ('COLCON', '1'), ('VTE_VERSION', '6800'), ('CMAKE_PREFIX_PATH', '/home/malik/controller-benchmarks/ros2/install/slam_toolbox:/home/malik/controller-benchmarks/ros2/install/autodrive_f1tenth:/home/malik/ros2_ws/install/autodrive_nigel:/home/malik/ros2_ws/install/autodrive_f1tenth:/opt/ros/humble')]), 'shell': False}
[0.413925] (slam_toolbox) StdoutLine: {'line': b'-- Install configuration: "Release"\n'}
[0.414454] (slam_toolbox) StdoutLine: {'line': b'-- Execute custom install script\n'}
[0.414757] (slam_toolbox) StdoutLine: {'line': b'-- Up-to-date symlink: /home/malik/controller-benchmarks/ros2/install/slam_toolbox/include//karto_sdk/Karto.h\n'}
[0.414934] (slam_toolbox) StdoutLine: {'line': b'-- Up-to-date symlink: /home/malik/controller-benchmarks/ros2/install/slam_toolbox/include//karto_sdk/Macros.h\n'}
[0.415006] (slam_toolbox) StdoutLine: {'line': b'-- Up-to-date symlink: /home/malik/controller-benchmarks/ros2/install/slam_toolbox/include//karto_sdk/Mapper.h\n'}
[0.415076] (slam_toolbox) StdoutLine: {'line': b'-- Up-to-date symlink: /home/malik/controller-benchmarks/ros2/install/slam_toolbox/include//karto_sdk/Math.h\n'}
[0.415136] (slam_toolbox) StdoutLine: {'line': b'-- Up-to-date symlink: /home/malik/controller-benchmarks/ros2/install/slam_toolbox/include//karto_sdk/Types.h\n'}
[0.415246] (slam_toolbox) StdoutLine: {'line': b'-- Up-to-date symlink: /home/malik/controller-benchmarks/ros2/install/slam_toolbox/include//karto_sdk/nanoflann.hpp\n'}
[0.415340] (slam_toolbox) StdoutLine: {'line': b'-- Up-to-date symlink: /home/malik/controller-benchmarks/ros2/install/slam_toolbox/include//karto_sdk/nanoflann_adaptors.h\n'}
[0.415395] (slam_toolbox) StdoutLine: {'line': b'-- Up-to-date symlink: /home/malik/controller-benchmarks/ros2/install/slam_toolbox/share/ament_index/resource_index/rosidl_interfaces/slam_toolbox\n'}
[0.416057] (slam_toolbox) StdoutLine: {'line': b'-- Up-to-date symlink: /home/malik/controller-benchmarks/ros2/install/slam_toolbox/include/slam_toolbox/slam_toolbox/msg/detail/graph_edge__functions.h\n'}
[0.416177] (slam_toolbox) StdoutLine: {'line': b'-- Up-to-date symlink: /home/malik/controller-benchmarks/ros2/install/slam_toolbox/include/slam_toolbox/slam_toolbox/msg/detail/graph_edge__struct.h\n'}
[0.416297] (slam_toolbox) StdoutLine: {'line': b'-- Up-to-date symlink: /home/malik/controller-benchmarks/ros2/install/slam_toolbox/include/slam_toolbox/slam_toolbox/msg/detail/graph_edge__type_support.h\n'}
[0.416414] (slam_toolbox) StdoutLine: {'line': b'-- Up-to-date symlink: /home/malik/controller-benchmarks/ros2/install/slam_toolbox/include/slam_toolbox/slam_toolbox/msg/detail/graph_node__functions.h\n'}
[0.418259] (slam_toolbox) StdoutLine: {'line': b'-- Up-to-date symlink: /home/malik/controller-benchmarks/ros2/install/slam_toolbox/include/slam_toolbox/slam_toolbox/msg/detail/graph_node__struct.h\n'}
[0.418404] (slam_toolbox) StdoutLine: {'line': b'-- Up-to-date symlink: /home/malik/controller-benchmarks/ros2/install/slam_toolbox/include/slam_toolbox/slam_toolbox/msg/detail/graph_node__type_support.h\n'}
[0.418467] (slam_toolbox) StdoutLine: {'line': b'-- Up-to-date symlink: /home/malik/controller-benchmarks/ros2/install/slam_toolbox/include/slam_toolbox/slam_toolbox/msg/detail/localized_laser_scan__functions.h\n'}
[0.418518] (slam_toolbox) StdoutLine: {'line': b'-- Up-to-date symlink: /home/malik/controller-benchmarks/ros2/install/slam_toolbox/include/slam_toolbox/slam_toolbox/msg/detail/localized_laser_scan__struct.h\n'}
[0.418582] (slam_toolbox) StdoutLine: {'line': b'-- Up-to-date symlink: /home/malik/controller-benchmarks/ros2/install/slam_toolbox/include/slam_toolbox/slam_toolbox/msg/detail/localized_laser_scan__type_support.h\n'}
[0.418634] (slam_toolbox) StdoutLine: {'line': b'-- Up-to-date symlink: /home/malik/controller-benchmarks/ros2/install/slam_toolbox/include/slam_toolbox/slam_toolbox/msg/detail/loop_closure_event__functions.h\n'}
[0.418680] (slam_toolbox) StdoutLine: {'line': b'-- Up-to-date symlink: /home/malik/controller-benchmarks/ros2/install/slam_toolbox/include/slam_toolbox/slam_toolbox/msg/detail/loop_closure_event__struct.h\n'}
[0.418732] (slam_toolbox) StdoutLine: {'line': b'-- Up-to-date symlink: /home/malik/controller-benchmarks/ros2/install/slam_toolbox/include/slam_toolbox/slam_toolbox/msg/detail/loop_closure_event__type_support.h\n'}
[0.418779] (slam_toolbox) StdoutLine: {'line': b'-- Up-to-date symlink: /home/malik/controller-benchmarks/ros2/install/slam_toolbox/include/slam_toolbox/slam_toolbox/msg/detail/new_node_event__functions.h\n'}
[0.418828] (slam_toolbox) StdoutLine: {'line': b'-- Up-to-date symlink: /home/malik/controller-benchmarks/ros2/install/slam_toolbox/include/slam_toolbox/slam_toolbox/msg/detail/new_node_event__struct.h\n'}
[0.418874] (slam_toolbox) StdoutLine: {'line': b'-- Up-to-date symlink: /home/malik/controller-benchmarks/ros2/install/slam_toolbox/include/slam_toolbox/slam_toolbox/msg/detail/new_node_event__type_support.h\n'}
[0.418919] (slam_toolbox) StdoutLine: {'line': b'-- Up-to-date symlink: /home/malik/controller-benchmarks/ros2/install/slam_toolbox/include/slam_toolbox/slam_toolbox/msg/detail/pose_graph__functions.h\n'}
[0.418965] (slam_toolbox) StdoutLine: {'line': b'-- Up-to-date symlink: /home/malik/controller-benchmarks/ros2/install/slam_toolbox/include/slam_toolbox/slam_toolbox/msg/detail/pose_graph__struct.h\n'}
[0.419011] (slam_toolbox) StdoutLine: {'line': b'-- Up-to-date symlink: /home/malik/controller-benchmarks/ros2/install/slam_toolbox/include/slam_toolbox/slam_toolbox/msg/detail/pose_graph__type_support.h\n'}
[0.419075] (slam_toolbox) StdoutLine: {'line': b'-- Up-to-date symlink: /home/malik/controller-benchmarks/ros2/install/slam_toolbox/include/slam_toolbox/slam_toolbox/msg/graph_edge.h\n'}
[0.419125] (slam_toolbox) StdoutLine: {'line': b'-- Up-to-date symlink: /home/malik/controller-benchmarks/ros2/install/slam_toolbox/include/slam_toolbox/slam_toolbox/msg/graph_node.h\n'}
[0.419172] (slam_toolbox) StdoutLine: {'line': b'-- Up-to-date symlink: /home/malik/controller-benchmarks/ros2/install/slam_toolbox/include/slam_toolbox/slam_toolbox/msg/localized_laser_scan.h\n'}
[0.419218] (slam_toolbox) StdoutLine: {'line': b'-- Up-to-date symlink: /home/malik/controller-benchmarks/ros2/install/slam_toolbox/include/slam_toolbox/slam_toolbox/msg/loop_closure_event.h\n'}
[0.419270] (slam_toolbox) StdoutLine: {'line': b'-- Up-to-date symlink: /home/malik/controller-benchmarks/ros2/install/slam_toolbox/include/slam_toolbox/slam_toolbox/msg/new_node_event.h\n'}
[0.419318] (slam_toolbox) StdoutLine: {'line': b'-- Up-to-date symlink: /home/malik/controller-benchmarks/ros2/install/slam_toolbox/include/slam_toolbox/slam_toolbox/msg/pose_graph.h\n'}
[0.419367] (slam_toolbox) StdoutLine: {'line': b'-- Up-to-date symlink: /home/malik/controller-benchmarks/ros2/install/slam_toolbox/include/slam_toolbox/slam_toolbox/msg/rosidl_generator_c__visibility_control.h\n'}
[0.419416] (slam_toolbox) StdoutLine: {'line': b'-- Up-to-date symlink: /home/malik/controller-benchmarks/ros2/install/slam_toolbox/include/slam_toolbox/slam_toolbox/srv/add_submap.h\n'}
[0.419732] (slam_toolbox) StdoutLine: {'line': b'-- Up-to-date symlink: /home/malik/controller-benchmarks/ros2/install/slam_toolbox/include/slam_toolbox/slam_toolbox/srv/clear.h\n'}
[0.419863] (slam_toolbox) StdoutLine: {'line': b'-- Up-to-date symlink: /home/malik/controller-benchmarks/ros2/install/slam_toolbox/include/slam_toolbox/slam_toolbox/srv/clear_queue.h\n'}
[0.419925] (slam_toolbox) StdoutLine: {'line': b'-- Up-to-date symlink: /home/malik/controller-benchmarks/ros2/install/slam_toolbox/include/slam_toolbox/slam_toolbox/srv/deserialize_pose_graph.h\n'}
[0.419976] (slam_toolbox) StdoutLine: {'line': b'-- Up-to-date symlink: /home/malik/controller-benchmarks/ros2/install/slam_toolbox/include/slam_toolbox/slam_toolbox/srv/detail/add_submap__functions.h\n'}
[0.420024] (slam_toolbox) StdoutLine: {'line': b'-- Up-to-date symlink: /home/malik/controller-benchmarks/ros2/install/slam_toolbox/include/slam_toolbox/slam_toolbox/srv/detail/add_submap__struct.h\n'}
[0.420140] (slam_toolbox) StdoutLine: {'line': b'-- Up-to-date symlink: /home/malik/controller-benchmarks/ros2/install/slam_toolbox/include/slam_toolbox/slam_toolbox/srv/detail/add_submap__type_support.h\n'}
[0.420212] (slam_toolbox) StdoutLine: {'line': b'-- Up-to-date symlink: /home/malik/controller-benchmarks/ros2/install/slam_toolbox/include/slam_toolbox/slam_toolbox/srv/detail/clear__functions.h\n'}
[0.420274] (slam_toolbox) StdoutLine: {'line': b'-- Up-to-date symlink: /home/malik/controller-benchmarks/ros2/install/slam_toolbox/include/slam_toolbox/slam_toolbox/srv/detail/clear__struct.h\n'}
[0.420320] (slam_toolbox) StdoutLine: {'line': b'-- Up-to-date symlink: /home/malik/controller-benchmarks/ros2/install/slam_toolbox/include/slam_toolbox/slam_toolbox/srv/detail/clear__type_support.h\n'}
[0.420370] (slam_toolbox) StdoutLine: {'line': b'-- Up-to-date symlink: /home/malik/controller-benchmarks/ros2/install/slam_toolbox/include/slam_toolbox/slam_toolbox/srv/detail/clear_queue__functions.h\n'}
[0.420424] (slam_toolbox) StdoutLine: {'line': b'-- Up-to-date symlink: /home/malik/controller-benchmarks/ros2/install/slam_toolbox/include/slam_toolbox/slam_toolbox/srv/detail/clear_queue__struct.h\n'}
[0.420470] (slam_toolbox) StdoutLine: {'line': b'-- Up-to-date symlink: /home/malik/controller-benchmarks/ros2/install/slam_toolbox/include/slam_toolbox/slam_toolbox/srv/detail/clear_queue__type_support.h\n'}
[0.420517] (slam_toolbox) StdoutLine: {'line': b'-- Up-to-date symlink: /home/malik/controller-benchmarks/ros2/install/slam_toolbox/include/slam_toolbox/slam_toolbox/srv/detail/deserialize_pose_graph__functions.h\n'}
[0.420563] (slam_toolbox) StdoutLine: {'line': b'-- Up-to-date symlink: /home/malik/controller-benchmarks/ros2/install/slam_toolbox/include/slam_toolbox/slam_toolbox/srv/detail/deserialize_pose_graph__struct.h\n'}
[0.420609] (slam_toolbox) StdoutLine: {'line': b'-- Up-to-date symlink: /home/malik/controller-benchmarks/ros2/install/slam_toolbox/include/slam_toolbox/slam_toolbox/srv/detail/deserialize_pose_graph__type_support.h\n'}
[0.420655] (slam_toolbox) StdoutLine: {'line': b'-- Up-to-date symlink: /home/malik/controller-benchmarks/ros2/install/slam_toolbox/include/slam_toolbox/slam_toolbox/srv/detail/loop_closure__functions.h\n'}
[0.420701] (slam_toolbox) StdoutLine: {'line': b'-- Up-to-date symlink: /home/malik/controller-benchmarks/ros2/install/slam_toolbox/include/slam_toolbox/slam_toolbox/srv/detail/loop_closure__struct.h\n'}
[0.420747] (slam_toolbox) StdoutLine: {'line': b'-- Up-to-date symlink: /home/malik/controller-benchmarks/ros2/install/slam_toolbox/include/slam_toolbox/slam_toolbox/srv/detail/loop_closure__type_support.h\n'}
[0.420794] (slam_toolbox) StdoutLine: {'line': b'-- Up-to-date symlink: /home/malik/controller-benchmarks/ros2/install/slam_toolbox/include/slam_toolbox/slam_toolbox/srv/detail/merge_maps__functions.h\n'}
[0.420839] (slam_toolbox) StdoutLine: {'line': b'-- Up-to-date symlink: /home/malik/controller-benchmarks/ros2/install/slam_toolbox/include/slam_toolbox/slam_toolbox/srv/detail/merge_maps__struct.h\n'}
[0.420885] (slam_toolbox) StdoutLine: {'line': b'-- Up-to-date symlink: /home/malik/controller-benchmarks/ros2/install/slam_toolbox/include/slam_toolbox/slam_toolbox/srv/detail/merge_maps__type_support.h\n'}
[0.420930] (slam_toolbox) StdoutLine: {'line': b'-- Up-to-date symlink: /home/malik/controller-benchmarks/ros2/install/slam_toolbox/include/slam_toolbox/slam_toolbox/srv/detail/pause__functions.h\n'}
[0.420982] (slam_toolbox) StdoutLine: {'line': b'-- Up-to-date symlink: /home/malik/controller-benchmarks/ros2/install/slam_toolbox/include/slam_toolbox/slam_toolbox/srv/detail/pause__struct.h\n'}
[0.421036] (slam_toolbox) StdoutLine: {'line': b'-- Up-to-date symlink: /home/malik/controller-benchmarks/ros2/install/slam_toolbox/include/slam_toolbox/slam_toolbox/srv/detail/pause__type_support.h\n'}
[0.421096] (slam_toolbox) StdoutLine: {'line': b'-- Up-to-date symlink: /home/malik/controller-benchmarks/ros2/install/slam_toolbox/include/slam_toolbox/slam_toolbox/srv/detail/reset__functions.h\n'}
[0.421187] (slam_toolbox) StdoutLine: {'line': b'-- Up-to-date symlink: /home/malik/controller-benchmarks/ros2/install/slam_toolbox/include/slam_toolbox/slam_toolbox/srv/detail/reset__struct.h\n'}
[0.421325] (slam_toolbox) StdoutLine: {'line': b'-- Up-to-date symlink: /home/malik/controller-benchmarks/ros2/install/slam_toolbox/include/slam_toolbox/slam_toolbox/srv/detail/reset__type_support.h\n'}
[0.421403] (slam_toolbox) StdoutLine: {'line': b'-- Up-to-date symlink: /home/malik/controller-benchmarks/ros2/install/slam_toolbox/include/slam_toolbox/slam_toolbox/srv/detail/save_map__functions.h\n'}
[0.421474] (slam_toolbox) StdoutLine: {'line': b'-- Up-to-date symlink: /home/malik/controller-benchmarks/ros2/install/slam_toolbox/include/slam_toolbox/slam_toolbox/srv/detail/save_map__struct.h\n'}
[0.421523] (slam_toolbox) StdoutLine: {'line': b'-- Up-to-date symlink: /home/malik/controller-benchmarks/ros2/install/slam_toolbox/include/slam_toolbox/slam_toolbox/srv/detail/save_map__type_support.h\n'}
[0.421584] (slam_toolbox) StdoutLine: {'line': b'-- Up-to-date symlink: /home/malik/controller-benchmarks/ros2/install/slam_toolbox/include/slam_toolbox/slam_toolbox/srv/detail/serialize_pose_graph__functions.h\n'}
[0.421645] (slam_toolbox) StdoutLine: {'line': b'-- Up-to-date symlink: /home/malik/controller-benchmarks/ros2/install/slam_toolbox/include/slam_toolbox/slam_toolbox/srv/detail/serialize_pose_graph__struct.h\n'}
[0.421708] (slam_toolbox) StdoutLine: {'line': b'-- Up-to-date symlink: /home/malik/controller-benchmarks/ros2/install/slam_toolbox/include/slam_toolbox/slam_toolbox/srv/detail/serialize_pose_graph__type_support.h\n'}
[0.421756] (slam_toolbox) StdoutLine: {'line': b'-- Up-to-date symlink: /home/malik/controller-benchmarks/ros2/install/slam_toolbox/include/slam_toolbox/slam_toolbox/srv/detail/toggle_interactive__functions.h\n'}
[0.421803] (slam_toolbox) StdoutLine: {'line': b'-- Up-to-date symlink: /home/malik/controller-benchmarks/ros2/install/slam_toolbox/include/slam_toolbox/slam_toolbox/srv/detail/toggle_interactive__struct.h\n'}
[0.421864] (slam_toolbox) StdoutLine: {'line': b'-- Up-to-date symlink: /home/malik/controller-benchmarks/ros2/install/slam_toolbox/include/slam_toolbox/slam_toolbox/srv/detail/toggle_interactive__type_support.h\n'}
[0.421923] (slam_toolbox) StdoutLine: {'line': b'-- Up-to-date symlink: /home/malik/controller-benchmarks/ros2/install/slam_toolbox/include/slam_toolbox/slam_toolbox/srv/loop_closure.h\n'}
[0.421984] (slam_toolbox) StdoutLine: {'line': b'-- Up-to-date symlink: /home/malik/controller-benchmarks/ros2/install/slam_toolbox/include/slam_toolbox/slam_toolbox/srv/merge_maps.h\n'}
[0.422036] (slam_toolbox) StdoutLine: {'line': b'-- Up-to-date symlink: /home/malik/controller-benchmarks/ros2/install/slam_toolbox/include/slam_toolbox/slam_toolbox/srv/pause.h\n'}
[0.422094] (slam_toolbox) StdoutLine: {'line': b'-- Up-to-date symlink: /home/malik/controller-benchmarks/ros2/install/slam_toolbox/include/slam_toolbox/slam_toolbox/srv/reset.h\n'}
[0.422140] (slam_toolbox) StdoutLine: {'line': b'-- Up-to-date symlink: /home/malik/controller-benchmarks/ros2/install/slam_toolbox/include/slam_toolbox/slam_toolbox/srv/save_map.h\n'}
[0.422186] (slam_toolbox) StdoutLine: {'line': b'-- Up-to-date symlink: /home/malik/controller-benchmarks/ros2/install/slam_toolbox/include/slam_toolbox/slam_toolbox/srv/serialize_pose_graph.h\n'}
[0.422231] (slam_toolbox) StdoutLine: {'line': b'-- Up-to-date symlink: /home/malik/controller-benchmarks/ros2/install/slam_toolbox/include/slam_toolbox/slam_toolbox/srv/toggle_interactive.h\n'}
[0.422276] (slam_toolbox) StdoutLine: {'line': b'-- Up-to-date symlink: /home/malik/controller-benchmarks/ros2/install/slam_toolbox/share/slam_toolbox/environment/library_path.sh\n'}
[0.422320] (slam_toolbox) StdoutLine: {'line': b'-- Up-to-date symlink: /home/malik/controller-benchmarks/ros2/install/slam_toolbox/share/slam_toolbox/environment/library_path.dsv\n'}
[0.422637] (slam_toolbox) StdoutLine: {'line': b'-- Up-to-date symlink: /home/malik/controller-benchmarks/ros2/install/slam_toolbox/include/slam_toolbox/slam_toolbox/msg/detail/graph_edge__rosidl_typesupport_fastrtps_c.h\n'}
[0.422739] (slam_toolbox) StdoutLine: {'line': b'-- Up-to-date symlink: /home/malik/controller-benchmarks/ros2/install/slam_toolbox/include/slam_toolbox/slam_toolbox/msg/detail/graph_node__rosidl_typesupport_fastrtps_c.h\n'}
[0.422802] (slam_toolbox) StdoutLine: {'line': b'-- Up-to-date symlink: /home/malik/controller-benchmarks/ros2/install/slam_toolbox/include/slam_toolbox/slam_toolbox/msg/detail/localized_laser_scan__rosidl_typesupport_fastrtps_c.h\n'}
[0.422881] (slam_toolbox) StdoutLine: {'line': b'-- Up-to-date symlink: /home/malik/controller-benchmarks/ros2/install/slam_toolbox/include/slam_toolbox/slam_toolbox/msg/detail/loop_closure_event__rosidl_typesupport_fastrtps_c.h\n'}
[0.422973] (slam_toolbox) StdoutLine: {'line': b'-- Up-to-date symlink: /home/malik/controller-benchmarks/ros2/install/slam_toolbox/include/slam_toolbox/slam_toolbox/msg/detail/new_node_event__rosidl_typesupport_fastrtps_c.h\n'}
[0.423084] (slam_toolbox) StdoutLine: {'line': b'-- Up-to-date symlink: /home/malik/controller-benchmarks/ros2/install/slam_toolbox/include/slam_toolbox/slam_toolbox/msg/detail/pose_graph__rosidl_typesupport_fastrtps_c.h\n'}
[0.423171] (slam_toolbox) StdoutLine: {'line': b'-- Up-to-date symlink: /home/malik/controller-benchmarks/ros2/install/slam_toolbox/include/slam_toolbox/slam_toolbox/msg/rosidl_typesupport_fastrtps_c__visibility_control.h\n'}
[0.423266] (slam_toolbox) StdoutLine: {'line': b'-- Up-to-date symlink: /home/malik/controller-benchmarks/ros2/install/slam_toolbox/include/slam_toolbox/slam_toolbox/srv/detail/add_submap__rosidl_typesupport_fastrtps_c.h\n'}
[0.423337] (slam_toolbox) StdoutLine: {'line': b'-- Up-to-date symlink: /home/malik/controller-benchmarks/ros2/install/slam_toolbox/include/slam_toolbox/slam_toolbox/srv/detail/clear__rosidl_typesupport_fastrtps_c.h\n'}
[0.423403] (slam_toolbox) StdoutLine: {'line': b'-- Up-to-date symlink: /home/malik/controller-benchmarks/ros2/install/slam_toolbox/include/slam_toolbox/slam_toolbox/srv/detail/clear_queue__rosidl_typesupport_fastrtps_c.h\n'}
[0.423473] (slam_toolbox) StdoutLine: {'line': b'-- Up-to-date symlink: /home/malik/controller-benchmarks/ros2/install/slam_toolbox/include/slam_toolbox/slam_toolbox/srv/detail/deserialize_pose_graph__rosidl_typesupport_fastrtps_c.h\n'}
[0.423578] (slam_toolbox) StdoutLine: {'line': b'-- Up-to-date symlink: /home/malik/controller-benchmarks/ros2/install/slam_toolbox/include/slam_toolbox/slam_toolbox/srv/detail/loop_closure__rosidl_typesupport_fastrtps_c.h\n'}
[0.423650] (slam_toolbox) StdoutLine: {'line': b'-- Up-to-date symlink: /home/malik/controller-benchmarks/ros2/install/slam_toolbox/include/slam_toolbox/slam_toolbox/srv/detail/merge_maps__rosidl_typesupport_fastrtps_c.h\n'}
[0.423732] (slam_toolbox) StdoutLine: {'line': b'-- Up-to-date symlink: /home/malik/controller-benchmarks/ros2/install/slam_toolbox/include/slam_toolbox/slam_toolbox/srv/detail/pause__rosidl_typesupport_fastrtps_c.h\n'}
[0.423813] (slam_toolbox) StdoutLine: {'line': b'-- Up-to-date symlink: /home/malik/controller-benchmarks/ros2/install/slam_toolbox/include/slam_toolbox/slam_toolbox/srv/detail/reset__rosidl_typesupport_fastrtps_c.h\n'}
[0.423971] (slam_toolbox) StdoutLine: {'line': b'-- Up-to-date symlink: /home/malik/controller-benchmarks/ros2/install/slam_toolbox/include/slam_toolbox/slam_toolbox/srv/detail/save_map__rosidl_typesupport_fastrtps_c.h\n'}
[0.424066] (slam_toolbox) StdoutLine: {'line': b'-- Up-to-date symlink: /home/malik/controller-benchmarks/ros2/install/slam_toolbox/include/slam_toolbox/slam_toolbox/srv/detail/serialize_pose_graph__rosidl_typesupport_fastrtps_c.h\n'}
[0.424160] (slam_toolbox) StdoutLine: {'line': b'-- Up-to-date symlink: /home/malik/controller-benchmarks/ros2/install/slam_toolbox/include/slam_toolbox/slam_toolbox/srv/detail/toggle_interactive__rosidl_typesupport_fastrtps_c.h\n'}
[0.425432] (slam_toolbox) StdoutLine: {'line': b'-- Up-to-date symlink: /home/malik/controller-benchmarks/ros2/install/slam_toolbox/include/slam_toolbox/slam_toolbox/msg/detail/graph_edge__builder.hpp\n'}
[0.425672] (slam_toolbox) StdoutLine: {'line': b'-- Up-to-date symlink: /home/malik/controller-benchmarks/ros2/install/slam_toolbox/include/slam_toolbox/slam_toolbox/msg/detail/graph_edge__struct.hpp\n'}
[0.425806] (slam_toolbox) StdoutLine: {'line': b'-- Up-to-date symlink: /home/malik/controller-benchmarks/ros2/install/slam_toolbox/include/slam_toolbox/slam_toolbox/msg/detail/graph_edge__traits.hpp\n'}
[0.425866] (slam_toolbox) StdoutLine: {'line': b'-- Up-to-date symlink: /home/malik/controller-benchmarks/ros2/install/slam_toolbox/include/slam_toolbox/slam_toolbox/msg/detail/graph_edge__type_support.hpp\n'}
[0.425996] (slam_toolbox) StdoutLine: {'line': b'-- Up-to-date symlink: /home/malik/controller-benchmarks/ros2/install/slam_toolbox/include/slam_toolbox/slam_toolbox/msg/detail/graph_node__builder.hpp\n'}
[0.426073] (slam_toolbox) StdoutLine: {'line': b'-- Up-to-date symlink: /home/malik/controller-benchmarks/ros2/install/slam_toolbox/include/slam_toolbox/slam_toolbox/msg/detail/graph_node__struct.hpp\n'}
[0.426137] (slam_toolbox) StdoutLine: {'line': b'-- Up-to-date symlink: /home/malik/controller-benchmarks/ros2/install/slam_toolbox/include/slam_toolbox/slam_toolbox/msg/detail/graph_node__traits.hpp\n'}
[0.426197] (slam_toolbox) StdoutLine: {'line': b'-- Up-to-date symlink: /home/malik/controller-benchmarks/ros2/install/slam_toolbox/include/slam_toolbox/slam_toolbox/msg/detail/graph_node__type_support.hpp\n'}
[0.426267] (slam_toolbox) StdoutLine: {'line': b'-- Up-to-date symlink: /home/malik/controller-benchmarks/ros2/install/slam_toolbox/include/slam_toolbox/slam_toolbox/msg/detail/localized_laser_scan__builder.hpp\n'}
[0.426318] (slam_toolbox) StdoutLine: {'line': b'-- Up-to-date symlink: /home/malik/controller-benchmarks/ros2/install/slam_toolbox/include/slam_toolbox/slam_toolbox/msg/detail/localized_laser_scan__struct.hpp\n'}
[0.426373] (slam_toolbox) StdoutLine: {'line': b'-- Up-to-date symlink: /home/malik/controller-benchmarks/ros2/install/slam_toolbox/include/slam_toolbox/slam_toolbox/msg/detail/localized_laser_scan__traits.hpp\n'}
[0.426430] (slam_toolbox) StdoutLine: {'line': b'-- Up-to-date symlink: /home/malik/controller-benchmarks/ros2/install/slam_toolbox/include/slam_toolbox/slam_toolbox/msg/detail/localized_laser_scan__type_support.hpp\n'}
[0.426477] (slam_toolbox) StdoutLine: {'line': b'-- Up-to-date symlink: /home/malik/controller-benchmarks/ros2/install/slam_toolbox/include/slam_toolbox/slam_toolbox/msg/detail/loop_closure_event__builder.hpp\n'}
[0.426564] (slam_toolbox) StdoutLine: {'line': b'-- Up-to-date symlink: /home/malik/controller-benchmarks/ros2/install/slam_toolbox/include/slam_toolbox/slam_toolbox/msg/detail/loop_closure_event__struct.hpp\n'}
[0.426627] (slam_toolbox) StdoutLine: {'line': b'-- Up-to-date symlink: /home/malik/controller-benchmarks/ros2/install/slam_toolbox/include/slam_toolbox/slam_toolbox/msg/detail/loop_closure_event__traits.hpp\n'}
[0.426678] (slam_toolbox) StdoutLine: {'line': b'-- Up-to-date symlink: /home/malik/controller-benchmarks/ros2/install/slam_toolbox/include/slam_toolbox/slam_toolbox/msg/detail/loop_closure_event__type_support.hpp\n'}
[0.426737] (slam_toolbox) StdoutLine: {'line': b'-- Up-to-date symlink: /home/malik/controller-benchmarks/ros2/install/slam_toolbox/include/slam_toolbox/slam_toolbox/msg/detail/new_node_event__builder.hpp\n'}
[0.426801] (slam_toolbox) StdoutLine: {'line': b'-- Up-to-date symlink: /home/malik/controller-benchmarks/ros2/install/slam_toolbox/include/slam_toolbox/slam_toolbox/msg/detail/new_node_event__struct.hpp\n'}
[0.426860] (slam_toolbox) StdoutLine: {'line': b'-- Up-to-date symlink: /home/malik/controller-benchmarks/ros2/install/slam_toolbox/include/slam_toolbox/slam_toolbox/msg/detail/new_node_event__traits.hpp\n'}
[0.426938] (slam_toolbox) StdoutLine: {'line': b'-- Up-to-date symlink: /home/malik/controller-benchmarks/ros2/install/slam_toolbox/include/slam_toolbox/slam_toolbox/msg/detail/new_node_event__type_support.hpp\n'}
[0.427056] (slam_toolbox) StdoutLine: {'line': b'-- Up-to-date symlink: /home/malik/controller-benchmarks/ros2/install/slam_toolbox/include/slam_toolbox/slam_toolbox/msg/detail/pose_graph__builder.hpp\n'}
[0.427146] (slam_toolbox) StdoutLine: {'line': b'-- Up-to-date symlink: /home/malik/controller-benchmarks/ros2/install/slam_toolbox/include/slam_toolbox/slam_toolbox/msg/detail/pose_graph__struct.hpp\n'}
[0.427219] (slam_toolbox) StdoutLine: {'line': b'-- Up-to-date symlink: /home/malik/controller-benchmarks/ros2/install/slam_toolbox/include/slam_toolbox/slam_toolbox/msg/detail/pose_graph__traits.hpp\n'}
[0.427310] (slam_toolbox) StdoutLine: {'line': b'-- Up-to-date symlink: /home/malik/controller-benchmarks/ros2/install/slam_toolbox/include/slam_toolbox/slam_toolbox/msg/detail/pose_graph__type_support.hpp\n'}
[0.427388] (slam_toolbox) StdoutLine: {'line': b'-- Up-to-date symlink: /home/malik/controller-benchmarks/ros2/install/slam_toolbox/include/slam_toolbox/slam_toolbox/msg/graph_edge.hpp\n'}
[0.427521] (slam_toolbox) StdoutLine: {'line': b'-- Up-to-date symlink: /home/malik/controller-benchmarks/ros2/install/slam_toolbox/include/slam_toolbox/slam_toolbox/msg/graph_node.hpp\n'}
[0.427624] (slam_toolbox) StdoutLine: {'line': b'-- Up-to-date symlink: /home/malik/controller-benchmarks/ros2/install/slam_toolbox/include/slam_toolbox/slam_toolbox/msg/localized_laser_scan.hpp\n'}
[0.427696] (slam_toolbox) StdoutLine: {'line': b'-- Up-to-date symlink: /home/malik/controller-benchmarks/ros2/install/slam_toolbox/include/slam_toolbox/slam_toolbox/msg/loop_closure_event.hpp\n'}
[0.427764] (slam_toolbox) StdoutLine: {'line': b'-- Up-to-date symlink: /home/malik/controller-benchmarks/ros2/install/slam_toolbox/include/slam_toolbox/slam_toolbox/msg/new_node_event.hpp\n'}
[0.427847] (slam_toolbox) StdoutLine: {'line': b'-- Up-to-date symlink: /home/malik/controller-benchmarks/ros2/install/slam_toolbox/include/slam_toolbox/slam_toolbox/msg/pose_graph.hpp\n'}
[0.427947] (slam_toolbox) StdoutLine: {'line': b'-- Up-to-date symlink: /home/malik/controller-benchmarks/ros2/install/slam_toolbox/include/slam_toolbox/slam_toolbox/msg/rosidl_generator_cpp__visibility_control.hpp\n'}
[0.428025] (slam_toolbox) StdoutLine: {'line': b'-- Up-to-date symlink: /home/malik/controller-benchmarks/ros2/install/slam_toolbox/include/slam_toolbox/slam_toolbox/srv/add_submap.hpp\n'}
[0.428254] (slam_toolbox) StdoutLine: {'line': b'-- Up-to-date symlink: /home/malik/controller-benchmarks/ros2/install/slam_toolbox/include/slam_toolbox/slam_toolbox/srv/clear.hpp\n'}
[0.428383] (slam_toolbox) StdoutLine: {'line': b'-- Up-to-date symlink: /home/malik/controller-benchmarks/ros2/install/slam_toolbox/include/slam_toolbox/slam_toolbox/srv/clear_queue.hpp\n'}
[0.428464] (slam_toolbox) StdoutLine: {'line': b'-- Up-to-date symlink: /home/malik/controller-benchmarks/ros2/install/slam_toolbox/include/slam_toolbox/slam_toolbox/srv/deserialize_pose_graph.hpp\n'}
[0.428553] (slam_toolbox) StdoutLine: {'line': b'-- Up-to-date symlink: /home/malik/controller-benchmarks/ros2/install/slam_toolbox/include/slam_toolbox/slam_toolbox/srv/detail/add_submap__builder.hpp\n'}
[0.428662] (slam_toolbox) StdoutLine: {'line': b'-- Up-to-date symlink: /home/malik/controller-benchmarks/ros2/install/slam_toolbox/include/slam_toolbox/slam_toolbox/srv/detail/add_submap__struct.hpp\n'}
[0.428770] (slam_toolbox) StdoutLine: {'line': b'-- Up-to-date symlink: /home/malik/controller-benchmarks/ros2/install/slam_toolbox/include/slam_toolbox/slam_toolbox/srv/detail/add_submap__traits.hpp\n'}
[0.428891] (slam_toolbox) StdoutLine: {'line': b'-- Up-to-date symlink: /home/malik/controller-benchmarks/ros2/install/slam_toolbox/include/slam_toolbox/slam_toolbox/srv/detail/add_submap__type_support.hpp\n'}
[0.428983] (slam_toolbox) StdoutLine: {'line': b'-- Up-to-date symlink: /home/malik/controller-benchmarks/ros2/install/slam_toolbox/include/slam_toolbox/slam_toolbox/srv/detail/clear__builder.hpp\n'}
[0.429096] (slam_toolbox) StdoutLine: {'line': b'-- Up-to-date symlink: /home/malik/controller-benchmarks/ros2/install/slam_toolbox/include/slam_toolbox/slam_toolbox/srv/detail/clear__struct.hpp\n'}
[0.429209] (slam_toolbox) StdoutLine: {'line': b'-- Up-to-date symlink: /home/malik/controller-benchmarks/ros2/install/slam_toolbox/include/slam_toolbox/slam_toolbox/srv/detail/clear__traits.hpp\n'}
[0.429277] (slam_toolbox) StdoutLine: {'line': b'-- Up-to-date symlink: /home/malik/controller-benchmarks/ros2/install/slam_toolbox/include/slam_toolbox/slam_toolbox/srv/detail/clear__type_support.hpp\n'}
[0.429344] (slam_toolbox) StdoutLine: {'line': b'-- Up-to-date symlink: /home/malik/controller-benchmarks/ros2/install/slam_toolbox/include/slam_toolbox/slam_toolbox/srv/detail/clear_queue__builder.hpp\n'}
[0.429415] (slam_toolbox) StdoutLine: {'line': b'-- Up-to-date symlink: /home/malik/controller-benchmarks/ros2/install/slam_toolbox/include/slam_toolbox/slam_toolbox/srv/detail/clear_queue__struct.hpp\n'}
[0.429501] (slam_toolbox) StdoutLine: {'line': b'-- Up-to-date symlink: /home/malik/controller-benchmarks/ros2/install/slam_toolbox/include/slam_toolbox/slam_toolbox/srv/detail/clear_queue__traits.hpp\n'}
[0.429592] (slam_toolbox) StdoutLine: {'line': b'-- Up-to-date symlink: /home/malik/controller-benchmarks/ros2/install/slam_toolbox/include/slam_toolbox/slam_toolbox/srv/detail/clear_queue__type_support.hpp\n'}
[0.429671] (slam_toolbox) StdoutLine: {'line': b'-- Up-to-date symlink: /home/malik/controller-benchmarks/ros2/install/slam_toolbox/include/slam_toolbox/slam_toolbox/srv/detail/deserialize_pose_graph__builder.hpp\n'}
[0.429774] (slam_toolbox) StdoutLine: {'line': b'-- Up-to-date symlink: /home/malik/controller-benchmarks/ros2/install/slam_toolbox/include/slam_toolbox/slam_toolbox/srv/detail/deserialize_pose_graph__struct.hpp\n'}
[0.429896] (slam_toolbox) StdoutLine: {'line': b'-- Up-to-date symlink: /home/malik/controller-benchmarks/ros2/install/slam_toolbox/include/slam_toolbox/slam_toolbox/srv/detail/deserialize_pose_graph__traits.hpp\n'}
[0.429977] (slam_toolbox) StdoutLine: {'line': b'-- Up-to-date symlink: /home/malik/controller-benchmarks/ros2/install/slam_toolbox/include/slam_toolbox/slam_toolbox/srv/detail/deserialize_pose_graph__type_support.hpp\n'}
[0.430993] (slam_toolbox) StdoutLine: {'line': b'-- Up-to-date symlink: /home/malik/controller-benchmarks/ros2/install/slam_toolbox/include/slam_toolbox/slam_toolbox/srv/detail/loop_closure__builder.hpp\n'}
[0.431213] (slam_toolbox) StdoutLine: {'line': b'-- Up-to-date symlink: /home/malik/controller-benchmarks/ros2/install/slam_toolbox/include/slam_toolbox/slam_toolbox/srv/detail/loop_closure__struct.hpp\n'}
[0.431306] (slam_toolbox) StdoutLine: {'line': b'-- Up-to-date symlink: /home/malik/controller-benchmarks/ros2/install/slam_toolbox/include/slam_toolbox/slam_toolbox/srv/detail/loop_closure__traits.hpp\n'}
[0.431372] (slam_toolbox) StdoutLine: {'line': b'-- Up-to-date symlink: /home/malik/controller-benchmarks/ros2/install/slam_toolbox/include/slam_toolbox/slam_toolbox/srv/detail/loop_closure__type_support.hpp\n'}
[0.431452] (slam_toolbox) StdoutLine: {'line': b'-- Up-to-date symlink: /home/malik/controller-benchmarks/ros2/install/slam_toolbox/include/slam_toolbox/slam_toolbox/srv/detail/merge_maps__builder.hpp\n'}
[0.431518] (slam_toolbox) StdoutLine: {'line': b'-- Up-to-date symlink: /home/malik/controller-benchmarks/ros2/install/slam_toolbox/include/slam_toolbox/slam_toolbox/srv/detail/merge_maps__struct.hpp\n'}
[0.431580] (slam_toolbox) StdoutLine: {'line': b'-- Up-to-date symlink: /home/malik/controller-benchmarks/ros2/install/slam_toolbox/include/slam_toolbox/slam_toolbox/srv/detail/merge_maps__traits.hpp\n'}
[0.431636] (slam_toolbox) StdoutLine: {'line': b'-- Up-to-date symlink: /home/malik/controller-benchmarks/ros2/install/slam_toolbox/include/slam_toolbox/slam_toolbox/srv/detail/merge_maps__type_support.hpp\n'}
[0.431691] (slam_toolbox) StdoutLine: {'line': b'-- Up-to-date symlink: /home/malik/controller-benchmarks/ros2/install/slam_toolbox/include/slam_toolbox/slam_toolbox/srv/detail/pause__builder.hpp\n'}
[0.431758] (slam_toolbox) StdoutLine: {'line': b'-- Up-to-date symlink: /home/malik/controller-benchmarks/ros2/install/slam_toolbox/include/slam_toolbox/slam_toolbox/srv/detail/pause__struct.hpp\n'}
[0.431824] (slam_toolbox) StdoutLine: {'line': b'-- Up-to-date symlink: /home/malik/controller-benchmarks/ros2/install/slam_toolbox/include/slam_toolbox/slam_toolbox/srv/detail/pause__traits.hpp\n'}
[0.431906] (slam_toolbox) StdoutLine: {'line': b'-- Up-to-date symlink: /home/malik/controller-benchmarks/ros2/install/slam_toolbox/include/slam_toolbox/slam_toolbox/srv/detail/pause__type_support.hpp\n'}
[0.432002] (slam_toolbox) StdoutLine: {'line': b'-- Up-to-date symlink: /home/malik/controller-benchmarks/ros2/install/slam_toolbox/include/slam_toolbox/slam_toolbox/srv/detail/reset__builder.hpp\n'}
[0.432104] (slam_toolbox) StdoutLine: {'line': b'-- Up-to-date symlink: /home/malik/controller-benchmarks/ros2/install/slam_toolbox/include/slam_toolbox/slam_toolbox/srv/detail/reset__struct.hpp\n'}
[0.432171] (slam_toolbox) StdoutLine: {'line': b'-- Up-to-date symlink: /home/malik/controller-benchmarks/ros2/install/slam_toolbox/include/slam_toolbox/slam_toolbox/srv/detail/reset__traits.hpp\n'}
[0.432227] (slam_toolbox) StdoutLine: {'line': b'-- Up-to-date symlink: /home/malik/controller-benchmarks/ros2/install/slam_toolbox/include/slam_toolbox/slam_toolbox/srv/detail/reset__type_support.hpp\n'}
[0.432279] (slam_toolbox) StdoutLine: {'line': b'-- Up-to-date symlink: /home/malik/controller-benchmarks/ros2/install/slam_toolbox/include/slam_toolbox/slam_toolbox/srv/detail/save_map__builder.hpp\n'}
[0.432331] (slam_toolbox) StdoutLine: {'line': b'-- Up-to-date symlink: /home/malik/controller-benchmarks/ros2/install/slam_toolbox/include/slam_toolbox/slam_toolbox/srv/detail/save_map__struct.hpp\n'}
[0.432380] (slam_toolbox) StdoutLine: {'line': b'-- Up-to-date symlink: /home/malik/controller-benchmarks/ros2/install/slam_toolbox/include/slam_toolbox/slam_toolbox/srv/detail/save_map__traits.hpp\n'}
[0.432428] (slam_toolbox) StdoutLine: {'line': b'-- Up-to-date symlink: /home/malik/controller-benchmarks/ros2/install/slam_toolbox/include/slam_toolbox/slam_toolbox/srv/detail/save_map__type_support.hpp\n'}
[0.432483] (slam_toolbox) StdoutLine: {'line': b'-- Up-to-date symlink: /home/malik/controller-benchmarks/ros2/install/slam_toolbox/include/slam_toolbox/slam_toolbox/srv/detail/serialize_pose_graph__builder.hpp\n'}
[0.432545] (slam_toolbox) StdoutLine: {'line': b'-- Up-to-date symlink: /home/malik/controller-benchmarks/ros2/install/slam_toolbox/include/slam_toolbox/slam_toolbox/srv/detail/serialize_pose_graph__struct.hpp\n'}
[0.432602] (slam_toolbox) StdoutLine: {'line': b'-- Up-to-date symlink: /home/malik/controller-benchmarks/ros2/install/slam_toolbox/include/slam_toolbox/slam_toolbox/srv/detail/serialize_pose_graph__traits.hpp\n'}
[0.432652] (slam_toolbox) StdoutLine: {'line': b'-- Up-to-date symlink: /home/malik/controller-benchmarks/ros2/install/slam_toolbox/include/slam_toolbox/slam_toolbox/srv/detail/serialize_pose_graph__type_support.hpp\n'}
[0.432704] (slam_toolbox) StdoutLine: {'line': b'-- Up-to-date symlink: /home/malik/controller-benchmarks/ros2/install/slam_toolbox/include/slam_toolbox/slam_toolbox/srv/detail/toggle_interactive__builder.hpp\n'}
[0.432910] (slam_toolbox) StdoutLine: {'line': b'-- Up-to-date symlink: /home/malik/controller-benchmarks/ros2/install/slam_toolbox/include/slam_toolbox/slam_toolbox/srv/detail/toggle_interactive__struct.hpp\n'}
[0.433018] (slam_toolbox) StdoutLine: {'line': b'-- Up-to-date symlink: /home/malik/controller-benchmarks/ros2/install/slam_toolbox/include/slam_toolbox/slam_toolbox/srv/detail/toggle_interactive__traits.hpp\n'}
[0.433086] (slam_toolbox) StdoutLine: {'line': b'-- Up-to-date symlink: /home/malik/controller-benchmarks/ros2/install/slam_toolbox/include/slam_toolbox/slam_toolbox/srv/detail/toggle_interactive__type_support.hpp\n'}
[0.433154] (slam_toolbox) StdoutLine: {'line': b'-- Up-to-date symlink: /home/malik/controller-benchmarks/ros2/install/slam_toolbox/include/slam_toolbox/slam_toolbox/srv/loop_closure.hpp\n'}
[0.433212] (slam_toolbox) StdoutLine: {'line': b'-- Up-to-date symlink: /home/malik/controller-benchmarks/ros2/install/slam_toolbox/include/slam_toolbox/slam_toolbox/srv/merge_maps.hpp\n'}
[0.433263] (slam_toolbox) StdoutLine: {'line': b'-- Up-to-date symlink: /home/malik/controller-benchmarks/ros2/install/slam_toolbox/include/slam_toolbox/slam_toolbox/srv/pause.hpp\n'}
[0.433314] (slam_toolbox) StdoutLine: {'line': b'-- Up-to-date symlink: /home/malik/controller-benchmarks/ros2/install/slam_toolbox/include/slam_toolbox/slam_toolbox/srv/reset.hpp\n'}
[0.433364] (slam_toolbox) StdoutLine: {'line': b'-- Up-to-date symlink: /home/malik/controller-benchmarks/ros2/install/slam_toolbox/include/slam_toolbox/slam_toolbox/srv/save_map.hpp\n'}
[0.433416] (slam_toolbox) StdoutLine: {'line': b'-- Up-to-date symlink: /home/malik/controller-benchmarks/ros2/install/slam_toolbox/include/slam_toolbox/slam_toolbox/srv/serialize_pose_graph.hpp\n'}
[0.433597] (slam_toolbox) StdoutLine: {'line': b'-- Up-to-date symlink: /home/malik/controller-benchmarks/ros2/install/slam_toolbox/include/slam_toolbox/slam_toolbox/srv/toggle_interactive.hpp\n'}
[0.433986] (slam_toolbox) StdoutLine: {'line': b'-- Up-to-date symlink: /home/malik/controller-benchmarks/ros2/install/slam_toolbox/include/slam_toolbox/slam_toolbox/msg/detail/graph_edge__rosidl_typesupport_fastrtps_cpp.hpp\n'}
[0.434174] (slam_toolbox) StdoutLine: {'line': b'-- Up-to-date symlink: /home/malik/controller-benchmarks/ros2/install/slam_toolbox/include/slam_toolbox/slam_toolbox/msg/detail/graph_node__rosidl_typesupport_fastrtps_cpp.hpp\n'}
[0.434277] (slam_toolbox) StdoutLine: {'line': b'-- Up-to-date symlink: /home/malik/controller-benchmarks/ros2/install/slam_toolbox/include/slam_toolbox/slam_toolbox/msg/detail/localized_laser_scan__rosidl_typesupport_fastrtps_cpp.hpp\n'}
[0.434345] (slam_toolbox) StdoutLine: {'line': b'-- Up-to-date symlink: /home/malik/controller-benchmarks/ros2/install/slam_toolbox/include/slam_toolbox/slam_toolbox/msg/detail/loop_closure_event__rosidl_typesupport_fastrtps_cpp.hpp\n'}
[0.434468] (slam_toolbox) StdoutLine: {'line': b'-- Up-to-date symlink: /home/malik/controller-benchmarks/ros2/install/slam_toolbox/include/slam_toolbox/slam_toolbox/msg/detail/new_node_event__rosidl_typesupport_fastrtps_cpp.hpp\n'}
[0.434551] (slam_toolbox) StdoutLine: {'line': b'-- Up-to-date symlink: /home/malik/controller-benchmarks/ros2/install/slam_toolbox/include/slam_toolbox/slam_toolbox/msg/detail/pose_graph__rosidl_typesupport_fastrtps_cpp.hpp\n'}
[0.434662] (slam_toolbox) StdoutLine: {'line': b'-- Up-to-date symlink: /home/malik/controller-benchmarks/ros2/install/slam_toolbox/include/slam_toolbox/slam_toolbox/msg/rosidl_typesupport_fastrtps_cpp__visibility_control.h\n'}
[0.434718] (slam_toolbox) StdoutLine: {'line': b'-- Up-to-date symlink: /home/malik/controller-benchmarks/ros2/install/slam_toolbox/include/slam_toolbox/slam_toolbox/srv/detail/add_submap__rosidl_typesupport_fastrtps_cpp.hpp\n'}
[0.434795] (slam_toolbox) StdoutLine: {'line': b'-- Up-to-date symlink: /home/malik/controller-benchmarks/ros2/install/slam_toolbox/include/slam_toolbox/slam_toolbox/srv/detail/clear__rosidl_typesupport_fastrtps_cpp.hpp\n'}
[0.434864] (slam_toolbox) StdoutLine: {'line': b'-- Up-to-date symlink: /home/malik/controller-benchmarks/ros2/install/slam_toolbox/include/slam_toolbox/slam_toolbox/srv/detail/clear_queue__rosidl_typesupport_fastrtps_cpp.hpp\n'}
[0.434936] (slam_toolbox) StdoutLine: {'line': b'-- Up-to-date symlink: /home/malik/controller-benchmarks/ros2/install/slam_toolbox/include/slam_toolbox/slam_toolbox/srv/detail/deserialize_pose_graph__rosidl_typesupport_fastrtps_cpp.hpp\n'}
[0.435003] (slam_toolbox) StdoutLine: {'line': b'-- Up-to-date symlink: /home/malik/controller-benchmarks/ros2/install/slam_toolbox/include/slam_toolbox/slam_toolbox/srv/detail/loop_closure__rosidl_typesupport_fastrtps_cpp.hpp\n'}
[0.435097] (slam_toolbox) StdoutLine: {'line': b'-- Up-to-date symlink: /home/malik/controller-benchmarks/ros2/install/slam_toolbox/include/slam_toolbox/slam_toolbox/srv/detail/merge_maps__rosidl_typesupport_fastrtps_cpp.hpp\n'}
[0.435201] (slam_toolbox) StdoutLine: {'line': b'-- Up-to-date symlink: /home/malik/controller-benchmarks/ros2/install/slam_toolbox/include/slam_toolbox/slam_toolbox/srv/detail/pause__rosidl_typesupport_fastrtps_cpp.hpp\n'}
[0.435268] (slam_toolbox) StdoutLine: {'line': b'-- Up-to-date symlink: /home/malik/controller-benchmarks/ros2/install/slam_toolbox/include/slam_toolbox/slam_toolbox/srv/detail/reset__rosidl_typesupport_fastrtps_cpp.hpp\n'}
[0.435348] (slam_toolbox) StdoutLine: {'line': b'-- Up-to-date symlink: /home/malik/controller-benchmarks/ros2/install/slam_toolbox/include/slam_toolbox/slam_toolbox/srv/detail/save_map__rosidl_typesupport_fastrtps_cpp.hpp\n'}
[0.435415] (slam_toolbox) StdoutLine: {'line': b'-- Up-to-date symlink: /home/malik/controller-benchmarks/ros2/install/slam_toolbox/include/slam_toolbox/slam_toolbox/srv/detail/serialize_pose_graph__rosidl_typesupport_fastrtps_cpp.hpp\n'}
[0.435495] (slam_toolbox) StdoutLine: {'line': b'-- Up-to-date symlink: /home/malik/controller-benchmarks/ros2/install/slam_toolbox/include/slam_toolbox/slam_toolbox/srv/detail/toggle_interactive__rosidl_typesupport_fastrtps_cpp.hpp\n'}
[0.435980] (slam_toolbox) StdoutLine: {'line': b'-- Up-to-date symlink: /home/malik/controller-benchmarks/ros2/install/slam_toolbox/include/slam_toolbox/slam_toolbox/msg/detail/graph_edge__rosidl_typesupport_introspection_c.h\n'}
[0.436154] (slam_toolbox) StdoutLine: {'line': b'-- Up-to-date symlink: /home/malik/controller-benchmarks/ros2/install/slam_toolbox/include/slam_toolbox/slam_toolbox/msg/detail/graph_node__rosidl_typesupport_introspection_c.h\n'}
[0.436259] (slam_toolbox) StdoutLine: {'line': b'-- Up-to-date symlink: /home/malik/controller-benchmarks/ros2/install/slam_toolbox/include/slam_toolbox/slam_toolbox/msg/detail/localized_laser_scan__rosidl_typesupport_introspection_c.h\n'}
[0.436321] (slam_toolbox) StdoutLine: {'line': b'-- Up-to-date symlink: /home/malik/controller-benchmarks/ros2/install/slam_toolbox/include/slam_toolbox/slam_toolbox/msg/detail/loop_closure_event__rosidl_typesupport_introspection_c.h\n'}
[0.436383] (slam_toolbox) StdoutLine: {'line': b'-- Up-to-date symlink: /home/malik/controller-benchmarks/ros2/install/slam_toolbox/include/slam_toolbox/slam_toolbox/msg/detail/new_node_event__rosidl_typesupport_introspection_c.h\n'}
[0.436440] (slam_toolbox) StdoutLine: {'line': b'-- Up-to-date symlink: /home/malik/controller-benchmarks/ros2/install/slam_toolbox/include/slam_toolbox/slam_toolbox/msg/detail/pose_graph__rosidl_typesupport_introspection_c.h\n'}
[0.436505] (slam_toolbox) StdoutLine: {'line': b'-- Up-to-date symlink: /home/malik/controller-benchmarks/ros2/install/slam_toolbox/include/slam_toolbox/slam_toolbox/msg/rosidl_typesupport_introspection_c__visibility_control.h\n'}
[0.436573] (slam_toolbox) StdoutLine: {'line': b'-- Up-to-date symlink: /home/malik/controller-benchmarks/ros2/install/slam_toolbox/include/slam_toolbox/slam_toolbox/srv/detail/add_submap__rosidl_typesupport_introspection_c.h\n'}
[0.436664] (slam_toolbox) StdoutLine: {'line': b'-- Up-to-date symlink: /home/malik/controller-benchmarks/ros2/install/slam_toolbox/include/slam_toolbox/slam_toolbox/srv/detail/clear__rosidl_typesupport_introspection_c.h\n'}
[0.436742] (slam_toolbox) StdoutLine: {'line': b'-- Up-to-date symlink: /home/malik/controller-benchmarks/ros2/install/slam_toolbox/include/slam_toolbox/slam_toolbox/srv/detail/clear_queue__rosidl_typesupport_introspection_c.h\n'}
[0.436830] (slam_toolbox) StdoutLine: {'line': b'-- Up-to-date symlink: /home/malik/controller-benchmarks/ros2/install/slam_toolbox/include/slam_toolbox/slam_toolbox/srv/detail/deserialize_pose_graph__rosidl_typesupport_introspection_c.h\n'}
[0.436911] (slam_toolbox) StdoutLine: {'line': b'-- Up-to-date symlink: /home/malik/controller-benchmarks/ros2/install/slam_toolbox/include/slam_toolbox/slam_toolbox/srv/detail/loop_closure__rosidl_typesupport_introspection_c.h\n'}
[0.436997] (slam_toolbox) StdoutLine: {'line': b'-- Up-to-date symlink: /home/malik/controller-benchmarks/ros2/install/slam_toolbox/include/slam_toolbox/slam_toolbox/srv/detail/merge_maps__rosidl_typesupport_introspection_c.h\n'}
[0.437088] (slam_toolbox) StdoutLine: {'line': b'-- Up-to-date symlink: /home/malik/controller-benchmarks/ros2/install/slam_toolbox/include/slam_toolbox/slam_toolbox/srv/detail/pause__rosidl_typesupport_introspection_c.h\n'}
[0.437178] (slam_toolbox) StdoutLine: {'line': b'-- Up-to-date symlink: /home/malik/controller-benchmarks/ros2/install/slam_toolbox/include/slam_toolbox/slam_toolbox/srv/detail/reset__rosidl_typesupport_introspection_c.h\n'}
[0.437288] (slam_toolbox) StdoutLine: {'line': b'-- Up-to-date symlink: /home/malik/controller-benchmarks/ros2/install/slam_toolbox/include/slam_toolbox/slam_toolbox/srv/detail/save_map__rosidl_typesupport_introspection_c.h\n'}
[0.437386] (slam_toolbox) StdoutLine: {'line': b'-- Up-to-date symlink: /home/malik/controller-benchmarks/ros2/install/slam_toolbox/include/slam_toolbox/slam_toolbox/srv/detail/serialize_pose_graph__rosidl_typesupport_introspection_c.h\n'}
[0.437467] (slam_toolbox) StdoutLine: {'line': b'-- Up-to-date symlink: /home/malik/controller-benchmarks/ros2/install/slam_toolbox/include/slam_toolbox/slam_toolbox/srv/detail/toggle_interactive__rosidl_typesupport_introspection_c.h\n'}
[0.437946] (slam_toolbox) StdoutLine: {'line': b'-- Up-to-date symlink: /home/malik/controller-benchmarks/ros2/install/slam_toolbox/include/slam_toolbox/slam_toolbox/msg/detail/graph_edge__rosidl_typesupport_introspection_cpp.hpp\n'}
[0.438054] (slam_toolbox) StdoutLine: {'line': b'-- Up-to-date symlink: /home/malik/controller-benchmarks/ros2/install/slam_toolbox/include/slam_toolbox/slam_toolbox/msg/detail/graph_node__rosidl_typesupport_introspection_cpp.hpp\n'}
[0.438135] (slam_toolbox) StdoutLine: {'line': b'-- Up-to-date symlink: /home/malik/controller-benchmarks/ros2/install/slam_toolbox/include/slam_toolbox/slam_toolbox/msg/detail/localized_laser_scan__rosidl_typesupport_introspection_cpp.hpp\n'}
[0.438196] (slam_toolbox) StdoutLine: {'line': b'-- Up-to-date symlink: /home/malik/controller-benchmarks/ros2/install/slam_toolbox/include/slam_toolbox/slam_toolbox/msg/detail/loop_closure_event__rosidl_typesupport_introspection_cpp.hpp\n'}
[0.438402] (slam_toolbox) StdoutLine: {'line': b'-- Up-to-date symlink: /home/malik/controller-benchmarks/ros2/install/slam_toolbox/include/slam_toolbox/slam_toolbox/msg/detail/new_node_event__rosidl_typesupport_introspection_cpp.hpp\n'}
[0.438505] (slam_toolbox) StdoutLine: {'line': b'-- Up-to-date symlink: /home/malik/controller-benchmarks/ros2/install/slam_toolbox/include/slam_toolbox/slam_toolbox/msg/detail/pose_graph__rosidl_typesupport_introspection_cpp.hpp\n'}
[0.438572] (slam_toolbox) StdoutLine: {'line': b'-- Up-to-date symlink: /home/malik/controller-benchmarks/ros2/install/slam_toolbox/include/slam_toolbox/slam_toolbox/srv/detail/add_submap__rosidl_typesupport_introspection_cpp.hpp\n'}
[0.438664] (slam_toolbox) StdoutLine: {'line': b'-- Up-to-date symlink: /home/malik/controller-benchmarks/ros2/install/slam_toolbox/include/slam_toolbox/slam_toolbox/srv/detail/clear__rosidl_typesupport_introspection_cpp.hpp\n'}
[0.438788] (slam_toolbox) StdoutLine: {'line': b'-- Up-to-date symlink: /home/malik/controller-benchmarks/ros2/install/slam_toolbox/include/slam_toolbox/slam_toolbox/srv/detail/clear_queue__rosidl_typesupport_introspection_cpp.hpp\n'}
[0.438873] (slam_toolbox) StdoutLine: {'line': b'-- Up-to-date symlink: /home/malik/controller-benchmarks/ros2/install/slam_toolbox/include/slam_toolbox/slam_toolbox/srv/detail/deserialize_pose_graph__rosidl_typesupport_introspection_cpp.hpp\n'}
[0.438946] (slam_toolbox) StdoutLine: {'line': b'-- Up-to-date symlink: /home/malik/controller-benchmarks/ros2/install/slam_toolbox/include/slam_toolbox/slam_toolbox/srv/detail/loop_closure__rosidl_typesupport_introspection_cpp.hpp\n'}
[0.439016] (slam_toolbox) StdoutLine: {'line': b'-- Up-to-date symlink: /home/malik/controller-benchmarks/ros2/install/slam_toolbox/include/slam_toolbox/slam_toolbox/srv/detail/merge_maps__rosidl_typesupport_introspection_cpp.hpp\n'}
[0.439139] (slam_toolbox) StdoutLine: {'line': b'-- Up-to-date symlink: /home/malik/controller-benchmarks/ros2/install/slam_toolbox/include/slam_toolbox/slam_toolbox/srv/detail/pause__rosidl_typesupport_introspection_cpp.hpp\n'}
[0.439207] (slam_toolbox) StdoutLine: {'line': b'-- Up-to-date symlink: /home/malik/controller-benchmarks/ros2/install/slam_toolbox/include/slam_toolbox/slam_toolbox/srv/detail/reset__rosidl_typesupport_introspection_cpp.hpp\n'}
[0.439283] (slam_toolbox) StdoutLine: {'line': b'-- Up-to-date symlink: /home/malik/controller-benchmarks/ros2/install/slam_toolbox/include/slam_toolbox/slam_toolbox/srv/detail/save_map__rosidl_typesupport_introspection_cpp.hpp\n'}
[0.439363] (slam_toolbox) StdoutLine: {'line': b'-- Up-to-date symlink: /home/malik/controller-benchmarks/ros2/install/slam_toolbox/include/slam_toolbox/slam_toolbox/srv/detail/serialize_pose_graph__rosidl_typesupport_introspection_cpp.hpp\n'}
[0.439450] (slam_toolbox) StdoutLine: {'line': b'-- Up-to-date symlink: /home/malik/controller-benchmarks/ros2/install/slam_toolbox/include/slam_toolbox/slam_toolbox/srv/detail/toggle_interactive__rosidl_typesupport_introspection_cpp.hpp\n'}
[0.439672] (slam_toolbox) StdoutLine: {'line': b'-- Up-to-date symlink: /home/malik/controller-benchmarks/ros2/install/slam_toolbox/share/slam_toolbox/environment/pythonpath.sh\n'}
[0.439803] (slam_toolbox) StdoutLine: {'line': b'-- Up-to-date symlink: /home/malik/controller-benchmarks/ros2/install/slam_toolbox/share/slam_toolbox/environment/pythonpath.dsv\n'}
[0.440105] (slam_toolbox) StdoutLine: {'line': b'-- Up-to-date symlink: /home/malik/controller-benchmarks/ros2/install/slam_toolbox/local/lib/python3.10/dist-packages/slam_toolbox-2.6.10-py3.10.egg-info/PKG-INFO\n'}
[0.440249] (slam_toolbox) StdoutLine: {'line': b'-- Up-to-date symlink: /home/malik/controller-benchmarks/ros2/install/slam_toolbox/local/lib/python3.10/dist-packages/slam_toolbox-2.6.10-py3.10.egg-info/SOURCES.txt\n'}
[0.440368] (slam_toolbox) StdoutLine: {'line': b'-- Up-to-date symlink: /home/malik/controller-benchmarks/ros2/install/slam_toolbox/local/lib/python3.10/dist-packages/slam_toolbox-2.6.10-py3.10.egg-info/dependency_links.txt\n'}
[0.440569] (slam_toolbox) StdoutLine: {'line': b'-- Up-to-date symlink: /home/malik/controller-benchmarks/ros2/install/slam_toolbox/local/lib/python3.10/dist-packages/slam_toolbox-2.6.10-py3.10.egg-info/top_level.txt\n'}
[0.441536] (slam_toolbox) StdoutLine: {'line': b'-- Up-to-date symlink: /home/malik/controller-benchmarks/ros2/install/slam_toolbox/local/lib/python3.10/dist-packages/slam_toolbox/__init__.py\n'}
[0.441775] (slam_toolbox) StdoutLine: {'line': b'-- Up-to-date symlink: /home/malik/controller-benchmarks/ros2/install/slam_toolbox/local/lib/python3.10/dist-packages/slam_toolbox/_slam_toolbox_s.ep.rosidl_typesupport_c.c\n'}
[0.441865] (slam_toolbox) StdoutLine: {'line': b'-- Up-to-date symlink: /home/malik/controller-benchmarks/ros2/install/slam_toolbox/local/lib/python3.10/dist-packages/slam_toolbox/_slam_toolbox_s.ep.rosidl_typesupport_fastrtps_c.c\n'}
[0.441935] (slam_toolbox) StdoutLine: {'line': b'-- Up-to-date symlink: /home/malik/controller-benchmarks/ros2/install/slam_toolbox/local/lib/python3.10/dist-packages/slam_toolbox/_slam_toolbox_s.ep.rosidl_typesupport_introspection_c.c\n'}
[0.441997] (slam_toolbox) StdoutLine: {'line': b'-- Up-to-date symlink: /home/malik/controller-benchmarks/ros2/install/slam_toolbox/local/lib/python3.10/dist-packages/slam_toolbox/libslam_toolbox__rosidl_generator_py.so\n'}
[0.442076] (slam_toolbox) StdoutLine: {'line': b'-- Up-to-date symlink: /home/malik/controller-benchmarks/ros2/install/slam_toolbox/local/lib/python3.10/dist-packages/slam_toolbox/msg/__init__.py\n'}
[0.442141] (slam_toolbox) StdoutLine: {'line': b'-- Up-to-date symlink: /home/malik/controller-benchmarks/ros2/install/slam_toolbox/local/lib/python3.10/dist-packages/slam_toolbox/msg/_graph_edge.py\n'}
[0.442194] (slam_toolbox) StdoutLine: {'line': b'-- Up-to-date symlink: /home/malik/controller-benchmarks/ros2/install/slam_toolbox/local/lib/python3.10/dist-packages/slam_toolbox/msg/_graph_edge_s.c\n'}
[0.442257] (slam_toolbox) StdoutLine: {'line': b'-- Up-to-date symlink: /home/malik/controller-benchmarks/ros2/install/slam_toolbox/local/lib/python3.10/dist-packages/slam_toolbox/msg/_graph_node.py\n'}
[0.442334] (slam_toolbox) StdoutLine: {'line': b'-- Up-to-date symlink: /home/malik/controller-benchmarks/ros2/install/slam_toolbox/local/lib/python3.10/dist-packages/slam_toolbox/msg/_graph_node_s.c\n'}
[0.442388] (slam_toolbox) StdoutLine: {'line': b'-- Up-to-date symlink: /home/malik/controller-benchmarks/ros2/install/slam_toolbox/local/lib/python3.10/dist-packages/slam_toolbox/msg/_localized_laser_scan.py\n'}
[0.442459] (slam_toolbox) StdoutLine: {'line': b'-- Up-to-date symlink: /home/malik/controller-benchmarks/ros2/install/slam_toolbox/local/lib/python3.10/dist-packages/slam_toolbox/msg/_localized_laser_scan_s.c\n'}
[0.442569] (slam_toolbox) StdoutLine: {'line': b'-- Up-to-date symlink: /home/malik/controller-benchmarks/ros2/install/slam_toolbox/local/lib/python3.10/dist-packages/slam_toolbox/msg/_loop_closure_event.py\n'}
[0.442661] (slam_toolbox) StdoutLine: {'line': b'-- Up-to-date symlink: /home/malik/controller-benchmarks/ros2/install/slam_toolbox/local/lib/python3.10/dist-packages/slam_toolbox/msg/_loop_closure_event_s.c\n'}
[0.442750] (slam_toolbox) StdoutLine: {'line': b'-- Up-to-date symlink: /home/malik/controller-benchmarks/ros2/install/slam_toolbox/local/lib/python3.10/dist-packages/slam_toolbox/msg/_new_node_event.py\n'}
[0.442829] (slam_toolbox) StdoutLine: {'line': b'-- Up-to-date symlink: /home/malik/controller-benchmarks/ros2/install/slam_toolbox/local/lib/python3.10/dist-packages/slam_toolbox/msg/_new_node_event_s.c\n'}
[0.442893] (slam_toolbox) StdoutLine: {'line': b'-- Up-to-date symlink: /home/malik/controller-benchmarks/ros2/install/slam_toolbox/local/lib/python3.10/dist-packages/slam_toolbox/msg/_pose_graph.py\n'}
[0.442956] (slam_toolbox) StdoutLine: {'line': b'-- Up-to-date symlink: /home/malik/controller-benchmarks/ros2/install/slam_toolbox/local/lib/python3.10/dist-packages/slam_toolbox/msg/_pose_graph_s.c\n'}
[0.443008] (slam_toolbox) StdoutLine: {'line': b'-- Up-to-date symlink: /home/malik/controller-benchmarks/ros2/install/slam_toolbox/local/lib/python3.10/dist-packages/slam_toolbox/slam_toolbox_s__rosidl_typesupport_c.cpython-310-x86_64-linux-gnu.so\n'}
[0.443110] (slam_toolbox) StdoutLine: {'line': b'-- Up-to-date symlink: /home/malik/controller-benchmarks/ros2/install/slam_toolbox/local/lib/python3.10/dist-packages/slam_toolbox/slam_toolbox_s__rosidl_typesupport_fastrtps_c.cpython-310-x86_64-linux-gnu.so\n'}
[0.443181] (slam_toolbox) StdoutLine: {'line': b'-- Up-to-date symlink: /home/malik/controller-benchmarks/ros2/install/slam_toolbox/local/lib/python3.10/dist-packages/slam_toolbox/slam_toolbox_s__rosidl_typesupport_introspection_c.cpython-310-x86_64-linux-gnu.so\n'}
[0.443242] (slam_toolbox) StdoutLine: {'line': b'-- Up-to-date symlink: /home/malik/controller-benchmarks/ros2/install/slam_toolbox/local/lib/python3.10/dist-packages/slam_toolbox/srv/__init__.py\n'}
[0.443290] (slam_toolbox) StdoutLine: {'line': b'-- Up-to-date symlink: /home/malik/controller-benchmarks/ros2/install/slam_toolbox/local/lib/python3.10/dist-packages/slam_toolbox/srv/_add_submap.py\n'}
[0.443354] (slam_toolbox) StdoutLine: {'line': b'-- Up-to-date symlink: /home/malik/controller-benchmarks/ros2/install/slam_toolbox/local/lib/python3.10/dist-packages/slam_toolbox/srv/_add_submap_s.c\n'}
[0.443429] (slam_toolbox) StdoutLine: {'line': b'-- Up-to-date symlink: /home/malik/controller-benchmarks/ros2/install/slam_toolbox/local/lib/python3.10/dist-packages/slam_toolbox/srv/_clear.py\n'}
[0.443501] (slam_toolbox) StdoutLine: {'line': b'-- Up-to-date symlink: /home/malik/controller-benchmarks/ros2/install/slam_toolbox/local/lib/python3.10/dist-packages/slam_toolbox/srv/_clear_queue.py\n'}
[0.443574] (slam_toolbox) StdoutLine: {'line': b'-- Up-to-date symlink: /home/malik/controller-benchmarks/ros2/install/slam_toolbox/local/lib/python3.10/dist-packages/slam_toolbox/srv/_clear_queue_s.c\n'}
[0.443655] (slam_toolbox) StdoutLine: {'line': b'-- Up-to-date symlink: /home/malik/controller-benchmarks/ros2/install/slam_toolbox/local/lib/python3.10/dist-packages/slam_toolbox/srv/_clear_s.c\n'}
[0.443728] (slam_toolbox) StdoutLine: {'line': b'-- Up-to-date symlink: /home/malik/controller-benchmarks/ros2/install/slam_toolbox/local/lib/python3.10/dist-packages/slam_toolbox/srv/_deserialize_pose_graph.py\n'}
[0.443809] (slam_toolbox) StdoutLine: {'line': b'-- Up-to-date symlink: /home/malik/controller-benchmarks/ros2/install/slam_toolbox/local/lib/python3.10/dist-packages/slam_toolbox/srv/_deserialize_pose_graph_s.c\n'}
[0.443892] (slam_toolbox) StdoutLine: {'line': b'-- Up-to-date symlink: /home/malik/controller-benchmarks/ros2/install/slam_toolbox/local/lib/python3.10/dist-packages/slam_toolbox/srv/_loop_closure.py\n'}
[0.443990] (slam_toolbox) StdoutLine: {'line': b'-- Up-to-date symlink: /home/malik/controller-benchmarks/ros2/install/slam_toolbox/local/lib/python3.10/dist-packages/slam_toolbox/srv/_loop_closure_s.c\n'}
[0.444095] (slam_toolbox) StdoutLine: {'line': b'-- Up-to-date symlink: /home/malik/controller-benchmarks/ros2/install/slam_toolbox/local/lib/python3.10/dist-packages/slam_toolbox/srv/_merge_maps.py\n'}
[0.444171] (slam_toolbox) StdoutLine: {'line': b'-- Up-to-date symlink: /home/malik/controller-benchmarks/ros2/install/slam_toolbox/local/lib/python3.10/dist-packages/slam_toolbox/srv/_merge_maps_s.c\n'}
[0.444238] (slam_toolbox) StdoutLine: {'line': b'-- Up-to-date symlink: /home/malik/controller-benchmarks/ros2/install/slam_toolbox/local/lib/python3.10/dist-packages/slam_toolbox/srv/_pause.py\n'}
[0.444310] (slam_toolbox) StdoutLine: {'line': b'-- Up-to-date symlink: /home/malik/controller-benchmarks/ros2/install/slam_toolbox/local/lib/python3.10/dist-packages/slam_toolbox/srv/_pause_s.c\n'}
[0.444374] (slam_toolbox) StdoutLine: {'line': b'-- Up-to-date symlink: /home/malik/controller-benchmarks/ros2/install/slam_toolbox/local/lib/python3.10/dist-packages/slam_toolbox/srv/_reset.py\n'}
[0.444443] (slam_toolbox) StdoutLine: {'line': b'-- Up-to-date symlink: /home/malik/controller-benchmarks/ros2/install/slam_toolbox/local/lib/python3.10/dist-packages/slam_toolbox/srv/_reset_s.c\n'}
[0.444522] (slam_toolbox) StdoutLine: {'line': b'-- Up-to-date symlink: /home/malik/controller-benchmarks/ros2/install/slam_toolbox/local/lib/python3.10/dist-packages/slam_toolbox/srv/_save_map.py\n'}
[0.444602] (slam_toolbox) StdoutLine: {'line': b'-- Up-to-date symlink: /home/malik/controller-benchmarks/ros2/install/slam_toolbox/local/lib/python3.10/dist-packages/slam_toolbox/srv/_save_map_s.c\n'}
[0.444707] (slam_toolbox) StdoutLine: {'line': b'-- Up-to-date symlink: /home/malik/controller-benchmarks/ros2/install/slam_toolbox/local/lib/python3.10/dist-packages/slam_toolbox/srv/_serialize_pose_graph.py\n'}
[0.444824] (slam_toolbox) StdoutLine: {'line': b'-- Up-to-date symlink: /home/malik/controller-benchmarks/ros2/install/slam_toolbox/local/lib/python3.10/dist-packages/slam_toolbox/srv/_serialize_pose_graph_s.c\n'}
[0.444960] (slam_toolbox) StdoutLine: {'line': b'-- Up-to-date symlink: /home/malik/controller-benchmarks/ros2/install/slam_toolbox/local/lib/python3.10/dist-packages/slam_toolbox/srv/_toggle_interactive.py\n'}
[0.445099] (slam_toolbox) StdoutLine: {'line': b'-- Up-to-date symlink: /home/malik/controller-benchmarks/ros2/install/slam_toolbox/local/lib/python3.10/dist-packages/slam_toolbox/srv/_toggle_interactive_s.c\n'}
[0.445577] (slam_toolbox) StdoutLine: {'line': b'-- Up-to-date symlink: /home/malik/controller-benchmarks/ros2/install/slam_toolbox/local/lib/python3.10/dist-packages/slam_toolbox/slam_toolbox_s__rosidl_typesupport_fastrtps_c.cpython-310-x86_64-linux-gnu.so\n'}
[0.445759] (slam_toolbox) StdoutLine: {'line': b'-- Up-to-date symlink: /home/malik/controller-benchmarks/ros2/install/slam_toolbox/local/lib/python3.10/dist-packages/slam_toolbox/slam_toolbox_s__rosidl_typesupport_introspection_c.cpython-310-x86_64-linux-gnu.so\n'}
[0.445941] (slam_toolbox) StdoutLine: {'line': b'-- Up-to-date symlink: /home/malik/controller-benchmarks/ros2/install/slam_toolbox/local/lib/python3.10/dist-packages/slam_toolbox/slam_toolbox_s__rosidl_typesupport_c.cpython-310-x86_64-linux-gnu.so\n'}
[0.446080] (slam_toolbox) StdoutLine: {'line': b'-- Up-to-date symlink: /home/malik/controller-benchmarks/ros2/install/slam_toolbox/share/slam_toolbox/srv/Pause.idl\n'}
[0.446250] (slam_toolbox) StdoutLine: {'line': b'-- Up-to-date symlink: /home/malik/controller-benchmarks/ros2/install/slam_toolbox/share/slam_toolbox/srv/ClearQueue.idl\n'}
[0.446362] (slam_toolbox) StdoutLine: {'line': b'-- Up-to-date symlink: /home/malik/controller-benchmarks/ros2/install/slam_toolbox/share/slam_toolbox/srv/ToggleInteractive.idl\n'}
[0.446501] (slam_toolbox) StdoutLine: {'line': b'-- Up-to-date symlink: /home/malik/controller-benchmarks/ros2/install/slam_toolbox/share/slam_toolbox/srv/Clear.idl\n'}
[0.446583] (slam_toolbox) StdoutLine: {'line': b'-- Up-to-date symlink: /home/malik/controller-benchmarks/ros2/install/slam_toolbox/share/slam_toolbox/srv/SaveMap.idl\n'}
[0.446674] (slam_toolbox) StdoutLine: {'line': b'-- Up-to-date symlink: /home/malik/controller-benchmarks/ros2/install/slam_toolbox/share/slam_toolbox/srv/LoopClosure.idl\n'}
[0.446799] (slam_toolbox) StdoutLine: {'line': b'-- Up-to-date symlink: /home/malik/controller-benchmarks/ros2/install/slam_toolbox/share/slam_toolbox/srv/MergeMaps.idl\n'}
[0.446909] (slam_toolbox) StdoutLine: {'line': b'-- Up-to-date symlink: /home/malik/controller-benchmarks/ros2/install/slam_toolbox/share/slam_toolbox/srv/AddSubmap.idl\n'}
[0.447025] (slam_toolbox) StdoutLine: {'line': b'-- Up-to-date symlink: /home/malik/controller-benchmarks/ros2/install/slam_toolbox/share/slam_toolbox/srv/DeserializePoseGraph.idl\n'}
[0.447156] (slam_toolbox) StdoutLine: {'line': b'-- Up-to-date symlink: /home/malik/controller-benchmarks/ros2/install/slam_toolbox/share/slam_toolbox/srv/SerializePoseGraph.idl\n'}
[0.447269] (slam_toolbox) StdoutLine: {'line': b'-- Up-to-date symlink: /home/malik/controller-benchmarks/ros2/install/slam_toolbox/share/slam_toolbox/srv/Pause.srv\n'}
[0.447382] (slam_toolbox) StdoutLine: {'line': b'-- Up-to-date symlink: /home/malik/controller-benchmarks/ros2/install/slam_toolbox/share/slam_toolbox/srv/Pause_Request.msg\n'}
[0.447482] (slam_toolbox) StdoutLine: {'line': b'-- Up-to-date symlink: /home/malik/controller-benchmarks/ros2/install/slam_toolbox/share/slam_toolbox/srv/Pause_Response.msg\n'}
[0.447588] (slam_toolbox) StdoutLine: {'line': b'-- Up-to-date symlink: /home/malik/controller-benchmarks/ros2/install/slam_toolbox/share/slam_toolbox/srv/ClearQueue.srv\n'}
[0.447703] (slam_toolbox) StdoutLine: {'line': b'-- Up-to-date symlink: /home/malik/controller-benchmarks/ros2/install/slam_toolbox/share/slam_toolbox/srv/ClearQueue_Request.msg\n'}
[0.447797] (slam_toolbox) StdoutLine: {'line': b'-- Up-to-date symlink: /home/malik/controller-benchmarks/ros2/install/slam_toolbox/share/slam_toolbox/srv/ClearQueue_Response.msg\n'}
[0.447915] (slam_toolbox) StdoutLine: {'line': b'-- Up-to-date symlink: /home/malik/controller-benchmarks/ros2/install/slam_toolbox/share/slam_toolbox/srv/ToggleInteractive.srv\n'}
[0.448018] (slam_toolbox) StdoutLine: {'line': b'-- Up-to-date symlink: /home/malik/controller-benchmarks/ros2/install/slam_toolbox/share/slam_toolbox/srv/ToggleInteractive_Request.msg\n'}
[0.448130] (slam_toolbox) StdoutLine: {'line': b'-- Up-to-date symlink: /home/malik/controller-benchmarks/ros2/install/slam_toolbox/share/slam_toolbox/srv/ToggleInteractive_Response.msg\n'}
[0.448240] (slam_toolbox) StdoutLine: {'line': b'-- Up-to-date symlink: /home/malik/controller-benchmarks/ros2/install/slam_toolbox/share/slam_toolbox/srv/Clear.srv\n'}
[0.448338] (slam_toolbox) StdoutLine: {'line': b'-- Up-to-date symlink: /home/malik/controller-benchmarks/ros2/install/slam_toolbox/share/slam_toolbox/srv/Clear_Request.msg\n'}
[0.448451] (slam_toolbox) StdoutLine: {'line': b'-- Up-to-date symlink: /home/malik/controller-benchmarks/ros2/install/slam_toolbox/share/slam_toolbox/srv/Clear_Response.msg\n'}
[0.448546] (slam_toolbox) StdoutLine: {'line': b'-- Up-to-date symlink: /home/malik/controller-benchmarks/ros2/install/slam_toolbox/share/slam_toolbox/srv/SaveMap.srv\n'}
[0.448652] (slam_toolbox) StdoutLine: {'line': b'-- Up-to-date symlink: /home/malik/controller-benchmarks/ros2/install/slam_toolbox/share/slam_toolbox/srv/SaveMap_Request.msg\n'}
[0.448756] (slam_toolbox) StdoutLine: {'line': b'-- Up-to-date symlink: /home/malik/controller-benchmarks/ros2/install/slam_toolbox/share/slam_toolbox/srv/SaveMap_Response.msg\n'}
[0.448861] (slam_toolbox) StdoutLine: {'line': b'-- Up-to-date symlink: /home/malik/controller-benchmarks/ros2/install/slam_toolbox/share/slam_toolbox/srv/LoopClosure.srv\n'}
[0.448964] (slam_toolbox) StdoutLine: {'line': b'-- Up-to-date symlink: /home/malik/controller-benchmarks/ros2/install/slam_toolbox/share/slam_toolbox/srv/LoopClosure_Request.msg\n'}
[0.449141] (slam_toolbox) StdoutLine: {'line': b'-- Up-to-date symlink: /home/malik/controller-benchmarks/ros2/install/slam_toolbox/share/slam_toolbox/srv/LoopClosure_Response.msg\n'}
[0.449242] (slam_toolbox) StdoutLine: {'line': b'-- Up-to-date symlink: /home/malik/controller-benchmarks/ros2/install/slam_toolbox/share/slam_toolbox/srv/MergeMaps.srv\n'}
[0.449586] (slam_toolbox) StdoutLine: {'line': b'-- Up-to-date symlink: /home/malik/controller-benchmarks/ros2/install/slam_toolbox/share/slam_toolbox/srv/MergeMaps_Request.msg\n'}
[0.449652] (slam_toolbox) StdoutLine: {'line': b'-- Up-to-date symlink: /home/malik/controller-benchmarks/ros2/install/slam_toolbox/share/slam_toolbox/srv/MergeMaps_Response.msg\n'}
[0.449712] (slam_toolbox) StdoutLine: {'line': b'-- Up-to-date symlink: /home/malik/controller-benchmarks/ros2/install/slam_toolbox/share/slam_toolbox/srv/AddSubmap.srv\n'}
[0.449761] (slam_toolbox) StdoutLine: {'line': b'-- Up-to-date symlink: /home/malik/controller-benchmarks/ros2/install/slam_toolbox/share/slam_toolbox/srv/AddSubmap_Request.msg\n'}
[0.449820] (slam_toolbox) StdoutLine: {'line': b'-- Up-to-date symlink: /home/malik/controller-benchmarks/ros2/install/slam_toolbox/share/slam_toolbox/srv/AddSubmap_Response.msg\n'}
[0.449866] (slam_toolbox) StdoutLine: {'line': b'-- Up-to-date symlink: /home/malik/controller-benchmarks/ros2/install/slam_toolbox/share/slam_toolbox/srv/DeserializePoseGraph.srv\n'}
[0.449927] (slam_toolbox) StdoutLine: {'line': b'-- Up-to-date symlink: /home/malik/controller-benchmarks/ros2/install/slam_toolbox/share/slam_toolbox/srv/DeserializePoseGraph_Request.msg\n'}
[0.450012] (slam_toolbox) StdoutLine: {'line': b'-- Up-to-date symlink: /home/malik/controller-benchmarks/ros2/install/slam_toolbox/share/slam_toolbox/srv/DeserializePoseGraph_Response.msg\n'}
[0.450166] (slam_toolbox) StdoutLine: {'line': b'-- Up-to-date symlink: /home/malik/controller-benchmarks/ros2/install/slam_toolbox/share/slam_toolbox/srv/SerializePoseGraph.srv\n'}
[0.450266] (slam_toolbox) StdoutLine: {'line': b'-- Up-to-date symlink: /home/malik/controller-benchmarks/ros2/install/slam_toolbox/share/slam_toolbox/srv/SerializePoseGraph_Request.msg\n'}
[0.450373] (slam_toolbox) StdoutLine: {'line': b'-- Up-to-date symlink: /home/malik/controller-benchmarks/ros2/install/slam_toolbox/share/slam_toolbox/srv/SerializePoseGraph_Response.msg\n'}
[0.450476] (slam_toolbox) StdoutLine: {'line': b'-- Up-to-date symlink: /home/malik/controller-benchmarks/ros2/install/slam_toolbox/share/slam_toolbox//rviz_plugins.xml\n'}
[0.450577] (slam_toolbox) StdoutLine: {'line': b'-- Up-to-date symlink: /home/malik/controller-benchmarks/ros2/install/slam_toolbox/share/slam_toolbox//solver_plugins.xml\n'}
[0.450785] (slam_toolbox) StdoutLine: {'line': b'-- Up-to-date symlink: /home/malik/controller-benchmarks/ros2/install/slam_toolbox/lib/slam_toolbox/async_slam_toolbox_node\n'}
[0.450897] (slam_toolbox) StdoutLine: {'line': b'-- Up-to-date symlink: /home/malik/controller-benchmarks/ros2/install/slam_toolbox/lib/slam_toolbox/sync_slam_toolbox_node\n'}
[0.451001] (slam_toolbox) StdoutLine: {'line': b'-- Up-to-date symlink: /home/malik/controller-benchmarks/ros2/install/slam_toolbox/lib/slam_toolbox/localization_slam_toolbox_node\n'}
[0.451182] (slam_toolbox) StdoutLine: {'line': b'-- Up-to-date symlink: /home/malik/controller-benchmarks/ros2/install/slam_toolbox/lib/slam_toolbox/map_and_localization_slam_toolbox_node\n'}
[0.451276] (slam_toolbox) StdoutLine: {'line': b'-- Up-to-date symlink: /home/malik/controller-benchmarks/ros2/install/slam_toolbox/lib/slam_toolbox/merge_maps_kinematic\n'}
[0.451376] (slam_toolbox) StdoutLine: {'line': b'-- Up-to-date symlink: /home/malik/controller-benchmarks/ros2/install/slam_toolbox/lib/libtoolbox_common.so\n'}
[0.451482] (slam_toolbox) StdoutLine: {'line': b'-- Up-to-date symlink: /home/malik/controller-benchmarks/ros2/install/slam_toolbox/lib/libSlamToolboxPlugin.so\n'}
[0.451597] (slam_toolbox) StdoutLine: {'line': b'-- Up-to-date symlink: /home/malik/controller-benchmarks/ros2/install/slam_toolbox/lib/libceres_solver_plugin.so\n'}
[0.451691] (slam_toolbox) StdoutLine: {'line': b'-- Up-to-date symlink: /home/malik/controller-benchmarks/ros2/install/slam_toolbox/lib/libasync_slam_toolbox.so\n'}
[0.451785] (slam_toolbox) StdoutLine: {'line': b'-- Up-to-date symlink: /home/malik/controller-benchmarks/ros2/install/slam_toolbox/lib/libsync_slam_toolbox.so\n'}
[0.451881] (slam_toolbox) StdoutLine: {'line': b'-- Up-to-date symlink: /home/malik/controller-benchmarks/ros2/install/slam_toolbox/lib/liblocalization_slam_toolbox.so\n'}
[0.451979] (slam_toolbox) StdoutLine: {'line': b'-- Up-to-date symlink: /home/malik/controller-benchmarks/ros2/install/slam_toolbox/lib/liblifelong_slam_toolbox.so\n'}
[0.452092] (slam_toolbox) StdoutLine: {'line': b'-- Up-to-date symlink: /home/malik/controller-benchmarks/ros2/install/slam_toolbox/lib/libmap_and_localization_slam_toolbox.so\n'}
[0.452206] (slam_toolbox) StdoutLine: {'line': b'-- Up-to-date symlink: /home/malik/controller-benchmarks/ros2/install/slam_toolbox/lib/libkartoSlamToolbox.so\n'}
[0.452643] (slam_toolbox) StdoutLine: {'line': b'-- Up-to-date symlink: /home/malik/controller-benchmarks/ros2/install/slam_toolbox/include/slam_toolbox/experimental/slam_toolbox_lifelong.hpp\n'}
[0.452939] (slam_toolbox) StdoutLine: {'line': b'-- Up-to-date symlink: /home/malik/controller-benchmarks/ros2/install/slam_toolbox/include/slam_toolbox/experimental/slam_toolbox_map_and_localization.hpp\n'}
[0.453045] (slam_toolbox) StdoutLine: {'line': b'-- Up-to-date symlink: /home/malik/controller-benchmarks/ros2/install/slam_toolbox/include/slam_toolbox/get_pose_helper.hpp\n'}
[0.453144] (slam_toolbox) StdoutLine: {'line': b'-- Up-to-date symlink: /home/malik/controller-benchmarks/ros2/install/slam_toolbox/include/slam_toolbox/laser_utils.hpp\n'}
[0.453210] (slam_toolbox) StdoutLine: {'line': b'-- Up-to-date symlink: /home/malik/controller-benchmarks/ros2/install/slam_toolbox/include/slam_toolbox/loop_closure_assistant.hpp\n'}
[0.453273] (slam_toolbox) StdoutLine: {'line': b'-- Up-to-date symlink: /home/malik/controller-benchmarks/ros2/install/slam_toolbox/include/slam_toolbox/map_saver.hpp\n'}
[0.453335] (slam_toolbox) StdoutLine: {'line': b'-- Up-to-date symlink: /home/malik/controller-benchmarks/ros2/install/slam_toolbox/include/slam_toolbox/merge_maps_kinematic.hpp\n'}
[0.453382] (slam_toolbox) StdoutLine: {'line': b'-- Up-to-date symlink: /home/malik/controller-benchmarks/ros2/install/slam_toolbox/include/slam_toolbox/serialization.hpp\n'}
[0.453437] (slam_toolbox) StdoutLine: {'line': b'-- Up-to-date symlink: /home/malik/controller-benchmarks/ros2/install/slam_toolbox/include/slam_toolbox/slam_mapper.hpp\n'}
[0.454805] (slam_toolbox) StdoutLine: {'line': b'-- Up-to-date symlink: /home/malik/controller-benchmarks/ros2/install/slam_toolbox/include/slam_toolbox/slam_toolbox_async.hpp\n'}
[0.454965] (slam_toolbox) StdoutLine: {'line': b'-- Up-to-date symlink: /home/malik/controller-benchmarks/ros2/install/slam_toolbox/include/slam_toolbox/slam_toolbox_common.hpp\n'}
[0.455050] (slam_toolbox) StdoutLine: {'line': b'-- Up-to-date symlink: /home/malik/controller-benchmarks/ros2/install/slam_toolbox/include/slam_toolbox/slam_toolbox_localization.hpp\n'}
[0.455117] (slam_toolbox) StdoutLine: {'line': b'-- Up-to-date symlink: /home/malik/controller-benchmarks/ros2/install/slam_toolbox/include/slam_toolbox/slam_toolbox_sync.hpp\n'}
[0.455199] (slam_toolbox) StdoutLine: {'line': b'-- Up-to-date symlink: /home/malik/controller-benchmarks/ros2/install/slam_toolbox/include/slam_toolbox/snap_utils.hpp\n'}
[0.455291] (slam_toolbox) StdoutLine: {'line': b'-- Up-to-date symlink: /home/malik/controller-benchmarks/ros2/install/slam_toolbox/include/slam_toolbox/toolbox_msgs.hpp\n'}
[0.455366] (slam_toolbox) StdoutLine: {'line': b'-- Up-to-date symlink: /home/malik/controller-benchmarks/ros2/install/slam_toolbox/include/slam_toolbox/toolbox_types.hpp\n'}
[0.455428] (slam_toolbox) StdoutLine: {'line': b'-- Up-to-date symlink: /home/malik/controller-benchmarks/ros2/install/slam_toolbox/include/slam_toolbox/visualization_utils.hpp\n'}
[0.455491] (slam_toolbox) StdoutLine: {'line': b'-- Up-to-date symlink: /home/malik/controller-benchmarks/ros2/install/slam_toolbox/share/slam_toolbox/launch/localization_launch.py\n'}
[0.455540] (slam_toolbox) StdoutLine: {'line': b'-- Up-to-date symlink: /home/malik/controller-benchmarks/ros2/install/slam_toolbox/share/slam_toolbox/launch/merge_maps_kinematic_launch.py\n'}
[0.455600] (slam_toolbox) StdoutLine: {'line': b'-- Up-to-date symlink: /home/malik/controller-benchmarks/ros2/install/slam_toolbox/share/slam_toolbox/launch/offline_launch.py\n'}
[0.455658] (slam_toolbox) StdoutLine: {'line': b'-- Up-to-date symlink: /home/malik/controller-benchmarks/ros2/install/slam_toolbox/share/slam_toolbox/launch/online_async_launch.py\n'}
[0.455715] (slam_toolbox) StdoutLine: {'line': b'-- Up-to-date symlink: /home/malik/controller-benchmarks/ros2/install/slam_toolbox/share/slam_toolbox/launch/online_sync_launch.py\n'}
[0.455772] (slam_toolbox) StdoutLine: {'line': b'-- Up-to-date symlink: /home/malik/controller-benchmarks/ros2/install/slam_toolbox/share/slam_toolbox/config/mapper_params_lifelong.yaml\n'}
[0.455818] (slam_toolbox) StdoutLine: {'line': b'-- Up-to-date symlink: /home/malik/controller-benchmarks/ros2/install/slam_toolbox/share/slam_toolbox/config/mapper_params_localization.yaml\n'}
[0.455875] (slam_toolbox) StdoutLine: {'line': b'-- Up-to-date symlink: /home/malik/controller-benchmarks/ros2/install/slam_toolbox/share/slam_toolbox/config/mapper_params_offline.yaml\n'}
[0.455921] (slam_toolbox) StdoutLine: {'line': b'-- Up-to-date symlink: /home/malik/controller-benchmarks/ros2/install/slam_toolbox/share/slam_toolbox/config/mapper_params_online_async.yaml\n'}
[0.455968] (slam_toolbox) StdoutLine: {'line': b'-- Up-to-date symlink: /home/malik/controller-benchmarks/ros2/install/slam_toolbox/share/slam_toolbox/config/mapper_params_online_sync.yaml\n'}
[0.456027] (slam_toolbox) StdoutLine: {'line': b'-- Up-to-date symlink: /home/malik/controller-benchmarks/ros2/install/slam_toolbox/share/slam_toolbox/config/slam_toolbox_default.rviz\n'}
[0.456111] (slam_toolbox) StdoutLine: {'line': b'-- Up-to-date symlink: /home/malik/controller-benchmarks/ros2/install/slam_toolbox/share/solver_plugins.xml\n'}
[0.456159] (slam_toolbox) StdoutLine: {'line': b'-- Up-to-date symlink: /home/malik/controller-benchmarks/ros2/install/slam_toolbox/share/rviz_plugins.xml\n'}
[0.456217] (slam_toolbox) StdoutLine: {'line': b'-- Up-to-date symlink: /home/malik/controller-benchmarks/ros2/install/slam_toolbox/share/ament_index/resource_index/package_run_dependencies/slam_toolbox\n'}
[0.456264] (slam_toolbox) StdoutLine: {'line': b'-- Up-to-date symlink: /home/malik/controller-benchmarks/ros2/install/slam_toolbox/share/ament_index/resource_index/parent_prefix_path/slam_toolbox\n'}
[0.456324] (slam_toolbox) StdoutLine: {'line': b'-- Up-to-date symlink: /home/malik/controller-benchmarks/ros2/install/slam_toolbox/share/slam_toolbox/environment/ament_prefix_path.sh\n'}
[0.456380] (slam_toolbox) StdoutLine: {'line': b'-- Up-to-date symlink: /home/malik/controller-benchmarks/ros2/install/slam_toolbox/share/slam_toolbox/environment/ament_prefix_path.dsv\n'}
[0.456436] (slam_toolbox) StdoutLine: {'line': b'-- Up-to-date symlink: /home/malik/controller-benchmarks/ros2/install/slam_toolbox/share/slam_toolbox/environment/path.sh\n'}
[0.456496] (slam_toolbox) StdoutLine: {'line': b'-- Up-to-date symlink: /home/malik/controller-benchmarks/ros2/install/slam_toolbox/share/slam_toolbox/environment/path.dsv\n'}
[0.456554] (slam_toolbox) StdoutLine: {'line': b'-- Up-to-date symlink: /home/malik/controller-benchmarks/ros2/install/slam_toolbox/share/slam_toolbox/local_setup.bash\n'}
[0.456627] (slam_toolbox) StdoutLine: {'line': b'-- Up-to-date symlink: /home/malik/controller-benchmarks/ros2/install/slam_toolbox/share/slam_toolbox/local_setup.sh\n'}
[0.456743] (slam_toolbox) StdoutLine: {'line': b'-- Up-to-date symlink: /home/malik/controller-benchmarks/ros2/install/slam_toolbox/share/slam_toolbox/local_setup.zsh\n'}
[0.456847] (slam_toolbox) StdoutLine: {'line': b'-- Up-to-date symlink: /home/malik/controller-benchmarks/ros2/install/slam_toolbox/share/slam_toolbox/local_setup.dsv\n'}
[0.456952] (slam_toolbox) StdoutLine: {'line': b'-- Symlinking: /home/malik/controller-benchmarks/ros2/install/slam_toolbox/share/slam_toolbox/package.dsv\n'}
[0.466366] (slam_toolbox) StdoutLine: {'line': b'-- Up-to-date symlink: /home/malik/controller-benchmarks/ros2/install/slam_toolbox/share/ament_index/resource_index/packages/slam_toolbox\n'}
[0.466532] (slam_toolbox) StdoutLine: {'line': b'-- Up-to-date symlink: /home/malik/controller-benchmarks/ros2/install/slam_toolbox/share/ament_index/resource_index/rviz_common__pluginlib__plugin/slam_toolbox\n'}
[0.466599] (slam_toolbox) StdoutLine: {'line': b'-- Up-to-date symlink: /home/malik/controller-benchmarks/ros2/install/slam_toolbox/share/ament_index/resource_index/slam_toolbox__pluginlib__plugin/slam_toolbox\n'}
[0.466673] (slam_toolbox) StdoutLine: {'line': b'-- Up-to-date symlink: /home/malik/controller-benchmarks/ros2/install/slam_toolbox/share/ament_index/resource_index/rclcpp_components/slam_toolbox\n'}
[0.466746] (slam_toolbox) StdoutLine: {'line': b'-- Up-to-date symlink: /home/malik/controller-benchmarks/ros2/install/slam_toolbox/share/slam_toolbox/cmake/rosidl_cmake-extras.cmake\n'}
[0.466830] (slam_toolbox) StdoutLine: {'line': b'-- Up-to-date symlink: /home/malik/controller-benchmarks/ros2/install/slam_toolbox/share/slam_toolbox/cmake/ament_cmake_export_dependencies-extras.cmake\n'}
[0.466959] (slam_toolbox) StdoutLine: {'line': b'-- Up-to-date symlink: /home/malik/controller-benchmarks/ros2/install/slam_toolbox/share/slam_toolbox/cmake/ament_cmake_export_include_directories-extras.cmake\n'}
[0.467120] (slam_toolbox) StdoutLine: {'line': b'-- Up-to-date symlink: /home/malik/controller-benchmarks/ros2/install/slam_toolbox/share/slam_toolbox/cmake/ament_cmake_export_libraries-extras.cmake\n'}
[0.467220] (slam_toolbox) StdoutLine: {'line': b'-- Up-to-date symlink: /home/malik/controller-benchmarks/ros2/install/slam_toolbox/share/slam_toolbox/cmake/ament_cmake_export_targets-extras.cmake\n'}
[0.467888] (slam_toolbox) StdoutLine: {'line': b'-- Up-to-date symlink: /home/malik/controller-benchmarks/ros2/install/slam_toolbox/share/slam_toolbox/cmake/rosidl_cmake_export_typesupport_targets-extras.cmake\n'}
[0.467965] (slam_toolbox) StdoutLine: {'line': b'-- Up-to-date symlink: /home/malik/controller-benchmarks/ros2/install/slam_toolbox/share/slam_toolbox/cmake/rosidl_cmake_export_typesupport_libraries-extras.cmake\n'}
[0.468016] (slam_toolbox) StdoutLine: {'line': b'-- Up-to-date symlink: /home/malik/controller-benchmarks/ros2/install/slam_toolbox/share/slam_toolbox/cmake/slam_toolboxConfig.cmake\n'}
[0.468221] (slam_toolbox) StdoutLine: {'line': b'-- Up-to-date symlink: /home/malik/controller-benchmarks/ros2/install/slam_toolbox/share/slam_toolbox/cmake/slam_toolboxConfig-version.cmake\n'}
[0.468300] (slam_toolbox) StdoutLine: {'line': b'-- Up-to-date symlink: /home/malik/controller-benchmarks/ros2/install/slam_toolbox/share/slam_toolbox/package.xml\n'}
[0.468350] (slam_toolbox) StdoutLine: {'line': b'-- Up-to-date: /home/malik/controller-benchmarks/ros2/install/slam_toolbox/lib/libslam_toolbox__rosidl_generator_c.so\n'}
[0.468412] (slam_toolbox) StdoutLine: {'line': b'-- Up-to-date: /home/malik/controller-benchmarks/ros2/install/slam_toolbox/lib/libslam_toolbox__rosidl_typesupport_fastrtps_c.so\n'}
[0.468478] (slam_toolbox) StdoutLine: {'line': b'-- Up-to-date: /home/malik/controller-benchmarks/ros2/install/slam_toolbox/lib/libslam_toolbox__rosidl_typesupport_fastrtps_cpp.so\n'}
[0.468525] (slam_toolbox) StdoutLine: {'line': b'-- Up-to-date: /home/malik/controller-benchmarks/ros2/install/slam_toolbox/lib/libslam_toolbox__rosidl_typesupport_introspection_c.so\n'}
[0.468593] (slam_toolbox) StdoutLine: {'line': b'-- Up-to-date: /home/malik/controller-benchmarks/ros2/install/slam_toolbox/lib/libslam_toolbox__rosidl_typesupport_c.so\n'}
[0.468744] (slam_toolbox) StdoutLine: {'line': b'-- Up-to-date: /home/malik/controller-benchmarks/ros2/install/slam_toolbox/lib/libslam_toolbox__rosidl_typesupport_introspection_cpp.so\n'}
[0.468904] (slam_toolbox) StdoutLine: {'line': b'-- Up-to-date: /home/malik/controller-benchmarks/ros2/install/slam_toolbox/lib/libslam_toolbox__rosidl_typesupport_cpp.so\n'}
[0.498009] (slam_toolbox) StdoutLine: {'line': b"Listing '/home/malik/controller-benchmarks/ros2/install/slam_toolbox/local/lib/python3.10/dist-packages/slam_toolbox'...\n"}
[0.498205] (slam_toolbox) StdoutLine: {'line': b"Listing '/home/malik/controller-benchmarks/ros2/install/slam_toolbox/local/lib/python3.10/dist-packages/slam_toolbox/msg'...\n"}
[0.498268] (slam_toolbox) StdoutLine: {'line': b"Listing '/home/malik/controller-benchmarks/ros2/install/slam_toolbox/local/lib/python3.10/dist-packages/slam_toolbox/srv'...\n"}
[0.500448] (-) TimerEvent: {}
[0.504705] (slam_toolbox) StdoutLine: {'line': b'-- Up-to-date: /home/malik/controller-benchmarks/ros2/install/slam_toolbox/lib/libslam_toolbox__rosidl_generator_py.so\n'}
[0.504909] (slam_toolbox) StdoutLine: {'line': b'-- Up-to-date: /home/malik/controller-benchmarks/ros2/install/slam_toolbox/share/slam_toolbox/cmake/export_slam_toolbox__rosidl_generator_cExport.cmake\n'}
[0.505015] (slam_toolbox) StdoutLine: {'line': b'-- Up-to-date: /home/malik/controller-benchmarks/ros2/install/slam_toolbox/share/slam_toolbox/cmake/export_slam_toolbox__rosidl_generator_cExport-release.cmake\n'}
[0.505126] (slam_toolbox) StdoutLine: {'line': b'-- Up-to-date: /home/malik/controller-benchmarks/ros2/install/slam_toolbox/share/slam_toolbox/cmake/export_slam_toolbox__rosidl_typesupport_fastrtps_cExport.cmake\n'}
[0.505191] (slam_toolbox) StdoutLine: {'line': b'-- Up-to-date: /home/malik/controller-benchmarks/ros2/install/slam_toolbox/share/slam_toolbox/cmake/export_slam_toolbox__rosidl_typesupport_fastrtps_cExport-release.cmake\n'}
[0.505257] (slam_toolbox) StdoutLine: {'line': b'-- Up-to-date: /home/malik/controller-benchmarks/ros2/install/slam_toolbox/share/slam_toolbox/cmake/export_slam_toolbox__rosidl_generator_cppExport.cmake\n'}
[0.505345] (slam_toolbox) StdoutLine: {'line': b'-- Up-to-date: /home/malik/controller-benchmarks/ros2/install/slam_toolbox/share/slam_toolbox/cmake/export_slam_toolbox__rosidl_typesupport_fastrtps_cppExport.cmake\n'}
[0.505396] (slam_toolbox) StdoutLine: {'line': b'-- Up-to-date: /home/malik/controller-benchmarks/ros2/install/slam_toolbox/share/slam_toolbox/cmake/export_slam_toolbox__rosidl_typesupport_fastrtps_cppExport-release.cmake\n'}
[0.505469] (slam_toolbox) StdoutLine: {'line': b'-- Up-to-date: /home/malik/controller-benchmarks/ros2/install/slam_toolbox/share/slam_toolbox/cmake/slam_toolbox__rosidl_typesupport_introspection_cExport.cmake\n'}
[0.505530] (slam_toolbox) StdoutLine: {'line': b'-- Up-to-date: /home/malik/controller-benchmarks/ros2/install/slam_toolbox/share/slam_toolbox/cmake/slam_toolbox__rosidl_typesupport_introspection_cExport-release.cmake\n'}
[0.505591] (slam_toolbox) StdoutLine: {'line': b'-- Up-to-date: /home/malik/controller-benchmarks/ros2/install/slam_toolbox/share/slam_toolbox/cmake/slam_toolbox__rosidl_typesupport_cExport.cmake\n'}
[0.505672] (slam_toolbox) StdoutLine: {'line': b'-- Up-to-date: /home/malik/controller-benchmarks/ros2/install/slam_toolbox/share/slam_toolbox/cmake/slam_toolbox__rosidl_typesupport_cExport-release.cmake\n'}
[0.505742] (slam_toolbox) StdoutLine: {'line': b'-- Up-to-date: /home/malik/controller-benchmarks/ros2/install/slam_toolbox/share/slam_toolbox/cmake/slam_toolbox__rosidl_typesupport_introspection_cppExport.cmake\n'}
[0.505803] (slam_toolbox) StdoutLine: {'line': b'-- Up-to-date: /home/malik/controller-benchmarks/ros2/install/slam_toolbox/share/slam_toolbox/cmake/slam_toolbox__rosidl_typesupport_introspection_cppExport-release.cmake\n'}
[0.505882] (slam_toolbox) StdoutLine: {'line': b'-- Up-to-date: /home/malik/controller-benchmarks/ros2/install/slam_toolbox/share/slam_toolbox/cmake/slam_toolbox__rosidl_typesupport_cppExport.cmake\n'}
[0.505981] (slam_toolbox) StdoutLine: {'line': b'-- Up-to-date: /home/malik/controller-benchmarks/ros2/install/slam_toolbox/share/slam_toolbox/cmake/slam_toolbox__rosidl_typesupport_cppExport-release.cmake\n'}
[0.506061] (slam_toolbox) StdoutLine: {'line': b'-- Up-to-date: /home/malik/controller-benchmarks/ros2/install/slam_toolbox/share/slam_toolbox/cmake/export_slam_toolbox__rosidl_generator_pyExport.cmake\n'}
[0.506147] (slam_toolbox) StdoutLine: {'line': b'-- Up-to-date: /home/malik/controller-benchmarks/ros2/install/slam_toolbox/share/slam_toolbox/cmake/export_slam_toolbox__rosidl_generator_pyExport-release.cmake\n'}
[0.506195] (slam_toolbox) StdoutLine: {'line': b'-- Up-to-date: /home/malik/controller-benchmarks/ros2/install/slam_toolbox/share/slam_toolbox/cmake/SlamToolboxPluginExport.cmake\n'}
[0.506243] (slam_toolbox) StdoutLine: {'line': b'-- Up-to-date: /home/malik/controller-benchmarks/ros2/install/slam_toolbox/share/slam_toolbox/cmake/SlamToolboxPluginExport-release.cmake\n'}
[0.508467] (slam_toolbox) CommandEnded: {'returncode': 0}
[0.533148] (slam_toolbox) JobEnded: {'identifier': 'slam_toolbox', 'rc': 0}
[0.534647] (autodrive_f1tenth) JobStarted: {'identifier': 'autodrive_f1tenth'}
[0.600532] (-) TimerEvent: {}
[0.703101] (-) TimerEvent: {}
[0.803383] (-) TimerEvent: {}
[0.903787] (-) TimerEvent: {}
[1.004110] (-) TimerEvent: {}
[1.104507] (-) TimerEvent: {}
[1.204814] (-) TimerEvent: {}
[1.205608] (autodrive_f1tenth) Command: {'cmd': ['/usr/bin/python3', '-W', 'ignore:setup.py install is deprecated', '-W', 'ignore:easy_install command is deprecated', 'setup.py', 'develop', '--editable', '--build-directory', '/home/malik/controller-benchmarks/ros2/build/autodrive_f1tenth/build', '--no-deps', 'symlink_data'], 'cwd': '/home/malik/controller-benchmarks/ros2/build/autodrive_f1tenth', 'env': {'GJS_DEBUG_TOPICS': 'JS ERROR;JS LOG', 'LESSOPEN': '| /usr/bin/lesspipe %s', 'USER': 'malik', 'XDG_SESSION_TYPE': 'wayland', 'SHLVL': '1', 'LD_LIBRARY_PATH': '/home/malik/controller-benchmarks/ros2/install/slam_toolbox/lib:/opt/ros/humble/opt/rviz_ogre_vendor/lib:/opt/ros/humble/lib/x86_64-linux-gnu:/opt/ros/humble/lib', 'HOME': '/home/malik', 'CONDA_SHLVL': '0', 'OLDPWD': '/home/malik/controller-benchmarks/ros2/autodrive_f1tenth/autodrive_f1tenth', 'DESKTOP_SESSION': 'ubuntu', 'GIO_LAUNCHED_DESKTOP_FILE': '/usr/share/applications/terminator.desktop', 'ROS_PYTHON_VERSION': '3', 'GNOME_SHELL_SESSION_MODE': 'ubuntu', 'GTK_MODULES': 'gail:atk-bridge', 'PS1': '\\[\\e[38;5;81m\\]\\u@\\h \\[\\e[38;5;226m\\]\\w \\[\\e[0m\\]$', 'MANAGERPID': '6250', 'SYSTEMD_EXEC_PID': '6448', 'DBUS_SESSION_BUS_ADDRESS': 'unix:path=/run/user/1000/bus', 'COLORTERM': 'truecolor', '_CE_M': '', 'TERMINATOR_DBUS_NAME': 'net.tenshu.Terminator25ef4b219e3b005583550f2b0f9f990c3', '_CONDA_ROOT': '/home/malik/miniconda3', 'GIO_LAUNCHED_DESKTOP_FILE_PID': '7712', 'IM_CONFIG_PHASE': '1', 'WAYLAND_DISPLAY': 'wayland-0', 'COLCON_PREFIX_PATH': '/home/malik/controller-benchmarks/ros2/install:/home/malik/ros2_ws/install', 'ROS_DISTRO': 'humble', 'LOGNAME': 'malik', 'JOURNAL_STREAM': '8:110241', '_': '/usr/bin/colcon', 'ROS_VERSION': '2', 'XDG_SESSION_CLASS': 'user', 'USERNAME': 'malik', 'TERM': 'xterm-256color', 'GNOME_DESKTOP_SESSION_ID': 'this-is-deprecated', '_CE_CONDA': '', 'ROS_LOCALHOST_ONLY': '0', 'PATH': '/home/malik/miniconda3/condabin:/opt/ros/humble/bin:/home/malik/.local/bin:/usr/local/sbin:/usr/local/bin:/usr/sbin:/usr/bin:/sbin:/bin:/usr/games:/usr/local/games:/snap/bin:/snap/bin', 'SESSION_MANAGER': 'local/malik-System-Product-Name:@/tmp/.ICE-unix/6423,unix/malik-System-Product-Name:/tmp/.ICE-unix/6423', 'INVOCATION_ID': 'fbca02157e4a477ba8c96793306f899c', 'XDG_MENU_PREFIX': 'gnome-', 'GNOME_SETUP_DISPLAY': ':1', 'XDG_RUNTIME_DIR': '/run/user/1000', 'DISPLAY': ':0', 'TERMINATOR_DBUS_PATH': '/net/tenshu/Terminator2', 'LANG': 'en_US.UTF-8', 'XDG_CURRENT_DESKTOP': 'ubuntu:GNOME', 'IBUS_DISABLE_SNOOPER': '1', 'XMODIFIERS': '@im=ibus', 'XDG_SESSION_DESKTOP': 'ubuntu', 'XAUTHORITY': '/run/user/1000/.mutter-Xwaylandauth.0NUUR3', 'LS_COLORS': 'rs=0:di=01;34:ln=01;36:mh=00:pi=40;33:so=01;35:do=01;35:bd=40;33;01:cd=40;33;01:or=40;31;01:mi=00:su=37;41:sg=30;43:ca=30;41:tw=30;42:ow=34;42:st=37;44:ex=01;32:*.tar=01;31:*.tgz=01;31:*.arc=01;31:*.arj=01;31:*.taz=01;31:*.lha=01;31:*.lz4=01;31:*.lzh=01;31:*.lzma=01;31:*.tlz=01;31:*.txz=01;31:*.tzo=01;31:*.t7z=01;31:*.zip=01;31:*.z=01;31:*.dz=01;31:*.gz=01;31:*.lrz=01;31:*.lz=01;31:*.lzo=01;31:*.xz=01;31:*.zst=01;31:*.tzst=01;31:*.bz2=01;31:*.bz=01;31:*.tbz=01;31:*.tbz2=01;31:*.tz=01;31:*.deb=01;31:*.rpm=01;31:*.jar=01;31:*.war=01;31:*.ear=01;31:*.sar=01;31:*.rar=01;31:*.alz=01;31:*.ace=01;31:*.zoo=01;31:*.cpio=01;31:*.7z=01;31:*.rz=01;31:*.cab=01;31:*.wim=01;31:*.swm=01;31:*.dwm=01;31:*.esd=01;31:*.jpg=01;35:*.jpeg=01;35:*.mjpg=01;35:*.mjpeg=01;35:*.gif=01;35:*.bmp=01;35:*.pbm=01;35:*.pgm=01;35:*.ppm=01;35:*.tga=01;35:*.xbm=01;35:*.xpm=01;35:*.tif=01;35:*.tiff=01;35:*.png=01;35:*.svg=01;35:*.svgz=01;35:*.mng=01;35:*.pcx=01;35:*.mov=01;35:*.mpg=01;35:*.mpeg=01;35:*.m2v=01;35:*.mkv=01;35:*.webm=01;35:*.webp=01;35:*.ogm=01;35:*.mp4=01;35:*.m4v=01;35:*.mp4v=01;35:*.vob=01;35:*.qt=01;35:*.nuv=01;35:*.wmv=01;35:*.asf=01;35:*.rm=01;35:*.rmvb=01;35:*.flc=01;35:*.avi=01;35:*.fli=01;35:*.flv=01;35:*.gl=01;35:*.dl=01;35:*.xcf=01;35:*.xwd=01;35:*.yuv=01;35:*.cgm=01;35:*.emf=01;35:*.ogv=01;35:*.ogx=01;35:*.aac=00;36:*.au=00;36:*.flac=00;36:*.m4a=00;36:*.mid=00;36:*.midi=00;36:*.mka=00;36:*.mp3=00;36:*.mpc=00;36:*.ogg=00;36:*.ra=00;36:*.wav=00;36:*.oga=00;36:*.opus=00;36:*.spx=00;36:*.xspf=00;36:', 'SSH_AGENT_LAUNCHER': 'gnome-keyring', 'SSH_AUTH_SOCK': '/run/user/1000/keyring/ssh', 'AMENT_PREFIX_PATH': '/home/malik/controller-benchmarks/ros2/install/autodrive_f1tenth:/home/malik/controller-benchmarks/ros2/install/slam_toolbox:/home/malik/ros2_ws/install/autodrive_nigel:/home/malik/ros2_ws/install/autodrive_f1tenth:/opt/ros/humble', 'CONDA_PYTHON_EXE': '/home/malik/miniconda3/bin/python', 'SHELL': '/bin/bash', 'TERMINATOR_UUID': 'urn:uuid:2c2a9a9c-d34b-49d8-95d1-f19f848e78ff', 'QT_ACCESSIBILITY': '1', 'GDMSESSION': 'ubuntu', 'LESSCLOSE': '/usr/bin/lesspipe %s %s', 'GJS_DEBUG_OUTPUT': 'stderr', '_CONDA_EXE': '/home/malik/miniconda3/bin/conda', 'QT_IM_MODULE': 'ibus', 'PWD': '/home/malik/controller-benchmarks/ros2/build/autodrive_f1tenth', 'LC_ALL': 'en_US.UTF-8', 'XDG_CONFIG_DIRS': '/etc/xdg/xdg-ubuntu:/etc/xdg', 'CONDA_EXE': '/home/malik/miniconda3/bin/conda', 'XDG_DATA_DIRS': '/usr/share/ubuntu:/home/malik/.local/share/flatpak/exports/share:/var/lib/flatpak/exports/share:/usr/local/share/:/usr/share/:/var/lib/snapd/desktop', 'PYTHONPATH': '/home/malik/controller-benchmarks/ros2/build/autodrive_f1tenth/prefix_override:/usr/lib/python3/dist-packages/colcon_core/task/python/colcon_distutils_commands:/home/malik/controller-benchmarks/ros2/install/autodrive_f1tenth/lib/python3.10/site-packages:/home/malik/controller-benchmarks/ros2/build/autodrive_f1tenth:/home/malik/controller-benchmarks/ros2/install/autodrive_f1tenth/lib/python3.10/site-packages:/home/malik/controller-benchmarks/ros2/install/slam_toolbox/local/lib/python3.10/dist-packages:/home/malik/ros2_ws/install/autodrive_nigel/lib/python3.10/site-packages:/home/malik/ros2_ws/build/autodrive_f1tenth:/home/malik/ros2_ws/install/autodrive_f1tenth/lib/python3.10/site-packages:/opt/ros/humble/lib/python3.10/site-packages:/opt/ros/humble/local/lib/python3.10/dist-packages', 'COLCON': '1', 'VTE_VERSION': '6800', 'CMAKE_PREFIX_PATH': '/home/malik/controller-benchmarks/ros2/install/slam_toolbox'}, 'shell': False}
[1.304898] (-) TimerEvent: {}
[1.406162] (-) TimerEvent: {}
[1.480621] (autodrive_f1tenth) StdoutLine: {'line': b'running develop\n'}
[1.506222] (-) TimerEvent: {}
[1.606451] (-) TimerEvent: {}
[1.652513] (autodrive_f1tenth) StdoutLine: {'line': b'running egg_info\n'}
[1.653636] (autodrive_f1tenth) StdoutLine: {'line': b'writing autodrive_f1tenth_bench.egg-info/PKG-INFO\n'}
[1.653820] (autodrive_f1tenth) StdoutLine: {'line': b'writing dependency_links to autodrive_f1tenth_bench.egg-info/dependency_links.txt\n'}
[1.653881] (autodrive_f1tenth) StdoutLine: {'line': b'writing entry points to autodrive_f1tenth_bench.egg-info/entry_points.txt\n'}
[1.653933] (autodrive_f1tenth) StdoutLine: {'line': b'writing requirements to autodrive_f1tenth_bench.egg-info/requires.txt\n'}
[1.653984] (autodrive_f1tenth) StdoutLine: {'line': b'writing top-level names to autodrive_f1tenth_bench.egg-info/top_level.txt\n'}
[1.655295] (autodrive_f1tenth) StdoutLine: {'line': b"reading manifest file 'autodrive_f1tenth_bench.egg-info/SOURCES.txt'\n"}
[1.656139] (autodrive_f1tenth) StdoutLine: {'line': b"writing manifest file 'autodrive_f1tenth_bench.egg-info/SOURCES.txt'\n"}
[1.657696] (autodrive_f1tenth) StdoutLine: {'line': b'running build_ext\n'}
[1.657843] (autodrive_f1tenth) StdoutLine: {'line': b'Creating /home/malik/controller-benchmarks/ros2/install/autodrive_f1tenth/lib/python3.10/site-packages/autodrive-f1tenth-bench.egg-link (link to .)\n'}
[1.658501] (autodrive_f1tenth) StdoutLine: {'line': b'Installing confidence_log script to /home/malik/controller-benchmarks/ros2/install/autodrive_f1tenth/lib/autodrive_f1tenth\n'}
[1.658675] (autodrive_f1tenth) StdoutLine: {'line': b'Installing dl_slot script to /home/malik/controller-benchmarks/ros2/install/autodrive_f1tenth/lib/autodrive_f1tenth\n'}
[1.658777] (autodrive_f1tenth) StdoutLine: {'line': b'Installing dl_slot_scan script to /home/malik/controller-benchmarks/ros2/install/autodrive_f1tenth/lib/autodrive_f1tenth\n'}
[1.658845] (autodrive_f1tenth) StdoutLine: {'line': b'Installing follow_stack script to /home/malik/controller-benchmarks/ros2/install/autodrive_f1tenth/lib/autodrive_f1tenth\n'}
[1.658922] (autodrive_f1tenth) StdoutLine: {'line': b'Installing plot_pure_pursuit_runs script to /home/malik/controller-benchmarks/ros2/install/autodrive_f1tenth/lib/autodrive_f1tenth\n'}
[1.658993] (autodrive_f1tenth) StdoutLine: {'line': b'Installing pure_pursuit script to /home/malik/controller-benchmarks/ros2/install/autodrive_f1tenth/lib/autodrive_f1tenth\n'}
[1.659160] (autodrive_f1tenth) StdoutLine: {'line': b'Installing pure_pursuit_target script to /home/malik/controller-benchmarks/ros2/install/autodrive_f1tenth/lib/autodrive_f1tenth\n'}
[1.659242] (autodrive_f1tenth) StdoutLine: {'line': b'Installing safety script to /home/malik/controller-benchmarks/ros2/install/autodrive_f1tenth/lib/autodrive_f1tenth\n'}
[1.659798] (autodrive_f1tenth) StdoutLine: {'line': b'Installing slam script to /home/malik/controller-benchmarks/ros2/install/autodrive_f1tenth/lib/autodrive_f1tenth\n'}
[1.659910] (autodrive_f1tenth) StdoutLine: {'line': b'Installing slam_tf_logger script to /home/malik/controller-benchmarks/ros2/install/autodrive_f1tenth/lib/autodrive_f1tenth\n'}
[1.659974] (autodrive_f1tenth) StdoutLine: {'line': b'Installing slam_toolbox_bridge script to /home/malik/controller-benchmarks/ros2/install/autodrive_f1tenth/lib/autodrive_f1tenth\n'}
[1.660108] (autodrive_f1tenth) StdoutLine: {'line': b'Installing slam_toolbox_map_logger script to /home/malik/controller-benchmarks/ros2/install/autodrive_f1tenth/lib/autodrive_f1tenth\n'}
[1.660169] (autodrive_f1tenth) StdoutLine: {'line': b'Installing target_vehicle_tracker script to /home/malik/controller-benchmarks/ros2/install/autodrive_f1tenth/lib/autodrive_f1tenth\n'}
[1.660220] (autodrive_f1tenth) StdoutLine: {'line': b'Installing target_vehicle_tracker_foreground script to /home/malik/controller-benchmarks/ros2/install/autodrive_f1tenth/lib/autodrive_f1tenth\n'}
[1.660276] (autodrive_f1tenth) StdoutLine: {'line': b'\n'}
[1.660324] (autodrive_f1tenth) StdoutLine: {'line': b'Installed /home/malik/controller-benchmarks/ros2/build/autodrive_f1tenth\n'}
[1.660376] (autodrive_f1tenth) StdoutLine: {'line': b'running symlink_data\n'}
[1.706701] (-) TimerEvent: {}
[1.711173] (autodrive_f1tenth) CommandEnded: {'returncode': 0}
[1.717540] (autodrive_f1tenth) JobEnded: {'identifier': 'autodrive_f1tenth', 'rc': 0}
[1.718013] (-) EventReactorShutdown: {}
